it,alpha,cz_lp,cz_round,d_lp,d_round,d_lp_n,d_round_n,delta,delta_n,frac,dist,viol_max,viol_sum,feas,improving,ub,ub_eff,ub_free,z_best,stall,t
0,0,25877.60927,13098,-6166.597683,-18946.20695,-0.25,-0.7680980633,-12779.60927,-0.5180980633,45.88049695,45.88049695,1,201,0,0,32044.20695,0,1,0,0,0.0004551410675
1,0,30433.81184,25198,-1610.395112,-6846.206951,-0.06528701864,-0.2775520353,-5235.811839,-0.2122650166,19.30162086,19.30162086,1,58,0,0,32044.20695,32044.20695,0,0,1,0.3176002502
2,0,31940,30370,-104.2069509,-1674.206951,-0.004224653376,-0.06787401404,-1570,-0.06364936066,7.333333333,7.333333333,1,18,0,0,32044.20695,32044.20695,0,0,2,0.5418736935
3,0,32044.20695,30739,1.455191523e-11,-1305.206951,5.899491087e-16,-0.05291438723,-1305.206951,-0.05291438723,6.606062402,6.606062402,1,14,0,0,32044.20695,32044.20695,0,0,3,0.686068058
4,0,32044.20695,35725,0,3680.793049,0,0.1492230091,3680.793049,0.1492230091,6.478383042,19.28289376,3,44,0,0,32044.20695,32044.20695,0,0,4,0.7718398571
5,0,31723.5,28475,-320.7069509,-3569.206951,-0.01300177859,-0.1446991978,-3248.5,-0.1316974192,8,8,1,40,0,0,32044.20695,32044.20695,0,0,5,0.9562575817
6,0,31687,31687,-357.2069509,-357.2069509,-0.01448152487,-0.01448152487,0,0,-1.554312234e-15,2.886579864e-15,0,0,1,1,32044.20695,32044.20695,0,31687,0,1.054666996
7,0,31687,41931,-357.2069509,9886.793049,-0.01448152487,0.4008204182,10244,0.4153019431,0,23,8,142,0,0,32044.20695,32044.20695,0,31687,1,1.117576838
8,0,31687,31687,-357.2069509,-357.2069509,-0.01448152487,-0.01448152487,-3.637978807e-12,-1.474872772e-16,6.814558107e-14,3.856413741e-12,0,0,1,0,32044.20695,32044.20695,0,31687,2,1.181858778
9,0,31687,41562,-357.2069509,9517.793049,-0.01448152487,0.3858607914,9875,0.4003423163,0,22,7,138,0,0,32044.20695,32044.20695,0,31687,3,1.237497091
10,0,31687,31687,-357.2069509,-357.2069509,-0.01448152487,-0.01448152487,7.275957614e-12,2.949745544e-16,1.533405811e-13,3.991006719e-12,0,0,1,0,32044.20695,32044.20695,0,31687,4,1.280314922
11,0,31687,42325,-357.2069509,10280.79305,-0.01448152487,0.4167935699,10638,0.4312750947,0,24,9,148,0,0,32044.20695,32044.20695,0,31687,5,1.352209806
12,0,31687,803928,-357.2069509,771883.793,-0.01448152487,31.29293626,772241,31.30741779,0,1441,82,10330,0,0,32044.20695,32044.20695,0,31687,6,1.394315243
13,0,32044.20695,22408,2.182787284e-11,-9636.206951,8.849236631e-16,-0.3906614087,-9636.206951,-0.3906614087,33.7496408,33.7496408,1,113,0,0,32044.20695,32044.20695,0,31687,7,1.705134153
14,0,31815.03333,30497,-229.1736176,-1547.206951,-0.009290926267,-0.0627253078,-1318.033333,-0.05343438153,9,9,1,12,0,0,32044.20695,32044.20695,0,31687,8,2.02049613
15,0,32044.20695,32156,0,111.7930491,0,0.004532201339,111.7930491,0.004532201339,2.306840696,2.306840696,0,0,1,0,32044.20695,32044.20695,0,31687,9,2.163234711
16,0,32044.20695,29980,0,-2064.206951,0,-0.08368500172,-2064.206951,-0.08368500172,0.905730722,16.67652474,1,17,0,0,32044.20695,32044.20695,0,31687,10,2.29706955
17,0,30505.73077,29375,-1538.476182,-2669.206951,-0.06237135373,-0.1082123031,-1130.730769,-0.04584094939,3.576923077,3.576923077,1,12,0,0,32044.20695,32044.20695,0,31687,11,2.499578953
18,0,30572,30572,-1472.206951,-1472.206951,-0.05968473324,-0.05968473324,0,0,0,0,0,0,1,1,32044.20695,32044.20695,0,30572,0,2.534221172
19,0,30572,39681,-1472.206951,7636.793049,-0.05968473324,0.3096031816,9109,0.3692879148,-4.440892099e-16,27,11,150,0,0,32044.20695,32044.20695,0,30572,1,2.569489002
20,0,30572,790113,-1472.206951,758068.793,-0.05968473324,30.73286243,759541,30.79254716,1.33226763e-15,1426,103,10085,0,0,32044.20695,32044.20695,0,30572,2,2.662789345
21,0,32044.20695,25551,0,-6493.206951,0,-0.2632410644,-6493.206951,-0.2632410644,35.99735145,35.99735145,1,87,0,0,32044.20695,32044.20695,0,30572,3,2.98621726
22,0,32044.20695,31714,0,-330.2069509,0,-0.01338691803,-330.2069509,-0.01338691803,7.129071,7.129071,1,3,0,0,32044.20695,32044.20695,0,30572,4,3.347128153
23,0,32044.20695,33958,0,1913.793049,0,0.07758707262,1913.793049,0.07758707262,4.621671081,22.74334216,4,24,0,0,32044.20695,32044.20695,0,30572,5,3.545838594
24,0,31925,32127,-119.2069509,82.79304911,-0.004832768287,0.003356512512,202,0.008189280799,7,7,1,4,0,0,32044.20695,32044.20695,0,30572,6,3.794068813
25,0,32044.20695,32165,0,120.7930491,0,0.004897070286,120.7930491,0.004897070286,1.008710222,1.008710222,0,0,1,0,32044.20695,32044.20695,0,30572,7,3.971188545
26,0,32044.20695,37832,0,5787.793049,0,0.2346428836,5787.793049,0.2346428836,0.6753604982,25.3246395,5,120,0,0,32044.20695,32044.20695,0,30572,8,4.009107351
27,0,31539,31163,-505.2069509,-881.2069509,-0.02048159199,-0.03572500576,-376,-0.01524341376,2.5,2.5,1,2,0,0,32044.20695,32044.20695,0,30572,9,4.161530495
28,0,31078,31078,-966.2069509,-966.2069509,-0.03917099025,-0.03917099025,0,0,0,0,0,0,1,0,32044.20695,32044.20695,0,30572,10,4.243075848
29,0,31078,34835,-966.2069509,2790.793049,-0.03917099025,0.1131415244,3757,0.1523125147,0,14,6,81,0,0,32044.20695,32044.20695,0,30572,11,4.270802975
30,0,31078,811198,-966.2069509,779153.793,-0.03917099025,31.58766929,780120,31.62684028,0,1447,83,10286,0,0,32044.20695,32044.20695,0,30572,12,4.320554972
31,0,32044.20695,27033,-7.275957614e-12,-5011.206951,-2.949745544e-16,-0.2031593112,-5011.206951,-0.2031593112,30.08358637,30.08358637,1,84,0,0,32044.20695,32044.20695,0,30572,13,4.619551182
32,0,32044.20695,29432,0,-2612.206951,0,-0.1059014665,-2612.206951,-0.1059014665,11.92052687,11.92052687,1,41,0,0,32044.20695,32044.20695,0,30572,14,4.913205862
33,0,32044.20695,29746,0,-2298.206951,0,-0.09317159433,-2298.206951,-0.09317159433,9.727257835,9.727257835,1,38,0,0,32044.20695,32044.20695,0,30572,15,5.0504632
34,0,32044.20695,29506,0,-2538.206951,0,-0.1029014329,-2538.206951,-0.1029014329,8.581963285,8.581963285,1,37,0,0,32044.20695,32044.20695,0,30572,16,5.113927364
35,0,32044.20695,31243,0,-801.2069509,0,-0.03248172623,-801.2069509,-0.03248172623,5.301651047,5.301651047,1,13,0,0,32044.20695,32044.20695,0,30572,17,5.149782896
36,0,32044.20695,31207,-3.637978807e-12,-837.2069509,-1.474872772e-16,-0.03394120202,-837.2069509,-0.03394120202,4.243860407,4.243860407,1,11,0,0,32044.20695,32044.20695,0,30572,18,5.209358692
37,0,32044.20695,40599,0,8554.793049,0,0.3468198141,8554.793049,0.3468198141,3.262773518,23.73722648,10,129,0,0,32044.20695,32044.20695,0,30572,19,5.27676487
38,0,31959,31959,-85.20695089,-85.20695089,-0.003454374489,-0.003454374489,0,0,0,0,0,0,1,0,32044.20695,32044.20695,0,30572,20,5.428687811
39,0,31959,37014,-85.20695089,4969.793049,-0.003454374489,0.2014803505,5055,0.2049347249,0,17,6,104,0,0,32044.20695,32044.20695,0,30572,21,5.491764307
40,0,31959,774620,-85.20695089,742575.793,-0.003454374489,30.10476081,742661,30.10821518,0,1394,81,10008,0,0,32044.20695,32044.20695,0,30572,22,5.554006338
41,0,32044.20695,28916,-3.637978807e-12,-3128.206951,-1.474872772e-16,-0.1268206194,-3128.206951,-0.1268206194,26.39516767,26.39516767,1,39,0,0,32044.20695,32044.20695,0,30572,23,5.841736555
42,0,31857.5,29641,-186.7069509,-2403.206951,-0.007569285386,-0.09742839871,-2216.5,-0.08985911332,4.5,4.5,1,25,0,0,32044.20695,32044.20695,0,30572,24,6.071149349
43,0,31857.5,31850,-186.7069509,-194.2069509,-0.007569285386,-0.007873342841,-7.5,-0.0003040574554,4.5,4.5,1,10,0,0,32044.20695,32044.20695,0,30572,25,6.176802158
44,0,31911.5,29698,-132.7069509,-2346.206951,-0.005380071707,-0.09511756204,-2213.5,-0.08973749034,4.5,4.5,1,25,0,0,32044.20695,32044.20695,0,30572,26,6.268267155
45,0,31911.5,38940,-132.7069509,6895.793049,-0.005380071707,0.279562305,7028.5,0.2849423767,4.5,21.5,5,121,0,0,32044.20695,32044.20695,0,30572,27,6.355708361
46,0,31911.5,812621,-132.7069509,780576.793,-0.005380071707,31.64535913,780709.5,31.6507392,4.5,1475.5,83,10387,0,0,32044.20695,32044.20695,0,30572,28,6.471300125
47,0,32044.20695,26719,-3.637978807e-12,-5325.206951,-1.474872772e-16,-0.2158891833,-5325.206951,-0.2158891833,31.71016341,31.71016341,1,88,0,0,32044.20695,32044.20695,0,30572,29,6.770526409
48,0,32044.20695,32395,0,350.7930491,0,0.01422149892,350.7930491,0.01422149892,3.332950585,3.332950585,0,0,1,0,32044.20695,32044.20695,0,30572,30,7.091357231
49,0,32044.20695,34466,0,2421.793049,0,0.0981818976,2421.793049,0.0981818976,2.397219014,19.60278099,5,75,0,0,32044.20695,32044.20695,0,30572,31,7.260804176
50,0,31078,31078,-966.2069509,-966.2069509,-0.03917099025,-0.03917099025,0,0,0,0,0,0,1,0,32044.20695,32044.20695,0,30572,32,7.379039049
51,0,31078,40889,-966.2069509,8844.793049,-0.03917099025,0.3585767024,9811,0.3977476927,0,26,10,158,0,0,32044.20695,32044.20695,0,30572,33,7.433153152
52,0,31078,763487,-966.2069509,731442.793,-0.03917099025,29.65341792,732409,29.69258891,0,1413,86,9924,0,0,32044.20695,32044.20695,0,30572,34,7.484498262
53,0,32044.20695,24015,-3.637978807e-12,-8029.206951,-1.474872772e-16,-0.3255120313,-8029.206951,-0.3255120313,36.38122567,36.38122567,1,122,0,0,32044.20695,32044.20695,0,30572,35,7.819129467
54,0,31986.77841,27571,-57.4285418,-4473.206951,-0.002328210172,-0.1813482564,-4415.778409,-0.1790200462,14.44886364,14.44886364,1,64,0,0,32044.20695,32044.20695,0,30572,36,8.097186327
55,0,31762.5,32232,-281.7069509,187.7930491,-0.01142067982,0.007613316887,469.5,0.01903399671,3.5,3.5,1,14,0,0,32044.20695,32044.20695,0,30572,37,8.261787176
56,0,31762.5,29550,-281.7069509,-2494.206951,-0.01142067982,-0.1011176292,-2212.5,-0.08969694934,3.5,3.5,1,30,0,0,32044.20695,32044.20695,0,30572,38,8.356799126
57,0,31762.5,38554,-281.7069509,6509.793049,-0.01142067982,0.2639134813,6791.5,0.2753341611,3.5,15.5,5,105,0,0,32044.20695,32044.20695,0,30572,39,8.43150878
58,0,31762.5,31701,-281.7069509,-343.2069509,-0.01142067982,-0.01391395096,-61.5,-0.002493271134,3.5,3.5,1,14,0,0,32044.20695,32044.20695,0,30572,40,8.535644293
59,0,32044.20695,30855,0,-1189.206951,0,-0.04821163192,-1189.206951,-0.04821163192,3,3,1,14,0,0,32044.20695,32044.20695,0,30572,41,8.657075405
60,0,32035.4,31303,-8.806950889,-741.2069509,-0.0003570425436,-0.03004926659,-732.4,-0.02969222404,2.6,2.6,1,4,0,0,32044.20695,32044.20695,0,30572,42,8.712101936
61,0,32044.20695,35948,0,3903.793049,0,0.1582636508,3903.793049,0.1582636508,2.496288023,10.50371198,4,38,0,0,32044.20695,32044.20695,0,30572,43,8.825324774
62,0,32044.20695,32227,0,182.7930491,0,0.007410611917,182.7930491,0.007410611917,1.936367046,1.936367046,0,0,1,0,32044.20695,32044.20695,0,30572,44,8.998000622
63,0,32044.20695,27748,0,-4296.206951,0,-0.1741725004,-4296.206951,-0.1741725004,1.747851304,22.80681643,2,69,0,0,32044.20695,32044.20695,0,30572,45,9.137896061
64,0,31230,31230,-814.2069509,-814.2069509,-0.03300875915,-0.03300875915,0,0,0,0,0,0,1,0,32044.20695,32044.20695,0,30572,46,9.352877378
65,0,31230,31981,-814.2069509,-63.20695089,-0.03300875915,-0.00256247262,751,0.03044628653,-1.998401444e-15,10,3,64,0,0,32044.20695,32044.20695,0,30572,47,9.433441162
66,0,31230,837574,-814.2069509,805529.793,-0.03300875915,32.65697855,806344,32.68998731,0,1486,76,10615,0,0,32044.20695,32044.20695,0,30572,48,9.50894618
67,0,32044.20695,23071,-1.455191523e-11,-8973.206951,-5.899491087e-16,-0.3637827296,-8973.206951,-0.3637827296,43.05168523,43.05168523,1,108,0,0,32044.20695,32044.20695,0,30572,49,9.868010521
68,0,32000,32000,-44.20695089,-44.20695089,-0.001792193733,-0.001792193733,0,0,0,0,0,0,1,0,32044.20695,32044.20695,0,30572,50,10.20991182
69,0,32000,35361,-44.20695089,3316.793049,-0.001792193733,0.1344660873,3361,0.136258281,0,12,5,73,0,0,32044.20695,32044.20695,0,30572,51,10.30824375
70,0,32000,768124,-44.20695089,736079.793,-0.001792193733,29.84140651,736124,29.84319871,0,1393,78,9847,0,0,32044.20695,32044.20695,0,30572,52,10.34332609
71,0,32044.20695,24846,0,-7198.206951,0,-0.2918224652,-7198.206951,-0.2918224652,41.62629476,41.62629476,1,98,0,0,32044.20695,32044.20695,0,30572,53,10.64664555
72,0,32044.20695,30949,1.091393642e-11,-1095.206951,4.424618316e-16,-0.04440077848,-1095.206951,-0.04440077848,8.68269241,8.68269241,1,9,0,0,32044.20695,32044.20695,0,30572,54,10.95083237
73,0,32044.20695,32230,0,185.7930491,0,0.007532234899,185.7930491,0.007532234899,2.346697208,2.346697208,1,2,0,0,32044.20695,32044.20695,0,30572,55,11.0666306
74,0,32044.20695,33660,-7.275957614e-12,1615.793049,-2.949745544e-16,0.0655058564,1615.793049,0.0655058564,2.346697208,7.653302792,4,32,0,0,32044.20695,32044.20695,0,30572,56,11.09327769
75,0,31410,31410,-634.2069509,-634.2069509,-0.02571138022,-0.02571138022,0,0,0,0,0,0,1,0,32044.20695,32044.20695,0,30572,57,11.22679353
76,0,31410,45582,-634.2069509,13537.79305,-0.02571138022,0.5488355875,14172,0.5745469677,3.735328688e-14,19,3,134,0,0,32044.20695,32044.20695,0,30572,58,11.27034545
77,0,31410,806398,-634.2069509,774353.793,-0.02571138022,31.39307252,774988,31.4187839,0,1459,80,10390,0,0,32044.20695,32044.20695,0,30572,59,11.37440729
78,0,32044.20695,21779,1.091393642e-11,-10265.20695,4.424618316e-16,-0.416161694,-10265.20695,-0.416161694,41.42642299,41.42642299,1,140,0,0,32044.20695,32044.20695,0,30572,60,11.68997669
79,0,32044.20695,29669,3.637978807e-12,-2375.206951,1.474872772e-16,-0.09629325087,-2375.206951,-0.09629325087,12.77135414,12.77135414,1,34,0,0,32044.20695,32044.20695,0,30572,61,11.98172188
80,0,32044.20695,31476,0,-568.2069509,0,-0.02303567462,-568.2069509,-0.02303567462,5.669149179,5.669149179,1,10,0,0,32044.20695,32044.20695,0,30572,62,12.10177112
81,0,32044.20695,31823,0,-221.2069509,0,-0.008967949681,-221.2069509,-0.008967949681,1.905297492,1.905297492,1,4,0,0,32044.20695,32044.20695,0,30572,63,12.21761107
82,0,32044.20695,36083,0,4038.793049,0,0.163736685,4038.793049,0.163736685,1.905297492,13.09470251,4,60,0,0,32044.20695,32044.20695,0,30572,64,12.25147963
83,0,31950.5,31822,-93.70695089,-222.2069509,-0.003798972939,-0.009008490675,-128.5,-0.005209517736,1.5,1.5,1,2,0,0,32044.20695,32044.20695,0,30572,65,12.38568354
84,0,31950.5,31393,-93.70695089,-651.2069509,-0.003798972939,-0.02640057712,-557.5,-0.02260160418,1.5,1.5,1,10,0,0,32044.20695,32044.20695,0,30572,66,12.4963932
85,0,31845,31845,-199.2069509,-199.2069509,-0.008076047811,-0.008076047811,0,0,0,0,0,0,1,0,32044.20695,32044.20695,0,30572,67,12.53885603
86,0,31845,42483,-199.2069509,10438.79305,-0.008076047811,0.4231990469,10638,0.4312750947,0,24,9,148,0,0,32044.20695,32044.20695,0,30572,68,12.57723784
87,0,31845,791495,-199.2069509,759450.793,-0.008076047811,30.78889009,759650,30.79696613,0,1408,85,10092,0,0,32044.20695,32044.20695,0,30572,69,12.61825204
88,0,32044.20695,23824,0,-8220.206951,0,-0.3332553611,-8220.206951,-0.3332553611,42.30534294,42.30534294,1,107,0,0,32044.20695,32044.20695,0,30572,70,12.92054319
89,0,32044.20695,28436,0,-3608.206951,0,-0.1462802965,-3608.206951,-0.1462802965,16.29236856,16.29236856,1,52,0,0,32044.20695,32044.20695,0,30572,71,13.23728013
90,0,32044.20695,29818,7.275957614e-12,-2226.206951,2.949745544e-16,-0.09025264276,-2226.206951,-0.09025264276,9.211368076,9.211368076,1,30,0,0,32044.20695,32044.20695,0,30572,72,13.38123322
91,0,31708,31708,-336.2069509,-336.2069509,-0.013630164,-0.013630164,0,0,0,0,0,0,1,0,32044.20695,32044.20695,0,30572,73,13.4986105
92,0,31708,36826,-336.2069509,4781.793049,-0.013630164,0.1938586436,5118,0.2074888076,0,16,6,99,0,0,32044.20695,32044.20695,0,30572,74,13.5425396
93,0,31708,787666,-336.2069509,755621.793,-0.013630164,30.63365862,755958,30.64728878,0,1434,81,10116,0,0,32044.20695,32044.20695,0,30572,75,13.56631041
94,0,32044.20695,20615,-7.275957614e-12,-11429.20695,-2.949745544e-16,-0.463351411,-11429.20695,-0.463351411,41.03988464,41.03988464,1,166,0,0,32044.20695,32044.20695,0,30572,76,13.88517761
95,0,32044.20695,29361,0,-2683.206951,0,-0.108779877,-2683.206951,-0.108779877,15.96129048,15.96129048,1,35,0,0,32044.20695,32044.20695,0,30572,77,14.23817468
96,0,32044.20695,31792,1.091393642e-11,-252.2069509,4.424618316e-16,-0.0102247205,-252.2069509,-0.0102247205,5.545131867,5.545131867,1,2,0,0,32044.20695,32044.20695,0,30572,78,14.48664188
97,0,32044.20695,31724,0,-320.2069509,0,-0.01298150809,-320.2069509,-0.01298150809,2.385954141,2.385954141,1,4,0,0,32044.20695,32044.20695,0,30572,79,14.56157136
98,0,32044.20695,37257,0,5212.793049,0,0.211331812,5212.793049,0.211331812,2.127709107,17.87229089,4,74,0,0,32044.20695,32044.20695,0,30572,80,14.67448711
99,0,31977,31977,-67.20695089,-67.20695089,-0.002724636596,-0.002724636596,0,0,0,0,0,0,1,0,32044.20695,32044.20695,0,30572,81,14.84691024
100,0,31977,35121,-67.20695089,3076.793049,-0.002724636596,0.1247362487,3144,0.1274608853,0,11,4,67,0,0,32044.20695,32044.20695,0,30572,82,14.90574813
101,0,31977,31977,-67.20695089,-67.20695089,-0.002724636596,-0.002724636596,1.818989404e-11,7.374363859e-16,6.498573489e-14,5.786265375e-13,0,0,1,0,32044.20695,32044.20695,0,30572,83,14.9408021
102,0,31977,35338,-67.20695089,3293.793049,-0.002724636596,0.1335336444,3361,0.136258281,0,12,5,73,0,0,32044.20695,32044.20695,0,30572,84,14.99974132
103,0,31977,798760,-67.20695089,766715.793,-0.002724636596,31.08342041,766783,31.08614504,0,1445,87,10252,0,0,32044.20695,32044.20695,0,30572,85,15.03295541
104,0,32044.20695,22339,7.275957614e-12,-9705.206951,2.949745544e-16,-0.3934587373,-9705.206951,-0.3934587373,41.66098961,41.66098961,1,132,0,0,32044.20695,32044.20695,0,30572,86,15.33709431
105,0,32044.20695,26560,7.275957614e-12,-5484.206951,2.949745544e-16,-0.2223352014,-5484.206951,-0.2223352014,18.58716694,18.58716694,1,65,0,0,32044.20695,32044.20695,0,30572,87,15.62087703
106,0,31955,31955,-89.20695089,-89.20695089,-0.003616538466,-0.003616538466,0,0,0,0,0,0,1,0,32044.20695,32044.20695,0,30572,88,15.75237823
107,0,31955,41177,-89.20695089,9132.793049,-0.003616538466,0.3702525087,9222,0.3738690472,0,24,9,148,0,0,32044.20695,32044.20695,0,30572,89,15.80539608
108,0,31955,807430,-89.20695089,775385.793,-0.003616538466,31.43491083,775475,31.43852736,4.440892099e-16,1456,86,10303,0,0,32044.20695,32044.20695,0,30572,90,15.86405182
109,0,32044.20695,20818,0,-11226.20695,0,-0.4551215892,-11226.20695,-0.4551215892,42.13298867,42.13298867,1,155,0,0,32044.20695,32044.20695,0,30572,91,16.16342568
110,0,32044.20695,27961,3.637978807e-12,-4083.206951,1.474872772e-16,-0.1655372687,-4083.206951,-0.1655372687,14.67960813,14.67960813,1,50,0,0,32044.20695,32044.20695,0,30572,92,16.46968579
111,0,32044.20695,31419,0,-625.2069509,0,-0.02534651128,-625.2069509,-0.02534651128,4.968855155,4.968855155,1,4,0,0,32044.20695,32044.20695,0,30572,93,16.59211469
112,0,32044.20695,35079,0,3034.793049,0,0.123033527,3034.793049,0.123033527,4.737628195,14.42848861,4,35,0,0,32044.20695,32044.20695,0,30572,94,16.68637705
113,0,32044.20695,31481,0,-563.2069509,0,-0.02283296965,-563.2069509,-0.02283296965,2.216318448,2.216318448,1,2,0,0,32044.20695,32044.20695,0,30572,95,16.88246298
114,0,31505,31505,-539.2069509,-539.2069509,-0.02185998579,-0.02185998579,0,0,0,0,0,0,1,0,32044.20695,32044.20695,0,30572,96,16.90298986
115,0,31505,41749,-539.2069509,9704.793049,-0.02185998579,0.3934419573,10244,0.4153019431,0,23,8,142,0,0,32044.20695,32044.20695,0,30572,97,16.92354512
116,0,31505,31505,-539.2069509,-539.2069509,-0.02185998579,-0.02185998579,8.003553376e-11,3.244720098e-15,-1.474287732e-13,4.957131455e-12,0,0,1,0,32044.20695,32044.20695,0,30572,98,16.97809577
117,0,31505,37297,-539.2069509,5252.793049,-0.02185998579,0.2129534518,5792,0.2348134376,-1.443289932e-15,26,6,163,0,0,32044.20695,32044.20695,0,30572,99,17.01917148
118,0,31505,769026,-539.2069509,736981.793,-0.02185998579,29.87797449,737521,29.89983448,0,1398,82,9936,0,0,32044.20695,32044.20695,0,30572,100,17.13656688
119,0,32044.20695,23962,-3.637978807e-12,-8082.206951,-1.474872772e-16,-0.3276607039,-8082.206951,-0.3276607039,34.80293704,34.80293704,1,96,0,0,32044.20695,32044.20695,0,30572,101,17.41424775
120,0,32044.20695,29570,0,-2474.206951,0,-0.1003068093,-2474.206951,-0.1003068093,14.05329352,14.05329352,1,30,0,0,32044.20695,32044.20695,0,30572,102,17.75515699
121,0,32044.20695,32178,0,133.7930491,0,0.005424103208,133.7930491,0.005424103208,2.007081148,2.007081148,0,0,1,0,32044.20695,32044.20695,0,30572,103,17.94914842
122,0,32044.20695,36651,-3.637978807e-12,4606.793049,-1.474872772e-16,0.1867639696,4606.793049,0.1867639696,1.114942076,28.88505792,3,110,0,0,32044.20695,32044.20695,0,30572,104,18.045012
123,0,31098,31098,-946.2069509,-946.2069509,-0.03836017037,-0.03836017037,1.018634066e-10,4.129643761e-15,-8.511753762e-13,7.745725414e-12,0,0,1,0,32044.20695,32044.20695,0,30572,105,18.23068976
124,0,31098,36921,-946.2069509,4876.793049,-0.03836017037,0.197710038,5823,0.2360702084,1.110223025e-15,25,6,161,0,0,32044.20695,32044.20695,0,30572,106,18.30916286
125,0,31098,31098,-946.2069509,-946.2069509,-0.03836017037,-0.03836017037,0,0,0,0,0,0,1,0,32044.20695,32044.20695,0,30572,107,18.38662028
126,0,31098,42766,-946.2069509,10721.79305,-0.03836017037,0.4346721482,11668,0.4730323186,0,28,11,168,0,0,32044.20695,32044.20695,0,30572,108,18.45337701
127,0,31098,824691,-946.2069509,792646.793,-0.03836017037,32.13468892,793593,32.17304909,0,1458,82,10472,0,0,32044.20695,32044.20695,0,30572,109,18.51085854
128,0,32044.20695,21530,7.275957614e-12,-10514.20695,2.949745544e-16,-0.4262564015,-10514.20695,-0.4262564015,39.67754072,39.67754072,1,134,0,0,32044.20695,32044.20695,0,30572,110,18.79896379
129,0,32044.20695,29118,0,-2926.206951,0,-0.1186313386,-2926.206951,-0.1186313386,13.60798129,13.60798129,1,40,0,0,32044.20695,32044.20695,0,30572,111,19.1156466
130,0,31996.25926,29872,-47.94769163,-2172.206951,-0.001943847081,-0.08806342908,-2124.259259,-0.086119582,9.111111111,9.111111111,1,27,0,0,32044.20695,32044.20695,0,30572,112,19.31863761
131,0,32044.20695,30885,-3.637978807e-12,-1159.206951,-1.474872772e-16,-0.0469954021,-1159.206951,-0.0469954021,6.378731846,6.378731846,1,18,0,0,32044.20695,32044.20695,0,30572,113,19.41299582
132,0,32044.20695,36854,0,4809.793049,0,0.1949937914,4809.793049,0.1949937914,5.130215314,23.82806217,5,76,0,0,32044.20695,32044.20695,0,30572,114,19.56524181
133,0,32044.20695,29898,-3.637978807e-12,-2146.206951,-1.474872772e-16,-0.08700936323,-2146.206951,-0.08700936323,9.363633236,9.363633236,1,22,0,0,32044.20695,32044.20695,0,30572,115,19.81270814
134,0,31557,31557,-487.2069509,-487.2069509,-0.0197518541,-0.0197518541,0,0,0,0,0,0,1,0,32044.20695,32044.20695,0,30572,116,19.94508815
135,0,31557,42468,-487.2069509,10423.79305,-0.0197518541,0.422590932,10911,0.4423427861,-9.846479902e-15,25,5,141,0,0,32044.20695,32044.20695,0,30572,117,20.01555252
136,0,31557,817674,-487.2069509,785629.793,-0.0197518541,31.85021277,786117,31.86996462,3.330669074e-16,1467,83,10556,0,0,32044.20695,32044.20695,0,30572,118,20.13142204
137,0,32044.20695,24488,2.546585165e-11,-7556.206951,1.03241094e-15,-0.3063361411,-7556.206951,-0.3063361411,40.38885637,40.38885637,1,110,0,0,32044.20695,32044.20695,0,30572,119,20.43265462
138,0,32044.20695,32086,0,41.79304911,0,0.001694331756,41.79304911,0.001694331756,0.9610291719,0.9610291719,0,0,1,0,32044.20695,32044.20695,0,30572,120,20.79587984
139,0,32044.20695,26953,0,-5091.206951,0,-0.2064025907,-5091.206951,-0.2064025907,0.4059541222,23.91641514,1,68,0,0,32044.20695,32044.20695,0,30572,121,21.03510427
140,0,30990,26751,-1054.206951,-5293.206951,-0.04273859773,-0.2145918715,-4239,-0.1718532738,7,7,1,46,0,0,32044.20695,32044.20695,0,30572,122,21.22668409
141,0,30874,28262,-1170.206951,-3782.206951,-0.04744135304,-0.1533344295,-2612,-0.1058930765,5,5,1,32,0,0,32044.20695,32044.20695,0,30572,123,21.32296014
142,0,30874,31727,-1170.206951,-317.2069509,-0.04744135304,-0.01285988511,853,0.03458146793,5,5,1,11,0,0,32044.20695,32044.20695,0,30572,124,21.35515261
143,0,31339,31339,-705.2069509,-705.2069509,-0.0285897908,-0.0285897908,0,0,0,0,0,0,1,0,32044.20695,32044.20695,0,30572,125,21.46222734
144,0,31339,43007,-705.2069509,10962.79305,-0.0285897908,0.4444425278,11668,0.4730323186,0,28,11,168,0,0,32044.20695,32044.20695,0,30572,126,21.48633075
145,0,31339,780661,-705.2069509,748616.793,-0.0285897908,30.34966896,749322,30.37825875,0,1393,78,9970,0,0,32044.20695,32044.20695,0,30572,127,21.53860164
146,0,32044.20695,20241,3.637978807e-12,-11803.20695,1.474872772e-16,-0.4785137428,-11803.20695,-0.4785137428,43.02968477,43.02968477,1,152,0,0,32044.20695,32044.20695,0,30572,128,21.8555932
147,0,32044.20695,30510,0,-1534.206951,0,-0.06219827487,-1534.206951,-0.06219827487,10.66532249,10.66532249,1,29,0,0,32044.20695,32044.20695,0,30572,129,22.17949224
148,0,32044.20695,30789,3.637978807e-12,-1255.206951,1.474872772e-16,-0.05088733753,-1255.206951,-0.05088733753,6.199000159,6.199000159,1,12,0,0,32044.20695,32044.20695,0,30572,130,22.37367487
149,0,32044.20695,34221,3.637978807e-12,2176.793049,1.474872772e-16,0.08824935406,2176.793049,0.08824935406,4.37250696,8.117520879,2,26,0,0,32044.20695,32044.20695,0,30572,131,22.48960352
150,0,31685,31685,-359.2069509,-359.2069509,-0.01456260686,-0.01456260686,0,0,0,0,0,0,1,0,32044.20695,32044.20695,0,30572,132,22.7513268
151,0,31685,40220,-359.2069509,8175.793049,-0.01456260686,0.3314547774,8535,0.3460173842,0,20,6,123,0,0,32044.20695,32044.20695,0,30572,133,22.80768609
152,0,31685,31685,-359.2069509,-359.2069509,-0.01456260686,-0.01456260686,-7.275957614e-12,-2.949745544e-16,4.596323322e-14,1.526532183e-13,0,0,1,0,32044.20695,32044.20695,0,30572,134,22.88095522
153,0,31685,36462,-359.2069509,4417.793049,-0.01456260686,0.1791017217,4777,0.1936643286,0,12,5,73,0,0,32044.20695,32044.20695,0,30572,135,22.93784451
154,0,31685,772672,-359.2069509,740627.793,-0.01456260686,30.02578695,740987,30.04034956,-3.330669074e-16,1389,88,9954,0,0,32044.20695,32044.20695,0,30572,136,22.96926832
155,0,32044.20695,22552,7.275957614e-12,-9492.206951,2.949745544e-16,-0.3848235056,-9492.206951,-0.3848235056,37.1772047,37.1772047,1,116,0,0,32044.20695,32044.20695,0,30572,137,23.29030824
156,0,32044.20695,30298,-3.637978807e-12,-1746.206951,-1.474872772e-16,-0.07079296561,-1746.206951,-0.07079296561,10.77942529,10.77942529,1,22,0,0,32044.20695,32044.20695,0,30572,138,23.58381701
157,0,32044.20695,31786,-7.275957614e-12,-258.2069509,-2.949745544e-16,-0.01046796646,-258.2069509,-0.01046796646,2.579724305,2.579724305,0,0,1,0,32044.20695,32044.20695,0,30572,139,23.71460462
158,0,31786,44556,-258.2069509,12511.79305,-0.01046796646,0.5072405276,12770,0.5177084941,0,30,11,183,0,0,32044.20695,32044.20695,0,30572,140,23.7764523
159,0,31786,31786,-258.2069509,-258.2069509,-0.01046796646,-0.01046796646,-7.639755495e-11,-3.097232821e-15,5.265899657e-14,2.944123842e-12,0,0,1,0,32044.20695,32044.20695,0,30572,141,23.85509396
160,0,31786,46910,-258.2069509,14865.79305,-0.01046796646,0.6026740276,15124,0.6131419941,-3.332282175e-14,29,4,183,0,0,32044.20695,32044.20695,0,30572,142,23.90963006
161,0,31786,774515,-258.2069509,742470.793,-0.01046796646,30.10050401,742729,30.11097197,0,1369,80,9647,0,0,32044.20695,32044.20695,0,30572,143,24.02915931
162,0,32044.20695,23801,-3.637978807e-12,-8243.206951,-1.474872772e-16,-0.334187804,-8243.206951,-0.334187804,39.96812414,39.96812414,1,108,0,0,32044.20695,32044.20695,0,30572,144,24.34165764
163,0,32044.20695,30407,0,-1637.206951,0,-0.06637399726,-1637.206951,-0.06637399726,10.56042781,10.56042781,1,26,0,0,32044.20695,32044.20695,0,30572,145,24.6542666
164,0,32044.20695,31349,-3.637978807e-12,-695.2069509,-1.474872772e-16,-0.02818438086,-695.2069509,-0.02818438086,6.203291043,6.203291043,1,12,0,0,32044.20695,32044.20695,0,30572,146,24.82180762
165,0,32044.20695,29699,0,-2345.206951,0,-0.09507702105,-2345.206951,-0.09507702105,4.750442672,4.750442672,1,27,0,0,32044.20695,32044.20695,0,30572,147,24.90800977
166,0,32044.20695,40165,0,8120.793049,0,0.3292250227,8120.793049,0.3292250227,4.750442672,21.24955733,4,111,0,0,32044.20695,32044.20695,0,30572,148,24.98987961
167,0,31879,29000,-165.2069509,-3044.206951,-0.006697654014,-0.1234151759,-2879,-0.1167175219,5,5,1,32,0,0,32044.20695,32044.20695,0,30572,149,25.13527751
168,0,31879,32270,-165.2069509,225.7930491,-0.006697654014,0.009153874661,391,0.01585152868,5,5,1,5,0,0,32044.20695,32044.20695,0,30572,150,25.23274231
169,0,32044.20695,32077,0,32.79304911,0,0.001329462809,32.79304911,0.001329462809,0.7096618415,0.7096618415,0,0,1,0,32044.20695,32044.20695,0,30572,151,25.5042088
170,0,32044.20695,31666,0,-378.2069509,0,-0.01533288575,-378.2069509,-0.01533288575,0.271844648,18.72815535,3,20,0,0,32044.20695,32044.20695,0,30572,152,25.61925745
171,0,31682,31682,-362.2069509,-362.2069509,-0.01468422984,-0.01468422984,0,0,3.552713679e-15,4.440892099e-15,0,0,1,0,32044.20695,32044.20695,0,30572,153,25.8057723
172,0,31682,40455,-362.2069509,8410.793049,-0.01468422984,0.340981911,8773,0.3556661408,-1.776356839e-15,25,10,149,0,0,32044.20695,32044.20695,0,30572,154,25.84836769
173,0,31682,806820,-362.2069509,774775.793,-0.01468422984,31.41018082,775138,31.42486505,0,1428,79,10309,0,0,32044.20695,32044.20695,0,30572,155,25.92077565
174,0,32044.20695,20668,-7.275957614e-12,-11376.20695,-2.949745544e-16,-0.4612027384,-11376.20695,-0.4612027384,46.35332515,46.35332515,1,166,0,0,32044.20695,32044.20695,0,30572,156,26.24169421
175,0,32044.20695,24437,-3.637978807e-12,-7607.206951,-1.474872772e-16,-0.3084037318,-7607.206951,-0.3084037318,21.81306875,21.81306875,1,93,0,0,32044.20695,32044.20695,0,30572,157,26.5962441
176,0,32044.20695,27931,0,-4113.206951,0,-0.1667534985,-4113.206951,-0.1667534985,15.25420069,15.25420069,1,49,0,0,32044.20695,32044.20695,0,30572,158,26.79175854
177,0,32044.20695,29983,2.182787284e-11,-2061.206951,8.849236631e-16,-0.08356337874,-2061.206951,-0.08356337874,12.60834069,12.60834069,1,35,0,0,32044.20695,32044.20695,0,30572,159,26.95167375
178,0,32044.20695,30825,3.637978807e-12,-1219.206951,1.474872772e-16,-0.04942786175,-1219.206951,-0.04942786175,9.5,9.5,1,20,0,0,32044.20695,32044.20695,0,30572,160,27.04622769
179,0,32044.20695,30708,0,-1336.206951,0,-0.05417115805,-1336.206951,-0.05417115805,7.717992396,7.717992396,1,22,0,0,32044.20695,32044.20695,0,30572,161,27.15545177
180,0,32044.20695,31776,0,-268.2069509,0,-0.0108733764,-268.2069509,-0.0108733764,6.098688692,6.098688692,1,8,0,0,32044.20695,32044.20695,0,30572,162,27.2223599
181,0,32044.20695,33700,-3.637978807e-12,1655.793049,-1.474872772e-16,0.06712749616,1655.793049,0.06712749616,4.481155438,25.51884456,5,98,0,0,32044.20695,32044.20695,0,30572,163,27.3031981
182,0,31771.75,30519,-272.4569509,-1525.206951,-0.01104567563,-0.06183340593,-1252.75,-0.0507877303,3.5,3.5,1,21,0,0,32044.20695,32044.20695,0,30572,164,27.51050496
183,0,32044.20695,31998,0,-46.20695089,0,-0.001873275721,-46.20695089,-0.001873275721,0.5567102517,0.5567102517,0,0,1,0,32044.20695,32044.20695,0,30572,165,27.59283662
184,0,31998,36558,-46.20695089,4513.793049,-0.001873275721,0.1829936572,4560,0.1848669329,0,11,4,67,0,0,32044.20695,32044.20695,0,30572,166,27.62709284
185,0,31998,793251,-46.20695089,761206.793,-0.001873275721,30.86008007,761253,30.86195335,-2.220446049e-15,1433,89,10240,0,0,32044.20695,32044.20695,0,30572,167,27.66898942
186,0,32044.20695,23451,-7.275957614e-12,-8593.206951,-2.949745544e-16,-0.3483771519,-8593.206951,-0.3483771519,34.81627731,34.81627731,1,111,0,0,32044.20695,32044.20695,0,30572,168,27.95120525
187,0,32044.20695,28303,0,-3741.206951,0,-0.1516722487,-3741.206951,-0.1516722487,10.01406948,10.01406948,1,48,0,0,32044.20695,32044.20695,0,30572,169,28.27565122
188,0,32044.20695,34609,0,2564.793049,0,0.1039792598,2564.793049,0.1039792598,7.796482077,7.889446231,1,32,0,0,32044.20695,32044.20695,0,30572,170,28.4092598
189,0,32044.20695,28199,0,-3845.206951,0,-0.1558885121,-3845.206951,-0.1558885121,7.796061648,7.796061648,1,46,0,0,32044.20695,32044.20695,0,30572,171,28.5638895
190,0,32044.20695,30404,-7.275957614e-12,-1640.206951,-2.949745544e-16,-0.06649562024,-1640.206951,-0.06649562024,7.762744781,7.762744781,1,20,0,0,32044.20695,32044.20695,0,30572,172,28.67723346
191,0,32044.20695,31937,3.637978807e-12,-107.2069509,1.474872772e-16,-0.004346276358,-107.2069509,-0.004346276358,2.790636466,2.790636466,0,0,1,0,32044.20695,32044.20695,0,30572,173,28.74981928
192,0,31937,37049,-107.2069509,5004.793049,-0.004346276358,0.2028992852,5112,0.2072455616,0,19,6,114,0,0,32044.20695,32044.20695,0,30572,174,28.83975959
193,0,31937,791767,-107.2069509,759722.793,-0.004346276358,30.79991724,759830,30.80426351,0,1423,79,10018,0,0,32044.20695,32044.20695,0,30572,175,28.89383149
194,0,32044.20695,20130,0,-11914.20695,0,-0.4830137932,-11914.20695,-0.4830137932,43.79391214,43.79391214,1,161,0,0,32044.20695,32044.20695,0,30572,176,29.21055651
195,0,32044.20695,28405,0,-3639.206951,0,-0.1475370674,-3639.206951,-0.1475370674,13.13062131,13.13062131,1,45,0,0,32044.20695,32044.20695,0,30572,177,29.52712083
196,0,32044.20695,31759,0,-285.2069509,0,-0.0115625733,-285.2069509,-0.0115625733,3.741695779,3.741695779,1,7,0,0,32044.20695,32044.20695,0,30572,178,29.70239544
197,0,32044.20695,32218,0,173.7930491,0,0.007045742971,173.7930491,0.007045742971,1.685003212,1.685003212,0,0,1,0,32044.20695,32044.20695,0,30572,179,29.91440868
198,0,32044.20695,25874,0,-6170.206951,0,-0.2501463233,-6170.206951,-0.2501463233,1.58032933,17.97362573,1,56,0,0,32044.20695,32044.20695,0,30572,180,29.9842751
199,0,31501,31501,-543.2069509,-543.2069509,-0.02202214977,-0.02202214977,0,0,0,0,0,0,1,0,32044.20695,32044.20695,0,30572,181,30.16435266
200,0,31501,42508,-543.2069509,10463.79305,-0.02202214977,0.4242125718,11007,0.4462347215,0,25,10,154,0,0,32044.20695,32044.20695,0,30572,182,30.20917869
201,0,31501,31501,-543.2069509,-543.2069509,-0.02202214977,-0.02202214977,-3.637978807e-12,-1.474872772e-16,-1.676436767e-14,6.583622536e-14,0,0,1,0,32044.20695,32044.20695,0,30572,183,30.2675159
202,0,31501,40616,-543.2069509,8571.793049,-0.02202214977,0.347509011,9115,0.3695311608,0,21,7,130,0,0,32044.20695,32044.20695,0,30572,184,30.33969045
203,0,31501,776953,-543.2069509,744908.793,-0.02202214977,30.19934295,745452,30.2213651,0,1376,80,9816,0,0,32044.20695,32044.20695,0,30572,185,30.40403867
204,0,32044.20695,22269,-3.637978807e-12,-9775.206951,-1.474872772e-16,-0.3962966069,-9775.206951,-0.3962966069,41.16486121,41.16486121,1,122,0,0,32044.20695,32044.20695,0,30572,186,30.72379565
205,0,32044.20695,26188,0,-5856.206951,0,-0.2374164512,-5856.206951,-0.2374164512,13.4999153,13.4999153,1,61,0,0,32044.20695,32044.20695,0,30572,187,31.05069232
206,0,32044.20695,31792,0,-252.2069509,0,-0.0102247205,-252.2069509,-0.0102247205,3.989213634,3.989213634,0,0,1,0,32044.20695,32044.20695,0,30572,188,31.14906621
207,0,31792,37477,-252.2069509,5432.793049,-0.0102247205,0.2202508307,5685,0.2304755512,0,14,6,85,0,0,32044.20695,32044.20695,0,30572,189,31.23444104
208,0,31792,818166,-252.2069509,786121.793,-0.0102247205,31.87015894,786374,31.88038366,0,1444,84,10349,0,0,32044.20695,32044.20695,0,30572,190,31.29403687
209,0,32044.20695,25861,0,-6183.206951,0,-0.2506733562,-6183.206951,-0.2506733562,35.16750671,35.16750671,1,93,0,0,32044.20695,32044.20695,0,30572,191,31.60834503
210,0,32044.20695,28978,3.637978807e-12,-3066.206951,1.474872772e-16,-0.1243070778,-3066.206951,-0.1243070778,13.26689491,13.26689491,1,48,0,0,32044.20695,32044.20695,0,30572,192,31.92837644
211,0,32044.20695,29526,0,-2518.206951,0,-0.102090613,-2518.206951,-0.102090613,8.468759342,8.468759342,1,30,0,0,32044.20695,32044.20695,0,30572,193,32.00811148
212,0,32044.20695,30332,0,-1712.206951,0,-0.06941457181,-1712.206951,-0.06941457181,5.479802331,5.479802331,1,13,0,0,32044.20695,32044.20695,0,30572,194,32.0992918
213,0,31563,31563,-481.2069509,-481.2069509,-0.01950860813,-0.01950860813,0,0,0,0,0,0,1,0,32044.20695,32044.20695,0,30572,195,32.18413877
214,0,31563,41438,-481.2069509,9393.793049,-0.01950860813,0.3808337081,9875,0.4003423163,0,22,7,138,0,0,32044.20695,32044.20695,0,30572,196,32.20625091
215,0,31563,804598,-481.2069509,772553.793,-0.01950860813,31.32009873,773035,31.33960734,2.220446049e-16,1454,86,10253,0,0,32044.20695,32044.20695,0,30572,197,32.26435995
216,0,32044.20695,25398,-1.455191523e-11,-6646.206951,-5.899491087e-16,-0.2694438365,-6646.206951,-0.2694438365,34.68008525,34.68008525,1,82,0,0,32044.20695,32044.20695,0,30572,198,32.59761572
217,0,32044.20695,30147,0,-1897.206951,0,-0.07691465571,-1897.206951,-0.07691465571,8.154994776,8.154994776,1,21,0,0,32044.20695,32044.20695,0,30572,199,32.93185687
218,0,32044.20695,31807,0,-237.2069509,0,-0.009616605585,-237.2069509,-0.009616605585,1.108443696,1.108443696,0,0,1,0,32044.20695,32044.20695,0,30572,200,33.0862
219,0,31807,43406,-237.2069509,11361.79305,-0.009616605585,0.4606183844,11599,0.47023499,0,27,11,166,0,0,32044.20695,32044.20695,0,30572,201,33.19557405
220,0,31807,800317,-237.2069509,768272.793,-0.009616605585,31.14654273,768510,31.15615934,-2.220446049e-16,1426,83,10272,0,0,32044.20695,32044.20695,0,30572,202,33.25631285
221,0,32044.20695,22665,0,-9379.206951,0,-0.3802423732,-9379.206951,-0.3802423732,34.8905599,34.8905599,1,127,0,0,32044.20695,32044.20695,0,30572,203,33.57224989
222,0,32044.20695,28078,0,-3966.206951,0,-0.1607939724,-3966.206951,-0.1607939724,14.13854778,14.13854778,1,58,0,0,32044.20695,32044.20695,0,30572,204,33.86968851
223,0,32044.20695,31353,0,-691.2069509,0,-0.02802221689,-691.2069509,-0.02802221689,6.523047289,6.523047289,1,10,0,0,32044.20695,32044.20695,0,30572,205,33.98433471
224,0,32044.20695,31780,3.637978807e-12,-264.2069509,1.474872772e-16,-0.01071121242,-264.2069509,-0.01071121242,4.245521741,4.245521741,1,4,0,0,32044.20695,32044.20695,0,30572,206,34.1348896
225,0,32044.20695,34080,0,2035.793049,0,0.0825330739,2035.793049,0.0825330739,3.862639834,13.82668299,4,26,0,0,32044.20695,32044.20695,0,30572,207,34.18095589
226,0,32044.20695,32250,-3.637978807e-12,205.7930491,-1.474872772e-16,0.00834305478,205.7930491,0.00834305478,4.297810272,4.297810272,1,2,0,0,32044.20695,32044.20695,0,30572,208,34.40957141
227,0,32044.20695,31366,0,-678.2069509,0,-0.02749518396,-678.2069509,-0.02749518396,3.827533822,22.49100358,6,34,0,0,32044.20695,32044.20695,0,30572,209,34.53022528
228,0,32044.20695,30388,3.637978807e-12,-1656.206951,1.474872772e-16,-0.06714427615,-1656.206951,-0.06714427615,8.451885078,8.451885078,1,14,0,0,32044.20695,32044.20695,0,30572,210,34.75555301
229,0,32044.20695,34155,0,2110.793049,0,0.08557364845,2110.793049,0.08557364845,6.222252912,11.77791281,2,24,0,0,32044.20695,32044.20695,0,30572,211,34.88051939
230,0,32044.20695,32162,0,117.7930491,0,0.004775447304,117.7930491,0.004775447304,1.118932245,1.118932245,0,0,1,0,32044.20695,32044.20695,0,30572,212,35.06569123
231,0,32044.20695,37107,0,5062.793049,0,0.2052506629,5062.793049,0.2052506629,0.7280163728,18.27198363,6,86,0,0,32044.20695,32044.20695,0,30572,213,35.10323977
232,0,31353,31353,-691.2069509,-691.2069509,-0.02802221689,-0.02802221689,0,0,0,0,0,0,1,0,32044.20695,32044.20695,0,30572,214,35.21927214
233,0,31353,41536,-691.2069509,9491.793049,-0.02802221689,0.3848067256,10183,0.4128289424,0,27,11,166,0,0,32044.20695,32044.20695,0,30572,215,35.26928258
234,0,31353,795496,-691.2069509,763451.793,-0.02802221689,30.9510946,764143,30.97911682,0,1429,93,10174,0,0,32044.20695,32044.20695,0,30572,216,35.32318234
235,0,32044.20695,27011,3.637978807e-12,-5033.206951,1.474872772e-16,-0.2040512131,-5033.206951,-0.2040512131,31.57895173,31.57895173,1,66,0,0,32044.20695,32044.20695,0,30572,217,35.63392687
236,0,32044.20695,31711,0,-333.2069509,0,-0.01350854101,-333.2069509,-0.01350854101,3.369545451,3.369545451,1,2,0,0,32044.20695,32044.20695,0,30572,218,35.93115664
237,0,31689,31689,-355.2069509,-355.2069509,-0.01440044288,-0.01440044288,0,0,9.769962617e-15,2.131628207e-14,0,0,1,0,32044.20695,32044.20695,0,30572,219,36.03324795
238,0,31689,36877,-355.2069509,4832.793049,-0.01440044288,0.1959262343,5188,0.2103266772,1.221245327e-15,27,7,153,0,0,32044.20695,32044.20695,0,30572,220,36.04843044
239,0,31777,31777,-267.2069509,-267.2069509,-0.01083283541,-0.01083283541,0,0,-2.442490654e-15,5.995204333e-15,0,0,1,0,32044.20695,32044.20695,0,30572,221,36.18113589
240,0,31777,34495,-267.2069509,2450.793049,-0.01083283541,0.09935758643,2718,0.1101904218,0,10,4,60,0,0,32044.20695,32044.20695,0,30572,222,36.25769997
241,0,31777,807060,-267.2069509,775015.793,-0.01083283541,31.41991066,775283,31.43074349,0,1443,88,10268,0,0,32044.20695,32044.20695,0,30572,223,36.29709268
242,0,32044.20695,20564,0,-11480.20695,0,-0.4654190017,-11480.20695,-0.4654190017,43.84037798,43.84037798,1,161,0,0,32044.20695,32044.20695,0,30572,224,36.6023469
243,0,31980.04795,26584,-64.15900568,-5460.206951,-0.002601069868,-0.2213622175,-5396.047945,-0.2187611477,16.87671233,16.87671233,1,79,0,0,32044.20695,32044.20695,0,30572,225,36.93832064
244,0,32044.20695,30739,0,-1305.206951,0,-0.05291438723,-1305.206951,-0.05291438723,8.660216556,8.660216556,1,21,0,0,32044.20695,32044.20695,0,30572,226,37.09652328
245,0,32044.20695,32278,0,233.7930491,0,0.009478202614,233.7930491,0.009478202614,1.648364624,1.648364624,0,0,1,0,32044.20695,32044.20695,0,30572,227,37.16144633
246,0,32044.20695,32801,-3.637978807e-12,756.7930491,-1.474872772e-16,0.0306811425,756.7930491,0.0306811425,1.611254646,17.38874535,5,49,0,0,32044.20695,32044.20695,0,30572,228,37.26661563
247,0,30827,30827,-1217.206951,-1217.206951,-0.04934677976,-0.04934677976,0,0,0,0,0,0,1,0,32044.20695,32044.20695,0,30572,229,37.39729357
248,0,30827,37333,-1217.206951,5288.793049,-0.04934677976,0.2144129276,6506,0.2637597073,0,19,6,118,0,0,32044.20695,32044.20695,0,30572,230,37.46123981
249,0,30827,793771,-1217.206951,761726.793,-0.04934677976,30.88116139,762944,30.93050817,0,1423,88,10221,0,0,32044.20695,32044.20695,0,30572,231,37.51322341
250,0,32044.20695,23727,0,-8317.206951,0,-0.3371878375,-8317.206951,-0.3371878375,39.99988281,39.99988281,1,122,0,0,32044.20695,32044.20695,0,30572,232,37.84736323
251,0,32044.20695,28441,-7.275957614e-12,-3603.206951,-2.949745544e-16,-0.1460775916,-3603.206951,-0.1460775916,16.99952747,16.99952747,1,46,0,0,32044.20695,32044.20695,0,30572,233,38.1663301
252,0,31412.5,32055,-631.7069509,10.79304911,-0.02561002774,0.0004375609398,642.5,0.02604758868,6,6,1,9,0,0,32044.20695,32044.20695,0,30572,234,38.31795955
253,0,31548,31548,-496.2069509,-496.2069509,-0.02011672305,-0.02011672305,0,0,0,0,0,0,1,0,32044.20695,32044.20695,0,30572,235,38.40642953
254,0,31548,39247,-496.2069509,7202.793049,-0.02011672305,0.2920083902,7699,0.3121251132,0,21,7,130,0,0,32044.20695,32044.20695,0,30572,236,38.42860198
255,0,31548,791490,-496.2069509,759445.793,-0.02011672305,30.78868738,759942,30.8088041,1.443289932e-15,1414,78,10033,0,0,32044.20695,32044.20695,0,30572,237,38.47839952
256,0,32044.20695,21845,7.275957614e-12,-10199.20695,2.949745544e-16,-0.4134859883,-10199.20695,-0.4134859883,41.18973058,41.18973058,1,137,0,0,32044.20695,32044.20695,0,30572,238,38.76874328
257,0,32044.20695,31948,3.637978807e-12,-96.20695089,1.474872772e-16,-0.003900325424,-96.20695089,-0.003900325424,8.490939177,8.490939177,1,7,0,0,32044.20695,32044.20695,0,30572,239,39.04369807
258,0,32044.20695,32421,0,376.7930491,0,0.01527556476,376.7930491,0.01527556476,4.852103825,4.852103825,1,2,0,0,32044.20695,32044.20695,0,30572,240,39.19893837
259,0,32044.20695,30762,0,-1282.206951,0,-0.05198194437,-1282.206951,-0.05198194437,4.121088014,10.30625918,1,2,0,0,32044.20695,32044.20695,0,30572,241,39.22847748
260,0,30952,30952,-1092.206951,-1092.206951,-0.0442791555,-0.0442791555,0,0,0,0,0,0,1,0,32044.20695,32044.20695,0,30572,242,39.37176776
261,0,30952,40696,-1092.206951,8651.793049,-0.0442791555,0.3507522906,9744,0.3950314461,0,24,9,136,0,0,32044.20695,32044.20695,0,30572,243,39.39308763
262,0,30952,783291,-1092.206951,751246.793,-0.0442791555,30.45629177,752339,30.50057093,0,1410,79,10031,0,0,32044.20695,32044.20695,0,30572,244,39.43546176
263,0,32044.20695,23089,3.637978807e-12,-8955.206951,1.474872772e-16,-0.3630529917,-8955.206951,-0.3630529917,42.30240103,42.30240103,1,130,0,0,32044.20695,32044.20695,0,30572,245,39.7341578
264,0,32044.20695,27147,0,-4897.206951,0,-0.1985376379,-4897.206951,-0.1985376379,16.6923013,16.6923013,1,72,0,0,32044.20695,32044.20695,0,30572,246,40.09650826
265,0,32044.20695,29668,0,-2376.206951,0,-0.09633379187,-2376.206951,-0.09633379187,10.11838286,10.11838286,1,43,0,0,32044.20695,32044.20695,0,30572,247,40.25254464
266,0,32044.20695,32065,0,20.79304911,0,0.0008429708804,20.79304911,0.0008429708804,0.3715620271,0.3715620271,0,0,1,0,32044.20695,32044.20695,0,30572,248,40.39999795
267,0,32044.20695,38302,0,6257.793049,0,0.2536971508,6257.793049,0.2536971508,0.1707458412,23.82925416,6,95,0,0,32044.20695,32044.20695,0,30572,249,40.51973438
268,0,31707.5,30472,-336.7069509,-1572.206951,-0.01365043449,-0.06373883265,-1235.5,-0.05008839815,2.5,2.5,1,16,0,0,32044.20695,32044.20695,0,30572,250,40.66955066
269,0,31707.5,36485,-336.7069509,4440.793049,-0.01365043449,0.1800341646,4777.5,0.1936845991,2.5,13.5,4,82,0,0,32044.20695,32044.20695,0,30572,251,40.74702668
270,0,31707.5,779577,-336.7069509,747532.793,-0.01365043449,30.30572252,747869.5,30.31937295,2.5,1406.5,87,9945,0,0,32044.20695,32044.20695,0,30572,252,40.80476809
271,0,32044.20695,22317,3.637978807e-12,-9727.206951,1.474872772e-16,-0.3943506392,-9727.206951,-0.3943506392,41.48449853,41.48449853,1,110,0,0,32044.20695,32044.20695,0,30572,253,41.08546638
272,0,32044.20695,28501,-3.637978807e-12,-3543.206951,-1.474872772e-16,-0.1436451319,-3543.206951,-0.1436451319,12.38428399,12.38428399,1,44,0,0,32044.20695,32044.20695,0,30572,254,41.40222192
273,0,32044.20695,32136,-3.637978807e-12,91.79304911,-1.474872772e-16,0.003721381458,91.79304911,0.003721381458,1.702923113,1.702923113,0,0,1,0,32044.20695,32044.20695,0,30572,255,41.55969286
274,0,32044.20695,23864,3.637978807e-12,-8180.206951,1.474872772e-16,-0.3316337214,-8180.206951,-0.3316337214,0.9958026464,26.92970248,1,65,0,0,32044.20695,32044.20695,0,30572,256,41.79702735
275,0,30815.3125,26382,-1228.894451,-5662.206951,-0.04982060263,-0.2295514983,-4433.3125,-0.1797308957,8.8125,8.8125,1,54,0,0,32044.20695,32044.20695,0,30572,257,42.00243497
276,0,30732.75,27803,-1311.456951,-4241.206951,-0.05316776845,-0.1719427458,-2929.75,-0.1187749773,6.25,6.25,1,41,0,0,32044.20695,32044.20695,0,30572,258,42.14904237
277,0,31055,37997,-989.2069509,5952.793049,-0.04010343311,0.2413321476,6942,0.2814355807,6,15,2,86,0,0,32044.20695,32044.20695,0,30572,259,42.20912647
278,0,31055,822057,-989.2069509,790012.793,-0.04010343311,32.02790395,791002,32.06800738,6,1493,84,10640,0,0,32044.20695,32044.20695,0,30572,260,42.41538596
279,0,32044.20695,25185,0,-6859.206951,0,-0.2780790682,-6859.206951,-0.2780790682,44.10126496,44.10126496,1,108,0,0,32044.20695,32044.20695,0,30572,261,42.72345448
280,0,32044.20695,29186,3.637978807e-12,-2858.206951,1.474872772e-16,-0.115874551,-2858.206951,-0.115874551,14.23948989,14.23948989,1,47,0,0,32044.20695,32044.20695,0,30572,262,43.07288265
281,0,32044.20695,31850,3.637978807e-12,-194.2069509,1.474872772e-16,-0.007873342841,-194.2069509,-0.007873342841,9.155278035,9.155278035,1,11,0,0,32044.20695,32044.20695,0,30572,263,43.18957496
282,0,32044.20695,30905,0,-1139.206951,0,-0.04618458222,-1139.206951,-0.04618458222,7.011205651,7.011205651,1,15,0,0,32044.20695,32044.20695,0,30572,264,43.31278801
283,0,32044.20695,32097,0,52.79304911,0,0.00214028269,52.79304911,0.00214028269,0.3406003168,0.3406003168,0,0,1,0,32044.20695,32044.20695,0,30572,265,43.39061952
284,0,32044.20695,36662,-1.455191523e-11,4617.793049,-5.899491087e-16,0.1872099205,4617.793049,0.1872099205,0.3406003168,17.65939968,3,90,0,0,32044.20695,32044.20695,0,30572,266,43.43049979
285,0,31632,31632,-412.2069509,-412.2069509,-0.01671127954,-0.01671127954,0,0,0,0,0,0,1,0,32044.20695,32044.20695,0,30572,267,43.59877038
286,0,31632,37317,-412.2069509,5272.793049,-0.01671127954,0.2137642717,5685,0.2304755512,0,14,6,85,0,0,32044.20695,32044.20695,0,30572,268,43.66317487
287,0,31632,838178,-412.2069509,806133.793,-0.01671127954,32.68146531,806546,32.69817659,0,1481,79,10664,0,0,32044.20695,32044.20695,0,30572,269,43.70124674
288,0,32044.20695,22963,0,-9081.206951,0,-0.368161157,-9081.206951,-0.368161157,33.80405988,33.80405988,1,107,0,0,32044.20695,32044.20695,0,30572,270,44.0164845
289,0,32044.20695,28171,3.637978807e-12,-3873.206951,1.474872772e-16,-0.15702366,-3873.206951,-0.15702366,13.63579628,13.63579628,1,46,0,0,32044.20695,32044.20695,0,30572,271,44.35959005
290,0,32044.20695,31378,0,-666.2069509,0,-0.02700869203,-666.2069509,-0.02700869203,5.583673365,5.583673365,1,8,0,0,32044.20695,32044.20695,0,30572,272,44.51234698
291,0,32044.20695,31300,0,-744.2069509,0,-0.03017088957,-744.2069509,-0.03017088957,2.955909354,2.955909354,1,9,0,0,32044.20695,32044.20695,0,30572,273,44.61550426
292,0,32044.20695,32172,0,127.7930491,0,0.005180857244,127.7930491,0.005180857244,1.513338739,1.513338739,0,0,1,0,32044.20695,32044.20695,0,30572,274,44.67568231
293,0,32044.20695,28238,3.637978807e-12,-3806.206951,1.474872772e-16,-0.1543074134,-3806.206951,-0.1543074134,1.290122025,12.24103969,1,30,0,0,32044.20695,32044.20695,0,30572,275,44.78313994
294,0,31879.5,30019,-164.7069509,-2025.206951,-0.006677383517,-0.08210390295,-1860.5,-0.07542651944,3.5,3.5,1,24,0,0,32044.20695,32044.20695,0,30572,276,44.9714036
295,0,31956,30716,-88.20695089,-1328.206951,-0.003575997471,-0.0538468301,-1240,-0.05027083263,2.5,2.5,1,16,0,0,32044.20695,32044.20695,0,30572,277,45.0464623
296,0,31956,35269,-88.20695089,3224.793049,-0.003575997471,0.1307363158,3313,0.1343123133,2.5,8.5,4,51,0,0,32044.20695,32044.20695,0,30572,278,45.07062626
297,0,31956,786045,-88.20695089,754000.793,-0.003575997471,30.56794167,754089,30.57151767,2.5,1408.5,76,10026,0,0,32044.20695,32044.20695,0,30572,279,45.14867854
298,0,32044.20695,23637,0,-8407.206951,0,-0.340836527,-8407.206951,-0.340836527,40.39371307,40.39371307,1,114,0,0,32044.20695,32044.20695,0,30572,280,45.44617319
299,0,32044.20695,29848,3.637978807e-12,-2196.206951,1.474872772e-16,-0.08903641294,-2196.206951,-0.08903641294,14.13773133,14.13773133,1,32,0,0,32044.20695,32044.20695,0,30572,281,45.75781012
300,0,32044.20695,30120,0,-1924.206951,0,-0.07800926255,-1924.206951,-0.07800926255,9.180138678,9.180138678,1,28,0,0,32044.20695,32044.20695,0,30572,282,45.91427445
301,0,32044.20695,31102,0,-942.2069509,0,-0.03819800639,-942.2069509,-0.03819800639,7.010097317,7.010097317,1,14,0,0,32044.20695,32044.20695,0,30572,283,45.97119117
302,0,32044.20695,32221,0,176.7930491,0,0.007167365953,176.7930491,0.007167365953,3.26647099,3.26647099,0,0,1,0,32044.20695,32044.20695,0,30572,284,46.04894114
303,0,32044.20695,26853,0,-5191.206951,0,-0.2104566901,-5191.206951,-0.2104566901,2.073300419,18.33309836,1,60,0,0,32044.20695,32044.20695,0,30572,285,46.17365766
304,0,31776,29490,-268.2069509,-2554.206951,-0.0108733764,-0.1035500888,-2286,-0.09267671241,5,5,1,29,0,0,32044.20695,32044.20695,0,30572,286,46.40042019
305,0,31822.5,31732,-221.7069509,-312.2069509,-0.008988220178,-0.01265718014,-90.5,-0.003668959962,4,4,1,4,0,0,32044.20695,32044.20695,0,30572,287,46.43162799
306,0,31868,31868,-176.2069509,-176.2069509,-0.007143604948,-0.007143604948,0,0,-9.992007222e-16,1.221245327e-15,0,0,1,0,32044.20695,32044.20695,0,30572,288,46.53015637
307,0,31868,45980,-176.2069509,13935.79305,-0.007143604948,0.5649709031,14112,0.5721145081,-3.462527665e-14,23,4,132,0,0,32044.20695,32044.20695,0,30572,289,46.56787682
308,0,31868,784423,-176.2069509,752378.793,-0.007143604948,30.50218418,752555,30.50932778,0,1408,90,10074,0,0,32044.20695,32044.20695,0,30572,290,46.68057704
309,0,32044.20695,17390,-1.091393642e-11,-14654.20695,-4.424618316e-16,-0.5940961169,-14654.20695,-0.5940961169,47.2301221,47.2301221,1,185,0,0,32044.20695,32044.20695,0,30572,291,46.99450612
310,0,32044.20695,28070,0,-3974.206951,0,-0.1611183004,-3974.206951,-0.1611183004,17.12716376,17.12716376,1,44,0,0,32044.20695,32044.20695,0,30572,292,47.32557678
311,0,32044.20695,31261,0,-783.2069509,0,-0.03175198834,-783.2069509,-0.03175198834,3.859901435,3.859901435,1,13,0,0,32044.20695,32044.20695,0,30572,293,47.55102038
312,0,31937,40986,-107.2069509,8941.793049,-0.004346276358,0.3625091788,9049,0.3668554552,1.5,24.5,10,149,0,0,32044.20695,32044.20695,0,30572,294,47.66018248
313,0,31937,777514,-107.2069509,745469.793,-0.004346276358,30.22208645,745577,30.22643272,1.5,1432.5,84,10058,0,0,32044.20695,32044.20695,0,30572,295,47.73947096
314,0,32044.20695,25762,1.455191523e-11,-6282.206951,5.899491087e-16,-0.2546869146,-6282.206951,-0.2546869146,38.22073624,38.22073624,1,85,0,0,32044.20695,32044.20695,0,30572,296,48.0751636
315,0,32044.20695,30720,0,-1324.206951,0,-0.05368466612,-1324.206951,-0.05368466612,10.24115788,10.24115788,1,24,0,0,32044.20695,32044.20695,0,30572,297,48.33912182
316,0,32044.20695,31909,0,-135.2069509,0,-0.005481424192,-135.2069509,-0.005481424192,5.150988574,5.150988574,1,4,0,0,32044.20695,32044.20695,0,30572,298,48.50407863
317,0,32044.20695,31943,0,-101.2069509,0,-0.004103030394,-101.2069509,-0.004103030394,4.518671373,4.518671373,1,2,0,0,32044.20695,32044.20695,0,30572,299,48.59850812
318,0,32044.20695,38214,0,6169.793049,0,0.2501295433,6169.793049,0.2501295433,2.88290198,22.11709802,5,102,0,0,32044.20695,32044.20695,0,30572,300,48.6719048
319,0,31736,31596,-308.2069509,-448.2069509,-0.01249501616,-0.01817075533,-140,-0.005675739168,2,2,1,2,0,0,32044.20695,32044.20695,0,30572,301,48.84998727
320,0,32044.20695,32069,0,24.79304911,0,0.001005134857,24.79304911,0.001005134857,0.2233608028,0.2233608028,0,0,1,0,32044.20695,32044.20695,0,30572,302,49.02889347
321,0,32044.20695,33827,0,1782.793049,0,0.0722762024,1782.793049,0.0722762024,0.2093502338,16.79064977,4,70,0,0,32044.20695,32044.20695,0,30572,303,49.13132143
322,0,31506,30719,-538.2069509,-1325.206951,-0.0218194448,-0.05372520712,-787,-0.03190576232,1.5,1.5,1,11,0,0,32044.20695,32044.20695,0,30572,304,49.3079567
323,0,31506,43220,-538.2069509,11175.79305,-0.0218194448,0.4530777596,11714,0.4748972043,1.5,27.5,9,165,0,0,32044.20695,32044.20695,0,30572,305,49.39801955
324,0,31506,789151,-538.2069509,757106.793,-0.0218194448,30.693862,757645,30.71568144,1.5,1424.5,83,10132,0,0,32044.20695,32044.20695,0,30572,306,49.47153211
325,0,32044.20695,25511,0,-6533.206951,0,-0.2648627041,-6533.206951,-0.2648627041,37.94002486,37.94002486,1,86,0,0,32044.20695,32044.20695,0,30572,307,49.79771662
326,0,32044.20695,28567,-3.637978807e-12,-3477.206951,-1.474872772e-16,-0.1409694263,-3477.206951,-0.1409694263,14.6420822,14.6420822,1,46,0,0,32044.20695,32044.20695,0,30572,308,50.08560824
327,0,32044.20695,29389,3.637978807e-12,-2655.206951,1.474872772e-16,-0.1076447292,-2655.206951,-0.1076447292,8.473003478,8.473003478,1,33,0,0,32044.20695,32044.20695,0,30572,309,50.19663548
328,0,32044.20695,27842,0,-4202.206951,0,-0.170361647,-4202.206951,-0.170361647,8.200430783,8.200430783,1,56,0,0,32044.20695,32044.20695,0,30572,310,50.27068615
329,0,32044.20695,31991,0,-53.20695089,0,-0.00215706268,-53.20695089,-0.00215706268,0.6988769262,0.6988769262,0,0,1,0,32044.20695,32044.20695,0,30572,311,50.38727832
330,0,31991,36551,-53.20695089,4506.793049,-0.00215706268,0.1827098702,4560,0.1848669329,0,11,4,67,0,0,32044.20695,32044.20695,0,30572,312,50.45495987
331,0,31991,805149,-53.20695089,773104.793,-0.00215706268,31.34243682,773158,31.34459388,1.998401444e-15,1441,85,10318,0,0,32044.20695,32044.20695,0,30572,313,50.48806262
332,0,32044.20695,24077,3.637978807e-12,-7967.206951,1.474872772e-16,-0.3229984896,-7967.206951,-0.3229984896,36.96038658,36.96038658,1,85,0,0,32044.20695,32044.20695,0,30572,314,50.78939533
333,0,32044.20695,31630,7.275957614e-12,-414.2069509,2.949745544e-16,-0.01679236153,-414.2069509,-0.01679236153,3.937062739,3.937062739,1,2,0,0,32044.20695,32044.20695,0,30572,315,51.07745981
334,0,32044.20695,32390,0,345.7930491,0,0.01401879395,345.7930491,0.01401879395,1.368574073,1.368574073,0,0,1,0,32044.20695,32044.20695,0,30572,316,51.16115546
335,0,32044.20695,35761,0,3716.793049,0,0.1506824849,3716.793049,0.1506824849,1.368574073,11.63142593,4,64,0,0,32044.20695,32044.20695,0,30572,317,51.21412015
336,0,31632,31632,-412.2069509,-412.2069509,-0.01671127954,-0.01671127954,0,0,0,0,0,0,1,0,32044.20695,32044.20695,0,30572,318,51.30148983
337,0,31632,41876,-412.2069509,9831.793049,-0.01671127954,0.3985906635,10244,0.4153019431,0,23,8,142,0,0,32044.20695,32044.20695,0,30572,319,51.34301066
338,0,31632,782589,-412.2069509,750544.793,-0.01671127954,30.42783199,750957,30.44454327,0,1405,81,9961,0,0,32044.20695,32044.20695,0,30572,320,51.40938592
339,0,32044.20695,23520,7.275957614e-12,-8524.206951,2.949745544e-16,-0.3455798233,-8524.206951,-0.3455798233,39.15469583,39.15469583,1,110,0,0,32044.20695,32044.20695,0,30572,321,51.66948915
340,0,31505.08209,25685,-539.1248613,-6359.206951,-0.0218566578,-0.2578085712,-5820.08209,-0.2359519134,15.17910448,15.17910448,1,71,0,0,32044.20695,32044.20695,0,30572,322,51.99350667
341,0,31664.4,28398,-379.8069509,-3646.206951,-0.01539775134,-0.1478208543,-3266.4,-0.132423103,8.7,8.7,1,47,0,0,32044.20695,32044.20695,0,30572,323,52.08312464
342,0,31235.5,28591,-808.7069509,-3453.206951,-0.03278578369,-0.1399964425,-2644.5,-0.1072106588,5,5,1,41,0,0,32044.20695,32044.20695,0,30572,324,52.14157081
343,0,31479,29874,-565.2069509,-2170.206951,-0.02291405164,-0.08798234709,-1605,-0.06506829546,3,3,1,13,0,0,32044.20695,32044.20695,0,30572,325,52.22236848
344,0,31479,32339,-565.2069509,294.7930491,-0.02291405164,0.01195120325,860,0.03486525489,3,3,1,16,0,0,32044.20695,32044.20695,0,30572,326,52.29358411
345,0,31479,31659,-565.2069509,-385.2069509,-0.02291405164,-0.01561667271,180,0.00729737893,3,3,1,11,0,0,32044.20695,32044.20695,0,30572,327,52.36902547
346,0,31479,29480,-565.2069509,-2564.206951,-0.02291405164,-0.1039554987,-1999,-0.08104144711,3,3,1,20,0,0,32044.20695,32044.20695,0,30572,328,52.42420912
347,0,31479,41796,-565.2069509,9751.793049,-0.02291405164,0.395347384,10317,0.4182614357,3,23,8,140,0,0,32044.20695,32044.20695,0,30572,329,52.47416186
348,0,31479,31693,-565.2069509,-351.2069509,-0.02291405164,-0.01423827891,214,0.008675772728,3,3,1,6,0,0,32044.20695,32044.20695,0,30572,330,52.56441975
349,0,31479,31697,-565.2069509,-347.2069509,-0.02291405164,-0.01407611493,218,0.008837936704,3,3,1,2,0,0,32044.20695,32044.20695,0,30572,331,52.65235376
350,0,32044.20695,32085,3.637978807e-12,40.79304911,1.474872772e-16,0.001653790761,40.79304911,0.001653790761,0.2692610502,0.2692610502,0,0,1,0,32044.20695,32044.20695,0,30572,332,52.72205496
351,0,32044.20695,33387,0,1342.793049,0,0.05443816502,1342.793049,0.05443816502,0.2692610502,13.73073895,4,43,0,0,32044.20695,32044.20695,0,30572,333,52.87214351
352,0,31479,822139,-565.2069509,790094.793,-0.02291405164,32.03122831,790660,32.05414236,3,1486,85,10621,0,0,32044.20695,32044.20695,0,30572,334,53.01805282
353,0,32044.20695,23369,-2.546585165e-11,-8675.206951,-1.03241094e-15,-0.3517015134,-8675.206951,-0.3517015134,39.63581492,39.63581492,1,113,0,0,32044.20695,32044.20695,0,30572,335,53.30807805
354,0,32044.20695,30690,0,-1354.206951,0,-0.05490089594,-1354.206951,-0.05490089594,7.221116665,7.221116665,1,19,0,0,32044.20695,32044.20695,0,30572,336,53.55537462
355,0,31689,30479,-355.2069509,-1565.206951,-0.01440044288,-0.06345504569,-1210,-0.04905460281,4.75,4.75,1,15,0,0,32044.20695,32044.20695,0,30572,337,53.70815277
356,0,31416.5,31070,-627.7069509,-974.2069509,-0.02544786376,-0.0394953182,-346.5,-0.01404745444,3,3,1,6,0,0,32044.20695,32044.20695,0,30572,338,53.76151013
357,0,31781,31781,-263.2069509,-263.2069509,-0.01067067143,-0.01067067143,0,0,0,0,0,0,1,0,32044.20695,32044.20695,0,30572,339,53.82295799
358,0,31781,42025,-263.2069509,9980.793049,-0.01067067143,0.4046312717,10244,0.4153019431,0,23,8,142,0,0,32044.20695,32044.20695,0,30572,340,53.84281301
359,0,31781,784569,-263.2069509,752524.793,-0.01067067143,30.50810316,752788,30.51877383,4.440892099e-16,1381,78,9938,0,0,32044.20695,32044.20695,0,30572,341,53.88252449
360,0,32044.20695,23091,-1.455191523e-11,-8953.206951,-5.899491087e-16,-0.3629719098,-8953.206951,-0.3629719098,37.27735169,37.27735169,1,115,0,0,32044.20695,32044.20695,0,30572,342,54.16571689
361,0,32044.20695,30181,0,-1863.206951,0,-0.07553626192,-1863.206951,-0.07553626192,12.58372682,12.58372682,1,23,0,0,32044.20695,32044.20695,0,30572,343,54.45449543
362,0,32044.20695,30816,3.637978807e-12,-1228.206951,1.474872772e-16,-0.04979273069,-1228.206951,-0.04979273069,8.963354133,8.963354133,1,15,0,0,32044.20695,32044.20695,0,30572,344,54.62235117
363,0,31901,31901,-143.2069509,-143.2069509,-0.005805752144,-0.005805752144,0,0,0,0,0,0,1,0,32044.20695,32044.20695,0,30572,345,54.70418835
364,0,31901,36678,-143.2069509,4633.793049,-0.005805752144,0.1878585765,4777,0.1936643286,0,12,5,73,0,0,32044.20695,32044.20695,0,30572,346,54.74524903
365,0,31901,803056,-143.2069509,771011.793,-0.005805752144,31.25758452,771155,31.26339027,0,1450,84,10228,0,0,32044.20695,32044.20695,0,30572,347,54.78684092
366,0,32044.20695,22625,0,-9419.206951,0,-0.381864013,-9419.206951,-0.381864013,40.68988516,40.68988516,1,125,0,0,32044.20695,32044.20695,0,30572,348,55.10086179
367,0,32044.20695,28466,0,-3578.206951,0,-0.1450640667,-3578.206951,-0.1450640667,12.89081793,12.89081793,1,48,0,0,32044.20695,32044.20695,0,30572,349,55.4502275
368,0,32044.20695,29522,0,-2522.206951,0,-0.102252777,-2522.206951,-0.102252777,6.866187881,6.866187881,1,45,0,0,32044.20695,32044.20695,0,30572,350,55.55578423
369,0,32044.20695,32248,0,203.7930491,0,0.008261972792,203.7930491,0.008261972792,1.622925306,1.622925306,0,0,1,0,32044.20695,32044.20695,0,30572,351,55.64416933
370,0,32044.20695,38104,0,6059.793049,0,0.245670034,6059.793049,0.245670034,1.622925306,19.37707469,5,95,0,0,32044.20695,32044.20695,0,30572,352,55.74929333
371,0,32044.20695,32114,0,69.79304911,0,0.002829479589,69.79304911,0.002829479589,0.799593034,0.799593034,0,0,1,0,32044.20695,32044.20695,0,30572,353,55.87460589
372,0,32044.20695,30825,7.275957614e-12,-1219.206951,2.949745544e-16,-0.04942786175,-1219.206951,-0.04942786175,0.7238691351,29.27613086,3,8,0,0,32044.20695,32044.20695,0,30572,354,56.06700182
373,0,30832.33333,29717,-1211.873618,-2327.206951,-0.04913056112,-0.09434728316,-1115.333333,-0.04521672203,5.666666667,5.666666667,1,8,0,0,32044.20695,32044.20695,0,30572,355,56.29691219
374,0,31181.05556,30312,-863.1513953,-1732.206951,-0.03499301559,-0.0702253917,-869.0555556,-0.03523237611,2.777777778,2.777777778,1,6,0,0,32044.20695,32044.20695,0,30572,356,56.38516021
375,0,31243.66667,33913,-800.5402842,1868.793049,-0.0324546989,0.07576272789,2669.333333,0.1082174268,2.733333333,13.2,4,37,0,0,32044.20695,32044.20695,0,30572,357,56.44276261
376,0,31613,31613,-431.2069509,-431.2069509,-0.01748155843,-0.01748155843,0,0,-5.551115123e-16,3.885780586e-15,0,0,1,0,32044.20695,32044.20695,0,30572,358,56.63207436
377,0,31613,37744,-431.2069509,5699.793049,-0.01748155843,0.2310752761,6131,0.2485568345,0,15,6,93,0,0,32044.20695,32044.20695,0,30572,359,56.68936157
378,0,31613,783454,-431.2069509,751409.793,-0.01748155843,30.46289995,751841,30.48038151,0,1428,86,10297,0,0,32044.20695,32044.20695,0,30572,360,56.72956967
379,0,32044.20695,23820,0,-8224.206951,0,-0.3334175251,-8224.206951,-0.3334175251,37.34304163,37.34304163,1,99,0,0,32044.20695,32044.20695,0,30572,361,57.04001331
380,0,32044.20695,30328,-3.637978807e-12,-1716.206951,-1.474872772e-16,-0.06957673579,-1716.206951,-0.06957673579,11.77201359,11.77201359,1,16,0,0,32044.20695,32044.20695,0,30572,362,57.34564376
381,0,32044.20695,29562,0,-2482.206951,0,-0.1006311372,-2482.206951,-0.1006311372,7.235110893,7.235110893,1,23,0,0,32044.20695,32044.20695,0,30572,363,57.50118327
382,0,32044.20695,36692,0,4647.793049,0,0.1884261504,4647.793049,0.1884261504,6.921053618,18.09160651,3,75,0,0,32044.20695,32044.20695,0,30572,364,57.56665277
383,0,32044.20695,31212,-3.637978807e-12,-832.2069509,-1.474872772e-16,-0.03373849705,-832.2069509,-0.03373849705,5.24232603,5.24232603,1,11,0,0,32044.20695,32044.20695,0,30572,365,57.76436663
384,0,31922.5,43643,-121.7069509,11598.79305,-0.004934120772,0.4702266,11720.5,0.4751607208,1.5,26.5,9,163,0,0,32044.20695,32044.20695,0,30572,366,57.88721895
385,0,31922.5,823728,-121.7069509,791683.793,-0.004934120772,32.09564795,791805.5,32.10058207,1.5,1458.5,85,10546,0,0,32044.20695,32044.20695,0,30572,367,57.95913386
386,0,32044.20695,25036,1.455191523e-11,-7008.206951,5.899491087e-16,-0.2841196763,-7008.206951,-0.2841196763,41.43374982,41.43374982,1,96,0,0,32044.20695,32044.20695,0,30572,368,58.2801199
387,0,31669.4,27533,-374.8069509,-4511.206951,-0.01519504637,-0.1828888142,-4136.4,-0.1676937678,8.8,8.8,1,60,0,0,32044.20695,32044.20695,0,30572,369,58.54477906
388,0,31902,31916,-142.2069509,-128.2069509,-0.00576521115,-0.005197637234,14,0.0005675739168,5.5,5.5,1,6,0,0,32044.20695,32044.20695,0,30572,370,58.65274525
389,0,32044.20695,35195,0,3150.793049,0,0.1277362823,3150.793049,0.1277362823,3.62623357,22.37376643,7,65,0,0,32044.20695,32044.20695,0,30572,371,58.86271405
390,0,32044.20695,31793,0,-251.2069509,0,-0.0101841795,-251.2069509,-0.0101841795,1.589374732,1.589374732,1,3,0,0,32044.20695,32044.20695,0,30572,372,59.09357429
391,0,32044.20695,32245,0,200.7930491,0,0.00814034981,200.7930491,0.00814034981,1.230960266,8.769039734,4,37,0,0,32044.20695,32044.20695,0,30572,373,59.2001102
392,0,32003.5,821507,-40.70695089,789462.793,-0.001650300254,32.0056064,789503.5,32.0072567,1.25,1484.25,89,10471,0,0,32044.20695,32044.20695,0,30572,374,59.31170845
393,0,32044.20695,20432,7.275957614e-12,-11612.20695,2.949745544e-16,-0.4707704129,-11612.20695,-0.4707704129,41.98364641,41.98364641,1,159,0,0,32044.20695,32044.20695,0,30572,375,59.61683297
394,0,32044.20695,28416,3.637978807e-12,-3628.206951,1.474872772e-16,-0.1470911164,-3628.206951,-0.1470911164,17.64618047,17.64618047,1,42,0,0,32044.20695,32044.20695,0,30572,376,59.9344511
395,0,32044.20695,32079,3.637978807e-12,34.79304911,1.474872772e-16,0.001410544797,34.79304911,0.001410544797,0.4398178293,0.4398178293,0,0,1,0,32044.20695,32044.20695,0,30572,377,60.15667176
396,0,32044.20695,26820,-7.275957614e-12,-5224.206951,-2.949745544e-16,-0.2117945429,-5224.206951,-0.2117945429,0.3472360191,12.08041255,1,43,0,0,32044.20695,32044.20695,0,30572,378,60.28238153
397,0,31770,30735,-274.2069509,-1309.206951,-0.01111662237,-0.05307655121,-1035,-0.04195992885,6.25,6.25,1,2,0,0,32044.20695,32044.20695,0,30572,379,60.47847533
398,0,31868.5,38834,-175.7069509,6789.793049,-0.007123334451,0.2752649596,6965.5,0.2823882941,3.1,22.9,6,30,0,0,32044.20695,32044.20695,0,30572,380,60.59638309
399,0,32044.20695,30861,0,-1183.206951,0,-0.04796838596,-1183.206951,-0.04796838596,7.722824043,7.722824043,1,20,0,0,32044.20695,32044.20695,0,30572,381,60.85067415
400,0,32044.20695,32099,0,54.79304911,0,0.002221364678,54.79304911,0.002221364678,1.064434812,1.064434812,0,0,1,0,32044.20695,32044.20695,0,30572,382,60.9512198
401,0,32044.20695,28548,3.637978807e-12,-3496.206951,1.474872772e-16,-0.1417397052,-3496.206951,-0.1417397052,0.5253066643,16.00387394,1,36,0,0,32044.20695,32044.20695,0,30572,383,61.06725216
402,0,31494,29162,-550.2069509,-2882.206951,-0.02230593672,-0.1168475349,-2332,-0.09454159813,7,7,1,16,0,0,32044.20695,32044.20695,0,30572,384,61.25934601
403,0,31345.66667,30799,-698.5402842,-1245.206951,-0.02831951751,-0.05048192759,-546.6666667,-0.02216241008,3.666666667,3.666666667,1,8,0,0,32044.20695,32044.20695,0,30572,385,61.35182762
404,0,31730,30374,-314.2069509,-1670.206951,-0.01273826213,-0.06771185006,-1356,-0.05497358794,2.5,2.5,1,16,0,0,32044.20695,32044.20695,0,30572,386,61.41361308
405,0,31443,31443,-601.2069509,-601.2069509,-0.02437352742,-0.02437352742,0,0,0,0,0,0,1,0,32044.20695,32044.20695,0,30572,387,61.45150256
406,0,31443,33573,-601.2069509,1528.793049,-0.02437352742,0.06197878991,2130,0.08635231733,-1.110223025e-16,11,5,67,0,0,32044.20695,32044.20695,0,30572,388,61.48512936
407,0,31443,804990,-601.2069509,772945.793,-0.02437352742,31.3359908,773547,31.36036433,0,1454,93,10197,0,0,32044.20695,32044.20695,0,30572,389,61.56332731
408,0,32044.20695,20861,-7.275957614e-12,-11183.20695,-2.949745544e-16,-0.4533783265,-11183.20695,-0.4533783265,38.04713717,38.04713717,1,150,0,0,32044.20695,32044.20695,0,30572,390,61.87349081
409,0,32044.20695,26040,0,-6004.206951,0,-0.2434165183,-6004.206951,-0.2434165183,20.5478715,20.5478715,1,85,0,0,32044.20695,32044.20695,0,30572,391,62.16278815
410,0,32044.20695,29322,0,-2722.206951,0,-0.1103609758,-2722.206951,-0.1103609758,12.6749257,12.6749257,1,37,0,0,32044.20695,32044.20695,0,30572,392,62.32464576
411,0,32044.20695,32187,1.455191523e-11,142.7930491,5.899491087e-16,0.005788972155,142.7930491,0.005788972155,2.721487535,2.721487535,0,0,1,0,32044.20695,32044.20695,0,30572,393,62.4694643
412,0,32044.20695,24919,3.637978807e-12,-7125.206951,1.474872772e-16,-0.2888629726,-7125.206951,-0.2888629726,1.535663611,27.87086739,1,60,0,0,32044.20695,32044.20695,0,30572,394,62.60129046
413,0,31429.33333,27210,-614.8736176,-4834.206951,-0.02492758767,-0.1959835553,-4219.333333,-0.1710559676,9.666666667,9.666666667,1,44,0,0,32044.20695,32044.20695,0,30572,395,62.82278395
414,0,31367.33333,29332,-676.8736176,-2712.206951,-0.0274411293,-0.1099555659,-2035.333333,-0.08251443656,6.571428571,6.571428571,1,12,0,0,32044.20695,32044.20695,0,30572,396,62.90508604
415,0,31489.28571,31204,-554.9212366,-840.2069509,-0.02249705855,-0.034062825,-285.2857143,-0.01156576645,3.428571429,3.428571429,1,2,0,0,32044.20695,32044.20695,0,30572,397,63.00753522
416,0,31634.28571,30808,-409.9212366,-1236.206951,-0.01661861442,-0.05011705865,-826.2857143,-0.03349844423,2.857142857,2.857142857,1,8,0,0,32044.20695,32044.20695,0,30572,398,63.0545435
417,0,31643,42222,-401.2069509,10177.79305,-0.01626532861,0.4126178475,10579,0.4288831761,2.666666667,26.33333333,6,143,0,0,32044.20695,32044.20695,0,30572,399,63.10770941
418,0,32044.20695,32313,0,268.7930491,0,0.01089713741,268.7930491,0.01089713741,2.139646162,2.139646162,0,0,1,0,32044.20695,32044.20695,0,30572,400,63.25526333
419,0,32044.20695,35804,-3.637978807e-12,3759.793049,-1.474872772e-16,0.1524257476,3759.793049,0.1524257476,1.739085463,19.26091454,3,72,0,0,32044.20695,32044.20695,0,30572,401,63.39261746
420,0,31537.66667,31155,-506.5402842,-889.2069509,-0.02053564665,-0.03604933371,-382.6666667,-0.01551368706,2.666666667,2.666666667,1,8,0,0,32044.20695,32044.20695,0,30572,402,63.55861568
421,0,31555.75,35718,-488.4569509,3673.793049,-0.01980253034,0.1489392222,4162.25,0.1687417525,2.25,12.75,3,61,0,0,32044.20695,32044.20695,0,30572,403,63.66419411
422,0,31710,30833,-334.2069509,-1211.206951,-0.01354908201,-0.04910353379,-877,-0.03555445179,2,2,1,10,0,0,32044.20695,32044.20695,0,30572,404,63.8114233
423,0,31638.5,31937,-405.7069509,-107.2069509,-0.01644776308,-0.004346276358,298.5,0.01210148673,1.5,1.5,1,2,0,0,32044.20695,32044.20695,0,30572,405,63.87294269
424,0,31638.5,31709,-405.7069509,-335.2069509,-0.01644776308,-0.013589623,70.5,0.002858140081,1.5,1.5,1,4,0,0,32044.20695,32044.20695,0,30572,406,63.8991909
425,0,31638.5,813986,-405.7069509,781941.793,-0.01644776308,31.70069758,782347.5,31.71714535,1.5,1450.5,86,10326,0,0,32044.20695,32044.20695,0,30572,407,63.93967271
426,0,32044.20695,23374,-3.637978807e-12,-8670.206951,-1.474872772e-16,-0.3514988084,-8670.206951,-0.3514988084,36.83406037,36.83406037,1,116,0,0,32044.20695,32044.20695,0,30572,408,64.26924515
427,0,32044.20695,26767,7.275957614e-12,-5277.206951,2.949745544e-16,-0.2139432156,-5277.206951,-0.2139432156,17.73086002,17.73086002,1,65,0,0,32044.20695,32044.20695,0,30572,409,64.54671907
428,0,32044.20695,29830,1.091393642e-11,-2214.206951,4.424618316e-16,-0.08976615083,-2214.206951,-0.08976615083,13.92748187,13.92748187,1,24,0,0,32044.20695,32044.20695,0,30572,410,64.65848207
429,0,32044.20695,28925,0,-3119.206951,0,-0.1264557504,-3119.206951,-0.1264557504,11.96984774,11.96984774,1,36,0,0,32044.20695,32044.20695,0,30572,411,64.80900931
430,0,32044.20695,30030,0,-2014.206951,0,-0.08165795202,-2014.206951,-0.08165795202,10.64031646,10.64031646,1,27,0,0,32044.20695,32044.20695,0,30572,412,64.87409472
431,0,32044.20695,31234,0,-810.2069509,0,-0.03284659518,-810.2069509,-0.03284659518,3.511568188,3.511568188,1,12,0,0,32044.20695,32044.20695,0,30572,413,64.95567393
432,0,31688,31688,-356.2069509,-356.2069509,-0.01444098388,-0.01444098388,0,0,0,0,0,0,1,0,32044.20695,32044.20695,0,30572,414,65.01964283
433,0,31688,41932,-356.2069509,9887.793049,-0.01444098388,0.4008609592,10244,0.4153019431,0,23,8,142,0,0,32044.20695,32044.20695,0,30572,415,65.04648638
434,0,31688,799783,-356.2069509,767738.793,-0.01444098388,31.12489384,768095,31.13933483,6.661338148e-16,1423,86,10157,0,0,32044.20695,32044.20695,0,30572,416,65.09110427
435,0,32044.20695,21152,-7.275957614e-12,-10892.20695,-2.949745544e-16,-0.4415808972,-10892.20695,-0.4415808972,40.759162,40.759162,1,141,0,0,32044.20695,32044.20695,0,30572,417,65.3467083
436,0,32044.20695,25476,0,-6568.206951,0,-0.2662816389,-6568.206951,-0.2662816389,18.23688808,18.23688808,1,87,0,0,32044.20695,32044.20695,0,30572,418,65.67332053
437,0,32014.44444,29949,-29.76250644,-2095.206951,-0.001206601597,-0.08494177254,-2065.444444,-0.08373517094,10.33333333,10.33333333,1,31,0,0,32044.20695,32044.20695,0,30572,419,65.76919293
438,0,32044.20695,28963,0,-3081.206951,0,-0.1249151927,-3081.206951,-0.1249151927,7.216964644,7.216964644,1,34,0,0,32044.20695,32044.20695,0,30572,420,65.86402893
439,0,31695,31695,-349.2069509,-349.2069509,-0.01415719692,-0.01415719692,0,0,0,0,0,0,1,0,32044.20695,32044.20695,0,30572,421,65.93607593
440,0,31695,37826,-349.2069509,5781.793049,-0.01415719692,0.2343996376,6131,0.2485568345,0,15,6,93,0,0,32044.20695,32044.20695,0,30572,422,65.9727757
441,0,31695,824264,-349.2069509,792219.793,-0.01415719692,32.11737792,792569,32.13153512,0,1458,82,10521,0,0,32044.20695,32044.20695,0,30572,423,66.00361466
442,0,32044.20695,27307,0,-4737.206951,0,-0.1920510788,-4737.206951,-0.1920510788,32.70482028,32.70482028,1,65,0,0,32044.20695,32044.20695,0,30572,424,66.28183556
443,0,32044.20695,31888,0,-156.2069509,0,-0.006332785067,-156.2069509,-0.006332785067,6.604391429,6.604391429,1,2,0,0,32044.20695,32044.20695,0,30572,425,66.55613971
444,0,32044.20695,33646,0,1601.793049,0,0.06493828248,1601.793049,0.06493828248,2.578702903,15.4212971,4,27,0,0,32044.20695,32044.20695,0,30572,426,66.71222043
445,0,32044.20695,29867,0,-2177.206951,0,-0.08826613405,-2177.206951,-0.08826613405,7.172076955,7.172076955,1,23,0,0,32044.20695,32044.20695,0,30572,427,66.91282749
446,0,31828,30414,-216.2069509,-1630.206951,-0.00876524471,-0.0660902103,-1414,-0.05732496559,3,3,1,17,0,0,32044.20695,32044.20695,0,30572,428,67.07680821
447,0,31828,32057,-216.2069509,12.79304911,-0.00876524471,0.000518642928,229,0.009283887638,3,3,1,2,0,0,32044.20695,32044.20695,0,30572,429,67.15043592
448,0,31828,772118,-216.2069509,740073.793,-0.00876524471,30.00332724,740290,30.01209249,3,1415,80,10003,0,0,32044.20695,32044.20695,0,30572,430,67.23317242
449,0,32044.20695,27464,3.637978807e-12,-4580.206951,1.474872772e-16,-0.1856861428,-4580.206951,-0.1856861428,35.13504599,35.13504599,1,71,0,0,32044.20695,32044.20695,0,30572,431,67.53239298
450,0,32044.20695,31347,0,-697.2069509,0,-0.02826546285,-697.2069509,-0.02826546285,3.955678957,3.955678957,1,15,0,0,32044.20695,32044.20695,0,30572,432,67.89075351
451,0,32012,32012,-32.20695089,-32.20695089,-0.001305701804,-0.001305701804,0,0,0,0,0,0,1,0,32044.20695,32044.20695,0,30572,433,67.9962337
452,0,32012,36789,-32.20695089,4744.793049,-0.001305701804,0.1923586268,4777,0.1936643286,0,12,5,73,0,0,32044.20695,32044.20695,0,30572,434,68.02540779
453,0,32012,770707,-32.20695089,738662.793,-0.001305701804,29.9461239,738695,29.9474296,0,1375,84,9873,0,0,32044.20695,32044.20695,0,30572,435,68.09013391
454,0,32044.20695,21381,0,-10663.20695,0,-0.4322970096,-10663.20695,-0.4322970096,41.08091221,41.08091221,1,140,0,0,32044.20695,32044.20695,0,30572,436,68.37676644
455,0,32044.20695,28930,0,-3114.206951,0,-0.1262530455,-3114.206951,-0.1262530455,12.09180707,12.09180707,1,47,0,0,32044.20695,32044.20695,0,30572,437,68.63459539
456,0,32044.20695,30214,0,-1830.206951,0,-0.07419840911,-1830.206951,-0.07419840911,7.345184125,7.345184125,1,27,0,0,32044.20695,32044.20695,0,30572,438,68.84240723
457,0,32044.20695,31133,0,-911.2069509,0,-0.03694123558,-911.2069509,-0.03694123558,5.503751341,5.503751341,1,9,0,0,32044.20695,32044.20695,0,30572,439,68.9461484
458,0,32044.20695,31843,0,-201.2069509,0,-0.0081571298,-201.2069509,-0.0081571298,4.540399466,4.540399466,1,2,0,0,32044.20695,32044.20695,0,30572,440,69.04963923
459,0,32044.20695,31562,0,-482.2069509,0,-0.01954914913,-482.2069509,-0.01954914913,3.242505914,3.242505914,0,0,1,0,32044.20695,32044.20695,0,30572,441,69.06822872
460,0,31562,39484,-482.2069509,7439.793049,-0.01954914913,0.3016166058,7922,0.3211657549,0,19,6,118,0,0,32044.20695,32044.20695,0,30572,442,69.18105936
461,0,31562,819975,-482.2069509,787930.793,-0.01954914913,31.9434976,788413,31.96304674,0,1485,86,10634,0,0,32044.20695,32044.20695,0,30572,443,69.24266362
462,0,32044.20695,27354,3.637978807e-12,-4690.206951,1.474872772e-16,-0.1901456521,-4690.206951,-0.1901456521,32.66896448,32.66896448,1,75,0,0,32044.20695,32044.20695,0,30572,444,69.56075907
463,0,32044.20695,31904,0,-140.2069509,0,-0.005684129162,-140.2069509,-0.005684129162,5.649939355,5.649939355,1,4,0,0,32044.20695,32044.20695,0,30572,445,69.83940887
464,0,32044.20695,31936,0,-108.2069509,0,-0.004386817353,-108.2069509,-0.004386817353,2.618526352,2.618526352,1,2,0,0,32044.20695,32044.20695,0,30572,446,69.97144985
465,0,32044.20695,35155,0,3110.793049,0,0.1261146425,3110.793049,0.1261146425,2.598568522,19.40143148,4,54,0,0,32044.20695,32044.20695,0,30572,447,70.04112458
466,0,31035,31035,-1009.206951,-1009.206951,-0.04091425299,-0.04091425299,0,0,1.110223025e-16,1.110223025e-16,0,0,1,0,32044.20695,32044.20695,0,30572,448,70.1750052
467,0,31035,35595,-1009.206951,3550.793049,-0.04091425299,0.1439526799,4560,0.1848669329,0,11,4,67,0,0,32044.20695,32044.20695,0,30572,449,70.21589565
468,0,31035,825443,-1009.206951,793398.793,-0.04091425299,32.16517575,794408,32.20609,0,1471,80,10518,0,0,32044.20695,32044.20695,0,30572,450,70.25031662
469,0,32044.20695,24480,7.275957614e-12,-7564.206951,2.949745544e-16,-0.306660469,-7564.206951,-0.306660469,40.24429464,40.24429464,1,86,0,0,32044.20695,32044.20695,0,30572,451,70.51252484
470,0,31913.21429,29602,-130.9926652,-2442.206951,-0.00531057286,-0.09900949747,-2311.214286,-0.09369892461,7.857142857,7.857142857,1,33,0,0,32044.20695,32044.20695,0,30572,452,70.80587292
471,0,31699,39142,-345.2069509,7097.793049,-0.01399503294,0.2877515858,7443,0.3017466187,4.5,17.5,7,115,0,0,32044.20695,32044.20695,0,30572,453,70.89262867
472,0,31699,786360,-345.2069509,754315.793,-0.01399503294,30.58071208,754661,30.59470711,4.5,1408.5,78,10099,0,0,32044.20695,32044.20695,0,30572,454,70.98178649
473,0,32044.20695,25634,3.637978807e-12,-6410.206951,1.474872772e-16,-0.2598761619,-6410.206951,-0.2598761619,35.99779619,35.99779619,1,64,0,0,32044.20695,32044.20695,0,30572,455,71.3012321
474,0,32044.20695,30761,0,-1283.206951,0,-0.05202248537,-1283.206951,-0.05202248537,9.73804842,9.73804842,1,9,0,0,32044.20695,32044.20695,0,30572,456,71.63847566
475,0,32044.20695,30394,0,-1650.206951,0,-0.06690103018,-1650.206951,-0.06690103018,5.468653915,5.468653915,1,15,0,0,32044.20695,32044.20695,0,30572,457,71.77540684
476,0,32044.20695,31160,0,-884.2069509,0,-0.03584662874,-884.2069509,-0.03584662874,4.052718036,4.052718036,1,8,0,0,32044.20695,32044.20695,0,30572,458,71.86904955
477,0,32044.20695,30874,3.637978807e-12,-1170.206951,1.474872772e-16,-0.04744135304,-1170.206951,-0.04744135304,4.041115762,4.041115762,1,8,0,0,32044.20695,32044.20695,0,30572,459,71.91638327
478,0,32037,32037,-7.206950889,-7.206950889,-0.0002921769531,-0.0002921769531,0,0,0,0,0,0,1,0,32044.20695,32044.20695,0,30572,460,72.01742983
479,0,32037,34495,-7.206950889,2450.793049,-0.0002921769531,0.09935758643,2458,0.09964976338,-1.110223025e-16,11,4,67,0,0,32044.20695,32044.20695,0,30572,461,72.03871441
480,0,32037,795296,-7.206950889,763251.793,-0.0002921769531,30.9429864,763259,30.94327858,0,1424,81,10289,0,0,32044.20695,32044.20695,0,30572,462,72.10819578
481,0,32044.20695,24953,0,-7091.206951,0,-0.2874845788,-7091.206951,-0.2874845788,34.60499232,34.60499232,1,89,0,0,32044.20695,32044.20695,0,30572,463,72.39883065
482,0,32044.20695,31960,-1.091393642e-11,-84.20695089,-4.424618316e-16,-0.003413833495,-84.20695089,-0.003413833495,8.058831508,8.058831508,1,11,0,0,32044.20695,32044.20695,0,30572,464,72.72557592
483,0,32044.20695,34706,0,2661.793049,0,0.1079117362,2661.793049,0.1079117362,6.582705743,21.31552949,4,53,0,0,32044.20695,32044.20695,0,30572,465,72.89205074
484,0,31997,30815,-47.20695089,-1229.206951,-0.001913816715,-0.04983327169,-1182,-0.04791945497,6.333333333,6.333333333,1,11,0,0,32044.20695,32044.20695,0,30572,466,73.08669829
485,0,32044.20695,38699,0,6654.793049,0,0.2697919254,6654.793049,0.2697919254,3.988747541,17.01125246,3,80,0,0,32044.20695,32044.20695,0,30572,467,73.22149277
486,0,31898.5,29505,-145.7069509,-2539.206951,-0.00590710463,-0.1029419739,-2393.5,-0.09703486927,4.5,4.5,1,28,0,0,32044.20695,32044.20695,0,30572,468,73.3843534
487,0,31898.5,37026,-145.7069509,4981.793049,-0.00590710463,0.2019668424,5127.5,0.207873947,4.5,14.5,4,87,0,0,32044.20695,32044.20695,0,30572,469,73.48291302
488,0,31898.5,799829,-145.7069509,767784.793,-0.00590710463,31.12675873,767930.5,31.13266583,4.5,1408.5,88,10162,0,0,32044.20695,32044.20695,0,30572,470,73.58659482
489,0,32044.20695,19954,0,-12090.20695,0,-0.4901490081,-12090.20695,-0.4901490081,43.80562763,43.80562763,1,154,0,0,32044.20695,32044.20695,0,30572,471,73.88399315
490,0,32044.20695,27001,0,-5043.206951,0,-0.204456623,-5043.206951,-0.204456623,17.65219234,17.65219234,1,60,0,0,32044.20695,32044.20695,0,30572,472,74.23613334
491,0,32044.20695,31955,-3.637978807e-12,-89.20695089,-1.474872772e-16,-0.003616538466,-89.20695089,-0.003616538466,1.752773596,1.752773596,0,0,1,0,32044.20695,32044.20695,0,30572,473,74.35808182
492,0,31955,40414,-89.20695089,8369.793049,-0.003616538466,0.3393197302,8459,0.3429362687,0,22,7,138,0,0,32044.20695,32044.20695,0,30572,474,74.44232321
493,0,31955,787828,-89.20695089,755783.793,-0.003616538466,30.64022626,755873,30.6438428,0,1437,82,10143,0,0,32044.20695,32044.20695,0,30572,475,74.51200652
494,0,32044.20695,27256,0,-4788.206951,0,-0.1941186695,-4788.206951,-0.1941186695,33.6348705,33.6348705,1,70,0,0,32044.20695,32044.20695,0,30572,476,74.78487992
495,0,32044.20695,28058,-1.091393642e-11,-3986.206951,-4.424618316e-16,-0.1616047923,-3986.206951,-0.1616047923,13.95201774,13.95201774,1,54,0,0,32044.20695,32044.20695,0,30572,477,75.12349272
496,0,32044.20695,31266,-3.637978807e-12,-778.2069509,-1.474872772e-16,-0.03154928337,-778.2069509,-0.03154928337,2.368522392,2.368522392,1,11,0,0,32044.20695,32044.20695,0,30572,478,75.23302817
497,0,32044.20695,33327,0,1282.793049,0,0.05200570538,1282.793049,0.05200570538,2.368522392,16.63147761,4,101,0,0,32044.20695,32044.20695,0,30572,479,75.27987599
498,0,31903,31003,-141.2069509,-1041.206951,-0.005724670156,-0.0422115648,-900,-0.03648689465,2.5,2.5,1,11,0,0,32044.20695,32044.20695,0,30572,480,75.41339326
499,0,32008.66667,31667,-35.54028422,-377.2069509,-0.001440838451,-0.01529234475,-341.6666667,-0.0138515063,1.666666667,1.666666667,1,2,0,0,32044.20695,32044.20695,0,30572,481,75.56198931
500,0,32044.20695,42033,0,9988.793049,0,0.4049555996,9988.793049,0.4049555996,1.634705979,23.36529402,5,121,0,0,32044.20695,32044.20695,0,30572,482,75.62269306
501,0,32008.66667,829047,-35.54028422,797002.793,-0.001440838451,32.31128549,797038.3333,32.31272633,1.666666667,1485.333333,84,10607,0,0,32044.20695,32044.20695,0,30572,483,75.73427916
502,0,32044.20695,24664,0,-7380.206951,0,-0.2992009261,-7380.206951,-0.2992009261,35.95004056,35.95004056,1,95,0,0,32044.20695,32044.20695,0,30572,484,76.07542872
503,0,32044.20695,30797,0,-1247.206951,0,-0.05056300958,-1247.206951,-0.05056300958,10.54162293,10.54162293,1,6,0,0,32044.20695,32044.20695,0,30572,485,76.41149306
504,0,31332,30027,-712.2069509,-2017.206951,-0.02887357776,-0.081779575,-1305,-0.05290599724,3.5,3.5,1,19,0,0,32044.20695,32044.20695,0,30572,486,76.58288717
505,0,31205,31205,-839.2069509,-839.2069509,-0.03402228401,-0.03402228401,0,0,0,0,0,0,1,0,32044.20695,32044.20695,0,30572,487,76.65335274
506,0,31205,37739,-839.2069509,5694.793049,-0.03402228401,0.2308725711,6534,0.2648948551,0,16,6,99,0,0,32044.20695,32044.20695,0,30572,488,76.67734456
507,0,31205,819383,-839.2069509,787338.793,-0.03402228401,31.91949733,788178,31.95351961,0,1467,80,10471,0,0,32044.20695,32044.20695,0,30572,489,76.73122454
508,0,32044.20695,23059,0,-8985.206951,0,-0.3642692216,-8985.206951,-0.3642692216,37.1110449,37.1110449,1,99,0,0,32044.20695,32044.20695,0,30572,490,77.03025508
509,0,32044.20695,24435,0,-7609.206951,0,-0.3084848137,-7609.206951,-0.3084848137,18.11248599,18.11248599,1,88,0,0,32044.20695,32044.20695,0,30572,491,77.2875874
510,0,32044.20695,24860,0,-7184.206951,0,-0.2912548913,-7184.206951,-0.2912548913,17.26862963,17.26862963,1,76,0,0,32044.20695,32044.20695,0,30572,492,77.39377499
511,0,32044.20695,27498,0,-4546.206951,0,-0.184307749,-4546.206951,-0.184307749,13.63585222,13.63585222,1,36,0,0,32044.20695,32044.20695,0,30572,493,77.48530364
512,0,32044.20695,27658,0,-4386.206951,0,-0.1778211899,-4386.206951,-0.1778211899,11.30500735,11.30500735,1,41,0,0,32044.20695,32044.20695,0,30572,494,77.60579395
513,0,32044.20695,31847,0,-197.2069509,0,-0.007994965823,-197.2069509,-0.007994965823,3.769856744,3.769856744,1,4,0,0,32044.20695,32044.20695,0,30572,495,77.66597152
514,0,32044.20695,32190,0,145.7930491,0,0.005910595137,145.7930491,0.005910595137,2.12836568,2.12836568,0,0,1,0,32044.20695,32044.20695,0,30572,496,77.75683928
515,0,32044.20695,35892,0,3847.793049,0,0.1559933551,3847.793049,0.1559933551,1.063074316,19.93692568,5,77,0,0,32044.20695,32044.20695,0,30572,497,77.79820991
516,0,31230,31230,-814.2069509,-814.2069509,-0.03300875915,-0.03300875915,0,0,0,0,0,0,1,0,32044.20695,32044.20695,0,30572,498,77.93535709
517,0,31230,40962,-814.2069509,8917.793049,-0.03300875915,0.361536195,9732,0.3945449541,0,23,8,138,0,0,32044.20695,32044.20695,0,30572,499,78.00201583
518,0,31230,805797,-814.2069509,773752.793,-0.03300875915,31.36870738,774567,31.40171614,0,1451,92,10335,0,0,32044.20695,32044.20695,0,30572,500,78.06483364
519,0,32044.20695,22425,7.275957614e-12,-9619.206951,2.949745544e-16,-0.3899722118,-9619.206951,-0.3899722118,40.89867702,40.89867702,1,118,0,0,32044.20695,32044.20695,0,30572,501,78.35304499
520,0,32044.20695,27900,0,-4144.206951,0,-0.1680102694,-4144.206951,-0.1680102694,12.83333333,12.83333333,1,35,0,0,32044.20695,32044.20695,0,30572,502,78.67606974
521,0,32044.20695,29734,0,-2310.206951,0,-0.09365808626,-2310.206951,-0.09365808626,6.883007992,6.883007992,1,21,0,0,32044.20695,32044.20695,0,30572,503,78.84245038
522,0,32044.20695,30433,3.637978807e-12,-1611.206951,1.474872772e-16,-0.06531993142,-1611.206951,-0.06531993142,4.753171735,4.753171735,1,11,0,0,32044.20695,32044.20695,0,30572,504,78.96870565
523,0,32044.20695,34459,0,2414.793049,0,0.09789811065,2414.793049,0.09789811065,4.636363636,8.702363072,2,28,0,0,32044.20695,32044.20695,0,30572,505,78.99488258
524,0,31801.14286,30310,-243.0640937,-1734.206951,-0.009854059979,-0.07030647368,-1491.142857,-0.0604524137,4.428571429,4.428571429,1,12,0,0,32044.20695,32044.20695,0,30572,506,79.11069679
525,0,31663,31663,-381.2069509,-381.2069509,-0.01545450873,-0.01545450873,6.912159733e-11,2.802258267e-15,1.248493331e-13,2.858714568e-12,0,0,1,0,32044.20695,32044.20695,0,30572,507,79.1514039
526,0,31663,42901,-381.2069509,10856.79305,-0.01545450873,0.4401451824,11238,0.4555996912,3.289181369e-13,24,3,147,0,0,32044.20695,32044.20695,0,30572,508,79.16677952
527,0,31663,31663,-381.2069509,-381.2069509,-0.01545450873,-0.01545450873,0,0,0,0,0,0,1,0,32044.20695,32044.20695,0,30572,509,79.28250241
528,0,31663,39970,-381.2069509,7925.793049,-0.01545450873,0.3213195289,8307,0.3367740376,0,28,11,159,0,0,32044.20695,32044.20695,0,30572,510,79.35708165
529,0,31663,776949,-381.2069509,744904.793,-0.01545450873,30.19918079,745286,30.21463529,2.220446049e-16,1400,81,9965,0,0,32044.20695,32044.20695,0,30572,511,79.424119
530,0,32044.20695,27415,0,-4629.206951,0,-0.1876726515,-4629.206951,-0.1876726515,30.31146713,30.31146713,1,71,0,0,32044.20695,32044.20695,0,30572,512,79.7168746
531,0,32044.20695,32066,0,21.79304911,0,0.0008835118744,21.79304911,0.0008835118744,11.99413275,11.99413275,1,17,0,0,32044.20695,32044.20695,0,30572,513,80.01403141
532,0,32044.20695,31603,0,-441.2069509,0,-0.01788696837,-441.2069509,-0.01788696837,2.252186934,2.252186934,1,11,0,0,32044.20695,32044.20695,0,30572,514,80.1913352
533,0,32044.20695,35194,0,3149.793049,0,0.1276957413,3149.793049,0.1276957413,2.252186934,14.74781307,3,75,0,0,32044.20695,32044.20695,0,30572,515,80.23592758
534,0,31743,31201,-301.2069509,-843.2069509,-0.0122112292,-0.03418444798,-542,-0.02197321878,1.5,1.5,1,11,0,0,32044.20695,32044.20695,0,30572,516,80.38525319
535,0,31743,35782,-301.2069509,3737.793049,-0.0122112292,0.1515338458,4039,0.163745075,1.5,14.5,6,86,0,0,32044.20695,32044.20695,0,30572,517,80.48207331
536,0,31743,776123,-301.2069509,744078.793,-0.0122112292,30.16569392,744380,30.17790515,1.5,1407.5,87,10014,0,0,32044.20695,32044.20695,0,30572,518,80.56482148
537,0,32044.20695,23660,0,-8384.206951,0,-0.3399040841,-8384.206951,-0.3399040841,29.92631421,29.92631421,1,104,0,0,32044.20695,32044.20695,0,30572,519,80.86294794
538,0,32044.20695,28837,0,-3207.206951,0,-0.1300233579,-3207.206951,-0.1300233579,10.76684967,10.76684967,1,43,0,0,32044.20695,32044.20695,0,30572,520,81.15998721
539,0,31732.92308,31170,-311.283874,-874.2069509,-0.01261975768,-0.0354412188,-562.9230769,-0.02282146111,3.538461538,3.538461538,1,7,0,0,32044.20695,32044.20695,0,30572,521,81.27295065
540,0,31519.5,30662,-524.7069509,-1382.206951,-0.02127214138,-0.05603604378,-857.5,-0.0347639024,2.5,2.5,1,16,0,0,32044.20695,32044.20695,0,30572,522,81.33960652
541,0,31358,31358,-686.2069509,-686.2069509,-0.02781951192,-0.02781951192,0,0,0,0,0,0,1,0,32044.20695,32044.20695,0,30572,523,81.37758589
542,0,31358,38477,-686.2069509,6432.793049,-0.02781951192,0.2607918248,7119,0.2886113367,0,20,6,123,0,0,32044.20695,32044.20695,0,30572,524,81.40583944
543,0,31358,805147,-686.2069509,773102.793,-0.02781951192,31.34235574,773789,31.37017525,0,1434,86,10241,0,0,32044.20695,32044.20695,0,30572,525,81.45605254
544,0,32044.20695,24972,0,-7072.206951,0,-0.2867142999,-7072.206951,-0.2867142999,32.3485973,32.3485973,1,88,0,0,32044.20695,32044.20695,0,30572,526,81.74735212
545,0,32044.20695,29007,0,-3037.206951,0,-0.1231313889,-3037.206951,-0.1231313889,14.34600369,14.34600369,1,41,0,0,32044.20695,32044.20695,0,30572,527,82.08977318
546,0,32044.20695,31034,0,-1010.206951,0,-0.04095479399,-1010.206951,-0.04095479399,10.02132229,10.02132229,1,11,0,0,32044.20695,32044.20695,0,30572,528,82.21719337
547,0,32044.20695,32096,3.637978807e-12,51.79304911,1.474872772e-16,0.002099741696,51.79304911,0.002099741696,1.049112935,1.049112935,0,0,1,0,32044.20695,32044.20695,0,30572,529,82.39136147
548,0,32044.20695,28920,-3.637978807e-12,-3124.206951,-1.474872772e-16,-0.1266584554,-3124.206951,-0.1266584554,0.3379644314,10.66203557,2,46,0,0,32044.20695,32044.20695,0,30572,530,82.51542711
549,0,31483,31483,-561.2069509,-561.2069509,-0.02275188766,-0.02275188766,0,0,0,0,0,0,1,0,32044.20695,32044.20695,0,30572,531,82.6623342
550,0,31483,37925,-561.2069509,5880.793049,-0.02275188766,0.238413196,6442,0.2611650837,4.026972473e-15,13,5,87,0,0,32044.20695,32044.20695,0,30572,532,82.71869802
551,0,31483,810343,-561.2069509,778298.793,-0.02275188766,31.55300674,778860,31.57575863,0,1460,85,10408,0,0,32044.20695,32044.20695,0,30572,533,82.82981277
552,0,32044.20695,23390,-7.275957614e-12,-8654.206951,-2.949745544e-16,-0.3508501525,-8654.206951,-0.3508501525,40.84490184,40.84490184,1,108,0,0,32044.20695,32044.20695,0,30572,534,83.1657114
553,0,32044.20695,27845,0,-4199.206951,0,-0.170240024,-4199.206951,-0.170240024,10.30045762,10.30045762,1,39,0,0,32044.20695,32044.20695,0,30572,535,83.46748757
554,0,31702.45833,28970,-341.7486176,-3074.206951,-0.01385482867,-0.1246314057,-2732.458333,-0.110776577,8.375,8.375,1,30,0,0,32044.20695,32044.20695,0,30572,536,83.57325149
555,0,31363.5,29430,-680.7069509,-2614.206951,-0.02759653645,-0.1059825485,-1933.5,-0.078386012,3,3,1,19,0,0,32044.20695,32044.20695,0,30572,537,83.67721272
556,0,31363.5,39005,-680.7069509,6960.793049,-0.02759653645,0.2821974696,7641.5,0.3097940061,3,17,4,103,0,0,32044.20695,32044.20695,0,30572,538,83.75171185
557,0,31363.5,813265,-680.7069509,781220.793,-0.02759653645,31.67146753,781901.5,31.69906406,3,1453,94,10338,0,0,32044.20695,32044.20695,0,30572,539,83.84636497
558,0,32044.20695,26004,3.637978807e-12,-6040.206951,1.474872772e-16,-0.2448759941,-6040.206951,-0.2448759941,38.44007248,38.44007248,1,81,0,0,32044.20695,32044.20695,0,30572,540,84.17613864
559,0,32003,32003,-41.20695089,-41.20695089,-0.001670570751,-0.001670570751,0,0,0,0,0,0,1,0,32044.20695,32044.20695,0,30572,541,84.44389033
560,0,32003,32879,-41.20695089,834.7930491,-0.001670570751,0.03384334004,876,0.03551391079,-2.442490654e-15,14,4,95,0,0,32044.20695,32044.20695,0,30572,542,84.51956129
561,0,32003,829305,-41.20695089,797260.793,-0.001670570751,32.32174507,797302,32.32341564,0,1489,85,10513,0,0,32044.20695,32044.20695,0,30572,543,84.61693597
562,0,32044.20695,22390,0,-9654.206951,0,-0.3913911466,-9654.206951,-0.3913911466,42.09781131,42.09781131,1,129,0,0,32044.20695,32044.20695,0,30572,544,84.93809438
563,0,32044.20695,31210,0,-834.2069509,0,-0.03381957904,-834.2069509,-0.03381957904,6.347176137,6.347176137,1,6,0,0,32044.20695,32044.20695,0,30572,545,85.26102138
564,0,32044.20695,31414,-1.455191523e-11,-630.2069509,-5.899491087e-16,-0.02554921625,-630.2069509,-0.02554921625,2.597524187,2.597524187,1,4,0,0,32044.20695,32044.20695,0,30572,546,85.50834227
565,0,32044.20695,32271,3.637978807e-12,226.7930491,1.474872772e-16,0.009194415655,226.7930491,0.009194415655,1.706223692,1.706223692,0,0,1,0,32044.20695,32044.20695,0,30572,547,85.6014998
566,0,32044.20695,31570,0,-474.2069509,0,-0.01922482118,-474.2069509,-0.01922482118,1.275568711,1.275568711,1,5,0,0,32044.20695,32044.20695,0,30572,548,85.62892079
567,0,32044.20695,35692,0,3647.793049,0,0.1478851563,3647.793049,0.1478851563,1.275568711,11.72443129,3,56,0,0,32044.20695,32044.20695,0,30572,549,85.6878562
568,0,31859.5,31221,-184.7069509,-823.2069509,-0.007488203398,-0.0333736281,-638.5,-0.0258854247,1.5,1.5,1,11,0,0,32044.20695,32044.20695,0,30572,550,85.76792908
569,0,31859.5,42531,-184.7069509,10486.79305,-0.007488203398,0.4251450146,10671.5,0.432633218,1.5,27.5,10,153,0,0,32044.20695,32044.20695,0,30572,551,85.82534695
570,0,31859.5,793741,-184.7069509,761696.793,-0.007488203398,30.87994516,761881.5,30.88743336,1.5,1448.5,83,10342,0,0,32044.20695,32044.20695,0,30572,552,85.88068938
571,0,32044.20695,21164,7.275957614e-12,-10880.20695,2.949745544e-16,-0.4410944053,-10880.20695,-0.4410944053,46.53618027,46.53618027,1,159,0,0,32044.20695,32044.20695,0,30572,553,86.20194983
572,0,32044.20695,27728,-3.637978807e-12,-4316.206951,-1.474872772e-16,-0.1749833203,-4316.206951,-0.1749833203,16.55309771,16.55309771,1,65,0,0,32044.20695,32044.20695,0,30572,554,86.52101684
573,0,32044.20695,30094,-3.637978807e-12,-1950.206951,-1.474872772e-16,-0.0790633284,-1950.206951,-0.0790633284,6.96923462,6.96923462,1,20,0,0,32044.20695,32044.20695,0,30572,555,86.70906544
574,0,32044.20695,30277,0,-1767.206951,0,-0.07164432649,-1767.206951,-0.07164432649,5.415360072,5.415360072,1,21,0,0,32044.20695,32044.20695,0,30572,556,86.82124662
575,0,32044.20695,30172,0,-1872.206951,0,-0.07590113086,-1872.206951,-0.07590113086,5.415360072,5.415360072,1,21,0,0,32044.20695,32044.20695,0,30572,557,86.88773942
576,0,32044.20695,33166,-3.637978807e-12,1121.793049,-1.474872772e-16,0.04547860533,1121.793049,0.04547860533,5.051620653,10.05762623,2,45,0,0,32044.20695,32044.20695,0,30572,558,86.99879766
577,0,31712.5,30428,-331.7069509,-1616.206951,-0.01344772952,-0.06552263639,-1284.5,-0.05207490686,1.5,1.5,1,12,0,0,32044.20695,32044.20695,0,30572,559,87.15747309
578,0,31712.5,39715,-331.7069509,7670.793049,-0.01344772952,0.3109815754,8002.5,0.3244293049,1.5,18.5,6,114,0,0,32044.20695,32044.20695,0,30572,560,87.21354818
579,0,31712.5,779266,-331.7069509,747221.793,-0.01344772952,30.29311427,747553.5,30.306562,1.5,1374.5,77,9772,0,0,32044.20695,32044.20695,0,30572,561,87.28617358
580,0,32044.20695,22939,-3.637978807e-12,-9105.206951,-1.474872772e-16,-0.3691341409,-9105.206951,-0.3691341409,35.21034414,35.21034414,1,115,0,0,32044.20695,32044.20695,0,30572,562,87.66228771
581,0,32044.20695,29863,0,-2181.206951,0,-0.08842829803,-2181.206951,-0.08842829803,14.23428177,14.23428177,1,32,0,0,32044.20695,32044.20695,0,30572,563,88.02623367
582,0,32044.20695,30259,-3.637978807e-12,-1785.206951,-1.474872772e-16,-0.07237406438,-1785.206951,-0.07237406438,8.63618089,8.63618089,1,24,0,0,32044.20695,32044.20695,0,30572,564,88.2191534
583,0,32044.20695,31891,0,-153.2069509,0,-0.006211162085,-153.2069509,-0.006211162085,7.136514578,7.136514578,1,5,0,0,32044.20695,32044.20695,0,30572,565,88.31431484
584,0,31973,31973,-71.20695089,-71.20695089,-0.002886800573,-0.002886800573,-1.455191523e-11,-5.899491087e-16,4.329869796e-14,1.363353874e-13,0,0,1,0,32044.20695,32044.20695,0,30572,566,88.44565415
585,0,31973,34852,-71.20695089,2807.793049,-0.002886800573,0.1138307213,2879,0.1167175219,6.063363494e-14,12,3,50,0,0,32044.20695,32044.20695,0,30572,567,88.4961884
586,0,31973,31973,-71.20695089,-71.20695089,-0.002886800573,-0.002886800573,0,0,0,0,0,0,1,0,32044.20695,32044.20695,0,30572,568,88.5860343
587,0,31973,43200,-71.20695089,11155.79305,-0.002886800573,0.4522669397,11227,0.4551537402,0,26,10,158,0,0,32044.20695,32044.20695,0,30572,569,88.641155
588,0,31973,793648,-71.20695089,761603.793,-0.002886800573,30.87617485,761675,30.87906165,0,1447,84,10116,0,0,32044.20695,32044.20695,0,30572,570,88.68197179
589,0,32044.20695,16108,0,-15936.20695,0,-0.6460696712,-15936.20695,-0.6460696712,47.51118992,47.51118992,1,216,0,0,32044.20695,32044.20695,0,30572,571,88.98990369
590,0,31850.23609,21113,-193.9708642,-10931.20695,-0.007863771652,-0.443161996,-10737.23609,-0.4352982243,23.27826596,23.27826596,1,139,0,0,32044.20695,32044.20695,0,30572,572,89.39390135
591,0,31406,26870,-638.2069509,-5174.206951,-0.0258735442,-0.2097674932,-4536,-0.183893949,8,8,1,57,0,0,32044.20695,32044.20695,0,30572,573,89.53999066
592,0,31547,39778,-497.2069509,7733.793049,-0.02015726404,0.313535658,8231,0.3336929221,8,16,3,108,0,0,32044.20695,32044.20695,0,30572,574,89.63566446
593,0,31547,812874,-497.2069509,780829.793,-0.02015726404,31.655616,781327,31.67577326,8,1440,83,10218,0,0,32044.20695,32044.20695,0,30572,575,89.76179242
594,0,32044.20695,23582,0,-8462.206951,0,-0.3430662817,-8462.206951,-0.3430662817,39.71931718,39.71931718,1,110,0,0,32044.20695,32044.20695,0,30572,576,90.07040477
595,0,32044.20695,31094,0,-950.2069509,0,-0.03852233435,-950.2069509,-0.03852233435,9.802361453,9.802361453,1,14,0,0,32044.20695,32044.20695,0,30572,577,90.34948707
596,0,32044.20695,31518,0,-526.2069509,0,-0.02133295287,-526.2069509,-0.02133295287,5.948971081,5.948971081,1,5,0,0,32044.20695,32044.20695,0,30572,578,90.53002191
597,0,32044.20695,32623,0,578.7930491,0,0.02346484556,578.7930491,0.02346484556,5.78206107,16.28700947,3,36,0,0,32044.20695,32044.20695,0,30572,579,90.57173991
598,0,32010,29248,-34.20695089,-2796.206951,-0.001386783793,-0.1133610094,-2762,-0.1119742256,8.25,8.25,1,28,0,0,32044.20695,32044.20695,0,30572,580,90.80501509
599,0,32044.20695,30966,-3.637978807e-12,-1078.206951,-1.474872772e-16,-0.04371158158,-1078.206951,-0.04371158158,5.090632858,5.090632858,1,8,0,0,32044.20695,32044.20695,0,30572,581,90.92536163
600,0,31994.92857,35451,-49.27837946,3406.793049,-0.001997794489,0.1381147767,3456.071429,0.1401125712,5,13.42857143,3,30,0,0,32044.20695,32044.20695,0,30572,582,91.06165004
601,0,31965.22222,30417,-78.98472867,-1627.206951,-0.003202119415,-0.06596858732,-1548.222222,-0.06276646791,6,6,1,15,0,0,32044.20695,32044.20695,0,30572,583,91.26988935
602,0,32014,32014,-30.20695089,-30.20695089,-0.001224619816,-0.001224619816,0,0,0,0,0,0,1,0,32044.20695,32044.20695,0,30572,584,91.34740305
603,0,32014,36791,-30.20695089,4746.793049,-0.001224619816,0.1924397088,4777,0.1936643286,0,12,5,73,0,0,32044.20695,32044.20695,0,30572,585,91.38335443
604,0,32014,808326,-30.20695089,776281.793,-0.001224619816,31.47123556,776312,31.47246018,0,1462,91,10399,0,0,32044.20695,32044.20695,0,30572,586,91.41304255
605,0,32044.20695,15909,-7.275957614e-12,-16135.20695,-2.949745544e-16,-0.6541373291,-16135.20695,-0.6541373291,48.00991938,48.00991938,1,201,0,0,32044.20695,32044.20695,0,30572,587,91.74782848
606,0,32044.20695,26079,-7.275957614e-12,-5965.206951,-2.949745544e-16,-0.2418354195,-5965.206951,-0.2418354195,18.14153153,18.14153153,1,75,0,0,32044.20695,32044.20695,0,30572,588,92.05321693
607,0,32044.20695,29700,0,-2344.206951,0,-0.09503648006,-2344.206951,-0.09503648006,9.238357584,9.238357584,1,20,0,0,32044.20695,32044.20695,0,30572,589,92.28737998
608,0,31630,31630,-414.2069509,-414.2069509,-0.01679236153,-0.01679236153,0,0,0,0,0,0,1,0,32044.20695,32044.20695,0,30572,590,92.39842772
609,0,31630,34837,-414.2069509,2792.793049,-0.01679236153,0.1132226064,3207,0.1300149679,0,13,5,80,0,0,32044.20695,32044.20695,0,30572,591,92.42831159
610,0,31630,820212,-414.2069509,788167.793,-0.01679236153,31.95310581,788582,31.96989817,0,1469,81,10381,0,0,32044.20695,32044.20695,0,30572,592,92.48393273
611,0,32044.20695,21751,-3.637978807e-12,-10293.20695,-1.474872772e-16,-0.4172968418,-10293.20695,-0.4172968418,40.45852337,40.45852337,1,128,0,0,32044.20695,32044.20695,0,30572,593,92.75360107
612,0,32044.20695,26877,0,-5167.206951,0,-0.2094837063,-5167.206951,-0.2094837063,14.85280381,14.85280381,1,58,0,0,32044.20695,32044.20695,0,30572,594,93.09008098
613,0,32044.20695,30470,0,-1574.206951,0,-0.06381991464,-1574.206951,-0.06381991464,10.01293066,10.01293066,1,16,0,0,32044.20695,32044.20695,0,30572,595,93.22435975
614,0,31958.33333,30714,-85.87361756,-1330.206951,-0.003481401819,-0.05392791209,-1244.333333,-0.05044651027,4.5,4.5,1,12,0,0,32044.20695,32044.20695,0,30572,596,93.38706589
615,0,32044.20695,32202,3.637978807e-12,157.7930491,1.474872772e-16,0.006397087066,157.7930491,0.006397087066,2.683204236,2.683204236,0,0,1,0,32044.20695,32044.20695,0,30572,597,93.4478457
616,0,32044.20695,37150,0,5105.793049,0,0.2069939256,5105.793049,0.2069939256,1.213792685,15.78620731,5,79,0,0,32044.20695,32044.20695,0,30572,598,93.55652738
617,0,31682,31682,-362.2069509,-362.2069509,-0.01468422984,-0.01468422984,0,0,0,0,0,0,1,0,32044.20695,32044.20695,0,30572,599,93.68758607
618,0,31682,41926,-362.2069509,9881.793049,-0.01468422984,0.4006177132,10244,0.4153019431,0,23,8,142,0,0,32044.20695,32044.20695,0,30572,600,93.73220038
619,0,31682,787054,-362.2069509,755009.793,-0.01468422984,30.60884753,755372,30.62353176,0,1415,75,10025,0,0,32044.20695,32044.20695,0,30572,601,93.80014586
620,0,32044.20695,23650,0,-8394.206951,0,-0.3403094941,-8394.206951,-0.3403094941,40.163168,40.163168,1,120,0,0,32044.20695,32044.20695,0,30572,602,94.11290598
621,0,32044.20695,29287,-3.637978807e-12,-2757.206951,-1.474872772e-16,-0.1117799106,-2757.206951,-0.1117799106,14.82254599,14.82254599,1,36,0,0,32044.20695,32044.20695,0,30572,603,94.45799565
622,0,32044.20695,31953,0,-91.20695089,0,-0.003697620454,-91.20695089,-0.003697620454,2.274497316,2.274497316,1,2,0,0,32044.20695,32044.20695,0,30572,604,94.63394713
623,0,32016.5,29477,-27.70695089,-2567.206951,-0.001123267331,-0.1040771217,-2539.5,-0.1029538544,1.5,12.5,2,81,0,0,32044.20695,32044.20695,0,30572,605,94.71556997
624,0,32016.5,31529,-27.70695089,-515.2069509,-0.001123267331,-0.02088700193,-487.5,-0.0197637346,1.5,1.5,1,11,0,0,32044.20695,32044.20695,0,30572,606,94.83398485
625,0,31994,31994,-50.20695089,-50.20695089,-0.002035439697,-0.002035439697,0,0,-1.221245327e-15,2.775557562e-15,0,0,1,0,32044.20695,32044.20695,0,30572,607,94.89852142
626,0,31994,41109,-50.20695089,9064.793049,-0.002035439697,0.3674957211,9115,0.3695311608,0,21,7,130,0,0,32044.20695,32044.20695,0,30572,608,94.92312002
627,0,31994,828977,-50.20695089,796932.793,-0.002035439697,32.30844762,796983,32.31048306,0,1488,82,10673,0,0,32044.20695,32044.20695,0,30572,609,94.99321556
628,0,32044.20695,18825,-7.275957614e-12,-13219.20695,-2.949745544e-16,-0.5359197904,-13219.20695,-0.5359197904,45.15260777,45.15260777,1,162,0,0,32044.20695,32044.20695,0,30572,610,95.32626486
629,0,32044.20695,28159,-3.637978807e-12,-3885.206951,-1.474872772e-16,-0.1575101519,-3885.206951,-0.1575101519,18.65106242,18.65106242,1,55,0,0,32044.20695,32044.20695,0,30572,611,95.63314843
630,0,32044.20695,31718,0,-326.2069509,0,-0.01322475406,-326.2069509,-0.01322475406,2.072845082,2.072845082,1,4,0,0,32044.20695,32044.20695,0,30572,612,95.81813169
631,0,31922,30913,-122.2069509,-1131.206951,-0.004954391269,-0.04586025427,-1009,-0.040905863,1.5,1.5,1,10,0,0,32044.20695,32044.20695,0,30572,613,95.88794875
632,0,31612,31612,-432.2069509,-432.2069509,-0.01752209943,-0.01752209943,0,0,0,0,0,0,1,0,32044.20695,32044.20695,0,30572,614,95.9297595
633,0,31612,35746,-432.2069509,3701.793049,-0.01752209943,0.15007437,4134,0.1675964694,0,10,4,60,0,0,32044.20695,32044.20695,0,30572,615,95.94507194
634,0,31612,840157,-432.2069509,808112.793,-0.01752209943,32.76169594,808545,32.77921804,0,1514,92,10863,0,0,32044.20695,32044.20695,0,30572,616,95.97510314
635,0,32044.20695,24124,0,-7920.206951,0,-0.3210930629,-7920.206951,-0.3210930629,45.22676376,45.22676376,1,109,0,0,32044.20695,32044.20695,0,30572,617,96.25036168
636,0,32044.20695,31414,0,-630.2069509,0,-0.02554921625,-630.2069509,-0.02554921625,7.180956091,7.180956091,0,0,1,0,32044.20695,32044.20695,0,30572,618,96.55830741
637,0,31414,35325,-630.2069509,3280.793049,-0.02554921625,0.1330066115,3911,0.1585558277,-4.04121181e-14,12,3,65,0,0,32044.20695,32044.20695,0,30572,619,96.64162064
638,0,31414,31414,-630.2069509,-630.2069509,-0.02554921625,-0.02554921625,-2.546585165e-11,-1.03241094e-15,-1.213974544e-13,1.685439427e-12,0,0,1,0,32044.20695,32044.20695,0,30572,620,96.72478199
639,0,31414,35555,-630.2069509,3510.793049,-0.02554921625,0.1423310401,4141,0.1678802564,4.440892099e-16,18,7,113,0,0,32044.20695,32044.20695,0,30572,621,96.7669282
640,0,31195,31195,-849.2069509,-849.2069509,-0.03442769395,-0.03442769395,0,0,0,0,0,0,1,0,32044.20695,32044.20695,0,30572,622,96.86707687
641,0,31195,35528,-849.2069509,3483.793049,-0.03442769395,0.1412364333,4333,0.1756641272,4.440892099e-16,26,5,156,0,0,32044.20695,32044.20695,0,30572,623,96.93009853
642,0,31195,812034,-849.2069509,779989.793,-0.03442769395,31.62156156,780839,31.65598926,0,1505,86,10601,0,0,32044.20695,32044.20695,0,30572,624,97.03292346
643,0,32044.20695,20792,-3.637978807e-12,-11252.20695,-1.474872772e-16,-0.4561756551,-11252.20695,-0.4561756551,38.95224353,38.95224353,1,128,0,0,32044.20695,32044.20695,0,30572,625,97.34650278
644,0,32044.20695,29876,1.455191523e-11,-2168.206951,5.899491087e-16,-0.0879012651,-2168.206951,-0.0879012651,15.69252666,15.69252666,1,29,0,0,32044.20695,32044.20695,0,30572,626,97.68206167
645,0,32044.20695,30799,0,-1245.206951,0,-0.05048192759,-1245.206951,-0.05048192759,8.189485502,8.189485502,1,12,0,0,32044.20695,32044.20695,0,30572,627,97.85401702
646,0,32044.20695,32913,0,868.7930491,0,0.03522173384,868.7930491,0.03522173384,5.889176411,10.22164718,2,35,0,0,32044.20695,32044.20695,0,30572,628,97.94737601
647,0,32044.20695,30926,0,-1118.206951,0,-0.04533322135,-1118.206951,-0.04533322135,5.666666667,5.666666667,1,16,0,0,32044.20695,32044.20695,0,30572,629,98.12712979
648,0,31979,31979,-65.20695089,-65.20695089,-0.002643554608,-0.002643554608,0,0,-2.442490654e-15,4.662936703e-15,0,0,1,0,32044.20695,32044.20695,0,30572,630,98.26826644
649,0,31979,36756,-65.20695089,4711.793049,-0.002643554608,0.191020774,4777,0.1936643286,0,12,5,73,0,0,32044.20695,32044.20695,0,30572,631,98.30198789
650,0,31979,813985,-65.20695089,781940.793,-0.002643554608,31.70065704,782006,31.7033006,0,1476,76,10414,0,0,32044.20695,32044.20695,0,30572,632,98.34488201
651,0,32044.20695,23533,0,-8511.206951,0,-0.3450527904,-8511.206951,-0.3450527904,41.42932578,41.42932578,1,106,0,0,32044.20695,32044.20695,0,30572,633,98.6368494
652,0,32044.20695,27522,0,-4522.206951,0,-0.1833347651,-4522.206951,-0.1833347651,17.46720438,17.46720438,1,55,0,0,32044.20695,32044.20695,0,30572,634,99.01350689
653,0,32044.20695,28657,0,-3387.206951,0,-0.1373207369,-3387.206951,-0.1373207369,15.33916953,15.33916953,1,43,0,0,32044.20695,32044.20695,0,30572,635,99.13055849
654,0,32044.20695,28581,0,-3463.206951,0,-0.1404018524,-3463.206951,-0.1404018524,14.31570852,14.31570852,1,42,0,0,32044.20695,32044.20695,0,30572,636,99.20934176
655,0,32044.20695,30291,-3.637978807e-12,-1753.206951,-1.474872772e-16,-0.07107675257,-1753.206951,-0.07107675257,11.82330224,11.82330224,1,20,0,0,32044.20695,32044.20695,0,30572,637,99.27860188
656,0,32044.20695,29041,0,-3003.206951,0,-0.1217529951,-3003.206951,-0.1217529951,11.4114034,14.00899235,1,46,0,0,32044.20695,32044.20695,0,30572,638,99.36189651
657,0,32044.20695,29990,0,-2054.206951,0,-0.08327959178,-2054.206951,-0.08327959178,9.512619909,9.512619909,1,29,0,0,32044.20695,32044.20695,0,30572,639,99.50134873
658,0,32044.20695,32149,0,104.7930491,0,0.004248414381,104.7930491,0.004248414381,1.557498806,1.557498806,0,0,1,0,32044.20695,32044.20695,0,30572,640,99.63303876
659,0,32044.20695,23239,7.275957614e-12,-8805.206951,2.949745544e-16,-0.3569718426,-8805.206951,-0.3569718426,1.248085606,23.25332564,1,98,0,0,32044.20695,32044.20695,0,30572,641,99.73726249
660,0,32044.20695,32011,0,-33.20695089,0,-0.001346242799,-33.20695089,-0.001346242799,0.8705942181,0.8705942181,0,0,1,0,32044.20695,32044.20695,0,30572,642,99.91720486
661,0,32011,36788,-33.20695089,4743.793049,-0.001346242799,0.1923180858,4777,0.1936643286,0,12,5,73,0,0,32044.20695,32044.20695,0,30572,643,100.0308485
662,0,32011,813618,-33.20695089,781573.793,-0.001346242799,31.6857785,781607,31.68712474,0,1485,88,10629,0,0,32044.20695,32044.20695,0,30572,644,100.0739191
663,0,32044.20695,18778,-3.637978807e-12,-13266.20695,-1.474872772e-16,-0.5378252171,-13266.20695,-0.5378252171,45.7370353,45.7370353,1,172,0,0,32044.20695,32044.20695,0,30572,645,100.3908017
664,0,32044.20695,29106,0,-2938.206951,0,-0.1191178305,-2938.206951,-0.1191178305,15.97333377,15.97333377,1,44,0,0,32044.20695,32044.20695,0,30572,646,100.7139776
665,0,31872,31872,-172.2069509,-172.2069509,-0.006981440972,-0.006981440972,-3.637978807e-12,-1.474872772e-16,-6.550315845e-15,8.54871729e-15,0,0,1,0,32044.20695,32044.20695,0,30572,647,100.8603878
666,0,31872,38003,-172.2069509,5958.793049,-0.006981440972,0.2415753936,6131,0.2485568345,0,15,6,93,0,0,32044.20695,32044.20695,0,30572,648,100.9218993
667,0,31872,747245,-172.2069509,715200.793,-0.006981440972,28.9949511,715373,29.00193254,0,1351,80,9511,0,0,32044.20695,32044.20695,0,30572,649,100.9686062
668,0,32044.20695,24115,3.637978807e-12,-7929.206951,1.474872772e-16,-0.3214579318,-7929.206951,-0.3214579318,37.87560005,37.87560005,1,106,0,0,32044.20695,32044.20695,0,30572,650,101.2932334
669,0,32044.20695,30460,-7.275957614e-12,-1584.206951,-2.949745544e-16,-0.06422532458,-1584.206951,-0.06422532458,12.87310477,12.87310477,1,24,0,0,32044.20695,32044.20695,0,30572,651,101.5672064
670,0,31983,31983,-61.20695089,-61.20695089,-0.002481390632,-0.002481390632,0,0,0,0,0,0,1,0,32044.20695,32044.20695,0,30572,652,101.7041314
671,0,31983,43651,-61.20695089,11606.79305,-0.002481390632,0.470550928,11668,0.4730323186,0,28,11,168,0,0,32044.20695,32044.20695,0,30572,653,101.7488928
672,0,31983,807909,-61.20695089,775864.793,-0.002481390632,31.45432996,775926,31.45681135,1.33226763e-15,1453,82,10267,0,0,32044.20695,32044.20695,0,30572,654,101.7955475
673,0,32044.20695,27153,0,-4891.206951,0,-0.1982943919,-4891.206951,-0.1982943919,29.69309087,29.69309087,1,54,0,0,32044.20695,32044.20695,0,30572,655,102.0901332
674,0,32044.20695,29836,0,-2208.206951,0,-0.08952290487,-2208.206951,-0.08952290487,9.934208948,9.934208948,1,18,0,0,32044.20695,32044.20695,0,30572,656,102.4224474
675,0,32044.20695,31305,0,-739.2069509,0,-0.0299681846,-739.2069509,-0.0299681846,6.819183648,6.819183648,1,9,0,0,32044.20695,32044.20695,0,30572,657,102.5199533
676,0,32044.20695,31434,7.275957614e-12,-610.2069509,2.949745544e-16,-0.02473839637,-610.2069509,-0.02473839637,6.126982633,6.126982633,1,9,0,0,32044.20695,32044.20695,0,30572,658,102.61358
677,0,32044.20695,31124,0,-920.2069509,0,-0.03730610452,-920.2069509,-0.03730610452,4.301093542,4.301093542,1,4,0,0,32044.20695,32044.20695,0,30572,659,102.7010303
678,0,31910.11111,39146,-134.0958398,7101.793049,-0.005436378643,0.2879137498,7235.888889,0.2933501284,3,25,6,74,0,0,32044.20695,32044.20695,0,30572,660,102.8138926
679,0,32044.20695,29660,0,-2384.206951,0,-0.09665811982,-2384.206951,-0.09665811982,6.421679932,6.421679932,1,34,0,0,32044.20695,32044.20695,0,30572,661,103.0599315
680,0,32044.20695,30569,3.637978807e-12,-1475.206951,1.474872772e-16,-0.05980635622,-1475.206951,-0.05980635622,4.253229184,4.253229184,1,20,0,0,32044.20695,32044.20695,0,30572,662,103.158941
681,0,32044.20695,31149,0,-895.2069509,0,-0.03629257967,-895.2069509,-0.03629257967,3,3,1,12,0,0,32044.20695,32044.20695,0,30572,663,103.2515564
682,0,31965,30474,-79.20695089,-1570.206951,-0.003211128525,-0.06365775066,-1491,-0.06044662213,3,3,1,23,0,0,32044.20695,32044.20695,0,30572,664,103.356395
683,0,32044.20695,31609,0,-435.2069509,0,-0.01764372241,-435.2069509,-0.01764372241,2.310030051,2.310030051,1,8,0,0,32044.20695,32044.20695,0,30572,665,103.412154
684,0,31983,31983,-61.20695089,-61.20695089,-0.002481390632,-0.002481390632,0,0,0,0,0,0,1,0,32044.20695,32044.20695,0,30572,666,103.438313
685,0,31983,39663,-61.20695089,7618.793049,-0.002481390632,0.3088734437,7680,0.3113548343,0,18,6,114,0,0,32044.20695,32044.20695,0,30572,667,103.4535801
686,0,31983,31983,-61.20695089,-61.20695089,-0.002481390632,-0.002481390632,7.275957614e-12,2.949745544e-16,-1.33226763e-15,2.700062396e-13,0,0,1,0,32044.20695,32044.20695,0,30572,668,103.5084307
687,0,31983,43651,-61.20695089,11606.79305,-0.002481390632,0.470550928,11668,0.4730323186,0,28,11,168,0,0,32044.20695,32044.20695,0,30572,669,103.5624354
688,0,31983,798307,-61.20695089,766262.793,-0.002481390632,31.06505534,766324,31.06753673,0,1438,77,10146,0,0,32044.20695,32044.20695,0,30572,670,103.6007013
689,0,32044.20695,26259,-1.818989404e-11,-5785.206951,-7.374363859e-16,-0.2345380406,-5785.206951,-0.2345380406,35.01621998,35.01621998,1,94,0,0,32044.20695,32044.20695,0,30572,671,103.9113843
690,0,32044.20695,30235,0,-1809.206951,0,-0.07334704824,-1809.206951,-0.07334704824,9.06661643,9.06661643,1,23,0,0,32044.20695,32044.20695,0,30572,672,104.192791
691,0,32044.20695,30709,0,-1335.206951,0,-0.05413061706,-1335.206951,-0.05413061706,6.111001494,6.111001494,1,14,0,0,32044.20695,32044.20695,0,30572,673,104.346746
692,0,32044.20695,34517,0,2472.793049,0,0.1002494883,2472.793049,0.1002494883,6.015222918,14.87726117,4,34,0,0,32044.20695,32044.20695,0,30572,674,104.3943713
693,0,32044.20695,29984,0,-2060.206951,0,-0.08352283775,-2060.206951,-0.08352283775,7.940980818,7.940980818,1,31,0,0,32044.20695,32044.20695,0,30572,675,104.600323
694,0,32044.20695,30879,0,-1165.206951,0,-0.04723864807,-1165.206951,-0.04723864807,7.118183123,7.118183123,1,19,0,0,32044.20695,32044.20695,0,30572,676,104.6947689
695,0,32044.20695,33729,0,1684.793049,0,0.06830318499,1684.793049,0.06830318499,6.478297375,21.53917667,4,81,0,0,32044.20695,32044.20695,0,30572,677,104.7814505
696,0,32044.20695,29026,0,-3018.206951,0,-0.12236111,-3018.206951,-0.12236111,8.453511827,8.453511827,1,45,0,0,32044.20695,32044.20695,0,30572,678,104.9536567
697,0,32044.20695,29292,0,-2752.206951,0,-0.1115772056,-2752.206951,-0.1115772056,6.471909136,6.471909136,1,40,0,0,32044.20695,32044.20695,0,30572,679,105.0889857
698,0,32044.20695,31471,0,-573.2069509,0,-0.02323837959,-573.2069509,-0.02323837959,5.477039721,5.477039721,1,11,0,0,32044.20695,32044.20695,0,30572,680,105.1263866
699,0,32044.20695,31813,0,-231.2069509,0,-0.009373359621,-231.2069509,-0.009373359621,1.204202869,1.204202869,0,0,1,0,32044.20695,32044.20695,0,30572,681,105.1879463
700,0,31813,40348,-231.2069509,8303.793049,-0.009373359621,0.3366440246,8535,0.3460173842,0,20,6,123,0,0,32044.20695,32044.20695,0,30572,682,105.2364416
701,0,31813,825348,-231.2069509,793303.793,-0.009373359621,32.16132436,793535,32.17069772,0,1496,80,10539,0,0,32044.20695,32044.20695,0,30572,683,105.295985
702,0,32044.20695,23549,0,-8495.206951,0,-0.3444041345,-8495.206951,-0.3444041345,45.26098595,45.26098595,1,124,0,0,32044.20695,32044.20695,0,30572,684,105.5694015
703,0,32044.20695,31002,-3.637978807e-12,-1042.206951,-1.474872772e-16,-0.0422521058,-1042.206951,-0.0422521058,11.0230241,11.0230241,1,14,0,0,32044.20695,32044.20695,0,30572,685,105.9100049
704,0,32044.20695,31288,0,-756.2069509,0,-0.0306573815,-756.2069509,-0.0306573815,4.283587841,4.283587841,1,8,0,0,32044.20695,32044.20695,0,30572,686,106.0856023
705,0,32044.20695,32185,0,140.7930491,0,0.005707890167,140.7930491,0.005707890167,2.136042302,2.136042302,0,0,1,0,32044.20695,32044.20695,0,30572,687,106.1865971
706,0,32044.20695,29426,0,-2618.206951,0,-0.1061447124,-2618.206951,-0.1061447124,1.432668809,25.56998542,2,42,0,0,32044.20695,32044.20695,0,30572,688,106.2815795
707,0,30901,30901,-1143.206951,-1143.206951,-0.0463467462,-0.0463467462,0,0,7.993605777e-15,7.897212449e-14,0,0,1,0,32044.20695,32044.20695,0,30572,689,106.4844086
708,0,30901,36381,-1143.206951,4336.793049,-0.0463467462,0.1758179012,5480,0.2221646474,0,13,5,81,0,0,32044.20695,32044.20695,0,30572,690,106.5372355
709,0,30901,30901,-1143.206951,-1143.206951,-0.0463467462,-0.0463467462,1.309672371e-10,5.309541979e-15,-2.495378631e-13,3.090538158e-12,0,0,1,0,32044.20695,32044.20695,0,30572,691,106.5768464
710,0,30901,40335,-1143.206951,8290.793049,-0.0463467462,0.3361169917,9434,0.3824637379,-2.080440282e-14,23,6,159,0,0,32044.20695,32044.20695,0,30572,692,106.6236646
711,0,30901,30901,-1143.206951,-1143.206951,-0.0463467462,-0.0463467462,0,0,0,0,0,0,1,0,32044.20695,32044.20695,0,30572,693,106.719516
712,0,30901,42317,-1143.206951,10272.79305,-0.0463467462,0.4164692419,11416,0.4628159881,2.303728147e-13,27,5,171,0,0,32044.20695,32044.20695,0,30572,694,106.7712564
713,0,30901,30901,-1143.206951,-1143.206951,-0.0463467462,-0.0463467462,-3.637978807e-12,-1.474872772e-16,1.842970221e-14,1.969535646e-13,0,0,1,0,32044.20695,32044.20695,0,30572,695,106.8984227
714,0,30901,43117,-1143.206951,11072.79305,-0.0463467462,0.4489020372,12216,0.4952487834,0,29,11,176,0,0,32044.20695,32044.20695,0,30572,696,106.9730666
715,0,30901,784024,-1143.206951,751979.793,-0.0463467462,30.48600832,753123,30.53235506,0,1433,85,10258,0,0,32044.20695,32044.20695,0,30572,697,107.0429997
716,0,32044.20695,26245,-3.637978807e-12,-5799.206951,-1.474872772e-16,-0.2351056145,-5799.206951,-0.2351056145,40.63948939,40.63948939,1,77,0,0,32044.20695,32044.20695,0,30572,698,107.3635442
717,0,32044.20695,29569,-1.455191523e-11,-2475.206951,-5.899491087e-16,-0.1003473503,-2475.206951,-0.1003473503,15.39714203,15.39714203,1,29,0,0,32044.20695,32044.20695,0,30572,699,107.6692882
718,0,32044.20695,31230,-3.637978807e-12,-814.2069509,-1.474872772e-16,-0.03300875915,-814.2069509,-0.03300875915,7.691624452,7.691624452,1,12,0,0,32044.20695,32044.20695,0,30572,700,107.7932289
719,0,32044.20695,32129,0,84.79304911,0,0.0034375945,84.79304911,0.0034375945,0.8982314525,0.8982314525,0,0,1,0,32044.20695,32044.20695,0,30572,701,107.8390739
720,0,32044.20695,34690,0,2645.793049,0,0.1072630803,2645.793049,0.1072630803,0.5483786523,18.45162135,5,63,0,0,32044.20695,32044.20695,0,30572,702,107.9495935
721,0,30892,30892,-1152.206951,-1152.206951,-0.04671161514,-0.04671161514,0,0,4.440892099e-16,1.33226763e-15,0,0,1,0,32044.20695,32044.20695,0,30572,703,108.0713732
722,0,30892,37388,-1152.206951,5343.793049,-0.04671161514,0.2166426822,6496,0.2633542974,1.10698972e-13,14,2,81,0,0,32044.20695,32044.20695,0,30572,704,108.131038
723,0,30892,832641,-1152.206951,800596.793,-0.04671161514,32.45698983,801749,32.50370144,0,1458,79,10359,0,0,32044.20695,32044.20695,0,30572,705,108.2197461
724,0,32044.20695,29070,0,-2974.206951,0,-0.1205773063,-2974.206951,-0.1205773063,25.10188305,25.10188305,1,42,0,0,32044.20695,32044.20695,0,30572,706,108.5059228
725,0,32044.20695,29793,0,-2251.206951,0,-0.09126616761,-2251.206951,-0.09126616761,6.5,6.5,1,26,0,0,32044.20695,32044.20695,0,30572,707,108.8181074
726,0,31824.16667,30804,-220.0402842,-1240.206951,-0.008920651854,-0.05027922262,-1020.166667,-0.04135857077,3.5,3.5,1,11,0,0,32044.20695,32044.20695,0,30572,708,108.9385076
727,0,31604,31604,-440.2069509,-440.2069509,-0.01784642738,-0.01784642738,0,0,0,0,0,0,1,0,32044.20695,32044.20695,0,30572,709,108.9809465
728,0,31604,42760,-440.2069509,10715.79305,-0.01784642738,0.4344289023,11156,0.4522753297,0,28,11,164,0,0,32044.20695,32044.20695,0,30572,710,109.001451
729,0,31604,780551,-440.2069509,748506.793,-0.01784642738,30.34520945,748947,30.36305587,1.221245327e-15,1408,81,10021,0,0,32044.20695,32044.20695,0,30572,711,109.0710027
730,0,32044.20695,23025,3.637978807e-12,-9019.206951,1.474872772e-16,-0.3656476154,-9019.206951,-0.3656476154,40.65561045,40.65561045,1,115,0,0,32044.20695,32044.20695,0,30572,712,109.4085686
731,0,32044.20695,30983,0,-1061.206951,0,-0.04302238469,-1061.206951,-0.04302238469,8.939216532,8.939216532,1,16,0,0,32044.20695,32044.20695,0,30572,713,109.7002883
732,0,32044.20695,31764,0,-280.2069509,0,-0.01135986833,-280.2069509,-0.01135986833,2.358799175,2.358799175,1,3,0,0,32044.20695,32044.20695,0,30572,714,109.8532522
733,0,31947.66667,37937,-96.54028422,5892.793049,-0.003913839089,0.238899688,5989.333333,0.2428135271,1.333333333,17.66666667,7,93,0,0,32044.20695,32044.20695,0,30572,715,109.916966
734,0,31947.66667,816945,-96.54028422,784900.793,-0.003913839089,31.82065838,784997.3333,31.82457222,1.333333333,1450,92,10343,0,0,32044.20695,32044.20695,0,30572,716,110.0208237
735,0,32044.20695,22044,0,-10000.20695,0,-0.4054183305,-10000.20695,-0.4054183305,38.26659974,38.26659974,1,132,0,0,32044.20695,32044.20695,0,30572,717,110.327327
736,0,32044.20695,25760,0,-6284.206951,0,-0.2547679966,-6284.206951,-0.2547679966,14.83058078,14.83058078,1,76,0,0,32044.20695,32044.20695,0,30572,718,110.64133
737,0,31989,31989,-55.20695089,-55.20695089,-0.002238144668,-0.002238144668,0,0,0,0,0,0,1,0,32044.20695,32044.20695,0,30572,719,110.7657118
738,0,31989,35133,-55.20695089,3088.793049,-0.002238144668,0.1252227406,3144,0.1274608853,0,11,4,67,0,0,32044.20695,32044.20695,0,30572,720,110.8297575
739,0,31989,756359,-55.20695089,724314.793,-0.002238144668,29.36444172,724370,29.36667986,0,1375,79,9825,0,0,32044.20695,32044.20695,0,30572,721,110.8635893
740,0,32044.20695,23398,1.091393642e-11,-8646.206951,4.424618316e-16,-0.3505258246,-8646.206951,-0.3505258246,39.49898557,39.49898557,1,118,0,0,32044.20695,32044.20695,0,30572,722,111.1647844
741,0,31340.5,26995,-703.7069509,-5049.206951,-0.02852897931,-0.204699869,-4345.5,-0.1761708897,6.5,6.5,1,49,0,0,32044.20695,32044.20695,0,30572,723,111.4392502
742,0,31360,31879,-684.2069509,-165.2069509,-0.02773842993,-0.006697654014,519,0.02104077591,5.5,5.5,1,11,0,0,32044.20695,32044.20695,0,30572,724,111.5087085
743,0,31746,27812,-298.2069509,-4232.206951,-0.01208960622,-0.1715778768,-3934,-0.1594882706,5,5,1,33,0,0,32044.20695,32044.20695,0,30572,725,111.6349554
744,0,31746,29335,-298.2069509,-2709.206951,-0.01208960622,-0.1098339429,-2411,-0.09774433666,5,5,1,22,0,0,32044.20695,32044.20695,0,30572,726,111.7352378
745,0,32012.66667,31710,-31.54028422,-334.2069509,-0.001278674475,-0.01354908201,-302.6666667,-0.01227040753,3,3,1,4,0,0,32044.20695,32044.20695,0,30572,727,111.7925799
746,0,31979.5,39574,-64.70695089,7529.793049,-0.002623284111,0.3052652952,7594.5,0.3078885793,1.5,22.5,6,134,0,0,32044.20695,32044.20695,0,30572,728,111.8385656
747,0,31979.5,31266,-64.70695089,-778.2069509,-0.002623284111,-0.03154928337,-713.5,-0.02892599926,1.5,1.5,1,12,0,0,32044.20695,32044.20695,0,30572,729,111.9410193
748,0,31975,36536,-69.20695089,4491.793049,-0.002805718584,0.1821017553,4561,0.1849074739,1.5,11.5,4,75,0,0,32044.20695,32044.20695,0,30572,730,112.0138321
749,0,31975,31266,-69.20695089,-778.2069509,-0.002805718584,-0.03154928337,-709,-0.02874356478,1.5,1.5,1,12,0,0,32044.20695,32044.20695,0,30572,731,112.0709517
750,0,31975,36536,-69.20695089,4491.793049,-0.002805718584,0.1821017553,4561,0.1849074739,1.5,11.5,4,75,0,0,32044.20695,32044.20695,0,30572,732,112.1424041
751,0,31975,31266,-69.20695089,-778.2069509,-0.002805718584,-0.03154928337,-709,-0.02874356478,1.5,1.5,1,12,0,0,32044.20695,32044.20695,0,30572,733,112.2071466
752,0,31975,40531,-69.20695089,8486.793049,-0.002805718584,0.3440630265,8556,0.3468687451,1.5,20.5,5,127,0,0,32044.20695,32044.20695,0,30572,734,112.2731669
753,0,31975,808135,-69.20695089,776090.793,-0.002805718584,31.46349223,776160,31.46629794,1.5,1417.5,82,10206,0,0,32044.20695,32044.20695,0,30572,735,112.3490405
754,0,32044.20695,26271,-3.637978807e-12,-5773.206951,-1.474872772e-16,-0.2340515487,-5773.206951,-0.2340515487,34.80981323,34.80981323,1,77,0,0,32044.20695,32044.20695,0,30572,736,112.6831999
755,0,32044.20695,30508,0,-1536.206951,0,-0.06227935686,-1536.206951,-0.06227935686,12.83318932,12.83318932,1,21,0,0,32044.20695,32044.20695,0,30572,737,112.9775066
756,0,32044.20695,31865,0,-179.2069509,0,-0.00726522793,-179.2069509,-0.00726522793,5.427751502,5.427751502,1,9,0,0,32044.20695,32044.20695,0,30572,738,113.1578922
757,0,32044.20695,32286,0,241.7930491,0,0.009802530566,241.7930491,0.009802530566,2.18308274,2.18308274,0,0,1,0,32044.20695,32044.20695,0,30572,739,113.2903335
758,0,32044.20695,27183,-1.091393642e-10,-4861.206951,-4.424618316e-15,-0.1970781621,-4861.206951,-0.1970781621,2.145967565,23.94508591,2,69,0,0,32044.20695,32044.20695,0,30572,740,113.341969
759,0,32044.20695,29317,0,-2727.206951,0,-0.1105636808,-2727.206951,-0.1105636808,9.572150169,9.572150169,1,28,0,0,32044.20695,32044.20695,0,30572,741,113.5506725
760,0,32044.20695,30768,-3.637978807e-12,-1276.206951,-1.474872772e-16,-0.05173869841,-1276.206951,-0.05173869841,7.307731093,7.307731093,1,11,0,0,32044.20695,32044.20695,0,30572,742,113.7260172
761,0,32044.20695,31034,0,-1010.206951,0,-0.04095479399,-1010.206951,-0.04095479399,4.936309741,4.936309741,1,6,0,0,32044.20695,32044.20695,0,30572,743,113.8009701
762,0,32044.20695,33393,0,1348.793049,0,0.05468141098,1348.793049,0.05468141098,4.936309741,12.75560735,2,12,0,0,32044.20695,32044.20695,0,30572,744,113.8185391
763,0,31839.4,29664,-204.8069509,-2380.206951,-0.008303077378,-0.09649595584,-2175.4,-0.08819287846,6.9,6.9,1,20,0,0,32044.20695,32044.20695,0,30572,745,114.0430934
764,0,32044.20695,37503,0,5458.793049,0,0.2213048965,5458.793049,0.2213048965,6.447842933,17.23921467,3,54,0,0,32044.20695,32044.20695,0,30572,746,114.1253021
765,0,32044.20695,29168,-3.637978807e-12,-2876.206951,-1.474872772e-16,-0.1166042889,-2876.206951,-0.1166042889,7.241549522,7.241549522,1,30,0,0,32044.20695,32044.20695,0,30572,747,114.3370054
766,0,32044.20695,31109,-3.637978807e-12,-935.2069509,-1.474872772e-16,-0.03791421944,-935.2069509,-0.03791421944,6.193933307,6.193933307,1,12,0,0,32044.20695,32044.20695,0,30572,748,114.5295699
767,0,31893,31893,-151.2069509,-151.2069509,-0.006130080097,-0.006130080097,0,0,0,0,0,0,1,0,32044.20695,32044.20695,0,30572,749,114.6014605
768,0,31893,36670,-151.2069509,4625.793049,-0.006130080097,0.1875342485,4777,0.1936643286,0,12,5,73,0,0,32044.20695,32044.20695,0,30572,750,114.6573527
769,0,31893,788479,-151.2069509,756434.793,-0.006130080097,30.66661845,756586,30.67274853,-2.109423747e-15,1448,80,10306,0,0,32044.20695,32044.20695,0,30572,751,114.6938159
770,0,32044.20695,20178,-1.091393642e-11,-11866.20695,-4.424618316e-16,-0.4810678254,-11866.20695,-0.4810678254,42.51194023,42.51194023,1,164,0,0,32044.20695,32044.20695,0,30572,752,115.0156887
771,0,32044.20695,29874,1.455191523e-11,-2170.206951,5.899491087e-16,-0.08798234709,-2170.206951,-0.08798234709,15.31365292,15.31365292,1,39,0,0,32044.20695,32044.20695,0,30572,753,115.3698521
772,0,32044.20695,32347,0,302.7930491,0,0.0122755312,302.7930491,0.0122755312,2.349835193,2.349835193,0,0,1,0,32044.20695,32044.20695,0,30572,754,115.5584295
773,0,32044.20695,32289,-3.637978807e-12,244.7930491,-1.474872772e-16,0.009924153548,244.7930491,0.009924153548,1.913988932,15.08601107,3,78,0,0,32044.20695,32044.20695,0,30572,755,115.6379228
774,0,31556,31556,-488.2069509,-488.2069509,-0.01979239509,-0.01979239509,0,0,0,0,0,0,1,0,32044.20695,32044.20695,0,30572,756,115.7769883
775,0,31556,42563,-488.2069509,10518.79305,-0.01979239509,0.4264423265,11007,0.4462347215,0,25,10,154,0,0,32044.20695,32044.20695,0,30572,757,115.819299
776,0,31556,811329,-488.2069509,779284.793,-0.01979239509,31.59298016,779773,31.61277256,0,1460,92,10389,0,0,32044.20695,32044.20695,0,30572,758,115.8834212
777,0,32044.20695,25574,-1.455191523e-11,-6470.206951,-5.899491087e-16,-0.2623086215,-6470.206951,-0.2623086215,34.02111254,34.02111254,1,98,0,0,32044.20695,32044.20695,0,30572,759,116.1996729
778,0,32044.20695,27177,-7.275957614e-12,-4867.206951,-2.949745544e-16,-0.1973214081,-4867.206951,-0.1973214081,13.23373362,13.23373362,1,72,0,0,32044.20695,32044.20695,0,30572,760,116.5163579
779,0,32044.20695,30260,3.637978807e-12,-1784.206951,1.474872772e-16,-0.07233352339,-1784.206951,-0.07233352339,6.618429589,6.618429589,1,27,0,0,32044.20695,32044.20695,0,30572,761,116.6549566
780,0,32044.20695,31087,0,-957.2069509,0,-0.0388061213,-957.2069509,-0.0388061213,4.544790595,4.544790595,1,16,0,0,32044.20695,32044.20695,0,30572,762,116.7408037
781,0,32044.20695,32056,0,11.79304911,0,0.0004781019339,11.79304911,0.0004781019339,4.121808404,4.121808404,1,5,0,0,32044.20695,32044.20695,0,30572,763,116.8282845
782,0,32044.20695,32059,0,14.79304911,0,0.0005997249161,14.79304911,0.0005997249161,0.3787020573,0.3787020573,0,0,1,0,32044.20695,32044.20695,0,30572,764,116.9118032
783,0,32044.20695,32934,0,889.7930491,0,0.03607309471,889.7930491,0.03607309471,0.06736361162,12.93263639,3,52,0,0,32044.20695,32044.20695,0,30572,765,117.0046065
784,0,30961,30961,-1083.206951,-1083.206951,-0.04391428655,-0.04391428655,0,0,0,1.776356839e-15,0,0,1,0,32044.20695,32044.20695,0,30572,766,117.1279767
785,0,30961,42085,-1083.206951,10040.79305,-0.04391428655,0.4070637313,11124,0.4509780179,-4.440892099e-16,30,12,179,0,0,32044.20695,32044.20695,0,30572,767,117.1734903
786,0,30961,817702,-1083.206951,785657.793,-0.04391428655,31.85134792,786741,31.8952622,0,1474,85,10423,0,0,32044.20695,32044.20695,0,30572,768,117.2307837
787,0,32044.20695,27051,5.09317033e-11,-4993.206951,2.064821881e-15,-0.2024295733,-4993.206951,-0.2024295733,27.58512953,27.58512953,1,56,0,0,32044.20695,32044.20695,0,30572,769,117.559803
788,0,32044.20695,30935,1.091393642e-11,-1109.206951,4.424618316e-16,-0.0449683524,-1109.206951,-0.0449683524,10.92873109,10.92873109,1,8,0,0,32044.20695,32044.20695,0,30572,770,117.8247721
789,0,32044.20695,38810,0,6765.793049,0,0.2742919758,6765.793049,0.2742919758,5.110002195,23.8899978,4,69,0,0,32044.20695,32044.20695,0,30572,771,117.939805
790,0,32044.20695,31765,0,-279.2069509,0,-0.01131932734,-279.2069509,-0.01131932734,1.832868387,1.832868387,0,0,1,0,32044.20695,32044.20695,0,30572,772,118.1186168
791,0,31765,40603,-279.2069509,8558.793049,-0.01131932734,0.3469819781,8838,0.3583013054,6.109927379e-14,22,4,124,0,0,32044.20695,32044.20695,0,30572,773,118.2091565
792,0,31765,850602,-279.2069509,818557.793,-0.01131932734,33.18514662,818837,33.19646595,0,1512,92,10784,0,0,32044.20695,32044.20695,0,30572,774,118.3262849
793,0,32044.20695,23059,0,-8985.206951,0,-0.3642692216,-8985.206951,-0.3642692216,40.78082247,40.78082247,1,121,0,0,32044.20695,32044.20695,0,30572,775,118.6265841
794,0,32044.20695,27735,0,-4309.206951,0,-0.1746995334,-4309.206951,-0.1746995334,16.31679048,16.31679048,1,55,0,0,32044.20695,32044.20695,0,30572,776,118.9617076
795,0,32044.20695,31747,-3.637978807e-12,-297.2069509,-1.474872772e-16,-0.01204906523,-297.2069509,-0.01204906523,7.979656991,7.979656991,1,4,0,0,32044.20695,32044.20695,0,30572,777,119.0982718
796,0,32044.20695,30440,-1.091393642e-11,-1604.206951,-4.424618316e-16,-0.06503614446,-1604.206951,-0.06503614446,6.363838113,26.40111187,4,72,0,0,32044.20695,32044.20695,0,30572,778,119.2790902
797,0,31394,29339,-650.2069509,-2705.206951,-0.02636003613,-0.1096717789,-2055,-0.08331174278,2.5,2.5,1,18,0,0,32044.20695,32044.20695,0,30572,779,119.4687862
798,0,31394,44074,-650.2069509,12029.79305,-0.02636003613,0.4876997685,12680,0.5140598046,2.5,27.5,7,170,0,0,32044.20695,32044.20695,0,30572,780,119.5299752
799,0,31394,786400,-650.2069509,754355.793,-0.02636003613,30.58233372,755006,30.60869376,2.5,1431.5,78,10085,0,0,32044.20695,32044.20695,0,30572,781,119.5950563
800,0,32044.20695,19543,0,-12501.20695,0,-0.5068113567,-12501.20695,-0.5068113567,42.03757834,42.03757834,1,153,0,0,32044.20695,32044.20695,0,30572,782,119.9317462
801,0,32044.20695,30100,0,-1944.206951,0,-0.07882008244,-1944.206951,-0.07882008244,14.64279026,14.64279026,1,37,0,0,32044.20695,32044.20695,0,30572,783,120.2104959
