it,alpha,cz_lp,cz_round,d_lp,d_round,d_lp_n,d_round_n,delta,delta_n,frac,dist,viol_max,viol_sum,feas,improving,ub,ub_eff,ub_free,z_best,stall,t
0,0,203.5,0,-9.625,-213.125,-0.25,-5.535714286,-203.5,-5.285714286,36,36,1,16,0,0,213.125,0,1,0,0,0.0002472400665
1,0,203.5,60,-9.625,-153.125,-0.25,-3.977272727,-143.5,-3.727272727,36,51.625,3,316,0,0,213.125,213.125,0,0,1,0.00434756279
2,0,213.125,214,2.842170943e-14,0.875,7.38226219e-16,0.02272727273,0.875,0.02272727273,4.8125,4.8125,0,0,1,1,213.125,213.125,0,214,0,0.2008721828
3,0,213.125,140,-1.648459147e-12,-73.125,-4.28171207e-14,-1.899350649,-73.125,-1.899350649,4.8125,24.421875,1,56,0,0,213.125,213.125,0,214,1,0.401058197
4,0,213.125,3400,0,3186.875,0,82.77597403,3186.875,82.77597403,4.8125,301.84375,6,1100,0,0,213.125,213.125,0,214,2,0.4618906975
5,0,213.125,3784,0,3570.875,0,92.75,3570.875,92.75,5.189163854,339.9542148,5,1226,0,0,213.125,213.125,0,214,3,0.6054611206
6,0,213.125,4674,1.705302566e-13,4460.875,4.429357314e-15,115.8668831,4460.875,115.8668831,4.8125,371.09375,5,1288,0,0,213.125,213.125,0,214,4,0.6993002892
7,0,213.125,3296,0,3082.875,0,80.07467532,3082.875,80.07467532,4.8125,330.515625,5,1194,0,0,213.125,213.125,0,214,5,0.7973823547
8,0,213.125,3382,-2.842170943e-13,3168.875,-7.38226219e-15,82.30844156,3168.875,82.30844156,4.8125,325.625,5,1140,0,0,213.125,213.125,0,214,6,0.964227438
9,0,213.125,3682,1.449507181e-12,3468.875,3.764953717e-14,90.10064935,3468.875,90.10064935,5.796875,339.40625,5,1236,0,0,213.125,213.125,0,214,7,1.070980072
10,0,213.125,3164,2.273736754e-13,2950.875,5.905809752e-15,76.6461039,2950.875,76.6461039,4.8125,323.515625,5,1152,0,0,213.125,213.125,0,214,8,1.201649904
11,0,213.125,3448,-4.547473509e-13,3234.875,-1.18116195e-14,84.02272727,3234.875,84.02272727,5.211584071,312.8638171,5,1152,0,0,213.125,213.125,0,214,9,1.354785204
12,0,213.125,3810,5.684341886e-14,3596.875,1.476452438e-15,93.42532468,3596.875,93.42532468,5.308312084,347.1858708,5,1236,0,0,213.125,213.125,0,214,10,1.521750689
13,0,213.125,3568,5.684341886e-14,3354.875,1.476452438e-15,87.13961039,3354.875,87.13961039,5.291996872,336.8565925,5,1172,0,0,213.125,213.125,0,214,11,1.672186136
14,0,213.125,3526,5.684341886e-14,3312.875,1.476452438e-15,86.0487013,3312.875,86.0487013,5.38233443,355.3700708,5,1220,0,0,213.125,213.125,0,214,12,1.829931259
15,0,213.125,3512,8.526512829e-13,3298.875,2.214678657e-14,85.68506494,3298.875,85.68506494,5.419368309,316.9775085,5,1124,0,0,213.125,213.125,0,214,13,2.014162064
16,0,213.125,3438,1.136868377e-13,3224.875,2.952904876e-15,83.76298701,3224.875,83.76298701,4.8125,341.40625,6,1238,0,0,213.125,213.125,0,214,14,2.16663599
17,0,213.125,3348,-2.273736754e-13,3134.875,-5.905809752e-15,81.42532468,3134.875,81.42532468,5.250346525,307.9951423,6,1114,0,0,213.125,213.125,0,214,15,2.402484894
18,0,213.125,2726,3.694822226e-13,2512.875,9.596940847e-15,65.26948052,2512.875,65.26948052,5.212223893,300.6847306,5,1018,0,0,213.125,213.125,0,214,16,2.543281078
19,0,213.125,3662,-2.842170943e-13,3448.875,-7.38226219e-15,89.58116883,3448.875,89.58116883,4.8125,332.28125,6,1210,0,0,213.125,213.125,0,214,17,2.700906038
20,0,213.125,3480,-2.273736754e-13,3266.875,-5.905809752e-15,84.8538961,3266.875,84.8538961,5.18861706,352.9482125,5,1290,0,0,213.125,213.125,0,214,18,2.870045662
21,0,213.125,3812,-2.842170943e-13,3598.875,-7.38226219e-15,93.47727273,3598.875,93.47727273,4.8125,328.96875,5,1162,0,0,213.125,213.125,0,214,19,3.041329384
22,0,213.125,3708,-1.136868377e-13,3494.875,-2.952904876e-15,90.77597403,3494.875,90.77597403,4.8125,325.859375,5,1136,0,0,213.125,213.125,0,214,20,3.186029434
23,0,213.125,3956,1.705302566e-13,3742.875,4.429357314e-15,97.21753247,3742.875,97.21753247,4.8125,336.1875,5,1176,0,0,213.125,213.125,0,214,21,3.336739063
24,0,213.125,4012,-4.547473509e-13,3798.875,-1.18116195e-14,98.67207792,3798.875,98.67207792,4.8125,362.296875,5,1288,0,0,213.125,213.125,0,214,22,3.461956263
25,0,213.125,3598,1.875832822e-12,3384.875,4.872293045e-14,87.91883117,3384.875,87.91883117,4.8125,325.96875,6,1090,0,0,213.125,213.125,0,214,23,3.558233023
26,0,213.125,3396,-2.842170943e-13,3182.875,-7.38226219e-15,82.67207792,3182.875,82.67207792,4.8125,328.734375,6,1170,0,0,213.125,213.125,0,214,24,3.662484884
27,0,213.125,3946,1.136868377e-13,3732.875,2.952904876e-15,96.95779221,3732.875,96.95779221,4.8125,334.0625,5,1254,0,0,213.125,213.125,0,214,25,3.799981594
28,0,213.125,3426,-3.694822226e-13,3212.875,-9.596940847e-15,83.4512987,3212.875,83.4512987,4.8125,339.96875,5,1198,0,0,213.125,213.125,0,214,26,3.931793213
29,0,213.125,3652,0,3438.875,0,89.32142857,3438.875,89.32142857,4.8125,305.1875,5,1102,0,0,213.125,213.125,0,214,27,4.042001724
30,0,213.125,3746,-1.705302566e-13,3532.875,-4.429357314e-15,91.76298701,3532.875,91.76298701,4.8125,337.75,5,1148,0,0,213.125,213.125,0,214,28,4.191056967
31,0,213.125,3714,6.252776075e-13,3500.875,1.624097682e-14,90.93181818,3500.875,90.93181818,4.8125,345.40625,5,1226,0,0,213.125,213.125,0,214,29,4.302432537
32,0,213.125,4232,1.136868377e-12,4018.875,2.952904876e-14,104.3863636,4018.875,104.3863636,4.8125,364.296875,5,1312,0,0,213.125,213.125,0,214,30,4.431389093
33,0,213.125,4034,3.410605132e-13,3820.875,8.858714628e-15,99.24350649,3820.875,99.24350649,4.8125,321.515625,5,1160,0,0,213.125,213.125,0,214,31,4.567600012
34,0,213.125,3564,-1.705302566e-13,3350.875,-4.429357314e-15,87.03571429,3350.875,87.03571429,5.22535146,351.9826632,5,1258,0,0,213.125,213.125,0,214,32,4.720514297
35,0,213.125,214,-5.684341886e-14,0.875,-1.476452438e-15,0.02272727273,0.875,0.02272727273,5.24987933,5.249880978,0,0,1,0,213.125,213.125,0,214,33,4.854247808
36,0,213.125,92,-2.842170943e-14,-121.125,-7.38226219e-16,-3.146103896,-121.125,-3.146103896,4.8125,27.09375,1,60,0,0,213.125,213.125,0,214,34,4.987100363
37,0,213.125,3368,5.684341886e-14,3154.875,1.476452438e-15,81.94480519,3154.875,81.94480519,4.8125,320.0625,5,1156,0,0,213.125,213.125,0,214,35,5.033807993
38,0,213.125,3470,3.410605132e-13,3256.875,8.858714628e-15,84.59415584,3256.875,84.59415584,5.341760784,319.4491109,5,1100,0,0,213.125,213.125,0,214,36,5.237210035
39,0,213.125,3492,0,3278.875,0,85.16558442,3278.875,85.16558442,5.380936418,322.9625556,6,1172,0,0,213.125,213.125,0,214,37,5.394949198
40,0,213.125,3884,2.842170943e-14,3670.875,7.38226219e-16,95.3474026,3670.875,95.3474026,4.8125,336.296875,5,1222,0,0,213.125,213.125,0,214,38,5.517573833
41,0,213.125,3920,-1.705302566e-13,3706.875,-4.429357314e-15,96.28246753,3706.875,96.28246753,4.8125,323.078125,5,1168,0,0,213.125,213.125,0,214,39,5.62448287
42,0,213.125,3498,-6.252776075e-13,3284.875,-1.624097682e-14,85.32142857,3284.875,85.32142857,4.8125,340.296875,7,1226,0,0,213.125,213.125,0,214,40,5.715427399
43,0,213.125,3834,-1.421085472e-13,3620.875,-3.691131095e-15,94.0487013,3620.875,94.0487013,4.8125,348.53125,5,1196,0,0,213.125,213.125,0,214,41,5.836427927
44,0,213.125,3892,3.694822226e-13,3678.875,9.596940847e-15,95.55519481,3678.875,95.55519481,4.8125,336.515625,5,1200,0,0,213.125,213.125,0,214,42,5.949332476
45,0,213.125,3480,5.684341886e-14,3266.875,1.476452438e-15,84.8538961,3266.875,84.8538961,5.309926828,330.7764108,6,1168,0,0,213.125,213.125,0,214,43,6.191081762
46,0,213.125,3872,8.526512829e-14,3658.875,2.214678657e-15,95.03571429,3658.875,95.03571429,4.8125,330.640625,6,1220,0,0,213.125,213.125,0,214,44,6.288868904
47,0,213.125,3186,-5.684341886e-14,2972.875,-1.476452438e-15,77.21753247,2972.875,77.21753247,4.8125,308.84375,5,1108,0,0,213.125,213.125,0,214,45,6.386294603
48,0,213.125,3580,-3.126388037e-13,3366.875,-8.120488409e-15,87.4512987,3366.875,87.4512987,4.8125,333.0625,5,1124,0,0,213.125,213.125,0,214,46,6.513440371
49,0,213.125,3326,0,3112.875,0,80.8538961,3112.875,80.8538961,5.339457203,323.7138584,5,1096,0,0,213.125,213.125,0,214,47,6.65294838
50,0,213.125,3984,-1.98951966e-13,3770.875,-5.167583533e-15,97.94480519,3770.875,97.94480519,5.453081116,345.512032,5,1230,0,0,213.125,213.125,0,214,48,6.790700436
51,0,213.125,3726,-5.684341886e-14,3512.875,-1.476452438e-15,91.24350649,3512.875,91.24350649,5.370167525,360.3448055,5,1292,0,0,213.125,213.125,0,214,49,6.979572058
52,0,213.125,3196,7.389644452e-13,2982.875,1.919388169e-14,77.47727273,2982.875,77.47727273,5.243457748,317.3613576,5,1148,0,0,213.125,213.125,0,214,50,7.142418623
53,0,213.125,3196,1.136868377e-13,2982.875,2.952904876e-15,77.47727273,2982.875,77.47727273,5.220311097,331.0043496,5,1176,0,0,213.125,213.125,0,214,51,7.278538465
54,0,213.125,3282,0,3068.875,0,79.71103896,3068.875,79.71103896,5.339504513,300.1521535,5,1058,0,0,213.125,213.125,0,214,52,7.416476727
55,0,213.125,3612,-5.684341886e-14,3398.875,-1.476452438e-15,88.28246753,3398.875,88.28246753,5.244438097,328.579802,5,1152,0,0,213.125,213.125,0,214,53,7.535377026
56,0,213.125,4154,5.684341886e-14,3940.875,1.476452438e-15,102.3603896,3940.875,102.3603896,4.8125,357.734375,4,1256,0,0,213.125,213.125,0,214,54,7.617876291
57,0,213.125,3562,2.842170943e-14,3348.875,7.38226219e-16,86.98376623,3348.875,86.98376623,5.33986975,347.6046745,5,1302,0,0,213.125,213.125,0,214,55,7.803558111
58,0,213.125,3412,-1.307398634e-12,3198.875,-3.395840607e-14,83.08766234,3198.875,83.08766234,4.8125,332.859375,6,1142,0,0,213.125,213.125,0,214,56,7.908953905
59,0,213.125,3858,-1.136868377e-12,3644.875,-2.952904876e-14,94.67207792,3644.875,94.67207792,4.8125,328.734375,5,1180,0,0,213.125,213.125,0,214,57,8.110800982
60,0,213.125,3532,0,3318.875,0,86.20454545,3318.875,86.20454545,4.8125,349.515625,6,1276,0,0,213.125,213.125,0,214,58,8.287403822
61,0,213.125,3514,-8.526512829e-14,3300.875,-2.214678657e-15,85.73701299,3300.875,85.73701299,4.8125,323.84375,6,1114,0,0,213.125,213.125,0,214,59,8.425757647
62,0,213.125,3650,1.136868377e-13,3436.875,2.952904876e-15,89.26948052,3436.875,89.26948052,4.8125,365.53125,5,1212,0,0,213.125,213.125,0,214,60,8.578553677
63,0,213.125,3280,2.273736754e-13,3066.875,5.905809752e-15,79.65909091,3066.875,79.65909091,4.8125,297.734375,6,1042,0,0,213.125,213.125,0,214,61,8.670743227
64,0,213.125,3172,2.842170943e-14,2958.875,7.38226219e-16,76.8538961,2958.875,76.8538961,4.8125,321.96875,5,1098,0,0,213.125,213.125,0,214,62,8.792017221
65,0,213.125,3688,1.98951966e-13,3474.875,5.167583533e-15,90.25649351,3474.875,90.25649351,4.8125,337.625,4,1158,0,0,213.125,213.125,0,214,63,8.918384552
66,0,213.125,3274,2.557953849e-13,3060.875,6.644035971e-15,79.50324675,3060.875,79.50324675,5.238077687,318.1778653,6,1108,0,0,213.125,213.125,0,214,64,9.091609955
67,0,213.125,2806,-7.673861546e-13,2592.875,-1.993210791e-14,67.3474026,2592.875,67.3474026,5.158365969,319.4054081,5,1128,0,0,213.125,213.125,0,214,65,9.255702257
68,0,213.125,3392,-1.705302566e-13,3178.875,-4.429357314e-15,82.56818182,3178.875,82.56818182,5.249576515,322.4180935,6,1178,0,0,213.125,213.125,0,214,66,9.410848141
69,0,213.125,3934,6.252776075e-13,3720.875,1.624097682e-14,96.6461039,3720.875,96.6461039,5.295104535,346.3502267,5,1256,0,0,213.125,213.125,0,214,67,9.558528423
70,0,213.125,3866,3.126388037e-13,3652.875,8.120488409e-15,94.87987013,3652.875,94.87987013,4.8125,338.296875,5,1170,0,0,213.125,213.125,0,214,68,9.722542524
71,0,213.125,3744,3.410605132e-13,3530.875,8.858714628e-15,91.71103896,3530.875,91.71103896,4.8125,354.859375,5,1224,0,0,213.125,213.125,0,214,69,9.821437597
72,0,213.125,3916,-1.98951966e-13,3702.875,-5.167583533e-15,96.17857143,3702.875,96.17857143,4.8125,350.1875,6,1232,0,0,213.125,213.125,0,214,70,9.928391933
73,0,213.125,3238,2.842170943e-14,3024.875,7.38226219e-16,78.56818182,3024.875,78.56818182,4.8125,319.859375,5,1146,0,0,213.125,213.125,0,214,71,10.04712701
74,0,213.125,3528,2.842170943e-14,3314.875,7.38226219e-16,86.10064935,3314.875,86.10064935,4.8125,345.296875,5,1226,0,0,213.125,213.125,0,214,72,10.23478484
75,0,213.125,3728,-2.842170943e-14,3514.875,-7.38226219e-16,91.29545455,3514.875,91.29545455,4.8125,365.3125,6,1240,0,0,213.125,213.125,0,214,73,10.35600328
76,0,213.125,3242,5.115907697e-13,3028.875,1.328807194e-14,78.67207792,3028.875,78.67207792,4.8125,316.296875,5,1166,0,0,213.125,213.125,0,214,74,10.48364806
77,0,213.125,2878,3.410605132e-13,2664.875,8.858714628e-15,69.21753247,2664.875,69.21753247,4.8125,327.1875,6,1096,0,0,213.125,213.125,0,214,75,10.65750074
78,0,213.125,3464,-4.547473509e-13,3250.875,-1.18116195e-14,84.43831169,3250.875,84.43831169,8.75,329.71875,5,1124,0,0,213.125,213.125,0,214,76,10.80187774
79,0,213.125,3306,-9.379164112e-13,3092.875,-2.436146523e-14,80.33441558,3092.875,80.33441558,4.8125,326.40625,5,1136,0,0,213.125,213.125,0,214,77,10.94643164
80,0,213.125,3212,5.684341886e-14,2998.875,1.476452438e-15,77.89285714,2998.875,77.89285714,5.412239905,317.5413281,5,1142,0,0,213.125,213.125,0,214,78,11.12204909
81,0,213.125,3412,5.684341886e-14,3198.875,1.476452438e-15,83.08766234,3198.875,83.08766234,4.8125,344.859375,6,1204,0,0,213.125,213.125,0,214,79,11.24855494
82,0,213.125,3684,0,3470.875,0,90.1525974,3470.875,90.1525974,4.8125,307.40625,6,1086,0,0,213.125,213.125,0,214,80,11.34942818
83,0,213.125,3598,1.307398634e-12,3384.875,3.395840607e-14,87.91883117,3384.875,87.91883117,4.8125,332.609375,5,1212,0,0,213.125,213.125,0,214,81,11.55509782
84,0,213.125,3408,-6.252776075e-13,3194.875,-1.624097682e-14,82.98376623,3194.875,82.98376623,5.189903923,307.0786179,5,1124,0,0,213.125,213.125,0,214,82,11.74472451
85,0,213.125,3138,-9.663381206e-13,2924.875,-2.509969145e-14,75.97077922,2924.875,75.97077922,4.8125,313.515625,5,1074,0,0,213.125,213.125,0,214,83,11.85067725
86,0,213.125,3442,-1.023181539e-12,3228.875,-2.657614388e-14,83.86688312,3228.875,83.86688312,4.8125,326.625,5,1132,0,0,213.125,213.125,0,214,84,11.94641304
87,0,213.125,3618,-3.97903932e-13,3404.875,-1.033516707e-14,88.43831169,3404.875,88.43831169,5.796875,323.734375,5,1104,0,0,213.125,213.125,0,214,85,12.09975338
88,0,213.125,2776,4.547473509e-13,2562.875,1.18116195e-14,66.56818182,2562.875,66.56818182,4.8125,310.1875,5,1076,0,0,213.125,213.125,0,214,86,12.26291871
89,0,213.125,3580,-8.526512829e-14,3366.875,-2.214678657e-15,87.4512987,3366.875,87.4512987,4.8125,324.734375,5,1148,0,0,213.125,213.125,0,214,87,12.43602085
90,0,213.125,3792,-2.557953849e-13,3578.875,-6.644035971e-15,92.95779221,3578.875,92.95779221,4.8125,340.96875,5,1242,0,0,213.125,213.125,0,214,88,12.50468588
91,0,213.125,3268,1.136868377e-13,3054.875,2.952904876e-15,79.3474026,3054.875,79.3474026,4.8125,327.1875,5,1140,0,0,213.125,213.125,0,214,89,12.60458875
92,0,213.125,3690,-8.526512829e-14,3476.875,-2.214678657e-15,90.30844156,3476.875,90.30844156,4.8125,321.953125,5,1214,0,0,213.125,213.125,0,214,90,12.75209427
93,0,213.125,214,1.136868377e-13,0.875,2.952904876e-15,0.02272727273,0.875,0.02272727273,5.203665223,5.203667035,0,0,1,0,213.125,213.125,0,214,91,12.92947459
94,0,213.125,170,-6.536993169e-13,-43.125,-1.697920304e-14,-1.12012987,-43.125,-1.12012987,4.8125,12.84375,1,40,0,0,213.125,213.125,0,214,92,13.01184726
95,0,213.125,214,2.842170943e-13,0.875,7.38226219e-15,0.02272727273,0.875,0.02272727273,4.8125,4.8125,0,0,1,0,213.125,213.125,0,214,93,13.04125404
96,0,213.125,242,-6.821210263e-13,28.875,-1.771742926e-14,0.75,28.875,0.75,4.8125,27.984375,1,76,0,0,213.125,213.125,0,214,94,13.08226609
97,0,213.125,3504,4.547473509e-13,3290.875,1.18116195e-14,85.47727273,3290.875,85.47727273,4.8125,328.296875,6,1184,0,0,213.125,213.125,0,214,95,13.13092852
98,0,213.125,3400,-8.526512829e-14,3186.875,-2.214678657e-15,82.77597403,3186.875,82.77597403,4.8125,352.078125,5,1200,0,0,213.125,213.125,0,214,96,13.30269122
99,0,213.125,3354,-5.684341886e-14,3140.875,-1.476452438e-15,81.58116883,3140.875,81.58116883,4.8125,327.1875,5,1074,0,0,213.125,213.125,0,214,97,13.4290545
100,0,213.125,3376,-3.410605132e-13,3162.875,-8.858714628e-15,82.1525974,3162.875,82.1525974,4.8125,329.40625,6,1198,0,0,213.125,213.125,0,214,98,13.57222342
101,0,213.125,3612,-5.684341886e-13,3398.875,-1.476452438e-14,88.28246753,3398.875,88.28246753,4.8125,317.0625,6,1120,0,0,213.125,213.125,0,214,99,13.73910594
102,0,213.125,3272,1.108446668e-12,3058.875,2.879082254e-14,79.4512987,3058.875,79.4512987,5.27083228,344.4673994,5,1216,0,0,213.125,213.125,0,214,100,13.88913059
103,0,213.125,3800,1.705302566e-13,3586.875,4.429357314e-15,93.16558442,3586.875,93.16558442,4.8125,325.734375,5,1214,0,0,213.125,213.125,0,214,101,14.00049329
104,0,213.125,3278,3.410605132e-13,3064.875,8.858714628e-15,79.60714286,3064.875,79.60714286,5.320250719,322.2354495,4,1082,0,0,213.125,213.125,0,214,102,14.18656039
105,0,213.125,3664,0,3450.875,0,89.63311688,3450.875,89.63311688,5.252452312,334.9827006,6,1142,0,0,213.125,213.125,0,214,103,14.36026335
106,0,213.125,3816,-2.273736754e-13,3602.875,-5.905809752e-15,93.58116883,3602.875,93.58116883,4.8125,335.40625,6,1136,0,0,213.125,213.125,0,214,104,14.4534111
107,0,213.125,3146,-2.273736754e-13,2932.875,-5.905809752e-15,76.17857143,2932.875,76.17857143,4.8125,312.625,5,1066,0,0,213.125,213.125,0,214,105,14.65053487
108,0,213.125,3520,-7.673861546e-13,3306.875,-1.993210791e-14,85.89285714,3306.875,85.89285714,5.2089759,336.6117899,6,1206,0,0,213.125,213.125,0,214,106,14.84781504
109,0,213.125,214,8.924416761e-12,0.875,2.318030328e-13,0.02272727273,0.875,0.02272727273,4.8125,4.8125,0,0,1,0,213.125,213.125,0,214,107,14.93870783
110,0,213.125,184,1.278976924e-12,-29.125,3.322017985e-14,-0.7564935065,-29.125,-0.7564935065,4.8125,16.40625,1,56,0,0,213.125,213.125,0,214,108,15.06709886
111,0,213.125,3174,-1.222133506e-12,2960.875,-3.174372742e-14,76.90584416,2960.875,76.90584416,4.8125,303.734375,6,1090,0,0,213.125,213.125,0,214,109,15.11432862
112,0,213.125,4084,2.842170943e-14,3870.875,7.38226219e-16,100.5422078,3870.875,100.5422078,4.8125,320.953125,6,1118,0,0,213.125,213.125,0,214,110,15.21940255
113,0,213.125,3608,-7.958078641e-13,3394.875,-2.067033413e-14,88.17857143,3394.875,88.17857143,5.265568399,333.4377196,6,1136,0,0,213.125,213.125,0,214,111,15.38178444
114,0,213.125,3584,-2.842170943e-14,3370.875,-7.38226219e-16,87.55519481,3370.875,87.55519481,4.8125,347.96875,6,1232,0,0,213.125,213.125,0,214,112,15.52822518
115,0,213.125,3352,-2.842170943e-14,3138.875,-7.38226219e-16,81.52922078,3138.875,81.52922078,4.8125,313.859375,5,1054,0,0,213.125,213.125,0,214,113,15.61290693
116,0,213.125,3856,2.842170943e-13,3642.875,7.38226219e-15,94.62012987,3642.875,94.62012987,4.8125,336.734375,5,1146,0,0,213.125,213.125,0,214,114,15.7838788
117,0,213.125,3382,-8.526512829e-14,3168.875,-2.214678657e-15,82.30844156,3168.875,82.30844156,5.408679867,340.7876844,5,1148,0,0,213.125,213.125,0,214,115,15.97387505
118,0,213.125,3352,-6.821210263e-13,3138.875,-1.771742926e-14,81.52922078,3138.875,81.52922078,5.234256097,347.0975322,6,1206,0,0,213.125,213.125,0,214,116,16.14933085
119,0,213.125,3928,4.547473509e-13,3714.875,1.18116195e-14,96.49025974,3714.875,96.49025974,4.8125,338.625,5,1268,0,0,213.125,213.125,0,214,117,16.23334193
120,0,213.125,4166,1.421085472e-12,3952.875,3.691131095e-14,102.6720779,3952.875,102.6720779,4.8125,341.5,5,1316,0,0,213.125,213.125,0,214,118,16.34629822
121,0,213.125,3570,0,3356.875,0,87.19155844,3356.875,87.19155844,4.8125,321.859375,5,1098,0,0,213.125,213.125,0,214,119,16.49564838
122,0,213.125,3182,-2.273736754e-13,2968.875,-5.905809752e-15,77.11363636,2968.875,77.11363636,4.8125,307.296875,5,1152,0,0,213.125,213.125,0,214,120,16.61351633
123,0,213.125,3706,0,3492.875,0,90.72402597,3492.875,90.72402597,4.8125,338.40625,6,1194,0,0,213.125,213.125,0,214,121,16.79149485
124,0,213.125,3460,0,3246.875,0,84.33441558,3246.875,84.33441558,5.285962734,335.9893438,5,1148,0,0,213.125,213.125,0,214,122,16.96468854
125,0,213.125,3588,5.684341886e-14,3374.875,1.476452438e-15,87.65909091,3374.875,87.65909091,5.267864429,332.374224,5,1162,0,0,213.125,213.125,0,214,123,17.1002593
126,0,213.125,3790,1.705302566e-13,3576.875,4.429357314e-15,92.90584416,3576.875,92.90584416,5.335751066,327.0588962,5,1180,0,0,213.125,213.125,0,214,124,17.27216959
127,0,213.125,3222,-1.705302566e-13,3008.875,-4.429357314e-15,78.1525974,3008.875,78.1525974,5.195738726,330.7734699,5,1240,0,0,213.125,213.125,0,214,125,17.44155788
128,0,213.125,3856,5.96855898e-13,3642.875,1.55027506e-14,94.62012987,3642.875,94.62012987,4.8125,354.953125,5,1220,0,0,213.125,213.125,0,214,126,17.54282618
129,0,213.125,3216,2.273736754e-13,3002.875,5.905809752e-15,77.99675325,3002.875,77.99675325,4.8125,326.734375,5,1132,0,0,213.125,213.125,0,214,127,17.67897749
130,0,213.125,3388,-2.273736754e-13,3174.875,-5.905809752e-15,82.46428571,3174.875,82.46428571,4.8125,329.625,5,1170,0,0,213.125,213.125,0,214,128,17.77102971
131,0,213.125,3582,-5.400124792e-13,3368.875,-1.402629816e-14,87.50324675,3368.875,87.50324675,4.8125,328.96875,6,1148,0,0,213.125,213.125,0,214,129,17.92607188
132,0,213.125,214,-1.000444172e-11,0.875,-2.598556291e-13,0.02272727273,0.875,0.02272727273,4.8125,4.8125,0,0,1,0,213.125,213.125,0,214,130,18.01681805
133,0,213.125,120,1.136868377e-13,-93.125,2.952904876e-15,-2.418831169,-93.125,-2.418831169,4.8125,15.515625,1,40,0,0,213.125,213.125,0,214,131,18.1416204
134,0,213.125,3818,5.684341886e-14,3604.875,1.476452438e-15,93.63311688,3604.875,93.63311688,4.8125,348.40625,5,1280,0,0,213.125,213.125,0,214,132,18.17258954
135,0,213.125,214,4.547473509e-12,0.875,1.18116195e-13,0.02272727273,0.875,0.02272727273,4.8125,4.8125,0,0,1,0,213.125,213.125,0,214,133,18.25400329
136,0,213.125,152,2.557953849e-13,-61.125,6.644035971e-15,-1.587662338,-61.125,-1.587662338,4.8125,12.84375,1,48,0,0,213.125,213.125,0,214,134,18.36475062
137,0,213.125,3752,-1.023181539e-12,3538.875,-2.657614388e-14,91.91883117,3538.875,91.91883117,4.8125,333.203125,4,1126,0,0,213.125,213.125,0,214,135,18.40527606
138,0,213.125,3408,-1.136868377e-13,3194.875,-2.952904876e-15,82.98376623,3194.875,82.98376623,4.8125,327.40625,5,1112,0,0,213.125,213.125,0,214,136,18.50221992
139,0,213.125,3438,2.273736754e-13,3224.875,5.905809752e-15,83.76298701,3224.875,83.76298701,5.472492449,330.5366412,5,1156,0,0,213.125,213.125,0,214,137,18.69405174
140,0,213.125,3588,-2.842170943e-13,3374.875,-7.38226219e-15,87.65909091,3374.875,87.65909091,5.312255484,327.0612364,5,1144,0,0,213.125,213.125,0,214,138,18.90576625
141,0,213.125,3868,-5.684341886e-14,3654.875,-1.476452438e-15,94.93181818,3654.875,94.93181818,5.287026907,359.8232254,6,1232,0,0,213.125,213.125,0,214,139,19.05879617
142,0,213.125,3048,-2.273736754e-13,2834.875,-5.905809752e-15,73.63311688,2834.875,73.63311688,5.727033548,323.2828232,6,1116,0,0,213.125,213.125,0,214,140,19.21848989
143,0,213.125,3336,0,3122.875,0,81.11363636,3122.875,81.11363636,4.8125,314.625,5,1110,0,0,213.125,213.125,0,214,141,19.36212087
144,0,213.125,4164,7.958078641e-13,3950.875,2.067033413e-14,102.6201299,3950.875,102.6201299,5.267282979,353.7146647,5,1282,0,0,213.125,213.125,0,214,142,19.52768016
145,0,213.125,3346,-5.684341886e-13,3132.875,-1.476452438e-14,81.37337662,3132.875,81.37337662,4.8125,298.296875,5,1054,0,0,213.125,213.125,0,214,143,19.62608147
146,0,213.125,3900,5.115907697e-13,3686.875,1.328807194e-14,95.76298701,3686.875,95.76298701,4.8125,354.53125,6,1184,0,0,213.125,213.125,0,214,144,19.71591449
147,0,213.125,3466,3.126388037e-13,3252.875,8.120488409e-15,84.49025974,3252.875,84.49025974,4.8125,325.84375,4,1154,0,0,213.125,213.125,0,214,145,19.83053017
148,0,213.125,3466,1.136868377e-13,3252.875,2.952904876e-15,84.49025974,3252.875,84.49025974,4.8125,307.96875,5,1102,0,0,213.125,213.125,0,214,146,20.07863975
149,0,213.125,3984,1.136868377e-13,3770.875,2.952904876e-15,97.94480519,3770.875,97.94480519,4.8125,344.84375,6,1248,0,0,213.125,213.125,0,214,147,20.14773726
150,0,213.125,3600,-5.684341886e-13,3386.875,-1.476452438e-14,87.97077922,3386.875,87.97077922,5.328175331,349.4856543,5,1224,0,0,213.125,213.125,0,214,148,20.31305265
151,0,213.125,3480,1.421085472e-13,3266.875,3.691131095e-15,84.8538961,3266.875,84.8538961,5.796875,324.171875,5,1156,0,0,213.125,213.125,0,214,149,20.51088953
152,0,213.125,214,-1.591615728e-12,0.875,-4.134066826e-14,0.02272727273,0.875,0.02272727273,4.8125,4.8125,0,0,1,0,213.125,213.125,0,214,150,20.6663723
153,0,213.125,168,-1.278976924e-12,-45.125,-3.322017985e-14,-1.172077922,-45.125,-1.172077922,4.8125,21.75,1,62,0,0,213.125,213.125,0,214,151,20.8050015
154,0,213.125,3370,8.526512829e-14,3156.875,2.214678657e-15,81.99675325,3156.875,81.99675325,4.8125,295.734375,5,1058,0,0,213.125,213.125,0,214,152,20.86371589
155,0,213.125,3352,2.785327524e-12,3138.875,7.234616946e-14,81.52922078,3138.875,81.52922078,4.8125,323.5,5,1174,0,0,213.125,213.125,0,214,153,20.97777987
156,0,213.125,3440,3.126388037e-13,3226.875,8.120488409e-15,83.81493506,3226.875,83.81493506,4.8125,351.203125,5,1192,0,0,213.125,213.125,0,214,154,21.12076497
157,0,213.125,214,-5.684341886e-14,0.875,-1.476452438e-15,0.02272727273,0.875,0.02272727273,4.8125,4.8125,0,0,1,0,213.125,213.125,0,214,155,21.21830034
158,0,213.125,198,-1.5063506e-12,-15.125,-3.912598961e-14,-0.3928571429,-15.125,-0.3928571429,4.8125,18.1875,1,52,0,0,213.125,213.125,0,214,156,21.38428092
159,0,213.125,2776,-1.080024958e-12,2562.875,-2.805259632e-14,66.56818182,2562.875,66.56818182,4.8125,321.421875,4,1062,0,0,213.125,213.125,0,214,157,21.43767333
160,0,213.125,4148,-1.335820343e-12,3934.875,-3.469663229e-14,102.2045455,3934.875,102.2045455,4.8125,327.84375,5,1140,0,0,213.125,213.125,0,214,158,21.52704501
161,0,213.125,3594,0,3380.875,0,87.81493506,3380.875,87.81493506,5.265254859,321.7094944,5,1138,0,0,213.125,213.125,0,214,159,21.7325151
162,0,213.125,3554,-7.673861546e-13,3340.875,-1.993210791e-14,86.77597403,3340.875,86.77597403,4.8125,373.75,5,1338,0,0,213.125,213.125,0,214,160,21.88311005
163,0,213.125,3796,-1.98951966e-13,3582.875,-5.167583533e-15,93.06168831,3582.875,93.06168831,4.8125,346.96875,5,1164,0,0,213.125,213.125,0,214,161,22.05463123
164,0,213.125,3316,-2.273736754e-13,3102.875,-5.905809752e-15,80.59415584,3102.875,80.59415584,4.8125,314.96875,5,1150,0,0,213.125,213.125,0,214,162,22.18416142
165,0,213.125,3430,-2.273736754e-13,3216.875,-5.905809752e-15,83.55519481,3216.875,83.55519481,4.8125,337.421875,6,1154,0,0,213.125,213.125,0,214,163,22.3094306
166,0,213.125,4026,-3.126388037e-13,3812.875,-8.120488409e-15,99.03571429,3812.875,99.03571429,4.8125,347.09375,5,1216,0,0,213.125,213.125,0,214,164,22.44284964
167,0,213.125,3558,-1.136868377e-13,3344.875,-2.952904876e-15,86.87987013,3344.875,86.87987013,4.8125,347.75,5,1236,0,0,213.125,213.125,0,214,165,22.59886527
168,0,213.125,3820,4.263256415e-13,3606.875,1.107339328e-14,93.68506494,3606.875,93.68506494,4.8125,351.75,6,1218,0,0,213.125,213.125,0,214,166,22.75968909
169,0,213.125,3892,-5.684341886e-13,3678.875,-1.476452438e-14,95.55519481,3678.875,95.55519481,4.8125,347.0625,5,1168,0,0,213.125,213.125,0,214,167,22.91038537
170,0,213.125,3322,-2.557953849e-13,3108.875,-6.644035971e-15,80.75,3108.875,80.75,5.348973089,301.399658,4,1074,0,0,213.125,213.125,0,214,168,23.08568835
171,0,213.125,3756,1.705302566e-13,3542.875,4.429357314e-15,92.02272727,3542.875,92.02272727,5.346818933,338.0615188,5,1244,0,0,213.125,213.125,0,214,169,23.25295758
172,0,213.125,3324,-5.684341886e-14,3110.875,-1.476452438e-15,80.80194805,3110.875,80.80194805,5.377002583,331.9745402,5,1142,0,0,213.125,213.125,0,214,170,23.42394209
173,0,213.125,3610,-1.023181539e-12,3396.875,-2.657614388e-14,88.23051948,3396.875,88.23051948,4.8125,326.40625,5,1168,0,0,213.125,213.125,0,214,171,23.56621003
174,0,213.125,3224,6.252776075e-13,3010.875,1.624097682e-14,78.20454545,3010.875,78.20454545,4.8125,305.515625,5,1060,0,0,213.125,213.125,0,214,172,23.66740632
175,0,213.125,3586,1.136868377e-13,3372.875,2.952904876e-15,87.60714286,3372.875,87.60714286,4.8125,321.28125,5,1174,0,0,213.125,213.125,0,214,173,23.84617758
176,0,213.125,214,-9.379164112e-13,0.875,-2.436146523e-14,0.02272727273,0.875,0.02272727273,4.8125,4.8125,0,0,1,0,213.125,213.125,0,214,174,23.9697926
177,0,213.125,180,-1.705302566e-13,-33.125,-4.429357314e-15,-0.8603896104,-33.125,-0.8603896104,4.8125,22.640625,1,68,0,0,213.125,213.125,0,214,175,24.09941077
178,0,213.125,4030,-5.684341886e-14,3816.875,-1.476452438e-15,99.13961039,3816.875,99.13961039,4.8125,345.53125,6,1218,0,0,213.125,213.125,0,214,176,24.15708995
179,0,213.125,3860,8.526512829e-14,3646.875,2.214678657e-15,94.72402597,3646.875,94.72402597,4.8125,338.203125,6,1148,0,0,213.125,213.125,0,214,177,24.23923779
180,0,213.125,3304,1.136868377e-13,3090.875,2.952904876e-15,80.28246753,3090.875,80.28246753,4.8125,330.078125,4,1150,0,0,213.125,213.125,0,214,178,24.37795424
181,0,213.125,3268,5.684341886e-13,3054.875,1.476452438e-14,79.3474026,3054.875,79.3474026,4.8125,308.96875,5,1016,0,0,213.125,213.125,0,214,179,24.50331354
182,0,213.125,3514,-2.842170943e-14,3300.875,-7.38226219e-16,85.73701299,3300.875,85.73701299,4.8125,334.1875,5,1194,0,0,213.125,213.125,0,214,180,24.65021253
183,0,213.125,3424,5.684341886e-14,3210.875,1.476452438e-15,83.39935065,3210.875,83.39935065,4.8125,341.078125,5,1098,0,0,213.125,213.125,0,214,181,24.75253367
184,0,213.125,4062,-5.684341886e-14,3848.875,-1.476452438e-15,99.97077922,3848.875,99.97077922,5.552057092,350.6938116,7,1256,0,0,213.125,213.125,0,214,182,24.95751309
185,0,213.125,214,-5.684341886e-14,0.875,-1.476452438e-15,0.02272727273,0.875,0.02272727273,5.187477656,5.187481253,0,0,1,0,213.125,213.125,0,214,183,25.16210985
186,0,213.125,268,-1.136868377e-12,54.875,-2.952904876e-14,1.425324675,54.875,1.425324675,4.8125,28.875,1,72,0,0,213.125,213.125,0,214,184,25.2274332
187,0,213.125,3866,3.126388037e-13,3652.875,8.120488409e-15,94.87987013,3652.875,94.87987013,4.8125,319.84375,5,1176,0,0,213.125,213.125,0,214,185,25.29434204
188,0,213.125,3306,3.410605132e-13,3092.875,8.858714628e-15,80.33441558,3092.875,80.33441558,5.198159353,310.0802359,5,1102,0,0,213.125,213.125,0,214,186,25.48286819
189,0,213.125,3340,8.526512829e-14,3126.875,2.214678657e-15,81.21753247,3126.875,81.21753247,4.8125,360.40625,5,1198,0,0,213.125,213.125,0,214,187,25.55622673
190,0,213.125,3680,5.684341886e-14,3466.875,1.476452438e-15,90.0487013,3466.875,90.0487013,5.547313567,343.9434764,5,1206,0,0,213.125,213.125,0,214,188,25.7124536
191,0,213.125,3710,1.705302566e-13,3496.875,4.429357314e-15,90.82792208,3496.875,90.82792208,5.192250757,306.6304791,5,1078,0,0,213.125,213.125,0,214,189,25.87501431
192,0,213.125,214,-1.961097951e-12,0.875,-5.093760911e-14,0.02272727273,0.875,0.02272727273,5.142570753,5.142570753,0,0,1,0,213.125,213.125,0,214,190,26.01243305
193,0,213.125,128,-2.273736754e-13,-85.125,-5.905809752e-15,-2.211038961,-85.125,-2.211038961,4.8125,20.859375,1,68,0,0,213.125,213.125,0,214,191,26.10053873
194,0,213.125,3644,3.126388037e-13,3430.875,8.120488409e-15,89.11363636,3430.875,89.11363636,4.8125,328.953125,6,1172,0,0,213.125,213.125,0,214,192,26.13958549
195,0,213.125,3456,-1.421085472e-13,3242.875,-3.691131095e-15,84.23051948,3242.875,84.23051948,5.233245568,344.4506692,6,1212,0,0,213.125,213.125,0,214,193,26.33363628
196,0,213.125,3484,3.97903932e-13,3270.875,1.033516707e-14,84.95779221,3270.875,84.95779221,4.8125,320.625,5,1102,0,0,213.125,213.125,0,214,194,26.48742461
197,0,213.125,3760,-3.126388037e-13,3546.875,-8.120488409e-15,92.12662338,3546.875,92.12662338,5.320287086,354.4715049,6,1268,0,0,213.125,213.125,0,214,195,26.67334509
198,0,213.125,3480,-2.557953849e-13,3266.875,-6.644035971e-15,84.8538961,3266.875,84.8538961,4.8125,315.625,5,1124,0,0,213.125,213.125,0,214,196,26.78002238
199,0,213.125,3786,-1.136868377e-12,3572.875,-2.952904876e-14,92.80194805,3572.875,92.80194805,4.8125,339.625,5,1256,0,0,213.125,213.125,0,214,197,26.87330031
200,0,213.125,3716,-1.705302566e-13,3502.875,-4.429357314e-15,90.98376623,3502.875,90.98376623,4.8125,327.40625,5,1122,0,0,213.125,213.125,0,214,198,26.9854424
201,0,213.125,3938,-5.684341886e-14,3724.875,-1.476452438e-15,96.75,3724.875,96.75,4.8125,310.734375,5,1042,0,0,213.125,213.125,0,214,199,27.13192797
202,0,213.125,3684,8.242295735e-13,3470.875,2.140856035e-14,90.1525974,3470.875,90.1525974,5.796875,355.40625,5,1240,0,0,213.125,213.125,0,214,200,27.24199915
203,0,213.125,3944,6.821210263e-13,3730.875,1.771742926e-14,96.90584416,3730.875,96.90584416,5.468986231,343.0509254,5,1226,0,0,213.125,213.125,0,214,201,27.42176771
204,0,213.125,3968,-2.557953849e-13,3754.875,-6.644035971e-15,97.52922078,3754.875,97.52922078,5.714128061,342.7285996,6,1184,0,0,213.125,213.125,0,214,202,27.61306119
205,0,213.125,3834,2.842170943e-14,3620.875,7.38226219e-16,94.0487013,3620.875,94.0487013,4.8125,339.75,5,1156,0,0,213.125,213.125,0,214,203,27.77159095
206,0,213.125,3522,5.684341886e-14,3308.875,1.476452438e-15,85.94480519,3308.875,85.94480519,5.55590097,344.9068632,5,1224,0,0,213.125,213.125,0,214,204,27.97044373
207,0,213.125,3064,1.136868377e-13,2850.875,2.952904876e-15,74.0487013,2850.875,74.0487013,5.717217682,302.9976329,5,1060,0,0,213.125,213.125,0,214,205,28.17226171
208,0,213.125,4028,1.705302566e-13,3814.875,4.429357314e-15,99.08766234,3814.875,99.08766234,5.267824727,353.746458,5,1230,0,0,213.125,213.125,0,214,206,28.40018034
209,0,213.125,3634,-3.694822226e-13,3420.875,-9.596940847e-15,88.8538961,3420.875,88.8538961,5.227616524,327.552949,5,1136,0,0,213.125,213.125,0,214,207,28.55888677
210,0,213.125,3528,-1.932676241e-12,3314.875,-5.019938289e-14,86.10064935,3314.875,86.10064935,4.8125,311.40625,5,1094,0,0,213.125,213.125,0,214,208,28.68235373
211,0,213.125,3764,7.105427358e-13,3550.875,1.845565547e-14,92.23051948,3550.875,92.23051948,4.8125,338.40625,5,1228,0,0,213.125,213.125,0,214,209,28.77616787
212,0,213.125,3596,1.421085472e-13,3382.875,3.691131095e-15,87.86688312,3382.875,87.86688312,5.442771681,327.8532658,6,1126,0,0,213.125,213.125,0,214,210,28.9264183
213,0,213.125,3352,3.694822226e-13,3138.875,9.596940847e-15,81.52922078,3138.875,81.52922078,4.8125,317.640625,5,1178,0,0,213.125,213.125,0,214,211,29.10650587
214,0,213.125,214,4.035882739e-12,0.875,1.048281231e-13,0.02272727273,0.875,0.02272727273,4.8125,4.8125,0,0,1,0,213.125,213.125,0,214,212,29.22929811
215,0,213.125,304,2.842170943e-14,90.875,7.38226219e-16,2.36038961,90.875,2.36038961,4.8125,30.65625,1,48,0,0,213.125,213.125,0,214,213,29.44874573
216,0,213.125,3730,-5.684341886e-14,3516.875,-1.476452438e-15,91.3474026,3516.875,91.3474026,4.8125,370.96875,6,1376,0,0,213.125,213.125,0,214,214,29.53153396
217,0,213.125,3544,-2.842170943e-14,3330.875,-7.38226219e-16,86.51623377,3330.875,86.51623377,5.484879306,309.6158583,5,1110,0,0,213.125,213.125,0,214,215,29.79115295
218,0,213.125,3164,-1.705302566e-13,2950.875,-4.429357314e-15,76.6461039,2950.875,76.6461039,4.8125,326.96875,5,1160,0,0,213.125,213.125,0,214,216,29.96378756
219,0,213.125,4004,-9.947598301e-13,3790.875,-2.583791766e-14,98.46428571,3790.875,98.46428571,4.8125,359.859375,6,1244,0,0,213.125,213.125,0,214,217,30.05187106
220,0,213.125,3506,-5.684341886e-13,3292.875,-1.476452438e-14,85.52922078,3292.875,85.52922078,4.8125,320.40625,6,1084,0,0,213.125,213.125,0,214,218,30.20272613
221,0,213.125,3832,-3.97903932e-13,3618.875,-1.033516707e-14,93.99675325,3618.875,93.99675325,5.369876619,324.8516545,6,1118,0,0,213.125,213.125,0,214,219,30.42985773
222,0,213.125,3200,5.684341886e-14,2986.875,1.476452438e-15,77.58116883,2986.875,77.58116883,5.370315961,327.4417551,5,1140,0,0,213.125,213.125,0,214,220,30.5859251
223,0,213.125,3688,1.136868377e-13,3474.875,2.952904876e-15,90.25649351,3474.875,90.25649351,5.281702501,331.9529467,5,1152,0,0,213.125,213.125,0,214,221,30.74145627
224,0,213.125,3508,-1.136868377e-13,3294.875,-2.952904876e-15,85.58116883,3294.875,85.58116883,5.268787203,341.9979623,5,1230,0,0,213.125,213.125,0,214,222,30.93152523
225,0,213.125,3560,-2.842170943e-14,3346.875,-7.38226219e-16,86.93181818,3346.875,86.93181818,5.259806094,336.9700331,5,1190,0,0,213.125,213.125,0,214,223,31.10102558
226,0,213.125,4130,-1.136868377e-13,3916.875,-2.952904876e-15,101.737013,3916.875,101.737013,5.268358281,369.5320851,5,1288,0,0,213.125,213.125,0,214,224,31.25692296
227,0,213.125,3674,5.684341886e-14,3460.875,1.476452438e-15,89.89285714,3460.875,89.89285714,5.429905646,350.4702697,5,1258,0,0,213.125,213.125,0,214,225,31.39149022
228,0,213.125,214,0,0.875,0,0.02272727273,0.875,0.02272727273,5.46846227,5.468462783,0,0,1,0,213.125,213.125,0,214,226,31.57458544
229,0,213.125,186,5.115907697e-13,-27.125,1.328807194e-14,-0.7045454545,-27.125,-0.7045454545,4.8125,15.515625,1,40,0,0,213.125,213.125,0,214,227,31.73786664
230,0,213.125,3480,2.216893336e-12,3266.875,5.758164508e-14,84.8538961,3266.875,84.8538961,4.8125,334.28125,6,1204,0,0,213.125,213.125,0,214,228,31.78078461
231,0,213.125,3700,-2.842170943e-14,3486.875,-7.38226219e-16,90.56818182,3486.875,90.56818182,5.387067123,339.952212,5,1216,0,0,213.125,213.125,0,214,229,31.92993402
232,0,213.125,4282,-1.421085472e-13,4068.875,-3.691131095e-15,105.6850649,4068.875,105.6850649,5.191475039,348.1370815,5,1222,0,0,213.125,213.125,0,214,230,32.06035852
233,0,213.125,3148,-3.410605132e-13,2934.875,-8.858714628e-15,76.23051948,2934.875,76.23051948,4.8125,318.1875,5,1098,0,0,213.125,213.125,0,214,231,32.17205834
234,0,213.125,214,5.371703082e-12,0.875,1.395247554e-13,0.02272727273,0.875,0.02272727273,4.8125,4.8125,0,0,1,0,213.125,213.125,0,214,232,32.3133359
235,0,213.125,78,-3.410605132e-13,-135.125,-8.858714628e-15,-3.50974026,-135.125,-3.50974026,4.8125,27.09375,1,48,0,0,213.125,213.125,0,214,233,32.47220039
236,0,213.125,214,-4.831690603e-13,0.875,-1.254984572e-14,0.02272727273,0.875,0.02272727273,4.8125,4.8125,0,0,1,0,213.125,213.125,0,214,234,32.5228858
237,0,213.125,126,-6.536993169e-13,-87.125,-1.697920304e-14,-2.262987013,-87.125,-2.262987013,4.8125,12.84375,1,36,0,0,213.125,213.125,0,214,235,32.62563062
238,0,213.125,3328,-1.136868377e-13,3114.875,-2.952904876e-15,80.90584416,3114.875,80.90584416,4.8125,292.296875,5,1062,0,0,213.125,213.125,0,214,236,32.66338873
239,0,213.125,3680,1.421085472e-13,3466.875,3.691131095e-15,90.0487013,3466.875,90.0487013,4.8125,338.84375,5,1144,0,0,213.125,213.125,0,214,237,32.71284389
240,0,213.125,3802,2.842170943e-14,3588.875,7.38226219e-16,93.21753247,3588.875,93.21753247,5.324825414,365.2418402,6,1254,0,0,213.125,213.125,0,214,238,32.89358544
241,0,213.125,3688,5.684341886e-14,3474.875,1.476452438e-15,90.25649351,3474.875,90.25649351,4.8125,373.96875,6,1348,0,0,213.125,213.125,0,214,239,33.07307696
242,0,213.125,3648,3.410605132e-13,3434.875,8.858714628e-15,89.21753247,3434.875,89.21753247,4.8125,323.515625,6,1110,0,0,213.125,213.125,0,214,240,33.27590203
243,0,213.125,3558,3.410605132e-13,3344.875,8.858714628e-15,86.87987013,3344.875,86.87987013,4.8125,308.078125,4,1152,0,0,213.125,213.125,0,214,241,33.40272427
244,0,213.125,214,-1.648459147e-12,0.875,-4.28171207e-14,0.02272727273,0.875,0.02272727273,4.8125,4.8125,0,0,1,0,213.125,213.125,0,214,242,33.53765035
245,0,213.125,184,3.97903932e-13,-29.125,1.033516707e-14,-0.7564935065,-29.125,-0.7564935065,4.8125,19.96875,1,50,0,0,213.125,213.125,0,214,243,33.65428519
246,0,213.125,3682,-5.684341886e-14,3468.875,-1.476452438e-15,90.10064935,3468.875,90.10064935,4.8125,353.203125,6,1222,0,0,213.125,213.125,0,214,244,33.7116456
247,0,213.125,3860,1.421085472e-13,3646.875,3.691131095e-15,94.72402597,3646.875,94.72402597,4.8125,343.078125,5,1166,0,0,213.125,213.125,0,214,245,33.79294395
248,0,213.125,3574,-1.421085472e-13,3360.875,-3.691131095e-15,87.29545455,3360.875,87.29545455,5.279222531,330.269301,5,1144,0,0,213.125,213.125,0,214,246,34.05185246
249,0,213.125,3358,-1.136868377e-13,3144.875,-2.952904876e-15,81.68506494,3144.875,81.68506494,5.218477915,330.5535874,6,1130,0,0,213.125,213.125,0,214,247,34.22430968
250,0,213.125,3644,0,3430.875,0,89.11363636,3430.875,89.11363636,5.420626093,327.6114931,5,1148,0,0,213.125,213.125,0,214,248,34.35637569
251,0,213.125,3056,3.126388037e-13,2842.875,8.120488409e-15,73.84090909,2842.875,73.84090909,4.8125,312.53125,5,1074,0,0,213.125,213.125,0,214,249,34.48657584
252,0,213.125,3512,1.98951966e-13,3298.875,5.167583533e-15,85.68506494,3298.875,85.68506494,4.8125,341.640625,5,1216,0,0,213.125,213.125,0,214,250,34.61341143
253,0,213.125,3248,2.842170943e-14,3034.875,7.38226219e-16,78.82792208,3034.875,78.82792208,4.8125,332.96875,5,1206,0,0,213.125,213.125,0,214,251,34.74105096
254,0,213.125,3364,5.684341886e-14,3150.875,1.476452438e-15,81.84090909,3150.875,81.84090909,4.8125,307.296875,5,1068,0,0,213.125,213.125,0,214,252,34.89849472
255,0,213.125,4010,1.136868377e-13,3796.875,2.952904876e-15,98.62012987,3796.875,98.62012987,4.8125,363.09375,5,1224,0,0,213.125,213.125,0,214,253,35.02805042
256,0,213.125,3366,9.094947018e-13,3152.875,2.362323901e-14,81.89285714,3152.875,81.89285714,4.8125,333.078125,5,1176,0,0,213.125,213.125,0,214,254,35.14624548
257,0,213.125,2990,0,2776.875,0,72.12662338,2776.875,72.12662338,4.8125,321.515625,5,1108,0,0,213.125,213.125,0,214,255,35.32581329
258,0,213.125,3706,3.97903932e-13,3492.875,1.033516707e-14,90.72402597,3492.875,90.72402597,4.8125,330.515625,5,1140,0,0,213.125,213.125,0,214,256,35.4681766
259,0,213.125,3262,3.694822226e-13,3048.875,9.596940847e-15,79.19155844,3048.875,79.19155844,4.8125,323.0625,5,1166,0,0,213.125,213.125,0,214,257,35.57116175
260,0,213.125,214,9.663381206e-13,0.875,2.509969145e-14,0.02272727273,0.875,0.02272727273,4.8125,4.8125,0,0,1,0,213.125,213.125,0,214,258,35.73830199
261,0,213.125,60,-2.216893336e-12,-153.125,-5.758164508e-14,-3.977272727,-153.125,-3.977272727,4.8125,27.984375,1,72,0,0,213.125,213.125,0,214,259,35.82014155
262,0,213.125,3802,-4.547473509e-13,3588.875,-1.18116195e-14,93.21753247,3588.875,93.21753247,4.8125,340.953125,5,1218,0,0,213.125,213.125,0,214,260,35.87246156
263,0,213.125,3572,-5.684341886e-14,3358.875,-1.476452438e-15,87.24350649,3358.875,87.24350649,4.8125,332.078125,5,1126,0,0,213.125,213.125,0,214,261,36.03223991
264,0,213.125,3524,3.410605132e-13,3310.875,8.858714628e-15,85.99675325,3310.875,85.99675325,4.8125,306.625,6,1136,0,0,213.125,213.125,0,214,262,36.13622522
265,0,213.125,3262,0,3048.875,0,79.19155844,3048.875,79.19155844,4.8125,303.75,5,1076,0,0,213.125,213.125,0,214,263,36.2727046
266,0,213.125,3562,4.547473509e-13,3348.875,1.18116195e-14,86.98376623,3348.875,86.98376623,4.8125,334.96875,5,1114,0,0,213.125,213.125,0,214,264,36.3487165
267,0,213.125,3202,9.663381206e-13,2988.875,2.509969145e-14,77.63311688,2988.875,77.63311688,4.8125,311.40625,5,1080,0,0,213.125,213.125,0,214,265,36.47516513
268,0,213.125,3706,-4.547473509e-13,3492.875,-1.18116195e-14,90.72402597,3492.875,90.72402597,5.46418493,362.5886178,6,1276,0,0,213.125,213.125,0,214,266,36.66138458
269,0,213.125,3952,-2.557953849e-13,3738.875,-6.644035971e-15,97.11363636,3738.875,97.11363636,4.8125,352.96875,6,1220,0,0,213.125,213.125,0,214,267,36.79311728
270,0,213.125,3968,2.842170943e-14,3754.875,7.38226219e-16,97.52922078,3754.875,97.52922078,4.8125,353.078125,5,1230,0,0,213.125,213.125,0,214,268,36.9219718
271,0,213.125,2832,2.842170943e-14,2618.875,7.38226219e-16,68.02272727,2618.875,68.02272727,4.8125,323.515625,5,1146,0,0,213.125,213.125,0,214,269,37.05683351
272,0,213.125,3664,7.958078641e-13,3450.875,2.067033413e-14,89.63311688,3450.875,89.63311688,5.274965374,346.5317494,5,1188,0,0,213.125,213.125,0,214,270,37.28431749
273,0,213.125,4100,6.252776075e-13,3886.875,1.624097682e-14,100.9577922,3886.875,100.9577922,4.8125,348.296875,5,1170,0,0,213.125,213.125,0,214,271,37.38389993
274,0,213.125,3368,-3.97903932e-13,3154.875,-1.033516707e-14,81.94480519,3154.875,81.94480519,4.8125,314.734375,4,1058,0,0,213.125,213.125,0,214,272,37.52524638
275,0,213.125,3702,-1.421085472e-13,3488.875,-3.691131095e-15,90.62012987,3488.875,90.62012987,4.8125,364.640625,6,1228,0,0,213.125,213.125,0,214,273,37.64089179
276,0,213.125,3344,3.410605132e-13,3130.875,8.858714628e-15,81.32142857,3130.875,81.32142857,4.8125,324.1875,5,1112,0,0,213.125,213.125,0,214,274,37.73913407
277,0,213.125,3992,0,3778.875,0,98.1525974,3778.875,98.1525974,4.8125,337.078125,5,1212,0,0,213.125,213.125,0,214,275,37.96213722
278,0,213.125,3324,2.842170943e-13,3110.875,7.38226219e-15,80.80194805,3110.875,80.80194805,4.8125,311.625,5,1074,0,0,213.125,213.125,0,214,276,38.07210684
279,0,213.125,3288,-2.557953849e-13,3074.875,-6.644035971e-15,79.86688312,3074.875,79.86688312,4.8125,341.296875,5,1146,0,0,213.125,213.125,0,214,277,38.23165035
280,0,213.125,3274,2.842170943e-13,3060.875,7.38226219e-15,79.50324675,3060.875,79.50324675,4.8125,307.515625,5,1124,0,0,213.125,213.125,0,214,278,38.43590331
281,0,213.125,3368,0,3154.875,0,81.94480519,3154.875,81.94480519,5.311617955,325.0935041,5,1136,0,0,213.125,213.125,0,214,279,38.57500935
282,0,213.125,214,5.115907697e-13,0.875,1.328807194e-14,0.02272727273,0.875,0.02272727273,5.65748867,5.65748867,0,0,1,0,213.125,213.125,0,214,280,38.71749473
283,0,213.125,302,1.421085472e-13,88.875,3.691131095e-15,2.308441558,88.875,2.308441558,4.8125,30.65625,1,52,0,0,213.125,213.125,0,214,281,38.8727808
284,0,213.125,3728,-3.694822226e-13,3514.875,-9.596940847e-15,91.29545455,3514.875,91.29545455,4.8125,344.625,6,1260,0,0,213.125,213.125,0,214,282,38.95650005
285,0,213.125,3804,-2.842170943e-14,3590.875,-7.38226219e-16,93.26948052,3590.875,93.26948052,4.8125,323.859375,5,1094,0,0,213.125,213.125,0,214,283,39.19693828
286,0,213.125,3110,5.684341886e-14,2896.875,1.476452438e-15,75.24350649,2896.875,75.24350649,4.8125,324.734375,5,1156,0,0,213.125,213.125,0,214,284,39.2566483
287,0,213.125,214,5.684341886e-14,0.875,1.476452438e-15,0.02272727273,0.875,0.02272727273,4.8125,4.8125,0,0,1,0,213.125,213.125,0,214,285,39.36108804
288,0,213.125,158,-3.410605132e-13,-55.125,-8.858714628e-15,-1.431818182,-55.125,-1.431818182,4.8125,15.515625,1,52,0,0,213.125,213.125,0,214,286,39.44636345
289,0,213.125,3568,-8.526512829e-14,3354.875,-2.214678657e-15,87.13961039,3354.875,87.13961039,4.8125,316.84375,5,1158,0,0,213.125,213.125,0,214,287,39.48484182
290,0,213.125,3578,-2.330580173e-12,3364.875,-6.053454996e-14,87.39935065,3364.875,87.39935065,4.8125,345.1875,6,1224,0,0,213.125,213.125,0,214,288,39.60102701
291,0,213.125,3188,-2.273736754e-13,2974.875,-5.905809752e-15,77.26948052,2974.875,77.26948052,4.8125,328.53125,4,1128,0,0,213.125,213.125,0,214,289,39.72279978
292,0,213.125,3952,0,3738.875,0,97.11363636,3738.875,97.11363636,4.8125,337.515625,5,1234,0,0,213.125,213.125,0,214,290,39.86389709
293,0,213.125,214,-4.035882739e-12,0.875,-1.048281231e-13,0.02272727273,0.875,0.02272727273,4.8125,4.8125,0,0,1,0,213.125,213.125,0,214,291,40.02852988
294,0,213.125,198,1.421085472e-13,-15.125,3.691131095e-15,-0.3928571429,-15.125,-0.3928571429,4.8125,15.515625,1,32,0,0,213.125,213.125,0,214,292,40.11973286
295,0,213.125,3436,2.273736754e-13,3222.875,5.905809752e-15,83.71103896,3222.875,83.71103896,4.8125,314.296875,5,1086,0,0,213.125,213.125,0,214,293,40.17534399
296,0,213.125,3208,1.705302566e-13,2994.875,4.429357314e-15,77.78896104,2994.875,77.78896104,4.8125,299.734375,5,1148,0,0,213.125,213.125,0,214,294,40.24100947
297,0,213.125,3690,-2.273736754e-13,3476.875,-5.905809752e-15,90.30844156,3476.875,90.30844156,4.8125,362.3125,5,1224,0,0,213.125,213.125,0,214,295,40.39821458
298,0,213.125,3528,3.97903932e-13,3314.875,1.033516707e-14,86.10064935,3314.875,86.10064935,4.8125,346.640625,5,1234,0,0,213.125,213.125,0,214,296,40.49648046
299,0,213.125,4040,2.273736754e-13,3826.875,5.905809752e-15,99.39935065,3826.875,99.39935065,4.8125,337.078125,5,1162,0,0,213.125,213.125,0,214,297,40.61064768
300,0,213.125,3636,2.415845302e-12,3422.875,6.274922861e-14,88.90584416,3422.875,88.90584416,4.8125,325.515625,5,1180,0,0,213.125,213.125,0,214,298,40.77373528
301,0,213.125,3772,1.705302566e-13,3558.875,4.429357314e-15,92.43831169,3558.875,92.43831169,4.8125,359.859375,5,1224,0,0,213.125,213.125,0,214,299,40.88981056
302,0,213.125,3552,3.97903932e-13,3338.875,1.033516707e-14,86.72402597,3338.875,86.72402597,4.8125,326.953125,6,1198,0,0,213.125,213.125,0,214,300,41.03572202
303,0,213.125,3468,1.705302566e-13,3254.875,4.429357314e-15,84.54220779,3254.875,84.54220779,4.8125,371.75,6,1284,0,0,213.125,213.125,0,214,301,41.17637205
304,0,213.125,4022,7.389644452e-13,3808.875,1.919388169e-14,98.93181818,3808.875,98.93181818,4.8125,348.625,4,1208,0,0,213.125,213.125,0,214,302,41.28158617
305,0,213.125,3804,-3.97903932e-13,3590.875,-1.033516707e-14,93.26948052,3590.875,93.26948052,4.8125,325.625,5,1192,0,0,213.125,213.125,0,214,303,41.39951897
306,0,213.125,3598,-5.400124792e-13,3384.875,-1.402629816e-14,87.91883117,3384.875,87.91883117,4.8125,345.296875,5,1198,0,0,213.125,213.125,0,214,304,41.6104517
307,0,213.125,3560,-5.115907697e-13,3346.875,-1.328807194e-14,86.93181818,3346.875,86.93181818,4.8125,320.640625,6,1138,0,0,213.125,213.125,0,214,305,41.74140286
308,0,213.125,3842,-1.5063506e-12,3628.875,-3.912598961e-14,94.25649351,3628.875,94.25649351,4.8125,353.3125,5,1244,0,0,213.125,213.125,0,214,306,41.84992337
309,0,213.125,3822,3.410605132e-13,3608.875,8.858714628e-15,93.73701299,3608.875,93.73701299,4.8125,337.390625,5,1154,0,0,213.125,213.125,0,214,307,41.98787856
310,0,213.125,3676,-2.273736754e-13,3462.875,-5.905809752e-15,89.94480519,3462.875,89.94480519,4.8125,340.75,6,1218,0,0,213.125,213.125,0,214,308,42.19166255
311,0,213.125,3600,1.136868377e-13,3386.875,2.952904876e-15,87.97077922,3386.875,87.97077922,4.8125,345.40625,5,1232,0,0,213.125,213.125,0,214,309,42.294029
312,0,213.125,2874,0,2660.875,0,69.11363636,2660.875,69.11363636,5.302329282,308.6429279,6,1034,0,0,213.125,213.125,0,214,310,42.5417707
313,0,213.125,3564,-1.705302566e-13,3350.875,-4.429357314e-15,87.03571429,3350.875,87.03571429,4.8125,343.515625,6,1162,0,0,213.125,213.125,0,214,311,42.66422367
314,0,213.125,3488,5.684341886e-14,3274.875,1.476452438e-15,85.06168831,3274.875,85.06168831,4.8125,317.734375,6,1128,0,0,213.125,213.125,0,214,312,42.81320906
315,0,213.125,3708,-1.421085472e-13,3494.875,-3.691131095e-15,90.77597403,3494.875,90.77597403,4.8125,320.171875,6,1158,0,0,213.125,213.125,0,214,313,42.96264482
316,0,213.125,4110,-2.842170943e-14,3896.875,-7.38226219e-16,101.2175325,3896.875,101.2175325,5.352892467,336.7947211,4,1164,0,0,213.125,213.125,0,214,314,43.1111064
317,0,213.125,214,2.046363079e-12,0.875,5.315228777e-14,0.02272727273,0.875,0.02272727273,4.8125,4.8125,0,0,1,0,213.125,213.125,0,214,315,43.20574093
318,0,213.125,154,0,-59.125,0,-1.535714286,-59.125,-1.535714286,4.8125,13.734375,1,36,0,0,213.125,213.125,0,214,316,43.36707568
319,0,213.125,3668,-7.673861546e-13,3454.875,-1.993210791e-14,89.73701299,3454.875,89.73701299,4.8125,302.625,5,1088,0,0,213.125,213.125,0,214,317,43.41134071
320,0,213.125,3426,-3.97903932e-13,3212.875,-1.033516707e-14,83.4512987,3212.875,83.4512987,4.8125,312.1875,5,1124,0,0,213.125,213.125,0,214,318,43.46787262
321,0,213.125,3638,-4.547473509e-13,3424.875,-1.18116195e-14,88.95779221,3424.875,88.95779221,4.8125,329.078125,6,1196,0,0,213.125,213.125,0,214,319,43.59221911
322,0,213.125,3852,-1.136868377e-13,3638.875,-2.952904876e-15,94.51623377,3638.875,94.51623377,4.8125,342.296875,5,1202,0,0,213.125,213.125,0,214,320,43.69882822
323,0,213.125,3682,0,3468.875,0,90.10064935,3468.875,90.10064935,4.8125,332.40625,6,1222,0,0,213.125,213.125,0,214,321,43.86153865
324,0,213.125,214,2.273736754e-12,0.875,5.905809752e-14,0.02272727273,0.875,0.02272727273,4.8125,4.8125,0,0,1,0,213.125,213.125,0,214,322,44.00446439
325,0,213.125,70,-9.663381206e-13,-143.125,-2.509969145e-14,-3.717532468,-143.125,-3.717532468,4.8125,27.09375,1,52,0,0,213.125,213.125,0,214,323,44.11384726
326,0,213.125,3528,3.694822226e-13,3314.875,9.596940847e-15,86.10064935,3314.875,86.10064935,4.8125,316.625,5,1132,0,0,213.125,213.125,0,214,324,44.17510009
327,0,213.125,3546,5.684341886e-14,3332.875,1.476452438e-15,86.56818182,3332.875,86.56818182,4.8125,337.96875,5,1170,0,0,213.125,213.125,0,214,325,44.26968217
328,0,213.125,3630,7.389644452e-13,3416.875,1.919388169e-14,88.75,3416.875,88.75,4.8125,337.96875,5,1168,0,0,213.125,213.125,0,214,326,44.41395187
329,0,213.125,3634,-1.847411113e-12,3420.875,-4.798470423e-14,88.8538961,3420.875,88.8538961,4.8125,337.296875,6,1252,0,0,213.125,213.125,0,214,327,44.52082348
330,0,213.125,3660,-3.126388037e-13,3446.875,-8.120488409e-15,89.52922078,3446.875,89.52922078,4.8125,351.1875,6,1238,0,0,213.125,213.125,0,214,328,44.67770386
331,0,213.125,3442,-1.705302566e-13,3228.875,-4.429357314e-15,83.86688312,3228.875,83.86688312,4.8125,345.40625,5,1206,0,0,213.125,213.125,0,214,329,44.82925606
332,0,213.125,214,-8.526512829e-14,0.875,-2.214678657e-15,0.02272727273,0.875,0.02272727273,5.39746274,5.397465113,0,0,1,0,213.125,213.125,0,214,330,45.01768589
333,0,213.125,156,6.821210263e-13,-57.125,1.771742926e-14,-1.483766234,-57.125,-1.483766234,4.8125,12.84375,1,48,0,0,213.125,213.125,0,214,331,45.13680673
334,0,213.125,214,-5.059064279e-12,0.875,-1.31404267e-13,0.02272727273,0.875,0.02272727273,4.8125,4.8125,0,0,1,0,213.125,213.125,0,214,332,45.17922759
335,0,213.125,158,2.842170943e-13,-55.125,7.38226219e-15,-1.431818182,-55.125,-1.431818182,4.8125,14.625,1,48,0,0,213.125,213.125,0,214,333,45.23397112
336,0,213.125,3770,-8.526512829e-14,3556.875,-2.214678657e-15,92.38636364,3556.875,92.38636364,4.8125,315.40625,5,1052,0,0,213.125,213.125,0,214,334,45.26575375
337,0,213.125,214,-2.557953849e-12,0.875,-6.644035971e-14,0.02272727273,0.875,0.02272727273,5.796875,5.796875,0,0,1,0,213.125,213.125,0,214,335,45.39600253
338,0,213.125,20,-6.252776075e-13,-193.125,-1.624097682e-14,-5.016233766,-193.125,-5.016233766,4.8125,30.65625,1,52,0,0,213.125,213.125,0,214,336,45.50951982
339,0,213.125,3390,-3.410605132e-13,3176.875,-8.858714628e-15,82.51623377,3176.875,82.51623377,4.8125,333.28125,5,1170,0,0,213.125,213.125,0,214,337,45.5654192
340,0,213.125,3542,5.684341886e-14,3328.875,1.476452438e-15,86.46428571,3328.875,86.46428571,5.141155456,345.8487615,6,1260,0,0,213.125,213.125,0,214,338,45.71459484
341,0,213.125,3612,1.705302566e-13,3398.875,4.429357314e-15,88.28246753,3398.875,88.28246753,4.8125,344.625,5,1210,0,0,213.125,213.125,0,214,339,45.83208036
342,0,213.125,3496,-1.222133506e-12,3282.875,-3.174372742e-14,85.26948052,3282.875,85.26948052,4.8125,322.1875,5,1104,0,0,213.125,213.125,0,214,340,45.96040225
343,0,213.125,3452,-7.389644452e-13,3238.875,-1.919388169e-14,84.12662338,3238.875,84.12662338,4.8125,344.1875,5,1190,0,0,213.125,213.125,0,214,341,46.03554201
344,0,213.125,3678,-2.842170943e-13,3464.875,-7.38226219e-15,89.99675325,3464.875,89.99675325,4.8125,318.75,5,1124,0,0,213.125,213.125,0,214,342,46.17034364
345,0,213.125,3638,-2.842170943e-14,3424.875,-7.38226219e-16,88.95779221,3424.875,88.95779221,4.8125,325.734375,5,1192,0,0,213.125,213.125,0,214,343,46.29988623
346,0,213.125,3854,1.98951966e-13,3640.875,5.167583533e-15,94.56818182,3640.875,94.56818182,4.8125,344.296875,6,1190,0,0,213.125,213.125,0,214,344,46.43440819
347,0,213.125,4234,3.694822226e-13,4020.875,9.596940847e-15,104.4383117,4020.875,104.4383117,4.8125,360.625,5,1282,0,0,213.125,213.125,0,214,345,46.53675008
348,0,213.125,214,7.673861546e-12,0.875,1.993210791e-13,0.02272727273,0.875,0.02272727273,4.8125,4.8125,0,0,1,0,213.125,213.125,0,214,346,46.6836834
349,0,213.125,128,5.684341886e-14,-85.125,1.476452438e-15,-2.211038961,-85.125,-2.211038961,4.8125,22.640625,1,66,0,0,213.125,213.125,0,214,347,46.8096416
350,0,213.125,3772,-2.557953849e-13,3558.875,-6.644035971e-15,92.43831169,3558.875,92.43831169,4.8125,349.53125,5,1286,0,0,213.125,213.125,0,214,348,46.86736345
351,0,213.125,3636,-6.252776075e-13,3422.875,-1.624097682e-14,88.90584416,3422.875,88.90584416,4.8125,323.859375,6,1112,0,0,213.125,213.125,0,214,349,46.97408557
352,0,213.125,3868,-1.705302566e-13,3654.875,-4.429357314e-15,94.93181818,3654.875,94.93181818,4.8125,363.859375,5,1288,0,0,213.125,213.125,0,214,350,47.12153125
353,0,213.125,214,9.094947018e-13,0.875,2.362323901e-14,0.02272727273,0.875,0.02272727273,4.8125,4.8125,0,0,1,0,213.125,213.125,0,214,351,47.27370644
354,0,213.125,282,2.842170943e-13,68.875,7.38226219e-15,1.788961039,68.875,1.788961039,4.8125,30.65625,1,60,0,0,213.125,213.125,0,214,352,47.39944768
355,0,213.125,3482,-1.136868377e-13,3268.875,-2.952904876e-15,84.90584416,3268.875,84.90584416,4.8125,325.734375,5,1106,0,0,213.125,213.125,0,214,353,47.48251247
356,0,213.125,3310,-2.273736754e-13,3096.875,-5.905809752e-15,80.43831169,3096.875,80.43831169,4.8125,324.75,5,1142,0,0,213.125,213.125,0,214,354,47.69740629
357,0,213.125,3234,-2.842170943e-14,3020.875,-7.38226219e-16,78.46428571,3020.875,78.46428571,4.8125,313.1875,5,1078,0,0,213.125,213.125,0,214,355,47.80187821
358,0,213.125,3608,-2.842170943e-14,3394.875,-7.38226219e-16,88.17857143,3394.875,88.17857143,4.8125,322.1875,5,1114,0,0,213.125,213.125,0,214,356,47.96320915
359,0,213.125,2904,2.273736754e-13,2690.875,5.905809752e-15,69.89285714,2690.875,69.89285714,4.8125,287.625,5,1042,0,0,213.125,213.125,0,214,357,48.11115193
360,0,213.125,4094,-1.421085472e-13,3880.875,-3.691131095e-15,100.8019481,3880.875,100.8019481,4.8125,337.640625,5,1260,0,0,213.125,213.125,0,214,358,48.24638677
361,0,213.125,3756,-1.705302566e-13,3542.875,-4.429357314e-15,92.02272727,3542.875,92.02272727,4.8125,329.078125,6,1120,0,0,213.125,213.125,0,214,359,48.36956978
362,0,213.125,3130,-2.557953849e-13,2916.875,-6.644035971e-15,75.76298701,2916.875,75.76298701,4.8125,311.734375,5,1068,0,0,213.125,213.125,0,214,360,48.5524838
363,0,213.125,3486,-1.98951966e-13,3272.875,-5.167583533e-15,85.00974026,3272.875,85.00974026,5.337046149,347.4003529,6,1186,0,0,213.125,213.125,0,214,361,48.74200344
364,0,213.125,3252,-1.98951966e-13,3038.875,-5.167583533e-15,78.93181818,3038.875,78.93181818,5.31912565,333.7953874,6,1212,0,0,213.125,213.125,0,214,362,48.87581491
365,0,213.125,4306,-4.547473509e-13,4092.875,-1.18116195e-14,106.3084416,4092.875,106.3084416,4.8125,366.1875,5,1304,0,0,213.125,213.125,0,214,363,48.99450111
366,0,213.125,3696,-1.98951966e-13,3482.875,-5.167583533e-15,90.46428571,3482.875,90.46428571,4.8125,321.515625,5,1120,0,0,213.125,213.125,0,214,364,49.10625839
367,0,213.125,3770,0,3556.875,0,92.38636364,3556.875,92.38636364,5.796875,362.40625,5,1254,0,0,213.125,213.125,0,214,365,49.24743223
368,0,213.125,3588,-5.684341886e-14,3374.875,-1.476452438e-15,87.65909091,3374.875,87.65909091,4.8125,326.84375,5,1170,0,0,213.125,213.125,0,214,366,49.37068534
369,0,213.125,214,-8.526512829e-14,0.875,-2.214678657e-15,0.02272727273,0.875,0.02272727273,5.233707234,5.23370923,0,0,1,0,213.125,213.125,0,214,367,49.55639219
370,0,213.125,232,1.98951966e-13,18.875,5.167583533e-15,0.4902597403,18.875,0.4902597403,4.8125,19.96875,1,36,0,0,213.125,213.125,0,214,368,49.63447881
371,0,213.125,3624,-1.136868377e-13,3410.875,-2.952904876e-15,88.59415584,3410.875,88.59415584,4.8125,335.296875,5,1152,0,0,213.125,213.125,0,214,369,49.68782711
372,0,213.125,3162,-1.136868377e-13,2948.875,-2.952904876e-15,76.59415584,2948.875,76.59415584,4.8125,312.1875,5,1092,0,0,213.125,213.125,0,214,370,49.79077578
373,0,213.125,3896,9.663381206e-13,3682.875,2.509969145e-14,95.65909091,3682.875,95.65909091,4.8125,353.296875,7,1312,0,0,213.125,213.125,0,214,371,49.94978309
374,0,213.125,3512,1.98951966e-13,3298.875,5.167583533e-15,85.68506494,3298.875,85.68506494,4.8125,327.1875,5,1170,0,0,213.125,213.125,0,214,372,50.08543944
375,0,213.125,3146,8.526512829e-14,2932.875,2.214678657e-15,76.17857143,2932.875,76.17857143,4.8125,321.75,5,1118,0,0,213.125,213.125,0,214,373,50.20078206
376,0,213.125,3656,-1.705302566e-13,3442.875,-4.429357314e-15,89.42532468,3442.875,89.42532468,4.8125,367.078125,5,1272,0,0,213.125,213.125,0,214,374,50.29380679
377,0,213.125,214,2.273736754e-13,0.875,5.905809752e-15,0.02272727273,0.875,0.02272727273,4.8125,4.8125,0,0,1,0,213.125,213.125,0,214,375,50.43916798
378,0,213.125,170,5.684341886e-14,-43.125,1.476452438e-15,-1.12012987,-43.125,-1.12012987,4.8125,28.875,1,90,0,0,213.125,213.125,0,214,376,50.58561325
379,0,213.125,3588,-8.526512829e-14,3374.875,-2.214678657e-15,87.65909091,3374.875,87.65909091,4.8125,320.40625,5,1134,0,0,213.125,213.125,0,214,377,50.64497471
380,0,213.125,3662,1.136868377e-13,3448.875,2.952904876e-15,89.58116883,3448.875,89.58116883,4.8125,348.078125,5,1278,0,0,213.125,213.125,0,214,378,50.79570913
381,0,213.125,3644,-1.136868377e-13,3430.875,-2.952904876e-15,89.11363636,3430.875,89.11363636,4.8125,328.296875,5,1126,0,0,213.125,213.125,0,214,379,50.88275909
382,0,213.125,3634,2.842170943e-13,3420.875,7.38226219e-15,88.8538961,3420.875,88.8538961,4.8125,343.96875,5,1104,0,0,213.125,213.125,0,214,380,51.05868721
383,0,213.125,3312,-5.684341886e-14,3098.875,-1.476452438e-15,80.49025974,3098.875,80.49025974,4.8125,348.53125,5,1168,0,0,213.125,213.125,0,214,381,51.16522837
384,0,213.125,3502,-1.421085472e-13,3288.875,-3.691131095e-15,85.42532468,3288.875,85.42532468,4.8125,335.75,5,1162,0,0,213.125,213.125,0,214,382,51.30598736
385,0,213.125,3808,8.526512829e-14,3594.875,2.214678657e-15,93.37337662,3594.875,93.37337662,4.8125,331.96875,5,1188,0,0,213.125,213.125,0,214,383,51.45524287
386,0,213.125,3304,2.842170943e-13,3090.875,7.38226219e-15,80.28246753,3090.875,80.28246753,4.8125,343.625,5,1242,0,0,213.125,213.125,0,214,384,51.59461498
387,0,213.125,3252,-2.842170943e-14,3038.875,-7.38226219e-16,78.93181818,3038.875,78.93181818,5.204343264,299.7306408,6,1080,0,0,213.125,213.125,0,214,385,51.80652404
388,0,213.125,3326,0,3112.875,0,80.8538961,3112.875,80.8538961,4.8125,312.640625,5,1094,0,0,213.125,213.125,0,214,386,51.92000008
389,0,213.125,3954,2.842170943e-14,3740.875,7.38226219e-16,97.16558442,3740.875,97.16558442,4.8125,357.203125,5,1270,0,0,213.125,213.125,0,214,387,52.0121789
390,0,213.125,3666,-1.705302566e-13,3452.875,-4.429357314e-15,89.68506494,3452.875,89.68506494,4.8125,359.078125,5,1264,0,0,213.125,213.125,0,214,388,52.12115574
391,0,213.125,214,-2.444267011e-12,0.875,-6.348745483e-14,0.02272727273,0.875,0.02272727273,4.8125,4.8125,0,0,1,0,213.125,213.125,0,214,389,52.31453729
392,0,213.125,102,-5.96855898e-13,-111.125,-1.55027506e-14,-2.886363636,-111.125,-2.886363636,4.8125,21.75,1,52,0,0,213.125,213.125,0,214,390,52.45090628
393,0,213.125,3536,0,3322.875,0,86.30844156,3322.875,86.30844156,4.8125,360.75,5,1286,0,0,213.125,213.125,0,214,391,52.52224278
394,0,213.125,3600,2.273736754e-13,3386.875,5.905809752e-15,87.97077922,3386.875,87.97077922,4.8125,332.40625,6,1140,0,0,213.125,213.125,0,214,392,52.68467975
395,0,213.125,3454,-2.557953849e-13,3240.875,-6.644035971e-15,84.17857143,3240.875,84.17857143,4.8125,347.40625,5,1212,0,0,213.125,213.125,0,214,393,52.83812523
396,0,213.125,3438,-3.97903932e-13,3224.875,-1.033516707e-14,83.76298701,3224.875,83.76298701,4.8125,361.203125,6,1278,0,0,213.125,213.125,0,214,394,52.97441626
397,0,213.125,3296,-2.273736754e-13,3082.875,-5.905809752e-15,80.07467532,3082.875,80.07467532,4.8125,341.84375,5,1214,0,0,213.125,213.125,0,214,395,53.04986787
398,0,213.125,3900,2.842170943e-13,3686.875,7.38226219e-15,95.76298701,3686.875,95.76298701,5.328337665,340.0179396,6,1176,0,0,213.125,213.125,0,214,396,53.28481483
399,0,213.125,2990,1.136868377e-13,2776.875,2.952904876e-15,72.12662338,2776.875,72.12662338,5.373564253,310.9229501,4,1068,0,0,213.125,213.125,0,214,397,53.44418073
400,0,213.125,3616,-2.842170943e-14,3402.875,-7.38226219e-16,88.38636364,3402.875,88.38636364,5.796875,349.0625,6,1212,0,0,213.125,213.125,0,214,398,53.60444164
401,0,213.125,3956,8.242295735e-13,3742.875,2.140856035e-14,97.21753247,3742.875,97.21753247,4.8125,335.515625,5,1126,0,0,213.125,213.125,0,214,399,53.72614264
402,0,213.125,3910,-8.526512829e-14,3696.875,-2.214678657e-15,96.02272727,3696.875,96.02272727,5.304926548,379.7068962,5,1362,0,0,213.125,213.125,0,214,400,53.95855165
403,0,213.125,3790,-2.643218977e-12,3576.875,-6.865503836e-14,92.90584416,3576.875,92.90584416,4.8125,363.75,5,1266,0,0,213.125,213.125,0,214,401,54.06982899
404,0,213.125,214,-2.557953849e-13,0.875,-6.644035971e-15,0.02272727273,0.875,0.02272727273,4.8125,4.8125,0,0,1,0,213.125,213.125,0,214,402,54.17752838
405,0,213.125,232,-1.136868377e-13,18.875,-2.952904876e-15,0.4902597403,18.875,0.4902597403,4.8125,24.421875,1,76,0,0,213.125,213.125,0,214,403,54.36045074
406,0,213.125,3580,5.96855898e-13,3366.875,1.55027506e-14,87.4512987,3366.875,87.4512987,4.8125,348.96875,5,1226,0,0,213.125,213.125,0,214,404,54.43406272
407,0,213.125,3254,-5.684341886e-14,3040.875,-1.476452438e-15,78.98376623,3040.875,78.98376623,4.8125,322.84375,5,1130,0,0,213.125,213.125,0,214,405,54.59943223
408,0,213.125,3694,2.557953849e-13,3480.875,6.644035971e-15,90.41233766,3480.875,90.41233766,4.8125,327.96875,4,1136,0,0,213.125,213.125,0,214,406,54.70515537
409,0,213.125,4154,-1.534772309e-12,3940.875,-3.986421582e-14,102.3603896,3940.875,102.3603896,4.8125,354.859375,6,1240,0,0,213.125,213.125,0,214,407,54.82072663
410,0,213.125,3414,0,3200.875,0,83.13961039,3200.875,83.13961039,4.8125,336.40625,5,1176,0,0,213.125,213.125,0,214,408,54.91462111
411,0,213.125,3550,7.389644452e-13,3336.875,1.919388169e-14,86.67207792,3336.875,86.67207792,4.8125,351.40625,6,1142,0,0,213.125,213.125,0,214,409,55.03981113
412,0,213.125,3710,3.694822226e-13,3496.875,9.596940847e-15,90.82792208,3496.875,90.82792208,5.401795169,351.6807347,5,1224,0,0,213.125,213.125,0,214,410,55.23611903
413,0,213.125,4256,1.98951966e-13,4042.875,5.167583533e-15,105.0097403,4042.875,105.0097403,5.300979015,342.9271079,6,1272,0,0,213.125,213.125,0,214,411,55.44775653
414,0,213.125,3270,2.842170943e-14,3056.875,7.38226219e-16,79.39935065,3056.875,79.39935065,5.275150198,314.4866247,5,1122,0,0,213.125,213.125,0,214,412,55.59934902
415,0,213.125,2876,-2.842170943e-14,2662.875,-7.38226219e-16,69.16558442,2662.875,69.16558442,4.8125,288.1875,4,1002,0,0,213.125,213.125,0,214,413,55.71610284
416,0,213.125,3476,1.136868377e-13,3262.875,2.952904876e-15,84.75,3262.875,84.75,4.8125,332.734375,5,1160,0,0,213.125,213.125,0,214,414,55.85021782
417,0,213.125,3174,5.684341886e-14,2960.875,1.476452438e-15,76.90584416,2960.875,76.90584416,5.225768902,316.0814635,5,1162,0,0,213.125,213.125,0,214,415,56.05070925
418,0,213.125,3774,0,3560.875,0,92.49025974,3560.875,92.49025974,5.603076275,342.0659349,5,1164,0,0,213.125,213.125,0,214,416,56.22627544
419,0,213.125,3530,-1.98951966e-13,3316.875,-5.167583533e-15,86.1525974,3316.875,86.1525974,5.582306981,359.7518092,5,1256,0,0,213.125,213.125,0,214,417,56.42672658
420,0,213.125,3594,-2.273736754e-13,3380.875,-5.905809752e-15,87.81493506,3380.875,87.81493506,4.8125,317.515625,6,1090,0,0,213.125,213.125,0,214,418,56.5760808
421,0,213.125,3546,2.273736754e-13,3332.875,5.905809752e-15,86.56818182,3332.875,86.56818182,4.8125,317.1875,5,1160,0,0,213.125,213.125,0,214,419,56.6998353
422,0,213.125,3666,4.831690603e-13,3452.875,1.254984572e-14,89.68506494,3452.875,89.68506494,4.8125,330.96875,7,1160,0,0,213.125,213.125,0,214,420,56.77552581
423,0,213.125,3836,0,3622.875,0,94.10064935,3622.875,94.10064935,4.8125,339.40625,5,1186,0,0,213.125,213.125,0,214,421,56.92822623
424,0,213.125,3550,-2.557953849e-12,3336.875,-6.644035971e-14,86.67207792,3336.875,86.67207792,4.8125,347.40625,6,1190,0,0,213.125,213.125,0,214,422,57.06355643
425,0,213.125,3166,-8.526512829e-14,2952.875,-2.214678657e-15,76.69805195,2952.875,76.69805195,4.8125,327.078125,5,1134,0,0,213.125,213.125,0,214,423,57.19057322
426,0,213.125,3800,2.273736754e-13,3586.875,5.905809752e-15,93.16558442,3586.875,93.16558442,4.8125,366.40625,6,1232,0,0,213.125,213.125,0,214,424,57.30807304
427,0,213.125,2818,0,2604.875,0,67.65909091,2604.875,67.65909091,5.480192025,284.2740406,5,992,0,0,213.125,213.125,0,214,425,57.49623442
428,0,213.125,3662,7.105427358e-13,3448.875,1.845565547e-14,89.58116883,3448.875,89.58116883,4.8125,346.40625,5,1286,0,0,213.125,213.125,0,214,426,57.64695334
429,0,213.125,3698,3.97903932e-13,3484.875,1.033516707e-14,90.51623377,3484.875,90.51623377,5.796875,353.078125,5,1226,0,0,213.125,213.125,0,214,427,57.7608285
430,0,213.125,3856,4.263256415e-13,3642.875,1.107339328e-14,94.62012987,3642.875,94.62012987,4.8125,348.078125,5,1214,0,0,213.125,213.125,0,214,428,57.84674859
431,0,213.125,4022,1.136868377e-12,3808.875,2.952904876e-14,98.93181818,3808.875,98.93181818,4.8125,350.1875,5,1226,0,0,213.125,213.125,0,214,429,57.95394349
432,0,213.125,3540,-1.790567694e-12,3326.875,-4.65082518e-14,86.41233766,3326.875,86.41233766,4.8125,329.734375,6,1162,0,0,213.125,213.125,0,214,430,58.07130718
433,0,213.125,3690,1.080024958e-12,3476.875,2.805259632e-14,90.30844156,3476.875,90.30844156,5.282281024,340.9790697,5,1268,0,0,213.125,213.125,0,214,431,58.26886106
434,0,213.125,3606,2.842170943e-14,3392.875,7.38226219e-16,88.12662338,3392.875,88.12662338,4.8125,336.625,5,1220,0,0,213.125,213.125,0,214,432,58.39700198
435,0,213.125,3236,-1.421085472e-13,3022.875,-3.691131095e-15,78.51623377,3022.875,78.51623377,4.8125,315.40625,5,1086,0,0,213.125,213.125,0,214,433,58.53122091
436,0,213.125,3644,1.136868377e-13,3430.875,2.952904876e-15,89.11363636,3430.875,89.11363636,4.8125,324.625,6,1118,0,0,213.125,213.125,0,214,434,58.70128703
437,0,213.125,3362,-2.842170943e-13,3148.875,-7.38226219e-15,81.78896104,3148.875,81.78896104,5.360610442,334.1964869,5,1172,0,0,213.125,213.125,0,214,435,58.91262245
438,0,213.125,4036,-3.410605132e-13,3822.875,-8.858714628e-15,99.29545455,3822.875,99.29545455,5.299917688,350.9435727,5,1158,0,0,213.125,213.125,0,214,436,59.07762623
439,0,213.125,3536,1.136868377e-13,3322.875,2.952904876e-15,86.30844156,3322.875,86.30844156,5.339400129,350.1711019,5,1332,0,0,213.125,213.125,0,214,437,59.22837067
440,0,213.125,3402,-1.136868377e-13,3188.875,-2.952904876e-15,82.82792208,3188.875,82.82792208,5.249751522,327.8886294,6,1148,0,0,213.125,213.125,0,214,438,59.40097451
441,0,213.125,3102,-1.705302566e-13,2888.875,-4.429357314e-15,75.03571429,2888.875,75.03571429,4.8125,305.75,5,1028,0,0,213.125,213.125,0,214,439,59.50518346
442,0,213.125,3572,-2.842170943e-13,3358.875,-7.38226219e-15,87.24350649,3358.875,87.24350649,4.8125,326.609375,5,1172,0,0,213.125,213.125,0,214,440,59.65057397
443,0,213.125,3322,-5.684341886e-14,3108.875,-1.476452438e-15,80.75,3108.875,80.75,4.8125,325.296875,5,1146,0,0,213.125,213.125,0,214,441,59.80465007
444,0,213.125,4100,-5.684341886e-14,3886.875,-1.476452438e-15,100.9577922,3886.875,100.9577922,4.8125,344.84375,6,1204,0,0,213.125,213.125,0,214,442,59.91459751
445,0,213.125,214,2.529532139e-12,0.875,6.570213349e-14,0.02272727273,0.875,0.02272727273,4.8125,4.8125,0,0,1,0,213.125,213.125,0,214,443,60.08059311
446,0,213.125,164,1.136868377e-13,-49.125,2.952904876e-15,-1.275974026,-49.125,-1.275974026,4.8125,14.625,1,36,0,0,213.125,213.125,0,214,444,60.17514873
447,0,213.125,3852,-1.136868377e-13,3638.875,-2.952904876e-15,94.51623377,3638.875,94.51623377,4.8125,336.515625,5,1226,0,0,213.125,213.125,0,214,445,60.21665931
448,0,213.125,3622,-3.97903932e-13,3408.875,-1.033516707e-14,88.54220779,3408.875,88.54220779,4.8125,357.96875,5,1232,0,0,213.125,213.125,0,214,446,60.29356647
449,0,213.125,3418,3.524291969e-12,3204.875,9.154005115e-14,83.24350649,3204.875,83.24350649,4.8125,334.078125,5,1264,0,0,213.125,213.125,0,214,447,60.41737008
450,0,213.125,3100,5.684341886e-14,2886.875,1.476452438e-15,74.98376623,2886.875,74.98376623,4.8125,307.84375,4,1144,0,0,213.125,213.125,0,214,448,60.5518744
451,0,213.125,214,1.705302566e-13,0.875,4.429357314e-15,0.02272727273,0.875,0.02272727273,5.252610993,5.252616868,0,0,1,0,213.125,213.125,0,214,449,60.78041744
452,0,213.125,132,-8.526512829e-14,-81.125,-2.214678657e-15,-2.107142857,-81.125,-2.107142857,4.8125,19.96875,1,48,0,0,213.125,213.125,0,214,450,60.93243575
453,0,213.125,3274,1.136868377e-13,3060.875,2.952904876e-15,79.50324675,3060.875,79.50324675,4.8125,336.96875,5,1132,0,0,213.125,213.125,0,214,451,60.98388052
454,0,213.125,3046,2.842170943e-12,2832.875,7.38226219e-14,73.58116883,2832.875,73.58116883,4.8125,300.0625,5,1070,0,0,213.125,213.125,0,214,452,61.13335299
455,0,213.125,3592,-5.684341886e-14,3378.875,-1.476452438e-15,87.76298701,3378.875,87.76298701,5.254995516,328.7089753,5,1136,0,0,213.125,213.125,0,214,453,61.35532284
456,0,213.125,3536,1.705302566e-13,3322.875,4.429357314e-15,86.30844156,3322.875,86.30844156,4.8125,321.75,6,1092,0,0,213.125,213.125,0,214,454,61.43675613
457,0,213.125,214,-1.534772309e-12,0.875,-3.986421582e-14,0.02272727273,0.875,0.02272727273,4.8125,4.8125,0,0,1,0,213.125,213.125,0,214,455,61.55186391
458,0,213.125,136,5.684341886e-14,-77.125,1.476452438e-15,-2.003246753,-77.125,-2.003246753,4.8125,25.3125,1,60,0,0,213.125,213.125,0,214,456,61.67470908
459,0,213.125,3536,7.389644452e-13,3322.875,1.919388169e-14,86.30844156,3322.875,86.30844156,4.8125,326.1875,5,1124,0,0,213.125,213.125,0,214,457,61.73110151
460,0,213.125,3420,2.842170943e-13,3206.875,7.38226219e-15,83.29545455,3206.875,83.29545455,4.8125,323.078125,6,1180,0,0,213.125,213.125,0,214,458,61.84613895
461,0,213.125,3398,1.023181539e-12,3184.875,2.657614388e-14,82.72402597,3184.875,82.72402597,4.8125,313.078125,5,1116,0,0,213.125,213.125,0,214,459,61.96968484
462,0,213.125,3650,0,3436.875,0,89.26948052,3436.875,89.26948052,5.403956624,334.3609136,5,1210,0,0,213.125,213.125,0,214,460,62.1665802
463,0,213.125,3504,-1.193711796e-12,3290.875,-3.10055012e-14,85.47727273,3290.875,85.47727273,4.8125,329.515625,5,1182,0,0,213.125,213.125,0,214,461,62.27193379
464,0,213.125,3994,5.96855898e-13,3780.875,1.55027506e-14,98.20454545,3780.875,98.20454545,4.8125,332.84375,6,1236,0,0,213.125,213.125,0,214,462,62.41356707
465,0,213.125,2950,3.97903932e-13,2736.875,1.033516707e-14,71.08766234,2736.875,71.08766234,5.206296531,294.0030998,5,1084,0,0,213.125,213.125,0,214,463,62.55826998
466,0,213.125,3170,5.115907697e-13,2956.875,1.328807194e-14,76.80194805,2956.875,76.80194805,4.8125,326.078125,5,1168,0,0,213.125,213.125,0,214,464,62.63886213
467,0,213.125,4126,1.193711796e-12,3912.875,3.10055012e-14,101.6331169,3912.875,101.6331169,4.8125,369.421875,5,1276,0,0,213.125,213.125,0,214,465,62.75431442
468,0,213.125,3500,5.684341886e-14,3286.875,1.476452438e-15,85.37337662,3286.875,85.37337662,4.8125,346.296875,6,1190,0,0,213.125,213.125,0,214,466,62.88176775
469,0,213.125,3486,-1.136868377e-13,3272.875,-2.952904876e-15,85.00974026,3272.875,85.00974026,4.8125,366.515625,5,1270,0,0,213.125,213.125,0,214,467,63.08837605
470,0,213.125,3830,-5.684341886e-14,3616.875,-1.476452438e-15,93.94480519,3616.875,93.94480519,4.8125,330.078125,5,1126,0,0,213.125,213.125,0,214,468,63.19746232
471,0,213.125,3516,1.98951966e-13,3302.875,5.167583533e-15,85.78896104,3302.875,85.78896104,5.796875,332.515625,5,1160,0,0,213.125,213.125,0,214,469,63.31618595
472,0,213.125,3220,1.136868377e-13,3006.875,2.952904876e-15,78.10064935,3006.875,78.10064935,4.8125,333.3125,5,1170,0,0,213.125,213.125,0,214,470,63.44428754
473,0,213.125,3040,-2.643218977e-12,2826.875,-6.865503836e-14,73.42532468,2826.875,73.42532468,4.8125,326.40625,5,1106,0,0,213.125,213.125,0,214,471,63.58444905
474,0,213.125,3624,3.97903932e-13,3410.875,1.033516707e-14,88.59415584,3410.875,88.59415584,4.8125,345.859375,6,1202,0,0,213.125,213.125,0,214,472,63.80147624
475,0,213.125,3666,-3.410605132e-13,3452.875,-8.858714628e-15,89.68506494,3452.875,89.68506494,4.8125,351.96875,6,1278,0,0,213.125,213.125,0,214,473,63.91051841
476,0,213.125,3240,4.547473509e-13,3026.875,1.18116195e-14,78.62012987,3026.875,78.62012987,5.200807118,344.8191301,5,1184,0,0,213.125,213.125,0,214,474,64.09085155
477,0,213.125,3508,6.252776075e-13,3294.875,1.624097682e-14,85.58116883,3294.875,85.58116883,5.246444187,334.3423879,5,1156,0,0,213.125,213.125,0,214,475,64.23663425
478,0,213.125,3822,-1.364242053e-12,3608.875,-3.543485851e-14,93.73701299,3608.875,93.73701299,4.8125,357.421875,5,1258,0,0,213.125,213.125,0,214,476,64.34932137
479,0,213.125,4158,-5.684341886e-14,3944.875,-1.476452438e-15,102.4642857,3944.875,102.4642857,4.8125,348.296875,6,1244,0,0,213.125,213.125,0,214,477,64.4691155
480,0,213.125,3808,-2.842170943e-14,3594.875,-7.38226219e-16,93.37337662,3594.875,93.37337662,4.8125,339.75,5,1140,0,0,213.125,213.125,0,214,478,64.61615372
481,0,213.125,3496,-1.136868377e-12,3282.875,-2.952904876e-14,85.26948052,3282.875,85.26948052,4.8125,358.40625,5,1234,0,0,213.125,213.125,0,214,479,64.76362848
482,0,213.125,214,-5.684341886e-14,0.875,-1.476452438e-15,0.02272727273,0.875,0.02272727273,5.272680324,5.272681921,0,0,1,0,213.125,213.125,0,214,480,64.98411989
483,0,213.125,180,-3.126388037e-13,-33.125,-8.120488409e-15,-0.8603896104,-33.125,-0.8603896104,4.8125,22.640625,1,48,0,0,213.125,213.125,0,214,481,65.17140365
484,0,213.125,3420,-2.842170943e-13,3206.875,-7.38226219e-15,83.29545455,3206.875,83.29545455,4.8125,327.84375,5,1160,0,0,213.125,213.125,0,214,482,65.21811914
485,0,213.125,3714,2.842170943e-13,3500.875,7.38226219e-15,90.93181818,3500.875,90.93181818,4.8125,338.625,6,1166,0,0,213.125,213.125,0,214,483,65.33818126
486,0,213.125,3698,7.958078641e-13,3484.875,2.067033413e-14,90.51623377,3484.875,90.51623377,4.8125,332.96875,5,1220,0,0,213.125,213.125,0,214,484,65.46141505
487,0,213.125,214,2.842170943e-14,0.875,7.38226219e-16,0.02272727273,0.875,0.02272727273,5.471365219,5.471367158,0,0,1,0,213.125,213.125,0,214,485,65.62917137
488,0,213.125,138,-5.684341886e-14,-75.125,-1.476452438e-15,-1.951298701,-75.125,-1.951298701,4.8125,12.84375,1,48,0,0,213.125,213.125,0,214,486,65.7609477
489,0,213.125,3504,1.023181539e-12,3290.875,2.657614388e-14,85.47727273,3290.875,85.47727273,4.8125,340.421875,5,1210,0,0,213.125,213.125,0,214,487,65.78754187
490,0,213.125,3592,-2.842170943e-14,3378.875,-7.38226219e-16,87.76298701,3378.875,87.76298701,4.8125,322.75,5,1118,0,0,213.125,213.125,0,214,488,65.8751328
491,0,213.125,3280,2.842170943e-14,3066.875,7.38226219e-16,79.65909091,3066.875,79.65909091,4.8125,351.515625,5,1178,0,0,213.125,213.125,0,214,489,66.0240643
492,0,213.125,3324,5.684341886e-14,3110.875,1.476452438e-15,80.80194805,3110.875,80.80194805,5.395836707,348.2475117,5,1166,0,0,213.125,213.125,0,214,490,66.22563791
493,0,213.125,3880,2.557953849e-13,3666.875,6.644035971e-15,95.24350649,3666.875,95.24350649,5.796875,363.28125,6,1278,0,0,213.125,213.125,0,214,491,66.31671166
494,0,213.125,3674,-1.222133506e-12,3460.875,-3.174372742e-14,89.89285714,3460.875,89.89285714,5.265282334,341.9154503,5,1146,0,0,213.125,213.125,0,214,492,66.54086447
495,0,213.125,3414,2.557953849e-13,3200.875,6.644035971e-15,83.13961039,3200.875,83.13961039,5.223700595,327.9007128,5,1194,0,0,213.125,213.125,0,214,493,66.68451667
496,0,213.125,3522,-3.410605132e-13,3308.875,-8.858714628e-15,85.94480519,3308.875,85.94480519,5.272936118,321.9588283,5,1154,0,0,213.125,213.125,0,214,494,66.84569645
497,0,213.125,3510,-3.410605132e-13,3296.875,-8.858714628e-15,85.63311688,3296.875,85.63311688,4.8125,301.1875,5,1066,0,0,213.125,213.125,0,214,495,66.98846793
498,0,213.125,3042,3.410605132e-13,2828.875,8.858714628e-15,73.47727273,2828.875,73.47727273,4.8125,332.859375,5,1176,0,0,213.125,213.125,0,214,496,67.12701344
499,0,213.125,3382,-2.842170943e-14,3168.875,-7.38226219e-16,82.30844156,3168.875,82.30844156,5.435665621,328.8776782,5,1146,0,0,213.125,213.125,0,214,497,67.33459091
500,0,213.125,3706,-1.421085472e-13,3492.875,-3.691131095e-15,90.72402597,3492.875,90.72402597,4.8125,338.96875,5,1150,0,0,213.125,213.125,0,214,498,67.50189853
501,0,213.125,3262,-1.98951966e-13,3048.875,-5.167583533e-15,79.19155844,3048.875,79.19155844,4.8125,355.515625,5,1250,0,0,213.125,213.125,0,214,499,67.64318109
502,0,213.125,3034,0,2820.875,0,73.26948052,2820.875,73.26948052,5.192670672,322.6422961,5,1140,0,0,213.125,213.125,0,214,500,67.85459447
503,0,213.125,3400,3.97903932e-13,3186.875,1.033516707e-14,82.77597403,3186.875,82.77597403,5.250992509,324.2118181,5,1128,0,0,213.125,213.125,0,214,501,67.97566986
504,0,213.125,3274,1.222133506e-12,3060.875,3.174372742e-14,79.50324675,3060.875,79.50324675,5.323374121,313.131287,5,1142,0,0,213.125,213.125,0,214,502,68.14022326
505,0,213.125,3566,3.97903932e-13,3352.875,1.033516707e-14,87.08766234,3352.875,87.08766234,5.332297787,328.4382492,6,1176,0,0,213.125,213.125,0,214,503,68.29064989
506,0,213.125,3206,7.389644452e-13,2992.875,1.919388169e-14,77.73701299,2992.875,77.73701299,5.374032912,307.2357438,5,1058,0,0,213.125,213.125,0,214,504,68.48023629
507,0,213.125,214,-2.50111043e-12,0.875,-6.496390727e-14,0.02272727273,0.875,0.02272727273,4.8125,4.8125,0,0,1,0,213.125,213.125,0,214,505,68.57877851
508,0,213.125,144,5.684341886e-14,-69.125,1.476452438e-15,-1.795454545,-69.125,-1.795454545,4.8125,21.75,1,66,0,0,213.125,213.125,0,214,506,68.68101692
509,0,213.125,4014,-9.379164112e-13,3800.875,-2.436146523e-14,98.72402597,3800.875,98.72402597,4.8125,354.515625,5,1272,0,0,213.125,213.125,0,214,507,68.72220612
510,0,213.125,3594,0,3380.875,0,87.81493506,3380.875,87.81493506,5.330355499,315.6140888,5,1186,0,0,213.125,213.125,0,214,508,68.87146115
511,0,213.125,3294,5.115907697e-13,3080.875,1.328807194e-14,80.02272727,3080.875,80.02272727,5.158138286,329.5281362,5,1112,0,0,213.125,213.125,0,214,509,69.04111886
512,0,213.125,3584,-5.684341886e-14,3370.875,-1.476452438e-15,87.55519481,3370.875,87.55519481,5.431675108,347.5743866,5,1234,0,0,213.125,213.125,0,214,510,69.17858005
513,0,213.125,3564,1.136868377e-13,3350.875,2.952904876e-15,87.03571429,3350.875,87.03571429,5.50938223,353.2320499,5,1198,0,0,213.125,213.125,0,214,511,69.34158039
514,0,213.125,3842,-2.273736754e-13,3628.875,-5.905809752e-15,94.25649351,3628.875,94.25649351,4.8125,336.953125,5,1234,0,0,213.125,213.125,0,214,512,69.51111555
515,0,213.125,3442,2.870592652e-12,3228.875,7.456084812e-14,83.86688312,3228.875,83.86688312,4.8125,342.296875,5,1250,0,0,213.125,213.125,0,214,513,69.67157078
516,0,213.125,2774,-1.136868377e-13,2560.875,-2.952904876e-15,66.51623377,2560.875,66.51623377,4.8125,298.1875,5,1094,0,0,213.125,213.125,0,214,514,69.81713891
517,0,213.125,3610,-5.400124792e-13,3396.875,-1.402629816e-14,88.23051948,3396.875,88.23051948,4.8125,310.84375,5,1144,0,0,213.125,213.125,0,214,515,69.9171083
518,0,213.125,3674,0,3460.875,0,89.89285714,3460.875,89.89285714,4.8125,322.1875,4,1100,0,0,213.125,213.125,0,214,516,70.05442905
519,0,213.125,3880,-2.273736754e-13,3666.875,-5.905809752e-15,95.24350649,3666.875,95.24350649,4.8125,346.84375,6,1210,0,0,213.125,213.125,0,214,517,70.11807728
520,0,213.125,214,1.080024958e-12,0.875,2.805259632e-14,0.02272727273,0.875,0.02272727273,4.8125,4.8125,0,0,1,0,213.125,213.125,0,214,518,70.26521611
521,0,213.125,170,6.252776075e-13,-43.125,1.624097682e-14,-1.12012987,-43.125,-1.12012987,4.8125,15.515625,1,40,0,0,213.125,213.125,0,214,519,70.3785603
522,0,213.125,3932,-6.821210263e-13,3718.875,-1.771742926e-14,96.59415584,3718.875,96.59415584,4.8125,325.84375,5,1200,0,0,213.125,213.125,0,214,520,70.42060328
523,0,213.125,3320,-3.410605132e-13,3106.875,-8.858714628e-15,80.69805195,3106.875,80.69805195,4.8125,316.625,5,1140,0,0,213.125,213.125,0,214,521,70.53890347
524,0,213.125,3112,-1.705302566e-13,2898.875,-4.429357314e-15,75.29545455,2898.875,75.29545455,4.8125,315.40625,4,1006,0,0,213.125,213.125,0,214,522,70.68959832
525,0,213.125,3810,-1.705302566e-13,3596.875,-4.429357314e-15,93.42532468,3596.875,93.42532468,5.534046759,339.0116183,5,1198,0,0,213.125,213.125,0,214,523,70.91139412
526,0,213.125,3346,0,3132.875,0,81.37337662,3132.875,81.37337662,5.225053733,325.4914514,5,1096,0,0,213.125,213.125,0,214,524,71.09897923
527,0,213.125,3174,-1.98951966e-13,2960.875,-5.167583533e-15,76.90584416,2960.875,76.90584416,5.340530236,329.9040051,5,1190,0,0,213.125,213.125,0,214,525,71.2324717
528,0,213.125,214,-7.673861546e-13,0.875,-1.993210791e-14,0.02272727273,0.875,0.02272727273,5.450550815,5.450550815,0,0,1,0,213.125,213.125,0,214,526,71.43682051
529,0,213.125,238,5.826450433e-12,24.875,1.513363749e-13,0.6461038961,24.875,0.6461038961,4.8125,28.875,1,60,0,0,213.125,213.125,0,214,527,71.54736447
530,0,213.125,3532,-1.421085472e-13,3318.875,-3.691131095e-15,86.20454545,3318.875,86.20454545,4.8125,328.515625,6,1192,0,0,213.125,213.125,0,214,528,71.62279534
531,0,213.125,3634,-5.684341886e-13,3420.875,-1.476452438e-14,88.8538961,3420.875,88.8538961,4.8125,306.1875,5,1074,0,0,213.125,213.125,0,214,529,71.79258442
532,0,213.125,3158,-5.115907697e-13,2944.875,-1.328807194e-14,76.49025974,2944.875,76.49025974,4.8125,329.53125,5,1106,0,0,213.125,213.125,0,214,530,71.88172317
533,0,213.125,3852,-9.947598301e-13,3638.875,-2.583791766e-14,94.51623377,3638.875,94.51623377,4.8125,344.296875,6,1266,0,0,213.125,213.125,0,214,531,72.0451107
534,0,213.125,3638,-2.842170943e-13,3424.875,-7.38226219e-15,88.95779221,3424.875,88.95779221,4.8125,310.296875,5,1148,0,0,213.125,213.125,0,214,532,72.20990729
535,0,213.125,3656,0,3442.875,0,89.42532468,3442.875,89.42532468,4.8125,331.953125,5,1252,0,0,213.125,213.125,0,214,533,72.29500866
536,0,213.125,214,-6.082245818e-12,0.875,-1.579804109e-13,0.02272727273,0.875,0.02272727273,4.8125,4.8125,0,0,1,0,213.125,213.125,0,214,534,72.43820405
537,0,213.125,152,-5.684341886e-14,-61.125,-1.476452438e-15,-1.587662338,-61.125,-1.587662338,4.8125,29.765625,1,74,0,0,213.125,213.125,0,214,535,72.55548334
538,0,213.125,3492,5.684341886e-14,3278.875,1.476452438e-15,85.16558442,3278.875,85.16558442,4.8125,340.3125,6,1148,0,0,213.125,213.125,0,214,536,72.6219101
539,0,213.125,3612,-5.684341886e-14,3398.875,-1.476452438e-15,88.28246753,3398.875,88.28246753,4.8125,330.859375,5,1142,0,0,213.125,213.125,0,214,537,72.74200344
540,0,213.125,3656,0,3442.875,0,89.42532468,3442.875,89.42532468,4.8125,309.953125,5,1108,0,0,213.125,213.125,0,214,538,72.95815396
541,0,213.125,3638,3.126388037e-13,3424.875,8.120488409e-15,88.95779221,3424.875,88.95779221,5.291076533,318.4229263,4,1110,0,0,213.125,213.125,0,214,539,73.16544127
542,0,213.125,214,6.536993169e-13,0.875,1.697920304e-14,0.02272727273,0.875,0.02272727273,4.8125,4.8125,0,0,1,0,213.125,213.125,0,214,540,73.28030372
543,0,213.125,186,-2.273736754e-13,-27.125,-5.905809752e-15,-0.7045454545,-27.125,-0.7045454545,4.8125,30.65625,1,64,0,0,213.125,213.125,0,214,541,73.4308126
544,0,213.125,3780,2.273736754e-13,3566.875,5.905809752e-15,92.6461039,3566.875,92.6461039,4.8125,338.53125,6,1168,0,0,213.125,213.125,0,214,542,73.52044129
545,0,213.125,3458,-5.684341886e-14,3244.875,-1.476452438e-15,84.28246753,3244.875,84.28246753,4.8125,327.515625,5,1142,0,0,213.125,213.125,0,214,543,73.66096783
546,0,213.125,214,5.684341886e-12,0.875,1.476452438e-13,0.02272727273,0.875,0.02272727273,4.8125,4.8125,0,0,1,0,213.125,213.125,0,214,544,73.86132812
547,0,213.125,134,-3.694822226e-13,-79.125,-9.596940847e-15,-2.055194805,-79.125,-2.055194805,4.8125,26.203125,1,58,0,0,213.125,213.125,0,214,545,73.93872833
548,0,213.125,3488,-5.684341886e-13,3274.875,-1.476452438e-14,85.06168831,3274.875,85.06168831,4.8125,318.40625,5,1074,0,0,213.125,213.125,0,214,546,73.99322486
549,0,213.125,3602,-1.136868377e-13,3388.875,-2.952904876e-15,88.02272727,3388.875,88.02272727,4.8125,321.84375,5,1158,0,0,213.125,213.125,0,214,547,74.16952324
550,0,213.125,214,-5.684341886e-14,0.875,-1.476452438e-15,0.02272727273,0.875,0.02272727273,5.162839189,5.16284016,0,0,1,0,213.125,213.125,0,214,548,74.34951282
551,0,213.125,128,-7.958078641e-13,-85.125,-2.067033413e-14,-2.211038961,-85.125,-2.211038961,4.8125,13.734375,1,44,0,0,213.125,213.125,0,214,549,74.41622639
552,0,213.125,2980,-3.410605132e-13,2766.875,-8.858714628e-15,71.86688312,2766.875,71.86688312,4.8125,336.1875,5,1120,0,0,213.125,213.125,0,214,550,74.44134951
553,0,213.125,3492,-1.136868377e-13,3278.875,-2.952904876e-15,85.16558442,3278.875,85.16558442,4.8125,329.96875,5,1150,0,0,213.125,213.125,0,214,551,74.52027202
554,0,213.125,3058,-1.534772309e-12,2844.875,-3.986421582e-14,73.89285714,2844.875,73.89285714,4.8125,322.5,5,1138,0,0,213.125,213.125,0,214,552,74.6498332
555,0,213.125,214,-2.842170943e-14,0.875,-7.38226219e-16,0.02272727273,0.875,0.02272727273,5.274734141,5.274737651,0,0,1,0,213.125,213.125,0,214,553,74.83366728
556,0,213.125,200,1.421085472e-13,-13.125,3.691131095e-15,-0.3409090909,-13.125,-0.3409090909,4.8125,28.875,1,60,0,0,213.125,213.125,0,214,554,74.9233532
557,0,213.125,3750,0,3536.875,0,91.86688312,3536.875,91.86688312,4.8125,329.078125,5,1144,0,0,213.125,213.125,0,214,555,74.98871112
558,0,213.125,3892,7.673861546e-13,3678.875,1.993210791e-14,95.55519481,3678.875,95.55519481,4.8125,382.640625,5,1352,0,0,213.125,213.125,0,214,556,75.11438918
559,0,213.125,4110,-5.115907697e-13,3896.875,-1.328807194e-14,101.2175325,3896.875,101.2175325,4.8125,349.40625,5,1264,0,0,213.125,213.125,0,214,557,75.25617504
560,0,213.125,3572,-3.126388037e-13,3358.875,-8.120488409e-15,87.24350649,3358.875,87.24350649,4.8125,342.96875,5,1192,0,0,213.125,213.125,0,214,558,75.38663769
561,0,213.125,3904,2.273736754e-13,3690.875,5.905809752e-15,95.86688312,3690.875,95.86688312,4.8125,332.53125,5,1132,0,0,213.125,213.125,0,214,559,75.52232933
562,0,213.125,3524,2.842170943e-13,3310.875,7.38226219e-15,85.99675325,3310.875,85.99675325,4.8125,321.40625,5,1072,0,0,213.125,213.125,0,214,560,75.60415959
563,0,213.125,3682,-1.705302566e-13,3468.875,-4.429357314e-15,90.10064935,3468.875,90.10064935,4.8125,324.859375,5,1180,0,0,213.125,213.125,0,214,561,75.79294944
564,0,213.125,3582,-1.278976924e-12,3368.875,-3.322017985e-14,87.50324675,3368.875,87.50324675,4.8125,343.75,5,1132,0,0,213.125,213.125,0,214,562,75.90197587
565,0,213.125,3604,2.842170943e-13,3390.875,7.38226219e-15,88.07467532,3390.875,88.07467532,4.8125,330.75,6,1186,0,0,213.125,213.125,0,214,563,76.06574464
566,0,213.125,214,4.092726158e-12,0.875,1.063045755e-13,0.02272727273,0.875,0.02272727273,4.8125,4.8125,0,0,1,0,213.125,213.125,0,214,564,76.18185592
567,0,213.125,102,-5.684341886e-13,-111.125,-1.476452438e-14,-2.886363636,-111.125,-2.886363636,4.8125,23.53125,1,52,0,0,213.125,213.125,0,214,565,76.34498978
568,0,213.125,3820,0,3606.875,0,93.68506494,3606.875,93.68506494,4.8125,353.1875,5,1244,0,0,213.125,213.125,0,214,566,76.38498712
569,0,213.125,3926,1.136868377e-13,3712.875,2.952904876e-15,96.43831169,3712.875,96.43831169,4.8125,359.859375,5,1294,0,0,213.125,213.125,0,214,567,76.50110817
570,0,213.125,214,2.103206498e-12,0.875,5.46287402e-14,0.02272727273,0.875,0.02272727273,4.8125,4.8125,0,0,1,0,213.125,213.125,0,214,568,76.60771275
571,0,213.125,162,-5.684341886e-14,-51.125,-1.476452438e-15,-1.327922078,-51.125,-1.327922078,4.8125,12.84375,1,32,0,0,213.125,213.125,0,214,569,76.7825017
572,0,213.125,3418,3.97903932e-13,3204.875,1.033516707e-14,83.24350649,3204.875,83.24350649,4.8125,321.40625,5,1132,0,0,213.125,213.125,0,214,570,76.82428765
573,0,213.125,3738,-5.684341886e-13,3524.875,-1.476452438e-14,91.55519481,3524.875,91.55519481,5.297248444,343.6924898,5,1198,0,0,213.125,213.125,0,214,571,76.95856047
574,0,213.125,3284,0,3070.875,0,79.76298701,3070.875,79.76298701,5.34692382,309.7939153,6,1106,0,0,213.125,213.125,0,214,572,77.10838318
575,0,213.125,3246,5.684341886e-14,3032.875,1.476452438e-15,78.77597403,3032.875,78.77597403,4.8125,320.296875,5,1164,0,0,213.125,213.125,0,214,573,77.23196721
576,0,213.125,3980,3.694822226e-13,3766.875,9.596940847e-15,97.84090909,3766.875,97.84090909,4.8125,362.75,5,1232,0,0,213.125,213.125,0,214,574,77.3191061
577,0,213.125,3174,-4.547473509e-13,2960.875,-1.18116195e-14,76.90584416,2960.875,76.90584416,4.8125,291.953125,5,1042,0,0,213.125,213.125,0,214,575,77.46176243
578,0,213.125,3772,6.821210263e-13,3558.875,1.771742926e-14,92.43831169,3558.875,92.43831169,4.8125,324.75,5,1180,0,0,213.125,213.125,0,214,576,77.60097551
579,0,213.125,3482,-1.421085472e-13,3268.875,-3.691131095e-15,84.90584416,3268.875,84.90584416,4.8125,361.1875,6,1286,0,0,213.125,213.125,0,214,577,77.68933892
580,0,213.125,3818,-5.684341886e-13,3604.875,-1.476452438e-14,93.63311688,3604.875,93.63311688,4.8125,329.640625,5,1134,0,0,213.125,213.125,0,214,578,77.83424258
581,0,213.125,3548,-8.526512829e-14,3334.875,-2.214678657e-15,86.62012987,3334.875,86.62012987,4.8125,329.75,5,1166,0,0,213.125,213.125,0,214,579,77.993011
582,0,213.125,3148,-8.526512829e-14,2934.875,-2.214678657e-15,76.23051948,2934.875,76.23051948,4.8125,301.296875,5,1050,0,0,213.125,213.125,0,214,580,78.08966374
583,0,213.125,214,4.376943252e-12,0.875,1.136868377e-13,0.02272727273,0.875,0.02272727273,4.8125,4.8125,0,0,1,0,213.125,213.125,0,214,581,78.22764564
584,0,213.125,254,1.847411113e-12,40.875,4.798470423e-14,1.061688312,40.875,1.061688312,4.8125,20.859375,1,56,0,0,213.125,213.125,0,214,582,78.33260298
585,0,213.125,214,-4.092726158e-12,0.875,-1.063045755e-13,0.02272727273,0.875,0.02272727273,4.8125,4.8125,0,0,1,0,213.125,213.125,0,214,583,78.3867228
586,0,213.125,138,6.252776075e-13,-75.125,1.624097682e-14,-1.951298701,-75.125,-1.951298701,4.8125,15.515625,1,48,0,0,213.125,213.125,0,214,584,78.48967505
587,0,213.125,3426,8.526512829e-14,3212.875,2.214678657e-15,83.4512987,3212.875,83.4512987,4.8125,335.859375,5,1132,0,0,213.125,213.125,0,214,585,78.52920508
588,0,213.125,3046,4.547473509e-13,2832.875,1.18116195e-14,73.58116883,2832.875,73.58116883,5.796875,359.53125,5,1300,0,0,213.125,213.125,0,214,586,78.65600252
589,0,213.125,3402,2.842170943e-13,3188.875,7.38226219e-15,82.82792208,3188.875,82.82792208,4.8125,322.0625,6,1138,0,0,213.125,213.125,0,214,587,78.87721324
590,0,213.125,3262,5.030642569e-12,3048.875,1.306660408e-13,79.19155844,3048.875,79.19155844,5.354793235,309.7304272,5,1174,0,0,213.125,213.125,0,214,588,79.09564471
591,0,213.125,3970,-2.160049917e-12,3756.875,-5.610519264e-14,97.58116883,3756.875,97.58116883,4.8125,384.203125,5,1272,0,0,213.125,213.125,0,214,589,79.22575521
592,0,213.125,3156,7.673861546e-13,2942.875,1.993210791e-14,76.43831169,2942.875,76.43831169,4.8125,337.171875,5,1206,0,0,213.125,213.125,0,214,590,79.36759686
593,0,213.125,3926,5.684341886e-14,3712.875,1.476452438e-15,96.43831169,3712.875,96.43831169,5.250888856,363.9783951,6,1350,0,0,213.125,213.125,0,214,591,79.61769629
594,0,213.125,3196,9.094947018e-13,2982.875,2.362323901e-14,77.47727273,2982.875,77.47727273,5.35014811,311.340749,5,1054,0,0,213.125,213.125,0,214,592,79.77875066
595,0,213.125,3032,8.526512829e-14,2818.875,2.214678657e-15,73.21753247,2818.875,73.21753247,4.8125,324.515625,5,1114,0,0,213.125,213.125,0,214,593,79.92017722
596,0,213.125,3404,-1.136868377e-13,3190.875,-2.952904876e-15,82.87987013,3190.875,82.87987013,5.349247463,342.9263083,5,1252,0,0,213.125,213.125,0,214,594,80.12072158
597,0,213.125,214,-7.275957614e-12,0.875,-1.889859121e-13,0.02272727273,0.875,0.02272727273,4.8125,4.8125,0,0,1,0,213.125,213.125,0,214,595,80.25360227
598,0,213.125,88,-1.136868377e-13,-125.125,-2.952904876e-15,-3.25,-125.125,-3.25,4.8125,20.859375,1,48,0,0,213.125,213.125,0,214,596,80.36614156
599,0,213.125,3512,-4.547473509e-13,3298.875,-1.18116195e-14,85.68506494,3298.875,85.68506494,4.8125,328.84375,5,1168,0,0,213.125,213.125,0,214,597,80.39390326
600,0,213.125,3514,2.842170943e-14,3300.875,7.38226219e-16,85.73701299,3300.875,85.73701299,4.8125,320.75,5,1114,0,0,213.125,213.125,0,214,598,80.48925138
601,0,213.125,3874,-3.97903932e-13,3660.875,-1.033516707e-14,95.08766234,3660.875,95.08766234,5.573508105,353.8719119,5,1294,0,0,213.125,213.125,0,214,599,80.65057421
602,0,213.125,3718,-1.136868377e-13,3504.875,-2.952904876e-15,91.03571429,3504.875,91.03571429,4.8125,342.859375,5,1134,0,0,213.125,213.125,0,214,600,80.80694652
603,0,213.125,3578,2.842170943e-13,3364.875,7.38226219e-15,87.39935065,3364.875,87.39935065,4.8125,330.84375,6,1228,0,0,213.125,213.125,0,214,601,80.92207909
604,0,213.125,3406,1.136868377e-13,3192.875,2.952904876e-15,82.93181818,3192.875,82.93181818,4.8125,338.515625,5,1208,0,0,213.125,213.125,0,214,602,81.04888678
605,0,213.125,3756,-1.136868377e-13,3542.875,-2.952904876e-15,92.02272727,3542.875,92.02272727,5.324789725,335.7769697,5,1158,0,0,213.125,213.125,0,214,603,81.22709203
606,0,213.125,4008,1.98951966e-13,3794.875,5.167583533e-15,98.56818182,3794.875,98.56818182,4.8125,357.1875,5,1240,0,0,213.125,213.125,0,214,604,81.36093235
607,0,213.125,3400,-5.684341886e-14,3186.875,-1.476452438e-15,82.77597403,3186.875,82.77597403,4.8125,357.078125,5,1244,0,0,213.125,213.125,0,214,605,81.50688195
608,0,213.125,3248,4.831690603e-13,3034.875,1.254984572e-14,78.82792208,3034.875,78.82792208,4.8125,316.640625,5,1102,0,0,213.125,213.125,0,214,606,81.60803366
609,0,213.125,3566,-1.705302566e-13,3352.875,-4.429357314e-15,87.08766234,3352.875,87.08766234,4.8125,350.296875,6,1172,0,0,213.125,213.125,0,214,607,81.68773055
610,0,213.125,2938,2.273736754e-13,2724.875,5.905809752e-15,70.77597403,2724.875,70.77597403,5.29771807,303.0628487,5,1062,0,0,213.125,213.125,0,214,608,81.9108789
611,0,213.125,3380,-1.136868377e-13,3166.875,-2.952904876e-15,82.25649351,3166.875,82.25649351,5.356764489,308.5556107,5,1146,0,0,213.125,213.125,0,214,609,82.13758326
612,0,213.125,3212,0,2998.875,0,77.89285714,2998.875,77.89285714,5.229785392,322.794215,6,1102,0,0,213.125,213.125,0,214,610,82.28505778
613,0,213.125,3452,-5.400124792e-13,3238.875,-1.402629816e-14,84.12662338,3238.875,84.12662338,4.8125,323.078125,5,1118,0,0,213.125,213.125,0,214,611,82.38489628
614,0,213.125,4058,5.684341886e-14,3844.875,1.476452438e-15,99.86688312,3844.875,99.86688312,4.8125,389.734375,6,1446,0,0,213.125,213.125,0,214,612,82.55610132
615,0,213.125,3448,1.421085472e-13,3234.875,3.691131095e-15,84.02272727,3234.875,84.02272727,5.326921497,310.1640429,5,1110,0,0,213.125,213.125,0,214,613,82.70029759
616,0,213.125,3416,-6.536993169e-13,3202.875,-1.697920304e-14,83.19155844,3202.875,83.19155844,4.8125,317.96875,5,1114,0,0,213.125,213.125,0,214,614,82.80334091
617,0,213.125,3344,-2.557953849e-13,3130.875,-6.644035971e-15,81.32142857,3130.875,81.32142857,4.8125,327.953125,5,1184,0,0,213.125,213.125,0,214,615,82.89332938
618,0,213.125,3754,0,3540.875,0,91.97077922,3540.875,91.97077922,5.201890725,330.3759829,5,1210,0,0,213.125,213.125,0,214,616,83.05862236
619,0,213.125,214,-5.229594535e-12,0.875,-1.358336243e-13,0.02272727273,0.875,0.02272727273,4.8125,4.8125,0,0,1,0,213.125,213.125,0,214,617,83.16462946
620,0,213.125,154,4.263256415e-13,-59.125,1.107339328e-14,-1.535714286,-59.125,-1.535714286,4.8125,12.84375,1,32,0,0,213.125,213.125,0,214,618,83.24110031
621,0,213.125,3348,3.126388037e-13,3134.875,8.120488409e-15,81.42532468,3134.875,81.42532468,4.8125,328.078125,5,1160,0,0,213.125,213.125,0,214,619,83.27339435
622,0,213.125,3530,-3.126388037e-13,3316.875,-8.120488409e-15,86.1525974,3316.875,86.1525974,4.8125,349.53125,5,1204,0,0,213.125,213.125,0,214,620,83.3681848
623,0,213.125,2964,-2.842170943e-14,2750.875,-7.38226219e-16,71.4512987,2750.875,71.4512987,4.8125,308.1875,5,1100,0,0,213.125,213.125,0,214,621,83.46780396
624,0,213.125,3758,-5.684341886e-14,3544.875,-1.476452438e-15,92.07467532,3544.875,92.07467532,4.8125,364.625,5,1294,0,0,213.125,213.125,0,214,622,83.60703921
625,0,213.125,3856,0,3642.875,0,94.62012987,3642.875,94.62012987,5.309927222,370.0960163,5,1302,0,0,213.125,213.125,0,214,623,83.76957703
626,0,213.125,3774,-1.98951966e-13,3560.875,-5.167583533e-15,92.49025974,3560.875,92.49025974,4.8125,348.84375,5,1254,0,0,213.125,213.125,0,214,624,83.88123131
627,0,213.125,2970,1.98951966e-13,2756.875,5.167583533e-15,71.60714286,2756.875,71.60714286,4.8125,316.625,5,1100,0,0,213.125,213.125,0,214,625,84.05457234
628,0,213.125,3268,1.705302566e-13,3054.875,4.429357314e-15,79.3474026,3054.875,79.3474026,4.8125,325.40625,6,1164,0,0,213.125,213.125,0,214,626,84.17051625
629,0,213.125,3654,3.410605132e-13,3440.875,8.858714628e-15,89.37337662,3440.875,89.37337662,4.8125,322.296875,6,1148,0,0,213.125,213.125,0,214,627,84.28742123
630,0,213.125,3650,7.389644452e-13,3436.875,1.919388169e-14,89.26948052,3436.875,89.26948052,4.8125,328.625,5,1128,0,0,213.125,213.125,0,214,628,84.40463066
631,0,213.125,3798,8.810729923e-13,3584.875,2.288501279e-14,93.11363636,3584.875,93.11363636,5.287414795,339.4591056,6,1196,0,0,213.125,213.125,0,214,629,84.58981586
632,0,213.125,214,2.842170943e-14,0.875,7.38226219e-16,0.02272727273,0.875,0.02272727273,5.384080502,5.384081534,0,0,1,0,213.125,213.125,0,214,630,84.75204873
633,0,213.125,150,-1.98951966e-13,-63.125,-5.167583533e-15,-1.63961039,-63.125,-1.63961039,4.8125,20.859375,1,48,0,0,213.125,213.125,0,214,631,84.87019181
634,0,213.125,4082,4.831690603e-13,3868.875,1.254984572e-14,100.4902597,3868.875,100.4902597,4.8125,346.1875,6,1258,0,0,213.125,213.125,0,214,632,84.92400503
635,0,213.125,3876,7.105427358e-13,3662.875,1.845565547e-14,95.13961039,3662.875,95.13961039,4.8125,331.53125,5,1174,0,0,213.125,213.125,0,214,633,85.01175928
636,0,213.125,3608,2.842170943e-13,3394.875,7.38226219e-15,88.17857143,3394.875,88.17857143,4.8125,337.515625,5,1170,0,0,213.125,213.125,0,214,634,85.12964153
637,0,213.125,3908,0,3694.875,0,95.97077922,3694.875,95.97077922,5.796875,359.84375,5,1338,0,0,213.125,213.125,0,214,635,85.32461095
638,0,213.125,3632,8.810729923e-13,3418.875,2.288501279e-14,88.80194805,3418.875,88.80194805,4.8125,343.1875,5,1206,0,0,213.125,213.125,0,214,636,85.44463348
639,0,213.125,3082,-2.842170943e-14,2868.875,-7.38226219e-16,74.51623377,2868.875,74.51623377,4.8125,326.1875,5,1172,0,0,213.125,213.125,0,214,637,85.54206538
640,0,213.125,3470,3.97903932e-13,3256.875,1.033516707e-14,84.59415584,3256.875,84.59415584,4.8125,343.859375,5,1170,0,0,213.125,213.125,0,214,638,85.72653866
641,0,213.125,3478,9.094947018e-13,3264.875,2.362323901e-14,84.80194805,3264.875,84.80194805,4.8125,306.1875,5,1062,0,0,213.125,213.125,0,214,639,85.85670471
642,0,213.125,214,5.684341886e-13,0.875,1.476452438e-14,0.02272727273,0.875,0.02272727273,4.8125,4.8125,0,0,1,0,213.125,213.125,0,214,640,86.02778411
643,0,213.125,156,2.273736754e-13,-57.125,5.905809752e-15,-1.483766234,-57.125,-1.483766234,4.8125,18.1875,1,44,0,0,213.125,213.125,0,214,641,86.13978338
644,0,213.125,3400,5.684341886e-13,3186.875,1.476452438e-14,82.77597403,3186.875,82.77597403,4.8125,310.75,5,1092,0,0,213.125,213.125,0,214,642,86.18093061
645,0,213.125,3276,-1.705302566e-13,3062.875,-4.429357314e-15,79.55519481,3062.875,79.55519481,4.8125,316.734375,5,1158,0,0,213.125,213.125,0,214,643,86.26683474
646,0,213.125,3558,-7.673861546e-13,3344.875,-1.993210791e-14,86.87987013,3344.875,86.87987013,4.8125,329.515625,5,1086,0,0,213.125,213.125,0,214,644,86.44146442
647,0,213.125,3630,-5.684341886e-14,3416.875,-1.476452438e-15,88.75,3416.875,88.75,5.296374142,328.0234526,5,1174,0,0,213.125,213.125,0,214,645,86.58934736
648,0,213.125,3524,2.273736754e-13,3310.875,5.905809752e-15,85.99675325,3310.875,85.99675325,4.8125,337.96875,5,1220,0,0,213.125,213.125,0,214,646,86.69100356
649,0,213.125,214,2.557953849e-13,0.875,6.644035971e-15,0.02272727273,0.875,0.02272727273,5.307816579,5.307817453,0,0,1,0,213.125,213.125,0,214,647,86.85746384
650,0,213.125,202,2.842170943e-14,-11.125,7.38226219e-16,-0.288961039,-11.125,-0.288961039,4.8125,19.078125,1,56,0,0,213.125,213.125,0,214,648,86.99882674
651,0,213.125,3352,-1.98951966e-13,3138.875,-5.167583533e-15,81.52922078,3138.875,81.52922078,4.8125,334.1875,5,1286,0,0,213.125,213.125,0,214,649,87.05538726
652,0,213.125,3482,-8.526512829e-14,3268.875,-2.214678657e-15,84.90584416,3268.875,84.90584416,4.8125,338.96875,5,1182,0,0,213.125,213.125,0,214,650,87.16862941
653,0,213.125,3876,-1.705302566e-13,3662.875,-4.429357314e-15,95.13961039,3662.875,95.13961039,4.8125,342.1875,6,1182,0,0,213.125,213.125,0,214,651,87.26557279
654,0,213.125,3922,2.842170943e-13,3708.875,7.38226219e-15,96.33441558,3708.875,96.33441558,4.8125,329.84375,6,1160,0,0,213.125,213.125,0,214,652,87.43650913
655,0,213.125,3832,-3.126388037e-13,3618.875,-8.120488409e-15,93.99675325,3618.875,93.99675325,4.8125,323.96875,5,1126,0,0,213.125,213.125,0,214,653,87.59506559
656,0,213.125,3992,2.842170943e-14,3778.875,7.38226219e-16,98.1525974,3778.875,98.1525974,4.8125,364.75,6,1278,0,0,213.125,213.125,0,214,654,87.70417404
657,0,213.125,214,-9.663381206e-13,0.875,-2.509969145e-14,0.02272727273,0.875,0.02272727273,4.8125,4.8125,0,0,1,0,213.125,213.125,0,214,655,87.85679173
658,0,213.125,146,-5.684341886e-14,-67.125,-1.476452438e-15,-1.743506494,-67.125,-1.743506494,4.8125,12.84375,1,52,0,0,213.125,213.125,0,214,656,88.00897336
659,0,213.125,3522,-2.273736754e-13,3308.875,-5.905809752e-15,85.94480519,3308.875,85.94480519,4.8125,334.96875,6,1180,0,0,213.125,213.125,0,214,657,88.04387069
660,0,213.125,3586,3.97903932e-13,3372.875,1.033516707e-14,87.60714286,3372.875,87.60714286,4.8125,324.734375,6,1120,0,0,213.125,213.125,0,214,658,88.17433977
661,0,213.125,3344,-2.842170943e-14,3130.875,-7.38226219e-16,81.32142857,3130.875,81.32142857,5.29202585,312.6281318,5,1104,0,0,213.125,213.125,0,214,659,88.40444899
662,0,213.125,3406,2.842170943e-14,3192.875,7.38226219e-16,82.93181818,3192.875,82.93181818,5.327281042,336.5565352,5,1194,0,0,213.125,213.125,0,214,660,88.54811287
663,0,213.125,3880,-7.389644452e-13,3666.875,-1.919388169e-14,95.24350649,3666.875,95.24350649,5.280681153,328.4982856,5,1276,0,0,213.125,213.125,0,214,661,88.69572806
664,0,213.125,4002,1.705302566e-13,3788.875,4.429357314e-15,98.41233766,3788.875,98.41233766,4.8125,349.40625,6,1224,0,0,213.125,213.125,0,214,662,88.7744391
665,0,213.125,3964,-1.705302566e-13,3750.875,-4.429357314e-15,97.42532468,3750.875,97.42532468,4.8125,318.640625,5,1058,0,0,213.125,213.125,0,214,663,88.86003399
666,0,213.125,3640,-1.023181539e-12,3426.875,-2.657614388e-14,89.00974026,3426.875,89.00974026,4.8125,315.1875,5,1082,0,0,213.125,213.125,0,214,664,88.94249725
667,0,213.125,3144,0,2930.875,0,76.12662338,2930.875,76.12662338,5.421341796,295.3571586,6,1076,0,0,213.125,213.125,0,214,665,89.14485979
668,0,213.125,3340,-5.684341886e-14,3126.875,-1.476452438e-15,81.21753247,3126.875,81.21753247,5.279481486,307.0217275,5,1110,0,0,213.125,213.125,0,214,666,89.31387448
669,0,213.125,3496,2.98427949e-12,3282.875,7.751375299e-14,85.26948052,3282.875,85.26948052,4.8125,328.96875,5,1184,0,0,213.125,213.125,0,214,667,89.39098954
670,0,213.125,3782,5.115907697e-13,3568.875,1.328807194e-14,92.69805195,3568.875,92.69805195,4.8125,353.84375,5,1250,0,0,213.125,213.125,0,214,668,89.51528096
671,0,213.125,3674,-4.547473509e-13,3460.875,-1.18116195e-14,89.89285714,3460.875,89.89285714,5.335744868,348.4579117,5,1256,0,0,213.125,213.125,0,214,669,89.70392895
672,0,213.125,3840,-1.98951966e-13,3626.875,-5.167583533e-15,94.20454545,3626.875,94.20454545,5.285157196,329.1527914,5,1122,0,0,213.125,213.125,0,214,670,89.88237095
673,0,213.125,3514,4.263256415e-13,3300.875,1.107339328e-14,85.73701299,3300.875,85.73701299,5.25617671,317.8043327,5,1124,0,0,213.125,213.125,0,214,671,90.04405999
674,0,213.125,2972,4.547473509e-13,2758.875,1.18116195e-14,71.65909091,2758.875,71.65909091,4.8125,297.28125,5,1082,0,0,213.125,213.125,0,214,672,90.15020919
675,0,213.125,3842,-1.421085472e-13,3628.875,-3.691131095e-15,94.25649351,3628.875,94.25649351,5.270511383,323.4232899,5,1152,0,0,213.125,213.125,0,214,673,90.3062501
676,0,213.125,3644,1.421085472e-13,3430.875,3.691131095e-15,89.11363636,3430.875,89.11363636,4.8125,322.203125,5,1100,0,0,213.125,213.125,0,214,674,90.46381855
677,0,213.125,3264,-3.694822226e-13,3050.875,-9.596940847e-15,79.24350649,3050.875,79.24350649,4.8125,312.53125,5,1044,0,0,213.125,213.125,0,214,675,90.59263062
678,0,213.125,214,1.307398634e-12,0.875,3.395840607e-14,0.02272727273,0.875,0.02272727273,4.8125,4.8125,0,0,1,0,213.125,213.125,0,214,676,90.72869754
679,0,213.125,138,-1.136868377e-13,-75.125,-2.952904876e-15,-1.951298701,-75.125,-1.951298701,4.8125,25.3125,1,48,0,0,213.125,213.125,0,214,677,90.85699987
680,0,213.125,3140,-1.421085472e-13,2926.875,-3.691131095e-15,76.02272727,2926.875,76.02272727,4.8125,320.625,5,1130,0,0,213.125,213.125,0,214,678,90.91313744
681,0,213.125,3320,0,3106.875,0,80.69805195,3106.875,80.69805195,5.543698732,320.997654,5,1050,0,0,213.125,213.125,0,214,679,91.07379198
682,0,213.125,3500,-3.410605132e-13,3286.875,-8.858714628e-15,85.37337662,3286.875,85.37337662,5.296098898,315.1933814,5,1074,0,0,213.125,213.125,0,214,680,91.21040154
683,0,213.125,3724,0,3510.875,0,91.19155844,3510.875,91.19155844,5.598992911,335.3177549,5,1220,0,0,213.125,213.125,0,214,681,91.36049533
684,0,213.125,3648,-6.821210263e-13,3434.875,-1.771742926e-14,89.21753247,3434.875,89.21753247,4.8125,340.96875,5,1178,0,0,213.125,213.125,0,214,682,91.50858784
685,0,213.125,3816,8.526512829e-13,3602.875,2.214678657e-14,93.58116883,3602.875,93.58116883,4.8125,351.40625,5,1258,0,0,213.125,213.125,0,214,683,91.64450073
686,0,213.125,3714,-1.705302566e-13,3500.875,-4.429357314e-15,90.93181818,3500.875,90.93181818,5.206631226,347.628812,5,1220,0,0,213.125,213.125,0,214,684,91.82444477
687,0,213.125,214,0,0.875,0,0.02272727273,0.875,0.02272727273,5.518924731,5.51892579,0,0,1,0,213.125,213.125,0,214,685,91.98965907
688,0,213.125,202,1.421085472e-13,-11.125,3.691131095e-15,-0.288961039,-11.125,-0.288961039,4.8125,14.625,1,40,0,0,213.125,213.125,0,214,686,92.17674255
689,0,213.125,3414,2.273736754e-13,3200.875,5.905809752e-15,83.13961039,3200.875,83.13961039,4.8125,312.296875,5,1146,0,0,213.125,213.125,0,214,687,92.21818328
690,0,213.125,4006,-3.97903932e-13,3792.875,-1.033516707e-14,98.51623377,3792.875,98.51623377,4.8125,351.078125,5,1278,0,0,213.125,213.125,0,214,688,92.31737399
691,0,213.125,3624,-5.684341886e-14,3410.875,-1.476452438e-15,88.59415584,3410.875,88.59415584,4.8125,358.640625,5,1196,0,0,213.125,213.125,0,214,689,92.47360182
692,0,213.125,2800,-8.526512829e-14,2586.875,-2.214678657e-15,67.19155844,2586.875,67.19155844,4.8125,282.640625,5,986,0,0,213.125,213.125,0,214,690,92.55808187
693,0,213.125,3310,3.410605132e-13,3096.875,8.858714628e-15,80.43831169,3096.875,80.43831169,4.8125,326.734375,5,1180,0,0,213.125,213.125,0,214,691,92.67477369
694,0,213.125,3838,1.705302566e-13,3624.875,4.429357314e-15,94.1525974,3624.875,94.1525974,4.8125,367.96875,6,1256,0,0,213.125,213.125,0,214,692,92.82085061
695,0,213.125,3328,-3.126388037e-13,3114.875,-8.120488409e-15,80.90584416,3114.875,80.90584416,4.8125,340.640625,5,1230,0,0,213.125,213.125,0,214,693,92.94897938
696,0,213.125,3706,-2.842170943e-14,3492.875,-7.38226219e-16,90.72402597,3492.875,90.72402597,4.8125,341.078125,5,1170,0,0,213.125,213.125,0,214,694,93.06019449
697,0,213.125,3614,6.536993169e-13,3400.875,1.697920304e-14,88.33441558,3400.875,88.33441558,4.8125,323.40625,5,1216,0,0,213.125,213.125,0,214,695,93.20391822
698,0,213.125,3478,2.557953849e-13,3264.875,6.644035971e-15,84.80194805,3264.875,84.80194805,4.8125,341.953125,5,1156,0,0,213.125,213.125,0,214,696,93.28695464
699,0,213.125,3668,2.842170943e-14,3454.875,7.38226219e-16,89.73701299,3454.875,89.73701299,4.8125,333.734375,5,1208,0,0,213.125,213.125,0,214,697,93.40670347
700,0,213.125,3836,2.842170943e-14,3622.875,7.38226219e-16,94.10064935,3622.875,94.10064935,5.31742449,358.3060817,6,1258,0,0,213.125,213.125,0,214,698,93.56045198
701,0,213.125,3676,-2.842170943e-14,3462.875,-7.38226219e-16,89.94480519,3462.875,89.94480519,5.267211258,336.5059172,5,1136,0,0,213.125,213.125,0,214,699,93.72270942
702,0,213.125,3616,8.526512829e-13,3402.875,2.214678657e-14,88.38636364,3402.875,88.38636364,4.8125,330.078125,5,1124,0,0,213.125,213.125,0,214,700,93.81769013
703,0,213.125,3652,-2.842170943e-14,3438.875,-7.38226219e-16,89.32142857,3438.875,89.32142857,4.8125,335.984375,5,1206,0,0,213.125,213.125,0,214,701,93.93776417
704,0,213.125,3416,-5.115907697e-13,3202.875,-1.328807194e-14,83.19155844,3202.875,83.19155844,4.8125,324.1875,5,1114,0,0,213.125,213.125,0,214,702,94.05030823
705,0,213.125,3026,-5.059064279e-12,2812.875,-1.31404267e-13,73.06168831,2812.875,73.06168831,4.8125,313.625,6,1094,0,0,213.125,213.125,0,214,703,94.27620625
706,0,213.125,3842,-4.831690603e-13,3628.875,-1.254984572e-14,94.25649351,3628.875,94.25649351,4.8125,358.515625,5,1314,0,0,213.125,213.125,0,214,704,94.39868402
707,0,213.125,3702,-2.842170943e-14,3488.875,-7.38226219e-16,90.62012987,3488.875,90.62012987,4.8125,343.078125,5,1158,0,0,213.125,213.125,0,214,705,94.517452
708,0,213.125,4156,1.705302566e-13,3942.875,4.429357314e-15,102.4123377,3942.875,102.4123377,5.419462103,371.5533438,5,1282,0,0,213.125,213.125,0,214,706,94.68548703
709,0,213.125,3420,2.273736754e-13,3206.875,5.905809752e-15,83.29545455,3206.875,83.29545455,6.339233168,333.5990683,5,1132,0,0,213.125,213.125,0,214,707,94.89594865
710,0,213.125,3216,-8.526512829e-14,3002.875,-2.214678657e-15,77.99675325,3002.875,77.99675325,5.342521369,315.8093118,4,1120,0,0,213.125,213.125,0,214,708,95.12737751
711,0,213.125,3498,8.526512829e-14,3284.875,2.214678657e-15,85.32142857,3284.875,85.32142857,5.415635447,319.8232957,6,1168,0,0,213.125,213.125,0,214,709,95.30371809
712,0,213.125,3250,3.410605132e-13,3036.875,8.858714628e-15,78.87987013,3036.875,78.87987013,4.8125,279.515625,5,1036,0,0,213.125,213.125,0,214,710,95.44169712
713,0,213.125,3610,-1.705302566e-13,3396.875,-4.429357314e-15,88.23051948,3396.875,88.23051948,4.8125,337.75,5,1224,0,0,213.125,213.125,0,214,711,95.52211308
714,0,213.125,3628,-8.526512829e-14,3414.875,-2.214678657e-15,88.69805195,3414.875,88.69805195,4.8125,372.296875,5,1262,0,0,213.125,213.125,0,214,712,95.62363219
715,0,213.125,4298,3.97903932e-13,4084.875,1.033516707e-14,106.1006494,4084.875,106.1006494,4.8125,373.734375,5,1368,0,0,213.125,213.125,0,214,713,95.76453996
716,0,213.125,214,-5.684341886e-14,0.875,-1.476452438e-15,0.02272727273,0.875,0.02272727273,5.205882415,5.205885533,0,0,1,0,213.125,213.125,0,214,714,95.92353678
717,0,213.125,144,1.278976924e-12,-69.125,3.322017985e-14,-1.795454545,-69.125,-1.795454545,4.8125,16.40625,1,48,0,0,213.125,213.125,0,214,715,96.0154283
718,0,213.125,4082,0,3868.875,0,100.4902597,3868.875,100.4902597,4.8125,336.75,4,1166,0,0,213.125,213.125,0,214,716,96.0519793
719,0,213.125,3652,5.684341886e-13,3438.875,1.476452438e-14,89.32142857,3438.875,89.32142857,4.8125,342.515625,5,1146,0,0,213.125,213.125,0,214,717,96.13493729
720,0,213.125,3872,-3.97903932e-13,3658.875,-1.033516707e-14,95.03571429,3658.875,95.03571429,4.8125,340.75,7,1166,0,0,213.125,213.125,0,214,718,96.31966233
721,0,213.125,3908,1.705302566e-13,3694.875,4.429357314e-15,95.97077922,3694.875,95.97077922,4.8125,340.84375,6,1198,0,0,213.125,213.125,0,214,719,96.43669319
722,0,213.125,3498,1.136868377e-13,3284.875,2.952904876e-15,85.32142857,3284.875,85.32142857,4.8125,331.1875,5,1216,0,0,213.125,213.125,0,214,720,96.54540324
723,0,213.125,3686,1.136868377e-13,3472.875,2.952904876e-15,90.20454545,3472.875,90.20454545,4.8125,337.40625,5,1206,0,0,213.125,213.125,0,214,721,96.63374996
724,0,213.125,3264,1.392663762e-12,3050.875,3.617308473e-14,79.24350649,3050.875,79.24350649,4.8125,297.640625,5,1050,0,0,213.125,213.125,0,214,722,96.7977891
725,0,213.125,3554,-7.105427358e-13,3340.875,-1.845565547e-14,86.77597403,3340.875,86.77597403,4.8125,337.1875,6,1152,0,0,213.125,213.125,0,214,723,96.88863897
726,0,213.125,3294,-3.410605132e-13,3080.875,-8.858714628e-15,80.02272727,3080.875,80.02272727,4.8125,333.296875,4,1162,0,0,213.125,213.125,0,214,724,96.98920536
727,0,213.125,4116,1.136868377e-13,3902.875,2.952904876e-15,101.3733766,3902.875,101.3733766,4.8125,376.640625,5,1252,0,0,213.125,213.125,0,214,725,97.16372681
728,0,213.125,3156,-1.421085472e-13,2942.875,-3.691131095e-15,76.43831169,2942.875,76.43831169,4.8125,338.1875,5,1138,0,0,213.125,213.125,0,214,726,97.32657886
729,0,213.125,3648,1.98951966e-13,3434.875,5.167583533e-15,89.21753247,3434.875,89.21753247,4.8125,329.640625,5,1172,0,0,213.125,213.125,0,214,727,97.45849419
730,0,213.125,214,-6.96331881e-12,0.875,-1.808654236e-13,0.02272727273,0.875,0.02272727273,4.8125,4.8125,0,0,1,0,213.125,213.125,0,214,728,97.61348701
731,0,213.125,248,2.842170943e-14,34.875,7.38226219e-16,0.9058441558,34.875,0.9058441558,4.8125,26.203125,1,44,0,0,213.125,213.125,0,214,729,97.74191022
732,0,213.125,3624,-3.97903932e-13,3410.875,-1.033516707e-14,88.59415584,3410.875,88.59415584,4.8125,350.515625,5,1250,0,0,213.125,213.125,0,214,730,97.80887437
733,0,213.125,3642,4.831690603e-13,3428.875,1.254984572e-14,89.06168831,3428.875,89.06168831,4.8125,331.96875,5,1226,0,0,213.125,213.125,0,214,731,97.9718883
734,0,213.125,3482,8.526512829e-14,3268.875,2.214678657e-15,84.90584416,3268.875,84.90584416,4.8125,343.390625,5,1206,0,0,213.125,213.125,0,214,732,98.10597491
735,0,213.125,3520,-5.684341886e-14,3306.875,-1.476452438e-15,85.89285714,3306.875,85.89285714,5.353889415,351.5818596,5,1216,0,0,213.125,213.125,0,214,733,98.28854799
736,0,213.125,214,7.020162229e-12,0.875,1.823418761e-13,0.02272727273,0.875,0.02272727273,5.796875,5.796875,0,0,1,0,213.125,213.125,0,214,734,98.42649817
737,0,213.125,200,-8.526512829e-13,-13.125,-2.214678657e-14,-0.3409090909,-13.125,-0.3409090909,4.8125,28.875,1,92,0,0,213.125,213.125,0,214,735,98.56706476
738,0,213.125,3984,-1.98951966e-13,3770.875,-5.167583533e-15,97.94480519,3770.875,97.94480519,4.8125,370.1875,5,1278,0,0,213.125,213.125,0,214,736,98.63178039
739,0,213.125,3390,1.705302566e-13,3176.875,4.429357314e-15,82.51623377,3176.875,82.51623377,4.8125,334.1875,6,1222,0,0,213.125,213.125,0,214,737,98.79198885
740,0,213.125,3518,3.126388037e-13,3304.875,8.120488409e-15,85.84090909,3304.875,85.84090909,4.8125,324.40625,6,1102,0,0,213.125,213.125,0,214,738,98.88519049
741,0,213.125,3528,-5.684341886e-14,3314.875,-1.476452438e-15,86.10064935,3314.875,86.10064935,5.264575579,325.7364801,5,1102,0,0,213.125,213.125,0,214,739,99.05831265
742,0,213.125,3420,8.526512829e-14,3206.875,2.214678657e-15,83.29545455,3206.875,83.29545455,4.8125,348.53125,5,1176,0,0,213.125,213.125,0,214,740,99.19941449
743,0,213.125,3452,1.98951966e-13,3238.875,5.167583533e-15,84.12662338,3238.875,84.12662338,4.8125,357.40625,5,1264,0,0,213.125,213.125,0,214,741,99.28406787
744,0,213.125,4082,-3.97903932e-13,3868.875,-1.033516707e-14,100.4902597,3868.875,100.4902597,4.8125,342.53125,5,1210,0,0,213.125,213.125,0,214,742,99.44455576
745,0,213.125,3560,-1.705302566e-13,3346.875,-4.429357314e-15,86.93181818,3346.875,86.93181818,4.8125,328.0625,5,1178,0,0,213.125,213.125,0,214,743,99.52394438
746,0,213.125,3754,8.526512829e-14,3540.875,2.214678657e-15,91.97077922,3540.875,91.97077922,5.336316096,324.0571829,5,1132,0,0,213.125,213.125,0,214,744,99.7423861
747,0,213.125,3316,0,3102.875,0,80.59415584,3102.875,80.59415584,5.238038986,343.8528598,5,1264,0,0,213.125,213.125,0,214,745,99.93549943
748,0,213.125,3802,4.547473509e-13,3588.875,1.18116195e-14,93.21753247,3588.875,93.21753247,4.8125,333.640625,5,1106,0,0,213.125,213.125,0,214,746,100.0780566
749,0,213.125,3606,0,3392.875,0,88.12662338,3392.875,88.12662338,4.8125,323.0625,5,1130,0,0,213.125,213.125,0,214,747,100.2255585
750,0,213.125,3708,-5.684341886e-13,3494.875,-1.476452438e-14,90.77597403,3494.875,90.77597403,5.413599562,323.6790095,6,1146,0,0,213.125,213.125,0,214,748,100.4039764
751,0,213.125,214,-1.705302566e-13,0.875,-4.429357314e-15,0.02272727273,0.875,0.02272727273,5.299853407,5.299857529,0,0,1,0,213.125,213.125,0,214,749,100.5594485
752,0,213.125,196,1.051603249e-12,-17.125,2.73143701e-14,-0.4448051948,-17.125,-0.4448051948,4.8125,20.859375,1,60,0,0,213.125,213.125,0,214,750,100.6799183
753,0,213.125,3892,-5.684341886e-14,3678.875,-1.476452438e-15,95.55519481,3678.875,95.55519481,4.8125,346.859375,6,1260,0,0,213.125,213.125,0,214,751,100.7319729
754,0,213.125,4184,0,3970.875,0,103.1396104,3970.875,103.1396104,4.8125,380.859375,6,1350,0,0,213.125,213.125,0,214,752,100.8283718
755,0,213.125,3626,-2.557953849e-13,3412.875,-6.644035971e-15,88.6461039,3412.875,88.6461039,5.417874689,338.3354936,5,1208,0,0,213.125,213.125,0,214,753,101.0409701
756,0,213.125,3842,0,3628.875,0,94.25649351,3628.875,94.25649351,5.27915504,340.9527327,6,1264,0,0,213.125,213.125,0,214,754,101.2234101
757,0,213.125,3666,1.136868377e-12,3452.875,2.952904876e-14,89.68506494,3452.875,89.68506494,5.398090757,320.0470727,5,1108,0,0,213.125,213.125,0,214,755,101.3863938
758,0,213.125,3310,-1.705302566e-13,3096.875,-4.429357314e-15,80.43831169,3096.875,80.43831169,5.345168894,339.2907661,6,1194,0,0,213.125,213.125,0,214,756,101.5456498
759,0,213.125,3436,1.421085472e-13,3222.875,3.691131095e-15,83.71103896,3222.875,83.71103896,4.8125,345.625,5,1238,0,0,213.125,213.125,0,214,757,101.6822109
760,0,213.125,3656,1.136868377e-13,3442.875,2.952904876e-15,89.42532468,3442.875,89.42532468,5.353390042,333.664614,6,1192,0,0,213.125,213.125,0,214,758,101.8438795
761,0,213.125,3440,-1.705302566e-13,3226.875,-4.429357314e-15,83.81493506,3226.875,83.81493506,4.8125,314.96875,5,1136,0,0,213.125,213.125,0,214,759,101.9303582
762,0,213.125,214,9.663381206e-13,0.875,2.509969145e-14,0.02272727273,0.875,0.02272727273,4.8125,4.8125,0,0,1,0,213.125,213.125,0,214,760,102.038646
763,0,213.125,196,-1.136868377e-12,-17.125,-2.952904876e-14,-0.4448051948,-17.125,-0.4448051948,4.8125,20.859375,1,56,0,0,213.125,213.125,0,214,761,102.1648483
764,0,213.125,3908,-2.842170943e-14,3694.875,-7.38226219e-16,95.97077922,3694.875,95.97077922,4.8125,353.296875,6,1212,0,0,213.125,213.125,0,214,762,102.2209594
765,0,213.125,3592,1.421085472e-13,3378.875,3.691131095e-15,87.76298701,3378.875,87.76298701,4.8125,333.515625,6,1172,0,0,213.125,213.125,0,214,763,102.2969222
766,0,213.125,3442,-3.410605132e-13,3228.875,-8.858714628e-15,83.86688312,3228.875,83.86688312,4.8125,351.203125,6,1142,0,0,213.125,213.125,0,214,764,102.4080987
767,0,213.125,3688,-2.273736754e-13,3474.875,-5.905809752e-15,90.25649351,3474.875,90.25649351,4.8125,318.625,6,1140,0,0,213.125,213.125,0,214,765,102.5601876
768,0,213.125,3758,1.648459147e-12,3544.875,4.28171207e-14,92.07467532,3544.875,92.07467532,4.8125,350.84375,5,1226,0,0,213.125,213.125,0,214,766,102.7162161
769,0,213.125,3738,5.684341886e-14,3524.875,1.476452438e-15,91.55519481,3524.875,91.55519481,5.381260896,340.8091531,5,1158,0,0,213.125,213.125,0,214,767,102.8549652
770,0,213.125,3614,-1.136868377e-13,3400.875,-2.952904876e-15,88.33441558,3400.875,88.33441558,4.8125,335.078125,5,1142,0,0,213.125,213.125,0,214,768,102.9704404
771,0,213.125,3074,-1.421085472e-13,2860.875,-3.691131095e-15,74.30844156,2860.875,74.30844156,4.8125,309.96875,5,1122,0,0,213.125,213.125,0,214,769,103.0639389
772,0,213.125,3738,2.273736754e-13,3524.875,5.905809752e-15,91.55519481,3524.875,91.55519481,4.8125,332.421875,5,1170,0,0,213.125,213.125,0,214,770,103.1657538
773,0,213.125,3480,3.694822226e-13,3266.875,9.596940847e-15,84.8538961,3266.875,84.8538961,4.8125,317.53125,5,1110,0,0,213.125,213.125,0,214,771,103.2565055
774,0,213.125,3722,-1.98951966e-13,3508.875,-5.167583533e-15,91.13961039,3508.875,91.13961039,4.8125,309.40625,5,1120,0,0,213.125,213.125,0,214,772,103.4004686
775,0,213.125,4026,-5.684341886e-14,3812.875,-1.476452438e-15,99.03571429,3812.875,99.03571429,4.8125,324.078125,6,1170,0,0,213.125,213.125,0,214,773,103.5559206
776,0,213.125,3194,-1.705302566e-13,2980.875,-4.429357314e-15,77.42532468,2980.875,77.42532468,4.8125,329.734375,5,1140,0,0,213.125,213.125,0,214,774,103.6836135
777,0,213.125,3330,1.136868377e-13,3116.875,2.952904876e-15,80.95779221,3116.875,80.95779221,5.258062879,318.3254555,6,1068,0,0,213.125,213.125,0,214,775,103.8657353
778,0,213.125,3430,2.842170943e-13,3216.875,7.38226219e-15,83.55519481,3216.875,83.55519481,5.796875,324.734375,4,1072,0,0,213.125,213.125,0,214,776,103.9798911
779,0,213.125,214,2.216893336e-12,0.875,5.758164508e-14,0.02272727273,0.875,0.02272727273,4.8125,4.8125,0,0,1,0,213.125,213.125,0,214,777,104.1662259
780,0,213.125,206,1.051603249e-12,-7.125,2.73143701e-14,-0.1850649351,-7.125,-0.1850649351,4.8125,14.625,1,36,0,0,213.125,213.125,0,214,778,104.280628
781,0,213.125,3892,1.108446668e-12,3678.875,2.879082254e-14,95.55519481,3678.875,95.55519481,4.8125,341.078125,5,1088,0,0,213.125,213.125,0,214,779,104.3249409
782,0,213.125,3650,1.136868377e-13,3436.875,2.952904876e-15,89.26948052,3436.875,89.26948052,4.8125,316.078125,5,1104,0,0,213.125,213.125,0,214,780,104.4963491
783,0,213.125,3700,4.263256415e-13,3486.875,1.107339328e-14,90.56818182,3486.875,90.56818182,5.796875,326.84375,5,1134,0,0,213.125,213.125,0,214,781,104.6084697
784,0,213.125,3496,0,3282.875,0,85.26948052,3282.875,85.26948052,5.323058853,301.3023146,6,1072,0,0,213.125,213.125,0,214,782,104.7978847
785,0,213.125,3738,5.684341886e-14,3524.875,1.476452438e-15,91.55519481,3524.875,91.55519481,4.8125,315.515625,6,1084,0,0,213.125,213.125,0,214,783,104.8860147
786,0,213.125,3680,3.97903932e-13,3466.875,1.033516707e-14,90.0487013,3466.875,90.0487013,4.8125,308.40625,5,1120,0,0,213.125,213.125,0,214,784,105.0004175
787,0,213.125,3774,-8.526512829e-14,3560.875,-2.214678657e-15,92.49025974,3560.875,92.49025974,4.8125,323.40625,5,1158,0,0,213.125,213.125,0,214,785,105.1286862
788,0,213.125,214,-1.534772309e-12,0.875,-3.986421582e-14,0.02272727273,0.875,0.02272727273,4.8125,4.8125,0,0,1,0,213.125,213.125,0,214,786,105.236074
789,0,213.125,270,3.97903932e-13,56.875,1.033516707e-14,1.477272727,56.875,1.477272727,4.8125,30.65625,1,72,0,0,213.125,213.125,0,214,787,105.3911994
790,0,213.125,3718,-2.785327524e-12,3504.875,-7.234616946e-14,91.03571429,3504.875,91.03571429,4.8125,335.40625,5,1160,0,0,213.125,213.125,0,214,788,105.4506388
791,0,213.125,3246,-3.97903932e-13,3032.875,-1.033516707e-14,78.77597403,3032.875,78.77597403,4.8125,326.390625,5,1154,0,0,213.125,213.125,0,214,789,105.6564755
792,0,213.125,3304,-1.534772309e-12,3090.875,-3.986421582e-14,80.28246753,3090.875,80.28246753,5.297489595,329.2988857,5,1184,0,0,213.125,213.125,0,214,790,105.8105001
793,0,213.125,3806,-1.705302566e-13,3592.875,-4.429357314e-15,93.32142857,3592.875,93.32142857,5.260819413,337.8643613,5,1184,0,0,213.125,213.125,0,214,791,105.9406898
794,0,213.125,3908,2.842170943e-14,3694.875,7.38226219e-16,95.97077922,3694.875,95.97077922,5.699997199,349.0077733,5,1232,0,0,213.125,213.125,0,214,792,106.112782
795,0,213.125,3884,4.547473509e-13,3670.875,1.18116195e-14,95.3474026,3670.875,95.3474026,5.405230356,359.5522332,5,1230,0,0,213.125,213.125,0,214,793,106.3183599
796,0,213.125,3202,1.705302566e-13,2988.875,4.429357314e-15,77.63311688,2988.875,77.63311688,5.826174032,331.580063,6,1136,0,0,213.125,213.125,0,214,794,106.5132275
797,0,213.125,3178,-6.821210263e-13,2964.875,-1.771742926e-14,77.00974026,2964.875,77.00974026,5.303648783,334.5428404,5,1150,0,0,213.125,213.125,0,214,795,106.7145767
798,0,213.125,3278,3.97903932e-13,3064.875,1.033516707e-14,79.60714286,3064.875,79.60714286,4.8125,340.84375,5,1136,0,0,213.125,213.125,0,214,796,106.832176
799,0,213.125,3476,9.663381206e-13,3262.875,2.509969145e-14,84.75,3262.875,84.75,5.405354511,324.8995282,6,1182,0,0,213.125,213.125,0,214,797,106.9985929
800,0,213.125,3332,0,3118.875,0,81.00974026,3118.875,81.00974026,5.2360143,321.1402637,5,1124,0,0,213.125,213.125,0,214,798,107.1803298
801,0,213.125,3418,1.421085472e-13,3204.875,3.691131095e-15,83.24350649,3204.875,83.24350649,5.26437549,316.2666958,5,1112,0,0,213.125,213.125,0,214,799,107.3261812
802,0,213.125,3406,1.136868377e-13,3192.875,2.952904876e-15,82.93181818,3192.875,82.93181818,4.8125,305.078125,6,1114,0,0,213.125,213.125,0,214,800,107.4556446
803,0,213.125,214,0,0.875,0,0.02272727273,0.875,0.02272727273,5.331679845,5.331681747,0,0,1,0,213.125,213.125,0,214,801,107.6522026
804,0,213.125,150,-1.421085472e-13,-63.125,-3.691131095e-15,-1.63961039,-63.125,-1.63961039,4.8125,14.625,1,52,0,0,213.125,213.125,0,214,802,107.8060369
805,0,213.125,3684,-1.98951966e-13,3470.875,-5.167583533e-15,90.1525974,3470.875,90.1525974,4.8125,347.859375,5,1188,0,0,213.125,213.125,0,214,803,107.8386772
806,0,213.125,214,-1.364242053e-12,0.875,-3.543485851e-14,0.02272727273,0.875,0.02272727273,4.8125,4.8125,0,0,1,0,213.125,213.125,0,214,804,107.927521
807,0,213.125,110,-9.947598301e-13,-103.125,-2.583791766e-14,-2.678571429,-103.125,-2.678571429,4.8125,27.09375,1,66,0,0,213.125,213.125,0,214,805,108.0572152
808,0,213.125,3068,9.094947018e-13,2854.875,2.362323901e-14,74.1525974,2854.875,74.1525974,4.8125,319.734375,5,1076,0,0,213.125,213.125,0,214,806,108.104172
809,0,213.125,3132,4.263256415e-13,2918.875,1.107339328e-14,75.81493506,2918.875,75.81493506,4.8125,322.3125,5,1132,0,0,213.125,213.125,0,214,807,108.2214971
810,0,213.125,3686,-5.115907697e-13,3472.875,-1.328807194e-14,90.20454545,3472.875,90.20454545,4.8125,340.078125,4,1156,0,0,213.125,213.125,0,214,808,108.3590639
811,0,213.125,214,1.847411113e-12,0.875,4.798470423e-14,0.02272727273,0.875,0.02272727273,4.8125,4.8125,0,0,1,0,213.125,213.125,0,214,809,108.5591195
812,0,213.125,204,1.421085472e-13,-9.125,3.691131095e-15,-0.237012987,-9.125,-0.237012987,4.8125,24.421875,1,72,0,0,213.125,213.125,0,214,810,108.682951
813,0,213.125,3884,4.547473509e-13,3670.875,1.18116195e-14,95.3474026,3670.875,95.3474026,4.8125,340.859375,5,1180,0,0,213.125,213.125,0,214,811,108.7409611
814,0,213.125,3600,-4.831690603e-13,3386.875,-1.254984572e-14,87.97077922,3386.875,87.97077922,4.8125,345.203125,5,1196,0,0,213.125,213.125,0,214,812,108.8216975
815,0,213.125,3826,-3.126388037e-13,3612.875,-8.120488409e-15,93.84090909,3612.875,93.84090909,4.8125,333.296875,6,1132,0,0,213.125,213.125,0,214,813,108.9424772
816,0,213.125,3626,-2.842170943e-14,3412.875,-7.38226219e-16,88.6461039,3412.875,88.6461039,5.364841763,338.7495901,5,1192,0,0,213.125,213.125,0,214,814,109.1610916
817,0,213.125,3386,-6.536993169e-13,3172.875,-1.697920304e-14,82.41233766,3172.875,82.41233766,5.252063033,337.1156072,5,1174,0,0,213.125,213.125,0,214,815,109.317785
818,0,213.125,2964,-2.842170943e-14,2750.875,-7.38226219e-16,71.4512987,2750.875,71.4512987,5.470098175,299.7952608,5,1096,0,0,213.125,213.125,0,214,816,109.4690983
819,0,213.125,3760,5.115907697e-13,3546.875,1.328807194e-14,92.12662338,3546.875,92.12662338,4.8125,346.171875,5,1236,0,0,213.125,213.125,0,214,817,109.5990417
820,0,213.125,3378,-6.252776075e-13,3164.875,-1.624097682e-14,82.20454545,3164.875,82.20454545,5.221180372,340.3330404,7,1194,0,0,213.125,213.125,0,214,818,109.7689919
821,0,213.125,3494,-2.273736754e-13,3280.875,-5.905809752e-15,85.21753247,3280.875,85.21753247,4.8125,321.1875,5,1178,0,0,213.125,213.125,0,214,819,109.8840675
822,0,213.125,214,1.023181539e-12,0.875,2.657614388e-14,0.02272727273,0.875,0.02272727273,4.8125,4.8125,0,0,1,0,213.125,213.125,0,214,820,110.0141921
823,0,213.125,130,4.547473509e-13,-83.125,1.18116195e-14,-2.159090909,-83.125,-2.159090909,4.8125,20.859375,1,56,0,0,213.125,213.125,0,214,821,110.1729693
824,0,213.125,214,2.586375558e-12,0.875,6.717858593e-14,0.02272727273,0.875,0.02272727273,4.8125,4.8125,0,0,1,0,213.125,213.125,0,214,822,110.2244992
825,0,213.125,136,-3.410605132e-13,-77.125,-8.858714628e-15,-2.003246753,-77.125,-2.003246753,4.8125,16.40625,1,44,0,0,213.125,213.125,0,214,823,110.2826071
826,0,213.125,3588,-3.410605132e-13,3374.875,-8.858714628e-15,87.65909091,3374.875,87.65909091,4.8125,340.75,5,1166,0,0,213.125,213.125,0,214,824,110.3258021
827,0,213.125,3410,-1.421085472e-13,3196.875,-3.691131095e-15,83.03571429,3196.875,83.03571429,4.8125,327.1875,6,1092,0,0,213.125,213.125,0,214,825,110.4870746
828,0,213.125,3512,-8.526512829e-14,3298.875,-2.214678657e-15,85.68506494,3298.875,85.68506494,5.312400881,344.1961652,5,1236,0,0,213.125,213.125,0,214,826,110.6507323
829,0,213.125,3492,-1.705302566e-13,3278.875,-4.429357314e-15,85.16558442,3278.875,85.16558442,4.8125,334.078125,5,1238,0,0,213.125,213.125,0,214,827,110.797585
830,0,213.125,3790,5.684341886e-14,3576.875,1.476452438e-15,92.90584416,3576.875,92.90584416,4.8125,354.421875,5,1258,0,0,213.125,213.125,0,214,828,110.8789599
831,0,213.125,4014,-1.421085472e-13,3800.875,-3.691131095e-15,98.72402597,3800.875,98.72402597,4.8125,355.078125,5,1206,0,0,213.125,213.125,0,214,829,111.0048509
832,0,213.125,3442,-5.684341886e-14,3228.875,-1.476452438e-15,83.86688312,3228.875,83.86688312,4.8125,333.53125,5,1172,0,0,213.125,213.125,0,214,830,111.1555004
833,0,213.125,3436,4.547473509e-13,3222.875,1.18116195e-14,83.71103896,3222.875,83.71103896,4.8125,303.859375,6,1070,0,0,213.125,213.125,0,214,831,111.2618079
834,0,213.125,3602,9.663381206e-13,3388.875,2.509969145e-14,88.02272727,3388.875,88.02272727,4.8125,329.296875,5,1180,0,0,213.125,213.125,0,214,832,111.4040861
835,0,213.125,3260,3.126388037e-13,3046.875,8.120488409e-15,79.13961039,3046.875,79.13961039,4.8125,325.515625,6,1146,0,0,213.125,213.125,0,214,833,111.538528
836,0,213.125,3622,0,3408.875,0,88.54220779,3408.875,88.54220779,5.588220814,322.7692786,5,1110,0,0,213.125,213.125,0,214,834,111.7248561
837,0,213.125,3760,-1.421085472e-13,3546.875,-3.691131095e-15,92.12662338,3546.875,92.12662338,4.8125,344.296875,5,1216,0,0,213.125,213.125,0,214,835,111.8847387
838,0,213.125,4176,3.410605132e-13,3962.875,8.858714628e-15,102.9318182,3962.875,102.9318182,4.8125,338.078125,5,1206,0,0,213.125,213.125,0,214,836,111.990546
839,0,213.125,3354,5.684341886e-14,3140.875,1.476452438e-15,81.58116883,3140.875,81.58116883,4.8125,325.078125,6,1152,0,0,213.125,213.125,0,214,837,112.1286209
840,0,213.125,4074,-8.526512829e-14,3860.875,-2.214678657e-15,100.2824675,3860.875,100.2824675,4.8125,362.515625,6,1314,0,0,213.125,213.125,0,214,838,112.234663
841,0,213.125,3412,-2.529532139e-12,3198.875,-6.570213349e-14,83.08766234,3198.875,83.08766234,4.8125,352.515625,6,1234,0,0,213.125,213.125,0,214,839,112.4099367
842,0,213.125,3774,-6.821210263e-13,3560.875,-1.771742926e-14,92.49025974,3560.875,92.49025974,4.8125,357.75,5,1244,0,0,213.125,213.125,0,214,840,112.5367863
843,0,213.125,3272,8.526512829e-14,3058.875,2.214678657e-15,79.4512987,3058.875,79.4512987,4.8125,342.75,6,1234,0,0,213.125,213.125,0,214,841,112.6229968
844,0,213.125,3780,-5.684341886e-14,3566.875,-1.476452438e-15,92.6461039,3566.875,92.6461039,4.8125,347.078125,5,1238,0,0,213.125,213.125,0,214,842,112.8203781
845,0,213.125,214,7.361222742e-12,0.875,1.912005907e-13,0.02272727273,0.875,0.02272727273,4.8125,4.8125,0,0,1,0,213.125,213.125,0,214,843,112.9194055
846,0,213.125,230,1.307398634e-12,16.875,3.395840607e-14,0.4383116883,16.875,0.4383116883,4.8125,29.765625,1,68,0,0,213.125,213.125,0,214,844,113.0165272
847,0,213.125,3704,3.694822226e-13,3490.875,9.596940847e-15,90.67207792,3490.875,90.67207792,4.8125,334.75,5,1148,0,0,213.125,213.125,0,214,845,113.0878451
848,0,213.125,3570,5.684341886e-14,3356.875,1.476452438e-15,87.19155844,3356.875,87.19155844,5.627437882,341.3306549,5,1140,0,0,213.125,213.125,0,214,846,113.3907509
849,0,213.125,3074,-5.684341886e-14,2860.875,-1.476452438e-15,74.30844156,2860.875,74.30844156,5.472142044,334.6128565,5,1218,0,0,213.125,213.125,0,214,847,113.568367
850,0,213.125,3592,-5.684341886e-14,3378.875,-1.476452438e-15,87.76298701,3378.875,87.76298701,5.546568243,366.6344503,5,1318,0,0,213.125,213.125,0,214,848,113.7296283
851,0,213.125,3476,2.842170943e-13,3262.875,7.38226219e-15,84.75,3262.875,84.75,5.402193575,334.38283,5,1170,0,0,213.125,213.125,0,214,849,113.9156272
852,0,213.125,4176,-6.821210263e-13,3962.875,-1.771742926e-14,102.9318182,3962.875,102.9318182,5.348403678,367.7237424,5,1286,0,0,213.125,213.125,0,214,850,114.1130035
853,0,213.125,4000,-1.421085472e-13,3786.875,-3.691131095e-15,98.36038961,3786.875,98.36038961,4.8125,338.640625,6,1242,0,0,213.125,213.125,0,214,851,114.2642531
854,0,213.125,3232,1.136868377e-13,3018.875,2.952904876e-15,78.41233766,3018.875,78.41233766,4.8125,337.65625,6,1126,0,0,213.125,213.125,0,214,852,114.3530669
855,0,213.125,3628,5.684341886e-14,3414.875,1.476452438e-15,88.69805195,3414.875,88.69805195,4.8125,329.515625,5,1194,0,0,213.125,213.125,0,214,853,114.484345
856,0,213.125,4154,2.216893336e-12,3940.875,5.758164508e-14,102.3603896,3940.875,102.3603896,4.8125,345.296875,5,1284,0,0,213.125,213.125,0,214,854,114.7518947
857,0,213.125,3382,1.98951966e-13,3168.875,5.167583533e-15,82.30844156,3168.875,82.30844156,4.8125,333.515625,6,1202,0,0,213.125,213.125,0,214,855,114.8537312
858,0,213.125,3740,4.263256415e-13,3526.875,1.107339328e-14,91.60714286,3526.875,91.60714286,4.8125,337.640625,6,1150,0,0,213.125,213.125,0,214,856,115.0007148
859,0,213.125,3716,1.705302566e-13,3502.875,4.429357314e-15,90.98376623,3502.875,90.98376623,4.8125,335.296875,5,1208,0,0,213.125,213.125,0,214,857,115.0974534
860,0,213.125,3874,3.410605132e-13,3660.875,8.858714628e-15,95.08766234,3660.875,95.08766234,5.251595559,343.2691305,5,1248,0,0,213.125,213.125,0,214,858,115.348639
861,0,213.125,3638,-5.684341886e-14,3424.875,-1.476452438e-15,88.95779221,3424.875,88.95779221,4.8125,339.640625,5,1216,0,0,213.125,213.125,0,214,859,115.4621022
862,0,213.125,4056,-2.273736754e-13,3842.875,-5.905809752e-15,99.81493506,3842.875,99.81493506,4.8125,350.53125,5,1288,0,0,213.125,213.125,0,214,860,115.6242528
863,0,213.125,3872,-2.842170943e-14,3658.875,-7.38226219e-16,95.03571429,3658.875,95.03571429,4.8125,339.75,5,1174,0,0,213.125,213.125,0,214,861,115.7658505
864,0,213.125,3792,3.126388037e-13,3578.875,8.120488409e-15,92.95779221,3578.875,92.95779221,4.8125,339.84375,5,1188,0,0,213.125,213.125,0,214,862,115.8948455
865,0,213.125,3670,-5.684341886e-14,3456.875,-1.476452438e-15,89.78896104,3456.875,89.78896104,5.332740937,337.9444492,5,1226,0,0,213.125,213.125,0,214,863,116.1069601
866,0,213.125,3728,2.273736754e-13,3514.875,5.905809752e-15,91.29545455,3514.875,91.29545455,4.8125,349.96875,6,1220,0,0,213.125,213.125,0,214,864,116.2412181
867,0,213.125,3802,5.684341886e-14,3588.875,1.476452438e-15,93.21753247,3588.875,93.21753247,5.680167157,336.0885219,5,1198,0,0,213.125,213.125,0,214,865,116.5331554
868,0,213.125,4120,0,3906.875,0,101.4772727,3906.875,101.4772727,4.8125,361.640625,5,1270,0,0,213.125,213.125,0,214,866,116.6661932
869,0,213.125,3380,5.684341886e-14,3166.875,1.476452438e-15,82.25649351,3166.875,82.25649351,4.8125,329.296875,5,1180,0,0,213.125,213.125,0,214,867,116.7478836
870,0,213.125,3560,5.684341886e-14,3346.875,1.476452438e-15,86.93181818,3346.875,86.93181818,5.479057624,342.7622651,5,1180,0,0,213.125,213.125,0,214,868,116.9366004
871,0,213.125,3732,1.136868377e-13,3518.875,2.952904876e-15,91.39935065,3518.875,91.39935065,5.423507286,327.1084607,5,1130,0,0,213.125,213.125,0,214,869,117.0992169
872,0,213.125,3662,5.684341886e-14,3448.875,1.476452438e-15,89.58116883,3448.875,89.58116883,5.320950362,336.7286256,5,1250,0,0,213.125,213.125,0,214,870,117.2480719
873,0,213.125,3632,-5.684341886e-14,3418.875,-1.476452438e-15,88.80194805,3418.875,88.80194805,4.8125,346.1875,6,1228,0,0,213.125,213.125,0,214,871,117.4251428
874,0,213.125,2848,2.273736754e-13,2634.875,5.905809752e-15,68.43831169,2634.875,68.43831169,4.8125,309.1875,5,1058,0,0,213.125,213.125,0,214,872,117.529331
875,0,213.125,3584,0,3370.875,0,87.55519481,3370.875,87.55519481,4.8125,341.75,6,1162,0,0,213.125,213.125,0,214,873,117.683923
876,0,213.125,3446,0,3232.875,0,83.97077922,3232.875,83.97077922,4.8125,317.734375,6,1170,0,0,213.125,213.125,0,214,874,117.7856493
877,0,213.125,3932,1.705302566e-13,3718.875,4.429357314e-15,96.59415584,3718.875,96.59415584,5.324249422,340.9512111,6,1180,0,0,213.125,213.125,0,214,875,117.9546456
878,0,213.125,3482,3.126388037e-13,3268.875,8.120488409e-15,84.90584416,3268.875,84.90584416,5.405278615,352.9426312,5,1264,0,0,213.125,213.125,0,214,876,118.1238792
879,0,213.125,214,8.526512829e-13,0.875,2.214678657e-14,0.02272727273,0.875,0.02272727273,4.8125,4.8125,0,0,1,0,213.125,213.125,0,214,877,118.3117092
880,0,213.125,200,3.126388037e-13,-13.125,8.120488409e-15,-0.3409090909,-13.125,-0.3409090909,4.8125,22.640625,1,60,0,0,213.125,213.125,0,214,878,118.4105308
881,0,213.125,3110,3.410605132e-13,2896.875,8.858714628e-15,75.24350649,2896.875,75.24350649,4.8125,319.40625,4,1126,0,0,213.125,213.125,0,214,879,118.4746773
882,0,213.125,3282,3.410605132e-13,3068.875,8.858714628e-15,79.71103896,3068.875,79.71103896,4.8125,320.296875,6,1108,0,0,213.125,213.125,0,214,880,118.6078365
883,0,213.125,3610,1.136868377e-12,3396.875,2.952904876e-14,88.23051948,3396.875,88.23051948,4.8125,339.1875,6,1142,0,0,213.125,213.125,0,214,881,118.7395675
884,0,213.125,3990,1.335820343e-12,3776.875,3.469663229e-14,98.10064935,3776.875,98.10064935,4.8125,357.859375,6,1288,0,0,213.125,213.125,0,214,882,118.8934636
885,0,213.125,4316,-1.421085472e-13,4102.875,-3.691131095e-15,106.5681818,4102.875,106.5681818,4.8125,358.296875,5,1288,0,0,213.125,213.125,0,214,883,119.0734541
886,0,213.125,3868,2.842170943e-13,3654.875,7.38226219e-15,94.93181818,3654.875,94.93181818,4.8125,337.296875,6,1222,0,0,213.125,213.125,0,214,884,119.2202141
887,0,213.125,3820,5.115907697e-13,3606.875,1.328807194e-14,93.68506494,3606.875,93.68506494,4.8125,347.625,5,1238,0,0,213.125,213.125,0,214,885,119.3275557
888,0,213.125,3078,3.694822226e-13,2864.875,9.596940847e-15,74.41233766,2864.875,74.41233766,4.8125,318.625,5,1102,0,0,213.125,213.125,0,214,886,119.4500685
889,0,213.125,3444,4.547473509e-13,3230.875,1.18116195e-14,83.91883117,3230.875,83.91883117,5.212499284,349.8662545,5,1192,0,0,213.125,213.125,0,214,887,119.5957541
890,0,213.125,3318,-4.376943252e-12,3104.875,-1.136868377e-13,80.6461039,3104.875,80.6461039,4.8125,336.859375,5,1214,0,0,213.125,213.125,0,214,888,119.6898794
891,0,213.125,3210,-2.842170943e-13,2996.875,-7.38226219e-15,77.84090909,2996.875,77.84090909,4.8125,326.75,5,1154,0,0,213.125,213.125,0,214,889,119.8467951
892,0,213.125,214,1.762145985e-12,0.875,4.577002558e-14,0.02272727273,0.875,0.02272727273,4.8125,4.8125,0,0,1,0,213.125,213.125,0,214,890,119.9581714
893,0,213.125,148,-1.705302566e-13,-65.125,-4.429357314e-15,-1.691558442,-65.125,-1.691558442,4.8125,16.40625,1,48,0,0,213.125,213.125,0,214,891,120.1141155
