it,alpha,cz_lp,cz_round,d_lp,d_round,d_lp_n,d_round_n,delta,delta_n,frac,dist,viol_max,viol_sum,feas,improving,ub,ub_eff,ub_free,z_best,stall,t
0,0,6875,0,-4001.25,-10876.25,-0.75,-2.038659794,-6875,-1.288659794,20,20,1,50,0,0,10876.25,0,1,0,0,0.0001306533813
1,0,7560,1575,-3316.25,-9301.25,-0.6216026242,-1.74343955,-5985,-1.121836926,16,16,1,42.7781746,0,0,10876.25,10876.25,0,0,1,0.003441810608
2,0,7615,12785,-3261.25,1908.75,-0.6112933458,0.3577788191,5170,0.9690721649,15,15,1,16,0,0,10876.25,10876.25,0,0,2,0.005868673325
3,0,8748.333333,7685,-2127.916667,-3191.25,-0.3988597313,-0.5981724461,-1063.333333,-0.1993127148,2.979166667,2.979166667,1,5.756349206,0,0,10876.25,10876.25,0,0,3,0.00731921196
4,0,8685,15785,-2191.25,4908.75,-0.4107310216,0.9201030928,7100,1.330834114,0.3125,22.6875,7,31.56,0,0,10876.25,10876.25,0,0,4,0.008345842361
5,0,9110,7755,-1766.25,-3121.25,-0.3310684161,-0.5850515464,-1355,-0.2539831303,3.057291667,3.057291667,1,6.907539683,0,0,10876.25,10876.25,0,0,5,0.009255647659
6,0,9505,25000,-1371.25,14123.75,-0.2570290534,2.64737582,15495,2.904404873,0.390625,21.609375,7,32.12,0,0,10876.25,10876.25,0,0,6,0.01026201248
7,0,10876.25,7520,0,-3356.25,0,-0.6291002812,-3356.25,-0.6291002812,2.108463542,2.108463542,1,8.511111111,0,0,10876.25,10876.25,0,0,7,0.01123785973
8,0,10361.25,23720,-515,12843.75,-0.09653233365,2.407450797,13358.75,2.50398313,1.69140625,22.30859375,2,9.68,0,0,10876.25,10876.25,0,0,8,0.01284909248
9,0,10876.25,6920,0,-3956.25,0,-0.7415651359,-3956.25,-0.7415651359,1.872946715,1.872946715,1,9.634920635,0,0,10876.25,10876.25,0,0,9,0.01437425613
10,0,10876.25,23940,0,13063.75,0,2.44868791,13063.75,2.44868791,1.753311471,27.24668853,3,27.34857143,0,0,10876.25,10876.25,0,0,10,0.01542782784
11,0,10876.25,7160,0,-3716.25,0,-0.696579194,-3716.25,-0.696579194,2.829296875,2.829296875,1,18.55634921,0,0,10876.25,10876.25,0,0,11,0.01689553261
12,0,10020,7770,-856.25,-3106.25,-0.1604967198,-0.582239925,-2250,-0.4217432052,0.703125,0.703125,1,12.57380952,0,0,10876.25,10876.25,0,0,12,0.01793456078
13,0,10020,17285,-856.25,6408.75,-0.1604967198,1.20126523,7265,1.361761949,0.703125,17.296875,7,29.16,0,0,10876.25,10876.25,0,0,13,0.01872014999
14,0,10270,7820,-606.25,-3056.25,-0.1136363636,-0.5728678538,-2450,-0.4592314902,0.765625,0.765625,1,11.98801587,0,0,10876.25,10876.25,0,0,14,0.01953959465
15,0,10020,19645,-856.25,8768.75,-0.1604967198,1.643626992,9625,1.804123711,0.6875,27.3125,7,34.12,0,0,10876.25,10876.25,0,0,15,0.02041816711
16,0,10428.75,7965,-447.5,-2911.25,-0.08388003749,-0.5456888472,-2463.75,-0.4618088097,1.78125,1.78125,1,11.73650794,0,0,10876.25,10876.25,0,0,16,0.02151632309
17,0,9930,16825,-946.25,5948.75,-0.177366448,1.115042174,6895,1.292408622,1.625,21.375,4,20.12,0,0,10876.25,10876.25,0,0,17,0.02241563797
18,0,10876.25,7820,0,-3056.25,0,-0.5728678538,-3056.25,-0.5728678538,0.798828125,0.798828125,1,10.73253968,0,0,10876.25,10876.25,0,0,18,0.02362275124
19,0,10570,27810,-306.25,16933.75,-0.05740393627,3.174086223,17240,3.231490159,0.703125,20.296875,7,30.72,0,0,10876.25,10876.25,0,0,19,0.02459573746
20,0,10876.25,6995,0,-3881.25,0,-0.7275070291,-3881.25,-0.7275070291,4.459595264,4.459595264,1,14.45865079,0,0,10876.25,10876.25,0,0,20,0.02559971809
21,0,10682.5,28450,-193.75,17573.75,-0.03631677601,3.294048735,17767.5,3.330365511,2.7265625,23.2734375,8,35.68,0,0,10876.25,10876.25,0,0,21,0.02657675743
22,0,10876.25,6945,0,-3931.25,0,-0.7368791003,-3931.25,-0.7368791003,2.802734375,2.802734375,1,14.59047619,0,0,10876.25,10876.25,0,0,22,0.02754044533
23,0,10682.5,24670,-193.75,13793.75,-0.03631677601,2.58552015,13987.5,2.621836926,2.7421875,8.2578125,2,12.68,0,0,10876.25,10876.25,0,0,23,0.02852082253
24,0,10876.25,7620,0,-3256.25,0,-0.6103561387,-3256.25,-0.6103561387,0.90015625,0.90015625,1,11.4047619,0,0,10876.25,10876.25,0,0,24,0.02955722809
25,0,10620,26310,-256.25,15433.75,-0.04803186504,2.892924086,15690,2.940955951,0.78125,16.21875,7,23.72,0,0,10876.25,10876.25,0,0,25,0.03051233292
26,0,10876.25,7670,0,-3206.25,0,-0.6009840675,-3206.25,-0.6009840675,0.88453125,0.88453125,1,10.88619048,0,0,10876.25,10876.25,0,0,26,0.03141283989
27,0,10620,26300,-256.25,15423.75,-0.04803186504,2.891049672,15680,2.939081537,0.765625,14.234375,7,22.68,0,0,10876.25,10876.25,0,0,27,0.03242754936
28,0,10876.25,23360,0,12483.75,0,2.339971884,12483.75,2.339971884,0.8600260417,37.07877604,5,44.92,0,0,10876.25,10876.25,0,0,28,0.03340029716
29,0,10295,9505,-581.25,-1371.25,-0.108950328,-0.2570290534,-790,-0.1480787254,1.05,1.05,0.55,1.323333333,0,0,10876.25,10876.25,0,0,29,0.03475689888
30,0,10055,15820,-821.25,4943.75,-0.1539362699,0.9266635426,5765,1.080599813,0.171875,18.828125,7,27.88,0,0,10876.25,10876.25,0,0,30,0.0358300209
31,0,10480,9630,-396.25,-1246.25,-0.07427366448,-0.2335988754,-850,-0.1593252109,0.265625,0.265625,0.6,1.653333333,0,0,10876.25,10876.25,0,0,31,0.03666949272
32,0,10230,14775,-646.25,3898.75,-0.1211340206,0.730787254,4545,0.8519212746,0.1875,10.8125,6,15.92,0,0,10876.25,10876.25,0,0,32,0.03757095337
33,0,10432,9680,-444.25,-1196.25,-0.08327085286,-0.2242268041,-752,-0.1409559513,1.05,1.05,0.55,1.343333333,0,0,10876.25,10876.25,0,0,33,0.03841114044
34,0,10230,18335,-646.25,7458.75,-0.1211340206,1.398078725,8105,1.519212746,0.171875,26.828125,7,34.88,0,0,10876.25,10876.25,0,0,34,0.03928971291
35,0,10425,9575,-451.25,-1301.25,-0.08458294283,-0.2439081537,-850,-0.1593252109,0.265625,0.265625,0.6,1.613333333,0,0,10876.25,10876.25,0,0,35,0.04016113281
36,0,10175,14750,-701.25,3873.75,-0.131443299,0.7261012184,4575,0.8575445173,0.1875,12.8125,7,19.92,0,0,10876.25,10876.25,0,0,36,0.0410592556
37,0,10420,9680,-456.25,-1196.25,-0.08552014995,-0.2242268041,-740,-0.1387066542,1.05,1.05,0.55,1.29,0,0,10876.25,10876.25,0,0,37,0.04192638397
38,0,10230,15025,-646.25,4148.75,-0.1211340206,0.7776476101,4795,0.8987816307,0.171875,11.828125,7,17.88,0,0,10876.25,10876.25,0,0,38,0.04286003113
39,0,10420,9630,-456.25,-1246.25,-0.08552014995,-0.2335988754,-790,-0.1480787254,1.065625,1.065625,0.6,1.546666667,0,0,10876.25,10876.25,0,0,39,0.04369235039
40,0,10230,18130,-646.25,7253.75,-0.1211340206,1.359653233,7900,1.480787254,0.1875,23.8125,7,33.92,0,0,10876.25,10876.25,0,0,40,0.04463911057
41,0,10425,9625,-451.25,-1251.25,-0.08458294283,-0.2345360825,-800,-0.1499531396,0.25,0.25,0.55,1.323333333,0,0,10876.25,10876.25,0,0,41,0.04546451569
42,0,10175,14960,-701.25,4083.75,-0.131443299,0.7654639175,4785,0.8969072165,0.171875,13.828125,7,21.88,0,0,10876.25,10876.25,0,0,42,0.04631090164
43,0,10305,9455,-571.25,-1421.25,-0.1070759138,-0.2664011246,-850,-0.1593252109,0.265625,0.265625,0.6,1.613333333,0,0,10876.25,10876.25,0,0,43,0.0471432209
44,0,10055,14750,-821.25,3873.75,-0.1539362699,0.7261012184,4695,0.8800374883,0.1875,12.8125,7,19.92,0,0,10876.25,10876.25,0,0,44,0.0480298996
45,0,10480,21525,-396.25,10648.75,-0.07427366448,1.99601687,11045,2.070290534,0.25,36.25,4,52,0,0,10876.25,10876.25,0,0,45,0.04890656471
46,0,10712.5,9310,-163.75,-1566.25,-0.03069353327,-0.2935801312,-1402.5,-0.2628865979,0.5484375,0.5484375,0.2571428571,0.9143650794,0,0,10876.25,10876.25,0,0,46,0.05022358894
47,0,10710,25975,-166.25,15098.75,-0.03116213683,2.830131209,15265,2.861293346,0.15625,19.84375,7,28.48,0,0,10876.25,10876.25,0,0,47,0.05139327049
48,0,10876.25,9160,0,-1716.25,0,-0.3216963449,-1716.25,-0.3216963449,1.613694853,1.613694853,0.16,0.6076190476,0,0,10876.25,10876.25,0,0,48,0.0523879528
49,0,9860,24305,-1016.25,13428.75,-0.1904873477,2.51710403,14445,2.707591378,0.09375,10.90625,7,19.52,0,0,10876.25,10876.25,0,0,49,0.05334496498
50,0,10876.25,9210,0,-1666.25,0,-0.3123242737,-1666.25,-0.3123242737,0.340234375,0.340234375,0.16,0.5576190476,0,0,10876.25,10876.25,0,0,50,0.0542345047
51,0,9860,25175,-1016.25,14298.75,-0.1904873477,2.680178069,15315,2.870665417,0.078125,17.921875,7,24.48,0,0,10876.25,10876.25,0,0,51,0.05509924889
52,0,10876.25,23220,0,12343.75,0,2.313730084,12343.75,2.313730084,2.06540625,36.97815625,4,51.88,0,0,10876.25,10876.25,0,0,52,0.05604314804
53,0,10876.25,10490,0,-386.25,0,-0.07239925023,-386.25,-0.07239925023,0.931640625,0.931640625,0.1,0.1,0,0,10876.25,10876.25,0,0,53,0.05725669861
54,0,10590,16035,-286.25,5158.75,-0.05365510778,0.9669634489,5445,1.020618557,0.03125,9.96875,7,17.92,0,0,10876.25,10876.25,0,0,54,0.05845522881
55,0,10876.25,10540,0,-336.25,0,-0.06302717901,-336.25,-0.06302717901,0.105078125,0.105078125,0.05,0.05,0,0,10876.25,10876.25,0,0,55,0.05927300453
56,0,10590,19655,-286.25,8778.75,-0.05365510778,1.645501406,9065,1.699156514,0.015625,27.984375,7,38.88,0,0,10876.25,10876.25,0,0,56,0.06012105942
57,0,10876.25,10550,0,-326.25,0,-0.06115276476,-326.25,-0.06115276476,1.319497863,1.319497863,0.28,0.6922222222,0,0,10876.25,10876.25,0,0,57,0.06139087677
58,0,10876.25,14735,0,3858.75,0,0.723289597,3858.75,0.723289597,0.1291666667,14.87083333,7,19.06666667,0,0,10876.25,10876.25,0,0,58,0.06248641014
59,0,10565,9465,-311.25,-1411.25,-0.05834114339,-0.2645267104,-1100,-0.206185567,0.28125,0.28125,0.3666666667,2.016904762,0,0,10876.25,10876.25,0,0,59,0.06348156929
60,0,10565,25610,-311.25,14733.75,-0.05834114339,2.761715089,15045,2.820056232,0.28125,18.71875,7,26.56,0,0,10876.25,10876.25,0,0,60,0.06444072723
61,0,10876.25,8570,0,-2306.25,0,-0.4322867854,-2306.25,-0.4322867854,4.96728125,4.96728125,1,7.839603175,0,0,10876.25,10876.25,0,0,61,0.06538844109
62,0,10690,9290,-186.25,-1586.25,-0.03491096532,-0.2973289597,-1400,-0.2624179944,0.21875,0.21875,0.28,1.676111111,0,0,10876.25,10876.25,0,0,62,0.06638240814
63,0,10690,25855,-186.25,14978.75,-0.03491096532,2.807638238,15165,2.842549203,0.21875,19.78125,7,28.6,0,0,10876.25,10876.25,0,0,63,0.06722521782
64,0,10876.25,9465,0,-1411.25,0,-0.2645267104,-1411.25,-0.2645267104,2.31215625,2.31215625,0.24,0.8399206349,0,0,10876.25,10876.25,0,0,64,0.06827306747
65,0,10065,28140,-811.25,17263.75,-0.1520618557,3.235941893,18075,3.388003749,0.125,25.875,7,36.56,0,0,10876.25,10876.25,0,0,65,0.06925296783
66,0,10876.25,9555,0,-1321.25,0,-0.2476569822,-1321.25,-0.2476569822,0.3147135417,0.3147135417,0.4,2.236031746,0,0,10876.25,10876.25,0,0,66,0.07021737099
67,0,10705,25520,-171.25,14643.75,-0.03209934396,2.744845361,14815,2.776944705,0.296875,18.703125,7,27.6,0,0,10876.25,10876.25,0,0,67,0.07109427452
68,0,10876.25,22450,0,11573.75,0,2.169400187,11573.75,2.169400187,2.31215625,32.82415625,5,47.18714286,0,0,10876.25,10876.25,0,0,68,0.07207298279
69,0,10876.25,8530,0,-2346.25,0,-0.4397844424,-2346.25,-0.4397844424,1.489453125,1.489453125,1,3.474285714,0,0,10876.25,10876.25,0,0,69,0.07321166992
70,0,10390,8640,-486.25,-2236.25,-0.09114339269,-0.4191658857,-1750,-0.328022493,0.328125,0.328125,0.3111111111,2.274285714,0,0,10876.25,10876.25,0,0,70,0.0742483139
71,0,10390,26045,-486.25,15168.75,-0.09114339269,2.843252109,15655,2.934395501,0.328125,23.671875,7,34.64,0,0,10876.25,10876.25,0,0,71,0.07502055168
72,0,10876.25,8470,0,-2406.25,0,-0.4510309278,-2406.25,-0.4510309278,3.411221591,3.411221591,0.5555555556,3.401349206,0,0,10876.25,10876.25,0,0,72,0.07613348961
73,0,10391.11111,22420,-485.1388889,11543.75,-0.09093512444,2.163776945,12028.88889,2.254712069,2.583333333,26.41666667,4,14.74,0,0,10876.25,10876.25,0,0,73,0.07763886452
74,0,10876.25,7660,0,-3216.25,0,-0.6028584817,-3216.25,-0.6028584817,0.61875,0.61875,0.7,5.037380952,0,0,10876.25,10876.25,0,0,74,0.07933950424
75,0,10810,23525,-66.25,12648.75,-0.01241799438,2.370899719,12715,2.383317713,0.453125,17.546875,7,24.56,0,0,10876.25,10876.25,0,0,75,0.08042669296
76,0,10876.25,7710,0,-3166.25,0,-0.5934864105,-3166.25,-0.5934864105,1.99803125,1.99803125,0.7,5.037380952,0,0,10876.25,10876.25,0,0,76,0.0814204216
77,0,10860,25025,-16.25,14148.75,-0.003045923149,2.652061856,14165,2.655107779,0.453125,22.546875,7,33.56,0,0,10876.25,10876.25,0,0,77,0.08238434792
78,0,10876.25,20005,0,9128.75,0,1.711105904,9128.75,1.711105904,1.68428125,39.50828125,4,46.76,0,0,10876.25,10876.25,0,0,78,0.08351349831
79,0,10876.25,9195,0,-1681.25,0,-0.315135895,-1681.25,-0.315135895,0.8617788462,0.8617788462,0.2333333333,1.263333333,0,0,10876.25,10876.25,0,0,79,0.08494091034
80,0,10645,24860,-231.25,13983.75,-0.04334582943,2.621134021,14215,2.66447985,0.234375,16.765625,7,22.72,0,0,10876.25,10876.25,0,0,80,0.08627986908
81,0,10876.25,9270,0,-1606.25,0,-0.3010777882,-1606.25,-0.3010777882,1.09443772,1.09443772,0.2,1.096666667,0,0,10876.25,10876.25,0,0,81,0.08736896515
82,0,10720,28155,-156.25,17278.75,-0.02928772259,3.238753515,17435,3.268041237,0.234375,28.765625,7,37.72,0,0,10876.25,10876.25,0,0,82,0.08839058876
83,0,10876.25,9255,0,-1621.25,0,-0.3038894096,-1621.25,-0.3038894096,0.287890625,0.287890625,0.2333333333,1.036666667,0,0,10876.25,10876.25,0,0,83,0.0894382
84,0,10305,20400,-571.25,9523.75,-0.1070759138,1.785145267,10095,1.892221181,0.109375,9.890625,5,14.68,0,0,10876.25,10876.25,0,0,84,0.09050917625
85,0,10876.25,9205,0,-1671.25,0,-0.3132614808,-1671.25,-0.3132614808,0.9643329327,0.9643329327,0.3428571429,1.448968254,0,0,10876.25,10876.25,0,0,85,0.09137630463
86,0,10876.25,23115,0,12238.75,0,2.294048735,12238.75,2.294048735,0.5520713876,26.44792861,7,30.98666667,0,0,10876.25,10876.25,0,0,86,0.09254145622
87,0,10876.25,8985,0,-1891.25,0,-0.3544985942,-1891.25,-0.3544985942,1.965885417,1.965885417,0.52,2.685396825,0,0,10876.25,10876.25,0,0,87,0.09418487549
88,0,10390.83333,25630,-485.4166667,14753.75,-0.0909871915,2.765463918,15239.16667,2.856451109,1.390625,12.609375,4,13.04,0,0,10876.25,10876.25,0,0,88,0.09538626671
89,0,10876.25,8670,0,-2206.25,0,-0.4135426429,-2206.25,-0.4135426429,0.626953125,0.626953125,0.3142857143,1.493174603,0,0,10876.25,10876.25,0,0,89,0.09659314156
90,0,9670,27360,-1206.25,16483.75,-0.2261012184,3.089737582,17690,3.3158388,0.25,17.75,7,26.08,0,0,10876.25,10876.25,0,0,90,0.09745025635
91,0,10876.25,8595,0,-2281.25,0,-0.4276007498,-2281.25,-0.4276007498,0.650390625,0.650390625,0.3142857143,1.466507937,0,0,10876.25,10876.25,0,0,91,0.09838271141
92,0,9445,27270,-1431.25,16393.75,-0.2682755389,3.072867854,17825,3.341143393,0.203125,25.796875,7,36.4,0,0,10876.25,10876.25,0,0,92,0.09935760498
93,0,10876.25,20710,0,9833.75,0,1.843252109,9833.75,1.843252109,1.348177083,37.34817708,3,50.28,0,0,10876.25,10876.25,0,0,93,0.1003985405
94,0,10605,10205,-271.25,-671.25,-0.05084348641,-0.1258200562,-400,-0.07497656982,0.328125,0.328125,0.4,1.312380952,0,0,10876.25,10876.25,0,0,94,0.1018228531
95,0,10605,25395,-271.25,14518.75,-0.05084348641,2.721415183,14790,2.772258669,0.328125,20.671875,7,29.64,0,0,10876.25,10876.25,0,0,95,0.1028704643
96,0,10876.25,8655,0,-2221.25,0,-0.4163542643,-2221.25,-0.4163542643,1.966796875,1.966796875,0.4,1.035555556,0,0,10876.25,10876.25,0,0,96,0.1038620472
97,0,9455,24100,-1421.25,13223.75,-0.2664011246,2.478678538,14645,2.745079663,0.125,11.875,8,21.16,0,0,10876.25,10876.25,0,0,97,0.1048705578
98,0,10876.25,8605,0,-2271.25,0,-0.4257263355,-2271.25,-0.4257263355,0.4970052083,0.4970052083,0.4,1.057777778,0,0,10876.25,10876.25,0,0,98,0.1056802273
99,0,9455,24050,-1421.25,13173.75,-0.2664011246,2.469306467,14595,2.735707591,0.140625,13.859375,7,21.2,0,0,10876.25,10876.25,0,0,99,0.1065254211
100,0,10876.25,20855,0,9978.75,0,1.870431115,9978.75,1.870431115,0.4813802083,36.48138021,3.36,40.36,0,0,10876.25,10876.25,0,0,100,0.1074874401
101,0,9790,6860,-1086.25,-4016.25,-0.2036082474,-0.7528116214,-2930,-0.5492033739,7.4375,7.4375,1,13.91174603,0,0,10876.25,10876.25,0,0,101,0.1088027954
102,0,9407,8545,-1469.25,-2331.25,-0.275398313,-0.436972821,-862,-0.161574508,2.878125,2.878125,1,4.672619048,0,0,10876.25,10876.25,0,0,102,0.1101062298
103,0,9650,26920,-1226.25,16043.75,-0.2298500469,3.007263355,17270,3.237113402,2.1015625,22.8984375,8,36.12,0,0,10876.25,10876.25,0,0,103,0.1111459732
104,0,10876.25,8780,0,-2096.25,0,-0.3929240862,-2096.25,-0.3929240862,3.408561564,3.408561564,1,1.945634921,0,0,10876.25,10876.25,0,0,104,0.1122357845
105,0,10530,26405,-346.25,15528.75,-0.06490159325,2.910731022,15875,2.975632615,0.234375,23.765625,7,34.16,0,0,10876.25,10876.25,0,0,105,0.1132273674
106,0,10876.25,8955,0,-1921.25,0,-0.3601218369,-1921.25,-0.3601218369,0.63353125,0.63353125,0.8,1.788174603,0,0,10876.25,10876.25,0,0,106,0.1142919064
107,0,10155,25530,-721.25,14653.75,-0.1351921275,2.746719775,15375,2.881911903,0.21875,23.78125,7,35.12,0,0,10876.25,10876.25,0,0,107,0.1153352261
108,0,10876.25,8905,0,-1971.25,0,-0.3694939082,-1971.25,-0.3694939082,0.459765625,0.459765625,1,1.3,0,0,10876.25,10876.25,0,0,108,0.1163072586
109,0,9905,28030,-971.25,17153.75,-0.1820524836,3.215323336,18125,3.39737582,0.15625,26.84375,7,37.16,0,0,10876.25,10876.25,0,0,109,0.1173932552
110,0,10876.25,37975,0,27098.75,0,5.079428304,27098.75,5.079428304,0.63353125,45.73446875,5,64.72,0,0,10876.25,10876.25,0,0,110,0.1184456348
111,0,10876.25,9690,0,-1186.25,0,-0.2223523899,-1186.25,-0.2223523899,2.123828125,2.123828125,1,1.321587302,0,0,10876.25,10876.25,0,0,111,0.1198046207
112,0,9940,9840,-936.25,-1036.25,-0.1754920337,-0.1942361762,-100,-0.01874414246,0.03125,0.03125,0.08,0.1815873016,0,0,10876.25,10876.25,0,0,112,0.1209466457
113,0,9940,15010,-936.25,4133.75,-0.1754920337,0.7748359888,5070,0.9503280225,0.03125,12.96875,7,17.08,0,0,10876.25,10876.25,0,0,113,0.1217663288
114,0,10390,9790,-486.25,-1086.25,-0.09114339269,-0.2036082474,-600,-0.1124648547,0.1875,0.1875,0.08,0.08,0,0,10876.25,10876.25,0,0,114,0.1226539612
115,0,9890,19075,-986.25,8198.75,-0.184864105,1.53678538,9185,1.721649485,0.03125,27.96875,7,36.08,0,0,10876.25,10876.25,0,0,115,0.1235356331
116,0,10375,9775,-501.25,-1101.25,-0.09395501406,-0.2064198688,-600,-0.1124648547,0.1875,0.1875,0.08,0.08,0,0,10876.25,10876.25,0,0,116,0.124376297
117,0,9875,14920,-1001.25,4043.75,-0.1876757263,0.7579662605,5045,0.9456419869,0.03125,10.96875,6,16.08,0,0,10876.25,10876.25,0,0,117,0.1253039837
118,0,10401,9785,-475.25,-1091.25,-0.08908153702,-0.2045454545,-616,-0.1154639175,1.7875,1.7875,0.08,0.12,0,0,10876.25,10876.25,0,0,118,0.1261031628
119,0,10185,25510,-691.25,14633.75,-0.1295688847,2.742970947,15325,2.872539831,0.0625,16.9375,7,23.96,0,0,10876.25,10876.25,0,0,119,0.1270301342
120,0,10876.25,9740,0,-1136.25,0,-0.2129803187,-1136.25,-0.2129803187,0.243359375,0.243359375,0.08,0.08,0,0,10876.25,10876.25,0,0,120,0.1279377937
121,0,9840,17280,-1036.25,6403.75,-0.1942361762,1.200328022,7440,1.394564199,0.03125,21.96875,7,30.08,0,0,10876.25,10876.25,0,0,121,0.1288554668
122,0,10401,23555,-475.25,12678.75,-0.08908153702,2.376522962,13154,2.465604499,1.7875,44.9875,5,50.28,0,0,10876.25,10876.25,0,0,122,0.1298384666
123,0,10876.25,8890,0,-1986.25,0,-0.3723055295,-1986.25,-0.3723055295,3.016863987,3.016863987,1,2.047222222,0,0,10876.25,10876.25,0,0,123,0.1311590672
124,0,10390,23445,-486.25,12568.75,-0.09114339269,2.355904405,13055,2.447047798,0.15625,25.84375,7,32.56,0,0,10876.25,10876.25,0,0,124,0.1323618889
125,0,10876.25,8815,0,-2061.25,0,-0.3863636364,-2061.25,-0.3863636364,2.664274796,2.664274796,1,2.692857143,0,0,10876.25,10876.25,0,0,125,0.133389473
126,0,10876.25,23510,0,12633.75,0,2.368088097,12633.75,2.368088097,0.4703125,29.5296875,7,35.56,0,0,10876.25,10876.25,0,0,126,0.1343705654
127,0,10876.25,8090,0,-2786.25,0,-0.5222586692,-2786.25,-0.5222586692,2.697942708,2.697942708,1,2.047222222,0,0,10876.25,10876.25,0,0,127,0.1353261471
128,0,9590,22535,-1286.25,11658.75,-0.2410965323,2.185332709,12945,2.426429241,0.15625,27.84375,7,34.72666667,0,0,10876.25,10876.25,0,0,128,0.1363089085
129,0,10876.25,7955,0,-2921.25,0,-0.5475632615,-2921.25,-0.5475632615,0.4084635417,0.4084635417,1,3.270238095,0,0,10876.25,10876.25,0,0,129,0.1372609138
130,0,10705,25535,-171.25,14658.75,-0.03209934396,2.747656982,14830,2.779756326,0.390625,24.609375,7,33.28,0,0,10876.25,10876.25,0,0,130,0.138210535
131,0,10876.25,8030,0,-2846.25,0,-0.5335051546,-2846.25,-0.5335051546,0.515234375,0.515234375,1,2.315793651,0,0,10876.25,10876.25,0,0,131,0.1390516758
132,0,9830,24875,-1046.25,13998.75,-0.1961105904,2.623945642,15045,2.820056232,0.25,18.75,7,30.32,0,0,10876.25,10876.25,0,0,132,0.1399540901
133,0,10876.25,8020,0,-2856.25,0,-0.5353795689,-2856.25,-0.5353795689,0.505859375,0.505859375,1,2.047222222,0,0,10876.25,10876.25,0,0,133,0.1408302784
134,0,9520,19950,-1356.25,9073.75,-0.2542174321,1.700796626,10430,1.955014058,0.15625,13.84375,7,18.6,0,0,10876.25,10876.25,0,0,134,0.1417925358
135,0,10876.25,7970,0,-2906.25,0,-0.5447516401,-2906.25,-0.5447516401,0.3131510417,0.3131510417,1,2.087222222,0,0,10876.25,10876.25,0,0,135,0.1427166462
136,0,9520,25020,-1356.25,14143.75,-0.2542174321,2.651124649,15500,2.905342081,0.171875,24.828125,7,32.32,0,0,10876.25,10876.25,0,0,136,0.1436991692
137,0,10876.25,8015,0,-2861.25,0,-0.536316776,-2861.25,-0.536316776,0.425390625,0.425390625,1,2.692857143,0,0,10876.25,10876.25,0,0,137,0.1447143555
138,0,10265,21335,-611.25,10458.75,-0.1145735708,1.960402999,11070,2.07497657,0.234375,15.765625,7,24.6,0,0,10876.25,10876.25,0,0,138,0.1456716061
139,0,10876.25,7845,0,-3031.25,0,-0.5681818182,-3031.25,-0.5681818182,0.326171875,0.326171875,1,2.732857143,0,0,10876.25,10876.25,0,0,139,0.146553278
140,0,10145,25645,-731.25,14768.75,-0.1370665417,2.768275539,15500,2.905342081,0.25,24.75,7,33.32,0,0,10876.25,10876.25,0,0,140,0.1474876404
141,0,10876.25,8140,0,-2736.25,0,-0.5128865979,-2736.25,-0.5128865979,0.493359375,0.493359375,1,2.047222222,0,0,10876.25,10876.25,0,0,141,0.1483435631
142,0,9640,20710,-1236.25,9833.75,-0.2317244611,1.843252109,11070,2.07497657,0.15625,16.84375,7,24.6,0,0,10876.25,10876.25,0,0,142,0.149251461
143,0,10876.25,20225,0,9348.75,0,1.752343018,9348.75,1.752343018,0.3131510417,40.31315104,4,51.48,0,0,10876.25,10876.25,0,0,143,0.1501939297
144,0,10093,9940,-783.25,-936.25,-0.1468134958,-0.1754920337,-153,-0.02867853796,2.253125,2.253125,1,2.115,0,0,10876.25,10876.25,0,0,144,0.1514925957
145,0,10240,26590,-636.25,15713.75,-0.1192596064,2.945407685,16350,3.064667291,0.5,26.5,7,38.37333333,0,0,10876.25,10876.25,0,0,145,0.1526792049
146,0,10876.25,8285,0,-2591.25,0,-0.4857075914,-2591.25,-0.4857075914,0.6240885417,0.6240885417,1,4.324126984,0,0,10876.25,10876.25,0,0,146,0.1536529064
147,0,9835,25580,-1041.25,14703.75,-0.1951733833,2.756091846,15745,2.95126523,0.328125,22.671875,7,33.32,0,0,10876.25,10876.25,0,0,147,0.1546177864
148,0,10876.25,8115,0,-2761.25,0,-0.5175726336,-2761.25,-0.5175726336,1.694088542,1.694088542,1,4.430634921,0,0,10876.25,10876.25,0,0,148,0.1555714607
149,0,9765,28940,-1111.25,18063.75,-0.208294283,3.385895033,19175,3.594189316,0.359375,24.640625,7,34.12,0,0,10876.25,10876.25,0,0,149,0.1565670967
150,0,10876.25,8185,0,-2691.25,0,-0.5044517338,-2691.25,-0.5044517338,0.684765625,0.684765625,1,4.752301587,0,0,10876.25,10876.25,0,0,150,0.1574933529
151,0,9735,26145,-1141.25,15268.75,-0.2139175258,2.861996251,16410,3.075913777,0.328125,24.671875,7,33.32,0,0,10876.25,10876.25,0,0,151,0.1584825516
152,0,10876.25,18845,0,7968.75,0,1.493673852,7968.75,1.493673852,1.694088542,38.49408854,3,52.06666667,0,0,10876.25,10876.25,0,0,152,0.1594262123
153,0,10565,8965,-311.25,-1911.25,-0.05834114339,-0.3582474227,-1600,-0.2999062793,0.3125,0.3125,0.9333333333,4.408095238,0,0,10876.25,10876.25,0,0,153,0.160545826
154,0,10565,23610,-311.25,12733.75,-0.05834114339,2.38683224,13045,2.445173383,0.3125,10.6875,5,15.28,0,0,10876.25,10876.25,0,0,154,0.1615655422
155,0,10876.25,8915,0,-1961.25,0,-0.3676194939,-1961.25,-0.3676194939,1.66878125,1.66878125,1,4.864761905,0,0,10876.25,10876.25,0,0,155,0.1624808311
156,0,10565,23260,-311.25,12383.75,-0.05834114339,2.321227741,12695,2.379568885,0.328125,9.671875,4,13.32,0,0,10876.25,10876.25,0,0,156,0.1634287834
157,0,10876.25,27265,0,16388.75,0,3.071930647,16388.75,3.071930647,1.65315625,43.09115625,4,61.28,0,0,10876.25,10876.25,0,0,157,0.1643810272
158,0,10876.25,9015,0,-1861.25,0,-0.3488753515,-1861.25,-0.3488753515,2.15625,2.15625,1,2.928968254,0,0,10876.25,10876.25,0,0,158,0.1657106876
159,0,9765,21535,-1111.25,10658.75,-0.208294283,1.997891284,11770,2.206185567,0.078125,12.921875,7,19.56,0,0,10876.25,10876.25,0,0,159,0.1669108868
160,0,10876.25,8940,0,-1936.25,0,-0.3629334583,-1936.25,-0.3629334583,0.2016927083,0.2016927083,1,3.574603175,0,0,10876.25,10876.25,0,0,160,0.1678175926
161,0,10440,23440,-436.25,12563.75,-0.08177132146,2.354967198,13000,2.436738519,0.15625,23.84375,7,31.56,0,0,10876.25,10876.25,0,0,161,0.1687209606
162,0,10876.25,8910,0,-1966.25,0,-0.368556701,-1966.25,-0.368556701,1.296300828,1.296300828,1,4.053571429,0,0,10876.25,10876.25,0,0,162,0.16968894
163,0,10876.25,8510,0,-2366.25,0,-0.4435332709,-2366.25,-0.4435332709,0.7125,0.7125,1,4.053571429,0,0,10876.25,10876.25,0,0,163,0.1707191467
164,0,10760,24705,-116.25,13828.75,-0.0217900656,2.5920806,13945,2.613870665,0.234375,27.765625,7,35.56,0,0,10876.25,10876.25,0,0,164,0.1716737747
165,0,10876.25,8765,0,-2111.25,0,-0.3957357076,-2111.25,-0.3957357076,0.219921875,0.219921875,1,3.407936508,0,0,10876.25,10876.25,0,0,165,0.1725478172
166,0,10265,20610,-611.25,9733.75,-0.1145735708,1.824507966,10345,1.939081537,0.15625,10.84375,6,15.56,0,0,10876.25,10876.25,0,0,166,0.173456192
167,0,10876.25,8715,0,-2161.25,0,-0.4051077788,-2161.25,-0.4051077788,0.2251302083,0.2251302083,1,3.407936508,0,0,10876.25,10876.25,0,0,167,0.1742942333
168,0,10215,20260,-661.25,9383.75,-0.123945642,1.758903468,10045,1.88284911,0.15625,9.84375,5,13.56,0,0,10876.25,10876.25,0,0,168,0.1751909256
169,0,10876.25,30500,0,19623.75,0,3.678303655,19623.75,3.678303655,0.219921875,42.78007813,4,51.84,0,0,10876.25,10876.25,0,0,169,0.176050663
170,0,10876.25,9820,0,-1056.25,0,-0.1979850047,-1056.25,-0.1979850047,0.9894844409,0.9894844409,0.8,3.51968254,0,0,10876.25,10876.25,0,0,170,0.1773033142
171,0,10770,22435,-106.25,11558.75,-0.01991565136,2.166588566,11665,2.186504217,0.4375,21.5625,7,31.64,0,0,10876.25,10876.25,0,0,171,0.1785502434
172,0,10876.25,8845,0,-2031.25,0,-0.3807403936,-2031.25,-0.3807403936,0.2115885417,0.2115885417,0.8,3.96531746,0,0,10876.25,10876.25,0,0,172,0.1794817448
173,0,10795,24045,-81.25,13168.75,-0.01522961575,2.46836926,13250,2.483598875,0.203125,22.796875,8,33.64,0,0,10876.25,10876.25,0,0,173,0.1805107594
174,0,10876.25,9015,0,-1861.25,0,-0.3488753515,-1861.25,-0.3488753515,0.76003125,0.76003125,0.8,3.96531746,0,0,10876.25,10876.25,0,0,174,0.1814103127
175,0,10876.25,24310,0,13433.75,0,2.518041237,13433.75,2.518041237,0.3140625,28.6859375,7,38.42666667,0,0,10876.25,10876.25,0,0,175,0.1823058128
176,0,10876.25,8105,0,-2771.25,0,-0.5194470478,-2771.25,-0.5194470478,0.4240885417,0.4240885417,0.8666666667,7.418650794,0,0,10876.25,10876.25,0,0,176,0.1831488609
177,0,10705,24250,-171.25,13373.75,-0.03209934396,2.506794752,13545,2.538894096,0.40625,17.59375,7,24.32,0,0,10876.25,10876.25,0,0,177,0.1840016842
178,0,10876.25,8220,0,-2656.25,0,-0.497891284,-2656.25,-0.497891284,0.505859375,0.505859375,0.8,6.283015873,0,0,10876.25,10876.25,0,0,178,0.1849358082
179,0,10020,23015,-856.25,12138.75,-0.1604967198,2.275304592,12995,2.435801312,0.3125,13.6875,7,21.28,0,0,10876.25,10876.25,0,0,179,0.1859166622
180,0,10876.25,8045,0,-2831.25,0,-0.5306935333,-2831.25,-0.5306935333,2.24890625,2.24890625,0.8666666667,7.151984127,0,0,10876.25,10876.25,0,0,180,0.1867778301
181,0,10645,25560,-231.25,14683.75,-0.04334582943,2.752343018,14915,2.795688847,0.40625,22.59375,7,34.32,0,0,10876.25,10876.25,0,0,181,0.1877198219
182,0,10876.25,8340,0,-2536.25,0,-0.475398313,-2536.25,-0.475398313,0.493359375,0.493359375,0.8,6.524603175,0,0,10876.25,10876.25,0,0,182,0.1887359619
183,0,10140,24135,-736.25,13258.75,-0.1380037488,2.485238988,13995,2.623242737,0.3125,19.6875,7,29.28,0,0,10876.25,10876.25,0,0,183,0.1896619797
184,0,10876.25,16330,0,5453.75,0,1.022258669,5453.75,1.022258669,3.379321073,40.52533877,4,49.76666667,0,0,10876.25,10876.25,0,0,184,0.1906843185
185,0,9210,8770,-1666.25,-2106.25,-0.3123242737,-0.3947985005,-440,-0.0824742268,1.725,1.725,0.8,1.911587302,0,0,10876.25,10876.25,0,0,185,0.1919739246
186,0,9470,24095,-1406.25,13218.75,-0.2635895033,2.477741331,14625,2.741330834,0.15625,12.84375,7,19.36,0,0,10876.25,10876.25,0,0,186,0.1930863857
187,0,10876.25,8760,0,-2116.25,0,-0.3966729147,-2116.25,-0.3966729147,2.847109375,2.847109375,0.7,1.857301587,0,0,10876.25,10876.25,0,0,187,0.1940190792
188,0,9810,26990,-1066.25,16113.75,-0.1998594189,3.020384255,17180,3.220243674,0.265625,14.734375,7,20.36,0,0,10876.25,10876.25,0,0,188,0.1950173378
189,0,10876.25,8710,0,-2166.25,0,-0.4060449859,-2166.25,-0.4060449859,0.6006510417,0.6006510417,0.8,2.263968254,0,0,10876.25,10876.25,0,0,189,0.196028471
190,0,9810,31470,-1066.25,20593.75,-0.1998594189,3.860121837,21660,4.059981256,0.28125,29.71875,7,40.4,0,0,10876.25,10876.25,0,0,190,0.197009325
191,0,10876.25,8940,0,-1936.25,0,-0.3629334583,-1936.25,-0.3629334583,1.229385265,1.229385265,0.7,1.504920635,0,0,10876.25,10876.25,0,0,191,0.1979837418
192,0,9590,24105,-1286.25,13228.75,-0.2410965323,2.479615745,14515,2.720712277,0.140625,14.859375,7,20.32,0,0,10876.25,10876.25,0,0,192,0.1989798546
193,0,10876.25,24630,0,13753.75,0,2.578022493,13753.75,2.578022493,2.862734375,40.94398437,4,56,0,0,10876.25,10876.25,0,0,193,0.1999020576
194,0,10135,9615,-741.25,-1261.25,-0.138940956,-0.2364104967,-520,-0.09746954077,1.81875,1.81875,0,0,1,1,10876.25,10876.25,0,9615,0,0.2012245655
195,0,9615,16390,-1261.25,5513.75,-0.2364104967,1.033505155,6775,1.269915651,0,28,7,35,0,0,10876.25,10876.25,0,9615,1,0.2024302483
196,0,9578,9565,-1298.25,-1311.25,-0.2433458294,-0.2457825679,-13,-0.002436738519,0.8,0.8,0,0,1,1,10876.25,10876.25,0,9565,0,0.2033519745
197,0,9565,14585,-1311.25,3708.75,-0.2457825679,0.6951733833,5020,0.9409559513,0,21,7,30,0,0,10876.25,10876.25,0,9565,1,0.2042741776
198,0,9748,9740,-1128.25,-1136.25,-0.2114807873,-0.2129803187,-8,-0.001499531396,0.8,0.8,0,0,1,0,10876.25,10876.25,0,9565,2,0.2051837444
199,0,9740,11110,-1136.25,233.75,-0.2129803187,0.04381443299,1370,0.2567947516,0,10,5,11,0,0,10876.25,10876.25,0,9565,3,0.2061574459
200,0,9548,9630,-1328.25,-1246.25,-0.2489690722,-0.2335988754,82,0.01537019681,2.4,2.4,0.2,0.3523809524,0,0,10876.25,10876.25,0,9565,4,0.2069585323
201,0,10030,15720,-846.25,4843.75,-0.1586223055,0.9079194002,5690,1.066541706,0.125,17.875,7,23.04,0,0,10876.25,10876.25,0,9565,5,0.2078630924
202,0,10325,9675,-551.25,-1201.25,-0.1033270853,-0.2251640112,-650,-0.121836926,0.203125,0.203125,0,0,1,0,10876.25,10876.25,0,9565,6,0.2087204456
203,0,9675,12735,-1201.25,1858.75,-0.2251640112,0.3484067479,3060,0.5735707591,0,15,7,20,0,0,10876.25,10876.25,0,9565,7,0.2095887661
204,0,9548,33745,-1328.25,22868.75,-0.2489690722,4.286551078,24197,4.53552015,2.4,49.8,4,54.12,0,0,10876.25,10876.25,0,9565,8,0.2104818821
205,0,10876.25,9735,0,-1141.25,0,-0.2139175258,-1141.25,-0.2139175258,0.6068293539,0.6068293539,0.5,2.637936508,0,0,10876.25,10876.25,0,9565,9,0.2118508816
206,0,10876.25,22735,0,11858.75,0,2.222820993,11858.75,2.222820993,0.38046875,24.61953125,7,33.36,0,0,10876.25,10876.25,0,9565,10,0.2132673264
207,0,10876.25,7920,0,-2956.25,0,-0.5541237113,-2956.25,-0.5541237113,0.349609375,0.349609375,0.8,3.803571429,0,0,10876.25,10876.25,0,9565,11,0.2142422199
208,0,10370,27135,-506.25,16258.75,-0.09489222118,3.047563261,16765,3.142455483,0.296875,28.703125,7,37.12,0,0,10876.25,10876.25,0,9565,12,0.2152135372
209,0,10876.25,8135,0,-2741.25,0,-0.5138238051,-2741.25,-0.5138238051,0.544140625,0.544140625,1,3.357936508,0,0,10876.25,10876.25,0,9565,13,0.2162003517
210,0,9885,24300,-991.25,13423.75,-0.1858013121,2.516166823,14415,2.701968135,0.234375,18.765625,7,27.16,0,0,10876.25,10876.25,0,9565,14,0.2171278
211,0,10876.25,7960,0,-2916.25,0,-0.5466260544,-2916.25,-0.5466260544,1.575398284,1.575398284,0.8,3.324603175,0,0,10876.25,10876.25,0,9565,15,0.2180857658
212,0,9660,25685,-1216.25,14808.75,-0.2279756326,2.775773196,16025,3.003748828,0.21875,23.78125,7,34.12,0,0,10876.25,10876.25,0,9565,16,0.2191896439
213,0,10876.25,7910,0,-2966.25,0,-0.5559981256,-2966.25,-0.5559981256,1.903635817,1.903635817,1,3.524603175,0,0,10876.25,10876.25,0,9565,17,0.2201266289
214,0,9660,23915,-1216.25,13038.75,-0.2279756326,2.444001874,14255,2.671977507,0.234375,15.765625,7,24.16,0,0,10876.25,10876.25,0,9565,18,0.2211236954
215,0,10876.25,7960,0,-2916.25,0,-0.5466260544,-2916.25,-0.5466260544,1.94228125,1.94228125,0.8,3.324603175,0,0,10876.25,10876.25,0,9565,19,0.2220153809
216,0,9660,22805,-1216.25,11928.75,-0.2279756326,2.235941893,13145,2.463917526,0.21875,11.78125,6,17.12,0,0,10876.25,10876.25,0,9565,20,0.223004818
217,0,10876.25,40425,0,29548.75,0,5.538659794,29548.75,5.538659794,1.95790625,54.89934375,4,60.04,0,0,10876.25,10876.25,0,9565,21,0.2239332199
218,0,10876.25,9825,0,-1051.25,0,-0.1970477976,-1051.25,-0.1970477976,0.6898734177,0.6898734177,0.35,1.500555556,0,0,10876.25,10876.25,0,9565,22,0.2251799107
219,0,10875,22605,-1.25,11728.75,-0.0002343017807,2.198453608,11730,2.19868791,0.109375,13.890625,7,21.88,0,0,10876.25,10876.25,0,9565,23,0.2263059616
220,0,10876.25,9050,0,-1826.25,0,-0.3423149016,-1826.25,-0.3423149016,3.1546875,3.1546875,1,6.146190476,0,0,10876.25,10876.25,0,9565,24,0.2272365093
221,0,10876.25,25375,0,14498.75,0,2.717666354,14498.75,2.717666354,3.1546875,25.8453125,8,38.88,0,0,10876.25,10876.25,0,9565,25,0.2282679081
222,0,10876.25,9010,0,-1866.25,0,-0.3498125586,-1866.25,-0.3498125586,0.2048177083,0.2048177083,0.35,2.20452381,0,0,10876.25,10876.25,0,9565,26,0.2293782234
223,0,10860,27765,-16.25,16888.75,-0.003045923149,3.165651359,16905,3.168697282,0.203125,25.796875,7,36.76,0,0,10876.25,10876.25,0,9565,27,0.2302968502
224,0,10876.25,9025,0,-1851.25,0,-0.3470009372,-1851.25,-0.3470009372,0.359765625,0.359765625,0.35,1.567222222,0,0,10876.25,10876.25,0,9565,28,0.2313098907
225,0,10175,24020,-701.25,13143.75,-0.131443299,2.463683224,13845,2.595126523,0.140625,16.859375,7,23.8,0,0,10876.25,10876.25,0,9565,29,0.2322375774
226,0,10876.25,9015,0,-1861.25,0,-0.3488753515,-1861.25,-0.3488753515,0.43278125,0.43278125,0.35,1.500555556,0,0,10876.25,10876.25,0,9565,30,0.233246088
227,0,10065,20660,-811.25,9783.75,-0.1520618557,1.833880037,10595,1.985941893,0.109375,10.890625,6,15.88,0,0,10876.25,10876.25,0,9565,31,0.2342333794
228,0,10876.25,8840,0,-2036.25,0,-0.3816776007,-2036.25,-0.3816776007,0.212109375,0.212109375,0.35,2.146190476,0,0,10876.25,10876.25,0,9565,32,0.2350885868
229,0,10640,23980,-236.25,13103.75,-0.04428303655,2.456185567,13340,2.500468604,0.1875,20.8125,8,33.88,0,0,10876.25,10876.25,0,9565,33,0.2360126972
230,0,10876.25,8890,0,-1986.25,0,-0.3723055295,-1986.25,-0.3723055295,0.2069010417,0.2069010417,0.35,2.146190476,0,0,10876.25,10876.25,0,9565,34,0.2369811535
231,0,10690,25225,-186.25,14348.75,-0.03491096532,2.689550141,14535,2.724461106,0.1875,27.8125,7,35.88,0,0,10876.25,10876.25,0,9565,35,0.237901926
232,0,10876.25,8995,0,-1881.25,0,-0.3526241799,-1881.25,-0.3526241799,0.1959635417,0.1959635417,0.35,2.346190476,0,0,10876.25,10876.25,0,9565,36,0.2387499809
233,0,10795,21555,-81.25,10678.75,-0.01522961575,2.001640112,10760,2.016869728,0.1875,14.8125,7,20.88,0,0,10876.25,10876.25,0,9565,37,0.2396068573
234,0,10876.25,8905,0,-1971.25,0,-0.3694939082,-1971.25,-0.3694939082,2.029763551,2.029763551,0.35,2.346190476,0,0,10876.25,10876.25,0,9565,38,0.2404770851
235,0,10705,24440,-171.25,13563.75,-0.03209934396,2.542408622,13735,2.574507966,0.1875,26.8125,7,35.88,0,0,10876.25,10876.25,0,9565,39,0.2414886951
236,0,10876.25,9000,0,-1876.25,0,-0.3516869728,-1876.25,-0.3516869728,0.1954427083,0.1954427083,0.35,1.700555556,0,0,10876.25,10876.25,0,9565,40,0.2423622608
237,0,10050,23475,-826.25,12598.75,-0.154873477,2.361527648,13425,2.516401125,0.109375,25.890625,7,32.88,0,0,10876.25,10876.25,0,9565,41,0.2432501316
238,0,10876.25,8785,0,-2091.25,0,-0.3919868791,-2091.25,-0.3919868791,0.2178385417,0.2178385417,0.35,2.346190476,0,0,10876.25,10876.25,0,9565,42,0.2441809177
239,0,10585,23775,-291.25,12898.75,-0.0545923149,2.417760075,13190,2.47235239,0.1875,21.8125,8,34.88,0,0,10876.25,10876.25,0,9565,43,0.2450416088
240,0,10876.25,8675,0,-2201.25,0,-0.4126054358,-2201.25,-0.4126054358,0.229296875,0.229296875,0.35,2.346190476,0,0,10876.25,10876.25,0,9565,44,0.2459027767
241,0,10475,23950,-401.25,13073.75,-0.0752108716,2.450562324,13475,2.525773196,0.1875,24.8125,7,32.88,0,0,10876.25,10876.25,0,9565,45,0.2467324734
242,0,10876.25,9110,0,-1766.25,0,-0.3310684161,-1766.25,-0.3310684161,0.183984375,0.183984375,0.35,1.700555556,0,0,10876.25,10876.25,0,9565,46,0.2475788593
243,0,10160,23615,-716.25,12738.75,-0.1342549203,2.387769447,13455,2.522024367,0.109375,26.890625,7,33.88,0,0,10876.25,10876.25,0,9565,47,0.2484745979
244,0,10876.25,8675,0,-2201.25,0,-0.4126054358,-2201.25,-0.4126054358,0.829296875,0.829296875,0.35,2.412857143,0,0,10876.25,10876.25,0,9565,48,0.2493267059
245,0,10575,24420,-301.25,13543.75,-0.05646672915,2.538659794,13845,2.595126523,0.21875,16.78125,7,23.8,0,0,10876.25,10876.25,0,9565,49,0.2502384186
246,0,10876.25,8825,0,-2051.25,0,-0.3844892221,-2051.25,-0.3844892221,1.331096814,1.331096814,0.35,1.900555556,0,0,10876.25,10876.25,0,9565,50,0.2512841225
247,0,9925,27730,-951.25,16853.75,-0.1783036551,3.159090909,17805,3.337394564,0.125,26.875,7,37.76,0,0,10876.25,10876.25,0,9565,51,0.2523112297
248,0,10876.25,8940,0,-1936.25,0,-0.3629334583,-1936.25,-0.3629334583,0.3787760417,0.3787760417,0.35,1.767222222,0,0,10876.25,10876.25,0,9565,52,0.2532434464
249,0,10090,26615,-786.25,15738.75,-0.1473758201,2.950093721,16525,3.097469541,0.140625,26.859375,7,34.8,0,0,10876.25,10876.25,0,9565,53,0.2541570663
250,0,10876.25,9135,0,-1741.25,0,-0.3263823805,-1741.25,-0.3263823805,0.325390625,0.325390625,0.35,1.533888889,0,0,10876.25,10876.25,0,9565,54,0.2551388741
251,0,10235,27930,-641.25,17053.75,-0.1201968135,3.196579194,17695,3.316776007,0.125,29.875,7,37.76,0,0,10876.25,10876.25,0,9565,55,0.2561438084
252,0,10876.25,23545,0,12668.75,0,2.374648547,12668.75,2.374648547,0.367578125,45.36757813,4,60.44,0,0,10876.25,10876.25,0,9565,56,0.2571253777
253,0,10876.25,9680,0,-1196.25,0,-0.2242268041,-1196.25,-0.2242268041,0.48203125,0.48203125,0.2,1.037222222,0,0,10876.25,10876.25,0,9565,57,0.2584125996
254,0,10580,21545,-296.25,10668.75,-0.05552952202,1.999765698,10965,2.05529522,0.296875,16.703125,7,21.44333333,0,0,10876.25,10876.25,0,9565,58,0.2597138882
255,0,10876.25,8805,0,-2071.25,0,-0.3882380506,-2071.25,-0.3882380506,0.6578125,0.6578125,0.35,2.126190476,0,0,10876.25,10876.25,0,9565,59,0.2607440948
256,0,10876.25,26155,0,15278.75,0,2.863870665,15278.75,2.863870665,0.5835495804,27.41645042,4,23.95555556,0,0,10876.25,10876.25,0,9565,60,0.2621011734
257,0,10876.25,8610,0,-2266.25,0,-0.4247891284,-2266.25,-0.4247891284,1.973958333,1.973958333,0.58,3.968809524,0,0,10876.25,10876.25,0,9565,61,0.2635974884
258,0,10417.5,17355,-458.75,6478.75,-0.08598875351,1.214386129,6937.5,1.300374883,1.5625,20.4375,5,23.68,0,0,10876.25,10876.25,0,9565,62,0.2646353245
259,0,10501.25,8745,-375,-2131.25,-0.07029053421,-0.3994845361,-1756.25,-0.3291940019,1.5625,1.5625,0.48,2.643095238,0,0,10876.25,10876.25,0,9565,63,0.2661519051
260,0,9751.25,20190,-1125,9313.75,-0.2108716026,1.745782568,10438.75,1.956654171,1.328125,27.671875,7,34.68,0,0,10876.25,10876.25,0,9565,64,0.2669975758
261,0,10560,8760,-316.25,-2116.25,-0.05927835052,-0.3966729147,-1800,-0.3373945642,0.5625,0.5625,0.48,2.694365079,0,0,10876.25,10876.25,0,9565,65,0.2681601048
262,0,10060,16755,-816.25,5878.75,-0.1529990628,1.101921275,6695,1.254920337,0.40625,13.59375,7,21.64,0,0,10876.25,10876.25,0,9565,66,0.2690765858
263,0,10560,8710,-316.25,-2166.25,-0.05927835052,-0.4060449859,-1850,-0.3467666354,0.578125,0.578125,0.52,2.912936508,0,0,10876.25,10876.25,0,9565,67,0.2699882984
264,0,10060,18325,-816.25,7448.75,-0.1529990628,1.396204311,8265,1.549203374,0.421875,20.578125,7,31.68,0,0,10876.25,10876.25,0,9565,68,0.2708964348
265,0,10390,8010,-486.25,-2866.25,-0.09114339269,-0.5372539831,-2380,-0.4461105904,2.5625,2.5625,1,7.430793651,0,0,10876.25,10876.25,0,9565,69,0.2718355656
266,0,9640,16640,-1236.25,5763.75,-0.2317244611,1.080365511,7000,1.312089972,2.328125,7.671875,2.08,14.68,0,0,10876.25,10876.25,0,9565,70,0.2728266716
267,0,10360,8560,-516.25,-2316.25,-0.09676663543,-0.4341611996,-1800,-0.3373945642,0.5625,0.5625,0.48,2.694365079,0,0,10876.25,10876.25,0,9565,71,0.2736902237
268,0,9860,17105,-1016.25,6228.75,-0.1904873477,1.167525773,7245,1.358013121,0.40625,13.59375,7,21.64,0,0,10876.25,10876.25,0,9565,72,0.2745738029
269,0,10360,8510,-516.25,-2366.25,-0.09676663543,-0.4435332709,-1850,-0.3467666354,0.578125,0.578125,0.52,2.912936508,0,0,10876.25,10876.25,0,9565,73,0.2753901482
270,0,9860,17655,-1016.25,6778.75,-0.1904873477,1.270618557,7795,1.461105904,0.421875,11.578125,8,21.68,0,0,10876.25,10876.25,0,9565,74,0.2763068676
271,0,10360,40550,-516.25,29673.75,-0.09676663543,5.562089972,30190,5.658856607,0.5625,37.4375,3,46.32,0,0,10876.25,10876.25,0,9565,75,0.2771139145
272,0,10876.25,8410,0,-2466.25,0,-0.4622774133,-2466.25,-0.4622774133,0.72734375,0.72734375,0.84,4.193174603,0,0,10876.25,10876.25,0,9565,76,0.2785522938
273,0,9460,17110,-1416.25,6233.75,-0.2654639175,1.16846298,7650,1.433926898,0.328125,23.671875,7,33.76,0,0,10876.25,10876.25,0,9565,77,0.2796676159
274,0,9532.5,7560,-1343.75,-3316.25,-0.2518744142,-0.6216026242,-1972.5,-0.3697282099,3.3125,3.3125,1,9.365873016,0,0,10876.25,10876.25,0,9565,78,0.2805664539
275,0,9520,8520,-1356.25,-2356.25,-0.2542174321,-0.4416588566,-1000,-0.1874414246,0.3125,0.3125,0.8,3.627380952,0,0,10876.25,10876.25,0,9565,79,0.2814788818
276,0,9520,12815,-1356.25,1938.75,-0.2542174321,0.3634020619,3295,0.6176194939,0.3125,10.6875,6,15.82,0,0,10876.25,10876.25,0,9565,80,0.2822840214
277,0,9520,8470,-1356.25,-2406.25,-0.2542174321,-0.4510309278,-1050,-0.1968134958,0.328125,0.328125,0.84,4.193174603,0,0,10876.25,10876.25,0,9565,81,0.2831077576
278,0,9520,18215,-1356.25,7338.75,-0.2542174321,1.375585754,8695,1.629803187,0.328125,29.671875,7,38.76,0,0,10876.25,10876.25,0,9565,82,0.2839829922
279,0,9862.5,7745,-1013.75,-3131.25,-0.1900187441,-0.5869259606,-2117.5,-0.3969072165,2.3515625,2.3515625,1,8.254761905,0,0,10876.25,10876.25,0,9565,83,0.2849156857
280,0,9862.5,24140,-1013.75,13263.75,-0.1900187441,2.486176195,14277.5,2.676194939,2.3515625,14.6484375,8,23.28,0,0,10876.25,10876.25,0,9565,84,0.2859115601
281,0,10876.25,8345,0,-2531.25,0,-0.4744611059,-2531.25,-0.4744611059,0.482421875,0.482421875,0.84,3.501904762,0,0,10876.25,10876.25,0,9565,85,0.2868981361
282,0,10145,27520,-731.25,16643.75,-0.1370665417,3.11972821,17375,3.256794752,0.40625,27.59375,7,38.32,0,0,10876.25,10876.25,0,9565,86,0.2878377438
283,0,10876.25,8155,0,-2721.25,0,-0.5100749766,-2721.25,-0.5100749766,0.491796875,0.491796875,0.8,3.652777778,0,0,10876.25,10876.25,0,9565,87,0.2889792919
284,0,10655,23700,-221.25,12823.75,-0.04147141518,2.403701968,13045,2.445173383,0.46875,13.53125,7,21.28,0,0,10876.25,10876.25,0,9565,88,0.2899148464
285,0,10876.25,8105,0,-2771.25,0,-0.5194470478,-2771.25,-0.5194470478,0.507421875,0.507421875,0.84,4.171349206,0,0,10876.25,10876.25,0,9565,89,0.291021347
286,0,10655,26920,-221.25,16043.75,-0.04147141518,3.007263355,16265,3.04873477,0.484375,28.515625,7,35.32,0,0,10876.25,10876.25,0,9565,90,0.2919342518
287,0,10876.25,8340,0,-2536.25,0,-0.475398313,-2536.25,-0.475398313,0.4725260417,0.4725260417,0.8,3.602380952,0,0,10876.25,10876.25,0,9565,91,0.2929387093
288,0,10090,26685,-786.25,15808.75,-0.1473758201,2.96321462,16595,3.11059044,0.390625,28.609375,7,35.28,0,0,10876.25,10876.25,0,9565,92,0.293892622
289,0,10876.25,27285,0,16408.75,0,3.075679475,16408.75,3.075679475,0.507421875,45.85117187,4,62.72,0,0,10876.25,10876.25,0,9565,93,0.2949194908
290,0,9835,8770,-1041.25,-2106.25,-0.1951733833,-0.3947985005,-1065,-0.1996251172,1.128125,1.128125,0.84,4.415396825,0,0,10876.25,10876.25,0,9565,94,0.2963814735
291,0,9820,13165,-1056.25,2288.75,-0.1979850047,0.4290065604,3345,0.6269915651,0.328125,9.671875,5,13.76,0,0,10876.25,10876.25,0,9565,95,0.2975227833
292,0,10120,9120,-756.25,-1756.25,-0.1417525773,-0.3291940019,-1000,-0.1874414246,0.3125,0.3125,0.8,4.707539683,0,0,10876.25,10876.25,0,9565,96,0.2983417511
293,0,10120,16035,-756.25,5158.75,-0.1417525773,0.9669634489,5915,1.108716026,0.3125,19.6875,8,33.72,0,0,10876.25,10876.25,0,9565,97,0.2992081642
294,0,9940,8890,-936.25,-1986.25,-0.1754920337,-0.3723055295,-1050,-0.1968134958,0.328125,0.328125,0.84,5.293333333,0,0,10876.25,10876.25,0,9565,98,0.300065279
295,0,9940,13165,-936.25,2288.75,-0.1754920337,0.4290065604,3225,0.6044985942,0.328125,9.671875,5,13.76,0,0,10876.25,10876.25,0,9565,99,0.3009185791
296,0,10120,36595,-756.25,25718.75,-0.1417525773,4.820759138,26475,4.962511715,0.3125,49.3125,4,62.74666667,0,0,10876.25,10876.25,0,9565,100,0.3018004894
297,0,10876.25,11145,0,268.75,0,0.05037488285,268.75,0.05037488285,6.25626216,6.25626216,1,5.607063492,0,0,10876.25,10876.25,0,9565,101,0.3031802177
298,0,10876.25,11445,0,568.75,0,0.1066073102,568.75,0.1066073102,0.8125,0.8125,0.9,2.845555556,0,0,10876.25,10876.25,0,9565,102,0.3046369553
299,0,10876.25,15900,0,5023.75,0,0.9416588566,5023.75,0.9416588566,0.8125,24.1875,7,33.56,0,0,10876.25,10876.25,0,9565,103,0.3054323196
300,0,10876.25,8510,0,-2366.25,0,-0.4435332709,-2366.25,-0.4435332709,0.426953125,0.426953125,1,3.344444444,0,0,10876.25,10876.25,0,9565,104,0.3065755367
301,0,10510,25475,-366.25,14598.75,-0.06865042174,2.736410497,14965,2.805060918,0.3125,20.6875,7,30.36,0,0,10876.25,10876.25,0,9565,105,0.3075988293
302,0,10876.25,8685,0,-2191.25,0,-0.4107310216,-2191.25,-0.4107310216,1.966736779,1.966736779,0.9,2.945555556,0,0,10876.25,10876.25,0,9565,106,0.3086829185
303,0,9885,23500,-991.25,12623.75,-0.1858013121,2.366213683,13615,2.552014995,0.21875,17.78125,7,25.32,0,0,10876.25,10876.25,0,9565,107,0.3097155094
304,0,10876.25,8635,0,-2241.25,0,-0.4201030928,-2241.25,-0.4201030928,2.04290625,2.04290625,1,3.444444444,0,0,10876.25,10876.25,0,9565,108,0.3106620312
305,0,9885,24240,-991.25,13363.75,-0.1858013121,2.504920337,14355,2.690721649,0.234375,15.765625,7,21.36,0,0,10876.25,10876.25,0,9565,109,0.3116879463
306,0,10876.25,23770,0,12893.75,0,2.416822868,12893.75,2.416822868,0.4782552083,39.47825521,3,51.5,0,0,10876.25,10876.25,0,9565,110,0.3126337528
307,0,10612.4,10310,-263.85,-566.25,-0.04945641987,-0.1061387067,-302.4,-0.05668228679,1.678125,1.678125,0.5,0.7511111111,0,0,10876.25,10876.25,0,9565,111,0.3139460087
308,0,10860,27910,-16.25,17033.75,-0.003045923149,3.192830366,17050,3.195876289,0.109375,24.890625,7,35.8,0,0,10876.25,10876.25,0,9565,112,0.3150248528
309,0,10876.25,10070,0,-806.25,0,-0.1511246485,-806.25,-0.1511246485,3.921119792,3.921119792,0.6,1.212222222,0,0,10876.25,10876.25,0,9565,113,0.3161034584
310,0,10876.25,9670,0,-1206.25,0,-0.2261012184,-1206.25,-0.2261012184,0.6785801727,0.6785801727,0.6,1.212222222,0,0,10876.25,10876.25,0,9565,114,0.317671299
311,0,10876.25,23360,0,12483.75,0,2.339971884,12483.75,2.339971884,0.6785801727,9.649055155,2.08,8.8,0,0,10876.25,10876.25,0,9565,115,0.31843853
312,0,10876.25,9835,0,-1041.25,0,-0.1951733833,-1041.25,-0.1951733833,1.429166667,1.429166667,1,3.807619048,0,0,10876.25,10876.25,0,9565,116,0.3195436001
313,0,10876.25,15525,0,4648.75,0,0.8713683224,4648.75,0.8713683224,1.429166667,17.57083333,7,26.76,0,0,10876.25,10876.25,0,9565,117,0.3204066753
314,0,9860,8860,-1016.25,-2016.25,-0.1904873477,-0.3779287723,-1000,-0.1874414246,0.3125,0.3125,0.5,1.313888889,0,0,10876.25,10876.25,0,9565,118,0.3212258816
315,0,9610,16425,-1266.25,5548.75,-0.2373477038,1.040065604,6815,1.277413308,0.234375,20.765625,7,30.72,0,0,10876.25,10876.25,0,9565,119,0.3220617771
316,0,9720,8670,-1156.25,-2206.25,-0.2167291471,-0.4135426429,-1050,-0.1968134958,0.328125,0.328125,0.6,1.84968254,0,0,10876.25,10876.25,0,9565,120,0.3229062557
317,0,9470,14615,-1406.25,3738.75,-0.2635895033,0.7007966261,5145,0.9643861293,0.25,10.75,8,19.76,0,0,10876.25,10876.25,0,9565,121,0.3238053322
318,0,9720,8720,-1156.25,-2156.25,-0.2167291471,-0.4041705717,-1000,-0.1874414246,0.3125,0.3125,0.5,1.313888889,0,0,10876.25,10876.25,0,9565,122,0.324606657
319,0,9470,14265,-1406.25,3388.75,-0.2635895033,0.6351921275,4795,0.8987816307,0.234375,11.765625,7,17.72,0,0,10876.25,10876.25,0,9565,123,0.3254270554
320,0,9820,8770,-1056.25,-2106.25,-0.1979850047,-0.3947985005,-1050,-0.1968134958,0.328125,0.328125,0.6,1.248888889,0,0,10876.25,10876.25,0,9565,124,0.3262403011
321,0,9070,15335,-1806.25,4458.75,-0.3385660731,0.8357544517,6265,1.174320525,0.09375,17.90625,7,25.76,0,0,10876.25,10876.25,0,9565,125,0.3270843029
322,0,9653.75,8660,-1222.5,-2216.25,-0.2291471415,-0.4154170572,-993.75,-0.1862699157,1.8125,1.8125,0.5,2.271825397,0,0,10876.25,10876.25,0,9565,126,0.3279614449
323,0,9651.666667,12930,-1224.583333,2053.75,-0.2295376445,0.3849578257,3278.333333,0.6144954702,1.3125,12.6875,5,13.07111111,0,0,10876.25,10876.25,0,9565,127,0.3291122913
324,0,10450,8700,-426.25,-2176.25,-0.07989690722,-0.4079194002,-1750,-0.328022493,0.390625,0.390625,0.5,1.177380952,0,0,10876.25,10876.25,0,9565,128,0.3302817345
325,0,9950,24815,-926.25,13938.75,-0.1736176195,2.612699157,14865,2.786316776,0.234375,20.765625,7,31.48,0,0,10876.25,10876.25,0,9565,129,0.3310821056
326,0,10876.25,8525,0,-2351.25,0,-0.4407216495,-2351.25,-0.4407216495,0.422265625,0.422265625,0.6,1.904285714,0,0,10876.25,10876.25,0,9565,130,0.3320088387
327,0,10575,23770,-301.25,12893.75,-0.05646672915,2.416822868,13195,2.473289597,0.328125,12.671875,7,19.52,0,0,10876.25,10876.25,0,9565,131,0.3329493999
328,0,10876.25,8575,0,-2301.25,0,-0.4313495783,-2301.25,-0.4313495783,0.406640625,0.406640625,0.5,1.388492063,0,0,10876.25,10876.25,0,9565,132,0.3338162899
329,0,10575,25240,-301.25,14363.75,-0.05646672915,2.692361762,14665,2.748828491,0.3125,19.6875,7,28.48,0,0,10876.25,10876.25,0,9565,133,0.3346893787
330,0,10876.25,8550,0,-2326.25,0,-0.4360356139,-2326.25,-0.4360356139,1.834405048,1.834405048,0.6,1.446349206,0,0,10876.25,10876.25,0,9565,134,0.3356187344
331,0,10350,24915,-526.25,14038.75,-0.09864104967,2.631443299,14565,2.730084349,0.25,22.75,7,35.52,0,0,10876.25,10876.25,0,9565,135,0.3365192413
332,0,10876.25,20280,0,9403.75,0,1.762652296,9403.75,1.762652296,0.406640625,42.40664063,5,51,0,0,10876.25,10876.25,0,9565,136,0.3374507427
333,0,10581,10465,-295.25,-411.25,-0.0553420806,-0.07708528585,-116,-0.02174320525,1.6,1.6,0.05,0.1344444444,0,0,10876.25,10876.25,0,9565,137,0.3388092518
334,0,10765,21910,-111.25,11033.75,-0.02085285848,2.068181818,11145,2.089034677,0.03125,9.96875,5,14.08,0,0,10876.25,10876.25,0,9565,138,0.3399927616
335,0,10876.25,10415,0,-461.25,0,-0.08645735708,-461.25,-0.08645735708,0.048046875,0.048046875,0.05,0.1344444444,0,0,10876.25,10876.25,0,9565,139,0.3409471512
336,0,10715,23575,-161.25,12698.75,-0.03022492971,2.38027179,12860,2.41049672,0.03125,14.96875,7,23.08,0,0,10876.25,10876.25,0,9565,140,0.3418633938
337,0,10876.25,10405,0,-471.25,0,-0.08833177132,-471.25,-0.08833177132,0.04908854167,0.04908854167,0.05,0.1344444444,0,0,10876.25,10876.25,0,9565,141,0.3427741528
338,0,10705,25045,-171.25,14168.75,-0.03209934396,2.655810684,14340,2.687910028,0.03125,20.96875,7,30.08,0,0,10876.25,10876.25,0,9565,142,0.3437507153
339,0,10876.25,10355,0,-521.25,0,-0.09770384255,-521.25,-0.09770384255,0.054296875,0.054296875,0.05,0.1344444444,0,0,10876.25,10876.25,0,9565,143,0.3447585106
340,0,10655,24945,-221.25,14068.75,-0.04147141518,2.637066542,14290,2.678537957,0.03125,21.96875,7,32.08,0,0,10876.25,10876.25,0,9565,144,0.3457911015
341,0,10876.25,10525,0,-351.25,0,-0.06583880037,-351.25,-0.06583880037,0.03658854167,0.03658854167,0.05,0.1344444444,0,0,10876.25,10876.25,0,9565,145,0.3467693329
342,0,10825,25045,-51.25,14168.75,-0.009606373008,2.655810684,14220,2.665417057,0.03125,20.96875,7,30.08,0,0,10876.25,10876.25,0,9565,146,0.3478212357
343,0,10876.25,34815,0,23938.75,0,4.487113402,23938.75,4.487113402,0.054296875,45.94570313,4,57.88,0,0,10876.25,10876.25,0,9565,147,0.3488590717
344,0,10876.25,10495,0,-381.25,0,-0.07146204311,-381.25,-0.07146204311,1.550246063,1.550246063,0.4,0.8166666667,0,0,10876.25,10876.25,0,9565,148,0.3504145145
345,0,10876.25,18270,0,7393.75,0,1.385895033,7393.75,1.385895033,0.2552083333,25.74479167,7,35.16,0,0,10876.25,10876.25,0,9565,149,0.3518550396
346,0,10635,8610,-241.25,-2266.25,-0.04522024367,-0.4247891284,-2025,-0.3795688847,3.2265625,3.2265625,1,6.088412698,0,0,10876.25,10876.25,0,9565,150,0.3530304432
347,0,10080,9610,-796.25,-1266.25,-0.1492502343,-0.2373477038,-470,-0.08809746954,1.75625,1.75625,0.4,0.9511111111,0,0,10876.25,10876.25,0,9565,151,0.3541526794
348,0,10410,25315,-466.25,14438.75,-0.0873945642,2.706419869,14905,2.793814433,0.1875,15.8125,7,24.84,0,0,10876.25,10876.25,0,9565,152,0.3550605774
349,0,10876.25,9320,0,-1556.25,0,-0.291705717,-1556.25,-0.291705717,0.2662760417,0.2662760417,0.4,1.344365079,0,0,10876.25,10876.25,0,9565,153,0.3559784889
350,0,10870,24465,-6.25,13588.75,-0.001171508903,2.547094658,13595,2.548266167,0.265625,11.734375,6,17.84,0,0,10876.25,10876.25,0,9565,154,0.356887579
351,0,10876.25,9370,0,-1506.25,0,-0.2823336457,-1506.25,-0.2823336457,0.68015625,0.68015625,0.4,1.344365079,0,0,10876.25,10876.25,0,9565,155,0.3578717709
352,0,10876.25,22720,0,11843.75,0,2.220009372,11843.75,2.220009372,0.375,9.625,4,11.84,0,0,10876.25,10876.25,0,9565,156,0.3590519428
353,0,10876.25,8160,0,-2716.25,0,-0.5091377694,-2716.25,-0.5091377694,3.311067708,3.311067708,1,6.088412698,0,0,10876.25,10876.25,0,9565,157,0.3601329327
354,0,9630,9160,-1246.25,-1716.25,-0.2335988754,-0.3216963449,-470,-0.08809746954,1.75625,1.75625,0.4,0.9511111111,0,0,10876.25,10876.25,0,9565,158,0.361084938
355,0,9960,24965,-916.25,14088.75,-0.1717432052,2.64081537,15005,2.812558575,0.1875,15.8125,7,24.84,0,0,10876.25,10876.25,0,9565,159,0.3619360924
356,0,10876.25,8970,0,-1906.25,0,-0.3573102156,-1906.25,-0.3573102156,0.302734375,0.302734375,0.4,1.344365079,0,0,10876.25,10876.25,0,9565,160,0.3629322052
357,0,10520,26625,-356.25,15748.75,-0.0667760075,2.951968135,16105,3.018744142,0.265625,26.734375,7,34.84,0,0,10876.25,10876.25,0,9565,161,0.3638491631
358,0,10876.25,8655,0,-2221.25,0,-0.4163542643,-2221.25,-0.4163542643,1.015157948,1.015157948,0.4,1.723333333,0,0,10876.25,10876.25,0,9565,162,0.364792347
359,0,10876.25,25490,0,14613.75,0,2.739222118,14613.75,2.739222118,0.6204662755,23.37953372,6,26.84,0,0,10876.25,10876.25,0,9565,163,0.3661468029
360,0,10876.25,8695,0,-2181.25,0,-0.4088566073,-2181.25,-0.4088566073,0.3313802083,0.3313802083,0.4,0.8166666667,0,0,10876.25,10876.25,0,9565,164,0.3673341274
361,0,9195,16835,-1681.25,5958.75,-0.315135895,1.116916589,7640,1.432052484,0.15625,20.84375,7,30.16,0,0,10876.25,10876.25,0,9565,165,0.3683686256
362,0,9537,8965,-1339.25,-1911.25,-0.2510309278,-0.3582474227,-572,-0.1072164948,1.75625,1.75625,0.4,1.418968254,0,0,10876.25,10876.25,0,9565,166,0.3692703247
363,0,9765,23010,-1111.25,12133.75,-0.208294283,2.274367385,13245,2.482661668,0.1875,9.8125,4,13.84,0,0,10876.25,10876.25,0,9565,167,0.3702421188
364,0,10876.25,8790,0,-2086.25,0,-0.391049672,-2086.25,-0.391049672,0.321484375,0.321484375,0.4,1.964603175,0,0,10876.25,10876.25,0,9565,168,0.3711333275
365,0,10340,24935,-536.25,14058.75,-0.1005154639,2.635192127,14595,2.735707591,0.265625,17.734375,7,24.84,0,0,10876.25,10876.25,0,9565,169,0.372292757
366,0,10876.25,8720,0,-2156.25,0,-0.4041705717,-2156.25,-0.4041705717,0.3287760417,0.3287760417,0.4,1.553888889,0,0,10876.25,10876.25,0,9565,170,0.373323679
367,0,10270,23365,-606.25,12488.75,-0.1136363636,2.340909091,13095,2.454545455,0.265625,10.734375,5,15.84,0,0,10876.25,10876.25,0,9565,171,0.3743538857
368,0,10876.25,8670,0,-2206.25,0,-0.4135426429,-2206.25,-0.4135426429,0.333984375,0.333984375,0.4,1.553888889,0,0,10876.25,10876.25,0,9565,172,0.3753218651
369,0,10220,24575,-656.25,13698.75,-0.1230084349,2.567713215,14355,2.690721649,0.265625,14.734375,7,23.84,0,0,10876.25,10876.25,0,9565,173,0.3765146732
370,0,10876.25,27850,0,16973.75,0,3.18158388,16973.75,3.18158388,0.3287760417,48.01627604,6,69.16,0,0,10876.25,10876.25,0,9565,174,0.3774852753
371,0,10360,9560,-516.25,-1316.25,-0.09676663543,-0.2467197751,-800,-0.1499531396,0.1875,0.1875,0.4,1.008253968,0,0,10876.25,10876.25,0,9565,175,0.3789908886
372,0,10360,26925,-516.25,16048.75,-0.09676663543,3.008200562,16565,3.104967198,0.1875,20.8125,7,30.84,0,0,10876.25,10876.25,0,9565,176,0.3802080154
373,0,10876.25,9185,0,-1691.25,0,-0.3170103093,-1691.25,-0.3170103093,2.219921875,2.219921875,1,4.560714286,0,0,10876.25,10876.25,0,9565,177,0.3811326027
374,0,10295,9795,-581.25,-1081.25,-0.108950328,-0.2026710403,-500,-0.09372071228,0.15625,0.15625,0.4,0.8166666667,0,0,10876.25,10876.25,0,9565,178,0.3820729256
375,0,10295,15705,-581.25,4828.75,-0.108950328,0.9051077788,5410,1.014058107,0.15625,14.84375,7,21.16,0,0,10876.25,10876.25,0,9565,179,0.3828837872
376,0,10285,9785,-591.25,-1091.25,-0.1108247423,-0.2045454545,-500,-0.09372071228,0.15625,0.15625,0.4,0.8166666667,0,0,10876.25,10876.25,0,9565,180,0.3837237358
377,0,10285,16775,-591.25,5898.75,-0.1108247423,1.105670103,6490,1.216494845,0.15625,20.84375,7,29.16,0,0,10876.25,10876.25,0,9565,181,0.3846430779
378,0,10186,9670,-690.25,-1206.25,-0.1293814433,-0.2261012184,-516,-0.09671977507,1.75625,1.75625,0.4,0.8415873016,0,0,10876.25,10876.25,0,9565,182,0.3854939938
379,0,10470,26415,-406.25,15538.75,-0.07614807873,2.912605436,15945,2.988753515,0.1875,19.8125,7,28.84,0,0,10876.25,10876.25,0,9565,183,0.386436224
380,0,10876.25,9685,0,-1191.25,0,-0.223289597,-1191.25,-0.223289597,0.2282552083,0.2282552083,0.4,0.8166666667,0,0,10876.25,10876.25,0,9565,184,0.3873753548
381,0,10185,17435,-691.25,6558.75,-0.1295688847,1.229381443,7250,1.358950328,0.15625,22.84375,7,31.16,0,0,10876.25,10876.25,0,9565,185,0.3883464336
382,0,10210,9710,-666.25,-1166.25,-0.1248828491,-0.2186035614,-500,-0.09372071228,0.15625,0.15625,0.4,0.65,0,0,10876.25,10876.25,0,9565,186,0.3893170357
383,0,10210,19245,-666.25,8368.75,-0.1248828491,1.568650422,9035,1.693533271,0.15625,28.84375,7,38.16,0,0,10876.25,10876.25,0,9565,187,0.3902373314
384,0,10193,9670,-683.25,-1206.25,-0.1280693533,-0.2261012184,-523,-0.09803186504,1.35625,1.35625,0.4,0.9511111111,0,0,10876.25,10876.25,0,9565,188,0.3910973072
385,0,10470,25585,-406.25,14708.75,-0.07614807873,2.757029053,15115,2.833177132,0.1875,17.8125,7,29.84,0,0,10876.25,10876.25,0,9565,189,0.392002821
386,0,10876.25,9595,0,-1281.25,0,-0.2401593252,-1281.25,-0.2401593252,1.95203125,1.95203125,0.4,1.177698413,0,0,10876.25,10876.25,0,9565,190,0.3930902481
387,0,10876.25,9195,0,-1681.25,0,-0.315135895,-1681.25,-0.315135895,0.59375,0.59375,0.4,1.177698413,0,0,10876.25,10876.25,0,9565,191,0.3942713737
388,0,10745,26640,-131.25,15763.75,-0.02460168697,2.954779756,15895,2.979381443,0.265625,21.734375,7,32.84,0,0,10876.25,10876.25,0,9565,192,0.3952467442
389,0,10876.25,8510,0,-2366.25,0,-0.4435332709,-2366.25,-0.4435332709,3.274609375,3.274609375,1,5.837380952,0,0,10876.25,10876.25,0,9565,193,0.3961646557
390,0,9866,9270,-1010.25,-1606.25,-0.1893626992,-0.3010777882,-596,-0.111715089,1.75625,1.75625,0.4,0.9511111111,0,0,10876.25,10876.25,0,9565,194,0.3971750736
391,0,10070,26875,-806.25,15998.75,-0.1511246485,2.998828491,16805,3.14995314,0.1875,25.8125,7,33.84,0,0,10876.25,10876.25,0,9565,195,0.3980953693
392,0,10876.25,9195,0,-1681.25,0,-0.315135895,-1681.25,-0.315135895,0.279296875,0.279296875,0.4,1.177698413,0,0,10876.25,10876.25,0,9565,196,0.3989872932
393,0,10745,24540,-131.25,13663.75,-0.02460168697,2.561152765,13795,2.585754452,0.265625,12.734375,7,19.84,0,0,10876.25,10876.25,0,9565,197,0.3999121189
394,0,10876.25,9145,0,-1731.25,0,-0.3245079663,-1731.25,-0.3245079663,0.2845052083,0.2845052083,0.4,1.177698413,0,0,10876.25,10876.25,0,9565,198,0.4007663727
395,0,10695,24930,-181.25,14053.75,-0.0339737582,2.63425492,14235,2.668228679,0.265625,14.734375,7,23.84,0,0,10876.25,10876.25,0,9565,199,0.4016168118
396,0,10876.25,9135,0,-1741.25,0,-0.3263823805,-1741.25,-0.3263823805,0.285546875,0.285546875,0.4,1.344365079,0,0,10876.25,10876.25,0,9565,200,0.4025764465
397,0,10685,26000,-191.25,15123.75,-0.03584817245,2.834817245,15315,2.870665417,0.265625,19.734375,7,28.84,0,0,10876.25,10876.25,0,9565,201,0.4036035538
398,0,10876.25,8660,0,-2216.25,0,-0.4154170572,-2216.25,-0.4154170572,2.274609375,2.274609375,1,4.69515873,0,0,10876.25,10876.25,0,9565,202,0.4045274258
399,0,9796,19160,-1080.25,8283.75,-0.2024835989,1.552717901,9364,1.7552015,1.75625,33.95625,3,40.28,0,0,10876.25,10876.25,0,9565,203,0.405724287
400,0,10876.25,9305,0,-1571.25,0,-0.2945173383,-1571.25,-0.2945173383,2.93046875,2.93046875,0.2,0.6234920635,0,0,10876.25,10876.25,0,9565,204,0.4071469307
401,0,10505,20850,-371.25,9973.75,-0.06958762887,1.869493908,10345,1.939081537,0.125,9.875,5,13.84,0,0,10876.25,10876.25,0,9565,205,0.4082713127
402,0,10876.25,9355,0,-1521.25,0,-0.2851452671,-1521.25,-0.2851452671,0.1584635417,0.1584635417,0.2,0.6234920635,0,0,10876.25,10876.25,0,9565,206,0.4090754986
403,0,10555,23575,-321.25,12698.75,-0.06021555764,2.38027179,13020,2.440487348,0.125,19.875,7,27.84,0,0,10876.25,10876.25,0,9565,207,0.4099597931
404,0,10876.25,9510,0,-1366.25,0,-0.2560918463,-1366.25,-0.2560918463,0.1423177083,0.1423177083,0.075,0.2016666667,0,0,10876.25,10876.25,0,9565,208,0.4109456539
405,0,9960,21540,-916.25,10663.75,-0.1717432052,1.998828491,11580,2.170571696,0.046875,13.953125,7,18.84,0,0,10876.25,10876.25,0,9565,209,0.4118478298
406,0,10876.25,9560,0,-1316.25,0,-0.2467197751,-1316.25,-0.2467197751,0.137109375,0.137109375,0.075,0.2016666667,0,0,10876.25,10876.25,0,9565,210,0.4127354622
407,0,10010,25145,-866.25,14268.75,-0.162371134,2.674554827,15135,2.836925961,0.046875,28.953125,7,35.84,0,0,10876.25,10876.25,0,9565,211,0.4136247635
408,0,10876.25,9305,0,-1571.25,0,-0.2945173383,-1571.25,-0.2945173383,0.163671875,0.163671875,0.2,0.6234920635,0,0,10876.25,10876.25,0,9565,212,0.4145195484
409,0,10505,24640,-371.25,13763.75,-0.06958762887,2.579896907,14135,2.649484536,0.125,26.875,7,32.84,0,0,10876.25,10876.25,0,9565,213,0.4153916836
410,0,10876.25,34775,0,23898.75,0,4.479615745,23898.75,4.479615745,0.137109375,43.86289062,4,56.52,0,0,10876.25,10876.25,0,9565,214,0.4162824154
411,0,10876.25,10845,0,-31.25,0,-0.005857544517,-31.25,-0.005857544517,2.880817819,2.880817819,0.24,0.24,0,0,10876.25,10876.25,0,9565,215,0.4175498486
412,0,10545,12760,-331.25,1883.75,-0.06208997188,0.3530927835,2215,0.4151827554,0.375,17.625,7,24,0,0,10876.25,10876.25,0,9565,216,0.4189207554
413,0,10170,10170,-706.25,-706.25,-0.1323805061,-0.1323805061,0,0,0,0,0,0,1,0,10876.25,10876.25,0,9565,217,0.4197514057
414,0,10170,17325,-706.25,6448.75,-0.1323805061,1.208762887,7155,1.341143393,0,30,7,38,0,0,10876.25,10876.25,0,9565,218,0.4206235409
415,0,10165,10165,-711.25,-711.25,-0.1333177132,-0.1333177132,0,0,0,0,0,0,1,0,10876.25,10876.25,0,9565,219,0.4214634895
416,0,10165,16070,-711.25,5193.75,-0.1333177132,0.9735238988,5905,1.106841612,0,28,7,33,0,0,10876.25,10876.25,0,9565,220,0.4223196507
417,0,10470,9870,-406.25,-1006.25,-0.07614807873,-0.1886129335,-600,-0.1124648547,0.0625,0.0625,0.1142857143,0.2942857143,0,0,10876.25,10876.25,0,9565,221,0.4231319427
418,0,10470,24670,-406.25,13793.75,-0.07614807873,2.58552015,14200,2.661668229,0.0625,22.9375,7,30,0,0,10876.25,10876.25,0,9565,222,0.4239914417
419,0,10876.25,32980,0,22103.75,0,4.143158388,22103.75,4.143158388,0.07408854167,35.92591146,3,52.64,0,0,10876.25,10876.25,0,9565,223,0.4248986244
420,0,10876.25,10390,0,-486.25,0,-0.09114339269,-486.25,-0.09114339269,0.7659546414,0.7659546414,0.1142857143,0.2942857143,0,0,10876.25,10876.25,0,9565,224,0.4261009693
421,0,10876.25,21725,0,10848.75,0,2.033505155,10848.75,2.033505155,0.346875,14.653125,7,22,0,0,10876.25,10876.25,0,9565,225,0.4275474548
422,0,10876.25,9820,0,-1056.25,0,-0.1979850047,-1056.25,-0.1979850047,0.1100260417,0.1100260417,0.1142857143,0.2942857143,0,0,10876.25,10876.25,0,9565,226,0.4285106659
423,0,10420,26065,-456.25,15188.75,-0.08552014995,2.847000937,15645,2.932521087,0.0625,29.9375,7,37,0,0,10876.25,10876.25,0,9565,227,0.4294848442
424,0,10876.25,9465,0,-1411.25,0,-0.2645267104,-1411.25,-0.2645267104,1.378283167,1.378283167,0.3,1.184365079,0,0,10876.25,10876.25,0,9565,228,0.4305958748
425,0,10876.25,24595,0,13718.75,0,2.571462043,13718.75,2.571462043,0.5220391537,17.47796085,5,15.84,0,0,10876.25,10876.25,0,9565,229,0.4318635464
426,0,10876.25,9895,0,-981.25,0,-0.1839268978,-981.25,-0.1839268978,0.306640625,0.306640625,0.3,0.6831746032,0,0,10876.25,10876.25,0,9565,230,0.4331378937
427,0,10495,22430,-381.25,11553.75,-0.07146204311,2.165651359,11935,2.237113402,0.1875,28.8125,7,37.4,0,0,10876.25,10876.25,0,9565,231,0.4340083599
428,0,10876.25,9780,0,-1096.25,0,-0.2054826617,-1096.25,-0.2054826617,0.342578125,0.342578125,0.3,0.6527777778,0,0,10876.25,10876.25,0,9565,232,0.4349284172
429,0,10180,16920,-696.25,6043.75,-0.1305060918,1.13284911,6740,1.263355201,0.125,16.875,7,26.84,0,0,10876.25,10876.25,0,9565,233,0.4358766079
430,0,10830,9930,-46.25,-946.25,-0.008669165886,-0.177366448,-900,-0.1686972821,0.28125,0.28125,0.3,0.6527777778,0,0,10876.25,10876.25,0,9565,234,0.4367325306
431,0,10330,16510,-546.25,5633.75,-0.1023898782,1.055998126,6180,1.158388004,0.125,14.875,7,22.84,0,0,10876.25,10876.25,0,9565,235,0.4376242161
432,0,10680,32830,-196.25,21953.75,-0.03678537957,4.115042174,22150,4.151827554,0.28125,43.71875,5,59.32,0,0,10876.25,10876.25,0,9565,236,0.4384627342
433,0,10876.25,10515,0,-361.25,0,-0.06771321462,-361.25,-0.06771321462,2.387571839,2.387571839,0,0,1,0,10876.25,10876.25,0,9565,237,0.4397480488
434,0,10515,13235,-361.25,2358.75,-0.06771321462,0.4421274602,2720,0.5098406748,0,11,6,16,0,0,10876.25,10876.25,0,9565,238,0.4408793449
435,0,10585,10585,-291.25,-291.25,-0.0545923149,-0.0545923149,0,0,0,0,0,0,1,0,10876.25,10876.25,0,9565,239,0.4417128563
436,0,10585,15860,-291.25,4983.75,-0.0545923149,0.9341611996,5275,0.9887535145,0,26,7,31,0,0,10876.25,10876.25,0,9565,240,0.4425058365
437,0,10680,10580,-196.25,-296.25,-0.03678537957,-0.05552952202,-100,-0.01874414246,0.03125,0.03125,0.04444444444,0.04444444444,0,0,10876.25,10876.25,0,9565,241,0.4433348179
438,0,10680,16800,-196.25,5923.75,-0.03678537957,1.110356139,6120,1.147141518,0.03125,12.96875,7,20.48,0,0,10876.25,10876.25,0,9565,242,0.4441914558
439,0,10876.25,10830,0,-46.25,0,-0.008669165886,-46.25,-0.008669165886,0.7479166667,0.7479166667,0.04444444444,0.04444444444,0,0,10876.25,10876.25,0,9565,243,0.4449989796
440,0,10876.25,15275,0,4398.75,0,0.8245079663,4398.75,0.8245079663,0.07604166667,13.92395833,7,21.25,0,0,10876.25,10876.25,0,9565,244,0.4459235668
441,0,9930,9380,-946.25,-1496.25,-0.177366448,-0.2804592315,-550,-0.1030927835,0.078125,0.078125,0.3,1.07515873,0,0,10876.25,10876.25,0,9565,245,0.4467890263
442,0,9930,27045,-946.25,16168.75,-0.177366448,3.030693533,17115,3.208059981,0.078125,20.921875,8,35.32,0,0,10876.25,10876.25,0,9565,246,0.4476299286
443,0,10876.25,9330,0,-1546.25,0,-0.2898313027,-1546.25,-0.2898313027,0.1819010417,0.1819010417,0.3,1.07515873,0,0,10876.25,10876.25,0,9565,247,0.4484915733
444,0,9880,26855,-996.25,15978.75,-0.1867385192,2.995079663,16975,3.181818182,0.078125,25.921875,7,34.32,0,0,10876.25,10876.25,0,9565,248,0.4493980408
445,0,10876.25,9375,0,-1501.25,0,-0.2813964386,-1501.25,-0.2813964386,0.1772135417,0.1772135417,0.3,1.591904762,0,0,10876.25,10876.25,0,9565,249,0.4503283501
446,0,10575,21875,-301.25,10998.75,-0.05646672915,2.061621368,11300,2.118088097,0.125,12.875,7,19.84,0,0,10876.25,10876.25,0,9565,250,0.4512672424
447,0,10876.25,9205,0,-1671.25,0,-0.3132614808,-1671.25,-0.3132614808,0.7734635417,0.7734635417,0.3,1.636349206,0,0,10876.25,10876.25,0,9565,251,0.4521305561
448,0,10505,26170,-371.25,15293.75,-0.06958762887,2.866682287,15665,2.936269916,0.15625,20.84375,7,31.32,0,0,10876.25,10876.25,0,9565,252,0.4530103207
449,0,10876.25,9255,0,-1621.25,0,-0.3038894096,-1621.25,-0.3038894096,2.171784856,2.171784856,0.3,1.636349206,0,0,10876.25,10876.25,0,9565,253,0.454022646
450,0,10555,23900,-321.25,13023.75,-0.06021555764,2.441190253,13345,2.501405811,0.15625,10.84375,5,16.32,0,0,10876.25,10876.25,0,9565,254,0.455047369
451,0,10876.25,24610,0,13733.75,0,2.574273664,13733.75,2.574273664,0.194921875,44.19492187,4,62.48,0,0,10876.25,10876.25,0,9565,255,0.4559543133
452,0,10700,10840,-176.25,-36.25,-0.03303655108,-0.00679475164,140,0.02624179944,2.979166667,2.979166667,0.2,0.6345238095,0,0,10876.25,10876.25,0,9565,256,0.4572000504
453,0,10876.25,10040,0,-836.25,0,-0.1567478913,-836.25,-0.1567478913,0.1859375,0.1859375,0.1666666667,0.4345238095,0,0,10876.25,10876.25,0,9565,257,0.4582784176
454,0,10790,24260,-86.25,13383.75,-0.01616682287,2.508669166,13470,2.524835989,0.078125,20.921875,7,30.16,0,0,10876.25,10876.25,0,9565,258,0.4591100216
455,0,10876.25,10090,0,-786.25,0,-0.1473758201,-786.25,-0.1473758201,0.2863391285,0.2863391285,0.1666666667,0.4345238095,0,0,10876.25,10876.25,0,9565,259,0.4601371288
456,0,10840,25545,-36.25,14668.75,-0.00679475164,2.749531396,14705,2.756326148,0.078125,26.921875,7,35.16,0,0,10876.25,10876.25,0,9565,260,0.4612257481
457,0,10876.25,10165,0,-711.25,0,-0.1333177132,-711.25,-0.1333177132,0.07408854167,0.07408854167,0,0,1,0,10876.25,10876.25,0,9565,261,0.4621558189
458,0,10165,15730,-711.25,4853.75,-0.1333177132,0.9097938144,5565,1.043111528,0,27,7,33,0,0,10876.25,10876.25,0,9565,262,0.4630393982
459,0,10876.25,10150,0,-726.25,0,-0.1361293346,-726.25,-0.1361293346,0.1375,0.1375,0.1666666667,0.4345238095,0,0,10876.25,10876.25,0,9565,263,0.4640340805
460,0,10876.25,25245,0,14368.75,0,2.693298969,14368.75,2.693298969,0.1375,29.8625,7,37.16,0,0,10876.25,10876.25,0,9565,264,0.4649858475
461,0,10876.25,9705,0,-1171.25,0,-0.2195407685,-1171.25,-0.2195407685,0.1220052083,0.1220052083,0,0,1,0,10876.25,10876.25,0,9565,265,0.4658925533
462,0,9705,13775,-1171.25,2898.75,-0.2195407685,0.5433458294,4070,0.7628865979,0,21,7,29,0,0,10876.25,10876.25,0,9565,266,0.4667654037
463,0,9955,9955,-921.25,-921.25,-0.1726804124,-0.1726804124,0,0,0,0,0,0,1,0,10876.25,10876.25,0,9565,267,0.467653513
464,0,9955,13895,-921.25,3018.75,-0.1726804124,0.5658388004,3940,0.7385192127,0,19,7,27,0,0,10876.25,10876.25,0,9565,268,0.4685833454
465,0,9887.5,9045,-988.75,-1831.25,-0.1853327085,-0.3432521087,-842.5,-0.1579194002,3,3,1,5.126190476,0,0,10876.25,10876.25,0,9565,269,0.4694991112
466,0,9705,9705,-1171.25,-1171.25,-0.2195407685,-0.2195407685,0,0,0,0,0,0,1,0,10876.25,10876.25,0,9565,270,0.4703965187
467,0,9705,13095,-1171.25,2218.75,-0.2195407685,0.4158856607,3390,0.6354264292,0,17,7,25,0,0,10876.25,10876.25,0,9565,271,0.4712076187
468,0,10055,10055,-821.25,-821.25,-0.1539362699,-0.1539362699,0,0,0,0,0,0,1,0,10876.25,10876.25,0,9565,272,0.4720375538
469,0,10055,15240,-821.25,4363.75,-0.1539362699,0.8179475164,5185,0.9718837863,0,26,7,34,0,0,10876.25,10876.25,0,9565,273,0.4729208946
470,0,9930,9930,-946.25,-946.25,-0.177366448,-0.177366448,0,0,0,0,0,0,1,0,10876.25,10876.25,0,9565,274,0.4737854004
471,0,9930,14970,-946.25,4093.75,-0.177366448,0.7673383318,5040,0.9447047798,0,19,7,30,0,0,10876.25,10876.25,0,9565,275,0.4746646881
472,0,10280,10280,-596.25,-596.25,-0.1117619494,-0.1117619494,0,0,0,0,0,0,1,0,10876.25,10876.25,0,9565,276,0.475466013
473,0,10280,13100,-596.25,2223.75,-0.1117619494,0.4168228679,2820,0.5285848172,0,13,7,20,0,0,10876.25,10876.25,0,9565,277,0.4763336182
474,0,10050,10050,-826.25,-826.25,-0.154873477,-0.154873477,0,0,0,0,0,0,1,0,10876.25,10876.25,0,9565,278,0.4771721363
475,0,10050,15905,-826.25,5028.75,-0.154873477,0.9425960637,5855,1.097469541,0,28,7,33,0,0,10876.25,10876.25,0,9565,279,0.4779663086
476,0,10015,9815,-861.25,-1061.25,-0.1614339269,-0.1989222118,-200,-0.03748828491,0.0625,0.0625,0.08,0.08,0,0,10876.25,10876.25,0,9565,280,0.4788007736
477,0,10015,17915,-861.25,7038.75,-0.1614339269,1.319353327,7900,1.480787254,0.0625,22.9375,7,30.8,0,0,10876.25,10876.25,0,9565,281,0.479660511
478,0,10835,9885,-41.25,-991.25,-0.007731958763,-0.1858013121,-950,-0.1780693533,0.296875,0.296875,0,0,1,0,10876.25,10876.25,0,9565,282,0.4804775715
479,0,9885,15030,-991.25,4153.75,-0.1858013121,0.7785848172,5145,0.9643861293,0,26,7,31,0,0,10876.25,10876.25,0,9565,283,0.4813828468
480,0,10500,9750,-376.25,-1126.25,-0.07052483599,-0.2111059044,-750,-0.1405810684,0.078125,0.078125,0.1666666667,0.4345238095,0,0,10876.25,10876.25,0,9565,284,0.4821743965
481,0,10500,22370,-376.25,11493.75,-0.07052483599,2.154404873,11870,2.224929709,0.078125,12.921875,7,20.16,0,0,10876.25,10876.25,0,9565,285,0.4829907417
482,0,10876.25,9700,0,-1176.25,0,-0.2204779756,-1176.25,-0.2204779756,0.1225260417,0.1225260417,0.1666666667,0.4345238095,0,0,10876.25,10876.25,0,9565,286,0.4838731289
483,0,10450,24020,-426.25,13143.75,-0.07989690722,2.463683224,13570,2.543580131,0.078125,18.921875,7,30.16,0,0,10876.25,10876.25,0,9565,287,0.4847686291
484,0,10876.25,9750,0,-1126.25,0,-0.2111059044,-1126.25,-0.2111059044,0.1173177083,0.1173177083,0.1666666667,0.4345238095,0,0,10876.25,10876.25,0,9565,288,0.4856455326
485,0,10500,23990,-376.25,13113.75,-0.07052483599,2.458059981,13490,2.528584817,0.078125,20.921875,7,30.16,0,0,10876.25,10876.25,0,9565,289,0.4865376949
486,0,10876.25,9600,0,-1276.25,0,-0.2392221181,-1276.25,-0.2392221181,2.022474692,2.022474692,0.2857142857,0.8134920635,0,0,10876.25,10876.25,0,9565,290,0.4874982834
487,0,10876.25,21830,0,10953.75,0,2.053186504,10953.75,2.053186504,0.9386589326,21.06134107,4,17.36,0,0,10876.25,10876.25,0,9565,291,0.4888515472
488,0,10876.25,10030,0,-846.25,0,-0.1586223055,-846.25,-0.1586223055,0.233984375,0.233984375,0.28,0.78,0,0,10876.25,10876.25,0,9565,292,0.4899952412
489,0,10730,18995,-146.25,8118.75,-0.02741330834,1.521790066,8265,1.549203374,0.21875,27.78125,7,33.8,0,0,10876.25,10876.25,0,9565,293,0.4908509254
490,0,10876.25,10155,0,-721.25,0,-0.1351921275,-721.25,-0.1351921275,0.225390625,0.225390625,0.2,0.5831746032,0,0,10876.25,10876.25,0,9565,294,0.491771698
491,0,10805,19560,-71.25,8683.75,-0.0133552015,1.62769447,8755,1.641049672,0.203125,14.796875,7,23.36,0,0,10876.25,10876.25,0,9565,295,0.4926638603
492,0,10876.25,10105,0,-771.25,0,-0.1445641987,-771.25,-0.1445641987,0.241015625,0.241015625,0.2,0.28,0,0,10876.25,10876.25,0,9565,296,0.4935286045
493,0,10305,16565,-571.25,5688.75,-0.1070759138,1.066307404,6260,1.173383318,0.0625,13.9375,7,21.8,0,0,10876.25,10876.25,0,9565,297,0.4944255352
494,0,10876.25,34175,0,23298.75,0,4.36715089,23298.75,4.36715089,2.925390625,40.87460938,4,50.16,0,0,10876.25,10876.25,0,9565,298,0.4953458309
495,0,10876.25,9635,0,-1241.25,0,-0.2326616682,-1241.25,-0.2326616682,4.933725845,4.933725845,1,4.502063492,0,0,10876.25,10876.25,0,9565,299,0.4966907501
496,0,10876.25,10160,0,-716.25,0,-0.1342549203,-716.25,-0.1342549203,1.058203125,1.058203125,0.3,0.7096031746,0,0,10876.25,10876.25,0,9565,300,0.4979581833
497,0,10876.25,24590,0,13713.75,0,2.570524836,13713.75,2.570524836,0.1828125,14.8171875,7,21.56,0,0,10876.25,10876.25,0,9565,301,0.4989533424
498,0,10876.25,9045,0,-1831.25,0,-0.3432521087,-1831.25,-0.3432521087,2.609134086,2.609134086,0.3,1.001904762,0,0,10876.25,10876.25,0,9565,302,0.499871254
499,0,10545,26650,-331.25,15773.75,-0.06208997188,2.956654171,16105,3.018744142,0.21875,23.78125,7,32.56,0,0,10876.25,10876.25,0,9565,303,0.5007662773
500,0,10876.25,9220,0,-1656.25,0,-0.3104498594,-1656.25,-0.3104498594,0.3912760417,0.3912760417,0.3,0.5673809524,0,0,10876.25,10876.25,0,9565,304,0.5017366409
501,0,9970,26250,-906.25,15373.75,-0.169868791,2.881677601,16280,3.051546392,0.140625,24.859375,7,32.56,0,0,10876.25,10876.25,0,9565,305,0.5026190281
502,0,10876.25,29545,0,18668.75,0,3.499297095,18668.75,3.499297095,0.322265625,35.67773438,3,48.4,0,0,10876.25,10876.25,0,9565,306,0.5035390854
503,0,10876.25,8535,-1.818989404e-12,-2341.25,-3.409539651e-16,-0.4388472352,-2341.25,-0.4388472352,4.231800798,4.231800798,0.4,1.855,0,0,10876.25,10876.25,0,9565,307,0.5049686432
504,0,10385,26505,-491.25,15628.75,-0.09208059981,2.929475164,16120,3.021555764,0.359375,11.640625,6,17.4,0,0,10876.25,10876.25,0,9565,308,0.5061876774
505,0,10876.25,8685,0,-2191.25,0,-0.4107310216,-2191.25,-0.4107310216,1.464332933,1.464332933,0.4,1.333809524,0,0,10876.25,10876.25,0,9565,309,0.5072464943
506,0,9735,26915,-1141.25,16038.75,-0.2139175258,3.006326148,17180,3.220243674,0.265625,14.734375,7,23.36,0,0,10876.25,10876.25,0,9565,310,0.5082728863
507,0,10876.25,8635,0,-2241.25,0,-0.4201030928,-2241.25,-0.4201030928,1.479957933,1.479957933,0.4,1.376031746,0,0,10876.25,10876.25,0,9565,311,0.5092623234
508,0,9735,28425,-1141.25,17548.75,-0.2139175258,3.289362699,18690,3.503280225,0.28125,20.71875,7,31.4,0,0,10876.25,10876.25,0,9565,312,0.5102741718
509,0,10876.25,32905,0,22028.75,0,4.129100281,22028.75,4.129100281,1.464332933,29.97028245,3,41.6,0,0,10876.25,10876.25,0,9565,313,0.5113546848
510,0,10876.25,11745,0,868.75,0,0.1628397376,868.75,0.1628397376,2.567155934,2.567155934,0.3,0.4066666667,0,0,10876.25,10876.25,0,9565,314,0.5127122402
511,0,10876.25,14390,0,3513.75,0,0.6586223055,3513.75,0.6586223055,0.5807291667,10.41927083,5,14.12,0,0,10876.25,10876.25,0,9565,315,0.5138914585
512,0,10876.25,9620,0,-1256.25,0,-0.2354732896,-1256.25,-0.2354732896,0.330078125,0.330078125,0.4,0.9982539683,0,0,10876.25,10876.25,0,9565,316,0.5148594379
513,0,10220,27235,-656.25,16358.75,-0.1230084349,3.066307404,17015,3.189315839,0.125,22.875,7,33.4,0,0,10876.25,10876.25,0,9565,317,0.5157785416
514,0,10876.25,9470,0,-1406.25,0,-0.2635895033,-1406.25,-0.2635895033,0.365234375,0.365234375,0.4,0.9982539683,0,0,10876.25,10876.25,0,9565,318,0.5166966915
515,0,10070,25385,-806.25,14508.75,-0.1511246485,2.719540769,15315,2.870665417,0.125,19.875,7,29.4,0,0,10876.25,10876.25,0,9565,319,0.517660141
516,0,10876.25,9395,0,-1481.25,0,-0.2776476101,-1481.25,-0.2776476101,1.182842548,1.182842548,0.4,1.064920635,0,0,10876.25,10876.25,0,9565,320,0.5186414719
517,0,9995,24140,-881.25,13263.75,-0.1651827554,2.486176195,14145,2.65135895,0.125,9.875,6,17.4,0,0,10876.25,10876.25,0,9565,321,0.5196413994
518,0,10876.25,9445,0,-1431.25,0,-0.2682755389,-1431.25,-0.2682755389,0.3678385417,0.3678385417,0.4,1.064920635,0,0,10876.25,10876.25,0,9565,322,0.520513773
519,0,10045,27445,-831.25,16568.75,-0.1558106842,3.105670103,17400,3.261480787,0.125,24.875,7,35.4,0,0,10876.25,10876.25,0,9565,323,0.5213706493
520,0,10876.25,9420,0,-1456.25,0,-0.2729615745,-1456.25,-0.2729615745,0.9488998724,0.9488998724,0.4,0.9982539683,0,0,10876.25,10876.25,0,9565,324,0.5224978924
521,0,10020,28805,-856.25,17928.75,-0.1604967198,3.36059044,18785,3.52108716,0.125,29.875,7,39.4,0,0,10876.25,10876.25,0,9565,325,0.5235192776
522,0,10876.25,24725,0,13848.75,0,2.595829428,13848.75,2.595829428,0.869140625,38.21289062,3.12,46.12,0,0,10876.25,10876.25,0,9565,326,0.52460289
523,0,10876.25,10085,0,-791.25,0,-0.1483130272,-791.25,-0.1483130272,1.06796875,1.06796875,0.65,1.932460317,0,0,10876.25,10876.25,0,9565,327,0.5259623528
524,0,10876.25,26935,0,16058.75,0,3.010074977,16058.75,3.010074977,0.2296875,26.7703125,7,34.76,0,0,10876.25,10876.25,0,9565,328,0.5272974968
525,0,10876.25,9245,0,-1631.25,0,-0.3057638238,-1631.25,-0.3057638238,1.275430485,1.275430485,0.65,2.335238095,0,0,10876.25,10876.25,0,9565,329,0.528200388
526,0,10795,25900,-81.25,15023.75,-0.01522961575,2.816073102,15105,2.831302718,0.296875,23.703125,7,33.76,0,0,10876.25,10876.25,0,9565,330,0.5292451382
527,0,10876.25,9170,0,-1706.25,0,-0.3198219306,-1706.25,-0.3198219306,3.096354167,3.096354167,0.65,2.747539683,0,0,10876.25,10876.25,0,9565,331,0.5302045345
528,0,10876.25,8770,0,-2106.25,0,-0.3947985005,-2106.25,-0.3947985005,2.22116548,2.22116548,0.8,3.547539683,0,0,10876.25,10876.25,0,9565,332,0.5316128731
529,0,10876.25,27300,0,16423.75,0,3.078491097,16423.75,3.078491097,1.78366548,24.21633452,3,16.36,0,0,10876.25,10876.25,0,9565,333,0.532428503
530,0,10876.25,8300,0,-2576.25,0,-0.48289597,-2576.25,-0.48289597,2.344791667,2.344791667,0.8,6.188571429,0,0,10876.25,10876.25,0,9565,334,0.533853054
531,0,10391.66667,16895,-484.5833333,6018.75,-0.09083099032,1.128163074,6503.333333,1.218994064,1.65625,15.34375,7,19.4,0,0,10876.25,10876.25,0,9565,335,0.5349135399
532,0,10350,8200,-526.25,-2676.25,-0.09864104967,-0.5016401125,-2150,-0.4029990628,0.671875,0.671875,1,5.263253968,0,0,10876.25,10876.25,0,9565,336,0.5359389782
533,0,9850,18165,-1026.25,7288.75,-0.1923617619,1.366213683,8315,1.558575445,0.515625,18.484375,7,26.44,0,0,10876.25,10876.25,0,9565,337,0.5367376804
534,0,10550,7700,-326.25,-3176.25,-0.06115276476,-0.5953608247,-2850,-0.53420806,2.65625,2.65625,1,9.100952381,0,0,10876.25,10876.25,0,9565,338,0.5376830101
535,0,9800,19850,-1076.25,8973.75,-0.2017338332,1.682052484,10050,1.883786317,2.421875,24.578125,8,37.4,0,0,10876.25,10876.25,0,9565,339,0.5385582447
536,0,10876.25,8275,0,-2601.25,0,-0.4875820056,-2601.25,-0.4875820056,0.687890625,0.687890625,1,4.363095238,0,0,10876.25,10876.25,0,9565,340,0.5395662785
537,0,10025,29225,-851.25,18348.75,-0.1595595127,3.439315839,19200,3.598875351,0.421875,26.578125,7,36.04,0,0,10876.25,10876.25,0,9565,341,0.5404617786
538,0,10876.25,8150,0,-2726.25,0,-0.5110121837,-2726.25,-0.5110121837,2.53838848,2.53838848,0.8,5.087063492,0,0,10876.25,10876.25,0,9565,342,0.5416426659
539,0,10080.83333,25980,-795.4166667,15103.75,-0.1490940331,2.831068416,15899.16667,2.980162449,1.60546875,27.39453125,5,23,0,0,10876.25,10876.25,0,9565,343,0.5429055691
540,0,10876.25,7370,0,-3506.25,0,-0.6572164948,-3506.25,-0.6572164948,4.106201172,4.106201172,1,4.984444444,0,0,10876.25,10876.25,0,9565,344,0.5444135666
541,0,9970,22145,-906.25,11268.75,-0.169868791,2.112230553,12175,2.282099344,0.375,13.625,7,21.2,0,0,10876.25,10876.25,0,9565,345,0.5456180573
542,0,10876.25,7420,0,-3456.25,0,-0.6478444236,-3456.25,-0.6478444236,1.61328125,1.61328125,0.8,4.825396825,0,0,10876.25,10876.25,0,9565,346,0.5464992523
543,0,9970,22635,-906.25,11758.75,-0.169868791,2.204076851,12665,2.373945642,0.359375,17.640625,7,25.16,0,0,10876.25,10876.25,0,9565,347,0.5474817753
544,0,10876.25,7485,1.818989404e-12,-3391.25,3.409539651e-16,-0.635660731,-3391.25,-0.635660731,0.9392233456,0.9392233456,1,4.817777778,0,0,10876.25,10876.25,0,9565,348,0.5484213829
545,0,9835,27420,-1041.25,16543.75,-0.1951733833,3.100984067,17585,3.296157451,0.296875,29.703125,7,41.2,0,0,10876.25,10876.25,0,9565,349,0.5494918823
546,0,10876.25,26165,0,15288.75,0,2.86574508,15288.75,2.86574508,1.523979243,43.77397924,4,57.88,0,0,10876.25,10876.25,0,9565,350,0.5505387783
547,0,10876.25,11420,0,543.75,0,0.1019212746,543.75,0.1019212746,1.335610465,1.335610465,0.32,0.32,0,0,10876.25,10876.25,0,9565,351,0.5521607399
548,0,10876.25,7520,0,-3356.25,0,-0.6291002812,-3356.25,-0.6291002812,1.308202738,18.94130172,1,8.771507937,0,0,10876.25,10876.25,0,9565,352,0.5541791916
549,0,10790,7360,-86.25,-3516.25,-0.01616682287,-0.6590909091,-3430,-0.6429240862,2.09375,2.09375,0.6666666667,6.116111111,0,0,10876.25,10876.25,0,9565,353,0.5555181503
550,0,10790,7310,-86.25,-3566.25,-0.01616682287,-0.6684629803,-3480,-0.6522961575,1.59375,1.59375,1,7.116111111,0,0,10876.25,10876.25,0,9565,354,0.5565481186
551,0,10820,7420,-56.25,-3456.25,-0.01054358013,-0.6478444236,-3400,-0.6373008435,0.59375,0.59375,0.6666666667,5.916111111,0,0,10876.25,10876.25,0,9565,355,0.5574805737
552,0,10820,22215,-56.25,11338.75,-0.01054358013,2.125351453,11395,2.135895033,0.59375,13.40625,7,21.4,0,0,10876.25,10876.25,0,9565,356,0.5582499504
553,0,10876.25,7370,0,-3506.25,0,-0.6572164948,-3506.25,-0.6572164948,1.28703125,1.28703125,0.6666666667,5.916111111,0,0,10876.25,10876.25,0,9565,357,0.559084177
554,0,10770,22265,-106.25,11388.75,-0.01991565136,2.134723524,11495,2.154639175,0.59375,13.40625,7,21.4,0,0,10876.25,10876.25,0,9565,358,0.5600380898
555,0,10876.25,33600,0,22723.75,0,4.259372071,22723.75,4.259372071,0.96078125,40.75921875,4,60.04,0,0,10876.25,10876.25,0,9565,359,0.5610451698
556,0,10876.25,8680,0,-2196.25,0,-0.4116682287,-2196.25,-0.4116682287,0.3016927083,0.3016927083,0.6666666667,3.357936508,0,0,10876.25,10876.25,0,9565,360,0.5623624325
557,0,10180,23605,-696.25,12728.75,-0.1305060918,2.385895033,13425,2.516401125,0.15625,26.84375,7,34.76,0,0,10876.25,10876.25,0,9565,361,0.5634684563
558,0,10876.25,7525,0,-3351.25,0,-0.628163074,-3351.25,-0.628163074,0.7515625,0.7515625,0.6666666667,4.602539683,0,0,10876.25,10876.25,0,9565,362,0.5644145012
559,0,10675,24770,-201.25,13893.75,-0.03772258669,2.604264292,14095,2.641986879,0.359375,20.640625,7,30.4,0,0,10876.25,10876.25,0,9565,363,0.5653295517
560,0,10876.25,7640,0,-3236.25,0,-0.6066073102,-3236.25,-0.6066073102,1.852979473,1.852979473,0.6666666667,4.691507937,0,0,10876.25,10876.25,0,9565,364,0.5662353039
561,0,10540,22275,-336.25,11398.75,-0.06302717901,2.136597938,11735,2.199625117,0.4375,15.5625,7,21.4,0,0,10876.25,10876.25,0,9565,365,0.5672287941
562,0,10876.25,7670,0,-3206.25,0,-0.6009840675,-3206.25,-0.6009840675,3.028645833,3.028645833,0.6666666667,5.916111111,0,0,10876.25,10876.25,0,9565,366,0.5682992935
563,0,10876.25,22425,0,11548.75,0,2.164714152,11548.75,2.164714152,1.361361229,16.63863877,6,17.4,0,0,10876.25,10876.25,0,9565,367,0.5698494911
564,0,10876.25,7420,0,-3456.25,0,-0.6478444236,-3456.25,-0.6478444236,0.599609375,0.599609375,0.6666666667,5.437142857,0,0,10876.25,10876.25,0,9565,368,0.5711305141
565,0,10070,24335,-806.25,13458.75,-0.1511246485,2.522727273,14265,2.673851921,0.515625,20.484375,8,35.4,0,0,10876.25,10876.25,0,9565,369,0.5720667839
566,0,10876.25,7370,0,-3506.25,0,-0.6572164948,-3506.25,-0.6572164948,0.6048177083,0.6048177083,0.6666666667,5.437142857,0,0,10876.25,10876.25,0,9565,370,0.5729553699
567,0,10020,23935,-856.25,13058.75,-0.1604967198,2.447750703,13915,2.608247423,0.515625,22.484375,7,35.4,0,0,10876.25,10876.25,0,9565,371,0.5738792419
568,0,10876.25,7615,0,-3261.25,0,-0.6112933458,-3261.25,-0.6112933458,0.550390625,0.550390625,0.6666666667,5.12484127,0,0,10876.25,10876.25,0,9565,372,0.5748507977
569,0,10515,24600,-361.25,13723.75,-0.06771321462,2.57239925,14085,2.640112465,0.4375,23.5625,7,32.4,0,0,10876.25,10876.25,0,9565,373,0.5758504868
570,0,10876.25,24150,0,13273.75,0,2.488050609,13273.75,2.488050609,0.6048177083,41.60481771,4,52.68,0,0,10876.25,10876.25,0,9565,374,0.576996088
571,0,10548.5,9045,-327.75,-1831.25,-0.0614339269,-0.3432521087,-1503.5,-0.2818181818,0.9828125,0.9828125,0.3,0.7165873016,0,0,10876.25,10876.25,0,9565,375,0.5783419609
572,0,9845,25560,-1031.25,14683.75,-0.1932989691,2.752343018,15715,2.945641987,0.15625,20.84375,8,35.48,0,0,10876.25,10876.25,0,9565,376,0.579436779
573,0,10876.25,8895,0,-1981.25,0,-0.3713683224,-1981.25,-0.3713683224,0.4459635417,0.4459635417,0.3,0.8123809524,0,0,10876.25,10876.25,0,9565,377,0.5803961754
574,0,9745,25970,-1131.25,15093.75,-0.2120431115,2.829194002,16225,3.041237113,0.171875,23.828125,7,35.52,0,0,10876.25,10876.25,0,9565,378,0.581435442
575,0,10876.25,8805,0,-2071.25,0,-0.3882380506,-2071.25,-0.3882380506,1.596815665,1.596815665,0.3,0.8984920635,0,0,10876.25,10876.25,0,9565,379,0.5825014114
576,0,10005,23560,-871.25,12683.75,-0.1633083411,2.377460169,13555,2.54076851,0.125,26.875,7,32.84,0,0,10876.25,10876.25,0,9565,380,0.5835363865
577,0,10876.25,8680,0,-2196.25,0,-0.4116682287,-2196.25,-0.4116682287,0.2600260417,0.2600260417,0.3,0.5123809524,0,0,10876.25,10876.25,0,9565,381,0.5844192505
578,0,9280,24895,-1596.25,14018.75,-0.2992033739,2.62769447,15615,2.926897844,0.09375,18.90625,7,31.52,0,0,10876.25,10876.25,0,9565,382,0.5852911472
579,0,10876.25,8730,0,-2146.25,0,-0.4022961575,-2146.25,-0.4022961575,0.452734375,0.452734375,0.3,0.4266666667,0,0,10876.25,10876.25,0,9565,383,0.5861449242
580,0,9180,22300,-1696.25,11423.75,-0.3179475164,2.141283974,13120,2.45923149,0.046875,20.953125,7,28.84,0,0,10876.25,10876.25,0,9565,384,0.5870685577
581,0,10876.25,8635,0,-2241.25,0,-0.4201030928,-2241.25,-0.4201030928,0.2334635417,0.2334635417,0.3,0.8984920635,0,0,10876.25,10876.25,0,9565,385,0.5881102085
582,0,9835,20180,-1041.25,9303.75,-0.1951733833,1.743908154,10345,1.939081537,0.125,9.875,5,13.84,0,0,10876.25,10876.25,0,9565,386,0.5890607834
583,0,10876.25,8685,0,-2191.25,0,-0.4107310216,-2191.25,-0.4107310216,0.2282552083,0.2282552083,0.3,0.8984920635,0,0,10876.25,10876.25,0,9565,387,0.5900001526
584,0,9885,23310,-991.25,12433.75,-0.1858013121,2.330599813,13425,2.516401125,0.125,25.875,7,31.84,0,0,10876.25,10876.25,0,9565,388,0.5909361839
585,0,10876.25,8680,0,-2196.25,0,-0.4116682287,-2196.25,-0.4116682287,0.2287760417,0.2287760417,0.3,0.4266666667,0,0,10876.25,10876.25,0,9565,389,0.5918560028
586,0,9130,22500,-1746.25,11623.75,-0.3273195876,2.178772259,13370,2.506091846,0.046875,21.953125,7,29.84,0,0,10876.25,10876.25,0,9565,390,0.5927345753
587,0,10876.25,27300,0,16423.75,0,3.078491097,16423.75,3.078491097,1.028255208,43.77174479,3,49.6,0,0,10876.25,10876.25,0,9565,391,0.5937039852
588,0,10876.25,7515,0,-3361.25,0,-0.6300374883,-3361.25,-0.6300374883,5.200918045,5.200918045,1,10.51769841,0,0,10876.25,10876.25,0,9565,392,0.5949559212
589,0,10876.25,8190,0,-2686.25,0,-0.5035145267,-2686.25,-0.5035145267,2.003545673,2.003545673,0.9,6.393095238,0,0,10876.25,10876.25,0,9565,393,0.5963642597
590,0,10740,21965,-136.25,11088.75,-0.0255388941,2.078491097,11225,2.104029991,0.359375,10.640625,5,15.16,0,0,10876.25,10876.25,0,9565,394,0.5973465443
591,0,10876.25,8405,0,-2471.25,0,-0.4632146204,-2471.25,-0.4632146204,0.491015625,0.491015625,1,6.158253968,0,0,10876.25,10876.25,0,9565,395,0.5983407497
592,0,10255,22600,-621.25,11723.75,-0.116447985,2.197516401,12345,2.313964386,0.296875,11.703125,6,17.2,0,0,10876.25,10876.25,0,9565,396,0.5993044376
593,0,10876.25,8455,0,-2421.25,0,-0.4538425492,-2421.25,-0.4538425492,0.475390625,0.475390625,0.9,5.747460317,0,0,10876.25,10876.25,0,9565,397,0.6001975536
594,0,10255,24070,-621.25,13193.75,-0.116447985,2.473055295,13815,2.58950328,0.28125,17.71875,7,29.16,0,0,10876.25,10876.25,0,9565,398,0.6011073589
595,0,10876.25,7480,0,-3396.25,0,-0.6365979381,-3396.25,-0.6365979381,3.516796875,3.516796875,1,12.43404762,0,0,10876.25,10876.25,0,9565,399,0.6020393372
596,0,10265,8140,-611.25,-2736.25,-0.1145735708,-0.5128865979,-2125,-0.3983130272,2.2578125,2.2578125,1,6.016587302,0,0,10876.25,10876.25,0,9565,400,0.6030175686
597,0,10490,23855,-386.25,12978.75,-0.07239925023,2.432755389,13365,2.505154639,0.296875,16.703125,7,27.2,0,0,10876.25,10876.25,0,9565,401,0.6039302349
598,0,10876.25,27165,0,16288.75,0,3.053186504,16288.75,3.053186504,0.475390625,43.80585937,4,56.4,0,0,10876.25,10876.25,0,9565,402,0.6050288677
599,0,10876.25,8930,0,-1946.25,0,-0.3648078725,-1946.25,-0.3648078725,0.9705255682,0.9705255682,0.2444444444,1.342539683,0,0,10876.25,10876.25,0,9565,403,0.6065297127
600,0,10830,24835,-46.25,13958.75,-0.008669165886,2.616447985,14005,2.625117151,0.25,15.75,7,24.64,0,0,10876.25,10876.25,0,9565,404,0.60780406
601,0,10876.25,8980,0,-1896.25,0,-0.3554358013,-1896.25,-0.3554358013,0.405078125,0.405078125,0.32,2.132301587,0,0,10876.25,10876.25,0,9565,405,0.6087462902
602,0,10680,28015,-196.25,17138.75,-0.03678537957,3.212511715,17335,3.249297095,0.34375,28.65625,7,37.68,0,0,10876.25,10876.25,0,9565,406,0.6096892357
603,0,10876.25,9055,0,-1821.25,0,-0.3413776945,-1821.25,-0.3413776945,0.381640625,0.381640625,0.1666666667,0.8302380952,0,0,10876.25,10876.25,0,9565,407,0.6106445789
604,0,10205,23150,-671.25,12273.75,-0.1258200562,2.300609185,12945,2.426429241,0.171875,11.828125,6,17.64,0,0,10876.25,10876.25,0,9565,408,0.6115260124
605,0,10876.25,9005,0,-1871.25,0,-0.3507497657,-1871.25,-0.3507497657,0.397265625,0.397265625,0.2,1.241031746,0,0,10876.25,10876.25,0,9565,409,0.6123847961
606,0,10205,25520,-671.25,14643.75,-0.1258200562,2.744845361,15315,2.870665417,0.1875,21.8125,7,33.68,0,0,10876.25,10876.25,0,9565,410,0.6132714748
607,0,10876.25,9030,0,-1846.25,0,-0.3460637301,-1846.25,-0.3460637301,0.389453125,0.389453125,0.3,1.696507937,0,0,10876.25,10876.25,0,9565,411,0.6141552925
608,0,10680,28365,-196.25,17488.75,-0.03678537957,3.278116214,17685,3.314901593,0.328125,29.671875,7,39.64,0,0,10876.25,10876.25,0,9565,412,0.6152889729
609,0,10876.25,31130,0,20253.75,0,3.796391753,20253.75,3.796391753,0.397265625,39.60273437,3,46.64,0,0,10876.25,10876.25,0,9565,413,0.6162612438
610,0,10876.25,9165,0,-1711.25,0,-0.3207591378,-1711.25,-0.3207591378,2.67086573,2.67086573,0.1333333333,0.5635714286,0,0,10876.25,10876.25,0,9565,414,0.6174888611
611,0,10065,24090,-811.25,13213.75,-0.1520618557,2.476804124,14025,2.628865979,0.09375,26.90625,7,32.92,0,0,10876.25,10876.25,0,9565,415,0.6190161705
612,0,10876.25,9150,0,-1726.25,0,-0.3235707591,-1726.25,-0.3235707591,0.1798177083,0.1798177083,0.2444444444,1.075873016,0,0,10876.25,10876.25,0,9565,416,0.6198980808
613,0,10800,22890,-76.25,12013.75,-0.01429240862,2.251874414,12090,2.266166823,0.171875,18.828125,7,25.92,0,0,10876.25,10876.25,0,9565,417,0.6208074093
614,0,10876.25,8960,0,-1916.25,0,-0.3591846298,-1916.25,-0.3591846298,0.199609375,0.199609375,0.2444444444,1.075873016,0,0,10876.25,10876.25,0,9565,418,0.6216869354
615,0,10610,21930,-266.25,11053.75,-0.04990627929,2.071930647,11320,2.121836926,0.171875,18.828125,7,24.92,0,0,10876.25,10876.25,0,9565,419,0.6226620674
616,0,10876.25,9065,0,-1811.25,0,-0.3395032802,-1811.25,-0.3395032802,1.633203125,1.633203125,0.2444444444,1.242539683,0,0,10876.25,10876.25,0,9565,420,0.623673439
617,0,10715,23005,-161.25,12128.75,-0.03022492971,2.273430178,12290,2.303655108,0.171875,19.828125,7,27.92,0,0,10876.25,10876.25,0,9565,421,0.6247508526
618,0,10876.25,8840,0,-2036.25,0,-0.3816776007,-2036.25,-0.3816776007,0.212109375,0.212109375,0.2444444444,1.075873016,0,0,10876.25,10876.25,0,9565,422,0.6256411076
619,0,10490,21070,-386.25,10193.75,-0.07239925023,1.910731022,10580,1.983130272,0.171875,13.828125,7,18.92,0,0,10876.25,10876.25,0,9565,423,0.626609087
620,0,10876.25,8890,0,-1986.25,0,-0.3723055295,-1986.25,-0.3723055295,0.2069010417,0.2069010417,0.2444444444,1.075873016,0,0,10876.25,10876.25,0,9565,424,0.6275396347
621,0,10540,21020,-336.25,10143.75,-0.06302717901,1.90135895,10480,1.964386129,0.171875,13.828125,7,18.92,0,0,10876.25,10876.25,0,9565,425,0.6285681725
622,0,10876.25,22275,0,11398.75,0,2.136597938,11398.75,2.136597938,0.212109375,38.21210937,4,52,0,0,10876.25,10876.25,0,9565,426,0.6295571327
623,0,10245,9345,-631.25,-1531.25,-0.1183223993,-0.2870196813,-900,-0.1686972821,0.09375,0.09375,0.1714285714,0.5286507937,0,0,10876.25,10876.25,0,9565,427,0.630781889
624,0,10245,21215,-631.25,10338.75,-0.1183223993,1.937910028,10970,2.056232427,0.09375,12.90625,7,16.92,0,0,10876.25,10876.25,0,9565,428,0.6318628788
625,0,10876.25,9295,0,-1581.25,0,-0.2963917526,-1581.25,-0.2963917526,0.1647135417,0.1647135417,0.1714285714,0.5286507937,0,0,10876.25,10876.25,0,9565,429,0.6327257156
626,0,10195,23235,-681.25,12358.75,-0.1276944705,2.316541706,13040,2.444236176,0.09375,21.90625,7,29.92,0,0,10876.25,10876.25,0,9565,430,0.6336424351
627,0,10876.25,9220,0,-1656.25,0,-0.3104498594,-1656.25,-0.3104498594,0.1725260417,0.1725260417,0.3142857143,1.174285714,0,0,10876.25,10876.25,0,9565,431,0.6345796585
628,0,10870,21065,-6.25,10188.75,-0.001171508903,1.909793814,10195,1.910965323,0.171875,10.828125,6,15.92,0,0,10876.25,10876.25,0,9565,432,0.6355018616
629,0,10876.25,9170,0,-1706.25,0,-0.3198219306,-1706.25,-0.3198219306,0.177734375,0.177734375,0.3142857143,1.174285714,0,0,10876.25,10876.25,0,9565,433,0.6363730431
630,0,10820,23910,-56.25,13033.75,-0.01054358013,2.443064667,13090,2.453608247,0.171875,20.828125,7,29.92,0,0,10876.25,10876.25,0,9565,434,0.6372396946
631,0,10876.25,21825,0,10948.75,0,2.052249297,10948.75,2.052249297,0.1595052083,47.15950521,4,61.16,0,0,10876.25,10876.25,0,9565,435,0.6381475925
632,0,10435,10185,-441.25,-691.25,-0.08270852858,-0.1295688847,-250,-0.04686035614,0.296875,0.296875,0.16,0.3057142857,0,0,10876.25,10876.25,0,9565,436,0.6394834518
633,0,10435,22800,-441.25,11923.75,-0.08270852858,2.235004686,12365,2.317713215,0.296875,21.703125,7,32.15333333,0,0,10876.25,10876.25,0,9565,437,0.6405422688
634,0,10876.25,9210,0,-1666.25,0,-0.3123242737,-1666.25,-0.3123242737,0.1944010417,0.1944010417,0.2285714286,0.7102380952,0,0,10876.25,10876.25,0,9565,438,0.6414754391
635,0,10510,28445,-366.25,17568.75,-0.06865042174,3.293111528,17935,3.361761949,0.15625,28.84375,7,37.92,0,0,10876.25,10876.25,0,9565,439,0.6424229145
636,0,10876.25,9385,0,-1491.25,0,-0.2795220244,-1491.25,-0.2795220244,0.2803385417,0.2803385417,0.2333333333,0.8756349206,0,0,10876.25,10876.25,0,9565,440,0.6434576511
637,0,10185,26000,-691.25,15123.75,-0.1295688847,2.834817245,15815,2.964386129,0.15625,21.84375,7,33.92,0,0,10876.25,10876.25,0,9565,441,0.6444041729
638,0,10876.25,21170,0,10293.75,0,1.929475164,10293.75,1.929475164,1.119501202,35.50988582,4,49.08,0,0,10876.25,10876.25,0,9565,442,0.6454555988
639,0,10257,9750,-619.25,-1126.25,-0.1160731022,-0.2111059044,-507,-0.09503280225,1.7875,1.7875,0.48,1.473253968,0,0,10876.25,10876.25,0,9565,443,0.6467003822
640,0,10350,17690,-526.25,6813.75,-0.09864104967,1.277179007,7340,1.375820056,0.1875,20.8125,7,30.08,0,0,10876.25,10876.25,0,9565,444,0.6478247643
641,0,10505,9050,-371.25,-1826.25,-0.06958762887,-0.3423149016,-1455,-0.2727272727,3.1875,3.1875,1,6.76452381,0,0,10876.25,10876.25,0,9565,445,0.6486456394
642,0,10545,9945,-331.25,-931.25,-0.06208997188,-0.1745548266,-600,-0.1124648547,0.1875,0.1875,0.48,1.473253968,0,0,10876.25,10876.25,0,9565,446,0.6494750977
643,0,10545,16415,-331.25,5538.75,-0.06208997188,1.03819119,5870,1.100281162,0.1875,18.8125,7,25.08,0,0,10876.25,10876.25,0,9565,447,0.6503007412
644,0,10430,9870,-446.25,-1006.25,-0.08364573571,-0.1886129335,-560,-0.1049671978,1.7875,1.7875,0.48,1.473253968,0,0,10876.25,10876.25,0,9565,448,0.6511864662
645,0,10470,19685,-406.25,8808.75,-0.07614807873,1.651124649,9215,1.727272727,0.1875,27.8125,7,38.08,0,0,10876.25,10876.25,0,9565,449,0.6520829201
646,0,10504.5,9870,-371.75,-1006.25,-0.06968134958,-0.1886129335,-634.5,-0.1189315839,1.9875,1.9875,0.48,1.533253968,0,0,10876.25,10876.25,0,9565,450,0.6530249119
647,0,10876.25,24270,0,13393.75,0,2.51054358,13393.75,2.51054358,0.3362926136,14.66370739,7,19.92,0,0,10876.25,10876.25,0,9565,451,0.6542034149
648,0,10876.25,9025,0,-1851.25,0,-0.3470009372,-1851.25,-0.3470009372,3.249088542,3.249088542,1,6.70452381,0,0,10876.25,10876.25,0,9565,452,0.6553268433
649,0,10345,9745,-531.25,-1131.25,-0.09957825679,-0.2120431115,-600,-0.1124648547,0.1875,0.1875,0.48,1.473253968,0,0,10876.25,10876.25,0,9565,453,0.6564321518
650,0,10345,19110,-531.25,8233.75,-0.09957825679,1.543345829,8765,1.642924086,0.1875,28.8125,7,36.08,0,0,10876.25,10876.25,0,9565,454,0.6572480202
651,0,10720,9670,-156.25,-1206.25,-0.02928772259,-0.2261012184,-1050,-0.1968134958,0.234375,0.234375,0.48,1.250714286,0,0,10876.25,10876.25,0,9565,455,0.6581366062
652,0,10720,26135,-156.25,15258.75,-0.02928772259,2.860121837,15415,2.88940956,0.234375,18.765625,7,26.92,0,0,10876.25,10876.25,0,9565,456,0.6590147018
653,0,10876.25,23475,0,12598.75,0,2.361527648,12598.75,2.361527648,0.2428385417,50.24283854,4,64,0,0,10876.25,10876.25,0,9565,457,0.6599137783
654,0,10480,10480,-396.25,-396.25,-0.07427366448,-0.07427366448,0,0,0,0,0,0,1,0,10876.25,10876.25,0,9565,458,0.6613585949
655,0,10480,16065,-396.25,5188.75,-0.07427366448,0.9725866917,5585,1.046860356,0,27,7,35,0,0,10876.25,10876.25,0,9565,459,0.6624166965
656,0,10220,10190,-656.25,-686.25,-0.1230084349,-0.1286316776,-30,-0.005623242737,1.6,1.6,0,0,1,0,10876.25,10876.25,0,9565,460,0.6633405685
657,0,10190,16765,-686.25,5888.75,-0.1286316776,1.103795689,6575,1.232427366,0,28,7,37,0,0,10876.25,10876.25,0,9565,461,0.6642773151
658,0,10499,10180,-377.25,-696.25,-0.07071227741,-0.1305060918,-319,-0.05979381443,2.6,2.6,1,2.141666667,0,0,10876.25,10876.25,0,9565,462,0.6651647091
659,0,10505,10505,-371.25,-371.25,-0.06958762887,-0.06958762887,0,0,0,0,0,0,1,0,10876.25,10876.25,0,9565,463,0.6660852432
660,0,10505,14185,-371.25,3308.75,-0.06958762887,0.6201968135,3680,0.6897844424,0,15,7,23,0,0,10876.25,10876.25,0,9565,464,0.6668269634
661,0,10517.5,10555,-358.75,-321.25,-0.06724461106,-0.06021555764,37.5,0.007029053421,1.8,1.8,0.12,0.1422222222,0,0,10876.25,10876.25,0,9565,465,0.6676435471
662,0,10572.5,10380,-303.75,-496.25,-0.05693533271,-0.09301780694,-192.5,-0.03608247423,1.015625,1.015625,1,1.142222222,0,0,10876.25,10876.25,0,9565,466,0.6687850952
663,0,10540,10490,-336.25,-386.25,-0.06302717901,-0.07239925023,-50,-0.009372071228,0.015625,0.015625,0.02222222222,0.02222222222,0,0,10876.25,10876.25,0,9565,467,0.6698360443
664,0,10540,17530,-336.25,6653.75,-0.06302717901,1.247188379,6990,1.310215558,0.015625,16.984375,7,27.52,0,0,10876.25,10876.25,0,9565,468,0.6706352234
665,0,10390,10340,-486.25,-536.25,-0.09114339269,-0.1005154639,-50,-0.009372071228,0.015625,0.015625,0.02222222222,0.02222222222,0,0,10876.25,10876.25,0,9565,469,0.6714556217
666,0,10390,19325,-486.25,8448.75,-0.09114339269,1.583645736,8935,1.674789128,0.015625,27.984375,7,38.52,0,0,10876.25,10876.25,0,9565,470,0.6723611355
667,0,10265,10215,-611.25,-661.25,-0.1145735708,-0.123945642,-50,-0.009372071228,0.015625,0.015625,0,0,1,0,10876.25,10876.25,0,9565,471,0.6733138561
668,0,10215,15255,-661.25,4378.75,-0.123945642,0.8207591378,5040,0.9447047798,0,21,7,30,0,0,10876.25,10876.25,0,9565,472,0.6742305756
669,0,10390,10390,-486.25,-486.25,-0.09114339269,-0.09114339269,0,0,0,0,0,0,1,0,10876.25,10876.25,0,9565,473,0.6750566959
670,0,10390,13580,-486.25,2703.75,-0.09114339269,0.5067947516,3190,0.5979381443,0,16,7,23,0,0,10876.25,10876.25,0,9565,474,0.6759736538
671,0,10338.75,10340,-537.5,-536.25,-0.1007497657,-0.1005154639,1.25,0.0002343017807,0.3,0.3,0.02222222222,0.02222222222,0,0,10876.25,10876.25,0,9565,475,0.6768004894
672,0,10390,15870,-486.25,4993.75,-0.09114339269,0.9360356139,5480,1.027179007,0.015625,13.984375,7,19.52,0,0,10876.25,10876.25,0,9565,476,0.6777369976
673,0,10440,19240,-436.25,8363.75,-0.08177132146,1.567713215,8800,1.649484536,0.015625,46.015625,3,57,0,0,10876.25,10876.25,0,9565,477,0.6786704063
674,0,10876.25,10925,0,48.75,0,0.009137769447,48.75,0.009137769447,1.625,1.625,0,0,1,0,10876.25,10876.25,0,9565,478,0.6799867153
675,0,10876.25,17070,0,6193.75,0,1.160965323,6193.75,1.160965323,0.0609375,29.9390625,7,37,0,0,10876.25,10876.25,0,9565,479,0.681240797
676,0,10150,10150,-726.25,-726.25,-0.1361293346,-0.1361293346,0,0,0,0,0,0,1,0,10876.25,10876.25,0,9565,480,0.6822166443
677,0,10150,15825,-726.25,4948.75,-0.1361293346,0.9276007498,5675,1.063730084,0,24,7,33,0,0,10876.25,10876.25,0,9565,481,0.6831011772
678,0,10197.5,9450,-678.75,-1426.25,-0.1272258669,-0.2673383318,-747.5,-0.1401124649,3.2,3.2,1,4.525555556,0,0,10876.25,10876.25,0,9565,482,0.6840331554
679,0,10175,10125,-701.25,-751.25,-0.131443299,-0.1408153702,-50,-0.009372071228,0.015625,0.015625,0.03333333333,0.07833333333,0,0,10876.25,10876.25,0,9565,483,0.684943676
680,0,10175,18550,-701.25,7673.75,-0.131443299,1.438378632,8375,1.569821931,0.015625,24.984375,7,33.92,0,0,10876.25,10876.25,0,9565,484,0.685754776
681,0,10876.25,25490,0,14613.75,0,2.739222118,14613.75,2.739222118,0.226953125,36.77304687,4,54.2,0,0,10876.25,10876.25,0,9565,485,0.6867203712
682,0,10876.25,8760,0,-2116.25,0,-0.3966729147,-2116.25,-0.3966729147,0.54140625,0.54140625,0.4,1.941269841,0,0,10876.25,10876.25,0,9565,486,0.6879553795
683,0,10260,22100,-616.25,11223.75,-0.1155107779,2.103795689,11840,2.219306467,0.15625,17.84375,7,23.96,0,0,10876.25,10876.25,0,9565,487,0.6889972687
684,0,10876.25,8910,0,-1966.25,0,-0.368556701,-1966.25,-0.368556701,0.6041927083,0.6041927083,0.4,1.961269841,0,0,10876.25,10876.25,0,9565,488,0.6898617744
685,0,10460,27695,-416.25,16818.75,-0.07802249297,3.152530459,17235,3.230552952,0.171875,29.828125,7,39.88,0,0,10876.25,10876.25,0,9565,489,0.6908011436
686,0,10876.25,21890,0,11013.75,0,2.06443299,11013.75,2.06443299,0.348828125,42.34882812,4,43.84,0,0,10876.25,10876.25,0,9565,490,0.6917283535
687,0,10876.25,10850,0,-26.25,0,-0.004920337395,-26.25,-0.004920337395,9.327596618,9.327596618,1,3.613333333,0,0,10876.25,10876.25,0,9565,491,0.6931083202
688,0,10876.25,11760,0,883.75,0,0.165651359,883.75,0.165651359,0.4411458333,0.4411458333,0.28,0.28,0,0,10876.25,10876.25,0,9565,492,0.6944215298
689,0,10876.25,11425,0,548.75,0,0.1028584817,548.75,0.1028584817,0.4411458333,22.55885417,7,33.27666667,0,0,10876.25,10876.25,0,9565,493,0.6952183247
690,0,9220,7870,-1656.25,-3006.25,-0.3104498594,-0.5634957826,-1350,-0.2530459231,0.140625,0.140625,0.6,2.972142857,0,0,10876.25,10876.25,0,9565,494,0.6961400509
691,0,9220,20550,-1656.25,9673.75,-0.3104498594,1.813261481,11330,2.12371134,0.140625,13.859375,7,21.8,0,0,10876.25,10876.25,0,9565,495,0.6970934868
692,0,10770,7920,-106.25,-2956.25,-0.01991565136,-0.5541237113,-2850,-0.53420806,0.296875,0.296875,0.6,3.451111111,0,0,10876.25,10876.25,0,9565,496,0.6979267597
693,0,10020,22900,-856.25,12023.75,-0.1604967198,2.253748828,12880,2.414245548,0.21875,23.78125,7,33.8,0,0,10876.25,10876.25,0,9565,497,0.6988544464
694,0,10620,7770,-256.25,-3106.25,-0.04803186504,-0.582239925,-2850,-0.53420806,0.296875,0.296875,0.6,3.451111111,0,0,10876.25,10876.25,0,9565,498,0.6998140812
695,0,9870,19520,-1006.25,8643.75,-0.1886129335,1.620196813,9650,1.808809747,0.21875,12.78125,7,16.8,0,0,10876.25,10876.25,0,9565,499,0.7007524967
696,0,10510,7660,-366.25,-3216.25,-0.06865042174,-0.6028584817,-2850,-0.53420806,0.296875,0.296875,0.6,3.451111111,0,0,10876.25,10876.25,0,9565,500,0.7015542984
697,0,9760,19890,-1116.25,9013.75,-0.2092314902,1.689550141,10130,1.898781631,0.21875,13.78125,7,18.8,0,0,10876.25,10876.25,0,9565,501,0.7023952007
698,0,10560,7710,-316.25,-3166.25,-0.05927835052,-0.5934864105,-2850,-0.53420806,0.296875,0.296875,0.6,3.451111111,0,0,10876.25,10876.25,0,9565,502,0.7033040524
699,0,9810,19840,-1066.25,8963.75,-0.1998594189,1.680178069,10030,1.880037488,0.21875,13.78125,7,18.8,0,0,10876.25,10876.25,0,9565,503,0.7042155266
700,0,10835,7985,-41.25,-2891.25,-0.007731958763,-0.5419400187,-2850,-0.53420806,0.296875,0.296875,0.6,2.80547619,0,0,10876.25,10876.25,0,9565,504,0.7050180435
701,0,9335,18980,-1541.25,8103.75,-0.2888940956,1.518978444,9645,1.80787254,0.140625,10.859375,6,15.8,0,0,10876.25,10876.25,0,9565,505,0.705837965
702,0,10876.25,8035,0,-2841.25,0,-0.5325679475,-2841.25,-0.5325679475,0.4045673077,0.4045673077,0.6,2.80547619,0,0,10876.25,10876.25,0,9565,506,0.7066340446
703,0,9385,23520,-1491.25,12643.75,-0.2795220244,2.369962512,14135,2.649484536,0.140625,27.859375,7,35.8,0,0,10876.25,10876.25,0,9565,507,0.7076041698
704,0,10505,7655,-371.25,-3221.25,-0.06958762887,-0.6037956888,-2850,-0.53420806,0.296875,0.296875,0.6,4.096746032,0,0,10876.25,10876.25,0,9565,508,0.7085530758
705,0,10505,19955,-371.25,9078.75,-0.06958762887,1.701733833,9450,1.771321462,0.296875,11.703125,6,17.8,0,0,10876.25,10876.25,0,9565,509,0.709467411
706,0,10495,7645,-381.25,-3231.25,-0.07146204311,-0.6056701031,-2850,-0.53420806,0.296875,0.296875,0.6,4.096746032,0,0,10876.25,10876.25,0,9565,510,0.7102954388
707,0,10495,23320,-381.25,12443.75,-0.07146204311,2.332474227,12825,2.40393627,0.296875,24.703125,7,34.8,0,0,10876.25,10876.25,0,9565,511,0.7111773491
708,0,10670,7820,-206.25,-3056.25,-0.03865979381,-0.5728678538,-2850,-0.53420806,0.296875,0.296875,0.6,2.972142857,0,0,10876.25,10876.25,0,9565,512,0.7120051384
709,0,9170,19950,-1706.25,9073.75,-0.3198219306,1.700796626,10780,2.020618557,0.140625,14.859375,7,20.8,0,0,10876.25,10876.25,0,9565,513,0.7128815651
710,0,10620,7770,-256.25,-3106.25,-0.04803186504,-0.582239925,-2850,-0.53420806,0.296875,0.296875,0.6,3.451111111,0,0,10876.25,10876.25,0,9565,514,0.7137801647
711,0,9870,19900,-1006.25,9023.75,-0.1886129335,1.691424555,10030,1.880037488,0.21875,13.78125,7,18.8,0,0,10876.25,10876.25,0,9565,515,0.7146728039
712,0,10630,7780,-246.25,-3096.25,-0.0461574508,-0.5803655108,-2850,-0.53420806,0.296875,0.296875,0.6,3.451111111,0,0,10876.25,10876.25,0,9565,516,0.715483427
713,0,9880,20650,-996.25,9773.75,-0.1867385192,1.832005623,10770,2.018744142,0.21875,16.78125,7,24.8,0,0,10876.25,10876.25,0,9565,517,0.7163119316
714,0,10620,27695,-256.25,16818.75,-0.04803186504,3.152530459,17075,3.200562324,0.296875,35.703125,4,46.92,0,0,10876.25,10876.25,0,9565,518,0.7171602249
715,0,10876.25,9635,0,-1241.25,0,-0.2326616682,-1241.25,-0.2326616682,2.76484375,2.76484375,1,4.852857143,0,0,10876.25,10876.25,0,9565,519,0.7184796333
716,0,10845,10595,-31.25,-281.25,-0.005857544517,-0.05271790066,-250,-0.04686035614,0.078125,0.078125,1,1.333333333,0,0,10876.25,10876.25,0,9565,520,0.7199351788
717,0,10845,15290,-31.25,4413.75,-0.005857544517,0.8273195876,4445,0.8331771321,0.078125,10.921875,6,15.56,0,0,10876.25,10876.25,0,9565,521,0.7207834721
718,0,10876.25,10545,0,-331.25,0,-0.06208997188,-331.25,-0.06208997188,0.103515625,0.103515625,1,1.333333333,0,0,10876.25,10876.25,0,9565,522,0.7216863632
719,0,10795,16375,-81.25,5498.75,-0.01522961575,1.030693533,5580,1.045923149,0.078125,13.921875,7,18.56,0,0,10876.25,10876.25,0,9565,523,0.7225949764
720,0,10876.25,20995,0,10118.75,0,1.896672915,10118.75,1.896672915,1.706640625,38.90664063,4,53,0,0,10876.25,10876.25,0,9565,524,0.7235736847
721,0,9425,8430,-1451.25,-2446.25,-0.2720243674,-0.4585285848,-995,-0.1865042174,4.08203125,4.08203125,1,7.423015873,0,0,10876.25,10876.25,0,9565,525,0.7250301838
722,0,9740,21290,-1136.25,10413.75,-0.2129803187,1.951968135,11550,2.164948454,2.15625,26.84375,7,39.28,0,0,10876.25,10876.25,0,9565,526,0.7263400555
723,0,10876.25,9115,0,-1761.25,0,-0.330131209,-1761.25,-0.330131209,0.550390625,0.550390625,1,4.926666667,0,0,10876.25,10876.25,0,9565,527,0.7273097038
724,0,10415,19170,-461.25,8293.75,-0.08645735708,1.554592315,8755,1.641049672,0.40625,23.59375,7,33.32,0,0,10876.25,10876.25,0,9565,528,0.7282767296
725,0,10876.25,9180,0,-1696.25,0,-0.3179475164,-1696.25,-0.3179475164,0.530078125,0.530078125,1,3.382936508,0,0,10876.25,10876.25,0,9565,529,0.7292029858
726,0,10180,19805,-696.25,8928.75,-0.1305060918,1.673617619,9625,1.804123711,0.3125,23.6875,7,32.28,0,0,10876.25,10876.25,0,9565,530,0.7301213741
727,0,10876.25,26200,0,15323.75,0,2.87230553,15323.75,2.87230553,0.550390625,36.55039062,4,47.52,0,0,10876.25,10876.25,0,9565,531,0.7310442924
728,0,10876.25,9360,0,-1516.25,0,-0.28420806,-1516.25,-0.28420806,0.4200520833,0.4200520833,0.3,0.5488888889,0,0,10876.25,10876.25,0,9565,532,0.7322497368
729,0,10260,19955,-616.25,9078.75,-0.1155107779,1.701733833,9695,1.817244611,0.09375,9.90625,5,13.72,0,0,10876.25,10876.25,0,9565,533,0.7334010601
730,0,10876.25,9285,0,-1591.25,0,-0.2982661668,-1591.25,-0.2982661668,0.6797730383,0.6797730383,0.3,0.8469047619,0,0,10876.25,10876.25,0,9565,534,0.7343420982
731,0,10876.25,21800,0,10923.75,0,2.047563261,10923.75,2.047563261,0.2453125,19.7546875,7,32.16,0,0,10876.25,10876.25,0,9565,535,0.735265255
732,0,10876.25,7675,0,-3201.25,0,-0.6000468604,-3201.25,-0.6000468604,3.261588542,3.261588542,1,6.787857143,0,0,10876.25,10876.25,0,9565,536,0.7362098694
733,0,9625,8675,-1251.25,-2201.25,-0.2345360825,-0.4126054358,-950,-0.1780693533,0.109375,0.109375,0.3,0.873015873,0,0,10876.25,10876.25,0,9565,537,0.7372300625
734,0,9625,25140,-1251.25,14263.75,-0.2345360825,2.673617619,15515,2.908153702,0.109375,22.890625,7,34.48,0,0,10876.25,10876.25,0,9565,538,0.7380685806
735,0,10876.25,8500,0,-2376.25,0,-0.4454076851,-2376.25,-0.4454076851,0.3588541667,0.3588541667,0.32,1.492539683,0,0,10876.25,10876.25,0,9565,539,0.7390844822
736,0,10876.25,22665,1.818989404e-12,11788.75,3.409539651e-16,2.209700094,11788.75,2.209700094,0.3098616803,21.69013832,7,29.72,0,0,10876.25,10876.25,0,9565,540,0.7401897907
737,0,10876.25,8475,0,-2401.25,0,-0.4500937207,-2401.25,-0.4500937207,0.2501302083,0.2501302083,0.3,1.181428571,0,0,10876.25,10876.25,0,9565,541,0.7413368225
738,0,9375,25170,-1501.25,14293.75,-0.2813964386,2.679240862,15795,2.960637301,0.09375,29.90625,7,38.92,0,0,10876.25,10876.25,0,9565,542,0.7422683239
739,0,10876.25,8380,0,-2496.25,0,-0.467900656,-2496.25,-0.467900656,0.2704427083,0.2704427083,0.3,1.581428571,0,0,10876.25,10876.25,0,9565,543,0.7431340218
740,0,9330,23005,-1546.25,12128.75,-0.2898313027,2.273430178,13675,2.563261481,0.109375,10.890625,5,15.48,0,0,10876.25,10876.25,0,9565,544,0.7440812588
741,0,10876.25,8310,0,-2566.25,0,-0.4810215558,-2566.25,-0.4810215558,0.4756510417,0.4756510417,0.3,1.381428571,0,0,10876.25,10876.25,0,9565,545,0.744925499
742,0,9210,22775,-1666.25,11898.75,-0.3123242737,2.23031865,13565,2.542642924,0.09375,27.90625,7,34.96,0,0,10876.25,10876.25,0,9565,546,0.7457962036
743,0,10876.25,8195,0,-2681.25,0,-0.5025773196,-2681.25,-0.5025773196,0.2897135417,0.2897135417,0.3666666667,2.317857143,0,0,10876.25,10876.25,0,9565,547,0.7466371059
744,0,9895,23520,-981.25,12643.75,-0.1839268978,2.369962512,13625,2.55388941,0.1875,12.8125,7,19.48,0,0,10876.25,10876.25,0,9565,548,0.7475049496
745,0,10876.25,8125,0,-2751.25,0,-0.5156982193,-2751.25,-0.5156982193,0.494921875,0.494921875,0.3666666667,2.027063492,0,0,10876.25,10876.25,0,9565,549,0.7483603954
746,0,9775,22365,-1101.25,11488.75,-0.2064198688,2.153467666,12590,2.359887535,0.171875,20.828125,7,29.96,0,0,10876.25,10876.25,0,9565,550,0.7492520809
747,0,10876.25,8200,0,-2676.25,0,-0.5016401125,-2676.25,-0.5016401125,0.2891927083,0.2891927083,0.3,1.621428571,0,0,10876.25,10876.25,0,9565,551,0.750150919
748,0,9150,25515,-1726.25,14638.75,-0.3235707591,2.743908154,16365,3.067478913,0.109375,22.890625,7,34.48,0,0,10876.25,10876.25,0,9565,552,0.7511000633
749,0,10876.25,8245,0,-2631.25,0,-0.4932052484,-2631.25,-0.4932052484,0.60203125,0.60203125,0.3666666667,2.027063492,0,0,10876.25,10876.25,0,9565,553,0.7520334721
750,0,9895,23330,-981.25,12453.75,-0.1839268978,2.334348641,13435,2.518275539,0.171875,25.828125,7,33.96,0,0,10876.25,10876.25,0,9565,554,0.752982378
751,0,10876.25,32055,0,21178.75,0,3.96977507,21178.75,3.96977507,0.2891927083,42.74205729,4,61.36,0,0,10876.25,10876.25,0,9565,555,0.7539246082
752,0,10876.25,10610,0,-266.25,0,-0.04990627929,-266.25,-0.04990627929,0.027734375,0.027734375,0,0,1,0,10876.25,10876.25,0,9565,556,0.7550549507
753,0,10610,16655,-266.25,5778.75,-0.04990627929,1.083177132,6045,1.133083411,0,28,7,34,0,0,10876.25,10876.25,0,9565,557,0.7563004494
754,0,10775,10775,-101.25,-101.25,-0.01897844424,-0.01897844424,0,0,0,0,0,0,1,0,10876.25,10876.25,0,9565,558,0.7571194172
755,0,10775,12975,-101.25,2098.75,-0.01897844424,0.3933926898,2200,0.412371134,0,10,5,14,0,0,10876.25,10876.25,0,9565,559,0.757963419
756,0,10605,10605,-271.25,-271.25,-0.05084348641,-0.05084348641,0,0,0,0,0,0,1,0,10876.25,10876.25,0,9565,560,0.7587680817
757,0,10605,16120,-271.25,5243.75,-0.05084348641,0.98289597,5515,1.033739456,0,26,7,31,0,0,10876.25,10876.25,0,9565,561,0.7595677376
758,0,10840,10840,-36.25,-36.25,-0.00679475164,-0.00679475164,0,0,0,0,0,0,1,0,10876.25,10876.25,0,9565,562,0.7603478432
759,0,10840,13940,-36.25,3063.75,-0.00679475164,0.5742736645,3100,0.5810684161,0,13,7,20,0,0,10876.25,10876.25,0,9565,563,0.7611219883
760,0,10670,10670,-206.25,-206.25,-0.03865979381,-0.03865979381,0,0,0,0,0,0,1,0,10876.25,10876.25,0,9565,564,0.7618708611
761,0,10670,15710,-206.25,4833.75,-0.03865979381,0.9060449859,5040,0.9447047798,0,19,7,30,0,0,10876.25,10876.25,0,9565,565,0.7626709938
762,0,10876.25,11020,0,143.75,0,0.02694470478,143.75,0.02694470478,1.916666667,1.916666667,0,0,1,0,10876.25,10876.25,0,9565,566,0.7634370327
763,0,10876.25,11500,0,623.75,0,0.1169165886,623.75,0.1169165886,0.05989583333,13.94010417,7,21.72333333,0,0,10876.25,10876.25,0,9565,567,0.764321804
764,0,10145,8495,-731.25,-2381.25,-0.1370665417,-0.4463448922,-1650,-0.3092783505,0.171875,0.171875,0.55,1.985793651,0,0,10876.25,10876.25,0,9565,568,0.7652039528
765,0,10145,23560,-731.25,12683.75,-0.1370665417,2.377460169,13415,2.51452671,0.171875,28.828125,7,36.72,0,0,10876.25,10876.25,0,9565,569,0.7660384178
766,0,10876.25,8260,0,-2616.25,0,-0.490393627,-2616.25,-0.490393627,0.2725260417,0.2725260417,0.55,3.110396825,0,0,10876.25,10876.25,0,9565,570,0.7668998241
767,0,9910,22150,-966.25,11273.75,-0.1811152765,2.11316776,12240,2.294283037,0.171875,21.828125,7,31.72,0,0,10876.25,10876.25,0,9565,571,0.7678096294
768,0,10876.25,8395,0,-2481.25,0,-0.4650890347,-2481.25,-0.4650890347,0.2584635417,0.2584635417,0.55,2.464761905,0,0,10876.25,10876.25,0,9565,572,0.7686920166
769,0,10045,22085,-831.25,11208.75,-0.1558106842,2.100984067,12040,2.256794752,0.171875,19.828125,7,30.72,0,0,10876.25,10876.25,0,9565,573,0.7696795464
770,0,10876.25,8195,0,-2681.25,0,-0.5025773196,-2681.25,-0.5025773196,0.279296875,0.279296875,0.55,3.756031746,0,0,10876.25,10876.25,0,9565,574,0.7706046104
771,0,10595,22585,-281.25,11708.75,-0.05271790066,2.19470478,11990,2.24742268,0.25,21.75,7,30.72,0,0,10876.25,10876.25,0,9565,575,0.7715594769
772,0,10876.25,8270,0,-2606.25,0,-0.4885192127,-2606.25,-0.4885192127,0.271484375,0.271484375,0.55,3.110396825,0,0,10876.25,10876.25,0,9565,576,0.7724018097
773,0,9920,21800,-956.25,10923.75,-0.1792408622,2.047563261,11880,2.226804124,0.171875,22.828125,7,28.72,0,0,10876.25,10876.25,0,9565,577,0.7732994556
774,0,10876.25,24740,0,13863.75,0,2.59864105,13863.75,2.59864105,0.279296875,47.27929688,4,56,0,0,10876.25,10876.25,0,9565,578,0.7742350101
775,0,10876.25,9955,0,-921.25,0,-0.1726804124,-921.25,-0.1726804124,1.0671875,1.0671875,0.2285714286,1.06047619,0,0,10876.25,10876.25,0,9565,579,0.7758440971
776,0,10876.25,26260,0,15383.75,0,2.883552015,15383.75,2.883552015,0.6921875,24.3078125,7,32.52,0,0,10876.25,10876.25,0,9565,580,0.7771980762
777,0,10876.25,9030,0,-1846.25,0,-0.3460637301,-1846.25,-0.3460637301,0.390234375,0.390234375,0.2,0.4922222222,0,0,10876.25,10876.25,0,9565,581,0.7781155109
778,0,9380,24625,-1496.25,13748.75,-0.2804592315,2.577085286,15245,2.857544517,0.078125,16.921875,7,27.56,0,0,10876.25,10876.25,0,9565,582,0.7790036201
779,0,10876.25,9020,0,-1856.25,0,-0.3479381443,-1856.25,-0.3479381443,1.579609375,1.579609375,0.2,0.5388888889,0,0,10876.25,10876.25,0,9565,583,0.7799317837
780,0,9370,24835,-1506.25,13958.75,-0.2823336457,2.616447985,15465,2.898781631,0.078125,17.921875,7,29.52,0,0,10876.25,10876.25,0,9565,584,0.7809233665
781,0,10876.25,8970,0,-1906.25,0,-0.3573102156,-1906.25,-0.3573102156,0.396484375,0.396484375,0.2,0.5388888889,0,0,10876.25,10876.25,0,9565,585,0.7818818092
782,0,9320,23865,-1556.25,12988.75,-0.291705717,2.434629803,14545,2.72633552,0.078125,13.921875,7,21.52,0,0,10876.25,10876.25,0,9565,586,0.7827877998
783,0,10876.25,21660,0,10783.75,0,2.021321462,10783.75,2.021321462,0.3912760417,40.39127604,4,53.52,0,0,10876.25,10876.25,0,9565,587,0.7837405205
784,0,9975,10625,-901.25,-251.25,-0.1689315839,-0.04709465792,650,0.121836926,1.20625,1.20625,0.52,0.6788888889,0,0,10876.25,10876.25,0,9565,588,0.7848792076
785,0,10125,21520,-751.25,10643.75,-0.1408153702,1.995079663,11395,2.135895033,0.421875,17.578125,7,28.02666667,0,0,10876.25,10876.25,0,9565,589,0.7859685421
786,0,10876.25,8855,0,-2021.25,0,-0.3788659794,-2021.25,-0.3788659794,1.419713542,1.419713542,0.2,0.6455555556,0,0,10876.25,10876.25,0,9565,590,0.7869024277
787,0,9255,29205,-1621.25,18328.75,-0.3038894096,3.43556701,19950,3.73945642,0.09375,23.90625,7,33.28,0,0,10876.25,10876.25,0,9565,591,0.7878494263
788,0,10876.25,9025,0,-1851.25,0,-0.3470009372,-1851.25,-0.3470009372,0.547265625,0.547265625,0.06666666667,0.1588888889,0,0,10876.25,10876.25,0,9565,592,0.788800478
789,0,9175,20000,-1701.25,9123.75,-0.3188847235,1.710168697,10825,2.029053421,0.015625,10.984375,6,16.02666667,0,0,10876.25,10876.25,0,9565,593,0.7897515297
790,0,10876.25,21385,0,10508.75,0,1.96977507,10508.75,1.96977507,1.419713542,36.01971354,4,53.26666667,0,0,10876.25,10876.25,0,9565,594,0.7907247543
791,0,9215.5,9085,-1660.75,-1791.25,-0.3112933458,-0.3357544517,-130.5,-0.0244611059,0.63125,0.63125,0.2,0.4941269841,0,0,10876.25,10876.25,0,9565,595,0.7920670509
792,0,9285,25580,-1591.25,14703.75,-0.2982661668,2.756091846,16295,3.054358013,0.03125,19.96875,7,33.48,0,0,10876.25,10876.25,0,9565,596,0.7932238579
793,0,10876.25,9015,0,-1861.25,0,-0.3488753515,-1861.25,-0.3488753515,1.301276042,1.301276042,0.075,0.2338888889,0,0,10876.25,10876.25,0,9565,597,0.7943129539
794,0,9315,25930,-1561.25,15053.75,-0.2926429241,2.821696345,16615,3.114339269,0.0625,20.9375,8,35.86666667,0,0,10876.25,10876.25,0,9565,598,0.7953648567
795,0,10876.25,8965,0,-1911.25,0,-0.3582474227,-1911.25,-0.3582474227,0.3970052083,0.3970052083,0.2,0.5405555556,0,0,10876.25,10876.25,0,9565,599,0.7962875366
796,0,9315,28940,-1561.25,18063.75,-0.2926429241,3.385895033,19625,3.678537957,0.078125,24.921875,7,35.32,0,0,10876.25,10876.25,0,9565,600,0.7972614765
797,0,10876.25,9210,0,-1666.25,0,-0.3123242737,-1666.25,-0.3123242737,0.333203125,0.333203125,0.1333333333,0.4569047619,0,0,10876.25,10876.25,0,9565,601,0.7981832027
798,0,10110,23430,-766.25,12553.75,-0.1436269916,2.353092784,13320,2.496719775,0.09375,18.90625,7,30.02666667,0,0,10876.25,10876.25,0,9565,602,0.7991271019
799,0,10876.25,9040,0,-1836.25,0,-0.3441893158,-1836.25,-0.3441893158,0.2016927083,0.2016927083,0.2,0.7635714286,0,0,10876.25,10876.25,0,9565,603,0.8000667095
800,0,9990,26005,-886.25,15128.75,-0.1661199625,2.835754452,16015,3.001874414,0.109375,20.890625,7,30.48,0,0,10876.25,10876.25,0,9565,604,0.8009631634
801,0,10876.25,26995,0,16118.75,0,3.021321462,16118.75,3.021321462,3.296689619,45.88524894,4,51.76,0,0,10876.25,10876.25,0,9565,605,0.8020408154
802,0,10876.25,10825,0,-51.25,0,-0.009606373008,-51.25,-0.009606373008,0.016015625,0.016015625,0,0,1,0,10876.25,10876.25,0,9565,606,0.8035297394
803,0,10825,14605,-51.25,3728.75,-0.009606373008,0.6989222118,3780,0.7085285848,0,15,7,23.30666667,0,0,10876.25,10876.25,0,9565,607,0.8046677113
804,0,10876.25,10775,0,-101.25,0,-0.01897844424,-101.25,-0.01897844424,1.723958333,1.723958333,0.2,0.3066666667,0,0,10876.25,10876.25,0,9565,608,0.805539608
805,0,10825,18900,-51.25,8023.75,-0.009606373008,1.50398313,8075,1.513589503,0.015625,22.984375,7,30.76,0,0,10876.25,10876.25,0,9565,609,0.8065400124
806,0,10876.25,11070,0,193.75,0,0.03631677601,193.75,0.03631677601,0.08072916667,0.08072916667,0,0,1,0,10876.25,10876.25,0,9565,610,0.8074526787
807,0,10876.25,10045,0,-831.25,0,-0.1558106842,-831.25,-0.1558106842,0.08072916667,10.91927083,6,14.85912698,0,0,10876.25,10876.25,0,9565,611,0.8082585335
808,0,9000,8800,-1876.25,-2076.25,-0.3516869728,-0.3891752577,-200,-0.03748828491,0.03125,0.03125,0.2,0.7432539683,0,0,10876.25,10876.25,0,9565,612,0.8091278076
809,0,9000,26775,-1876.25,15898.75,-0.3516869728,2.980084349,17775,3.331771321,0.03125,26.96875,7,35.48,0,0,10876.25,10876.25,0,9565,613,0.8100538254
810,0,10876.25,8425,0,-2451.25,0,-0.4594657919,-2451.25,-0.4594657919,0.422265625,0.422265625,0.3142857143,1.510396825,0,0,10876.25,10876.25,0,9565,614,0.8109724522
811,0,10075,24060,-801.25,13183.75,-0.1501874414,2.471180881,13985,2.621368322,0.171875,27.828125,7,33.98666667,0,0,10876.25,10876.25,0,9565,615,0.8118302822
812,0,10876.25,8620,0,-2256.25,0,-0.4229147142,-2256.25,-0.4229147142,0.2454427083,0.2454427083,0.2,1.222222222,0,0,10876.25,10876.25,0,9565,616,0.8126828671
813,0,9570,26705,-1306.25,15828.75,-0.2448453608,2.966963449,17135,3.21180881,0.109375,27.890625,7,34.48,0,0,10876.25,10876.25,0,9565,617,0.8135955334
814,0,10876.25,28625,0,17748.75,0,3.326850984,17748.75,3.326850984,0.422265625,27.57773437,3,34.48,0,0,10876.25,10876.25,0,9565,618,0.8145952225
815,0,10876.25,9360,0,-1516.25,0,-0.28420806,-1516.25,-0.28420806,0.192578125,0.192578125,0.4,1.232619048,0,0,10876.25,10876.25,0,9565,619,0.8156485558
816,0,10810,23255,-66.25,12378.75,-0.01241799438,2.320290534,12445,2.332708529,0.171875,10.828125,5,15.44,0,0,10876.25,10876.25,0,9565,620,0.816699028
817,0,10876.25,9575,0,-1301.25,0,-0.2439081537,-1301.25,-0.2439081537,0.281640625,0.281640625,0.6,1.375555556,0,0,10876.25,10876.25,0,9565,621,0.8176527023
818,0,10575,27100,-301.25,16223.75,-0.05646672915,3.041002812,16525,3.097469541,0.1875,25.8125,7,33.48,0,0,10876.25,10876.25,0,9565,622,0.8185529709
819,0,10876.25,9560,0,-1316.25,0,-0.2467197751,-1316.25,-0.2467197751,0.3390625,0.3390625,0.4,1.232619048,0,0,10876.25,10876.25,0,9565,623,0.8196122646
820,0,10876.25,24165,0,13288.75,0,2.490862231,13288.75,2.490862231,0.3390625,14.6609375,7,21.44,0,0,10876.25,10876.25,0,9565,624,0.8205184937
821,0,10876.25,8750,0,-2126.25,0,-0.398547329,-2126.25,-0.398547329,2.462658315,2.462658315,0.6,1.108888889,0,0,10876.25,10876.25,0,9565,625,0.8214187622
822,0,9500,28485,-1376.25,17608.75,-0.2579662605,3.300609185,18985,3.558575445,0.109375,28.890625,7,39.48,0,0,10876.25,10876.25,0,9565,626,0.822460413
823,0,10876.25,8760,0,-2116.25,0,-0.3966729147,-2116.25,-0.3966729147,2.395215557,2.395215557,0.4,1.465952381,0,0,10876.25,10876.25,0,9565,627,0.8235263824
824,0,10460,26915,-416.25,16038.75,-0.07802249297,3.006326148,16455,3.084348641,0.25,27.75,7,34.44,0,0,10876.25,10876.25,0,9565,628,0.8244824409
825,0,10876.25,8835,0,-2041.25,0,-0.3826148079,-2041.25,-0.3826148079,0.4522135417,0.4522135417,0.6,1.461269841,0,0,10876.25,10876.25,0,9565,629,0.8253283501
826,0,9835,23030,-1041.25,12153.75,-0.1951733833,2.278116214,13195,2.473289597,0.1875,11.8125,6,17.48,0,0,10876.25,10876.25,0,9565,630,0.8262276649
827,0,10876.25,8560,0,-2316.25,0,-0.4341611996,-2316.25,-0.4341611996,2.117469394,2.117469394,0.4,1.523095238,0,0,10876.25,10876.25,0,9565,631,0.8270778656
828,0,10260,22455,-616.25,11578.75,-0.1155107779,2.170337395,12195,2.285848172,0.25,10.75,5,15.44,0,0,10876.25,10876.25,0,9565,632,0.8279738426
829,0,10876.25,8510,0,-2366.25,0,-0.4435332709,-2366.25,-0.4435332709,2.363648897,2.363648897,0.6,1.805952381,0,0,10876.25,10876.25,0,9565,633,0.8289067745
830,0,10260,27475,-616.25,16598.75,-0.1155107779,3.111293346,17215,3.226804124,0.265625,29.734375,7,37.48,0,0,10876.25,10876.25,0,9565,634,0.829839468
831,0,10876.25,8495,0,-2381.25,0,-0.4463448922,-2381.25,-0.4463448922,0.8439575785,0.8439575785,0.4,2.135396825,0,0,10876.25,10876.25,0,9565,635,0.8309206963
832,0,10876.25,25620,0,14743.75,0,2.763589503,14743.75,2.763589503,0.5775690543,26.42243095,6,28.48,0,0,10876.25,10876.25,0,9565,636,0.8321859837
833,0,10876.25,8890,0,-1986.25,0,-0.3723055295,-1986.25,-0.3723055295,0.508984375,0.508984375,0.4,1.50484127,0,0,10876.25,10876.25,0,9565,637,0.8334634304
834,0,9590,20215,-1286.25,9338.75,-0.2410965323,1.750468604,10625,1.991565136,0.21875,25.78125,7,35.32,0,0,10876.25,10876.25,0,9565,638,0.8344192505
835,0,10876.25,8715,0,-2161.25,0,-0.4051077788,-2161.25,-0.4051077788,0.675390625,0.675390625,0.6,1.336587302,0,0,10876.25,10876.25,0,9565,639,0.8354172707
836,0,9215,19480,-1661.25,8603.75,-0.3113870665,1.612699157,10265,1.924086223,0.15625,20.84375,7,30.36,0,0,10876.25,10876.25,0,9565,640,0.8365528584
837,0,10876.25,33210,0,22333.75,0,4.186269916,22333.75,4.186269916,0.620703125,39.06679688,6,56.92,0,0,10876.25,10876.25,0,9565,641,0.837505579
838,0,10876.25,8930,0,-1946.25,0,-0.3648078725,-1946.25,-0.3648078725,0.2756510417,0.2756510417,0.3,0.8833333333,0,0,10876.25,10876.25,0,9565,642,0.8387653828
839,0,9480,24745,-1396.25,13868.75,-0.261715089,2.599578257,15265,2.861293346,0.078125,19.921875,7,29.96,0,0,10876.25,10876.25,0,9565,643,0.8399252892
840,0,10876.25,8755,0,-2121.25,0,-0.3976101218,-2121.25,-0.3976101218,1.073707933,1.073707933,0.3,1.484603175,0,0,10876.25,10876.25,0,9565,644,0.840899229
841,0,10705,23955,-171.25,13078.75,-0.03209934396,2.451499531,13250,2.483598875,0.203125,22.796875,8,35.64,0,0,10876.25,10876.25,0,9565,645,0.841881752
842,0,10876.25,8580,0,-2296.25,0,-0.4304123711,-2296.25,-0.4304123711,2.131770833,2.131770833,0.4,2.063571429,0,0,10876.25,10876.25,0,9565,646,0.8428623676
843,0,10876.25,22110,0,11233.75,0,2.105670103,11233.75,2.105670103,1.313493342,27.68650666,7,33.42666667,0,0,10876.25,10876.25,0,9565,647,0.8442327976
844,0,10876.25,7930,0,-2946.25,0,-0.5522492971,-2946.25,-0.5522492971,2.213151042,2.213151042,0.8666666667,5.995873016,0,0,10876.25,10876.25,0,9565,648,0.8458535671
845,0,9522.5,20915,-1353.75,10038.75,-0.2537488285,1.881677601,11392.5,2.135426429,1.40625,13.59375,2,9.464444444,0,0,10876.25,10876.25,0,9565,649,0.8469521999
846,0,10876.25,7945,0,-2931.25,0,-0.5494376757,-2931.25,-0.5494376757,0.544921875,0.544921875,0.8666666667,4.576428571,0,0,10876.25,10876.25,0,9565,650,0.8480730057
847,0,9045,26880,-1831.25,16003.75,-0.3432521087,2.999765698,17835,3.343017807,0.25,29.75,7,37.32,0,0,10876.25,10876.25,0,9565,651,0.8489253521
848,0,10876.25,8040,0,-2836.25,0,-0.5316307404,-2836.25,-0.5316307404,0.524609375,0.524609375,0.8,4.175634921,0,0,10876.25,10876.25,0,9565,652,0.8497693539
849,0,9090,25775,-1786.25,14898.75,-0.3348172446,2.792642924,16685,3.127460169,0.234375,26.765625,7,33.28,0,0,10876.25,10876.25,0,9565,653,0.8506281376
850,0,10876.25,20430,0,9553.75,0,1.79076851,9553.75,1.79076851,0.544921875,36.54492188,4,45.36,0,0,10876.25,10876.25,0,9565,654,0.8514654636
851,0,9959,10435,-917.25,-441.25,-0.1719306467,-0.08270852858,476,0.08922211809,2.68125,2.68125,0.36,0.4,0,0,10876.25,10876.25,0,9565,655,0.8525965214
852,0,10085,17110,-791.25,6233.75,-0.1483130272,1.16846298,7025,1.316776007,0.3125,26.6875,7,35.61,0,0,10876.25,10876.25,0,9565,656,0.8536491394
853,0,9920,9030,-956.25,-1846.25,-0.1792408622,-0.3460637301,-890,-0.1668228679,2.696875,2.696875,0.8,3.525634921,0,0,10876.25,10876.25,0,9565,657,0.8545348644
854,0,9630,16175,-1246.25,5298.75,-0.2335988754,0.9932052484,6545,1.226804124,0.1875,17.8125,7,28.64,0,0,10876.25,10876.25,0,9565,658,0.8554048538
855,0,10010,8860,-866.25,-2016.25,-0.162371134,-0.3779287723,-1150,-0.2155576382,0.359375,0.359375,0.8666666667,3.539047619,0,0,10876.25,10876.25,0,9565,659,0.8562328815
856,0,9510,17185,-1366.25,6308.75,-0.2560918463,1.182521087,7675,1.438612933,0.203125,25.796875,7,31.68,0,0,10876.25,10876.25,0,9565,660,0.8570761681
857,0,10055,8955,-821.25,-1921.25,-0.1539362699,-0.3601218369,-1100,-0.206185567,0.34375,0.34375,0.8,3.525634921,0,0,10876.25,10876.25,0,9565,661,0.8578662872
858,0,9555,18460,-1321.25,7583.75,-0.2476569822,1.421508903,8905,1.669165886,0.1875,29.8125,7,36.64,0,0,10876.25,10876.25,0,9565,662,0.8586790562
859,0,10010,34585,-866.25,23708.75,-0.162371134,4.444001874,24575,4.606373008,0.359375,35.640625,4,53.28,0,0,10876.25,10876.25,0,9565,663,0.8595089912
860,0,10876.25,8585,0,-2291.25,0,-0.429475164,-2291.25,-0.429475164,3.285430743,3.285430743,0.8666666667,5.276428571,0,0,10876.25,10876.25,0,9565,664,0.8605883121
861,0,10435,25550,-441.25,14673.75,-0.08270852858,2.750468604,15115,2.833177132,0.328125,20.671875,7,30.32,0,0,10876.25,10876.25,0,9565,665,0.861679554
862,0,10876.25,8535,0,-2341.25,0,-0.4388472352,-2341.25,-0.4388472352,3.354846398,3.354846398,0.8,5.236825397,0,0,10876.25,10876.25,0,9565,666,0.8627207279
863,0,10876.25,22705,0,11828.75,0,2.217197751,11828.75,2.217197751,0.6515625,12.3484375,7,17.28,0,0,10876.25,10876.25,0,9565,667,0.8638029099
864,0,10876.25,7685,0,-3191.25,0,-0.5981724461,-3191.25,-0.5981724461,0.5720052083,0.5720052083,0.8666666667,5.755396825,0,0,10876.25,10876.25,0,9565,668,0.864771843
865,0,10285,24250,-591.25,13373.75,-0.1108247423,2.506794752,13965,2.617619494,0.40625,18.59375,7,26.32,0,0,10876.25,10876.25,0,9565,669,0.8656747341
866,0,10876.25,7860,0,-3016.25,0,-0.5653701968,-3016.25,-0.5653701968,0.543359375,0.543359375,0.8,4.657857143,0,0,10876.25,10876.25,0,9565,670,0.8666286469
867,0,9660,22455,-1216.25,11578.75,-0.2279756326,2.170337395,12795,2.398313027,0.3125,12.6875,7,19.28,0,0,10876.25,10876.25,0,9565,671,0.8676421642
868,0,10876.25,7810,0,-3066.25,0,-0.574742268,-3066.25,-0.574742268,0.558984375,0.558984375,0.8666666667,5.176428571,0,0,10876.25,10876.25,0,9565,672,0.868530035
869,0,9660,22705,-1216.25,11828.75,-0.2279756326,2.217197751,13045,2.445173383,0.328125,13.671875,7,21.32,0,0,10876.25,10876.25,0,9565,673,0.8694453239
870,0,10876.25,27240,0,16363.75,0,3.067244611,16363.75,3.067244611,0.543359375,38.85585938,4,49.08,0,0,10876.25,10876.25,0,9565,674,0.8704135418
871,0,10876.25,8055,0,-2821.25,0,-0.528819119,-2821.25,-0.528819119,0.756640625,0.756640625,0.8,6.09531746,0,0,10876.25,10876.25,0,9565,675,0.8715302944
872,0,10105,25910,-771.25,15033.75,-0.1445641987,2.817947516,15805,2.962511715,0.390625,26.609375,7,33.28,0,0,10876.25,10876.25,0,9565,676,0.8726699352
873,0,10876.25,7880,0,-2996.25,0,-0.5616213683,-2996.25,-0.5616213683,0.821875,0.821875,0.8666666667,8.22468254,0,0,10876.25,10876.25,0,9565,677,0.8737370968
874,0,10876.25,22550,0,11673.75,0,2.18814433,11673.75,2.18814433,0.821875,12.178125,7,17.32,0,0,10876.25,10876.25,0,9565,678,0.874699831
875,0,10876.25,7530,0,-3346.25,0,-0.6272258669,-3346.25,-0.6272258669,0.577734375,0.577734375,0.8,6.740952381,0,0,10876.25,10876.25,0,9565,679,0.8755888939
876,0,10330,22455,-546.25,11578.75,-0.1023898782,2.170337395,12125,2.272727273,0.46875,11.53125,6,17.28,0,0,10876.25,10876.25,0,9565,680,0.8764531612
877,0,10876.25,7480,0,-3396.25,0,-0.6365979381,-3396.25,-0.6365979381,0.593359375,0.593359375,0.8666666667,8.22468254,0,0,10876.25,10876.25,0,9565,681,0.8773140907
878,0,10580,26295,-296.25,15418.75,-0.05552952202,2.890112465,15715,2.945641987,0.5625,28.4375,7,35.32,0,0,10876.25,10876.25,0,9565,682,0.8782513142
879,0,10876.25,7655,0,-3221.25,0,-0.6037956888,-3221.25,-0.6037956888,0.5647135417,0.5647135417,0.8,6.09531746,0,0,10876.25,10876.25,0,9565,683,0.8791823387
880,0,9705,21830,-1171.25,10953.75,-0.2195407685,2.053186504,12125,2.272727273,0.390625,11.609375,6,17.28,0,0,10876.25,10876.25,0,9565,684,0.8800773621
881,0,10876.25,7605,0,-3271.25,0,-0.6131677601,-3271.25,-0.6131677601,0.5803385417,0.5803385417,0.8666666667,7.579047619,0,0,10876.25,10876.25,0,9565,685,0.8809328079
882,0,9955,22760,-921.25,11883.75,-0.1726804124,2.227507029,12805,2.400187441,0.484375,14.515625,7,23.32,0,0,10876.25,10876.25,0,9565,686,0.8818614483
883,0,10876.25,33615,0,22738.75,0,4.262183693,22738.75,4.262183693,0.5647135417,35.43528646,3,52.16,0,0,10876.25,10876.25,0,9565,687,0.8827545643
884,0,10876.25,7605,0,-3271.25,0,-0.6131677601,-3271.25,-0.6131677601,1.740081189,1.740081189,1,6.221666667,0,0,10876.25,10876.25,0,9565,688,0.8839559555
885,0,10005,23220,-871.25,12343.75,-0.1633083411,2.313730084,13215,2.477038425,0.4375,16.5625,7,27.36,0,0,10876.25,10876.25,0,9565,689,0.8855993748
886,0,10876.25,7490,0,-3386.25,0,-0.6347235239,-3386.25,-0.6347235239,0.5506510417,0.5506510417,1,6.104047619,0,0,10876.25,10876.25,0,9565,690,0.8866527081
887,0,10190,23395,-686.25,12518.75,-0.1286316776,2.346532334,13205,2.475164011,0.375,14.625,7,23.4,0,0,10876.25,10876.25,0,9565,691,0.8876228333
888,0,10876.25,7540,0,-3336.25,0,-0.6253514527,-3336.25,-0.6253514527,0.5350260417,0.5350260417,1,5.456904762,0,0,10876.25,10876.25,0,9565,692,0.8885531425
889,0,10190,23265,-686.25,12388.75,-0.1286316776,2.322164948,13075,2.450796626,0.359375,16.640625,7,23.36,0,0,10876.25,10876.25,0,9565,693,0.8895120621
890,0,10876.25,7430,0,-3446.25,0,-0.6459700094,-3446.25,-0.6459700094,0.5569010417,0.5569010417,1,5.746904762,0,0,10876.25,10876.25,0,9565,694,0.8904490471
891,0,10130,24795,-746.25,13918.75,-0.1398781631,2.608950328,14665,2.748828491,0.375,20.625,7,30.4,0,0,10876.25,10876.25,0,9565,695,0.8914263248
892,0,10876.25,7605,0,-3271.25,0,-0.6131677601,-3271.25,-0.6131677601,0.5282552083,0.5282552083,1,5.144603175,0,0,10876.25,10876.25,0,9565,696,0.8924107552
893,0,9755,20980,-1121.25,10103.75,-0.2101686973,1.893861293,11225,2.104029991,0.359375,9.640625,4,13.36,0,0,10876.25,10876.25,0,9565,697,0.8933997154
894,0,10876.25,7555,0,-3321.25,0,-0.6225398313,-3321.25,-0.6225398313,0.5438802083,0.5438802083,1,5.791746032,0,0,10876.25,10876.25,0,9565,698,0.894288063
895,0,9755,25160,-1121.25,14283.75,-0.2101686973,2.677366448,15405,2.887535145,0.375,25.625,7,33.4,0,0,10876.25,10876.25,0,9565,699,0.8953654766
896,0,10876.25,7480,0,-3396.25,0,-0.6365979381,-3396.25,-0.6365979381,0.5412760417,0.5412760417,1,5.456904762,0,0,10876.25,10876.25,0,9565,700,0.8962750435
897,0,10130,24985,-746.25,14108.75,-0.1398781631,2.644564199,14855,2.784442362,0.359375,23.640625,7,32.36,0,0,10876.25,10876.25,0,9565,701,0.8972632885
898,0,10876.25,24130,0,13253.75,0,2.484301781,13253.75,2.484301781,0.5438802083,36.54388021,4,41.6,0,0,10876.25,10876.25,0,9565,702,0.89828825
899,0,10876.25,8005,1.818989404e-12,-2871.25,3.409539651e-16,-0.5381911903,-2871.25,-0.5381911903,2.235229299,2.235229299,1,3.293333333,0,0,10876.25,10876.25,0,9565,703,0.8998632431
900,0,10876.25,27215,0,16338.75,0,3.062558575,16338.75,3.062558575,1.437594596,22.5624054,4,21.96,0,0,10876.25,10876.25,0,9565,704,0.9014446735
901,0,10876.25,8245,0,-2631.25,0,-0.4932052484,-2631.25,-0.4932052484,0.666015625,0.666015625,1,3.97531746,0,0,10876.25,10876.25,0,9565,705,0.9026682377
902,0,10395,26615,-481.25,15738.75,-0.09020618557,2.950093721,16220,3.040299906,0.515625,11.484375,8,21,0,0,10876.25,10876.25,0,9565,706,0.9035675526
903,0,10876.25,8295,0,-2581.25,0,-0.4838331771,-2581.25,-0.4838331771,0.650390625,0.650390625,1,3.846190476,0,0,10876.25,10876.25,0,9565,707,0.9044077396
904,0,10395,27385,-481.25,16508.75,-0.09020618557,3.094423618,16990,3.184629803,0.5,18.5,7,26.96,0,0,10876.25,10876.25,0,9565,708,0.9053018093
905,0,10876.25,8245,0,-2631.25,0,-0.4932052484,-2631.25,-0.4932052484,0.666015625,0.666015625,1,4.156111111,0,0,10876.25,10876.25,0,9565,709,0.9062685966
906,0,10145,30285,-731.25,19408.75,-0.1370665417,3.638003749,20140,3.775070291,0.4375,29.5625,7,40,0,0,10876.25,10876.25,0,9565,710,0.9072597027
907,0,10876.25,7685,0,-3191.25,0,-0.5981724461,-3191.25,-0.5981724461,2.618359375,2.618359375,1,8.394047619,0,0,10876.25,10876.25,0,9565,711,0.9082813263
908,0,10285,8435,-591.25,-2441.25,-0.1108247423,-0.4575913777,-1850,-0.3467666354,0.421875,0.421875,1,4.102777778,0,0,10876.25,10876.25,0,9565,712,0.9092526436
909,0,10285,26205,-591.25,15328.75,-0.1108247423,2.873242737,15920,2.984067479,0.421875,12.578125,7,18.96,0,0,10876.25,10876.25,0,9565,713,0.9100067616
910,0,10876.25,8285,0,-2591.25,0,-0.4857075914,-2591.25,-0.4857075914,0.653515625,0.653515625,1,3.218174603,0,0,10876.25,10876.25,0,9565,714,0.910923481
911,0,9935,27475,-941.25,16598.75,-0.1764292409,3.111293346,17540,3.287722587,0.359375,18.640625,7,27,0,0,10876.25,10876.25,0,9565,715,0.9118483067
912,0,10876.25,8210,0,-2666.25,0,-0.4997656982,-2666.25,-0.4997656982,0.676953125,0.676953125,1,3.00484127,0,0,10876.25,10876.25,0,9565,716,0.9128158092
913,0,9660,28045,-1216.25,17168.75,-0.2279756326,3.218134958,18385,3.44611059,0.296875,28.703125,7,39.16,0,0,10876.25,10876.25,0,9565,717,0.9137985706
914,0,10876.25,8205,0,-2671.25,0,-0.5007029053,-2671.25,-0.5007029053,3.725130208,3.725130208,1,3.174285714,0,0,10876.25,10876.25,0,9565,718,0.9147384167
915,0,9855,29015,-1021.25,18138.75,-0.1914245548,3.39995314,19160,3.591377694,0.359375,26.640625,7,34,0,0,10876.25,10876.25,0,9565,719,0.9157936573
916,0,10876.25,8320,0,-2556.25,0,-0.4791471415,-2556.25,-0.4791471415,0.642578125,0.642578125,1,3.10484127,0,0,10876.25,10876.25,0,9565,720,0.9166975021
917,0,9920,26190,-956.25,15313.75,-0.1792408622,2.870431115,16270,3.049671978,0.34375,11.65625,6,16.96,0,0,10876.25,10876.25,0,9565,721,0.9175777435
918,0,10876.25,8270,0,-2606.25,0,-0.4885192127,-2606.25,-0.4885192127,0.658203125,0.658203125,1,4.076111111,0,0,10876.25,10876.25,0,9565,722,0.9184598923
919,0,10170,28140,-706.25,17263.75,-0.1323805061,3.235941893,17970,3.368322399,0.4375,20.5625,7,31,0,0,10876.25,10876.25,0,9565,723,0.919342041
920,0,10876.25,8135,0,-2741.25,0,-0.5138238051,-2741.25,-0.5138238051,2.195703125,2.195703125,1,5.57015873,0,0,10876.25,10876.25,0,9565,724,0.9203250408
921,0,10206.875,19835,-669.375,8958.75,-0.1254686036,1.679240862,9628.125,1.804709466,1.59765625,16.65234375,1.6,8.03,0,0,10876.25,10876.25,0,9565,725,0.9218595028
922,0,10876.25,7085,0,-3791.25,0,-0.7106373008,-3791.25,-0.7106373008,1.994514628,1.994514628,1,6.748650794,0,0,10876.25,10876.25,0,9565,726,0.9237837791
923,0,10876.25,19175,0,8298.75,0,1.555529522,8298.75,1.555529522,1.811449392,14.19069653,1.84,12.4,0,0,10876.25,10876.25,0,9565,727,0.9248275757
924,0,10876.25,7245,0,-3631.25,0,-0.6806466729,-3631.25,-0.6806466729,2.064192708,2.064192708,1,6.97484127,0,0,10876.25,10876.25,0,9565,728,0.9262170792
925,0,9675,7195,-1201.25,-3681.25,-0.2251640112,-0.6900187441,-2480,-0.4648547329,1.4375,1.4375,1,7.97484127,0,0,10876.25,10876.25,0,9565,729,0.9275107384
926,0,9705,7305,-1171.25,-3571.25,-0.2195407685,-0.6694001874,-2400,-0.4498594189,0.4375,0.4375,1,6.77484127,0,0,10876.25,10876.25,0,9565,730,0.92851758
927,0,9705,22750,-1171.25,11873.75,-0.2195407685,2.225632615,13045,2.445173383,0.4375,11.5625,8,21.36,0,0,10876.25,10876.25,0,9565,731,0.9292862415
928,0,10876.25,7255,0,-3621.25,0,-0.6787722587,-3621.25,-0.6787722587,0.5751302083,0.5751302083,1,7.093968254,0,0,10876.25,10876.25,0,9565,732,0.9300804138
929,0,9705,23200,-1171.25,12323.75,-0.2195407685,2.309981256,13495,2.529522024,0.453125,17.546875,7,24.4,0,0,10876.25,10876.25,0,9565,733,0.9309201241
930,0,10876.25,6585,0,-4291.25,0,-0.8043580131,-4291.25,-0.8043580131,3.565755208,3.565755208,1,11.73277778,0,0,10876.25,10876.25,0,9565,734,0.9318802357
931,0,9205,7305,-1671.25,-3571.25,-0.3132614808,-0.6694001874,-1900,-0.3561387067,0.28125,0.28125,1,5.540714286,0,0,10876.25,10876.25,0,9565,735,0.9329185486
932,0,9205,23970,-1671.25,13093.75,-0.3132614808,2.454311153,14765,2.767572634,0.28125,19.71875,7,28.36,0,0,10876.25,10876.25,0,9565,736,0.9337444305
933,0,10876.25,7255,0,-3621.25,0,-0.6787722587,-3621.25,-0.6787722587,0.5751302083,0.5751302083,1,6.760634921,0,0,10876.25,10876.25,0,9565,737,0.9347467422
934,0,9705,26870,-1171.25,15993.75,-0.2195407685,2.997891284,17165,3.217432052,0.453125,28.546875,7,39.4,0,0,10876.25,10876.25,0,9565,738,0.9358086586
935,0,10876.25,6510,0,-4366.25,0,-0.81841612,-4366.25,-0.81841612,3.570703125,3.570703125,1,12.75896825,0,0,10876.25,10876.25,0,9565,739,0.9368400574
936,0,10522.5,6810,-353.75,-4066.25,-0.06630740394,-0.7621836926,-3712.5,-0.6958762887,2.4765625,2.4765625,1,10.80103175,0,0,10876.25,10876.25,0,9565,740,0.9377655983
937,0,10522.5,25525,-353.75,14648.75,-0.06630740394,2.745782568,15002.5,2.812089972,2.4765625,24.5234375,7,35.36,0,0,10876.25,10876.25,0,9565,741,0.938513279
938,0,10876.25,7360,0,-3516.25,0,-0.6590909091,-3516.25,-0.6590909091,2.176044695,2.176044695,1,6.266349206,0,0,10876.25,10876.25,0,9565,742,0.9395530224
939,0,10810,23005,-66.25,12128.75,-0.01241799438,2.273430178,12195,2.285848172,0.453125,13.546875,7,21.4,0,0,10876.25,10876.25,0,9565,743,0.9405918121
940,0,10876.25,7535,0,-3341.25,0,-0.6262886598,-3341.25,-0.6262886598,1.76353125,1.76353125,1,6.272063492,0,0,10876.25,10876.25,0,9565,744,0.9414539337
941,0,10435,26120,-441.25,15243.75,-0.08270852858,2.857310216,15685,2.940018744,0.4375,29.5625,7,37.36,0,0,10876.25,10876.25,0,9565,745,0.9423961639
942,0,10876.25,7220,0,-3656.25,0,-0.6853327085,-3656.25,-0.6853327085,2.099938119,2.099938119,1,8.194761905,0,0,10876.25,10876.25,0,9565,746,0.943461895
943,0,10876.25,19770,0,8893.75,0,1.66705717,8893.75,1.66705717,1.718919837,15.66423234,1.8,11.83611111,0,0,10876.25,10876.25,0,9565,747,0.9447422028
944,0,10876.25,8645,0,-2231.25,0,-0.4182286785,-2231.25,-0.4182286785,0.5240885417,0.5240885417,0.5428571429,4.356587302,0,0,10876.25,10876.25,0,9565,748,0.9461205006
945,0,10045,20610,-831.25,9733.75,-0.1558106842,1.824507966,10565,1.98031865,0.4375,28.5625,7,35.44,0,0,10876.25,10876.25,0,9565,749,0.9470777512
946,0,10810,8710,-66.25,-2166.25,-0.01241799438,-0.4060449859,-2100,-0.3936269916,0.65625,0.65625,0.4333333333,2.77952381,0,0,10876.25,10876.25,0,9565,750,0.9482038021
947,0,9810,19125,-1066.25,8248.75,-0.1998594189,1.546157451,9315,1.74601687,0.34375,22.65625,7,34.4,0,0,10876.25,10876.25,0,9565,751,0.9491274357
948,0,10795,27415,-81.25,16538.75,-0.01522961575,3.10004686,16620,3.115276476,0.671875,36.328125,4,46.04,0,0,10876.25,10876.25,0,9565,752,0.9500925541
949,0,10876.25,10985,0,108.75,0,0.02038425492,108.75,0.02038425492,0.0453125,0.0453125,0,0,1,0,10876.25,10876.25,0,9565,753,0.9512703419
950,0,10876.25,14350,0,3473.75,0,0.6511246485,3473.75,0.6511246485,0.0453125,28.9546875,7,37.06666667,0,0,10876.25,10876.25,0,9565,754,0.9525878429
951,0,10876.25,7650,0,-3226.25,0,-0.604732896,-3226.25,-0.604732896,1.076916881,1.076916881,1,6.13952381,0,0,10876.25,10876.25,0,9565,755,0.9536495209
952,0,10876.25,21375,0,10498.75,0,1.967900656,10498.75,1.967900656,0.7219785095,10.27802149,2,10.24,0,0,10876.25,10876.25,0,9565,756,0.9547026157
953,0,10876.25,7440,0,-3436.25,0,-0.6440955951,-3436.25,-0.6440955951,0.587109375,0.587109375,1,6.183571429,0,0,10876.25,10876.25,0,9565,757,0.9556937218
954,0,10040,23805,-836.25,12928.75,-0.1567478913,2.423383318,13765,2.580131209,0.34375,16.65625,7,26.2,0,0,10876.25,10876.25,0,9565,758,0.9565632343
955,0,10876.25,7390,0,-3486.25,0,-0.6534676664,-3486.25,-0.6534676664,0.602734375,0.602734375,1,6.523571429,0,0,10876.25,10876.25,0,9565,759,0.9574503899
956,0,10040,23855,-836.25,12978.75,-0.1567478913,2.432755389,13815,2.58950328,0.359375,16.640625,7,26.24,0,0,10876.25,10876.25,0,9565,760,0.9583795071
957,0,10876.25,29180,0,18303.75,0,3.430880975,18303.75,3.430880975,0.587109375,45.89960937,4,62.44,0,0,10876.25,10876.25,0,9565,761,0.9594039917
958,0,10817.5,7455,-58.75,-3421.25,-0.01101218369,-0.6412839738,-3362.5,-0.6302717901,3.703125,3.703125,1,7.827698413,0,0,10876.25,10876.25,0,9565,762,0.9609394073
959,0,9305,8455,-1571.25,-2421.25,-0.2945173383,-0.4538425492,-850,-0.1593252109,0.171875,0.171875,0.6,2.257380952,0,0,10876.25,10876.25,0,9565,763,0.9620678425
960,0,9305,23860,-1571.25,12983.75,-0.2945173383,2.433692596,14555,2.728209934,0.171875,14.828125,7,23.44,0,0,10876.25,10876.25,0,9565,764,0.9629731178
961,0,10876.25,8105,0,-2771.25,0,-0.5194470478,-2771.25,-0.5194470478,0.4865885417,0.4865885417,0.6,2.926349206,0,0,10876.25,10876.25,0,9565,765,0.9638793468
962,0,9755,24550,-1121.25,13673.75,-0.2101686973,2.563027179,14795,2.773195876,0.265625,18.734375,7,26.48,0,0,10876.25,10876.25,0,9565,766,0.9647917747
963,0,10876.25,8035,0,-2841.25,0,-0.5325679475,-2841.25,-0.5325679475,0.4834635417,0.4834635417,0.6,2.836349206,0,0,10876.25,10876.25,0,9565,767,0.9658226967
964,0,9635,26960,-1241.25,16083.75,-0.2326616682,3.014761012,17325,3.24742268,0.25,26.75,7,35.44,0,0,10876.25,10876.25,0,9565,768,0.9667935371
965,0,10876.25,8430,0,-2446.25,0,-0.4585285848,-2446.25,-0.4585285848,0.452734375,0.452734375,0.6,2.917857143,0,0,10876.25,10876.25,0,9565,769,0.9678099155
966,0,9330,25075,-1546.25,14198.75,-0.2898313027,2.661433927,15745,2.95126523,0.1875,19.8125,7,29.48,0,0,10876.25,10876.25,0,9565,770,0.9687190056
967,0,10876.25,24335,0,13458.75,0,2.522727273,13458.75,2.522727273,0.4834635417,43.92096354,3.08,53.08,0,0,10876.25,10876.25,0,9565,771,0.9696948528
968,0,10225,10425,-651.25,-451.25,-0.1220712277,-0.08458294283,200,0.03748828491,0.453125,0.453125,0.52,0.9057142857,0,0,10876.25,10876.25,0,9565,772,0.9708757401
969,0,10225,23440,-651.25,12563.75,-0.1220712277,2.354967198,13215,2.477038425,0.453125,22.546875,7,32.21,0,0,10876.25,10876.25,0,9565,773,0.9719789028
970,0,10876.25,8875,0,-2001.25,0,-0.3751171509,-2001.25,-0.3751171509,0.291796875,0.291796875,0.32,1.030714286,0,0,10876.25,10876.25,0,9565,774,0.9729382992
971,0,9725,27275,-1151.25,16398.75,-0.21579194,3.073805061,17550,3.289597001,0.171875,24.828125,7,35.44,0,0,10876.25,10876.25,0,9565,775,0.9739096165
972,0,10876.25,9195,0,-1681.25,0,-0.315135895,-1681.25,-0.315135895,2.174453125,2.174453125,0.36,1.35047619,0,0,10876.25,10876.25,0,9565,776,0.9749140739
973,0,10095,24980,-781.25,14103.75,-0.1464386129,2.643626992,14885,2.790065604,0.1875,14.8125,7,23.48,0,0,10876.25,10876.25,0,9565,777,0.9759864807
974,0,10876.25,9125,0,-1751.25,0,-0.3282567948,-1751.25,-0.3282567948,2.467734375,2.467734375,0.32,1.054444444,0,0,10876.25,10876.25,0,9565,778,0.9768719673
975,0,10325,29375,-551.25,18498.75,-0.1033270853,3.467432052,19050,3.570759138,0.28125,23.71875,7,33.12,0,0,10876.25,10876.25,0,9565,779,0.9777972698
976,0,10876.25,8870,0,-2006.25,0,-0.376054358,-2006.25,-0.376054358,0.533203125,0.533203125,0.36,1.637857143,0,0,10876.25,10876.25,0,9565,780,0.9786565304
977,0,9770,27765,-1106.25,16888.75,-0.2073570759,3.165651359,17995,3.373008435,0.1875,28.8125,7,35.48,0,0,10876.25,10876.25,0,9565,781,0.9795377254
978,0,10876.25,30530,0,19653.75,0,3.683926898,19653.75,3.683926898,0.4428385417,44.66158854,3,62.48,0,0,10876.25,10876.25,0,9565,782,0.9804656506
979,0,10876.25,9180,0,-1696.25,0,-0.3179475164,-1696.25,-0.3179475164,0.6046875,0.6046875,0.3,0.7516666667,0,0,10876.25,10876.25,0,9565,783,0.9816060066
980,0,10530,24525,-346.25,13648.75,-0.06490159325,2.558341143,13995,2.623242737,0.171875,12.828125,7,19.44,0,0,10876.25,10876.25,0,9565,784,0.9827663898
981,0,10876.25,9255,0,-1621.25,0,-0.3038894096,-1621.25,-0.3038894096,1.78740625,1.78740625,0.3,0.6933333333,0,0,10876.25,10876.25,0,9565,785,0.9836485386
982,0,9905,26380,-971.25,15503.75,-0.1820524836,2.906044986,16475,3.08809747,0.109375,23.890625,7,32.48,0,0,10876.25,10876.25,0,9565,786,0.9845802784
983,0,10876.25,9065,0,-1811.25,0,-0.3395032802,-1811.25,-0.3395032802,1.565073886,1.565073886,0.3,1.333015873,0,0,10876.25,10876.25,0,9565,787,0.985522747
984,0,10665,26430,-211.25,15553.75,-0.03959700094,2.915417057,15765,2.955014058,0.25,21.75,7,32.44,0,0,10876.25,10876.25,0,9565,788,0.9865348339
985,0,10876.25,8955,0,-1921.25,0,-0.3601218369,-1921.25,-0.3601218369,1.802073317,1.802073317,0.3,0.935,0,0,10876.25,10876.25,0,9565,789,0.9875357151
986,0,10355,26420,-521.25,15543.75,-0.09770384255,2.913542643,16065,3.011246485,0.1875,21.8125,7,32.48,0,0,10876.25,10876.25,0,9565,790,0.9885673523
987,0,10876.25,9095,0,-1781.25,0,-0.3338800375,-1781.25,-0.3338800375,2.394181663,2.394181663,0.32,0.93,0,0,10876.25,10876.25,0,9565,791,0.9896476269
988,0,9945,27680,-931.25,16803.75,-0.1745548266,3.149718838,17735,3.324273664,0.171875,28.828125,7,35.44,0,0,10876.25,10876.25,0,9565,792,0.9906330109
989,0,10876.25,9040,0,-1836.25,0,-0.3441893158,-1836.25,-0.3441893158,0.323828125,0.323828125,0.36,1.852142857,0,0,10876.25,10876.25,0,9565,793,0.9916260242
990,0,10690,24065,-186.25,13188.75,-0.03491096532,2.472118088,13375,2.507029053,0.265625,11.734375,6,17.48,0,0,10876.25,10876.25,0,9565,794,0.9925584793
991,0,10876.25,8970,0,-1906.25,0,-0.3573102156,-1906.25,-0.3573102156,2.436981471,2.436981471,0.32,1.171666667,0,0,10876.25,10876.25,0,9565,795,0.9935388565
992,0,10570,26535,-306.25,15658.75,-0.05740393627,2.935098407,15965,2.992502343,0.25,21.75,7,32.44,0,0,10876.25,10876.25,0,9565,796,0.9944868088
993,0,10876.25,9045,0,-1831.25,0,-0.3432521087,-1831.25,-0.3432521087,0.388671875,0.388671875,0.36,1.053333333,0,0,10876.25,10876.25,0,9565,797,0.9953551292
994,0,9945,23740,-931.25,12863.75,-0.1745548266,2.411199625,13795,2.585754452,0.1875,12.8125,7,19.48,0,0,10876.25,10876.25,0,9565,798,0.9962832928
995,0,10876.25,25345,0,14468.75,0,2.712043112,14468.75,2.712043112,0.373046875,32.37304688,3,45.44,0,0,10876.25,10876.25,0,9565,799,0.9971523285
996,0,10876.25,11565,0,688.75,0,0.1291002812,688.75,0.1291002812,1.689643502,1.689643502,0.8,0.88,0,0,10876.25,10876.25,0,9565,800,0.9982316494
997,0,10876.25,16515,0,5638.75,0,1.056935333,5638.75,1.056935333,0.5161458333,27.48385417,7,32.21,0,0,10876.25,10876.25,0,9565,801,0.9994359016
998,0,10876.25,8490,0,-2386.25,0,-0.4472820993,-2386.25,-0.4472820993,0.495703125,0.495703125,1,2.373492063,0,0,10876.25,10876.25,0,9565,802,1.000400543
999,0,9940,27065,-936.25,16188.75,-0.1754920337,3.034442362,17125,3.209934396,0.203125,25.796875,7,36.24,0,0,10876.25,10876.25,0,9565,803,1.001316547
1000,0,10876.25,8365,0,-2511.25,0,-0.4707122774,-2511.25,-0.4707122774,0.5115885417,0.5115885417,0.8,2.073492063,0,0,10876.25,10876.25,0,9565,804,1.002192497
1001,0,9765,22960,-1111.25,12083.75,-0.208294283,2.264995314,13195,2.473289597,0.1875,12.8125,7,19.2,0,0,10876.25,10876.25,0,9565,805,1.003108501
1002,0,10876.25,8315,0,-2561.25,0,-0.4800843486,-2561.25,-0.4800843486,0.5272135417,0.5272135417,1,2.273492063,0,0,10876.25,10876.25,0,9565,806,1.003969669
1003,0,9765,26640,-1111.25,15763.75,-0.208294283,2.954779756,16875,3.163074039,0.203125,27.796875,7,34.24,0,0,10876.25,10876.25,0,9565,807,1.004930258
1004,0,10876.25,8360,0,-2516.25,0,-0.4716494845,-2516.25,-0.4716494845,0.380078125,0.380078125,0.8,2.652460317,0,0,10876.25,10876.25,0,9565,808,1.005931616
1005,0,10510,26220,-366.25,15343.75,-0.06865042174,2.876054358,15710,2.94470478,0.265625,24.734375,7,33.2,0,0,10876.25,10876.25,0,9565,809,1.006859064
1006,0,10876.25,36510,0,25633.75,0,4.804826617,25633.75,4.804826617,0.5272135417,41.47278646,4,54.52,0,0,10876.25,10876.25,0,9565,810,1.007763386
1007,0,10876.25,8185,0,-2691.25,0,-0.5044517338,-2691.25,-0.5044517338,0.637890625,0.637890625,0.8,4.455793651,0,0,10876.25,10876.25,0,9565,811,1.008960009
1008,0,10335,23700,-541.25,12823.75,-0.101452671,2.403701968,13365,2.505154639,0.265625,18.734375,7,27.2,0,0,10876.25,10876.25,0,9565,812,1.010179043
1009,0,10876.25,8135,0,-2741.25,0,-0.5138238051,-2741.25,-0.5138238051,0.450390625,0.450390625,1,4.655793651,0,0,10876.25,10876.25,0,9565,813,1.011214256
1010,0,10335,23080,-541.25,12203.75,-0.101452671,2.287488285,12745,2.388940956,0.28125,11.71875,6,17.24,0,0,10876.25,10876.25,0,9565,814,1.012214899
1011,0,10876.25,8185,0,-2691.25,0,-0.5044517338,-2691.25,-0.5044517338,0.434765625,0.434765625,0.8,4.455793651,0,0,10876.25,10876.25,0,9565,815,1.01318264
1012,0,10335,23790,-541.25,12913.75,-0.101452671,2.420571696,13455,2.522024367,0.265625,14.734375,7,23.2,0,0,10876.25,10876.25,0,9565,816,1.014150143
1013,0,10876.25,8235,0,-2641.25,0,-0.4950796626,-2641.25,-0.4950796626,1.4390625,1.4390625,1,4.630793651,0,0,10876.25,10876.25,0,9565,817,1.015053988
1014,0,9935,26660,-941.25,15783.75,-0.1764292409,2.958528585,16725,3.134957826,0.28125,26.71875,7,35.24,0,0,10876.25,10876.25,0,9565,818,1.016062021
1015,0,10876.25,8310,0,-2566.25,0,-0.4810215558,-2566.25,-0.4810215558,0.5173177083,0.5173177083,0.8,3.876825397,0,0,10876.25,10876.25,0,9565,819,1.016963243
1016,0,9710,22905,-1166.25,12028.75,-0.2186035614,2.254686036,13195,2.473289597,0.1875,13.8125,7,21.2,0,0,10876.25,10876.25,0,9565,820,1.017831802
1017,0,10876.25,8135,0,-2741.25,0,-0.5138238051,-2741.25,-0.5138238051,2.696354167,2.696354167,1,4.655793651,0,0,10876.25,10876.25,0,9565,821,1.018762589
1018,0,10335,27220,-541.25,16343.75,-0.101452671,3.063495783,16885,3.164948454,0.28125,29.71875,7,37.24,0,0,10876.25,10876.25,0,9565,822,1.019709349
1019,0,10876.25,8180,0,-2696.25,0,-0.505388941,-2696.25,-0.505388941,0.5984375,0.5984375,0.8,5.101428571,0,0,10876.25,10876.25,0,9565,823,1.020717859
1020,0,10876.25,21530,0,10653.75,0,1.996954077,10653.75,1.996954077,0.5984375,10.4015625,5,13.2,0,0,10876.25,10876.25,0,9565,824,1.021598816
1021,0,10876.25,7395,0,-3481.25,0,-0.6525304592,-3481.25,-0.6525304592,3.619365321,3.619365321,1,5.109761905,0,0,10876.25,10876.25,0,9565,825,1.022486925
1022,0,9845,23100,-1031.25,12223.75,-0.1932989691,2.291237113,13255,2.484536082,0.359375,14.640625,7,23.24,0,0,10876.25,10876.25,0,9565,826,1.023450851
1023,0,10876.25,7385,0,-3491.25,0,-0.6544048735,-3491.25,-0.6544048735,3.606096031,3.606096031,0.8,4.455793651,0,0,10876.25,10876.25,0,9565,827,1.024496794
1024,0,9535,25410,-1341.25,14533.75,-0.2514058107,2.724226804,15875,2.975632615,0.265625,26.734375,7,33.2,0,0,10876.25,10876.25,0,9565,828,1.025486946
1025,0,10876.25,7520,0,-3356.25,0,-0.6291002812,-3356.25,-0.6291002812,0.6100260417,0.6100260417,1,4.530793651,0,0,10876.25,10876.25,0,9565,829,1.026328564
1026,0,9220,22215,-1656.25,11338.75,-0.3104498594,2.125351453,12995,2.435801312,0.28125,13.71875,7,21.24,0,0,10876.25,10876.25,0,9565,830,1.027249575
1027,0,10876.25,7445,0,-3431.25,0,-0.643158388,-3431.25,-0.643158388,0.607421875,0.607421875,0.8,4.838968254,0,0,10876.25,10876.25,0,9565,831,1.028114319
1028,0,9845,24060,-1031.25,13183.75,-0.1932989691,2.471180881,14215,2.66447985,0.34375,21.65625,7,33.2,0,0,10876.25,10876.25,0,9565,832,1.029016256
1029,0,10876.25,16850,0,5973.75,0,1.11972821,5973.75,1.11972821,3.32890625,37.82890625,3,47,0,0,10876.25,10876.25,0,9565,833,1.030019283
1030,0,9825,7245,-1051.25,-3631.25,-0.1970477976,-0.6806466729,-2580,-0.4835988754,2.2421875,2.2421875,1,5.402460317,0,0,10876.25,10876.25,0,9565,834,1.031360626
1031,0,9825,24215,-1051.25,13338.75,-0.1970477976,2.500234302,14390,2.697282099,2.2421875,14.7578125,7,23.2,0,0,10876.25,10876.25,0,9565,835,1.032501936
1032,0,10876.25,7795,0,-3081.25,0,-0.5775538894,-3081.25,-0.5775538894,1.33890625,1.33890625,1,2.202460317,0,0,10876.25,10876.25,0,9565,836,1.033512592
1033,0,9995,26820,-881.25,15943.75,-0.1651827554,2.988519213,16825,3.153701968,0.28125,26.71875,7,35.24,0,0,10876.25,10876.25,0,9565,837,1.034491301
1034,0,10876.25,8290,0,-2586.25,0,-0.4847703843,-2586.25,-0.4847703843,0.5194010417,0.5194010417,0.8,1.423492063,0,0,10876.25,10876.25,0,9565,838,1.035407305
1035,0,9690,25825,-1186.25,14948.75,-0.2223523899,2.802014995,16135,3.024367385,0.1875,26.8125,7,34.2,0,0,10876.25,10876.25,0,9565,839,1.036385059
1036,0,10876.25,40185,0,29308.75,0,5.493673852,29308.75,5.493673852,1.606190557,58.72397249,4,68.64,0,0,10876.25,10876.25,0,9565,840,1.037452459
1037,0,10876.25,11725,0,848.75,0,0.1590909091,848.75,0.1590909091,2.549304975,2.549304975,0.04,0.04,0,0,10876.25,10876.25,0,9565,841,1.038993359
1038,0,10876.25,13705,0,2828.75,0,0.5302249297,2828.75,0.5302249297,0.3953125,24.6046875,7,32,0,0,10876.25,10876.25,0,9565,842,1.040489674
1039,0,9590,8130,-1286.25,-2746.25,-0.2410965323,-0.5147610122,-1460,-0.2736644799,2.109375,2.109375,1,4.174920635,0,0,10876.25,10876.25,0,9565,843,1.041415215
1040,0,9335,22795,-1541.25,11918.75,-0.2888940956,2.234067479,13460,2.522961575,2.0703125,19.9296875,7,31.68,0,0,10876.25,10876.25,0,9565,844,1.042332649
1041,0,10876.25,8165,0,-2711.25,0,-0.5082005623,-2711.25,-0.5082005623,0.282421875,0.282421875,0.3,1.073333333,0,0,10876.25,10876.25,0,9565,845,1.043235302
1042,0,9965,20465,-911.25,9588.75,-0.1708059981,1.79732896,10500,1.968134958,0.1875,11.8125,6,17.68,0,0,10876.25,10876.25,0,9565,846,1.044095993
1043,0,10876.25,8155,0,-2721.25,0,-0.5100749766,-2721.25,-0.5100749766,0.2834635417,0.2834635417,0.3,1.073333333,0,0,10876.25,10876.25,0,9565,847,1.044966698
1044,0,9955,23530,-921.25,12653.75,-0.1726804124,2.371836926,13575,2.544517338,0.1875,24.8125,7,32.68,0,0,10876.25,10876.25,0,9565,848,1.045884132
1045,0,10876.25,8550,0,-2326.25,0,-0.4360356139,-2326.25,-0.4360356139,0.2423177083,0.2423177083,0.175,0.5276984127,0,0,10876.25,10876.25,0,9565,849,1.046838284
1046,0,9600,20920,-1276.25,10043.75,-0.2392221181,1.882614808,11320,2.121836926,0.109375,17.890625,7,22.68,0,0,10876.25,10876.25,0,9565,850,1.047745705
1047,0,10876.25,21430,0,10553.75,0,1.978209934,10553.75,1.978209934,0.2834635417,39.28346354,3,55.16,0,0,10876.25,10876.25,0,9565,851,1.048662424
1048,0,9729,9535,-1147.25,-1341.25,-0.2150421743,-0.2514058107,-194,-0.03636363636,3.29375,3.29375,0.05,0.1344444444,0,0,10876.25,10876.25,0,9565,852,1.049870014
1049,0,9835,22615,-1041.25,11738.75,-0.1951733833,2.200328022,12780,2.395501406,0.03125,14.96875,7,22.68,0,0,10876.25,10876.25,0,9565,853,1.051114082
1050,0,10876.25,9460,0,-1416.25,0,-0.2654639175,-1416.25,-0.2654639175,0.1475260417,0.1475260417,0.175,0.5276984127,0,0,10876.25,10876.25,0,9565,854,1.051970243
1051,0,10510,25295,-366.25,14418.75,-0.06865042174,2.70267104,14785,2.771321462,0.109375,27.890625,7,33.68,0,0,10876.25,10876.25,0,9565,855,1.052865028
1052,0,10876.25,9855,0,-1021.25,0,-0.1914245548,-1021.25,-0.1914245548,0.1063802083,0.1063802083,0.05,0.1344444444,0,0,10876.25,10876.25,0,9565,856,1.053763866
1053,0,10155,21280,-721.25,10403.75,-0.1351921275,1.950093721,11125,2.085285848,0.03125,9.96875,5,13.68,0,0,10876.25,10876.25,0,9565,857,1.054621696
1054,0,10876.25,9785,0,-1091.25,0,-0.2045454545,-1091.25,-0.2045454545,0.113671875,0.113671875,0.05,0.1344444444,0,0,10876.25,10876.25,0,9565,858,1.05546093
1055,0,10085,21455,-791.25,10578.75,-0.1483130272,1.98289597,11370,2.131208997,0.03125,12.96875,7,16.68,0,0,10876.25,10876.25,0,9565,859,1.056329966
1056,0,10876.25,9735,0,-1141.25,0,-0.2139175258,-1141.25,-0.2139175258,0.1188802083,0.1188802083,0.05,0.1344444444,0,0,10876.25,10876.25,0,9565,860,1.057179928
1057,0,10035,24060,-841.25,13183.75,-0.1576850984,2.471180881,14025,2.628865979,0.03125,24.96875,7,31.68,0,0,10876.25,10876.25,0,9565,861,1.058085442
1058,0,10876.25,9580,0,-1296.25,0,-0.2429709466,-1296.25,-0.2429709466,0.1350260417,0.1350260417,0.175,0.5276984127,0,0,10876.25,10876.25,0,9565,862,1.058892727
1059,0,10630,23000,-246.25,12123.75,-0.0461574508,2.272492971,12370,2.318650422,0.109375,17.890625,7,23.68,0,0,10876.25,10876.25,0,9565,863,1.059739113
1060,0,10876.25,22670,0,11793.75,0,2.210637301,11793.75,2.210637301,0.1188802083,48.11888021,5,56.2,0,0,10876.25,10876.25,0,9565,864,1.060728073
1061,0,10876.25,10435,0,-441.25,0,-0.08270852858,-441.25,-0.08270852858,5.31424581,5.31424581,0.225,0.6081746032,0,0,10876.25,10876.25,0,9565,865,1.062315702
1062,0,10876.25,10035,0,-841.25,0,-0.1576850984,-841.25,-0.1576850984,2.223313906,2.223313906,0.225,0.6081746032,0,0,10876.25,10876.25,0,9565,866,1.063876867
1063,0,10876.25,23750,0,12873.75,0,2.413074039,12873.75,2.413074039,2.223313906,13.77668609,2,6.88,0,0,10876.25,10876.25,0,9565,867,1.064644814
1064,0,10876.25,10340,0,-536.25,0,-0.1005154639,-536.25,-0.1005154639,0.240625,0.240625,0.24,0.6122222222,0,0,10876.25,10876.25,0,9565,868,1.065854311
1065,0,10876.25,16805,0,5928.75,0,1.111293346,5928.75,1.111293346,0.240625,21.759375,7,30.88,0,0,10876.25,10876.25,0,9565,869,1.066683054
1066,0,10088.75,9330,-787.5,-1546.25,-0.1476101218,-0.2898313027,-758.75,-0.1422211809,1.765625,1.765625,0.44,1.484444444,0,0,10876.25,10876.25,0,9565,870,1.067643881
1067,0,10138.33333,15270,-737.9166667,4393.75,-0.1383161512,0.8235707591,5131.666667,0.9618869103,1.265625,22.734375,6,26.88,0,0,10876.25,10876.25,0,9565,871,1.06888628
1068,0,9830,9030,-1046.25,-1846.25,-0.1961105904,-0.3460637301,-800,-0.1499531396,1.865625,1.865625,0.2,0.4966666667,0,0,10876.25,10876.25,0,9565,872,1.070061207
1069,0,9580,20605,-1296.25,9728.75,-0.2429709466,1.823570759,11025,2.066541706,0.171875,26.828125,7,36.72,0,0,10876.25,10876.25,0,9565,873,1.071008921
1070,0,10590,8830,-286.25,-2046.25,-0.05365510778,-0.383552015,-1760,-0.3298969072,2.946875,2.946875,0.1,0.3582539683,0,0,10876.25,10876.25,0,9565,874,1.072004795
1071,0,9230,27305,-1646.25,16428.75,-0.3085754452,3.079428304,18075,3.388003749,0.0625,25.9375,7,36.56,0,0,10876.25,10876.25,0,9565,875,1.072925091
1072,0,10876.25,8905,0,-1971.25,0,-0.3694939082,-1971.25,-0.3694939082,0.382421875,0.382421875,0.2,0.4166666667,0,0,10876.25,10876.25,0,9565,876,1.073821306
1073,0,9255,17480,-1621.25,6603.75,-0.3038894096,1.237816307,8225,1.541705717,0.109375,25.890625,7,34.88,0,0,10876.25,10876.25,0,9565,877,1.074821234
1074,0,9773.5,8305,-1102.75,-2571.25,-0.2067010309,-0.4819587629,-1468.5,-0.275257732,3.665625,3.665625,1,3.754365079,0,0,10876.25,10876.25,0,9565,878,1.075694084
1075,0,9230,22220,-1646.25,11343.75,-0.3085754452,2.12628866,12990,2.434864105,0.0625,40.0625,4,53.24,0,0,10876.25,10876.25,0,9565,879,1.076653242
1076,0,9990,9960,-886.25,-916.25,-0.1661199625,-0.1717432052,-30,-0.005623242737,3.60625,3.60625,0.24,0.3733333333,0,0,10876.25,10876.25,0,9565,880,1.077806234
1077,0,10260,22425,-616.25,11548.75,-0.1155107779,2.164714152,12165,2.28022493,0.4375,20.5625,7,28.6,0,0,10876.25,10876.25,0,9565,881,1.078895807
1078,0,10876.25,8710,0,-2166.25,0,-0.4060449859,-2166.25,-0.4060449859,0.2256510417,0.2256510417,0.2571428571,0.9954761905,0,0,10876.25,10876.25,0,9565,882,1.079815149
1079,0,10060,24835,-816.25,13958.75,-0.1529990628,2.616447985,14775,2.769447048,0.140625,25.859375,7,35.6,0,0,10876.25,10876.25,0,9565,883,1.080845594
1080,0,10876.25,9085,0,-1791.25,0,-0.3357544517,-1791.25,-0.3357544517,0.1865885417,0.1865885417,0.1142857143,0.3831746032,0,0,10876.25,10876.25,0,9565,884,1.081835508
1081,0,9685,24570,-1191.25,13693.75,-0.223289597,2.566776007,14885,2.790065604,0.0625,27.9375,7,35.6,0,0,10876.25,10876.25,0,9565,885,1.082905531
1082,0,10876.25,30015,0,19138.75,0,3.587394564,19138.75,3.587394564,0.2256510417,34.77434896,3,42.72,0,0,10876.25,10876.25,0,9565,886,1.083885431
1083,0,10876.25,9545,0,-1331.25,0,-0.2495313964,-1331.25,-0.2495313964,1.642299107,1.642299107,0.1142857143,0.3831746032,0,0,10876.25,10876.25,0,9565,887,1.085104942
1084,0,10145,26180,-731.25,15303.75,-0.1370665417,2.868556701,16035,3.005623243,0.0625,28.9375,7,37.6,0,0,10876.25,10876.25,0,9565,888,1.086259365
1085,0,10876.25,9920,0,-956.25,0,-0.1792408622,-956.25,-0.1792408622,0.099609375,0.099609375,0,0,1,0,10876.25,10876.25,0,9565,889,1.087210178
1086,0,9920,16565,-956.25,5688.75,-0.1792408622,1.066307404,6645,1.245548266,0,29,7,38,0,0,10876.25,10876.25,0,9565,890,1.088190079
1087,0,9645,9645,-1231.25,-1231.25,-0.230787254,-0.230787254,0,0,0,0,0,0,1,0,10876.25,10876.25,0,9565,891,1.089104652
1088,0,9645,15420,-1231.25,4543.75,-0.230787254,0.8516869728,5775,1.082474227,0,24,7,33,0,0,10876.25,10876.25,0,9565,892,1.090062618
1089,0,9927,9905,-949.25,-971.25,-0.1779287723,-0.1820524836,-22,-0.00412371134,2.4,2.4,0.1,0.2688888889,0,0,10876.25,10876.25,0,9565,893,1.090948582
1090,0,10505,22405,-371.25,11528.75,-0.06958762887,2.160965323,11900,2.230552952,0.0625,12.9375,7,19.6,0,0,10876.25,10876.25,0,9565,894,1.091879845
1091,0,10876.25,9735,0,-1141.25,0,-0.2139175258,-1141.25,-0.2139175258,0.1188802083,0.1188802083,0.1,0.2688888889,0,0,10876.25,10876.25,0,9565,895,1.092740297
1092,0,10335,22455,-541.25,11578.75,-0.101452671,2.170337395,12120,2.271790066,0.0625,12.9375,7,19.6,0,0,10876.25,10876.25,0,9565,896,1.093629122
1093,0,10876.25,9785,0,-1091.25,0,-0.2045454545,-1091.25,-0.2045454545,0.113671875,0.113671875,0.1,0.2688888889,0,0,10876.25,10876.25,0,9565,897,1.094477415
1094,0,10385,25730,-491.25,14853.75,-0.09208059981,2.78420806,15345,2.87628866,0.0625,29.9375,7,38.6,0,0,10876.25,10876.25,0,9565,898,1.095393181
1095,0,10876.25,9590,0,-1286.25,0,-0.2410965323,-1286.25,-0.2410965323,0.2203125,0.2203125,0.225,0.7192857143,0,0,10876.25,10876.25,0,9565,899,1.096361876
1096,0,10876.25,24125,0,13248.75,0,2.483364574,13248.75,2.483364574,0.2203125,27.7796875,7,33.35,0,0,10876.25,10876.25,0,9565,900,1.097257137
1097,0,10876.25,9045,0,-1831.25,0,-0.3432521087,-1831.25,-0.3432521087,0.2428385417,0.2428385417,0.5,1.285555556,0,0,10876.25,10876.25,0,9565,901,1.098120451
1098,0,9895,26110,-981.25,15233.75,-0.1839268978,2.855435801,16215,3.039362699,0.140625,20.859375,7,31.36,0,0,10876.25,10876.25,0,9565,902,1.099001884
1099,0,10876.25,8670,0,-2206.25,0,-0.4135426429,-2206.25,-0.4135426429,1.35515625,1.35515625,0.5,1.469285714,0,0,10876.25,10876.25,0,9565,903,1.100028992
1100,0,10270,24115,-606.25,13238.75,-0.1136363636,2.481490159,13845,2.595126523,0.21875,12.78125,7,19.36,0,0,10876.25,10876.25,0,9565,904,1.101051092
1101,0,10876.25,8720,0,-2156.25,0,-0.4041705717,-2156.25,-0.4041705717,1.66890625,1.66890625,0.5,1.469285714,0,0,10876.25,10876.25,0,9565,905,1.101932764
1102,0,10320,24825,-556.25,13948.75,-0.1042642924,2.614573571,14505,2.718837863,0.21875,15.78125,7,24.36,0,0,10876.25,10876.25,0,9565,906,1.10284853
1103,0,10876.25,23035,0,12158.75,0,2.279053421,12158.75,2.279053421,1.35515625,35.73015625,3,48,0,0,10876.25,10876.25,0,9565,907,1.103819132
1104,0,10876.25,10660,0,-216.25,0,-0.04053420806,-216.25,-0.04053420806,1.575078125,1.575078125,0.5,1.623888889,0,0,10876.25,10876.25,0,9565,908,1.105071783
1105,0,10876.25,9860,0,-1016.25,0,-0.1904873477,-1016.25,-0.1904873477,0.6296875,0.6296875,0.5,1.383888889,0,0,10876.25,10876.25,0,9565,909,1.106131315
1106,0,10510,25965,-366.25,15088.75,-0.06865042174,2.828256795,15455,2.896907216,0.171875,15.828125,7,24.68,0,0,10876.25,10876.25,0,9565,910,1.106972456
1107,0,10876.25,9810,0,-1066.25,0,-0.1998594189,-1066.25,-0.1998594189,0.85365625,0.85365625,0.5,1.383888889,0,0,10876.25,10876.25,0,9565,911,1.107858896
1108,0,10460,28010,-416.25,17133.75,-0.07802249297,3.211574508,17550,3.289597001,0.171875,24.828125,7,33.68,0,0,10876.25,10876.25,0,9565,912,1.108818293
1109,0,10876.25,9980,0,-896.25,0,-0.1679943768,-896.25,-0.1679943768,0.867109375,0.867109375,0.5,1.383888889,0,0,10876.25,10876.25,0,9565,913,1.109791994
1110,0,10630,26325,-246.25,15448.75,-0.0461574508,2.895735708,15695,2.941893158,0.171875,18.828125,7,26.68,0,0,10876.25,10876.25,0,9565,914,1.110788107
1111,0,10876.25,19275,0,8398.75,0,1.574273664,8398.75,1.574273664,1.205925055,35.6130047,3,52,0,0,10876.25,10876.25,0,9565,915,1.11179471
1112,0,10800,10700,-76.25,-176.25,-0.01429240862,-0.03303655108,-100,-0.01874414246,0.03125,0.03125,0.08,0.08,0,0,10876.25,10876.25,0,9565,916,1.113258362
1113,0,10800,17640,-76.25,6763.75,-0.01429240862,1.267806935,6840,1.282099344,0.03125,16.96875,7,23.08,0,0,10876.25,10876.25,0,9565,917,1.114413977
1114,0,10876.25,10750,0,-126.25,0,-0.02366447985,-126.25,-0.02366447985,0.039453125,0.039453125,0.08,0.08,0,0,10876.25,10876.25,0,9565,918,1.115309238
1115,0,10850,20385,-26.25,9508.75,-0.004920337395,1.782333646,9535,1.787253983,0.03125,28.96875,7,36.08,0,0,10876.25,10876.25,0,9565,919,1.116234541
1116,0,10876.25,10945,0,68.75,0,0.01288659794,68.75,0.01288659794,0.4583333333,0.4583333333,0.2333333333,0.3133333333,0,0,10876.25,10876.25,0,9565,920,1.117139578
1117,0,10876.25,17155,0,6278.75,0,1.176897844,6278.75,1.176897844,0.4583333333,24.54166667,7,31.08,0,0,10876.25,10876.25,0,9565,921,1.118012905
1118,0,10450,9550,-426.25,-1326.25,-0.07989690722,-0.2485941893,-900,-0.1686972821,0.21875,0.21875,0.08,0.2144444444,0,0,10876.25,10876.25,0,9565,922,1.119102478
1119,0,9950,25095,-926.25,14218.75,-0.1736176195,2.665182755,15145,2.838800375,0.0625,13.9375,7,21.76,0,0,10876.25,10876.25,0,9565,923,1.120057344
1120,0,10876.25,9500,0,-1376.25,0,-0.2579662605,-1376.25,-0.2579662605,0.268359375,0.268359375,0.08,0.2144444444,0,0,10876.25,10876.25,0,9565,924,1.121017694
1121,0,9900,28435,-976.25,17558.75,-0.1829896907,3.291237113,18535,3.474226804,0.0625,28.9375,7,35.76,0,0,10876.25,10876.25,0,9565,925,1.122044802
1122,0,10876.25,9795,0,-1081.25,0,-0.2026710403,-1081.25,-0.2026710403,0.2376302083,0.2376302083,0.2333333333,0.3133333333,0,0,10876.25,10876.25,0,9565,926,1.122947216
1123,0,10145,19300,-731.25,8423.75,-0.1370665417,1.5789597,9155,1.716026242,0.109375,29.890625,7,37.08,0,0,10876.25,10876.25,0,9565,927,1.123843908
1124,0,10400,32065,-476.25,21188.75,-0.08926897844,3.971649485,21665,4.060918463,0.21875,54.21875,4,64.88,0,0,10876.25,10876.25,0,9565,928,1.124772787
1125,0,10876.25,9085,0,-1791.25,0,-0.3357544517,-1791.25,-0.3357544517,1.0046875,1.0046875,0.4,1.847142857,0,0,10876.25,10876.25,0,9565,929,1.126382351
1126,0,10876.25,25715,-1.818989404e-12,14838.75,-3.409539651e-16,2.781396439,14838.75,2.781396439,0.6168653351,28.38313466,7,33.54666667,0,0,10876.25,10876.25,0,9565,930,1.127945423
1127,0,10876.25,8420,0,-2456.25,0,-0.4604029991,-2456.25,-0.4604029991,0.5162760417,0.5162760417,0.6,1.815238095,0,0,10876.25,10876.25,0,9565,931,1.129090071
1128,0,8920,20785,-1956.25,9908.75,-0.3666822868,1.857310216,11865,2.223992502,0.15625,29.84375,7,37.56,0,0,10876.25,10876.25,0,9565,932,1.130134821
1129,0,10745,8345,-131.25,-2531.25,-0.02460168697,-0.4744611059,-2400,-0.4498594189,0.65625,0.65625,0.5,2.064761905,0,0,10876.25,10876.25,0,9565,933,1.131129503
1130,0,9495,28650,-1381.25,17773.75,-0.2589034677,3.33153702,19155,3.590440487,0.265625,24.734375,7,34.16,0,0,10876.25,10876.25,0,9565,934,1.132017851
1131,0,10876.25,8295,0,-2581.25,0,-0.4838331771,-2581.25,-0.4838331771,1.495342548,1.495342548,0.6,2.122619048,0,0,10876.25,10876.25,0,9565,935,1.133046627
1132,0,9245,25745,-1631.25,14868.75,-0.3057638238,2.787019681,16500,3.092783505,0.203125,10.796875,5,15.2,0,0,10876.25,10876.25,0,9565,936,1.13404274
1133,0,10876.25,23710,0,12833.75,0,2.405576382,12833.75,2.405576382,0.669921875,39.66992188,3,49.16,0,0,10876.25,10876.25,0,9565,937,1.135051012
1134,0,10635,10835,-241.25,-41.25,-0.04522024367,-0.007731958763,200,0.03748828491,1.05,1.05,0.16,0.16,0,0,10876.25,10876.25,0,9565,938,1.136411428
1135,0,10635,13340,-241.25,2463.75,-0.04522024367,0.4618088097,2705,0.5070290534,0.25,14.75,7,21.58666667,0,0,10876.25,10876.25,0,9565,939,1.137533903
1136,0,10195,9325,-681.25,-1551.25,-0.1276944705,-0.2907685098,-870,-0.1630740394,3.046875,3.046875,1,5.856984127,0,0,10876.25,10876.25,0,9565,940,1.13842535
1137,0,10135,9985,-741.25,-891.25,-0.138940956,-0.1670571696,-150,-0.02811621368,0.046875,0.046875,0.2,0.32,0,0,10876.25,10876.25,0,9565,941,1.139321089
1138,0,10135,16030,-741.25,5153.75,-0.138940956,0.9660262418,5895,1.104967198,0.046875,12.953125,7,20.08,0,0,10876.25,10876.25,0,9565,942,1.14008975
1139,0,10755,10155,-121.25,-721.25,-0.02272727273,-0.1351921275,-600,-0.1124648547,0.1875,0.1875,0.1333333333,0.2704761905,0,0,10876.25,10876.25,0,9565,943,1.140945435
1140,0,10255,18750,-621.25,7873.75,-0.116447985,1.475866917,8495,1.592314902,0.03125,27.96875,7,34.04,0,0,10876.25,10876.25,0,9565,944,1.141836166
1141,0,10610,9910,-266.25,-966.25,-0.04990627929,-0.1811152765,-700,-0.1312089972,0.21875,0.21875,0.2,0.3422222222,0,0,10876.25,10876.25,0,9565,945,1.142710209
1142,0,10110,19225,-766.25,8348.75,-0.1436269916,1.564901593,9115,1.708528585,0.0625,16.9375,7,28.2,0,0,10876.25,10876.25,0,9565,946,1.143586397
1143,0,10876.25,9960,0,-916.25,0,-0.1717432052,-916.25,-0.1717432052,0.286328125,0.286328125,0.1333333333,0.2355555556,0,0,10876.25,10876.25,0,9565,947,1.144510269
1144,0,10110,18915,-766.25,8038.75,-0.1436269916,1.506794752,8805,1.650421743,0.046875,15.953125,7,26.16,0,0,10876.25,10876.25,0,9565,948,1.145497561
1145,0,10876.25,29340,0,18463.75,0,3.460871603,18463.75,3.460871603,0.301953125,40.69804688,3.16,57.24,0,0,10876.25,10876.25,0,9565,949,1.146417141
1146,0,10876.25,11085,0,208.75,0,0.03912839738,208.75,0.03912839738,0.80703125,0.80703125,0.6,0.98,0,0,10876.25,10876.25,0,9565,950,1.14764452
1147,0,10785,15040,-91.25,4163.75,-0.01710402999,0.7804592315,4255,0.7975632615,0.609375,14.390625,7,22.62333333,0,0,10876.25,10876.25,0,9565,951,1.148815393
1148,0,10785,9535,-91.25,-1341.25,-0.01710402999,-0.2514058107,-1250,-0.2343017807,0.390625,0.390625,0.4,1.223333333,0,0,10876.25,10876.25,0,9565,952,1.149712086
1149,0,10285,18490,-591.25,7613.75,-0.1108247423,1.427132146,8205,1.537956888,0.234375,15.765625,7,25.68,0,0,10876.25,10876.25,0,9565,953,1.150538921
1150,0,10876.25,9485,0,-1391.25,0,-0.2607778819,-1391.25,-0.2607778819,0.434765625,0.434765625,0.4666666667,2.092222222,0,0,10876.25,10876.25,0,9565,954,1.151370525
1151,0,10085,16780,-791.25,5903.75,-0.1483130272,1.10660731,6695,1.254920337,0.1875,19.8125,8,33.92,0,0,10876.25,10876.25,0,9565,955,1.152300835
1152,0,10410,9610,-466.25,-1266.25,-0.0873945642,-0.2373477038,-800,-0.1499531396,0.25,0.25,0.4,1.373095238,0,0,10876.25,10876.25,0,9565,956,1.153179884
1153,0,10160,16575,-716.25,5698.75,-0.1342549203,1.068181818,6415,1.202436739,0.171875,16.828125,7,26.88,0,0,10876.25,10876.25,0,9565,957,1.154081821
1154,0,10410,9560,-466.25,-1316.25,-0.0873945642,-0.2467197751,-850,-0.1593252109,0.265625,0.265625,0.4666666667,1.153333333,0,0,10876.25,10876.25,0,9565,958,1.154953718
1155,0,9910,16045,-966.25,5168.75,-0.1811152765,0.9688378632,6135,1.14995314,0.109375,14.890625,7,22.92,0,0,10876.25,10876.25,0,9565,959,1.155825138
1156,0,10650,9850,-226.25,-1026.25,-0.04240862231,-0.1923617619,-800,-0.1499531396,0.25,0.25,0.4,1.373095238,0,0,10876.25,10876.25,0,9565,960,1.156678915
1157,0,10400,19685,-476.25,8808.75,-0.08926897844,1.651124649,9285,1.740393627,0.171875,28.828125,7,39.88,0,0,10876.25,10876.25,0,9565,961,1.157562971
1158,0,10335,9075,-541.25,-1801.25,-0.101452671,-0.337628866,-1260,-0.2361761949,2.265625,2.265625,1,6.722380952,0,0,10876.25,10876.25,0,9565,962,1.158396006
1159,0,10085,36305,-791.25,25428.75,-0.1483130272,4.766401125,26220,4.914714152,0.1875,48.1875,4,58.08,0,0,10876.25,10876.25,0,9565,963,1.159491301
1160,0,10876.25,8895,0,-1981.25,0,-0.3713683224,-1981.25,-0.3713683224,2.972057292,2.972057292,0.4,1.433095238,0,0,10876.25,10876.25,0,9565,964,1.160669804
1161,0,10045,27000,-831.25,16123.75,-0.1558106842,3.022258669,16955,3.178069353,0.234375,27.765625,7,34.68,0,0,10876.25,10876.25,0,9565,965,1.161828279
1162,0,10876.25,8920,0,-1956.25,0,-0.3666822868,-1956.25,-0.3666822868,1.097699493,1.097699493,0.4857142857,3.044444444,0,0,10876.25,10876.25,0,9565,966,1.162872553
1163,0,10876.25,24875,0,13998.75,0,2.623945642,13998.75,2.623945642,0.9740767045,15.0259233,6,23.68,0,0,10876.25,10876.25,0,9565,967,1.163802147
1164,0,10876.25,8845,0,-2031.25,0,-0.3807403936,-2031.25,-0.3807403936,0.388671875,0.388671875,0.4666666667,2.213174603,0,0,10876.25,10876.25,0,9565,968,1.16479373
1165,0,10045,24930,-831.25,14053.75,-0.1558106842,2.63425492,14885,2.790065604,0.25,15.75,7,24.72,0,0,10876.25,10876.25,0,9565,969,1.16568327
1166,0,10876.25,8895,0,-1981.25,0,-0.3713683224,-1981.25,-0.3713683224,0.373046875,0.373046875,0.4571428571,2.558650794,0,0,10876.25,10876.25,0,9565,970,1.166549683
1167,0,10295,26600,-581.25,15723.75,-0.108950328,2.947282099,16305,3.056232427,0.3125,26.6875,7,33.68,0,0,10876.25,10876.25,0,9565,971,1.167467833
1168,0,10876.25,8770,0,-2106.25,0,-0.3947985005,-2106.25,-0.3947985005,0.396484375,0.396484375,0.4666666667,1.696666667,0,0,10876.25,10876.25,0,9565,972,1.168323755
1169,0,9370,17735,-1506.25,6858.75,-0.2823336457,1.285613871,8365,1.567947516,0.1875,27.8125,7,33.92,0,0,10876.25,10876.25,0,9565,973,1.169204235
1170,0,10295,39725,-581.25,28848.75,-0.108950328,5.407450797,29430,5.516401125,0.3125,40.6875,4,60.72,0,0,10876.25,10876.25,0,9565,974,1.170064449
1171,0,10876.25,9840,0,-1036.25,0,-0.1942361762,-1036.25,-0.1942361762,2.525951987,2.525951987,0.3,1.522142857,0,0,10876.25,10876.25,0,9565,975,1.17138195
1172,0,10876.25,23795,0,12918.75,0,2.421508903,12918.75,2.421508903,0.5328125,27.4671875,7,32.8,0,0,10876.25,10876.25,0,9565,976,1.172805786
1173,0,10876.25,8915,0,-1961.25,0,-0.3676194939,-1961.25,-0.3676194939,0.204296875,0.204296875,0.2,0.8765079365,0,0,10876.25,10876.25,0,9565,977,1.173690557
1174,0,9515,21325,-1361.25,10448.75,-0.2551546392,1.958528585,11810,2.213683224,0.0625,14.9375,7,20.8,0,0,10876.25,10876.25,0,9565,978,1.174719095
1175,0,10876.25,8875,0,-2001.25,0,-0.3751171509,-2001.25,-0.3751171509,0.2084635417,0.2084635417,0.36,1.722142857,0,0,10876.25,10876.25,0,9565,979,1.175681829
1176,0,10225,23940,-651.25,13063.75,-0.1220712277,2.44868791,13715,2.570759138,0.140625,27.859375,7,33.8,0,0,10876.25,10876.25,0,9565,980,1.176823139
1177,0,10876.25,8700,0,-2176.25,0,-0.4079194002,-2176.25,-0.4079194002,0.2266927083,0.2266927083,0.4666666667,2.367777778,0,0,10876.25,10876.25,0,9565,981,1.177772999
1178,0,10800,20125,-76.25,9248.75,-0.01429240862,1.733598875,9325,1.747891284,0.21875,9.78125,5,13.8,0,0,10876.25,10876.25,0,9565,982,1.178741693
1179,0,10876.25,8750,0,-2126.25,0,-0.398547329,-2126.25,-0.398547329,0.221484375,0.221484375,0.4666666667,2.367777778,0,0,10876.25,10876.25,0,9565,983,1.179624557
1180,0,10850,24065,-26.25,13188.75,-0.004920337395,2.472118088,13215,2.477038425,0.21875,27.78125,7,33.8,0,0,10876.25,10876.25,0,9565,984,1.180692673
1181,0,10876.25,8825,0,-2051.25,0,-0.3844892221,-2051.25,-0.3844892221,0.213671875,0.213671875,0.36,1.722142857,0,0,10876.25,10876.25,0,9565,985,1.181585073
1182,0,10175,22195,-701.25,11318.75,-0.131443299,2.121602624,12020,2.253045923,0.140625,18.859375,7,28.8,0,0,10876.25,10876.25,0,9565,986,1.182476044
1183,0,10876.25,8810,0,-2066.25,0,-0.3873008435,-2066.25,-0.3873008435,0.4119810675,0.4119810675,0.4666666667,2.367777778,0,0,10876.25,10876.25,0,9565,987,1.18346858
1184,0,10876.25,21775,0,10898.75,0,2.042877226,10898.75,2.042877226,0.303125,17.696875,7,27.4,0,0,10876.25,10876.25,0,9565,988,1.184598684
1185,0,10876.25,8360,0,-2516.25,0,-0.4716494845,-2516.25,-0.4716494845,0.293359375,0.293359375,0.6,2.967777778,0,0,10876.25,10876.25,0,9565,989,1.185614586
1186,0,10610,27115,-266.25,16238.75,-0.04990627929,3.043814433,16505,3.093720712,0.265625,27.734375,7,36.48,0,0,10876.25,10876.25,0,9565,990,1.186496735
1187,0,10876.25,8475,0,-2401.25,0,-0.4500937207,-2401.25,-0.4500937207,0.469140625,0.469140625,0.4,2.179285714,0,0,10876.25,10876.25,0,9565,991,1.18734169
1188,0,9925,23520,-951.25,12643.75,-0.1783036551,2.369962512,13595,2.548266167,0.171875,11.828125,6,17.44,0,0,10876.25,10876.25,0,9565,992,1.188233614
1189,0,10876.25,8425,0,-2451.25,0,-0.4594657919,-2451.25,-0.4594657919,0.484765625,0.484765625,0.6,2.322142857,0,0,10876.25,10876.25,0,9565,993,1.189109564
1190,0,9925,23750,-951.25,12873.75,-0.1783036551,2.413074039,13825,2.591377694,0.1875,12.8125,7,19.48,0,0,10876.25,10876.25,0,9565,994,1.189977884
1191,0,10876.25,33890,0,23013.75,0,4.313730084,23013.75,4.313730084,0.469140625,41.53085937,3,52.68,0,0,10876.25,10876.25,0,9565,995,1.190856457
1192,0,10876.25,10570,0,-306.25,0,-0.05740393627,-306.25,-0.05740393627,0.46484375,0.46484375,0.4,0.6691269841,0,0,10876.25,10876.25,0,9565,996,1.192319632
1193,0,10876.25,21575,0,10698.75,0,2.005388941,10698.75,2.005388941,0.46484375,14.53515625,7,22.90666667,0,0,10876.25,10876.25,0,9565,997,1.19340086
1194,0,10876.25,8260,0,-2616.25,0,-0.490393627,-2616.25,-0.490393627,3.228776042,3.228776042,1,6.726111111,0,0,10876.25,10876.25,0,9565,998,1.194326401
1195,0,9520,9220,-1356.25,-1656.25,-0.2542174321,-0.3104498594,-300,-0.05623242737,0.0625,0.0625,0.6,1.099047619,0,0,10876.25,10876.25,0,9565,999,1.195332527
1196,0,9520,26285,-1356.25,15408.75,-0.2542174321,2.888238051,16765,3.142455483,0.0625,21.9375,7,32.4,0,0,10876.25,10876.25,0,9565,1000,1.196195841
1197,0,10876.25,8970,0,-1906.25,0,-0.3573102156,-1906.25,-0.3573102156,0.9201886013,0.9201886013,0.4,0.8824603175,0,0,10876.25,10876.25,0,9565,1001,1.19726181
1198,0,9970,25335,-906.25,14458.75,-0.169868791,2.710168697,15365,2.880037488,0.125,16.875,7,26.36,0,0,10876.25,10876.25,0,9565,1002,1.198303223
1199,0,10876.25,8920,0,-1956.25,0,-0.3666822868,-1956.25,-0.3666822868,1.211219394,1.211219394,0.6,1.189126984,0,0,10876.25,10876.25,0,9565,1003,1.199256182
1200,0,9970,27405,-906.25,16528.75,-0.169868791,3.098172446,17435,3.268041237,0.140625,28.859375,7,35.4,0,0,10876.25,10876.25,0,9565,1004,1.200261831
1201,0,10876.25,8965,0,-1911.25,0,-0.3582474227,-1911.25,-0.3582474227,0.253515625,0.253515625,0.4,1.585238095,0,0,10876.25,10876.25,0,9565,1005,1.201180935
1202,0,10715,25210,-161.25,14333.75,-0.03022492971,2.686738519,14495,2.716963449,0.203125,16.796875,7,26.36,0,0,10876.25,10876.25,0,9565,1006,1.202072382
1203,0,10876.25,9095,0,-1781.25,0,-0.3338800375,-1781.25,-0.3338800375,0.369140625,0.369140625,0.6,1.441507937,0,0,10876.25,10876.25,0,9565,1007,1.202932358
1204,0,10145,23840,-731.25,12963.75,-0.1370665417,2.429943768,13695,2.567010309,0.140625,9.859375,6,17.4,0,0,10876.25,10876.25,0,9565,1008,1.203809023
1205,0,10876.25,9145,0,-1731.25,0,-0.3245079663,-1731.25,-0.3245079663,0.353515625,0.353515625,0.4,1.106269841,0,0,10876.25,10876.25,0,9565,1009,1.204617739
1206,0,10145,27680,-731.25,16803.75,-0.1370665417,3.149718838,17535,3.28678538,0.125,28.875,7,37.36,0,0,10876.25,10876.25,0,9565,1010,1.205451965
1207,0,10876.25,35710,0,24833.75,0,4.654873477,24833.75,4.654873477,0.423828125,43.57617188,3.24,50.76,0,0,10876.25,10876.25,0,9565,1011,1.20637536
1208,0,10876.25,11165,0,288.75,0,0.05412371134,288.75,0.05412371134,3.171677215,3.171677215,0,0,1,0,10876.25,10876.25,0,9565,1012,1.207807541
1209,0,10876.25,12955,0,2078.75,0,0.3896438613,2078.75,0.3896438613,0.1203125,20.8796875,7,29.14666667,0,0,10876.25,10876.25,0,9565,1013,1.209261417
1210,0,10876.25,9155,0,-1721.25,0,-0.322633552,-1721.25,-0.322633552,0.384375,0.384375,0.6,3.060079365,0,0,10876.25,10876.25,0,9565,1014,1.210554123
1211,0,10876.25,20000,0,9123.75,0,1.710168697,9123.75,1.710168697,0.384375,10.615625,5,14,0,0,10876.25,10876.25,0,9565,1015,1.211694956
1212,0,10876.25,8705,0,-2171.25,0,-0.4069821931,-2171.25,-0.4069821931,3.007127899,3.007127899,0.6,3.532460317,0,0,10876.25,10876.25,0,9565,1016,1.212688684
1213,0,10876.25,24245,0,13368.75,0,2.505857545,13368.75,2.505857545,0.4382078537,27.56606248,1.88,12.13357143,0,0,10876.25,10876.25,0,9565,1017,1.214445114
1214,0,10876.25,7895,0,-2981.25,0,-0.558809747,-2981.25,-0.558809747,5.464873569,5.464873569,1,7.655396825,0,0,10876.25,10876.25,0,9565,1018,1.216005087
1215,0,10876.25,7945,0,-2931.25,0,-0.5494376757,-2931.25,-0.5494376757,4.175812788,4.175812788,1,7.455396825,0,0,10876.25,10876.25,0,9565,1019,1.217491627
1216,0,10876.25,29390,0,18513.75,0,3.470243674,18513.75,3.470243674,4.175812788,46.4036999,4,52.16,0,0,10876.25,10876.25,0,9565,1020,1.218580961
1217,0,10876.25,8485,0,-2391.25,0,-0.4482193065,-2391.25,-0.4482193065,7.701578363,7.701578363,1,11.32777778,0,0,10876.25,10876.25,0,9565,1021,1.22020793
1218,0,10680,10030,-196.25,-846.25,-0.03678537957,-0.1586223055,-650,-0.121836926,0.578125,0.578125,0.9,3.836507937,0,0,10876.25,10876.25,0,9565,1022,1.221700668
1219,0,10680,23535,-196.25,12658.75,-0.03678537957,2.372774133,12855,2.409559513,0.578125,26.421875,7,34.05,0,0,10876.25,10876.25,0,9565,1023,1.22256732
1220,0,10876.25,8545,0,-2331.25,0,-0.436972821,-2331.25,-0.436972821,0.3782552083,0.3782552083,0.9,4.021349206,0,0,10876.25,10876.25,0,9565,1024,1.223480225
1221,0,10545,24450,-331.25,13573.75,-0.06208997188,2.544283037,13905,2.606373008,0.34375,15.65625,7,24.44,0,0,10876.25,10876.25,0,9565,1025,1.224470854
1222,0,10876.25,8370,0,-2506.25,0,-0.4697750703,-2506.25,-0.4697750703,0.4485677083,0.4485677083,0.9,4.557857143,0,0,10876.25,10876.25,0,9565,1026,1.225339174
1223,0,10370,22715,-506.25,11838.75,-0.09489222118,2.219072165,12345,2.313964386,0.34375,9.65625,4,13.44,0,0,10876.25,10876.25,0,9565,1027,1.226270676
1224,0,10876.25,8420,0,-2456.25,0,-0.4604029991,-2456.25,-0.4604029991,0.443359375,0.443359375,0.9,4.557857143,0,0,10876.25,10876.25,0,9565,1028,1.227133751
1225,0,10420,25845,-456.25,14968.75,-0.08552014995,2.805763824,15425,2.891283974,0.34375,25.65625,7,33.44,0,0,10876.25,10876.25,0,9565,1029,1.22804141
1226,0,10876.25,8365,0,-2511.25,0,-0.4707122774,-2511.25,-0.4707122774,0.347265625,0.347265625,0.9,4.372142857,0,0,10876.25,10876.25,0,9565,1030,1.229002714
1227,0,10615,26860,-261.25,15983.75,-0.04896907216,2.99601687,16245,3.044985942,0.265625,28.734375,7,35.44,0,0,10876.25,10876.25,0,9565,1031,1.229926348
1228,0,10876.25,33195,0,22318.75,0,4.183458294,22318.75,4.183458294,0.443359375,41.55664062,4,60.64,0,0,10876.25,10876.25,0,9565,1032,1.230885029
1229,0,10876.25,10255,0,-621.25,0,-0.116447985,-621.25,-0.116447985,3.876120924,3.876120924,0.56,0.56,0,0,10876.25,10876.25,0,9565,1033,1.232106686
1230,0,9555,12395,-1321.25,1518.75,-0.2476569822,0.2846766635,2840,0.5323336457,0.4375,21.5625,7,29.55,0,0,10876.25,10876.25,0,9565,1034,1.233320236
1231,0,8906,8780,-1970.25,-2096.25,-0.3693064667,-0.3929240862,-126,-0.02361761949,1.646875,1.646875,0.3,0.565,0,0,10876.25,10876.25,0,9565,1035,1.234237909
1232,0,9030,20905,-1846.25,10028.75,-0.3460637301,1.879803187,11875,2.225866917,0.078125,26.921875,7,37.76,0,0,10876.25,10876.25,0,9565,1036,1.235202551
1233,0,10475,8775,-401.25,-2101.25,-0.0752108716,-0.3938612933,-1700,-0.3186504217,0.53125,0.53125,0.3,0.645,0,0,10876.25,10876.25,0,9565,1037,1.236176491
1234,0,8975,19770,-1901.25,8893.75,-0.3563730084,1.66705717,10795,2.023430178,0.0625,22.9375,7,33.72,0,0,10876.25,10876.25,0,9565,1038,1.237064362
1235,0,10355,8605,-521.25,-2271.25,-0.09770384255,-0.4257263355,-1750,-0.328022493,0.546875,0.546875,0.325,1.281349206,0,0,10876.25,10876.25,0,9565,1039,1.238009453
1236,0,9255,15695,-1621.25,4818.75,-0.3038894096,0.9032333646,6440,1.207122774,0.203125,18.796875,7,28.84,0,0,10876.25,10876.25,0,9565,1040,1.238866329
1237,0,9754,8890,-1122.25,-1986.25,-0.2103561387,-0.3723055295,-864,-0.1619493908,1.08125,1.08125,0.325,1.281349206,0,0,10876.25,10876.25,0,9565,1041,1.239734411
1238,0,9540,16480,-1336.25,5603.75,-0.2504686036,1.050374883,6940,1.300843486,0.203125,21.796875,7,30.84,0,0,10876.25,10876.25,0,9565,1042,1.240703583
1239,0,9505,27485,-1371.25,16608.75,-0.2570290534,3.11316776,17980,3.370196813,0.28125,43.71875,5,55.41333333,0,0,10876.25,10876.25,0,9565,1043,1.241573572
1240,0,10876.25,8380,0,-2496.25,0,-0.467900656,-2496.25,-0.467900656,0.561328125,0.561328125,0.7,2.154920635,0,0,10876.25,10876.25,0,9565,1044,1.242708683
1241,0,9480,23735,-1396.25,12858.75,-0.261715089,2.410262418,14255,2.671977507,0.125,15.875,7,25.56,0,0,10876.25,10876.25,0,9565,1045,1.243873119
1242,0,10876.25,8330,0,-2546.25,0,-0.4772727273,-2546.25,-0.4772727273,0.4423177083,0.4423177083,0.7,2.204920635,0,0,10876.25,10876.25,0,9565,1046,1.244828701
1243,0,9480,25045,-1396.25,14168.75,-0.261715089,2.655810684,15565,2.917525773,0.140625,21.859375,7,33.6,0,0,10876.25,10876.25,0,9565,1047,1.245791912
1244,0,10876.25,8455,0,-2421.25,0,-0.4538425492,-2421.25,-0.4538425492,1.995355903,1.995355903,0.7,2.800555556,0,0,10876.25,10876.25,0,9565,1048,1.246800661
1245,0,10305,24820,-571.25,13943.75,-0.1070759138,2.613636364,14515,2.720712277,0.203125,16.796875,7,26.56,0,0,10876.25,10876.25,0,9565,1049,1.247822285
1246,0,10876.25,8405,0,-2471.25,0,-0.4632146204,-2471.25,-0.4632146204,2.010980903,2.010980903,0.7,2.850555556,0,0,10876.25,10876.25,0,9565,1050,1.248715639
1247,0,10305,25730,-571.25,14853.75,-0.1070759138,2.78420806,15425,2.891283974,0.21875,23.78125,7,32.6,0,0,10876.25,10876.25,0,9565,1051,1.249648094
1248,0,10876.25,8500,0,-2376.25,0,-0.4454076851,-2376.25,-0.4454076851,0.4141927083,0.4141927083,0.7,2.174920635,0,0,10876.25,10876.25,0,9565,1052,1.250523329
1249,0,9600,22975,-1276.25,12098.75,-0.2392221181,2.267806935,13375,2.507029053,0.125,12.875,7,19.56,0,0,10876.25,10876.25,0,9565,1053,1.251357317
1250,0,10876.25,28055,0,17178.75,0,3.220009372,17178.75,3.220009372,0.4423177083,45.91106771,5,62.16,0,0,10876.25,10876.25,0,9565,1054,1.252204657
1251,0,10617.5,9780,-258.75,-1096.25,-0.0485004686,-0.2054826617,-837.5,-0.1569821931,3.5,3.5,1,6.371031746,0,0,10876.25,10876.25,0,9565,1055,1.253699541
1252,0,10715,11180,-161.25,303.75,-0.03022492971,0.05693533271,465,0.08716026242,1.7,1.7,0.6,0.9466666667,0,0,10876.25,10876.25,0,9565,1056,1.254795551
1253,0,10730,24765,-146.25,13888.75,-0.02741330834,2.603327085,14035,2.630740394,0.5,28.5,7,35.68,0,0,10876.25,10876.25,0,9565,1057,1.255609035
1254,0,10876.25,9250,0,-1626.25,0,-0.3048266167,-1626.25,-0.3048266167,0.1694010417,0.1694010417,0.2333333333,1.083888889,0,0,10876.25,10876.25,0,9565,1058,1.256530285
1255,0,10300,21870,-576.25,10993.75,-0.1080131209,2.060684161,11570,2.168697282,0.109375,12.890625,7,19.68,0,0,10876.25,10876.25,0,9565,1059,1.257497549
1256,0,10876.25,9200,0,-1676.25,0,-0.3141986879,-1676.25,-0.3141986879,0.174609375,0.174609375,0.2333333333,1.083888889,0,0,10876.25,10876.25,0,9565,1060,1.258323669
1257,0,10250,22620,-626.25,11743.75,-0.1173851921,2.20126523,12370,2.318650422,0.109375,15.890625,7,24.68,0,0,10876.25,10876.25,0,9565,1061,1.259190559
1258,0,10876.25,9130,0,-1746.25,0,-0.3273195876,-1746.25,-0.3273195876,0.1819010417,0.1819010417,0.2333333333,1.083888889,0,0,10876.25,10876.25,0,9565,1062,1.260013103
1259,0,10180,22770,-696.25,11893.75,-0.1305060918,2.229381443,12590,2.359887535,0.109375,16.890625,7,26.68,0,0,10876.25,10876.25,0,9565,1063,1.260880232
1260,0,10876.25,9080,0,-1796.25,0,-0.3366916589,-1796.25,-0.3366916589,0.187109375,0.187109375,0.2333333333,1.083888889,0,0,10876.25,10876.25,0,9565,1064,1.261721849
1261,0,10130,21500,-746.25,10623.75,-0.1398781631,1.991330834,11370,2.131208997,0.109375,11.890625,6,17.68,0,0,10876.25,10876.25,0,9565,1065,1.262634039
1262,0,10876.25,31005,0,20128.75,0,3.772961575,20128.75,3.772961575,0.1819010417,34.81809896,3,42.72,0,0,10876.25,10876.25,0,9565,1066,1.263523579
1263,0,10876.25,10155,0,-721.25,0,-0.1351921275,-721.25,-0.1351921275,0.37265625,0.37265625,0.04444444444,0.1735714286,0,0,10876.25,10876.25,0,9565,1067,1.26493597
1264,0,10405,28990,-471.25,18113.75,-0.08833177132,3.395267104,18585,3.483598875,0.046875,29.953125,7,38,0,0,10876.25,10876.25,0,9565,1068,1.266021013
1265,0,10876.25,10060,0,-816.25,0,-0.1529990628,-816.25,-0.1529990628,0.2100260417,0.2100260417,0.04444444444,0.2135714286,0,0,10876.25,10876.25,0,9565,1069,1.267047167
1266,0,10310,27555,-566.25,16678.75,-0.1061387067,3.12628866,17245,3.232427366,0.046875,22.953125,7,34,0,0,10876.25,10876.25,0,9565,1070,1.267970085
1267,0,10876.25,9990,0,-886.25,0,-0.1661199625,-886.25,-0.1661199625,1.09215625,1.09215625,0.2666666667,0.8079365079,0,0,10876.25,10876.25,0,9565,1071,1.268959284
1268,0,10740,25535,-136.25,14658.75,-0.0255388941,2.747656982,14795,2.773195876,0.203125,13.796875,7,22,0,0,10876.25,10876.25,0,9565,1072,1.270017862
1269,0,10876.25,9940,0,-936.25,0,-0.1754920337,-936.25,-0.1754920337,0.2225260417,0.2225260417,0.2666666667,0.8079365079,0,0,10876.25,10876.25,0,9565,1073,1.270961285
1270,0,10690,27705,-186.25,16828.75,-0.03491096532,3.154404873,17015,3.189315839,0.203125,20.796875,8,35,0,0,10876.25,10876.25,0,9565,1074,1.271826982
1271,0,10876.25,23020,0,12143.75,0,2.276241799,12143.75,2.276241799,0.2173177083,42.21731771,4,57.16,0,0,10876.25,10876.25,0,9565,1075,1.272677422
1272,0,10876.25,11260,0,383.75,0,0.07193064667,383.75,0.07193064667,2.288667315,2.288667315,0.16,0.16,0,0,10876.25,10876.25,0,9565,1076,1.273921728
1273,0,10876.25,13025,0,2148.75,0,0.402764761,2148.75,0.402764761,0.403125,17.596875,7,25.16,0,0,10876.25,10876.25,0,9565,1077,1.275131464
1274,0,10110,9510,-766.25,-1366.25,-0.1436269916,-0.2560918463,-600,-0.1124648547,0.0625,0.0625,0.16,0.2933333333,0,0,10876.25,10876.25,0,9565,1078,1.276016951
1275,0,10110,21900,-766.25,11023.75,-0.1436269916,2.066307404,11790,2.209934396,0.0625,16.9375,7,24.6,0,0,10876.25,10876.25,0,9565,1079,1.276870966
1276,0,10876.25,9260,0,-1616.25,0,-0.3029522024,-1616.25,-0.3029522024,0.168359375,0.168359375,0.16,0.6765079365,0,0,10876.25,10876.25,0,9565,1080,1.277745962
1277,0,9860,22810,-1016.25,11933.75,-0.1904873477,2.2368791,12950,2.427366448,0.0625,22.9375,7,28.6,0,0,10876.25,10876.25,0,9565,1081,1.278618097
1278,0,10876.25,9205,0,-1671.25,0,-0.3132614808,-1671.25,-0.3132614808,0.1740885417,0.1740885417,0.3,1.322142857,0,0,10876.25,10876.25,0,9565,1082,1.279474497
1279,0,10555,20630,-321.25,9753.75,-0.06021555764,1.828256795,10075,1.888472352,0.140625,9.859375,5,13.6,0,0,10876.25,10876.25,0,9565,1083,1.280320168
1280,0,10876.25,9135,0,-1741.25,0,-0.3263823805,-1741.25,-0.3263823805,0.1813802083,0.1813802083,0.3,1.322142857,0,0,10876.25,10876.25,0,9565,1084,1.281111479
1281,0,10485,23075,-391.25,12198.75,-0.07333645736,2.286551078,12590,2.359887535,0.140625,19.859375,7,27.6,0,0,10876.25,10876.25,0,9565,1085,1.281977415
1282,0,10876.25,8985,0,-1891.25,0,-0.3544985942,-1891.25,-0.3544985942,1.47827524,1.47827524,0.4,1.801111111,0,0,10876.25,10876.25,0,9565,1086,1.282924652
1283,0,10876.25,24520,0,13643.75,0,2.557403936,13643.75,2.557403936,0.4796875,29.5203125,7,36.15,0,0,10876.25,10876.25,0,9565,1087,1.283915997
1284,0,10876.25,8680,0,-2196.25,0,-0.4116682287,-2196.25,-0.4116682287,0.2912760417,0.2912760417,0.4,1.70547619,0,0,10876.25,10876.25,0,9565,1088,1.284780025
1285,0,10330,26825,-546.25,15948.75,-0.1023898782,2.98945642,16495,3.091846298,0.234375,28.765625,7,35.48,0,0,10876.25,10876.25,0,9565,1089,1.28564477
1286,0,10876.25,8185,0,-2691.25,0,-0.5044517338,-2691.25,-0.5044517338,0.403515625,0.403515625,0.4666666667,2.567777778,0,0,10876.25,10876.25,0,9565,1090,1.286609888
1287,0,10635,24650,-241.25,13773.75,-0.04522024367,2.581771321,14015,2.626991565,0.328125,16.671875,7,26.52,0,0,10876.25,10876.25,0,9565,1091,1.287484646
1288,0,10876.25,8535,0,-2341.25,0,-0.4388472352,-2341.25,-0.4388472352,2.123828125,2.123828125,0.4,1.872142857,0,0,10876.25,10876.25,0,9565,1092,1.288401365
1289,0,10185,25700,-691.25,14823.75,-0.1295688847,2.778584817,15515,2.908153702,0.234375,21.765625,7,32.48,0,0,10876.25,10876.25,0,9565,1093,1.289375305
1290,0,10876.25,30155,0,19278.75,0,3.613636364,19278.75,3.613636364,2.045582933,43.28182091,4,50.92,0,0,10876.25,10876.25,0,9565,1094,1.290384054
1291,0,10876.25,9685,0,-1191.25,0,-0.223289597,-1191.25,-0.223289597,2.417921113,2.417921113,0.4666666667,1.781428571,0,0,10876.25,10876.25,0,9565,1095,1.291814566
1292,0,10685,26050,-191.25,15173.75,-0.03584817245,2.844189316,15365,2.880037488,0.515625,19.484375,7,30.64,0,0,10876.25,10876.25,0,9565,1096,1.292851925
1293,0,10876.25,8935,0,-1941.25,0,-0.3638706654,-1941.25,-0.3638706654,0.3688802083,0.3688802083,0.4,1.364761905,0,0,10876.25,10876.25,0,9565,1097,1.293767929
1294,0,10135,25950,-741.25,15073.75,-0.138940956,2.825445173,15815,2.964386129,0.1875,22.8125,7,34.6,0,0,10876.25,10876.25,0,9565,1098,1.294697762
1295,0,10876.25,9005,0,-1871.25,0,-0.3507497657,-1871.25,-0.3507497657,1.120102163,1.120102163,0.4666666667,1.581428571,0,0,10876.25,10876.25,0,9565,1099,1.295691013
1296,0,10255,24790,-621.25,13913.75,-0.116447985,2.608013121,14535,2.724461106,0.203125,14.796875,7,23.64,0,0,10876.25,10876.25,0,9565,1100,1.296700954
1297,0,10876.25,38045,0,27168.75,0,5.092549203,27168.75,5.092549203,0.3688802083,38.63111979,4,55.52,0,0,10876.25,10876.25,0,9565,1101,1.297801018
1298,0,10876.25,11550,0,673.75,0,0.1262886598,673.75,0.1262886598,4.371518166,4.371518166,0.2,0.2,0,0,10876.25,10876.25,0,9565,1102,1.298897028
1299,0,10876.25,11150,0,273.75,0,0.05131208997,273.75,0.05131208997,1.658967391,1.658967391,0.2,0.2,0,0,10876.25,10876.25,0,9565,1103,1.300575018
1300,0,10876.25,16115,0,5238.75,0,0.9819587629,5238.75,0.9819587629,1.658967391,27.34103261,7,28.17333333,0,0,10876.25,10876.25,0,9565,1104,1.301339865
1301,0,10155,9055,-721.25,-1821.25,-0.1351921275,-0.3413776945,-1100,-0.206185567,0.34375,0.34375,0.2,0.7133333333,0,0,10876.25,10876.25,0,9565,1105,1.302731276
1302,0,9655,17690,-1221.25,6813.75,-0.2289128397,1.277179007,8035,1.506091846,0.1875,14.8125,7,23.88,0,0,10876.25,10876.25,0,9565,1106,1.303651094
1303,0,10655,9105,-221.25,-1771.25,-0.04147141518,-0.3320056232,-1550,-0.2905342081,0.484375,0.484375,0.1333333333,0.1904761905,0,0,10876.25,10876.25,0,9565,1107,1.304566383
1304,0,9205,14300,-1671.25,3423.75,-0.3132614808,0.6417525773,5095,0.9550140581,0.03125,12.96875,7,20.04,0,0,10876.25,10876.25,0,9565,1108,1.305481434
1305,0,9705,9055,-1171.25,-1821.25,-0.2195407685,-0.3413776945,-650,-0.121836926,0.603125,0.603125,0.2,0.2857142857,0,0,10876.25,10876.25,0,9565,1109,1.306318521
1306,0,9205,14350,-1671.25,3473.75,-0.3132614808,0.6511246485,5145,0.9643861293,0.046875,12.953125,7,20.08,0,0,10876.25,10876.25,0,9565,1110,1.307211876
1307,0,9729,21210,-1147.25,10333.75,-0.2150421743,1.936972821,11481,2.152014995,0.5875,46.9875,4,55,0,0,10876.25,10876.25,0,9565,1111,1.308093548
1308,0,9645,9045,-1231.25,-1831.25,-0.230787254,-0.3432521087,-600,-0.1124648547,0.0625,0.0625,0.8,1.2,0,0,10876.25,10876.25,0,9565,1112,1.309362888
1309,0,9645,23235,-1231.25,12358.75,-0.230787254,2.316541706,13590,2.54732896,0.0625,21.9375,7,30.6,0,0,10876.25,10876.25,0,9565,1113,1.310582399
1310,0,10876.25,8655,0,-2221.25,0,-0.4163542643,-2221.25,-0.4163542643,0.2313802083,0.2313802083,0.8,1.2,0,0,10876.25,10876.25,0,9565,1114,1.311471462
1311,0,9255,21525,-1621.25,10648.75,-0.3038894096,1.99601687,12270,2.299906279,0.0625,16.9375,7,24.6,0,0,10876.25,10876.25,0,9565,1115,1.31247282
1312,0,10876.25,8705,0,-2171.25,0,-0.4069821931,-2171.25,-0.4069821931,0.526171875,0.526171875,0.8,1.250793651,0,0,10876.25,10876.25,0,9565,1116,1.313345671
1313,0,9355,23760,-1521.25,12883.75,-0.2851452671,2.414948454,14405,2.700093721,0.078125,14.921875,7,23.72,0,0,10876.25,10876.25,0,9565,1117,1.314289808
1314,0,10876.25,17495,0,6618.75,0,1.240627929,6618.75,1.240627929,0.3459635417,34.34596354,3,38,0,0,10876.25,10876.25,0,9565,1118,1.315174818
1315,0,9565,9790,-1311.25,-1086.25,-0.2457825679,-0.2036082474,225,0.04217432052,3,3,0.3,1.342222222,0,0,10876.25,10876.25,0,9565,1119,1.316358328
1316,0,10390,16935,-486.25,6058.75,-0.09114339269,1.135660731,6545,1.226804124,0.1875,21.8125,7,32.92,0,0,10876.25,10876.25,0,9565,1120,1.31732583
1317,0,10595,9795,-281.25,-1081.25,-0.05271790066,-0.2026710403,-800,-0.1499531396,0.25,0.25,0.24,0.29,0,0,10876.25,10876.25,0,9565,1121,1.318249702
1318,0,10095,18370,-781.25,7493.75,-0.1464386129,1.404639175,8275,1.551077788,0.09375,24.90625,7,32.88,0,0,10876.25,10876.25,0,9565,1122,1.319222689
1319,0,10640,9790,-236.25,-1086.25,-0.04428303655,-0.2036082474,-850,-0.1593252109,0.265625,0.265625,0.28,0.7366666667,0,0,10876.25,10876.25,0,9565,1123,1.320017338
1320,0,10140,18275,-736.25,7398.75,-0.1380037488,1.38683224,8135,1.524835989,0.109375,26.890625,7,32.92,0,0,10876.25,10876.25,0,9565,1124,1.320869923
1321,0,10595,9795,-281.25,-1081.25,-0.05271790066,-0.2026710403,-800,-0.1499531396,0.25,0.25,0.24,0.3233333333,0,0,10876.25,10876.25,0,9565,1125,1.321681499
1322,0,10095,17060,-781.25,6183.75,-0.1464386129,1.159090909,6965,1.305529522,0.09375,17.90625,7,28.88,0,0,10876.25,10876.25,0,9565,1126,1.322508574
1323,0,10876.25,10045,0,-831.25,0,-0.1558106842,-831.25,-0.1558106842,0.515625,0.515625,0.28,0.7366666667,0,0,10876.25,10876.25,0,9565,1127,1.323335648
1324,0,10395,17010,-481.25,6133.75,-0.09020618557,1.149718838,6615,1.239925023,0.109375,19.890625,7,28.92,0,0,10876.25,10876.25,0,9565,1128,1.324258566
1325,0,10620,9820,-256.25,-1056.25,-0.04803186504,-0.1979850047,-800,-0.1499531396,0.25,0.25,0.24,0.3233333333,0,0,10876.25,10876.25,0,9565,1129,1.325146437
1326,0,10120,16535,-756.25,5658.75,-0.1417525773,1.060684161,6415,1.202436739,0.09375,19.90625,7,29.88,0,0,10876.25,10876.25,0,9565,1130,1.326052666
1327,0,10855,10005,-21.25,-871.25,-0.003983130272,-0.1633083411,-850,-0.1593252109,0.265625,0.265625,0.28,0.38,0,0,10876.25,10876.25,0,9565,1131,1.326889992
1328,0,10355,20220,-521.25,9343.75,-0.09770384255,1.751405811,9865,1.849109653,0.109375,28.890625,7,39.92,0,0,10876.25,10876.25,0,9565,1132,1.327771425
1329,0,10640,9815,-236.25,-1061.25,-0.04428303655,-0.1989222118,-825,-0.1546391753,1.05,1.05,0.24,0.6355555556,0,0,10876.25,10876.25,0,9565,1133,1.328680038
1330,0,10265,23940,-611.25,13063.75,-0.1145735708,2.44868791,13675,2.563261481,0.109375,9.890625,4,13.8,0,0,10876.25,10876.25,0,9565,1134,1.329581976
1331,0,10876.25,9645,0,-1231.25,0,-0.230787254,-1231.25,-0.230787254,0.3053385417,0.3053385417,0.28,0.5424603175,0,0,10876.25,10876.25,0,9565,1135,1.330391645
1332,0,10145,28220,-731.25,17343.75,-0.1370665417,3.250937207,18075,3.388003749,0.125,27.875,7,34.84,0,0,10876.25,10876.25,0,9565,1136,1.331246376
1333,0,10876.25,9940,0,-936.25,0,-0.1754920337,-936.25,-0.1754920337,0.2641927083,0.2641927083,0.24,0.5397619048,0,0,10876.25,10876.25,0,9565,1137,1.332085371
1334,0,10240,14815,-636.25,3938.75,-0.1192596064,0.738284911,4575,0.8575445173,0.09375,11.90625,7,17.88,0,0,10876.25,10876.25,0,9565,1138,1.332985878
1335,0,10620,9770,-256.25,-1106.25,-0.04803186504,-0.2073570759,-850,-0.1593252109,0.265625,0.265625,0.28,0.4466666667,0,0,10876.25,10876.25,0,9565,1139,1.333808899
1336,0,10120,16185,-756.25,5308.75,-0.1417525773,0.9950796626,6065,1.13683224,0.109375,18.890625,7,27.92,0,0,10876.25,10876.25,0,9565,1140,1.334635258
1337,0,10795,9995,-81.25,-881.25,-0.01522961575,-0.1651827554,-800,-0.1499531396,0.25,0.25,0.24,0.5397619048,0,0,10876.25,10876.25,0,9565,1141,1.335482121
1338,0,10295,17710,-581.25,6833.75,-0.108950328,1.280927835,7415,1.389878163,0.09375,21.90625,7,31.88,0,0,10876.25,10876.25,0,9565,1142,1.336371899
1339,0,10620,21815,-256.25,10938.75,-0.04803186504,2.050374883,11195,2.098406748,0.265625,29.734375,4,48.04,0,0,10876.25,10876.25,0,9565,1143,1.337257624
1340,0,10550,9970,-326.25,-906.25,-0.06115276476,-0.169868791,-580,-0.1087160262,2.603125,2.603125,0.12,0.12,0,0,10876.25,10876.25,0,9565,1144,1.338370323
1341,0,10120,15065,-756.25,4188.75,-0.1417525773,0.7851452671,4945,0.9268978444,0.046875,11.953125,7,18.08,0,0,10876.25,10876.25,0,9565,1145,1.339422464
1342,0,10876.25,10320,0,-556.25,0,-0.1042642924,-556.25,-0.1042642924,0.7708333333,0.7708333333,0.08,0.1371428571,0,0,10876.25,10876.25,0,9565,1146,1.340313911
1343,0,10420,15835,-456.25,4958.75,-0.08552014995,0.929475164,5415,1.014995314,0.03125,17.96875,7,26.04,0,0,10876.25,10876.25,0,9565,1147,1.341253042
1344,0,10615,9905,-261.25,-971.25,-0.04896907216,-0.1820524836,-710,-0.1330834114,1.003125,1.003125,0.12,0.2157936508,0,0,10876.25,10876.25,0,9565,1148,1.342133045
1345,0,10205,28460,-671.25,17583.75,-0.1258200562,3.295923149,18255,3.421743205,0.0625,25.9375,7,35,0,0,10876.25,10876.25,0,9565,1149,1.343093395
1346,0,10876.25,10140,0,-736.25,0,-0.1380037488,-736.25,-0.1380037488,0.2016927083,0.2016927083,0.08,0.1371428571,0,0,10876.25,10876.25,0,9565,1150,1.344000578
1347,0,10240,19285,-636.25,8408.75,-0.1192596064,1.576148079,9045,1.695407685,0.03125,28.96875,7,36.04,0,0,10876.25,10876.25,0,9565,1151,1.344869375
1348,0,10645,9845,-231.25,-1031.25,-0.04334582943,-0.1932989691,-800,-0.1499531396,0.21875,0.21875,0.12,0.2157936508,0,0,10876.25,10876.25,0,9565,1152,1.345742702
1349,0,10145,25290,-731.25,14413.75,-0.1370665417,2.701733833,15145,2.838800375,0.0625,12.9375,7,20,0,0,10876.25,10876.25,0,9565,1153,1.346589565
1350,0,10876.25,9895,0,-981.25,0,-0.1839268978,-981.25,-0.1839268978,0.2272135417,0.2272135417,0.08,0.1757936508,0,0,10876.25,10876.25,0,9565,1154,1.347434282
1351,0,10145,26760,-731.25,15883.75,-0.1370665417,2.977272727,16615,3.114339269,0.046875,19.953125,7,28.96,0,0,10876.25,10876.25,0,9565,1155,1.348340511
1352,0,10876.25,40705,0,29828.75,0,5.591143393,29828.75,5.591143393,0.2298177083,36.77018229,3.84,49.24,0,0,10876.25,10876.25,0,9565,1156,1.349270821
1353,0,10876.25,9935,0,-941.25,0,-0.1764292409,-941.25,-0.1764292409,1.5846875,1.5846875,0.1,0.2333333333,0,0,10876.25,10876.25,0,9565,1157,1.350441217
1354,0,10235,24730,-641.25,13853.75,-0.1201968135,2.596766635,14495,2.716963449,0.0625,13.9375,7,21.96,0,0,10876.25,10876.25,0,9565,1158,1.351558208
1355,0,10876.25,9885,0,-991.25,0,-0.1858013121,-991.25,-0.1858013121,0.238671875,0.238671875,0.1,0.2333333333,0,0,10876.25,10876.25,0,9565,1159,1.352469683
1356,0,10185,26450,-691.25,15573.75,-0.1295688847,2.919165886,16265,3.04873477,0.0625,22.9375,7,35.96,0,0,10876.25,10876.25,0,9565,1160,1.353370428
1357,0,10876.25,10130,0,-746.25,0,-0.1398781631,-746.25,-0.1398781631,0.201953125,0.201953125,0.1,0.2957936508,0,0,10876.25,10876.25,0,9565,1161,1.354231596
1358,0,10280,22890,-596.25,12013.75,-0.1117619494,2.251874414,12610,2.363636364,0.015625,13.984375,7,21.92,0,0,10876.25,10876.25,0,9565,1162,1.355118275
1359,0,10876.25,9960,0,-916.25,0,-0.1717432052,-916.25,-0.1717432052,0.9935677083,0.9935677083,0.1,0.3624603175,0,0,10876.25,10876.25,0,9565,1163,1.355990171
1360,0,10260,27075,-616.25,16198.75,-0.1155107779,3.036316776,16815,3.151827554,0.0625,22.9375,7,34.96,0,0,10876.25,10876.25,0,9565,1164,1.356894493
1361,0,10876.25,10055,0,-821.25,0,-0.1539362699,-821.25,-0.1539362699,0.2209635417,0.2209635417,0.1,0.1666666667,0,0,10876.25,10876.25,0,9565,1165,1.357797623
1362,0,10205,23525,-671.25,12648.75,-0.1258200562,2.370899719,13320,2.496719775,0.015625,18.984375,7,28.92,0,0,10876.25,10876.25,0,9565,1166,1.358735561
1363,0,10876.25,37155,0,26278.75,0,4.925726336,26278.75,4.925726336,1.301692708,38.89830729,3.2,47.24,0,0,10876.25,10876.25,0,9565,1167,1.359707594
1364,0,10876.25,10460,-1.818989404e-12,-416.25,-3.409539651e-16,-0.07802249297,-416.25,-0.07802249297,2.584737757,2.584737757,0.12,0.3366666667,0,0,10876.25,10876.25,0,9565,1168,1.361151218
1365,0,10460,20055,-416.25,9178.75,-0.07802249297,1.720477976,9595,1.798500469,0.203125,9.796875,4,11.92,0,0,10876.25,10876.25,0,9565,1169,1.362452507
1366,0,10876.25,9710,0,-1166.25,0,-0.2186035614,-1166.25,-0.2186035614,0.121484375,0.121484375,0.1,0.2166666667,0,0,10876.25,10876.25,0,9565,1170,1.363321543
1367,0,9860,23250,-1016.25,12373.75,-0.1904873477,2.319353327,13390,2.509840675,0.015625,21.984375,7,30.92,0,0,10876.25,10876.25,0,9565,1171,1.364207029
1368,0,10876.25,9855,0,-1021.25,0,-0.1914245548,-1021.25,-0.1914245548,0.1063802083,0.1063802083,0.1,0.3457936508,0,0,10876.25,10876.25,0,9565,1172,1.365086317
1369,0,10005,21680,-871.25,10803.75,-0.1633083411,2.025070291,11675,2.188378632,0.015625,10.984375,6,15.92,0,0,10876.25,10876.25,0,9565,1173,1.365989923
1370,0,10876.25,9785,0,-1091.25,0,-0.2045454545,-1091.25,-0.2045454545,0.113671875,0.113671875,0.1,0.3457936508,0,0,10876.25,10876.25,0,9565,1174,1.36686039
1371,0,9935,21230,-941.25,10353.75,-0.1764292409,1.940721649,11295,2.11715089,0.015625,9.984375,5,13.92,0,0,10876.25,10876.25,0,9565,1175,1.367707253
1372,0,10876.25,9735,0,-1141.25,0,-0.2139175258,-1141.25,-0.2139175258,0.1188802083,0.1188802083,0.1,0.3457936508,0,0,10876.25,10876.25,0,9565,1176,1.368518829
1373,0,9885,24460,-991.25,13583.75,-0.1858013121,2.546157451,14575,2.731958763,0.015625,25.984375,7,31.92,0,0,10876.25,10876.25,0,9565,1177,1.36937356
1374,0,10876.25,9830,0,-1046.25,0,-0.1961105904,-1046.25,-0.1961105904,0.108984375,0.108984375,0.1,0.2166666667,0,0,10876.25,10876.25,0,9565,1178,1.370183229
1375,0,9980,23340,-896.25,12463.75,-0.1679943768,2.336223055,13360,2.504217432,0.015625,22.984375,7,28.92,0,0,10876.25,10876.25,0,9565,1179,1.371011019
1376,0,10876.25,22205,0,11328.75,0,2.123477038,11328.75,2.123477038,0.1188802083,40.11888021,3,52.12,0,0,10876.25,10876.25,0,9565,1180,1.371893883
1377,0,10876.25,10535,0,-341.25,0,-0.06396438613,-341.25,-0.06396438613,0.9440625,0.9440625,0.03333333333,0.1291269841,0,0,10876.25,10876.25,0,9565,1181,1.373193502
1378,0,10685,22955,-191.25,12078.75,-0.03584817245,2.264058107,12270,2.299906279,0.015625,11.984375,6,18.12,0,0,10876.25,10876.25,0,9565,1182,1.374426126
1379,0,10876.25,10585,0,-291.25,0,-0.0545923149,-291.25,-0.0545923149,0.03033854167,0.03033854167,0.03333333333,0.1291269841,0,0,10876.25,10876.25,0,9565,1183,1.375344992
1380,0,10735,24525,-141.25,13648.75,-0.02647610122,2.558341143,13790,2.584817245,0.015625,17.984375,7,28.12,0,0,10876.25,10876.25,0,9565,1184,1.37625885
1381,0,10876.25,40255,0,29378.75,0,5.506794752,29378.75,5.506794752,0.035546875,39.96445312,4,58.72,0,0,10876.25,10876.25,0,9565,1185,1.377182484
1382,0,10876.25,10385,0,-491.25,0,-0.09208059981,-491.25,-0.09208059981,1.05703125,1.05703125,0.03333333333,0.1291269841,0,0,10876.25,10876.25,0,9565,1186,1.378339052
1383,0,10535,26420,-341.25,15543.75,-0.06396438613,2.913542643,15885,2.977507029,0.015625,27.984375,7,37.12,0,0,10876.25,10876.25,0,9565,1187,1.3794384
1384,0,10876.25,10620,0,-256.25,0,-0.04803186504,-256.25,-0.04803186504,0.02669270833,0.02669270833,0,0,1,0,10876.25,10876.25,0,9565,1188,1.380423784
1385,0,10620,15440,-256.25,4563.75,-0.04803186504,0.8554358013,4820,0.9034676664,0,19,7,30,0,0,10876.25,10876.25,0,9565,1189,1.381295919
1386,0,10522,10570,-354.25,-306.25,-0.06640112465,-0.05740393627,48,0.008997188379,1.6,1.6,0,0,1,0,10876.25,10876.25,0,9565,1190,1.382130384
1387,0,10570,15890,-306.25,5013.75,-0.05740393627,0.9397844424,5320,0.9971883786,0,20,8,32,0,0,10876.25,10876.25,0,9565,1191,1.383051157
1388,0,10572,23410,-304.25,12533.75,-0.05702905342,2.349343955,12838,2.406373008,1.6,46,3,52.04,0,0,10876.25,10876.25,0,9565,1192,1.383935452
1389,0,10876.25,9900,0,-976.25,0,-0.1829896907,-976.25,-0.1829896907,2.002029221,2.002029221,0.1666666667,0.6456349206,0,0,10876.25,10876.25,0,9565,1193,1.385353565
1390,0,10650,25335,-226.25,14458.75,-0.04240862231,2.710168697,14685,2.75257732,0.078125,27.921875,7,33.96,0,0,10876.25,10876.25,0,9565,1194,1.386591673
1391,0,10876.25,10095,0,-781.25,0,-0.1464386129,-781.25,-0.1464386129,0.08138020833,0.08138020833,0,0,1,0,10876.25,10876.25,0,9565,1195,1.38743639
1392,0,10095,16300,-781.25,5423.75,-0.1464386129,1.016635426,6205,1.163074039,0,29,7,36,0,0,10876.25,10876.25,0,9565,1196,1.388334751
1393,0,10770,10020,-106.25,-856.25,-0.01991565136,-0.1604967198,-750,-0.1405810684,0.078125,0.078125,0.1666666667,0.6456349206,0,0,10876.25,10876.25,0,9565,1197,1.389181852
1394,0,10770,23960,-106.25,13083.75,-0.01991565136,2.452436739,13190,2.47235239,0.078125,19.921875,7,27.96,0,0,10876.25,10876.25,0,9565,1198,1.39003396
1395,0,10876.25,9910,0,-966.25,0,-0.1811152765,-966.25,-0.1811152765,1.929384903,1.929384903,0.1666666667,0.6456349206,0,0,10876.25,10876.25,0,9565,1199,1.390994549
1396,0,10660,25625,-216.25,14748.75,-0.04053420806,2.76452671,14965,2.805060918,0.078125,28.921875,7,35.96,0,0,10876.25,10876.25,0,9565,1200,1.392031908
1397,0,10876.25,10020,0,-856.25,0,-0.1604967198,-856.25,-0.1604967198,0.08919270833,0.08919270833,0.1666666667,0.6456349206,0,0,10876.25,10876.25,0,9565,1201,1.393084288
1398,0,10770,23080,-106.25,12203.75,-0.01991565136,2.287488285,12310,2.307403936,0.078125,14.921875,7,22.96,0,0,10876.25,10876.25,0,9565,1202,1.393987894
1399,0,10876.25,9850,0,-1026.25,0,-0.1923617619,-1026.25,-0.1923617619,0.1069010417,0.1069010417,0.1666666667,0.6456349206,0,0,10876.25,10876.25,0,9565,1203,1.394920349
1400,0,10600,23390,-276.25,12513.75,-0.05178069353,2.345595127,12790,2.39737582,0.078125,15.921875,7,24.96,0,0,10876.25,10876.25,0,9565,1204,1.395836115
1401,0,10876.25,36950,0,26073.75,0,4.887300843,26073.75,4.887300843,0.1016927083,44.89830729,5,57.52,0,0,10876.25,10876.25,0,9565,1205,1.396755934
1402,0,10876.25,9220,0,-1656.25,0,-0.3104498594,-1656.25,-0.3104498594,3.991516426,3.991516426,0.2666666667,1.391904762,0,0,10876.25,10876.25,0,9565,1206,1.398056984
1403,0,10620,27395,-256.25,16518.75,-0.04803186504,3.096298032,16775,3.144329897,0.1875,25.8125,7,34.6,0,0,10876.25,10876.25,0,9565,1207,1.399252653
1404,0,10876.25,9415,0,-1461.25,0,-0.2738987816,-1461.25,-0.2738987816,0.362890625,0.362890625,0.2,1.38468254,0,0,10876.25,10876.25,0,9565,1208,1.400122643
1405,0,10365,27300,-511.25,16423.75,-0.0958294283,3.078491097,16935,3.174320525,0.203125,27.796875,7,34.64,0,0,10876.25,10876.25,0,9565,1209,1.400998116
1406,0,10876.25,35690,0,24813.75,0,4.651124649,24813.75,4.651124649,0.267578125,48.73242188,6,66.04,0,0,10876.25,10876.25,0,9565,1210,1.401888609
1407,0,10876.25,9105,0,-1771.25,0,-0.3320056232,-1771.25,-0.3320056232,0.99375,0.99375,0.6666666667,4.003571429,0,0,10876.25,10876.25,0,9565,1211,1.403188944
1408,0,10876.25,21470,0,10593.75,0,1.985707591,10593.75,1.985707591,0.99375,18.00625,7,27.33,0,0,10876.25,10876.25,0,9565,1212,1.404439449
1409,0,10876.25,7955,0,-2921.25,0,-0.5475632615,-2921.25,-0.5475632615,0.3876302083,0.3876302083,0.6666666667,4.633571429,0,0,10876.25,10876.25,0,9565,1213,1.405456305
1410,0,10605,24060,-271.25,13183.75,-0.05084348641,2.471180881,13455,2.522024367,0.359375,15.640625,7,24.56,0,0,10876.25,10876.25,0,9565,1214,1.406333208
1411,0,10876.25,7905,0,-2971.25,0,-0.5569353327,-2971.25,-0.5569353327,2.381000322,2.381000322,0.6666666667,4.776904762,0,0,10876.25,10876.25,0,9565,1215,1.40731883
1412,0,10605,26440,-271.25,15563.75,-0.05084348641,2.917291471,15835,2.968134958,0.375,28.625,7,35.6,0,0,10876.25,10876.25,0,9565,1216,1.408308983
1413,0,10876.25,8000,0,-2876.25,0,-0.5391283974,-2876.25,-0.5391283974,0.487109375,0.487109375,0.6666666667,4.669285714,0,0,10876.25,10876.25,0,9565,1217,1.409282446
1414,0,10150,26745,-726.25,15868.75,-0.1361293346,2.974461106,16595,3.11059044,0.359375,29.640625,7,37.56,0,0,10876.25,10876.25,0,9565,1218,1.410187244
1415,0,10876.25,27695,0,16818.75,0,3.152530459,16818.75,3.152530459,0.459765625,38.99101563,3,47.6,0,0,10876.25,10876.25,0,9565,1219,1.411152601
1416,0,10876.25,8070,0,-2806.25,0,-0.5260074977,-2806.25,-0.5260074977,0.4069010417,0.4069010417,0.8,4.166349206,0,0,10876.25,10876.25,0,9565,1220,1.412526608
1417,0,10720,23975,-156.25,13098.75,-0.02928772259,2.45524836,13255,2.484536082,0.390625,14.609375,7,23.76,0,0,10876.25,10876.25,0,9565,1221,1.413799047
1418,0,10876.25,8120,0,-2756.25,0,-0.5166354264,-2756.25,-0.5166354264,0.3912760417,0.3912760417,0.8,3.623333333,0,0,10876.25,10876.25,0,9565,1222,1.414878845
1419,0,10220,19845,-656.25,8968.75,-0.1230084349,1.681115276,9625,1.804123711,0.21875,10.78125,6,15.6,0,0,10876.25,10876.25,0,9565,1223,1.415783644
1420,0,10876.25,8070,0,-2806.25,0,-0.5260074977,-2806.25,-0.5260074977,0.2923177083,0.2923177083,0.8,3.623333333,0,0,10876.25,10876.25,0,9565,1224,1.416687727
1421,0,10170,23905,-706.25,13028.75,-0.1323805061,2.44212746,13735,2.574507966,0.21875,27.78125,7,35.6,0,0,10876.25,10876.25,0,9565,1225,1.417660713
1422,0,10876.25,8245,0,-2631.25,0,-0.4932052484,-2631.25,-0.4932052484,0.2740885417,0.2740885417,0.8,2.977698413,0,0,10876.25,10876.25,0,9565,1226,1.418634176
1423,0,9595,20815,-1281.25,9938.75,-0.2401593252,1.862933458,11220,2.103092784,0.140625,16.859375,7,24.6,0,0,10876.25,10876.25,0,9565,1227,1.419593334
1424,0,10876.25,8145,0,-2731.25,0,-0.5119493908,-2731.25,-0.5119493908,0.2845052083,0.2845052083,0.8,2.174285714,0,0,10876.25,10876.25,0,9565,1228,1.420521975
1425,0,8745,20375,-2131.25,9498.75,-0.3994845361,1.780459231,11630,2.179943768,0.0625,13.9375,7,18.6,0,0,10876.25,10876.25,0,9565,1229,1.421445847
1426,0,10876.25,8195,0,-2681.25,0,-0.5025773196,-2681.25,-0.5025773196,0.279296875,0.279296875,0.8,2.174285714,0,0,10876.25,10876.25,0,9565,1230,1.4223032
1427,0,8795,22125,-2081.25,11248.75,-0.3901124649,2.108481724,13330,2.498594189,0.0625,22.9375,7,30.6,0,0,10876.25,10876.25,0,9565,1231,1.42318964
1428,0,10876.25,8160,0,-2716.25,0,-0.5091377694,-2716.25,-0.5091377694,0.2829427083,0.2829427083,0.8,2.777698413,0,0,10876.25,10876.25,0,9565,1232,1.424042702
1429,0,9510,21440,-1366.25,10563.75,-0.2560918463,1.980084349,11930,2.236176195,0.140625,14.859375,7,22.6,0,0,10876.25,10876.25,0,9565,1233,1.424976587
1430,0,10876.25,8210,0,-2666.25,0,-0.4997656982,-2666.25,-0.4997656982,0.277734375,0.277734375,0.8,2.777698413,0,0,10876.25,10876.25,0,9565,1234,1.425796986
1431,0,9560,22450,-1316.25,11573.75,-0.2467197751,2.169400187,12890,2.416119963,0.140625,20.859375,7,29.6,0,0,10876.25,10876.25,0,9565,1235,1.426663876
1432,0,10876.25,8205,0,-2671.25,0,-0.5007029053,-2671.25,-0.5007029053,1.883255208,1.883255208,0.8,2.174285714,0,0,10876.25,10876.25,0,9565,1236,1.427533865
1433,0,8805,21775,-2071.25,10898.75,-0.3882380506,2.042877226,12970,2.431115276,0.0625,18.9375,7,28.6,0,0,10876.25,10876.25,0,9565,1237,1.428467512
1434,0,10876.25,8185,0,-2691.25,0,-0.5044517338,-2691.25,-0.5044517338,1.882421875,1.882421875,0.8,2.977698413,0,0,10876.25,10876.25,0,9565,1238,1.429357767
1435,0,9535,22760,-1341.25,11883.75,-0.2514058107,2.227507029,13225,2.47891284,0.140625,25.859375,7,32.6,0,0,10876.25,10876.25,0,9565,1239,1.430370092
1436,0,10876.25,8130,0,-2746.25,0,-0.5147610122,-2746.25,-0.5147610122,0.2860677083,0.2860677083,0.8,3.623333333,0,0,10876.25,10876.25,0,9565,1240,1.431190968
1437,0,10230,20730,-646.25,9853.75,-0.1211340206,1.847000937,10500,1.968134958,0.21875,12.78125,7,19.6,0,0,10876.25,10876.25,0,9565,1241,1.432027817
1438,0,10876.25,8060,0,-2816.25,0,-0.5278819119,-2816.25,-0.5278819119,0.293359375,0.293359375,0.8,3.623333333,0,0,10876.25,10876.25,0,9565,1242,1.432810783
1439,0,10160,23495,-716.25,12618.75,-0.1342549203,2.365276476,13335,2.499531396,0.21875,27.78125,7,33.6,0,0,10876.25,10876.25,0,9565,1243,1.433643818
1440,0,10876.25,8255,0,-2621.25,0,-0.4913308341,-2621.25,-0.4913308341,0.273046875,0.273046875,0.8,2.977698413,0,0,10876.25,10876.25,0,9565,1244,1.434464931
1441,0,9605,23700,-1271.25,12823.75,-0.238284911,2.403701968,14095,2.641986879,0.140625,28.859375,7,35.6,0,0,10876.25,10876.25,0,9565,1245,1.435299397
1442,0,10876.25,28375,0,17498.75,0,3.279990628,17498.75,3.279990628,0.293359375,35.70664062,3,51.56,0,0,10876.25,10876.25,0,9565,1246,1.436120272
1443,0,10876.25,7720,0,-3156.25,0,-0.5916119963,-3156.25,-0.5916119963,0.3287760417,0.3287760417,1,4.420238095,0,0,10876.25,10876.25,0,9565,1247,1.437359571
1444,0,9970,21360,-906.25,10483.75,-0.169868791,1.965089035,11390,2.134957826,0.234375,16.765625,7,26.56,0,0,10876.25,10876.25,0,9565,1248,1.438564539
1445,0,10876.25,7670,0,-3206.25,0,-0.6009840675,-3206.25,-0.6009840675,0.333984375,0.333984375,1,4.420238095,0,0,10876.25,10876.25,0,9565,1249,1.439430714
1446,0,9920,23205,-956.25,12328.75,-0.1792408622,2.310918463,13285,2.490159325,0.234375,27.765625,7,33.56,0,0,10876.25,10876.25,0,9565,1250,1.440317154
1447,0,10876.25,7965,0,-2911.25,0,-0.5456888472,-2911.25,-0.5456888472,0.3032552083,0.3032552083,1,3.774603175,0,0,10876.25,10876.25,0,9565,1251,1.441195965
1448,0,9465,21235,-1411.25,10358.75,-0.2645267104,1.941658857,11770,2.206185567,0.15625,18.84375,7,28.56,0,0,10876.25,10876.25,0,9565,1252,1.44209671
1449,0,10876.25,7730,0,-3146.25,0,-0.589737582,-3146.25,-0.589737582,0.327734375,0.327734375,1,4.420238095,0,0,10876.25,10876.25,0,9565,1253,1.442972422
1450,0,9980,22070,-896.25,11193.75,-0.1679943768,2.098172446,12090,2.266166823,0.234375,20.765625,7,29.56,0,0,10876.25,10876.25,0,9565,1254,1.443958759
1451,0,10876.25,7845,0,-3031.25,0,-0.5681818182,-3031.25,-0.5681818182,0.3157552083,0.3157552083,1,3.774603175,0,0,10876.25,10876.25,0,9565,1255,1.444835186
1452,0,9345,22420,-1531.25,11543.75,-0.2870196813,2.163776945,13075,2.450796626,0.15625,25.84375,7,32.56,0,0,10876.25,10876.25,0,9565,1256,1.44572258
1453,0,10876.25,7790,0,-3086.25,0,-0.5784910965,-3086.25,-0.5784910965,0.321484375,0.321484375,1,4.420238095,0,0,10876.25,10876.25,0,9565,1257,1.446559429
1454,0,10040,22110,-836.25,11233.75,-0.1567478913,2.105670103,12070,2.262417994,0.234375,18.765625,7,29.56,0,0,10876.25,10876.25,0,9565,1258,1.44744873
1455,0,10876.25,21145,0,10268.75,0,1.924789128,10268.75,1.924789128,0.3287760417,41.32877604,4,49.24,0,0,10876.25,10876.25,0,9565,1259,1.448323011
1456,0,10876.25,11395,0,518.75,0,0.09723523899,518.75,0.09723523899,0.5751329787,0.5751329787,0,0,1,0,10876.25,10876.25,0,9565,1260,1.449752331
1457,0,10876.25,11140,0,263.75,0,0.04943767573,263.75,0.04943767573,0.359375,12.640625,7,17.33666667,0,0,10876.25,10876.25,0,9565,1261,1.451001406
1458,0,10240,8870,-636.25,-2006.25,-0.1192596064,-0.376054358,-1370,-0.2567947516,1.75625,1.75625,0.6,1.846904762,0,0,10876.25,10876.25,0,9565,1262,1.451942205
1459,0,10270,27705,-606.25,16828.75,-0.1136363636,3.154404873,17435,3.268041237,0.1875,28.8125,7,37.48,0,0,10876.25,10876.25,0,9565,1263,1.452797413
1460,0,10876.25,8720,0,-2156.25,0,-0.4041705717,-2156.25,-0.4041705717,0.412109375,0.412109375,0.6,1.766904762,0,0,10876.25,10876.25,0,9565,1264,1.453822613
1461,0,9920,21210,-956.25,10333.75,-0.1792408622,1.936972821,11290,2.116213683,0.125,15.875,7,22.64,0,0,10876.25,10876.25,0,9565,1265,1.454817772
1462,0,10876.25,8670,0,-2206.25,0,-0.4135426429,-2206.25,-0.4135426429,0.2298177083,0.2298177083,0.6,1.766904762,0,0,10876.25,10876.25,0,9565,1266,1.455751896
1463,0,9870,21000,-1006.25,10123.75,-0.1886129335,1.897610122,11130,2.086223055,0.125,14.875,7,20.64,0,0,10876.25,10876.25,0,9565,1267,1.456781149
1464,0,10876.25,31580,0,20703.75,0,3.880740394,20703.75,3.880740394,0.224609375,37.77539062,3,43.92,0,0,10876.25,10876.25,0,9565,1268,1.457685947
1465,0,10876.25,8035,0,-2841.25,0,-0.5325679475,-2841.25,-0.5325679475,2.74517663,2.74517663,0.75,4.553571429,0,0,10876.25,10876.25,0,9565,1269,1.459076405
1466,0,10535,23090,-341.25,12213.75,-0.06396438613,2.289362699,12555,2.353327085,0.3125,14.6875,7,23.72,0,0,10876.25,10876.25,0,9565,1270,1.460476637
1467,0,10876.25,7985,0,-2891.25,0,-0.5419400187,-2891.25,-0.5419400187,0.4053385417,0.4053385417,0.75,4.553571429,0,0,10876.25,10876.25,0,9565,1271,1.461340666
1468,0,10485,27070,-391.25,16193.75,-0.07333645736,3.035379569,16585,3.108716026,0.3125,29.6875,7,37.72,0,0,10876.25,10876.25,0,9565,1272,1.462282658
1469,0,10876.25,7830,0,-3046.25,0,-0.5709934396,-3046.25,-0.5709934396,0.428125,0.428125,0.75,5.099206349,0,0,10876.25,10876.25,0,9565,1273,1.463423967
1470,0,10830,22465,-46.25,11588.75,-0.008669165886,2.172211809,11635,2.180880975,0.3125,26.6875,7,32.76,0,0,10876.25,10876.25,0,9565,1274,1.464397669
1471,0,10876.25,7585,0,-3291.25,0,-0.6169165886,-3291.25,-0.6169165886,0.4053385417,0.4053385417,0.75,4.753571429,0,0,10876.25,10876.25,0,9565,1275,1.465281725
1472,0,10135,29035,-741.25,18158.75,-0.138940956,3.403701968,18900,3.542642924,0.328125,28.671875,7,37.48,0,0,10876.25,10876.25,0,9565,1276,1.466212511
1473,0,10876.25,16385,0,5508.75,0,1.032567948,5508.75,1.032567948,0.326953125,32.32695313,4,44.40396825,0,0,10876.25,10876.25,0,9565,1277,1.467193127
1474,0,10876.25,8645,0,-2231.25,0,-0.4182286785,-2231.25,-0.4182286785,3.234375,3.234375,0.75,4.086904762,0,0,10876.25,10876.25,0,9565,1278,1.468647718
1475,0,10876.25,18540,0,7663.75,0,1.436504217,7663.75,1.436504217,0.28125,9.71875,4,11.56,0,0,10876.25,10876.25,0,9565,1279,1.469887257
1476,0,10876.25,8195,0,-2681.25,0,-0.5025773196,-2681.25,-0.5025773196,0.279296875,0.279296875,0.75,4.086904762,0,0,10876.25,10876.25,0,9565,1280,1.47084856
1477,0,10445,22950,-431.25,12073.75,-0.08083411434,2.2631209,12505,2.343955014,0.234375,25.765625,7,31.56,0,0,10876.25,10876.25,0,9565,1281,1.47171092
1478,0,10876.25,7780,0,-3096.25,0,-0.5803655108,-3096.25,-0.5803655108,0.553125,0.553125,0.75,4.732539683,0,0,10876.25,10876.25,0,9565,1282,1.472704411
1479,0,10780,22300,-96.25,11423.75,-0.01804123711,2.141283974,11520,2.159325211,0.3125,20.6875,7,29.56,0,0,10876.25,10876.25,0,9565,1283,1.473659754
1480,0,10876.25,7795,0,-3081.25,0,-0.5775538894,-3081.25,-0.5775538894,1.520963542,1.520963542,0.75,4.146904762,0,0,10876.25,10876.25,0,9565,1284,1.474522352
1481,0,10195,22990,-681.25,12113.75,-0.1276944705,2.270618557,12795,2.398313027,0.28125,17.71875,7,25.4,0,0,10876.25,10876.25,0,9565,1285,1.4754529
1482,0,10876.25,7785,0,-3091.25,0,-0.5794283037,-3091.25,-0.5794283037,0.497265625,0.497265625,0.75,4.59968254,0,0,10876.25,10876.25,0,9565,1286,1.476328135
1483,0,10685,27120,-191.25,16243.75,-0.03584817245,3.04475164,16435,3.080599813,0.4375,28.5625,7,37.4,0,0,10876.25,10876.25,0,9565,1287,1.477390051
1484,0,10876.25,7855,0,-3021.25,0,-0.5663074039,-3021.25,-0.5663074039,0.475390625,0.475390625,0.75,4.086904762,0,0,10876.25,10876.25,0,9565,1288,1.478383541
1485,0,10105,20115,-771.25,9238.75,-0.1445641987,1.731724461,10010,1.87628866,0.234375,13.765625,7,21.56,0,0,10876.25,10876.25,0,9565,1289,1.479315519
1486,0,10876.25,34090,0,23213.75,0,4.351218369,23213.75,4.351218369,0.3225260417,39.67747396,4,59.48,0,0,10876.25,10876.25,0,9565,1290,1.480187178
1487,0,10876.25,7980,0,-2896.25,0,-0.5428772259,-2896.25,-0.5428772259,4.008391624,4.008391624,0.55,3.189365079,0,0,10876.25,10876.25,0,9565,1291,1.48154664
1488,0,10380,23775,-496.25,12898.75,-0.09301780694,2.417760075,13395,2.510777882,0.25,28.75,7,35.92,0,0,10876.25,10876.25,0,9565,1292,1.48268652
1489,0,10876.25,7995,0,-2881.25,0,-0.5400656045,-2881.25,-0.5400656045,0.3834635417,0.3834635417,0.55,2.928174603,0,0,10876.25,10876.25,0,9565,1293,1.483571529
1490,0,10045,29325,-831.25,18448.75,-0.1558106842,3.458059981,19280,3.613870665,0.296875,28.703125,7,37.16,0,0,10876.25,10876.25,0,9565,1294,1.484500408
1491,0,10876.25,8220,0,-2656.25,0,-0.497891284,-2656.25,-0.497891284,0.486328125,0.486328125,0.55,2.710396825,0,0,10876.25,10876.25,0,9565,1295,1.485458136
1492,0,9870,22490,-1006.25,11613.75,-0.1886129335,2.176897844,12620,2.365510778,0.171875,21.828125,7,30.92,0,0,10876.25,10876.25,0,9565,1296,1.486357212
1493,0,10876.25,29065,0,18188.75,0,3.409325211,18188.75,3.409325211,0.3834635417,37.86653646,4,47.72,0,0,10876.25,10876.25,0,9565,1297,1.487249374
1494,0,10876.25,8365,0,-2511.25,0,-0.4707122774,-2511.25,-0.4707122774,1.461588542,1.461588542,0.8,4.672698413,0,0,10876.25,10876.25,0,9565,1298,1.488836765
1495,0,10765,24130,-111.25,13253.75,-0.02085285848,2.484301781,13365,2.505154639,0.25,28.75,7,35.72,0,0,10876.25,10876.25,0,9565,1299,1.490082979
1496,0,10876.25,7950,0,-2926.25,0,-0.5485004686,-2926.25,-0.5485004686,1.179941979,1.179941979,0.8,5.318333333,0,0,10876.25,10876.25,0,9565,1300,1.491215467
1497,0,10876.25,23855,0,12978.75,0,2.432755389,12978.75,2.432755389,1.179941979,28.82005802,7,36.72,0,0,10876.25,10876.25,0,9565,1301,1.49241662
1498,0,10876.25,7865,0,-3011.25,0,-0.5644329897,-3011.25,-0.5644329897,0.313671875,0.313671875,0.8,4.193730159,0,0,10876.25,10876.25,0,9565,1302,1.493724585
1499,0,10265,19975,-611.25,9098.75,-0.1145735708,1.705482662,9710,1.820056232,0.25,13.75,7,18.72,0,0,10876.25,10876.25,0,9565,1303,1.494779587
1500,0,10876.25,7765,0,-3111.25,0,-0.5831771321,-3111.25,-0.5831771321,0.3240885417,0.3240885417,0.8,5.039365079,0,0,10876.25,10876.25,0,9565,1304,1.495792866
1501,0,10165,19695,-711.25,8818.75,-0.1333177132,1.652999063,9530,1.786316776,0.25,13.75,7,18.72,0,0,10876.25,10876.25,0,9565,1305,1.496972799
1502,0,10876.25,7715,0,-3161.25,0,-0.5925492034,-3161.25,-0.5925492034,0.703125,0.703125,0.8,5.039365079,0,0,10876.25,10876.25,0,9565,1306,1.497872829
1503,0,10115,19745,-761.25,8868.75,-0.1426897844,1.662371134,9630,1.805060918,0.25,13.75,7,18.72,0,0,10876.25,10876.25,0,9565,1307,1.498900414
1504,0,10876.25,19090,0,8213.75,0,1.539597001,8213.75,1.539597001,0.3240885417,35.32408854,4,48,0,0,10876.25,10876.25,0,9565,1308,1.499804974
1505,0,9805,8305,-1071.25,-2571.25,-0.2007966261,-0.4819587629,-1500,-0.2811621368,0.15625,0.15625,0.5,3.024603175,0,0,10876.25,10876.25,0,9565,1309,1.501172066
1506,0,9805,22195,-1071.25,11318.75,-0.2007966261,2.121602624,12390,2.32239925,0.15625,19.84375,7,30.76,0,0,10876.25,10876.25,0,9565,1310,1.502197742
1507,0,10876.25,8230,0,-2646.25,0,-0.4960168697,-2646.25,-0.4960168697,0.2756510417,0.2756510417,0.5,3.670238095,0,0,10876.25,10876.25,0,9565,1311,1.503149748
1508,0,10480,22170,-396.25,11293.75,-0.07427366448,2.116916589,11690,2.191190253,0.234375,17.765625,7,27.76,0,0,10876.25,10876.25,0,9565,1312,1.504078865
1509,0,10876.25,8180,0,-2696.25,0,-0.505388941,-2696.25,-0.505388941,0.280859375,0.280859375,0.5,3.670238095,0,0,10876.25,10876.25,0,9565,1313,1.504982471
1510,0,10430,21160,-446.25,10283.75,-0.08364573571,1.92760075,10730,2.011246485,0.234375,13.765625,7,21.76,0,0,10876.25,10876.25,0,9565,1314,1.505889177
1511,0,10876.25,18450,0,7573.75,0,1.419634489,7573.75,1.419634489,0.2756510417,36.27565104,6,50.46857143,0,0,10876.25,10876.25,0,9565,1315,1.506812334
1512,0,10876.25,8195,0,-2681.25,0,-0.5025773196,-2681.25,-0.5025773196,1.935774788,1.935774788,0.525,2.942142857,0,0,10876.25,10876.25,0,9565,1316,1.508237839
1513,0,10876.25,18360,0,7483.75,0,1.402764761,7483.75,1.402764761,1.935774788,10.34118238,1.72,3.78,0,0,10876.25,10876.25,0,9565,1317,1.509670973
1514,0,10876.25,8560,0,-2316.25,0,-0.4341611996,-2316.25,-0.4341611996,0.3766927083,0.3766927083,0.26,0.7294444444,0,0,10876.25,10876.25,0,9565,1318,1.510864735
1515,0,9360,25710,-1516.25,14833.75,-0.28420806,2.780459231,16350,3.064667291,0.21875,24.78125,7,32.56,0,0,10876.25,10876.25,0,9565,1319,1.511775732
1516,0,10876.25,8705,0,-2171.25,0,-0.4069821931,-2171.25,-0.4069821931,0.413671875,0.413671875,0.1,0.3457936508,0,0,10876.25,10876.25,0,9565,1320,1.512648344
1517,0,8855,22925,-2021.25,12048.75,-0.3788659794,2.258434864,14070,2.637300843,0.015625,20.984375,7,29.72,0,0,10876.25,10876.25,0,9565,1321,1.513542891
1518,0,10876.25,8620,0,-2256.25,0,-0.4229147142,-2256.25,-0.4229147142,2.647942708,2.647942708,0.2285714286,0.6202380952,0,0,10876.25,10876.25,0,9565,1322,1.514475584
1519,0,9170,23415,-1706.25,12538.75,-0.3198219306,2.350281162,14245,2.670103093,0.140625,13.859375,7,21.52,0,0,10876.25,10876.25,0,9565,1323,1.51542592
1520,0,10876.25,8570,0,-2306.25,0,-0.4322867854,-2306.25,-0.4322867854,1.638151042,1.638151042,0.1333333333,0.41,0,0,10876.25,10876.25,0,9565,1324,1.516312838
1521,0,9070,28800,-1806.25,17923.75,-0.3385660731,3.359653233,19730,3.698219306,0.125,23.875,7,33.4,0,0,10876.25,10876.25,0,9565,1325,1.517229795
1522,0,10876.25,17085,0,6208.75,0,1.163776945,6208.75,1.163776945,0.6100260417,33.61002604,3,45.8,0,0,10876.25,10876.25,0,9565,1326,1.518163204
1523,0,10010,9345,-866.25,-1531.25,-0.162371134,-0.2870196813,-665,-0.1246485473,0.4703125,0.4703125,0.1428571429,0.1428571429,0,0,10876.25,10876.25,0,9565,1327,1.519439459
1524,0,10095,24830,-781.25,13953.75,-0.1464386129,2.615510778,14735,2.761949391,0.078125,27.921875,7,37.76,0,0,10876.25,10876.25,0,9565,1328,1.520529509
1525,0,10876.25,8955,0,-1921.25,0,-0.3601218369,-1921.25,-0.3601218369,0.2001302083,0.2001302083,0.2857142857,0.9134920635,0,0,10876.25,10876.25,0,9565,1329,1.52148819
1526,0,10455,21255,-421.25,10378.75,-0.07895970009,1.945407685,10800,2.024367385,0.15625,11.84375,6,17.76,0,0,10876.25,10876.25,0,9565,1330,1.522464991
1527,0,10876.25,8245,0,-2631.25,0,-0.4932052484,-2631.25,-0.4932052484,3.198046875,3.198046875,1,5.360714286,0,0,10876.25,10876.25,0,9565,1331,1.523420572
1528,0,9880,9130,-996.25,-1746.25,-0.1867385192,-0.3273195876,-750,-0.1405810684,0.078125,0.078125,0.1428571429,0.2678571429,0,0,10876.25,10876.25,0,9565,1332,1.524499893
1529,0,9880,25105,-996.25,14228.75,-0.1867385192,2.66705717,15225,2.853795689,0.078125,29.921875,7,36.76,0,0,10876.25,10876.25,0,9565,1333,1.525392532
1530,0,10876.25,8965,0,-1911.25,0,-0.3582474227,-1911.25,-0.3582474227,0.1990885417,0.1990885417,0.2857142857,1.363492063,0,0,10876.25,10876.25,0,9565,1334,1.526390553
1531,0,10465,21485,-411.25,10608.75,-0.07708528585,1.988519213,11020,2.065604499,0.15625,12.84375,7,19.76,0,0,10876.25,10876.25,0,9565,1335,1.527475119
1532,0,10876.25,8890,0,-1986.25,0,-0.3723055295,-1986.25,-0.3723055295,1.443229167,1.443229167,0.4285714286,2.009126984,0,0,10876.25,10876.25,0,9565,1336,1.528425455
1533,0,10876.25,8490,0,-2386.25,0,-0.4472820993,-2386.25,-0.4472820993,0.575,0.575,0.4285714286,2.009126984,0,0,10876.25,10876.25,0,9565,1337,1.529389381
1534,0,10740,24205,-136.25,13328.75,-0.0255388941,2.498359888,13465,2.523898782,0.234375,27.765625,7,33.76,0,0,10876.25,10876.25,0,9565,1338,1.530362844
1535,0,10876.25,8825,0,-2051.25,0,-0.3844892221,-2051.25,-0.3844892221,0.213671875,0.213671875,0.2857142857,1.363492063,0,0,10876.25,10876.25,0,9565,1339,1.531219482
1536,0,10325,23870,-551.25,12993.75,-0.1033270853,2.43556701,13545,2.538894096,0.15625,27.84375,7,33.76,0,0,10876.25,10876.25,0,9565,1340,1.532120228
1537,0,10876.25,33540,0,22663.75,0,4.248125586,22663.75,4.248125586,0.2485677083,42.75143229,4,52.56,0,0,10876.25,10876.25,0,9565,1341,1.5329988
1538,0,10876.25,9930,0,-946.25,0,-0.177366448,-946.25,-0.177366448,2.278201844,2.278201844,0.8,1.661984127,0,0,10876.25,10876.25,0,9565,1342,1.534265995
1539,0,10876.25,26735,0,15858.75,0,2.972586692,15858.75,2.972586692,0.3484375,24.6515625,7,34.48,0,0,10876.25,10876.25,0,9565,1343,1.535556555
1540,0,10876.25,8860,0,-2016.25,0,-0.3779287723,-2016.25,-0.3779287723,2.978310381,2.978310381,1,1.651904762,0,0,10876.25,10876.25,0,9565,1344,1.53661418
1541,0,9260,28235,-1616.25,17358.75,-0.3029522024,3.253748828,18975,3.556701031,0.09375,27.90625,7,38.52,0,0,10876.25,10876.25,0,9565,1345,1.537684202
1542,0,10876.25,9235,0,-1641.25,0,-0.3076382381,-1641.25,-0.3076382381,0.4209635417,0.4209635417,0.8,1.412222222,0,0,10876.25,10876.25,0,9565,1346,1.538747072
1543,0,9585,25700,-1291.25,14823.75,-0.2420337395,2.778584817,16115,3.020618557,0.078125,19.921875,7,29.48,0,0,10876.25,10876.25,0,9565,1347,1.539751291
1544,0,10876.25,24000,0,13123.75,0,2.459934396,13123.75,2.459934396,0.4704427083,41.47044271,4,47.08,0,0,10876.25,10876.25,0,9565,1348,1.540679216
1545,0,10876.25,9345,0,-1531.25,0,-0.2870196813,-1531.25,-0.2870196813,4.469995729,4.469995729,0.6666666667,2.981666667,0,0,10876.25,10876.25,0,9565,1349,1.541875362
1546,0,10876.25,27580,0,16703.75,0,3.130974695,16703.75,3.130974695,4.156098733,24.84390127,7,34.76,0,0,10876.25,10876.25,0,9565,1350,1.543341637
1547,0,10876.25,9400,0,-1476.25,0,-0.276710403,-1476.25,-0.276710403,0.362109375,0.362109375,0.6666666667,1.416666667,0,0,10876.25,10876.25,0,9565,1351,1.544575453
1548,0,9900,15245,-976.25,4368.75,-0.1829896907,0.8188847235,5345,1.001874414,0.15625,10.84375,8,19.72,0,0,10876.25,10876.25,0,9565,1352,1.545764446
1549,0,10400,9350,-476.25,-1526.25,-0.08926897844,-0.2860824742,-1050,-0.1968134958,0.328125,0.328125,0.7333333333,1.873333333,0,0,10876.25,10876.25,0,9565,1353,1.546567202
1550,0,9900,14995,-976.25,4118.75,-0.1829896907,0.7720243674,5095,0.9550140581,0.171875,11.828125,7,17.76,0,0,10876.25,10876.25,0,9565,1354,1.547398567
1551,0,10420,21770,-456.25,10893.75,-0.08552014995,2.041940019,11350,2.127460169,1.1125,37.7125,3,42,0,0,10876.25,10876.25,0,9565,1355,1.5482409
1552,0,10876.25,10885,0,8.75,0,0.001640112465,8.75,0.001640112465,0.5,0.5,0,0,1,0,10876.25,10876.25,0,9565,1356,1.549376965
1553,0,10876.25,16160,0,5283.75,0,0.990393627,5283.75,0.990393627,0.0109375,24.9890625,7,33.1,0,0,10876.25,10876.25,0,9565,1357,1.550645113
1554,0,10510,10360,-366.25,-516.25,-0.06865042174,-0.09676663543,-150,-0.02811621368,0.046875,0.046875,0.1,0.16,0,0,10876.25,10876.25,0,9565,1358,1.551594496
1555,0,10510,16260,-366.25,5383.75,-0.06865042174,1.009137769,5750,1.077788191,0.046875,11.953125,6,17.84,0,0,10876.25,10876.25,0,9565,1359,1.552522898
1556,0,10876.25,10350,0,-526.25,0,-0.09864104967,-526.25,-0.09864104967,0.164453125,0.164453125,0,0,1,0,10876.25,10876.25,0,9565,1360,1.553382158
1557,0,10350,15275,-526.25,4398.75,-0.09864104967,0.8245079663,4925,0.9231490159,0,24,7,32,0,0,10876.25,10876.25,0,9565,1361,1.554303169
1558,0,10185,10275,-691.25,-601.25,-0.1295688847,-0.1126991565,90,0.01686972821,1.2,1.2,0.06,0.06,0,0,10876.25,10876.25,0,9565,1362,1.555239677
1559,0,10425,15420,-451.25,4543.75,-0.08458294283,0.8516869728,4995,0.9362699157,0.046875,10.953125,6,15.84,0,0,10876.25,10876.25,0,9565,1363,1.556143761
1560,0,10876.25,10025,0,-851.25,0,-0.1595595127,-851.25,-0.1595595127,0.266015625,0.266015625,0,0,1,0,10876.25,10876.25,0,9565,1364,1.556996346
1561,0,10025,17580,-851.25,6703.75,-0.1595595127,1.25656045,7555,1.416119963,0,30,7,37,0,0,10876.25,10876.25,0,9565,1365,1.557855844
1562,0,10660,10660,-216.25,-216.25,-0.04053420806,-0.04053420806,0,0,0,0,0,0,1,0,10876.25,10876.25,0,9565,1366,1.558693171
1563,0,10660,16645,-216.25,5768.75,-0.04053420806,1.081302718,5985,1.121836926,0,30,7,36,0,0,10876.25,10876.25,0,9565,1367,1.559582233
1564,0,10205,10205,-671.25,-671.25,-0.1258200562,-0.1258200562,0,0,0,0,0,0,1,0,10876.25,10876.25,0,9565,1368,1.560439348
1565,0,10205,12925,-671.25,2048.75,-0.1258200562,0.3840206186,2720,0.5098406748,0,11,6,16,0,0,10876.25,10876.25,0,9565,1369,1.561332941
1566,0,10323,10395,-553.25,-481.25,-0.1037019681,-0.09020618557,72,0.01349578257,1.2,1.2,0.06,0.06,0,0,10876.25,10876.25,0,9565,1370,1.5621171
1567,0,10545,16615,-331.25,5738.75,-0.06208997188,1.075679475,6070,1.137769447,0.046875,15.953125,7,21.84,0,0,10876.25,10876.25,0,9565,1371,1.563032389
1568,0,10876.25,28340,0,17463.75,0,3.273430178,17463.75,3.273430178,0.209765625,34.20976563,5,47.12,0,0,10876.25,10876.25,0,9565,1372,1.56400013
1569,0,10876.25,9260,0,-1616.25,0,-0.3029522024,-1616.25,-0.3029522024,0.3755108173,0.3755108173,0.3142857143,1.293730159,0,0,10876.25,10876.25,0,9565,1373,1.565118074
1570,0,10876.25,23550,0,12673.75,0,2.375585754,12673.75,2.375585754,0.2952535377,26.70474646,7,30.28666667,0,0,10876.25,10876.25,0,9565,1374,1.566851616
1571,0,10876.25,8950,0,-1926.25,0,-0.361059044,-1926.25,-0.361059044,3.125651042,3.125651042,1,5.376269841,0,0,10876.25,10876.25,0,9565,1375,1.567953587
1572,0,9610,9610,-1266.25,-1266.25,-0.2373477038,-0.2373477038,0,0,2.4,2.4,0.16,0.2266666667,0,0,10876.25,10876.25,0,9565,1376,1.568921804
1573,0,10010,16750,-866.25,5873.75,-0.162371134,1.100984067,6740,1.263355201,0.125,21.875,7,30.68,0,0,10876.25,10876.25,0,9565,1377,1.569782257
1574,0,10876.25,9755,0,-1121.25,0,-0.2101686973,-1121.25,-0.2101686973,0.350390625,0.350390625,0.04,0.04,0,0,10876.25,10876.25,0,9565,1378,1.570731401
1575,0,9805,18190,-1071.25,7313.75,-0.2007966261,1.370899719,8385,1.571696345,0.015625,24.984375,7,32.76,0,0,10876.25,10876.25,0,9565,1379,1.571623087
1576,0,10876.25,32250,0,21373.75,0,4.006326148,21373.75,4.006326148,0.395703125,56.39570312,4,66.84,0,0,10876.25,10876.25,0,9565,1380,1.572549105
1577,0,10876.25,11355,0,478.75,0,0.08973758201,478.75,0.08973758201,1.120028409,1.120028409,0,0,1,0,10876.25,10876.25,0,9565,1381,1.574155807
1578,0,10876.25,13675,0,2798.75,0,0.524601687,2798.75,0.524601687,0.3989583333,16.60104167,7,21,0,0,10876.25,10876.25,0,9565,1382,1.575707674
1579,0,10122,10110,-754.25,-766.25,-0.1413776945,-0.1436269916,-12,-0.002249297095,1.2,1.2,0.06666666667,0.06666666667,0,0,10876.25,10876.25,0,9565,1383,1.576581001
1580,0,10210,18585,-666.25,7708.75,-0.1248828491,1.444939082,8375,1.569821931,0.03125,25.96875,7,32.28,0,0,10876.25,10876.25,0,9565,1384,1.577477694
1581,0,10876.25,10155,0,-721.25,0,-0.1351921275,-721.25,-0.1351921275,0.100390625,0.100390625,0.1,0.2688888889,0,0,10876.25,10876.25,0,9565,1385,1.578343868
1582,0,10755,24375,-121.25,13498.75,-0.02272727273,2.53022493,13620,2.552952202,0.0625,19.9375,7,27.8,0,0,10876.25,10876.25,0,9565,1386,1.579221964
1583,0,10876.25,20530,0,9653.75,0,1.809512652,9653.75,1.809512652,1.278567708,42.07856771,4,51,0,0,10876.25,10876.25,0,9565,1387,1.580193043
1584,0,10250,10250,-626.25,-626.25,-0.1173851921,-0.1173851921,0,0,0,0,0,0,1,0,10876.25,10876.25,0,9565,1388,1.581390619
1585,0,10250,12320,-626.25,1443.75,-0.1173851921,0.2706185567,2070,0.3880037488,0,11,6,13,0,0,10876.25,10876.25,0,9565,1389,1.582439661
1586,0,10400,10400,-476.25,-476.25,-0.08926897844,-0.08926897844,0,0,0,0,0,0,1,0,10876.25,10876.25,0,9565,1390,1.58328557
1587,0,10400,12730,-476.25,1853.75,-0.08926897844,0.3474695408,2330,0.4367385192,0,14,7,19,0,0,10876.25,10876.25,0,9565,1391,1.584115505
1588,0,10310,10310,-566.25,-566.25,-0.1061387067,-0.1061387067,0,0,0,0,0,0,1,0,10876.25,10876.25,0,9565,1392,1.584895372
1589,0,10310,14730,-566.25,3853.75,-0.1061387067,0.7223523899,4420,0.8284910965,0,22,7,30,0,0,10876.25,10876.25,0,9565,1393,1.585721731
1590,0,10335,10335,-541.25,-541.25,-0.101452671,-0.101452671,0,0,0,0,0,0,1,0,10876.25,10876.25,0,9565,1394,1.586564779
1591,0,10335,16550,-541.25,5673.75,-0.101452671,1.063495783,6215,1.164948454,0,26,7,35,0,0,10876.25,10876.25,0,9565,1395,1.58742547
1592,0,10281,10235,-595.25,-641.25,-0.111574508,-0.1201968135,-46,-0.00862230553,2.4,2.4,0.1,0.1888888889,0,0,10876.25,10876.25,0,9565,1396,1.588304996
1593,0,10835,22805,-41.25,11928.75,-0.007731958763,2.235941893,11970,2.243673852,0.0625,17.9375,7,22.8,0,0,10876.25,10876.25,0,9565,1397,1.58921957
1594,0,10876.25,10365,0,-511.25,0,-0.0958294283,-511.25,-0.0958294283,0.1734375,0.1734375,0.1,0.1888888889,0,0,10876.25,10876.25,0,9565,1398,1.590182781
1595,0,10876.25,21510,0,10633.75,0,1.993205248,10633.75,1.993205248,0.1734375,12.8265625,7,18,0,0,10876.25,10876.25,0,9565,1399,1.591065645
1596,0,10876.25,9190,0,-1686.25,0,-0.3160731022,-1686.25,-0.3160731022,0.1860677083,0.1860677083,0.225,0.8192857143,0,0,10876.25,10876.25,0,9565,1400,1.591989756
1597,0,10590,25755,-286.25,14878.75,-0.05365510778,2.788894096,15165,2.842549203,0.15625,18.84375,7,26.56,0,0,10876.25,10876.25,0,9565,1401,1.592920065
1598,0,10876.25,9365,0,-1511.25,0,-0.2832708529,-1511.25,-0.2832708529,1.148480903,1.148480903,0.1,0.1888888889,0,0,10876.25,10876.25,0,9565,1402,1.593919277
1599,0,9965,23055,-911.25,12178.75,-0.1708059981,2.282802249,13090,2.453608247,0.0625,20.9375,7,29,0,0,10876.25,10876.25,0,9565,1403,1.594902515
1600,0,10876.25,30885,0,20008.75,0,3.750468604,20008.75,3.750468604,0.1860677083,31.84518229,3,43.44,0,0,10876.25,10876.25,0,9565,1404,1.595795631
1601,0,10876.25,11175,0,298.75,0,0.05599812559,298.75,0.05599812559,0.7484375,0.7484375,1,1,0,0,10876.25,10876.25,0,9565,1405,1.596975327
1602,0,10876.25,13145,0,2268.75,0,0.425257732,2268.75,0.425257732,0.5140625,11.4859375,6,14.19555556,0,0,10876.25,10876.25,0,9565,1406,1.598219395
1603,0,10876.25,8325,0,-2551.25,0,-0.4782099344,-2551.25,-0.4782099344,0.516015625,0.516015625,0.8,1.706666667,0,0,10876.25,10876.25,0,9565,1407,1.599087238
1604,0,10075,25795,-801.25,14918.75,-0.1501874414,2.796391753,15720,2.946579194,0.265625,9.734375,6,16.96,0,0,10876.25,10876.25,0,9565,1408,1.599991083
1605,0,10876.25,8275,0,-2601.25,0,-0.4875820056,-2601.25,-0.4875820056,0.531640625,0.531640625,1,1.906666667,0,0,10876.25,10876.25,0,9565,1409,1.600843191
1606,0,10075,27665,-801.25,16788.75,-0.1501874414,3.146907216,17590,3.297094658,0.28125,19.71875,7,29,0,0,10876.25,10876.25,0,9565,1410,1.601681709
1607,0,10876.25,8575,0,-2301.25,0,-0.4313495783,-2301.25,-0.4313495783,1.332421875,1.332421875,0.8,2.024126984,0,0,10876.25,10876.25,0,9565,1411,1.602663994
1608,0,9475,17030,-1401.25,6153.75,-0.2626522962,1.153467666,7555,1.416119963,0.28125,14.71875,7,23.16,0,0,10876.25,10876.25,0,9565,1412,1.603686571
1609,0,10876.25,8525,0,-2351.25,0,-0.4407216495,-2351.25,-0.4407216495,1.542578125,1.542578125,1,2.294920635,0,0,10876.25,10876.25,0,9565,1413,1.604610205
1610,0,9475,21310,-1401.25,10433.75,-0.2626522962,1.955716963,11835,2.21836926,0.296875,29.703125,7,39.2,0,0,10876.25,10876.25,0,9565,1414,1.605519533
1611,0,10876.25,8350,0,-2526.25,0,-0.4735238988,-2526.25,-0.4735238988,0.508203125,0.508203125,0.8,1.706666667,0,0,10876.25,10876.25,0,9565,1415,1.606464148
1612,0,10100,26520,-776.25,15643.75,-0.1455014058,2.932286785,16420,3.077788191,0.265625,13.734375,7,20.96,0,0,10876.25,10876.25,0,9565,1416,1.607367992
1613,0,10876.25,8400,0,-2476.25,0,-0.4641518276,-2476.25,-0.4641518276,0.648828125,0.648828125,1,2.04952381,0,0,10876.25,10876.25,0,9565,1417,1.608243227
1614,0,9700,29425,-1176.25,18548.75,-0.2204779756,3.476804124,19725,3.697282099,0.28125,24.71875,7,36,0,0,10876.25,10876.25,0,9565,1418,1.609142542
1615,0,10876.25,8475,0,-2401.25,0,-0.4500937207,-2401.25,-0.4500937207,0.625390625,0.625390625,0.8,1.80984127,0,0,10876.25,10876.25,0,9565,1419,1.61004591
1616,0,9725,28315,-1151.25,17438.75,-0.21579194,3.268744142,18590,3.484536082,0.265625,22.734375,7,34.96,0,0,10876.25,10876.25,0,9565,1420,1.6109097
1617,0,10876.25,20590,0,9713.75,0,1.820759138,9713.75,1.820759138,3.145703125,28.76445313,3,43.56,0,0,10876.25,10876.25,0,9565,1421,1.61190033
1618,0,10215,8765,-661.25,-2111.25,-0.123945642,-0.3957357076,-1450,-0.2717900656,0.453125,0.453125,1,5.205238095,0,0,10876.25,10876.25,0,9565,1422,1.613152742
1619,0,9965,19530,-911.25,8653.75,-0.1708059981,1.622071228,9565,1.792877226,0.375,20.625,7,30.2,0,0,10876.25,10876.25,0,9565,1423,1.614392519
1620,0,10876.25,8815,0,-2061.25,0,-0.3863636364,-2061.25,-0.3863636364,0.644140625,0.644140625,0.9,3.800793651,0,0,10876.25,10876.25,0,9565,1424,1.615341187
1621,0,9715,18990,-1161.25,8113.75,-0.2176663543,1.520852858,9275,1.738519213,0.28125,23.71875,7,35.16,0,0,10876.25,10876.25,0,9565,1425,1.616345644
1622,0,10876.25,8340,0,-2536.25,0,-0.475398313,-2536.25,-0.475398313,0.511328125,0.511328125,1,3.94,0,0,10876.25,10876.25,0,9565,1426,1.617361307
1623,0,10390,29640,-486.25,18763.75,-0.09114339269,3.51710403,19250,3.608247423,0.359375,27.640625,7,35,0,0,10876.25,10876.25,0,9565,1427,1.618364573
1624,0,10876.25,19815,0,8938.75,0,1.675492034,8938.75,1.675492034,1.455390625,26.89460938,2,38.84,0,0,10876.25,10876.25,0,9565,1428,1.61937356
1625,0,10038.75,9255,-837.5,-1621.25,-0.1569821931,-0.3038894096,-783.75,-0.1469072165,3.58125,3.58125,0.65,3.485634921,0,0,10876.25,10876.25,0,9565,1429,1.620678663
1626,0,10355,16750,-521.25,5873.75,-0.09770384255,1.100984067,6395,1.19868791,0.34375,9.65625,6,17.4,0,0,10876.25,10876.25,0,9565,1430,1.621761799
1627,0,10876.25,9205,0,-1671.25,0,-0.3132614808,-1671.25,-0.3132614808,0.522265625,0.522265625,0.7,3.871428571,0,0,10876.25,10876.25,0,9565,1431,1.622586012
1628,0,10355,21390,-521.25,10513.75,-0.09770384255,1.970712277,11035,2.06841612,0.359375,28.640625,7,37.44,0,0,10876.25,10876.25,0,9565,1432,1.623398066
1629,0,10876.25,8830,0,-2046.25,0,-0.383552015,-2046.25,-0.383552015,0.514453125,0.514453125,0.65,2.558888889,0,0,10876.25,10876.25,0,9565,1433,1.624321222
1630,0,10280,30130,-596.25,19253.75,-0.1117619494,3.608950328,19850,3.720712277,0.328125,25.671875,7,35.2,0,0,10876.25,10876.25,0,9565,1434,1.625240803
1631,0,10876.25,9025,0,-1851.25,0,-0.3470009372,-1851.25,-0.3470009372,0.578515625,0.578515625,0.7,3.757142857,0,0,10876.25,10876.25,0,9565,1435,1.626126528
1632,0,10175,17200,-701.25,6323.75,-0.131443299,1.185332709,7025,1.316776007,0.359375,12.640625,7,19.44,0,0,10876.25,10876.25,0,9565,1436,1.626995087
1633,0,10876.25,8955,0,-1921.25,0,-0.3601218369,-1921.25,-0.3601218369,0.600390625,0.600390625,0.65,2.804285714,0,0,10876.25,10876.25,0,9565,1437,1.627823591
1634,0,10055,17350,-821.25,6473.75,-0.1539362699,1.213448922,7295,1.367385192,0.34375,13.65625,7,21.4,0,0,10876.25,10876.25,0,9565,1438,1.62868166
1635,0,10876.25,8905,0,-1971.25,0,-0.3694939082,-1971.25,-0.3694939082,0.616015625,0.616015625,0.7,3.114285714,0,0,10876.25,10876.25,0,9565,1439,1.62953043
1636,0,10055,20230,-821.25,9353.75,-0.1539362699,1.753280225,10175,1.907216495,0.359375,25.640625,7,33.44,0,0,10876.25,10876.25,0,9565,1440,1.630390882
1637,0,10876.25,8950,0,-1926.25,0,-0.361059044,-1926.25,-0.361059044,0.476953125,0.476953125,0.65,3.240238095,0,0,10876.25,10876.25,0,9565,1441,1.631347656
1638,0,10400,28120,-476.25,17243.75,-0.08926897844,3.232193065,17720,3.321462043,0.328125,18.671875,7,27.2,0,0,10876.25,10876.25,0,9565,1442,1.63224268
1639,0,10876.25,24300,0,13423.75,0,2.516166823,13423.75,2.516166823,1.423828125,35.02382812,3,40.2,0,0,10876.25,10876.25,0,9565,1443,1.633283615
1640,0,10876.25,9165,0,-1711.25,0,-0.3207591378,-1711.25,-0.3207591378,3.393229167,3.393229167,1,7.061666667,0,0,10876.25,10876.25,0,9565,1444,1.634705067
1641,0,10555,9325,-321.25,-1551.25,-0.06021555764,-0.2907685098,-1230,-0.2305529522,2.234375,2.234375,1,5.919444444,0,0,10876.25,10876.25,0,9565,1445,1.636053085
1642,0,10555,16055,-321.25,5178.75,-0.06021555764,0.9707122774,5500,1.030927835,2.234375,12.765625,8,22.76,0,0,10876.25,10876.25,0,9565,1446,1.636883974
1643,0,10825,9825,-51.25,-1051.25,-0.009606373008,-0.1970477976,-1000,-0.1874414246,0.3125,0.3125,0.5,1.560714286,0,0,10876.25,10876.25,0,9565,1447,1.637773752
1644,0,10575,16215,-301.25,5338.75,-0.05646672915,1.000702905,5640,1.057169634,0.234375,18.765625,7,24.76,0,0,10876.25,10876.25,0,9565,1448,1.638650417
1645,0,10610,9650,-266.25,-1226.25,-0.04990627929,-0.2298500469,-960,-0.1799437676,1.9125,1.9125,0.4,0.8452380952,0,0,10876.25,10876.25,0,9565,1449,1.639508486
1646,0,10200,18795,-676.25,7918.75,-0.1267572634,1.484301781,8595,1.611059044,0.171875,11.828125,8,21.92,0,0,10876.25,10876.25,0,9565,1450,1.640546799
1647,0,10876.25,9700,0,-1176.25,0,-0.2204779756,-1176.25,-0.2204779756,0.367578125,0.367578125,0.4,0.8166666667,0,0,10876.25,10876.25,0,9565,1451,1.641410589
1648,0,10200,17740,-676.25,6863.75,-0.1267572634,1.286551078,7540,1.413308341,0.15625,20.84375,7,29.76,0,0,10876.25,10876.25,0,9565,1452,1.642282009
1649,0,10675,9675,-201.25,-1201.25,-0.03772258669,-0.2251640112,-1000,-0.1874414246,0.3125,0.3125,0.5,1.560714286,0,0,10876.25,10876.25,0,9565,1453,1.643066406
1650,0,10425,15605,-451.25,4728.75,-0.08458294283,0.8863636364,5180,0.9709465792,0.234375,14.765625,7,20.76,0,0,10876.25,10876.25,0,9565,1454,1.643904686
1651,0,10785,9785,-91.25,-1091.25,-0.01710402999,-0.2045454545,-1000,-0.1874414246,0.3125,0.3125,0.5,1.15,0,0,10876.25,10876.25,0,9565,1455,1.644764423
1652,0,10535,15875,-341.25,4998.75,-0.06396438613,0.936972821,5340,1.000937207,0.234375,15.765625,7,22.76,0,0,10876.25,10876.25,0,9565,1456,1.6456604
1653,0,10670,9710,-206.25,-1166.25,-0.03865979381,-0.2186035614,-960,-0.1799437676,1.9125,1.9125,0.5,1.560714286,0,0,10876.25,10876.25,0,9565,1457,1.646546125
1654,0,10460,19115,-416.25,8238.75,-0.07802249297,1.544283037,8655,1.62230553,0.234375,25.765625,7,35.76,0,0,10876.25,10876.25,0,9565,1458,1.647507191
1655,0,10725,9725,-151.25,-1151.25,-0.02835051546,-0.21579194,-1000,-0.1874414246,0.3125,0.3125,0.5,1.560714286,0,0,10876.25,10876.25,0,9565,1459,1.648310423
1656,0,10475,18910,-401.25,8033.75,-0.0752108716,1.505857545,8435,1.581068416,0.234375,28.765625,7,35.76,0,0,10876.25,10876.25,0,9565,1460,1.649138212
1657,0,10876.25,9610,0,-1266.25,0,-0.2373477038,-1266.25,-0.2373477038,0.301953125,0.301953125,0.4,0.9052380952,0,0,10876.25,10876.25,0,9565,1461,1.650057077
1658,0,10610,30990,-266.25,20113.75,-0.04990627929,3.770149953,20380,3.820056232,0.21875,28.78125,7,37.76,0,0,10876.25,10876.25,0,9565,1462,1.651011705
1659,0,10876.25,42515,0,31638.75,0,5.930412371,31638.75,5.930412371,0.359765625,48.64023437,4,64.36,0,0,10876.25,10876.25,0,9565,1463,1.651988745
1660,0,10876.25,10755,0,-121.25,0,-0.02272727273,-121.25,-0.02272727273,0.4151041667,0.4151041667,0.28,0.28,0,0,10876.25,10876.25,0,9565,1464,1.653103352
1661,0,10405,15120,-471.25,4243.75,-0.08833177132,0.7954545455,4715,0.8837863168,0.21875,27.78125,7,35.43333333,0,0,10876.25,10876.25,0,9565,1465,1.654119492
1662,0,9670,8920,-1206.25,-1956.25,-0.2261012184,-0.3666822868,-750,-0.1405810684,0.234375,0.234375,0.6,2.220634921,0,0,10876.25,10876.25,0,9565,1466,1.655090094
1663,0,9670,17110,-1206.25,6233.75,-0.2261012184,1.16846298,7440,1.394564199,0.234375,21.765625,7,31.56,0,0,10876.25,10876.25,0,9565,1467,1.656041145
1664,0,10465,9215,-411.25,-1661.25,-0.07708528585,-0.3113870665,-1250,-0.2343017807,0.390625,0.390625,0.6666666667,2.553968254,0,0,10876.25,10876.25,0,9565,1468,1.656846762
1665,0,10215,17000,-661.25,6123.75,-0.123945642,1.147844424,6785,1.271790066,0.3125,24.6875,7,31.56,0,0,10876.25,10876.25,0,9565,1469,1.657755136
1666,0,10230,8980,-646.25,-1896.25,-0.1211340206,-0.3554358013,-1250,-0.2343017807,0.390625,0.390625,0.6666666667,3.511904762,0,0,10876.25,10876.25,0,9565,1470,1.658570528
1667,0,9980,17260,-896.25,6383.75,-0.1679943768,1.196579194,7280,1.364573571,0.3125,22.6875,7,29.56,0,0,10876.25,10876.25,0,9565,1471,1.6594522
1668,0,10465,22085,-411.25,11208.75,-0.07708528585,2.100984067,11620,2.178069353,0.390625,38.609375,4,51.2,0,0,10876.25,10876.25,0,9565,1472,1.660332203
1669,0,10630,10240,-246.25,-636.25,-0.0461574508,-0.1192596064,-390,-0.07310215558,1.340625,1.340625,0,0,1,0,10876.25,10876.25,0,9565,1473,1.661383152
1670,0,10240,14160,-636.25,3283.75,-0.1192596064,0.6155107779,3920,0.7347703843,0,16,7,25,0,0,10876.25,10876.25,0,9565,1474,1.662600517
1671,0,10370,10370,-506.25,-506.25,-0.09489222118,-0.09489222118,0,0,0,0,0,0,1,0,10876.25,10876.25,0,9565,1475,1.663458586
1672,0,10370,13550,-506.25,2673.75,-0.09489222118,0.5011715089,3180,0.5960637301,0,14,7,22,0,0,10876.25,10876.25,0,9565,1476,1.664319277
1673,0,10120,10120,-756.25,-756.25,-0.1417525773,-0.1417525773,0,0,0,0,0,0,1,0,10876.25,10876.25,0,9565,1477,1.665079355
1674,0,10120,16815,-756.25,5938.75,-0.1417525773,1.11316776,6695,1.254920337,0,28,7,36,0,0,10876.25,10876.25,0,9565,1478,1.665877104
1675,0,10315,10315,-561.25,-561.25,-0.1052014995,-0.1052014995,0,0,0,0,0,0,1,0,10876.25,10876.25,0,9565,1479,1.66666317
1676,0,10315,13385,-561.25,2508.75,-0.1052014995,0.4702436739,3070,0.5754451734,0,16,7,23,0,0,10876.25,10876.25,0,9565,1480,1.667481899
1677,0,10293,10245,-583.25,-631.25,-0.1093252109,-0.1183223993,-48,-0.008997188379,1.6,1.6,0.08,0.08,0,0,10876.25,10876.25,0,9565,1481,1.668305159
1678,0,10445,17395,-431.25,6518.75,-0.08083411434,1.221883786,6950,1.302717901,0.0625,22.9375,7,29.2,0,0,10876.25,10876.25,0,9565,1482,1.669233561
1679,0,10640,10190,-236.25,-686.25,-0.04428303655,-0.1286316776,-450,-0.08434864105,0.140625,0.140625,0,0,1,0,10876.25,10876.25,0,9565,1483,1.670013189
1680,0,10190,12490,-686.25,1613.75,-0.1286316776,0.3024835989,2300,0.4311152765,0,10,5,14,0,0,10876.25,10876.25,0,9565,1484,1.670849562
1681,0,10420,10420,-456.25,-456.25,-0.08552014995,-0.08552014995,0,0,0,0,0,0,1,0,10876.25,10876.25,0,9565,1485,1.671631098
1682,0,10420,13800,-456.25,2923.75,-0.08552014995,0.548031865,3380,0.633552015,0,15,7,23,0,0,10876.25,10876.25,0,9565,1486,1.672474861
1683,0,10070,10070,-806.25,-806.25,-0.1511246485,-0.1511246485,0,0,0,0,0,0,1,0,10876.25,10876.25,0,9565,1487,1.673239946
1684,0,10070,13650,-806.25,2773.75,-0.1511246485,0.5199156514,3580,0.6710402999,0,14,7,22,0,0,10876.25,10876.25,0,9565,1488,1.674026728
1685,0,10420,20820,-456.25,9943.75,-0.08552014995,1.863870665,10400,1.949390815,0,40,6,52,0,0,10876.25,10876.25,0,9565,1489,1.67483139
1686,0,10876.25,10410,0,-466.25,0,-0.0873945642,-466.25,-0.0873945642,2.40625,2.40625,0.2857142857,0.5773809524,0,0,10876.25,10876.25,0,9565,1490,1.675944567
1687,0,10876.25,14655,0,3778.75,0,0.708294283,3778.75,0.708294283,0.1984375,11.8015625,6,17.15333333,0,0,10876.25,10876.25,0,9565,1491,1.677252054
1688,0,10370,9320,-506.25,-1556.25,-0.09489222118,-0.291705717,-1050,-0.1968134958,0.328125,0.328125,0.5,1.368571429,0,0,10876.25,10876.25,0,9565,1492,1.678030491
1689,0,10120,17545,-756.25,6668.75,-0.1417525773,1.25,7425,1.391752577,0.25,10.75,5,15.72,0,0,10876.25,10876.25,0,9565,1493,1.678859234
1690,0,10876.25,9310,0,-1566.25,0,-0.2935801312,-1566.25,-0.2935801312,0.489453125,0.489453125,0.5,1.487301587,0,0,10876.25,10876.25,0,9565,1494,1.679694891
1691,0,9810,15230,-1066.25,4353.75,-0.1998594189,0.8160731022,5420,1.015932521,0.15625,11.84375,6,17.66666667,0,0,10876.25,10876.25,0,9565,1495,1.680602074
1692,0,10680,9380,-196.25,-1496.25,-0.03678537957,-0.2804592315,-1300,-0.2436738519,0.40625,0.40625,0.5,1.168571429,0,0,10876.25,10876.25,0,9565,1496,1.681432486
1693,0,9930,21875,-946.25,10998.75,-0.177366448,2.061621368,11945,2.238987816,0.171875,29.828125,7,37.72,0,0,10876.25,10876.25,0,9565,1497,1.682274818
1694,0,10876.25,9435,0,-1441.25,0,-0.2701499531,-1441.25,-0.2701499531,0.450390625,0.450390625,0.5,2.778571429,0,0,10876.25,10876.25,0,9565,1498,1.683150768
1695,0,10435,14480,-441.25,3603.75,-0.08270852858,0.6754920337,4045,0.7582005623,0.3125,9.6875,5,13.66666667,0,0,10876.25,10876.25,0,9565,1499,1.684025526
1696,0,10876.25,9685,0,-1191.25,0,-0.223289597,-1191.25,-0.223289597,1.85625,1.85625,0.5,2.913809524,0,0,10876.25,10876.25,0,9565,1500,1.684864998
1697,0,10735,19090,-141.25,8213.75,-0.02647610122,1.539597001,8355,1.566073102,0.328125,15.671875,7,24.72,0,0,10876.25,10876.25,0,9565,1501,1.685752869
1698,0,10876.25,25700,0,14823.75,0,2.778584817,14823.75,2.778584817,0.450390625,40.66914062,3,53.84,0,0,10876.25,10876.25,0,9565,1502,1.686662197
1699,0,10639,9695,-237.25,-1181.25,-0.04447047798,-0.2214151828,-944,-0.1769447048,3.15,3.15,0.56,2.368968254,0,0,10876.25,10876.25,0,9565,1503,1.688105822
1700,0,10245,22765,-631.25,11888.75,-0.1183223993,2.228444236,12520,2.346766635,0.609375,9.390625,4,11.32,0,0,10876.25,10876.25,0,9565,1504,1.689355135
1701,0,10876.25,8845,0,-2031.25,0,-0.3807403936,-2031.25,-0.3807403936,0.4615885417,0.4615885417,0.56,2.128968254,0,0,10876.25,10876.25,0,9565,1505,1.690238476
1702,0,9695,23990,-1181.25,13113.75,-0.2214151828,2.458059981,14295,2.679475164,0.234375,11.765625,6,17.32,0,0,10876.25,10876.25,0,9565,1506,1.691124916
1703,0,10876.25,8895,0,-1981.25,0,-0.3713683224,-1981.25,-0.3713683224,0.4563802083,0.4563802083,0.56,2.128968254,0,0,10876.25,10876.25,0,9565,1507,1.691999912
1704,0,9745,26620,-1131.25,15743.75,-0.2120431115,2.951030928,16875,3.163074039,0.234375,25.765625,7,35.32,0,0,10876.25,10876.25,0,9565,1508,1.692893744
1705,0,10876.25,8720,0,-2156.25,0,-0.4041705717,-2156.25,-0.4041705717,0.9339126276,0.9339126276,0.56,2.774603175,0,0,10876.25,10876.25,0,9565,1509,1.693871498
1706,0,10320,24925,-556.25,14048.75,-0.1042642924,2.633317713,14605,2.737582006,0.3125,15.6875,7,24.32,0,0,10876.25,10876.25,0,9565,1510,1.694918871
1707,0,10876.25,8770,0,-2106.25,0,-0.3947985005,-2106.25,-0.3947985005,0.4694010417,0.4694010417,0.56,2.774603175,0,0,10876.25,10876.25,0,9565,1511,1.695914745
1708,0,10370,27845,-506.25,16968.75,-0.09489222118,3.180646673,17475,3.275538894,0.3125,27.6875,7,38.32,0,0,10876.25,10876.25,0,9565,1512,1.696774006
1709,0,10876.25,8830,0,-2046.25,0,-0.383552015,-2046.25,-0.383552015,1.048070791,1.048070791,0.56,3.398015873,0,0,10876.25,10876.25,0,9565,1513,1.697785378
1710,0,10680,27195,-196.25,16318.75,-0.03678537957,3.058809747,16515,3.095595127,0.390625,28.609375,7,37.32,0,0,10876.25,10876.25,0,9565,1514,1.698783636
1711,0,10876.25,9105,0,-1771.25,0,-0.3320056232,-1771.25,-0.3320056232,0.366015625,0.366015625,0.56,1.741904762,0,0,10876.25,10876.25,0,9565,1515,1.699728489
1712,0,10705,24650,-171.25,13773.75,-0.03209934396,2.581771321,13945,2.613870665,0.3125,13.6875,7,21.32,0,0,10876.25,10876.25,0,9565,1516,1.700648069
1713,0,10876.25,9295,0,-1581.25,0,-0.2963917526,-1581.25,-0.2963917526,2.239774816,2.239774816,0.56,1.760396825,0,0,10876.25,10876.25,0,9565,1517,1.701595783
1714,0,10145,24040,-731.25,13163.75,-0.1370665417,2.467432052,13895,2.604498594,0.234375,11.765625,6,17.32,0,0,10876.25,10876.25,0,9565,1518,1.702583075
1715,0,10876.25,9285,0,-1591.25,0,-0.2982661668,-1591.25,-0.2982661668,2.963164748,2.963164748,0.56,2.993333333,0,0,10876.25,10876.25,0,9565,1519,1.703477621
1716,0,10385,28020,-491.25,17143.75,-0.09208059981,3.213448922,17635,3.305529522,0.3125,29.6875,7,39.32,0,0,10876.25,10876.25,0,9565,1520,1.704414129
1717,0,10876.25,8510,0,-2366.25,0,-0.4435332709,-2366.25,-0.4435332709,2.453776042,2.453776042,1,7.251269841,0,0,10876.25,10876.25,0,9565,1521,1.70531559
1718,0,10080,8980,-796.25,-1896.25,-0.1492502343,-0.3554358013,-1100,-0.206185567,0.3125,0.3125,0.6333333333,3.293333333,0,0,10876.25,10876.25,0,9565,1522,1.706213474
1719,0,10080,22855,-796.25,11978.75,-0.1492502343,2.245313964,12775,2.394564199,0.3125,10.6875,5,15.32,0,0,10876.25,10876.25,0,9565,1523,1.706989288
1720,0,10876.25,8910,0,-1966.25,0,-0.368556701,-1966.25,-0.368556701,1.951692708,1.951692708,0.6857142857,4.251269841,0,0,10876.25,10876.25,0,9565,1524,1.707930565
1721,0,10245,23370,-631.25,12493.75,-0.1183223993,2.341846298,13125,2.460168697,1.390625,15.609375,5,15.32,0,0,10876.25,10876.25,0,9565,1525,1.709249496
1722,0,10876.25,8925,0,-1951.25,0,-0.3657450797,-1951.25,-0.3657450797,1.765147569,1.765147569,0.6857142857,4.027063492,0,0,10876.25,10876.25,0,9565,1526,1.710489511
1723,0,10876.25,24255,0,13378.75,0,2.507731959,13378.75,2.507731959,0.840625,15.159375,7,23.72,0,0,10876.25,10876.25,0,9565,1527,1.711579084
1724,0,10876.25,8475,0,-2401.25,0,-0.4500937207,-2401.25,-0.4500937207,0.541796875,0.541796875,0.6857142857,4.427063492,0,0,10876.25,10876.25,0,9565,1528,1.71277976
1725,0,10775,30835,-101.25,19958.75,-0.01897844424,3.741096532,20060,3.760074977,0.53125,29.46875,7,40.16,0,0,10876.25,10876.25,0,9565,1529,1.713666201
1726,0,10876.25,8570,0,-2306.25,0,-0.4322867854,-2306.25,-0.4322867854,1.019442472,1.019442472,0.6333333333,2.991111111,0,0,10876.25,10876.25,0,9565,1530,1.714638233
1727,0,9820,28790,-1056.25,17913.75,-0.1979850047,3.357778819,18970,3.555763824,0.359375,22.640625,7,34.12,0,0,10876.25,10876.25,0,9565,1531,1.715586185
1728,0,10876.25,8400,0,-2476.25,0,-0.4641518276,-2476.25,-0.4641518276,1.793299279,1.793299279,0.6857142857,4.029047619,0,0,10876.25,10876.25,0,9565,1532,1.716447353
1729,0,9950,28750,-926.25,17873.75,-0.1736176195,3.350281162,18800,3.523898782,0.453125,23.546875,7,33.16,0,0,10876.25,10876.25,0,9565,1533,1.717375994
1730,0,10876.25,23335,0,12458.75,0,2.335285848,12458.75,2.335285848,1.024789663,41.10171274,4,58.56,0,0,10876.25,10876.25,0,9565,1534,1.718317986
1731,0,10876.25,7670,0,-3206.25,0,-0.6009840675,-3206.25,-0.6009840675,2.079409951,2.079409951,1,7.388095238,0,0,10876.25,10876.25,0,9565,1535,1.720006704
1732,0,10876.25,28550,0,17673.75,0,3.312792877,17673.75,3.312792877,1.822180707,27.17781929,7,38.76,0,0,10876.25,10876.25,0,9565,1536,1.721727848
1733,0,10876.25,7135,0,-3741.25,0,-0.7012652296,-3741.25,-0.7012652296,2.675390625,2.675390625,1,10.1015873,0,0,10876.25,10876.25,0,9565,1537,1.722910643
1734,0,10645,7745,-231.25,-3131.25,-0.04334582943,-0.5869259606,-2900,-0.5435801312,0.59375,0.59375,0.8,5.81031746,0,0,10876.25,10876.25,0,9565,1538,1.72390914
1735,0,10645,27015,-231.25,16138.75,-0.04334582943,3.025070291,16370,3.06841612,0.59375,19.40625,7,28.8,0,0,10876.25,10876.25,0,9565,1539,1.724683046
1736,0,10876.25,7985,0,-2891.25,0,-0.5419400187,-2891.25,-0.5419400187,4.372801599,4.372801599,0.75,5.753174603,0,0,10876.25,10876.25,0,9565,1540,1.725780725
1737,0,9706.875,25005,-1169.375,14128.75,-0.2191893158,2.648313027,15298.125,2.867502343,1.64453125,27.35546875,7,20.8,0,0,10876.25,10876.25,0,9565,1541,1.727357626
1738,0,10876.25,6935,0,-3941.25,0,-0.7387535145,-3941.25,-0.7387535145,0.606640625,0.606640625,1,8.894206349,0,0,10876.25,10876.25,0,9565,1542,1.728589058
1739,0,10785,26070,-91.25,15193.75,-0.01710402999,2.847938144,15285,2.865042174,0.578125,28.421875,7,37.2,0,0,10876.25,10876.25,0,9565,1543,1.729426384
1740,0,10876.25,7110,0,-3766.25,0,-0.7059512652,-3766.25,-0.7059512652,0.551953125,0.551953125,1,8.405396825,0,0,10876.25,10876.25,0,9565,1544,1.730360508
1741,0,10760,24225,-116.25,13348.75,-0.0217900656,2.502108716,13465,2.523898782,0.515625,22.484375,7,34.24,0,0,10876.25,10876.25,0,9565,1545,1.731253624
1742,0,10876.25,36385,0,25508.75,0,4.781396439,25508.75,4.781396439,1.519222384,52.9575218,5,64.6,0,0,10876.25,10876.25,0,9565,1546,1.732243299
1743,0,10876.25,9355,0,-1521.25,0,-0.2851452671,-1521.25,-0.2851452671,5.394932432,5.394932432,0.375,1.654603175,0,0,10876.25,10876.25,0,9565,1547,1.733475208
1744,0,10876.25,24745,0,13868.75,0,2.599578257,13868.75,2.599578257,0.84609375,21.15390625,7,33.61333333,0,0,10876.25,10876.25,0,9565,1548,1.734865427
1745,0,10876.25,7705,0,-3171.25,0,-0.5944236176,-3171.25,-0.5944236176,1.401352163,1.401352163,1,4.123730159,0,0,10876.25,10876.25,0,9565,1549,1.735894203
1746,0,10505,29555,-371.25,18678.75,-0.06958762887,3.501171509,19050,3.570759138,0.5625,26.4375,7,37.88,0,0,10876.25,10876.25,0,9565,1550,1.736889601
1747,0,10876.25,8080,0,-2796.25,0,-0.5241330834,-2796.25,-0.5241330834,0.717578125,0.717578125,1,3.371825397,0,0,10876.25,10876.25,0,9565,1551,1.737837076
1748,0,10080,27270,-796.25,16393.75,-0.1492502343,3.072867854,17190,3.222118088,0.46875,17.53125,7,28.84,0,0,10876.25,10876.25,0,9565,1552,1.738851309
1749,0,10876.25,8030,0,-2846.25,0,-0.5335051546,-2846.25,-0.5335051546,0.733203125,0.733203125,1,3.787619048,0,0,10876.25,10876.25,0,9565,1553,1.739716053
1750,0,10080,26400,-796.25,15523.75,-0.1492502343,2.909793814,16320,3.059044049,0.484375,11.515625,8,20.88,0,0,10876.25,10876.25,0,9565,1554,1.74061656
1751,0,10876.25,22130,0,11253.75,0,2.109418932,11253.75,2.109418932,0.717578125,33.21992187,4,45.96,0,0,10876.25,10876.25,0,9565,1555,1.741479874
1752,0,10876.25,9595,0,-1281.25,0,-0.2401593252,-1281.25,-0.2401593252,1.918678977,1.918678977,0.425,2.381190476,0,0,10876.25,10876.25,0,9565,1556,1.742709637
1753,0,10695,24285,-181.25,13408.75,-0.0339737582,2.513355201,13590,2.54732896,0.546875,18.453125,7,31.57333333,0,0,10876.25,10876.25,0,9565,1557,1.743947268
1754,0,10876.25,7845,0,-3031.25,0,-0.5681818182,-3031.25,-0.5681818182,0.6595052083,0.6595052083,1,5.059206349,0,0,10876.25,10876.25,0,9565,1558,1.744961977
1755,0,10595,24815,-281.25,13938.75,-0.05271790066,2.612699157,14220,2.665417057,0.578125,9.421875,4,12.84,0,0,10876.25,10876.25,0,9565,1559,1.745901823
1756,0,10876.25,7895,0,-2981.25,0,-0.558809747,-2981.25,-0.558809747,0.650390625,0.650390625,1,4.623412698,0,0,10876.25,10876.25,0,9565,1560,1.746816874
1757,0,10595,29245,-281.25,18368.75,-0.05271790066,3.443064667,18650,3.495782568,0.5625,26.4375,7,37.8,0,0,10876.25,10876.25,0,9565,1561,1.747714043
1758,0,10876.25,7910,0,-2966.25,0,-0.5559981256,-2966.25,-0.5559981256,1.151251324,1.151251324,1,4.18968254,0,0,10876.25,10876.25,0,9565,1562,1.748737097
1759,0,9410,24880,-1466.25,14003.75,-0.2748359888,2.624882849,15470,2.899718838,0.34375,9.65625,4,12.84,0,0,10876.25,10876.25,0,9565,1563,1.749788523
1760,0,10876.25,7960,0,-2916.25,0,-0.5466260544,-2916.25,-0.5466260544,0.786328125,0.786328125,1,3.821111111,0,0,10876.25,10876.25,0,9565,1564,1.750673771
1761,0,9410,29270,-1466.25,18393.75,-0.2748359888,3.447750703,19860,3.722586692,0.328125,29.671875,7,39.8,0,0,10876.25,10876.25,0,9565,1565,1.751647711
1762,0,10876.25,7885,0,-2991.25,0,-0.5606841612,-2991.25,-0.5606841612,0.8982910156,0.8982910156,1,4.238095238,0,0,10876.25,10876.25,0,9565,1566,1.75277853
1763,0,9635,25455,-1241.25,14578.75,-0.2326616682,2.732661668,15820,2.965323336,0.421875,9.578125,6,16.84,0,0,10876.25,10876.25,0,9565,1567,1.753750563
1764,0,10876.25,7935,0,-2941.25,0,-0.55131209,-2941.25,-0.55131209,0.794140625,0.794140625,1,3.822301587,0,0,10876.25,10876.25,0,9565,1568,1.754567385
1765,0,9635,29435,-1241.25,18558.75,-0.2326616682,3.478678538,19800,3.711340206,0.40625,28.59375,7,38.8,0,0,10876.25,10876.25,0,9565,1569,1.755465031
1766,0,10876.25,22900,0,12023.75,0,2.253748828,12023.75,2.253748828,0.801953125,34.04179688,3,39.82666667,0,0,10876.25,10876.25,0,9565,1570,1.756434441
1767,0,10876.25,7730,0,-3146.25,0,-0.589737582,-3146.25,-0.589737582,1.829785925,1.829785925,1,5.188809524,0,0,10876.25,10876.25,0,9565,1571,1.757739305
1768,0,9830,22355,-1046.25,11478.75,-0.1961105904,2.151593252,12525,2.347703843,0.375,10.625,5,15.2,0,0,10876.25,10876.25,0,9565,1572,1.7589221
1769,0,10876.25,7660,0,-3216.25,0,-0.6028584817,-3216.25,-0.6028584817,1.483151042,1.483151042,0.9333333333,4.322619048,0,0,10876.25,10876.25,0,9565,1573,1.759791374
1770,0,9860,27850,-1016.25,16973.75,-0.1904873477,3.18158388,17990,3.372071228,0.40625,21.59375,7,32.8,0,0,10876.25,10876.25,0,9565,1574,1.760718346
1771,0,10876.25,7910,0,-2966.25,0,-0.5559981256,-2966.25,-0.5559981256,0.801953125,0.801953125,1,4.471746032,0,0,10876.25,10876.25,0,9565,1575,1.761669159
1772,0,9410,27700,-1466.25,16823.75,-0.2748359888,3.153467666,18290,3.428303655,0.34375,19.65625,7,32.84,0,0,10876.25,10876.25,0,9565,1576,1.76265049
1773,0,10876.25,28555,0,17678.75,0,3.313730084,17678.75,3.313730084,3.5046875,43.5359375,4,56.96,0,0,10876.25,10876.25,0,9565,1577,1.76362586
1774,0,10876.25,11685,0,808.75,0,0.1515932521,808.75,0.1515932521,1.514883475,1.514883475,0.16,0.16,0,0,10876.25,10876.25,0,9565,1578,1.765084267
1775,0,10876.25,13210,0,2333.75,0,0.4374414246,2333.75,0.4374414246,0.5109375,25.4890625,7,33.03,0,0,10876.25,10876.25,0,9565,1579,1.766510248
1776,0,10213.33333,8585,-662.9166667,-2291.25,-0.1242580444,-0.429475164,-1628.333333,-0.3052171197,2.854166667,2.854166667,0.35,1.468809524,0,0,10876.25,10876.25,0,9565,1580,1.767428398
1777,0,9885,22380,-991.25,11503.75,-0.1858013121,2.156279288,12495,2.3420806,0.1875,10.8125,5,15.64,0,0,10876.25,10876.25,0,9565,1581,1.768395662
1778,0,10876.25,8635,0,-2241.25,0,-0.4201030928,-2241.25,-0.4201030928,0.481640625,0.481640625,0.35,1.468809524,0,0,10876.25,10876.25,0,9565,1582,1.769367695
1779,0,9935,25350,-941.25,14473.75,-0.1764292409,2.712980319,15415,2.88940956,0.1875,20.8125,8,35.64,0,0,10876.25,10876.25,0,9565,1583,1.770335913
1780,0,10876.25,8260,0,-2616.25,0,-0.490393627,-2616.25,-0.490393627,2.936010174,2.936010174,0.35,2.114444444,0,0,10876.25,10876.25,0,9565,1584,1.771319866
1781,0,10310,24975,-566.25,14098.75,-0.1061387067,2.642689784,14665,2.748828491,0.265625,21.734375,7,33.64,0,0,10876.25,10876.25,0,9565,1585,1.772263527
1782,0,10876.25,8685,0,-2191.25,0,-0.4107310216,-2191.25,-0.4107310216,0.309765625,0.309765625,0.4,2.17,0,0,10876.25,10876.25,0,9565,1586,1.773278236
1783,0,10485,23820,-391.25,12943.75,-0.07333645736,2.426194939,13335,2.499531396,0.1875,27.8125,7,36.08,0,0,10876.25,10876.25,0,9565,1587,1.774254799
1784,0,10180,8380,-696.25,-2496.25,-0.1305060918,-0.467900656,-1800,-0.3373945642,0.1875,0.1875,0.35,2.003333333,0,0,10876.25,10876.25,0,9565,1588,1.775265455
1785,0,10180,21990,-696.25,11113.75,-0.1305060918,2.083177132,11810,2.213683224,0.1875,22.8125,7,29.08,0,0,10876.25,10876.25,0,9565,1589,1.776156187
1786,0,10372.5,7935,-503.75,-2941.25,-0.09442361762,-0.55131209,-2437.5,-0.4568884724,3.1875,3.1875,1,6.648968254,0,0,10876.25,10876.25,0,9565,1590,1.777309656
1787,0,10560,8760,-316.25,-2116.25,-0.05927835052,-0.3966729147,-1800,-0.3373945642,0.1875,0.1875,0.4,1.833888889,0,0,10876.25,10876.25,0,9565,1591,1.778313398
1788,0,10560,20980,-316.25,10103.75,-0.05927835052,1.893861293,10420,1.953139644,0.1875,12.8125,7,20.08,0,0,10876.25,10876.25,0,9565,1592,1.779138088
1789,0,10410,8610,-466.25,-2266.25,-0.0873945642,-0.4247891284,-1800,-0.3373945642,0.1875,0.1875,0.4,2.312857143,0,0,10876.25,10876.25,0,9565,1593,1.779966354
1790,0,10410,23635,-466.25,12758.75,-0.0873945642,2.391518276,13225,2.47891284,0.1875,25.8125,7,34.08,0,0,10876.25,10876.25,0,9565,1594,1.780822277
1791,0,10445,8645,-431.25,-2231.25,-0.08083411434,-0.4182286785,-1800,-0.3373945642,0.1875,0.1875,0.35,1.667222222,0,0,10876.25,10876.25,0,9565,1595,1.781718254
1792,0,9695,20095,-1181.25,9218.75,-0.2214151828,1.727975633,10400,1.949390815,0.109375,11.890625,6,15.08,0,0,10876.25,10876.25,0,9565,1596,1.78260541
1793,0,10350,8535,-526.25,-2341.25,-0.09864104967,-0.4388472352,-1815,-0.3402061856,1.6875,1.6875,0.35,1.778333333,0,0,10876.25,10876.25,0,9565,1597,1.783463955
1794,0,9835,25550,-1041.25,14673.75,-0.1951733833,2.750468604,15715,2.945641987,0.1875,20.8125,8,35.64,0,0,10876.25,10876.25,0,9565,1598,1.784385443
1795,0,10876.25,8585,0,-2291.25,0,-0.429475164,-2291.25,-0.429475164,0.497265625,0.497265625,0.35,1.778333333,0,0,10876.25,10876.25,0,9565,1599,1.785418987
1796,0,9885,26860,-991.25,15983.75,-0.1858013121,2.99601687,16975,3.181818182,0.1875,26.8125,7,35.64,0,0,10876.25,10876.25,0,9565,1600,1.786361217
1797,0,10876.25,8935,0,-1941.25,0,-0.3638706654,-1941.25,-0.3638706654,0.387890625,0.387890625,0.35,1.667222222,0,0,10876.25,10876.25,0,9565,1601,1.787302017
1798,0,9985,22275,-891.25,11398.75,-0.1670571696,2.136597938,12290,2.303655108,0.109375,15.890625,7,25.08,0,0,10876.25,10876.25,0,9565,1602,1.788259268
1799,0,10685,8885,-191.25,-1991.25,-0.03584817245,-0.3732427366,-1800,-0.3373945642,0.1875,0.1875,0.35,1.188253968,0,0,10876.25,10876.25,0,9565,1603,1.789099693
1800,0,9935,22125,-941.25,11248.75,-0.1764292409,2.108481724,12190,2.284910965,0.109375,15.890625,7,25.08,0,0,10876.25,10876.25,0,9565,1604,1.789988995
1801,0,10735,8935,-141.25,-1941.25,-0.02647610122,-0.3638706654,-1800,-0.3373945642,0.1875,0.1875,0.35,1.667222222,0,0,10876.25,10876.25,0,9565,1605,1.790757895
1802,0,9985,22275,-891.25,11398.75,-0.1670571696,2.136597938,12290,2.303655108,0.109375,15.890625,7,25.08,0,0,10876.25,10876.25,0,9565,1606,1.791587353
1803,0,10685,38560,-191.25,27683.75,-0.03584817245,5.189081537,27875,5.224929709,0.1875,54.8125,4,66.88,0,0,10876.25,10876.25,0,9565,1607,1.792462111
1804,0,10876.25,11910,0,1033.75,0,0.1937675726,1033.75,0.1937675726,2.753175,2.753175,0.02,0.02,0,0,10876.25,10876.25,0,9565,1608,1.793787003
1805,0,10876.25,11955,0,1078.75,0,0.2022024367,1078.75,0.2022024367,1.808767986,22.19123201,4,12.32,0,0,10876.25,10876.25,0,9565,1609,1.795460463
1806,0,10876.25,9335,0,-1541.25,0,-0.2888940956,-1541.25,-0.2888940956,0.6854166667,0.6854166667,0.6571428571,4.076031746,0,0,10876.25,10876.25,0,9565,1610,1.796721697
1807,0,10485,15180,-391.25,4303.75,-0.07333645736,0.8067010309,4695,0.8800374883,0.359375,12.640625,7,19.68,0,0,10876.25,10876.25,0,9565,1611,1.797551394
1808,0,10585,9485,-291.25,-1391.25,-0.0545923149,-0.2607778819,-1100,-0.206185567,0.34375,0.34375,0.5666666667,2.632301587,0,0,10876.25,10876.25,0,9565,1612,1.798330784
1809,0,10335,17810,-541.25,6933.75,-0.101452671,1.299671978,7475,1.401124649,0.265625,25.734375,7,33.64,0,0,10876.25,10876.25,0,9565,1613,1.799162626
1810,0,10355,9205,-521.25,-1671.25,-0.09770384255,-0.3132614808,-1150,-0.2155576382,0.359375,0.359375,0.6571428571,3.403809524,0,0,10876.25,10876.25,0,9565,1614,1.800009966
1811,0,10355,16120,-521.25,5243.75,-0.09770384255,0.98289597,5765,1.080599813,0.359375,20.640625,7,31.68,0,0,10876.25,10876.25,0,9565,1615,1.80090189
1812,0,10461.75,9370,-414.5,-1506.25,-0.07769447048,-0.2823336457,-1091.75,-0.2046391753,0.64375,0.64375,0.48,1.96452381,0,0,10876.25,10876.25,0,9565,1616,1.801895618
1813,0,10020,22605,-856.25,11728.75,-0.1604967198,2.198453608,12585,2.358950328,0.203125,29.796875,7,41.96,0,0,10876.25,10876.25,0,9565,1617,1.802845955
1814,0,10505,9055,-371.25,-1821.25,-0.06958762887,-0.3413776945,-1450,-0.2717900656,0.453125,0.453125,0.6,1.697380952,0,0,10876.25,10876.25,0,9565,1618,1.803719521
1815,0,9505,18660,-1371.25,7783.75,-0.2570290534,1.458997188,9155,1.716026242,0.140625,15.859375,7,25,0,0,10876.25,10876.25,0,9565,1619,1.804606915
1816,0,10605,9205,-271.25,-1671.25,-0.05084348641,-0.3132614808,-1400,-0.2624179944,0.4375,0.4375,0.4,1.56452381,0,0,10876.25,10876.25,0,9565,1620,1.805444241
1817,0,9855,20570,-1021.25,9693.75,-0.1914245548,1.817010309,10715,2.008434864,0.203125,28.796875,7,38.96,0,0,10876.25,10876.25,0,9565,1621,1.806346416
1818,0,10600,9220,-276.25,-1656.25,-0.05178069353,-0.3104498594,-1380,-0.2586691659,1.253125,1.253125,0.6,2.691428571,0,0,10876.25,10876.25,0,9565,1622,1.807380438
1819,0,10120,14165,-756.25,3288.75,-0.1417525773,0.616447985,4045,0.7582005623,0.28125,9.71875,5,13.68,0,0,10876.25,10876.25,0,9565,1623,1.808373213
1820,0,10430,9330,-446.25,-1546.25,-0.08364573571,-0.2898313027,-1100,-0.206185567,0.34375,0.34375,0.6285714286,2.918015873,0,0,10876.25,10876.25,0,9565,1624,1.809147596
1821,0,10430,17235,-446.25,6358.75,-0.08364573571,1.191893158,6805,1.275538894,0.34375,25.65625,7,31.64,0,0,10876.25,10876.25,0,9565,1625,1.809990883
1822,0,10345,9145,-531.25,-1731.25,-0.09957825679,-0.3245079663,-1200,-0.2249297095,0.375,0.375,0.6,2.716428571,0,0,10876.25,10876.25,0,9565,1626,1.810834885
1823,0,10095,16940,-781.25,6063.75,-0.1464386129,1.136597938,6845,1.283036551,0.296875,11.703125,6,18,0,0,10876.25,10876.25,0,9565,1627,1.811687946
1824,0,10655,9255,-221.25,-1621.25,-0.04147141518,-0.3038894096,-1400,-0.2624179944,0.4375,0.4375,0.6285714286,2.918015873,0,0,10876.25,10876.25,0,9565,1628,1.812477589
1825,0,10355,16070,-521.25,5193.75,-0.09770384255,0.9735238988,5715,1.071227741,0.34375,20.65625,7,31.64,0,0,10876.25,10876.25,0,9565,1629,1.813340425
1826,0,10370,23270,-506.25,12393.75,-0.09489222118,2.323102156,12900,2.417994377,0.359375,38.640625,3,49.12,0,0,10876.25,10876.25,0,9565,1630,1.814213991
1827,0,10650,10140,-226.25,-736.25,-0.04240862231,-0.1380037488,-510,-0.09559512652,2.5875,2.5875,0.025,0.025,0,0,10876.25,10876.25,0,9565,1631,1.815553188
1828,0,10190,18240,-686.25,7363.75,-0.1286316776,1.38027179,8050,1.508903468,0.015625,22.984375,7,32.32,0,0,10876.25,10876.25,0,9565,1632,1.816749096
1829,0,10332,9850,-544.25,-1026.25,-0.1020149953,-0.1923617619,-482,-0.09034676664,3.29375,3.29375,0.1333333333,0.3033333333,0,0,10876.25,10876.25,0,9565,1633,1.817614079
1830,0,10800,25195,-76.25,14318.75,-0.01429240862,2.683926898,14395,2.698219306,0.109375,13.890625,7,22.04,0,0,10876.25,10876.25,0,9565,1634,1.818588257
1831,0,10876.25,9900,0,-976.25,0,-0.1829896907,-976.25,-0.1829896907,2.65033701,2.65033701,0.025,0.06722222222,0,0,10876.25,10876.25,0,9565,1635,1.819485426
1832,0,10100,26545,-776.25,15668.75,-0.1455014058,2.936972821,16445,3.082474227,0.03125,19.96875,7,29.04,0,0,10876.25,10876.25,0,9565,1636,1.820531607
1833,0,10876.25,9730,0,-1146.25,0,-0.2148547329,-1146.25,-0.2148547329,2.19281851,2.19281851,0.275,0.9114285714,0,0,10876.25,10876.25,0,9565,1637,1.821550846
1834,0,10876.25,22330,0,11453.75,0,2.146907216,11453.75,2.146907216,1.5328125,12.32433036,2.32,13.04,0,0,10876.25,10876.25,0,9565,1638,1.823091745
1835,0,10876.25,8930,0,-1946.25,0,-0.3648078725,-1946.25,-0.3648078725,4.856230732,4.856230732,0.7666666667,4.890079365,0,0,10876.25,10876.25,0,9565,1639,1.824548244
1836,0,10876.25,8130,0,-2746.25,0,-0.5147610122,-2746.25,-0.5147610122,1.858854167,1.858854167,0.7666666667,4.890079365,0,0,10876.25,10876.25,0,9565,1640,1.825739622
1837,0,10685,23270,-191.25,12393.75,-0.03584817245,2.323102156,12585,2.358950328,1.619791667,24.38020833,5,24.09,0,0,10876.25,10876.25,0,9565,1641,1.826719761
1838,0,10876.25,7515,0,-3361.25,0,-0.6300374883,-3361.25,-0.6300374883,3.57975759,3.57975759,1,10.14555556,0,0,10876.25,10876.25,0,9565,1642,1.828184605
1839,0,10876.25,22700,0,11823.75,0,2.216260544,11823.75,2.216260544,3.57975759,12.42024241,3,14.4,0,0,10876.25,10876.25,0,9565,1643,1.829285622
1840,0,10876.25,7255,0,-3621.25,0,-0.6787722587,-3621.25,-0.6787722587,3.510807292,3.510807292,1,11.35666667,0,0,10876.25,10876.25,0,9565,1644,1.830716848
1841,0,9322.5,7480,-1553.75,-3396.25,-0.2912371134,-0.6365979381,-1842.5,-0.3453608247,2.94375,2.94375,1,10.02055556,0,0,10876.25,10876.25,0,9565,1645,1.832102776
1842,0,9315,8230,-1561.25,-2646.25,-0.2926429241,-0.4960168697,-1085,-0.2033739456,1.14375,1.14375,0.88,5.25031746,0,0,10876.25,10876.25,0,9565,1646,1.832962513
1843,0,9480,25275,-1396.25,14398.75,-0.261715089,2.698922212,15795,2.960637301,0.359375,21.640625,7,32.4,0,0,10876.25,10876.25,0,9565,1647,1.833805799
1844,0,10876.25,8080,0,-2796.25,0,-0.5241330834,-2796.25,-0.5241330834,0.5204427083,0.5204427083,0.88,5.729285714,0,0,10876.25,10876.25,0,9565,1648,1.834769726
1845,0,10080,26105,-796.25,15228.75,-0.1492502343,2.854498594,16025,3.003748828,0.4375,23.5625,7,34.4,0,0,10876.25,10876.25,0,9565,1649,1.835727215
1846,0,10876.25,8115,0,-2761.25,0,-0.5175726336,-2761.25,-0.5175726336,0.516796875,0.516796875,0.88,6.065396825,0,0,10876.25,10876.25,0,9565,1650,1.836713076
1847,0,10865,27410,-11.25,16533.75,-0.002108716026,3.099109653,16545,3.101218369,0.515625,28.484375,7,37.4,0,0,10876.25,10876.25,0,9565,1651,1.83771801
1848,0,10876.25,8330,0,-2546.25,0,-0.4772727273,-2546.25,-0.4772727273,0.4944010417,0.4944010417,0.88,4.73015873,0,0,10876.25,10876.25,0,9565,1652,1.838587999
1849,0,10330,26085,-546.25,15208.75,-0.1023898782,2.850749766,15755,2.953139644,0.4375,26.5625,7,34.4,0,0,10876.25,10876.25,0,9565,1653,1.83953619
1850,0,10876.25,25680,0,14803.75,0,2.774835989,14803.75,2.774835989,0.516796875,43.82929687,4,57.32,0,0,10876.25,10876.25,0,9565,1654,1.840431213
1851,0,10305,9105,-571.25,-1771.25,-0.1070759138,-0.3320056232,-1200,-0.2249297095,0.1875,0.1875,0.2,1.064761905,0,0,10876.25,10876.25,0,9565,1655,1.841502428
1852,0,10005,23860,-871.25,12983.75,-0.1633083411,2.433692596,13855,2.597000937,0.09375,25.90625,7,34.72,0,0,10876.25,10876.25,0,9565,1656,1.842661858
1853,0,10876.25,8715,0,-2161.25,0,-0.4051077788,-2161.25,-0.4051077788,1.523942389,1.523942389,0.4,2.046507937,0,0,10876.25,10876.25,0,9565,1657,1.8436203
1854,0,10876.25,21350,0,10473.75,0,1.96321462,10473.75,1.96321462,0.6361619768,21.36383802,6,27.05,0,0,10876.25,10876.25,0,9565,1658,1.845127583
1855,0,10876.25,7955,0,-2921.25,0,-0.5475632615,-2921.25,-0.5475632615,0.429296875,0.429296875,0.8,3.554603175,0,0,10876.25,10876.25,0,9565,1659,1.846275806
1856,0,8705,26960,-2171.25,16083.75,-0.4069821931,3.014761012,18255,3.421743205,0.203125,26.796875,7,37.4,0,0,10876.25,10876.25,0,9565,1660,1.847157955
1857,0,10876.25,8270,0,-2606.25,0,-0.4885192127,-2606.25,-0.4885192127,0.5006510417,0.5006510417,0.8,4.616746032,0,0,10876.25,10876.25,0,9565,1661,1.848090887
1858,0,9520,26145,-1356.25,15268.75,-0.2542174321,2.861996251,16625,3.116213683,0.359375,26.640625,7,36.4,0,0,10876.25,10876.25,0,9565,1662,1.849089861
1859,0,10876.25,7955,0,-2921.25,0,-0.5475632615,-2921.25,-0.5475632615,0.5334635417,0.5334635417,0.8,4.745873016,0,0,10876.25,10876.25,0,9565,1663,1.849976063
1860,0,9205,25780,-1671.25,14903.75,-0.3132614808,2.793580131,16575,3.106841612,0.359375,23.640625,7,34.4,0,0,10876.25,10876.25,0,9565,1664,1.850934029
1861,0,10876.25,8005,0,-2871.25,0,-0.5381911903,-2871.25,-0.5381911903,0.5282552083,0.5282552083,0.8,4.745873016,0,0,10876.25,10876.25,0,9565,1665,1.851881027
1862,0,9255,23510,-1621.25,12633.75,-0.3038894096,2.368088097,14255,2.671977507,0.359375,15.640625,7,21.4,0,0,10876.25,10876.25,0,9565,1666,1.852897167
1863,0,10876.25,25095,0,14218.75,0,2.665182755,14218.75,2.665182755,0.5334635417,38.84596354,4,51.24,0,0,10876.25,10876.25,0,9565,1667,1.853778124
1864,0,10555,8055,-321.25,-2821.25,-0.06021555764,-0.528819119,-2500,-0.4686035614,0.75,0.75,0.8,3.987857143,0,0,10876.25,10876.25,0,9565,1668,1.85499239
1865,0,9055,24420,-1821.25,13543.75,-0.3413776945,2.538659794,15365,2.880037488,0.28125,18.71875,7,26.4,0,0,10876.25,10876.25,0,9565,1669,1.856108189
1866,0,10876.25,8105,0,-2771.25,0,-0.5194470478,-2771.25,-0.5194470478,0.5178385417,0.5178385417,0.8,3.104920635,0,0,10876.25,10876.25,0,9565,1670,1.857039452
1867,0,8855,26185,-2021.25,15308.75,-0.3788659794,2.869493908,17330,3.248359888,0.203125,24.796875,7,35.4,0,0,10876.25,10876.25,0,9565,1671,1.857995987
1868,0,10876.25,7585,0,-3291.25,0,-0.6169165886,-3291.25,-0.6169165886,3.500390625,3.500390625,1,7.887222222,0,0,10876.25,10876.25,0,9565,1672,1.858888149
1869,0,9072.5,24665,-1803.75,13788.75,-0.3380974695,2.584582943,15592.5,2.922680412,3.203125,15.796875,7,26.4,0,0,10876.25,10876.25,0,9565,1673,1.860030651
1870,0,10876.25,8335,0,-2541.25,0,-0.4763355201,-2541.25,-0.4763355201,0.4938802083,0.4938802083,0.8,3.172142857,0,0,10876.25,10876.25,0,9565,1674,1.860977411
1871,0,9085,24700,-1791.25,13823.75,-0.3357544517,2.591143393,15615,2.926897844,0.203125,17.796875,7,28.4,0,0,10876.25,10876.25,0,9565,1675,1.861881971
1872,0,10876.25,8160,0,-2716.25,0,-0.5091377694,-2716.25,-0.5091377694,0.512109375,0.512109375,0.8,3.536825397,0,0,10876.25,10876.25,0,9565,1676,1.862765789
1873,0,9660,25685,-1216.25,14808.75,-0.2279756326,2.775773196,16025,3.003748828,0.28125,25.71875,7,33.4,0,0,10876.25,10876.25,0,9565,1677,1.863738298
1874,0,10876.25,8005,0,-2871.25,0,-0.5381911903,-2871.25,-0.5381911903,0.5282552083,0.5282552083,0.8,3.574206349,0,0,10876.25,10876.25,0,9565,1678,1.864693642
1875,0,10255,26800,-621.25,15923.75,-0.116447985,2.984770384,16545,3.101218369,0.359375,28.640625,7,35.4,0,0,10876.25,10876.25,0,9565,1679,1.865623236
1876,0,10876.25,35305,0,24428.75,0,4.5789597,24428.75,4.5789597,0.512109375,47.17539062,3.64,50.64,0,0,10876.25,10876.25,0,9565,1680,1.866508007
1877,0,10876.25,10995,0,118.75,0,0.02225866917,118.75,0.02225866917,0.2317708333,0.2317708333,0.2,0.2,0,0,10876.25,10876.25,0,9565,1681,1.86795187
1878,0,10876.25,14440,0,3563.75,0,0.6679943768,3563.75,0.6679943768,0.2317708333,12.76822917,7,19.50666667,0,0,10876.25,10876.25,0,9565,1682,1.869155884
1879,0,10876.25,8645,0,-2231.25,0,-0.4182286785,-2231.25,-0.4182286785,0.353515625,0.353515625,0.7333333333,3.144206349,0,0,10876.25,10876.25,0,9565,1683,1.870123148
1880,0,10495,26820,-381.25,15943.75,-0.07146204311,2.988519213,16325,3.059981256,0.234375,25.765625,7,34.28,0,0,10876.25,10876.25,0,9565,1684,1.87102437
1881,0,10876.25,8640,0,-2236.25,0,-0.4191658857,-2236.25,-0.4191658857,0.355078125,0.355078125,0.7333333333,2.681428571,0,0,10876.25,10876.25,0,9565,1685,1.871975183
1882,0,10540,22115,-336.25,11238.75,-0.06302717901,2.10660731,11575,2.169634489,0.25,9.75,4,13.32,0,0,10876.25,10876.25,0,9565,1686,1.872827768
1883,0,10876.25,8570,0,-2306.25,0,-0.4322867854,-2306.25,-0.4322867854,0.376953125,0.376953125,0.7333333333,2.498571429,0,0,10876.25,10876.25,0,9565,1687,1.873727083
1884,0,10420,25185,-456.25,14308.75,-0.08552014995,2.682052484,14765,2.767572634,0.234375,21.765625,7,33.28,0,0,10876.25,10876.25,0,9565,1688,1.874628305
1885,0,10876.25,8595,0,-2281.25,0,-0.4276007498,-2281.25,-0.4276007498,0.369140625,0.369140625,0.7333333333,3.184206349,0,0,10876.25,10876.25,0,9565,1689,1.875533342
1886,0,10495,27470,-381.25,16593.75,-0.07146204311,3.110356139,16975,3.181818182,0.25,27.75,7,36.32,0,0,10876.25,10876.25,0,9565,1690,1.876488447
1887,0,10876.25,8690,0,-2186.25,0,-0.4097938144,-2186.25,-0.4097938144,0.339453125,0.339453125,0.7333333333,2.612857143,0,0,10876.25,10876.25,0,9565,1691,1.877385855
1888,0,10540,27035,-336.25,16158.75,-0.06302717901,3.028819119,16495,3.091846298,0.234375,28.765625,7,35.28,0,0,10876.25,10876.25,0,9565,1692,1.878274441
1889,0,10876.25,8595,0,-2281.25,0,-0.4276007498,-2281.25,-0.4276007498,0.369140625,0.369140625,0.7333333333,3.184206349,0,0,10876.25,10876.25,0,9565,1693,1.879132986
1890,0,10495,26770,-381.25,15893.75,-0.07146204311,2.979147142,16275,3.050609185,0.25,27.75,7,34.32,0,0,10876.25,10876.25,0,9565,1694,1.880017281
1891,0,10876.25,35465,0,24588.75,0,4.608950328,24588.75,4.608950328,0.339453125,44.66054688,4,63.64,0,0,10876.25,10876.25,0,9565,1695,1.88092351
1892,0,10876.25,8975,0,-1901.25,0,-0.3563730084,-1901.25,-0.3563730084,3.299609375,3.299609375,0.64,4.697380952,0,0,10876.25,10876.25,0,9565,1696,1.882173538
1893,0,10675,24210,-201.25,13333.75,-0.03772258669,2.499297095,13535,2.537019681,0.34375,15.65625,7,25.6,0,0,10876.25,10876.25,0,9565,1697,1.883438826
1894,0,10876.25,8805,0,-2071.25,0,-0.3882380506,-2071.25,-0.3882380506,0.3928385417,0.3928385417,0.68,4.551904762,0,0,10876.25,10876.25,0,9565,1698,1.88445735
1895,0,10555,23200,-321.25,12323.75,-0.06021555764,2.309981256,12645,2.370196813,0.359375,11.640625,6,17.64,0,0,10876.25,10876.25,0,9565,1699,1.885351896
1896,0,10876.25,8855,0,-2021.25,0,-0.3788659794,-2021.25,-0.3788659794,0.3772135417,0.3772135417,0.64,4.233333333,0,0,10876.25,10876.25,0,9565,1700,1.886220932
1897,0,10555,25370,-321.25,14493.75,-0.06021555764,2.716729147,14815,2.776944705,0.34375,19.65625,7,33.6,0,0,10876.25,10876.25,0,9565,1701,1.887117863
1898,0,10876.25,26205,0,15328.75,0,2.873242737,15328.75,2.873242737,0.3928385417,36.39283854,3,49.16,0,0,10876.25,10876.25,0,9565,1702,1.888184547
1899,0,10876.25,9670,0,-1206.25,0,-0.2261012184,-1206.25,-0.2261012184,0.50390625,0.50390625,0.28,1.048888889,0,0,10876.25,10876.25,0,9565,1703,1.889442205
1900,0,10620,25475,-256.25,14598.75,-0.04803186504,2.736410497,14855,2.784442362,0.171875,15.828125,7,24.72,0,0,10876.25,10876.25,0,9565,1704,1.890818119
1901,0,10876.25,9645,0,-1231.25,0,-0.230787254,-1231.25,-0.230787254,3.040900735,3.040900735,0.4571428571,1.292142857,0,0,10876.25,10876.25,0,9565,1705,1.891921282
1902,0,10445,18670,-431.25,7793.75,-0.08083411434,1.460871603,8225,1.541705717,0.25,25.75,7,35.88,0,0,10876.25,10876.25,0,9565,1706,1.892968178
1903,0,10470,9620,-406.25,-1256.25,-0.07614807873,-0.2354732896,-850,-0.1593252109,0.265625,0.265625,0.4,0.98,0,0,10876.25,10876.25,0,9565,1707,1.893821716
1904,0,10220,18305,-656.25,7428.75,-0.1230084349,1.392455483,8085,1.515463918,0.1875,27.8125,7,33.92,0,0,10876.25,10876.25,0,9565,1708,1.894735813
1905,0,10876.25,9605,0,-1271.25,0,-0.238284911,-1271.25,-0.238284911,0.7871894716,0.7871894716,0.4571428571,1.561031746,0,0,10876.25,10876.25,0,9565,1709,1.895848513
1906,0,10876.25,26120,0,15243.75,0,2.857310216,15243.75,2.857310216,0.634375,22.365625,7,31.68,0,0,10876.25,10876.25,0,9565,1710,1.896927118
1907,0,10876.25,8855,0,-2021.25,0,-0.3788659794,-2021.25,-0.3788659794,1.123617167,1.123617167,0.4,1.699285714,0,0,10876.25,10876.25,0,9565,1711,1.898011684
1908,0,10805,27680,-71.25,16803.75,-0.0133552015,3.149718838,16875,3.163074039,0.328125,26.671875,7,35.72,0,0,10876.25,10876.25,0,9565,1712,1.898994446
1909,0,10876.25,9290,0,-1586.25,0,-0.2973289597,-1586.25,-0.2973289597,0.3319010417,0.3319010417,0.4571428571,1.561031746,0,0,10876.25,10876.25,0,9565,1713,1.89998436
1910,0,10690,26455,-186.25,15578.75,-0.03491096532,2.920103093,15765,2.955014058,0.3125,21.6875,7,32.68,0,0,10876.25,10876.25,0,9565,1714,1.900953531
1911,0,10876.25,30740,0,19863.75,0,3.723289597,19863.75,3.723289597,1.484765625,36.59648438,3,52.8,0,0,10876.25,10876.25,0,9565,1715,1.901978016
1912,0,10876.25,8330,0,-2546.25,0,-0.4772727273,-2546.25,-0.4772727273,4.216344866,4.216344866,0.45,3.052698413,0,0,10876.25,10876.25,0,9565,1716,1.903419256
1913,0,10876.25,24370,-1.818989404e-12,13493.75,-3.409539651e-16,2.529287723,13493.75,2.529287723,2.686161002,23.313839,5,19.68,0,0,10876.25,10876.25,0,9565,1717,1.905242682
1914,0,10876.25,9025,0,-1851.25,0,-0.3470009372,-1851.25,-0.3470009372,2.777213542,2.777213542,0.2666666667,0.8233333333,0,0,10876.25,10876.25,0,9565,1718,1.906541586
1915,0,9975,25340,-901.25,14463.75,-0.1689315839,2.711105904,15365,2.880037488,0.171875,21.828125,7,33.72,0,0,10876.25,10876.25,0,9565,1719,1.907479763
1916,0,10876.25,8910,0,-1966.25,0,-0.368556701,-1966.25,-0.368556701,0.371484375,0.371484375,0.2666666667,0.9031746032,0,0,10876.25,10876.25,0,9565,1720,1.908420801
1917,0,9510,24725,-1366.25,13848.75,-0.2560918463,2.595829428,15215,2.851921275,0.0625,27.9375,7,35.8,0,0,10876.25,10876.25,0,9565,1721,1.909419537
1918,0,10876.25,8785,0,-2091.25,0,-0.3919868791,-2091.25,-0.3919868791,0.238671875,0.238671875,0.2666666667,0.5333333333,0,0,10876.25,10876.25,0,9565,1722,1.910368681
1919,0,9485,27350,-1391.25,16473.75,-0.2607778819,3.087863168,17865,3.34864105,0.09375,28.90625,7,35.72,0,0,10876.25,10876.25,0,9565,1723,1.911275625
1920,0,10876.25,8910,0,-1966.25,0,-0.368556701,-1966.25,-0.368556701,0.371484375,0.371484375,0.2666666667,1.152936508,0,0,10876.25,10876.25,0,9565,1724,1.912143469
1921,0,9810,27225,-1066.25,16348.75,-0.1998594189,3.06443299,17415,3.264292409,0.15625,28.84375,7,35.68,0,0,10876.25,10876.25,0,9565,1725,1.913051128
1922,0,10876.25,28990,0,18113.75,0,3.395267104,18113.75,3.395267104,0.394921875,39.13632812,4,49.84,0,0,10876.25,10876.25,0,9565,1726,1.913958788
1923,0,10876.25,9025,0,-1851.25,0,-0.3470009372,-1851.25,-0.3470009372,2.236588542,2.236588542,1,2.743015873,0,0,10876.25,10876.25,0,9565,1727,1.91520834
1924,0,9595,9295,-1281.25,-1581.25,-0.2401593252,-0.2963917526,-300,-0.05623242737,0.09375,0.09375,0.15,0.3207936508,0,0,10876.25,10876.25,0,9565,1728,1.916427374
1925,0,9595,14865,-1281.25,3988.75,-0.2401593252,0.7476569822,5270,0.9878163074,0.09375,12.90625,7,16.72,0,0,10876.25,10876.25,0,9565,1729,1.917227745
1926,0,10515,9465,-361.25,-1411.25,-0.06771321462,-0.2645267104,-1050,-0.1968134958,0.328125,0.328125,0,0,1,1,10876.25,10876.25,0,9465,0,1.918056726
1927,0,9465,12635,-1411.25,1758.75,-0.2645267104,0.3296626054,3170,0.5941893158,0,16,7,23,0,0,10876.25,10876.25,0,9465,1,1.918922901
1928,0,9367,9415,-1509.25,-1461.25,-0.28289597,-0.2738987816,48,0.008997188379,1.6,1.6,0,0,1,1,10876.25,10876.25,0,9415,0,1.919752121
1929,0,9415,13685,-1461.25,2808.75,-0.2738987816,0.5264761012,4270,0.8003748828,0,21,7,29,0,0,10876.25,10876.25,0,9415,1,1.9206779
1930,0,9720,9720,-1156.25,-1156.25,-0.2167291471,-0.2167291471,0,0,0,0,0,0,1,0,10876.25,10876.25,0,9415,2,1.921543598
1931,0,9720,14995,-1156.25,4118.75,-0.2167291471,0.7720243674,5275,0.9887535145,0,24,7,33,0,0,10876.25,10876.25,0,9415,3,1.922441483
1932,0,9367,23005,-1509.25,12128.75,-0.28289597,2.273430178,13638,2.556326148,1.6,39.8,4,57.28,0,0,10876.25,10876.25,0,9415,4,1.923277378
1933,0,10876.25,10165,0,-711.25,0,-0.1333177132,-711.25,-0.1333177132,1.093375,1.093375,0.28,0.8566666667,0,0,10876.25,10876.25,0,9415,5,1.924409628
1934,0,10876.25,21960,0,11083.75,0,2.077553889,11083.75,2.077553889,0.43046875,21.56953125,7,31.84,0,0,10876.25,10876.25,0,9415,6,1.925542831
1935,0,10876.25,8570,0,-2306.25,0,-0.4322867854,-2306.25,-0.4322867854,0.240234375,0.240234375,0.26,1.048492063,0,0,10876.25,10876.25,0,9415,7,1.926411152
1936,0,10520,20415,-356.25,9538.75,-0.0667760075,1.787956888,9895,1.854732896,0.203125,10.796875,6,15.84,0,0,10876.25,10876.25,0,9415,8,1.927412033
1937,0,10876.25,8520,0,-2356.25,0,-0.4416588566,-2356.25,-0.4416588566,0.2454427083,0.2454427083,0.26,1.048492063,0,0,10876.25,10876.25,0,9415,9,1.928311586
1938,0,10470,22560,-406.25,11683.75,-0.07614807873,2.190018744,12090,2.266166823,0.203125,19.796875,7,27.84,0,0,10876.25,10876.25,0,9415,10,1.929246187
1939,0,10876.25,8470,0,-2406.25,0,-0.4510309278,-2406.25,-0.4510309278,1.445047669,1.445047669,0.36,1.527460317,0,0,10876.25,10876.25,0,9415,11,1.930201292
1940,0,10876.25,22235,0,11358.75,0,2.129100281,11358.75,2.129100281,1.021644467,20.97835553,7,25.84,0,0,10876.25,10876.25,0,9415,12,1.931513786
1941,0,10876.25,8570,0,-2306.25,0,-0.4322867854,-2306.25,-0.4322867854,0.240234375,0.240234375,0.2,0.6373809524,0,0,10876.25,10876.25,0,9415,13,1.932724714
1942,0,9020,21560,-1856.25,10683.75,-0.3479381443,2.00257732,12540,2.350515464,0.046875,18.953125,7,24.84,0,0,10876.25,10876.25,0,9415,14,1.933781385
1943,0,10876.25,8395,0,-2481.25,0,-0.4650890347,-2481.25,-0.4650890347,0.2584635417,0.2584635417,0.2285714286,1.216349206,0,0,10876.25,10876.25,0,9415,15,1.934710979
1944,0,9595,22435,-1281.25,11558.75,-0.2401593252,2.166588566,12840,2.406747891,0.125,18.875,7,25.84,0,0,10876.25,10876.25,0,9415,16,1.935694695
1945,0,10876.25,30305,0,19428.75,0,3.641752577,19428.75,3.641752577,0.240234375,33.75976562,3,42,0,0,10876.25,10876.25,0,9415,17,1.936677694
1946,0,10876.25,10370,0,-506.25,0,-0.09489222118,-506.25,-0.09489222118,0.533203125,0.533203125,0.24,0.8773809524,0,0,10876.25,10876.25,0,9415,18,1.937975645
1947,0,10520,22985,-356.25,12108.75,-0.0667760075,2.26968135,12465,2.336457357,0.421875,21.578125,7,31.84,0,0,10876.25,10876.25,0,9415,19,1.939125538
1948,0,10876.25,9395,0,-1481.25,0,-0.2776476101,-1481.25,-0.2776476101,0.154296875,0.154296875,0.2285714286,1.216349206,0,0,10876.25,10876.25,0,9415,20,1.940183401
1949,0,10595,23035,-281.25,12158.75,-0.05271790066,2.279053421,12440,2.331771321,0.125,17.875,7,23.84,0,0,10876.25,10876.25,0,9415,21,1.941202402
1950,0,10876.25,9570,0,-1306.25,0,-0.2448453608,-1306.25,-0.2448453608,0.1360677083,0.1360677083,0.2,0.6373809524,0,0,10876.25,10876.25,0,9415,22,1.942106724
1951,0,10020,21700,-856.25,10823.75,-0.1604967198,2.028819119,11680,2.189315839,0.046875,13.953125,7,18.84,0,0,10876.25,10876.25,0,9415,23,1.943046808
1952,0,10876.25,9520,0,-1356.25,0,-0.2542174321,-1356.25,-0.2542174321,0.1412760417,0.1412760417,0.2,0.6373809524,0,0,10876.25,10876.25,0,9415,24,1.943977833
1953,0,9970,25005,-906.25,14128.75,-0.169868791,2.648313027,15035,2.818181818,0.046875,27.953125,7,33.84,0,0,10876.25,10876.25,0,9415,25,1.944935322
1954,0,10876.25,9565,0,-1311.25,0,-0.2457825679,-1311.25,-0.2457825679,0.1365885417,0.1365885417,0.2285714286,1.216349206,0,0,10876.25,10876.25,0,9415,26,1.945785046
1955,0,10765,22325,-111.25,11448.75,-0.02085285848,2.145970009,11560,2.166822868,0.125,13.875,7,21.84,0,0,10876.25,10876.25,0,9415,27,1.946654081
1956,0,10876.25,30665,0,19788.75,0,3.70923149,19788.75,3.70923149,0.154296875,43.84570312,4,56.84,0,0,10876.25,10876.25,0,9415,28,1.947533369
1957,0,10876.25,9555,-1.818989404e-12,-1321.25,-3.409539651e-16,-0.2476569822,-1321.25,-0.2476569822,5.458886719,5.458886719,0.2285714286,0.6552380952,0,0,10876.25,10876.25,0,9415,29,1.949003458
1958,0,10755,20980,-121.25,10103.75,-0.02272727273,1.893861293,10225,1.916588566,0.125,9.875,5,13.84,0,0,10876.25,10876.25,0,9415,30,1.950354576
1959,0,10876.25,9485,0,-1391.25,0,-0.2607778819,-1391.25,-0.2607778819,0.144921875,0.144921875,0.2285714286,0.6552380952,0,0,10876.25,10876.25,0,9415,31,1.95120883
1960,0,10685,23825,-191.25,12948.75,-0.03584817245,2.427132146,13140,2.462980319,0.125,19.875,7,27.84,0,0,10876.25,10876.25,0,9415,32,1.952110529
1961,0,10876.25,9560,0,-1316.25,0,-0.2467197751,-1316.25,-0.2467197751,0.137109375,0.137109375,0.08571428571,0.1607142857,0,0,10876.25,10876.25,0,9415,33,1.953000546
1962,0,10010,25445,-866.25,14568.75,-0.162371134,2.730787254,15435,2.893158388,0.046875,28.953125,7,35.84,0,0,10876.25,10876.25,0,9415,34,1.953954935
1963,0,10876.25,9605,0,-1271.25,0,-0.238284911,-1271.25,-0.238284911,0.132421875,0.132421875,0.2285714286,0.6552380952,0,0,10876.25,10876.25,0,9415,35,1.954833984
1964,0,10805,25760,-71.25,14883.75,-0.0133552015,2.789831303,14955,2.803186504,0.125,29.875,7,36.84,0,0,10876.25,10876.25,0,9415,36,1.955738306
1965,0,10876.25,31255,0,20378.75,0,3.819821931,20378.75,3.819821931,0.137109375,40.86289062,4,53.8,0,0,10876.25,10876.25,0,9415,37,1.956685543
1966,0,10876.25,9620,0,-1256.25,0,-0.2354732896,-1256.25,-0.2354732896,2.048828125,2.048828125,0.56,1.690952381,0,0,10876.25,10876.25,0,9415,38,1.957956791
1967,0,10320,15890,-556.25,5013.75,-0.1042642924,0.9397844424,5570,1.044048735,0.21875,15.78125,7,23,0,0,10876.25,10876.25,0,9415,39,1.959145784
1968,0,10305,9645,-571.25,-1231.25,-0.1070759138,-0.230787254,-660,-0.1237113402,1.81875,1.81875,0.56,1.690952381,0,0,10876.25,10876.25,0,9415,40,1.960041761
1969,0,10345,19000,-531.25,8123.75,-0.09957825679,1.522727273,8655,1.62230553,0.21875,26.78125,7,37,0,0,10876.25,10876.25,0,9415,41,1.960988522
1970,0,10279.5,9545,-596.75,-1331.25,-0.1118556701,-0.2495313964,-734.5,-0.1376757263,2.01875,2.01875,0.56,1.778333333,0,0,10876.25,10876.25,0,9415,42,1.961908579
1971,0,10695,23540,-181.25,12663.75,-0.0339737582,2.37371134,12845,2.407685098,0.265625,10.734375,5,15.84,0,0,10876.25,10876.25,0,9415,43,1.962838173
1972,0,10876.25,9595,0,-1281.25,0,-0.2401593252,-1281.25,-0.2401593252,0.279296875,0.279296875,0.56,1.892619048,0,0,10876.25,10876.25,0,9415,44,1.963687658
1973,0,10745,25790,-131.25,14913.75,-0.02460168697,2.795454545,15045,2.820056232,0.265625,20.734375,7,31.84,0,0,10876.25,10876.25,0,9415,45,1.964560747
1974,0,10876.25,9485,0,-1391.25,0,-0.2607778819,-1391.25,-0.2607778819,1.83978125,1.83978125,0.56,1.892619048,0,0,10876.25,10876.25,0,9415,46,1.965522289
1975,0,10635,24430,-241.25,13553.75,-0.04522024367,2.540534208,13795,2.585754452,0.265625,11.734375,6,17.84,0,0,10876.25,10876.25,0,9415,47,1.96654582
1976,0,10876.25,9535,0,-1341.25,0,-0.2514058107,-1341.25,-0.2514058107,1.51353125,1.51353125,0.56,1.892619048,0,0,10876.25,10876.25,0,9415,48,1.967531681
1977,0,10685,27910,-191.25,17033.75,-0.03584817245,3.192830366,17225,3.228678538,0.265625,25.734375,7,34.84,0,0,10876.25,10876.25,0,9415,49,1.968502283
1978,0,10876.25,9670,0,-1206.25,0,-0.2261012184,-1206.25,-0.2261012184,1.782291667,1.782291667,0.6333333333,2.024285714,0,0,10876.25,10876.25,0,9415,50,1.969609261
1979,0,10301.25,14525,-575,3648.75,-0.1077788191,0.6839268978,4223.75,0.791705717,1.385416667,23.61458333,4,18.87,0,0,10876.25,10876.25,0,9415,51,1.971054792
1980,0,10876.25,8395,0,-2481.25,0,-0.4650890347,-2481.25,-0.4650890347,2.219140625,2.219140625,1,5.226428571,0,0,10876.25,10876.25,0,9415,52,1.97232151
1981,0,10500,23120,-376.25,12243.75,-0.07052483599,2.294985942,12620,2.365510778,2.1640625,21.8359375,8,35.84,0,0,10876.25,10876.25,0,9415,53,1.973348379
1982,0,10876.25,8830,0,-2046.25,0,-0.383552015,-2046.25,-0.383552015,3.142936564,3.142936564,0.45,2.618095238,0,0,10876.25,10876.25,0,9415,54,1.97435379
1983,0,10876.25,8030,0,-2846.25,0,-0.5335051546,-2846.25,-0.5335051546,0.646875,0.646875,0.45,2.698095238,0,0,10876.25,10876.25,0,9415,55,1.975472689
1984,0,10830,23055,-46.25,12178.75,-0.008669165886,2.282802249,12225,2.291471415,0.3125,13.6875,7,21.48,0,0,10876.25,10876.25,0,9415,56,1.976463556
1985,0,10876.25,8345,0,-2531.25,0,-0.4744611059,-2531.25,-0.4744611059,1.93370864,1.93370864,0.3,2.032539683,0,0,10876.25,10876.25,0,9415,57,1.977421761
1986,0,9945,26570,-931.25,15693.75,-0.1745548266,2.941658857,16625,3.116213683,0.25,27.75,7,36.52,0,0,10876.25,10876.25,0,9415,58,1.978488445
1987,0,10876.25,8090,0,-2786.25,0,-0.5222586692,-2786.25,-0.5222586692,1.748588932,1.748588932,0.45,3.033015873,0,0,10876.25,10876.25,0,9415,59,1.979588985
1988,0,10876.25,22380,0,11503.75,0,2.156279288,11503.75,2.156279288,1.314547631,24.68545237,2,17.41896825,0,0,10876.25,10876.25,0,9415,60,1.98094821
1989,0,10876.25,8980,0,-1896.25,0,-0.3554358013,-1896.25,-0.3554358013,0.592578125,0.592578125,0.85,5.581349206,0,0,10876.25,10876.25,0,9415,61,1.98218751
1990,0,10180,17625,-696.25,6748.75,-0.1305060918,1.264995314,7445,1.395501406,0.375,10.625,7,19.32,0,0,10876.25,10876.25,0,9415,62,1.983099937
1991,0,10876.25,8930,0,-1946.25,0,-0.3648078725,-1946.25,-0.3648078725,0.608203125,0.608203125,0.85,5.643571429,0,0,10876.25,10876.25,0,9415,63,1.983948946
1992,0,10180,20830,-696.25,9953.75,-0.1305060918,1.86574508,10650,1.996251172,0.390625,24.609375,7,35.36,0,0,10876.25,10876.25,0,9415,64,1.984811783
1993,0,10876.25,9245,0,-1631.25,0,-0.3057638238,-1631.25,-0.3057638238,0.9322916667,0.9322916667,0.85,6.409047619,0,0,10876.25,10876.25,0,9415,65,1.985805273
1994,0,10876.25,18335,0,7458.75,0,1.398078725,7458.75,1.398078725,0.6458333333,19.35416667,7,27.32,0,0,10876.25,10876.25,0,9415,66,1.986859322
1995,0,10580,8330,-296.25,-2546.25,-0.05552952202,-0.4772727273,-2250,-0.4217432052,0.703125,0.703125,0.85,5.643571429,0,0,10876.25,10876.25,0,9415,67,1.987794399
1996,0,9580,19755,-1296.25,8878.75,-0.2429709466,1.664245548,10175,1.907216495,0.390625,23.609375,7,34.36,0,0,10876.25,10876.25,0,9415,68,1.988779783
1997,0,10580,8380,-296.25,-2496.25,-0.05552952202,-0.467900656,-2200,-0.412371134,0.6875,0.6875,0.85,5.217777778,0,0,10876.25,10876.25,0,9415,69,1.989835739
1998,0,9830,21495,-1046.25,10618.75,-0.1961105904,1.990393627,11665,2.186504217,0.453125,28.546875,7,39.32,0,0,10876.25,10876.25,0,9415,70,1.990899324
1999,0,10535,8285,-341.25,-2591.25,-0.06396438613,-0.4857075914,-2250,-0.4217432052,0.703125,0.703125,0.85,4.375079365,0,0,10876.25,10876.25,0,9415,71,1.991951466
