it,alpha,cz_lp,cz_round,d_lp,d_round,d_lp_n,d_round_n,delta,delta_n,frac,dist,viol_max,viol_sum,feas,improving,ub,ub_eff,ub_free,z_best,stall,t
0,0,-39641692.45,-36395502.02,-2574750.337,671440.0989,-0.25,0.06519468018,3246190.435,0.3151946802,575.7270608,575.7270608,4.993151515,12.17512121,0,0,-37066942.12,0,1,0,0,0.0006802082062
1,0,-37066942.12,-35049389.57,4.470348358e-08,2017552.542,4.340564884e-15,0.1958978812,2017552.542,0.1958978812,210.1426205,210.1426205,1.368545455,3.388131313,0,0,-37066942.12,-37066942.12,0,0,1,1.59057951
2,0,-37066942.12,-37140571.71,6.705522537e-08,-73629.594,6.510847326e-15,-0.007149197434,-73629.594,-0.007149197434,102.1113743,102.1113743,1.792121212,3.717974747,0,0,-37066942.12,-37066942.12,0,0,2,2.237858057
3,0,-37066942.12,-36893199.62,6.705522537e-08,173742.4955,6.510847326e-15,0.01686983909,173742.4955,0.01686983909,32.16506942,32.16506942,0.6141111111,1.549106061,0,0,-37066942.12,-37066942.12,0,0,3,2.504390717
4,0,-37066942.12,-37225118.55,6.705522537e-08,-158176.4293,6.510847326e-15,-0.01535842399,-158176.4293,-0.01535842399,29.9647913,32.56523329,1,43.38532828,0,0,-37066942.12,-37066942.12,0,0,4,2.809705019
5,0,-37066942.12,-37109316.48,4.470348358e-08,-42374.36751,4.340564884e-15,-0.004114415183,-42374.36751,-0.004114415183,15.4720552,15.4720552,0.1396969697,0.5677727273,0,0,-37066942.12,-37066942.12,0,0,5,2.869121552
6,0,-37066942.12,-37167880.22,5.215406418e-08,-100938.1073,5.063992364e-15,-0.009800766494,-100938.1073,-0.009800766494,9.23952623,9.23952623,0.07233333333,0.2510151515,0,0,-37066942.12,-37066942.12,0,0,6,2.970905066
7,0,-37066942.12,-36506769.89,5.215406418e-08,560172.2227,5.063992364e-15,0.05439092625,560172.2227,0.05439092625,9.22583349,17.49461399,1,5.451116162,0,0,-37066942.12,-37066942.12,0,0,7,3.065755367
8,0,-37066942.12,-37059741.69,4.470348358e-08,7200.426551,4.340564884e-15,0.0006991383251,7200.426551,0.0006991383251,8.36985952,8.36985952,0.07233333333,0.2201666667,0,0,-37066942.12,-37066942.12,0,0,8,3.173993826
9,0,-37066942.12,-37044517.74,2.980232239e-08,22424.37509,2.893709923e-15,0.002177334902,22424.37509,0.002177334902,8.343904071,12.40686685,0.2173333333,0.5383989899,0,0,-37066942.12,-37066942.12,0,0,9,3.269109964
10,0,-37066942.12,-37110213.43,5.960464478e-08,-43271.31895,5.787419845e-15,-0.004201506291,-43271.31895,-0.004201506292,7.607873076,7.607873076,0.0695,0.1982979798,0,0,-37066942.12,-37066942.12,0,0,10,3.418061972
11,0,-37066942.12,-37081663.76,6.705522537e-08,-14721.64222,6.510847326e-15,-0.001429424245,-14721.64222,-0.001429424245,5.979229327,5.979229327,0.05122222222,0.1241919192,0,0,-37066942.12,-37066942.12,0,0,11,3.518313169
12,0,-37066942.12,-36335472.21,6.705522537e-08,731469.9035,6.510847326e-15,0.07102338168,731469.9035,0.07102338168,5.959675524,27.00132041,1,4.416393939,0,0,-37066942.12,-37066942.12,0,0,12,3.624157906
13,0,-37066942.12,-37421284.39,1.490116119e-08,-354342.2762,1.446854961e-15,-0.03440549859,-354342.2762,-0.03440549859,12.38392658,12.38392658,0.1858181818,0.7260252525,0,0,-37066942.12,-37066942.12,0,0,13,3.836080551
14,0,-37177473.16,-37270235.06,-110531.049,-203292.9419,-0.01073221037,-0.01973909266,-92761.89287,-0.009006882294,4.811705189,4.811705189,0.08655555556,0.2764242424,0,0,-37066942.12,-37066942.12,0,0,14,3.882332802
15,0,-37172093.2,-37103022.5,-105151.0814,-36080.3839,-0.01020983277,-0.003503289561,69070.69751,0.006706543207,4.543749388,19.45625061,1,5.678767677,0,0,-37066942.12,-37066942.12,0,0,15,3.90504241
16,0,-37066942.12,-37079149.78,1.490116119e-08,-12207.6632,1.446854961e-15,-0.001185324944,-12207.6632,-0.001185324944,1.460639816,1.460639816,0.02927777778,0.04412626263,0,0,-37066942.12,-37066942.12,0,0,16,3.935961246
17,0,-37066942.12,-37070299.09,1.490116119e-08,-3356.976902,1.446854961e-15,-0.0003259516908,-3356.976902,-0.0003259516908,1.07443131,18.92556869,1,53.16460606,0,0,-37066942.12,-37066942.12,0,0,17,3.960234404
18,0,-37074839.42,-37101399.59,-7897.306253,-34457.47151,-0.0007668031091,-0.003345709973,-26560.16526,-0.002578906864,0.8406740949,0.8406740949,0.02521212121,0.04571212121,0,0,-37066942.12,-37066942.12,0,0,18,3.985516071
19,0,-37078818.39,-37087927.35,-11876.27117,-20985.23547,-0.001153147841,-0.002037599061,-9108.964303,-0.0008844512197,0.5810055866,9.418994413,1,31.07318182,0,0,-37066942.12,-37066942.12,0,0,19,4.00484848
20,0,-37066942.12,-37022477.68,1.490116119e-08,44464.43578,1.446854961e-15,0.004317354109,44464.43578,0.004317354109,0.8697219735,0.8697219735,0.02927777778,0.02927777778,0,0,-37066942.12,-37066942.12,0,0,20,4.02696538
21,0,-37066942.12,-37398788.26,1.490116119e-08,-331846.1466,1.446854961e-15,-0.03222119654,-331846.1466,-0.03222119654,0.8697219735,14.13027803,1,47.16440404,0,0,-37066942.12,-37066942.12,0,0,21,4.046407223
22,0,-37318935.63,-37338637.18,-251993.5162,-271695.0603,-0.02446776224,-0.02638071898,-19701.54404,-0.00191295674,0.8158122164,0.8158122164,0.02521212121,0.05601515152,0,0,-37066942.12,-37066942.12,0,0,22,4.069473028
23,0,-37318935.63,-37339220.26,-251993.5162,-272278.1473,-0.02446776224,-0.02643733486,-20284.63108,-0.001969572622,0.8158122164,9.184187784,1,27.08460606,0,0,-37066942.12,-37066942.12,0,0,23,4.088626385
24,0,-37295872.91,-37311093.11,-228930.7924,-244150.9903,-0.02222844572,-0.02370627812,-15220.19784,-0.001477832396,0.9932482484,0.9932482484,0.0216969697,0.03391919192,0,0,-37066942.12,-37066942.12,0,0,24,4.11085844
25,0,-37305238.57,-37361961.71,-238296.4589,-295019.5945,-0.0231378219,-0.02864545645,-56723.13564,-0.005507634549,0.6643646409,21.33563536,1,82.12223737,0,0,-37066942.12,-37066942.12,0,0,25,4.134179115
26,0,-37288186.04,-37292382.86,-221243.9271,-225440.7488,-0.02148207575,-0.02188957368,-4196.821658,-0.0004074979231,0.6587799928,0.6587799928,0.01061111111,0.02091414141,0,0,-37066942.12,-37066942.12,0,0,26,4.156844378
27,0,-37289185.38,-37327483.67,-222243.2607,-260541.5508,-0.02157910784,-0.02529774898,-38298.2901,-0.00371864114,0.4986187845,22.50138122,1,84.38190909,0,0,-37066942.12,-37066942.12,0,0,27,4.179738998
28,0,-37280913.19,-37269850.17,-213971.079,-202908.0511,-0.02077590553,-0.019701721,11063.02796,0.001074184534,0.7541436464,0.7541436464,0.0216969697,0.04422222222,0,0,-37066942.12,-37066942.12,0,0,28,4.201854467
29,0,-37280997.3,-37331901.81,-214055.1798,-264959.6944,-0.02078407144,-0.02572673655,-50904.5146,-0.004942665108,0.729281768,24.27071823,1,92.25611111,0,0,-37066942.12,-37066942.12,0,0,29,4.225075245
30,0,-37284185.36,-37287586.39,-217243.2448,-220644.275,-0.02109362233,-0.02142385146,-3401.030274,-0.0003302291319,0.6898486885,0.6898486885,0.01061111111,0.02091414141,0,0,-37066942.12,-37066942.12,0,0,30,4.247817516
31,0,-37284388.9,-37332300.06,-217446.787,-265357.9443,-0.02111338563,-0.02576540534,-47911.15724,-0.004652019709,0.4986187845,14.50138122,1,54.23996465,0,0,-37066942.12,-37066942.12,0,0,31,4.270516634
32,0,-37275433.96,-37266318.11,-208491.8405,-199375.9901,-0.02024388904,-0.01935876921,9115.850346,0.0008851198324,0.5980662983,0.5980662983,0.01484848485,0.02515151515,0,0,-37066942.12,-37066942.12,0,0,32,4.292981148
33,0,-37274450.79,-37342821.69,-207508.6757,-275879.5784,-0.02014842689,-0.02678702227,-68370.90272,-0.006638595377,0.5732044199,16.42679558,1,63.13665152,0,0,-37066942.12,-37066942.12,0,0,33,4.315183163
34,0,-37283611.85,-35474497.35,-216669.7305,1592444.769,-0.02103793594,0.1546212798,1809114.5,0.1756592158,0.6836418712,726.8356951,1.433833333,2650.080237,0,0,-37066942.12,-37066942.12,0,0,34,4.341540337
35,0,-37066942.12,-37001088.26,-7.450580597e-09,65853.857,-7.234274806e-16,0.00639419831,65853.857,0.00639419831,5.73875227,5.73875227,0.06766666667,0.2265454545,0,0,-37066942.12,-37066942.12,0,0,35,4.442997456
36,0,-37066942.12,-37052625.78,3.725290298e-08,14316.33251,3.617137403e-15,0.001390069972,14316.33251,0.001390069972,1.934082318,1.934082318,0.02872727273,0.06365151515,0,0,-37066942.12,-37066942.12,0,0,36,4.588395596
37,0,-37066942.12,-37081802.16,3.725290298e-08,-14860.04783,3.617137403e-15,-0.001442862986,-14860.04783,-0.001442862986,0.7470203896,0.7470203896,0.01709090909,0.03309090909,0,0,-37066942.12,-37066942.12,0,0,37,4.665841818
38,0,-37068357.87,-37091616.4,-1415.755901,-24674.28468,-0.0001374653574,-0.002395793907,-23258.52878,-0.00225832855,0.6306160573,9.369383943,1,18.08128788,0,0,-37066942.12,-37066942.12,0,0,38,4.68801403
39,0,-37073763.73,-37063294.07,-6821.613655,3648.040913,-0.0006623568078,0.0003542130728,10469.65457,0.001016569881,0.8296940528,0.8296940528,0.02872727273,0.04022727273,0,0,-37066942.12,-37066942.12,0,0,39,4.712675571
40,0,-37082918.33,-37092470.46,-15976.21772,-25528.33943,-0.001551239502,-0.002478719885,-9552.121716,-0.0009274803833,0.3574567852,0.3574567852,0.009111111111,0.009666666667,0,0,-37066942.12,-37066942.12,0,0,40,4.735237122
41,0,-37086312.82,-37139495.53,-19370.69964,-72553.41732,-0.00188083281,-0.00704470413,-53182.71768,-0.00516387132,0.2411132949,25.75888671,1,128.243298,0,0,-37066942.12,-37066942.12,0,0,41,4.756711721
42,0,-37069380.89,-37058911.23,-2438.77306,8030.881509,-0.0002367970425,0.0007797728381,10469.65457,0.001016569881,0.8296940528,0.8296940528,0.02872727273,0.04022727273,0,0,-37066942.12,-37066942.12,0,0,42,4.779605865
43,0,-37078535.49,-37088087.61,-11593.37712,-21145.49884,-0.001125679737,-0.00205316012,-9552.121716,-0.0009274803833,0.3574567852,0.3574567852,0.009111111111,0.009666666667,0,0,-37066942.12,-37066942.12,0,0,43,4.803474665
44,0,-37081929.97,-37085744.86,-14987.85905,-18802.74739,-0.001455273045,-0.001825686468,-3814.888341,-0.0003704134229,0.2411132949,10.75888671,1,27.08128788,0,0,-37066942.12,-37066942.12,0,0,44,4.824554682
45,0,-37073763.73,-35450268.18,-6821.613655,1616673.937,-0.0006623568078,0.1569738544,1623495.551,0.1576362112,0.8296940528,785.8296941,1.705222222,2863.342434,0,0,-37066942.12,-37066942.12,0,0,45,4.847242355
46,0,-37066942.12,-37075861.89,0,-8919.774982,0,-0.0008660815435,-8919.774982,-0.0008660815435,21.00060743,21.00060743,0.1517222222,0.315969697,0,0,-37066942.12,-37066942.12,0,0,46,5.036907673
47,0,-37178777.54,-37187982.23,-111835.4236,-121040.1187,-0.01085886095,-0.01175260733,-9204.695127,-0.0008937463757,3.16684915,3.16684915,0.02127777778,0.07921212121,0,0,-37066942.12,-37066942.12,0,0,47,5.260025024
48,0,-37176334.53,-37170961.12,-109392.41,-104019.004,-0.01062165218,-0.01009991168,5373.406026,0.0005217404916,1.643555736,1.643555736,0.02127777778,0.05909090909,0,0,-37066942.12,-37066942.12,0,0,48,5.305040836
49,0,-37171294.92,-37144792.61,-104352.7996,-77850.49794,-0.01013232216,-0.00755903367,26502.30162,0.00257328849,1.160914364,1.160914364,0.01636363636,0.03438888889,0,0,-37066942.12,-37066942.12,0,0,49,5.328463793
50,0,-37149707.05,-37183758.27,-82764.93523,-116816.1553,-0.00803620977,-0.01134247403,-34051.22006,-0.003306264259,1.05508872,8.94491128,1,1.303691919,0,0,-37066942.12,-37066942.12,0,0,50,5.351321697
51,0,-37112713.91,-37063949.54,-45771.79081,2992.577338,-0.00444429409,0.0002905696618,48764.36815,0.004734863752,1.888158225,1.888158225,0.02012121212,0.04816161616,0,0,-37066942.12,-37066942.12,0,0,51,5.391665459
52,0,-37066942.12,-37063443.97,2.235174179e-08,3498.150614,2.170282442e-15,0.0003396592054,3498.150613,0.0003396592054,1.137788293,27.86221171,1,90.59116667,0,0,-37066942.12,-37066942.12,0,0,52,5.449934006
53,0,-37080094.54,-37090033.62,-13152.42535,-23091.5033,-0.00127705832,-0.002242110912,-9939.077951,-0.0009650525927,2.226073017,2.226073017,0.05175757576,0.1194393939,0,0,-37066942.12,-37066942.12,0,0,53,5.497358799
54,0,-37066942.12,-37032983.68,2.235174179e-08,33958.43865,2.170282442e-15,0.003297255482,33958.43865,0.003297255482,1.620622881,16.37937712,1,47.27398485,0,0,-37066942.12,-37066942.12,0,0,54,5.530790329
55,0,-37066942.12,-37070214.96,2.980232239e-08,-3272.846513,2.893709923e-15,-0.0003177828998,-3272.846513,-0.0003177828998,1.143273965,1.143273965,0.01672727273,0.0396010101,0,0,-37066942.12,-37066942.12,0,0,55,5.626368046
56,0,-37066942.12,-37178283.99,2.235174179e-08,-111341.8748,2.170282442e-15,-0.01081093895,-111341.8748,-0.01081093895,1.109339839,16.89066016,1,57.27885859,0,0,-37066942.12,-37066942.12,0,0,56,5.663278103
57,0,-37066942.12,-37076156.6,3.725290298e-08,-9214.482175,3.617137403e-15,-0.0008946966667,-9214.482175,-0.0008946966667,2.247610309,2.247610309,0.011,0.01384343434,0,0,-37066942.12,-37066942.12,0,0,57,5.702510357
58,0,-37068478.54,-37146347.16,-1536.42227,-79405.04674,-0.0001491816749,-0.007709975373,-77868.62447,-0.007560793698,0.3446016852,15.65539831,1,62.28126768,0,0,-37066942.12,-37066942.12,0,0,58,5.740175724
59,0,-37066942.12,-36997321.77,5.215406418e-08,69620.34255,5.063992364e-15,0.006759911977,69620.34255,0.006759911977,1.910311474,1.910311474,0.01811111111,0.06186363636,0,0,-37066942.12,-37066942.12,0,0,59,5.77016592
60,0,-37066942.12,-37249803.48,3.725290298e-08,-182861.3593,3.617137403e-15,-0.01775525152,-182861.3593,-0.01775525152,1.703928636,10.29607136,1,17.04378283,0,0,-37066942.12,-37066942.12,0,0,60,5.811518908
61,0,-37213368.97,-37195461.8,-146426.85,-128519.6873,-0.01421757752,-0.01247884945,17907.16273,0.00173872807,0.7220670391,0.7220670391,0.011,0.01238888889,0,0,-37066942.12,-37066942.12,0,0,61,5.849164724
62,0,-37186959.71,-37222865.88,-120017.5898,-155923.7637,-0.01165332305,-0.01513969738,-35906.17393,-0.003486374331,0.311452514,28.68854749,1,138.5431869,0,0,-37066942.12,-37066942.12,0,0,62,5.87376833
63,0,-37158034.3,-37145351.23,-91092.18555,-78409.11531,-0.008844759068,-0.007613273624,12683.07024,0.001231485444,0.9008379888,0.9008379888,0.01811111111,0.03610606061,0,0,-37066942.12,-37066942.12,0,0,63,5.897562504
64,0,-37131625.04,-37199723.25,-64682.92535,-132781.1357,-0.006280504602,-0.01289262243,-68098.21036,-0.006612117823,0.4902234637,11.50977654,1,41.18882323,0,0,-37066942.12,-37066942.12,0,0,64,5.919573784
65,0,-37142177.62,-37101154.42,-75235.50703,-34212.29961,-0.007305126439,-0.003321904567,41023.20742,0.003983221872,0.821052284,0.821052284,0.01636363636,0.01808585859,0,0,-37066942.12,-37066942.12,0,0,65,5.943835258
66,0,-37115768.36,-37256494.06,-48826.24683,-189551.9411,-0.004740871973,-0.01840488556,-140725.6943,-0.01366401359,0.4104377588,17.58956224,1,85.25439899,0,0,-37066942.12,-37066942.12,0,0,66,5.965559244
67,0,-37150810.34,-37134297.29,-83868.22611,-67355.17739,-0.008143335775,-0.006539971705,16513.04872,0.001603364071,0.9095196459,0.9095196459,0.01861111111,0.03715151515,0,0,-37066942.12,-37066942.12,0,0,67,5.989550352
68,0,-37124401.08,-37234368.54,-57458.96591,-167426.4219,-0.005579081309,-0.0162565686,-109967.456,-0.01067748729,0.4989051208,9.501094879,1,35.09657576,0,0,-37066942.12,-37066942.12,0,0,68,6.011390924
69,0,-37146471.82,-37107922.13,-79529.70212,-40980.0167,-0.007722079011,-0.003979028191,38549.68542,0.003743050819,0.8236470697,0.8236470697,0.01654545455,0.01843434343,0,0,-37066942.12,-37066942.12,0,0,69,6.034263611
70,0,-37120062.56,-37260743.7,-53120.44193,-193801.5826,-0.005157824544,-0.01881751211,-140681.1406,-0.01365968757,0.4130325446,9.586967455,1,35.11529293,0,0,-37066942.12,-37066942.12,0,0,70,6.055771828
71,0,-37150810.34,-36776098.12,-83868.22611,290843.9936,-0.008143335775,0.02824001899,374712.2197,0.03638335477,0.9095196459,706.0184582,1.388055556,2671.710328,0,0,-37066942.12,-37066942.12,0,0,71,6.079113245
72,0,-37066942.12,-37024632.45,7.450580597e-08,42309.66675,7.234274806e-15,0.004108132946,42309.66675,0.004108132946,9.937385579,9.937385579,0.07884848485,0.1594292929,0,0,-37066942.12,-37066942.12,0,0,72,6.169872761
73,0,-37089979.12,-37064411.59,-23037.00263,2530.529623,-0.002236819072,0.0002457063106,25567.53226,0.002482525383,3.373290137,3.373290137,0.03539393939,0.09430808081,0,0,-37066942.12,-37066942.12,0,0,73,6.359566927
74,0,-37089979.12,-37041672.67,-23037.00263,25269.44453,-0.002236819072,0.00245358202,48306.44716,0.004690401092,3.373290137,22.62670986,1,58.29567172,0,0,-37066942.12,-37066942.12,0,0,74,6.376966238
75,0,-37066942.12,-37101764.2,5.960464478e-08,-34822.08056,5.787419845e-15,-0.003381112342,-34822.08056,-0.003381112342,1.756560442,1.756560442,0.01511111111,0.02965151515,0,0,-37066942.12,-37066942.12,0,0,75,6.442451
76,0,-37066942.12,-37053814.96,6.705522537e-08,13127.15695,6.510847326e-15,0.001274604839,13127.15695,0.001274604839,1.093774986,9.906225014,1,35.13255051,0,0,-37066942.12,-37066942.12,0,0,76,6.468333244
77,0,-37066942.12,-37027145.59,5.960464478e-08,39796.52236,5.787419845e-15,0.003864114687,39796.52236,0.003864114687,1.014025682,1.014025682,0.01816666667,0.0396010101,0,0,-37066942.12,-37066942.12,0,0,77,6.505334854
78,0,-37066942.12,-37208335.38,5.960464478e-08,-141393.2623,5.787419845e-15,-0.0137288323,-141393.2623,-0.0137288323,0.9856349205,20.01436508,1,76.46696465,0,0,-37066942.12,-37066942.12,0,0,78,6.559434652
79,0,-37082166.08,-37088731.44,-15223.96019,-21789.32676,-0.001478197709,-0.002115673746,-6565.366566,-0.0006374760373,1.229031897,1.229031897,0.01816666667,0.0301010101,0,0,-37066942.12,-37066942.12,0,0,79,6.588406801
80,0,-37079741.7,-37053984.93,-12799.58211,12957.18807,-0.001242798372,0.001258101406,25756.77018,0.002500899778,0.7465478698,26.25345213,1,117.3890909,0,0,-37066942.12,-37066942.12,0,0,80,6.613240242
81,0,-37066942.12,-37027611.3,6.705522537e-08,39330.81227,6.510847326e-15,0.003818895731,39330.81227,0.003818895731,1.55162389,1.55162389,0.01816666667,0.0396010101,0,0,-37066942.12,-37066942.12,0,0,81,6.65171957
82,0,-37066942.12,-37156250.79,5.960464478e-08,-89308.67324,5.787419845e-15,-0.008671585743,-89308.67324,-0.008671585743,0.9855372075,28.01446279,1,124.5589293,0,0,-37066942.12,-37066942.12,0,0,82,6.703628063
83,0,-37079644.7,-37131674.59,-12702.58588,-64732.47701,-0.001233380349,-0.006285315909,-52029.89113,-0.00505193556,1.242998377,1.242998377,0.02016666667,0.0321010101,0,0,-37066942.12,-37066942.12,0,0,83,6.74738884
84,0,-37090876.22,-37000756.1,-23934.10357,66186.02055,-0.002323924696,0.006426450325,90120.12412,0.008750375021,0.7978949968,15.202105,1,58.23115657,0,0,-37066942.12,-37066942.12,0,0,84,6.769379616
85,0,-37066942.12,-37042454.15,5.960464478e-08,24487.96136,5.787419845e-15,0.002377702511,24487.96136,0.002377702511,1.676723822,1.676723822,0.02606060606,0.06617171717,0,0,-37066942.12,-37066942.12,0,0,85,6.801063299
86,0,-37066942.12,-37067312.62,6.705522537e-08,-370.5050441,6.510847326e-15,-3.597485151e-05,-370.5050442,-3.597485152e-05,1.358062098,1.358062098,0.02016666667,0.0416010101,0,0,-37066942.12,-37066942.12,0,0,86,6.839384317
87,0,-37077957.2,-37027319.1,-11015.08056,39623.01468,-0.001069528995,0.003847267648,50638.09524,0.004916796642,1.022755332,1.022755332,0.01816666667,0.0396010101,0,0,-37066942.12,-37066942.12,0,0,87,6.866349936
88,0,-37066942.12,-37160819.72,7.450580597e-08,-93877.60092,7.234274806e-15,-0.009115213967,-93877.60092,-0.009115213967,0.985629333,27.01437067,1,118.5146919,0,0,-37066942.12,-37066942.12,0,0,88,6.900239229
89,0,-37116898.36,-37133922.93,-49956.24255,-66980.81268,-0.004850590933,-0.006503622092,-17024.57013,-0.001653031159,1.224342403,1.224342403,0.02016666667,0.02901010101,0,0,-37066942.12,-37066942.12,0,0,89,6.974814653
90,0,-37129310.45,-37034153.46,-62368.33304,32788.65912,-0.006055765112,0.003183673642,95156.99216,0.009239438753,0.7274530078,28.27254699,1,122.4474141,0,0,-37066942.12,-37066942.12,0,0,90,6.99786377
91,0,-37073357.37,-37126065.53,-6415.258038,-59123.41748,-0.0006229009806,-0.005740694218,-52708.15944,-0.005117793237,1.637640187,1.637640187,0.01816666667,0.04456565657,0,0,-37066942.12,-37066942.12,0,0,91,7.026376247
92,0,-37080484.18,-37066513.76,-13542.06199,428.3536868,-0.001314890788,4.159176918e-05,13970.41568,0.001356482557,1.032251132,1.032251132,0.01816666667,0.02701010101,0,0,-37066942.12,-37066942.12,0,0,92,7.049797297
93,0,-37066942.12,-37089339.55,8.940696716e-08,-22397.43849,8.681129768e-15,-0.002174719444,-22397.43849,-0.002174719444,0.6761318155,19.32386818,1,77.35723737,0,0,-37066942.12,-37066942.12,0,0,93,7.078631401
94,0,-37066942.12,-37013520.87,7.450580597e-08,53421.24186,7.234274806e-15,0.005187031254,53421.24186,0.005187031254,2.220034978,2.220034978,0.01816666667,0.03651010101,0,0,-37066942.12,-37066942.12,0,0,94,7.128813982
95,0,-37066942.12,-37302121.23,8.195638657e-08,-235179.1138,7.957702287e-15,-0.02283513769,-235179.1138,-0.02283513769,0.9915153691,13.00848463,1,31.17623232,0,0,-37066942.12,-37066942.12,0,0,95,7.165267944
96,0,-37247387.85,-37271369.08,-180445.7376,-204426.9607,-0.0175207024,-0.01984920226,-23981.22314,-0.002328499855,1.567039106,1.567039106,0.03781818182,0.09265151515,0,0,-37066942.12,-37066942.12,0,0,96,7.199167252
97,0,-37240811.89,-37222876.74,-173869.7724,-155934.6211,-0.01688219727,-0.0151407516,17935.15133,0.001741445673,1.530726257,15.46927374,1,65.22415657,0,0,-37066942.12,-37066942.12,0,0,97,7.225228548
98,0,-37189942.94,-37164992.27,-123000.8244,-98050.15081,-0.01194298556,-0.009520355179,24950.67357,0.002422630382,1.612543889,1.612543889,0.01816666667,0.03602525253,0,0,-37066942.12,-37066942.12,0,0,98,7.249233723
99,0,-37200050.94,-37240517.31,-133108.8205,-173575.1969,-0.01292443957,-0.01685359493,-40466.37636,-0.003929155362,0.9040190176,19.09598098,1,75.3099899,0,0,-37066942.12,-37066942.12,0,0,99,7.276152372
100,0,-37186469.06,-37193885.72,-119526.9425,-126943.6001,-0.01160568277,-0.01232581644,-7416.657572,-0.0007201336637,2.071518346,2.071518346,0.03866666667,0.07671717172,0,0,-37066942.12,-37066942.12,0,0,100,7.302253723
101,0,-37177679.89,-37220054.22,-110737.7767,-153112.1062,-0.01075228296,-0.01486669445,-42374.32946,-0.004114411489,1.326770408,1.326770408,0.01816666667,0.02682828283,0,0,-37066942.12,-37066942.12,0,0,101,7.328999996
102,0,-37213594.68,-37196074.7,-146652.5679,-129132.5802,-0.014239494,-0.01253835939,17519.98765,0.001701134612,0.6720741903,18.32792581,1,79.27957071,0,0,-37066942.12,-37066942.12,0,0,102,7.350666046
103,0,-37163750.63,-37129614.83,-96808.51231,-62672.71285,-0.009399796064,-0.006085319415,34135.79946,0.003314476648,2.309186482,2.309186482,0.03866666667,0.08621717172,0,0,-37066942.12,-37066942.12,0,0,103,7.375231028
104,0,-37154819.44,-37155783.33,-87877.32808,-88841.21894,-0.008532606719,-0.008626197429,-963.8908515,-9.359071032e-05,1.565597224,1.565597224,0.01816666667,0.03632828283,0,0,-37066942.12,-37066942.12,0,0,104,7.401064873
105,0,-37190734.24,-37273302.14,-123792.1192,-206360.0257,-0.01201981776,-0.02003689666,-82567.90647,-0.008017078908,0.9109010059,9.089098994,1,29.16157071,0,0,-37066942.12,-37066942.12,0,0,105,7.422666788
106,0,-37186611.08,-35897028.09,-119668.9609,1169914.024,-0.01161947231,0.1135948996,1289582.985,0.1252143719,2.070359667,691.3052811,1.8415,2547.610591,0,0,-37066942.12,-37066942.12,0,0,106,7.448276997
107,0,-37066942.12,-37142831.14,4.470348358e-08,-75889.02181,4.340564884e-15,-0.007368580628,-75889.02181,-0.007368580628,6.746340375,6.746340375,0.03033333333,0.1001313131,0,0,-37066942.12,-37066942.12,0,0,107,7.591130972
108,0,-37066942.12,-37119595.31,4.470348358e-08,-52653.19313,4.340564884e-15,-0.005112456185,-52653.19313,-0.005112456185,3.630841498,3.630841498,0.03033333333,0.09278282828,0,0,-37066942.12,-37066942.12,0,0,108,7.678982496
109,0,-37066942.12,-36992046.23,4.470348358e-08,74895.8871,4.340564884e-15,0.007272150433,74895.8871,0.007272150433,3.024131274,26.97586873,1,89.58762121,0,0,-37066942.12,-37066942.12,0,0,109,7.706192493
110,0,-37066942.12,-37103202.84,4.470348358e-08,-36260.72198,4.340564884e-15,-0.003520799809,-36260.72198,-0.003520799809,3.809937563,3.809937563,0.04321212121,0.1050505051,0,0,-37066942.12,-37066942.12,0,0,110,7.769532919
111,0,-37066942.12,-37034472.4,4.470348358e-08,32469.71671,4.340564884e-15,0.003152705356,32469.71671,0.003152705356,1.293243806,1.293243806,0.01727272727,0.04988888889,0,0,-37066942.12,-37066942.12,0,0,111,7.876983404
112,0,-37066942.12,-37398941.11,4.470348358e-08,-331998.9957,4.340564884e-15,-0.0322360377,-331998.9957,-0.0322360377,1.202277455,19.79772255,1,68.20097475,0,0,-37066942.12,-37066942.12,0,0,112,7.931169748
113,0,-37287087.85,-37376723.57,-220145.7382,-309781.45,-0.02137544513,-0.03007878528,-89635.71184,-0.008703340143,3.542480242,3.542480242,0.04272727273,0.116959596,0,0,-37066942.12,-37066942.12,0,0,113,7.973684072
114,0,-37301842.38,-37397175.3,-234900.2682,-330233.1883,-0.02280806267,-0.03206458347,-95332.92013,-0.009256520796,2.772580388,2.772580388,0.02345454545,0.06781313131,0,0,-37066942.12,-37066942.12,0,0,114,7.996629953
115,0,-37306372.22,-36876591.04,-239430.1053,190351.0801,-0.02324789533,0.01848247939,429781.1855,0.04173037472,2.742482989,19.25751701,1,32.35322222,0,0,-37066942.12,-37066942.12,0,0,115,8.019806862
116,0,-37121631.2,-37085358.84,-54689.08142,-18416.72903,-0.005310134408,-0.001788205323,36272.35239,0.003521929085,1.655900519,1.655900519,0.02916666667,0.07220707071,0,0,-37066942.12,-37066942.12,0,0,116,8.069324732
117,0,-37121515.49,-37145890.8,-54573.37879,-78948.68856,-0.005298900055,-0.007665664457,-24375.30976,-0.002366764402,1.655900519,11.34409948,0.1565555556,0.5507525253,0,0,-37066942.12,-37066942.12,0,0,117,8.093478441
118,0,-37066942.12,-37051259.59,6.705522537e-08,15682.521,6.510847326e-15,0.001522722492,15682.521,0.001522722492,1.713082449,1.713082449,0.03166666667,0.08203030303,0,0,-37066942.12,-37066942.12,0,0,118,8.19280076
119,0,-37066942.12,-37045958.22,7.450580597e-08,20983.89939,7.234274806e-15,0.002037469331,20983.89939,0.002037469331,1.387723522,1.387723522,0.02036363636,0.02242424242,0,0,-37066942.12,-37066942.12,0,0,119,8.276603222
120,0,-37066942.12,-37299300.8,6.705522537e-08,-232358.6877,6.510847326e-15,-0.02256128336,-232358.6877,-0.02256128336,0.9218377823,25.07816222,1,88.17016162,0,0,-37066942.12,-37066942.12,0,0,120,8.319106817
121,0,-37162297.39,-37156059.23,-95355.27674,-89117.1103,-0.009258691551,-0.008652985596,6238.166443,0.0006057059547,2.681901784,2.681901784,0.04618181818,0.1004848485,0,0,-37066942.12,-37066942.12,0,0,121,8.361397743
122,0,-37126291.7,-37134169.51,-59349.58022,-67227.39247,-0.005762653895,-0.006527564198,-7877.812248,-0.0007649103037,1.18690499,1.18690499,0.0223030303,0.03905050505,0,0,-37066942.12,-37066942.12,0,0,122,8.386352301
123,0,-37126291.7,-37083724.8,-59349.58022,-16782.68062,-0.005762653895,-0.001629544464,42566.89959,0.004133109431,1.18690499,14.81309501,1,19.06862121,0,0,-37066942.12,-37066942.12,0,0,123,8.403179884
124,0,-37066942.12,-37030330.47,6.705522537e-08,36611.64268,6.510847326e-15,0.003554873084,36611.64268,0.003554873084,1.203877632,1.203877632,0.005090909091,0.009393939394,0,0,-37066942.12,-37066942.12,0,0,124,8.435644865
125,0,-37066942.12,-37292505.66,7.450580597e-08,-225563.5414,7.234274806e-15,-0.02190149644,-225563.5414,-0.02190149644,0.7857599529,9.214240047,1,28.06622222,0,0,-37066942.12,-37066942.12,0,0,125,8.496207476
126,0,-37191765.81,-37221786.78,-124823.699,-154844.6673,-0.01211998084,-0.01503492058,-30020.96831,-0.00291493974,0.955065922,0.955065922,0.01233333333,0.02644444444,0,0,-37066942.12,-37066942.12,0,0,126,8.535192728
127,0,-37191765.81,-37147677.39,-124823.699,-80735.27548,-0.01211998084,-0.007839136317,44088.42355,0.004280844527,0.955065922,26.04493408,1,114.2916313,0,0,-37066942.12,-37066942.12,0,0,127,8.553833008
128,0,-37073280.65,-37100027.44,-6338.534993,-33085.32377,-0.0006154514191,-0.003212478828,-26746.78878,-0.002597027409,0.9388457554,0.9388457554,0.03544444444,0.06968686869,0,0,-37066942.12,-37066942.12,0,0,128,8.580895185
129,0,-37073280.65,-37153877.28,-6338.534993,-86935.16497,-0.0006154514191,-0.008441125702,-80596.62998,-0.007825674283,0.9388457554,11.06115424,1,34.17214141,0,0,-37066942.12,-37066942.12,0,0,129,8.603611946
130,0,-37066942.12,-37024387.62,7.450580597e-08,42554.49649,7.234274806e-15,0.00413190513,42554.49649,0.00413190513,1.080319707,1.080319707,0.0116969697,0.01415656566,0,0,-37066942.12,-37066942.12,0,0,130,8.63295722
131,0,-37066942.12,-37186337.46,7.450580597e-08,-119395.3401,7.234274806e-15,-0.0115929046,-119395.3401,-0.0115929046,0.8408669445,20.15913306,1,61.12856061,0,0,-37066942.12,-37066942.12,0,0,131,8.694398403
132,0,-37182831.35,-37209100.8,-115889.2388,-142158.6878,-0.01125247341,-0.01380315266,-26269.44905,-0.002550679252,0.8182289892,0.8182289892,0.01233333333,0.02642929293,0,0,-37066942.12,-37066942.12,0,0,132,8.736620903
133,0,-37184248.2,-37113385.54,-117306.0842,-46443.42879,-0.01139004455,-0.004509507983,70862.65539,0.00688053657,0.7947698113,17.20523019,1,55.32591919,0,0,-37066942.12,-37066942.12,0,0,133,8.758589506
134,0,-37066942.12,-37053581.88,7.450580597e-08,13360.23345,7.234274806e-15,0.001297235819,13360.23345,0.001297235819,0.4639939849,0.4639939849,0.002121212121,0.003696969697,0,0,-37066942.12,-37066942.12,0,0,134,8.784821749
135,0,-37066942.12,-37295865.92,6.705522537e-08,-228923.8012,6.510847326e-15,-0.0222277669,-228923.8012,-0.0222277669,0.2878922569,23.71210774,1,87.32272222,0,0,-37066942.12,-37066942.12,0,0,135,8.830966473
136,0,-37134354.07,-37127974.54,-67411.9554,-61032.42252,-0.006545484668,-0.005926052485,6379.532883,0.0006194321827,0.7073251366,0.7073251366,0.0116969697,0.01445959596,0,0,-37066942.12,-37066942.12,0,0,136,8.886183739
137,0,-37120880.07,-37089329.1,-53937.95131,-22386.98777,-0.005237202084,-0.002173704714,31550.96354,0.00306349737,0.4810681534,19.51893185,1,79.30258586,0,0,-37066942.12,-37066942.12,0,0,137,8.913811207
138,0,-37066942.12,-37027830.96,7.450580597e-08,39111.15895,7.234274806e-15,0.003797568097,39111.15895,0.003797568097,1.290682421,1.290682421,0.04533333333,0.07561111111,0,0,-37066942.12,-37066942.12,0,0,138,8.953724623
139,0,-37066942.12,-37179628.39,6.705522537e-08,-112686.2768,6.510847326e-15,-0.01094147607,-112686.2768,-0.01094147607,1.095970787,10.90402921,1,19.12673737,0,0,-37066942.12,-37066942.12,0,0,139,9.001366615
140,0,-37114236.61,-37102438.11,-47294.49471,-35495.99794,-0.004592143755,-0.003446547559,11798.49677,0.001145596196,0.4951198662,0.4951198662,0.0116969697,0.01197474747,0,0,-37066942.12,-37066942.12,0,0,140,9.031926394
141,0,-37100762.61,-37076397.03,-33820.49062,-9454.914648,-0.003283861171,-0.0009180418888,24365.57597,0.002365819282,0.2688628829,26.73113712,1,113.4381818,0,0,-37066942.12,-37066942.12,0,0,141,9.054933548
142,0,-37066942.12,-37028292.26,7.450580597e-08,38649.85885,7.234274806e-15,0.003752777338,38649.85885,0.003752777338,1.362528918,1.362528918,0.04533333333,0.07773232323,0,0,-37066942.12,-37066942.12,0,0,142,9.092817307
143,0,-37066942.12,-37212621.93,7.450580597e-08,-145679.8154,7.234274806e-15,-0.01414504285,-145679.8154,-0.01414504285,1.136930389,18.86306961,1,76.25671717,0,0,-37066942.12,-37066942.12,0,0,143,9.138061047
144,0,-37119558.85,-37126653.32,-52616.733,-59711.2042,-0.005108916023,-0.005797766424,-7094.471207,-0.000688850401,0.4810681534,0.4810681534,0.0116969697,0.01445959596,0,0,-37066942.12,-37066942.12,0,0,144,9.181370497
145,0,-37119558.85,-37091953.91,-52616.733,-25011.7951,-0.005108916023,-0.002428565087,27604.9379,0.002680350936,0.4810681534,13.51893185,1,40.2665404,0,0,-37066942.12,-37066942.12,0,0,145,9.205943823
146,0,-37066942.12,-37058186.95,7.450580597e-08,8755.166058,7.234274806e-15,0.0008500985449,8755.166058,0.0008500985449,0.9306413212,0.9306413212,0.001757575758,0.001757575758,0,0,-37066942.12,-37066942.12,0,0,146,9.245298862
147,0,-37066942.12,-37268808.38,8.195638657e-08,-201866.2613,7.957702287e-15,-0.01960056655,-201866.2613,-0.01960056655,0.1640459936,24.83595401,1,97.44837374,0,0,-37066942.12,-37066942.12,0,0,147,9.289006233
148,0,-37112454.09,-37100655.6,-45511.9763,-33713.47953,-0.004419066934,-0.003273470738,11798.49677,0.001145596196,0.4951198662,0.4951198662,0.0116969697,0.01197474747,0,0,-37066942.12,-37066942.12,0,0,148,9.320974112
149,0,-37098980.09,-37085764.07,-32037.97221,-18821.95095,-0.00311078435,-0.001827551072,13216.02126,0.001283233278,0.2688628829,19.73113712,1,82.40081313,0,0,-37066942.12,-37066942.12,0,0,149,9.343359947
150,0,-37066942.12,-37057725.65,8.195638657e-08,9216.466152,7.957702287e-15,0.0008948893045,9216.466152,0.0008948893045,0.7888377481,0.7888377481,0.001757575758,0.001757575758,0,0,-37066942.12,-37066942.12,0,0,150,9.3807621
151,0,-37066942.12,-37213905.93,7.450580597e-08,-146963.8102,7.234274806e-15,-0.01426971463,-146963.8102,-0.01426971463,0.1717921964,10.8282078,1,18.2254697,0,0,-37066942.12,-37066942.12,0,0,151,9.427487373
152,0,-37112454.09,-35222806.96,-45511.9763,1844135.16,-0.004419066934,0.1790596095,1889647.136,0.1834786765,0.4951198662,714.0615317,1.262277778,2644.402884,0,0,-37066942.12,-37066942.12,0,0,152,9.477493048
153,0,-37066942.12,-37010177.65,5.215406418e-08,56764.47001,5.063992364e-15,0.005511647984,56764.47001,0.005511647984,14.16692827,14.16692827,0.07787878788,0.2806868687,0,0,-37066942.12,-37066942.12,0,0,153,9.586103678
154,0,-37082354.28,-37228014.34,-15412.1641,-161072.2215,-0.001496471705,-0.01563959612,-145660.0574,-0.01414312442,5.328439212,5.328439212,0.05683333333,0.165959596,0,0,-37066942.12,-37066942.12,0,0,154,9.821923494
155,0,-37066942.12,-37126133.09,1.490116119e-08,-59190.9734,1.446854961e-15,-0.005747253682,-59190.9734,-0.005747253682,3.061899297,3.061899297,0.04427777778,0.1462929293,0,0,-37066942.12,-37066942.12,0,0,155,9.882123709
156,0,-37066942.12,-36905272.16,1.490116119e-08,161669.9589,1.446854961e-15,0.01569763451,161669.9589,0.01569763451,3.061899297,7.236960661,0.07048484848,0.2678484848,0,0,-37066942.12,-37066942.12,0,0,156,9.904253721
157,0,-37066942.12,-37072436.59,3.725290298e-08,-5494.477798,3.617137403e-15,-0.0005334961725,-5494.477798,-0.0005334961725,2.242418976,2.242418976,0.02244444444,0.0843989899,0,0,-37066942.12,-37066942.12,0,0,157,9.982901335
158,0,-37066942.12,-36990452.14,2.980232239e-08,76489.97529,2.893709923e-15,0.007426931284,76489.97529,0.007426931284,1.860223775,11.13977623,1,5.248045455,0,0,-37066942.12,-37066942.12,0,0,158,10.04504919
159,0,-37066942.12,-37051705.19,2.980232239e-08,15236.92649,2.893709923e-15,0.001479456694,15236.92649,0.001479456694,2.432234327,2.432234327,0.02745454545,0.08582323232,0,0,-37066942.12,-37066942.12,0,0,159,10.1499691
160,0,-37066942.12,-37154987.45,5.960464478e-08,-88045.33166,5.787419845e-15,-0.008548919327,-88045.33166,-0.008548919327,2.202539209,19.79746079,1,67.11217677,0,0,-37066942.12,-37066942.12,0,0,160,10.20636702
161,0,-37066942.12,-37160051.68,4.470348358e-08,-93109.56738,4.340564884e-15,-0.009040640373,-93109.56738,-0.009040640373,3.06109741,3.06109741,0.03018181818,0.08816161616,0,0,-37066942.12,-37066942.12,0,0,161,10.27950215
162,0,-37106011.66,-37179712.47,-39069.54362,-112770.3544,-0.003793527383,-0.01094963974,-73700.81082,-0.007156112359,2.280785,2.280785,0.01955555556,0.08185858586,0,0,-37066942.12,-37066942.12,0,0,162,10.33488011
163,0,-37103475.13,-37040148.55,-36533.01264,26793.56814,-0.00354723836,0.002601569535,63326.58078,0.006148807894,2.27999783,11.72000217,1,34.09495455,0,0,-37066942.12,-37066942.12,0,0,163,10.35946393
164,0,-37066942.12,-36977176.77,5.960464478e-08,89765.34292,5.787419845e-15,0.008715926905,89765.34292,0.008715926905,2.052079369,2.052079369,0.02483333333,0.05121717172,0,0,-37066942.12,-37066942.12,0,0,164,10.42659855
165,0,-37066942.12,-37246687.68,5.960464478e-08,-179745.566,5.787419845e-15,-0.01745271799,-179745.566,-0.01745271799,2.052079369,20.94792063,1,62.34661616,0,0,-37066942.12,-37066942.12,0,0,165,10.44959021
166,0,-37066942.12,-37151273.63,5.215406418e-08,-84331.51781,5.063992364e-15,-0.008188319914,-84331.51781,-0.008188319914,2.116950025,2.116950025,0.01955555556,0.05048484848,0,0,-37066942.12,-37066942.12,0,0,166,10.5252533
167,0,-37066942.12,-36937646.78,5.215406418e-08,129295.3342,5.063992364e-15,0.01255416228,129295.3342,0.01255416228,2.116950025,19.88304998,1,71.29542424,0,0,-37066942.12,-37066942.12,0,0,167,10.54592657
168,0,-37066942.12,-37096168.64,4.470348358e-08,-29226.52202,4.340564884e-15,-0.002837801554,-29226.52202,-0.002837801554,2.08430764,2.08430764,0.02733333333,0.04122222222,0,0,-37066942.12,-37066942.12,0,0,168,10.59225249
169,0,-37066942.12,-37096416.08,5.960464478e-08,-29473.96833,5.787419845e-15,-0.002861827796,-29473.96833,-0.002861827796,1.372184192,23.62781581,1,102.3590808,0,0,-37066942.12,-37066942.12,0,0,169,10.64124703
170,0,-37066942.12,-37107233.56,5.960464478e-08,-40291.44222,5.787419845e-15,-0.003912169817,-40291.44222,-0.003912169817,1.710434818,1.710434818,0.02733333333,0.06177777778,0,0,-37066942.12,-37066942.12,0,0,170,10.70825362
171,0,-37066942.12,-37118106.93,5.960464478e-08,-51164.81555,5.787419845e-15,-0.004967939495,-51164.81555,-0.004967939495,1.404305453,14.59569455,1,55.21460101,0,0,-37066942.12,-37066942.12,0,0,171,10.76264739
172,0,-37066942.12,-37099108.23,5.960464478e-08,-32166.1181,5.787419845e-15,-0.003123226905,-32166.1181,-0.003123226905,1.408591434,1.408591434,0.02733333333,0.04122222222,0,0,-37066942.12,-37066942.12,0,0,172,10.80973268
173,0,-37066942.12,-37078679.87,7.450580597e-08,-11737.75619,7.234274806e-15,-0.001139698481,-11737.75619,-0.001139698481,1.372184192,22.62781581,1,88.35575253,0,0,-37066942.12,-37066942.12,0,0,173,10.86208606
174,0,-37066942.12,-37103539.12,7.450580597e-08,-36597.00024,7.234274806e-15,-0.00355345135,-36597.00024,-0.00355345135,1.649636764,1.649636764,0.02733333333,0.06177777778,0,0,-37066942.12,-37066942.12,0,0,174,10.9286828
175,0,-37066942.12,-37103682.4,6.705522537e-08,-36740.28001,6.510847326e-15,-0.003567363357,-36740.28001,-0.003567363357,1.404322333,21.59567767,1,80.32620202,0,0,-37066942.12,-37066942.12,0,0,175,10.98099756
176,0,-37066942.12,-35719156.08,5.215406418e-08,1347786.039,5.063992364e-15,0.1308657018,1347786.039,0.1308657018,1.408591434,697.2548858,1.865111111,2515.64402,0,0,-37066942.12,-37066942.12,0,0,176,11.06611347
177,0,-37066942.12,-37036619.85,2.235174179e-08,30322.26656,2.170282442e-15,0.002944194834,30322.26656,0.002944194834,9.638323788,9.638323788,0.07909090909,0.1995656566,0,0,-37066942.12,-37066942.12,0,0,177,11.23334002
178,0,-37066942.12,-37083820.55,1.490116119e-08,-16878.43049,1.446854961e-15,-0.001638841469,-16878.43049,-0.001638841469,2.100982099,2.100982099,0.03327272727,0.110030303,0,0,-37066942.12,-37066942.12,0,0,178,11.49405909
179,0,-37066942.12,-37187907.61,1.490116119e-08,-120965.496,1.446854961e-15,-0.0117453617,-120965.496,-0.0117453617,2.100982099,18.8990179,1,33.22457576,0,0,-37066942.12,-37066942.12,0,0,179,11.51068544
180,0,-37143753.03,-37193187.3,-76810.91128,-126245.1838,-0.00745809314,-0.01225800246,-49434.27254,-0.004799909319,1.421063367,1.421063367,0.01694444444,0.05890909091,0,0,-37066942.12,-37066942.12,0,0,180,11.567554
181,0,-37139712.56,-37064779.68,-72770.4457,2162.440091,-0.00706577689,0.0002099659975,74932.88579,0.007275742888,1.418365253,11.58163475,1,17.2429798,0,0,-37066942.12,-37066942.12,0,0,181,11.60290313
182,0,-37068982.2,-37080177.39,-2040.082832,-13235.2751,-0.0001980855001,-0.001285102764,-11195.19226,-0.001087017264,1.19747622,1.19747622,0.03290909091,0.06757575758,0,0,-37066942.12,-37066942.12,0,0,182,11.63745999
183,0,-37068316.23,-37116949.13,-1374.112048,-50007.01735,-0.0001334218729,-0.004855521004,-48632.90531,-0.004722099131,1.184063403,23.8159366,1,106.3411212,0,0,-37066942.12,-37066942.12,0,0,183,11.67005444
184,0,-37066942.12,-37015495.73,5.960464478e-08,51446.38226,5.787419845e-15,0.00499527872,51446.38226,0.00499527872,1.698968415,1.698968415,0.02438888889,0.0523989899,0,0,-37066942.12,-37066942.12,0,0,184,11.70763373
185,0,-37066942.12,-37075047.5,6.705522537e-08,-8105.388904,6.510847326e-15,-0.0007870072672,-8105.388904,-0.0007870072672,0.7929455235,0.7929455235,0.01694444444,0.04495454545,0,0,-37066942.12,-37066942.12,0,0,185,11.75827575
186,0,-37066942.12,-37031577.24,5.960464478e-08,35364.87268,5.787419845e-15,0.003433815716,35364.87268,0.003433815716,0.7763054175,16.22369458,1,60.25258081,0,0,-37066942.12,-37066942.12,0,0,186,11.83993268
187,0,-37068595.61,-37111225.41,-1653.492061,-44283.29435,-0.0001605487761,-0.004299765857,-42629.80229,-0.004139217081,1.098480404,1.098480404,0.01694444444,0.03124747475,0,0,-37066942.12,-37066942.12,0,0,187,11.89572406
188,0,-37079177.83,-37121923.7,-12235.71288,-54981.58555,-0.001188048479,-0.005338535621,-42745.87266,-0.004150487142,0.7568339293,16.24316607,1,77.31244949,0,0,-37066942.12,-37066942.12,0,0,188,11.93857694
189,0,-37066942.12,-37078656.95,6.705522537e-08,-11714.83802,6.510847326e-15,-0.0011374732,-11714.83802,-0.0011374732,0.8350041584,0.8350041584,0.01694444444,0.04495454545,0,0,-37066942.12,-37066942.12,0,0,189,11.97114921
190,0,-37069548.6,-37136877.27,-2606.483845,-69935.15051,-0.0002530812219,-0.006790478821,-67328.66667,-0.006537397599,0.7763054175,17.22369458,1,77.30241414,0,0,-37066942.12,-37066942.12,0,0,190,12.01173162
191,0,-37080177.88,-35858664.22,-13235.76165,1208277.897,-0.001285150007,0.1173199086,1221513.659,0.1186050586,0.770246746,712.3400364,1.473277778,2682.347924,0,0,-37066942.12,-37066942.12,0,0,191,12.04532146
192,0,-37066942.12,-36973134.9,0,93807.21373,0,0.009108379597,93807.21373,0.009108379597,4.268888384,4.268888384,0.04709090909,0.1246111111,0,0,-37066942.12,-37066942.12,0,0,192,12.22205377
193,0,-37066942.12,-37038858.05,1.490116119e-08,28084.06329,1.446854961e-15,0.002726872475,28084.06329,0.002726872475,1.652648874,1.652648874,0.02361111111,0.04183838384,0,0,-37066942.12,-37066942.12,0,0,193,12.45979714
194,0,-37066942.12,-37457489.61,1.490116119e-08,-390547.494,1.446854961e-15,-0.03792090911,-390547.494,-0.03792090911,1.328428754,27.67157125,1,60.42765657,0,0,-37066942.12,-37066942.12,0,0,194,12.53258228
195,0,-37066942.12,-37144893.1,7.450580597e-09,-77950.98393,7.234274806e-16,-0.007568790537,-77950.98393,-0.007568790537,3.334649101,3.334649101,0.07761111111,0.1862525253,0,0,-37066942.12,-37066942.12,0,0,195,12.65312719
196,0,-37066942.12,-37053424.99,1.490116119e-08,13517.12191,1.446854961e-15,0.001312469186,13517.12191,0.001312469186,2.079798724,2.079798724,0.008555555556,0.01431313131,0,0,-37066942.12,-37066942.12,0,0,196,12.68989849
197,0,-37066942.12,-37221127.78,1.490116119e-08,-154185.6637,1.446854961e-15,-0.01497093345,-154185.6637,-0.01497093345,0.594563254,9.405436746,1,35.15671717,0,0,-37066942.12,-37066942.12,0,0,197,12.74495625
198,0,-37123038.36,-37093832.27,-56096.24262,-26890.15284,-0.005446765248,-0.0026109476,29206.08977,0.002835817648,0.8317487462,0.8317487462,0.02111111111,0.02686868687,0,0,-37066942.12,-37066942.12,0,0,198,12.77417779
199,0,-37112238.64,-37319321.39,-45296.52745,-252379.2721,-0.004398147542,-0.02450521789,-207082.7446,-0.02010707035,0.6808238406,12.31917616,1,24.35360606,0,0,-37066942.12,-37066942.12,0,0,199,12.79592395
200,0,-37066942.12,-37127763.62,2.235174179e-08,-60821.50289,2.170282442e-15,-0.005905572865,-60821.50289,-0.005905572865,1.465698695,1.465698695,0.008555555556,0.01431313131,0,0,-37066942.12,-37066942.12,0,0,200,12.82595253
201,0,-37119192.16,-37157752.04,-52250.03945,-90809.92576,-0.005073311256,-0.008817352548,-38559.8863,-0.003744041292,0.3607236663,11.63927633,1,40.1255404,0,0,-37066942.12,-37066942.12,0,0,201,12.85097313
202,0,-37108708.74,-37081481.77,-41766.62574,-14539.65114,-0.004055405406,-0.001411753495,27226.9746,0.002643651912,0.82674599,0.82674599,0.02111111111,0.02686868687,0,0,-37066942.12,-37066942.12,0,0,202,12.87735963
203,0,-37102295.98,-37097730.17,-35353.86434,-30788.05503,-0.003432746842,-0.002989421401,4565.809314,0.000443325441,0.6775747193,12.32242528,1,21.26165152,0,0,-37066942.12,-37066942.12,0,0,203,12.89883089
204,0,-37066942.12,-37118872.48,1.490116119e-08,-51930.36271,1.446854961e-15,-0.00504227167,-51930.36271,-0.00504227167,1.311335476,1.311335476,0.008555555556,0.01431313131,0,0,-37066942.12,-37066942.12,0,0,204,12.92824674
205,0,-37110645.53,-37150944.75,-43703.41439,-84002.63357,-0.004243461373,-0.008156386309,-40299.21918,-0.003912924935,0.3607236663,10.63927633,1,35.10425758,0,0,-37066942.12,-37066942.12,0,0,205,12.95358777
206,0,-37106919.22,-37074091.73,-39977.10808,-7149.612552,-0.003881648981,-0.0006942044488,32827.49553,0.003187444532,0.8111129973,0.8111129973,0.02111111111,0.02686868687,0,0,-37066942.12,-37066942.12,0,0,206,12.97595453
207,0,-37100506.46,-37124285.81,-33564.34668,-57343.69421,-0.003258990416,-0.005567888796,-23779.34752,-0.00230889838,0.6619417266,18.33805827,1,78.38513636,0,0,-37066942.12,-37066942.12,0,0,207,12.99706411
208,0,-37066942.12,-37138040.39,1.490116119e-08,-71098.2753,1.446854961e-15,-0.006903414507,-71098.2753,-0.006903414507,1.573373807,1.573373807,0.01105555556,0.01681313131,0,0,-37066942.12,-37066942.12,0,0,208,13.02503729
209,0,-37122299.74,-37075999.74,-55357.626,-9057.623863,-0.005375047943,-0.0008794662277,46300.00213,0.004495581715,0.4091484305,10.59085157,1,22.13559596,0,0,-37066942.12,-37066942.12,0,0,209,13.05055952
210,0,-37106919.22,-36682223.76,-39977.10808,384718.3594,-0.003881648981,0.03735491884,424695.4675,0.04123656782,0.8111129973,678.2503395,1.586833333,2550.101657,0,0,-37066942.12,-37066942.12,0,0,210,13.07276583
211,0,-37066942.12,-37020604.96,-4.470348358e-08,46337.15078,-4.340564884e-15,0.00449918873,46337.15078,0.00449918873,11.30938421,11.30938421,0.1278787879,0.3398585859,0,0,-37066942.12,-37066942.12,0,0,211,13.222404
212,0,-37066942.12,-37050404.42,2.235174179e-08,16537.69218,2.170282442e-15,0.001605756872,16537.69218,0.001605756872,1.486697768,1.486697768,0.01994444444,0.04382323232,0,0,-37066942.12,-37066942.12,0,0,212,13.3473022
213,0,-37066942.12,-37204066.87,4.470348358e-08,-137124.7514,4.340564884e-15,-0.01331437357,-137124.7514,-0.01331437357,1.318469308,25.68153069,1,90.32458586,0,0,-37066942.12,-37066942.12,0,0,213,13.41029763
214,0,-37134150.52,-37106700.21,-67208.39961,-39758.09582,-0.006525720053,-0.003860383593,27450.30379,0.00266533646,1.048317846,1.048317846,0.008787878788,0.008787878788,0,0,-37066942.12,-37066942.12,0,0,214,13.46148229
215,0,-37100312.06,-36982270.25,-33369.94524,84671.86885,-0.00324011466,0.008221366908,118041.8141,0.01146148157,0.3383945988,12.6616054,1,18.39655556,0,0,-37066942.12,-37066942.12,0,0,215,13.48775196
216,0,-37066942.12,-37043790.25,2.980232239e-08,23151.86866,2.893709923e-15,0.002247972195,23151.86866,0.002247972195,2.348910188,2.348910188,0.04212121212,0.0483030303,0,0,-37066942.12,-37066942.12,0,0,216,13.52363825
217,0,-37066942.12,-37068648.71,2.235174179e-08,-1706.597744,2.170282442e-15,-0.0001657051676,-1706.597744,-0.0001657051676,0.6846702449,0.6846702449,0.006181818182,0.006181818182,0,0,-37066942.12,-37066942.12,0,0,217,13.5553515
218,0,-37066942.12,-37127718.51,2.980232239e-08,-60776.39331,2.893709923e-15,-0.00590119287,-60776.39331,-0.00590119287,0.1408839779,16.85911602,1,82.08149495,0,0,-37066942.12,-37066942.12,0,0,218,13.5906868
219,0,-37066942.12,-37071201.09,2.980232239e-08,-4258.976687,2.893709923e-15,-0.000413532977,-4258.976687,-0.0004135329771,0.678784912,0.678784912,0.006181818182,0.006181818182,0,0,-37066942.12,-37066942.12,0,0,219,13.62148881
220,0,-37068904.75,-37113702.55,-1962.635291,-46760.43093,-0.0001905655923,-0.004540287875,-44797.79564,-0.004349722282,0.1408839779,10.85911602,1,44.07025253,0,0,-37066942.12,-37066942.12,0,0,220,13.64366674
221,0,-37066942.12,-37055108.23,2.980232239e-08,11833.88999,2.893709923e-15,0.001149032765,11833.88999,0.001149032765,0.523405944,0.523405944,0.02278787879,0.02278787879,0,0,-37066942.12,-37066942.12,0,0,221,13.66498899
222,0,-37066942.12,-37144248.72,3.725290298e-08,-77306.6052,3.617137403e-15,-0.007506223429,-77306.6052,-0.007506223429,0.5234087164,22.47659128,1,94.38960101,0,0,-37066942.12,-37066942.12,0,0,222,13.68857741
223,0,-37079910.22,-37080321.51,-12968.10709,-13379.39746,-0.001259161608,-0.001299096584,-411.2903717,-3.993497602e-05,0.08982103421,0.08982103421,0.002606060606,0.003939393939,0,0,-37066942.12,-37066942.12,0,0,223,13.71151423
224,0,-37079910.22,-37134218.32,-12968.10709,-67276.20211,-0.001259161608,-0.006532303458,-54308.09502,-0.005273141851,0.08982103421,21.91017897,1,94.25379293,0,0,-37066942.12,-37066942.12,0,0,224,13.73319793
225,0,-37086228.51,-37095679.69,-19286.39546,-28737.56986,-0.001872647144,-0.002790325867,-9451.174403,-0.0009176787229,0.6878453039,0.6878453039,0.009575757576,0.01527272727,0,0,-37066942.12,-37066942.12,0,0,225,13.75482464
226,0,-37090497.57,-37109166.95,-23555.45171,-42224.83364,-0.002287158814,-0.004099895924,-18669.38194,-0.00181273711,0.3480662983,28.6519337,1,121.3313889,0,0,-37066942.12,-37066942.12,0,0,226,13.77620649
227,0,-37070821.51,-37075765.02,-3879.395403,-8822.908131,-0.0003766768517,-0.0008566760829,-4943.512728,-0.0004799992312,0.4696132597,0.4696132597,0.01048484848,0.01048484848,0,0,-37066942.12,-37066942.12,0,0,227,13.79720473
228,0,-37076600.26,-37132976.3,-9658.140747,-66034.18669,-0.0009377744912,-0.006411707744,-56376.04594,-0.005473933253,0.2389502762,15.76104972,1,68.07787879,0,0,-37066942.12,-37066942.12,0,0,228,13.81779385
229,0,-37072823.02,-37075971.68,-5880.905685,-9029.562738,-0.0005710170809,-0.0008767415824,-3148.657053,-0.0003057245015,0.6174033149,0.6174033149,0.01048484848,0.01048484848,0,0,-37066942.12,-37066942.12,0,0,229,13.83837628
230,0,-37076806.91,-37143239.01,-9864.795354,-76296.88952,-0.0009578399907,-0.007408183275,-66432.09417,-0.006450343284,0.2389502762,9.761049724,1,42.05049495,0,0,-37066942.12,-37066942.12,0,0,230,13.85925555
231,0,-37072616.37,-35586650.65,-5674.251078,1480291.461,-0.0005509515814,0.1437315533,1485965.712,0.1442825049,0.6174033149,689.6781768,1.191388889,2543.415717,0,0,-37066942.12,-37066942.12,0,0,231,13.87998319
232,0,-37066942.12,-36820728.87,-7.450580597e-09,246213.2412,-7.234274806e-16,0.02390651607,246213.2412,0.02390651607,12.67809511,12.67809511,0.03939393939,0.1388181818,0,0,-37066942.12,-37066942.12,0,0,232,13.98955536
233,0,-37066942.12,-37037585.61,5.215406418e-08,29356.50885,5.063992364e-15,0.002850422858,29356.50885,0.002850422858,3.766477677,3.766477677,0.04339393939,0.1521010101,0,0,-37066942.12,-37066942.12,0,0,233,14.17519855
234,0,-37066942.12,-37058691.64,5.960464478e-08,8250.480323,5.787419845e-15,0.0008010951786,8250.480323,0.0008010951786,1.780171392,1.780171392,0.02266666667,0.05745454545,0,0,-37066942.12,-37066942.12,0,0,234,14.30126238
235,0,-37066942.12,-37203551.65,4.470348358e-08,-136609.5379,4.340564884e-15,-0.013264348,-136609.5379,-0.013264348,1.758846773,26.24115323,1,72.32177778,0,0,-37066942.12,-37066942.12,0,0,235,14.37425256
236,0,-37098045.76,-37088338.79,-31103.64653,-21396.67096,-0.003020064324,-0.002077548127,9706.975577,0.0009425161966,1.935639555,1.935639555,0.03533333333,0.1052777778,0,0,-37066942.12,-37066942.12,0,0,236,14.44323969
237,0,-37066942.12,-37040497.2,5.960464478e-08,26444.92,5.787419845e-15,0.002567716918,26444.92,0.002567716918,1.130633057,1.130633057,0.0236969697,0.05745959596,0,0,-37066942.12,-37066942.12,0,0,237,14.49176526
238,0,-37066942.12,-37298212.5,5.960464478e-08,-231270.3806,5.787419845e-15,-0.02245561223,-231270.3806,-0.02245561223,1.05330088,24.94669912,1,100.4381616,0,0,-37066942.12,-37066942.12,0,0,238,14.54458857
239,0,-37100411.63,-37144701.95,-33469.51016,-77759.83851,-0.003249782094,-0.00755023093,-44290.32835,-0.004300448836,2.742250192,2.742250192,0.03533333333,0.09058080808,0,0,-37066942.12,-37066942.12,0,0,239,14.60020161
240,0,-37109538.17,-37250520.82,-42596.05602,-183578.7087,-0.004135940426,-0.01782490385,-140982.6527,-0.01368896342,2.35817198,13.64182802,1,46.24678788,0,0,-37066942.12,-37066942.12,0,0,240,14.62488985
241,0,-37066942.12,-37072273.52,5.215406418e-08,-5331.405813,5.063992364e-15,-0.0005176624057,-5331.405813,-0.0005176624057,1.506004249,1.506004249,0.02233333333,0.02906060606,0,0,-37066942.12,-37066942.12,0,0,241,14.6670537
242,0,-37075918.64,-37275065.73,-8976.522231,-208123.611,-0.0008715915194,-0.02020813514,-199147.0887,-0.01933654362,0.8783408015,20.1216592,1,72.31926768,0,0,-37066942.12,-37066942.12,0,0,242,14.72011495
243,0,-37066942.12,-37053350.16,5.960464478e-08,13591.95384,5.787419845e-15,0.001319735126,13591.95384,0.001319735126,2.09251567,2.09251567,0.03533333333,0.1187525253,0,0,-37066942.12,-37066942.12,0,0,243,14.75933099
244,0,-37066942.12,-37005508.57,5.960464478e-08,61433.5448,5.787419845e-15,0.005965000172,61433.5448,0.005965000172,1.533445491,1.533445491,0.03072727273,0.07093434343,0,0,-37066942.12,-37066942.12,0,0,244,14.80458951
245,0,-37066942.12,-37284952.92,5.215406418e-08,-218010.8029,5.063992364e-15,-0.02116814976,-218010.8029,-0.02116814976,1.517935884,9.482064116,1,28.16251515,0,0,-37066942.12,-37066942.12,0,0,245,14.87791252
246,0,-37120727.98,-37172855.96,-53785.86423,-105913.8428,-0.005222434916,-0.01028389446,-52127.97862,-0.005061459541,2.811789221,2.811789221,0.03533333333,0.09063636364,0,0,-37066942.12,-37066942.12,0,0,246,14.93640661
247,0,-37132613.96,-37266604.91,-65671.84076,-199662.7966,-0.006376525117,-0.01938661719,-133990.9558,-0.01301009208,2.358883462,16.64111654,1,66.29076768,0,0,-37066942.12,-37066942.12,0,0,247,14.96491122
248,0,-37066942.12,-37043691.04,5.960464478e-08,23251.07113,5.787419845e-15,0.002257604437,23251.07113,0.002257604437,1.684293175,1.684293175,0.03333333333,0.05956565657,0,0,-37066942.12,-37066942.12,0,0,248,15.00076509
249,0,-37066942.12,-37140045.86,5.960464478e-08,-73103.73961,5.787419845e-15,-0.00709813866,-73103.73961,-0.00709813866,1.199808252,8.800191748,1,10.15875758,0,0,-37066942.12,-37066942.12,0,0,249,15.0330267
250,0,-37094133.62,-37171059.23,-27191.50588,-104117.1098,-0.002640208013,-0.01010943744,-76925.60391,-0.007469229425,3.2400745,3.2400745,0.03533333333,0.09427272727,0,0,-37066942.12,-37066942.12,0,0,250,15.06383514
251,0,-37107539.4,-37151993.55,-40597.28565,-85051.43096,-0.003941866234,-0.008258221172,-44454.14532,-0.004316354938,2.83075802,13.16924198,1,26.27015657,0,0,-37066942.12,-37066942.12,0,0,251,15.08823776
252,0,-37066942.12,-37006117.4,4.470348358e-08,60824.7155,4.340564884e-15,0.0059058848,60824.7155,0.0059058848,1.940756619,1.940756619,0.03333333333,0.07005050505,0,0,-37066942.12,-37066942.12,0,0,252,15.14485192
253,0,-37066942.12,-37262680.49,4.470348358e-08,-195738.3694,4.340564884e-15,-0.0190055679,-195738.3694,-0.0190055679,1.658978184,8.341021816,0.07884848485,0.2222727273,0,0,-37066942.12,-37066942.12,0,0,253,15.18392658
254,0,-37127347.75,-37187639.75,-60405.63088,-120697.6314,-0.005865193027,-0.01171935291,-60292.00047,-0.005854159879,3.006803983,3.006803983,0.03505555556,0.0929040404,0,0,-37066942.12,-37066942.12,0,0,254,15.23560715
255,0,-37121974.17,-37163298.03,-55032.05528,-96355.91443,-0.00534343607,-0.009355850261,-41323.85915,-0.00401241419,2.795124549,10.20487545,1,12.19349495,0,0,-37066942.12,-37066942.12,0,0,255,15.26068497
256,0,-37066942.12,-37012312.11,5.960464478e-08,54630.00289,5.787419845e-15,0.005304398073,54630.00289,0.005304398073,1.41180476,1.41180476,0.03333333333,0.05544444444,0,0,-37066942.12,-37066942.12,0,0,256,15.306849
257,0,-37066942.12,-37249376.07,5.960464478e-08,-182433.9562,5.787419845e-15,-0.01771375205,-182433.9562,-0.01771375205,1.188719861,10.81128014,1,33.09566162,0,0,-37066942.12,-37066942.12,0,0,257,15.34527898
258,0,-37091100.11,-37142590.47,-24157.99483,-75648.35467,-0.002345663819,-0.007345212621,-51490.35984,-0.004999548802,2.046667666,2.046667666,0.03505555556,0.07635858586,0,0,-37066942.12,-37066942.12,0,0,258,15.38923049
259,0,-37089192.72,-37187108.05,-22250.6012,-120165.9298,-0.002160462015,-0.01166772639,-97915.32859,-0.009507264375,2.038026906,19.96197309,1,69.28541414,0,0,-37066942.12,-37066942.12,0,0,259,15.41355705
260,0,-37066942.12,-36967777.82,5.215406418e-08,99164.29239,5.063992364e-15,0.009628534754,99164.29239,0.009628534754,2.187270097,2.187270097,0.01684848485,0.01684848485,0,0,-37066942.12,-37066942.12,0,0,260,15.4547472
261,0,-37066942.12,-37245558.98,5.960464478e-08,-178616.8689,5.787419845e-15,-0.01734312511,-178616.8689,-0.01734312511,2.175736839,21.82426316,1,94.27528283,0,0,-37066942.12,-37066942.12,0,0,261,15.49297571
262,0,-37094053.34,-37150607.54,-27111.21988,-83665.42664,-0.0026324125,-0.008123644597,-56554.20676,-0.005491232097,2.036607269,2.036607269,0.03505555556,0.07587373737,0,0,-37066942.12,-37066942.12,0,0,262,15.54494619
263,0,-37092145.94,-37172796.91,-25203.82625,-105854.7905,-0.002447210696,-0.01027816066,-80650.96424,-0.007830949966,2.027966509,23.97203349,1,98.37611616,0,0,-37066942.12,-37066942.12,0,0,263,15.56955409
264,0,-37066942.12,-37020638.23,5.960464478e-08,46303.88403,5.787419845e-15,0.004495958634,46303.88403,0.004495958634,2.070523629,2.070523629,0.03505555556,0.06432828283,0,0,-37066942.12,-37066942.12,0,0,264,15.6032536
265,0,-37066942.12,-37243800.42,5.215406418e-08,-176858.3081,5.063992364e-15,-0.0171723745,-176858.3081,-0.0171723745,1.780248348,8.219751652,1,32.12633333,0,0,-37066942.12,-37066942.12,0,0,265,15.63201833
266,0,-37072791.2,-37031397.26,-5849.08808,35544.85799,-0.0005679276935,0.003451291712,41393.94607,0.004019219406,1.137500227,1.137500227,0.006242424242,0.006242424242,0,0,-37066942.12,-37066942.12,0,0,266,15.66762757
267,0,-37066942.12,-37318456.1,5.960464478e-08,-251513.9848,5.787419845e-15,-0.02442120128,-251513.9848,-0.02442120128,0.7497728709,15.25022713,1,58.13663131,0,0,-37066942.12,-37066942.12,0,0,267,15.76011443
268,0,-37150026.73,-37202351.55,-83084.61517,-135409.4359,-0.008067249666,-0.01314782194,-52324.82068,-0.005080572274,1.884711989,1.884711989,0.03505555556,0.06963131313,0,0,-37066942.12,-37066942.12,0,0,268,15.8216424
269,0,-37150026.73,-37271628.37,-83084.61517,-204686.2545,-0.008067249666,-0.01987437885,-121601.6393,-0.01180712918,1.884711989,14.11528801,1,48.25752525,0,0,-37066942.12,-37066942.12,0,0,269,15.84035826
270,0,-37066942.12,-37048310.99,5.215406418e-08,18631.12838,5.063992364e-15,0.001809022812,18631.12838,0.001809022812,1.258572804,1.258572804,0.03333333333,0.05544444444,0,0,-37066942.12,-37066942.12,0,0,270,15.86798429
271,0,-37066942.12,-37198748.63,5.960464478e-08,-131806.5179,5.787419845e-15,-0.01279799016,-131806.5179,-0.01279799016,0.8122887132,23.18771129,1,97.31884343,0,0,-37066942.12,-37066942.12,0,0,271,15.90091395
272,0,-37087052.22,-37135933.39,-20110.10918,-68991.27692,-0.001952627104,-0.006698831722,-48881.16774,-0.004746204618,2.743409668,2.743409668,0.03505555556,0.08666161616,0,0,-37066942.12,-37066942.12,0,0,272,15.94269753
273,0,-37094295.81,-37210185.91,-27353.69695,-143243.7948,-0.002655956246,-0.01390851307,-115890.0979,-0.01125255683,2.272833536,13.72716646,1,46.19940404,0,0,-37066942.12,-37066942.12,0,0,273,15.96654201
274,0,-37066942.12,-37066320.25,5.215406418e-08,621.8658949,5.063992364e-15,6.038118396e-05,621.8658949,6.038118396e-05,1.106459923,1.106459923,0.03505555556,0.05384343434,0,0,-37066942.12,-37066942.12,0,0,274,16.00156426
275,0,-37066942.12,-37192482.44,4.470348358e-08,-125540.3289,4.340564884e-15,-0.01218956331,-125540.3289,-0.01218956331,1.052074167,20.94792583,1,69.3440404,0,0,-37066942.12,-37066942.12,0,0,275,16.05768275
276,0,-37066942.12,-37054220.48,5.215406418e-08,12721.63901,5.063992364e-15,0.001235230348,12721.63901,0.001235230348,1.258523487,1.258523487,0.03333333333,0.05544444444,0,0,-37066942.12,-37066942.12,0,0,276,16.11217093
277,0,-37066942.12,-37161688.94,5.215406418e-08,-94746.8283,5.063992364e-15,-0.009199613158,-94746.8283,-0.009199613158,0.7678389808,11.23216102,1,39.19109091,0,0,-37066942.12,-37066942.12,0,0,277,16.13627481
278,0,-37066942.12,-37071864.69,4.470348358e-08,-4922.574933,4.340564884e-15,-0.0004779662385,-4922.574933,-0.0004779662385,1.707332876,1.707332876,0.04993939394,0.1087171717,0,0,-37066942.12,-37066942.12,0,0,278,16.18165755
279,0,-37066942.12,-37183445.96,4.470348358e-08,-116503.842,4.340564884e-15,-0.01131214941,-116503.842,-0.01131214941,1.707332876,9.292667124,1,33.09380303,0,0,-37066942.12,-37066942.12,0,0,279,16.20051479
280,0,-37066942.12,-37064839.95,6.705522537e-08,2102.165332,6.510847326e-15,0.0002041135117,2102.165332,0.0002041135117,1.272372813,1.272372813,0.03327272727,0.07235858586,0,0,-37066942.12,-37066942.12,0,0,280,16.26682067
281,0,-37066942.12,-37125972.14,5.960464478e-08,-59030.02064,5.787419845e-15,-0.005731625684,-59030.02064,-0.005731625684,1.153810665,8.846189335,1,29.1305101,0,0,-37066942.12,-37066942.12,0,0,281,16.29702687
282,0,-37066942.12,-37091263.35,4.470348358e-08,-24321.23463,4.340564884e-15,-0.002361513881,-24321.23463,-0.002361513881,0.9620335851,0.9620335851,0.02233333333,0.02887878788,0,0,-37066942.12,-37066942.12,0,0,282,16.33739972
283,0,-37066942.12,-37070730.16,7.450580597e-08,-3788.049214,7.234274806e-15,-0.0003678074297,-3788.049214,-0.0003678074297,0.7102861863,17.28971381,1,80.21729798,0,0,-37066942.12,-37066942.12,0,0,283,16.37667656
284,0,-37066942.12,-37012133.89,3.725290298e-08,54808.23052,3.617137403e-15,0.005321703404,54808.23052,0.005321703404,2.073968044,2.073968044,0.03505555556,0.1197727273,0,0,-37066942.12,-37066942.12,0,0,284,16.43081856
285,0,-37066942.12,-37184341.31,3.725290298e-08,-117399.1922,3.617137403e-15,-0.01139908504,-117399.1922,-0.01139908504,2.073968044,8.125404716,0.1334444444,0.284520202,0,0,-37066942.12,-37066942.12,0,0,285,16.4530499
286,0,-37066942.12,-37118983.1,5.215406418e-08,-52040.98075,5.063992364e-15,-0.005053012327,-52040.98075,-0.005053012327,2.045861803,2.045861803,0.01994444444,0.02618686869,0,0,-37066942.12,-37066942.12,0,0,286,16.50156283
287,0,-37089820.72,-37046983.25,-22878.60832,19958.86984,-0.002221439492,0.00193794225,42837.47816,0.004159381742,0.6443012752,17.35569872,1,87.23884848,0,0,-37066942.12,-37066942.12,0,0,287,16.53366232
288,0,-37066942.12,-37087305.89,7.450580597e-08,-20363.76955,7.234274806e-15,-0.001977256713,-20363.76955,-0.001977256713,1.057077097,1.057077097,0.01994444444,0.03697474747,0,0,-37066942.12,-37066942.12,0,0,288,16.60476542
289,0,-37073812.34,-37064958.28,-6870.221826,1983.838307,-0.0006670765053,0.0001926243371,8854.060133,0.0008597008424,0.889168302,23.1108317,1,108.3146515,0,0,-37066942.12,-37066942.12,0,0,289,16.68391061
290,0,-37066942.12,-37017692.74,7.450580597e-08,49249.37327,7.234274806e-15,0.004781956193,49249.37327,0.004781956193,1.047804947,1.047804947,0.03333333333,0.06198989899,0,0,-37066942.12,-37066942.12,0,0,290,16.71707702
291,0,-37066942.12,-37212203.42,7.450580597e-08,-145261.2997,7.234274806e-15,-0.01410440632,-145261.2997,-0.01410440632,1.047804947,14.95219505,1,70.14071717,0,0,-37066942.12,-37066942.12,0,0,291,16.73574948
292,0,-37133592.25,-37150955.39,-66650.13734,-84013.27894,-0.006471514577,-0.00815741994,-17363.1416,-0.001685905363,1.031851602,1.031851602,0.01994444444,0.03388383838,0,0,-37066942.12,-37066942.12,0,0,292,16.77037287
293,0,-37133592.25,-37142306.13,-66650.13734,-75364.01717,-0.006471514577,-0.007317604362,-8713.879832,-0.0008460897847,1.031851602,14.9681484,1,48.18967677,0,0,-37066942.12,-37066942.12,0,0,293,16.79184985
294,0,-37066942.12,-37050350.32,3.725290298e-08,16591.79914,3.617137403e-15,0.001611010484,16591.79914,0.001611010484,3.108552002,3.108552002,0.07483333333,0.1537424242,0,0,-37066942.12,-37066942.12,0,0,294,16.86668062
295,0,-37066942.12,-37203393.03,4.470348358e-08,-136450.914,4.340564884e-15,-0.01324894613,-136450.914,-0.01324894613,3.067158076,7.932841924,0.05733333333,0.09318686869,0,0,-37066942.12,-37066942.12,0,0,295,16.91096139
296,0,-37207963.38,-37160207.49,-141021.2667,-93265.37602,-0.01369271272,-0.009055768893,47755.89072,0.004636943827,2.54275991,2.54275991,0.05733333333,0.07424242424,0,0,-37066942.12,-37066942.12,0,0,296,16.96040392
297,0,-37162546.42,-37087306.6,-95604.305,-20364.48218,-0.009282871395,-0.001977325907,75239.82282,0.007305545488,2.251132153,20.74886785,1,56.25751515,0,0,-37066942.12,-37066942.12,0,0,297,16.98161483
298,0,-37066942.12,-37036859.76,7.450580597e-08,30082.35741,7.234274806e-15,0.002920900425,30082.35741,0.002920900425,3.637832287,3.637832287,0.04351515152,0.1171767677,0,0,-37066942.12,-37066942.12,0,0,298,17.04879808
299,0,-37066942.12,-37024715.13,4.470348358e-08,42226.98833,4.340564884e-15,0.004100105138,42226.98833,0.004100105138,2.158890502,2.158890502,0.03505555556,0.07366161616,0,0,-37066942.12,-37066942.12,0,0,299,17.088305
300,0,-37066942.12,-37219710.1,4.470348358e-08,-152767.9851,4.340564884e-15,-0.01483328139,-152767.9851,-0.01483328139,2.158890502,19.8411095,1,61.33219192,0,0,-37066942.12,-37066942.12,0,0,300,17.10500574
301,0,-37208201.8,-37160445.91,-141259.682,-93503.79131,-0.01371586208,-0.009078918254,47755.89072,0.004636943827,2.54275991,2.54275991,0.05733333333,0.07424242424,0,0,-37066942.12,-37066942.12,0,0,301,17.15274453
302,0,-37162850.58,-37109785.85,-95908.46493,-42843.73226,-0.009312404349,-0.004159988995,53064.73267,0.005152415354,2.251132153,9.748867847,0.07483333333,0.301030303,0,0,-37066942.12,-37066942.12,0,0,302,17.17513108
303,0,-37066942.12,-36983367.88,7.450580597e-08,83574.23877,7.234274806e-15,0.008114790548,83574.23877,0.008114790548,2.359443539,2.359443539,0.01733333333,0.02636363636,0,0,-37066942.12,-37066942.12,0,0,303,17.24573445
304,0,-37066942.12,-37081659.98,7.450580597e-08,-14717.86069,7.234274806e-15,-0.00142905707,-14717.86069,-0.00142905707,1.995570596,1.995570596,0.02233333333,0.0486969697,0,0,-37066942.12,-37066942.12,0,0,304,17.30945086
305,0,-37066942.12,-37122190.43,7.450580597e-08,-55248.31906,7.234274806e-15,-0.00536443459,-55248.31906,-0.00536443459,1.550626595,19.44937341,1,76.27551515,0,0,-37066942.12,-37066942.12,0,0,305,17.41717625
306,0,-37066942.12,-37014401.96,5.215406418e-08,52540.15211,5.063992364e-15,0.005101480265,52540.15211,0.005101480265,1.900950266,1.900950266,0.03333333333,0.08168686869,0,0,-37066942.12,-37066942.12,0,0,306,17.52423263
307,0,-37066942.12,-37338676.09,4.470348358e-08,-271733.9773,4.340564884e-15,-0.02638449769,-271733.9773,-0.02638449769,1.643734347,10.41189848,1,2.375787879,0,0,-37066942.12,-37066942.12,0,0,307,17.56711125
308,0,-37269723.92,-37289408.74,-202781.8005,-222466.6259,-0.01968946248,-0.02160079589,-19684.82537,-0.001911333411,1.325806357,1.325806357,0.02233333333,0.03457575758,0,0,-37066942.12,-37066942.12,0,0,308,17.60690856
309,0,-37272602.79,-37238943.9,-205660.6697,-172001.7811,-0.01996899144,-0.0167008213,33658.88865,0.003268170138,1.052325694,22.94767431,1,83.29333333,0,0,-37066942.12,-37066942.12,0,0,309,17.62606215
310,0,-37220381.51,-37206836.54,-153439.3966,-139894.4268,-0.0148984733,-0.01358330018,13544.96978,0.001315173124,1.175530109,1.175530109,0.03327272727,0.06805555556,0,0,-37066942.12,-37066942.12,0,0,310,17.66024065
311,0,-37210014.17,-37261580.48,-143072.0553,-194638.3664,-0.01389183771,-0.01889876114,-51566.31108,-0.005006923424,1.055078442,19.94492156,1,83.19622727,0,0,-37066942.12,-37066942.12,0,0,311,17.68631744
312,0,-37127800.5,-37129749.35,-60858.3833,-62807.23805,-0.005909153835,-0.006098381381,-1948.85475,-0.0001892275459,1.943494194,1.943494194,0.04315151515,0.06161111111,0,0,-37066942.12,-37066942.12,0,0,312,17.71128178
313,0,-37100411.39,-37107859.64,-33469.27163,-40917.52022,-0.003249758934,-0.003972959983,-7448.248584,-0.0007232010496,0.3254388516,0.3254388516,0.01351515152,0.01657070707,0,0,-37066942.12,-37066942.12,0,0,313,17.73366427
314,0,-37100048.57,-37127445.8,-33106.45863,-60503.67982,-0.003214530955,-0.005874713264,-27397.22119,-0.002660182309,0.3088642659,23.69113573,1,115.3108586,0,0,-37066942.12,-37066942.12,0,0,314,17.75475025
315,0,-37089277.66,-37082776.67,-22335.545,-15834.54942,-0.002168709785,-0.001537483964,6500.995578,0.0006312258208,0.2880886427,0.2880886427,0.01260606061,0.01260606061,0,0,-37066942.12,-37066942.12,0,0,315,17.77683258
316,0,-37090062.32,-37163007.43,-23120.20328,-96065.31241,-0.002244897587,-0.009327633737,-72945.10914,-0.007082736149,0.2880886427,17.71191136,1,91.21361616,0,0,-37066942.12,-37066942.12,0,0,316,17.79899383
317,0,-37100048.57,-37148846.51,-33106.45863,-81904.39617,-0.003214530955,-0.007952654186,-48797.93754,-0.004738123231,0.3088642659,683.3088643,1.416055556,2632.790455,0,0,-37066942.12,-37066942.12,0,0,317,17.82139325
318,0,-37066942.12,-37219971.54,-1.490116119e-08,-153029.4283,-1.446854961e-15,-0.0148586667,-153029.4283,-0.0148586667,12.34731796,12.34731796,0.04393939394,0.1615151515,0,0,-37066942.12,-37066942.12,0,0,318,17.95623899
319,0,-37066942.12,-37085089.29,1.490116119e-08,-18147.17009,1.446854961e-15,-0.001762032015,-18147.17009,-0.001762032015,2.052195516,2.052195516,0.02388888889,0.05458585859,0,0,-37066942.12,-37066942.12,0,0,319,18.0905652
320,0,-37066942.12,-37334963.75,3.725290298e-08,-268021.6336,3.617137403e-15,-0.02602404103,-268021.6336,-0.02602404103,1.26134366,23.73865634,1,87.54843939,0,0,-37066942.12,-37066942.12,0,0,320,18.14931488
321,0,-37081998.66,-37111526.14,-15056.54515,-44584.027,-0.001461942245,-0.004328966033,-29527.48185,-0.002867023788,2.89979042,2.89979042,0.05927777778,0.1721969697,0,0,-37066942.12,-37066942.12,0,0,321,18.21035051
322,0,-37076149.01,-37111107.46,-9206.899076,-44165.34766,-0.0008939603722,-0.004288313612,-34958.44858,-0.003394353239,2.674759338,11.32524066,1,34.20167677,0,0,-37066942.12,-37066942.12,0,0,322,18.23657918
323,0,-37066942.12,-37097320.05,4.470348358e-08,-30377.93735,4.340564884e-15,-0.002949600289,-30377.93735,-0.002949600289,1.936777135,1.936777135,0.02388888889,0.0544040404,0,0,-37066942.12,-37066942.12,0,0,323,18.28545904
324,0,-37066942.12,-37074084.22,5.960464478e-08,-7142.10867,5.787419845e-15,-0.0006934758458,-7142.10867,-0.0006934758458,1.179685827,1.179685827,0.01766666667,0.03426262626,0,0,-37066942.12,-37066942.12,0,0,324,18.34272838
325,0,-37066942.12,-37236631.82,5.960464478e-08,-169689.7033,5.787419845e-15,-0.01647632597,-169689.7034,-0.01647632597,0.887143604,15.1128564,1,31.26668182,0,0,-37066942.12,-37066942.12,0,0,325,18.42192245
326,0,-37066942.12,-37083073.58,5.215406418e-08,-16131.46154,5.063992364e-15,-0.00156631318,-16131.46155,-0.00156631318,2.306564429,2.306564429,0.02388888889,0.05225757576,0,0,-37066942.12,-37066942.12,0,0,326,18.5094893
327,0,-37066942.12,-37067712.02,5.960464478e-08,-769.9042395,5.787419845e-15,-7.475523244e-05,-769.9042396,-7.475523245e-05,1.817797563,26.18220244,1,99.32221212,0,0,-37066942.12,-37066942.12,0,0,327,18.55526876
328,0,-37066942.12,-37045598.9,2.980232239e-08,21343.21946,2.893709923e-15,0.002072358158,21343.21946,0.002072358158,1.51668012,1.51668012,0.02011111111,0.03788888889,0,0,-37066942.12,-37066942.12,0,0,328,18.64949751
329,0,-37066942.12,-37115840.93,2.235174179e-08,-48898.81242,2.170282442e-15,-0.004747917859,-48898.81242,-0.004747917859,1.294944506,22.70505549,1,63.48086869,0,0,-37066942.12,-37066942.12,0,0,329,18.68200564
330,0,-37099657.49,-37102283.35,-32715.37212,-35341.23371,-0.003176557709,-0.003431520448,-2625.861595,-0.0002549627393,1.633265357,1.633265357,0.05455555556,0.08427272727,0,0,-37066942.12,-37066942.12,0,0,330,18.74071527
331,0,-37097116.99,-37073728.31,-30174.87427,-6786.191408,-0.002929883515,-0.0006589174212,23388.68286,0.002270966094,1.578123778,22.42187622,1,91.37327778,0,0,-37066942.12,-37066942.12,0,0,331,18.75987816
332,0,-37066942.12,-37016153.77,5.215406418e-08,50788.34223,5.063992364e-15,0.004931385143,50788.34223,0.004931385143,1.193294478,1.193294478,0.02138888889,0.03193434343,0,0,-37066942.12,-37066942.12,0,0,332,18.82928848
333,0,-37066942.12,-37387463.11,4.470348358e-08,-320520.9951,4.340564884e-15,-0.03112156065,-320520.9951,-0.03112156065,1.128722848,24.87127715,1,91.39557576,0,0,-37066942.12,-37066942.12,0,0,333,18.93274093
334,0,-37117293.49,-37089163.83,-50351.37702,-22221.71095,-0.004888957223,-0.002157656865,28129.66606,0.002731300358,0.7748387849,0.7748387849,0.01722222222,0.02433333333,0,0,-37066942.12,-37066942.12,0,0,334,18.99236202
335,0,-37066942.12,-37064723.9,4.470348358e-08,2218.212108,4.340564884e-15,0.0002153812814,2218.212108,0.0002153812814,0.6107138546,26.38928615,1,120.465298,0,0,-37066942.12,-37066942.12,0,0,335,19.01473308
336,0,-37066942.12,-37013613.45,4.470348358e-08,53328.66799,4.340564884e-15,0.005178042628,53328.66799,0.005178042628,1.629946467,1.629946467,0.02138888889,0.03193434343,0,0,-37066942.12,-37066942.12,0,0,336,19.05759144
337,0,-37066942.12,-37347262.63,3.725290298e-08,-280320.5132,3.617137403e-15,-0.02721822279,-280320.5132,-0.02721822279,1.181702828,19.81829717,1,76.29924242,0,0,-37066942.12,-37066942.12,0,0,337,19.17146468
338,0,-37120373.04,-37094237.3,-53430.92244,-27295.18023,-0.005187971207,-0.00265027446,26135.74221,0.002537696747,0.7748387849,0.7748387849,0.01722222222,0.02433333333,0,0,-37066942.12,-37066942.12,0,0,338,19.23491883
339,0,-37067334.49,-37024312.81,-392.3747731,42629.30964,-3.809833205e-05,0.004139169247,43021.68442,0.004177267579,0.6106837926,12.38931621,1,48.23235354,0,0,-37066942.12,-37066942.12,0,0,339,19.25714874
340,0,-37066942.12,-37062766.74,3.725290298e-08,4175.376368,3.617137403e-15,0.0004054156541,4175.376367,0.0004054156541,1.034353261,1.034353261,0.01722222222,0.02685858586,0,0,-37066942.12,-37066942.12,0,0,340,19.29803944
341,0,-37066942.12,-37088168.2,2.980232239e-08,-21226.08659,2.893709923e-15,-0.002060984932,-21226.08659,-0.002060984932,0.6530125947,28.34698741,1,128.4950253,0,0,-37066942.12,-37066942.12,0,0,341,19.35372043
342,0,-37071902.43,-37073448.57,-4960.309749,-6506.457175,-0.000481630168,-0.0006317561243,-1546.147426,-0.0001501259563,1.080235079,1.080235079,0.01738888889,0.02466666667,0,0,-37066942.12,-37066942.12,0,0,342,19.37887287
343,0,-37066942.12,-37122698.02,3.725290298e-08,-55755.90158,3.617137403e-15,-0.005413719225,-55755.90158,-0.005413719225,0.6174192596,16.38258074,1,76.23287879,0,0,-37066942.12,-37066942.12,0,0,343,19.41327572
344,0,-37066942.12,-37060776.39,2.980232239e-08,6165.724338,2.893709923e-15,0.0005986720587,6165.724338,0.0005986720587,1.237369052,1.237369052,0.01738888889,0.02702525253,0,0,-37066942.12,-37066942.12,0,0,344,19.44837785
345,0,-37066942.12,-37073469.16,4.470348358e-08,-6527.048472,4.340564884e-15,-0.0006337554732,-6527.048472,-0.0006337554732,0.6564293333,19.34357067,1,74.24177273,0,0,-37066942.12,-37066942.12,0,0,345,19.4980948
346,0,-37075606.89,-36095872.2,-8664.770678,971069.9199,-0.0008413214434,0.09428777483,979734.6906,0.09512909627,1.078947067,731.2074387,1.477,2652.947025,0,0,-37066942.12,-37066942.12,0,0,346,19.53377414
347,0,-37066942.12,-36982945.55,1.490116119e-08,83996.56773,1.446854961e-15,0.008155797335,83996.56773,0.008155797335,9.417841819,9.417841819,0.0483030303,0.2026464646,0,0,-37066942.12,-37066942.12,0,0,347,19.89238548
348,0,-37066942.12,-36961360.14,-1.490116119e-08,105581.9779,-1.446854961e-15,0.01025167144,105581.9779,0.01025167144,2.777507346,2.777507346,0.03761111111,0.06218181818,0,0,-37066942.12,-37066942.12,0,0,348,20.15365148
349,0,-37066942.12,-37331751.68,0,-264809.5631,0,-0.02571215929,-264809.5631,-0.02571215929,2.724505163,21.27549484,1,66.58985354,0,0,-37066942.12,-37066942.12,0,0,349,20.26124072
350,0,-37119548.05,-37104514.2,-52605.93623,-37572.08328,-0.005107867692,-0.003648128786,15033.85295,0.001459738906,1.685025596,1.685025596,0.03024242424,0.05205050505,0,0,-37066942.12,-37066942.12,0,0,350,20.32214117
351,0,-37103138.23,-37044610.94,-36196.11431,22331.17513,-0.003514526612,0.002168285486,58527.28944,0.005682812098,1.430341331,22.56965867,1,67.52743434,0,0,-37066942.12,-37066942.12,0,0,351,20.36237764
352,0,-37066942.12,-37032875.15,1.490116119e-08,34066.96441,1.446854961e-15,0.003307792986,34066.96441,0.003307792986,2.68902637,2.68902637,0.04842424242,0.07257070707,0,0,-37066942.12,-37066942.12,0,0,352,20.41122341
353,0,-37066942.12,-37398908.12,1.490116119e-08,-331966.0042,1.446854961e-15,-0.03223283433,-331966.0042,-0.03223283433,2.045267964,14.31406184,1,1.508909091,0,0,-37066942.12,-37066942.12,0,0,353,20.48433542
354,0,-37066942.12,-37053915.72,2.980232239e-08,13026.39413,2.893709923e-15,0.001264821092,13026.39413,0.001264821092,3.372755599,3.372755599,0.0443030303,0.09281818182,0,0,-37066942.12,-37066942.12,0,0,354,20.55696082
355,0,-37066942.12,-37037692.75,1.490116119e-08,29249.36201,1.446854961e-15,0.002840019243,29249.36201,0.002840019243,1.391504426,1.391504426,0.0443030303,0.05542929293,0,0,-37066942.12,-37066942.12,0,0,355,20.63248682
356,0,-37066942.12,-37235964.07,1.490116119e-08,-169021.9535,1.446854961e-15,-0.01641148961,-169021.9535,-0.01641148961,1.391504426,8.608495574,1,3.216212121,0,0,-37066942.12,-37066942.12,0,0,356,20.64931345
357,0,-37095611.03,-37089640.76,-28668.91391,-22698.64461,-0.002783659595,-0.002203965593,5970.269305,0.0005796940018,1.272616841,1.272616841,0.01533333333,0.02155555556,0,0,-37066942.12,-37066942.12,0,0,357,20.70479822
358,0,-37080571.77,-36932494.25,-13629.65659,134447.8699,-0.001323395942,0.01305445697,148077.5265,0.01437785292,0.5076417657,23.49235823,1,76.41277778,0,0,-37066942.12,-37066942.12,0,0,358,20.73207617
359,0,-37066942.12,-37111614.06,1.490116119e-08,-44671.94025,1.446854961e-15,-0.004337502127,-44671.94025,-0.004337502127,1.55056458,1.55056458,0.01206060606,0.01828282828,0,0,-37066942.12,-37066942.12,0,0,359,20.77374005
360,0,-37095934.8,-36985490.81,-28992.67947,81451.30417,-0.002815096192,0.007908660406,110443.9836,0.0107237566,0.4338607499,18.56613925,1,75.29361616,0,0,-37066942.12,-37066942.12,0,0,360,20.80080676
361,0,-37066942.12,-37055532.35,1.490116119e-08,11409.76725,1.446854961e-15,0.001107851807,11409.76725,0.001107851807,1.550051295,1.550051295,0.05078787879,0.06301010101,0,0,-37066942.12,-37066942.12,0,0,361,20.84356475
362,0,-37066942.12,-37078695.92,1.490116119e-08,-11753.80372,1.446854961e-15,-0.001141256644,-11753.80372,-0.001141256644,0.3441368875,0.3441368875,0.006909090909,0.01313131313,0,0,-37066942.12,-37066942.12,0,0,362,20.86872149
363,0,-37067620.89,-37002085.32,-678.7702118,64856.797,-6.590641063e-05,0.006297386981,65535.56721,0.006363293392,0.3137739857,26.68622601,1,122.5699394,0,0,-37066942.12,-37066942.12,0,0,363,20.89549279
364,0,-37066942.12,-37085297.11,1.490116119e-08,-18354.99827,1.446854961e-15,-0.001782211464,-18354.99827,-0.001782211464,0.7844240895,0.7844240895,0.006222222222,0.009555555556,0,0,-37066942.12,-37066942.12,0,0,364,20.94735098
365,0,-37076123.06,-36939294.73,-9180.945271,127647.3817,-0.0008914403409,0.01239415138,136828.327,0.01328559172,0.232282273,23.76771773,1,90.47160101,0,0,-37066942.12,-37066942.12,0,0,365,20.99958992
366,0,-37066942.12,-37091868.93,1.490116119e-08,-24926.81065,1.446854961e-15,-0.002420313369,-24926.81065,-0.002420313369,0.7338892604,0.7338892604,0.006222222222,0.01216161616,0,0,-37066942.12,-37066942.12,0,0,366,21.06780195
367,0,-37087617.38,-37058913.03,-20675.2623,8029.082418,-0.00200750166,0.0007795981522,28704.34472,0.002787099813,0.2918617569,29.70813824,1,140.5644495,0,0,-37066942.12,-37066942.12,0,0,367,21.10839891
368,0,-37075695.13,-37090920.88,-8753.014843,-23978.76305,-0.0008498896688,-0.002328260988,-15225.74821,-0.001478371319,1.055732413,1.055732413,0.006222222222,0.007191919192,0,0,-37066942.12,-37066942.12,0,0,368,21.13205695
369,0,-37084186.1,-37130564.89,-17243.98498,-63622.77514,-0.001674335637,-0.006177567417,-46378.79016,-0.004503231779,0.1783058631,13.82169414,1,58.08015657,0,0,-37066942.12,-37066942.12,0,0,369,21.15714192
370,0,-37090718.98,-37114734.15,-23776.86517,-47792.03372,-0.002308657351,-0.004640453197,-24015.16855,-0.002331795846,0.9731854164,0.9731854164,0.01551515152,0.02173737374,0,0,-37066942.12,-37066942.12,0,0,370,21.17987347
371,0,-37100621.9,-37105347.15,-33679.78738,-38405.03667,-0.003270199337,-0.003729005889,-4725.249294,-0.0004588065518,0.5097975758,17.49020242,1,89.27378283,0,0,-37066942.12,-37066942.12,0,0,371,21.20327592
372,0,-37070208.2,-35279567.71,-3266.080111,1787374.408,-0.0003171259039,0.1735483226,1790640.488,0.1738654485,0.509976807,724.6819564,1.807777778,2704.750677,0,0,-37066942.12,-37066942.12,0,0,372,21.22611928
373,0,-37066942.12,-37137840.9,2.980232239e-08,-70898.78787,2.893709923e-15,-0.006884044917,-70898.78787,-0.006884044917,4.367582359,4.367582359,0.04787878788,0.1401262626,0,0,-37066942.12,-37066942.12,0,0,373,21.34059191
374,0,-37068284.69,-37062965.88,-1342.569917,3976.231172,-0.0001303592331,0.0003860792943,5318.801089,0.0005164385274,0.8392642038,0.8392642038,0.01224242424,0.03256565657,0,0,-37066942.12,-37066942.12,0,0,374,21.42241812
375,0,-37068284.69,-37094049.34,-1342.569917,-27107.22132,-0.0001303592331,-0.002632024252,-25764.6514,-0.002501665019,0.8392642038,27.1607358,1,106.4331162,0,0,-37066942.12,-37066942.12,0,0,375,21.43917465
376,0,-37066942.12,-37028523.68,3.725290298e-08,38418.43502,3.617137403e-15,0.003730306826,38418.43502,0.003730306826,2.296555087,2.296555087,0.034,0.06193939394,0,0,-37066942.12,-37066942.12,0,0,376,21.47065592
377,0,-37066942.12,-37088075.45,3.725290298e-08,-21133.33615,3.617137403e-15,-0.002051979162,-21133.33615,-0.002051979162,1.225168321,1.225168321,0.01133333333,0.02971717172,0,0,-37066942.12,-37066942.12,0,0,377,21.50330472
378,0,-37075827.59,-37111468.75,-8885.470485,-44526.63318,-0.0008627506869,-0.004323393277,-35641.16269,-0.00346064259,1.16817836,18.83182164,1,66.24532323,0,0,-37066942.12,-37066942.12,0,0,378,21.54043198
379,0,-37066942.12,-37075178.39,3.725290298e-08,-8236.270435,3.617137403e-15,-0.0007997154441,-8236.270435,-0.0007997154441,2.428396064,2.428396064,0.03416666667,0.06625757576,0,0,-37066942.12,-37066942.12,0,0,379,21.6088984
380,0,-37066942.12,-37060775.16,2.980232239e-08,6166.951213,2.893709923e-15,0.0005987911843,6166.951213,0.0005987911843,1.007278174,1.007278174,0.01915151515,0.03087878788,0,0,-37066942.12,-37066942.12,0,0,380,21.68410659
381,0,-37068614.58,-37094886.53,-1672.460906,-27944.41687,-0.0001623905901,-0.002713313255,-26271.95596,-0.002550922665,0.7084702747,19.29152973,1,77.41811616,0,0,-37066942.12,-37066942.12,0,0,381,21.72269177
382,0,-37066942.12,-37055382.56,2.980232239e-08,11559.55911,2.893709923e-15,0.001122396116,11559.55911,0.001122396116,1.194965678,1.194965678,0.01351515152,0.02803030303,0,0,-37066942.12,-37066942.12,0,0,382,21.76569057
383,0,-37066942.12,-37392152.89,1.490116119e-08,-325210.7725,1.446854961e-15,-0.031576923,-325210.7725,-0.031576923,0.7347527581,22.26524724,1,63.34772727,0,0,-37066942.12,-37066942.12,0,0,383,21.83344913
384,0,-37177799.4,-37178931.77,-110857.2817,-111989.6579,-0.01076388652,-0.01087383661,-1132.376165,-0.0001099500939,2.964842451,2.964842451,0.08357575758,0.1789242424,0,0,-37066942.12,-37066942.12,0,0,384,21.90185833
385,0,-37189170.32,-37206260.14,-122228.2063,-139318.0237,-0.01186796682,-0.01352733328,-17089.81737,-0.001659366457,1.742851603,1.742851603,0.04018181818,0.07969191919,0,0,-37066942.12,-37066942.12,0,0,385,21.95694757
386,0,-37173125.86,-37142997.55,-106183.7424,-76055.43366,-0.01031010084,-0.007384738685,30128.30872,0.00292536215,1.283912291,26.71608771,1,88.39163636,0,0,-37066942.12,-37066942.12,0,0,386,22.00484991
387,0,-37102286.75,-37083928.73,-35344.63675,-16986.61618,-0.003431850872,-0.001649345952,18358.02058,0.00178250492,1.299381845,1.299381845,0.01709090909,0.03815151515,0,0,-37066942.12,-37066942.12,0,0,387,22.04719448
388,0,-37091409.04,-37040909.52,-24466.91946,26032.60039,-0.00237565941,0.002527682007,50499.51985,0.004903341416,1.117982104,15.8820179,1,46.18823232,0,0,-37066942.12,-37066942.12,0,0,388,22.07565594
389,0,-37104687.21,-37113187.68,-37745.09781,-46245.5687,-0.003664927943,-0.004490296403,-8500.470886,-0.0008253684605,0.4294028315,0.4294028315,0.00903030303,0.01675757576,0,0,-37066942.12,-37066942.12,0,0,389,22.10219288
390,0,-37106499.77,-37070574.67,-39557.65334,-3632.557758,-0.003840921271,-0.0003527097081,35925.09558,0.003488211563,0.3861067421,13.61389326,1,37.08980303,0,0,-37066942.12,-37066942.12,0,0,390,22.1266005
391,0,-37066942.12,-37065322.69,1.490116119e-08,1619.42426,1.446854961e-15,0.0001572409019,1619.42426,0.0001572409019,0.3259292396,0.3259292396,0.007818181818,0.01227272727,0,0,-37066942.12,-37066942.12,0,0,391,22.17806005
392,0,-37066942.12,-37125240.18,1.490116119e-08,-58298.06044,1.446854961e-15,-0.005660554696,-58298.06044,-0.005660554696,0.2842295952,15.7157704,1,60.23970707,0,0,-37066942.12,-37066942.12,0,0,392,22.25898123
393,0,-37076783.1,-37081362.52,-9840.983903,-14420.3998,-0.0009555279752,-0.001400174572,-4579.415901,-0.000444646597,0.5007937628,0.5007937628,0.00903030303,0.01518181818,0,0,-37066942.12,-37066942.12,0,0,393,22.2954073
394,0,-37075405.4,-37058585.06,-8463.287256,8357.053078,-0.0008217580493,0.0008114430514,16820.34033,0.001633201101,0.3501951399,26.64980486,1,118.3404242,0,0,-37066942.12,-37066942.12,0,0,394,22.31986141
395,0,-37066942.12,-37065664.5,1.490116119e-08,1277.611664,1.446854961e-15,0.000124051995,1277.611664,0.000124051995,0.3554849625,0.3554849625,0.007818181818,0.01293939394,0,0,-37066942.12,-37066942.12,0,0,395,22.37729549
396,0,-37066942.12,-37124355.77,1.490116119e-08,-57413.65707,1.446854961e-15,-0.005574681966,-57413.65707,-0.005574681966,0.2993100854,18.70068991,1,78.29018687,0,0,-37066942.12,-37066942.12,0,0,396,22.44864082
397,0,-37082633.1,-37087131.39,-15690.98505,-20189.27199,-0.001523544325,-0.00196031356,-4498.286935,-0.0004367692346,0.4856003926,0.4856003926,0.00903030303,0.01451515152,0,0,-37066942.12,-37066942.12,0,0,397,22.50813699
398,0,-37080830.4,-37073131.58,-13888.28516,-6189.468886,-0.001348507946,-0.0006009775781,7698.816269,0.0007475303683,0.3350017697,15.66499823,1,63.15157071,0,0,-37066942.12,-37066942.12,0,0,398,22.53415537
399,0,-37066942.12,-37067288.26,2.980232239e-08,-346.1415316,2.893709923e-15,-3.360923259e-05,-346.1415317,-3.360923259e-05,0.8479109682,0.8479109682,0.007818181818,0.01293939394,0,0,-37066942.12,-37066942.12,0,0,399,22.55978251
400,0,-37068206.18,-37077821.57,-1264.063022,-10879.44977,-0.0001227364654,-0.00105635968,-9615.386744,-0.0009336232146,0.2990519596,23.70094804,1,93.34340404,0,0,-37066942.12,-37066942.12,0,0,400,22.59533
401,0,-37074615.47,-37082986.27,-7673.349938,-16044.153,-0.0007450576692,-0.0015578358,-8370.803061,-0.0008127781306,0.3934912293,0.3934912293,0.00903030303,0.01518181818,0,0,-37066942.12,-37066942.12,0,0,401,22.61959672
402,0,-37077029.16,-37056227.53,-10087.04045,10714.58413,-0.0009794192769,0.001040351756,20801.62459,0.002019771033,0.3501951399,29.64980486,1,131.4034646,0,0,-37066942.12,-37066942.12,0,0,402,22.64427114
403,0,-37066942.12,-37069230.69,3.725290298e-08,-2288.577058,3.617137403e-15,-0.0002222134925,-2288.577058,-0.0002222134925,1.012925423,1.012925423,0.007818181818,0.009484848485,0,0,-37066942.12,-37066942.12,0,0,403,22.67306566
404,0,-37066942.12,-37003206.83,3.725290298e-08,63735.28824,3.617137403e-15,0.006188492078,63735.28824,0.006188492078,0.2203226779,17.77967732,1,65.17153535,0,0,-37066942.12,-37066942.12,0,0,404,22.71474314
405,0,-37079801.12,-37097415.15,-12859.00287,-30473.03205,-0.001248567938,-0.002958833679,-17614.02918,-0.001710265742,1.080529256,1.080529256,0.00903030303,0.01887878788,0,0,-37066942.12,-37066942.12,0,0,405,22.76003242
406,0,-37087792.84,-37045861.5,-20850.7235,21080.61427,-0.002024538379,0.002046860037,41931.33777,0.004071398416,0.4344492835,26.56555072,1,118.4453485,0,0,-37066942.12,-37066942.12,0,0,406,22.78621197
407,0,-37066942.12,-37056744.25,4.470348358e-08,10197.86646,4.340564884e-15,0.0009901801272,10197.86646,0.0009901801272,0.8326795407,0.8326795407,0.02496969697,0.03445454545,0,0,-37066942.12,-37066942.12,0,0,407,22.81635165
408,0,-37066942.12,-37052071.13,3.725290298e-08,14870.99005,3.617137403e-15,0.00144392544,14870.99005,0.00144392544,0.7893834513,11.21061655,1,22.06008586,0,0,-37066942.12,-37066942.12,0,0,408,22.84928465
409,0,-37093617.34,-37118963.05,-26675.22784,-52020.93729,-0.002590079071,-0.00505106617,-25345.70945,-0.002460987099,1.843684031,1.843684031,0.05139393939,0.0632020202,0,0,-37066942.12,-37066942.12,0,0,409,22.9141655
410,0,-37087635.54,-37097073.34,-20693.42877,-30131.21945,-0.002009265566,-0.002925644772,-9437.790677,-0.0009163792061,0.4192559134,0.4192559134,0.00903030303,0.01821212121,0,0,-37066942.12,-37066942.12,0,0,410,22.93936014
411,0,-37087635.54,-37058444.42,-20693.42877,8497.699287,-0.002009265566,0.0008250993472,29191.12806,0.002834364914,0.4192559134,16.58074409,1,72.2754697,0,0,-37066942.12,-37066942.12,0,0,411,22.95626402
412,0,-37066942.12,-37078633.97,3.725290298e-08,-11691.85137,3.617137403e-15,-0.001135241271,-11691.85137,-0.001135241271,1.428160547,1.428160547,0.007818181818,0.009484848485,0,0,-37066942.12,-37066942.12,0,0,412,22.98712206
413,0,-37075231.21,-37013413.21,-8289.095826,53528.90124,-0.0008048446201,0.005197484634,61817.99706,0.006002329254,0.2203226779,18.77967732,1,66.16061111,0,0,-37066942.12,-37066942.12,0,0,413,23.01831722
414,0,-37087383.08,-37107621.53,-20440.96651,-40679.41905,-0.001984752291,-0.003949841124,-20238.45254,-0.001965088833,1.11063935,1.11063935,0.01127272727,0.02196969697,0,0,-37066942.12,-37066942.12,0,0,414,23.0430932
415,0,-37106214.63,-37027580.64,-39272.51019,39361.48037,-0.003813234786,0.003821873505,78633.99056,0.00763510829,0.5048912725,18.49510873,1,75.27729293,0,0,-37066942.12,-37066942.12,0,0,415,23.0703125
416,0,-37078573.42,-37079437.08,-11631.3084,-12494.96406,-0.001129362742,-0.001213220937,-863.6556599,-8.385819468e-05,0.2636187672,0.2636187672,0.007818181818,0.009484848485,0,0,-37066942.12,-37066942.12,0,0,416,23.09561682
417,0,-37079811.5,-37002011.95,-12869.38041,64930.16322,-0.001249575563,0.006304510606,77799.54363,0.00755408617,0.2203226779,23.77967732,1,86.27583333,0,0,-37066942.12,-37066942.12,0,0,417,23.1209228
418,0,-37088172.07,-37106357.12,-21229.9529,-39415.00627,-0.002061360338,-0.003827070698,-18185.05337,-0.001765710359,0.903774361,0.903774361,0.00903030303,0.01512121212,0,0,-37066942.12,-37066942.12,0,0,418,23.14566112
419,0,-37096792.24,-37047291.43,-29850.12282,19650.68192,-0.002898351191,0.001908018191,49500.80474,0.004806369382,0.3488139244,25.65118608,1,110.4103737,0,0,-37066942.12,-37066942.12,0,0,419,23.17156768
420,0,-37066942.12,-37057547.36,4.470348358e-08,9394.753773,4.340564884e-15,0.0009122004607,9394.753773,0.0009122004607,0.7470441816,0.7470441816,0.02121212121,0.0306969697,0,0,-37066942.12,-37066942.12,0,0,420,23.20026088
421,0,-37066942.12,-37120371.85,4.470348358e-08,-53429.73126,4.340564884e-15,-0.005187855547,-53429.73126,-0.005187855547,0.7037480922,19.29625191,1,83.11228788,0,0,-37066942.12,-37066942.12,0,0,421,23.23293543
422,0,-37093293.81,-37119766.17,-26351.69673,-52824.04998,-0.002558665238,-0.005129045837,-26472.35324,-0.002570380598,1.957185175,1.957185175,0.05515151515,0.07662626263,0,0,-37066942.12,-37066942.12,0,0,422,23.27148485
423,0,-37087398.65,-37097876.45,-20456.53163,-30934.33214,-0.001986263614,-0.003003624439,-10477.80051,-0.001017360825,0.5048912725,0.5048912725,0.01127272727,0.02196969697,0,0,-37066942.12,-37066942.12,0,0,423,23.29640865
424,0,-37087398.65,-37066844.29,-20456.53163,97.82613188,-0.001986263614,9.49860366e-06,20554.35776,0.001995762217,0.5048912725,10.49510873,1,34.13919697,0,0,-37066942.12,-37066942.12,0,0,424,23.31315517
425,0,-37067265.75,-37025967.71,-323.6364826,40974.40955,-3.14240645e-05,0.003978483755,41298.04603,0.00400990782,0.7470441816,701.6098023,1.984611111,2550.924899,0,0,-37066942.12,-37066942.12,0,0,425,23.36539865
426,0,-37066942.12,-37035548.62,0,31393.49476,0,0.003048207656,31393.49476,0.003048207656,5.769536101,5.769536101,0.05066666667,0.1342070707,0,0,-37066942.12,-37066942.12,0,0,426,23.48648167
427,0,-37066942.12,-36998797.36,3.725290298e-08,68144.75431,3.617137403e-15,0.006616637091,68144.75431,0.006616637091,3.031802393,3.031802393,0.03027777778,0.06984343434,0,0,-37066942.12,-37066942.12,0,0,427,23.61331558
428,0,-37066942.12,-37207461.69,3.725290298e-08,-140519.5781,3.617137403e-15,-0.01364400036,-140519.5781,-0.01364400036,2.701561637,17.29843836,1,25.38743434,0,0,-37066942.12,-37066942.12,0,0,428,23.66715598
429,0,-37100578.64,-37088836.42,-33636.52676,-21894.30005,-0.00326599887,-0.002125866316,11742.2267,0.001140132554,1.249250278,1.249250278,0.01781818182,0.01872727273,0,0,-37066942.12,-37066942.12,0,0,429,23.72067952
430,0,-37077584.52,-37124831.6,-10642.40369,-57889.48185,-0.001033343266,-0.005620883026,-47247.07816,-0.00458753976,0.6146160251,22.38538397,1,79.34391919,0,0,-37066942.12,-37066942.12,0,0,430,23.75357556
431,0,-37066942.12,-37041745.74,3.725290298e-08,25196.37603,3.617137403e-15,0.002446487303,25196.37603,0.002446487303,1.572864746,1.572864746,0.004848484848,0.005939393939,0,0,-37066942.12,-37066942.12,0,0,431,23.78636622
432,0,-37066942.12,-37411396.2,2.980232239e-08,-344454.088,2.893709923e-15,-0.03344538722,-344454.088,-0.03344538722,0.5382933826,27.46170662,1,89.38213131,0,0,-37066942.12,-37066942.12,0,0,432,23.83435035
433,0,-37138378.41,-37093599.32,-71436.29603,-26657.20696,-0.006936235236,-0.002588329302,44779.08907,0.004347905935,1.276965974,1.276965974,0.01745454545,0.01854545455,0,0,-37066942.12,-37066942.12,0,0,433,23.87304235
434,0,-37082123.96,-37145338.37,-15181.84457,-78396.25372,-0.001474108416,-0.007612024806,-63214.40916,-0.006137916389,0.6109440739,17.38905593,1,73.29160606,0,0,-37066942.12,-37066942.12,0,0,434,23.90541434
435,0,-37066942.12,-37053082.09,2.235174179e-08,13860.03001,2.170282442e-15,0.001345764463,13860.03001,0.001345764463,0.4240072175,0.4240072175,0.004181818182,0.005272727273,0,0,-37066942.12,-37066942.12,0,0,435,23.93690681
436,0,-37066942.12,-37512891.13,2.235174179e-08,-445949.0142,2.170282442e-15,-0.04330021905,-445949.0142,-0.04330021905,0.3200807867,20.67991921,1,34.77891414,0,0,-37066942.12,-37066942.12,0,0,436,23.9895637
437,0,-37250966.97,-37179707.27,-184024.8587,-112765.1534,-0.01786822358,-0.01094913474,71259.70529,0.006919088842,2.588152932,2.588152932,0.04448484848,0.1627929293,0,0,-37066942.12,-37066942.12,0,0,437,24.044384
438,0,-37146379.71,-37166750.71,-79437.5952,-99808.59579,-0.007713135723,-0.009691094547,-20371.00059,-0.001977958824,2.361627903,2.361627903,0.042,0.1261111111,0,0,-37066942.12,-37066942.12,0,0,438,24.08233547
439,0,-37146379.71,-37106062.1,-79437.5952,-39119.98891,-0.007713135723,-0.003798425459,40317.60628,0.003914710264,2.361627903,22.6383721,1,63.3770404,0,0,-37066942.12,-37066942.12,0,0,439,24.10837984
440,0,-37078553.9,-37060044.28,-11611.78528,6897.835918,-0.00112746711,0.0006697577451,18509.6212,0.001797224855,1.151053254,1.151053254,0.01690909091,0.02945454545,0,0,-37066942.12,-37066942.12,0,0,440,24.13430929
441,0,-37066942.12,-37185358.45,4.470348358e-08,-118416.3306,4.340564884e-15,-0.01149784592,-118416.3306,-0.01149784592,0.7330894503,9.26691055,1,3.17919697,0,0,-37066942.12,-37066942.12,0,0,441,24.17498875
442,0,-37164764.5,-37140311.51,-97822.38468,-73369.39726,-0.009498239819,-0.007123933166,24452.98742,0.002374306653,1.609024909,1.609024909,0.04412121212,0.07651010101,0,0,-37066942.12,-37066942.12,0,0,442,24.20510173
443,0,-37140872.38,-37175285.36,-73930.26395,-108343.2409,-0.007178391522,-0.01051978121,-34412.97691,-0.00334138969,1.417203727,26.58279627,1,106.3287475,0,0,-37066942.12,-37066942.12,0,0,443,24.23110008
444,0,-37082546.66,-37027239.4,-15604.54619,39702.71844,-0.001515151389,0.003855006627,55307.26464,0.005370158016,1.642070551,1.642070551,0.0196969697,0.03084848485,0,0,-37066942.12,-37066942.12,0,0,444,24.25660324
445,0,-37066942.12,-37295179.81,3.725290298e-08,-228237.6984,3.617137403e-15,-0.02216114852,-228237.6984,-0.02216114852,1.044188913,18.95581109,1,74.25042929,0,0,-37066942.12,-37066942.12,0,0,445,24.30221343
446,0,-37097641.41,-37094247.93,-30699.29456,-27305.81762,-0.002980803043,-0.002651307317,3393.476934,0.0003294957268,1.634849318,1.634849318,0.04412121212,0.08069191919,0,0,-37066942.12,-37066942.12,0,0,446,24.33334088
447,0,-37067766.01,-37124232.09,-823.8956678,-57289.97135,-7.999762696e-05,-0.005562672479,-56466.07568,-0.005482674852,1.109786817,27.89021318,1,112.4107828,0,0,-37066942.12,-37066942.12,0,0,447,24.35450721
448,0,-37066942.12,-37026897.58,5.215406418e-08,40044.53104,5.063992364e-15,0.003888195534,40044.53104,0.003888195534,1.301484169,1.301484169,0.0196969697,0.03151515152,0,0,-37066942.12,-37066942.12,0,0,448,24.40888095
449,0,-37066942.12,-37306085.01,5.215406418e-08,-239142.8914,5.063992364e-15,-0.02322000778,-239142.8914,-0.02322000778,1.059641343,9.940358657,1,28.17070707,0,0,-37066942.12,-37066942.12,0,0,449,24.47021222
450,0,-37125444.57,-35149243.52,-58502.44938,1917698.597,-0.005680400208,0.1862023834,1976201.046,0.1918827836,2.216341031,699.3320205,1.665388889,2576.463465,0,0,-37066942.12,-37066942.12,0,0,450,24.49989676
451,0,-37066942.12,-36860159.95,6.705522537e-08,206782.1704,6.510847326e-15,0.02007788556,206782.1704,0.02007788556,13.30114491,13.30114491,0.1372727273,0.2119949495,0,0,-37066942.12,-37066942.12,0,0,451,24.67462921
452,0,-37066942.12,-37098735.38,2.235174179e-08,-31793.26717,2.170282442e-15,-0.003087024276,-31793.26717,-0.003087024276,1.750376478,1.750376478,0.034,0.06789393939,0,0,-37066942.12,-37066942.12,0,0,452,24.82249427
453,0,-37066942.12,-37053840.44,7.450580597e-09,13101.6714,7.234274806e-16,0.001272130273,13101.6714,0.001272130273,1.341315983,22.65868402,1,63.42982323,0,0,-37066942.12,-37066942.12,0,0,453,24.90648246
454,0,-37066942.12,-37098030.92,4.470348358e-08,-31088.80314,4.340564884e-15,-0.003018623077,-31088.80314,-0.003018623078,4.259444937,4.259444937,0.07377777778,0.1648232323,0,0,-37066942.12,-37066942.12,0,0,454,25.01134515
455,0,-37066942.12,-37065846.66,5.215406418e-08,1095.451471,5.063992364e-15,0.0001063648245,1095.451471,0.0001063648245,0.9327391818,0.9327391818,0.009939393939,0.01801515152,0,0,-37066942.12,-37066942.12,0,0,455,25.10240698
456,0,-37067741.15,-37019384.13,-799.0339773,47557.98696,-7.758363655e-05,0.004617728007,48357.02094,0.004695311643,0.4132870422,27.58671296,1,118.4711818,0,0,-37066942.12,-37066942.12,0,0,456,25.13213348
457,0,-37066942.12,-37067268.22,4.470348358e-08,-326.1056975,4.340564884e-15,-3.166381735e-05,-326.1056976,-3.166381736e-05,0.5805982793,0.5805982793,0.006848484848,0.008015151515,0,0,-37066942.12,-37066942.12,0,0,457,25.17984962
458,0,-37066942.12,-37166716.94,5.215406418e-08,-99774.82302,5.063992364e-15,-0.00968781532,-99774.82302,-0.00968781532,0.1856773924,26.81432261,1,114.2991212,0,0,-37066942.12,-37066942.12,0,0,458,25.23118591
459,0,-37066942.12,-37039164.91,5.215406418e-08,27777.20598,5.063992364e-15,0.002697077614,27777.20598,0.002697077614,0.9803477992,0.9803477992,0.006848484848,0.008015151515,0,0,-37066942.12,-37066942.12,0,0,459,25.28298473
460,0,-37066942.12,-37392372.13,5.215406418e-08,-325430.0126,5.063992364e-15,-0.03159821051,-325430.0126,-0.03159821051,0.594503474,15.40549653,1,21.20722222,0,0,-37066942.12,-37066942.12,0,0,460,25.38440013
461,0,-37105808.98,-37118550.49,-38866.85998,-51608.37724,-0.003773847452,-0.005011007913,-12741.51726,-0.001237160461,1.356787768,1.356787768,0.04094444444,0.06888383838,0,0,-37066942.12,-37066942.12,0,0,461,25.4340601
462,0,-37072276.39,-37020258.39,-5334.271299,46683.72222,-0.0005179406352,0.004532839705,52017.99352,0.00505078034,1.120559966,1.120559966,0.03655555556,0.07558585859,0,0,-37066942.12,-37066942.12,0,0,462,25.4570179
463,0,-37066942.12,-37066151.17,2.980232239e-08,790.9414492,2.893709923e-15,7.679787803e-05,790.9414492,7.679787803e-05,0.319444201,0.319444201,0.006545454545,0.007712121212,0,0,-37066942.12,-37066942.12,0,0,463,25.48729706
464,0,-37066942.12,-37070429.65,2.980232239e-08,-3487.538041,2.893709923e-15,-0.0003386287586,-3487.538041,-0.0003386287586,0.1784599736,24.82154003,1,108.3414141,0,0,-37066942.12,-37066942.12,0,0,464,25.527246
465,0,-37066942.12,-36994390.16,3.725290298e-08,72551.95592,3.617137403e-15,0.007044562233,72551.95592,0.007044562233,1.8816883,1.8816883,0.03655555556,0.07261616162,0,0,-37066942.12,-37066942.12,0,0,465,25.57511687
466,0,-37066942.12,-37302871.02,3.725290298e-08,-235928.9024,3.617137403e-15,-0.02290793975,-235928.9024,-0.02290793975,1.420464365,18.57953563,1,76.17733333,0,0,-37066942.12,-37066942.12,0,0,466,25.60405993
467,0,-37106533.09,-37125204.92,-39590.9747,-58262.80447,-0.003844156669,-0.005657131455,-18671.82977,-0.001812974787,1.335555552,1.335555552,0.04094444444,0.0683989899,0,0,-37066942.12,-37066942.12,0,0,467,25.65159202
468,0,-37070563.92,-37026912.82,-3621.799915,40029.29499,-0.000351665156,0.003886716163,43651.09491,0.004238381319,1.11056754,1.11056754,0.03655555556,0.0751010101,0,0,-37066942.12,-37066942.12,0,0,468,25.67354393
469,0,-37066942.12,-37072805.6,2.980232239e-08,-5863.485781,2.893709923e-15,-0.0005693256641,-5863.485781,-0.0005693256641,0.2215847317,0.2215847317,0.006060606061,0.007227272727,0,0,-37066942.12,-37066942.12,0,0,469,25.70535135
470,0,-37067372.64,-37012318.24,-430.5235503,54623.87189,-4.180245597e-05,0.005303802772,55054.39544,0.005345605228,0.1684675477,29.83153245,1,130.3724192,0,0,-37066942.12,-37066942.12,0,0,470,25.7331481
471,0,-37066942.12,-36970613.77,3.725290298e-08,96328.34117,3.617137403e-15,0.009353172986,96328.34117,0.009353172986,2.423177079,2.423177079,0.05890909091,0.1727272727,0,0,-37066942.12,-37066942.12,0,0,471,25.76523685
472,0,-37066942.12,-37352101.22,3.725290298e-08,-285159.1072,3.617137403e-15,-0.02768803475,-285159.1072,-0.02768803475,2.423177079,9.576822921,1,22.34606061,0,0,-37066942.12,-37066942.12,0,0,472,25.78663468
473,0,-37086121.32,-35101855.84,-19179.20832,1965086.281,-0.001862239617,0.1908035755,1984265.489,0.1926658151,3.000066639,703.5398138,1.261222222,2492.450859,0,0,-37066942.12,-37066942.12,0,0,473,25.81441259
474,0,-37066942.12,-36978574.56,2.980232239e-08,88367.55411,2.893709923e-15,0.008580206094,88367.55411,0.008580206094,11.74177379,11.74177379,0.1458787879,0.4016464646,0,0,-37066942.12,-37066942.12,0,0,474,25.9690733
475,0,-37082191.62,-37070170.06,-15249.49978,-3227.943544,-0.001480677521,-0.0003134229656,12021.55624,0.001167254555,2.332880554,2.332880554,0.04877777778,0.08362626263,0,0,-37066942.12,-37066942.12,0,0,475,26.16161823
476,0,-37077902.66,-37103864.25,-10960.54147,-36922.13776,-0.001064233425,-0.003585021161,-25961.59629,-0.002520787736,2.062162322,13.93783768,1,31.18058081,0,0,-37066942.12,-37066942.12,0,0,476,26.19005895
477,0,-37066942.12,-37080880.42,5.960464478e-08,-13938.30364,5.787419845e-15,-0.001353364581,-13938.30364,-0.001353364581,1.691570399,1.691570399,0.03,0.1019747475,0,0,-37066942.12,-37066942.12,0,0,477,26.233989
478,0,-37066942.12,-37168193.72,5.960464478e-08,-101251.6043,5.787419845e-15,-0.009831206042,-101251.6043,-0.009831206042,1.626912149,11.37308785,1,37.28483333,0,0,-37066942.12,-37066942.12,0,0,478,26.27476549
479,0,-37066942.12,-37101763.66,4.470348358e-08,-34821.54647,4.340564884e-15,-0.003381060484,-34821.54647,-0.003381060484,1.355304792,1.355304792,0.01339393939,0.03216161616,0,0,-37066942.12,-37066942.12,0,0,479,26.34151244
480,0,-37076061.68,-36961784.44,-9119.567589,105157.6791,-0.0008854807648,0.01021047338,114277.2467,0.01109595415,0.7635266521,22.23647335,1,71.32705051,0,0,-37066942.12,-37066942.12,0,0,480,26.37466097
481,0,-37066942.12,-37083105.99,5.215406418e-08,-16163.87133,5.063992364e-15,-0.001569460066,-16163.87133,-0.001569460066,1.664051975,1.664051975,0.03,0.07762626263,0,0,-37066942.12,-37066942.12,0,0,481,26.41251612
482,0,-37066942.12,-37138065.47,5.960464478e-08,-71123.3505,5.787419845e-15,-0.006905849229,-71123.3505,-0.006905849229,1.4706496,8.5293504,1,11.30419697,0,0,-37066942.12,-37066942.12,0,0,482,26.4514451
483,0,-37066942.12,-37071168.01,5.960464478e-08,-4225.89501,5.787419845e-15,-0.0004103208523,-4225.89501,-0.0004103208523,1.813150953,1.813150953,0.03,0.06554040404,0,0,-37066942.12,-37066942.12,0,0,483,26.49106717
484,0,-37066942.12,-37107949.06,5.960464478e-08,-41006.9445,5.787419845e-15,-0.003981642794,-41006.9445,-0.003981642794,1.219703011,27.78029699,1,100.4276919,0,0,-37066942.12,-37066942.12,0,0,484,26.54784012
485,0,-37066942.12,-37091769.51,5.960464478e-08,-24827.3985,5.787419845e-15,-0.002410660768,-24827.3985,-0.002410660768,1.867281639,1.867281639,0.02478787879,0.07917171717,0,0,-37066942.12,-37066942.12,0,0,485,26.58659601
486,0,-37067939.46,-37070222.59,-997.3460006,-3280.472663,-9.6839098e-05,-0.0003185233746,-2283.126663,-0.0002216842766,1.505733062,1.505733062,0.02054545455,0.05270707071,0,0,-37066942.12,-37066942.12,0,0,486,26.67618251
487,0,-37066942.12,-37040283.03,3.725290298e-08,26659.08458,3.617137403e-15,0.002588511613,26659.08458,0.002588511613,1.235007887,17.76499211,1,39.37925758,0,0,-37066942.12,-37066942.12,0,0,487,26.7124393
488,0,-37066942.12,-37082607.9,2.980232239e-08,-15665.7875,2.893709923e-15,-0.001521097723,-15665.7875,-0.001521097723,2.444102187,2.444102187,0.03,0.09321212121,0,0,-37066942.12,-37066942.12,0,0,488,26.77349353
489,0,-37066942.12,-37060718.19,3.725290298e-08,6223.930337,3.617137403e-15,0.0006043236745,6223.930337,0.0006043236745,1.345886032,1.345886032,0.03,0.05869191919,0,0,-37066942.12,-37066942.12,0,0,489,26.81416321
490,0,-37066942.12,-37100033.94,3.725290298e-08,-33091.82115,3.617137403e-15,-0.003213109702,-33091.82115,-0.003213109702,1.064512583,23.93548742,1,72.36649495,0,0,-37066942.12,-37066942.12,0,0,490,26.83769965
491,0,-37066942.12,-37048636.92,2.980232239e-08,18305.1919,2.893709923e-15,0.001777375426,18305.1919,0.001777375426,2.413334574,2.413334574,0.02103030303,0.05004040404,0,0,-37066942.12,-37066942.12,0,0,491,26.90513682
492,0,-37066942.12,-37080314.14,3.725290298e-08,-13372.0193,3.617137403e-15,-0.001298380188,-13372.0193,-0.001298380188,1.422816002,1.422816002,0.03,0.07251010101,0,0,-37066942.12,-37066942.12,0,0,492,26.95809913
493,0,-37066942.12,-37083521.65,3.725290298e-08,-16579.53042,3.617137403e-15,-0.00160981923,-16579.53042,-0.00160981923,1.378849293,19.62115071,1,71.40938384,0,0,-37066942.12,-37066942.12,0,0,493,27.03783751
494,0,-37066942.12,-37027776.56,3.725290298e-08,39165.55432,3.617137403e-15,0.003802849714,39165.55432,0.003802849714,2.60294351,2.60294351,0.02103030303,0.04307070707,0,0,-37066942.12,-37066942.12,0,0,494,27.09422731
495,0,-37066942.12,-37240288.96,4.470348358e-08,-173346.8408,4.340564884e-15,-0.01683142228,-173346.8408,-0.01683142228,1.646958654,16.35304135,1,44.22936869,0,0,-37066942.12,-37066942.12,0,0,495,27.14769244
496,0,-37143948.74,-37147098.87,-77006.62006,-80156.75566,-0.007477095834,-0.007782963898,-3150.135603,-0.000305868064,2.630416364,2.630416364,0.03006060606,0.07458585859,0,0,-37066942.12,-37066942.12,0,0,496,27.20222545
497,0,-37100954.3,-37115421.66,-34012.18147,-48479.54446,-0.003302473738,-0.004707208284,-14467.36298,-0.001404734546,1.577110229,1.577110229,0.02103030303,0.052,0,0,-37066942.12,-37066942.12,0,0,497,27.22916842
498,0,-37081368.26,-36923086.51,-14426.14483,143855.6065,-0.001400732396,0.01396791802,158281.7514,0.01536865042,1.574247095,13.4257529,1,11.61861616,0,0,-37066942.12,-37066942.12,0,0,498,27.25330162
499,0,-37066942.12,-36913922.82,3.725290298e-08,153019.2978,3.617137403e-15,0.01485768306,153019.2978,0.01485768306,5.980037765,5.980037765,0.1484242424,0.2823585859,0,0,-37066942.12,-37066942.12,0,0,499,27.29785657
500,0,-37066942.12,-36939240.46,2.980232239e-08,127701.66,2.893709923e-15,0.01239942162,127701.66,0.01239942162,4.316972482,4.316972482,0.1064242424,0.2018585859,0,0,-37066942.12,-37066942.12,0,0,500,27.3227632
501,0,-37066942.12,-37236598.05,2.980232239e-08,-169655.9367,2.893709923e-15,-0.01647304734,-169655.9367,-0.01647304734,4.316972482,8.063788427,1,1.51809596,0,0,-37066942.12,-37066942.12,0,0,501,27.33964944
502,0,-37154222.58,-37177817.87,-87280.46503,-110875.7508,-0.008474653231,-0.01076567981,-23595.2858,-0.002291026577,2.072411983,2.072411983,0.014,0.02515151515,0,0,-37066942.12,-37066942.12,0,0,502,27.38219237
503,0,-37141771.85,-37002999.63,-74829.72989,63942.49064,-0.007265726781,0.006208610766,138772.2205,0.01347433755,0.8809200904,23.11907991,1,89.34287374,0,0,-37066942.12,-37066942.12,0,0,503,27.40588212
504,0,-37066942.12,-37040818.59,4.470348358e-08,26123.52894,4.340564884e-15,0.002536510877,26123.52894,0.002536510877,1.945289989,1.945289989,0.03963636364,0.07135858586,0,0,-37066942.12,-37066942.12,0,0,504,27.44305921
505,0,-37066942.12,-37086711.37,4.470348358e-08,-19769.25183,4.340564884e-15,-0.00191953095,-19769.25183,-0.00191953095,1.287197628,1.287197628,0.03618181818,0.06334848485,0,0,-37066942.12,-37066942.12,0,0,505,27.49067783
506,0,-37110164.18,-37142459.83,-43222.05945,-75517.71661,-0.004196723352,-0.007332528084,-32295.65716,-0.003135804732,0.6351475647,0.6351475647,0.014,0.014,0,0,-37066942.12,-37066942.12,0,0,506,27.5202322
507,0,-37109714.97,-36998097.92,-42772.84938,68844.20055,-0.004153106495,0.006684551078,111617.0499,0.01083765757,0.626776444,17.37322356,1,62.27096465,0,0,-37066942.12,-37066942.12,0,0,507,27.54544711
508,0,-37066942.12,-37070511.26,5.215406418e-08,-3569.145791,5.063992364e-15,-0.0003465526095,-3569.145791,-0.0003465526095,1.455857767,1.455857767,0.03963636364,0.07424747475,0,0,-37066942.12,-37066942.12,0,0,508,27.5834341
509,0,-37066942.12,-36966722.28,4.470348358e-08,100219.8364,4.340564884e-15,0.009731024694,100219.8364,0.009731024694,1.421360544,28.57863946,1,110.3712121,0,0,-37066942.12,-37066942.12,0,0,509,27.63112187
510,0,-37066942.12,-37101153.47,4.470348358e-08,-34211.35336,4.340564884e-15,-0.003321812689,-34211.35336,-0.003321812689,1.269194356,1.269194356,0.02103030303,0.03486363636,0,0,-37066942.12,-37066942.12,0,0,510,27.68215013
511,0,-37066942.12,-37015782.01,4.470348358e-08,51160.10739,4.340564884e-15,0.004967482349,51160.10739,0.004967482349,1.081814024,11.91818598,1,38.05190404,0,0,-37066942.12,-37066942.12,0,0,511,27.71521616
512,0,-37066942.12,-37095030.63,4.470348358e-08,-28088.51751,4.340564884e-15,-0.002727304966,-28088.51751,-0.002727304966,2.279400474,2.279400474,0.03963636364,0.07424747475,0,0,-37066942.12,-37066942.12,0,0,512,27.77267027
513,0,-37066942.12,-37007514.36,4.470348358e-08,59427.76075,4.340564884e-15,0.005770244973,59427.76075,0.005770244973,1.420900889,8.579099111,1,18.11453535,0,0,-37066942.12,-37066942.12,0,0,513,27.86462379
514,0,-37066942.12,-37114993.77,4.470348358e-08,-48051.65274,4.340564884e-15,-0.004665661371,-48051.65274,-0.004665661371,1.254220985,1.254220985,0.02054545455,0.03437878788,0,0,-37066942.12,-37066942.12,0,0,514,27.89978147
515,0,-37071612.5,-36926239.86,-4670.382987,140702.2554,-0.0004534792093,0.01366173774,145372.6384,0.01411521695,1.072909967,10.92709003,1,31.17598485,0,0,-37066942.12,-37066942.12,0,0,515,27.92144632
516,0,-37066942.12,-37116649.42,4.470348358e-08,-49707.30742,4.340564884e-15,-0.004826420131,-49707.30742,-0.004826420131,2.818877656,2.818877656,0.03963636364,0.1280454545,0,0,-37066942.12,-37066942.12,0,0,516,27.97134399
517,0,-37139723.84,-37187400.67,-72781.72409,-120458.5546,-0.007066871985,-0.01169613932,-47676.83051,-0.004629267334,1.0971459,1.0971459,0.01094444444,0.01383333333,0,0,-37066942.12,-37066942.12,0,0,517,28.0077796
518,0,-37149715.3,-36902341.08,-82773.17951,164601.0311,-0.008037010262,0.01598223222,247374.2106,0.02401924248,0.6952121982,27.3047878,1,110.4163232,0,0,-37066942.12,-37066942.12,0,0,518,28.02978063
519,0,-37066942.12,-37080075.66,4.470348358e-08,-13133.54368,4.340564884e-15,-0.001275224969,-13133.54368,-0.001275224969,1.821561089,1.821561089,0.03963636364,0.07424747475,0,0,-37066942.12,-37066942.12,0,0,519,28.08002353
520,0,-37066942.12,-36985548.43,4.470348358e-08,81393.68835,4.340564884e-15,0.007903066095,81393.68835,0.007903066095,1.421175346,18.57882465,1,66.22536869,0,0,-37066942.12,-37066942.12,0,0,520,28.12878036
521,0,-37066942.12,-37109040.15,4.470348358e-08,-42098.02924,4.340564884e-15,-0.004087583624,-42098.02924,-0.004087583624,1.253519323,1.253519323,0.02060606061,0.03443939394,0,0,-37066942.12,-37066942.12,0,0,521,28.16794777
522,0,-37066942.12,-37000460.83,4.470348358e-08,66481.2869,4.340564884e-15,0.006455119741,66481.2869,0.006455119741,1.071324596,27.9286754,1,120.2926717,0,0,-37066942.12,-37066942.12,0,0,522,28.19246221
523,0,-37066942.12,-37065689.61,2.980232239e-08,1252.504988,2.893709923e-15,0.0001216142173,1252.504988,0.0001216142173,2.328362129,2.328362129,0.03963636364,0.09691414141,0,0,-37066942.12,-37066942.12,0,0,523,28.24957156
524,0,-37066942.12,-37090548.08,4.470348358e-08,-23605.96141,4.340564884e-15,-0.002292063145,-23605.96141,-0.002292063145,1.904663068,1.904663068,0.03963636364,0.07424747475,0,0,-37066942.12,-37066942.12,0,0,524,28.34662795
525,0,-37066942.12,-36992982.61,4.470348358e-08,73959.50923,4.340564884e-15,0.007181231145,73959.50923,0.007181231145,1.42099238,14.57900762,1,38.14259596,0,0,-37066942.12,-37066942.12,0,0,525,28.36750722
526,0,-37066942.12,-37110304.56,4.470348358e-08,-43362.44203,4.340564884e-15,-0.00421035405,-43362.44203,-0.00421035405,1.253364399,1.253364399,0.02060606061,0.03443939394,0,0,-37066942.12,-37066942.12,0,0,526,28.40838766
527,0,-37071972.2,-37011748.48,-5030.084604,55193.63598,-0.0004884050827,0.005359125038,60223.72059,0.005847530121,1.07178599,20.92821401,1,86.17368182,0,0,-37066942.12,-37066942.12,0,0,527,28.43297553
528,0,-37066942.12,-37064886.5,3.725290298e-08,2055.617678,3.617137403e-15,0.0001995938838,2055.617678,0.0001995938838,2.22485215,2.22485215,0.03963636364,0.09315656566,0,0,-37066942.12,-37066942.12,0,0,528,28.47563529
529,0,-37066942.12,-36983423.12,4.470348358e-08,83518.99876,4.340564884e-15,0.00810942692,83518.99876,0.00810942692,1.852236721,24.14776328,1,82.27514141,0,0,-37066942.12,-37066942.12,0,0,529,28.55246925
530,0,-37066942.12,-37109843.26,4.470348358e-08,-42901.14193,4.340564884e-15,-0.00416556329,-42901.14193,-0.00416556329,1.25342092,1.25342092,0.02060606061,0.03443939394,0,0,-37066942.12,-37066942.12,0,0,530,28.59635806
531,0,-37067669.68,-36969934.42,-727.5659395,97007.69638,-7.06443193e-05,0.009419136198,97735.26232,0.009489780518,1.071315339,24.92868466,1,108.2210556,0,0,-37066942.12,-37066942.12,0,0,531,28.62210512
532,0,-37066942.12,-37086369.29,4.470348358e-08,-19427.17039,4.340564884e-15,-0.001886315938,-19427.17039,-0.001886315938,1.067183584,1.067183584,0.01890909091,0.03274242424,0,0,-37066942.12,-37066942.12,0,0,532,28.6601522
533,0,-37067681.76,-37019473.26,-739.6483153,47468.85642,-7.181747923e-05,0.004609073717,48208.50473,0.004680891197,1.031497886,11.96850211,1,40.03779798,0,0,-37066942.12,-37066942.12,0,0,533,28.70449901
534,0,-37066942.12,-37021419.76,4.470348358e-08,45522.35679,4.340564884e-15,0.004420074846,45522.35679,0.004420074846,1.262615233,1.262615233,0.02060606061,0.02349494949,0,0,-37066942.12,-37066942.12,0,0,534,28.74206305
535,0,-37066942.12,-37194028.81,3.725290298e-08,-127086.6927,3.617137403e-15,-0.01233971027,-127086.6927,-0.01233971027,1.237981077,12.76201892,1,24.12944949,0,0,-37066942.12,-37066942.12,0,0,535,28.7652688
536,0,-37147063.41,-37133578.98,-80121.29905,-66636.86797,-0.007779521174,-0.006470226163,13484.43108,0.001309295011,1.339404822,1.339404822,0.03963636364,0.08519191919,0,0,-37066942.12,-37066942.12,0,0,536,28.81435061
537,0,-37141696.56,-37179471.76,-74754.44624,-112529.6487,-0.007258416979,-0.01092626799,-37775.2025,-0.003667851011,0.6966088463,0.6966088463,0.01088888889,0.01383333333,0,0,-37066942.12,-37066942.12,0,0,537,28.84526491
538,0,-37141696.56,-36903846.79,-74754.44624,163095.3217,-0.007258416979,0.01583603266,237849.7679,0.02309444964,0.6966088463,24.30339115,1,92.31228788,0,0,-37066942.12,-37066942.12,0,0,538,28.86686754
539,0,-37066942.12,-37074985.07,4.470348358e-08,-8042.955594,4.340564884e-15,-0.000780945193,-8042.955594,-0.000780945193,1.797818206,1.797818206,0.03963636364,0.0743030303,0,0,-37066942.12,-37066942.12,0,0,539,28.9162147
540,0,-37066942.12,-36976425.14,4.470348358e-08,90516.97948,4.340564884e-15,0.008788908404,90516.97948,0.008788908404,1.422672304,23.5773277,1,92.32198485,0,0,-37066942.12,-37066942.12,0,0,540,28.9682622
541,0,-37066942.12,-37101914.35,4.470348358e-08,-34972.23608,4.340564884e-15,-0.003395691961,-34972.23608,-0.003395691961,1.262048113,1.262048113,0.02060606061,0.03443939394,0,0,-37066942.12,-37066942.12,0,0,541,29.01946306
542,0,-37066942.12,-37006827.82,3.725290298e-08,60114.29717,3.617137403e-15,0.005836905458,60114.29717,0.005836905458,1.073605348,16.92639465,1,68.11105051,0,0,-37066942.12,-37066942.12,0,0,542,29.05147195
543,0,-37066942.12,-37058531.5,2.980232239e-08,8410.618544,2.893709923e-15,0.0008166440863,8410.618544,0.0008166440863,2.206763641,2.206763641,0.03963636364,0.0936969697,0,0,-37066942.12,-37066942.12,0,0,543,29.09366989
544,0,-37066942.12,-36984928.34,4.470348358e-08,82013.77902,4.340564884e-15,0.007963274911,82013.77902,0.007963274911,1.864809027,17.13519097,1,63.21224747,0,0,-37066942.12,-37066942.12,0,0,544,29.15932298
545,0,-37066942.12,-35162341.18,4.470348358e-08,1904600.94,4.340564884e-15,0.1849306428,1904600.94,0.1849306428,1.262048113,739.8995806,1.662444444,2746.218444,0,0,-37066942.12,-37066942.12,0,0,545,29.22896171
546,0,-37066942.12,-36995563.9,-2.235174179e-08,71378.21882,-2.170282442e-15,0.006930596125,71378.21882,0.006930596125,10.13501625,10.13501625,0.04260606061,0.1259747475,0,0,-37066942.12,-37066942.12,0,0,546,29.39357162
547,0,-37066942.12,-37093903.61,3.725290298e-08,-26961.49365,3.617137403e-15,-0.002617874564,-26961.49365,-0.002617874564,2.023308585,2.023308585,0.01472222222,0.02922222222,0,0,-37066942.12,-37066942.12,0,0,547,29.60897541
548,0,-37066942.12,-36907691.83,2.980232239e-08,159250.281,2.893709923e-15,0.01546269154,159250.281,0.01546269154,1.443476592,27.55652341,1,86.42637374,0,0,-37066942.12,-37066942.12,0,0,548,29.66701007
549,0,-37066942.12,-37029804.25,3.725290298e-08,37137.86425,3.617137403e-15,0.003605967511,37137.86425,0.003605967511,2.309342403,2.309342403,0.06309090909,0.1351868687,0,0,-37066942.12,-37066942.12,0,0,549,29.7398982
550,0,-37066942.12,-37274143.98,4.470348358e-08,-207201.8681,4.340564884e-15,-0.02011863686,-207201.8681,-0.02011863686,2.166565941,21.83343406,1,61.47024242,0,0,-37066942.12,-37066942.12,0,0,550,29.81767941
551,0,-37066942.12,-37140578.9,2.980232239e-08,-73636.7847,2.893709923e-15,-0.007149895628,-73636.7847,-0.007149895628,2.249162717,2.249162717,0.02016666667,0.05566161616,0,0,-37066942.12,-37066942.12,0,0,551,29.89020586
552,0,-37099275.45,-37003000.43,-32333.33213,63941.68408,-0.003139462851,0.006208532452,96275.01621,0.009347995303,1.272998868,18.72700113,1,61.30971212,0,0,-37066942.12,-37066942.12,0,0,552,29.94437528
553,0,-37066942.12,-37066601.42,5.960464478e-08,340.6957625,5.787419845e-15,3.308046587e-05,340.6957624,3.308046586e-05,1.550769936,1.550769936,0.02016666667,0.06101010101,0,0,-37066942.12,-37066942.12,0,0,553,29.99905682
554,0,-37083079.2,-37064781.44,-16137.08409,2160.676365,-0.001566859111,0.0002097947453,18297.76046,0.001776653856,1.274864809,27.72513519,1,116.4537374,0,0,-37066942.12,-37066942.12,0,0,554,30.04536486
555,0,-37066942.12,-37051825.91,4.470348358e-08,15116.20599,4.340564884e-15,0.001467735121,15116.20599,0.001467735121,1.354043236,1.354043236,0.02266666667,0.04938888889,0,0,-37066942.12,-37066942.12,0,0,555,30.13317776
556,0,-37066942.12,-37133250.26,2.980232239e-08,-66308.14304,2.893709923e-15,-0.006438308027,-66308.14304,-0.006438308027,1.326924988,26.67307501,1,56.55628283,0,0,-37066942.12,-37066942.12,0,0,556,30.2036562
557,0,-37066942.12,-37069443.86,4.470348358e-08,-2501.746286,4.340564884e-15,-0.0002429115408,-2501.746286,-0.0002429115408,2.08780263,2.08780263,0.04383333333,0.1209141414,0,0,-37066942.12,-37066942.12,0,0,557,30.30494046
558,0,-37066942.12,-37250564.02,4.470348358e-08,-183621.9021,4.340564884e-15,-0.01782909779,-183621.9021,-0.01782909779,2.073688127,25.92631187,1,72.74611616,0,0,-37066942.12,-37066942.12,0,0,558,30.35487533
559,0,-37099252.65,-37061627.22,-32310.52999,5314.894824,-0.003137248836,0.0005160592416,37625.42481,0.003653308078,1.374652608,1.374652608,0.02266666667,0.06709090909,0,0,-37066942.12,-37066942.12,0,0,559,30.41612768
560,0,-37069410.55,-37036373.28,-2468.436698,30568.83683,-0.0002396772867,0.002968136016,33037.27353,0.003207813303,1.301907466,1.301907466,0.02175757576,0.03459090909,0,0,-37066942.12,-37066942.12,0,0,560,30.43936563
561,0,-37066942.12,-37281742.6,2.980232239e-08,-214800.4837,2.893709923e-15,-0.02085643806,-214800.4837,-0.02085643806,1.002810554,27.99718945,1,105.1321111,0,0,-37066942.12,-37066942.12,0,0,561,30.4811511
562,0,-37126428.27,-37156465.45,-59486.15007,-89523.33857,-0.005775914389,-0.008692429058,-30037.1885,-0.002916514669,2.597294912,2.597294912,0.04636363636,0.06725252525,0,0,-37066942.12,-37066942.12,0,0,562,30.53119588
563,0,-37103637.82,-36973522.12,-36695.70677,93419.99433,-0.003563035438,0.009070781835,130115.7011,0.01263381727,1.630444084,26.36955592,1,101.5137475,0,0,-37066942.12,-37066942.12,0,0,563,30.55524373
564,0,-37066942.12,-37154566.86,1.490116119e-08,-87624.74012,1.446854961e-15,-0.008508081238,-87624.74012,-0.008508081238,1.717163771,1.717163771,0.008055555556,0.01533333333,0,0,-37066942.12,-37066942.12,0,0,564,30.58738756
565,0,-37120539.61,-37027913.91,-53597.49434,39028.20798,-0.005204144803,0.003789513824,92625.70231,0.008993658628,0.5684357542,22.43156425,1,89.26743434,0,0,-37066942.12,-37066942.12,0,0,565,30.61904263
566,0,-37066942.12,-37035559.72,1.490116119e-08,31382.39607,1.446854961e-15,0.00304713001,31382.39607,0.00304713001,1.054954283,1.054954283,0.008055555556,0.01531818182,0,0,-37066942.12,-37066942.12,0,0,566,30.64780974
567,0,-37066942.12,-37367493.28,2.235174179e-08,-300551.1627,2.170282442e-15,-0.02918255398,-300551.1627,-0.02918255398,0.5953590105,21.40464099,1,68.37070707,0,0,-37066942.12,-37066942.12,0,0,567,30.68377137
568,0,-37111321.43,-37125280.38,-44379.31319,-58338.26256,-0.004309088979,-0.005664458194,-13958.94937,-0.001355369215,1.010071274,1.010071274,0.0105,0.01533333333,0,0,-37066942.12,-37066942.12,0,0,568,30.71285248
569,0,-37098901.31,-37098551.34,-31959.19487,-31609.22341,-0.003103135323,-0.003069154216,349.9714592,3.398110627e-05,0.514939146,15.48506085,1,74.1390202,0,0,-37066942.12,-37066942.12,0,0,569,30.73492217
570,0,-37066942.12,-37039079.47,2.980232239e-08,27862.64504,2.893709923e-15,0.002705373473,27862.64504,0.002705373473,0.442459015,0.442459015,0.008055555556,0.01283333333,0,0,-37066942.12,-37066942.12,0,0,570,30.7654748
571,0,-37066942.12,-37121911.07,2.980232239e-08,-54968.95644,2.893709923e-15,-0.005337309376,-54968.95644,-0.005337309376,0.442459015,26.55754099,1,103.324803,0,0,-37066942.12,-37066942.12,0,0,571,30.7864964
572,0,-37127570.9,-37153314.25,-60628.78378,-86372.13174,-0.005886860458,-0.008386456981,-25743.34796,-0.002499596524,0.7981073236,0.7981073236,0.008055555556,0.02473737374,0,0,-37066942.12,-37066942.12,0,0,572,30.81840134
573,0,-37127570.9,-37155121.69,-60628.78378,-88179.57454,-0.005886860458,-0.00856195388,-27550.79076,-0.002675093423,0.7981073236,17.20189268,1,76.15216162,0,0,-37066942.12,-37066942.12,0,0,573,30.83950377
574,0,-37090644.8,-37075132.17,-23702.68438,-8190.057139,-0.002301454635,-0.0007952282813,15512.62724,0.001506226354,0.8768997769,0.8768997769,0.008055555556,0.01812626263,0,0,-37066942.12,-37066942.12,0,0,574,30.8644228
575,0,-37081263.25,-37153029.24,-14321.13297,-86087.12205,-0.001390536081,-0.008358783454,-71765.98908,-0.006968247374,0.4489219375,29.55107806,1,118.4443788,0,0,-37066942.12,-37066942.12,0,0,575,30.88793826
576,0,-37099091.98,-37092498.06,-32149.86192,-25555.94779,-0.003121648482,-0.002481400568,6593.914128,0.000640247914,0.8406103026,0.8406103026,0.007277777778,0.01383333333,0,0,-37066942.12,-37066942.12,0,0,576,30.91346574
577,0,-37088283.46,-37129818.67,-21341.34313,-62876.54924,-0.002072175973,-0.006105111275,-41535.20611,-0.004032935302,0.3475355103,19.65246449,1,87.18574747,0,0,-37066942.12,-37066942.12,0,0,577,30.93648887
578,0,-37079374.98,-37074670.87,-12432.86551,-7728.757045,-0.001207191366,-0.0007504375216,4704.108461,0.0004567538447,0.3838249846,0.3838249846,0.008055555556,0.01527777778,0,0,-37066942.12,-37066942.12,0,0,578,30.95863509
579,0,-37079374.98,-37160323.28,-12432.86551,-93381.16762,-0.001207191366,-0.009067011886,-80948.30211,-0.00785982052,0.3838249846,9.616175015,1,39.0685202,0,0,-37066942.12,-37066942.12,0,0,579,30.97974014
580,0,-37089086.57,-37093301.18,-22144.45582,-26359.06048,-0.002150155639,-0.002559380234,-4214.604655,-0.000409224595,0.3475355103,0.3475355103,0.007277777778,0.01383333333,0,0,-37066942.12,-37066942.12,0,0,580,31.00301695
581,0,-37089086.57,-37116205.9,-22144.45582,-49263.78914,-0.002150155639,-0.004783355928,-27119.33332,-0.002633200289,0.3475355103,27.65246449,1,124.3422525,0,0,-37066942.12,-37066942.12,0,0,581,31.02155423
582,0,-37079033.17,-37074329.06,-12091.05291,-7386.944449,-0.001174002459,-0.0007172486148,4704.108461,0.0004567538447,0.3838249846,0.3838249846,0.008055555556,0.01527777778,0,0,-37066942.12,-37066942.12,0,0,582,31.0440681
583,0,-37079033.17,-37145207.14,-12091.05291,-78265.01974,-0.001174002459,-0.007599282407,-66173.96683,-0.006425279948,0.3838249846,21.61617502,1,89.25693939,0,0,-37066942.12,-37066942.12,0,0,583,31.06560564
584,0,-37089086.57,-34543590.2,-22144.45582,2523351.92,-0.002150155639,0.2450093786,2545496.376,0.2471595342,0.3475355103,667.0183863,1.284666667,2532.441394,0,0,-37066942.12,-37066942.12,0,0,584,31.08785295
585,0,-37066942.12,-37234851.82,0,-167909.7089,0,-0.01630349422,-167909.7089,-0.01630349422,10.93535152,10.93535152,0.1115,0.3240151515,0,0,-37066942.12,-37066942.12,0,0,585,31.17986298
586,0,-37090619.12,-37091819.94,-23677.00811,-24877.82748,-0.002298961551,-0.002415557261,-1200.819374,-0.00011659571,1.024445266,1.024445266,0.01818181818,0.04384848485,0,0,-37066942.12,-37066942.12,0,0,586,31.27238512
587,0,-37066942.12,-37037449.53,2.980232239e-08,29492.58696,2.893709923e-15,0.002863635606,29492.58696,0.002863635606,0.9549221293,24.04507787,1,87.39576263,0,0,-37066942.12,-37066942.12,0,0,587,31.31126785
588,0,-37066942.12,-37028923.1,2.980232239e-08,38019.0189,2.893709923e-15,0.003691524801,38019.0189,0.003691524801,2.119092291,2.119092291,0.02575757576,0.05737878788,0,0,-37066942.12,-37066942.12,0,0,588,31.3684032
589,0,-37066942.12,-37205864.87,2.980232239e-08,-138922.7545,2.893709923e-15,-0.01348895391,-138922.7545,-0.01348895391,1.525869725,27.47413027,1,119.4027374,0,0,-37066942.12,-37066942.12,0,0,589,31.39775205
590,0,-37075373.55,-37035749.02,-8431.43872,31193.09887,-0.0008186656586,0.003028749858,39624.53759,0.003847415517,1.303684142,1.303684142,0.02575757576,0.0417020202,0,0,-37066942.12,-37066942.12,0,0,590,31.43054533
591,0,-37066942.12,-37198930.13,3.725290298e-08,-131988.0158,3.617137403e-15,-0.01281561303,-131988.0158,-0.01281561303,0.8633932283,12.13660677,1,46.1765404,0,0,-37066942.12,-37066942.12,0,0,591,31.46058011
592,0,-37089240.72,-37116409.52,-22298.60298,-49467.40209,-0.002165122834,-0.004803126092,-27168.7991,-0.002638003258,0.5367654486,0.5367654486,0.01238888889,0.02531818182,0,0,-37066942.12,-37066942.12,0,0,592,31.49193621
593,0,-37089240.72,-37087644.64,-22298.60298,-20702.52303,-0.002165122834,-0.00201014859,1596.079951,0.0001549742443,0.5367654486,9.463234551,1,37.05028788,0,0,-37066942.12,-37066942.12,0,0,593,31.51058316
594,0,-37066942.12,-37020622.53,4.470348358e-08,46319.58411,4.340564884e-15,0.004497483062,46319.58411,0.004497483062,1.012075809,1.012075809,0.02575757576,0.0442020202,0,0,-37066942.12,-37066942.12,0,0,594,31.54202914
595,0,-37066942.12,-37188245.65,4.470348358e-08,-121303.5313,4.340564884e-15,-0.01177818384,-121303.5313,-0.01177818384,1.012075809,28.98792419,1,114.4723838,0,0,-37066942.12,-37066942.12,0,0,595,31.57164073
596,0,-37089683.9,-37084390.49,-22741.78229,-17448.37829,-0.002208154124,-0.001694181572,5293.404003,0.0005139725518,1.087759134,1.087759134,0.02575757576,0.04392424242,0,0,-37066942.12,-37066942.12,0,0,596,31.59744954
597,0,-37077710.84,-37107072.94,-10768.72083,-40130.82582,-0.001045608256,-0.00389657448,-29362.10498,-0.002850966225,0.7228098547,0.7228098547,0.01238888889,0.02566666667,0,0,-37066942.12,-37066942.12,0,0,597,31.61950469
598,0,-37081857.77,-37067460.07,-14915.6503,-517.9505563,-0.001448261807,-5.029133786e-05,14397.69974,0.001397970469,0.5399843699,23.46001563,1,103.2768838,0,0,-37066942.12,-37066942.12,0,0,598,31.64149714
599,0,-37066942.12,-35554481.27,5.215406418e-08,1512460.848,5.063992364e-15,0.1468550976,1512460.848,0.1468550976,1.012075809,706.9879242,1.297277778,2589.654889,0,0,-37066942.12,-37066942.12,0,0,599,31.67008567
600,0,-37066942.12,-37046380.71,3.725290298e-08,20561.40252,3.617137403e-15,0.001996446241,20561.40252,0.001996446241,13.64891898,13.64891898,0.1755151515,0.4484646465,0,0,-37066942.12,-37066942.12,0,0,600,31.84329391
601,0,-37066942.12,-36989336.55,8.195638657e-08,77605.56234,7.957702287e-15,0.007535251208,77605.56234,0.007535251208,3.798305529,3.798305529,0.08854545455,0.2211818182,0,0,-37066942.12,-37066942.12,0,0,601,32.08016968
602,0,-37066942.12,-37042646.59,8.195638657e-08,24295.53077,7.957702287e-15,0.002359018118,24295.53077,0.002359018118,2.16444209,2.16444209,0.01866666667,0.06432323232,0,0,-37066942.12,-37066942.12,0,0,602,32.155267
603,0,-37066942.12,-37491465.13,8.195638657e-08,-424523.0159,7.957702287e-15,-0.04121982333,-424523.0159,-0.04121982333,1.885775987,21.11422401,1,55.32282828,0,0,-37066942.12,-37066942.12,0,0,603,32.18574953
604,0,-37093530.07,-37056608.25,-26587.95319,10333.86326,-0.002581604983,0.00100338498,36921.81645,0.003584989963,1.307043451,1.307043451,0.005055555556,0.02014646465,0,0,-37066942.12,-37066942.12,0,0,604,32.22790504
605,0,-37066942.12,-37330614.21,8.195638657e-08,-263672.09,7.957702287e-15,-0.02560171429,-263672.09,-0.02560171429,0.5433796285,25.45662037,1,78.52042929,0,0,-37066942.12,-37066942.12,0,0,605,32.27997279
606,0,-37096856.7,-37101300.23,-29914.5844,-34358.11059,-0.002904610204,-0.003336062346,-4443.52619,-0.0004314521419,1.564324618,1.564324618,0.01860606061,0.04301010101,0,0,-37066942.12,-37066942.12,0,0,606,32.32457757
607,0,-37110190.68,-37344704.67,-43248.56745,-277762.5543,-0.004199297194,-0.02696985319,-234513.9869,-0.022770556,1.130463263,19.86953674,1,61.3120303,0,0,-37066942.12,-37066942.12,0,0,607,32.3749609
608,0,-37066942.12,-37021686.37,7.450580597e-08,45255.74619,7.234274806e-15,0.004394187812,45255.74619,0.004394187812,1.475888639,1.475888639,0.01327272727,0.03208080808,0,0,-37066942.12,-37066942.12,0,0,608,32.42423725
609,0,-37066942.12,-37286557.55,7.450580597e-08,-219615.4333,7.234274806e-15,-0.02132395423,-219615.4333,-0.02132395423,1.195859677,26.80414032,1,88.34309596,0,0,-37066942.12,-37066942.12,0,0,609,32.54051042
610,0,-37184172.24,-37162355.47,-117230.1269,-95413.35069,-0.01138266934,-0.009264330345,21816.77621,0.002118339,1.263687464,1.263687464,0.01309090909,0.03743939394,0,0,-37066942.12,-37066942.12,0,0,610,32.60356998
611,0,-37160409.33,-37271869.1,-93467.21693,-204926.987,-0.009075366998,-0.0198977532,-111459.7701,-0.0108223862,1.007281608,21.99271839,1,70.29770202,0,0,-37066942.12,-37066942.12,0,0,611,32.65131164
612,0,-37076893.14,-37029263.83,-9951.027539,37678.28801,-0.0009662128593,0.003658440925,47629.31555,0.004624653784,1.458792388,1.458792388,0.01290909091,0.03208080808,0,0,-37066942.12,-37066942.12,0,0,612,32.684793
613,0,-37066942.12,-37259398.25,8.195638657e-08,-192456.1322,7.957702287e-15,-0.0186868732,-192456.1322,-0.0186868732,1.038181935,24.96181807,1,70.40747475,0,0,-37066942.12,-37066942.12,0,0,613,32.76882386
614,0,-37184097.99,-37166753.96,-117155.8739,-99811.84345,-0.01137545961,-0.009691409885,17344.03041,0.001684049727,1.740997685,1.740997685,0.01860606061,0.05584848485,0,0,-37066942.12,-37066942.12,0,0,614,32.83458614
615,0,-37170491.18,-37184705.14,-103549.062,-117763.026,-0.01005428182,-0.01143441214,-14213.96401,-0.001380130319,1.42732926,18.57267074,1,48.18188889,0,0,-37066942.12,-37066942.12,0,0,615,32.87505937
616,0,-37066942.12,-37012229.46,6.705522537e-08,54712.6549,6.510847326e-15,0.005312423318,54712.6549,0.005312423318,2.348136005,2.348136005,0.01551515152,0.04135353535,0,0,-37066942.12,-37066942.12,0,0,616,32.93113518
617,0,-37066942.12,-37428996.65,6.705522537e-08,-362054.5363,6.510847326e-15,-0.0351543343,-362054.5363,-0.0351543343,1.566047587,23.43395241,1,64.22346465,0,0,-37066942.12,-37066942.12,0,0,617,32.98947716
618,0,-37202796.27,-37175241.62,-135854.1536,-108299.5089,-0.0131910026,-0.01051553498,27554.64468,0.002675467626,2.203266647,2.203266647,0.0563030303,0.1096515152,0,0,-37066942.12,-37066942.12,0,0,618,33.04547572
619,0,-37171724.32,-37306917.91,-104782.2074,-239975.7901,-0.01017401629,-0.02330087958,-135193.5827,-0.01312686329,1.765753712,10.23424629,1,21.20526263,0,0,-37066942.12,-37066942.12,0,0,619,33.07491612
620,0,-37194538.34,-37200589.51,-127596.224,-133647.3894,-0.01238918413,-0.01297673288,-6051.165316,-0.000587548745,1.343885795,1.343885795,0.009944444444,0.03318181818,0,0,-37066942.12,-37066942.12,0,0,620,33.10901952
621,0,-37213490.97,-37322919.85,-146548.8532,-255977.7385,-0.01422942364,-0.02485461744,-109428.8853,-0.01062519381,0.9020861631,25.09791384,1,97.33780303,0,0,-37066942.12,-37066942.12,0,0,621,33.1400218
622,0,-37197334.79,-37167850.25,-130392.6721,-100908.1361,-0.01266071027,-0.009797856382,29484.53608,0.002862853891,2.347374518,2.347374518,0.03024242424,0.06718181818,0,0,-37066942.12,-37066942.12,0,0,622,33.17427397
623,0,-37169664.31,-37326994.47,-102722.1933,-260052.3503,-0.009973995525,-0.02525024918,-157330.157,-0.01527625366,1.290268638,25.70973136,1,95.50746465,0,0,-37066942.12,-37066942.12,0,0,623,33.21227503
624,0,-37146076.23,-37086675.38,-79134.11839,-19733.26004,-0.007683669099,-0.001916036262,59400.85835,0.005767632837,1.750813503,1.750813503,0.01296969697,0.03547474747,0,0,-37066942.12,-37066942.12,0,0,624,33.24397254
625,0,-37094797.65,-36958877.44,-27855.53767,108064.6708,-0.00270468337,0.01049273295,135920.2085,0.01319741632,0.8443939666,22.15560603,1,51.65623737,0,0,-37066942.12,-37066942.12,0,0,625,33.26827359
626,0,-37095396.62,-37107603.13,-28454.50411,-40661.01174,-0.002762841091,-0.003948053833,-12206.50763,-0.001185212742,1.28264934,1.28264934,0.03024242424,0.06263636364,0,0,-37066942.12,-37066942.12,0,0,626,33.29944921
627,0,-37116233.56,-37140539.35,-49291.4468,-73597.23491,-0.004786041398,-0.007146055471,-24305.78811,-0.002360014073,1.037619513,1.037619513,0.009944444444,0.03372727273,0,0,-37066942.12,-37066942.12,0,0,627,33.32730603
628,0,-37139811.26,-37173271.81,-72869.14269,-106329.693,-0.007075360051,-0.01032427217,-33460.55027,-0.003248912118,0.9237019183,21.07629808,1,43.19760606,0,0,-37066942.12,-37066942.12,0,0,628,33.35692883
629,0,-37066942.12,-37035988.25,6.705522537e-08,30953.86388,6.510847326e-15,0.003005520909,30953.86388,0.003005520909,1.939420018,1.939420018,0.03024242424,0.05911616162,0,0,-37066942.12,-37066942.12,0,0,629,33.41729641
630,0,-37066942.12,-37029274.77,6.705522537e-08,37667.34692,6.510847326e-15,0.00365737858,37667.34692,0.00365737858,1.259159142,1.259159142,0.01018181818,0.03044444444,0,0,-37066942.12,-37066942.12,0,0,630,33.45333982
631,0,-37066942.12,-37349048,6.705522537e-08,-282105.8827,6.510847326e-15,-0.02739157645,-282105.8827,-0.02739157645,0.947921175,29.05207882,1,107.4918586,0,0,-37066942.12,-37066942.12,0,0,631,33.52490568
632,0,-37193841.7,-37180223.4,-126899.5801,-113281.2796,-0.01232154223,-0.01099924894,13618.30046,0.001322293299,1.317132042,1.317132042,0.01521212121,0.03972727273,0,0,-37066942.12,-37066942.12,0,0,632,33.56651282
633,0,-37189238.26,-37310134.85,-122296.1464,-243192.7345,-0.01187456359,-0.02361323456,-120896.588,-0.01173867096,1.062541426,19.93745857,1,62.21985354,0,0,-37066942.12,-37066942.12,0,0,633,33.61402512
634,0,-37122500.05,-37099474.93,-55557.93506,-32532.8121,-0.005394497311,-0.003158831717,23025.12296,0.002235665594,0.9555505384,0.9555505384,0.01036363636,0.02493434343,0,0,-37066942.12,-37066942.12,0,0,634,33.64816499
635,0,-37092752.5,-37206252.31,-25810.3808,-139310.1916,-0.002506105197,-0.01352657281,-113499.8108,-0.01102046761,0.5179628046,9.482037195,1,26.11088889,0,0,-37066942.12,-37066942.12,0,0,635,33.67411876
636,0,-37066942.12,-37040386.69,6.705522537e-08,26555.42929,6.510847326e-15,0.002578447016,26555.42929,0.002578447016,0.917047888,0.917047888,0.01090909091,0.02468686869,0,0,-37066942.12,-37066942.12,0,0,636,33.70345831
637,0,-37066942.12,-37263611.65,6.705522537e-08,-196669.5342,6.510847326e-15,-0.01909598102,-196669.5342,-0.01909598102,0.6842666425,26.31573336,1,82.38215152,0,0,-37066942.12,-37066942.12,0,0,637,33.76326418
638,0,-37143697.5,-37136081.36,-76755.38071,-69139.24117,-0.007452701299,-0.006713198576,7616.139538,0.0007395027228,1.951661686,1.951661686,0.0536969697,0.1046565657,0,0,-37066942.12,-37066942.12,0,0,638,33.8029809
639,0,-37112625.55,-37233810.18,-45683.43455,-166868.0628,-0.00443571498,-0.01620235372,-121184.6283,-0.01176663874,1.514148752,9.485851248,1,26.15468182,0,0,-37066942.12,-37066942.12,0,0,639,33.82892537
640,0,-37066942.12,-37031764.04,8.195638657e-08,35178.07402,7.957702287e-15,0.003415678166,35178.07402,0.003415678166,1.24810711,1.24810711,0.01460606061,0.02838383838,0,0,-37066942.12,-37066942.12,0,0,640,33.86376357
641,0,-37066942.12,-37252179.68,7.450580597e-08,-185237.5627,7.234274806e-15,-0.01798597325,-185237.5627,-0.01798597325,0.8207951058,16.17920489,1,63.25626768,0,0,-37066942.12,-37066942.12,0,0,641,33.89582968
642,0,-37143014.39,-37130493.19,-76072.27408,-63551.06934,-0.007386373836,-0.006170605014,12521.20473,0.001215768822,1.8069756,1.8069756,0.0536969697,0.1046565657,0,0,-37066942.12,-37066942.12,0,0,642,33.93270159
643,0,-37108613.78,-37171219.7,-41671.66475,-104277.5796,-0.004046184999,-0.01012501855,-62605.91487,-0.006078833546,1.510886214,28.48911379,1,116.4295253,0,0,-37066942.12,-37066942.12,0,0,643,33.95915484
644,0,-37071310.04,-37031317.43,-4367.92433,35624.68303,-0.0004241114438,0.003459042468,39992.60736,0.003883153912,1.137252128,1.137252128,0.01090909091,0.02468686869,0,0,-37066942.12,-37066942.12,0,0,644,33.98871517
645,0,-37066942.12,-37251733.07,8.195638657e-08,-184790.9537,7.957702287e-15,-0.01794260895,-184790.9537,-0.01794260895,0.7816197948,16.21838021,1,63.26974242,0,0,-37066942.12,-37066942.12,0,0,645,34.02461338
646,0,-37144928.91,-37130046.58,-77986.79592,-63104.46033,-0.007572267767,-0.006127240711,14882.33559,0.001445027055,1.8069756,1.8069756,0.0536969697,0.1046565657,0,0,-37066942.12,-37066942.12,0,0,646,34.06855679
647,0,-37108167.17,-37100026.79,-41225.05574,-33084.67323,-0.004002820697,-0.003212415662,8140.382514,0.0007904050345,1.510886214,24.48911379,1,80.31021717,0,0,-37066942.12,-37066942.12,0,0,647,34.09547448
648,0,-37070733.41,-36626387.65,-3791.29786,440554.4676,-0.0003681228629,0.04277642587,444345.7655,0.04314454873,1.221506272,716.2708442,1.458833333,2769.802348,0,0,-37066942.12,-37066942.12,0,0,648,34.12459803
649,0,-37066942.12,-37144015.89,-7.450580597e-09,-77073.77908,-7.234274806e-16,-0.007483616759,-77073.77908,-0.007483616759,6.184551797,6.184551797,0.07521212121,0.2169747475,0,0,-37066942.12,-37066942.12,0,0,649,34.25589037
650,0,-37085080.68,-37076868.42,-18138.56025,-9926.307776,-0.001761196026,-0.0009638126497,8212.25247,0.0007973833767,1.825989602,1.825989602,0.02090909091,0.06737373737,0,0,-37066942.12,-37066942.12,0,0,650,34.33819127
651,0,-37066942.12,-37115469.36,2.235174179e-08,-48527.24177,2.170282442e-15,-0.004711839541,-48527.24177,-0.004711839541,1.640873979,22.35912602,1,45.16156566,0,0,-37066942.12,-37066942.12,0,0,651,34.39388251
652,0,-37090489.67,-37073661.84,-23547.55502,-6719.726107,-0.002286392072,-0.0006524638537,16827.82892,0.001633928218,1.705805709,1.705805709,0.01822222222,0.02009090909,0,0,-37066942.12,-37066942.12,0,0,652,34.44261003
653,0,-37066942.12,-37226934.59,4.470348358e-08,-159992.4712,4.340564884e-15,-0.01553475583,-159992.4712,-0.01553475583,0.6949177324,19.30508227,1,70.22325758,0,0,-37066942.12,-37066942.12,0,0,653,34.47659492
654,0,-37133269.03,-37122555.68,-66326.91516,-55613.56298,-0.00644013074,-0.005399898603,10713.35219,0.001040232138,1.724597176,1.724597176,0.01822222222,0.04438888889,0,0,-37066942.12,-37066942.12,0,0,654,34.52381754
655,0,-37078574.61,-36985480.31,-11632.49916,81461.80979,-0.001129478361,0.007909680469,93094.30895,0.00903915883,0.9299086013,10.0700914,1,24.1315404,0,0,-37066942.12,-37066942.12,0,0,655,34.55901885
656,0,-37066942.12,-37065782.6,5.215406418e-08,1159.511832,5.063992364e-15,0.0001125848801,1159.511832,0.0001125848801,1.794523947,1.794523947,0.01822222222,0.02087878788,0,0,-37066942.12,-37066942.12,0,0,656,34.6115799
657,0,-37066942.12,-37260217.47,6.705522537e-08,-193275.3561,6.510847326e-15,-0.01876641721,-193275.3561,-0.01876641721,0.7364470668,17.26355293,1,70.29073737,0,0,-37066942.12,-37066942.12,0,0,657,34.66056156
658,0,-37127412.03,-37104418.59,-60469.91693,-37476.47899,-0.005871434996,-0.003638845917,22993.43793,0.002232589079,1.779325446,1.779325446,0.01822222222,0.02087878788,0,0,-37066942.12,-37066942.12,0,0,658,34.69797468
659,0,-37073594.28,-37038058.95,-6652.166941,28883.17042,-0.0006459040753,0.002804463214,35535.33736,0.00345036729,0.5189010087,13.48109899,1,54.23876263,0,0,-37066942.12,-37066942.12,0,0,659,34.73076916
660,0,-37066942.12,-37043046.99,6.705522537e-08,23895.12633,6.510847326e-15,0.002320140131,23895.12633,0.002320140131,1.949300696,1.949300696,0.03593939394,0.07998484848,0,0,-37066942.12,-37066942.12,0,0,660,34.78037047
661,0,-37066942.12,-37164131.65,6.705522537e-08,-97189.53054,6.510847326e-15,-0.009436791711,-97189.53054,-0.009436791711,1.777565978,13.22243402,1,29.07805051,0,0,-37066942.12,-37066942.12,0,0,661,34.80835462
662,0,-37076046.92,-37051045.56,-9104.805101,15896.55727,-0.0008840473746,0.001543504728,25001.36237,0.002427552102,1.452362573,1.452362573,0.03593939394,0.04227272727,0,0,-37066942.12,-37066942.12,0,0,662,34.840734
663,0,-37066942.12,-37072592.48,5.960464478e-08,-5650.368565,5.787419845e-15,-0.0005486326659,-5650.368565,-0.0005486326659,0.344049516,0.344049516,0.006277777778,0.008878787879,0,0,-37066942.12,-37066942.12,0,0,663,34.87801099
664,0,-37067188.56,-37060387.4,-246.4464361,6554.716341,-2.392915855e-05,0.0006364419346,6801.162778,0.0006603710932,0.2194768849,12.78052312,1,38.36827273,0,0,-37066942.12,-37066942.12,0,0,664,34.91714525
665,0,-37080092.05,-37107821.85,-13149.93841,-40879.73086,-0.001276816846,-0.003969290758,-27729.79244,-0.002692473912,1.078543693,1.078543693,0.01822222222,0.04624242424,0,0,-37066942.12,-37066942.12,0,0,665,34.94921994
666,0,-37089806.05,-37110864.03,-22863.93732,-43921.91837,-0.002220014985,-0.004264677409,-21057.98105,-0.002044662424,0.8313138399,25.16868616,1,110.3979848,0,0,-37066942.12,-37066942.12,0,0,666,34.97182202
667,0,-37093302.39,-37083806.09,-26360.27297,-16863.97193,-0.002559497963,-0.001637437588,9496.301044,0.0009220603751,0.4651935548,0.4651935548,0.008777777778,0.01408585859,0,0,-37066942.12,-37066942.12,0,0,667,34.99608541
668,0,-37095614,-37160963.13,-28671.88691,-94021.01662,-0.002783948263,-0.009129139172,-65349.1297,-0.006345190908,0.342265378,10.65773462,1,37.20626768,0,0,-37066942.12,-37066942.12,0,0,668,35.01777744
669,0,-37092625.03,-37116413.98,-25682.91289,-49471.86342,-0.002493728472,-0.004803559273,-23788.95053,-0.002309830801,1.012776713,1.012776713,0.01822222222,0.04895959596,0,0,-37066942.12,-37066942.12,0,0,669,35.04179978
670,0,-37095093.16,-37110432.12,-28151.04236,-43490.00045,-0.002733375928,-0.004222739564,-15338.95809,-0.001489363636,0.8898485358,25.11015146,1,110.4057374,0,0,-37066942.12,-37066942.12,0,0,670,35.06311202
671,0,-37094934.15,-37084603.32,-27992.03324,-17661.20818,-0.002717936653,-0.001714846672,10330.82506,0.001003089981,0.4085637205,0.4085637205,0.008777777778,0.0116010101,0,0,-37066942.12,-37066942.12,0,0,671,35.08708906
672,0,-37099910.76,-37125321.32,-32968.64103,-58379.20473,-0.003201149308,-0.005668433547,-25410.56369,-0.002467284238,0.2856355437,10.71436446,1,23.14739394,0,0,-37066942.12,-37066942.12,0,0,672,35.10911179
673,0,-37100918.14,-37115937.99,-33976.02522,-48995.87224,-0.003298963082,-0.004757342056,-15019.84702,-0.001458378974,0.9478595855,0.9478595855,0.01822222222,0.04647474747,0,0,-37066942.12,-37066942.12,0,0,673,35.132622
674,0,-37095754.17,-37131869.84,-28812.05465,-64927.72255,-0.002797558101,-0.006304273625,-36115.6679,-0.003506715524,0.8332187016,9.166781298,1,41.15377778,0,0,-37066942.12,-37066942.12,0,0,674,35.15406227
675,0,-37094052.41,-37083491.21,-27110.29484,-16549.09299,-0.002632322681,-0.001606863853,10561.20185,0.001025458828,0.4085637205,0.4085637205,0.008777777778,0.0116010101,0,0,-37066942.12,-37066942.12,0,0,675,35.1782515
676,0,-37096364.02,-37154098.97,-29421.90878,-87156.85163,-0.002856772981,-0.008462650766,-57734.94285,-0.005605877785,0.2856355437,20.71436446,1,82.3414697,0,0,-37066942.12,-37066942.12,0,0,676,35.20053387
677,0,-37092463.92,-37116252.87,-25521.80065,-49310.75118,-0.00247808499,-0.004787915791,-23788.95053,-0.002309830801,1.012776713,1.012776713,0.01822222222,0.04895959596,0,0,-37066942.12,-37066942.12,0,0,677,35.22406173
678,0,-37099889.28,-37166444.96,-32947.16109,-99502.83926,-0.003199063675,-0.009661406569,-66555.67817,-0.006462342894,0.8898485358,18.11015146,1,74.22043939,0,0,-37066942.12,-37066942.12,0,0,678,35.2453177
679,0,-37103188.66,-37085225.74,-36246.54562,-18283.62052,-0.003519423331,-0.001775280913,17962.9251,0.001744142417,0.4002764277,0.4002764277,0.008777777778,0.01469191919,0,0,-37066942.12,-37066942.12,0,0,679,35.27021122
680,0,-37096610.37,-37152140.16,-29668.25367,-85198.04019,-0.00288069228,-0.008272456457,-55529.78652,-0.005391764178,0.3560775327,18.64392247,1,80.35339394,0,0,-37066942.12,-37066942.12,0,0,680,35.29282475
681,0,-37092300.39,-37114176.53,-25358.27777,-47234.41105,-0.002462207443,-0.004586309824,-21876.13328,-0.002124102381,0.9271413535,0.9271413535,0.01822222222,0.0452020202,0,0,-37066942.12,-37066942.12,0,0,681,35.31662846
682,0,-37094612.01,-37116631.26,-27669.89172,-49689.14896,-0.002686657743,-0.004824657002,-22019.25724,-0.002137999258,0.8042131767,22.19578682,1,88.33079798,0,0,-37066942.12,-37066942.12,0,0,682,35.33813334
683,0,-37093245.19,-37084294.32,-26303.06972,-17352.20568,-0.002553943712,-0.00168484352,8950.864046,0.0008691001919,0.4941990796,0.4941990796,0.008777777778,0.01535858586,0,0,-37066942.12,-37066942.12,0,0,683,35.3620677
684,0,-37095556.8,-37140607.65,-28614.68367,-73665.53784,-0.002778394012,-0.007152687466,-45050.85418,-0.004374293454,0.3712709028,26.6287291,1,117.4903333,0,0,-37066942.12,-37066942.12,0,0,684,35.38404703
685,0,-37092300.39,-36028559.07,-25358.27777,1038383.05,-0.002462207443,0.1008236639,1063741.328,0.1032858714,0.9271413535,735.376726,1.443722222,2656.801237,0,0,-37066942.12,-37066942.12,0,0,685,35.40795469
686,0,-37066942.12,-36973445.4,-7.450580597e-09,93496.719,-7.234274806e-16,0.009078231555,93496.719,0.009078231555,6.361933339,6.361933339,0.0183030303,0.0486010101,0,0,-37066942.12,-37066942.12,0,0,686,35.5440948
687,0,-37066942.12,-37032296.56,3.725290298e-08,34645.55691,3.617137403e-15,0.003363972462,34645.55691,0.003363972462,1.965844291,1.965844291,0.0183030303,0.04748989899,0,0,-37066942.12,-37066942.12,0,0,687,35.69210958
688,0,-37066942.12,-37330900.95,3.725290298e-08,-263958.833,3.617137403e-15,-0.02562955612,-263958.833,-0.02562955612,1.726402613,14.27359739,1,37.32036364,0,0,-37066942.12,-37066942.12,0,0,688,35.71734095
689,0,-37148003.12,-37125442.37,-81061.00489,-58500.25233,-0.007870763598,-0.005680186881,22560.75256,0.002190576717,0.6659547235,0.6659547235,0.01355555556,0.02519191919,0,0,-37066942.12,-37066942.12,0,0,689,35.75071311
690,0,-37146303.68,-37233944.6,-79361.56677,-167002.4885,-0.007705753607,-0.01621540602,-87640.9217,-0.008509652418,0.6059754931,17.39402451,1,80.16976768,0,0,-37066942.12,-37066942.12,0,0,690,35.77259207
691,0,-37163185.98,-37178402.6,-96243.86072,-111460.4855,-0.009344970205,-0.01082245567,-15216.62476,-0.001477485462,0.7755949258,0.7755949258,0.01755555556,0.03222222222,0,0,-37066942.12,-37066942.12,0,0,691,35.79836416
692,0,-37163185.98,-37256322.68,-96243.86072,-189380.5614,-0.009344970205,-0.01838824513,-93136.70068,-0.00904327493,0.7755949258,20.22440507,1,90.19089394,0,0,-37066942.12,-37066942.12,0,0,692,35.81718993
693,0,-37157793.03,-37136070.03,-90850.91862,-69127.918,-0.008821332824,-0.006712099132,21723.00063,0.002109233691,0.3979057996,0.3979057996,0.01355555556,0.0141010101,0,0,-37066942.12,-37066942.12,0,0,693,35.84147882
694,0,-37154918.56,-37236678.62,-87976.44132,-169736.4995,-0.008542230297,-0.01648086973,-81760.05822,-0.007938639434,0.3532130621,13.64678694,1,59.0869697,0,0,-37066942.12,-37066942.12,0,0,694,35.86029696
695,0,-37164777.51,-37179994.14,-97835.39501,-113052.0198,-0.009499503081,-0.01097698854,-15216.62476,-0.001477485462,0.7755949258,0.7755949258,0.01755555556,0.03222222222,0,0,-37066942.12,-37066942.12,0,0,695,35.88346696
696,0,-37164777.51,-37256968.6,-97835.39501,-190026.4795,-0.009499503081,-0.01845096171,-92191.08445,-0.008951458628,0.7755949258,16.22440507,1,78.15433333,0,0,-37066942.12,-37066942.12,0,0,696,35.90219998
697,0,-37157793.03,-35471348.2,-90850.91862,1595593.919,-0.008821332824,0.1549270522,1686444.837,0.163748385,0.3979057996,699.3730439,1.427055556,2562.71451,0,0,-37066942.12,-37066942.12,0,0,697,35.92662716
698,0,-37066942.12,-37031896.7,1.490116119e-08,35045.41216,1.446854961e-15,0.003402797124,35045.41216,0.003402797124,8.354253264,8.354253264,0.07883333333,0.2927727273,0,0,-37066942.12,-37066942.12,0,0,698,36.1257081
699,0,-37066942.12,-37059154.33,1.490116119e-08,7787.788044,1.446854961e-15,0.0007561692422,7787.788044,0.0007561692422,0.4613166744,0.4613166744,0.005090909091,0.01444949495,0,0,-37066942.12,-37066942.12,0,0,699,36.2797246
700,0,-37066942.12,-37147130.78,1.490116119e-08,-80188.66137,1.446854961e-15,-0.00778606184,-80188.66137,-0.00778606184,0.2761503291,22.72384967,1,73.3694899,0,0,-37066942.12,-37066942.12,0,0,700,36.33406496
701,0,-37155361.96,-37125562.5,-88419.83954,-58620.38045,-0.008585282841,-0.005691850935,29799.4591,0.002893431906,1.70499075,1.70499075,0.03905555556,0.08457070707,0,0,-37066942.12,-37066942.12,0,0,701,36.37595844
702,0,-37093298.46,-37107936.2,-26356.34097,-40994.08479,-0.002559116178,-0.003980394158,-14637.74383,-0.00142127798,1.221711269,27.77828873,1,102.6815808,0,0,-37066942.12,-37066942.12,0,0,702,36.40594649
703,0,-37066942.12,-37049731.53,1.490116119e-08,17210.58954,1.446854961e-15,0.001671093047,17210.58954,0.001671093047,0.7349421827,0.7349421827,0.01163636364,0.01975757576,0,0,-37066942.12,-37066942.12,0,0,703,36.43746519
704,0,-37066942.12,-37293907.98,2.235174179e-08,-226965.8624,2.170282442e-15,-0.02203765732,-226965.8624,-0.02203765732,0.5026128334,21.49738717,1,92.40175758,0,0,-37066942.12,-37066942.12,0,0,704,36.47046828
705,0,-37097493.6,-37079132.31,-30551.48492,-12190.19076,-0.002966451202,-0.001183628427,18361.29417,0.001782822776,0.6911696062,0.6911696062,0.01163636364,0.0156969697,0,0,-37066942.12,-37066942.12,0,0,705,36.49590445
706,0,-37084761.36,-37141508.5,-17819.24666,-74566.38726,-0.001730191701,-0.007240157055,-56747.1406,-0.005509965354,0.3581016024,17.6418984,1,96.29307071,0,0,-37066942.12,-37066942.12,0,0,706,36.51868129
707,0,-37078963.75,-37085572.29,-12021.62963,-18630.17346,-0.001167261681,-0.001808930093,-6608.543831,-0.0006416684113,0.7395749754,0.7395749754,0.01981818182,0.04164646465,0,0,-37066942.12,-37066942.12,0,0,707,36.54127502
708,0,-37066942.12,-37116987.62,2.235174179e-08,-50045.50799,2.170282442e-15,-0.004859258321,-50045.50799,-0.004859258321,0.7395749754,17.26042502,1,93.0789596,0,0,-37066942.12,-37066942.12,0,0,708,36.56199813
709,0,-37066942.12,-36007830.1,2.980232239e-08,1059112.018,2.893709923e-15,0.1028363802,1059112.018,0.1028363802,1.195932644,659.3351877,1.414777778,2537.940672,0,0,-37066942.12,-37066942.12,0,0,709,36.58421397
710,0,-37066942.12,-37029782.7,-2.235174179e-08,37159.41694,-2.170282442e-15,0.003608060209,37159.41694,0.003608060209,10.61821191,10.61821191,0.04175757576,0.06365656566,0,0,-37066942.12,-37066942.12,0,0,710,36.80494213
711,0,-37066942.12,-37014700.95,1.490116119e-08,52241.16942,1.446854961e-15,0.005072450004,52241.16942,0.005072450004,2.394828933,2.394828933,0.01345454545,0.0218989899,0,0,-37066942.12,-37066942.12,0,0,711,37.03671288
712,0,-37066942.12,-37176825.66,0,-109883.5446,0,-0.01066933976,-109883.5446,-0.01066933976,1.549438022,12.45056198,1,22.14781313,0,0,-37066942.12,-37066942.12,0,0,712,37.07361531
713,0,-37172252.34,-37188850.43,-105310.2224,-121908.3138,-0.01022528484,-0.01183690629,-16598.09147,-0.001611621449,3.569864822,3.569864822,0.05066666667,0.1185050505,0,0,-37066942.12,-37066942.12,0,0,713,37.13930559
714,0,-37186910.26,-37075003.06,-119968.1458,-8060.942464,-0.0116485222,-0.0007826916604,111907.2033,0.01086583054,3.423107355,11.57689264,1,5.359156566,0,0,-37066942.12,-37066942.12,0,0,714,37.16240335
715,0,-37066942.12,-37091712.14,2.235174179e-08,-24770.02467,2.170282442e-15,-0.002405089954,-24770.02467,-0.002405089954,1.361563247,1.361563247,0.01818181818,0.03885353535,0,0,-37066942.12,-37066942.12,0,0,715,37.21017551
716,0,-37109497.14,-37154594.47,-42555.02615,-87652.34967,-0.004131956558,-0.008510762036,-45097.32352,-0.004378805479,0.8857529218,21.11424708,1,85.22674242,0,0,-37066942.12,-37066942.12,0,0,716,37.24938941
717,0,-37102267.69,-37074182.11,-35325.57646,-7239.99612,-0.003430000179,-0.0007029804033,28085.58034,0.002727019775,1.448614032,1.448614032,0.01088888889,0.03984848485,0,0,-37066942.12,-37066942.12,0,0,717,37.28390479
718,0,-37078524.47,-37192938.5,-11582.35321,-125996.3792,-0.00112460935,-0.01223384433,-114414.026,-0.01110923498,1.007341037,17.99265896,1,74.36565657,0,0,-37066942.12,-37066942.12,0,0,718,37.31265068
719,0,-37095994.6,-37170371.65,-29052.48334,-103429.5316,-0.002820902956,-0.0100426758,-74377.04823,-0.007221772843,1.874368666,1.874368666,0.01338888889,0.03407070707,0,0,-37066942.12,-37066942.12,0,0,719,37.34687734
720,0,-37135300.52,-37059154.02,-68358.40054,7788.096057,-0.006637381455,0.0007561991494,76146.49659,0.007393580604,0.8453871002,29.1546129,1,132.4563434,0,0,-37066942.12,-37066942.12,0,0,720,37.37208915
721,0,-37066942.12,-37046477.57,1.490116119e-08,20464.54853,1.446854961e-15,0.001987042029,20464.54853,0.001987042029,1.411654916,1.411654916,0.01818181818,0.04736363636,0,0,-37066942.12,-37066942.12,0,0,721,37.4299953
722,0,-37071030.76,-37107143.56,-4088.639469,-40201.43939,-0.0003969937794,-0.003903430832,-36112.79992,-0.003506437052,1.1672835,12.8327165,1,33.1330404,0,0,-37066942.12,-37066942.12,0,0,722,37.46747661
723,0,-37103434.83,-37177244.09,-36492.71159,-110301.9718,-0.003543325257,-0.0107099677,-73809.26017,-0.007166642443,1.972236873,1.972236873,0.01751515152,0.04091919192,0,0,-37066942.12,-37066942.12,0,0,723,37.50313783
724,0,-37132061.93,-37059483.95,-65119.81743,7458.160996,-0.006322925422,0.000724163513,72577.97842,0.007047088935,1.059911359,16.94008864,1,81.24810606,0,0,-37066942.12,-37066942.12,0,0,724,37.52783751
725,0,-37066942.12,-37030615.48,7.450580597e-09,36326.63853,7.234274806e-16,0.003527200095,36326.63853,0.003527200095,1.501247298,1.501247298,0.01818181818,0.04736363636,0,0,-37066942.12,-37066942.12,0,0,725,37.55848145
726,0,-37066942.12,-37254555.36,1.490116119e-08,-187613.2458,1.446854961e-15,-0.01821664446,-187613.2458,-0.01821664446,1.202820596,20.7971794,1,76.24621717,0,0,-37066942.12,-37066942.12,0,0,726,37.58464098
727,0,-37121640.11,-37190250.95,-54697.9893,-123308.8359,-0.005310999335,-0.0119728925,-68610.84662,-0.00666189316,1.873319973,1.873319973,0.01278787879,0.03688888889,0,0,-37066942.12,-37066942.12,0,0,727,37.6283772
728,0,-37149244.52,-37072215.39,-82302.40855,-5273.274445,-0.007991299912,-0.0005120180363,77029.13411,0.007479281876,0.9604753075,23.03952469,1,95.35122727,0,0,-37066942.12,-37066942.12,0,0,728,37.65389466
729,0,-37066942.12,-37071238.43,1.490116119e-08,-4296.312999,1.446854961e-15,-0.0004171582132,-4296.312999,-0.0004171582132,1.490812173,1.490812173,0.01345454545,0.04333333333,0,0,-37066942.12,-37066942.12,0,0,729,37.68920398
730,0,-37081712.06,-37085053.91,-14769.94073,-18111.78929,-0.001434113875,-0.001758596653,-3341.848565,-0.0003244827778,1.067847449,22.93215255,1,87.4109899,0,0,-37066942.12,-37066942.12,0,0,730,37.71582389
731,0,-37085732.17,-37112892.53,-18790.04952,-45950.41747,-0.001824453545,-0.004461638165,-27160.36795,-0.00263718462,2.393719534,2.393719534,0.03188888889,0.1195858586,0,0,-37066942.12,-37066942.12,0,0,731,37.74997735
732,0,-37085732.17,-36916596.59,-18790.04952,150345.5267,-0.001824453545,0.01459806846,169135.5762,0.016422522,2.393719534,22.60628047,1,57.33173232,0,0,-37066942.12,-37066942.12,0,0,732,37.77279162
733,0,-37066942.12,-37019056.99,1.490116119e-08,47885.12599,1.446854961e-15,0.004649492158,47885.12599,0.004649492158,1.957301399,1.957301399,0.04581818182,0.1225151515,0,0,-37066942.12,-37066942.12,0,0,733,37.82635546
734,0,-37066942.12,-37150016.41,4.470348358e-08,-83074.28959,4.340564884e-15,-0.008066247086,-83074.28959,-0.008066247086,1.904431823,9.095568177,1,6.375474747,0,0,-37066942.12,-37066942.12,0,0,734,37.88203692
735,0,-37111897.61,-37168971.56,-44955.49563,-102029.4419,-0.004365034446,-0.009906731581,-57073.94626,-0.005541697135,1.933418459,1.933418459,0.02696969697,0.05107070707,0,0,-37066942.12,-37066942.12,0,0,735,37.91774535
736,0,-37158293.54,-37171126.07,-91351.42341,-104183.9532,-0.008869930233,-0.01011592772,-12832.52983,-0.00124599749,1.160662555,18.83933745,1,75.30061616,0,0,-37066942.12,-37066942.12,0,0,736,37.9448874
737,0,-37148664.67,-37189473.28,-81722.55667,-122531.1674,-0.007934998154,-0.01189738337,-40808.61068,-0.003962385217,1.325672963,1.325672963,0.01088888889,0.0337979798,0,0,-37066942.12,-37066942.12,0,0,737,37.97512555
738,0,-37149670.82,-37063631.86,-82728.70557,3310.257713,-0.008032691986,0.0003214154073,86038.96329,0.008354107393,0.8900333186,26.10996668,1,115.3990404,0,0,-37066942.12,-37066942.12,0,0,738,37.99965048
739,0,-37066942.12,-37047660.2,2.980232239e-08,19281.92073,2.893709923e-15,0.001872212662,19281.92073,0.001872212662,1.431428101,1.431428101,0.01909090909,0.04896969697,0,0,-37066942.12,-37066942.12,0,0,739,38.06038356
740,0,-37074369.7,-37176953.39,-7427.588877,-110011.271,-0.0007211950583,-0.01068174159,-102583.6821,-0.009960546529,1.196300487,26.80369951,1,115.4269394,0,0,-37066942.12,-37066942.12,0,0,740,38.08711886
741,0,-37118382.72,-37188395.94,-51440.60391,-121453.8211,-0.00499471766,-0.0117927765,-70013.21715,-0.006798058841,1.798183386,1.798183386,0.01088888889,0.0337979798,0,0,-37066942.12,-37066942.12,0,0,741,38.12582469
742,0,-37147702.16,-37065665.81,-80760.04531,1276.306017,-0.007841541388,0.0001239252209,82036.35133,0.007965466609,0.8900333186,23.10996668,1,92.33163636,0,0,-37066942.12,-37066942.12,0,0,742,38.15310502
743,0,-37066942.12,-37045668.79,4.470348358e-08,21273.32654,4.340564884e-15,0.00206557178,21273.32654,0.00206557178,1.550886015,1.550886015,0.01909090909,0.04896969697,0,0,-37066942.12,-37066942.12,0,0,743,38.20174694
744,0,-37071831.06,-37172986.71,-4888.941638,-106044.5902,-0.0004747005534,-0.01029658961,-101155.6486,-0.009821889056,1.196300487,20.80369951,1,81.24136364,0,0,-37066942.12,-37066942.12,0,0,744,38.23945951
745,0,-37121083.47,-37191746.48,-54141.35646,-124804.368,-0.005256952072,-0.01211810387,-70663.01157,-0.006861151794,1.899012115,1.899012115,0.01278787879,0.03688888889,0,0,-37066942.12,-37066942.12,0,0,745,38.27083373
746,0,-37150640.15,-37064321.36,-83698.03857,2620.756086,-0.00812681111,0.0002544670107,86318.79465,0.008381278121,0.9604753075,27.03952469,1,113.4270303,0,0,-37066942.12,-37066942.12,0,0,746,38.29731703
747,0,-37066942.12,-37071977.86,3.725290298e-08,-5035.743887,3.617137403e-15,-0.0004889545809,-5035.743887,-0.000488954581,1.49080751,1.49080751,0.01345454545,0.04333333333,0,0,-37066942.12,-37066942.12,0,0,747,38.33256698
748,0,-37082121.14,-37173544.08,-15179.0251,-106601.9597,-0.001473834656,-0.01035070839,-91422.93457,-0.008876873738,1.067847449,13.93215255,1,49.27150505,0,0,-37066942.12,-37066942.12,0,0,748,38.35950899
749,0,-37115555.94,-37192088.3,-48613.82797,-125146.1806,-0.004720246783,-0.01215129277,-76532.35265,-0.00743104599,2.071664049,2.071664049,0.01345454545,0.03755555556,0,0,-37066942.12,-37066942.12,0,0,749,38.39290333
750,0,-37148789.22,-37057649.37,-81847.10449,9292.741833,-0.007947091348,0.0009022954285,91139.84633,0.008849386777,0.9756686777,28.02433132,1,120.4507778,0,0,-37066942.12,-37066942.12,0,0,750,38.41779637
751,0,-37066942.12,-37067832.74,4.470348358e-08,-890.6248974,4.340564884e-15,-8.647682115e-05,-890.6248974,-8.647682115e-05,1.475629017,1.475629017,0.01278787879,0.04266666667,0,0,-37066942.12,-37066942.12,0,0,751,38.47809815
752,0,-37078611.81,-37182883.69,-11669.69476,-115941.5726,-0.001133089935,-0.01125755486,-104271.8779,-0.01012446492,1.052654078,9.947345922,1,30.18606061,0,0,-37066942.12,-37066942.12,0,0,752,38.50577474
753,0,-37117092.9,-36676662.14,-50150.78405,390279.9765,-0.004869480288,0.03789493402,440430.7605,0.04276441431,2.056470678,751.7994874,1.577611111,2658.501848,0,0,-37066942.12,-37066942.12,0,0,753,38.53319263
754,0,-37066942.12,-37149325.03,5.960464478e-08,-82382.91276,5.787419845e-15,-0.007999116613,-82382.91276,-0.007999116613,9.779943262,9.779943262,0.04278787879,0.1923484848,0,0,-37066942.12,-37066942.12,0,0,754,38.72250533
755,0,-37066942.12,-37111939.63,2.980232239e-08,-44997.51424,2.893709923e-15,-0.004369114317,-44997.51424,-0.004369114317,3.191358982,3.191358982,0.02272222222,0.06611111111,0,0,-37066942.12,-37066942.12,0,0,755,38.85090613
756,0,-37066942.12,-37001748.1,2.980232239e-08,65194.01408,2.893709923e-15,0.006330129679,65194.01408,0.006330129679,3.188275369,26.81172463,1,26.90868687,0,0,-37066942.12,-37066942.12,0,0,756,38.90458512
757,0,-37066942.12,-37069358.13,2.980232239e-08,-2416.016253,2.893709923e-15,-0.0002345874296,-2416.016253,-0.0002345874296,3.210084186,3.210084186,0.03212121212,0.07667676768,0,0,-37066942.12,-37066942.12,0,0,757,38.99547863
758,0,-37066942.12,-37001172.42,2.980232239e-08,65769.69264,2.893709923e-15,0.00638602622,65769.69264,0.00638602622,1.446146203,18.5538538,1,69.39284848,0,0,-37066942.12,-37066942.12,0,0,758,39.09853673
759,0,-37078156.9,-37071960.76,-11214.78225,-5018.644952,-0.001088919389,-0.0004872943292,6196.137296,0.0006016250594,1.15144905,1.15144905,0.01877777778,0.04475757576,0,0,-37066942.12,-37066942.12,0,0,759,39.20135665
760,0,-37081804.7,-37128924.93,-14862.58036,-61982.81705,-0.001443108886,-0.006018332746,-47120.23669,-0.00457522386,0.9083551277,13.09164487,1,53.15816667,0,0,-37066942.12,-37066942.12,0,0,760,39.2250731
761,0,-37066942.12,-37069596.55,4.470348358e-08,-2654.431545,4.340564884e-15,-0.0002577367898,-2654.431545,-0.0002577367898,1.44614055,1.44614055,0.03212121212,0.07667676768,0,0,-37066942.12,-37066942.12,0,0,761,39.26553082
762,0,-37066942.12,-37010058.01,4.470348358e-08,56884.10425,4.340564884e-15,0.005523264085,56884.10425,0.005523264085,1.44614055,10.55385945,1,21.22922727,0,0,-37066942.12,-37066942.12,0,0,762,39.28739023
763,0,-37078156.9,-36098107.79,-11214.78225,968834.3272,-0.001088919389,0.09407070595,980049.1095,0.09515962534,1.15144905,699.4316917,1.448,2594.707273,0,0,-37066942.12,-37066942.12,0,0,763,39.35160518
764,0,-37066942.12,-36841816.84,2.235174179e-08,225125.2791,2.170282442e-15,0.02185894258,225125.2791,0.02185894258,13.56985872,13.56985872,0.0503030303,0.1237727273,0,0,-37066942.12,-37066942.12,0,0,764,39.61956382
765,0,-37066942.12,-37029081.61,-1.490116119e-08,37860.50384,-1.446854961e-15,0.003676133498,37860.50384,0.003676133498,1.923333355,1.923333355,0.02157575758,0.06556060606,0,0,-37066942.12,-37066942.12,0,0,765,39.78468847
766,0,-37066942.12,-37305971.59,-1.490116119e-08,-239029.4778,-1.446854961e-15,-0.02320899569,-239029.4778,-0.02320899569,1.52463071,20.47536929,1,71.23048485,0,0,-37066942.12,-37066942.12,0,0,766,39.83790183
767,0,-37113968.18,-37162388.66,-47026.0691,-95446.5491,-0.004566080489,-0.009267553804,-48420.48,-0.004701473315,2.819921056,2.819921056,0.03163636364,0.1099393939,0,0,-37066942.12,-37066942.12,0,0,767,39.887429
768,0,-37099852.86,-36977145.28,-32910.74079,89796.83308,-0.00319552738,0.008718984498,122707.5739,0.01191451188,2.530964432,27.46903557,1,109.4621465,0,0,-37066942.12,-37066942.12,0,0,768,39.91864848
769,0,-37066942.12,-37050946.96,7.450580597e-09,15995.15895,7.234274806e-16,0.001553078635,15995.15895,0.001553078635,2.030082148,2.030082148,0.0223030303,0.07283838384,0,0,-37066942.12,-37066942.12,0,0,769,39.97312498
770,0,-37066942.12,-37168713.04,1.490116119e-08,-101770.9246,1.446854961e-15,-0.009881630382,-101770.9246,-0.009881630382,1.386065754,21.61393425,1,81.56375253,0,0,-37066942.12,-37066942.12,0,0,770,40.05309892
771,0,-37085002.05,-36982341.06,-18059.93105,84601.0588,-0.001753561384,0.008214491479,102660.9898,0.009968052863,3.312336309,3.312336309,0.0223030303,0.06048989899,0,0,-37066942.12,-37066942.12,0,0,771,40.10509109
772,0,-37066942.12,-37027951.45,5.215406418e-08,38990.66438,5.063992364e-15,0.003785868461,38990.66438,0.003785868461,2.142496789,2.142496789,0.0223030303,0.05114646465,0,0,-37066942.12,-37066942.12,0,0,772,40.21064448
773,0,-37066942.12,-37319486.7,5.215406418e-08,-252544.5834,5.063992364e-15,-0.02452126909,-252544.5834,-0.02452126909,1.718561676,20.28143832,1,68.15138384,0,0,-37066942.12,-37066942.12,0,0,773,40.26421881
774,0,-37187447.11,-37187702.71,-120504.9902,-120760.5948,-0.01170064807,-0.01172546645,-255.6045532,-2.481838235e-05,3.462392196,3.462392196,0.02884848485,0.1341313131,0,0,-37066942.12,-37066942.12,0,0,774,40.35301828
775,0,-37146737,-37216903.1,-79794.87988,-149960.987,-0.00774782692,-0.01456073088,-70166.1071,-0.006812903964,2.511917025,2.511917025,0.02884848485,0.1118282828,0,0,-37066942.12,-37066942.12,0,0,775,40.39727378
776,0,-37170871.43,-37126338,-103929.3179,-59395.88401,-0.01009120344,-0.005767149844,44533.43384,0.004324053599,2.020219606,27.97978039,1,106.5585101,0,0,-37066942.12,-37066942.12,0,0,776,40.41957021
777,0,-37066942.12,-37056518.71,3.725290298e-08,10423.4077,3.617137403e-15,0.001012079458,10423.4077,0.001012079458,1.600357399,1.600357399,0.027,0.07741414141,0,0,-37066942.12,-37066942.12,0,0,777,40.48033381
778,0,-37066942.12,-37078144.9,3.725290298e-08,-11202.78842,3.617137403e-15,-0.001087754827,-11202.78842,-0.001087754827,1.600357399,24.3996426,1,85.40028788,0,0,-37066942.12,-37066942.12,0,0,778,40.50704455
779,0,-37131864.5,-37126452.76,-64922.38441,-59510.64504,-0.006303755309,-0.005778292772,5411.739373,0.0005254625367,1.560051277,1.560051277,0.03163636364,0.08061616162,0,0,-37066942.12,-37066942.12,0,0,779,40.54193735
780,0,-37121893.17,-37081556.39,-54951.05242,-14614.26995,-0.005335570952,-0.001418998742,40336.78247,0.003916572211,1.264062342,20.73593766,1,69.34036364,0,0,-37066942.12,-37066942.12,0,0,780,40.56419611
781,0,-37066942.12,-37053512.71,2.980232239e-08,13429.40743,2.893709923e-15,0.001303952391,13429.40743,0.001303952391,1.132346303,1.132346303,0.01927272727,0.0512020202,0,0,-37066942.12,-37066942.12,0,0,781,40.6213131
782,0,-37066942.12,-37081240.42,2.980232239e-08,-14298.30644,2.893709923e-15,-0.001388319698,-14298.30644,-0.001388319698,1.132346303,22.8676537,1,81.57642929,0,0,-37066942.12,-37066942.12,0,0,782,40.67756367
783,0,-37078473.14,-37077465.66,-11531.01979,-10523.54205,-0.001119625039,-0.001021802183,1007.477734,9.782285683e-05,1.014584871,1.014584871,0.01388888889,0.04145959596,0,0,-37066942.12,-37066942.12,0,0,783,40.70980453
784,0,-37072022.6,-37128811.82,-5080.479382,-61869.702,-0.000493298254,-0.006007349637,-56789.22262,-0.005514051383,0.8821457466,16.11785425,1,66.2509899,0,0,-37066942.12,-37066942.12,0,0,784,40.7353301
785,0,-37066942.12,-37054025.15,3.725290298e-08,12916.96321,3.617137403e-15,0.001254195701,12916.96321,0.001254195701,1.418959366,1.418959366,0.01927272727,0.05236363636,0,0,-37066942.12,-37066942.12,0,0,785,40.77275181
786,0,-37066942.12,-37054462.57,2.235174179e-08,12479.5461,2.170282442e-15,0.001211723902,12479.5461,0.001211723902,1.145095974,13.85490403,1,33.34316667,0,0,-37066942.12,-37066942.12,0,0,786,40.84740043
787,0,-37094821.39,-37085707.27,-27879.27382,-18765.15675,-0.002706988074,-0.001822036537,9114.117068,0.0008849515367,1.168916263,1.168916263,0.01388888889,0.04145959596,0,0,-37066942.12,-37066942.12,0,0,787,40.9391048
788,0,-37081250.71,-37138501.31,-14308.59765,-71559.18947,-0.001389318942,-0.006948167795,-57250.59182,-0.005558848853,0.8821457466,13.11785425,1,48.19845455,0,0,-37066942.12,-37066942.12,0,0,788,40.9668529
789,0,-37073278.07,-37071042.44,-6335.952784,-4100.322308,-0.0006152006949,-0.0003981281456,2235.630477,0.0002170725492,1.278300857,1.278300857,0.01927272727,0.05236363636,0,0,-37066942.12,-37066942.12,0,0,789,41.00736761
790,0,-37066942.12,-37056258.43,3.725290298e-08,10683.68485,3.617137403e-15,0.001037351534,10683.68485,0.001037351534,1.139876961,19.86012304,1,53.44429798,0,0,-37066942.12,-37066942.12,0,0,790,41.04691839
791,0,-37096361.74,-37078532.99,-29419.6218,-11590.87736,-0.002856550923,-0.001125437017,17828.74444,0.001731113905,1.014353399,1.014353399,0.01388888889,0.03461111111,0,0,-37066942.12,-37066942.12,0,0,791,41.12057209
792,0,-37069474.62,-37120281.96,-2532.505958,-53339.84066,-0.0002458982063,-0.005179127458,-50807.3347,-0.004933229251,0.7260683985,23.2739316,1,96.36575758,0,0,-37066942.12,-37066942.12,0,0,792,41.15247345
793,0,-37067838,-37056356.9,-895.8870947,10585.21512,-8.698776363e-05,0.00102779044,11481.10222,0.001114778203,1.278300857,1.278300857,0.01927272727,0.05236363636,0,0,-37066942.12,-37066942.12,0,0,793,41.19225979
794,0,-37066942.12,-37046640.67,3.725290298e-08,20301.44902,3.617137403e-15,0.001971205589,20301.44901,0.001971205589,1.144203591,25.85579641,1,98.58309596,0,0,-37066942.12,-37066942.12,0,0,794,41.23171329
795,0,-37128855.09,-37132172.83,-61912.97186,-65230.71034,-0.006011551002,-0.006333692768,-3317.73848,-0.0003221417659,1.316029377,1.316029377,0.03163636364,0.07376767677,0,0,-37066942.12,-37066942.12,0,0,795,41.28835225
796,0,-37122725.87,-37094683.99,-55783.75341,-27741.8696,-0.005416423548,-0.002693646565,28041.88381,0.002722776983,1.107984994,10.89201501,1,23.18020707,0,0,-37066942.12,-37066942.12,0,0,796,41.31130195
797,0,-37066942.12,-37060497.19,4.470348358e-08,6444.929348,4.340564884e-15,0.0006257819696,6444.929347,0.0006257819696,1.142908928,1.142908928,0.01927272727,0.05236363636,0,0,-37066942.12,-37066942.12,0,0,797,41.36345816
798,0,-37066942.12,-37066991.74,4.470348358e-08,-49.62243512,4.340564884e-15,-4.818179303e-06,-49.62243517,-4.818179307e-06,1.142908928,8.857091072,1,3.300454545,0,0,-37066942.12,-37066942.12,0,0,798,41.41584754
799,0,-37093132.67,-37075029.95,-26190.55764,-8087.831995,-0.002543019149,-0.0007853025476,18102.72564,0.001757716601,1.014353399,1.014353399,0.01388888889,0.03461111111,0,0,-37066942.12,-37066942.12,0,0,799,41.46455026
800,0,-37066942.12,-37056367.87,3.725290298e-08,10574.24853,3.617137403e-15,0.001026725619,10574.24853,0.001026725619,0.7261525006,9.273847499,1,11.17146465,0,0,-37066942.12,-37066942.12,0,0,800,41.5025084
801,0,-37068842.43,-37057920.65,-1900.314042,9021.464921,-0.0001845143988,0.0008759553104,10921.77896,0.001060469709,1.278300857,1.278300857,0.01927272727,0.05236363636,0,0,-37066942.12,-37066942.12,0,0,801,41.56270552
802,0,-37066942.12,-37047905.08,4.470348358e-08,19037.03623,4.340564884e-15,0.001848435163,19037.03623,0.001848435163,1.14408756,25.85591244,1,98.55874747,0,0,-37066942.12,-37066942.12,0,0,802,41.60129833
803,0,-37135006.86,-37133437.24,-68064.74895,-66495.12312,-0.006608868828,-0.006456463194,1569.625826,0.0001524056337,1.472106725,1.472106725,0.03163636364,0.08061616162,0,0,-37066942.12,-37066942.12,0,0,803,41.65733767
804,0,-37128877.65,-37099451.44,-61935.5305,-32509.32775,-0.006013741374,-0.003156551461,29426.20275,0.002857189912,1.264062342,10.73593766,1,23.16074747,0,0,-37066942.12,-37066942.12,0,0,804,41.68017912
805,0,-37066942.12,-37061761.6,4.470348358e-08,5180.516563,4.340564884e-15,0.0005030115435,5180.516563,0.0005030115435,1.142481654,1.142481654,0.01927272727,0.05236363636,0,0,-37066942.12,-37066942.12,0,0,805,41.73181653
806,0,-37066942.12,-37045083.41,4.470348358e-08,21858.70411,4.340564884e-15,0.002122410064,21858.70411,0.002122410064,1.142481654,26.85751835,1,103.6012323,0,0,-37066942.12,-37066942.12,0,0,806,41.75331664
807,0,-37066942.12,-37092179.31,2.980232239e-08,-25237.19061,2.893709923e-15,-0.002450450268,-25237.19061,-0.002450450268,1.373659742,1.373659742,0.01388888889,0.03461111111,0,0,-37066942.12,-37066942.12,0,0,807,41.8654263
808,0,-37082158.91,-37136897.04,-15216.79897,-69954.9229,-0.001477502377,-0.006792398656,-54738.12393,-0.005314896279,0.7260683985,14.2739316,1,56.24177778,0,0,-37066942.12,-37066942.12,0,0,808,41.89745641
809,0,-37069483.74,-37066307.87,-2541.623581,634.2440319,-0.0002467834983,6.158306137e-05,3175.867613,0.0003083665597,1.278300857,1.278300857,0.01927272727,0.05236363636,0,0,-37066942.12,-37066942.12,0,0,809,41.93485761
810,0,-37066942.12,-37060244.15,4.470348358e-08,6697.962164,4.340564884e-15,0.0006503506446,6697.962164,0.0006503506446,1.14135672,18.85864328,1,51.39570202,0,0,-37066942.12,-37066942.12,0,0,810,41.97451806
811,0,-37068158.56,-37084681.58,-1216.446128,-17739.46567,-0.0001181130176,-0.001722445223,-16523.01954,-0.001604332205,1.984960523,1.984960523,0.01388888889,0.04145959596,0,0,-37066942.12,-37066942.12,0,0,811,42.01300478
812,0,-37079238.52,-37131521.5,-12296.403,-64579.3799,-0.001193941294,-0.006270450671,-52282.9769,-0.005076509377,0.8821457466,19.11785425,1,68.29958586,0,0,-37066942.12,-37066942.12,0,0,812,42.04100633
813,0,-37075930.15,-37068738.8,-8988.0333,-1796.685347,-0.0008727092072,-0.0001744523849,7191.347953,0.0006982568223,1.278300857,1.278300857,0.01927272727,0.05236363636,0,0,-37066942.12,-37066942.12,0,0,813,42.08070278
814,0,-37066942.12,-37061066.33,4.470348358e-08,5875.782169,4.340564884e-15,0.000570519604,5875.782169,0.000570519604,1.140594965,12.85940504,1,25.34809596,0,0,-37066942.12,-37066942.12,0,0,814,42.12171388
815,0,-37101766.44,-37083937.69,-34824.32036,-16995.57592,-0.003381329819,-0.001650215914,17828.74444,0.001731113905,1.014353399,1.014353399,0.01388888889,0.03461111111,0,0,-37066942.12,-37066942.12,0,0,815,42.18844223
816,0,-37074879.32,-37119139.82,-7937.204518,-52197.70168,-0.0007706771027,-0.005068229426,-44260.49717,-0.004297552324,0.7260683985,29.2739316,1,138.4950101,0,0,-37066942.12,-37066942.12,0,0,816,42.21739841
817,0,-37066942.12,-35327421.44,2.980232239e-08,1739520.675,2.893709923e-15,0.1689018786,1739520.675,0.1689018786,1.278300857,730.9849101,1.573944444,2672.386157,0,0,-37066942.12,-37066942.12,0,0,817,42.26075006
818,0,-37066942.12,-37044762.38,-1.490116119e-08,22179.73146,-1.446854961e-15,0.002153580791,22179.73146,0.002153580791,14.33277178,14.33277178,0.1016363636,0.290520202,0,0,-37066942.12,-37066942.12,0,0,818,42.50949907
819,0,-37066942.12,-37051341.19,0,15600.92443,0,0.001514799727,15600.92443,0.001514799727,2.44419874,2.44419874,0.01436363636,0.06534848485,0,0,-37066942.12,-37066942.12,0,0,819,42.73623729
820,0,-37066942.12,-37269186.38,2.980232239e-08,-202244.2664,2.893709923e-15,-0.01963726963,-202244.2664,-0.01963726963,1.743073233,16.25692677,1,8.242909091,0,0,-37066942.12,-37066942.12,0,0,820,42.86172748
821,0,-37066942.12,-37116794.94,3.725290298e-08,-49852.82525,3.617137403e-15,-0.004840549445,-49852.82525,-0.004840549445,2.769914484,2.769914484,0.01911111111,0.0916969697,0,0,-37066942.12,-37066942.12,0,0,821,42.96632028
822,0,-37066942.12,-37061046.48,3.725290298e-08,5895.639519,3.617137403e-15,0.000572447689,5895.639519,0.000572447689,1.615072817,1.615072817,0.01911111111,0.08156060606,0,0,-37066942.12,-37066942.12,0,0,822,43.0033226
823,0,-37066942.12,-37174360.12,3.725290298e-08,-107418.0047,3.617137403e-15,-0.01042994374,-107418.0047,-0.01042994374,1.615072817,26.38492718,1,112.2143131,0,0,-37066942.12,-37066942.12,0,0,823,43.02578688
824,0,-37066942.12,-37090614.55,4.470348358e-08,-23672.43006,4.340564884e-15,-0.002298517037,-23672.43006,-0.002298517037,3.144760879,3.144760879,0.06266666667,0.1132727273,0,0,-37066942.12,-37066942.12,0,0,824,43.09673476
825,0,-37066942.12,-37092963.62,5.960464478e-08,-26021.50357,5.787419845e-15,-0.002526604541,-26021.50357,-0.002526604541,2.620579578,12.37942042,1,9.361020202,0,0,-37066942.12,-37066942.12,0,0,825,43.16160369
826,0,-37066942.12,-37068887.56,5.960464478e-08,-1945.440958,5.787419845e-15,-0.0001888960777,-1945.440958,-0.0001888960777,3.12643635,3.12643635,0.06509090909,0.1498535354,0,0,-37066942.12,-37066942.12,0,0,826,43.23607111
827,0,-37095070.81,-37090777.27,-28128.69136,-23835.15879,-0.002731205718,-0.002314317475,4293.532569,0.0004168882423,1.699627342,1.699627342,0.02121212121,0.08503030303,0,0,-37066942.12,-37066942.12,0,0,827,43.29169726
828,0,-37095070.81,-37164001.09,-28128.69136,-97058.97262,-0.002731205718,-0.009424114956,-68930.28126,-0.006692909238,1.699627342,23.30037266,1,97.34271717,0,0,-37066942.12,-37066942.12,0,0,828,43.30863595
829,0,-37074672.55,-37052531.93,-7730.435461,14410.18763,-0.0007506004904,0.001399183003,22140.62309,0.002149783493,1.71397561,1.71397561,0.02575757576,0.09528282828,0,0,-37066942.12,-37066942.12,0,0,829,43.34521103
830,0,-37066942.12,-37030642.21,4.470348358e-08,36299.90547,4.340564884e-15,0.003524604401,36299.90547,0.003524604401,1.530921853,1.530921853,0.01911111111,0.08388888889,0,0,-37066942.12,-37066942.12,0,0,830,43.37635136
831,0,-37066942.12,-37273758.89,4.470348358e-08,-206816.7743,4.340564884e-15,-0.02008124549,-206816.7743,-0.02008124549,1.427186619,15.57281338,1,39.3884596,0,0,-37066942.12,-37066942.12,0,0,831,43.42371488
832,0,-37078966.09,-37089807.17,-12023.97884,-22865.05459,-0.001167489783,-0.002220123468,-10841.07574,-0.001052633685,1.838261116,1.838261116,0.02575757576,0.09018686869,0,0,-37066942.12,-37066942.12,0,0,832,43.45233631
833,0,-37066942.12,-37067917.45,3.725290298e-08,-975.3367518,3.617137403e-15,-9.470207052e-05,-975.3367518,-9.470207052e-05,1.629185353,1.629185353,0.01911111111,0.07818181818,0,0,-37066942.12,-37066942.12,0,0,833,43.48000717
834,0,-37066942.12,-37146057.02,4.470348358e-08,-79114.90214,4.340564884e-15,-0.007681803262,-79114.90214,-0.007681803262,1.543549994,16.45645001,1,66.138,0,0,-37066942.12,-37066942.12,0,0,834,43.50162816
835,0,-37066942.12,-37018771.12,3.725290298e-08,48171.00015,3.617137403e-15,0.004677249622,48171.00015,0.004677249622,2.606575973,2.606575973,0.01911111111,0.06952525253,0,0,-37066942.12,-37066942.12,0,0,835,43.54007411
836,0,-37066942.12,-37262394.19,3.725290298e-08,-195452.0721,3.617137403e-15,-0.01897776935,-195452.0721,-0.01897776935,1.188928625,14.81107138,1,56.27779798,0,0,-37066942.12,-37066942.12,0,0,836,43.62393713
837,0,-37083501.25,-37043749.33,-16559.13817,23192.78352,-0.001607839209,0.002251944897,39751.9217,0.003859784105,1.417262492,1.417262492,0.01911111111,0.07226767677,0,0,-37066942.12,-37066942.12,0,0,837,43.65895486
838,0,-37066942.12,-37144892.12,4.470348358e-08,-77950.0022,4.340564884e-15,-0.007568695215,-77950.0022,-0.007568695215,1.144923021,28.85507698,1,125.6368384,0,0,-37066942.12,-37066942.12,0,0,838,43.69914746
839,0,-37075534.91,-37042852.69,-8592.798733,24089.42946,-0.0008343331984,0.002339006342,32682.22819,0.00317333954,1.298547408,1.298547408,0.01911111111,0.07226767677,0,0,-37066942.12,-37066942.12,0,0,839,43.72963929
840,0,-37066942.12,-37152811.1,4.470348358e-08,-85868.98715,4.340564884e-15,-0.008337603255,-85868.98715,-0.008337603255,1.145797929,22.85420207,1,80.46442929,0,0,-37066942.12,-37066942.12,0,0,840,43.78086185
841,0,-37076431.56,-35818464.7,-9489.44467,1248477.414,-0.0009213946431,0.1212231528,1257966.859,0.1221445474,1.298547408,710.3858101,1.666111111,2602.178657,0,0,-37066942.12,-37066942.12,0,0,841,43.80741024
842,0,-37066942.12,-37207798.77,6.705522537e-08,-140856.6567,6.510847326e-15,-0.01367672961,-140856.6567,-0.01367672961,5.317554106,5.317554106,0.05866666667,0.1360555556,0,0,-37066942.12,-37066942.12,0,0,842,43.98010349
843,0,-37066942.12,-37059366.4,1.490116119e-08,7575.719613,1.446854961e-15,0.0007355780777,7575.719613,0.0007355780777,1.37028127,1.37028127,0.02216666667,0.03901515152,0,0,-37066942.12,-37066942.12,0,0,843,44.14306307
844,0,-37066942.12,-37043359.26,1.490116119e-08,23582.85941,1.446854961e-15,0.002289820014,23582.85941,0.002289820014,1.37017941,23.62982059,1,54.7165101,0,0,-37066942.12,-37066942.12,0,0,844,44.17508388
845,0,-37066942.12,-36989118.41,2.235174179e-08,77823.70656,2.170282442e-15,0.007556432313,77823.70656,0.007556432313,3.604559046,3.604559046,0.06594444444,0.1350353535,0,0,-37066942.12,-37066942.12,0,0,845,44.25484443
846,0,-37066942.12,-37372603.76,2.235174179e-08,-305661.6462,2.170282442e-15,-0.02967876553,-305661.6462,-0.02967876553,2.075950437,16.92404956,1,59.32282828,0,0,-37066942.12,-37066942.12,0,0,846,44.34318209
847,0,-37125466.51,-37069272.87,-58524.39482,-2330.750832,-0.005682531039,-0.0002263084306,56193.64399,0.005456222608,1.468579885,1.468579885,0.01375757576,0.01581818182,0,0,-37066942.12,-37066942.12,0,0,847,44.38403773
848,0,-37066942.12,-37133981.95,2.980232239e-08,-67039.83049,2.893709923e-15,-0.006509352532,-67039.83049,-0.006509352532,0.3604972376,28.63950276,1,128.5550253,0,0,-37066942.12,-37066942.12,0,0,848,44.40798903
849,0,-37066942.12,-37049487.38,3.725290298e-08,17454.739,3.617137403e-15,0.001694799176,17454.739,0.001694799176,0.8197624653,0.8197624653,0.004303030303,0.004303030303,0,0,-37066942.12,-37066942.12,0,0,849,44.43184686
850,0,-37066942.12,-37241093.26,2.980232239e-08,-174151.1491,2.893709923e-15,-0.01690951805,-174151.1491,-0.01690951805,0.3757712023,18.6242288,1,93.21930303,0,0,-37066942.12,-37066942.12,0,0,850,44.48960614
851,0,-37099627.39,-37079596.71,-32685.27244,-12654.59068,-0.003173635126,-0.001228720169,20030.68176,0.001944914957,1.193927432,1.193927432,0.03381818182,0.03381818182,0,0,-37066942.12,-37066942.12,0,0,851,44.52294469
852,0,-37077599,-37021264.42,-10656.88901,45677.69859,-0.001034749744,0.004435158037,56334.5876,0.005469907781,0.7711281412,14.22887186,1,41.37137879,0,0,-37066942.12,-37066942.12,0,0,852,44.54543257
853,0,-37066942.12,-37056262.85,4.470348358e-08,10679.26089,4.340564884e-15,0.001036921982,10679.26089,0.001036921982,0.8125484086,0.8125484086,0.004666666667,0.004666666667,0,0,-37066942.12,-37066942.12,0,0,853,44.5724926
854,0,-37066942.12,-37247280.66,4.470348358e-08,-180338.5448,4.340564884e-15,-0.01751029432,-180338.5448,-0.01751029432,0.2528840911,16.74711591,1,84.18643939,0,0,-37066942.12,-37066942.12,0,0,854,44.63665318
855,0,-37088181.42,-37060459.57,-21239.30859,6482.544334,-0.002062268746,0.0006294342642,27721.85293,0.00269170301,0.6603683514,0.6603683514,0.005151515152,0.005151515152,0,0,-37066942.12,-37066942.12,0,0,855,44.67385149
856,0,-37066942.12,-37268409.87,3.725290298e-08,-201467.7541,3.617137403e-15,-0.01956187278,-201467.7541,-0.01956187278,0.1881082746,21.81189173,1,88.13055556,0,0,-37066942.12,-37066942.12,0,0,856,44.72629929
857,0,-37111355.38,-37053181.97,-44413.26629,13760.14937,-0.004312385716,0.001336066373,58173.41566,0.005648452089,2.157521902,2.157521902,0.04218181818,0.05401515152,0,0,-37066942.12,-37066942.12,0,0,857,44.78515244
858,0,-37066942.12,-37076149.03,4.470348358e-08,-9206.914755,4.340564884e-15,-0.0008939618945,-9206.914755,-0.0008939618946,0.4623770707,0.4623770707,0,0,1,1,-37066942.12,-37066942.12,0,-37076149.03,0,44.80845618
859,0,-37076149.03,-37119997.42,-9206.914755,-53055.30316,-0.0008939618945,-0.005151499779,-43848.3884,-0.004257537885,0,24,1,133.4063182,0,0,-37066942.12,-37066942.12,0,-37076149.03,1,44.82987022
860,0,-37072603.23,-37074516.85,-5661.117293,-7574.735123,-0.000549676333,-0.000735482487,-1913.61783,-0.000185806154,0.1174033149,0.1174033149,0.005151515152,0.005151515152,0,0,-37066942.12,-37066942.12,0,-37076149.03,2,44.84870481
861,0,-37072603.23,-37103782.62,-5661.117293,-36840.50047,-0.000549676333,-0.003577094442,-31179.38318,-0.003027418109,0.1174033149,28.88259669,1,134.3221919,0,0,-37066942.12,-37066942.12,0,-37076149.03,3,44.87074423
862,0,-37075329.15,-37062792.62,-8387.032248,4149.49234,-0.0008143539326,0.000402902398,12536.52459,0.001217256331,0.6008287293,0.6008287293,0.01375757576,0.02636363636,0,0,-37066942.12,-37066942.12,0,-37076149.03,4,44.89216638
863,0,-37075329.15,-37084770.52,-8387.032248,-17828.40248,-0.0008143539326,-0.001731080702,-9441.370229,-0.0009167267691,0.6008287293,18.39917127,1,80.23735354,0,0,-37066942.12,-37066942.12,0,-37076149.03,5,44.91373944
864,0,-37085964.11,-37077327.01,-19021.99577,-10384.89603,-0.001846974783,-0.001008340098,8637.099746,0.0008386346847,0.3259668508,0.3259668508,0.008848484848,0.008848484848,0,0,-37066942.12,-37066942.12,0,-37076149.03,6,44.93479586
865,0,-37072695.53,-37110124.77,-5753.416242,-43182.64969,-0.0005586382649,-0.004192896791,-37429.23345,-0.003634258526,0.2016574586,16.79834254,1,90.3195101,0,0,-37066942.12,-37066942.12,0,-37076149.03,7,44.95691943
866,0,-37066942.12,-37077694.78,4.470348358e-08,-10752.66287,4.340564884e-15,-0.001044049079,-10752.66287,-0.001044049079,0.4956595635,0.4956595635,0.008848484848,0.008848484848,0,0,-37066942.12,-37066942.12,0,-37076149.03,8,44.97828984
867,0,-37083038.07,-37087385.53,-16095.95339,-20443.41575,-0.001562865452,-0.001984990104,-4347.462355,-0.0004221246516,0.2016574586,14.79834254,1,71.20070707,0,0,-37066942.12,-37066942.12,0,-37076149.03,9,45.00079298
868,0,-37085964.11,-35208022.88,-19021.99577,1858919.232,-0.001846974783,0.1804950956,1877941.228,0.1823420703,0.3259668508,710.3259669,1.450833333,2516.284273,0,0,-37066942.12,-37066942.12,0,-37076149.03,10,45.02220893
869,0,-37066942.12,-37066248.27,-1.490116119e-08,693.8469022,-1.446854961e-15,6.737030891e-05,693.8469022,6.737030891e-05,4.721962134,4.721962134,0.04218181818,0.1075707071,0,0,-37066942.12,-37066942.12,0,-37076149.03,11,45.14919162
870,0,-37066942.12,-37047443.68,3.725290298e-08,19498.43672,3.617137403e-15,0.001893235671,19498.43672,0.001893235671,2.442731687,2.442731687,0.02121212121,0.05438888889,0,0,-37066942.12,-37066942.12,0,-37076149.03,12,45.3257525
871,0,-37066942.12,-37290154.83,3.725290298e-08,-223212.7128,3.617137403e-15,-0.02167323853,-223212.7128,-0.02167323853,1.951578219,10.04842178,0.2412727273,0.5419494949,0,0,-37066942.12,-37066942.12,0,-37076149.03,13,45.35647511
872,0,-37066942.12,-37032651.09,4.470348358e-08,34291.02238,4.340564884e-15,0.003329548296,34291.02238,0.003329548296,1.557185676,1.557185676,0.03394444444,0.06571212121,0,0,-37066942.12,-37066942.12,0,-37076149.03,14,45.45832276
873,0,-37066942.12,-37083760.96,4.470348358e-08,-16818.84447,4.340564884e-15,-0.001633055857,-16818.84447,-0.001633055857,1.557185676,9.442814324,1,16.23232828,0,0,-37066942.12,-37066942.12,0,-37076149.03,15,45.47733092
874,0,-37066942.12,-37089774.57,3.725290298e-08,-22832.45229,3.617137403e-15,-0.002216957889,-22832.45229,-0.002216957889,1.278243267,1.278243267,0.02572222222,0.04252020202,0,0,-37066942.12,-37066942.12,0,-37076149.03,16,45.55429649
875,0,-37066942.12,-37035668,4.470348358e-08,31274.1147,4.340564884e-15,0.003036616236,31274.1147,0.003036616236,1.248130555,15.75186944,1,58.25329798,0,0,-37066942.12,-37066942.12,0,-37076149.03,17,45.58957219
876,0,-37066942.12,-37042902.84,5.215406418e-08,24039.27319,5.063992364e-15,0.002334136329,24039.27319,0.002334136329,1.392317214,1.392317214,0.02333333333,0.03134343434,0,0,-37066942.12,-37066942.12,0,-37076149.03,18,45.69006467
877,0,-37066942.12,-37309344.53,5.215406418e-08,-242402.4118,5.063992364e-15,-0.02353649676,-242402.4118,-0.02353649676,1.035147885,21.96485211,1,55.29022727,0,0,-37066942.12,-37066942.12,0,-37076149.03,19,45.74183917
878,0,-37118194.1,-37173603.4,-51251.98538,-106661.2819,-0.004976403407,-0.01035646839,-55409.2965,-0.005380064983,1.428331651,1.428331651,0.008388888889,0.01976767677,0,0,-37066942.12,-37066942.12,0,-37076149.03,20,45.8053782
879,0,-37131731.62,-37089966.56,-64789.50258,-23024.44715,-0.006290852909,-0.002235599975,41765.05543,0.004055252934,0.9643427309,24.03565727,1,100.1033485,0,0,-37066942.12,-37066942.12,0,-37076149.03,21,45.82886386
880,0,-37066942.12,-37017058.33,5.960464478e-08,49883.78913,5.787419845e-15,0.004843555938,49883.78913,0.004843555938,1.484186006,1.484186006,0.02611111111,0.03412121212,0,0,-37066942.12,-37066942.12,0,-37076149.03,22,45.89212799
881,0,-37066942.12,-37292102.69,5.960464478e-08,-225160.5744,5.787419845e-15,-0.02186236964,-225160.5744,-0.02186236964,1.365066148,23.63493385,1,91.20958586,0,0,-37066942.12,-37066942.12,0,-37076149.03,23,45.9174397
882,0,-37132249.1,-37112989.84,-65306.98277,-46047.72652,-0.006341098576,-0.004471086562,19259.25625,0.001870012014,1.842023398,1.842023398,0.0183030303,0.03570707071,0,0,-37066942.12,-37066942.12,0,-37076149.03,24,45.97299957
883,0,-37081243.51,-37061654.72,-14301.38986,5287.395121,-0.001388619088,0.0005133891086,19588.78498,0.001902008197,1.223238216,9.776761784,1,34.04006061,0,0,-37066942.12,-37066942.12,0,-37076149.03,25,45.99532866
884,0,-37066942.12,-37044975.5,5.960464478e-08,21966.61196,5.787419845e-15,0.002132887571,21966.61196,0.002132887571,1.691392136,1.691392136,0.02866666667,0.04242424242,0,0,-37066942.12,-37066942.12,0,-37076149.03,26,46.03950167
885,0,-37066942.12,-37230934.38,5.215406418e-08,-163992.2691,5.063992364e-15,-0.01592312338,-163992.2691,-0.01592312338,1.392165516,17.60783448,1,64.09513131,0,0,-37066942.12,-37066942.12,0,-37076149.03,27,46.09637213
886,0,-37107203.03,-37117224.54,-40260.91179,-50282.41993,-0.003909205411,-0.004882261711,-10021.50814,-0.0009730562995,1.700784128,1.700784128,0.01557575758,0.0307979798,0,0,-37066942.12,-37066942.12,0,-37076149.03,28,46.18946052
887,0,-37072453.89,-37033912.69,-5511.773066,33029.42296,-0.0005351754875,0.003207051038,38541.19603,0.003742226526,0.9797650231,19.02023498,1,97.12133838,0,0,-37066942.12,-37066942.12,0,-37076149.03,29,46.21689987
888,0,-37066942.12,-37088391.91,5.960464478e-08,-21449.79456,5.787419845e-15,-0.002082706259,-21449.79456,-0.002082706259,0.9067079586,0.9067079586,0.009611111111,0.01728282828,0,0,-37066942.12,-37066942.12,0,-37076149.03,30,46.26188684
889,0,-37066942.12,-37052587.72,3.725290298e-08,14354.39217,3.617137403e-15,0.001393765442,14354.39217,0.001393765442,0.7093524452,20.29064755,1,91.11021717,0,0,-37066942.12,-37066942.12,0,-37076149.03,31,46.29443049
890,0,-37066942.12,-37090598.97,5.215406418e-08,-23656.85857,5.063992364e-15,-0.002297005095,-23656.85857,-0.002297005095,1.265320047,1.265320047,0.01557575758,0.02518686869,0,0,-37066942.12,-37066942.12,0,-37076149.03,32,46.37413144
891,0,-37067162.24,-37064300.01,-220.1214053,2642.10677,-2.137308249e-05,0.0002565400936,2862.228175,0.0002779131761,0.5970834589,20.40291654,1,98.11041414,0,0,-37066942.12,-37066942.12,0,-37076149.03,33,46.41565299
892,0,-37066942.12,-37062569.46,5.960464478e-08,4372.654113,5.787419845e-15,0.0004245706905,4372.654113,0.0004245706905,0.6236466029,0.6236466029,0.009611111111,0.01167171717,0,0,-37066942.12,-37066942.12,0,-37076149.03,34,46.4738636
893,0,-37066942.12,-37233093.21,4.470348358e-08,-166151.096,4.340564884e-15,-0.01613273854,-166151.096,-0.01613273854,0.6060451389,27.39395486,1,110.3189646,0,0,-37066942.12,-37066942.12,0,-37076149.03,35,46.50374007
894,0,-37112498.27,-37123727.77,-45556.15415,-56785.659,-0.004423356461,-0.005513705367,-11229.50485,-0.001090348906,1.70638573,1.70638573,0.01557575758,0.03135353535,0,0,-37066942.12,-37066942.12,0,-37076149.03,36,46.56594968
895,0,-37076669.94,-37048486.94,-9727.828244,18455.17534,-0.0009445409237,0.001791938337,28183.00359,0.002736479261,0.9937315036,10.0062685,1,47.01167172,0,0,-37066942.12,-37066942.12,0,-37076149.03,37,46.59218287
896,0,-37066942.12,-37094895.15,5.960464478e-08,-27953.03363,5.787419845e-15,-0.002714149915,-27953.03363,-0.002714149915,0.8348881917,0.8348881917,0.009611111111,0.01783838384,0,0,-37066942.12,-37066942.12,0,-37076149.03,38,46.63129807
897,0,-37066942.12,-37006453.33,2.980232239e-08,60488.7819,2.893709923e-15,0.005873266724,60488.7819,0.005873266724,0.6934870892,17.30651291,1,68.20009596,0,0,-37066942.12,-37066942.12,0,-37076149.03,39,46.6581316
898,0,-37066942.12,-37043765.58,5.215406418e-08,23176.53387,5.063992364e-15,0.002250367108,23176.53387,0.002250367108,0.6929418718,0.6929418718,0.01557575758,0.02424242424,0,0,-37066942.12,-37066942.12,0,-37076149.03,40,46.71235037
899,0,-37066942.12,-37260429.57,4.470348358e-08,-193487.4539,4.340564884e-15,-0.01878701123,-193487.4539,-0.01878701123,0.6418245463,12.35817545,1,27.32425758,0,0,-37066942.12,-37066942.12,0,-37076149.03,41,46.74834681
900,0,-37136328.81,-37094400.49,-69386.69655,-27458.37203,-0.0067372257,-0.00266611986,41928.32452,0.004071105839,1.661426459,1.661426459,0.03105555556,0.04218181818,0,0,-37066942.12,-37066942.12,0,-37076149.03,42,46.80900669
901,0,-37066942.12,-37065224.11,5.960464478e-08,1718.008318,5.787419845e-15,0.0001668130977,1718.008317,0.0001668130977,0.6955362492,0.6955362492,0.009611111111,0.01112626263,0,0,-37066942.12,-37066942.12,0,-37076149.03,43,46.87504649
902,0,-37066942.12,-37192043.95,5.215406418e-08,-125101.8312,5.063992364e-15,-0.01214698658,-125101.8312,-0.01214698658,0.550443274,15.44955673,1,25.36485859,0,0,-37066942.12,-37066942.12,0,-37076149.03,44,46.92981625
903,0,-37097631.67,-37144281.08,-30689.55663,-77338.9598,-0.002979857522,-0.007509364957,-46649.40317,-0.004529507435,3.268445293,3.268445293,0.0836969697,0.151030303,0,0,-37066942.12,-37066942.12,0,-37076149.03,45,47.01421094
904,0,-37066942.12,-36953325.63,5.960464478e-08,113616.4906,5.787419845e-15,0.01103179685,113616.4906,0.01103179685,2.556782083,9.483541636,1,6.472252525,0,0,-37066942.12,-37066942.12,0,-37076149.03,46,47.04796147
905,0,-37066942.12,-37055669.07,5.960464478e-08,11273.04179,5.787419845e-15,0.001094576203,11273.04179,0.001094576203,1.898954355,1.898954355,0.01860606061,0.02477272727,0,0,-37066942.12,-37066942.12,0,-37076149.03,47,47.12904239
906,0,-37066942.12,-37068956.84,5.215406418e-08,-2014.720926,5.063992364e-15,-0.0001956229403,-2014.720926,-0.0001956229403,0.5969537486,14.40304625,1,38.1820101,0,0,-37066942.12,-37066942.12,0,-37076149.03,48,47.16885471
907,0,-37066942.12,-37088047.65,5.960464478e-08,-21105.53371,5.787419845e-15,-0.002049279634,-21105.53371,-0.002049279634,1.710502197,1.710502197,0.007111111111,0.009050505051,0,0,-37066942.12,-37066942.12,0,-37076149.03,49,47.21602368
908,0,-37080458.92,-37113233.24,-13516.80416,-46291.12027,-0.001312438333,-0.004494719315,-32774.31612,-0.003182280982,0.2349589546,24.76504105,1,122.1885051,0,0,-37066942.12,-37066942.12,0,-37076149.03,50,47.25059772
909,0,-37066942.12,-37066498.05,5.960464478e-08,444.0664898,5.787419845e-15,4.311743196e-05,444.0664898,4.311743196e-05,0.1608916608,0.1608916608,0.006166666667,0.006166666667,0,0,-37066942.12,-37066942.12,0,-37076149.03,51,47.28393698
910,0,-37066942.12,-37098250.94,5.960464478e-08,-31308.82162,5.787419845e-15,-0.003039986166,-31308.82162,-0.003039986166,0.1608916608,27.83910834,1,142.3805051,0,0,-37066942.12,-37066942.12,0,-37076149.03,52,47.30279899
911,0,-37096496.32,-37111211.22,-29554.20715,-44269.10467,-0.002869618729,-0.004298388085,-14714.89752,-0.001428769356,0.2927153669,0.2927153669,0.007111111111,0.007111111111,0,0,-37066942.12,-37066942.12,0,-37076149.03,53,47.33607197
912,0,-37102180.17,-37111039.32,-35238.05901,-44097.20257,-0.003421502515,-0.004281696942,-8859.143561,-0.0008601944269,0.1907600596,23.80923994,1,122.1885051,0,0,-37066942.12,-37066942.12,0,-37076149.03,54,47.35857344
913,0,-37066942.12,-37064304.13,5.960464478e-08,2637.984196,5.787419845e-15,0.000256139805,2637.984196,0.000256139805,0.1621470572,0.1621470572,0.006166666667,0.006166666667,0,0,-37066942.12,-37066942.12,0,-37076149.03,55,47.39008737
914,0,-37066942.12,-37114768.61,5.960464478e-08,-47826.49908,5.787419845e-15,-0.004643799673,-47826.49908,-0.004643799673,0.1621470572,18.83785294,1,84.17928788,0,0,-37066942.12,-37066942.12,0,-37076149.03,56,47.40889645
915,0,-37096496.32,-33752356.2,-29554.20715,3314585.917,-0.002869618729,0.3218356621,3344140.124,0.3247052808,0.2927153669,695.2927154,1,2461.194369,0,0,-37066942.12,-37066942.12,0,-37076149.03,57,47.44023442
916,0,-37066942.12,-37254296.39,-7.450580597e-09,-187354.2747,-7.234274806e-16,-0.01819149919,-187354.2747,-0.01819149919,11.95279631,11.95279631,0.04338888889,0.147040404,0,0,-37066942.12,-37066942.12,0,-37076149.03,58,47.6234684
917,0,-37082361.46,-37128977.39,-15419.33961,-62035.27366,-0.001497168423,-0.006023426115,-46615.93406,-0.004526257691,2.599187366,2.599187366,0.04338888889,0.077,0,0,-37066942.12,-37066942.12,0,-37076149.03,59,47.76443577
918,0,-37069899.42,-37099801.01,-2957.301377,-32858.89331,-0.0002871444791,-0.003190493157,-29901.59194,-0.002903348678,1.405026854,1.405026854,0.01827777778,0.04476767677,0,0,-37066942.12,-37066942.12,0,-37076149.03,60,47.78677797
919,0,-37069899.42,-36900812.15,-2957.301377,166129.9681,-0.0002871444791,0.0161306871,169087.2695,0.01641783157,1.405026854,24.59497315,1,79.54515657,0,0,-37066942.12,-37066942.12,0,-37076149.03,61,47.80401182
920,0,-37066942.12,-37111222.64,0,-44280.52487,0,-0.004299496949,-44280.52487,-0.004299496949,2.559540776,2.559540776,0.01418181818,0.04948484848,0,0,-37066942.12,-37066942.12,0,-37076149.03,62,47.92310119
921,0,-37126387.42,-37098634.38,-59445.30273,-31692.26907,-0.005771948244,-0.003077217685,27753.03366,0.002694730559,1.471950881,9.528049119,1,8.302621212,0,0,-37066942.12,-37066942.12,0,-37076149.03,63,48.00274968
922,0,-37066942.12,-36995570.9,1.490116119e-08,71371.21219,1.446854961e-15,0.006929915803,71371.21219,0.006929915803,2.770151014,2.770151014,0.01436363636,0.03233838384,0,0,-37066942.12,-37066942.12,0,-37076149.03,64,48.0909822
923,0,-37066942.12,-37223100.24,7.450580597e-09,-156158.1239,7.234274806e-16,-0.01516245301,-156158.1239,-0.01516245301,1.585323559,19.41467644,1,68.33090404,0,0,-37066942.12,-37066942.12,0,-37076149.03,65,48.13575435
924,0,-37156076.46,-37132010.81,-89134.34201,-65068.69484,-0.008654658739,-0.006317961582,24065.64716,0.002336697157,1.225316008,1.225316008,0.01466666667,0.03875757576,0,0,-37066942.12,-37066942.12,0,-37076149.03,66,48.19700098
925,0,-37153443.76,-37007762.42,-86501.64172,59179.69447,-0.008399031985,0.005746158533,145681.3362,0.01414519052,1.22425726,27.77574274,1,90.41242929,0,0,-37066942.12,-37066942.12,0,-37076149.03,67,48.22689843
926,0,-37066942.12,-37099322.28,0,-32380.16466,0,-0.00314401014,-32380.16466,-0.00314401014,4.825698642,4.825698642,0.09442424242,0.2168333333,0,0,-37066942.12,-37066942.12,0,-37076149.03,68,48.31034446
927,0,-37114517.79,-37064382.62,-47575.67025,2559.490955,-0.004619444998,0.000248518363,50135.1612,0.00486796336,2.439980811,2.439980811,0.05103030303,0.1255505051,0,0,-37066942.12,-37066942.12,0,-37076149.03,69,48.35532355
928,0,-37090009.07,-37051789.62,-23066.94981,15152.4978,-0.002239726847,0.001471258939,38219.44761,0.003710985786,2.280762934,27.71923707,1,90.41921212,0,0,-37066942.12,-37066942.12,0,-37076149.03,70,48.38367963
929,0,-37066942.12,-37071705.34,2.235174179e-08,-4763.227186,2.170282442e-15,-0.0004624940832,-4763.227186,-0.0004624940832,1.491128869,1.491128869,0.01266666667,0.02590909091,0,0,-37066942.12,-37066942.12,0,-37076149.03,71,48.4305644
930,0,-37072397.1,-37067764.17,-5454.987685,-822.0505124,-0.0005296618091,-7.98184683e-05,4632.937173,0.0004498433408,0.8045820713,18.19541793,1,75.20101515,0,0,-37066942.12,-37066942.12,0,-37076149.03,72,48.47789669
931,0,-37066942.12,-37047161.12,1.490116119e-08,19780.99164,1.446854961e-15,0.001920670847,19780.99164,0.001920670847,2.383983123,2.383983123,0.04372222222,0.06626767677,0,0,-37066942.12,-37066942.12,0,-37076149.03,73,48.53597736
932,0,-37066942.12,-37095483.01,1.490116119e-08,-28540.89662,1.446854961e-15,-0.002771229526,-28540.89662,-0.002771229526,1.395062562,1.395062562,0.01266666667,0.023,0,0,-37066942.12,-37066942.12,0,-37076149.03,74,48.60512781
933,0,-37096455.38,-37077669.34,-29513.2627,-10727.22779,-0.002865643154,-0.001041579414,18786.03491,0.00182406374,0.7382837288,29.26171627,1,149.5223333,0,0,-37066942.12,-37066942.12,0,-37076149.03,75,48.64536381
934,0,-37066942.12,-37110030.79,4.470348358e-08,-43088.67378,4.340564884e-15,-0.004183772031,-43088.67378,-0.004183772031,1.717898925,1.717898925,0.04372222222,0.07583333333,0,0,-37066942.12,-37066942.12,0,-37076149.03,76,48.69862151
935,0,-37066942.12,-37055991.13,4.470348358e-08,10950.98341,4.340564884e-15,0.001063305367,10950.98341,0.001063305367,1.60838519,1.60838519,0.04372222222,0.06772222222,0,0,-37066942.12,-37066942.12,0,-37076149.03,77,48.7572298
936,0,-37066942.12,-37086742.05,4.470348358e-08,-19799.93128,4.340564884e-15,-0.001922509825,-19799.93128,-0.001922509825,1.449369708,13.55063029,1,31.19609091,0,0,-37066942.12,-37066942.12,0,-37076149.03,78,48.78771353
937,0,-37107664.04,-37055032.54,-40721.92223,11909.57761,-0.003953968046,0.00115638179,52631.49985,0.005110349837,1.273926952,1.273926952,0.01266666667,0.0372979798,0,0,-37066942.12,-37066942.12,0,-37076149.03,79,48.83518434
938,0,-37066942.12,-37085720.49,3.725290298e-08,-18778.36972,3.617137403e-15,-0.001823319474,-18778.36972,-0.001823319474,0.8964770307,29.10352297,1,137.5712778,0,0,-37066942.12,-37066942.12,0,-37076149.03,80,48.86567187
939,0,-37066942.12,-37091681.79,2.980232239e-08,-24739.67208,2.893709923e-15,-0.002402142814,-24739.67208,-0.002402142814,2.058709952,2.058709952,0.01266666667,0.03013636364,0,0,-37066942.12,-37066942.12,0,-37076149.03,81,48.91060138
940,0,-37090228.18,-37039433.17,-23286.06344,27508.94299,-0.002261002078,0.002671030139,50795.00644,0.004932032216,0.9007551487,29.09924485,1,125.5248535,0,0,-37066942.12,-37066942.12,0,-37076149.03,82,48.94749856
941,0,-37066942.12,-37018701.3,4.470348358e-08,48240.81595,4.340564884e-15,0.004684028512,48240.81595,0.004684028512,1.565272095,1.565272095,0.01266666667,0.03485353535,0,0,-37066942.12,-37066942.12,0,-37076149.03,83,48.99540973
942,0,-37066942.12,-37326238.68,3.725290298e-08,-259296.5605,3.617137403e-15,-0.02517686441,-259296.5605,-0.02517686441,1.126586487,25.87341351,1,109.4119949,0,0,-37066942.12,-37066942.12,0,-37076149.03,84,49.06919408
943,0,-37188827.24,-37171123.17,-121885.128,-104181.0581,-0.01183465502,-0.01011564661,17704.06993,0.00171900841,1.14055029,1.14055029,0.01266666667,0.03409090909,0,0,-37066942.12,-37066942.12,0,-37076149.03,85,49.11378837
944,0,-37190253.27,-37188567.08,-123311.1535,-121624.9643,-0.01197311752,-0.01180939396,1686.189202,0.0001637235636,1.090826533,15.90917347,1,63.27770202,0,0,-37066942.12,-37066942.12,0,-37076149.03,86,49.14366484
945,0,-37075695.7,-37060589.85,-8753.588681,6352.26785,-0.0008499453866,0.0006167848354,15105.85653,0.001466730222,1.822392918,1.822392918,0.02624242424,0.05345959596,0,0,-37066942.12,-37066942.12,0,-37076149.03,87,49.17337751
946,0,-37066942.12,-37068309.18,3.725290298e-08,-1367.061719,3.617137403e-15,-0.0001327373085,-1367.061719,-0.0001327373085,1.504374743,17.49562526,1,47.18343434,0,0,-37066942.12,-37066942.12,0,-37076149.03,88,49.22398305
947,0,-37094565.5,-37104225.06,-27623.38078,-37282.94415,-0.002682141681,-0.003620054304,-9659.56337,-0.0009379126233,1.761263204,1.761263204,0.01266666667,0.03013636364,0,0,-37066942.12,-37066942.12,0,-37076149.03,89,49.28519154
948,0,-37108727.08,-37039100.01,-41784.96288,27842.10774,-0.004057185884,0.002703379367,69627.07061,0.00676056525,0.9007551487,21.09924485,1,95.36957071,0,0,-37066942.12,-37066942.12,0,-37076149.03,90,49.31511903
949,0,-37066942.12,-37069102.75,5.215406418e-08,-2160.638873,5.063992364e-15,-0.000209791105,-2160.638873,-0.000209791105,1.771220927,1.771220927,0.01266666667,0.03663131313,0,0,-37066942.12,-37066942.12,0,-37076149.03,91,49.35032463
950,0,-37068596.9,-37026640.98,-1654.782977,40301.13171,-0.0001606741199,0.003913110637,41955.91469,0.004073784757,0.8812836606,24.11871634,1,74.43248485,0,0,-37066942.12,-37066942.12,0,-37076149.03,92,49.38977599
951,0,-37066942.12,-37069265.34,5.215406418e-08,-2323.226013,5.063992364e-15,-0.0002255777949,-2323.226013,-0.0002255777949,2.023684107,2.023684107,0.02684848485,0.05182828283,0,0,-37066942.12,-37066942.12,0,-37076149.03,93,49.44156122
952,0,-37066942.12,-37047570.68,2.235174179e-08,19371.43557,2.170282442e-15,0.001880904267,19371.43557,0.001880904267,1.224428382,1.224428382,0.014,0.03853535354,0,0,-37066942.12,-37066942.12,0,-37076149.03,94,49.52837658
953,0,-37066942.12,-37225834.25,2.980232239e-08,-158892.1387,2.893709923e-15,-0.01542791707,-158892.1387,-0.01542791707,0.9755358069,28.02446419,1,125.5702424,0,0,-37066942.12,-37066942.12,0,-37076149.03,95,49.56821513
954,0,-37214759.52,-37206349.98,-147817.4064,-139407.8682,-0.01435259609,-0.0135360569,8409.53817,0.0008165391855,1.518267827,1.518267827,0.01393939394,0.03693939394,0,0,-37066942.12,-37066942.12,0,-37076149.03,96,49.62674999
955,0,-37223618.32,-37211345.64,-156676.2082,-144403.5277,-0.01521275732,-0.01402111942,12272.68043,0.001191637909,1.15574366,26.84425634,1,120.4573838,0,0,-37066942.12,-37066942.12,0,-37076149.03,97,49.65422773
956,0,-37126926.52,-37096249.56,-59984.40906,-29307.43962,-0.005824293739,-0.002845658393,30676.96944,0.002978635347,1.888765249,1.888765249,0.02339393939,0.05345959596,0,0,-37066942.12,-37066942.12,0,-37076149.03,98,49.68898463
957,0,-37074900.16,-37001028.06,-7958.040612,65914.05356,-0.0007727002206,0.006400043202,73872.09417,0.007172743423,1.570329495,10.42967051,1,7.216050505,0,0,-37066942.12,-37066942.12,0,-37076149.03,99,49.71293449
958,0,-37066942.12,-37146531.31,4.470348358e-08,-79589.19864,4.340564884e-15,-0.007727855932,-79589.19864,-0.007727855932,2.154845372,2.154845372,0.01448484848,0.03748484848,0,0,-37066942.12,-37066942.12,0,-37076149.03,100,49.77890563
959,0,-37154665.32,-37081691.42,-87723.20024,-14749.30504,-0.0085176414,-0.001432110215,72973.89521,0.007085531185,1.068394226,23.93160577,1,85.39412626,0,0,-37066942.12,-37066942.12,0,-37076149.03,101,49.81618118
960,0,-37087807.47,-37062451.95,-20865.35103,4490.165378,-0.002025958666,0.0004359806575,25355.5164,0.002461939323,1.052138955,1.052138955,0.01351515152,0.0370959596,0,0,-37066942.12,-37066942.12,0,-37076149.03,102,49.853297
961,0,-37066942.12,-37038875.32,3.725290298e-08,28066.79843,3.617137403e-15,0.002725196112,28066.79843,0.002725196112,0.8844485941,27.11555141,1,105.6187525,0,0,-37066942.12,-37066942.12,0,-37076149.03,103,49.88753557
962,0,-37066942.12,-37058944.91,4.470348358e-08,7997.201542,4.340564884e-15,0.0007765026213,7997.201542,0.0007765026213,1.94687336,1.94687336,0.01351515152,0.03776262626,0,0,-37066942.12,-37066942.12,0,-37076149.03,104,49.96046686
963,0,-37068159.14,-37111529.79,-1217.0249,-44587.67817,-0.0001181692145,-0.00432932055,-43370.65327,-0.004211151335,0.8996419643,22.10035804,1,69.38834848,0,0,-37066942.12,-37066942.12,0,-37076149.03,105,50.03492546
964,0,-37108121.24,-37071486.98,-41179.12418,-4544.862639,-0.003998360889,-0.0004412915861,36634.26154,0.003557069303,1.635505725,1.635505725,0.02375757576,0.05663131313,0,0,-37066942.12,-37066942.12,0,-37076149.03,106,50.07047105
965,0,-37091926.44,-37100165.94,-24984.32271,-33223.81928,-0.002425897606,-0.003225926298,-8239.496569,-0.0008000286914,1.255293373,1.255293373,0.01381818182,0.04638888889,0,0,-37066942.12,-37066942.12,0,-37076149.03,107,50.09947801
966,0,-37095091.37,-37069217.99,-28149.2592,-2275.873999,-0.002733202788,-0.0002209800662,25873.3852,0.002512222722,1.101978456,17.89802154,1,67.38209596,0,0,-37066942.12,-37066942.12,0,-37076149.03,108,50.12401867
967,0,-37066942.12,-37059178.49,4.470348358e-08,7763.629155,4.340564884e-15,0.0007538234916,7763.629155,0.0007538234916,1.347214798,1.347214798,0.01381818182,0.04394444444,0,0,-37066942.12,-37066942.12,0,-37076149.03,109,50.16885257
968,0,-37066942.12,-37120610.84,4.470348358e-08,-53668.72801,4.340564884e-15,-0.005211061364,-53668.72801,-0.005211061364,1.040525942,8.959474058,1,15.20481313,0,0,-37066942.12,-37066942.12,0,-37076149.03,110,50.21473646
969,0,-37117884.05,-35513738.54,-50941.93554,1553203.578,-0.004946298561,0.150811086,1604145.514,0.1557573846,1.552632797,708.3672876,1.688666667,2579.934404,0,0,-37066942.12,-37066942.12,0,-37076149.03,111,50.24808669
970,0,-37066942.12,-37123622.29,-8.195638657e-08,-56680.17146,-7.957702287e-15,-0.005503462866,-56680.17146,-0.005503462866,6.158226502,6.158226502,0.04109090909,0.07797979798,0,0,-37066942.12,-37066942.12,0,-37076149.03,112,50.38208747
971,0,-37066942.12,-37115543.29,2.235174179e-08,-48601.16988,2.170282442e-15,-0.004719017723,-48601.16988,-0.004719017723,2.598713101,2.598713101,0.03472727273,0.06661616162,0,0,-37066942.12,-37066942.12,0,-37076149.03,113,50.47437906
972,0,-37066942.12,-37091622.49,0,-24680.37441,0,-0.002396385201,-24680.37441,-0.002396385201,1.714218175,1.714218175,0.03472727273,0.07656565657,0,0,-37066942.12,-37066942.12,0,-37076149.03,114,50.50929308
973,0,-37066942.12,-37073065.9,7.450580597e-09,-6123.779693,7.234274806e-16,-0.0005945993682,-6123.779693,-0.0005945993682,1.675910516,27.32408948,1,114.4806818,0,0,-37066942.12,-37066942.12,0,-37076149.03,115,50.5346303
974,0,-37066942.12,-37077091.49,1.490116119e-08,-10149.37811,1.446854961e-15,-0.0009854720641,-10149.37811,-0.0009854720641,1.587918441,1.587918441,0.02077777778,0.05136363636,0,0,-37066942.12,-37066942.12,0,-37076149.03,116,50.59751081
975,0,-37066942.12,-37072221.16,5.215406418e-08,-5279.049176,5.063992364e-15,-0.0005125787442,-5279.049176,-0.0005125787442,1.230413946,14.76958605,1,42.19403535,0,0,-37066942.12,-37066942.12,0,-37076149.03,117,50.67147064
976,0,-37066942.12,-37059864.64,4.470348358e-08,7077.471975,4.340564884e-15,0.00068719983,7077.471975,0.00068719983,2.016698121,2.016698121,0.03618181818,0.09057070707,0,0,-37066942.12,-37066942.12,0,-37076149.03,118,50.71396613
977,0,-37066942.12,-37038244.07,4.470348358e-08,28698.04756,4.340564884e-15,0.002786488378,28698.04756,0.002786488378,2.016698121,27.98330188,1,104.4704899,0,0,-37066942.12,-37066942.12,0,-37076149.03,119,50.73742104
978,0,-37066942.12,-37069152.44,5.215406418e-08,-2210.322178,5.063992364e-15,-0.0002146151946,-2210.322178,-0.0002146151946,2.254588694,2.254588694,0.02877777778,0.07003030303,0,0,-37066942.12,-37066942.12,0,-37076149.03,120,50.78439212
979,0,-37072218.76,-37120770.97,-5276.640793,-53828.85632,-0.0005123448978,-0.00522660931,-48552.21553,-0.004714264412,1.124793613,1.124793613,0.01688888889,0.04777777778,0,0,-37066942.12,-37066942.12,0,-37076149.03,121,50.81807685
980,0,-37087866.94,-37078133.35,-20924.82591,-11191.23032,-0.002031733487,-0.001086632572,9733.595591,0.0009451009146,0.8931757153,26.10682428,1,121.4218283,0,0,-37066942.12,-37066942.12,0,-37076149.03,122,50.84616733
981,0,-37066942.12,-37121158.33,6.705522537e-08,-54216.21128,6.510847326e-15,-0.005264220234,-54216.21128,-0.005264220234,1.590995377,1.590995377,0.01688888889,0.04777777778,0,0,-37066942.12,-37066942.12,0,-37076149.03,123,50.92814851
982,0,-37088226.57,-37089253.18,-21284.4526,-22311.0601,-0.002066652085,-0.00216633238,-1026.607495,-9.96802953e-05,0.8931757153,21.10682428,1,92.31106061,0,0,-37066942.12,-37066942.12,0,-37076149.03,124,50.96876097
983,0,-37066942.12,-35303479.27,5.215406418e-08,1763462.843,5.063992364e-15,0.1712265863,1763462.843,0.1712265863,1.578109969,743.9361303,1.4745,2644.279061,0,0,-37066942.12,-37066942.12,0,-37076149.03,125,51.04003143
984,0,-37066942.12,-36963910.16,0,103031.9538,0,0.01000407227,103031.9538,0.01000407227,15.64963922,15.64963922,0.1008484848,0.425520202,0,0,-37066942.12,-37066942.12,0,-37076149.03,126,51.21317244
985,0,-37066942.12,-37056384.79,4.470348358e-08,10557.3277,4.340564884e-15,0.00102508266,10557.3277,0.00102508266,2.938009546,2.938009546,0.05516666667,0.07461111111,0,0,-37066942.12,-37066942.12,0,-37076149.03,127,51.34778452
986,0,-37066942.12,-37041071.48,5.960464478e-08,25870.64028,5.787419845e-15,0.0025119562,25870.64028,0.0025119562,1.696803371,1.696803371,0.02288888889,0.07667676768,0,0,-37066942.12,-37066942.12,0,-37076149.03,128,51.38627195
987,0,-37066942.12,-37032595.63,5.960464478e-08,34346.49034,5.787419845e-15,0.003334934057,34346.49034,0.003334934057,1.434749004,1.434749004,0.01822222222,0.04427777778,0,0,-37066942.12,-37066942.12,0,-37076149.03,129,51.42222881
988,0,-37066942.12,-37281580.71,5.960464478e-08,-214638.5916,5.787419845e-15,-0.02084071886,-214638.5916,-0.02084071886,1.225008118,20.77499188,1,76.30486869,0,0,-37066942.12,-37066942.12,0,-37076149.03,130,51.49412322
989,0,-37139614.52,-37133063.3,-72672.40447,-66121.18725,-0.007056257401,-0.00642015522,6551.217216,0.0006361021808,2.230051094,2.230051094,0.02527777778,0.07702020202,0,0,-37066942.12,-37066942.12,0,-37076149.03,131,51.54741096
990,0,-37109995.57,-37092722.77,-43053.45382,-25780.65217,-0.004180352286,-0.002503218642,17272.80165,0.001677133643,1.167357973,1.167357973,0.02084848485,0.04455555556,0,0,-37066942.12,-37066942.12,0,-37076149.03,132,51.57132888
991,0,-37085785.51,-37044183.81,-18843.39013,22758.30247,-0.001829632747,0.00220975818,41601.6926,0.004039390927,1.062916282,8.937083718,1,22.132,0,0,-37066942.12,-37066942.12,0,-37076149.03,133,51.59642649
992,0,-37066942.12,-37080087.61,4.470348358e-08,-13145.49647,4.340564884e-15,-0.001276385547,-13145.49647,-0.001276385547,1.199132128,1.199132128,0.01854545455,0.05287878788,0,0,-37066942.12,-37066942.12,0,-37076149.03,134,51.63156486
993,0,-37066942.12,-37196678.43,4.470348358e-08,-129736.3122,4.340564884e-15,-0.01259697983,-129736.3122,-0.01259697983,1.149748035,17.85025197,1,66.47567172,0,0,-37066942.12,-37066942.12,0,-37076149.03,135,51.66423297
994,0,-37066942.12,-37054233.56,4.470348358e-08,12708.55252,4.340564884e-15,0.001233959691,12708.55252,0.001233959691,1.859589395,1.859589395,0.03024242424,0.08237878788,0,0,-37066942.12,-37066942.12,0,-37076149.03,136,51.70443869
995,0,-37066942.12,-37080402.07,4.470348358e-08,-13459.95357,4.340564884e-15,-0.001306918323,-13459.95357,-0.001306918323,1.374435085,1.374435085,0.02096969697,0.04502525253,0,0,-37066942.12,-37066942.12,0,-37076149.03,137,51.74721336
996,0,-37068530.96,-37014078.28,-1588.845762,52863.83282,-0.0001542718278,0.005132908624,54452.67859,0.005287180451,1.067436987,12.93256301,1,47.21569192,0,0,-37066942.12,-37066942.12,0,-37076149.03,138,51.77338028
997,0,-37066942.12,-37028161.65,4.470348358e-08,38780.46828,4.340564884e-15,0.003765459094,38780.46828,0.003765459094,1.588778544,1.588778544,0.03024242424,0.09023232323,0,0,-37066942.12,-37066942.12,0,-37076149.03,139,51.80711317
998,0,-37066942.12,-37146309.71,3.725290298e-08,-79367.59648,3.617137403e-15,-0.007706339072,-79367.59648,-0.007706339072,1.588778544,26.41122146,1,113.4926162,0,0,-37066942.12,-37066942.12,0,-37076149.03,140,51.82914376
999,0,-37083773.92,-37090437.42,-16831.8091,-23495.30718,-0.001634314681,-0.002281318973,-6663.498074,-0.000647004292,1.049169171,1.049169171,0.0203030303,0.04401010101,0,0,-37066942.12,-37066942.12,0,-37076149.03,141,51.85848355
1000,0,-37083773.92,-37032647.55,-16831.8091,34294.56672,-0.001634314681,0.00332989244,51126.37582,0.004964207121,1.049169171,17.95083083,1,85.32768687,0,0,-37066942.12,-37066942.12,0,-37076149.03,142,51.88073587
1001,0,-37066942.12,-37079045.19,4.470348358e-08,-12103.0748,4.340564884e-15,-0.001175169747,-12103.0748,-0.001175169747,1.199471638,1.199471638,0.01854545455,0.05287878788,0,0,-37066942.12,-37066942.12,0,-37076149.03,143,51.91467929
1002,0,-37066942.12,-37195548.19,4.470348358e-08,-128606.078,4.340564884e-15,-0.01248723772,-128606.078,-0.01248723772,1.149912793,18.85008721,1,70.49414646,0,0,-37066942.12,-37066942.12,0,-37076149.03,144,51.94618535
1003,0,-37066942.12,-37054592.36,5.215406418e-08,12349.75604,5.063992364e-15,0.001199121704,12349.75604,0.001199121704,1.844396025,1.844396025,0.03024242424,0.08171212121,0,0,-37066942.12,-37066942.12,0,-37076149.03,145,51.98763371
1004,0,-37066942.12,-37080760.87,5.960464478e-08,-13818.75004,5.787419845e-15,-0.00134175631,-13818.75004,-0.00134175631,1.372718283,1.372718283,0.0203030303,0.04435858586,0,0,-37066942.12,-37066942.12,0,-37076149.03,146,52.03111553
1005,0,-37068537.83,-37077909.82,-1595.709531,-10967.70446,-0.0001549382777,-0.001064928928,-9371.994932,-0.0009099906503,1.052243617,21.94775638,1,99.33657071,0,0,-37066942.12,-37066942.12,0,-37076149.03,147,52.05724406
1006,0,-37066942.12,-37028862.26,5.215406418e-08,38079.8592,5.063992364e-15,0.0036974322,38079.8592,0.0036974322,1.588500922,1.588500922,0.03024242424,0.09023232323,0,0,-37066942.12,-37066942.12,0,-37076149.03,148,52.09185362
1007,0,-37066942.12,-37164338.95,4.470348358e-08,-97396.83095,4.340564884e-15,-0.009456919916,-97396.83095,-0.009456919916,1.588500922,10.41149908,1,18.1905,0,0,-37066942.12,-37066942.12,0,-37076149.03,149,52.11463952
1008,0,-37085168.28,-37091479.84,-18226.16348,-24537.72885,-0.001769702019,-0.002382534774,-6311.565366,-0.0006128327548,1.064362541,1.064362541,0.02096969697,0.04467676768,0,0,-37066942.12,-37066942.12,0,-37076149.03,150,52.14433241
1009,0,-37085168.28,-37038209.44,-18226.16348,28732.67736,-0.001769702019,0.002789850821,46958.84084,0.00455955284,1.064362541,11.93563746,1,43.19977273,0,0,-37066942.12,-37066942.12,0,-37076149.03,151,52.16266274
1010,0,-37066942.12,-35648047.06,5.960464478e-08,1418895.053,5.787419845e-15,0.137770159,1418895.053,0.137770159,1.199132128,706.8008679,1.642722222,2714.127146,0,0,-37066942.12,-37066942.12,0,-37076149.03,152,52.1969285
1011,0,-37066942.12,-37074712.43,0,-7770.316008,0,-0.0007544727636,-7770.316008,-0.0007544727636,8.631693419,8.631693419,0.08715151515,0.2383585859,0,0,-37066942.12,-37066942.12,0,-37076149.03,153,52.38092804
1012,0,-37066942.12,-37018953.23,-1.490116119e-08,47988.88485,-1.446854961e-15,0.00465956681,47988.88485,0.00465956681,2.341014815,2.341014815,0.02890909091,0.07028787879,0,0,-37066942.12,-37066942.12,0,-37076149.03,154,52.68813086
1013,0,-37066942.12,-37186497.54,-1.490116119e-08,-119555.4275,-1.446854961e-15,-0.01160844858,-119555.4275,-0.01160844858,2.341014815,25.65898518,1,59.29834848,0,0,-37066942.12,-37066942.12,0,-37076149.03,155,52.70523572
1014,0,-37066942.12,-37118148.62,2.235174179e-08,-51206.50819,2.170282442e-15,-0.004971987717,-51206.50819,-0.004971987717,4.172413213,4.172413213,0.062,0.07523232323,0,0,-37066942.12,-37066942.12,0,-37076149.03,156,52.82067418
1015,0,-37066942.12,-37071307.9,4.470348358e-08,-4365.78734,4.340564884e-15,-0.0004239039489,-4365.78734,-0.0004239039489,1.194150638,1.194150638,0.02222222222,0.04674747475,0,0,-37066942.12,-37066942.12,0,-37076149.03,157,52.8848691
1016,0,-37066942.12,-37047061.95,4.470348358e-08,19880.16579,4.340564884e-15,0.001930300339,19880.16579,0.001930300339,1.194150638,12.80584936,1,40.26900505,0,0,-37066942.12,-37066942.12,0,-37076149.03,158,52.90178227
1017,0,-37066942.12,-37046025.3,3.725290298e-08,20916.81446,3.617137403e-15,0.002030955601,20916.81446,0.002030955601,1.6838893,1.6838893,0.02222222222,0.05687373737,0,0,-37066942.12,-37066942.12,0,-37076149.03,159,52.95836854
1018,0,-37066942.12,-37214088.09,2.980232239e-08,-147145.9694,2.893709923e-15,-0.01428740171,-147145.9694,-0.01428740171,1.197380147,20.80261985,1,48.78872222,0,0,-37066942.12,-37066942.12,0,-37076149.03,160,53.02904296
1019,0,-37066942.12,-37085321.48,5.960464478e-08,-18379.36843,5.787419845e-15,-0.001784577729,-18379.36843,-0.001784577729,1.574725544,1.574725544,0.02222222222,0.06761616162,0,0,-37066942.12,-37066942.12,0,-37076149.03,161,53.15336299
1020,0,-37066942.12,-36997166.74,5.215406418e-08,69775.37236,5.063992364e-15,0.006774964874,69775.37236,0.006774964874,1.436347003,27.563653,1,108.5415354,0,0,-37066942.12,-37066942.12,0,-37076149.03,162,53.20853591
1021,0,-37066942.12,-37052447.28,5.960464478e-08,14494.83253,5.787419845e-15,0.001407401751,14494.83253,0.001407401751,1.661012686,1.661012686,0.02222222222,0.07045454545,0,0,-37066942.12,-37066942.12,0,-37076149.03,163,53.28055763
1022,0,-37066942.12,-37182946.99,4.470348358e-08,-116004.8775,4.340564884e-15,-0.01126370156,-116004.8775,-0.01126370156,1.373123381,22.62687662,1,76.56450505,0,0,-37066942.12,-37066942.12,0,-37076149.03,164,53.3910687
1023,0,-37066942.12,-37063540.99,5.960464478e-08,3401.12117,5.787419845e-15,0.0003302379576,3401.12117,0.0003302379576,1.796425095,1.796425095,0.02222222222,0.07045454545,0,0,-37066942.12,-37066942.12,0,-37076149.03,165,53.44278789
1024,0,-37066942.12,-37181728.01,4.470348358e-08,-114785.8902,4.340564884e-15,-0.0111453418,-114785.8902,-0.0111453418,1.368350993,22.63164901,1,75.57622222,0,0,-37066942.12,-37066942.12,0,-37076149.03,166,53.5253396
1025,0,-37066942.12,-37063125.24,5.960464478e-08,3816.878898,5.787419845e-15,0.0003706066996,3816.878898,0.0003706066996,1.795275628,1.795275628,0.02222222222,0.07045454545,0,0,-37066942.12,-37066942.12,0,-37076149.03,167,53.58149147
1026,0,-37066942.12,-37190056.38,4.470348358e-08,-123114.2667,4.340564884e-15,-0.01195400045,-123114.2667,-0.01195400045,1.368535326,17.63146467,1,65.4994596,0,0,-37066942.12,-37066942.12,0,-37076149.03,168,53.6443975
1027,0,-37066942.12,-37063079.69,4.470348358e-08,3862.421264,4.340564884e-15,0.0003750287173,3862.421264,0.0003750287173,1.7952753,1.7952753,0.02222222222,0.07045454545,0,0,-37066942.12,-37066942.12,0,-37076149.03,169,53.72558641
1028,0,-37066942.12,-37176689.94,5.215406418e-08,-109747.8272,5.063992364e-15,-0.01065616204,-109747.8272,-0.01065616204,1.368555518,27.63144448,1,115.680702,0,0,-37066942.12,-37066942.12,0,-37076149.03,170,53.78926182
1029,0,-37066942.12,-37061885.06,4.470348358e-08,5057.05798,4.340564884e-15,0.000491024111,5057.05798,0.000491024111,1.795272115,1.795272115,0.02222222222,0.07045454545,0,0,-37066942.12,-37066942.12,0,-37076149.03,171,53.87898064
1030,0,-37066942.12,-37176809.92,2.980232239e-08,-109867.8044,2.893709923e-15,-0.01066781144,-109867.8044,-0.01066781144,1.368774786,26.63122521,1,107.6683535,0,0,-37066942.12,-37066942.12,0,-37076149.03,172,53.95708251
1031,0,-37066942.12,-37062078.82,6.705522537e-08,4863.291368,6.510847326e-15,0.0004722099944,4863.291368,0.0004722099944,1.795271272,1.795271272,0.02222222222,0.07045454545,0,0,-37066942.12,-37066942.12,0,-37076149.03,173,54.01038623
1032,0,-37066942.12,-37191550.47,5.215406418e-08,-124608.3501,5.063992364e-15,-0.01209907116,-124608.3501,-0.01209907116,1.368816951,13.63118305,1,40.4230303,0,0,-37066942.12,-37066942.12,0,-37076149.03,174,54.06603193
1033,0,-37066942.12,-36349323.48,4.470348358e-08,717618.6383,4.340564884e-15,0.06967846825,717618.6383,0.06967846825,1.795275628,726.5872151,1.650333333,2597.155727,0,0,-37066942.12,-37066942.12,0,-37076149.03,175,54.16412854
1034,0,-37066942.12,-37083705.56,7.450580597e-09,-16763.44042,7.234274806e-16,-0.001627676302,-16763.44042,-0.001627676302,8.418084924,8.418084924,0.08303030303,0.3452272727,0,0,-37066942.12,-37066942.12,0,-37076149.03,176,54.31160331
1035,0,-37066942.12,-37071815.2,1.490116119e-08,-4873.082547,1.446854961e-15,-0.0004731606865,-4873.082547,-0.0004731606865,1.392556187,1.392556187,0.02644444444,0.05593434343,0,0,-37066942.12,-37066942.12,0,-37076149.03,177,54.50722146
1036,0,-37066942.12,-37110397.91,1.490116119e-08,-43455.79853,1.446854961e-15,-0.004219418667,-43455.79853,-0.004219418667,1.202834218,19.79716578,1,53.31716667,0,0,-37066942.12,-37066942.12,0,-37076149.03,178,54.53375196
1037,0,-37066942.12,-37026297.36,2.980232239e-08,40644.752,2.893709923e-15,0.003946475064,40644.752,0.003946475064,1.190210434,1.190210434,0.01833333333,0.02778787879,0,0,-37066942.12,-37066942.12,0,-37076149.03,179,54.6148839
1038,0,-37066942.12,-37069482.9,2.980232239e-08,-2540.786009,2.893709923e-15,-0.0002467021727,-2540.786009,-0.0002467021727,0.9552883707,0.9552883707,0.007090909091,0.0163989899,0,0,-37066942.12,-37066942.12,0,-37076149.03,180,54.75455737
1039,0,-37066942.12,-37039842.81,2.980232239e-08,27099.30597,2.893709923e-15,0.002631255697,27099.30597,0.002631255697,0.5645015695,11.43549843,1,20.15641919,0,0,-37066942.12,-37066942.12,0,-37076149.03,181,54.85434985
1040,0,-37066942.12,-37040044.08,4.470348358e-08,26898.03584,4.340564884e-15,0.002611713013,26898.03584,0.002611713013,1.81378815,1.81378815,0.02705555556,0.07047979798,0,0,-37066942.12,-37066942.12,0,-37076149.03,182,54.93883181
1041,0,-37066942.12,-37081151.17,2.980232239e-08,-14209.05382,2.893709923e-15,-0.001379653555,-14209.05382,-0.001379653555,1.653466297,1.653466297,0.02705555556,0.05909090909,0,0,-37066942.12,-37066942.12,0,-37076149.03,183,54.98507118
1042,0,-37067222.74,-37111011.66,-280.6226707,-44069.53939,-2.724756132e-05,-0.004279010936,-43788.91672,-0.004251763375,1.273762127,14.72623787,1,61.08590909,0,0,-37066942.12,-37066942.12,0,-37076149.03,184,55.14090371
1043,0,-37066942.12,-37080738.46,2.980232239e-08,-13796.34142,2.893709923e-15,-0.001339580504,-13796.34142,-0.001339580504,1.040115285,1.040115285,0.007454545455,0.01585353535,0,0,-37066942.12,-37066942.12,0,-37076149.03,185,55.25230527
1044,0,-37070247.68,-37087424.31,-3305.568856,-20482.19517,-0.0003209601344,-0.001988755461,-17176.62632,-0.001667795327,0.3893277947,28.61067221,1,137.4393737,0,0,-37066942.12,-37066942.12,0,-37076149.03,186,55.33445215
1045,0,-37066942.12,-37045013.69,3.725290298e-08,21928.42563,3.617137403e-15,0.002129179801,21928.42563,0.002129179801,1.117006244,1.117006244,0.02438888889,0.06296464646,0,0,-37066942.12,-37066942.12,0,-37076149.03,187,55.40805316
1046,0,-37066942.12,-37070543,2.980232239e-08,-3600.885581,2.893709923e-15,-0.0003496344412,-3600.885581,-0.0003496344412,1.117006244,14.88299376,1,54.27006566,0,0,-37066942.12,-37066942.12,0,-37076149.03,188,55.43044496
1047,0,-37075310.43,-37075305.23,-8368.315457,-8363.117101,-0.0008125365922,-0.0008120318485,5.198356122,5.047437074e-07,0.4724907974,0.4724907974,0.006944444444,0.006944444444,0,0,-37066942.12,-37066942.12,0,-37076149.03,189,55.5081501
1048,0,-37067647.43,-37073520.21,-705.3135138,-6578.092318,-6.848368013e-05,-0.000638711667,-5872.778804,-0.0005702279869,0.1862891207,29.81371088,1,149.4336667,0,0,-37066942.12,-37066942.12,0,-37076149.03,190,55.53082275
1049,0,-37066942.12,-37075527.07,2.980232239e-08,-8584.952496,2.893709923e-15,-0.0008335713539,-8584.952496,-0.0008335713539,0.5944019214,0.5944019214,0.006944444444,0.006944444444,0,0,-37066942.12,-37066942.12,0,-37076149.03,191,55.61345005
1050,0,-37067869.26,-37073655.37,-927.1489093,-6713.250308,-9.002318557e-05,-0.0006518350743,-5786.101398,-0.0005618118887,0.1862891207,28.81371088,1,149.4233333,0,0,-37066942.12,-37066942.12,0,-37076149.03,192,55.6734848
1051,0,-37066942.12,-37075662.23,2.980232239e-08,-8720.110485,2.893709923e-15,-0.0008466947612,-8720.110485,-0.0008466947612,0.5934550856,0.5934550856,0.006944444444,0.006944444444,0,0,-37066942.12,-37066942.12,0,-37076149.03,193,55.74348378
1052,0,-37067617.23,-37082533.53,-675.1145825,-15591.41374,-6.555146075e-05,-0.00151387627,-14916.29916,-0.001448324809,0.1862891207,20.81371088,1,98.25727778,0,0,-37066942.12,-37066942.12,0,-37076149.03,194,55.80499983
1053,0,-37066942.12,-35970323.05,1.490116119e-08,1096619.062,1.446854961e-15,0.1064781939,1096619.062,0.1064781939,0.6002681198,709.5971118,1.384277778,2584.916793,0,0,-37066942.12,-37066942.12,0,-37076149.03,195,55.85669112
1054,0,-37066942.12,-36977839.79,-2.980232239e-08,89102.32216,-2.893709923e-15,0.008651549715,89102.32216,0.008651549715,7.49818762,7.49818762,0.05272727273,0.2091565657,0,0,-37066942.12,-37066942.12,0,-37076149.03,196,55.98882961
1055,0,-37066942.12,-37089378,2.980232239e-08,-22435.88037,2.893709923e-15,-0.002178452028,-22435.88037,-0.002178452028,2.431955428,2.431955428,0.02812121212,0.09404545455,0,0,-37066942.12,-37066942.12,0,-37076149.03,197,56.16542888
1056,0,-37079630.71,-36966718.18,-12688.59829,100223.9314,-0.0012320222,0.009731422303,112912.5297,0.0109634445,2.195496225,16.80450378,1,19.55549495,0,0,-37066942.12,-37066942.12,0,-37076149.03,198,56.22394419
1057,0,-37066942.12,-36938598.28,4.470348358e-08,128343.8341,4.340564884e-15,0.01246177467,128343.8341,0.01246177467,3.755897563,3.755897563,0.03363636364,0.09941919192,0,0,-37066942.12,-37066942.12,0,-37076149.03,199,56.30777812
1058,0,-37066942.12,-37036890.38,5.215406418e-08,30051.73468,5.063992364e-15,0.002917927056,30051.73468,0.002917927056,2.573814923,2.573814923,0.03363636364,0.1263535354,0,0,-37066942.12,-37066942.12,0,-37076149.03,200,56.35116863
1059,0,-37066942.12,-37273037.69,6.705522537e-08,-206095.578,6.510847326e-15,-0.02001121964,-206095.578,-0.02001121964,2.238250203,19.7617498,1,56.50265152,0,0,-37066942.12,-37066942.12,0,-37076149.03,201,56.46840692
1060,0,-37224111.51,-37237816.57,-157169.3978,-170874.4583,-0.01526064446,-0.01659136187,-13705.06043,-0.001330717414,1.43664258,1.43664258,0.02038888889,0.05627272727,0,0,-37066942.12,-37066942.12,0,-37076149.03,202,56.53221154
1061,0,-37224955.23,-37148465.01,-158013.1104,-81522.89019,-0.01534256625,-0.00791561118,76490.22024,0.007426955067,1.340141549,13.65985845,1,26.25842929,0,0,-37066942.12,-37066942.12,0,-37076149.03,203,56.58247614
1062,0,-37066942.12,-37059747.45,7.450580597e-08,7194.664044,7.234274806e-15,0.0006985788041,7194.664044,0.0006985788041,1.222886175,1.222886175,0.0143030303,0.02196969697,0,0,-37066942.12,-37066942.12,0,-37076149.03,204,56.62427402
1063,0,-37066942.12,-37117181.48,7.450580597e-08,-50239.36097,7.234274806e-15,-0.004878080824,-50239.36097,-0.004878080824,0.3302034629,12.66979654,1,27.30800505,0,0,-37066942.12,-37066942.12,0,-37076149.03,205,56.65572071
1064,0,-37078321.96,-37047754.73,-11379.84858,19187.38879,-0.0011049468,0.001863033915,30567.23738,0.002967980715,1.729836668,1.729836668,0.06139393939,0.1122272727,0,0,-37066942.12,-37066942.12,0,-37076149.03,206,56.68345284
1065,0,-37080450.74,-37076433.68,-13508.61976,-9491.567851,-0.001311643655,-0.0009216007972,4017.051913,0.0003900428573,0.399366131,0.399366131,0.01751515152,0.02812626263,0,0,-37066942.12,-37066942.12,0,-37076149.03,207,56.7063365
1066,0,-37080450.74,-37122332.18,-13508.61976,-55390.06287,-0.001311643655,-0.005378197459,-41881.44311,-0.004066553805,0.399366131,28.60063387,1,129.455697,0,0,-37066942.12,-37066942.12,0,-37076149.03,208,56.72311211
1067,0,-37074414.17,-37075604.62,-7472.055542,-8662.500909,-0.0007255126289,-0.0008411010561,-1190.445367,-0.0001155884272,0.6524609706,0.6524609706,0.01751515152,0.02812626263,0,0,-37066942.12,-37066942.12,0,-37076149.03,209,56.74511933
1068,0,-37079621.67,-37140814.05,-12679.55282,-73871.93851,-0.001231143913,-0.007172728309,-61192.38568,-0.005941584395,0.399366131,14.60063387,1,72.24076768,0,0,-37066942.12,-37066942.12,0,-37076149.03,210,56.76830316
1069,0,-37074781.94,-37075972.38,-7839.82239,-9030.267757,-0.0007612216104,-0.0008768100376,-1190.445367,-0.0001155884272,0.6524609706,0.6524609706,0.01751515152,0.02812626263,0,0,-37066942.12,-37066942.12,0,-37076149.03,211,56.7903769
1070,0,-37079989.44,-37140446.29,-13047.31967,-73504.17166,-0.001266852895,-0.007137019327,-60456.85199,-0.005870166432,0.399366131,14.60063387,1,72.22682323,0,0,-37066942.12,-37066942.12,0,-37076149.03,212,56.81248736
1071,0,-37074414.17,-34977118.41,-7472.055542,2089823.704,-0.0007255126289,0.2029151793,2097295.76,0.2036406919,0.6524609706,675.3724009,1.238,2435.437697,0,0,-37066942.12,-37066942.12,0,-37076149.03,213,56.83474827
1072,0,-37066942.12,-36957963.65,0,108978.4703,0,0.01058145995,108978.4703,0.01058145995,14.81748892,14.81748892,0.07678787879,0.3607575758,0,0,-37066942.12,-37066942.12,0,-37076149.03,214,57.00515318
1073,0,-37081171.73,-37109075.38,-14229.61665,-42133.26498,-0.001381650139,-0.004091004901,-27903.64834,-0.002709354761,4.723290025,4.723290025,0.03894444444,0.08891919192,0,0,-37066942.12,-37066942.12,0,-37076149.03,215,57.23418736
1074,0,-37066942.12,-37060310.97,0,6631.14521,0,0.0006438629327,6631.14521,0.0006438629327,1.989614273,1.989614273,0.01496969697,0.04756060606,0,0,-37066942.12,-37066942.12,0,-37076149.03,216,57.3377533
1075,0,-37066942.12,-37230600.6,7.450580597e-09,-163658.4871,7.234274806e-16,-0.01589071421,-163658.4871,-0.01589071421,1.763574657,17.23642534,1,23.29729293,0,0,-37066942.12,-37066942.12,0,-37076149.03,217,57.37377858
1076,0,-37097727.54,-37099806.98,-30785.42592,-32864.86316,-0.002989166123,-0.003191072809,-2079.437238,-0.0002019066867,2.751430599,2.751430599,0.05254545455,0.1330454545,0,0,-37066942.12,-37066942.12,0,-37076149.03,218,57.51424646
1077,0,-37066942.12,-37070179.42,3.725290298e-08,-3237.301674,3.617137403e-15,-0.0003143316099,-3237.301674,-0.0003143316099,1.213221842,1.213221842,0.01812121212,0.05366666667,0,0,-37066942.12,-37066942.12,0,-37076149.03,219,57.63657832
1078,0,-37066942.12,-36913998.68,3.725290298e-08,152943.4366,3.617137403e-15,0.01485031718,152943.4366,0.01485031718,1.213221842,26.78677816,1,53.97053535,0,0,-37066942.12,-37066942.12,0,-37076149.03,220,57.65377426
1079,0,-37066942.12,-37136130.76,5.215406418e-08,-69188.63928,5.063992364e-15,-0.006717994974,-69188.63928,-0.006717994974,3.042027704,3.042027704,0.05812121212,0.07750505051,0,0,-37066942.12,-37066942.12,0,-37076149.03,221,57.72925854
1080,0,-37093016.52,-37150234.2,-26074.4048,-83292.08164,-0.002531741081,-0.008087393995,-57217.67684,-0.005555652914,1.976905061,1.976905061,0.01860606061,0.05223232323,0,0,-37066942.12,-37066942.12,0,-37076149.03,222,57.76670694
1081,0,-37110103.47,-37000964.61,-43161.35517,65977.51064,-0.004190829161,0.006406204681,109138.8658,0.01059703384,1.771915287,10.22808471,1,7.21409596,0,0,-37066942.12,-37066942.12,0,-37076149.03,223,57.78807712
1082,0,-37066942.12,-37066977.97,3.725290298e-08,-35.85071072,3.617137403e-15,-3.480989031e-06,-35.85071076,-3.480989035e-06,1.984436015,1.984436015,0.01375757576,0.0381010101,0,0,-37066942.12,-37066942.12,0,-37076149.03,224,57.85983729
1083,0,-37070694.17,-37055356.47,-3752.057048,11585.64203,-0.0003643127059,0.001124928684,15337.69908,0.00148924139,0.9308459675,9.069154032,1,16.10459596,0,0,-37066942.12,-37066942.12,0,-37076149.03,225,57.9154892
1084,0,-37099009.85,-37160666.58,-32067.73913,-93724.46313,-0.003113674623,-0.009100344779,-61656.72399,-0.005986670156,2.213261571,2.213261571,0.01375757576,0.02936868687,0,0,-37066942.12,-37066942.12,0,-37076149.03,226,57.9453311
1085,0,-37125536.91,-37050209.32,-58594.79015,16732.79155,-0.0056893662,0.001624700395,75327.5817,0.007314066594,1.120465502,20.8795345,1,93.22735859,0,0,-37066942.12,-37066942.12,0,-37076149.03,227,57.96971035
1086,0,-37066942.12,-37047916.6,4.470348358e-08,19025.51778,4.340564884e-15,0.001847316758,19025.51778,0.001847316758,2.185483508,2.185483508,0.03648484848,0.089,0,0,-37066942.12,-37066942.12,0,-37076149.03,228,58.03973174
1087,0,-37066942.12,-37077116.99,3.725290298e-08,-10174.87444,3.617137403e-15,-0.0009879476755,-10174.87444,-0.0009879476755,0.9896162187,0.9896162187,0.01406060606,0.0384040404,0,0,-37066942.12,-37066942.12,0,-37076149.03,229,58.1321969
1088,0,-37072354.06,-37032242.5,-5411.943595,34699.61702,-0.0005254823661,0.003369221525,40111.56061,0.003894703891,0.9377520449,13.06224796,1,25.18923232,0,0,-37066942.12,-37066942.12,0,-37076149.03,230,58.15999031
1089,0,-37066942.12,-37110623.28,4.470348358e-08,-43681.16795,4.340564884e-15,-0.004241301315,-43681.16795,-0.004241301315,2.003245951,2.003245951,0.01406060606,0.0425959596,0,0,-37066942.12,-37066942.12,0,-37076149.03,231,58.20202637
1090,0,-37066942.12,-36952924.07,3.725290298e-08,114018.0433,3.617137403e-15,0.01107078633,114018.0433,0.01107078633,1.572527964,8.427472036,1,14.09644949,0,0,-37066942.12,-37066942.12,0,-37076149.03,232,58.24470782
1091,0,-37066942.12,-37062958.06,3.725290298e-08,3984.055329,3.617137403e-15,0.0003868389949,3984.055329,0.0003868389949,1.749365061,1.749365061,0.01787878788,0.04227777778,0,0,-37066942.12,-37066942.12,0,-37076149.03,233,58.30724382
1092,0,-37067094.96,-37089341.99,-152.8472601,-22399.87455,-1.484097875e-05,-0.002174955979,-22247.02729,-0.002160115,1.025918677,28.97408132,1,127.4240657,0,0,-37066942.12,-37066942.12,0,-37076149.03,234,58.42521167
1093,0,-37066942.12,-37113260.6,3.725290298e-08,-46318.48517,3.617137403e-15,-0.004497376359,-46318.48517,-0.004497376359,1.929224466,1.929224466,0.01381818182,0.04217171717,0,0,-37066942.12,-37066942.12,0,-37076149.03,235,58.45410466
1094,0,-37067731.56,-36925675.25,-789.4490272,141266.865,-7.665296864e-05,0.01371655953,142056.314,0.01379321249,1.551376073,23.44862393,1,87.37042929,0,0,-37066942.12,-37066942.12,0,-37076149.03,236,58.47965503
1095,0,-37066942.12,-37002762.53,3.725290298e-08,64179.58233,3.617137403e-15,0.00623163161,64179.58233,0.006231631609,2.473650743,2.473650743,0.03648484848,0.1035454545,0,0,-37066942.12,-37066942.12,0,-37076149.03,237,58.525244
1096,0,-37066942.12,-37170241.09,4.470348358e-08,-103298.9766,4.340564884e-15,-0.01002999933,-103298.9766,-0.01002999933,2.18454866,24.81545134,1,79.42912121,0,0,-37066942.12,-37066942.12,0,-37076149.03,238,58.57931137
1097,0,-37121389.24,-37127873.86,-54447.12616,-60931.748,-0.005286641329,-0.005916277312,-6484.621835,-0.0006296359829,1.772353099,1.772353099,0.03648484848,0.06620707071,0,0,-37066942.12,-37066942.12,0,-37076149.03,239,58.62455797
1098,0,-37111302.44,-37154597.44,-44360.32316,-87655.32123,-0.004307245107,-0.008511050566,-43294.99808,-0.004203805459,0.9546909898,0.9546909898,0.01277777778,0.01566666667,0,0,-37066942.12,-37066942.12,0,-37076149.03,240,58.65444136
1099,0,-37115215.01,-37019983.32,-48272.89051,46958.79962,-0.004687142849,0.004559548838,95231.69013,0.009246691687,0.8082821501,27.19171785,1,128.3621212,0,0,-37066942.12,-37066942.12,0,-37076149.03,241,58.67578816
1100,0,-37066942.12,-37030378.79,4.470348358e-08,36563.32475,4.340564884e-15,0.003550181568,36563.32475,0.003550181568,1.792659268,1.792659268,0.03648484848,0.07493939394,0,0,-37066942.12,-37066942.12,0,-37076149.03,242,58.72281528
1101,0,-37066942.12,-37228953.48,5.215406418e-08,-162011.3645,5.063992364e-15,-0.0157307839,-162011.3645,-0.0157307839,1.318623762,24.68137624,1,89.44633838,0,0,-37066942.12,-37066942.12,0,-37076149.03,243,58.78062654
1102,0,-37117676.07,-37110578.59,-50733.95743,-43636.47099,-0.004926104554,-0.004236961383,7097.486449,0.0006891431713,2.420327943,2.420327943,0.03648484848,0.06620707071,0,0,-37066942.12,-37066942.12,0,-37076149.03,244,58.84055972
1103,0,-37066942.12,-37087415.02,3.725290298e-08,-20472.90002,3.617137403e-15,-0.001987852932,-20472.90002,-0.001987852932,1.283235209,1.283235209,0.01309090909,0.02786868687,0,0,-37066942.12,-37066942.12,0,-37076149.03,245,58.91695905
1104,0,-37066942.12,-36938563.12,1.490116119e-08,128378.9948,1.446854961e-15,0.01246518866,128378.9948,0.01246518866,1.10620296,22.89379704,1,71.34193939,0,0,-37066942.12,-37066942.12,0,-37076149.03,246,58.97683549
1105,0,-37066942.12,-37016917.96,5.215406418e-08,50024.15318,5.063992364e-15,0.004857184838,50024.15318,0.004857184838,1.989528787,1.989528787,0.0143030303,0.03775757576,0,0,-37066942.12,-37066942.12,0,-37076149.03,247,59.1217649
1106,0,-37066942.12,-37056911.48,3.725290298e-08,10030.63345,3.617137403e-15,0.0009739423382,10030.63345,0.0009739423382,1.468080862,1.468080862,0.03933333333,0.05558080808,0,0,-37066942.12,-37066942.12,0,-37076149.03,248,59.19200659
1107,0,-37066942.12,-37078330.1,4.470348358e-08,-11387.98677,4.340564884e-15,-0.001105736992,-11387.98677,-0.001105736992,0.8738947894,0.8738947894,0.0143030303,0.01841414141,0,0,-37066942.12,-37066942.12,0,-37076149.03,249,59.26049995
1108,0,-37079321.91,-37042345.42,-12379.79629,24596.69861,-0.001202038516,0.002388260549,36976.4949,0.003590299065,0.4292428378,23.57075716,1,103.2548939,0,0,-37066942.12,-37066942.12,0,-37076149.03,250,59.28963637
1109,0,-37066942.12,-37050826.15,3.725290298e-08,16115.96192,3.617137403e-15,0.001564808215,16115.96192,0.001564808215,0.7407390885,0.7407390885,0.01151515152,0.0326010101,0,0,-37066942.12,-37066942.12,0,-37076149.03,251,59.3640914
1110,0,-37066942.12,-37332595.92,5.215406418e-08,-265653.8033,5.063992364e-15,-0.0257941323,-265653.8033,-0.0257941323,0.6050246225,24.39497538,1,41.65882323,0,0,-37066942.12,-37066942.12,0,-37076149.03,252,59.43005037
1111,0,-37072627.42,-37037514.61,-5685.300983,29427.50597,-0.0005520244917,0.00285731645,35112.80695,0.003409340942,1.694731772,1.694731772,0.04006060606,0.08853535354,0,0,-37066942.12,-37066942.12,0,-37076149.03,253,59.58072782
1112,0,-37066942.12,-37066715,3.725290298e-08,227.113748,3.617137403e-15,2.205201653e-05,227.1137479,2.205201653e-05,1.190895939,1.190895939,0.0143030303,0.04101515152,0,0,-37066942.12,-37066942.12,0,-37076149.03,254,59.65982699
1113,0,-37066942.12,-36986839.71,3.725290298e-08,80102.40078,3.617137403e-15,0.007777686213,80102.40078,0.007777686213,1.095650101,19.9043499,1,53.04438384,0,0,-37066942.12,-37066942.12,0,-37076149.03,255,59.72671986
1114,0,-37066942.12,-37062681.41,5.215406418e-08,4260.701758,5.063992364e-15,0.0004137004759,4260.701758,0.0004137004759,1.068733172,1.068733172,0.01551515152,0.03263131313,0,0,-37066942.12,-37066942.12,0,-37076149.03,256,59.81828475
1115,0,-37066942.12,-37248869.38,5.960464478e-08,-181927.2599,5.787419845e-15,-0.01766455346,-181927.2599,-0.01766455346,0.8862211306,16.11377887,1,45.29992929,0,0,-37066942.12,-37066942.12,0,-37076149.03,257,59.86614561
1116,0,-37083283.11,-37045104.72,-16340.99448,21837.39515,-0.001586658156,0.002120341032,38178.38963,0.003706999188,2.030188357,2.030188357,0.04006060606,0.08095959596,0,0,-37066942.12,-37066942.12,0,-37076149.03,258,59.9364531
1117,0,-37066942.12,-37074305.11,2.235174179e-08,-7362.997073,2.170282442e-15,-0.0007149234013,-7362.997073,-0.0007149234013,1.017721967,1.017721967,0.01016666667,0.03343939394,0,0,-37066942.12,-37066942.12,0,-37076149.03,259,59.99779916
1118,0,-37068365.15,-36935303.38,-1423.033884,131638.7375,-0.0001381720262,0.01278169922,133061.7714,0.01291987125,0.9231835333,12.07681647,1,6.121828283,0,0,-37066942.12,-37066942.12,0,-37076149.03,260,60.0466485
1119,0,-37066942.12,-37075644.68,5.215406418e-08,-8702.568809,5.063992364e-15,-0.0008449915207,-8702.568809,-0.0008449915207,1.330387257,1.330387257,0.01775757576,0.03453535354,0,0,-37066942.12,-37066942.12,0,-37076149.03,261,60.18019128
1120,0,-37066942.12,-37078347.07,5.215406418e-08,-11404.9581,5.063992364e-15,-0.001107384854,-11404.9581,-0.001107384854,1.211244502,9.788755498,1,24.12217677,0,0,-37066942.12,-37066942.12,0,-37076149.03,262,60.21164656
1121,0,-37066942.12,-37051580.49,5.960464478e-08,15361.62139,5.787419845e-15,0.00149156417,15361.62139,0.00149156417,0.7435271479,0.7435271479,0.01016666667,0.02466161616,0,0,-37066942.12,-37066942.12,0,-37076149.03,263,60.32789183
1122,0,-37066942.12,-37027414.53,6.705522537e-08,39527.58758,6.510847326e-15,0.003838001982,39527.58758,0.003838001982,0.7358388018,29.2641612,1,98.25690909,0,0,-37066942.12,-37066942.12,0,-37076149.03,264,60.39506483
1123,0,-37066942.12,-36972002.18,2.980232239e-08,94939.93972,2.893709923e-15,0.009218363658,94939.93972,0.009218363658,4.932907209,4.932907209,0.0796969697,0.2417676768,0,0,-37066942.12,-37066942.12,0,-37076149.03,265,60.47986507
1124,0,-37066942.12,-37152209.09,3.725290298e-08,-85266.97521,3.617137403e-15,-0.008279149827,-85266.97521,-0.008279149827,3.798278422,7.235470696,0.06072727273,0.1611767677,0,0,-37066942.12,-37066942.12,0,-37076149.03,266,60.59414172
1125,0,-37102992.76,-37117397.7,-36050.64093,-50455.58085,-0.003500401614,-0.00489907508,-14404.93992,-0.001398673467,1.413700024,1.413700024,0.01684848485,0.03193434343,0,0,-37066942.12,-37066942.12,0,-37076149.03,267,60.67018628
1126,0,-37108463.15,-37013574.38,-41521.02964,53367.73626,-0.004031558813,0.005181836031,94888.7659,0.009213394844,0.8981873804,15.10181262,1,55.43210606,0,0,-37066942.12,-37066942.12,0,-37076149.03,268,60.69526625
1127,0,-37066942.12,-36995850.94,4.470348358e-08,71091.17924,4.340564884e-15,0.006902725502,71091.17924,0.006902725502,2.53817809,2.53817809,0.0796969697,0.1867626263,0,0,-37066942.12,-37066942.12,0,-37076149.03,269,60.74618864
1128,0,-37066942.12,-37144970.62,5.215406418e-08,-78028.50041,5.063992364e-15,-0.007576317138,-78028.50041,-0.007576317138,2.53817809,27.46182191,1,106.3755253,0,0,-37066942.12,-37066942.12,0,-37076149.03,270,60.76474333
1129,0,-37081636.65,-37095722.68,-14694.53363,-28780.56426,-0.001426792088,-0.002794500486,-14086.03063,-0.001367708398,1.171935902,1.171935902,0.02139393939,0.05536363636,0,0,-37066942.12,-37066942.12,0,-37076149.03,271,60.81689858
1130,0,-37082859.95,-36989876.32,-15917.83724,77065.7938,-0.001545570944,0.007482841415,92983.63104,0.009028412359,1.130617457,15.86938254,1,45.35282828,0,0,-37066942.12,-37066942.12,0,-37076149.03,272,60.84548211
1131,0,-37066942.12,-37121585.15,5.215406418e-08,-54643.03423,5.063992364e-15,-0.005305663374,-54643.03423,-0.005305663374,1.61232077,1.61232077,0.01033333333,0.03528282828,0,0,-37066942.12,-37066942.12,0,-37076149.03,273,60.90906072
1132,0,-37111765.94,-37045032.41,-44823.82231,21909.70559,-0.004352249389,0.002127362144,66733.5279,0.006479611533,0.6381173243,23.36188268,1,74.34237879,0,0,-37066942.12,-37066942.12,0,-37076149.03,274,60.94596767
1133,0,-37066942.12,-37029164.56,5.215406418e-08,37777.55204,5.063992364e-15,0.003668079144,37777.55204,0.003668079144,1.612818739,1.612818739,0.01333333333,0.04497979798,0,0,-37066942.12,-37066942.12,0,-37076149.03,275,60.99001479
1134,0,-37066942.12,-37368928.38,3.725290298e-08,-301986.2679,3.617137403e-15,-0.02932189809,-301986.2679,-0.02932189809,1.090989611,18.90901039,1,49.50436869,0,0,-37066942.12,-37066942.12,0,-37076149.03,276,61.0427711
1135,0,-37188039.97,-37208763.3,-121097.853,-141821.1853,-0.01175821314,-0.01377038225,-20723.33239,-0.002012169111,2.390926422,2.390926422,0.04472222222,0.07514646465,0,0,-37066942.12,-37066942.12,0,-37076149.03,277,61.08297062
1136,0,-37181788.9,-37035285.03,-114846.7873,31657.08159,-0.01115125472,0.003073801093,146503.8689,0.01422505581,2.388491267,9.247864159,0.1493939394,0.3025353535,0,0,-37066942.12,-37066942.12,0,-37076149.03,278,61.10930371
1137,0,-37066942.12,-37077987.23,2.235174179e-08,-11045.10976,2.170282442e-15,-0.001072444734,-11045.10976,-0.001072444734,1.042877368,1.042877368,0.01787878788,0.04914141414,0,0,-37066942.12,-37066942.12,0,-37076149.03,279,61.15142751
1138,0,-37066942.12,-37080954.14,2.235174179e-08,-14012.02688,2.170282442e-15,-0.001360522871,-14012.02688,-0.001360522871,1.03738522,18.96261478,1,55.38005051,0,0,-37066942.12,-37066942.12,0,-37076149.03,280,61.17965961
1139,0,-37066942.12,-37057308.9,3.725290298e-08,9633.218255,3.617137403e-15,0.0009353545971,9633.218255,0.0009353545971,2.108465023,2.108465023,0.01787878788,0.04940909091,0,0,-37066942.12,-37066942.12,0,-37076149.03,281,61.23701477
1140,0,-37076597.67,-36995932.25,-9655.551055,71009.86146,-0.0009375230404,0.006894829807,80665.41251,0.007832352847,1.286332245,12.71366775,1,22.65145455,0,0,-37066942.12,-37066942.12,0,-37076149.03,282,61.31277275
1141,0,-37066942.12,-37036099.52,5.215406418e-08,30842.59115,5.063992364e-15,0.002994716683,30842.59115,0.002994716683,4.078622909,4.078622909,0.0796969697,0.2557575758,0,0,-37066942.12,-37066942.12,0,-37076149.03,283,61.35800862
1142,0,-37066942.12,-37014505.08,5.215406418e-08,52437.03307,5.063992364e-15,0.005091467736,52437.03307,0.005091467736,4.078622909,25.92137709,1,69.33733333,0,0,-37066942.12,-37066942.12,0,-37076149.03,284,61.37477255
1143,0,-37066942.12,-37065513.32,5.215406418e-08,1428.795719,5.063992364e-15,0.0001387314819,1428.795719,0.0001387314819,2.083272717,2.083272717,0.01787878788,0.0535959596,0,0,-37066942.12,-37066942.12,0,-37076149.03,285,61.45276427
1144,0,-37066942.12,-37136639.32,5.215406418e-08,-69697.20889,5.063992364e-15,-0.006767375452,-69697.20889,-0.006767375452,1.087003279,9.912996721,1,30.19125758,0,0,-37066942.12,-37066942.12,0,-37076149.03,286,61.49260926
1145,0,-37066942.12,-37032984.23,5.960464478e-08,33957.88831,5.787419845e-15,0.003297202046,33957.88831,0.003297202046,1.806430716,1.806430716,0.03321212121,0.04868686869,0,0,-37066942.12,-37066942.12,0,-37076149.03,287,61.53255439
1146,0,-37066942.12,-37294757.86,6.705522537e-08,-227815.7395,6.510847326e-15,-0.02212017766,-227815.7395,-0.02212017766,1.186150199,24.8138498,1,75.33047475,0,0,-37066942.12,-37066942.12,0,-37076149.03,288,61.58785391
1147,0,-37173112.13,-37176780.16,-106170.0093,-109838.0457,-0.0103087674,-0.01066492197,-3668.036445,-0.0003561545748,1.480475131,1.480475131,0.01824242424,0.04594949495,0,0,-37066942.12,-37066942.12,0,-37076149.03,289,61.67122436
1148,0,-37173778.82,-37150478.72,-106836.7057,-83536.60599,-0.01037350148,-0.008111136525,23300.09971,0.002262364954,1.132261597,19.8677384,1,67.34048485,0,0,-37066942.12,-37066942.12,0,-37076149.03,290,61.69417167
1149,0,-37066942.12,-37072126.8,5.215406418e-08,-5184.682301,5.063992364e-15,-0.0005034160233,-5184.682301,-0.0005034160233,1.393939341,1.393939341,0.036,0.06448484848,0,0,-37066942.12,-37066942.12,0,-37076149.03,291,61.76863217
1150,0,-37066942.12,-36996247.87,5.215406418e-08,70694.24282,5.063992364e-15,0.006864184249,70694.24282,0.006864184249,1.393939341,27.60606066,1,109.3108838,0,0,-37066942.12,-37066942.12,0,-37076149.03,292,61.7931366
1151,0,-37066942.12,-37001419.58,3.725290298e-08,65522.53184,3.617137403e-15,0.0063620277,65522.53184,0.0063620277,3.076642658,3.076642658,0.06278787879,0.1122878788,0,0,-37066942.12,-37066942.12,0,-37076149.03,293,61.85068297
1152,0,-37066942.12,-37226993.8,4.470348358e-08,-160051.6883,4.340564884e-15,-0.01554050562,-160051.6883,-0.01554050562,2.281725224,7.879551142,1,2.286651515,0,0,-37066942.12,-37066942.12,0,-37076149.03,294,61.92963624
1153,0,-37125471.49,-37138012.58,-58529.37057,-71070.46666,-0.005683014168,-0.006900714377,-12541.09609,-0.001217700209,0.6497052575,0.6497052575,0.01227777778,0.01875757576,0,0,-37066942.12,-37066942.12,0,-37076149.03,295,61.98056483
1154,0,-37118243.16,-37000362.07,-51301.04039,66580.0431,-0.00498116649,0.006464708651,117881.0835,0.01144587514,0.4551256883,23.54487431,1,82.24083838,0,0,-37066942.12,-37066942.12,0,-37076149.03,296,62.00260115
1155,0,-37066942.12,-37084737.59,5.215406418e-08,-17795.47145,5.063992364e-15,-0.001727883205,-17795.47145,-0.001727883205,0.6369643435,0.6369643435,0.01227777778,0.02594444444,0,0,-37066942.12,-37066942.12,0,-37076149.03,297,62.04763079
1156,0,-37066942.12,-37160715.42,5.960464478e-08,-93773.30574,5.787419845e-15,-0.009105087239,-93773.30574,-0.009105087239,0.4998103023,21.5001897,1,83.25887879,0,0,-37066942.12,-37066942.12,0,-37076149.03,298,62.12268519
1157,0,-37078935.83,-37074829.89,-11993.71112,-7887.777854,-0.001164550884,-0.0007658779321,4105.933271,0.0003986729521,0.399178115,0.399178115,0.007333333333,0.007752525253,0,0,-37066942.12,-37066942.12,0,-37076149.03,299,62.15115833
1158,0,-37083160.36,-37052413.28,-16218.24717,14528.83492,-0.001574739786,0.001410703274,30747.08209,0.00298544306,0.1927024654,26.80729753,1,106.3319747,0,0,-37066942.12,-37066942.12,0,-37076149.03,300,62.1735487
1159,0,-37066942.12,-35987816.28,5.960464478e-08,1079125.838,5.787419845e-15,0.1047796579,1079125.838,0.1047796579,0.4998103023,721.9002429,1.678333333,2644.085939,0,0,-37066942.12,-37066942.12,0,-37076149.03,301,62.20572829
1160,0,-37066942.12,-37102315.19,0,-35373.0765,0,-0.00343461228,-35373.0765,-0.00343461228,6.820346784,6.820346784,0.0735,0.1656161616,0,0,-37066942.12,-37066942.12,0,-37076149.03,302,62.37000561
1161,0,-37066942.12,-37087994.15,-7.450580597e-09,-21052.03631,-7.234274806e-16,-0.002044085208,-21052.03631,-0.002044085208,0.9423521359,0.9423521359,0.01427777778,0.01427777778,0,0,-37066942.12,-37066942.12,0,-37076149.03,303,62.45419574
1162,0,-37070168.35,-37036367.96,-3226.235165,30574.16021,-0.0003132570874,0.002968652899,33800.39537,0.003281909987,0.4669608995,13.5330391,1,44.21582323,0,0,-37066942.12,-37066942.12,0,-37076149.03,304,62.50808477
1163,0,-37066942.12,-37039217.52,1.490116119e-08,27724.60007,1.446854961e-15,0.00269196975,27724.60007,0.00269196975,1.13947559,1.13947559,0.0335,0.0668989899,0,0,-37066942.12,-37066942.12,0,-37076149.03,305,62.57546401
1164,0,-37066942.12,-37303754.08,7.450580597e-09,-236811.9637,7.234274806e-16,-0.02299368218,-236811.9637,-0.02299368218,1.13947559,20.86052441,1,64.35611111,0,0,-37066942.12,-37066942.12,0,-37076149.03,306,62.59448552
1165,0,-37140921.85,-37127490.47,-73979.7357,-60548.35644,-0.007183195071,-0.005879051221,13431.37926,0.00130414385,1.536105766,1.536105766,0.04911111111,0.07947474747,0,0,-37066942.12,-37066942.12,0,-37076149.03,307,62.64793825
1166,0,-37138416.38,-37032715.35,-71474.26215,34226.76315,-0.006939921624,0.00332330893,105701.0253,0.01026323055,1.534535746,11.46546425,1,17.12435859,0,0,-37066942.12,-37066942.12,0,-37076149.03,308,62.67015529
1167,0,-37066942.12,-36970021.53,7.450580597e-09,96920.58439,7.234274806e-16,0.009410677903,96920.58439,0.009410677903,2.469859538,2.469859538,0.03083333333,0.07816666667,0,0,-37066942.12,-37066942.12,0,-37076149.03,309,62.75394917
1168,0,-37066942.12,-37070916.25,2.235174179e-08,-3974.130238,2.170282442e-15,-0.0003858753004,-3974.130238,-0.0003858753004,1.899638596,1.899638596,0.04911111111,0.09995959596,0,0,-37066942.12,-37066942.12,0,-37076149.03,310,62.80455732
1169,0,-37066942.12,-37056233.16,1.490116119e-08,10708.95097,1.446854961e-15,0.001039804794,10708.95097,0.001039804794,0.8982948656,0.8982948656,0.009333333333,0.01648484848,0,0,-37066942.12,-37066942.12,0,-37076149.03,311,62.85756159
1170,0,-37066942.12,-37013869,1.490116119e-08,53073.11856,1.446854961e-15,0.005153229598,53073.11856,0.005153229598,0.4048303776,25.59516962,1,82.52335354,0,0,-37066942.12,-37066942.12,0,-37076149.03,312,62.93338466
1171,0,-37101047.73,-37115943.3,-34105.61859,-49001.18055,-0.003311546182,-0.004757857476,-14895.56196,-0.001446311294,0.3951665175,0.3951665175,0.005818181818,0.007318181818,0,0,-37066942.12,-37066942.12,0,-37076149.03,313,63.00942612
1172,0,-37110116.18,-37075031.76,-43174.06037,-8089.639295,-0.004192062796,-0.0007854780307,35084.42108,0.003406584765,0.1689095342,29.83109047,1,129.3910101,0,0,-37066942.12,-37066942.12,0,-37076149.03,314,63.03324676
1173,0,-37066942.12,-37033350.79,1.490116119e-08,33591.32425,1.446854961e-15,0.003261609852,33591.32425,0.003261609852,0.6464695694,0.6464695694,0.01177777778,0.01923232323,0,0,-37066942.12,-37066942.12,0,-37076149.03,315,63.06883025
1174,0,-37066942.12,-37111089.38,1.490116119e-08,-44147.2684,1.446854961e-15,-0.004286558174,-44147.2684,-0.004286558174,0.6464695694,16.35353043,1,66.17246465,0,0,-37066942.12,-37066942.12,0,-37076149.03,316,63.09339976
1175,0,-37123071.26,-37128316.15,-56129.14911,-61374.03561,-0.005449960362,-0.00595922202,-5244.8865,-0.0005092616579,0.1581965057,0.1581965057,0.005333333333,0.006777777778,0,0,-37066942.12,-37066942.12,0,-37076149.03,317,63.12481236
1176,0,-37123071.26,-37084803.13,-56129.14911,-17861.01653,-0.005449960362,-0.001734247421,38268.13258,0.003715712941,0.1581965057,27.84180349,1,128.3876818,0,0,-37066942.12,-37066942.12,0,-37076149.03,318,63.14401889
1177,0,-37066942.12,-37042765.18,2.980232239e-08,24176.94041,2.893709923e-15,0.002347503374,24176.94041,0.002347503374,0.4761679616,0.4761679616,0.01177777778,0.0195959596,0,0,-37066942.12,-37066942.12,0,-37076149.03,319,63.18221211
1178,0,-37066942.12,-37225561.49,1.490116119e-08,-158619.3767,1.446854961e-15,-0.01540143276,-158619.3767,-0.01540143276,0.4761679616,14.52383204,1,60.22286869,0,0,-37066942.12,-37066942.12,0,-37076149.03,320,63.21949863
1179,0,-37140974.53,-37139380.74,-74032.41867,-72438.62622,-0.007188310418,-0.007033558283,1593.792443,0.0001547521347,0.1503601371,0.1503601371,0.00496969697,0.006414141414,0,0,-37066942.12,-37066942.12,0,-37076149.03,321,63.24530315
1180,0,-37140974.53,-37161892.58,-74032.41867,-94950.46347,-0.007188310418,-0.00921938548,-20918.0448,-0.002031075062,0.1503601371,21.84963986,1,88.29827273,0,0,-37066942.12,-37066942.12,0,-37076149.03,322,63.26417875
1181,0,-37103730.5,-37079803.02,-36788.38658,-12860.90081,-0.00357203435,-0.001248752221,23927.48577,0.002323282129,0.5214023201,0.5214023201,0.01177777778,0.01674747475,0,0,-37066942.12,-37066942.12,0,-37076149.03,323,63.2909646
1182,0,-37069979.88,-37117119.65,-3037.763843,-50177.53868,-0.0002949571265,-0.004872078078,-47139.77484,-0.004577120951,0.4098211127,21.59017889,1,91.28661616,0,0,-37066942.12,-37066942.12,0,-37076149.03,324,63.31284213
1183,0,-37090639.75,-37107703.53,-23697.63378,-40761.41502,-0.002300964238,-0.003957802669,-17063.78124,-0.001656838432,0.4445747137,0.4445747137,0.008,0.009444444444,0,0,-37066942.12,-37066942.12,0,-37076149.03,325,63.34083605
1184,0,-37101008.83,-37080864.14,-34066.71396,-13922.0194,-0.003307768667,-0.001351783433,20144.69456,0.001955985234,0.2186332912,18.78136671,1,84.19176263,0,0,-37066942.12,-37066942.12,0,-37076149.03,326,63.36359262
1185,0,-37066942.12,-37023728.64,1.490116119e-08,43213.4767,1.446854961e-15,0.004195889995,43213.4767,0.004195889995,1.249951294,1.249951294,0.03860606061,0.05038383838,0,0,-37066942.12,-37066942.12,0,-37076149.03,327,63.42483091
1186,0,-37066942.12,-37212895.9,1.490116119e-08,-145953.7874,1.446854961e-15,-0.01417164465,-145953.7874,-0.01417164465,1.249951294,26.75004871,1,123.3700758,0,0,-37066942.12,-37066942.12,0,-37076149.03,328,63.44741082
1187,0,-37164530.77,-37167415.34,-97588.6539,-100473.2193,-0.00947554531,-0.009755627363,-2884.565436,-0.0002800820525,0.3176952825,0.3176952825,0.007515151515,0.01374747475,0,0,-37066942.12,-37066942.12,0,-37076149.03,329,63.49781251
1188,0,-37164530.77,-37175400.48,-97588.6539,-108458.3647,-0.00947554531,-0.01053095937,-10869.71084,-0.001055414061,0.3176952825,14.68230472,1,63.19333838,0,0,-37066942.12,-37066942.12,0,-37076149.03,330,63.52087712
1189,0,-37106112.84,-37082185.36,-39170.72858,-15243.24281,-0.003803352118,-0.001480069989,23927.48577,0.002323282129,0.5214023201,0.5214023201,0.01177777778,0.01656565657,0,0,-37066942.12,-37066942.12,0,-37076149.03,331,63.54807544
1190,0,-37091220.97,-37189427.24,-24278.85073,-122485.122,-0.00235739854,-0.01189291251,-98206.27125,-0.009535513974,0.4058025355,14.59419746,1,63.27879293,0,0,-37066942.12,-37066942.12,0,-37076149.03,332,63.56958485
1191,0,-37138248.71,-37142104.9,-71306.59471,-75162.78082,-0.006923641654,-0.007298064957,-3856.186111,-0.0003744233039,0.2619477869,0.2619477869,0.004787878788,0.006232323232,0,0,-37066942.12,-37066942.12,0,-37076149.03,333,63.59657836
1192,0,-37143561.26,-37159506.19,-76619.14813,-92564.07902,-0.007439473553,-0.008987675203,-15944.93089,-0.001548201651,0.1461876753,26.85381232,1,125.3980152,0,0,-37066942.12,-37066942.12,0,-37076149.03,334,63.61888599
1193,0,-37107377.26,-37083449.77,-40435.14137,-16507.65559,-0.003926122544,-0.001602840415,23927.48577,0.002323282129,0.5214023201,0.5214023201,0.01177777778,0.01656565657,0,0,-37066942.12,-37066942.12,0,-37076149.03,335,63.64565921
1194,0,-37092485.38,-37176337.97,-25543.26352,-109395.8542,-0.002480168966,-0.0106219866,-83852.59072,-0.008141817629,0.4058025355,25.59419746,1,117.4708232,0,0,-37066942.12,-37066942.12,0,-37076149.03,336,63.66767263
1195,0,-37138248.71,-35532901.45,-71306.59471,1534040.67,-0.006923641654,0.1489504291,1605347.264,0.1558740707,0.2619477869,727.0304276,1.631555556,2659.278793,0,0,-37066942.12,-37066942.12,0,-37076149.03,337,63.69504309
1196,0,-37066942.12,-37025514.36,-2.980232239e-08,41427.75717,-2.893709923e-15,0.004022502355,41427.75717,0.004022502355,5.772685296,5.772685296,0.06594444444,0.1199494949,0,0,-37066942.12,-37066942.12,0,-37076149.03,338,63.93815613
1197,0,-37068614.85,-37139914.66,-1672.730157,-72972.54734,-0.0001624167335,-0.007085400311,-71299.81718,-0.006922983577,2.689369771,26.31063023,1,78.46529798,0,0,-37066942.12,-37066942.12,0,-37076149.03,339,64.21714759
1198,0,-37066942.12,-37107935.74,0,-40993.62347,0,-0.003980349365,-40993.62347,-0.003980349365,2.653061279,2.653061279,0.03077777778,0.04775252525,0,0,-37066942.12,-37066942.12,0,-37076149.03,340,64.305619
1199,0,-37066942.12,-37085419.22,2.235174179e-08,-18477.09964,2.170282442e-15,-0.001794067116,-18477.09964,-0.001794067116,1.270160018,1.270160018,0.02294444444,0.03991919192,0,0,-37066942.12,-37066942.12,0,-37076149.03,341,64.34482241
1200,0,-37066942.12,-36971815.92,1.490116119e-08,95126.19633,1.446854961e-15,0.009236448578,95126.19633,0.009236448578,1.262966326,9.737033674,1,5.21370202,0,0,-37066942.12,-37066942.12,0,-37076149.03,342,64.37404466
1201,0,-37066942.12,-37049362.97,7.450580597e-09,17579.14205,7.234274806e-16,0.001706878313,17579.14205,0.001706878313,1.87254851,1.87254851,0.03527272727,0.06575252525,0,0,-37066942.12,-37066942.12,0,-37076149.03,343,64.46031332
1202,0,-37066942.12,-37173396.53,4.470348358e-08,-106454.4135,4.340564884e-15,-0.01033638213,-106454.4135,-0.01033638213,1.216345889,24.78365411,1,79.49871717,0,0,-37066942.12,-37066942.12,0,-37076149.03,344,64.5374763
1203,0,-37174839.65,-37204505.45,-107897.5359,-137563.3308,-0.01047650469,-0.01335695823,-29665.79482,-0.002880453533,2.646036023,2.646036023,0.03509090909,0.08681313131,0,0,-37066942.12,-37066942.12,0,-37076149.03,345,64.58767653
1204,0,-37206893.5,-37250745.65,-139951.3822,-183803.5295,-0.01358883036,-0.01784673323,-43852.14738,-0.004257902869,2.305294956,2.305294956,0.03509090909,0.08547979798,0,0,-37066942.12,-37066942.12,0,-37076149.03,346,64.63176441
1205,0,-37202418.24,-37047639.95,-135476.1229,19302.1646,-0.01315429704,0.001874178277,154778.2875,0.01502847532,2.305294956,13.69470504,1,27.3405101,0,0,-37066942.12,-37066942.12,0,-37076149.03,347,64.66414213
1206,0,-37066942.12,-37103394.27,3.725290298e-08,-36452.15807,3.617137403e-15,-0.00353938764,-36452.15807,-0.00353938764,1.947680697,1.947680697,0.01375757576,0.05676262626,0,0,-37066942.12,-37066942.12,0,-37076149.03,348,64.70200229
1207,0,-37106370.05,-37001453.02,-39427.93316,65489.09447,-0.003828325857,0.006358781038,104917.0276,0.0101871069,0.9840238475,28.01597615,1,79.40718182,0,0,-37066942.12,-37066942.12,0,-37076149.03,349,64.7334578
1208,0,-37079592.58,-37075415.24,-12650.4608,-8473.122685,-0.001228319171,-0.0008227130379,4177.338113,0.0004056061333,2.462652885,2.462652885,0.02633333333,0.08526767677,0,0,-37066942.12,-37066942.12,0,-37076149.03,350,64.76214862
1209,0,-37066942.12,-37062141.08,2.235174179e-08,4801.037343,2.170282442e-15,0.0004661653282,4801.037343,0.0004661653282,1.683796562,12.31620344,1,29.28393939,0,0,-37066942.12,-37066942.12,0,-37076149.03,351,64.80057383
1210,0,-37066942.12,-37079784,7.450580597e-09,-12841.8807,7.234274806e-16,-0.00124690543,-12841.8807,-0.00124690543,1.618181787,1.618181787,0.025,0.05064646465,0,0,-37066942.12,-37066942.12,0,-37076149.03,352,64.84067202
1211,0,-37066942.12,-37033543.8,2.980232239e-08,33398.31809,2.893709923e-15,0.003242869572,33398.31809,0.003242869572,0.7251085336,0.7251085336,0.01375757576,0.02564646465,0,0,-37066942.12,-37066942.12,0,-37076149.03,353,64.86899281
1212,0,-37066942.12,-37182141.87,3.725290298e-08,-115199.7544,3.617137403e-15,-0.01118552668,-115199.7544,-0.01118552668,0.7249342668,17.27506573,1,82.20685354,0,0,-37066942.12,-37066942.12,0,-37076149.03,354,64.94958544
1213,0,-37095715.29,-37126044.54,-28773.17422,-59102.42832,-0.002793782936,-0.005738656238,-30329.2541,-0.002944873302,0.7710718077,0.7710718077,0.025,0.025,0,0,-37066942.12,-37066942.12,0,-37076149.03,355,65.01356149
1214,0,-37095715.29,-37017475.18,-28773.17422,49466.93124,-0.002793782936,0.004803080374,78240.10546,0.00759686331,0.7710718077,21.22892819,1,65.2814596,0,0,-37066942.12,-37066942.12,0,-37076149.03,356,65.03264284
1215,0,-37066942.12,-37018967.81,3.725290298e-08,47974.30325,3.617137403e-15,0.004658150983,47974.30325,0.004658150983,0.9826256412,0.9826256412,0.01375757576,0.02564646465,0,0,-37066942.12,-37066942.12,0,-37076149.03,357,65.08292556
1216,0,-37066942.12,-37229927.93,3.725290298e-08,-162985.811,3.617137403e-15,-0.01582539952,-162985.811,-0.01582539952,0.9053265186,12.09467348,1,41.14810606,0,0,-37066942.12,-37066942.12,0,-37076149.03,358,65.11827493
1217,0,-37113862.06,-37143486.17,-46919.94003,-76544.05072,-0.004555775696,-0.007432181834,-29624.11069,-0.002876406138,0.7728097615,0.7728097615,0.02505555556,0.02505555556,0,0,-37066942.12,-37066942.12,0,-37076149.03,359,65.1571331
1218,0,-37113190.37,-37105642.54,-46248.25356,-38700.42103,-0.004490557095,-0.003757686763,7547.832533,0.0007328703317,0.7725576918,29.22744231,1,123.4130253,0,0,-37066942.12,-37066942.12,0,-37076149.03,360,65.18203759
1219,0,-37066942.12,-37042412.1,4.470348358e-08,24530.01096,4.340564884e-15,0.002381785392,24530.01096,0.002381785392,0.589870535,0.589870535,0.01375757576,0.02564646465,0,0,-37066942.12,-37066942.12,0,-37076149.03,361,65.22402978
1220,0,-37066942.12,-37204321.75,4.470348358e-08,-137379.6339,4.340564884e-15,-0.01333912185,-137379.6339,-0.01333912185,0.4845264018,17.5154736,1,82.20679798,0,0,-37066942.12,-37066942.12,0,-37076149.03,362,65.24823904
1221,0,-37119718.73,-37148224.42,-52776.61438,-81282.30783,-0.005124439993,-0.007892251404,-28505.69345,-0.002767811411,0.7725576918,0.7725576918,0.02505555556,0.02505555556,0,0,-37066942.12,-37066942.12,0,-37076149.03,363,65.28051949
1222,0,-37119718.73,-37107933.53,-52776.61438,-40991.41723,-0.005124439993,-0.003980135146,11785.19715,0.001144304846,0.7725576918,29.22744231,1,122.4740202,0,0,-37066942.12,-37066942.12,0,-37076149.03,364,65.29938841
1223,0,-37066942.12,-37043090.13,4.470348358e-08,23851.98822,4.340564884e-15,0.002315951558,23851.98822,0.002315951558,0.5847955152,0.5847955152,0.01375757576,0.02564646465,0,0,-37066942.12,-37066942.12,0,-37076149.03,365,65.33854842
1224,0,-37066942.12,-37190262.38,4.470348358e-08,-123320.2648,4.340564884e-15,-0.0119740022,-123320.2648,-0.0119740022,0.4838208126,28.51617919,1,114.3767778,0,0,-37066942.12,-37066942.12,0,-37076149.03,366,65.36428261
1225,0,-37117928.63,-36659460.57,-50986.51067,407481.5504,-0.004950626664,0.03956515168,458468.0611,0.04451577835,0.7725576918,693.7725577,1.0195,2520.39747,0,0,-37066942.12,-37066942.12,0,-37076149.03,367,65.39926338
1226,0,-37066942.12,-37064804.53,5.960464478e-08,2137.590744,5.787419845e-15,0.0002075532057,2137.590744,0.0002075532056,6.568458444,6.568458444,0.03860606061,0.1236161616,0,0,-37066942.12,-37066942.12,0,-37076149.03,368,65.57867646
1227,0,-37066942.12,-37083260.06,6.705522537e-08,-16317.94521,6.510847326e-15,-0.001584420146,-16317.94521,-0.001584420146,3.611195944,3.611195944,0.03860606061,0.1298686869,0,0,-37066942.12,-37066942.12,0,-37076149.03,369,65.75832152
1228,0,-37066942.12,-37018110.46,7.450580597e-08,48831.65245,7.234274806e-15,0.004741396841,48831.65245,0.004741396841,3.312810077,15.68718992,1,16.2675,0,0,-37066942.12,-37066942.12,0,-37076149.03,370,65.79460406
1229,0,-37066942.12,-37099061.93,6.705522537e-08,-32119.81905,6.510847326e-15,-0.003118731416,-32119.81905,-0.003118731416,2.581987128,2.581987128,0.02944444444,0.1048737374,0,0,-37066942.12,-37066942.12,0,-37076149.03,371,65.91163969
1230,0,-37066942.12,-37065627.77,5.960464478e-08,1314.34689,5.787419845e-15,0.0001276188677,1314.34689,0.0001276188677,1.610934234,1.610934234,0.02455555556,0.05762626263,0,0,-37066942.12,-37066942.12,0,-37076149.03,372,65.97237229
1231,0,-37066942.12,-37104379.91,5.960464478e-08,-37437.79284,5.787419845e-15,-0.003635089615,-37437.79284,-0.003635089615,1.42807248,18.57192752,1,75.28162121,0,0,-37066942.12,-37066942.12,0,-37076149.03,373,66.05525637
1232,0,-37066942.12,-37045938.81,7.450580597e-08,21003.30718,7.234274806e-15,0.002039353766,21003.30718,0.002039353766,1.65821844,1.65821844,0.02455555556,0.0525959596,0,0,-37066942.12,-37066942.12,0,-37076149.03,374,66.13865113
1233,0,-37066942.12,-37135228.53,6.705522537e-08,-68286.41216,6.510847326e-15,-0.006630391614,-68286.41216,-0.006630391614,1.657470068,26.34252993,1,113.4230606,0,0,-37066942.12,-37066942.12,0,-37076149.03,375,66.23191047
1234,0,-37066942.12,-37076150.6,5.960464478e-08,-9208.484518,5.787419845e-15,-0.0008941143135,-9208.484518,-0.0008941143135,2.225538385,2.225538385,0.02961111111,0.08393939394,0,0,-37066942.12,-37066942.12,0,-37076149.03,376,66.31213355
1235,0,-37066942.12,-37117618.94,5.960464478e-08,-50676.81951,5.787419845e-15,-0.004920556645,-50676.81951,-0.004920556645,1.726061518,1.726061518,0.02455555556,0.05179292929,0,0,-37066942.12,-37066942.12,0,-37076149.03,377,66.38374972
1236,0,-37100147.74,-37113744.62,-33205.62715,-46802.50738,-0.0032241599,-0.004544373363,-13596.88023,-0.001320213462,1.251594122,10.74840588,1,32.13418687,0,0,-37066942.12,-37066942.12,0,-37076149.03,378,66.42947698
1237,0,-37066942.12,-37051206.2,6.705522537e-08,15735.91144,6.510847326e-15,0.001527906533,15735.91144,0.001527906533,1.659715499,1.659715499,0.02455555556,0.0525959596,0,0,-37066942.12,-37066942.12,0,-37076149.03,379,66.49098539
1238,0,-37066942.12,-37150594.01,5.960464478e-08,-83651.89914,5.787419845e-15,-0.00812233112,-83651.89914,-0.00812233112,1.65926175,16.34073825,1,66.26276263,0,0,-37066942.12,-37066942.12,0,-37076149.03,380,66.54626155
1239,0,-37070922.37,-37077625.42,-3980.249639,-10683.29978,-0.0003864694746,-0.001037314145,-6703.05014,-0.0006508446708,2.153411207,2.153411207,0.02961111111,0.08393939394,0,0,-37066942.12,-37066942.12,0,-37076149.03,381,66.61417818
1240,0,-37066942.12,-37204849.35,5.960464478e-08,-137907.2391,5.787419845e-15,-0.01339035062,-137907.2391,-0.01339035062,1.737389574,19.26261043,1,61.29661616,0,0,-37066942.12,-37066942.12,0,-37076149.03,382,66.67061663
1241,0,-37066942.12,-37087025.57,7.450580597e-08,-20083.45773,7.234274806e-15,-0.001950039334,-20083.45773,-0.001950039334,3.396712737,3.396712737,0.02705555556,0.0767979798,0,0,-37066942.12,-37066942.12,0,-37076149.03,383,66.75643539
1242,0,-37066942.12,-37082481.86,5.960464478e-08,-15539.74328,5.787419845e-15,-0.001508859233,-15539.74328,-0.001508859233,1.808725705,15.19127429,1,39.40275253,0,0,-37066942.12,-37066942.12,0,-37076149.03,384,66.83370614
1243,0,-37066942.12,-37163039.3,5.960464478e-08,-96097.18721,5.787419845e-15,-0.009330728678,-96097.18721,-0.009330728678,2.710206568,2.710206568,0.04438888889,0.08642929293,0,0,-37066942.12,-37066942.12,0,-37076149.03,385,66.94879913
1244,0,-37066942.12,-37112695.54,6.705522537e-08,-45753.421,6.510847326e-15,-0.00444251044,-45753.421,-0.00444251044,1.604503522,1.604503522,0.02072727273,0.03956060606,0,0,-37066942.12,-37066942.12,0,-37076149.03,386,67.0008328
1245,0,-37066942.12,-37047618.25,6.705522537e-08,19323.86245,6.510847326e-15,0.001876285069,19323.86245,0.001876285069,1.604503522,10.39549648,1,30.10821212,0,0,-37066942.12,-37066942.12,0,-37076149.03,387,67.01763678
1246,0,-37066942.12,-37095219.01,6.705522537e-08,-28276.8893,6.510847326e-15,-0.002745595262,-28276.8893,-0.002745595262,2.121443822,2.121443822,0.03183333333,0.06528787879,0,0,-37066942.12,-37066942.12,0,-37076149.03,388,67.12591457
1247,0,-37084302.22,-36999003.14,-17360.10791,67938.97379,-0.001685610801,0.006596656463,85299.08171,0.008282267264,1.427165382,12.57283462,1,26.25288384,0,0,-37066942.12,-37066942.12,0,-37076149.03,389,67.21872473
1248,0,-37066942.12,-37094851.24,5.960464478e-08,-27909.12245,5.787419845e-15,-0.00270988628,-27909.12245,-0.00270988628,1.845645181,1.845645181,0.03183333333,0.06528787879,0,0,-37066942.12,-37066942.12,0,-37076149.03,390,67.28341818
1249,0,-37078717.28,-37083601.34,-11775.15975,-16659.21945,-0.001143330247,-0.001617556779,-4884.059698,-0.0004742265326,1.427165382,15.57283462,1,65.23068687,0,0,-37066942.12,-37066942.12,0,-37076149.03,391,67.33095431
1250,0,-37066942.12,-37069538.3,7.450580597e-08,-2596.18721,7.234274806e-15,-0.0002520814517,-2596.18721,-0.0002520814517,1.739831332,1.739831332,0.03183333333,0.07381313131,0,0,-37066942.12,-37066942.12,0,-37076149.03,392,67.38589287
1251,0,-37066942.12,-37125186.68,7.450580597e-08,-58244.56497,7.234274806e-15,-0.005655360458,-58244.56497,-0.005655360458,1.602669953,1.602669953,0.02072727273,0.03956060606,0,0,-37066942.12,-37066942.12,0,-37076149.03,393,67.486408
1252,0,-37066942.12,-37043886.23,7.450580597e-08,23055.88795,7.234274806e-15,0.002238652775,23055.88795,0.002238652775,1.602669953,11.39733005,1,30.11681818,0,0,-37066942.12,-37066942.12,0,-37076149.03,394,67.51170492
1253,0,-37066942.12,-35493961.95,7.450580597e-08,1572980.169,7.234274806e-15,0.1527313296,1572980.169,0.1527313296,2.114297244,752.5340789,1.649833333,2792.174076,0,0,-37066942.12,-37066942.12,0,-37076149.03,395,67.61068726
1254,0,-37066942.12,-37104468.63,2.980232239e-08,-37526.51313,2.893709923e-15,-0.003643704071,-37526.51313,-0.003643704071,19.29271716,19.29271716,0.1383030303,0.437020202,0,0,-37066942.12,-37066942.12,0,-37076149.03,396,67.8275075
1255,0,-37066942.12,-37052930.12,-1.490116119e-08,14011.9946,-1.446854961e-15,0.001360519736,14011.9946,0.001360519736,3.681201929,3.681201929,0.0616969697,0.1582323232,0,0,-37066942.12,-37066942.12,0,-37076149.03,397,68.04826856
1256,0,-37066942.12,-37113937.04,1.490116119e-08,-46994.92472,1.446854961e-15,-0.004563056469,-46994.92472,-0.004563056469,2.548815642,2.548815642,0.02494444444,0.09188888889,0,0,-37066942.12,-37066942.12,0,-37076149.03,398,68.10056472
1257,0,-37086518.21,-37046043.85,-19576.09548,20898.26315,-0.001900776088,0.002029154328,40474.35864,0.003929930415,2.205503417,24.79449658,1,80.3494798,0,0,-37066942.12,-37066942.12,0,-37076149.03,399,68.16491199
1258,0,-37066942.12,-37117845.37,1.490116119e-08,-50903.25236,1.446854961e-15,-0.004942542548,-50903.25236,-0.004942542548,2.30815192,2.30815192,0.02494444444,0.06817171717,0,0,-37066942.12,-37066942.12,0,-37076149.03,400,68.22765183
1259,0,-37098771.52,-37109323.8,-31829.40662,-42381.68754,-0.0030905333,-0.004115125935,-10552.28092,-0.001024592635,1.602769037,9.397230963,1,24.2125202,0,0,-37066942.12,-37066942.12,0,-37076149.03,401,68.27801156
1260,0,-37066942.12,-37067404.86,2.235174179e-08,-462.7451095,2.170282442e-15,-4.493106603e-05,-462.7451095,-4.493106603e-05,2.152920777,2.152920777,0.02094444444,0.04614646465,0,0,-37066942.12,-37066942.12,0,-37076149.03,402,68.36818862
1261,0,-37066942.12,-36945483.55,1.490116119e-08,121458.5649,1.446854961e-15,0.01179323711,121458.5649,0.01179323711,1.001047094,15.99895291,1,27.42324242,0,0,-37066942.12,-37066942.12,0,-37076149.03,403,68.42342997
1262,0,-37066942.12,-37138440.39,2.235174179e-08,-71498.27838,2.170282442e-15,-0.006942253523,-71498.27838,-0.006942253523,3.09547406,3.09547406,0.03193939394,0.09083838384,0,0,-37066942.12,-37066942.12,0,-37076149.03,404,68.5129714
1263,0,-37111054.21,-37118362.58,-44112.09508,-51420.46112,-0.004283142957,-0.00499276186,-7308.366045,-0.0007096189037,1.656365962,1.656365962,0.02494444444,0.06817171717,0,0,-37066942.12,-37066942.12,0,-37076149.03,405,68.55516243
1264,0,-37108157.52,-37259341.08,-41215.40797,-192398.968,-0.004001883929,-0.01868132274,-151183.5601,-0.01467943881,1.595592481,17.40440752,1,53.3280202,0,0,-37066942.12,-37066942.12,0,-37076149.03,406,68.57580709
1265,0,-37066942.12,-37082380.26,2.980232239e-08,-15438.13942,2.893709923e-15,-0.001498993824,-15438.13942,-0.001498993824,2.766938304,2.766938304,0.03193939394,0.06881313131,0,0,-37066942.12,-37066942.12,0,-37076149.03,407,68.65693426
1266,0,-37073813.41,-37070235.62,-6871.29136,-3293.508492,-0.0006671803536,-0.0003197891117,3577.782868,0.0003473912419,1.052962813,1.052962813,0.02094444444,0.04614646465,0,0,-37066942.12,-37066942.12,0,-37076149.03,408,68.70530295
1267,0,-37073075.34,-37121459.63,-6133.219867,-54517.51358,-0.0005955159788,-0.005293475721,-48384.29371,-0.004697959743,0.9921893328,26.00781067,1,80.53012121,0,0,-37066942.12,-37066942.12,0,-37076149.03,409,68.72637606
1268,0,-37066942.12,-37129808.64,1.490116119e-08,-62866.52583,1.446854961e-15,-0.006104138034,-62866.52583,-0.006104138034,3.297017479,3.297017479,0.03878787879,0.09768686869,0,0,-37066942.12,-37066942.12,0,-37076149.03,410,68.77940822
1269,0,-37106883.51,-37115705.2,-39941.39466,-48763.08347,-0.003878181322,-0.004734739013,-8821.688809,-0.0008565576907,1.47811062,1.47811062,0.02494444444,0.06132323232,0,0,-37066942.12,-37066942.12,0,-37076149.03,411,68.81540728
1270,0,-37106026.4,-37125089.59,-39084.27937,-58147.47441,-0.003794958177,-0.005645933276,-19063.19504,-0.001850975099,1.41733714,12.58266286,1,34.19357071,0,0,-37066942.12,-37066942.12,0,-37076149.03,412,68.83639503
1271,0,-37066942.12,-37065264.69,2.980232239e-08,1677.423784,2.893709923e-15,0.0001628724696,1677.423784,0.0001628724696,2.750833394,2.750833394,0.02094444444,0.0392979798,0,0,-37066942.12,-37066942.12,0,-37076149.03,413,68.90980101
1272,0,-37067967.28,-37027393.76,-1025.165806,39548.35503,-9.954031185e-05,0.003840018435,40573.52083,0.003939558747,0.8274118844,10.17258812,1,14.33354545,0,0,-37066942.12,-37066942.12,0,-37076149.03,414,68.95076275
1273,0,-37070455.51,-37123638.39,-3513.395438,-56696.2698,-0.0003411394289,-0.005505025962,-53182.87436,-0.005163886533,2.273225412,2.273225412,0.02494444444,0.06132323232,0,0,-37066942.12,-37066942.12,0,-37076149.03,415,68.98523903
1274,0,-37113851.36,-37122073.02,-46909.24408,-55130.90479,-0.004554737154,-0.005353034041,-8221.660715,-0.0007982968871,1.41733714,22.58266286,1,75.32654545,0,0,-37066942.12,-37066942.12,0,-37076149.03,416,69.01624131
1275,0,-37066942.12,-37082119.29,2.235174179e-08,-15177.16925,2.170282442e-15,-0.001473654458,-15177.16925,-0.001473654458,2.767177437,2.767177437,0.03193939394,0.06881313131,0,0,-37066942.12,-37066942.12,0,-37076149.03,417,69.08624768
1276,0,-37089821.02,-37097392.75,-22878.90781,-30450.63472,-0.002221468572,-0.002956658971,-7571.726915,-0.0007351903996,1.500063818,18.49993618,1,56.58549495,0,0,-37066942.12,-37066942.12,0,-37076149.03,418,69.14041734
1277,0,-37066942.12,-37122373.97,2.980232239e-08,-55431.85701,2.893709923e-15,-0.005382255536,-55431.85701,-0.005382255536,2.526034462,2.526034462,0.02494444444,0.06817171717,0,0,-37066942.12,-37066942.12,0,-37076149.03,419,69.18890309
1278,0,-37114482.45,-37126409.34,-47540.33308,-59467.22362,-0.004616013872,-0.005774076691,-11926.89054,-0.001158062819,1.573414488,17.42658551,1,64.26873737,0,0,-37066942.12,-37066942.12,0,-37076149.03,420,69.22659087
1279,0,-37066942.12,-34999570.05,4.470348358e-08,2067372.068,4.340564884e-15,0.2007351973,2067372.068,0.2007351973,2.767177437,736.2718282,1.822166667,2685.509924,0,0,-37066942.12,-37066942.12,0,-37076149.03,421,69.30209208
1280,0,-37066942.12,-36873105.05,-5.215406418e-08,193837.0636,-5.063992364e-15,0.0188209572,193837.0636,0.0188209572,14.27487388,14.27487388,0.06988888889,0.3259292929,0,0,-37066942.12,-37066942.12,0,-37076149.03,422,69.51784945
1281,0,-37066942.12,-37096952.46,0,-30010.34236,0,-0.002913907995,-30010.34236,-0.002913907995,3.829839454,3.829839454,0.08594444444,0.172989899,0,0,-37066942.12,-37066942.12,0,-37076149.03,423,69.75253749
1282,0,-37066942.12,-37144794.05,-7.450580597e-09,-77851.93332,-7.234274806e-16,-0.00755917304,-77851.93332,-0.00755917304,2.468304409,2.468304409,0.04616666667,0.09637373737,0,0,-37066942.12,-37066942.12,0,-37076149.03,424,69.88899422
1283,0,-37085582.4,-37046501.95,-18640.2794,20440.16614,-0.001809911348,0.001984674577,39080.44555,0.003794585925,1.990957685,1.990957685,0.01848484848,0.04851010101,0,0,-37066942.12,-37066942.12,0,-37076149.03,425,69.92711782
1284,0,-37066942.12,-37303079.05,2.235174179e-08,-236136.9356,2.170282442e-15,-0.02292813911,-236136.9356,-0.02292813911,1.246869282,15.75313072,1,37.24864646,0,0,-37066942.12,-37066942.12,0,-37076149.03,426,69.97145486
1285,0,-37217767.34,-37173312.28,-150825.2291,-106370.1617,-0.01464464602,-0.01032820156,44455.06732,0.004316444462,1.712919027,1.712919027,0.03488888889,0.09154040404,0,0,-37066942.12,-37066942.12,0,-37076149.03,427,70.02868485
1286,0,-37215006.37,-37219205.06,-148064.2568,-152262.9425,-0.01437656446,-0.01478424338,-4198.685751,-0.0004076789205,0.8038728279,0.8038728279,0.01088888889,0.03637373737,0,0,-37066942.12,-37066942.12,0,-37076149.03,428,70.08674932
1287,0,-37227668.59,-37424263.49,-160726.4725,-357321.3773,-0.015606025,-0.03469475974,-196594.9048,-0.01908873474,0.7535583202,9.295380147,1,2.309535354,0,0,-37066942.12,-37066942.12,0,-37076149.03,429,70.11951494
1288,0,-37148759.74,-37124822.36,-81817.62863,-57880.24425,-0.007944229336,-0.005619986084,23937.38438,0.002324243252,0.864107314,0.864107314,0.008777777778,0.015,0,0,-37066942.12,-37066942.12,0,-37076149.03,430,70.15956163
1289,0,-37116322.83,-37079926.49,-49380.71432,-12984.37777,-0.004794708988,-0.001260741438,36396.33655,0.00353396755,0.4676462188,20.53235378,1,46.32988889,0,0,-37066942.12,-37066942.12,0,-37076149.03,431,70.18869185
1290,0,-37066942.12,-37078468.28,1.490116119e-08,-11526.16338,1.446854961e-15,-0.001119153498,-11526.16338,-0.001119153498,1.434442266,1.434442266,0.03472222222,0.06542929293,0,0,-37066942.12,-37066942.12,0,-37076149.03,432,70.23222804
1291,0,-37095862.83,-37124361.06,-28920.71297,-57418.94415,-0.002808108475,-0.005575195325,-28498.23119,-0.002767086849,0.6306907086,0.6306907086,0.008777777778,0.013,0,0,-37066942.12,-37066942.12,0,-37076149.03,433,70.26905322
1292,0,-37114828.91,-37047924.43,-47886.79216,19017.68305,-0.004649653938,0.001846556031,66904.47521,0.006496209969,0.4220661084,26.57793389,1,93.42127273,0,0,-37066942.12,-37066942.12,0,-37076149.03,434,70.29334211
1293,0,-37066942.12,-37078929.58,1.490116119e-08,-11987.46347,1.446854961e-15,-0.001163944257,-11987.46347,-0.001163944257,1.254550554,1.254550554,0.03472222222,0.06742929293,0,0,-37066942.12,-37066942.12,0,-37076149.03,435,70.3394289
1294,0,-37095429.07,-33863113.23,-28486.95257,3203828.884,-0.002765991732,0.3110815094,3232315.837,0.3138475011,0.6762708191,745.0235512,1.5025,2620.950308,0,0,-37066942.12,-37066942.12,0,-37076149.03,436,70.37307
1295,0,-37066942.12,-36983283.74,-2.235174179e-08,83658.37719,-2.170282442e-15,0.008122960118,83658.37719,0.008122960118,10.72678512,10.72678512,0.1285454545,0.2239494949,0,0,-37066942.12,-37066942.12,0,-37076149.03,437,70.53454399
1296,0,-37066942.12,-37047038.74,-2.980232239e-08,19903.37629,-2.893709923e-15,0.001932554004,19903.37629,0.001932554004,2.798913484,2.798913484,0.04393939394,0.1107929293,0,0,-37066942.12,-37066942.12,0,-37076149.03,438,70.73176122
1297,0,-37070841.06,-37067490.48,-3898.941073,-548.3619808,-0.0003785746736,-5.324418965e-05,3350.579093,0.000325330484,1.719522969,1.719522969,0.02872727273,0.07279292929,0,0,-37066942.12,-37066942.12,0,-37076149.03,439,70.79602385
1298,0,-37096652.02,-37113383.26,-29709.9037,-46441.14275,-0.002884736365,-0.004509286016,-16731.23905,-0.001624549652,1.542219018,1.542219018,0.03588888889,0.05501010101,0,0,-37066942.12,-37066942.12,0,-37076149.03,440,70.81961322
1299,0,-37103456.11,-37038227.94,-36513.99874,28714.17196,-0.003545392171,0.002788054006,65228.1707,0.006333446177,1.496396574,23.50360343,1,73.46205556,0,0,-37066942.12,-37066942.12,0,-37076149.03,441,70.84189415
1300,0,-37066942.12,-37034705.88,-7.450580597e-09,32236.2366,-7.234274806e-16,0.003130035186,32236.2366,0.003130035186,2.241961877,2.241961877,0.02111111111,0.05148989899,0,0,-37066942.12,-37066942.12,0,-37076149.03,442,70.9460218
1301,0,-37066942.12,-37339307.6,-1.490116119e-08,-272365.4845,-1.446854961e-15,-0.02644581502,-272365.4845,-0.02644581502,1.33639059,24.66360941,1,84.30233838,0,0,-37066942.12,-37066942.12,0,-37076149.03,443,71.04233789
1302,0,-37093726.68,-37061700.96,-26784.56405,5241.152358,-0.002600695266,0.0005088990847,32025.71641,0.003109594351,1.285397843,1.285397843,0.01166666667,0.01639393939,0,0,-37066942.12,-37066942.12,0,-37076149.03,444,71.13498855
1303,0,-37066942.12,-37190277.89,7.450580597e-09,-123335.7697,7.234274806e-16,-0.01197550768,-123335.7697,-0.01197550768,0.666407209,21.33359279,1,90.14187879,0,0,-37066942.12,-37066942.12,0,-37076149.03,445,71.16785169
1304,0,-37081157.58,-37076408.18,-14215.46912,-9466.063844,-0.00138027646,-0.00091912444,4749.405273,0.0004611520198,2.0743826,2.0743826,0.01977777778,0.0516010101,0,0,-37066942.12,-37066942.12,0,-37076149.03,446,71.22987103
1305,0,-37068590.67,-37083973.01,-1648.55826,-17030.8971,-0.0001600697199,-0.001653645488,-15382.33884,-0.001493575768,0.8381947548,10.16180525,1,30.12209091,0,0,-37066942.12,-37066942.12,0,-37076149.03,447,71.25398278
1306,0,-37070339.11,-37083660.63,-3396.994717,-16718.51828,-0.0003298372923,-0.001623314506,-13321.52356,-0.001293477214,0.8524993125,0.8524993125,0.01227777778,0.02082323232,0,0,-37066942.12,-37066942.12,0,-37076149.03,448,71.28607368
1307,0,-37073893.09,-37104237.53,-6950.974294,-37295.41798,-0.000674917311,-0.003621265473,-30344.44369,-0.002946348162,0.523723733,18.47627627,1,80.18607071,0,0,-37066942.12,-37066942.12,0,-37076149.03,449,71.31053329
1308,0,-37071147.91,-37084315.05,-4205.789442,-17372.93766,-0.0004083686661,-0.001686856529,-13167.14822,-0.001278487863,1.187642269,1.187642269,0.01977777778,0.0516010101,0,0,-37066942.12,-37066942.12,0,-37076149.03,450,71.34194064
1309,0,-37076464.42,-37067065.53,-9522.30272,-123.4161652,-0.0009245850544,-1.198331382e-05,9398.886554,0.0009126017405,0.8381947548,22.16180525,1,89.30221717,0,0,-37066942.12,-37066942.12,0,-37076149.03,451,71.36413097
1310,0,-37068184.7,-37083199.33,-1242.58645,-16257.21819,-0.0001206511591,-0.001578523746,-15014.63174,-0.001457872587,0.8523960083,0.8523960083,0.01227777778,0.02391414141,0,0,-37066942.12,-37066942.12,0,-37076149.03,452,71.39682865
1311,0,-37071018.09,-37082581.99,-4075.969313,-15639.87735,-0.0003957635479,-0.001518581931,-11563.90804,-0.001122818383,0.5940624178,12.40593758,1,45.06228788,0,0,-37066942.12,-37066942.12,0,-37076149.03,453,71.42078066
1312,0,-37066942.12,-37046527.2,-7.450580597e-09,20414.91111,-7.234274806e-16,0.001982222395,20414.91111,0.001982222395,1.342643984,1.342643984,0.02381818182,0.03448989899,0,0,-37066942.12,-37066942.12,0,-37076149.03,454,71.45580912
1313,0,-37066942.12,-37065500.87,-7.450580597e-09,1441.249618,-7.234274806e-16,0.0001399407156,1441.249618,0.0001399407156,0.7322961974,0.7322961974,0.008909090909,0.01958080808,0,0,-37066942.12,-37066942.12,0,-37076149.03,455,71.54144645
1314,0,-37066942.12,-37101080.1,0,-34137.98335,0,-0.003314688697,-34137.98335,-0.003314688697,0.4777253411,16.52227466,1,53.17411111,0,0,-37066942.12,-37066942.12,0,-37076149.03,456,71.57059121
1315,0,-37066942.12,-37106474.45,7.450580597e-09,-39532.33784,7.234274806e-16,-0.003838463217,-39532.33784,-0.003838463217,2.072369709,2.072369709,0.01977777778,0.05902525253,0,0,-37066942.12,-37066942.12,0,-37076149.03,457,71.6178546
1316,0,-37083620.88,-37085851.58,-16678.76204,-18909.46184,-0.001619454303,-0.001836048099,-2230.699794,-0.0002165937957,1.024982514,26.97501749,1,130.354899,0,0,-37066942.12,-37066942.12,0,-37076149.03,458,71.64364696
1317,0,-37066942.12,-37043373.38,0,23568.73796,0,0.002288448867,23568.73796,0.002288448867,0.8215344548,0.8215344548,0.02381818182,0.03448989899,0,0,-37066942.12,-37066942.12,0,-37076149.03,459,71.70776105
1318,0,-37066942.12,-37215928.99,-7.450580597e-09,-148986.8783,-7.234274806e-16,-0.01446614806,-148986.8783,-0.01446614806,0.8215344548,19.17846555,1,84.38618687,0,0,-37066942.12,-37066942.12,0,-37076149.03,460,71.76171136
1319,0,-37108946.8,-37117274.76,-42004.68726,-50332.64317,-0.004078520417,-0.004887138226,-8327.955903,-0.0008086178089,1.750369839,1.750369839,0.0243030303,0.07436363636,0,0,-37066942.12,-37066942.12,0,-37076149.03,461,71.79635739
1320,0,-37098262.95,-37131918.86,-31320.83375,-64976.74432,-0.003041152506,-0.006309033482,-33655.91056,-0.003267880975,1.267076241,1.267076241,0.01977777778,0.05539393939,0,0,-37066942.12,-37066942.12,0,-37076149.03,462,71.81814241
1321,0,-37103016.21,-37091356.95,-36074.09863,-24414.83878,-0.003502679281,-0.002370602543,11659.25986,0.001132076739,0.942490606,25.05750939,1,119.3247172,0,0,-37066942.12,-37066942.12,0,-37076149.03,463,71.83850479
1322,0,-37066942.12,-37065632.56,0,1309.559211,0,0.0001271539994,1309.559211,0.0001271539994,0.7212151642,0.7212151642,0.008424242424,0.0190959596,0,0,-37066942.12,-37066942.12,0,-37076149.03,464,71.8921566
1323,0,-37067036.29,-37006096.3,-94.17854644,60845.81416,-9.144434812e-06,0.005907933412,60939.99271,0.005917077846,0.4666669239,13.53333308,1,26.10570707,0,0,-37066942.12,-37066942.12,0,-37076149.03,465,71.91772127
1324,0,-37066942.12,-37086605,7.450580597e-09,-19662.88093,7.234274806e-16,-0.001909202676,-19662.88093,-0.001909202676,1.165168354,1.165168354,0.01227777778,0.02342929293,0,0,-37066942.12,-37066942.12,0,-37076149.03,466,71.95159364
1325,0,-37073689.26,-37077883.78,-6747.140504,-10941.66506,-0.0006551257037,-0.001062400586,-4194.524561,-0.0004072748823,0.583012694,19.41698731,1,90.21228788,0,0,-37066942.12,-37066942.12,0,-37076149.03,467,71.97908807
1326,0,-37066942.12,-34759498.96,0,2307443.159,0,0.2240453304,2307443.159,0.2240453304,1.27959784,669.1466317,1,2353.352025,0,0,-37066942.12,-37066942.12,0,-37076149.03,468,72.01472092
1327,0,-37066942.12,-37044844.46,-1.490116119e-08,22097.66043,-1.446854961e-15,0.002145611957,22097.66043,0.002145611957,6.685821987,6.685821987,0.05872727273,0.2071515152,0,0,-37066942.12,-37066942.12,0,-37076149.03,469,72.27307844
1328,0,-37066942.12,-37050282.64,2.235174179e-08,16659.47488,2.170282442e-15,0.001617581581,16659.47488,0.001617581581,3.039238805,3.039238805,0.05872727273,0.1251464646,0,0,-37066942.12,-37066942.12,0,-37076149.03,470,72.45982075
1329,0,-37066942.12,-37073449.85,7.450580597e-09,-6507.736846,7.234274806e-16,-0.0006318803763,-6507.736847,-0.0006318803763,2.271363529,2.271363529,0.01890909091,0.05991919192,0,0,-37066942.12,-37066942.12,0,-37076149.03,471,72.51260376
1330,0,-37066942.12,-37038462.64,1.490116119e-08,28479.4771,1.446854961e-15,0.002765265888,28479.4771,0.002765265888,1.330856501,1.330856501,0.02383333333,0.06514141414,0,0,-37066942.12,-37066942.12,0,-37076149.03,472,72.54207754
1331,0,-37066942.12,-37131944.4,1.490116119e-08,-65002.28732,1.446854961e-15,-0.006311513626,-65002.28732,-0.006311513626,1.30728816,23.69271184,1,91.42880808,0,0,-37066942.12,-37066942.12,0,-37076149.03,473,72.57187438
1332,0,-37136748.11,-37151226.35,-69805.99406,-84284.2334,-0.006777938143,-0.008183728749,-14478.23934,-0.001405790606,2.366585287,2.366585287,0.04818181818,0.120510101,0,0,-37066942.12,-37066942.12,0,-37076149.03,474,72.6164279
1333,0,-37130841.34,-37005508.11,-63899.22453,61434.0094,-0.006204409766,0.005965045283,125333.2339,0.01216945505,2.066089679,20.93391032,1,61.47353535,0,0,-37066942.12,-37066942.12,0,-37076149.03,475,72.66125035
1334,0,-37066942.12,-37130961.9,2.235174179e-08,-64019.786,2.170282442e-15,-0.006216115898,-64019.786,-0.006216115898,3.170798708,3.170798708,0.02633333333,0.06431818182,0,0,-37066942.12,-37066942.12,0,-37076149.03,476,72.76458097
1335,0,-37112918.36,-37085069.12,-45976.24295,-18127.00523,-0.004464145737,-0.001760074072,27849.23772,0.002704071665,1.664417335,1.664417335,0.02633333333,0.05932828283,0,0,-37066942.12,-37066942.12,0,-37076149.03,477,72.83112478
1336,0,-37074414.3,-37029320.66,-7472.185121,37621.45954,-0.0007255252106,0.003652923063,45093.64466,0.004378448273,1.256596633,1.256596633,0.02315151515,0.04699494949,0,0,-37066942.12,-37066942.12,0,-37076149.03,478,72.85430598
1337,0,-37066942.12,-37151291.79,7.450580597e-09,-84349.67261,7.234274806e-16,-0.008190082686,-84349.67261,-0.008190082686,1.194594495,9.805405505,1,4.251368687,0,0,-37066942.12,-37066942.12,0,-37076149.03,479,72.97285867
1338,0,-37066942.12,-37072758.99,7.450580597e-09,-5816.877014,7.234274806e-16,-0.0005648001023,-5816.877014,-0.0005648001023,2.656852718,2.656852718,0.03715151515,0.09747979798,0,0,-37066942.12,-37066942.12,0,-37076149.03,480,73.05000639
1339,0,-37066942.12,-37024917.4,7.450580597e-09,42024.71394,7.234274806e-16,0.004080464943,42024.71394,0.004080464943,2.0324639,2.0324639,0.03715151515,0.08514646465,0,0,-37066942.12,-37066942.12,0,-37076149.03,481,73.10592818
1340,0,-37066942.12,-37021530.16,1.490116119e-08,45411.95821,1.446854961e-15,0.004409355498,45411.95821,0.004409355498,1.740409734,1.740409734,0.01993939394,0.05876262626,0,0,-37066942.12,-37066942.12,0,-37076149.03,482,73.17567873
1341,0,-37066942.12,-37440392.13,3.725290298e-08,-373450.012,3.617137403e-15,-0.03626079844,-373450.012,-0.03626079844,1.204768908,11.79523109,1,27.14933333,0,0,-37066942.12,-37066942.12,0,-37076149.03,483,73.3469336
1342,0,-37185749.18,-37136664.01,-118807.0675,-69721.8907,-0.01153578522,-0.006769771977,49085.17683,0.004766013246,2.420171522,2.420171522,0.04006060606,0.08173232323,0,0,-37066942.12,-37066942.12,0,-37076149.03,484,73.40889239
1343,0,-37080753.61,-37080915.54,-13811.49316,-13973.42593,-0.00134105169,-0.001356774843,-161.9327698,-1.57231526e-05,1.514105247,1.514105247,0.04006060606,0.0743989899,0,0,-37066942.12,-37066942.12,0,-37076149.03,485,73.44530082
1344,0,-37078707.75,-36964197.65,-11765.63099,102744.461,-0.001142405035,0.009976157641,114510.092,0.01111856268,1.512891735,12.48710826,1,14.16756566,0,0,-37066942.12,-37066942.12,0,-37076149.03,486,73.4817977
1345,0,-37066942.12,-37091881.76,2.235174179e-08,-24939.64302,2.170282442e-15,-0.002421559351,-24939.64302,-0.002421559351,2.597712897,2.597712897,0.044,0.1267424242,0,0,-37066942.12,-37066942.12,0,-37076149.03,487,73.54607487
1346,0,-37099999.47,-37082026.07,-33057.35233,-15083.95902,-0.003209762891,-0.001464604044,17973.39331,0.001745158847,1.008451121,1.008451121,0.019,0.03862121212,0,0,-37066942.12,-37066942.12,0,-37076149.03,488,73.58118105
1347,0,-37097395.18,-36964942.46,-30453.06219,101999.6565,-0.00295689467,0.009903839511,132452.7186,0.01286073418,1.008451121,26.99154888,1,98.56130808,0,0,-37066942.12,-37066942.12,0,-37076149.03,489,73.61087418
1348,0,-37066942.12,-37078870.87,2.980232239e-08,-11928.75912,2.893709923e-15,-0.001158244253,-11928.75912,-0.001158244253,1.205087946,1.205087946,0.02383333333,0.06178787879,0,0,-37066942.12,-37066942.12,0,-37076149.03,490,73.67483115
1349,0,-37066942.12,-36923235.39,2.235174179e-08,143706.7266,2.170282442e-15,0.01395346226,143706.7266,0.01395346226,1.205087946,18.79491205,1,31.80659091,0,0,-37066942.12,-37066942.12,0,-37076149.03,491,73.7003324
1350,0,-37066942.12,-37006942.82,1.490116119e-08,59999.29744,1.446854961e-15,0.005825739353,59999.29744,0.005825739353,2.021841039,2.021841039,0.019,0.04122727273,0,0,-37066942.12,-37066942.12,0,-37076149.03,492,73.79078078
1351,0,-37066942.12,-37062691.28,3.725290298e-08,4250.832664,3.617137403e-15,0.0004127422185,4250.832664,0.0004127422185,1.135036181,1.135036181,0.02383333333,0.04606060606,0,0,-37066942.12,-37066942.12,0,-37076149.03,493,73.90147471
1352,0,-37066942.12,-37179998.23,2.235174179e-08,-113056.1161,2.170282442e-15,-0.01097738628,-113056.1161,-0.01097738628,1.132977692,10.86702231,1,23.25171212,0,0,-37066942.12,-37066942.12,0,-37076149.03,494,73.98933363
1353,0,-37066942.12,-37031837.45,3.725290298e-08,35104.66385,3.617137403e-15,0.003408550273,35104.66385,0.003408550273,1.659695983,1.659695983,0.02383333333,0.03084343434,0,0,-37066942.12,-37066942.12,0,-37076149.03,495,74.05654502
1354,0,-37066942.12,-37221484.64,2.235174179e-08,-154542.5253,2.170282442e-15,-0.01500558356,-154542.5253,-0.01500558356,1.075643268,18.92435673,1,72.34032828,0,0,-37066942.12,-37066942.12,0,-37076149.03,496,74.18940187
1355,0,-37121846.87,-37118493.65,-54904.75293,-51551.53482,-0.00533107542,-0.005005488696,3353.218106,0.0003255867237,1.052912096,1.052912096,0.02633333333,0.03073737374,0,0,-37066942.12,-37066942.12,0,-37076149.03,497,74.25290775
1356,0,-37082894.88,-37062745.19,-15952.76821,4196.929953,-0.00154896263,0.0004075084381,20149.69816,0.001956471068,0.599716742,0.599716742,0.01644444444,0.02084848485,0,0,-37066942.12,-37066942.12,0,-37076149.03,498,74.2923305
1357,0,-37070881.47,-36965398.79,-3939.353123,101543.3235,-0.0003824985541,0.00985953104,105482.6766,0.01024202959,0.5948453648,25.40515464,1,107.4956768,0,0,-37066942.12,-37066942.12,0,-37076149.03,499,74.32463527
1358,0,-37066942.12,-37078352.7,1.490116119e-08,-11410.58342,1.446854961e-15,-0.001107931055,-11410.58342,-0.001107931055,2.206741674,2.206741674,0.044,0.1139090909,0,0,-37066942.12,-37066942.12,0,-37076149.03,500,74.39035583
1359,0,-37079912.73,-37073901.71,-12970.61017,-6959.597984,-0.001259404649,-0.0006757546436,6011.012191,0.0005836500054,0.5961544455,0.5961544455,0.0165,0.02078787879,0,0,-37066942.12,-37066942.12,0,-37076149.03,501,74.43451571
1360,0,-37079067.02,-36910654.88,-12124.90289,156287.2355,-0.001177289184,0.01517498932,168412.1384,0.01635227851,0.5961544455,14.40384555,1,32.42142929,0,0,-37066942.12,-37066942.12,0,-37076149.03,502,74.46433258
1361,0,-37066942.12,-37076057.18,2.235174179e-08,-9115.062771,2.170282442e-15,-0.0008850433615,-9115.062771,-0.0008850433615,2.274689768,2.274689768,0.044,0.1139090909,0,0,-37066942.12,-37066942.12,0,-37076149.03,503,74.53645563
1362,0,-37073714.52,-37066201.49,-6772.405522,740.6212281,-0.0006575788559,7.191194595e-05,7513.02675,0.0007294908019,0.5961544455,0.5961544455,0.0165,0.02078787879,0,0,-37066942.12,-37066942.12,0,-37076149.03,504,74.58485556
1363,0,-37074039.23,-36911765.53,-7097.118688,155176.5894,-0.0006891074629,0.01506714915,162273.7081,0.01575625661,0.5961544455,12.40384555,1,19.37165152,0,0,-37066942.12,-37066942.12,0,-37076149.03,505,74.61490417
1364,0,-37066942.12,-37075850.52,2.980232239e-08,-8908.408164,2.893709923e-15,-0.0008649778619,-8908.408164,-0.0008649778619,2.272092593,2.272092593,0.044,0.1139090909,0,0,-37066942.12,-37066942.12,0,-37076149.03,506,74.67786884
1365,0,-37078742.31,-36327518.14,-11800.18973,739423.9745,-0.001145760577,0.07179569646,751224.1642,0.07294145704,0.5961544455,756.7106796,1.709222222,2839.232131,0,0,-37066942.12,-37066942.12,0,-37076149.03,507,74.73477697
1366,0,-37066942.12,-37189979.29,7.450580597e-09,-123037.1741,7.234274806e-16,-0.011946515,-123037.1741,-0.011946515,14.88672674,14.88672674,0.08733333333,0.3440909091,0,0,-37066942.12,-37066942.12,0,-37076149.03,508,74.94011164
1367,0,-37066942.12,-37086807.71,2.235174179e-08,-19865.59812,2.170282442e-15,-0.001928885865,-19865.59812,-0.001928885865,2.120748579,2.120748579,0.02294444444,0.05952020202,0,0,-37066942.12,-37066942.12,0,-37076149.03,509,75.11054254
1368,0,-37071986.27,-37076069.21,-5044.150072,-9127.089551,-0.0004897707945,-0.0008862111232,-4082.939479,-0.0003964403287,1.294629877,23.70537012,1,59.18803535,0,0,-37066942.12,-37066942.12,0,-37076149.03,510,75.16024733
1369,0,-37066942.12,-37041072.44,5.215406418e-08,25869.672,5.063992364e-15,0.002511862183,25869.672,0.002511862183,4.022465817,4.022465817,0.08116666667,0.1468181818,0,0,-37066942.12,-37066942.12,0,-37076149.03,511,75.21545696
1370,0,-37082242.98,-37135757.31,-15300.86537,-68815.19743,-0.001485664955,-0.006681734968,-53514.33206,-0.005196070013,1.295530608,1.295530608,0.01805555556,0.05035858586,0,0,-37066942.12,-37066942.12,0,-37076149.03,512,75.3184793
1371,0,-37080622.47,-36917236.24,-13680.35066,149705.874,-0.001328318174,0.01453596023,163386.2247,0.01586427841,1.285980446,15.71401955,1,47.18345455,0,0,-37066942.12,-37066942.12,0,-37076149.03,513,75.34395456
1372,0,-37066942.12,-37118870.27,7.450580597e-08,-51928.15504,7.234274806e-15,-0.005042057312,-51928.15504,-0.005042057312,1.326768859,1.326768859,0.01805555556,0.0460959596,0,0,-37066942.12,-37066942.12,0,-37076149.03,514,75.38163114
1373,0,-37067884.95,-36857501.16,-942.8368074,209440.9555,-9.154643015e-05,0.02033604506,210383.7923,0.0204275915,1.259737352,14.74026265,1,29.187,0,0,-37066942.12,-37066942.12,0,-37076149.03,515,75.4455812
1374,0,-37066942.12,-37133497.45,8.195638657e-08,-66555.33685,7.957702287e-15,-0.006462309753,-66555.33685,-0.006462309753,1.598851745,1.598851745,0.01805555556,0.05035858586,0,0,-37066942.12,-37066942.12,0,-37076149.03,516,75.48736501
1375,0,-37078699.71,-36902280.72,-11757.59636,164661.3993,-0.001141624897,0.01598809378,176418.9957,0.01712971868,1.285980446,27.71401955,1,107.2769747,0,0,-37066942.12,-37066942.12,0,-37076149.03,517,75.53302789
1376,0,-37066942.12,-37118408.97,8.195638657e-08,-51466.85495,7.957702287e-15,-0.004997266552,-51466.85495,-0.004997266552,1.211243044,1.211243044,0.01805555556,0.04300505051,0,0,-37066942.12,-37066942.12,0,-37076149.03,518,75.57866836
1377,0,-37069366.23,-36916210.26,-2424.11036,150731.8538,-0.0002353733414,0.01463557958,153155.9642,0.01487095293,1.189295363,25.81070464,1,96.20086869,0,0,-37066942.12,-37066942.12,0,-37076149.03,519,75.62365389
1378,0,-37066942.12,-37111107.77,7.450580597e-08,-44165.65704,7.234274806e-15,-0.004288343651,-44165.65704,-0.004288343651,1.864149951,1.864149951,0.02193939394,0.04648484848,0,0,-37066942.12,-37066942.12,0,-37076149.03,520,75.71058369
1379,0,-37087521.93,-37144044,-20579.81157,-77101.88021,-0.0019982337,-0.007486345289,-56522.06865,-0.005488111589,1.306277578,1.306277578,0.01822222222,0.05070707071,0,0,-37066942.12,-37066942.12,0,-37076149.03,521,75.75495386
1380,0,-37088117.44,-36996117.51,-21175.32047,70824.60534,-0.002056055705,0.006876842032,91999.92581,0.008932897736,1.28819691,10.71180309,1,26.05836869,0,0,-37066942.12,-37066942.12,0,-37076149.03,522,75.77742267
1381,0,-37066942.12,-37584292.03,8.195638657e-08,-517349.911,7.957702287e-15,-0.05023301713,-517349.911,-0.05023301713,1.332130661,695.5488262,1.901888889,2678.467662,0,0,-37066942.12,-37066942.12,0,-37076149.03,523,75.81220984
1382,0,-37066942.12,-37215746.43,5.215406418e-08,-148804.3124,5.063992364e-15,-0.01444842149,-148804.3124,-0.01444842149,14.58565169,14.58565169,0.1318787879,0.3109545455,0,0,-37066942.12,-37066942.12,0,-37076149.03,524,75.98390937
1383,0,-37066942.12,-37105564.59,8.195638657e-08,-38622.47434,7.957702287e-15,-0.003750118389,-38622.47434,-0.003750118389,1.975014324,1.975014324,0.01327272727,0.03518686869,0,0,-37066942.12,-37066942.12,0,-37076149.03,525,76.13205409
1384,0,-37072329.47,-36872470.33,-5387.34981,194471.7846,-0.0005230943884,0.01888258658,199859.1344,0.01940568097,1.593575118,26.40642488,1,87.36316162,0,0,-37066942.12,-37066942.12,0,-37076149.03,526,76.16642213
1385,0,-37066942.12,-37027450.77,1.192092896e-07,39491.34098,1.157483969e-14,0.003834482553,39491.34098,0.003834482553,3.941726947,3.941726947,0.03205555556,0.07818181818,0,0,-37066942.12,-37066942.12,0,-37076149.03,527,76.26394415
1386,0,-37066942.12,-37076640.72,1.11758709e-07,-9698.603381,1.085141221e-14,-0.0009417032832,-9698.603381,-0.0009417032832,1.445892722,1.445892722,0.02060606061,0.0554040404,0,0,-37066942.12,-37066942.12,0,-37076149.03,528,76.32826304
1387,0,-37066942.12,-37151948.33,1.043081284e-07,-85006.21439,1.012798473e-14,-0.008253830787,-85006.21439,-0.008253830787,1.424929022,26.57507098,1,95.19956566,0,0,-37066942.12,-37066942.12,0,-37076149.03,529,76.35892653
1388,0,-37066942.12,-37094323.5,1.043081284e-07,-27381.38295,1.012798473e-14,-0.002658644467,-27381.38295,-0.002658644467,1.808299097,1.808299097,0.04363636364,0.1106212121,0,0,-37066942.12,-37066942.12,0,-37076149.03,530,76.46898508
1389,0,-37068049.39,-37080312.36,-1107.277801,-13370.24734,-0.0001075131233,-0.001298208136,-12262.96954,-0.001190695013,1.780600083,1.780600083,0.04363636364,0.1241616162,0,0,-37066942.12,-37066942.12,0,-37076149.03,531,76.52291393
1390,0,-37066942.12,-37065890.57,9.685754776e-08,1051.542517,9.404557248e-15,0.0001021014059,1051.542517,0.0001021014059,1.739265959,24.26073404,1,65.49460101,0,0,-37066942.12,-37066942.12,0,-37076149.03,532,76.61317611
1391,0,-37094810.19,-37097243.91,-27868.07811,-30301.79119,-0.002705901006,-0.002942206741,-2433.713078,-0.0002363057345,2.258086099,2.258086099,0.03427777778,0.09203030303,0,0,-37066942.12,-37066942.12,0,-37076149.03,533,76.65737438
1392,0,-37090333.35,-37081538.64,-23391.23355,-14596.52328,-0.002271213758,-0.001417275597,8794.710266,0.0008539381606,2.115542357,2.115542357,0.03427777778,0.06784848485,0,0,-37066942.12,-37066942.12,0,-37076149.03,534,76.68150711
1393,0,-37083283.33,-37117817.76,-16341.21688,-50875.63956,-0.00158667975,-0.004939861434,-34534.42268,-0.003353181684,1.666647329,13.33335267,1,47.13351515,0,0,-37066942.12,-37066942.12,0,-37076149.03,535,76.70236754
1394,0,-37066942.12,-37075921.13,9.685754776e-08,-8979.015135,9.404557248e-15,-0.0008718335723,-8979.015135,-0.0008718335724,0.975334582,0.975334582,0.01727272727,0.03166161616,0,0,-37066942.12,-37066942.12,0,-37076149.03,536,76.75610828
1395,0,-37066942.12,-37041429.46,8.940696716e-08,25512.65513,8.681129768e-15,0.002477196989,25512.65513,0.002477196989,0.9019282664,19.09807173,1,79.28086869,0,0,-37066942.12,-37066942.12,0,-37076149.03,537,76.78292227
1396,0,-37066942.12,-37031151.74,1.11758709e-07,35790.37332,1.085141221e-14,0.003475130463,35790.37332,0.003475130463,0.9930212588,0.9930212588,0.02115151515,0.02826262626,0,0,-37066942.12,-37066942.12,0,-37076149.03,538,76.82284164
1397,0,-37066942.12,-37307655.07,9.685754776e-08,-240712.9529,9.404557248e-15,-0.02337245571,-240712.9529,-0.02337245571,0.9930212588,27.00697874,1,100.4104141,0,0,-37066942.12,-37066942.12,0,-37076149.03,539,76.84202528
1398,0,-37152824.96,-37167346.35,-85882.84702,-100404.2382,-0.008338949004,-0.009748929514,-14521.39118,-0.001409980511,1.083766662,1.083766662,0.02151515152,0.05537878788,0,0,-37066942.12,-37066942.12,0,-37076149.03,540,76.89512801
1399,0,-37136110.08,-37074473,-69167.95991,-7530.887533,-0.006715987073,-0.0007312250266,61637.07238,0.005984762047,1.083766662,11.91623334,1,24.19075253,0,0,-37066942.12,-37066942.12,0,-37076149.03,541,76.916394
1400,0,-37066942.12,-37043203.24,9.685754776e-08,23738.87614,9.404557248e-15,0.002304968739,23738.87614,0.002304968739,0.7348707334,0.7348707334,0.01733333333,0.02840909091,0,0,-37066942.12,-37066942.12,0,-37076149.03,542,76.9670403
1401,0,-37066942.12,-37277405.33,9.685754776e-08,-210463.211,9.404557248e-15,-0.0204353028,-210463.211,-0.0204353028,0.7066283996,11.2933716,1,12.10558586,0,0,-37066942.12,-37066942.12,0,-37076149.03,543,77.04686689
1402,0,-37182926.61,-37246861.33,-115984.4916,-179919.2154,-0.01126172215,-0.01746957878,-63934.72382,-0.006207856633,2.163437395,2.163437395,0.02163636364,0.07018181818,0,0,-37066942.12,-37066942.12,0,-37076149.03,544,77.10262847
1403,0,-37184969.1,-37044424.88,-118026.9887,22517.23635,-0.01146004207,0.002186351432,140544.2251,0.0136463935,2.127492511,10.87250749,1,8.164909091,0,0,-37066942.12,-37066942.12,0,-37076149.03,545,77.12508535
1404,0,-37066942.12,-37044479.83,9.685754776e-08,22462.29039,9.404557248e-15,0.002181016356,22462.29039,0.002181016356,0.7812533002,0.7812533002,0.01393939394,0.02065151515,0,0,-37066942.12,-37066942.12,0,-37076149.03,546,77.16920209
1405,0,-37066942.12,-37273719.16,9.685754776e-08,-206777.0402,9.404557248e-15,-0.02007738744,-206777.0402,-0.02007738744,0.5762764538,26.42372355,1,109.3284798,0,0,-37066942.12,-37066942.12,0,-37076149.03,547,77.2463367
1406,0,-37151047.87,-37172471.02,-84105.75197,-105528.909,-0.008166398775,-0.01024651862,-21423.15704,-0.002080119841,0.7329612813,0.7329612813,0.01305555556,0.02354040404,0,0,-37066942.12,-37066942.12,0,-37076149.03,548,77.29963684
1407,0,-37151047.87,-37071502.49,-84105.75197,-4560.374738,-0.008166398775,-0.0004427977611,79545.37724,0.007723601014,0.7329612813,13.26703872,1,41.10647475,0,0,-37066942.12,-37066942.12,0,-37076149.03,549,77.32095504
1408,0,-37082152.97,-37086179.37,-15210.85904,-19237.25915,-0.001476925629,-0.001867876166,-4026.400113,-0.0003909505376,0.6124431773,0.6124431773,0.02145454545,0.03322222222,0,0,-37066942.12,-37066942.12,0,-37076149.03,550,77.3447504
1409,0,-37082152.97,-37208451.44,-15210.85904,-141509.3248,-0.001476925629,-0.01374010159,-126298.4657,-0.01226317596,0.6124431773,9.387556823,1,34.09084848,0,0,-37066942.12,-37066942.12,0,-37076149.03,551,77.36694884
1410,0,-37150610.8,-37170969.72,-83668.68806,-104027.6039,-0.00812396127,-0.0101007467,-20358.9158,-0.00197678543,0.7689723616,0.7689723616,0.01305555556,0.02354040404,0,0,-37066942.12,-37066942.12,0,-37076149.03,552,77.39445829
1411,0,-37149793.98,-37145864.75,-82851.86862,-78922.63804,-0.008044650722,-0.007663135035,3929.230575,0.0003815156871,0.7329612813,14.26703872,1,60.1195303,0,0,-37066942.12,-37066942.12,0,-37076149.03,553,77.41833115
1412,0,-37082152.97,-35635577.36,-15210.85904,1431364.752,-0.001476925629,0.1389809268,1446575.611,0.1404578524,0.6124431773,698.6124432,1.696388889,2613.192753,0,0,-37066942.12,-37066942.12,0,-37076149.03,554,77.44207883
1413,0,-37066942.12,-37149334.93,2.235174179e-08,-82392.81912,2.170282442e-15,-0.008000078488,-82392.81912,-0.008000078488,6.68544043,6.68544043,0.04787878788,0.1515454545,0,0,-37066942.12,-37066942.12,0,-37076149.03,555,77.60318637
1414,0,-37066942.12,-37088848.05,9.685754776e-08,-21905.93592,9.404557248e-15,-0.002126996122,-21905.93592,-0.002126996122,2.634792735,2.634792735,0.02255555556,0.06188888889,0,0,-37066942.12,-37066942.12,0,-37076149.03,556,77.7360332
1415,0,-37066942.12,-37246137.31,8.940696716e-08,-179195.1921,8.681129768e-15,-0.01739927845,-179195.1921,-0.01739927845,2.239319894,17.76068011,1,50.40737879,0,0,-37066942.12,-37066942.12,0,-37076149.03,557,77.78100872
1416,0,-37066942.12,-37080889.76,8.195638657e-08,-13947.64053,7.957702287e-15,-0.001354271163,-13947.64053,-0.001354271163,2.966135221,2.966135221,0.04987878788,0.1241111111,0,0,-37066942.12,-37066942.12,0,-37076149.03,558,77.879776
1417,0,-37086525.62,-37170242.26,-19583.49945,-103300.1422,-0.001901494989,-0.01003011251,-83716.64278,-0.00812861752,2.189974641,19.81002536,1,74.31014646,0,0,-37066942.12,-37066942.12,0,-37076149.03,559,77.91987634
1418,0,-37131386.39,-37113249.44,-64444.27463,-46307.32364,-0.006257332383,-0.004496292609,18136.95099,0.001761039773,2.250840851,2.250840851,0.02944444444,0.09198484848,0,0,-37066942.12,-37066942.12,0,-37076149.03,560,77.95578527
1419,0,-37123557.62,-37218365.2,-56615.50227,-151423.0865,-0.005497183695,-0.01470269606,-94807.58421,-0.009205512362,1.7908961,28.2091039,1,119.5278737,0,0,-37066942.12,-37066942.12,0,-37076149.03,561,77.97806954
1420,0,-37066942.12,-37076044.68,1.11758709e-07,-9102.564321,1.085141221e-14,-0.000883829802,-9102.564321,-0.000883829802,0.8570815231,0.8570815231,0.009166666667,0.02637373737,0,0,-37066942.12,-37066942.12,0,-37076149.03,562,78.02225304
1421,0,-37067975.39,-37097497.07,-1033.276311,-30554.95717,-0.0001003278159,-0.002966788346,-29521.68086,-0.00286646053,0.4151486715,21.58485133,1,86.30279293,0,0,-37066942.12,-37066942.12,0,-37076149.03,563,78.06048727
1422,0,-37066942.12,-37033246.75,9.685754776e-08,33695.36198,9.404557248e-15,0.003271711581,33695.36198,0.003271711581,1.465090746,1.465090746,0.02072727273,0.05367171717,0,0,-37066942.12,-37066942.12,0,-37076149.03,564,78.10967803
1423,0,-37066942.12,-37223336.96,8.940696716e-08,-156394.8422,8.681129768e-15,-0.01518543759,-156394.8422,-0.01518543759,1.00037808,23.99962192,1,104.4057929,0,0,-37066942.12,-37066942.12,0,-37076149.03,565,78.16835308
1424,0,-37154310.91,-37140170.54,-87368.78994,-73228.42292,-0.008483229296,-0.007110245009,14140.36702,0.001372984287,2.087001708,2.087001708,0.0463030303,0.09105050505,0,0,-37066942.12,-37066942.12,0,-37076149.03,566,78.22236013
1425,0,-37105019.6,-37104539.5,-38077.48351,-37597.37929,-0.003697201528,-0.003650584948,480.1042228,4.661658026e-05,1.350463986,22.64953601,1,87.30906566,0,0,-37066942.12,-37066942.12,0,-37076149.03,567,78.25905442
1426,0,-37078824.74,-37039745.94,-11882.62729,27196.17142,-0.001153765,0.002640661022,39078.79871,0.003794426022,1.148081075,1.148081075,0.02066666667,0.05395959596,0,0,-37066942.12,-37066942.12,0,-37076149.03,568,78.28734851
1427,0,-37070446.22,-37108569.55,-3504.108642,-41627.4359,-0.0003402377108,-0.00404189052,-38123.32726,-0.003701652809,1.003435734,13.99656427,1,54.26326768,0,0,-37066942.12,-37066942.12,0,-37076149.03,569,78.30975962
1428,0,-37082337.3,-37097385.12,-15395.18002,-30443.00903,-0.001494822605,-0.002955918541,-15047.82901,-0.001461095936,0.4216633435,0.4216633435,0.009166666667,0.02171212121,0,0,-37066942.12,-37066942.12,0,-37076149.03,570,78.34090114
1429,0,-37087720.2,-37107590.02,-20778.08071,-40647.90149,-0.002017484998,-0.00394678087,-19869.82078,-0.001929295871,0.3554587426,28.64454126,1,136.4651212,0,0,-37066942.12,-37066942.12,0,-37076149.03,571,78.36555123
1430,0,-37069104.75,-37031098.25,-2162.633005,35843.86778,-0.0002099847289,0.003480324604,38006.50078,0.003690309333,1.132824487,1.132824487,0.02,0.05398989899,0,0,-37066942.12,-37066942.12,0,-37076149.03,572,78.3929913
1431,0,-37066942.12,-37224462.2,8.195638657e-08,-157520.082,7.957702287e-15,-0.01529469476,-157520.082,-0.01529469476,0.9978015886,15.00219841,1,63.25868687,0,0,-37066942.12,-37066942.12,0,-37076149.03,573,78.4243629
1432,0,-37103257.73,-37130263.26,-36315.61295,-63321.14699,-0.003526129547,-0.006148280291,-27005.53404,-0.002622150744,1.488387526,1.488387526,0.04593939394,0.09105050505,0,0,-37066942.12,-37066942.12,0,-37076149.03,574,78.46187878
1433,0,-37090812.88,-37071506.89,-23870.76503,-4564.771861,-0.002317774726,-0.0004432247076,19305.99316,0.001874550019,1.242230672,1.242230672,0.01642424242,0.03559090909,0,0,-37066942.12,-37066942.12,0,-37076149.03,575,78.48709536
1434,0,-37068941.3,-37086362.89,-1999.181284,-19420.77469,-0.000194114091,-0.001885694936,-17421.5934,-0.001691580845,0.6727957734,17.32720423,1,83.2874899,0,0,-37066942.12,-37066942.12,0,-37076149.03,576,78.50973153
1435,0,-37066942.12,-37051832.47,8.940696716e-08,15109.64694,8.681129768e-15,0.001467098259,15109.64694,0.001467098259,0.6633756632,0.6633756632,0.01877777778,0.03653535354,0,0,-37066942.12,-37066942.12,0,-37076149.03,577,78.5402813
1436,0,-37066942.12,-37105722.23,8.195638657e-08,-38780.11111,7.957702287e-15,-0.003765424414,-38780.11111,-0.003765424414,0.5970788543,23.40292115,1,92.38733333,0,0,-37066942.12,-37066942.12,0,-37076149.03,578,78.56361151
1437,0,-37066942.12,-37069506.35,8.195638657e-08,-2564.230807,7.957702287e-15,-0.0002489785874,-2564.230807,-0.0002489785874,0.8263258759,0.8263258759,0.01709090909,0.03625757576,0,0,-37066942.12,-37066942.12,0,-37076149.03,579,78.63153315
1438,0,-37067330.35,-37084362.35,-388.238941,-17420.23363,-3.769675602e-05,-0.001691448816,-17031.99469,-0.00165375206,0.6880523615,17.31194764,1,83.28510606,0,0,-37066942.12,-37066942.12,0,-37076149.03,580,78.66551542
1439,0,-37066942.12,-37049831.93,8.940696716e-08,17110.18799,8.681129768e-15,0.001661344379,17110.18799,0.001661344379,0.6647709893,0.6647709893,0.01883333333,0.03665151515,0,0,-37066942.12,-37066942.12,0,-37076149.03,581,78.70089316
1440,0,-37066942.12,-37128252.48,8.195638657e-08,-61310.36028,7.957702287e-15,-0.00595303935,-61310.36028,-0.00595303935,0.5983922752,9.401607725,1,29.1750303,0,0,-37066942.12,-37066942.12,0,-37076149.03,582,78.72671509
1441,0,-37066942.12,-34927727.23,8.940696716e-08,2139214.887,8.681129768e-15,0.2077109047,2139214.887,0.2077109047,0.8263128385,730.1736872,1.3,2717.805894,0,0,-37066942.12,-37066942.12,0,-37076149.03,583,78.77449083
1442,0,-37066942.12,-37075089.07,4.470348358e-08,-8146.953003,4.340564884e-15,-0.0007910430079,-8146.953003,-0.0007910430079,7.962153979,7.962153979,0.02709090909,0.08955555556,0,0,-37066942.12,-37066942.12,0,-37076149.03,584,78.90971327
1443,0,-37066942.12,-37086204.09,1.490116119e-08,-19261.97044,1.446854961e-15,-0.001870275553,-19261.97044,-0.001870275553,1.669317282,1.669317282,0.0265,0.04907575758,0,0,-37066942.12,-37066942.12,0,-37076149.03,585,79.04226542
1444,0,-37066942.12,-37163227.38,5.215406418e-08,-96285.26092,5.063992364e-15,-0.009348990031,-96285.26092,-0.009348990031,1.147268856,24.85273114,1,104.3281616,0,0,-37066942.12,-37066942.12,0,-37076149.03,586,79.1327014
1445,0,-37078181.15,-37071847.47,-11239.03729,-4905.350702,-0.001091274475,-0.0004762938208,6333.686588,0.0006149806544,3.832706115,3.832706115,0.03636363636,0.0936969697,0,0,-37066942.12,-37066942.12,0,-37076149.03,587,79.19481707
1446,0,-37066942.12,-37047501.61,5.215406418e-08,19440.50424,5.063992364e-15,0.001887610612,19440.50424,0.001887610612,1.273363359,1.273363359,0.0265,0.0265,0,0,-37066942.12,-37066942.12,0,-37076149.03,588,79.23036861
1447,0,-37066942.12,-37172383.48,5.960464478e-08,-105441.3678,5.787419845e-15,-0.01023801865,-105441.3678,-0.01023801865,0.7791093207,20.22089068,1,80.33165152,0,0,-37066942.12,-37066942.12,0,-37076149.03,589,79.30294824
1448,0,-37066942.12,-37032352.44,4.470348358e-08,34589.67542,4.340564884e-15,0.003358546549,34589.67542,0.003358546549,1.164110619,1.164110619,0.01822222222,0.01822222222,0,0,-37066942.12,-37066942.12,0,-37076149.03,590,79.34520769
1449,0,-37066942.12,-37074489.07,5.960464478e-08,-7546.955938,5.787419845e-15,-0.0007327852172,-7546.955938,-0.0007327852172,0.7619307061,0.7619307061,0.02661111111,0.02661111111,0,0,-37066942.12,-37066942.12,0,-37076149.03,591,79.4791944
1450,0,-37066942.12,-37111307.12,5.215406418e-08,-44365.00273,5.063992364e-15,-0.004307699479,-44365.00273,-0.004307699479,0.6870946454,25.31290535,1,125.4166869,0,0,-37066942.12,-37066942.12,0,-37076149.03,592,79.53246021
1451,0,-37069893.48,-37073531.21,-2951.360619,-6589.097144,-0.0002865676505,-0.0006397802003,-3637.736526,-0.0003532125498,0.9678729321,0.9678729321,0.02661111111,0.02661111111,0,0,-37066942.12,-37066942.12,0,-37076149.03,593,79.578264
1452,0,-37066942.12,-37126381.64,5.215406418e-08,-59439.52586,5.063992364e-15,-0.005771387328,-59439.52586,-0.005771387328,0.6878359595,14.31216404,1,70.20149495,0,0,-37066942.12,-37066942.12,0,-37076149.03,594,79.6159234
1453,0,-37070509.52,-37074147.26,-3567.406816,-7205.143342,-0.0003463837606,-0.0006995963104,-3637.736526,-0.0003532125498,0.9678729321,0.9678729321,0.02661111111,0.02661111111,0,0,-37066942.12,-37066942.12,0,-37076149.03,595,79.6613965
1454,0,-37066942.12,-37127534.89,5.960464478e-08,-60592.7761,5.787419845e-15,-0.005883364227,-60592.7761,-0.005883364227,0.6873591839,10.31264082,1,38.14045455,0,0,-37066942.12,-37066942.12,0,-37076149.03,596,79.69802284
1455,0,-37066942.12,-37068219.62,5.960464478e-08,-1277.506908,5.787419845e-15,-0.0001240418236,-1277.506908,-0.0001240418236,0.9728730946,0.9728730946,0.02661111111,0.02661111111,0,0,-37066942.12,-37066942.12,0,-37076149.03,597,79.72405267
1456,0,-37066942.12,-37126075.58,5.215406418e-08,-59133.46158,5.063992364e-15,-0.005741669468,-59133.46158,-0.005741669468,0.690537665,15.30946234,1,75.21908081,0,0,-37066942.12,-37066942.12,0,-37076149.03,598,79.75770712
1457,0,-37070509.52,-35346641.88,-3567.406816,1720300.232,-0.0003463837606,0.1670356352,1723867.638,0.1673820189,0.9678729321,708.0321271,1.359666667,2453.29453,0,0,-37066942.12,-37066942.12,0,-37076149.03,599,79.7863555
1458,0,-37066942.12,-37013278.29,7.450580597e-09,53663.82849,7.234274806e-16,0.005210585638,53663.82849,0.005210585638,9.562219576,9.562219576,0.08818181818,0.2388535354,0,0,-37066942.12,-37066942.12,0,-37076149.03,600,79.9363966
1459,0,-37066942.12,-37050289.89,4.470348358e-08,16652.22501,4.340564884e-15,0.001616877642,16652.22501,0.001616877642,2.092174952,2.092174952,0.05181818182,0.09441919192,0,0,-37066942.12,-37066942.12,0,-37076149.03,601,80.11271572
1460,0,-37066942.12,-37426965.82,3.725290298e-08,-360023.7023,3.617137403e-15,-0.03495714683,-360023.7023,-0.03495714683,1.806943942,25.19305606,1,42.14689394,0,0,-37066942.12,-37066942.12,0,-37076149.03,602,80.14660716
1461,0,-37066942.12,-37037170.52,4.470348358e-08,29771.59938,4.340564884e-15,0.002890726817,29771.59938,0.002890726817,3.568040669,3.568040669,0.07193939394,0.1949040404,0,0,-37066942.12,-37066942.12,0,-37076149.03,603,80.26564622
1462,0,-37066942.12,-36923220.59,4.470348358e-08,143721.5214,4.340564884e-15,0.01395489879,143721.5214,0.01395489879,3.568040669,18.43195933,1,33.47632323,0,0,-37066942.12,-37066942.12,0,-37076149.03,604,80.33573127
1463,0,-37066942.12,-37049241.13,4.470348358e-08,17700.98689,4.340564884e-15,0.001718709057,17700.98689,0.001718709057,3.268237135,3.268237135,0.05145454545,0.1613383838,0,0,-37066942.12,-37066942.12,0,-37076149.03,605,80.42490387
1464,0,-37066942.12,-36982629.87,5.960464478e-08,84312.24129,5.787419845e-15,0.008186448225,84312.24129,0.008186448225,3.268043022,9.731956978,1,7.278964646,0,0,-37066942.12,-37066942.12,0,-37076149.03,606,80.48613763
1465,0,-37066942.12,-37054803.82,5.960464478e-08,12138.29384,5.787419845e-15,0.001178589402,12138.29384,0.001178589402,1.662957995,1.662957995,0.005666666667,0.01144949495,0,0,-37066942.12,-37066942.12,0,-37076149.03,607,80.5572145
1466,0,-37066942.12,-37067174.45,4.470348358e-08,-232.3322966,4.340564884e-15,-2.255872087e-05,-232.3322966,-2.255872087e-05,0.8153950007,26.184605,1,85.62138889,0,0,-37066942.12,-37066942.12,0,-37076149.03,608,80.60135269
1467,0,-37066942.12,-37053117.61,4.470348358e-08,13824.5049,4.340564884e-15,0.001342315088,13824.5049,0.001342315088,1.773683734,1.773683734,0.04212121212,0.05851010101,0,0,-37066942.12,-37066942.12,0,-37076149.03,609,80.73556519
1468,0,-37066942.12,-37046534.49,4.470348358e-08,20407.62904,4.340564884e-15,0.001981515329,20407.62904,0.001981515329,1.201884356,1.201884356,0.02496969697,0.04658080808,0,0,-37066942.12,-37066942.12,0,-37076149.03,610,80.86335683
1469,0,-37066942.12,-37361130.83,5.215406418e-08,-294188.7145,5.063992364e-15,-0.02856478067,-294188.7145,-0.02856478067,0.9615509121,16.03844909,1,41.36661111,0,0,-37066942.12,-37066942.12,0,-37076149.03,611,80.9237051
1470,0,-37164319.29,-37212319.91,-97377.17435,-145377.7958,-0.009455011323,-0.01411571772,-48000.62142,-0.004660706394,1.607206103,1.607206103,0.01916666667,0.04186363636,0,0,-37066942.12,-37066942.12,0,-37076149.03,612,80.98729753
1471,0,-37194063.62,-36959627.12,-127121.5071,107314.994,-0.01234309064,0.01041994174,234436.5011,0.02276303237,1.190821396,24.8091786,1,79.60431313,0,0,-37066942.12,-37066942.12,0,-37076149.03,613,81.01381183
1472,0,-37066942.12,-37029428.94,5.215406418e-08,37513.18029,5.063992364e-15,0.003642409495,37513.18029,0.003642409495,1.649870696,1.649870696,0.02757575758,0.05388383838,0,0,-37066942.12,-37066942.12,0,-37076149.03,614,81.07649732
1473,0,-37066942.12,-37065974.61,5.215406418e-08,967.508005,5.063992364e-15,9.394192432e-05,967.508005,9.394192432e-05,1.259565128,1.259565128,0.02757575758,0.06521212121,0,0,-37066942.12,-37066942.12,0,-37076149.03,615,81.14115906
1474,0,-37066942.12,-37147511.87,5.215406418e-08,-80569.75432,5.063992364e-15,-0.007823064743,-80569.75432,-0.007823064743,1.24517158,21.75482842,1,54.33287374,0,0,-37066942.12,-37066942.12,0,-37076149.03,616,81.19510102
1475,0,-37076430.16,-37104078.39,-9488.045629,-37136.2742,-0.0009212588008,-0.003605813122,-27648.22857,-0.002684554322,0.6577209173,0.6577209173,0.01533333333,0.02721212121,0,0,-37066942.12,-37066942.12,0,-37076149.03,617,81.23499846
1476,0,-37076430.16,-36953008.66,-9488.045629,113933.4548,-0.0009212588008,0.01106257306,123421.5004,0.01198383186,0.6577209173,23.34227908,1,72.57119192,0,0,-37066942.12,-37066942.12,0,-37076149.03,618,81.25648427
1477,0,-37066942.12,-37085289.81,5.960464478e-08,-18347.69167,5.787419845e-15,-0.001781502017,-18347.69167,-0.001781502017,1.467464142,1.467464142,0.04236363636,0.05124747475,0,0,-37066942.12,-37066942.12,0,-37076149.03,619,81.31854868
1478,0,-37066942.12,-37030530.29,5.960464478e-08,36411.82775,5.787419845e-15,0.003535471695,36411.82775,0.003535471695,1.18518286,25.81481714,1,49.83901515,0,0,-37066942.12,-37066942.12,0,-37076149.03,620,81.41312814
1479,0,-37066942.12,-37055513.4,5.960464478e-08,11428.7203,5.787419845e-15,0.001109692088,11428.7203,0.001109692088,2.394668942,2.394668942,0.02642424242,0.06042929293,0,0,-37066942.12,-37066942.12,0,-37076149.03,621,81.4909966
1480,0,-37066942.12,-37128494.39,4.470348358e-08,-61552.27391,4.340564884e-15,-0.005976528387,-61552.27391,-0.005976528387,1.180509244,25.81949076,1,106.4092374,0,0,-37066942.12,-37066942.12,0,-37076149.03,622,81.55211949
1481,0,-37066942.12,-37040659.52,5.960464478e-08,26282.59517,5.787419845e-15,0.002551955698,26282.59517,0.002551955698,1.158619428,1.158619428,0.02188888889,0.02462121212,0,0,-37066942.12,-37066942.12,0,-37076149.03,623,81.63059974
1482,0,-37066942.12,-37194522.57,5.960464478e-08,-127580.4589,5.787419845e-15,-0.01238765339,-127580.4589,-0.01238765339,0.8990845527,27.10091545,1,116.2686717,0,0,-37066942.12,-37066942.12,0,-37076149.03,624,81.64915609
1483,0,-37146827.1,-37150414.15,-79884.98902,-83472.0383,-0.007756576229,-0.00810486721,-3587.049278,-0.0003482909806,0.7652743668,0.7652743668,0.01833333333,0.02657575758,0,0,-37066942.12,-37066942.12,0,-37076149.03,625,81.70136929
1484,0,-37146702.24,-37084855.69,-79760.12832,-17913.56932,-0.007744452655,-0.001739350129,61846.559,0.006005102526,0.7652743668,18.23472563,1,71.23163636,0,0,-37066942.12,-37066942.12,0,-37076149.03,626,81.72402406
1485,0,-37066942.12,-37054788.23,5.960464478e-08,12153.8859,5.787419845e-15,0.001180103342,12153.8859,0.001180103342,0.6330238924,0.6330238924,0.01833333333,0.01833333333,0,0,-37066942.12,-37066942.12,0,-37076149.03,627,81.77184963
1486,0,-37066942.12,-37108093.6,2.980232239e-08,-41151.4822,2.893709923e-15,-0.003995676941,-41151.4822,-0.003995676941,0.4907631538,26.50923685,1,113.4826768,0,0,-37066942.12,-37066942.12,0,-37076149.03,628,81.8112936
1487,0,-37066942.12,-36983178.1,5.960464478e-08,83764.01601,5.787419845e-15,0.008133217309,83764.01601,0.008133217309,2.033101858,2.033101858,0.03788888889,0.06158585859,0,0,-37066942.12,-37066942.12,0,-37076149.03,629,81.8881526
1488,0,-37066942.12,-37104983.99,5.960464478e-08,-38041.8756,5.787419845e-15,-0.003693744113,-38041.8756,-0.003693744114,1.98362802,1.98362802,0.05561111111,0.06882323232,0,0,-37066942.12,-37066942.12,0,-37076149.03,630,81.92724442
1489,0,-37066942.12,-37058143.27,4.470348358e-08,8798.845253,4.340564884e-15,0.0008543396546,8798.845253,0.0008543396546,0.4192013745,0.4192013745,0.01583333333,0.01583333333,0,0,-37066942.12,-37066942.12,0,-37076149.03,631,81.99973273
1490,0,-37066942.12,-37108176.37,4.470348358e-08,-41234.2591,4.340564884e-15,-0.004003714313,-41234.2591,-0.004003714313,0.4192013745,15.58079863,1,71.24799495,0,0,-37066942.12,-37066942.12,0,-37076149.03,632,82.01617575
1491,0,-37066942.12,-37057688.34,4.470348358e-08,9253.77921,4.340564884e-15,0.0008985122828,9253.77921,0.0008985122828,0.5571869629,0.5571869629,0.01583333333,0.01704545455,0,0,-37066942.12,-37066942.12,0,-37076149.03,633,82.07020903
1492,0,-37066942.12,-37129873.64,5.215406418e-08,-62931.52371,5.063992364e-15,-0.00611044912,-62931.52371,-0.00611044912,0.4467190834,13.55328092,1,52.08229293,0,0,-37066942.12,-37066942.12,0,-37076149.03,634,82.1285975
1493,0,-37066942.12,-37031848.61,4.470348358e-08,35093.51037,4.340564884e-15,0.003407467306,35093.51037,0.003407467306,0.8223024935,0.8223024935,0.003111111111,0.003656565657,0,0,-37066942.12,-37066942.12,0,-37076149.03,635,82.17199039
1494,0,-37066942.12,-37079690.2,5.215406418e-08,-12748.08058,5.063992364e-15,-0.001237797739,-12748.08058,-0.001237797739,0.5414379027,0.5414379027,0.01583333333,0.01637878788,0,0,-37066942.12,-37066942.12,0,-37076149.03,636,82.2064507
1495,0,-37066942.12,-37133746.9,4.470348358e-08,-66804.78027,4.340564884e-15,-0.00648652991,-66804.78027,-0.00648652991,0.4151073216,27.58489268,1,127.4041364,0,0,-37066942.12,-37066942.12,0,-37076149.03,637,82.27013135
1496,0,-37080317.05,-37075746.37,-13374.93718,-8804.257408,-0.001298663504,-0.0008548651575,4570.679769,0.0004437983466,0.7926473011,0.7926473011,0.003272727273,0.006383838384,0,0,-37066942.12,-37066942.12,0,-37076149.03,638,82.30159211
1497,0,-37070410.31,-36991044.74,-3468.189602,75897.38073,-0.0003367500872,0.007369392253,79365.57034,0.00770614234,0.1529010872,15.84709891,1,62.15271717,0,0,-37066942.12,-37066942.12,0,-37076149.03,639,82.32590652
1498,0,-37066942.12,-37052553.16,4.470348358e-08,14388.95517,4.340564884e-15,0.001397121399,14388.95517,0.001397121399,1.284025169,1.284025169,0.02981818182,0.04870707071,0,0,-37066942.12,-37066942.12,0,-37076149.03,640,82.40343761
1499,0,-37068775.59,-37081753.55,-1833.471096,-14811.43705,-0.0001780241632,-0.001438143035,-12977.96596,-0.001260118872,0.3989999826,0.3989999826,0.003272727273,0.006439393939,0,0,-37066942.12,-37066942.12,0,-37076149.03,641,82.46878195
1500,0,-37075924.23,-37065258.13,-8982.114835,1683.987098,-0.0008721345433,0.0001635097464,10666.10193,0.00103564429,0.1541867046,15.8458133,1,75.18737374,0,0,-37066942.12,-37066942.12,0,-37076149.03,642,82.49236822
1501,0,-37066942.12,-37052098.23,4.470348358e-08,14843.88912,4.340564884e-15,0.001441294027,14843.88912,0.001441294027,1.293534342,1.293534342,0.02981818182,0.04870707071,0,0,-37066942.12,-37066942.12,0,-37076149.03,643,82.56123376
1502,0,-37068320.65,-37081298.62,-1378.53714,-14356.5031,-0.000133851535,-0.001393970407,-12977.96596,-0.001260118872,0.3989999826,0.3989999826,0.003272727273,0.006439393939,0,0,-37066942.12,-37066942.12,0,-37076149.03,644,82.62934828
1503,0,-37075469.3,-37060112.33,-8527.180878,6829.78475,-0.0008279619151,0.0006631501949,15356.96563,0.00149111211,0.1541867046,20.8458133,1,85.24234343,0,0,-37066942.12,-37066942.12,0,-37076149.03,645,82.65058279
1504,0,-37066942.12,-37051750.05,5.215406418e-08,15192.06786,5.063992364e-15,0.001475101065,15192.06786,0.001475101065,1.300812084,1.300812084,0.02981818182,0.04870707071,0,0,-37066942.12,-37066942.12,0,-37076149.03,646,82.72403741
1505,0,-37067972.47,-37080950.44,-1030.358406,-14008.32436,-0.0001000444967,-0.001360163369,-12977.96596,-0.001260118872,0.3989999826,0.3989999826,0.003272727273,0.006439393939,0,0,-37066942.12,-37066942.12,0,-37076149.03,647,82.79900432
1506,0,-37075121.12,-37070852,-8179.002145,-3909.88867,-0.0007941548768,-0.0003796376502,4269.113475,0.0004145172266,0.1541867046,9.845813295,1,35.09887374,0,0,-37066942.12,-37066942.12,0,-37076149.03,648,82.82019663
1507,0,-37066942.12,-37051295.11,4.470348358e-08,15647.00181,4.340564884e-15,0.001519273693,15647.00181,0.001519273693,1.310321256,1.310321256,0.02981818182,0.04870707071,0,0,-37066942.12,-37066942.12,0,-37076149.03,649,82.8815074
1508,0,-37067517.54,-37080495.51,-575.4244493,-13553.39041,-5.587186854e-05,-0.00131599074,-12977.96596,-0.001260118872,0.3989999826,0.3989999826,0.003272727273,0.006439393939,0,0,-37066942.12,-37066942.12,0,-37076149.03,650,82.95585227
1509,0,-37074666.18,-37066008.35,-7724.068188,933.7623168,-0.0007499822486,9.066532622e-05,8657.830505,0.0008406475748,0.1541867046,12.8458133,1,52.11572222,0,0,-37066942.12,-37066942.12,0,-37076149.03,651,82.97700381
1510,0,-37066942.12,-35975251.15,4.470348358e-08,1091690.967,4.340564884e-15,0.1059996917,1091690.967,0.1059996917,1.300812084,688.3849022,1.686388889,2603.89098,0,0,-37066942.12,-37066942.12,0,-37076149.03,652,83.04030299
1511,0,-37066942.12,-37120068.68,7.450580597e-09,-53126.56369,7.234274806e-16,-0.005158418948,-53126.56369,-0.005158418948,13.19222247,13.19222247,0.06381818182,0.2133080808,0,0,-37066942.12,-37066942.12,0,-37076149.03,653,83.18768835
1512,0,-37066942.12,-37068625.73,7.450580597e-09,-1683.610085,7.234274806e-16,-0.0001634731396,-1683.610085,-0.0001634731396,2.219601688,2.219601688,0.02305555556,0.04947979798,0,0,-37066942.12,-37066942.12,0,-37076149.03,654,83.26712775
1513,0,-37066942.12,-37181991.12,2.235174179e-08,-115049.0018,2.170282442e-15,-0.01117088909,-115049.0018,-0.01117088909,1.896517246,12.11177005,0.1424444444,0.352020202,0,0,-37066942.12,-37066942.12,0,-37076149.03,655,83.35058737
1514,0,-37066942.12,-37001693.47,0,65248.64596,0,0.006335434259,65248.64596,0.006335434259,2.421846519,2.421846519,0.04,0.04436363636,0,0,-37066942.12,-37066942.12,0,-37076149.03,656,83.45120597
1515,0,-37066942.12,-37096840.22,1.490116119e-08,-29898.10088,1.446854961e-15,-0.002903009707,-29898.10088,-0.002903009707,1.278056003,1.278056003,0.02811111111,0.02829292929,0,0,-37066942.12,-37066942.12,0,-37076149.03,657,83.49530482
1516,0,-37066942.12,-37053654.68,7.450580597e-09,13287.43713,7.234274806e-16,0.00129016753,13287.43713,0.00129016753,0.3010100801,0.3010100801,0.0002222222222,0.000404040404,0,0,-37066942.12,-37066942.12,0,-37076149.03,658,83.54250836
1517,0,-37066942.12,-37388587.97,7.450580597e-09,-321645.8565,7.234274806e-16,-0.03123078109,-321645.8565,-0.03123078109,0.2659285918,27.73407141,1,111.419399,0,0,-37066942.12,-37066942.12,0,-37076149.03,659,83.57216239
1518,0,-37150672.38,-37137587.25,-83730.26614,-70645.13167,-0.008129940304,-0.006859415714,13085.13447,0.00127052459,0.328159093,0.328159093,0.002722222222,0.003388888889,0,0,-37066942.12,-37066942.12,0,-37076149.03,660,83.60419869
1519,0,-37132582.7,-37051040.52,-65640.58785,15901.5926,-0.006373490559,0.001543993642,81542.18045,0.007917484201,0.08362912436,22.91637088,1,94.27232828,0,0,-37066942.12,-37066942.12,0,-37076149.03,661,83.62655354
1520,0,-37066942.12,-37058095.97,0,8846.146623,0,0.000858932466,8846.146623,0.000858932466,0.7371287167,0.7371287167,0.002722222222,0.002722222222,0,0,-37066942.12,-37066942.12,0,-37076149.03,662,83.64926505
1521,0,-37066942.12,-37331649.34,2.235174179e-08,-264707.2209,2.170282442e-15,-0.02570222219,-264707.2209,-0.02570222219,0.1381419096,11.86185809,1,24.14874747,0,0,-37066942.12,-37066942.12,0,-37076149.03,663,83.67325211
1522,0,-37145992.12,-37133665.88,-79050.00666,-66723.76913,-0.007675502119,-0.006478663988,12326.23753,0.001196838131,0.328159093,0.328159093,0.002722222222,0.003388888889,0,0,-37066942.12,-37066942.12,0,-37076149.03,664,83.69649816
1523,0,-37128661.34,-37056436.25,-61719.22531,10505.86852,-0.005992738833,0.00102008614,72225.09383,0.007012824973,0.08362912436,13.91637088,1,56.13318182,0,0,-37066942.12,-37066942.12,0,-37076149.03,665,83.7177844
1524,0,-37066942.12,-37054516.42,0,12425.69657,0,0.001206495285,12425.69657,0.001206495285,0.7828555185,0.7828555185,0.002722222222,0.002722222222,0,0,-37066942.12,-37066942.12,0,-37076149.03,666,83.74054766
1525,0,-37066942.12,-37232195.93,3.725290298e-08,-165253.8152,3.617137403e-15,-0.01604561546,-165253.8152,-0.01604561546,0.1799242004,25.8200758,1,112.3352475,0,0,-37066942.12,-37066942.12,0,-37076149.03,667,83.76308584
1526,0,-37148667.96,-37134007.7,-81725.84626,-67065.58173,-0.007935317563,-0.006511852895,14660.26453,0.001423464668,0.3084894596,0.3084894596,0.002722222222,0.003388888889,0,0,-37066942.12,-37066942.12,0,-37076149.03,668,83.78546166
1527,0,-37129003.15,-37057360.81,-62061.03791,9581.309525,-0.00602592774,0.0009303144259,71642.34743,0.006956242166,0.08362912436,12.91637088,1,50.10939899,0,0,-37066942.12,-37066942.12,0,-37076149.03,669,83.80668402
1528,0,-37066942.12,-37054858.23,0,12083.88397,0,0.001173306378,12083.88397,0.001173306378,0.7784890486,0.7784890486,0.002722222222,0.002722222222,0,0,-37066942.12,-37066942.12,0,-37076149.03,670,83.82934999
1529,0,-37066942.12,-37242010.56,2.980232239e-08,-175068.4399,2.893709923e-15,-0.01699858404,-175068.4399,-0.01699858404,0.1755577306,21.82444227,1,92.24865152,0,0,-37066942.12,-37066942.12,0,-37076149.03,671,83.85208821
1530,0,-37148326.15,-34654174.92,-81384.03367,2412767.192,-0.007902128656,0.2342719562,2494151.226,0.2421740848,0.3084894596,719.3084895,1.801555556,2651.72246,0,0,-37066942.12,-37066942.12,0,-37076149.03,672,83.87421823
1531,0,-37066942.12,-36967497.56,-5.960464478e-08,99444.55849,-5.787419845e-15,0.009655747693,99444.55849,0.009655747693,14.03148342,14.03148342,0.1048888889,0.3345909091,0,0,-37066942.12,-37066942.12,0,-37076149.03,673,83.98997331
1532,0,-37095227.87,-37090217.16,-28285.75039,-23275.04673,-0.002746455646,-0.00225993239,5010.703664,0.0004865232556,4.676234866,4.676234866,0.1061666667,0.235459596,0,0,-37066942.12,-37066942.12,0,-37076149.03,674,84.22737193
1533,0,-37078233.5,-37044324.38,-11291.38424,22617.73405,-0.001096357197,0.002196109437,33909.11829,0.003292466633,4.107561219,4.107561219,0.06633333333,0.1761464646,0,0,-37066942.12,-37066942.12,0,-37076149.03,675,84.25826716
1534,0,-37078233.5,-37170030.19,-11291.38424,-103088.0764,-0.001096357197,-0.0100095216,-91796.69217,-0.008913164402,4.107561219,20.89243878,1,44.47484848,0,0,-37066942.12,-37066942.12,0,-37076149.03,676,84.28184986
1535,0,-37066942.12,-37080270.42,0,-13328.30541,0,-0.00129413571,-13328.30541,-0.00129413571,2.124294824,2.124294824,0.01866666667,0.06326262626,0,0,-37066942.12,-37066942.12,0,-37076149.03,677,84.3689363
1536,0,-37066942.12,-37086921.35,0,-19979.23045,0,-0.0019399192,-19979.23045,-0.0019399192,1.501063561,13.49893644,1,49.16085354,0,0,-37066942.12,-37066942.12,0,-37076149.03,678,84.43744779
1537,0,-37066942.12,-37072087.79,7.450580597e-09,-5145.675544,7.234274806e-16,-0.0004996285922,-5145.675544,-0.0004996285922,1.083703652,1.083703652,0.01638888889,0.04280808081,0,0,-37066942.12,-37066942.12,0,-37076149.03,679,84.48690724
1538,0,-37066942.12,-37176482.62,7.450580597e-09,-109540.5083,7.234274806e-16,-0.01063603204,-109540.5083,-0.01063603204,1.083703652,18.91629635,1,84.25248485,0,0,-37066942.12,-37066942.12,0,-37076149.03,680,84.51035452
1539,0,-37066942.12,-37089691.31,2.235174179e-08,-22749.19629,2.170282442e-15,-0.002208873999,-22749.19629,-0.002208873999,2.480218127,2.480218127,0.01866666667,0.06725252525,0,0,-37066942.12,-37066942.12,0,-37076149.03,681,84.55999207
1540,0,-37066942.12,-37017054.59,0,49887.52793,0,0.004843918964,49887.52793,0.004843918964,1.907822633,24.09217737,1,76.40782828,0,0,-37066942.12,-37066942.12,0,-37076149.03,682,84.60574484
1541,0,-37066942.12,-37043953.47,1.490116119e-08,22988.64691,1.446854961e-15,0.002232123887,22988.64691,0.002232123887,1.158622745,1.158622745,0.01638888889,0.03826262626,0,0,-37066942.12,-37066942.12,0,-37076149.03,683,84.66108871
1542,0,-37066942.12,-37076048.12,1.490116119e-08,-9106.006354,1.446854961e-15,-0.0008841640125,-9106.006355,-0.0008841640125,0.980753202,10.0192468,1,12.09443434,0,0,-37066942.12,-37066942.12,0,-37076149.03,684,84.69822431
1543,0,-37066942.12,-37077545.5,1.490116119e-08,-10603.38745,1.446854961e-15,-0.001029554915,-10603.38745,-0.001029554915,1.736099782,1.736099782,0.01866666667,0.03467171717,0,0,-37066942.12,-37066942.12,0,-37076149.03,685,84.77472138
1544,0,-37066942.12,-37122737.91,1.490116119e-08,-55795.79313,1.446854961e-15,-0.005417592566,-55795.79313,-0.005417592566,1.369581033,21.63041897,1,75.27079293,0,0,-37066942.12,-37066942.12,0,-37076149.03,686,84.80904627
1545,0,-37104494.73,-37188432.34,-37552.60972,-121490.2215,-0.003646237966,-0.01179631087,-83937.61182,-0.008150072905,2.216284232,2.216284232,0.01866666667,0.04515656566,0,0,-37066942.12,-37066942.12,0,-37076149.03,687,84.86999488
1546,0,-37169113.04,-37227419.66,-102170.9269,-160477.5432,-0.009920469323,-0.01558185476,-58306.61625,-0.005661385438,0.951218032,27.04878197,1,118.3972828,0,0,-37066942.12,-37066942.12,0,-37076149.03,688,84.90755558
1547,0,-37080993.43,-37056530.23,-14051.31093,10411.88831,-0.001364337227,0.001010960962,24463.19924,0.002375298188,1.229521809,1.229521809,0.01866666667,0.03647979798,0,0,-37066942.12,-37066942.12,0,-37076149.03,689,84.93807077
1548,0,-37066942.12,-37120273.54,2.235174179e-08,-53331.42168,2.170282442e-15,-0.005178310002,-53331.42168,-0.005178310002,0.8897899582,13.11021004,1,30.12989899,0,0,-37066942.12,-37066942.12,0,-37076149.03,690,84.97772598
1549,0,-37066942.12,-37085934.93,2.980232239e-08,-18992.81484,2.893709923e-15,-0.001844141408,-18992.81484,-0.001844141408,2.594973744,2.594973744,0.03212121212,0.07848989899,0,0,-37066942.12,-37066942.12,0,-37076149.03,691,85.01124525
1550,0,-37066942.12,-37084788.03,2.980232239e-08,-17845.91723,2.893709923e-15,-0.001732781328,-17845.91723,-0.001732781328,2.262582201,12.7374178,1,40.06108586,0,0,-37066942.12,-37066942.12,0,-37076149.03,692,85.03180885
1551,0,-37066942.12,-37022256.99,2.980232239e-08,44685.12498,2.893709923e-15,0.004338782323,44685.12498,0.004338782323,1.202333797,1.202333797,0.01866666667,0.04702525253,0,0,-37066942.12,-37066942.12,0,-37076149.03,693,85.10131049
1552,0,-37066942.12,-37232608.44,2.980232239e-08,-165666.3292,2.893709923e-15,-0.01608566924,-165666.3292,-0.01608566924,1.202333797,12.7976662,1,42.2180101,0,0,-37066942.12,-37066942.12,0,-37076149.03,694,85.1257267
1553,0,-37081886.72,-37101897.42,-14944.60688,-34955.30416,-0.001451073398,-0.003394047926,-20010.69728,-0.001942974528,1.238231233,1.238231233,0.01616666667,0.02083333333,0,0,-37066942.12,-37066942.12,0,-37076149.03,695,85.19216704
1554,0,-37066942.12,-37031857.47,2.980232239e-08,35084.64596,2.893709923e-15,0.0034066066,35084.64596,0.0034066066,0.8431072899,15.15689271,1,65.15334848,0,0,-37066942.12,-37066942.12,0,-37076149.03,696,85.21232605
1555,0,-37066942.12,-37030307.64,2.980232239e-08,36634.47436,2.893709923e-15,0.003557089967,36634.47436,0.003557089967,1.034127752,1.034127752,0.01594444444,0.03515656566,0,0,-37066942.12,-37066942.12,0,-37076149.03,697,85.26298785
1556,0,-37066942.12,-37281247.35,2.980232239e-08,-214305.2387,2.893709923e-15,-0.02080835136,-214305.2387,-0.02080835136,1.034127752,21.96587225,1,82.27668182,0,0,-37066942.12,-37066942.12,0,-37076149.03,698,85.28401756
1557,0,-37143226.35,-37200086.89,-76284.23458,-133144.775,-0.007406954521,-0.01292793063,-56860.54037,-0.005520976108,1.313054247,1.313054247,0.01866666667,0.03953030303,0,0,-37066942.12,-37066942.12,0,-37076149.03,699,85.33264065
1558,0,-37147754.19,-37091743.08,-80812.0788,-24800.96762,-0.007846593673,-0.002408094414,56011.11118,0.005438499258,1.039239844,22.96076016,1,99.2300101,0,0,-37066942.12,-37066942.12,0,-37076149.03,700,85.35571313
1559,0,-37066942.12,-37075398.98,3.725290298e-08,-8456.8676,3.617137403e-15,-0.0008211347213,-8456.8676,-0.0008211347213,1.012790592,1.012790592,0.01594444444,0.04280808081,0,0,-37066942.12,-37066942.12,0,-37076149.03,701,85.40109205
1560,0,-37088123.21,-37152526.72,-21181.09788,-85584.59948,-0.002056616673,-0.008309990125,-64403.5016,-0.006253373452,0.9117221612,22.08827784,1,83.23891414,0,0,-37066942.12,-37066942.12,0,-37076149.03,702,85.44027138
1561,0,-37066942.12,-37097678.62,1.490116119e-08,-30736.50544,1.446854961e-15,-0.002984416101,-30736.50544,-0.002984416101,2.2693165,2.2693165,0.02957575758,0.08418181818,0,0,-37066942.12,-37066942.12,0,-37076149.03,703,85.47111249
1562,0,-37066942.12,-37080790.72,1.490116119e-08,-13848.59932,1.446854961e-15,-0.001344654579,-13848.59932,-0.001344654579,2.2693165,22.7306835,1,89.18300505,0,0,-37066942.12,-37066942.12,0,-37076149.03,704,85.49627972
1563,0,-37066942.12,-37030070.33,2.235174179e-08,36871.78932,2.170282442e-15,0.003580132488,36871.78932,0.003580132488,1.00638923,1.00638923,0.016,0.04147474747,0,0,-37066942.12,-37066942.12,0,-37076149.03,705,85.5601356
1564,0,-37066942.12,-37271563.31,1.490116119e-08,-204621.1921,1.446854961e-15,-0.0198680615,-204621.1921,-0.0198680615,1.00638923,11.99361077,1,34.05844444,0,0,-37066942.12,-37066942.12,0,-37076149.03,706,85.58065987
1565,0,-37077394.99,-37106908.36,-10452.87511,-39966.24499,-0.001014940649,-0.003880594209,-29513.36988,-0.00286565356,1.068022798,1.068022798,0.01866666667,0.01866666667,0,0,-37066942.12,-37066942.12,0,-37076149.03,707,85.6256299
1566,0,-37066942.12,-36995446.44,1.490116119e-08,71495.68067,1.446854961e-15,0.006942001294,71495.68067,0.006942001294,0.7723463687,24.22765363,1,112.3070051,0,0,-37066942.12,-37066942.12,0,-37076149.03,708,85.64515495
1567,0,-37066942.12,-37064088.67,1.490116119e-08,2853.446072,1.446854961e-15,0.0002770604621,2853.446072,0.0002770604621,0.8649116112,0.8649116112,0.03316666667,0.03316666667,0,0,-37066942.12,-37066942.12,0,-37076149.03,709,85.6835885
1568,0,-37066942.12,-37104467.85,2.235174179e-08,-37525.73825,2.170282442e-15,-0.003643628832,-37525.73825,-0.003643628832,0.8629428119,29.13705719,1,148.3868283,0,0,-37066942.12,-37066942.12,0,-37076149.03,710,85.71418643
1569,0,-37066942.12,-37062470.54,2.980232239e-08,4471.573347,2.893709923e-15,0.0004341754308,4471.573347,0.0004341754308,0.8358636103,0.8358636103,0.01616666667,0.03768686869,0,0,-37066942.12,-37066942.12,0,-37076149.03,711,85.75319242
1570,0,-37066942.12,-37105611.97,1.490116119e-08,-38669.857,1.446854961e-15,-0.003754719093,-38669.857,-0.003754719093,0.8358636103,16.16413639,1,79.09101515,0,0,-37066942.12,-37066942.12,0,-37076149.03,712,85.78278041
1571,0,-37071764.08,-37043386.97,-4821.961257,23555.14362,-0.0004681969732,0.0022871289,28377.10487,0.002755325873,0.6437590022,0.6437590022,0.01594444444,0.02152020202,0,0,-37066942.12,-37066942.12,0,-37076149.03,713,85.81747246
1572,0,-37066942.12,-37292959.06,2.235174179e-08,-226016.9486,2.170282442e-15,-0.02194552084,-226016.9486,-0.02194552084,0.592262127,24.40773787,1,91.29592929,0,0,-37066942.12,-37066942.12,0,-37076149.03,714,85.85475731
1573,0,-37066942.12,-37104364.38,2.980232239e-08,-37422.26317,2.893709923e-15,-0.003633581734,-37422.26317,-0.003633581734,1.018028704,1.018028704,0.01616666667,0.03902525253,0,0,-37066942.12,-37066942.12,0,-37076149.03,715,85.91041398
1574,0,-37066942.12,-37058116.8,2.980232239e-08,8825.313262,2.893709923e-15,0.0008569096134,8825.313262,0.0008569096134,1.018028704,22.9819713,1,96.23043434,0,0,-37066942.12,-37066942.12,0,-37076149.03,716,85.92838097
1575,0,-37066942.12,-37045000.33,1.490116119e-08,21941.78173,1.446854961e-15,0.002130476635,21941.78173,0.002130476635,1.238793798,1.238793798,0.01833333333,0.02651515152,0,0,-37066942.12,-37066942.12,0,-37076149.03,717,86.02912569
1576,0,-37066942.12,-37289401.65,2.980232239e-08,-222459.5311,2.893709923e-15,-0.021600107,-222459.5311,-0.021600107,0.6503485571,18.34965144,1,65.26946465,0,0,-37066942.12,-37066942.12,0,-37076149.03,718,86.0646112
1577,0,-37066942.12,-37117295.9,2.235174179e-08,-50353.78792,2.170282442e-15,-0.004889191314,-50353.78792,-0.004889191314,1.269368062,1.269368062,0.01616666667,0.03373737374,0,0,-37066942.12,-37066942.12,0,-37076149.03,719,86.11078572
1578,0,-37076988.99,-37040643.93,-10046.87428,26298.1868,-0.0009755192704,0.002553469596,36345.06108,0.003528988866,0.9551125304,24.04488747,1,114.2442424,0,0,-37066942.12,-37066942.12,0,-37076149.03,720,86.13998961
1579,0,-37066942.12,-37029466.19,3.725290298e-08,37475.92165,3.617137403e-15,0.0036387918,37475.92165,0.0036387918,1.578985504,1.578985504,0.008848484848,0.01757070707,0,0,-37066942.12,-37066942.12,0,-37076149.03,721,86.21084595
1580,0,-37066942.12,-37379533.39,3.725290298e-08,-312591.2781,3.617137403e-15,-0.03035161057,-312591.2781,-0.03035161057,0.8893228803,15.11067712,1,46.1359697,0,0,-37066942.12,-37066942.12,0,-37076149.03,722,86.2465694
1581,0,-37103683.85,-37132125.61,-36741.72999,-65183.49161,-0.003567504145,-0.006329107981,-28441.76163,-0.002761603836,0.969668622,0.969668622,0.01616666667,0.01616666667,0,0,-37066942.12,-37066942.12,0,-37076149.03,723,86.30473065
1582,0,-37092994.73,-37086598.55,-26052.61647,-19656.43058,-0.002529625504,-0.001908576368,6396.185889,0.0006210491362,0.7367536987,11.2632463,1,48.05329293,0,0,-37066942.12,-37066942.12,0,-37076149.03,724,86.3227253
1583,0,-37066942.12,-37024738.4,2.980232239e-08,42203.71871,2.893709923e-15,0.004097845732,42203.71871,0.004097845732,0.7744715504,0.7744715504,0.01844444444,0.02680808081,0,0,-37066942.12,-37066942.12,0,-37076149.03,725,86.35371828
1584,0,-37066942.12,-37166826.31,4.470348358e-08,-99884.19861,4.340564884e-15,-0.009698435339,-99884.19861,-0.009698435339,0.7744715504,23.22552845,1,105.2559545,0,0,-37066942.12,-37066942.12,0,-37076149.03,726,86.37431645
1585,0,-37074622.97,-36654849.71,-7680.850903,412092.4035,-0.0007457859889,0.04001285073,419773.2544,0.04075863672,0.9551125304,672.4816051,1.065555556,2494.600854,0,0,-37066942.12,-37066942.12,0,-37076149.03,727,86.40588593
1586,0,-37066942.12,-37119945.49,-1.490116119e-08,-53003.36925,-1.446854961e-15,-0.005146457163,-53003.36925,-0.005146457163,7.685120093,7.685120093,0.06694444444,0.1429191919,0,0,-37066942.12,-37066942.12,0,-37076149.03,728,86.53378057
1587,0,-37066942.12,-37042587.85,7.450580597e-09,24354.26201,7.234274806e-16,0.002364720733,24354.26201,0.002364720733,1.776228241,1.776228241,0.01842424242,0.03797474747,0,0,-37066942.12,-37066942.12,0,-37076149.03,729,86.65924883
1588,0,-37066942.12,-37037641.85,0,29300.2609,0,0.002844961362,29300.2609,0.002844961362,1.179629843,1.179629843,0.01593939394,0.01955050505,0,0,-37066942.12,-37066942.12,0,-37076149.03,730,86.69737458
1589,0,-37066942.12,-37137817.44,0,-70875.3287,0,-0.006881767107,-70875.3287,-0.006881767107,0.7006039794,14.29939602,1,46.17994444,0,0,-37066942.12,-37066942.12,0,-37076149.03,731,86.72833562
1590,0,-37159471.53,-37161980.79,-92529.41756,-95038.67537,-0.008984309687,-0.009227950573,-2509.257811,-0.0002436408858,1.132408959,1.132408959,0.022,0.02588888889,0,0,-37066942.12,-37066942.12,0,-37076149.03,732,86.75641131
1591,0,-37167786.73,-37183675.45,-100844.6123,-116733.337,-0.009791688423,-0.01133443263,-15888.72471,-0.001542744211,0.6029406921,0.6029406921,0.01945454545,0.02584343434,0,0,-37066942.12,-37066942.12,0,-37076149.03,733,86.78608274
1592,0,-37168985.33,-37157318.44,-102043.2123,-90376.32438,-0.009908068648,-0.008775251244,11666.88796,0.001132817404,0.5476920733,26.45230793,1,136.3616414,0,0,-37066942.12,-37066942.12,0,-37076149.03,734,86.80580997
1593,0,-37145810.32,-37153948.85,-78868.20821,-87006.73686,-0.007657850073,-0.008448075103,-8138.528648,-0.00079022503,0.840797682,0.840797682,0.01909090909,0.02297979798,0,0,-37066942.12,-37066942.12,0,-37076149.03,735,86.8334887
1594,0,-37158448.98,-37186917.44,-91506.85945,-119975.3213,-0.008885022574,-0.01164921891,-28468.46183,-0.002764196341,0.5394047805,18.46059522,1,82.1949899,0,0,-37066942.12,-37066942.12,0,-37076149.03,736,86.86338401
1595,0,-37146827.08,-37176169.94,-79884.96477,-109227.829,-0.007756573874,-0.01060567188,-29342.86424,-0.00284909801,0.8490849748,0.8490849748,0.01945454545,0.02584343434,0,0,-37066942.12,-37066942.12,0,-37076149.03,737,86.89061332
1596,0,-37161744.83,-37092696.77,-94802.71603,-25754.65577,-0.009205039677,-0.002500694476,69048.06025,0.006704345201,0.5476920733,12.45230793,1,46.1525202,0,0,-37066942.12,-37066942.12,0,-37076149.03,738,86.91939092
1597,0,-37143319.59,-37153607.04,-76377.47307,-86664.92426,-0.007416007679,-0.008414886196,-10287.45119,-0.0009988785169,0.8256043118,0.8256043118,0.01842424242,0.02231313131,0,0,-37066942.12,-37066942.12,0,-37076149.03,739,86.94668603
1598,0,-37157667.57,-37164275.05,-90725.44932,-97332.93015,-0.008809150156,-0.009450715354,-6607.480828,-0.000641565197,0.5242114104,20.47578859,1,80.30161616,0,0,-37066942.12,-37066942.12,0,-37076149.03,740,86.97462153
1599,0,-37148762.73,-37180282.47,-81820.61137,-113340.3536,-0.007944518951,-0.01100498484,-31519.74226,-0.003060465884,0.9485324886,0.9485324886,0.01945454545,0.02584343434,0,0,-37066942.12,-37066942.12,0,-37076149.03,741,87.00250745
1600,0,-37165857.36,-37168934.11,-98915.24065,-101991.9913,-0.009604352628,-0.009903095252,-3076.750686,-0.0002987426239,0.5476920733,17.45230793,1,81.1954798,0,0,-37066942.12,-37066942.12,0,-37076149.03,742,87.03110552
1601,0,-37144058.79,-37156916.45,-77116.67087,-89974.33619,-0.007487781415,-0.00873621948,-12857.66531,-0.001248438065,0.8228418809,0.8228418809,0.01533333333,0.02219191919,0,0,-37066942.12,-37066942.12,0,-37076149.03,743,87.05835366
1602,0,-37158495.82,-37162686.93,-91553.70305,-95744.81629,-0.008889570937,-0.009296514591,-4191.113238,-0.0004069436538,0.5214489794,29.47855102,1,140.273303,0,0,-37066942.12,-37066942.12,0,-37076149.03,744,87.08668542
1603,0,-37137253.82,-37165038.5,-70311.70367,-98096.38583,-0.006827040924,-0.009524844451,-27784.68216,-0.002697803527,0.8492114106,0.8492114106,0.01945454545,0.02584343434,0,0,-37066942.12,-37066942.12,0,-37076149.03,745,87.11450005
1604,0,-37152171.57,-37098250.09,-85229.45492,-31307.97498,-0.008275506727,-0.00303990396,53921.47995,0.005235602767,0.5478185092,24.45218149,1,102.3089091,0,0,-37066942.12,-37066942.12,0,-37076149.03,746,87.14576054
1605,0,-37136125.06,-37141211.18,-69182.94041,-74269.06828,-0.006717441632,-0.007211288336,-5086.127872,-0.0004938467042,0.9798502563,0.9798502563,0.01533333333,0.01922222222,0,0,-37066942.12,-37066942.12,0,-37076149.03,747,87.17471194
1606,0,-37143853.48,-37162172.74,-76911.36074,-95230.62829,-0.007467846459,-0.009246588585,-18319.26755,-0.001778742126,0.4537694214,26.54623058,1,136.2770505,0,0,-37066942.12,-37066942.12,0,-37076149.03,748,87.20402026
1607,0,-37137253.82,-35818298.88,-70311.70367,1248643.237,-0.006827040924,0.1212392537,1318954.94,0.1280662946,0.8492114106,735.0996605,1.444611111,2746.758369,0,0,-37066942.12,-37066942.12,0,-37076149.03,749,87.23216724
1608,0,-37066942.12,-36979467.32,-2.235174179e-08,87474.80076,-2.170282442e-15,0.008493522607,87474.80076,0.008493522607,15.79451685,15.79451685,0.06627777778,0.2301818182,0,0,-37066942.12,-37066942.12,0,-37076149.03,750,87.50040865
1609,0,-37066942.12,-37126759.41,0,-59817.29674,0,-0.005808067669,-59817.29674,-0.005808067669,2.58253948,2.58253948,0.02888888889,0.09082828283,0,0,-37066942.12,-37066942.12,0,-37076149.03,751,87.67080212
1610,0,-37066942.12,-37105064.75,0,-38122.63515,0,-0.003701585607,-38122.63515,-0.003701585607,1.739572718,1.739572718,0.01981818182,0.05866666667,0,0,-37066942.12,-37066942.12,0,-37076149.03,752,87.74941492
1611,0,-37066942.12,-37075915.46,7.450580597e-09,-8973.345283,7.234274806e-16,-0.0008712830479,-8973.345283,-0.0008712830479,1.577181133,1.577181133,0.01981818182,0.04152020202,0,0,-37066942.12,-37066942.12,0,-37076149.03,753,87.78207731
1612,0,-37066942.12,-37013912.89,1.490116119e-08,53029.226,1.446854961e-15,0.005148967771,53029.226,0.005148967771,1.253193682,17.74680632,1,48.3445202,0,0,-37066942.12,-37066942.12,0,-37076149.03,754,87.80999994
1613,0,-37068604.63,-37094407.01,-1662.514846,-27464.89634,-0.0001614248596,-0.00266675335,-25802.38149,-0.00250532849,1.946852999,1.946852999,0.02290909091,0.08335353535,0,0,-37066942.12,-37066942.12,0,-37076149.03,755,87.94308782
1614,0,-37066942.12,-37074932.75,2.980232239e-08,-7990.631507,2.893709923e-15,-0.000775864692,-7990.631507,-0.000775864692,1.402935182,22.59706482,1,86.35201515,0,0,-37066942.12,-37066942.12,0,-37076149.03,756,87.99361396
1615,0,-37066942.12,-37084749.42,2.235174179e-08,-17807.30861,2.170282442e-15,-0.001729032555,-17807.30861,-0.001729032555,1.268908282,1.268908282,0.01822222222,0.02204040404,0,0,-37066942.12,-37066942.12,0,-37076149.03,757,88.04116821
1616,0,-37066942.12,-37081191.76,2.980232239e-08,-14249.64792,2.893709923e-15,-0.001383595112,-14249.64792,-0.001383595112,0.8128895401,14.18711046,1,55.17382828,0,0,-37066942.12,-37066942.12,0,-37076149.03,758,88.07491326
1617,0,-37066942.12,-37102612.63,2.980232239e-08,-35670.51233,2.893709923e-15,-0.003463492346,-35670.51233,-0.003463492346,1.294887406,1.294887406,0.01822222222,0.04058080808,0,0,-37066942.12,-37066942.12,0,-37076149.03,759,88.14517236
1618,0,-37083257.87,-36990071.05,-16315.75423,76871.06295,-0.001584207408,0.007463933674,93186.81718,0.009048141082,0.8157427072,23.18425729,1,90.38091919,0,0,-37066942.12,-37066942.12,0,-37076149.03,760,88.17504025
1619,0,-37066942.12,-37117807.84,1.490116119e-08,-50865.72398,1.446854961e-15,-0.004938898664,-50865.72398,-0.004938898664,1.070610557,1.070610557,0.01822222222,0.01822222222,0,0,-37066942.12,-37066942.12,0,-37076149.03,761,88.2117734
1620,0,-37083864.65,-37076802.8,-16922.53069,-9860.68065,-0.001643123456,-0.0009574404662,7061.850038,0.0006856829901,0.6229050279,9.377094972,1,41.06872727,0,0,-37066942.12,-37066942.12,0,-37076149.03,762,88.23916221
1621,0,-37066942.12,-37064545.34,2.235174179e-08,2396.774763,2.170282442e-15,0.0002327191426,2396.774762,0.0002327191426,0.7067039106,0.7067039106,0.02811111111,0.02811111111,0,0,-37066942.12,-37066942.12,0,-37076149.03,763,88.27018452
1622,0,-37084641.8,-37118585,-17699.68913,-51642.88242,-0.001718583048,-0.005014358255,-33943.1933,-0.003295775207,0.6229050279,0.6229050279,0.01822222222,0.01822222222,0,0,-37066942.12,-37066942.12,0,-37076149.03,764,88.29564595
1623,0,-37084641.8,-37054919.44,-17699.68913,12022.67105,-0.001718583048,0.0011673628,29722.36018,0.002885945848,0.6229050279,23.37709497,1,108.3167879,0,0,-37066942.12,-37066942.12,0,-37076149.03,765,88.31763768
1624,0,-37066942.12,-37064110,1.490116119e-08,2832.120605,1.446854961e-15,0.0002749898276,2832.120605,0.0002749898276,0.7067039106,0.7067039106,0.02811111111,0.02811111111,0,0,-37066942.12,-37066942.12,0,-37076149.03,766,88.3472724
1625,0,-37084206.46,-37118149.65,-17264.34328,-51207.53658,-0.001676312363,-0.00497208757,-33943.1933,-0.003295775207,0.6229050279,0.6229050279,0.01822222222,0.01822222222,0,0,-37066942.12,-37066942.12,0,-37076149.03,767,88.37347603
1626,0,-37084206.46,-37077144.61,-17264.34328,-10202.49325,-0.001676312363,-0.000990629373,7061.850038,0.0006856829901,0.6229050279,9.377094972,1,41.06806061,0,0,-37066942.12,-37066942.12,0,-37076149.03,768,88.39550519
1627,0,-37066942.12,-37064887.15,2.980232239e-08,2054.962166,2.893709923e-15,0.0001995302357,2054.962166,0.0001995302357,0.7067039106,0.7067039106,0.02811111111,0.02811111111,0,0,-37066942.12,-37066942.12,0,-37076149.03,769,88.42314053
1628,0,-37084983.62,-37118926.81,-18041.50172,-51984.69502,-0.001751771955,-0.005047547162,-33943.1933,-0.003295775207,0.6229050279,0.6229050279,0.01822222222,0.01822222222,0,0,-37066942.12,-37066942.12,0,-37076149.03,770,88.45031023
1629,0,-37084983.62,-37050880.38,-18041.50172,16061.74024,-0.001751771955,0.001559543464,34103.24196,0.003311315419,0.6229050279,27.37709497,1,136.4054798,0,0,-37066942.12,-37066942.12,0,-37076149.03,771,88.47282028
1630,0,-37066942.12,-37063768.18,1.490116119e-08,3173.933201,1.446854961e-15,0.0003081787345,3173.933201,0.0003081787345,0.7067039106,0.7067039106,0.02811111111,0.02811111111,0,0,-37066942.12,-37066942.12,0,-37076149.03,772,88.50001192
1631,0,-37083864.65,-35594760.93,-16922.53069,1472181.188,-0.001643123456,0.1429440718,1489103.719,0.1445871953,0.6229050279,685.2932961,1.381555556,2577.629313,0,0,-37066942.12,-37066942.12,0,-37076149.03,773,88.52608085
1632,0,-37066942.12,-37100947.21,7.450580597e-09,-34005.09562,7.234274806e-16,-0.003301785725,-34005.09562,-0.003301785725,4.46945398,4.46945398,0.03344444444,0.07030808081,0,0,-37066942.12,-37066942.12,0,-37076149.03,774,88.63460755
1633,0,-37066942.12,-37076363,2.980232239e-08,-9420.884157,2.893709923e-15,-0.0009147376372,-9420.884157,-0.0009147376372,2.325779954,22.67422005,1,73.23712626,0,0,-37066942.12,-37066942.12,0,-37076149.03,775,88.71521926
1634,0,-37123500.6,-37140995.52,-56558.4853,-74053.40242,-0.00549164753,-0.007190347873,-17494.91712,-0.001698700343,1.982693823,1.982693823,0.03416666667,0.07454040404,0,0,-37066942.12,-37066942.12,0,-37076149.03,776,88.86478639
1635,0,-37131498.82,-37151485.53,-64556.6995,-84543.41365,-0.006268248477,-0.00820889432,-19986.71415,-0.001940645843,1.715156714,27.28484329,1,106.458197,0,0,-37066942.12,-37066942.12,0,-37076149.03,777,88.90746546
1636,0,-37202306.27,-37175168.37,-135364.1551,-108226.2534,-0.01314342533,-0.01050842211,27137.90171,0.00263500322,2.088047886,2.088047886,0.01277777778,0.01465656566,0,0,-37066942.12,-37066942.12,0,-37076149.03,778,88.94796228
1637,0,-37158524.2,-37287003.03,-91582.08476,-220060.9095,-0.00889232671,-0.02136720854,-128478.8248,-0.01247488183,0.3878237581,11.61217624,1,21.56158586,0,0,-37066942.12,-37066942.12,0,-37076149.03,779,88.97777843
1638,0,-37066942.12,-37113185.51,5.215406418e-08,-46243.39099,5.063992364e-15,-0.004490084954,-46243.39099,-0.004490084954,2.334821382,2.334821382,0.02738888889,0.05628282828,0,0,-37066942.12,-37066942.12,0,-37076149.03,780,89.0145421
1639,0,-37094503.24,-37061913.99,-27561.12521,5028.127794,-0.002676096864,0.0004882150827,32589.253,0.003164311947,0.6698199269,0.6698199269,0.01216666667,0.01911616162,0,0,-37066942.12,-37066942.12,0,-37076149.03,781,89.06032157
1640,0,-37066942.12,-37197224.41,5.215406418e-08,-130282.2905,5.063992364e-15,-0.01264999257,-130282.2905,-0.01264999257,0.4864878938,11.51351211,1,30.361,0,0,-37066942.12,-37066942.12,0,-37076149.03,782,89.0939219
1641,0,-37084231.57,-37121910.79,-17289.45841,-54968.67674,-0.001678750962,-0.005337282217,-37679.21833,-0.003658531256,1.390358553,1.390358553,0.01277777778,0.01972727273,0,0,-37066942.12,-37066942.12,0,-37076149.03,783,89.14366531
1642,0,-37110735.19,-37152565.7,-43793.0696,-85623.58313,-0.004252166606,-0.008313775312,-41830.51353,-0.004061608706,0.5142308695,10.48576913,1,35.16968182,0,0,-37066942.12,-37066942.12,0,-37076149.03,784,89.17318606
1643,0,-37079639.48,-37072268.84,-12697.36028,-5326.723735,-0.00123287296,-0.0005172077909,7370.636543,0.0007156651694,1.537080854,1.537080854,0.01216666667,0.01911616162,0,0,-37066942.12,-37066942.12,0,-37076149.03,785,89.20581865
1644,0,-37076062.84,-37150809.07,-9120.719256,-83866.94997,-0.000885592588,-0.008143211866,-74746.23071,-0.007257619278,0.4863166416,15.51368336,1,65.35361616,0,0,-37066942.12,-37066942.12,0,-37076149.03,786,89.240659
1645,0,-37084776.99,-36360544.93,-17834.87187,706397.1878,-0.001731708859,0.06858890139,724232.0596,0.07032061025,1.390163762,697.3610444,1.456722222,2632.740359,0,0,-37066942.12,-37066942.12,0,-37076149.03,787,89.28030252
1646,0,-37066942.12,-37213302.07,5.960464478e-08,-146359.9552,5.787419845e-15,-0.01421108225,-146359.9552,-0.01421108225,10.3082219,10.3082219,0.05344444444,0.152969697,0,0,-37066942.12,-37066942.12,0,-37076149.03,788,89.43471241
1647,0,-37066942.12,-37117410.56,2.980232239e-08,-50468.43935,2.893709923e-15,-0.004900323599,-50468.43935,-0.004900323599,3.624315075,3.624315075,0.03655555556,0.117030303,0,0,-37066942.12,-37066942.12,0,-37076149.03,789,89.54121375
1648,0,-37067522.68,-36882026.33,-580.5607706,184915.7808,-5.637058886e-05,0.01795472926,185496.3416,0.01801109985,3.596219677,15.40378032,1,12.26981313,0,0,-37066942.12,-37066942.12,0,-37076149.03,790,89.57086301
1649,0,-37066942.12,-37052719.77,4.470348358e-08,14222.34481,4.340564884e-15,0.001380944068,14222.34481,0.001380944068,2.261635814,2.261635814,0.01727272727,0.04229292929,0,0,-37066942.12,-37066942.12,0,-37076149.03,791,89.72772717
1650,0,-37066942.12,-37193449.6,3.725290298e-08,-126507.4854,3.617137403e-15,-0.0122834711,-126507.4854,-0.0122834711,1.151936521,23.84806348,1,103.4091364,0,0,-37066942.12,-37066942.12,0,-37076149.03,792,89.78854227
1651,0,-37076610.47,-37088737.31,-9668.35742,-21795.19613,-0.0009387664974,-0.002116243643,-12126.83871,-0.001177477146,2.150072094,2.150072094,0.03684848485,0.103979798,0,0,-37066942.12,-37066942.12,0,-37076149.03,793,89.87809896
1652,0,-37076610.47,-37058884.16,-9668.35742,8057.954148,-0.0009387664974,0.0007824015045,17726.31157,0.001721168002,2.150072094,20.84992791,1,83.30922222,0,0,-37066942.12,-37066942.12,0,-37076149.03,794,89.90219617
1653,0,-37066942.12,-37053914.64,5.215406418e-08,13027.47181,5.063992364e-15,0.001264925731,13027.47181,0.001264925731,1.329339044,1.329339044,0.022,0.04759090909,0,0,-37066942.12,-37066942.12,0,-37076149.03,795,89.9639833
1654,0,-37066942.12,-37092885.69,5.960464478e-08,-25943.57163,5.787419845e-15,-0.0025190376,-25943.57163,-0.0025190376,1.134058011,26.86594199,1,101.6159444,0,0,-37066942.12,-37066942.12,0,-37076149.03,796,90.02335119
1655,0,-37101809.49,-37107828.45,-34867.37427,-40886.33074,-0.003385510216,-0.003969931585,-6018.956466,-0.000584421369,1.475295999,1.475295999,0.02472727273,0.06804040404,0,0,-37066942.12,-37066942.12,0,-37076149.03,797,90.06909895
1656,0,-37086128.4,-37082292.02,-19186.28559,-15349.90616,-0.001862926797,-0.001490426659,3836.379426,0.0003725001384,1.327500197,1.327500197,0.02181818182,0.06513131313,0,0,-37066942.12,-37066942.12,0,-37076149.03,798,90.09142208
1657,0,-37075476.29,-36976945.21,-8534.173376,89996.90565,-0.0008286408643,0.008738410903,98531.07903,0.009567051767,1.260244007,28.73975599,1,118.5489192,0,0,-37066942.12,-37066942.12,0,-37076149.03,799,90.11290145
1658,0,-37066942.12,-37035480.39,5.215406418e-08,31461.72519,5.063992364e-15,0.003054832613,31461.72519,0.003054832613,1.982239242,1.982239242,0.03636363636,0.06104545455,0,0,-37066942.12,-37066942.12,0,-37076149.03,800,90.1858325
1659,0,-37066942.12,-37065156.38,4.470348358e-08,1785.731886,4.340564884e-15,0.0001733888389,1785.731886,0.0001733888389,1.209143121,1.209143121,0.02151515152,0.0461969697,0,0,-37066942.12,-37066942.12,0,-37076149.03,801,90.25180197
1660,0,-37066942.12,-37031410.21,5.215406418e-08,35531.9072,5.063992364e-15,0.003450034232,35531.9072,0.003450034232,1.103052322,18.89694768,1,72.39920202,0,0,-37066942.12,-37066942.12,0,-37076149.03,802,90.28404164
1661,0,-37066942.12,-37093935.73,5.960464478e-08,-26993.61803,5.787419845e-15,-0.002620993737,-26993.61803,-0.002620993737,2.286244769,2.286244769,0.01561111111,0.05628282828,0,0,-37066942.12,-37066942.12,0,-37076149.03,803,90.33566165
1662,0,-37071393.68,-37064474.62,-4451.563032,2467.491978,-0.0004322324935,0.0002395855574,6919.05501,0.0006718180509,1.339333491,1.339333491,0.02472727273,0.06804040404,0,0,-37066942.12,-37066942.12,0,-37076149.03,804,90.36838913
1663,0,-37066942.12,-37139107.96,5.960464478e-08,-72165.84471,5.787419845e-15,-0.007007072073,-72165.84471,-0.007007072073,1.331357235,23.66864276,1,81.58455556,0,0,-37066942.12,-37066942.12,0,-37076149.03,805,90.40628576
1664,0,-37066942.12,-37080596.1,7.450580597e-08,-13653.98012,7.234274806e-15,-0.001325757679,-13653.98012,-0.001325757679,1.406687783,1.406687783,0.01775757576,0.04232828283,0,0,-37066942.12,-37066942.12,0,-37076149.03,806,90.46817899
1665,0,-37082917.47,-37056198.83,-15975.35065,10743.28395,-0.001551155313,0.001043138416,26718.63461,0.002594293729,1.015379685,16.98462032,1,65.31739899,0,0,-37066942.12,-37066942.12,0,-37076149.03,807,90.49720407
1666,0,-37066942.12,-37069145.22,6.705522537e-08,-2203.10101,6.510847326e-15,-0.0002139140424,-2203.10101,-0.0002139140424,1.368055888,1.368055888,0.02133333333,0.06373737374,0,0,-37066942.12,-37066942.12,0,-37076149.03,808,90.53034282
1667,0,-37066942.12,-36980600.25,4.470348358e-08,86341.86364,4.340564884e-15,0.008383518046,86341.86364,0.008383518046,1.230125027,27.76987497,1,112.5467879,0,0,-37066942.12,-37066942.12,0,-37076149.03,809,90.57407308
1668,0,-37066942.12,-37033413.42,5.960464478e-08,33528.6988,5.787419845e-15,0.003255529121,33528.6988,0.003255529121,1.947446975,1.947446975,0.03684848485,0.06153030303,0,0,-37066942.12,-37066942.12,0,-37076149.03,810,90.63051748
1669,0,-37066942.12,-37062110,5.215406418e-08,4832.111208,5.063992364e-15,0.0004691825009,4832.111208,0.0004691825009,1.150451908,1.150451908,0.02103030303,0.04571212121,0,0,-37066942.12,-37066942.12,0,-37076149.03,811,90.6705358
1670,0,-37066942.12,-36979779.92,5.215406418e-08,87162.19695,5.063992364e-15,0.008463169779,87162.19695,0.008463169779,1.092623283,24.90737672,1,72.62748485,0,0,-37066942.12,-37066942.12,0,-37076149.03,812,90.70112038
1671,0,-37066942.12,-37074091.22,6.705522537e-08,-7149.099895,6.510847326e-15,-0.0006941546714,-7149.099895,-0.0006941546714,1.98622292,1.98622292,0.02139393939,0.0637979798,0,0,-37066942.12,-37066942.12,0,-37076149.03,813,90.7461319
1672,0,-37071403.04,-36974401.97,-4460.923259,92540.14824,-0.0004331413414,0.008985351601,97001.07149,0.009418492943,1.229857267,27.77014273,1,114.5497323,0,0,-37066942.12,-37066942.12,0,-37076149.03,814,90.77149057
1673,0,-37066942.12,-37060249.13,5.960464478e-08,6692.982076,5.787419845e-15,0.000649867094,6692.982076,0.000649867094,1.281036643,1.281036643,0.02157575758,0.04625757576,0,0,-37066942.12,-37066942.12,0,-37076149.03,815,90.83391142
1674,0,-37072160.64,-37065726.59,-5218.523526,1215.522255,-0.0005067018976,0.0001180233125,6434.04578,0.0006247252102,1.103059985,12.89694002,1,33.19621212,0,0,-37066942.12,-37066942.12,0,-37076149.03,816,90.86917543
1675,0,-37068851.47,-37074894.33,-1909.350482,-7952.212585,-0.0001853918082,-0.0007721343379,-6042.862103,-0.0005867425297,1.417702571,1.417702571,0.02515151515,0.07361111111,0,0,-37066942.12,-37066942.12,0,-37076149.03,817,90.9010396
1676,0,-37066942.12,-36976833.28,4.470348358e-08,90108.83354,4.340564884e-15,0.008749278741,90108.83354,0.008749278741,1.315492626,26.68450737,1,107.5437374,0,0,-37066942.12,-37066942.12,0,-37076149.03,818,90.92158365
1677,0,-37066942.12,-37059446.02,5.960464478e-08,7496.094766,5.787419845e-15,0.0007278467605,7496.094766,0.0007278467605,1.198368431,1.198368431,0.01781818182,0.0425,0,0,-37066942.12,-37066942.12,0,-37076149.03,819,90.960078
1678,0,-37066942.12,-37041597.52,5.960464478e-08,25344.60049,5.787419845e-15,0.002460879423,25344.60049,0.002460879423,1.017424625,9.982575375,1,19.22444949,0,0,-37066942.12,-37066942.12,0,-37076149.03,820,90.98819685
1679,0,-37066942.12,-36471039.67,5.215406418e-08,595902.4441,5.063992364e-15,0.05786021616,595902.4441,0.05786021616,1.333040183,768.891178,1.571222222,2886.97504,0,0,-37066942.12,-37066942.12,0,-37076149.03,821,91.03072619
1680,0,-37066942.12,-37036702.78,3.725290298e-08,30239.3342,3.617137403e-15,0.002936142368,30239.3342,0.002936142368,9.491752378,9.491752378,0.042,0.1447525253,0,0,-37066942.12,-37066942.12,0,-37076149.03,822,91.27674794
1681,0,-37066942.12,-37077519.37,-2.980232239e-08,-10577.2567,-2.893709923e-15,-0.001027017702,-10577.2567,-0.001027017702,3.665388062,3.665388062,0.03575757576,0.131540404,0,0,-37066942.12,-37066942.12,0,-37076149.03,823,91.40435791
1682,0,-37066942.12,-37076518.41,-2.980232239e-08,-9576.290703,-2.893709923e-15,-0.0009298271144,-9576.290703,-0.0009298271144,2.551277038,13.44872296,1,28.55461111,0,0,-37066942.12,-37066942.12,0,-37076149.03,824,91.47729897
1683,0,-37066942.12,-37095943.94,0,-29001.82552,0,-0.002815984244,-29001.82552,-0.002815984244,2.66549191,2.66549191,0.05151515152,0.1370656566,0,0,-37066942.12,-37066942.12,0,-37076149.03,825,91.58117032
1684,0,-37068636.46,-37050051.16,-1694.341237,16890.95525,-0.0001645151001,0.001640057583,18585.29649,0.001804572683,2.430557463,2.430557463,0.05151515152,0.131510101,0,0,-37066942.12,-37066942.12,0,-37076149.03,826,91.64898419
1685,0,-37066942.12,-37108451.94,2.235174179e-08,-41509.82919,2.170282442e-15,-0.004030471285,-41509.82919,-0.004030471285,1.817126045,1.817126045,0.03933333333,0.1097727273,0,0,-37066942.12,-37066942.12,0,-37076149.03,827,91.67844081
1686,0,-37066942.12,-37029934.01,1.490116119e-08,37008.10287,1.446854961e-15,0.003593368097,37008.10287,0.003593368097,1.123403092,1.123403092,0.01296969697,0.02677272727,0,0,-37066942.12,-37066942.12,0,-37076149.03,828,91.72476649
1687,0,-37066942.12,-37238713.75,2.980232239e-08,-171771.6295,2.893709923e-15,-0.01667847432,-171771.6295,-0.01667847432,1.0656151,13.9343849,1,24.1184596,0,0,-37066942.12,-37066942.12,0,-37076149.03,829,91.81438017
1688,0,-37117229.82,-37142551.9,-50287.70231,-75609.7866,-0.004882774613,-0.007341467785,-25322.08429,-0.002458693172,3.042360223,3.042360223,0.04121212121,0.1129040404,0,0,-37066942.12,-37066942.12,0,-37076149.03,830,91.89205432
1689,0,-37100598.2,-37004560.02,-33656.08016,62382.09612,-0.003267897443,0.006057101463,96038.17629,0.009324998906,1.883393302,24.1166067,1,85.35964646,0,0,-37066942.12,-37066942.12,0,-37076149.03,831,91.91409874
1690,0,-37066942.12,-37108721.26,2.235174179e-08,-41779.14045,2.170282442e-15,-0.004056620545,-41779.14045,-0.004056620545,1.487727004,1.487727004,0.02022222222,0.05032828283,0,0,-37066942.12,-37066942.12,0,-37076149.03,832,91.97624731
1691,0,-37066942.12,-36963487.17,2.235174179e-08,103454.9428,2.170282442e-15,0.01004514315,103454.9428,0.01004514315,1.268347992,11.73165201,1,10.22167172,0,0,-37066942.12,-37066942.12,0,-37076149.03,833,92.02194095
1692,0,-37066942.12,-37056091.41,2.980232239e-08,10850.70093,2.893709923e-15,0.00105356826,10850.70093,0.00105356826,0.7061783562,0.7061783562,0.005555555556,0.01034343434,0,0,-37066942.12,-37066942.12,0,-37076149.03,834,92.06905723
1693,0,-37066942.12,-37187665.47,2.980232239e-08,-120723.3514,2.893709923e-15,-0.01172185024,-120723.3514,-0.01172185024,0.2910508832,22.70894912,1,78.3814596,0,0,-37066942.12,-37066942.12,0,-37076149.03,835,92.12649584
1694,0,-37125818.47,-37136515.6,-58876.35545,-69573.48017,-0.005716705288,-0.00675536179,-10697.12472,-0.001038656502,2.982703245,2.982703245,0.04224242424,0.1345,0,0,-37066942.12,-37066942.12,0,-37076149.03,836,92.17186427
1695,0,-37093347.7,-37070784.58,-26405.58282,-3842.465782,-0.002563897404,-0.000373091104,22563.11704,0.0021908063,0.7901739657,0.7901739657,0.008060606061,0.01361616162,0,0,-37066942.12,-37066942.12,0,-37076149.03,837,92.19637609
1696,0,-37069478.1,-37027297.58,-2535.983448,39644.53853,-0.0002462358595,0.003849357544,42180.52198,0.004095593404,0.3232963373,27.67670366,1,114.4516818,0,0,-37066942.12,-37066942.12,0,-37076149.03,838,92.22184992
1697,0,-37072731.71,-37049276.99,-5789.596781,17665.12931,-0.0005621512792,0.001715227401,23454.72609,0.00227737868,1.611453096,1.611453096,0.0323030303,0.03785858586,0,0,-37066942.12,-37066942.12,0,-37076149.03,839,92.24666476
1698,0,-37067927.2,-37070971.65,-985.0798135,-4029.532274,-9.564809056e-05,-0.0003912546604,-3044.452461,-0.0002956065699,0.4034068346,0.4034068346,0.008060606061,0.01361616162,0,0,-37066942.12,-37066942.12,0,-37076149.03,840,92.27178788
1699,0,-37069665.17,-37046047.32,-2723.049941,20894.79543,-0.0002643994159,0.002028817623,23617.84537,0.002293217039,0.3232963373,11.67670366,1,26.13629293,0,0,-37066942.12,-37066942.12,0,-37076149.03,841,92.29184461
1700,0,-37066942.12,-37031088.44,1.490116119e-08,35853.67293,1.446854961e-15,0.003481276653,35853.67293,0.003481276653,1.08575572,1.08575572,0.01278787879,0.01834343434,0,0,-37066942.12,-37066942.12,0,-37076149.03,842,92.31665039
1701,0,-37066942.12,-37219353.63,3.725290298e-08,-152411.5146,3.617137403e-15,-0.01479866926,-152411.5146,-0.01479866926,0.8483829225,24.15161708,1,99.36259596,0,0,-37066942.12,-37066942.12,0,-37076149.03,843,92.37891054
1702,0,-37108257.51,-37056162.21,-41315.39028,10779.9071,-0.00401159189,0.001046694407,52095.29738,0.005058286297,1.313023864,1.313023864,0.02806060606,0.03361616162,0,0,-37066942.12,-37066942.12,0,-37076149.03,844,92.42049503
1703,0,-37075049.55,-37081472.65,-8107.438613,-14530.53142,-0.0007872062873,-0.001410867998,-6423.092803,-0.0006236617111,0.4992074046,0.4992074046,0.008,0.01355555556,0,0,-37066942.12,-37066942.12,0,-37076149.03,845,92.44508696
1704,0,-37079530.52,-37124431.02,-12588.40145,-57488.90776,-0.001222293407,-0.005581988566,-44900.50631,-0.004359695159,0.322167294,18.67783271,1,83.25385354,0,0,-37066942.12,-37066942.12,0,-37076149.03,846,92.46593952
1705,0,-37080728.63,-37056778.25,-13786.51213,10163.8609,-0.001338626112,0.0009868782966,23950.37304,0.002325504409,1.588331803,1.588331803,0.03163636364,0.03719191919,0,0,-37066942.12,-37066942.12,0,-37076149.03,847,92.49086618
1706,0,-37077731.04,-37082088.69,-10788.92862,-15146.57761,-0.001047570367,-0.001470684108,-4357.648995,-0.0004231137417,0.4176029786,0.4176029786,0.008,0.01355555556,0,0,-37066942.12,-37066942.12,0,-37076149.03,848,92.51560092
1707,0,-37080146.56,-37127261.51,-13204.44765,-60319.39029,-0.001282109517,-0.005856819342,-47114.94264,-0.004574709825,0.322167294,11.67783271,1,39.1379697,0,0,-37066942.12,-37066942.12,0,-37076149.03,849,92.538553
1708,0,-37097473.52,-35629850.9,-30531.4021,1437091.215,-0.002964501224,0.139536948,1467622.617,0.1425014492,0.9014420415,686.9182018,1.291555556,2454.613909,0,0,-37066942.12,-37066942.12,0,-37076149.03,850,92.56377077
1709,0,-37066942.12,-37006958.01,-6.705522537e-08,59984.10235,-6.510847326e-15,0.005824263958,59984.10235,0.005824263958,6.991742992,6.991742992,0.05696969697,0.222040404,0,0,-37066942.12,-37066942.12,0,-37076149.03,851,92.67933416
1710,0,-37092365.28,-37046745.9,-25423.16668,20196.2152,-0.002468507948,0.001960987723,45619.38187,0.004429495671,3.589131355,3.589131355,0.04977777778,0.1553888889,0,0,-37066942.12,-37066942.12,0,-37076149.03,852,92.851161
1711,0,-37093469.64,-37070508.11,-26527.52793,-3565.991476,-0.002575737883,-0.0003462463355,22961.53645,0.002229491548,3.109135456,3.109135456,0.04977777778,0.1298131313,0,0,-37066942.12,-37066942.12,0,-37076149.03,853,92.87994599
1712,0,-37092976.89,-36905541.13,-26034.77165,161400.9855,-0.002527892829,0.01567151805,187435.7571,0.01819941088,3.090418116,12.99074425,0.2603636364,0.5984545455,0,0,-37066942.12,-37066942.12,0,-37076149.03,854,92.90361452
1713,0,-37066942.12,-37063757.58,-1.490116119e-08,3184.533793,-1.446854961e-15,0.0003092080179,3184.533793,0.0003092080179,2.299985141,2.299985141,0.03494444444,0.08579292929,0,0,-37066942.12,-37066942.12,0,-37076149.03,855,92.97271752
1714,0,-37066942.12,-37087115.74,-2.980232239e-08,-20173.6263,-2.893709923e-15,-0.001958794413,-20173.6263,-0.001958794413,1.536837759,1.536837759,0.01,0.03136868687,0,0,-37066942.12,-37066942.12,0,-37076149.03,856,93.03779721
1715,0,-37066942.12,-37102245.86,-1.490116119e-08,-35303.74058,-1.446854961e-15,-0.003427879985,-35303.74058,-0.003427879985,1.108169995,23.89183001,1,73.47240404,0,0,-37066942.12,-37066942.12,0,-37076149.03,857,93.06478381
1716,0,-37066942.12,-37044559.24,-1.490116119e-08,22382.87905,-1.446854961e-15,0.00217330577,22382.87905,0.00217330577,2.51659549,2.51659549,0.03333333333,0.1086767677,0,0,-37066942.12,-37066942.12,0,-37076149.03,858,93.12781262
1717,0,-37066942.12,-37041271.14,0,25670.97619,0,0.002492569457,25670.97619,0.002492569457,1.496558025,1.496558025,0.03333333333,0.06625252525,0,0,-37066942.12,-37066942.12,0,-37076149.03,859,93.17478752
1718,0,-37066942.12,-37294618.98,7.450580597e-09,-227676.867,7.234274806e-16,-0.02210669359,-227676.867,-0.02210669359,1.27504034,17.72495966,1,50.61026768,0,0,-37066942.12,-37066942.12,0,-37076149.03,860,93.23858118
1719,0,-37120447.4,-37058238.13,-53505.28126,8703.989384,-0.005195191209,0.0008451294539,62209.27064,0.006040320663,2.967780132,2.967780132,0.04242424242,0.06282828283,0,0,-37066942.12,-37066942.12,0,-37076149.03,861,93.28338718
1720,0,-37066942.12,-37083548.56,7.450580597e-09,-16606.44913,7.234274806e-16,-0.001612432951,-16606.44913,-0.001612432951,1.130164112,1.130164112,0.01622222222,0.04692929293,0,0,-37066942.12,-37066942.12,0,-37076149.03,862,93.319175
1721,0,-37066942.12,-37140090.63,7.450580597e-09,-73148.51161,7.234274806e-16,-0.007102485877,-73148.51161,-0.007102485877,0.9368986186,12.06310138,1,32.25061111,0,0,-37066942.12,-37066942.12,0,-37076149.03,863,93.34002924
1722,0,-37066942.12,-37131005.84,7.450580597e-09,-64063.72056,7.234274806e-16,-0.006220381802,-64063.72056,-0.006220381802,2.667641444,2.667641444,0.03438888889,0.1230555556,0,0,-37066942.12,-37066942.12,0,-37076149.03,864,93.39514208
1723,0,-37071715.17,-37066689.41,-4773.049245,252.7090414,-0.0004634477737,2.453723743e-05,5025.758287,0.0004879850112,1.520357194,1.520357194,0.02460606061,0.08866666667,0,0,-37066942.12,-37066942.12,0,-37076149.03,865,93.42756629
1724,0,-37066942.12,-37045745.66,-7.450580597e-09,21196.4541,-7.234274806e-16,0.002058107713,21196.4541,0.002058107713,1.387416891,25.61258311,1,65.85311111,0,0,-37066942.12,-37066942.12,0,-37076149.03,866,93.45969152
1725,0,-37072452.03,-37075864.3,-5509.912408,-8922.187573,-0.0005349948235,-0.0008663157983,-3412.275166,-0.0003313209748,1.805065522,1.805065522,0.0165,0.04581313131,0,0,-37066942.12,-37066942.12,0,-37076149.03,867,93.49304581
1726,0,-37066942.12,-37105863.75,0,-38921.63178,0,-0.003779165618,-38921.63178,-0.003779165618,0.9557949247,18.04420508,1,56.44151515,0,0,-37066942.12,-37066942.12,0,-37076149.03,868,93.52651811
1727,0,-37066942.12,-37092801.55,7.450580597e-09,-25859.43255,7.234274806e-16,-0.002510867965,-25859.43255,-0.002510867965,2.477460345,2.477460345,0.03438888889,0.09143434343,0,0,-37066942.12,-37066942.12,0,-37076149.03,869,93.5773747
1728,0,-37066942.12,-36989730.94,0,77211.17985,0,0.007496957933,77211.17985,0.007496957933,2.248076819,12.75192318,1,26.34892424,0,0,-37066942.12,-37066942.12,0,-37076149.03,870,93.60178018
1729,0,-37121721.8,-37212147.16,-54779.6869,-145205.0457,-0.00531893191,-0.01409894424,-90425.35881,-0.00878001233,2.03825825,2.03825825,0.03438888889,0.07122222222,0,0,-37066942.12,-37066942.12,0,-37076149.03,871,93.66034603
1730,0,-37112480.82,-37147830.73,-45538.70866,-80888.61611,-0.00442166256,-0.0078540252,-35349.90745,-0.00343236264,1.134814786,1.134814786,0.01488888889,0.05172222222,0,0,-37066942.12,-37066942.12,0,-37076149.03,872,93.68626523
1731,0,-37112480.82,-37133851.84,-45538.70866,-66909.72264,-0.00442166256,-0.006496719477,-21371.01399,-0.002075056918,1.134814786,18.86518521,1,90.24310101,0,0,-37066942.12,-37066942.12,0,-37076149.03,873,93.7053175
1732,0,-37066942.12,-37114369.15,7.450580597e-09,-47427.0365,7.234274806e-16,-0.004605013137,-47427.0365,-0.004605013137,1.505597967,1.505597967,0.03438888889,0.07124242424,0,0,-37066942.12,-37066942.12,0,-37076149.03,874,93.74978209
1733,0,-37066942.12,-37050052.72,-1.490116119e-08,16889.3931,-1.446854961e-15,0.001639905902,16889.3931,0.001639905902,0.6648044693,0.6648044693,0.01405555556,0.03685353535,0,0,-37066942.12,-37066942.12,0,-37076149.03,875,93.78323889
1734,0,-37066942.12,-37304553.24,0,-237611.1251,0,-0.02307127819,-237611.1251,-0.02307127819,0.5803521727,27.41964783,1,118.4510606,0,0,-37066942.12,-37066942.12,0,-37076149.03,876,93.83760762
1735,0,-37169358.71,-37232317.61,-102416.5933,-165375.4952,-0.009944322739,-0.01605743019,-62958.90188,-0.006113107453,2.449468884,2.449468884,0.03438888889,0.09697474747,0,0,-37066942.12,-37066942.12,0,-37076149.03,877,93.88401937
1736,0,-37169358.71,-37081402.71,-102416.5933,-14460.58927,-0.009944322739,-0.00140407684,87956.004,0.008540245898,2.449468884,9.550531116,1,5.204777778,0,0,-37066942.12,-37066942.12,0,-37076149.03,878,93.90622139
1737,0,-37089245.19,-37054835.94,-22303.07734,12106.17766,-0.00216555728,0.001175471024,34409.25501,0.003341028305,0.8108453873,0.8108453873,0.01611111111,0.03678787879,0,0,-37066942.12,-37066942.12,0,-37076149.03,879,93.93442845
1738,0,-37072816.31,-36994485.61,-5874.19368,72456.50616,-0.0005703653668,0.007035294367,78330.69984,0.007605659734,0.6067591477,25.39324085,1,72.71787374,0,0,-37066942.12,-37066942.12,0,-37076149.03,880,93.95778847
1739,0,-37066942.12,-37065081.37,0,1860.744187,0,0.0001806722928,1860.744187,0.0001806722928,1.455530438,1.455530438,0.01488888889,0.0467020202,0,0,-37066942.12,-37066942.12,0,-37076149.03,881,93.99338388
1740,0,-37066942.12,-37174542.9,1.490116119e-08,-107600.7813,1.446854961e-15,-0.01044769077,-107600.7813,-0.01044769077,0.8403783406,22.15962166,1,85.36760101,0,0,-37066942.12,-37066942.12,0,-37076149.03,882,94.035676
1741,0,-37092742.62,-37131272.82,-25800.50124,-64330.70516,-0.002505145923,-0.006246305151,-38530.20392,-0.003741159228,1.868044434,1.868044434,0.03444444444,0.05289393939,0,0,-37066942.12,-37066942.12,0,-37076149.03,883,94.07798529
1742,0,-37090086.95,-37121045.77,-23144.83253,-54103.65492,-0.00224728901,-0.005253291373,-30958.82239,-0.003006002363,1.245233681,27.75476632,1,125.4685,0,0,-37066942.12,-37066942.12,0,-37076149.03,884,94.10257435
1743,0,-37066942.12,-37045542.3,0,21399.8172,0,0.002077853617,21399.8172,0.002077853617,1.639406376,1.639406376,0.02448484848,0.09451010101,0,0,-37066942.12,-37066942.12,0,-37076149.03,885,94.17584467
1744,0,-37066942.12,-37253279.62,0,-186337.5047,0,-0.01809277409,-186337.5047,-0.01809277409,1.639406376,9.360593624,0.1699393939,0.4278080808,0,0,-37066942.12,-37066942.12,0,-37076149.03,886,94.19733524
1745,0,-37159709.03,-37264272.46,-92766.91469,-197330.3446,-0.009007369896,-0.01916014359,-104563.4299,-0.01015277369,3.747429717,3.747429717,0.03444444444,0.1148737374,0,0,-37066942.12,-37066942.12,0,-37076149.03,887,94.23411942
1746,0,-37264808.54,-37310165.24,-197866.4218,-243223.1254,-0.01921219497,-0.02361618541,-45356.70353,-0.004403990446,1.896353696,1.896353696,0.02775757576,0.07214646465,0,0,-37066942.12,-37066942.12,0,-37076149.03,888,94.26937127
1747,0,-37264808.54,-37106748.4,-197866.4218,-39806.28243,-0.01921219497,-0.003865062358,158060.1394,0.01534713261,1.896353696,23.1036463,1,78.44972222,0,0,-37066942.12,-37066942.12,0,-37076149.03,889,94.28998971
1748,0,-37080859,-37068719.01,-13916.88466,-1776.894448,-0.001351284866,-0.0001725307521,12139.99021,0.001178754114,0.6473193617,0.6473193617,0.01405555556,0.03353535354,0,0,-37066942.12,-37066942.12,0,-37076149.03,890,94.31752753
1749,0,-37072218.86,-37123437.27,-5276.742577,-56495.15201,-0.0005123547808,-0.00548549807,-51218.40943,-0.00497314329,0.5118445014,11.4881555,1,31.08469697,0,0,-37066942.12,-37066942.12,0,-37076149.03,891,94.33800936
1750,0,-37123874.51,-37168609.22,-56932.3978,-101667.1049,-0.005527953234,-0.009871549824,-44734.70713,-0.00434359659,1.04295261,1.04295261,0.01772222222,0.04503535354,0,0,-37066942.12,-37066942.12,0,-37076149.03,892,94.36332607
1751,0,-37130798.4,-37135403.57,-63856.28781,-68461.44994,-0.006200240748,-0.006647387221,-4605.162127,-0.0004471464729,0.8015807958,18.1984192,1,93.21466667,0,0,-37066942.12,-37066942.12,0,-37076149.03,893,94.3850534
1752,0,-37101914.99,-37109880.15,-34972.87876,-42938.03456,-0.003395754364,-0.004169145446,-7965.155797,-0.0007733910822,0.5273344627,0.5273344627,0.01422222222,0.03103535354,0,0,-37066942.12,-37066942.12,0,-37076149.03,894,94.40884328
1753,0,-37104174.06,-37190429.5,-37231.94325,-123487.3873,-0.00361510228,-0.01199022926,-86255.44403,-0.008375126979,0.4496254885,20.55037451,1,97.25935859,0,0,-37066942.12,-37066942.12,0,-37076149.03,895,94.43128896
1754,0,-37123874.51,-34323375.48,-56932.3978,2743566.639,-0.005527953234,0.2663915215,2800499.037,0.2719194748,1.04295261,696.0749415,1.237333333,2486.73899,0,0,-37066942.12,-37066942.12,0,-37076149.03,896,94.45833826
1755,0,-37066942.12,-37045447.47,1.490116119e-08,21494.64121,1.446854961e-15,0.002087060724,21494.64121,0.002087060724,16.34393808,16.34393808,0.1697575758,0.5185,0,0,-37066942.12,-37066942.12,0,-37076149.03,897,94.63189316
1756,0,-37066942.12,-37103169.9,1.490116119e-08,-36227.78305,1.446854961e-15,-0.003517601545,-36227.78305,-0.003517601545,5.308705511,5.308705511,0.05884848485,0.2202979798,0,0,-37066942.12,-37066942.12,0,-37076149.03,898,94.8509059
1757,0,-37066942.12,-37128128.54,2.235174179e-08,-61186.42501,2.170282442e-15,-0.005941005633,-61186.42501,-0.005941005633,3.825071701,3.825071701,0.04890909091,0.1769040404,0,0,-37066942.12,-37066942.12,0,-37076149.03,899,94.94671035
1758,0,-37071796.84,-36920180.72,-4854.721346,146761.393,-0.0004713778728,0.01425006057,151616.1143,0.01472143844,3.616673321,12.17461141,1,1.457964646,0,0,-37066942.12,-37066942.12,0,-37076149.03,900,94.98092961
1759,0,-37066942.12,-37092213.17,1.490116119e-08,-25271.05194,1.446854961e-15,-0.002453738094,-25271.05194,-0.002453738094,0.5734068662,0.5734068662,0.01411111111,0.02021212121,0,0,-37066942.12,-37066942.12,0,-37076149.03,901,95.09879351
1760,0,-37066942.12,-37073773.07,2.980232239e-08,-6830.949968,2.893709923e-15,-0.0006632633339,-6830.949968,-0.0006632633339,0.5576882014,16.4423118,1,31.49263131,0,0,-37066942.12,-37066942.12,0,-37076149.03,902,95.14230299
1761,0,-37066942.12,-37100034.02,1.490116119e-08,-33091.90081,1.446854961e-15,-0.003213117437,-33091.90081,-0.003213117437,1.487943221,1.487943221,0.01961111111,0.02821212121,0,0,-37066942.12,-37066942.12,0,-37076149.03,903,95.22576237
1762,0,-37110084.53,-37149223.96,-43142.41153,-82281.84517,-0.004188989794,-0.007989303274,-39139.43364,-0.003800313479,0.8268763518,0.8268763518,0.01411111111,0.02271212121,0,0,-37066942.12,-37066942.12,0,-37076149.03,904,95.25545382
1763,0,-37122908.59,-36859548.91,-55966.47888,207393.2061,-0.005434165605,0.02013721517,263359.685,0.02557138077,0.6184447102,14.38155529,1,22.29495455,0,0,-37066942.12,-37066942.12,0,-37076149.03,905,95.28807998
1764,0,-37066942.12,-37150568.8,0,-83626.68573,0,-0.008119882978,-83626.68573,-0.008119882978,2.986530131,2.986530131,0.02836363636,0.04736363636,0,0,-37066942.12,-37066942.12,0,-37076149.03,906,95.36508393
1765,0,-37138505.95,-37175879.24,-71563.83047,-108937.1242,-0.00694861842,-0.01057744538,-37373.29378,-0.003628826963,0.8805277199,0.8805277199,0.01411111111,0.02015151515,0,0,-37066942.12,-37066942.12,0,-37076149.03,907,95.40339637
1766,0,-37146767.72,-36999258.24,-79825.60569,67683.87605,-0.007750810298,0.006571887291,147509.4817,0.01432269759,0.5541100159,24.44588998,1,89.38123737,0,0,-37066942.12,-37066942.12,0,-37076149.03,908,95.42435026
1767,0,-37066942.12,-37126147.57,0,-59205.4552,0,-0.005748659817,-59205.4552,-0.005748659817,4.248710698,4.248710698,0.04216666667,0.120459596,0,0,-37066942.12,-37066942.12,0,-37076149.03,909,95.47736144
1768,0,-37148292.89,-37151458.01,-81350.77092,-84515.89371,-0.007898898951,-0.008206222222,-3165.12279,-0.0003073232718,1.848944543,1.848944543,0.04216666667,0.09324747475,0,0,-37066942.12,-37066942.12,0,-37076149.03,910,95.51464486
1769,0,-37156554.66,-36923399.93,-89612.54615,143542.1816,-0.008701090828,0.01393748547,233154.7278,0.0226385763,1.522526839,25.47747316,1,88.45341414,0,0,-37066942.12,-37066942.12,0,-37076149.03,911,95.53566432
1770,0,-37066942.12,-34949277.38,-1.490116119e-08,2117664.732,-1.446854961e-15,0.2056184537,2117664.732,0.2056184537,4.248710698,690.6902669,1.166222222,2552.528843,0,0,-37066942.12,-37066942.12,0,-37076149.03,912,95.60167623
1771,0,-37066942.12,-36984185.9,-8.195638657e-08,82756.21556,-7.957702287e-15,0.008035363117,82756.21556,0.008035363117,9.792792887,9.792792887,0.07133333333,0.2253333333,0,0,-37066942.12,-37066942.12,0,-37076149.03,913,95.75609303
1772,0,-37066942.12,-36990295.46,-5.960464478e-08,76646.6524,-5.787419845e-15,0.007442144129,76646.6524,0.007442144129,3.977296212,3.977296212,0.0503030303,0.1410505051,0,0,-37066942.12,-37066942.12,0,-37076149.03,914,95.94377446
1773,0,-37066942.12,-36986712.96,-4.470348358e-08,80229.15135,-4.340564884e-15,0.007789993287,80229.15135,0.007789993287,2.824185261,2.824185261,0.03405555556,0.09215151515,0,0,-37066942.12,-37066942.12,0,-37076149.03,915,96.00949574
1774,0,-37066942.12,-37729922.73,-4.470348358e-08,-662980.612,-4.340564884e-15,-0.06437329113,-662980.612,-0.06437329113,2.763260833,19.88558807,1,5.99330303,0,0,-37066942.12,-37066942.12,0,-37076149.03,916,96.03951859
1775,0,-37073680.8,-37002484.88,-6738.682915,64457.23356,-0.0006543044989,0.006258590653,71195.91647,0.006912895152,3.269775559,3.269775559,0.02478787879,0.079,0,0,-37066942.12,-37066942.12,0,-37076149.03,917,96.08334017
1776,0,-37066942.12,-37000702.36,-1.490116119e-08,66239.75197,-1.446854961e-15,0.006431667473,66239.75197,0.006431667473,2.242783816,2.242783816,0.02478787879,0.07112121212,0,0,-37066942.12,-37066942.12,0,-37076149.03,918,96.14162564
1777,0,-37066942.12,-37493349.25,-1.490116119e-08,-426407.1337,-1.446854961e-15,-0.04140276512,-426407.1337,-0.04140276512,1.970787048,20.02921295,1,62.53630303,0,0,-37066942.12,-37066942.12,0,-37076149.03,919,96.17121792
1778,0,-37096305.52,-37030766.42,-29363.40509,36175.69525,-0.002851092461,0.003512543987,65539.10034,0.006363636447,2.770512235,2.770512235,0.05333333333,0.1291818182,0,0,-37066942.12,-37066942.12,0,-37076149.03,920,96.21604776
1779,0,-37066942.12,-37018577.86,-1.490116119e-08,48364.25182,-1.446854961e-15,0.004696013739,48364.25182,0.004696013739,1.412946006,1.412946006,0.01478787879,0.05100505051,0,0,-37066942.12,-37066942.12,0,-37076149.03,921,96.27464557
1780,0,-37066942.12,-37496310.14,-1.490116119e-08,-429368.0257,-1.446854961e-15,-0.04169025824,-429368.0257,-0.04169025824,1.360532224,18.63946778,1,30.40663636,0,0,-37066942.12,-37066942.12,0,-37076149.03,922,96.31442666
1781,0,-37130706.34,-37072589.83,-63764.2225,-5647.71892,-0.006191301501,-0.0005483753939,58116.50358,0.005642926108,2.664876303,2.664876303,0.02478787879,0.08392424242,0,0,-37066942.12,-37066942.12,0,-37076149.03,923,96.35113215
1782,0,-37068668.39,-37027536.55,-1726.278309,39405.56988,-0.0001676160873,0.003826154455,41131.84819,0.003993770542,1.297694615,1.297694615,0.01527272727,0.04458080808,0,0,-37066942.12,-37066942.12,0,-37076149.03,924,96.3838098
1783,0,-37066942.12,-37420664.07,-1.490116119e-08,-353721.9587,-1.446854961e-15,-0.03434526774,-353721.9587,-0.03434526774,1.081698207,28.91830179,1,102.9101162,0,0,-37066942.12,-37066942.12,0,-37076149.03,925,96.42962885
1784,0,-37095958.12,-37016456.04,-29016.00895,50486.07586,-0.00281736141,0.004902036048,79502.08481,0.007719397458,2.007627013,2.007627013,0.01527272727,0.04458080808,0,0,-37066942.12,-37066942.12,0,-37076149.03,926,96.47081232
1785,0,-37066942.12,-37490948.05,-2.980232239e-08,-424005.9301,-2.893709923e-15,-0.04116961595,-424005.9301,-0.04116961595,1.256115552,26.74388445,1,82.66528283,0,0,-37066942.12,-37066942.12,0,-37076149.03,927,96.5431366
1786,0,-37095505,-37012529.82,-28562.88903,54412.29767,-0.002773364919,0.005283259594,82975.1867,0.008056624513,2.007198992,2.007198992,0.01527272727,0.04458080808,0,0,-37066942.12,-37066942.12,0,-37076149.03,928,96.61448979
1787,0,-37066942.12,-37509840.78,-1.490116119e-08,-442898.6664,-1.446854961e-15,-0.04300404006,-442898.6664,-0.04300404006,1.341242182,11.65875782,1,3.489691919,0,0,-37066942.12,-37066942.12,0,-37076149.03,929,96.65444922
1788,0,-37099287.06,-37016333.12,-32344.9479,50608.99128,-0.003140590706,0.004913970741,82953.93918,0.008054561447,2.007198992,2.007198992,0.01527272727,0.04458080808,0,0,-37066942.12,-37066942.12,0,-37076149.03,930,96.6881547
1789,0,-37066942.12,-37504542.2,-2.235174179e-08,-437600.0815,-2.170282442e-15,-0.04248956445,-437600.0815,-0.04248956445,1.258795051,14.74120495,1,21.48969192,0,0,-37066942.12,-37066942.12,0,-37076149.03,931,96.72603393
1790,0,-37095505,-35013144.86,-28562.88903,2053797.255,-0.002773364919,0.1994171265,2082360.144,0.2021904915,2.007198992,729.2839942,1.534944444,2485.215434,0,0,-37066942.12,-37066942.12,0,-37076149.03,932,96.7642746
1791,0,-37066942.12,-37332410.18,3.725290298e-08,-265468.0686,3.617137403e-15,-0.02577609806,-265468.0686,-0.02577609806,11.78658589,11.78658589,0.07377777778,0.2571868687,0,0,-37066942.12,-37066942.12,0,-37076149.03,933,96.88585401
1792,0,-37066942.12,-37122482.41,-1.490116119e-08,-55540.29014,-1.446854961e-15,-0.005392784045,-55540.29014,-0.005392784045,2.538241821,2.538241821,0.03877777778,0.08689393939,0,0,-37066942.12,-37066942.12,0,-37076149.03,934,97.02591085
1793,0,-37066942.12,-37076589.63,-1.490116119e-08,-9647.509371,-1.446854961e-15,-0.0009367422187,-9647.509371,-0.0009367422187,1.883197631,1.883197631,0.02016666667,0.0681010101,0,0,-37066942.12,-37066942.12,0,-37076149.03,935,97.0664711
1794,0,-37066942.12,-37122686.02,-7.450580597e-09,-55743.90614,-7.234274806e-16,-0.005412554505,-55743.90614,-0.005412554505,1.883033328,18.11696667,1,33.20822222,0,0,-37066942.12,-37066942.12,0,-37076149.03,936,97.09811974
1795,0,-37066942.12,-36991661.85,0,75280.26853,0,0.007309472637,75280.26853,0.007309472637,2.632458098,2.632458098,0.03783333333,0.06340909091,0,0,-37066942.12,-37066942.12,0,-37076149.03,937,97.18545842
1796,0,-37066942.12,-37424479.13,1.490116119e-08,-357537.0113,1.446854961e-15,-0.03471569712,-357537.0113,-0.03471569712,1.683334455,26.31666555,1,111.3731465,0,0,-37066942.12,-37066942.12,0,-37076149.03,938,97.23884678
1797,0,-37091028.52,-37076414.35,-24086.40803,-9472.239132,-0.00233871297,-0.0009197240406,14614.16889,0.001418988929,1.761847585,1.761847585,0.06490909091,0.1144646465,0,0,-37066942.12,-37066942.12,0,-37076149.03,939,97.32708406
1798,0,-37066942.12,-37116193.49,1.490116119e-08,-49251.37625,1.446854961e-15,-0.004782150676,-49251.37625,-0.004782150676,1.405142276,1.405142276,0.02145454545,0.06438888889,0,0,-37066942.12,-37066942.12,0,-37076149.03,940,97.35792255
1799,0,-37073007,-37225506.43,-6064.88521,-158564.3176,-0.0005888809027,-0.01539608669,-152499.4324,-0.01480720579,1.34712703,17.65287297,1,71.29235354,0,0,-37066942.12,-37066942.12,0,-37076149.03,941,97.39596343
1800,0,-37066942.12,-37032979.02,1.490116119e-08,33963.09486,1.446854961e-15,0.003297707585,33963.09486,0.003297707585,0.9894692936,0.9894692936,0.01690909091,0.02557575758,0,0,-37066942.12,-37066942.12,0,-37076149.03,942,97.4302702
1801,0,-37066942.12,-37392493.24,1.490116119e-08,-325551.1271,1.446854961e-15,-0.03160997035,-325551.1271,-0.03160997035,0.8507685183,21.14923148,1,75.22264646,0,0,-37066942.12,-37066942.12,0,-37076149.03,943,97.47486043
1802,0,-37106473.86,-37091203.85,-39531.73959,-24261.7378,-0.003838405129,-0.002355736929,15270.00179,0.0014826682,1.75604036,1.75604036,0.06490909091,0.1144646465,0,0,-37066942.12,-37066942.12,0,-37076149.03,944,97.56104612
1803,0,-37066942.12,-37025959.23,7.450580597e-09,40982.88857,7.234274806e-16,0.00397930704,40982.88857,0.00397930704,1.171379567,1.171379567,0.01690909091,0.02613131313,0,0,-37066942.12,-37066942.12,0,-37076149.03,945,97.59599471
1804,0,-37066942.12,-37378506.84,7.450580597e-09,-311564.7238,7.234274806e-16,-0.03025193543,-311564.7238,-0.03025193543,0.9937734922,29.00622651,1,123.4020606,0,0,-37066942.12,-37066942.12,0,-37076149.03,946,97.66242027
1805,0,-37105651.15,-37090381.15,-38709.03879,-23439.037,-0.00375852352,-0.002275855319,15270.00179,0.0014826682,1.75604036,1.75604036,0.06490909091,0.1144646465,0,0,-37066942.12,-37066942.12,0,-37076149.03,947,97.71766686
1806,0,-37066942.12,-37025136.53,0,41805.58937,0,0.00405918865,41805.58937,0.00405918865,1.194104871,1.194104871,0.01690909091,0.02613131313,0,0,-37066942.12,-37066942.12,0,-37076149.03,948,97.7524302
1807,0,-37066942.12,-37379329.54,0,-312387.4246,0,-0.03033181704,-312387.4246,-0.03033181704,1.013086162,28.98691384,1,123.3888182,0,0,-37066942.12,-37066942.12,0,-37076149.03,949,97.8243084
1808,0,-37094685.95,-37078492.8,-27743.83818,-11550.68749,-0.002693837708,-0.00112153471,16193.1507,0.001572302998,1.75604036,1.75604036,0.06490909091,0.1144646465,0,0,-37066942.12,-37066942.12,0,-37076149.03,950,97.88212061
1809,0,-37066942.12,-37118271.94,2.235174179e-08,-51329.82461,2.170282442e-15,-0.004983961346,-51329.82461,-0.004983961346,1.505438538,1.505438538,0.02145454545,0.06438888889,0,0,-37066942.12,-37066942.12,0,-37076149.03,951,97.91715074
1810,0,-37075208.66,-37118311.59,-8266.53946,-51369.47384,-0.0008026544693,-0.004987811159,-43102.93438,-0.004185156689,1.3466739,8.6533261,1,18.1194899,0,0,-37066942.12,-37066942.12,0,-37076149.03,952,97.94441652
1811,0,-37066942.12,-37040148.04,1.490116119e-08,26794.07335,1.446854961e-15,0.002601618589,26794.07335,0.002601618589,0.9894692936,751.0448211,1.325222222,2686.908177,0,0,-37066942.12,-37066942.12,0,-37076149.03,953,97.97818804
1812,0,-37066942.12,-37165520.81,-2.980232239e-08,-98578.69194,-2.893709923e-15,-0.009571674828,-98578.69194,-0.009571674828,12.81399227,12.81399227,0.07744444444,0.1953939394,0,0,-37066942.12,-37066942.12,0,-37076149.03,954,98.12326884
1813,0,-37066942.12,-37084973.24,-7.450580597e-09,-18031.12048,-7.234274806e-16,-0.001750763969,-18031.12048,-0.001750763969,1.758148051,1.758148051,0.02096969697,0.07556565657,0,0,-37066942.12,-37066942.12,0,-37076149.03,955,98.26024985
1814,0,-37066942.12,-37050485.96,7.450580597e-09,16456.15127,7.234274806e-16,0.001597839511,16456.15127,0.001597839511,1.568164329,23.43183567,1,81.33928283,0,0,-37066942.12,-37066942.12,0,-37076149.03,956,98.30927205
1815,0,-37081003.34,-37010337.45,-14061.2218,56604.66391,-0.00136529954,0.005496131324,70665.88571,0.006861430865,2.356481606,2.356481606,0.03727777778,0.1010050505,0,0,-37066942.12,-37066942.12,0,-37076149.03,957,98.36517096
1816,0,-37066942.12,-37149483.39,1.490116119e-08,-82541.26975,1.446854961e-15,-0.008014492568,-82541.26975,-0.008014492568,1.864870431,18.13512957,1,44.38875253,0,0,-37066942.12,-37066942.12,0,-37076149.03,958,98.41382527
1817,0,-37083791.28,-37068031.94,-16849.16769,-1089.821739,-0.001636000144,-0.0001058181956,15759.34595,0.001530181949,2.429305184,2.429305184,0.038,0.1114191919,0,0,-37066942.12,-37066942.12,0,-37076149.03,959,98.45571923
1818,0,-37066942.12,-37046676.26,2.235174179e-08,20265.86076,2.170282442e-15,0.001967750084,20265.86076,0.001967750084,2.066658177,2.066658177,0.038,0.1050555556,0,0,-37066942.12,-37066942.12,0,-37076149.03,960,98.50595403
1819,0,-37066942.12,-37007185.74,2.235174179e-08,59756.37947,2.170282442e-15,0.005802152798,59756.37947,0.005802152798,1.855923139,1.855923139,0.038,0.09872222222,0,0,-37066942.12,-37066942.12,0,-37076149.03,961,98.53940368
1820,0,-37066942.12,-37312731.08,1.490116119e-08,-245788.9656,1.446854961e-15,-0.02386532027,-245788.9656,-0.02386532027,1.749479669,25.25052033,1,80.43842424,0,0,-37066942.12,-37066942.12,0,-37076149.03,962,98.56771231
1821,0,-37244047.1,-37239534.65,-177104.9863,-172592.5306,-0.01719632616,-0.01675818118,4512.455702,0.0004381449765,2.735438145,2.735438145,0.04038888889,0.113540404,0,0,-37066942.12,-37066942.12,0,-37076149.03,963,98.63076901
1822,0,-37218432.52,-37279313.78,-151490.4037,-212371.6677,-0.01470923234,-0.02062060782,-60881.26404,-0.005911375482,1.64757589,1.64757589,0.01933333333,0.05843939394,0,0,-37066942.12,-37066942.12,0,-37076149.03,964,98.65996814
1823,0,-37254504.67,-37211149.56,-187562.5507,-144207.4396,-0.01821172212,-0.01400207988,43355.1111,0.00420964224,1.407771137,18.59222886,1,48.24414646,0,0,-37066942.12,-37066942.12,0,-37076149.03,965,98.68391633
1824,0,-37151027.8,-37152626.2,-84085.68919,-85684.08642,-0.008164450743,-0.008319649988,-1598.397229,-0.0001551992446,2.386436732,2.386436732,0.01933333333,0.05373737374,0,0,-37066942.12,-37066942.12,0,-37076149.03,966,98.71494555
1825,0,-37095583.28,-37032379.09,-28641.16356,34563.02473,-0.002780965125,0.003355958852,63204.1883,0.006136923977,1.663980337,19.33601966,1,62.30377778,0,0,-37066942.12,-37066942.12,0,-37076149.03,967,98.74241757
1826,0,-37066942.12,-37066842.91,2.235174179e-08,99.20656483,2.170282442e-15,9.632639272e-06,99.20656481,9.63263927e-06,1.51110956,1.51110956,0.01745454545,0.05456060606,0,0,-37066942.12,-37066942.12,0,-37076149.03,968,98.76963472
1827,0,-37087833.23,-37132794.52,-20891.11732,-65852.40902,-0.002028460491,-0.006394057715,-44961.29169,-0.004365597225,1.113319505,28.8866805,1,130.3919192,0,0,-37066942.12,-37066942.12,0,-37076149.03,969,98.78970742
1828,0,-37066942.12,-37092138.02,3.725290298e-08,-25195.90385,3.617137403e-15,-0.002446441456,-25195.90385,-0.002446441456,1.010962759,1.010962759,0.01933333333,0.04034343434,0,0,-37066942.12,-37066942.12,0,-37076149.03,970,98.82091331
1829,0,-37066942.12,-37012602.3,2.980232239e-08,54339.81627,2.893709923e-15,0.005276221883,54339.81627,0.005276221883,1.010962759,18.98903724,1,57.40918182,0,0,-37066942.12,-37066942.12,0,-37076149.03,971,98.84821415
1830,0,-37103388.56,-37109022.27,-36446.44474,-42080.15257,-0.003538832894,-0.004085847856,-5633.707829,-0.0005470149619,1.993451035,1.993451035,0.01933333333,0.03561616162,0,0,-37066942.12,-37066942.12,0,-37076149.03,972,98.91531277
1831,0,-37080523.39,-36949371.88,-13581.27897,117570.2374,-0.00131869863,0.01141569298,131151.5163,0.01273439161,0.8607389942,24.13926101,1,89.2374899,0,0,-37066942.12,-37066942.12,0,-37076149.03,973,98.94293451
1832,0,-37066942.12,-37026983.89,3.725290298e-08,39958.22256,3.617137403e-15,0.003879815258,39958.22256,0.003879815258,1.951699355,1.951699355,0.04763636364,0.08276767677,0,0,-37066942.12,-37066942.12,0,-37076149.03,974,98.99575424
1833,0,-37066942.12,-37199073.21,2.235174179e-08,-132131.0945,2.170282442e-15,-0.0128295055,-132131.0945,-0.0128295055,1.939506656,11.06049334,1,32.27365152,0,0,-37066942.12,-37066942.12,0,-37076149.03,975,99.01798463
1834,0,-37144105.22,-37128042.03,-77163.1071,-61099.91762,-0.007492290224,-0.005932606043,16063.18948,0.001559684181,1.757413852,1.757413852,0.01933333333,0.03257575758,0,0,-37066942.12,-37066942.12,0,-37076149.03,976,99.04337382
1835,0,-37101944.97,-36979197.71,-35002.84972,87744.40687,-0.003398664448,0.008519700495,122747.2566,0.01191836494,0.7916221063,25.20837789,1,82.26316667,0,0,-37066942.12,-37066942.12,0,-37076149.03,977,99.06492424
1836,0,-37066942.12,-37043654.93,2.235174179e-08,23287.18288,2.170282442e-15,0.002261110772,23287.18288,0.002261110772,2.496852442,2.496852442,0.01522222222,0.02846464646,0,0,-37066942.12,-37066942.12,0,-37076149.03,978,99.09312344
1837,0,-37066942.12,-37091243.99,2.235174179e-08,-24301.87721,2.170282442e-15,-0.002359634337,-24301.87721,-0.002359634337,0.6851792145,10.31482079,1,22.23944444,0,0,-37066942.12,-37066942.12,0,-37076149.03,979,99.12709546
1838,0,-37066942.12,-37123910.66,2.235174179e-08,-56968.54079,2.170282442e-15,-0.005531462602,-56968.54079,-0.005531462602,1.611076455,1.611076455,0.01933333333,0.03354545455,0,0,-37066942.12,-37066942.12,0,-37076149.03,980,99.1510644
1839,0,-37097875.63,-37078529.41,-30933.50999,-11587.29392,-0.003003544611,-0.001125089077,19346.21607,0.001878455534,0.8106306173,28.18936938,1,129.4302626,0,0,-37066942.12,-37066942.12,0,-37076149.03,981,99.17278671
1840,0,-37066942.12,-37043272.91,2.235174179e-08,23669.20291,2.170282442e-15,0.002298203692,23669.20291,0.002298203692,1.611671812,1.611671812,0.01522222222,0.02846464646,0,0,-37066942.12,-37066942.12,0,-37076149.03,982,99.19781947
1841,0,-37073853.05,-37100289.86,-6910.934529,-33347.74853,-0.0006710295782,-0.00323795943,-26436.814,-0.002566929852,0.6851792145,22.31482079,1,84.38043434,0,0,-37066942.12,-37066942.12,0,-37076149.03,983,99.23970294
1842,0,-37094858.78,-37128112.88,-27916.66859,-61170.76112,-0.002710618986,-0.005939484719,-33254.09253,-0.003228865733,1.576496446,1.576496446,0.01933333333,0.03354545455,0,0,-37066942.12,-37066942.12,0,-37076149.03,984,99.26286125
1843,0,-37102092.09,-37022748.07,-35149.97692,44194.04189,-0.003412950027,0.004291099729,79344.01881,0.007704049756,0.8106306173,18.18936938,1,69.25181313,0,0,-37066942.12,-37066942.12,0,-37076149.03,985,99.28522491
1844,0,-37068922.2,-37047857.15,-1980.084377,19084.96255,-0.0001922598426,0.001853088655,21065.04693,0.002045348498,1.369553331,1.369553331,0.01522222222,0.02846464646,0,0,-37066942.12,-37066942.12,0,-37076149.03,986,99.30785275
1845,0,-37078195.16,-37113050.17,-11253.04126,-46108.05473,-0.001092634216,-0.004476944238,-34855.01347,-0.003384310022,0.6851792145,11.31482079,1,26.17578283,0,0,-37066942.12,-37066942.12,0,-37076149.03,987,99.32969785
1846,0,-37096875.35,-37130192.76,-29933.23718,-63250.64795,-0.002906421329,-0.00614143506,-33317.41077,-0.003235013731,1.576496446,1.576496446,0.01933333333,0.03354545455,0,0,-37066942.12,-37066942.12,0,-37076149.03,988,99.35297871
1847,0,-37104108.66,-37021077.26,-37166.54551,45864.85625,-0.00360875237,0.004453330445,83031.40176,0.008062082815,0.8106306173,21.18936938,1,75.29213636,0,0,-37066942.12,-37066942.12,0,-37076149.03,989,99.37442374
1848,0,-37066942.12,-37048239.17,2.235174179e-08,18702.94252,2.170282442e-15,0.001815995735,18702.94252,0.001815995735,1.399091289,1.399091289,0.01522222222,0.02846464646,0,0,-37066942.12,-37066942.12,0,-37076149.03,990,99.39748907
1849,0,-37070729.86,-37139473.23,-3787.74627,-72531.1126,-0.0003677780148,-0.007042538414,-68743.36633,-0.006674760399,0.6851792145,21.31482079,1,85.37325758,0,0,-37066942.12,-37066942.12,0,-37076149.03,991,99.43976402
1850,0,-37066942.12,-37094367.06,2.235174179e-08,-27424.94346,2.170282442e-15,-0.002662874053,-27424.94346,-0.002662874053,1.917046891,1.917046891,0.01933333333,0.02554545455,0,0,-37066942.12,-37066942.12,0,-37076149.03,992,99.46592045
1851,0,-37066942.12,-37074092.75,2.235174179e-08,-7150.637564,2.170282442e-15,-0.0006943039742,-7150.637564,-0.0006943039742,0.6379034598,25.36209654,1,78.30890909,0,0,-37066942.12,-37066942.12,0,-37076149.03,993,99.49088502
1852,0,-37093204.17,-37114415.77,-26262.05291,-47473.65887,-0.002549961111,-0.00460954002,-21211.60596,-0.002059578909,1.913234853,1.913234853,0.01933333333,0.03263636364,0,0,-37066942.12,-37066942.12,0,-37076149.03,994,99.52370143
1853,0,-37076588.83,-36939390.85,-9646.716714,127551.2658,-0.0009366652542,0.01238481883,137197.9825,0.01332148408,0.7916921636,17.20830784,1,57.36184343,0,0,-37066942.12,-37066942.12,0,-37076149.03,995,99.54892612
1854,0,-37066942.12,-37100474.13,2.235174179e-08,-33532.01432,2.170282442e-15,-0.003255851047,-33532.01432,-0.003255851047,1.273417374,1.273417374,0.01933333333,0.02422222222,0,0,-37066942.12,-37066942.12,0,-37076149.03,996,99.60329318
1855,0,-37071186.09,-36996683.64,-4243.97582,70258.47966,-0.0004120764409,0.006821873044,74502.45548,0.007233949485,0.5979349609,25.40206504,1,105.2963131,0,0,-37066942.12,-37066942.12,0,-37076149.03,997,99.65264916
1856,0,-37066942.12,-37057264.87,2.980232239e-08,9677.242612,2.893709923e-15,0.0009396292211,9677.242612,0.0009396292211,1.198153384,1.198153384,0.01522222222,0.02823232323,0,0,-37066942.12,-37066942.12,0,-37076149.03,998,99.70291758
1857,0,-37066942.12,-36999322.4,2.235174179e-08,67619.71325,2.170282442e-15,0.006565657288,67619.71325,0.006565657288,0.6796658785,12.32033412,1,28.15743434,0,0,-37066942.12,-37066942.12,0,-37076149.03,999,99.74871373
1858,0,-37066942.12,-37056711.25,3.725290298e-08,10230.87045,3.617137403e-15,0.0009933847086,10230.87045,0.0009933847086,1.103226776,1.103226776,0.01272222222,0.01761111111,0,0,-37066942.12,-37066942.12,0,-37076149.03,1000,99.80334711
1859,0,-37066942.12,-37147537.96,3.725290298e-08,-80595.84164,3.617137403e-15,-0.007825597739,-80595.84164,-0.007825597739,0.4481971492,12.55180285,1,24.16366162,0,0,-37066942.12,-37066942.12,0,-37076149.03,1001,99.86583328
1860,0,-37108009.96,-37120580.43,-41067.8478,-53638.31688,-0.00398755631,-0.005208108542,-12570.46908,-0.001220552232,1.623337738,1.623337738,0.01933333333,0.03234343434,0,0,-37066942.12,-37066942.12,0,-37076149.03,1002,99.90917444
1861,0,-37083305.64,-36983973.97,-16363.52235,82968.14514,-0.001588845539,0.0080559408,99331.66749,0.009644786339,0.7830178338,19.21698217,1,83.27679798,0,0,-37066942.12,-37066942.12,0,-37076149.03,1003,99.93136144
1862,0,-37066942.12,-37099473.26,2.235174179e-08,-32531.14422,2.170282442e-15,-0.00315866977,-32531.14422,-0.00315866977,1.296322184,1.296322184,0.01933333333,0.02422222222,0,0,-37066942.12,-37066942.12,0,-37076149.03,1004,99.97362971
1863,0,-37070185.22,-37007812.71,-3243.105716,59129.40993,-0.0003148951638,0.005741276065,62372.51564,0.006056171229,0.5979349609,14.40206504,1,50.08976768,0,0,-37066942.12,-37066942.12,0,-37076149.03,1005,100.0259166
1864,0,-37066942.12,-37056264,2.235174179e-08,10678.11272,2.170282442e-15,0.001036810498,10678.11272,0.001036810498,1.181546884,1.181546884,0.01522222222,0.02823232323,0,0,-37066942.12,-37066942.12,0,-37076149.03,1006,100.0523024
1865,0,-37066942.12,-36991701.24,2.235174179e-08,75240.87632,2.170282442e-15,0.00730564778,75240.87632,0.00730564778,0.6796658785,18.32033412,1,69.28524747,0,0,-37066942.12,-37066942.12,0,-37076149.03,1007,100.0999405
1866,0,-37066942.12,-37055710.38,3.725290298e-08,11231.74056,3.617137403e-15,0.001090565986,11231.74056,0.001090565986,1.121180097,1.121180097,0.01272222222,0.01761111111,0,0,-37066942.12,-37066942.12,0,-37076149.03,1008,100.1486442
1867,0,-37066942.12,-37202956.97,2.980232239e-08,-136014.8553,2.893709923e-15,-0.01320660622,-136014.8553,-0.01320660622,0.4398291244,11.56017088,1,13.20059091,0,0,-37066942.12,-37066942.12,0,-37076149.03,1009,100.1939089
1868,0,-37113117.34,-37126832.38,-46175.22616,-59890.26569,-0.004483466368,-0.00581515272,-13715.03953,-0.001331686352,1.623337738,1.623337738,0.01933333333,0.03234343434,0,0,-37066942.12,-37066942.12,0,-37076149.03,1010,100.2344885
1869,0,-37089557.59,-36998256.07,-22615.47115,68686.04884,-0.002195889717,0.006669195055,91301.52,0.008865084772,0.7830178338,11.21698217,1,32.11549495,0,0,-37066942.12,-37066942.12,0,-37076149.03,1011,100.2563376
1870,0,-37066942.12,-37105725.21,2.980232239e-08,-38783.09302,2.893709923e-15,-0.003765713948,-38783.09302,-0.003765713948,1.18057779,1.18057779,0.01933333333,0.02422222222,0,0,-37066942.12,-37066942.12,0,-37076149.03,1012,100.3057446
1871,0,-37076437.17,-37011639.16,-9495.05452,55302.95939,-0.0009219393416,0.00536973999,64798.01391,0.006291679332,0.5979349609,18.40206504,1,79.16970202,0,0,-37066942.12,-37066942.12,0,-37076149.03,1013,100.3547919
1872,0,-37066942.12,-37062255.23,2.235174179e-08,4686.8817,2.170282442e-15,0.0004550811814,4686.8817,0.0004550811814,1.171251141,1.171251141,0.01522222222,0.02834343434,0,0,-37066942.12,-37066942.12,0,-37076149.03,1014,100.3905752
1873,0,-37066942.12,-36998259.13,2.235174179e-08,68682.98704,2.170282442e-15,0.006668897763,68682.98704,0.006668897763,0.6824167835,18.31758322,1,66.28581818,0,0,-37066942.12,-37066942.12,0,-37076149.03,1015,100.4247882
1874,0,-37066942.12,-37064618.12,2.235174179e-08,2323.996633,2.170282442e-15,0.0002256526196,2323.996633,0.0002256526196,1.179820879,1.179820879,0.01272222222,0.01761111111,0,0,-37066942.12,-37066942.12,0,-37076149.03,1016,100.470269
1875,0,-37066942.12,-37128975.66,3.725290298e-08,-62033.54865,3.617137403e-15,-0.006023258621,-62033.54865,-0.006023258621,0.4442483463,15.55575165,1,44.14026768,0,0,-37066942.12,-37066942.12,0,-37076149.03,1017,100.526566
1876,0,-37090104.15,-37123363.84,-23162.03693,-56421.72473,-0.002248959501,-0.005478368517,-33259.6878,-0.003229409016,1.156246863,1.156246863,0.01694444444,0.04943434343,0,0,-37066942.12,-37066942.12,0,-37076149.03,1018,100.5536067
1877,0,-37096045.63,-37027968.67,-29103.51499,38973.44222,-0.002825857965,0.003784196245,68076.95721,0.00661005421,1.027755243,9.972244757,1,22.07035859,0,0,-37066942.12,-37066942.12,0,-37076149.03,1019,100.5809896
1878,0,-37066942.12,-37039961.01,2.980232239e-08,26981.10888,2.893709923e-15,0.00261977914,26981.10888,0.00261977914,0.4946166814,0.4946166814,0.01522222222,0.02011111111,0,0,-37066942.12,-37066942.12,0,-37076149.03,1020,100.6224084
1879,0,-37066942.12,-37190843.22,2.980232239e-08,-123901.0993,2.893709923e-15,-0.01203039937,-123901.0993,-0.01203039937,0.4946166814,15.50538332,1,46.17290909,0,0,-37066942.12,-37066942.12,0,-37076149.03,1021,100.6421194
1880,0,-37130191.19,-37125384.61,-63249.07515,-58442.49338,-0.006141282346,-0.005674578672,4806.581766,0.0004667036739,1.751560484,1.751560484,0.01933333333,0.03234343434,0,0,-37066942.12,-37066942.12,0,-37076149.03,1022,100.6693211
1881,0,-37088109.81,-36979379.77,-21167.69884,87562.34593,-0.002055315669,0.008502022962,108730.0448,0.01055733863,0.7830178338,25.21698217,1,103.3858232,0,0,-37066942.12,-37066942.12,0,-37076149.03,1023,100.6912065
1882,0,-37066942.12,-37104277.44,3.725290298e-08,-37335.32071,3.617137403e-15,-0.0036251399,-37335.32071,-0.0036251399,1.204683777,1.204683777,0.01933333333,0.02422222222,0,0,-37066942.12,-37066942.12,0,-37076149.03,1024,100.7368772
1883,0,-37074853.99,-37088497.22,-7911.869903,-21555.10874,-0.0007682171929,-0.002092931928,-13643.23884,-0.001324714735,0.5979349609,14.40206504,1,60.07170707,0,0,-37066942.12,-37066942.12,0,-37076149.03,1025,100.7823257
1884,0,-37066942.12,-37059534.23,3.725290298e-08,7407.881442,3.617137403e-15,0.0007192815296,7407.881442,0.0007192815296,1.184644393,1.184644393,0.01522222222,0.02834343434,0,0,-37066942.12,-37066942.12,0,-37076149.03,1026,100.810003
1885,0,-37074799.9,-37047702.1,-7857.786203,19240.01325,-0.000762965839,0.001868143581,27097.79946,0.00263110942,0.6824167835,11.31758322,1,27.17165152,0,0,-37066942.12,-37066942.12,0,-37076149.03,1027,100.8411038
1886,0,-37066942.12,-37122821.31,2.980232239e-08,-55879.19274,2.893709923e-15,-0.005425690401,-55879.19274,-0.005425690401,2.576218572,2.576218572,0.01933333333,0.02887878788,0,0,-37066942.12,-37066942.12,0,-37076149.03,1028,100.8681874
1887,0,-37095873.72,-37022073.87,-28931.60553,44868.24631,-0.002809166108,0.004356562816,73799.85184,0.007165728925,0.7042770261,24.29572297,1,99.36125758,0,0,-37066942.12,-37066942.12,0,-37076149.03,1029,100.8942792
1888,0,-37066942.12,-37051746.97,2.980232239e-08,15195.14298,2.893709923e-15,0.001475399649,15195.14298,0.001475399649,1.286680403,1.286680403,0.01522222222,0.02833838384,0,0,-37066942.12,-37066942.12,0,-37076149.03,1030,100.918622
1889,0,-37068041.94,-37119557.09,-1099.823565,-52614.97141,-0.0001067893408,-0.005108744979,-51515.14785,-0.005001955638,0.6828065041,14.3171935,1,53.22876263,0,0,-37066942.12,-37066942.12,0,-37076149.03,1031,100.9415152
1890,0,-37066942.12,-35590762.03,2.235174179e-08,1476180.088,2.170282442e-15,0.1433323522,1476180.088,0.1433323522,2.617264425,704.9082582,1.822333333,2588.894258,0,0,-37066942.12,-37066942.12,0,-37076149.03,1032,100.9685681
1891,0,-37066942.12,-37114326.62,7.450580597e-09,-47384.50909,7.234274806e-16,-0.004600883862,-47384.50909,-0.004600883862,7.70783541,7.70783541,0.08272727273,0.2022373737,0,0,-37066942.12,-37066942.12,0,-37076149.03,1033,101.1426628
1892,0,-37066942.12,-37097311.59,-2.235174179e-08,-30369.47888,-2.170282442e-15,-0.002948778999,-30369.47888,-0.002948778999,4.066661756,4.066661756,0.03903030303,0.1582020202,0,0,-37066942.12,-37066942.12,0,-37076149.03,1034,101.30428
1893,0,-37066942.12,-37074988.61,-2.235174179e-08,-8046.498426,-2.170282442e-15,-0.0007812891906,-8046.498426,-0.0007812891906,4.057509066,20.94249093,1,11.42226263,0,0,-37066942.12,-37066942.12,0,-37076149.03,1035,101.3464215
1894,0,-37066942.12,-37062392.82,-7.450580597e-09,4549.296169,-7.234274806e-16,0.0004417220676,4549.296169,0.0004417220676,4.1873121,4.1873121,0.03557575758,0.06713636364,0,0,-37066942.12,-37066942.12,0,-37076149.03,1036,101.425426
1895,0,-37066942.12,-37082470.64,4.470348358e-08,-15528.52109,4.340564884e-15,-0.001507769595,-15528.52109,-0.001507769595,1.153924881,1.153924881,0.01444444444,0.03156060606,0,0,-37066942.12,-37066942.12,0,-37076149.03,1037,101.4707127
1896,0,-37072599.98,-36908325.77,-5657.868844,158616.3423,-0.0005493609189,0.01540113812,164274.2111,0.01595049904,0.772490727,27.22750927,1,109.5441919,0,0,-37066942.12,-37066942.12,0,-37076149.03,1038,101.512893
1897,0,-37066942.12,-37092796.91,4.470348358e-08,-25854.79537,4.340564884e-15,-0.00251041771,-25854.79537,-0.00251041771,0.8849535687,0.8849535687,0.01105555556,0.01944444444,0,0,-37066942.12,-37066942.12,0,-37076149.03,1039,101.5997043
1898,0,-37073344.35,-36959133.3,-6402.238964,107808.8167,-0.0006216368703,0.01046789034,114211.0556,0.01108952721,0.4888268156,19.51117318,1,69.28468687,0,0,-37066942.12,-37066942.12,0,-37076149.03,1040,101.6405766
1899,0,-37066942.12,-37069416.9,3.725290298e-08,-2474.780631,3.617137403e-15,-0.0002402932622,-2474.780631,-0.0002402932622,0.3497895688,0.3497895688,0.008388888889,0.008388888889,0,0,-37066942.12,-37066942.12,0,-37076149.03,1041,101.7289641
1900,0,-37066942.12,-37031983.16,3.725290298e-08,34958.9535,3.617137403e-15,0.003394402265,34958.9535,0.003394402265,0.2220431414,15.77795686,1,55.2600404,0,0,-37066942.12,-37066942.12,0,-37076149.03,1042,101.7993863
1901,0,-37066942.12,-37059723.98,3.725290298e-08,7218.135239,3.617137403e-15,0.0007008577819,7218.135239,0.0007008577819,0.5968218408,0.5968218408,0.02238888889,0.0252979798,0,0,-37066942.12,-37066942.12,0,-37076149.03,1043,101.8390391
1902,0,-37066942.12,-37116214.27,3.725290298e-08,-49272.15118,3.617137403e-15,-0.004784167855,-49272.15118,-0.004784167855,0.5625642485,17.43743575,1,87.22437879,0,0,-37066942.12,-37066942.12,0,-37076149.03,1044,101.8574522
1903,0,-37066942.12,-37059455.35,2.980232239e-08,7486.763422,2.893709923e-15,0.0007269407169,7486.763422,0.0007269407169,0.5768801929,0.5768801929,0.01111111111,0.022,0,0,-37066942.12,-37066942.12,0,-37076149.03,1045,101.9272892
1904,0,-37066942.12,-37375737.65,3.725290298e-08,-308795.5298,3.617137403e-15,-0.02998305558,-308795.5298,-0.02998305558,0.5768801929,29.42311981,1,117.6051061,0,0,-37066942.12,-37066942.12,0,-37076149.03,1046,101.9454081
1905,0,-37066942.12,-37102715.99,5.215406418e-08,-35773.87338,5.063992364e-15,-0.003473528372,-35773.87338,-0.003473528372,0.8550012327,0.8550012327,0.01933333333,0.03311111111,0,0,-37066942.12,-37066942.12,0,-37076149.03,1047,101.9857495
1906,0,-37066942.12,-37123187.93,5.215406418e-08,-56245.80927,5.063992364e-15,-0.00546128769,-56245.80927,-0.00546128769,0.8550012327,10.14499877,1,36.05611616,0,0,-37066942.12,-37066942.12,0,-37076149.03,1048,102.0037696
1907,0,-37066942.12,-37011659.17,4.470348358e-08,55282.94854,4.340564884e-15,0.005367797001,55282.94854,0.005367797001,1.19288415,1.19288415,0.01111111111,0.01111111111,0,0,-37066942.12,-37066942.12,0,-37076149.03,1049,102.0750265
1908,0,-37066942.12,-37398499.44,4.470348358e-08,-331557.3196,4.340564884e-15,-0.03219315237,-331557.3196,-0.03219315237,1.183724397,20.8162756,1,66.2445,0,0,-37066942.12,-37066942.12,0,-37076149.03,1050,102.1247206
1909,0,-37104017.86,-37135282.94,-37075.74035,-68340.81933,-0.003599935479,-0.006635674376,-31265.07899,-0.003035738897,0.6265808557,0.6265808557,0.01377777778,0.01377777778,0,0,-37066942.12,-37066942.12,0,-37076149.03,1051,102.1627133
1910,0,-37104017.86,-37080919.85,-37075.74035,-13977.7324,-0.003599935479,-0.001357192987,23098.00795,0.002242742493,0.6265808557,21.37341914,1,94.29363131,0,0,-37066942.12,-37066942.12,0,-37076149.03,1052,102.180697
1911,0,-37066942.12,-37032090.69,3.725290298e-08,34851.4238,3.617137403e-15,0.003383961476,34851.4238,0.003383961476,0.8236163858,0.8236163858,0.02177777778,0.02395959596,0,0,-37066942.12,-37066942.12,0,-37076149.03,1053,102.2190881
1912,0,-37066942.12,-37310451.33,3.725290298e-08,-243509.2183,3.617137403e-15,-0.02364396412,-243509.2183,-0.02364396412,0.8236163858,29.17638361,1,125.4978838,0,0,-37066942.12,-37066942.12,0,-37076149.03,1054,102.2372406
1913,0,-37091435.35,-37115490.74,-24493.23273,-48548.62556,-0.002378214344,-0.004713915838,-24055.39283,-0.002335701494,0.8416646546,0.8416646546,0.01377777778,0.02233333333,0,0,-37066942.12,-37066942.12,0,-37076149.03,1055,102.2752178
1914,0,-37091435.35,-37099927.88,-24493.23273,-32985.76103,-0.002378214344,-0.003202811605,-8492.5283,-0.0008245972609,0.8416646546,21.15833535,1,86.27674747,0,0,-37066942.12,-37066942.12,0,-37076149.03,1056,102.2956202
1915,0,-37066942.12,-37048307.41,7.450580597e-09,18634.70146,7.234274806e-16,0.001809369747,18634.70146,0.001809369747,0.7816106495,0.7816106495,0.02427777778,0.02924747475,0,0,-37066942.12,-37066942.12,0,-37076149.03,1057,102.3474948
1916,0,-37066942.12,-37183277.54,0,-116335.4209,0,-0.01129579626,-116335.4209,-0.01129579626,0.7816106495,28.21838935,1,118.5530455,0,0,-37066942.12,-37066942.12,0,-37076149.03,1058,102.3655763
1917,0,-37087842.35,-37073286.13,-20900.23729,-6344.011251,-0.00202934601,-0.0006159831461,14556.22603,0.001413362864,2.794404115,2.794404115,0.08338888889,0.171469697,0,0,-37066942.12,-37066942.12,0,-37076149.03,1059,102.3995082
1918,0,-37087842.35,-37000721.69,-20900.23729,66220.42313,-0.00202934601,0.006429790705,87120.66041,0.008459136715,2.794404115,20.20559589,1,85.53070202,0,0,-37066942.12,-37066942.12,0,-37076149.03,1060,102.4175441
1919,0,-37066942.12,-37083663.43,7.450580597e-09,-16721.31255,7.234274806e-16,-0.001623585821,-16721.31255,-0.001623585821,1.997823891,1.997823891,0.06466666667,0.1136969697,0,0,-37066942.12,-37066942.12,0,-37076149.03,1061,102.4827704
1920,0,-37066942.12,-37166084.81,7.450580597e-09,-99142.69119,7.234274806e-16,-0.009626437347,-99142.69119,-0.009626437347,1.782302603,28.2176974,1,115.6320202,0,0,-37066942.12,-37066942.12,0,-37076149.03,1062,102.5032909
1921,0,-37093391.91,-37185623.58,-26449.79546,-118681.4633,-0.002568190311,-0.01152358945,-92231.66782,-0.008955399142,2.832063443,2.832063443,0.02488888889,0.0443030303,0,0,-37066942.12,-37066942.12,0,-37076149.03,1063,102.5324745
1922,0,-37113906.29,-37139730.8,-46964.17029,-72788.68252,-0.004560070313,-0.007067547626,-25824.51223,-0.002507477314,0.7451303676,0.7451303676,0.01377777778,0.01377777778,0,0,-37066942.12,-37066942.12,0,-37076149.03,1064,102.5557623
1923,0,-37108465.72,-37089391.11,-41523.60353,-22448.99428,-0.004031808729,-0.002179725346,19074.60925,0.001852083383,0.6265808557,20.37341914,1,86.25683333,0,0,-37066942.12,-37066942.12,0,-37076149.03,1065,102.5737195
1924,0,-37066942.12,-37037770.65,2.235174179e-08,29171.46822,2.170282442e-15,0.002832456006,29171.46822,0.002832456006,0.8577494325,0.8577494325,0.02483333333,0.03040909091,0,0,-37066942.12,-37066942.12,0,-37076149.03,1066,102.6032786
1925,0,-37066942.12,-37235102.59,2.980232239e-08,-168160.471,2.893709923e-15,-0.01632784242,-168160.471,-0.01632784242,0.8577494325,27.14225057,1,125.4414596,0,0,-37066942.12,-37066942.12,0,-37076149.03,1067,102.6213555
1926,0,-37087972.94,-37125242.91,-21030.82626,-58300.79142,-0.00204202578,-0.005660819866,-37269.96516,-0.003618794086,0.7675438704,0.7675438704,0.01377777778,0.01938888889,0,0,-37066942.12,-37066942.12,0,-37076149.03,1068,102.6474607
1927,0,-37087972.94,-36912328.31,-21030.82626,154613.8094,-0.00204202578,0.01501250502,175644.6357,0.0170545308,0.7675438704,22.23245613,1,77.37937374,0,0,-37066942.12,-37066942.12,0,-37076149.03,1069,102.6654098
1928,0,-37066942.12,-37082834.53,2.235174179e-08,-15892.41185,2.170282442e-15,-0.001543102221,-15892.41185,-0.001543102221,1.025601389,1.025601389,0.03372222222,0.03933333333,0,0,-37066942.12,-37066942.12,0,-37076149.03,1070,102.7047057
1929,0,-37066942.12,-37034992.94,2.235174179e-08,31949.1791,2.170282442e-15,0.003102162824,31949.1791,0.003102162824,0.896439877,0.896439877,0.005611111111,0.005611111111,0,0,-37066942.12,-37066942.12,0,-37076149.03,1071,102.7355664
1930,0,-37066942.12,-37319027.69,2.235174179e-08,-252085.5743,2.170282442e-15,-0.02447670078,-252085.5743,-0.02447670078,0.6373019483,17.36269805,1,67.24492929,0,0,-37066942.12,-37066942.12,0,-37076149.03,1072,102.7678213
1931,0,-37123314.47,-37149138.98,-56372.34926,-82196.86149,-0.005473574317,-0.007981051631,-25824.51223,-0.002507477314,0.7451303676,0.7451303676,0.01377777778,0.01377777778,0,0,-37066942.12,-37066942.12,0,-37076149.03,1073,102.8105452
1932,0,-37117873.9,-37109709.87,-50931.7825,-42767.75297,-0.004945312734,-0.004152611649,8164.029536,0.0007927010845,0.6265808557,10.37341914,1,39.08044444,0,0,-37066942.12,-37066942.12,0,-37076149.03,1074,102.8285699
1933,0,-37066942.12,-37047178.83,2.235174179e-08,19763.28924,2.170282442e-15,0.001918952001,19763.28924,0.001918952001,0.7879020733,0.7879020733,0.02483333333,0.03040909091,0,0,-37066942.12,-37066942.12,0,-37076149.03,1075,102.8661153
1934,0,-37066942.12,-37186970.29,2.980232239e-08,-120028.1696,2.893709923e-15,-0.01165435032,-120028.1696,-0.01165435032,0.7879020733,13.21209793,1,37.14085859,0,0,-37066942.12,-37066942.12,0,-37076149.03,1076,102.8859563
1935,0,-37097381.12,-37134651.09,-30439.00523,-67708.97039,-0.002955529785,-0.006574323871,-37269.96516,-0.003618794086,0.7675438704,0.7675438704,0.01377777778,0.01938888889,0,0,-37066942.12,-37066942.12,0,-37076149.03,1077,102.9123623
1936,0,-37097381.12,-36921011.73,-30439.00523,145930.3907,-0.002955529785,0.01416937291,176369.3959,0.0171249027,0.7675438704,23.23245613,1,85.40326768,0,0,-37066942.12,-37066942.12,0,-37076149.03,1078,102.9303944
1937,0,-37066942.12,-37032690.94,2.235174179e-08,34251.18034,2.170282442e-15,0.003325679761,34251.18034,0.003325679761,0.8882404059,0.8882404059,0.005611111111,0.005611111111,0,0,-37066942.12,-37066942.12,0,-37076149.03,1079,102.96662
1938,0,-37066942.12,-37304387.04,2.980232239e-08,-237444.9279,2.893709923e-15,-0.02305514097,-237444.9279,-0.02305514097,0.6649806337,28.33501937,1,124.4638838,0,0,-37066942.12,-37066942.12,0,-37076149.03,1080,102.9894822
1939,0,-37123314.47,-36227091.38,-56372.34926,839850.7354,-0.005473574317,0.08154681286,896223.0846,0.08702038717,0.7451303676,698.2311639,1.722055556,2642.441253,0,0,-37066942.12,-37066942.12,0,-37076149.03,1081,103.0341923
1940,0,-37066942.12,-36901981.63,-7.450580597e-09,164960.4821,-7.234274806e-16,0.01601713375,164960.4821,0.01601713375,10.37198572,10.37198572,0.05751515152,0.2286161616,0,0,-37066942.12,-37066942.12,0,-37076149.03,1082,103.1771855
1941,0,-37066942.12,-37031380.49,0,35561.62559,0,0.003452919793,35561.62559,0.003452919793,4.127893641,4.127893641,0.03,0.08184848485,0,0,-37066942.12,-37066942.12,0,-37076149.03,1083,103.3692315
1942,0,-37066942.12,-37249395.52,-7.450580597e-09,-182453.4078,-7.234274806e-16,-0.01771564074,-182453.4078,-0.01771564074,1.742635261,12.25736474,1,27.24617172,0,0,-37066942.12,-37066942.12,0,-37076149.03,1084,103.4025862
1943,0,-37173390.92,-37170459.23,-106448.7993,-103517.112,-0.01033583701,-0.01005117958,2931.687296,0.000284657434,2.291448695,2.291448695,0.02988888889,0.07317171717,0,0,-37066942.12,-37066942.12,0,-37076149.03,1085,103.4635515
1944,0,-37122921.74,-37027084.07,-55979.62586,39858.04309,-0.005435442135,0.003870088153,95837.66896,0.009305530287,2.043805985,13.98618519,1,1.581929293,0,0,-37066942.12,-37066942.12,0,-37076149.03,1086,103.5068247
1945,0,-37066942.12,-37044247.97,7.450580597e-09,22694.14417,7.234274806e-16,0.002203528615,22694.14417,0.002203528615,4.558030025,4.558030025,0.02860606061,0.1004040404,0,0,-37066942.12,-37066942.12,0,-37076149.03,1087,103.5810981
1946,0,-37066942.12,-37208022.07,2.235174179e-08,-141079.9529,2.170282442e-15,-0.01369841095,-141079.9529,-0.01369841095,1.423657075,26.57634292,1,81.12496465,0,0,-37066942.12,-37066942.12,0,-37076149.03,1088,103.6373055
1947,0,-37066942.12,-37107631.62,3.725290298e-08,-40689.50704,3.617137403e-15,-0.003950820636,-40689.50704,-0.003950820636,1.864449426,1.864449426,0.02483333333,0.06718686869,0,0,-37066942.12,-37066942.12,0,-37076149.03,1089,103.7241938
1948,0,-37075110.21,-37225887.51,-8168.097549,-158945.3922,-0.0007930960754,-0.01543308782,-150777.2946,-0.01463999174,1.25234084,23.74765916,1,50.56724747,0,0,-37066942.12,-37066942.12,0,-37076149.03,1090,103.7673988
1949,0,-37066942.12,-37041903.72,6.705522537e-08,25038.40073,6.510847326e-15,0.002431148408,25038.40073,0.002431148408,1.253411115,1.253411115,0.01338888889,0.0341010101,0,0,-37066942.12,-37066942.12,0,-37076149.03,1091,103.8048241
1950,0,-37066942.12,-37340609.69,6.705522537e-08,-273667.5713,6.510847326e-15,-0.02657224347,-273667.5713,-0.02657224347,0.726552059,17.27344794,1,60.28413636,0,0,-37066942.12,-37066942.12,0,-37076149.03,1092,103.9012754
1951,0,-37134809.8,-37132121.35,-67867.68329,-65179.23733,-0.006589734384,-0.006328694904,2688.445955,0.0002610394799,2.107733989,2.107733989,0.03060606061,0.09179292929,0,0,-37066942.12,-37066942.12,0,-37076149.03,1093,103.9500926
1952,0,-37075559.64,-37060595.33,-8617.522996,6346.785039,-0.000836733845,0.0006162524721,14964.30804,0.001452986317,1.170285486,1.170285486,0.01824242424,0.04283838384,0,0,-37066942.12,-37066942.12,0,-37076149.03,1094,103.9748373
1953,0,-37066942.12,-37231080.51,5.960464478e-08,-164138.3961,5.787419845e-15,-0.01593731184,-164138.3961,-0.01593731184,0.694129959,29.30587004,1,118.5400051,0,0,-37066942.12,-37066942.12,0,-37076149.03,1095,104.0189464
1954,0,-37160155.09,-37121753.8,-93212.97278,-54811.67968,-0.009050680707,-0.005322038306,38401.29311,0.003728642401,3.046239537,3.046239537,0.05260606061,0.1379646465,0,0,-37066942.12,-37066942.12,0,-37076149.03,1096,104.0604751
1955,0,-37101005.04,-37031219.23,-34062.91982,35722.88931,-0.003307400269,0.003468577982,69785.80913,0.006775978251,2.716692819,14.28330718,1,26.43283333,0,0,-37066942.12,-37066942.12,0,-37076149.03,1097,104.1015656
1956,0,-37066942.12,-37080542.82,5.215406418e-08,-13600.70053,5.063992364e-15,-0.001320584401,-13600.70053,-0.001320584401,3.15626795,3.15626795,0.05212121212,0.1122020202,0,0,-37066942.12,-37066942.12,0,-37076149.03,1098,104.1782222
1957,0,-37098353.01,-37016614.38,-31410.89273,50327.73304,-0.003049896944,0.004886661468,81738.62577,0.007936558412,1.507854123,28.49214588,1,86.53780808,0,0,-37066942.12,-37066942.12,0,-37076149.03,1099,104.2240331
1958,0,-37066942.12,-37094831.74,5.215406418e-08,-27889.62423,5.063992364e-15,-0.002707993066,-27889.62423,-0.002707993066,1.35034025,1.35034025,0.01745454545,0.04181313131,0,0,-37066942.12,-37066942.12,0,-37076149.03,1100,104.2640893
1959,0,-37080826.67,-37076765.76,-13884.55711,-9823.646226,-0.001348145966,-0.0009538445424,4060.910888,0.0003943014232,0.6306251575,16.36937484,1,74.26084848,0,0,-37066942.12,-37066942.12,0,-37076149.03,1101,104.2922556
1960,0,-37066942.12,-37077425.96,5.960464478e-08,-10483.84684,5.787419845e-15,-0.001017947904,-10483.84684,-0.001017947904,1.266313091,1.266313091,0.02654545455,0.05592424242,0,0,-37066942.12,-37066942.12,0,-37076149.03,1102,104.3363774
1961,0,-37066942.12,-37066899.19,5.215406418e-08,42.9273264,5.063992364e-15,4.168105718e-06,42.92732635,4.168105713e-06,0.8454451942,0.8454451942,0.014,0.03634848485,0,0,-37066942.12,-37066942.12,0,-37076149.03,1103,104.3766649
1962,0,-37066942.12,-37031549.52,5.215406418e-08,35392.59148,5.063992364e-15,0.003436507123,35392.59148,0.003436507123,0.5783501031,13.4216499,1,35.20190909,0,0,-37066942.12,-37066942.12,0,-37076149.03,1104,104.4124148
1963,0,-37066942.12,-37105892.58,5.215406418e-08,-38950.46777,5.063992364e-15,-0.0037819655,-38950.46777,-0.0037819655,1.511338874,1.511338874,0.0176969697,0.04227777778,0,0,-37066942.12,-37066942.12,0,-37076149.03,1105,104.4571371
1964,0,-37093019.63,-37098324.82,-26077.50993,-31382.70581,-0.002532042579,-0.003047160084,-5305.195883,-0.0005151175056,0.6339415817,12.36605842,1,44.17873232,0,0,-37066942.12,-37066942.12,0,-37076149.03,1106,104.4860742
1965,0,-37066942.12,-37077308.24,6.705522537e-08,-10366.12175,6.510847326e-15,-0.001006517176,-10366.12175,-0.001006517176,1.109473648,1.109473648,0.014,0.03634848485,0,0,-37066942.12,-37066942.12,0,-37076149.03,1107,104.5255327
1966,0,-37072674.83,-37018607.75,-5732.715532,48334.36946,-0.0005566282923,0.004693112258,54067.08499,0.00524974055,0.5782841384,18.42171586,1,63.29541414,0,0,-37066942.12,-37066942.12,0,-37076149.03,1108,104.5539062
1967,0,-37066942.12,-34816989.25,7.450580597e-08,2249952.87,7.234274806e-15,0.2184632076,2249952.87,0.2184632076,1.443972768,717.0826722,1.452777778,2567.812399,0,0,-37066942.12,-37066942.12,0,-37076149.03,1109,104.6012783
1968,0,-37066942.12,-36933436.89,-2.235174179e-08,133505.2259,-2.170282442e-15,0.01296292926,133505.2259,0.01296292926,20.41879413,20.41879413,0.1620606061,0.4573484848,0,0,-37066942.12,-37066942.12,0,-37076149.03,1110,104.7403684
1969,0,-37066942.12,-37028726.92,5.215406418e-08,38215.19496,5.063992364e-15,0.003710572867,38215.19496,0.003710572867,5.394294338,5.394294338,0.04957575758,0.1609747475,0,0,-37066942.12,-37066942.12,0,-37076149.03,1111,104.9437478
1970,0,-37066942.12,-37013403.67,5.215406418e-08,53538.44283,5.063992364e-15,0.005198411091,53538.44283,0.005198411091,5.156980124,5.156980124,0.09345454545,0.1856565657,0,0,-37066942.12,-37066942.12,0,-37076149.03,1112,104.9790747
1971,0,-37066942.12,-37444461.18,5.215406418e-08,-377519.0631,5.063992364e-15,-0.03665589026,-377519.0631,-0.03665589026,5.034894289,22.96510571,1,6.726575758,0,0,-37066942.12,-37066942.12,0,-37076149.03,1113,105.0108297
1972,0,-37066942.12,-37034144.73,6.705522537e-08,32797.38937,6.510847326e-15,0.003184521321,32797.38937,0.003184521321,2.480620378,2.480620378,0.02572222222,0.09661616162,0,0,-37066942.12,-37066942.12,0,-37076149.03,1114,105.0714803
1973,0,-37066942.12,-37024758.89,5.960464478e-08,42183.22973,5.787419845e-15,0.004095856318,42183.22973,0.004095856318,1.114687435,1.114687435,0.02383333333,0.05368181818,0,0,-37066942.12,-37066942.12,0,-37076149.03,1115,105.1297224
1974,0,-37066942.12,-37250290.82,5.960464478e-08,-183348.7077,5.787419845e-15,-0.01780257148,-183348.7077,-0.01780257148,0.9511874806,11.04881252,1,36.12655556,0,0,-37066942.12,-37066942.12,0,-37076149.03,1116,105.1510825
1975,0,-37125470.87,-37125327.71,-58528.7563,-58385.59277,-0.005682954525,-0.005669053806,143.1635292,1.390071954e-05,1.318447192,1.318447192,0.02433333333,0.07260606061,0,0,-37066942.12,-37066942.12,0,-37076149.03,1117,105.1836843
1976,0,-37123551.3,-37257581.05,-56609.18176,-190638.938,-0.005496569993,-0.01851042947,-134029.7562,-0.01301385947,1.282241756,25.71775824,1,91.6615404,0,0,-37066942.12,-37066942.12,0,-37076149.03,1118,105.2064221
1977,0,-37073980.52,-37040399.03,-7038.40066,26543.08371,-0.0006834061307,0.002577248299,33581.48437,0.00326065443,1.921689287,1.921689287,0.03727272727,0.1366717172,0,0,-37066942.12,-37066942.12,0,-37076149.03,1119,105.2370794
1978,0,-37066942.12,-37134453.87,5.960464478e-08,-67511.75031,5.787419845e-15,-0.006555174433,-67511.75031,-0.006555174433,1.89096303,24.10903697,1,87.48928788,0,0,-37066942.12,-37066942.12,0,-37076149.03,1120,105.2600057
1979,0,-37066942.12,-37060161.08,7.450580597e-08,6781.035576,7.234274806e-15,0.0006584168064,6781.035576,0.0006584168064,1.672748823,1.672748823,0.03484848485,0.1091111111,0,0,-37066942.12,-37066942.12,0,-37076149.03,1121,105.3099546
1980,0,-37066942.12,-37143088.41,5.960464478e-08,-76146.28958,5.787419845e-15,-0.007393560504,-76146.28958,-0.007393560504,1.642444825,27.35755518,1,117.503904,0,0,-37066942.12,-37066942.12,0,-37076149.03,1122,105.3585956
1981,0,-37066942.12,-37029776,6.705522537e-08,37166.11545,6.510847326e-15,0.003608710612,37166.11545,0.003608710612,1.903436918,1.903436918,0.03745454545,0.07212121212,0,0,-37066942.12,-37066942.12,0,-37076149.03,1123,105.3909121
1982,0,-37066942.12,-37069249,6.705522537e-08,-2306.88124,6.510847326e-15,-0.0002239907699,-2306.881241,-0.0002239907699,0.9910111274,0.9910111274,0.01848484848,0.0440959596,0,0,-37066942.12,-37066942.12,0,-37076149.03,1124,105.4425783
1983,0,-37066942.12,-37159516.88,5.215406418e-08,-92574.76598,5.063992364e-15,-0.008988712873,-92574.76598,-0.008988712873,0.9627701935,11.03722981,1,31.17822727,0,0,-37066942.12,-37066942.12,0,-37076149.03,1125,105.4684415
1984,0,-37066942.12,-37068401.05,5.215406418e-08,-1458.937488,5.063992364e-15,-0.000141658151,-1458.937488,-0.000141658151,0.9605710469,0.9605710469,0.009666666667,0.009666666667,0,0,-37066942.12,-37066942.12,0,-37076149.03,1126,105.5151589
1985,0,-37066942.12,-37126099.18,5.215406418e-08,-59157.06658,5.063992364e-15,-0.005743961438,-59157.06658,-0.005743961438,0.2500016742,16.74999833,1,78.23785859,0,0,-37066942.12,-37066942.12,0,-37076149.03,1127,105.5539916
1986,0,-37066942.12,-37023407.5,5.215406418e-08,43534.61907,5.063992364e-15,0.004227071889,43534.61907,0.004227071889,0.8307005624,0.8307005624,0.01781818182,0.03337373737,0,0,-37066942.12,-37066942.12,0,-37076149.03,1128,105.5947404
1987,0,-37066942.12,-37228299.27,5.960464478e-08,-161357.1504,5.787419845e-15,-0.0156672618,-161357.1504,-0.0156672618,0.8023877215,17.19761228,1,75.15212121,0,0,-37066942.12,-37066942.12,0,-37076149.03,1129,105.622066
1988,0,-37157418.41,-37171890.49,-90476.29487,-104948.3733,-0.008784958059,-0.01019015046,-14472.07847,-0.001405192405,0.2430167598,0.2430167598,0.009666666667,0.009666666667,0,0,-37066942.12,-37066942.12,0,-37076149.03,1130,105.6753695
1989,0,-37157418.41,-37171139.69,-90476.29487,-104197.5777,-0.008784958059,-0.01011725061,-13721.28283,-0.001332292556,0.2430167598,10.75698324,1,46.11235354,0,0,-37066942.12,-37066942.12,0,-37076149.03,1131,105.6933265
1990,0,-37136175.49,-37111722.67,-69233.37822,-44780.55598,-0.006722338981,-0.004348048366,24452.82224,0.002374290615,0.4106145251,0.4106145251,0.01781818182,0.03337373737,0,0,-37066942.12,-37066942.12,0,-37076149.03,1132,105.7152894
1991,0,-37136175.49,-37216322.6,-69233.37822,-149380.4876,-0.006722338981,-0.01450436625,-80147.10934,-0.007782027271,0.4106145251,22.58938547,1,100.2784646,0,0,-37066942.12,-37066942.12,0,-37076149.03,1133,105.7332013
1992,0,-37156957.11,-37171429.19,-90014.99478,-104487.0732,-0.008740167299,-0.0101453597,-14472.07847,-0.001405192405,0.2430167598,0.2430167598,0.009666666667,0.009666666667,0,0,-37066942.12,-37066942.12,0,-37076149.03,1134,105.7560444
1993,0,-37156957.11,-37168097.66,-90014.99478,-101155.5435,-0.008740167299,-0.009821878854,-11140.54876,-0.001081711555,0.2430167598,13.75698324,1,61.17972222,0,0,-37066942.12,-37066942.12,0,-37076149.03,1135,105.7739737
1994,0,-37135714.19,-37111261.37,-68772.07812,-44319.25588,-0.006677548221,-0.004303257607,24452.82224,0.002374290615,0.4106145251,0.4106145251,0.01781818182,0.03337373737,0,0,-37066942.12,-37066942.12,0,-37076149.03,1136,105.7958515
1995,0,-37135714.19,-37234891.16,-68772.07812,-167949.0406,-0.006677548221,-0.0163073132,-99176.96247,-0.009629764978,0.4106145251,9.589385475,1,42.06988889,0,0,-37066942.12,-37066942.12,0,-37076149.03,1137,105.8137925
1996,0,-37156957.11,-36744373.58,-90014.99478,322568.536,-0.008740167299,0.03132037031,412583.5308,0.04006053761,0.2430167598,732.2430168,1.801833333,2691.816808,0,0,-37066942.12,-37066942.12,0,-37076149.03,1138,105.8366973
1997,0,-37066942.12,-36957149.2,-1.490116119e-08,109792.9138,-1.446854961e-15,0.0106605398,109792.9138,0.0106605398,10.24314633,10.24314633,0.08460606061,0.2634646465,0,0,-37066942.12,-37066942.12,0,-37076149.03,1139,105.9803505
1998,0,-37066942.12,-37072571.02,-7.450580597e-09,-5628.901031,-7.234274806e-16,-0.0005465482373,-5628.901031,-0.0005465482372,1.705575008,1.705575008,0.01122222222,0.01164646465,0,0,-37066942.12,-37066942.12,0,-37076149.03,1140,106.147176
1999,0,-37066942.12,-37228916.59,2.235174179e-08,-161974.4713,2.170282442e-15,-0.01572720169,-161974.4713,-0.01572720169,0.3370516421,11.66294836,1,30.20321212,0,0,-37066942.12,-37066942.12,0,-37076149.03,1141,106.1846042
