it,alpha,cz_lp,cz_round,d_lp,d_round,d_lp_n,d_round_n,delta,delta_n,frac,dist,viol_max,viol_sum,feas,improving,ub,ub_eff,ub_free,z_best,stall,t
0,0,212.5,210,-787.75,-790.25,-0.5,-0.5015867978,-2.5,-0.001586797842,1.5,1.5,1,3,0,0,1000.25,0,1,0,0,0.0002152919769
1,0,212.5,1648,-787.75,647.75,-0.5,0.4111393209,1435.5,0.9111393209,1.5,23.5,1,1,0,0,1000.25,1000.25,0,0,1,0.006747961044
2,0,1000.25,1031,0,30.75,0,0.01951761346,30.75,0.01951761346,0.4522058824,0.4522058824,0,0,1,1,1000.25,1000.25,0,1031,0,0.01091003418
3,0,1000.25,902,0,-98.25,0,-0.06236115519,-98.25,-0.06236115519,0.4522058824,22.54779412,0,0,1,1,1000.25,1000.25,0,902,0,0.0148396492
4,0,902,1099,-98.25,98.75,-0.06236115519,0.06267851476,197,0.1250396699,0,22,0,0,1,0,1000.25,1000.25,0,902,1,0.0191822052
5,0,1000.25,1031,0,30.75,0,0.01951761346,30.75,0.01951761346,0.4522058824,0.4522058824,0,0,1,0,1000.25,1000.25,0,902,2,0.02305579185
6,0,1000.25,970,0,-30.25,0,-0.01920025389,-30.25,-0.01920025389,0.4522058824,23.54779412,0,0,1,0,1000.25,1000.25,0,902,3,0.02685427666
7,0,970,1370,-30.25,369.75,-0.01920025389,0.2346874008,400,0.2538876547,0,29,0,0,1,0,1000.25,1000.25,0,902,4,0.03140211105
8,0,1000.25,1029,0,28.75,0,0.01824817518,28.75,0.01824817518,0.4227941176,0.4227941176,0,0,1,0,1000.25,1000.25,0,902,5,0.03524851799
9,0,1000.25,1512,0,511.75,0,0.3248175182,511.75,0.3248175182,0.4227941176,17.57720588,0,0,1,0,1000.25,1000.25,0,902,6,0.03906965256
10,0,1000.25,1030,0,29.75,0,0.01888289432,29.75,0.01888289432,0.4375,0.4375,0,0,1,0,1000.25,1000.25,0,902,7,0.04304838181
11,0,1000.25,1241,0,240.75,0,0.1528086322,240.75,0.1528086322,0.4375,27.5625,0,0,1,0,1000.25,1000.25,0,902,8,0.04683709145
12,0,1000.25,1034,0,33.75,0,0.02142177087,33.75,0.02142177087,0.4891304348,0.4891304348,0,0,1,0,1000.25,1000.25,0,902,9,0.05081105232
13,0,1000.25,1035,0,34.75,0,0.02205649,34.75,0.02205649,0.4891304348,22.51086957,0,0,1,0,1000.25,1000.25,0,902,10,0.0545964241
14,0,1000.25,966,0,-34.25,0,-0.02173913043,-34.25,-0.02173913043,0.4963768116,0.4963768116,0,0,1,0,1000.25,1000.25,0,902,11,0.05852270126
15,0,966,1103,-34.25,102.75,-0.02173913043,0.0652173913,137,0.08695652174,0,21,0,0,1,0,1000.25,1000.25,0,902,12,0.06288719177
16,0,1000.25,1034,0,33.75,0,0.02142177087,33.75,0.02142177087,0.4891304348,0.4891304348,0,0,1,0,1000.25,1000.25,0,902,13,0.06672525406
17,0,1000.25,1103,0,102.75,0,0.0652173913,102.75,0.0652173913,0.4891304348,25.51086957,0,0,1,0,1000.25,1000.25,0,902,14,0.0705177784
18,0,1000.25,1034,0,33.75,0,0.02142177087,33.75,0.02142177087,0.4891304348,0.4891304348,0,0,1,0,1000.25,1000.25,0,902,15,0.07446408272
19,0,1000.25,1307,0,306.75,0,0.1947000952,306.75,0.1947000952,0.4891304348,10.51086957,0,0,1,0,1000.25,1000.25,0,902,16,0.07826256752
20,0,1000.25,1031,0,30.75,0,0.01951761346,30.75,0.01951761346,0.4522058824,0.4522058824,0,0,1,0,1000.25,1000.25,0,902,17,0.0822031498
21,0,1000.25,1310,0,309.75,0,0.1966042526,309.75,0.1966042526,0.4522058824,16.54779412,0,0,1,0,1000.25,1000.25,0,902,18,0.08599662781
22,0,1000.25,1034,0,33.75,0,0.02142177087,33.75,0.02142177087,0.4891304348,0.4891304348,0,0,1,0,1000.25,1000.25,0,902,19,0.08994841576
23,0,1000.25,1307,0,306.75,0,0.1947000952,306.75,0.1947000952,0.4891304348,14.51086957,0,0,1,0,1000.25,1000.25,0,902,20,0.09376358986
24,0,1000.25,1031,0,30.75,0,0.01951761346,30.75,0.01951761346,0.4522058824,0.4522058824,0,0,1,0,1000.25,1000.25,0,902,21,0.09769916534
25,0,1000.25,1174,0,173.75,0,0.11028245,173.75,0.11028245,0.4522058824,18.54779412,0,0,1,0,1000.25,1000.25,0,902,22,0.1015026569
26,0,1000.25,967,0,-33.25,0,-0.0211044113,-33.25,-0.0211044113,0.481884058,0.481884058,0,0,1,0,1000.25,1000.25,0,902,23,0.1054344177
27,0,967,1170,-33.25,169.75,-0.0211044113,0.1077435735,203,0.1288479848,0,20,1,1,0,0,1000.25,1000.25,0,902,24,0.1097934246
28,0,1000.25,1033,0,32.75,0,0.02078705173,32.75,0.02078705173,0.4746376812,0.4746376812,0,0,1,0,1000.25,1000.25,0,902,25,0.1136667728
29,0,1000.25,1374,0,373.75,0,0.2372262774,373.75,0.2372262774,0.4746376812,29.52536232,0,0,1,0,1000.25,1000.25,0,902,26,0.1175749302
30,0,1000.25,1029,0,28.75,0,0.01824817518,28.75,0.01824817518,0.4166666667,0.4166666667,0,0,1,0,1000.25,1000.25,0,902,27,0.1215519905
31,0,1000.25,1442,0,441.75,0,0.2803871787,441.75,0.2803871787,0.4166666667,14.58333333,0,0,1,0,1000.25,1000.25,0,902,28,0.1253640652
32,0,1000.25,1029,0,28.75,0,0.01824817518,28.75,0.01824817518,0.4227941176,0.4227941176,0,0,1,0,1000.25,1000.25,0,902,29,0.1293110847
33,0,1000.25,1510,0,509.75,0,0.32354808,509.75,0.32354808,0.4227941176,21.57720588,0,0,1,0,1000.25,1000.25,0,902,30,0.1331076622
34,0,1000.25,1029,0,28.75,0,0.01824817518,28.75,0.01824817518,0.4227941176,0.4227941176,0,0,1,0,1000.25,1000.25,0,902,31,0.1370851994
35,0,1000.25,1510,0,509.75,0,0.32354808,509.75,0.32354808,0.4227941176,21.57720588,0,0,1,0,1000.25,1000.25,0,902,32,0.1408760548
36,0,1000.25,1029,0,28.75,0,0.01824817518,28.75,0.01824817518,0.4227941176,0.4227941176,0,0,1,0,1000.25,1000.25,0,902,33,0.1448726654
37,0,1000.25,1306,0,305.75,0,0.1940653761,305.75,0.1940653761,0.4227941176,12.57720588,0,0,1,0,1000.25,1000.25,0,902,34,0.1486656666
38,0,1000.25,1030,0,29.75,0,0.01888289432,29.75,0.01888289432,0.4311594203,0.4311594203,0,0,1,0,1000.25,1000.25,0,902,35,0.1526072025
39,0,1000.25,1237,0,236.75,0,0.1502697556,236.75,0.1502697556,0.4311594203,19.56884058,0,0,1,0,1000.25,1000.25,0,902,36,0.1564002037
40,0,1000.25,1030,0,29.75,0,0.01888289432,29.75,0.01888289432,0.4311594203,0.4311594203,0,0,1,0,1000.25,1000.25,0,902,37,0.1604335308
41,0,1000.25,1375,0,374.75,0,0.2378609965,374.75,0.2378609965,0.4311594203,27.56884058,0,0,1,0,1000.25,1000.25,0,902,38,0.1642842293
42,0,1000.25,1030,0,29.75,0,0.01888289432,29.75,0.01888289432,0.4375,0.4375,0,0,1,0,1000.25,1000.25,0,902,39,0.168343544
43,0,1000.25,1581,0,580.75,0,0.3686131387,580.75,0.3686131387,0.4375,12.5625,0,0,1,0,1000.25,1000.25,0,902,40,0.1721334457
44,0,1000.25,1031,0,30.75,0,0.01951761346,30.75,0.01951761346,0.4522058824,0.4522058824,0,0,1,0,1000.25,1000.25,0,902,41,0.1761286259
45,0,1000.25,1376,0,375.75,0,0.2384957156,375.75,0.2384957156,0.4522058824,19.54779412,0,0,1,0,1000.25,1000.25,0,902,42,0.1799135208
46,0,1000.25,1031,0,30.75,0,0.01951761346,30.75,0.01951761346,0.4522058824,0.4522058824,0,0,1,0,1000.25,1000.25,0,902,43,0.1838760376
47,0,1000.25,1308,0,307.75,0,0.1953348143,307.75,0.1953348143,0.4522058824,10.54779412,0,0,1,0,1000.25,1000.25,0,902,44,0.1876559258
48,0,1000.25,1032,0,31.75,0,0.02015233259,31.75,0.02015233259,0.4601449275,0.4601449275,0,0,1,0,1000.25,1000.25,0,902,45,0.1916723251
49,0,1000.25,1511,0,510.75,0,0.3241827991,510.75,0.3241827991,0.4601449275,15.53985507,0,0,1,0,1000.25,1000.25,0,902,46,0.195445776
50,0,1000.25,1031,0,30.75,0,0.01951761346,30.75,0.01951761346,0.4522058824,0.4522058824,0,0,1,0,1000.25,1000.25,0,902,47,0.199390173
51,0,1000.25,1172,0,171.75,0,0.1090130117,171.75,0.1090130117,0.4522058824,16.54779412,0,0,1,0,1000.25,1000.25,0,902,48,0.2031748295
52,0,1000.25,1034,0,33.75,0,0.02142177087,33.75,0.02142177087,0.4891304348,0.4891304348,0,0,1,0,1000.25,1000.25,0,902,49,0.2071340084
53,0,1000.25,1169,0,168.75,0,0.1071088543,168.75,0.1071088543,0.4891304348,24.51086957,0,0,1,0,1000.25,1000.25,0,902,50,0.2109177113
54,0,1000.25,1031,0,30.75,0,0.01951761346,30.75,0.01951761346,0.4456521739,0.4456521739,0,0,1,0,1000.25,1000.25,0,902,51,0.2148547173
55,0,1000.25,1376,0,375.75,0,0.2384957156,375.75,0.2384957156,0.4456521739,11.55434783,0,0,1,0,1000.25,1000.25,0,902,52,0.2186419964
56,0,1000.25,1031,0,30.75,0,0.01951761346,30.75,0.01951761346,0.4522058824,0.4522058824,0,0,1,0,1000.25,1000.25,0,902,53,0.2225706577
57,0,1000.25,1240,0,239.75,0,0.152173913,239.75,0.152173913,0.4522058824,23.54779412,0,0,1,0,1000.25,1000.25,0,902,54,0.2263631821
58,0,1000.25,1033,0,32.75,0,0.02078705173,32.75,0.02078705173,0.4746376812,0.4746376812,0,0,1,0,1000.25,1000.25,0,902,55,0.2302975655
59,0,1000.25,1170,0,169.75,0,0.1077435735,169.75,0.1077435735,0.4746376812,22.52536232,0,0,1,0,1000.25,1000.25,0,902,56,0.2340781689
60,0,1000.25,1032,0,31.75,0,0.02015233259,31.75,0.02015233259,0.4601449275,0.4601449275,0,0,1,0,1000.25,1000.25,0,902,57,0.2380568981
61,0,1000.25,1103,0,102.75,0,0.0652173913,102.75,0.0652173913,0.4601449275,9.539855072,1,1,0,0,1000.25,1000.25,0,902,58,0.2418370247
62,0,1000.25,966,0,-34.25,0,-0.02173913043,-34.25,-0.02173913043,0.4963768116,0.4963768116,0,0,1,0,1000.25,1000.25,0,902,59,0.2457883358
63,0,966,1239,-34.25,238.75,-0.02173913043,0.1515391939,273,0.1732783243,0,13,0,0,1,0,1000.25,1000.25,0,902,60,0.2504301071
64,0,1000.25,1032,0,31.75,0,0.02015233259,31.75,0.02015233259,0.4669117647,0.4669117647,0,0,1,0,1000.25,1000.25,0,902,61,0.2542185783
65,0,1000.25,969,0,-31.25,0,-0.01983497302,-31.25,-0.01983497302,0.4669117647,17.53308824,0,0,1,0,1000.25,1000.25,0,902,62,0.2580065727
66,0,969,1440,-31.25,439.75,-0.01983497302,0.2791177404,471,0.2989527134,0,30,0,0,1,0,1000.25,1000.25,0,902,63,0.261920929
67,0,1000.25,1031,0,30.75,0,0.01951761346,30.75,0.01951761346,0.4522058824,0.4522058824,0,0,1,0,1000.25,1000.25,0,902,64,0.2656848431
68,0,1000.25,1242,0,241.75,0,0.1534433513,241.75,0.1534433513,0.4522058824,27.54779412,0,0,1,0,1000.25,1000.25,0,902,65,0.2694842815
69,0,1000.25,966,0,-34.25,0,-0.02173913043,-34.25,-0.02173913043,0.4963768116,0.4963768116,0,0,1,0,1000.25,1000.25,0,902,66,0.2733948231
70,0,966,833,-34.25,-167.25,-0.02173913043,-0.1061567756,-133,-0.08441764519,0,15,0,0,1,1,1000.25,1000.25,0,833,0,0.2773151398
71,0,833,1509,-167.25,508.75,-0.1061567756,0.3229133608,676,0.4290701365,0,29,0,0,1,0,1000.25,1000.25,0,833,1,0.2810928822
72,0,1000.25,1031,0,30.75,0,0.01951761346,30.75,0.01951761346,0.4522058824,0.4522058824,0,0,1,0,1000.25,1000.25,0,833,2,0.2848641872
73,0,1000.25,1784,0,783.75,0,0.4974611235,783.75,0.4974611235,0.4522058824,15.54779412,0,0,1,0,1000.25,1000.25,0,833,3,0.2886586189
74,0,1000.25,1031,0,30.75,0,0.01951761346,30.75,0.01951761346,0.4522058824,0.4522058824,0,0,1,0,1000.25,1000.25,0,833,4,0.2926456928
75,0,1000.25,1376,0,375.75,0,0.2384957156,375.75,0.2384957156,0.4522058824,13.54779412,0,0,1,0,1000.25,1000.25,0,833,5,0.2964298725
76,0,1000.25,1031,0,30.75,0,0.01951761346,30.75,0.01951761346,0.4522058824,0.4522058824,0,0,1,0,1000.25,1000.25,0,833,6,0.3003454208
77,0,1000.25,1376,0,375.75,0,0.2384957156,375.75,0.2384957156,0.4522058824,13.54779412,0,0,1,0,1000.25,1000.25,0,833,7,0.3041296005
78,0,1000.25,20710,0,19709.75,0,12.51015551,19709.75,12.51015551,0.4522058824,371.4522059,0,0,1,0,1000.25,1000.25,0,833,8,0.3081583977
79,0,1000.25,1010,0,9.75,0,0.006188511584,9.75,0.006188511584,0.4642857143,0.4642857143,0,0,1,0,1000.25,1000.25,0,833,9,0.3121168613
80,0,1000.25,1676,0,675.75,0,0.4289114567,675.75,0.4289114567,0.4642857143,11.53571429,0,0,1,0,1000.25,1000.25,0,833,10,0.3160111904
81,0,1000.25,990,0,-10.25,0,-0.006505871152,-10.25,-0.006505871152,0.1507352941,0.1507352941,0,0,1,0,1000.25,1000.25,0,833,11,0.3201730251
82,0,990,1879,-10.25,878.75,-0.006505871152,0.5577594414,889,0.5642653126,0,14,0,0,1,0,1000.25,1000.25,0,833,12,0.3241100311
83,0,1000.25,989,0,-11.25,0,-0.007140590289,-11.25,-0.007140590289,0.1654411765,0.1654411765,0,0,1,0,1000.25,1000.25,0,833,13,0.327876091
84,0,989,2288,-11.25,1287.75,-0.007140590289,0.8173595684,1299,0.8245001587,0,20,0,0,1,0,1000.25,1000.25,0,833,14,0.3318064213
85,0,1000.25,23428,0,22427.75,0,14.23532212,22427.75,14.23532212,0.1507352941,432.1507353,0,0,1,0,1000.25,1000.25,0,833,15,0.3356812
86,0,1000.25,1004,0,3.75,0,0.002380196763,3.75,0.002380196763,0.234375,0.234375,0,0,1,0,1000.25,1000.25,0,833,16,0.3398678303
87,0,1000.25,2557,0,1556.75,0,0.9880990162,1556.75,0.9880990162,0.234375,24.765625,0,0,1,0,1000.25,1000.25,0,833,17,0.3438048363
88,0,1000.25,987,0,-13.25,0,-0.008410028562,-13.25,-0.008410028562,0.1948529412,0.1948529412,0,0,1,0,1000.25,1000.25,0,833,18,0.3480756283
89,0,987,2490,-13.25,1489.75,-0.008410028562,0.945572834,1503,0.9539828626,0,23,0,0,1,0,1000.25,1000.25,0,833,19,0.3523807526
90,0,1000.25,988,0,-12.25,0,-0.007775309426,-12.25,-0.007775309426,0.1801470588,0.1801470588,0,0,1,0,1000.25,1000.25,0,833,20,0.3562304974
91,0,988,2285,-12.25,1284.75,-0.007775309426,0.815455411,1297,0.8232307204,0,20,0,0,1,0,1000.25,1000.25,0,833,21,0.3605306149
92,0,1000.25,22157,0,21156.75,0,13.4285941,21156.75,13.4285941,0.1948529412,421.1948529,0,0,1,0,1000.25,1000.25,0,833,22,0.3644595146
93,0,1000.25,1005,0,4.75,0,0.0030149159,4.75,0.0030149159,0.3653846154,0.3653846154,0,0,1,0,1000.25,1000.25,0,833,23,0.3688399792
94,0,1000.25,1883,0,882.75,0,0.560298318,882.75,0.560298318,0.3653846154,14.63461538,0,0,1,0,1000.25,1000.25,0,833,24,0.3729410172
95,0,1000.25,993,0,-7.25,0,-0.004601713742,-7.25,-0.004601713742,0.1066176471,0.1066176471,0,0,1,0,1000.25,1000.25,0,833,25,0.3773727417
96,0,993,1950,-7.25,949.75,-0.004601713742,0.6028245002,957,0.6074262139,0,15,0,0,1,0,1000.25,1000.25,0,833,26,0.3814563751
97,0,1000.25,992,0,-8.25,0,-0.005236432878,-8.25,-0.005236432878,0.1213235294,0.1213235294,0,0,1,0,1000.25,1000.25,0,833,27,0.3852910995
98,0,992,2019,-8.25,1018.75,-0.005236432878,0.6466201206,1027,0.6518565535,0,16,0,0,1,0,1000.25,1000.25,0,833,28,0.3897514343
99,0,1000.25,21463,0,20462.75,0,12.98809902,20462.75,12.98809902,0.1066176471,387.8933824,0,0,1,0,1000.25,1000.25,0,833,29,0.3937520981
100,0,1000.25,998,0,-2.25,0,-0.001428118058,-2.25,-0.001428118058,0.1730769231,0.1730769231,0,0,1,0,1000.25,1000.25,0,833,30,0.3977789879
101,0,998,2431,-2.25,1430.75,-0.001428118058,0.908124405,1433,0.909552523,0,22,0,0,1,0,1000.25,1000.25,0,833,31,0.4022901058
102,0,1000.25,997,0,-3.25,0,-0.002062837195,-3.25,-0.002062837195,0.04779411765,0.04779411765,0,0,1,0,1000.25,1000.25,0,833,32,0.4061746597
103,0,997,2228,-3.25,1227.75,-0.002062837195,0.7792764202,1231,0.7813392574,0,19,0,0,1,0,1000.25,1000.25,0,833,33,0.4105429649
104,0,1000.25,20768,0,19767.75,0,12.54696922,19767.75,12.54696922,0.03308823529,395.9669118,0,0,1,0,1000.25,1000.25,0,833,34,0.4145102501
105,0,1000.25,999,0,-1.25,0,-0.000793398921,-1.25,-0.000793398921,0.08333333333,0.08333333333,0,0,1,0,1000.25,1000.25,0,833,35,0.4184918404
106,0,999,2704,-1.25,1703.75,-0.000793398921,1.081402729,1705,1.082196128,0,26,0,0,1,0,1000.25,1000.25,0,833,36,0.4227876663
107,0,1000.25,998,0,-2.25,0,-0.001428118058,-2.25,-0.001428118058,0.03308823529,0.03308823529,0,0,1,0,1000.25,1000.25,0,833,37,0.4265742302
108,0,998,2975,-2.25,1974.75,-0.001428118058,1.253411615,1977,1.254839733,0,30,0,0,1,0,1000.25,1000.25,0,833,38,0.4305193424
109,0,1000.25,19546,0,18545.75,0,11.77134243,18545.75,11.77134243,0.01865671642,380.0186567,1,1,0,0,1000.25,1000.25,0,833,39,0.4344074726
110,0,1000.25,995,0,-5.25,0,-0.003332275468,-5.25,-0.003332275468,0.4038461538,0.4038461538,0,0,1,0,1000.25,1000.25,0,833,40,0.4386179447
111,0,995,2224,-5.25,1223.75,-0.003332275468,0.7767375436,1229,0.7800698191,0,19,0,0,1,0,1000.25,1000.25,0,833,41,0.4429931641
112,0,1000.25,995,0,-5.25,0,-0.003332275468,-5.25,-0.003332275468,0.1567164179,0.1567164179,0,0,1,0,1000.25,1000.25,0,833,42,0.4468126297
113,0,995,1954,-5.25,953.75,-0.003332275468,0.6053633767,959,0.6086956522,0,15,0,0,1,0,1000.25,1000.25,0,833,43,0.4508607388
114,0,1000.25,996,0,-4.25,0,-0.002697556331,-4.25,-0.002697556331,0.0625,0.0625,0,0,1,0,1000.25,1000.25,0,833,44,0.4546558857
115,0,996,2089,-4.25,1088.75,-0.002697556331,0.6910504602,1093,0.6937480165,0,17,0,0,1,0,1000.25,1000.25,0,833,45,0.4586007595
116,0,1000.25,20593,0,19592.75,0,12.43589337,19592.75,12.43589337,0.07720588235,385.9227941,0,0,1,0,1000.25,1000.25,0,833,46,0.462471962
117,0,1000.25,1006,0,5.75,0,0.003649635036,5.75,0.003649635036,0.4791666667,0.4791666667,0,0,1,0,1000.25,1000.25,0,833,47,0.4665231705
118,0,1000.25,1952,0,951.75,0,0.6040939384,951.75,0.6040939384,0.4791666667,14.52083333,0,0,1,0,1000.25,1000.25,0,833,48,0.470382452
119,0,1000.25,994,0,-6.25,0,-0.003966994605,-6.25,-0.003966994605,0.09191176471,0.09191176471,0,0,1,0,1000.25,1000.25,0,833,49,0.4746477604
120,0,994,2157,-6.25,1156.75,-0.003966994605,0.7342113615,1163,0.7381783561,0,18,0,0,1,0,1000.25,1000.25,0,833,50,0.4785728455
121,0,1000.25,995,0,-5.25,0,-0.003332275468,-5.25,-0.003332275468,0.07720588235,0.07720588235,0,0,1,0,1000.25,1000.25,0,833,51,0.4823570251
122,0,995,2156,-5.25,1155.75,-0.003332275468,0.7335766423,1161,0.7369089178,0,18,0,0,1,0,1000.25,1000.25,0,833,52,0.4862885475
123,0,1000.25,21839,0,20838.75,0,13.22675341,20838.75,13.22675341,0.09191176471,422.0919118,0,0,1,0,1000.25,1000.25,0,833,53,0.4901664257
124,0,1000.25,1003,0,2.75,0,0.001745477626,2.75,0.001745477626,0.2291666667,0.2291666667,0,0,1,0,1000.25,1000.25,0,833,54,0.4943778515
125,0,1000.25,2494,0,1493.75,0,0.9481117106,1493.75,0.9481117106,0.2291666667,23.77083333,0,0,1,0,1000.25,1000.25,0,833,55,0.4982347488
126,0,1000.25,992,0,-8.25,0,-0.005236432878,-8.25,-0.005236432878,0.1213235294,0.1213235294,0,0,1,0,1000.25,1000.25,0,833,56,0.5024383068
127,0,992,2425,-8.25,1424.75,-0.005236432878,0.9043160901,1433,0.909552523,0,22,0,0,1,0,1000.25,1000.25,0,833,57,0.5067989826
128,0,1000.25,991,0,-9.25,0,-0.005871152015,-9.25,-0.005871152015,0.1360294118,0.1360294118,0,0,1,0,1000.25,1000.25,0,833,58,0.510643959
129,0,991,2901,-9.25,1900.75,-0.005871152015,1.206442399,1910,1.212313551,0,29,0,0,1,0,1000.25,1000.25,0,833,59,0.514988184
130,0,1000.25,21786,0,20785.75,0,13.1931133,20785.75,13.1931133,0.1231343284,420.1231343,0,0,1,0,1000.25,1000.25,0,833,60,0.5189123154
131,0,1000.25,1000,0,-0.25,0,-0.0001586797842,-0.25,-0.0001586797842,0.02272727273,0.02272727273,0,0,1,0,1000.25,1000.25,0,833,61,0.5231325626
132,0,1000,2161,-0.25,1160.75,-0.0001586797842,0.736750238,1161,0.7369089178,0,18,0,0,1,0,1000.25,1000.25,0,833,62,0.5277030468
133,0,1000.25,1000,0,-0.25,0,-0.0001586797842,-0.25,-0.0001586797842,0.007462686567,0.007462686567,0,0,1,0,1000.25,1000.25,0,833,63,0.5315172672
134,0,1000,2163,-0.25,1162.75,-0.0001586797842,0.7380196763,1163,0.7381783561,0,18,0,0,1,0,1000.25,1000.25,0,833,64,0.5364468098
135,0,1000.25,1001,0,0.75,0,0.0004760393526,0.75,0.0004760393526,0.06818181818,0.06818181818,0,0,1,0,1000.25,1000.25,0,833,65,0.540583849
136,0,1000.25,2286,0,1285.75,0,0.8160901301,1285.75,0.8160901301,0.06818181818,20.93181818,0,0,1,0,1000.25,1000.25,0,833,66,0.5443840027
137,0,1000.25,989,0,-11.25,0,-0.007140590289,-11.25,-0.007140590289,0.1654411765,0.1654411765,0,0,1,0,1000.25,1000.25,0,833,67,0.5487642288
138,0,989,2696,-11.25,1695.75,-0.007140590289,1.076324976,1707,1.083465566,0,26,0,0,1,0,1000.25,1000.25,0,833,68,0.5528900623
139,0,1000.25,990,0,-10.25,0,-0.006505871152,-10.25,-0.006505871152,0.1507352941,0.1507352941,0,0,1,0,1000.25,1000.25,0,833,69,0.5566821098
140,0,990,2083,-10.25,1082.75,-0.006505871152,0.6872421454,1093,0.6937480165,0,17,0,0,1,0,1000.25,1000.25,0,833,70,0.5606355667
141,0,1000.25,19525,0,18524.75,0,11.75801333,18524.75,11.75801333,0.1654411765,380.1654412,1,1,0,0,1000.25,1000.25,0,833,71,0.5644922256
142,0,1000.25,997,0,-3.25,0,-0.002062837195,-3.25,-0.002062837195,0.2708333333,0.2708333333,0,0,1,0,1000.25,1000.25,0,833,72,0.568726778
143,0,997,2432,-3.25,1431.75,-0.002062837195,0.9087591241,1435,0.9108219613,0,22,0,0,1,0,1000.25,1000.25,0,833,73,0.573243618
144,0,1000.25,998,0,-2.25,0,-0.001428118058,-2.25,-0.001428118058,0.03308823529,0.03308823529,0,0,1,0,1000.25,1000.25,0,833,74,0.5770583153
145,0,998,2295,-2.25,1294.75,-0.001428118058,0.8218026023,1297,0.8232307204,0,20,0,0,1,0,1000.25,1000.25,0,833,75,0.5815222263
146,0,1000.25,19980,0,18979.75,0,12.04681054,18979.75,12.04681054,0.04779411765,401.0477941,0,0,1,0,1000.25,1000.25,0,833,76,0.5855169296
147,0,1000.25,997,0,-3.25,0,-0.002062837195,-3.25,-0.002062837195,0.2321428571,0.2321428571,0,0,1,0,1000.25,1000.25,0,833,77,0.5896646976
148,0,997,1750,-3.25,749.75,-0.002062837195,0.4758806728,753,0.47794351,0,12,1,1,0,0,1000.25,1000.25,0,833,78,0.5940790176
149,0,1000.25,21082,0,20081.75,0,12.74627103,20081.75,12.74627103,0.04779411765,386.0477941,0,0,1,0,1000.25,1000.25,0,833,79,0.5980079174
150,0,1000.25,997,0,-3.25,0,-0.002062837195,-3.25,-0.002062837195,0.2708333333,0.2708333333,0,0,1,0,1000.25,1000.25,0,833,80,0.602244854
151,0,997,2226,-3.25,1225.75,-0.002062837195,0.7780069819,1229,0.7800698191,0,19,0,0,1,0,1000.25,1000.25,0,833,81,0.6066293716
152,0,1000.25,20987,0,19986.75,0,12.68597271,19986.75,12.68597271,0.09558823529,370.0955882,0,0,1,0,1000.25,1000.25,0,833,82,0.6105189323
153,0,1000.25,999,0,-1.25,0,-0.000793398921,-1.25,-0.000793398921,0.08928571429,0.08928571429,0,0,1,0,1000.25,1000.25,0,833,83,0.614689827
154,0,999,2228,-1.25,1227.75,-0.000793398921,0.7792764202,1229,0.7800698191,0,19,1,1,0,0,1000.25,1000.25,0,833,84,0.6189169884
155,0,1000.25,21635,0,20634.75,0,13.09727071,20634.75,13.09727071,0.01838235294,412.0183824,0,0,1,0,1000.25,1000.25,0,833,85,0.6228399277
156,0,1000.25,1003,0,2.75,0,0.001745477626,2.75,0.001745477626,0.2115384615,0.2115384615,0,0,1,0,1000.25,1000.25,0,833,86,0.6270544529
157,0,1000.25,1744,0,743.75,0,0.472072358,743.75,0.472072358,0.2115384615,11.78846154,0,0,1,0,1000.25,1000.25,0,833,87,0.6309378147
158,0,1000.25,990,0,-10.25,0,-0.006505871152,-10.25,-0.006505871152,0.1507352941,0.1507352941,0,0,1,0,1000.25,1000.25,0,833,88,0.6352295876
159,0,990,2898,-10.25,1897.75,-0.006505871152,1.204538242,1908,1.211044113,0,29,0,0,1,0,1000.25,1000.25,0,833,89,0.6391723156
160,0,1000.25,990,0,-10.25,0,-0.006505871152,-10.25,-0.006505871152,0.3059701493,0.3059701493,0,0,1,0,1000.25,1000.25,0,833,90,0.6429767609
161,0,990,1677,-10.25,676.75,-0.006505871152,0.4295461758,687,0.436052047,0,11,0,0,1,0,1000.25,1000.25,0,833,91,0.6470048428
162,0,1000.25,991,0,-9.25,0,-0.005871152015,-9.25,-0.005871152015,0.1360294118,0.1360294118,0,0,1,0,1000.25,1000.25,0,833,92,0.6507804394
163,0,991,2288,-9.25,1287.75,-0.005871152015,0.8173595684,1297,0.8232307204,0,20,0,0,1,0,1000.25,1000.25,0,833,93,0.6547296047
164,0,1000.25,21332,0,20331.75,0,12.90495081,20331.75,12.90495081,0.1507352941,400.1507353,0,0,1,0,1000.25,1000.25,0,833,94,0.6586010456
165,0,1000.25,998,0,-2.25,0,-0.001428118058,-2.25,-0.001428118058,0.1875,0.1875,0,0,1,0,1000.25,1000.25,0,833,95,0.6628232002
166,0,998,2906,-2.25,1905.75,-0.001428118058,1.209615995,1908,1.211044113,0,29,0,0,1,0,1000.25,1000.25,0,833,96,0.6671845913
167,0,1000.25,998,0,-2.25,0,-0.001428118058,-2.25,-0.001428118058,0.0671641791,0.0671641791,0,0,1,0,1000.25,1000.25,0,833,97,0.6710343361
168,0,998,2025,-2.25,1024.75,-0.001428118058,0.6504284354,1027,0.6518565535,0,16,0,0,1,0,1000.25,1000.25,0,833,98,0.6751565933
169,0,1000.25,999,0,-1.25,0,-0.000793398921,-1.25,-0.000793398921,0.01838235294,0.01838235294,0,0,1,0,1000.25,1000.25,0,833,99,0.6789433956
170,0,999,1956,-1.25,955.75,-0.000793398921,0.606632815,957,0.6074262139,0,15,0,0,1,0,1000.25,1000.25,0,833,100,0.6828765869
171,0,1000.25,20343,0,19342.75,0,12.27721358,19342.75,12.27721358,0.03308823529,385.9669118,0,0,1,0,1000.25,1000.25,0,833,101,0.6867427826
172,0,1000.25,1008,0,7.75,0,0.00491907331,7.75,0.00491907331,0.484375,0.484375,0,0,1,0,1000.25,1000.25,0,833,102,0.690639019
173,0,1000.25,2427,0,1426.75,0,0.9055855284,1426.75,0.9055855284,0.484375,22.515625,0,0,1,0,1000.25,1000.25,0,833,103,0.694583416
174,0,1000.25,993,0,-7.25,0,-0.004601713742,-7.25,-0.004601713742,0.1066176471,0.1066176471,0,0,1,0,1000.25,1000.25,0,833,104,0.6986756325
175,0,993,1678,-7.25,677.75,-0.004601713742,0.430180895,685,0.4347826087,0,11,0,0,1,0,1000.25,1000.25,0,833,105,0.7030825615
176,0,1000.25,992,0,-8.25,0,-0.005236432878,-8.25,-0.005236432878,0.1213235294,0.1213235294,0,0,1,0,1000.25,1000.25,0,833,106,0.7069392204
177,0,992,1883,-8.25,882.75,-0.005236432878,0.560298318,891,0.5655347509,0,14,0,0,1,0,1000.25,1000.25,0,833,107,0.7113411427
178,0,1000.25,22607,0,21606.75,0,13.71421771,21606.75,13.71421771,0.1066176471,425.8933824,0,0,1,0,1000.25,1000.25,0,833,108,0.7152717113
179,0,1000.25,1000,0,-0.25,0,-0.0001586797842,-0.25,-0.0001586797842,0.01923076923,0.01923076923,0,0,1,0,1000.25,1000.25,0,833,109,0.7193367481
180,0,1000,2908,-0.25,1907.75,-0.0001586797842,1.210885433,1908,1.211044113,0,29,0,0,1,0,1000.25,1000.25,0,833,110,0.7239897251
181,0,1000.25,999,0,-1.25,0,-0.000793398921,-1.25,-0.000793398921,0.01865671642,0.01865671642,0,0,1,0,1000.25,1000.25,0,833,111,0.7278273106
182,0,999,2502,-1.25,1501.75,-0.000793398921,0.9531894637,1503,0.9539828626,0,23,0,0,1,0,1000.25,1000.25,0,833,112,0.7323265076
183,0,1000.25,20721,0,19720.75,0,12.51713742,19720.75,12.51713742,0.003676470588,414.0036765,0,0,1,0,1000.25,1000.25,0,833,113,0.7364850044
184,0,1000.25,997,0,-3.25,0,-0.002062837195,-3.25,-0.002062837195,0.25,0.25,0,0,1,0,1000.25,1000.25,0,833,114,0.7407691479
185,0,997,2972,-3.25,1971.75,-0.002062837195,1.251507458,1975,1.253570295,0,30,0,0,1,0,1000.25,1000.25,0,833,115,0.745298624
186,0,1000.25,997,0,-3.25,0,-0.002062837195,-3.25,-0.002062837195,0.09701492537,0.09701492537,0,0,1,0,1000.25,1000.25,0,833,116,0.7491915226
187,0,997,2296,-3.25,1295.75,-0.002062837195,0.8224373215,1299,0.8245001587,0,20,0,0,1,0,1000.25,1000.25,0,833,117,0.7533793449
188,0,1000.25,998,0,-2.25,0,-0.001428118058,-2.25,-0.001428118058,0.03308823529,0.03308823529,0,0,1,0,1000.25,1000.25,0,833,118,0.7572555542
189,0,998,2159,-2.25,1158.75,-0.001428118058,0.7354807997,1161,0.7369089178,0,18,0,0,1,0,1000.25,1000.25,0,833,119,0.7617058754
190,0,1000.25,22261,0,21260.75,0,13.49460489,21260.75,13.49460489,0.04779411765,395.0477941,0,0,1,0,1000.25,1000.25,0,833,120,0.7656404972
191,0,1000.25,998,0,-2.25,0,-0.001428118058,-2.25,-0.001428118058,0.1730769231,0.1730769231,0,0,1,0,1000.25,1000.25,0,833,121,0.7698438168
192,0,998,1617,-2.25,616.75,-0.001428118058,0.3914630276,619,0.3928911457,0,10,0,0,1,0,1000.25,1000.25,0,833,122,0.7742455006
193,0,1000.25,999,0,-1.25,0,-0.000793398921,-1.25,-0.000793398921,0.01838235294,0.01838235294,0,0,1,0,1000.25,1000.25,0,833,123,0.7780382633
194,0,999,2160,-1.25,1159.75,-0.000793398921,0.7361155189,1161,0.7369089178,0,18,0,0,1,0,1000.25,1000.25,0,833,124,0.782510519
195,0,1000.25,21102,0,20101.75,0,12.75896541,20101.75,12.75896541,0.03308823529,393.0330882,0,0,1,0,1000.25,1000.25,0,833,125,0.7865011692
196,0,1000.25,1005,0,4.75,0,0.0030149159,4.75,0.0030149159,0.3653846154,0.3653846154,0,0,1,0,1000.25,1000.25,0,833,126,0.7907328606
197,0,1000.25,1747,0,746.75,0,0.4739765154,746.75,0.4739765154,0.3653846154,12.63461538,0,0,1,0,1000.25,1000.25,0,833,127,0.7947967052
198,0,1000.25,993,0,-7.25,0,-0.004601713742,-7.25,-0.004601713742,0.1066176471,0.1066176471,0,0,1,0,1000.25,1000.25,0,833,128,0.7989931107
199,0,993,2222,-7.25,1221.75,-0.004601713742,0.7754681054,1229,0.7800698191,0,19,0,0,1,0,1000.25,1000.25,0,833,129,0.8034729958
200,0,1000.25,992,0,-8.25,0,-0.005236432878,-8.25,-0.005236432878,0.1213235294,0.1213235294,0,0,1,0,1000.25,1000.25,0,833,130,0.8073630333
201,0,992,1747,-8.25,746.75,-0.005236432878,0.4739765154,755,0.4792129483,0,12,0,0,1,0,1000.25,1000.25,0,833,131,0.8118658066
202,0,1000.25,19666,0,18665.75,0,11.84750873,18665.75,11.84750873,0.1066176471,391.8933824,0,0,1,0,1000.25,1000.25,0,833,132,0.8158040047
203,0,1000.25,995,0,-5.25,0,-0.003332275468,-5.25,-0.003332275468,0.4375,0.4375,0,0,1,0,1000.25,1000.25,0,833,133,0.8200421333
204,0,995,2020,-5.25,1019.75,-0.003332275468,0.6472548397,1025,0.6505871152,0,16,1,1,0,0,1000.25,1000.25,0,833,134,0.8246324062
205,0,1000.25,21349,0,20348.75,0,12.91574103,20348.75,12.91574103,0.07720588235,397.0772059,0,0,1,0,1000.25,1000.25,0,833,135,0.8286132812
206,0,1000.25,1005,0,4.75,0,0.0030149159,4.75,0.0030149159,0.4318181818,0.4318181818,0,0,1,0,1000.25,1000.25,0,833,136,0.8329424858
207,0,1000.25,1748,0,747.75,0,0.4746112345,747.75,0.4746112345,0.4318181818,12.56818182,0,0,1,0,1000.25,1000.25,0,833,137,0.8368678093
208,0,1000.25,995,0,-5.25,0,-0.003332275468,-5.25,-0.003332275468,0.07720588235,0.07720588235,0,0,1,0,1000.25,1000.25,0,833,138,0.8410811424
209,0,995,2903,-5.25,1902.75,-0.003332275468,1.207711838,1908,1.211044113,0,29,0,0,1,0,1000.25,1000.25,0,833,139,0.8454627991
210,0,1000.25,994,0,-6.25,0,-0.003966994605,-6.25,-0.003966994605,0.09328358209,0.09328358209,0,0,1,0,1000.25,1000.25,0,833,140,0.849326849
211,0,994,2565,-6.25,1564.75,-0.003966994605,0.9931767693,1571,0.9971437639,0,24,0,0,1,0,1000.25,1000.25,0,833,141,0.8537123203
212,0,1000.25,22275,0,21274.75,0,13.50349096,21274.75,13.50349096,0.07720588235,415.9227941,0,0,1,0,1000.25,1000.25,0,833,142,0.857834816
213,0,1000.25,996,0,-4.25,0,-0.002697556331,-4.25,-0.002697556331,0.3269230769,0.3269230769,0,0,1,0,1000.25,1000.25,0,833,143,0.861843586
214,0,996,1751,-4.25,750.75,-0.002697556331,0.4765153919,755,0.4792129483,0,12,0,0,1,0,1000.25,1000.25,0,833,144,0.8663184643
215,0,1000.25,997,0,-3.25,0,-0.002062837195,-3.25,-0.002062837195,0.04779411765,0.04779411765,0,0,1,0,1000.25,1000.25,0,833,145,0.8701314926
216,0,997,1682,-3.25,681.75,-0.002062837195,0.4327197715,685,0.4347826087,0,11,0,0,1,0,1000.25,1000.25,0,833,146,0.874532938
217,0,1000.25,20877,0,19876.75,0,12.6161536,19876.75,12.6161536,0.0625,416.0625,0,0,1,0,1000.25,1000.25,0,833,147,0.8784766197
218,0,1000.25,996,0,-4.25,0,-0.002697556331,-4.25,-0.002697556331,0.3541666667,0.3541666667,0,0,1,0,1000.25,1000.25,0,833,148,0.8828449249
219,0,996,2429,-4.25,1428.75,-0.002697556331,0.9068549667,1433,0.909552523,0,22,0,0,1,0,1000.25,1000.25,0,833,149,0.8873605728
220,0,1000.25,995,0,-5.25,0,-0.003332275468,-5.25,-0.003332275468,0.07720588235,0.07720588235,0,0,1,0,1000.25,1000.25,0,833,150,0.8911640644
221,0,995,2158,-5.25,1157.75,-0.003332275468,0.7348460806,1163,0.7381783561,0,18,0,0,1,0,1000.25,1000.25,0,833,151,0.8955404758
222,0,1000.25,23105,0,22104.75,0,14.03030784,22104.75,14.03030784,0.0625,415.0625,0,0,1,0,1000.25,1000.25,0,833,152,0.8994882107
223,0,1000.25,1005,0,4.75,0,0.0030149159,4.75,0.0030149159,0.3958333333,0.3958333333,0,0,1,0,1000.25,1000.25,0,833,153,0.9036910534
224,0,1000.25,2086,0,1085.75,0,0.6891463028,1085.75,0.6891463028,0.3958333333,17.60416667,0,0,1,0,1000.25,1000.25,0,833,154,0.9077343941
225,0,1000.25,992,0,-8.25,0,-0.005236432878,-8.25,-0.005236432878,0.1213235294,0.1213235294,0,0,1,0,1000.25,1000.25,0,833,155,0.91197896
226,0,992,2019,-8.25,1018.75,-0.005236432878,0.6466201206,1027,0.6518565535,0,16,0,0,1,0,1000.25,1000.25,0,833,156,0.9164018631
227,0,1000.25,993,0,-7.25,0,-0.004601713742,-7.25,-0.004601713742,0.1066176471,0.1066176471,0,0,1,0,1000.25,1000.25,0,833,157,0.9202644825
228,0,993,2154,-7.25,1153.75,-0.004601713742,0.7323072041,1161,0.7369089178,0,18,0,0,1,0,1000.25,1000.25,0,833,158,0.9246404171
229,0,1000.25,21117,0,20116.75,0,12.76848619,20116.75,12.76848619,0.1213235294,397.1213235,0,0,1,0,1000.25,1000.25,0,833,159,0.9285962582
230,0,1000.25,1000,0,-0.25,0,-0.0001586797842,-0.25,-0.0001586797842,0.02272727273,0.02272727273,0,0,1,0,1000.25,1000.25,0,833,160,0.9327886105
231,0,1000,1891,-0.25,890.75,-0.0001586797842,0.5653760711,891,0.5655347509,0,14,0,0,1,0,1000.25,1000.25,0,833,161,0.9374375343
232,0,1000.25,1001,0,0.75,0,0.0004760393526,0.75,0.0004760393526,0.0375,0.0375,0,0,1,0,1000.25,1000.25,0,833,162,0.9412801266
233,0,1000.25,1598,0,597.75,0,0.379403364,597.75,0.379403364,0.0375,10.9625,1,1,0,0,1000.25,1000.25,0,833,163,0.9451098442
234,0,1000.25,981,0,-19.25,0,-0.01221834338,-19.25,-0.01221834338,0.2830882353,0.2830882353,0,0,1,0,1000.25,1000.25,0,833,164,0.9492278099
235,0,981,2755,-19.25,1754.75,-0.01221834338,1.113773405,1774,1.125991749,0,27,0,0,1,0,1000.25,1000.25,0,833,165,0.9536035061
236,0,1000.25,982,0,-18.25,0,-0.01158362425,-18.25,-0.01158362425,0.2723880597,0.2723880597,0,0,1,0,1000.25,1000.25,0,833,166,0.9574713707
237,0,982,1939,-18.25,938.75,-0.01158362425,0.5958425897,957,0.6074262139,0,15,0,0,1,0,1000.25,1000.25,0,833,167,0.9614098072
238,0,1000.25,20159,0,19158.75,0,12.16042526,19158.75,12.16042526,0.2830882353,372.2830882,0,0,1,0,1000.25,1000.25,0,833,168,0.9652924538
239,0,1000.25,1006,0,5.75,0,0.003649635036,5.75,0.003649635036,0.4423076923,0.4423076923,0,0,1,0,1000.25,1000.25,0,833,169,0.9694845676
240,0,1000.25,2087,0,1086.75,0,0.6897810219,1086.75,0.6897810219,0.4423076923,17.55769231,1,1,0,0,1000.25,1000.25,0,833,170,0.9734563828
241,0,1000.25,993,0,-7.25,0,-0.004601713742,-7.25,-0.004601713742,0.1066176471,0.1066176471,0,0,1,0,1000.25,1000.25,0,833,171,0.9776880741
242,0,993,2970,-7.25,1969.75,-0.004601713742,1.25023802,1977,1.254839733,0,30,0,0,1,0,1000.25,1000.25,0,833,172,0.9816770554
243,0,1000.25,994,0,-6.25,0,-0.003966994605,-6.25,-0.003966994605,0.09328358209,0.09328358209,0,0,1,0,1000.25,1000.25,0,833,173,0.9854710102
244,0,994,1815,-6.25,814.75,-0.003966994605,0.5171374167,821,0.5211044113,0,13,0,0,1,0,1000.25,1000.25,0,833,174,0.989420414
245,0,1000.25,21335,0,20334.75,0,12.90685497,20334.75,12.90685497,0.1066176471,389.8933824,0,0,1,0,1000.25,1000.25,0,833,175,0.9932975769
246,0,1000.25,1000,0,-0.25,0,-0.0001586797842,-0.25,-0.0001586797842,0.01785714286,0.01785714286,0,0,1,0,1000.25,1000.25,0,833,176,0.9972581863
247,0,1000,2569,-0.25,1568.75,-0.0001586797842,0.9957156458,1569,0.9958743256,0,24,0,0,1,0,1000.25,1000.25,0,833,177,1.001479387
248,0,1000.25,999,0,-1.25,0,-0.000793398921,-1.25,-0.000793398921,0.01838235294,0.01838235294,0,0,1,0,1000.25,1000.25,0,833,178,1.005285025
249,0,999,2162,-1.25,1161.75,-0.000793398921,0.7373849572,1163,0.7381783561,0,18,0,0,1,0,1000.25,1000.25,0,833,179,1.009232759
250,0,1000.25,20041,0,19040.75,0,12.0855284,19040.75,12.0855284,0.003676470588,381.0036765,0,0,1,0,1000.25,1000.25,0,833,180,1.013119698
251,0,1000.25,996,0,-4.25,0,-0.002697556331,-4.25,-0.002697556331,0.3269230769,0.3269230769,0,0,1,0,1000.25,1000.25,0,833,181,1.017338753
252,0,996,2835,-4.25,1834.75,-0.002697556331,1.164550936,1839,1.167248493,0,28,0,0,1,0,1000.25,1000.25,0,833,182,1.021629095
253,0,1000.25,995,0,-5.25,0,-0.003332275468,-5.25,-0.003332275468,0.07835820896,0.07835820896,0,0,1,0,1000.25,1000.25,0,833,183,1.025428534
254,0,995,1886,-5.25,885.75,-0.003332275468,0.5622024754,891,0.5655347509,0,14,0,0,1,0,1000.25,1000.25,0,833,184,1.029389858
255,0,1000.25,21371,0,20370.75,0,12.92970486,20370.75,12.92970486,0.0625,404.0625,0,0,1,0,1000.25,1000.25,0,833,185,1.033287287
256,0,1000.25,1005,0,4.75,0,0.0030149159,4.75,0.0030149159,0.3958333333,0.3958333333,0,0,1,0,1000.25,1000.25,0,833,186,1.037549257
257,0,1000.25,1746,0,745.75,0,0.4733417963,745.75,0.4733417963,0.3958333333,12.60416667,0,0,1,0,1000.25,1000.25,0,833,187,1.041625738
258,0,1000.25,992,0,-8.25,0,-0.005236432878,-8.25,-0.005236432878,0.1213235294,0.1213235294,0,0,1,0,1000.25,1000.25,0,833,188,1.04576683
259,0,992,1679,-8.25,678.75,-0.005236432878,0.4308156141,687,0.436052047,0,11,0,0,1,0,1000.25,1000.25,0,833,189,1.050254107
260,0,1000.25,993,0,-7.25,0,-0.004601713742,-7.25,-0.004601713742,0.1066176471,0.1066176471,0,0,1,0,1000.25,1000.25,0,833,190,1.054111958
261,0,993,2832,-7.25,1831.75,-0.004601713742,1.162646779,1839,1.167248493,0,28,0,0,1,0,1000.25,1000.25,0,833,191,1.058566332
262,0,1000.25,22014,0,21013.75,0,13.33782926,21013.75,13.33782926,0.1231343284,425.8768657,0,0,1,0,1000.25,1000.25,0,833,192,1.062493086
263,0,1000.25,1014,0,13.75,0,0.008727388131,13.75,0.008727388131,1.03125,1.03125,0,0,1,0,1000.25,1000.25,0,833,193,1.066543102
264,0,1000.25,1453,0,452.75,0,0.2873690892,452.75,0.2873690892,1.03125,9.96875,0,0,1,0,1000.25,1000.25,0,833,194,1.070499182
265,0,1000.25,975,0,-25.25,0,-0.0160266582,-25.25,-0.0160266582,0.3713235294,0.3713235294,0,0,1,0,1000.25,1000.25,0,833,195,1.074743032
266,0,975,2000,-25.25,999.75,-0.0160266582,0.634560457,1025,0.6505871152,0,16,0,0,1,0,1000.25,1000.25,0,833,196,1.079174995
267,0,1000.25,974,0,-26.25,0,-0.01666137734,-26.25,-0.01666137734,0.3860294118,0.3860294118,0,0,1,0,1000.25,1000.25,0,833,197,1.083018541
268,0,974,1729,-26.25,728.75,-0.01666137734,0.4625515709,755,0.4792129483,0,12,0,0,1,0,1000.25,1000.25,0,833,198,1.087442875
269,0,1000.25,21519,0,20518.75,0,13.02364329,20518.75,13.02364329,0.3713235294,410.6286765,0,0,1,0,1000.25,1000.25,0,833,199,1.091364145
270,0,1000.25,995,0,-5.25,0,-0.003332275468,-5.25,-0.003332275468,0.4375,0.4375,0,0,1,0,1000.25,1000.25,0,833,200,1.095550776
271,0,995,2090,-5.25,1089.75,-0.003332275468,0.6916851793,1095,0.6950174548,0,17,0,0,1,0,1000.25,1000.25,0,833,201,1.100337505
272,0,1000.25,996,0,-4.25,0,-0.002697556331,-4.25,-0.002697556331,0.0625,0.0625,0,0,1,0,1000.25,1000.25,0,833,202,1.104205132
273,0,996,1953,-4.25,952.75,-0.002697556331,0.6047286576,957,0.6074262139,0,15,0,0,1,0,1000.25,1000.25,0,833,203,1.108301401
274,0,1000.25,20528,0,19527.75,0,12.39463662,19527.75,12.39463662,0.07720588235,386.0772059,0,0,1,0,1000.25,1000.25,0,833,204,1.112233162
275,0,1000.25,996,0,-4.25,0,-0.002697556331,-4.25,-0.002697556331,0.3541666667,0.3541666667,0,0,1,0,1000.25,1000.25,0,833,205,1.116549015
276,0,996,1751,-4.25,750.75,-0.002697556331,0.4765153919,755,0.4792129483,0,12,0,0,1,0,1000.25,1000.25,0,833,206,1.121193171
277,0,1000.25,997,0,-3.25,0,-0.002062837195,-3.25,-0.002062837195,0.04779411765,0.04779411765,0,0,1,0,1000.25,1000.25,0,833,207,1.125079632
278,0,997,1818,-3.25,817.75,-0.002062837195,0.5190415741,821,0.5211044113,0,13,0,0,1,0,1000.25,1000.25,0,833,208,1.129463434
279,0,1000.25,19939,0,18938.75,0,12.02078705,18938.75,12.02078705,0.0625,387.0625,0,0,1,0,1000.25,1000.25,0,833,209,1.133458376
280,0,1000.25,997,0,-3.25,0,-0.002062837195,-3.25,-0.002062837195,0.25,0.25,0,0,1,0,1000.25,1000.25,0,833,210,1.137720823
281,0,997,2838,-3.25,1837.75,-0.002062837195,1.166455094,1841,1.168517931,0,28,0,0,1,0,1000.25,1000.25,0,833,211,1.142453432
282,0,1000.25,998,0,-2.25,0,-0.001428118058,-2.25,-0.001428118058,0.03358208955,0.03358208955,0,0,1,0,1000.25,1000.25,0,833,212,1.146303654
283,0,998,2091,-2.25,1090.75,-0.001428118058,0.6923198984,1093,0.6937480165,0,17,0,0,1,0,1000.25,1000.25,0,833,213,1.150610685
284,0,1000.25,20470,0,19469.75,0,12.35782291,19469.75,12.35782291,0.04779411765,386.9522059,0,0,1,0,1000.25,1000.25,0,833,214,1.154532909
285,0,1000.25,999,0,-1.25,0,-0.000793398921,-1.25,-0.000793398921,0.1041666667,0.1041666667,0,0,1,0,1000.25,1000.25,0,833,215,1.158581018
286,0,999,2160,-1.25,1159.75,-0.000793398921,0.7361155189,1161,0.7369089178,0,18,0,0,1,0,1000.25,1000.25,0,833,216,1.162945032
287,0,1000.25,998,0,-2.25,0,-0.001428118058,-2.25,-0.001428118058,0.03308823529,0.03308823529,0,0,1,0,1000.25,1000.25,0,833,217,1.166748285
288,0,998,2093,-2.25,1092.75,-0.001428118058,0.6935893367,1095,0.6950174548,0,17,0,0,1,0,1000.25,1000.25,0,833,218,1.17071104
289,0,1000.25,20945,0,19944.75,0,12.6593145,19944.75,12.6593145,0.01838235294,399.0183824,0,0,1,0,1000.25,1000.25,0,833,219,1.174595118
290,0,1000.25,993,0,-7.25,0,-0.004601713742,-7.25,-0.004601713742,0.5576923077,0.5576923077,0,0,1,0,1000.25,1000.25,0,833,220,1.178854465
291,0,993,2496,-7.25,1495.75,-0.004601713742,0.9493811488,1503,0.9539828626,0,23,0,0,1,0,1000.25,1000.25,0,833,221,1.183118105
292,0,1000.25,994,0,-6.25,0,-0.003966994605,-6.25,-0.003966994605,0.09191176471,0.09191176471,0,0,1,0,1000.25,1000.25,0,833,222,1.186918259
293,0,994,2087,-6.25,1086.75,-0.003966994605,0.6897810219,1093,0.6937480165,0,17,0,0,1,0,1000.25,1000.25,0,833,223,1.190887213
294,0,1000.25,22495,0,21494.75,0,13.64312917,21494.75,13.64312917,0.1066176471,411.8933824,0,0,1,0,1000.25,1000.25,0,833,224,1.194779396
295,0,1000.25,997,0,-3.25,0,-0.002062837195,-3.25,-0.002062837195,0.2321428571,0.2321428571,0,0,1,0,1000.25,1000.25,0,833,225,1.198720455
296,0,997,1684,-3.25,683.75,-0.002062837195,0.4339892098,687,0.436052047,0,11,0,0,1,0,1000.25,1000.25,0,833,226,1.202926636
297,0,1000.25,998,0,-2.25,0,-0.001428118058,-2.25,-0.001428118058,0.03308823529,0.03308823529,0,0,1,0,1000.25,1000.25,0,833,227,1.206746578
298,0,998,2703,-2.25,1702.75,-0.001428118058,1.08076801,1705,1.082196128,0,26,0,0,1,0,1000.25,1000.25,0,833,228,1.210699797
299,0,1000.25,21068,0,20067.75,0,12.73738496,20067.75,12.73738496,0.04779411765,407.9522059,0,0,1,0,1000.25,1000.25,0,833,229,1.214596033
300,0,1000.25,994,0,-6.25,0,-0.003966994605,-6.25,-0.003966994605,0.46875,0.46875,0,0,1,0,1000.25,1000.25,0,833,230,1.218623877
301,0,994,1747,-6.25,746.75,-0.003966994605,0.4739765154,753,0.47794351,0,12,0,0,1,0,1000.25,1000.25,0,833,231,1.222892761
302,0,1000.25,993,0,-7.25,0,-0.004601713742,-7.25,-0.004601713742,0.1066176471,0.1066176471,0,0,1,0,1000.25,1000.25,0,833,232,1.226691961
303,0,993,2834,-7.25,1833.75,-0.004601713742,1.163916217,1841,1.168517931,0,28,0,0,1,0,1000.25,1000.25,0,833,233,1.230671167
304,0,1000.25,21451,0,20450.75,0,12.98048239,20450.75,12.98048239,0.09328358209,407.0932836,0,0,1,0,1000.25,1000.25,0,833,234,1.234559774
305,0,1000.25,1002,0,1.75,0,0.001110758489,1.75,0.001110758489,0.1346153846,0.1346153846,0,0,1,0,1000.25,1000.25,0,833,235,1.238859177
306,0,1000.25,2697,0,1696.75,0,1.076959695,1696.75,1.076959695,0.1346153846,26.86538462,0,0,1,0,1000.25,1000.25,0,833,236,1.242832661
307,0,1000.25,990,0,-10.25,0,-0.006505871152,-10.25,-0.006505871152,0.1507352941,0.1507352941,0,0,1,0,1000.25,1000.25,0,833,237,1.247057915
308,0,990,1607,-10.25,606.75,-0.006505871152,0.3851158362,617,0.3916217074,0,10,0,0,1,0,1000.25,1000.25,0,833,238,1.251361132
309,0,1000.25,989,0,-11.25,0,-0.007140590289,-11.25,-0.007140590289,0.1654411765,0.1654411765,0,0,1,0,1000.25,1000.25,0,833,239,1.255237818
310,0,989,1608,-11.25,607.75,-0.007140590289,0.3857505554,619,0.3928911457,0,10,0,0,1,0,1000.25,1000.25,0,833,240,1.259535789
311,0,1000.25,19503,0,18502.75,0,11.74404951,18502.75,11.74404951,0.1507352941,354.8492647,0,0,1,0,1000.25,1000.25,0,833,241,1.263436079
312,0,1000.25,1005,0,4.75,0,0.0030149159,4.75,0.0030149159,0.3392857143,0.3392857143,0,0,1,0,1000.25,1000.25,0,833,242,1.267406702
313,0,1000.25,2899,0,1898.75,0,1.205172961,1898.75,1.205172961,0.3392857143,29.66071429,0,0,1,0,1000.25,1000.25,0,833,243,1.271649837
314,0,1000.25,990,0,-10.25,0,-0.006505871152,-10.25,-0.006505871152,0.1529850746,0.1529850746,0,0,1,0,1000.25,1000.25,0,833,244,1.275758505
315,0,990,2017,-10.25,1016.75,-0.006505871152,0.6453506823,1027,0.6518565535,0,16,0,0,1,0,1000.25,1000.25,0,833,245,1.279820919
316,0,1000.25,991,0,-9.25,0,-0.005871152015,-9.25,-0.005871152015,0.1360294118,0.1360294118,0,0,1,0,1000.25,1000.25,0,833,246,1.283662796
317,0,991,1880,-9.25,879.75,-0.005871152015,0.5583941606,889,0.5642653126,0,14,0,0,1,0,1000.25,1000.25,0,833,247,1.288098574
318,0,1000.25,22699,0,21698.75,0,13.77261187,21698.75,13.77261187,0.1507352941,408.1507353,0,0,1,0,1000.25,1000.25,0,833,248,1.292101383
319,0,1000.25,987,0,-13.25,0,-0.008410028562,-13.25,-0.008410028562,0.9137931034,0.9137931034,0,0,1,0,1000.25,1000.25,0,833,249,1.296310186
320,0,987,2012,-13.25,1011.75,-0.008410028562,0.6421770866,1025,0.6505871152,0,16,0,0,1,0,1000.25,1000.25,0,833,250,1.300667048
321,0,1000.25,986,0,-14.25,0,-0.009044747699,-14.25,-0.009044747699,0.2095588235,0.2095588235,0,0,1,0,1000.25,1000.25,0,833,251,1.304479361
322,0,986,2353,-14.25,1352.75,-0.009044747699,0.8586163123,1367,0.86766106,0,21,0,0,1,0,1000.25,1000.25,0,833,252,1.308932543
323,0,1000.25,21339,0,20338.75,0,12.90939384,20338.75,12.90939384,0.1948529412,405.1948529,0,0,1,0,1000.25,1000.25,0,833,253,1.313110352
324,0,1000.25,1005,0,4.75,0,0.0030149159,4.75,0.0030149159,0.3653846154,0.3653846154,0,0,1,0,1000.25,1000.25,0,833,254,1.317363977
325,0,1000.25,1745,0,744.75,0,0.4727070771,744.75,0.4727070771,0.3653846154,12.63461538,0,0,1,0,1000.25,1000.25,0,833,255,1.321480036
326,0,1000.25,991,0,-9.25,0,-0.005871152015,-9.25,-0.005871152015,0.1360294118,0.1360294118,0,0,1,0,1000.25,1000.25,0,833,256,1.325665474
327,0,991,1882,-9.25,881.75,-0.005871152015,0.5596635989,891,0.5655347509,0,14,0,0,1,0,1000.25,1000.25,0,833,257,1.330122948
328,0,1000.25,992,0,-8.25,0,-0.005236432878,-8.25,-0.005236432878,0.1213235294,0.1213235294,0,0,1,0,1000.25,1000.25,0,833,258,1.334036112
329,0,992,1949,-8.25,948.75,-0.005236432878,0.602189781,957,0.6074262139,0,15,0,0,1,0,1000.25,1000.25,0,833,259,1.338514328
330,0,1000.25,20985,0,19984.75,0,12.68470327,19984.75,12.68470327,0.1360294118,402.8639706,0,0,1,0,1000.25,1000.25,0,833,260,1.342499018
331,0,1000.25,1003,0,2.75,0,0.001745477626,2.75,0.001745477626,0.1964285714,0.1964285714,0,0,1,0,1000.25,1000.25,0,833,261,1.346467257
332,0,1000.25,2694,0,1693.75,0,1.075055538,1693.75,1.075055538,0.1964285714,26.80357143,0,0,1,0,1000.25,1000.25,0,833,262,1.350414038
333,0,1000.25,990,0,-10.25,0,-0.006505871152,-10.25,-0.006505871152,0.1529850746,0.1529850746,0,0,1,0,1000.25,1000.25,0,833,263,1.354602098
334,0,990,2627,-10.25,1626.75,-0.006505871152,1.032529356,1637,1.039035227,0,25,0,0,1,0,1000.25,1000.25,0,833,264,1.358673573
335,0,1000.25,989,0,-11.25,0,-0.007140590289,-11.25,-0.007140590289,0.1654411765,0.1654411765,0,0,1,0,1000.25,1000.25,0,833,265,1.36252284
336,0,989,2220,-11.25,1219.75,-0.007140590289,0.7741986671,1231,0.7813392574,0,19,0,0,1,0,1000.25,1000.25,0,833,266,1.366646051
337,0,1000.25,20862,0,19861.75,0,12.60663281,19861.75,12.60663281,0.1507352941,399.1507353,0,0,1,0,1000.25,1000.25,0,833,267,1.370567322
338,0,1000.25,997,0,-3.25,0,-0.002062837195,-3.25,-0.002062837195,0.25,0.25,0,0,1,0,1000.25,1000.25,0,833,268,1.374793768
339,0,997,1954,-3.25,953.75,-0.002062837195,0.6053633767,957,0.6074262139,0,15,0,0,1,0,1000.25,1000.25,0,833,269,1.379158497
340,0,1000.25,22331,0,21330.75,0,13.53903523,21330.75,13.53903523,0.09701492537,420,0,0,1,0,1000.25,1000.25,0,833,270,1.383067608
341,0,1000.25,1005,0,4.75,0,0.0030149159,4.75,0.0030149159,0.3958333333,0.3958333333,0,0,1,0,1000.25,1000.25,0,833,271,1.387295008
342,0,1000.25,2358,0,1357.75,0,0.861789908,1357.75,0.861789908,0.3958333333,21.60416667,0,0,1,0,1000.25,1000.25,0,833,272,1.391233921
343,0,1000.25,992,0,-8.25,0,-0.005236432878,-8.25,-0.005236432878,0.1213235294,0.1213235294,0,0,1,0,1000.25,1000.25,0,833,273,1.395576239
344,0,992,2495,-8.25,1494.75,-0.005236432878,0.9487464297,1503,0.9539828626,0,23,0,0,1,0,1000.25,1000.25,0,833,274,1.40003562
345,0,1000.25,993,0,-7.25,0,-0.004601713742,-7.25,-0.004601713742,0.1066176471,0.1066176471,0,0,1,0,1000.25,1000.25,0,833,275,1.403904438
346,0,993,2698,-7.25,1697.75,-0.004601713742,1.077594414,1705,1.082196128,0,26,0,0,1,0,1000.25,1000.25,0,833,276,1.408355951
347,0,1000.25,21498,0,20497.75,0,13.01031419,20497.75,13.01031419,0.1213235294,402.1213235,0,0,1,0,1000.25,1000.25,0,833,277,1.412293911
348,0,1000.25,995,0,-5.25,0,-0.003332275468,-5.25,-0.003332275468,0.35,0.35,0,0,1,0,1000.25,1000.25,0,833,278,1.416565657
349,0,995,1680,-5.25,679.75,-0.003332275468,0.4314503332,685,0.4347826087,0,11,0,0,1,0,1000.25,1000.25,0,833,279,1.421086311
350,0,1000.25,994,0,-6.25,0,-0.003966994605,-6.25,-0.003966994605,0.09191176471,0.09191176471,0,0,1,0,1000.25,1000.25,0,833,280,1.424904585
351,0,994,2835,-6.25,1834.75,-0.003966994605,1.164550936,1841,1.168517931,0,28,0,0,1,0,1000.25,1000.25,0,833,281,1.429493189
352,0,1000.25,20500,0,19499.75,0,12.37686449,19499.75,12.37686449,0.07835820896,396.0783582,0,0,1,0,1000.25,1000.25,0,833,282,1.433562279
353,0,1000.25,996,0,-4.25,0,-0.002697556331,-4.25,-0.002697556331,0.3269230769,0.3269230769,0,0,1,0,1000.25,1000.25,0,833,283,1.437836409
354,0,996,2971,-4.25,1970.75,-0.002697556331,1.250872739,1975,1.253570295,0,30,0,0,1,0,1000.25,1000.25,0,833,284,1.442376137
355,0,1000.25,995,0,-5.25,0,-0.003332275468,-5.25,-0.003332275468,0.07835820896,0.07835820896,0,0,1,0,1000.25,1000.25,0,833,285,1.446205139
356,0,995,1954,-5.25,953.75,-0.003332275468,0.6053633767,959,0.6086956522,0,15,0,0,1,0,1000.25,1000.25,0,833,286,1.450636387
357,0,1000.25,21096,0,20095.75,0,12.75515709,20095.75,12.75515709,0.0625,384.0625,0,0,1,0,1000.25,1000.25,0,833,287,1.454636812
358,0,1000.25,1004,0,3.75,0,0.002380196763,3.75,0.002380196763,0.3125,0.3125,0,0,1,0,1000.25,1000.25,0,833,288,1.459100008
359,0,1000.25,1949,0,948.75,0,0.602189781,948.75,0.602189781,0.3125,15.6875,1,1,0,0,1000.25,1000.25,0,833,289,1.463204145
360,0,1000.25,992,0,-8.25,0,-0.005236432878,-8.25,-0.005236432878,0.1213235294,0.1213235294,0,0,1,0,1000.25,1000.25,0,833,290,1.467971325
361,0,992,1815,-8.25,814.75,-0.005236432878,0.5171374167,823,0.5223738496,0,13,0,0,1,0,1000.25,1000.25,0,833,291,1.472082138
362,0,1000.25,993,0,-7.25,0,-0.004601713742,-7.25,-0.004601713742,0.1066176471,0.1066176471,0,0,1,0,1000.25,1000.25,0,833,292,1.475923061
363,0,993,2832,-7.25,1831.75,-0.004601713742,1.162646779,1839,1.167248493,0,28,0,0,1,0,1000.25,1000.25,0,833,293,1.479977608
364,0,1000.25,20787,0,19786.75,0,12.55902888,19786.75,12.55902888,0.1231343284,392.8768657,0,0,1,0,1000.25,1000.25,0,833,294,1.483901739
365,0,1000.25,998,0,-2.25,0,-0.001428118058,-2.25,-0.001428118058,0.1607142857,0.1607142857,0,0,1,0,1000.25,1000.25,0,833,295,1.487851858
366,0,998,2705,-2.25,1704.75,-0.001428118058,1.082037448,1707,1.083465566,0,26,0,0,1,0,1000.25,1000.25,0,833,296,1.49212122
367,0,1000.25,999,0,-1.25,0,-0.000793398921,-1.25,-0.000793398921,0.01838235294,0.01838235294,0,0,1,0,1000.25,1000.25,0,833,297,1.495923758
368,0,999,1752,-1.25,751.75,-0.000793398921,0.4771501111,753,0.47794351,0,12,0,0,1,0,1000.25,1000.25,0,833,298,1.499979734
369,0,1000.25,20210,0,19209.75,0,12.19279594,19209.75,12.19279594,0.03308823529,385.0330882,0,0,1,0,1000.25,1000.25,0,833,299,1.50390172
370,0,1000.25,1006,0,5.75,0,0.003649635036,5.75,0.003649635036,0.4791666667,0.4791666667,0,0,1,0,1000.25,1000.25,0,833,300,1.508161306
371,0,1000.25,2497,0,1496.75,0,0.950015868,1496.75,0.950015868,0.4791666667,23.52083333,0,0,1,0,1000.25,1000.25,0,833,301,1.512049437
372,0,1000.25,995,0,-5.25,0,-0.003332275468,-5.25,-0.003332275468,0.07720588235,0.07720588235,0,0,1,0,1000.25,1000.25,0,833,302,1.516305923
373,0,995,2834,-5.25,1833.75,-0.003332275468,1.163916217,1839,1.167248493,0,28,0,0,1,0,1000.25,1000.25,0,833,303,1.520258427
374,0,1000.25,994,0,-6.25,0,-0.003966994605,-6.25,-0.003966994605,0.09328358209,0.09328358209,0,0,1,0,1000.25,1000.25,0,833,304,1.524050474
375,0,994,2225,-6.25,1224.75,-0.003966994605,0.7773722628,1231,0.7813392574,0,19,0,0,1,0,1000.25,1000.25,0,833,305,1.527996778
376,0,1000.25,20390,0,19389.75,0,12.30704538,19389.75,12.30704538,0.07720588235,383.0772059,0,0,1,0,1000.25,1000.25,0,833,306,1.531879187
377,0,1000.25,1005,0,4.75,0,0.0030149159,4.75,0.0030149159,0.3392857143,0.3392857143,0,0,1,0,1000.25,1000.25,0,833,307,1.535995007
378,0,1000.25,2355,0,1354.75,0,0.8598857506,1354.75,0.8598857506,0.3392857143,21.66071429,0,0,1,0,1000.25,1000.25,0,833,308,1.539812803
379,0,1000.25,990,0,-10.25,0,-0.006505871152,-10.25,-0.006505871152,0.1507352941,0.1507352941,0,0,1,0,1000.25,1000.25,0,833,309,1.54396987
380,0,990,2085,-10.25,1084.75,-0.006505871152,0.6885115836,1095,0.6950174548,0,17,0,0,1,0,1000.25,1000.25,0,833,310,1.547927141
381,0,1000.25,991,0,-9.25,0,-0.005871152015,-9.25,-0.005871152015,0.1360294118,0.1360294118,0,0,1,0,1000.25,1000.25,0,833,311,1.551731586
382,0,991,1744,-9.25,743.75,-0.005871152015,0.472072358,753,0.47794351,0,12,0,0,1,0,1000.25,1000.25,0,833,312,1.555685043
383,0,1000.25,21686,0,20685.75,0,13.12964138,20685.75,13.12964138,0.1507352941,401.8492647,0,0,1,0,1000.25,1000.25,0,833,313,1.559559822
384,0,1000.25,1000,0,-0.25,0,-0.0001586797842,-0.25,-0.0001586797842,0.02083333333,0.02083333333,0,0,1,0,1000.25,1000.25,0,833,314,1.563673735
385,0,1000,1617,-0.25,616.75,-0.0001586797842,0.3914630276,617,0.3916217074,0,10,0,0,1,0,1000.25,1000.25,0,833,315,1.568278313
386,0,1000.25,999,0,-1.25,0,-0.000793398921,-1.25,-0.000793398921,0.01838235294,0.01838235294,0,0,1,0,1000.25,1000.25,0,833,316,1.572110176
387,0,999,2298,-1.25,1297.75,-0.000793398921,0.8237067598,1299,0.8245001587,0,20,0,0,1,0,1000.25,1000.25,0,833,317,1.576580524
388,0,1000.25,21635,0,20634.75,0,13.09727071,20634.75,13.09727071,0.003676470588,414.0036765,0,0,1,0,1000.25,1000.25,0,833,318,1.580553532
389,0,1000.25,997,0,-3.25,0,-0.002062837195,-3.25,-0.002062837195,0.2708333333,0.2708333333,0,0,1,0,1000.25,1000.25,0,833,319,1.584815264
390,0,997,1954,-3.25,953.75,-0.002062837195,0.6053633767,957,0.6074262139,0,15,0,0,1,0,1000.25,1000.25,0,833,320,1.589252472
391,0,1000.25,996,0,-4.25,0,-0.002697556331,-4.25,-0.002697556331,0.0625,0.0625,0,0,1,0,1000.25,1000.25,0,833,321,1.593069792
392,0,996,1887,-4.25,886.75,-0.002697556331,0.5628371945,891,0.5655347509,0,14,0,0,1,0,1000.25,1000.25,0,833,322,1.597179413
393,0,1000.25,20441,0,19440.75,0,12.33941606,19440.75,12.33941606,0.04779411765,413.0477941,0,0,1,0,1000.25,1000.25,0,833,323,1.601100206
394,0,1000.25,981,0,-19.25,0,-0.01221834338,-19.25,-0.01221834338,1.729166667,1.729166667,1,3,0,0,1000.25,1000.25,0,833,324,1.605510235
395,0,1000.25,985,0,-15.25,0,-0.009679466836,-15.25,-0.009679466836,1.375,1.375,1,1,0,0,1000.25,1000.25,0,833,325,1.609720469
396,0,992,992,-8.25,-8.25,-0.005236432878,-0.005236432878,0,0,0,0,0,0,1,0,1000.25,1000.25,0,833,326,1.61398077
397,0,992,2221,-8.25,1220.75,-0.005236432878,0.7748333862,1229,0.7800698191,0,19,0,0,1,0,1000.25,1000.25,0,833,327,1.617820978
398,0,1000.25,992,0,-8.25,0,-0.005236432878,-8.25,-0.005236432878,0.2462686567,0.2462686567,0,0,1,0,1000.25,1000.25,0,833,328,1.621674299
399,0,992,2087,-8.25,1086.75,-0.005236432878,0.6897810219,1095,0.6950174548,0,17,0,0,1,0,1000.25,1000.25,0,833,329,1.626601696
400,0,1000.25,993,0,-7.25,0,-0.004601713742,-7.25,-0.004601713742,0.1066176471,0.1066176471,0,0,1,0,1000.25,1000.25,0,833,330,1.630536079
401,0,993,2562,-7.25,1561.75,-0.004601713742,0.9912726119,1569,0.9958743256,0,24,0,0,1,0,1000.25,1000.25,0,833,331,1.634940863
402,0,1000.25,22817,0,21816.75,0,13.84750873,21816.75,13.84750873,0.1213235294,428.1213235,0,0,1,0,1000.25,1000.25,0,833,332,1.638887167
403,0,1000.25,1005,0,4.75,0,0.0030149159,4.75,0.0030149159,0.3392857143,0.3392857143,0,0,1,0,1000.25,1000.25,0,833,333,1.64309454
404,0,1000.25,2763,0,1762.75,0,1.118851158,1762.75,1.118851158,0.3392857143,27.66071429,0,0,1,0,1000.25,1000.25,0,833,334,1.647258997
405,0,1000.25,992,0,-8.25,0,-0.005236432878,-8.25,-0.005236432878,0.1231343284,0.1231343284,0,0,1,0,1000.25,1000.25,0,833,335,1.65145278
406,0,992,2493,-8.25,1492.75,-0.005236432878,0.9474769914,1501,0.9527134243,0,23,0,0,1,0,1000.25,1000.25,0,833,336,1.655629873
407,0,1000.25,991,0,-9.25,0,-0.005871152015,-9.25,-0.005871152015,0.1360294118,0.1360294118,0,0,1,0,1000.25,1000.25,0,833,337,1.659548283
408,0,991,2968,-9.25,1967.75,-0.005871152015,1.248968581,1977,1.254839733,0,30,0,0,1,0,1000.25,1000.25,0,833,338,1.663930416
409,0,1000.25,21699,0,20698.75,0,13.13789273,20698.75,13.13789273,0.1231343284,395.1231343,0,0,1,0,1000.25,1000.25,0,833,339,1.667879581
410,0,1000.25,996,0,-4.25,0,-0.002697556331,-4.25,-0.002697556331,0.3269230769,0.3269230769,0,0,1,0,1000.25,1000.25,0,833,340,1.671994686
411,0,996,2701,-4.25,1700.75,-0.002697556331,1.079498572,1705,1.082196128,0,26,0,0,1,0,1000.25,1000.25,0,833,341,1.676335812
412,0,1000.25,996,0,-4.25,0,-0.002697556331,-4.25,-0.002697556331,0.1268656716,0.1268656716,0,0,1,0,1000.25,1000.25,0,833,342,1.680180311
413,0,996,2295,-4.25,1294.75,-0.002697556331,0.8218026023,1299,0.8245001587,0,20,0,0,1,0,1000.25,1000.25,0,833,343,1.684995413
414,0,1000.25,997,0,-3.25,0,-0.002062837195,-3.25,-0.002062837195,0.04779411765,0.04779411765,0,0,1,0,1000.25,1000.25,0,833,344,1.688822031
415,0,997,1750,-3.25,749.75,-0.002062837195,0.4758806728,753,0.47794351,0,12,0,0,1,0,1000.25,1000.25,0,833,345,1.692940235
416,0,1000.25,22480,0,21479.75,0,13.63360838,21479.75,13.63360838,0.0625,419.0625,0,0,1,0,1000.25,1000.25,0,833,346,1.69688201
417,0,1000.25,995,0,-5.25,0,-0.003332275468,-5.25,-0.003332275468,0.4038461538,0.4038461538,0,0,1,0,1000.25,1000.25,0,833,347,1.701179028
418,0,995,2970,-5.25,1969.75,-0.003332275468,1.25023802,1975,1.253570295,0,30,0,0,1,0,1000.25,1000.25,0,833,348,1.705762386
419,0,1000.25,21304,0,20303.75,0,12.88717867,20303.75,12.88717867,0.1567164179,393.1567164,0,0,1,0,1000.25,1000.25,0,833,349,1.709733009
420,0,1000.25,1004,0,3.75,0,0.002380196763,3.75,0.002380196763,0.3125,0.3125,0,0,1,0,1000.25,1000.25,0,833,350,1.71404624
421,0,1000.25,1541,0,540.75,0,0.3432243732,540.75,0.3432243732,0.3125,9.6875,1,1,0,0,1000.25,1000.25,0,833,351,1.718005896
422,0,1000.25,992,0,-8.25,0,-0.005236432878,-8.25,-0.005236432878,0.1213235294,0.1213235294,0,0,1,0,1000.25,1000.25,0,833,352,1.722284079
423,0,992,2017,-8.25,1016.75,-0.005236432878,0.6453506823,1025,0.6505871152,0,16,0,0,1,0,1000.25,1000.25,0,833,353,1.726865053
424,0,1000.25,992,0,-8.25,0,-0.005236432878,-8.25,-0.005236432878,0.2462686567,0.2462686567,0,0,1,0,1000.25,1000.25,0,833,354,1.730848074
425,0,992,1611,-8.25,610.75,-0.005236432878,0.3876547128,619,0.3928911457,0,10,0,0,1,0,1000.25,1000.25,0,833,355,1.735797405
426,0,1000.25,993,0,-7.25,0,-0.004601713742,-7.25,-0.004601713742,0.1066176471,0.1066176471,0,0,1,0,1000.25,1000.25,0,833,356,1.739649534
427,0,993,1746,-7.25,745.75,-0.004601713742,0.4733417963,753,0.47794351,0,12,0,0,1,0,1000.25,1000.25,0,833,357,1.744126797
428,0,1000.25,20454,0,19453.75,0,12.34766741,19453.75,12.34766741,0.1213235294,385.8786765,0,0,1,0,1000.25,1000.25,0,833,358,1.748104572
429,0,1000.25,999,0,-1.25,0,-0.000793398921,-1.25,-0.000793398921,0.09615384615,0.09615384615,0,0,1,0,1000.25,1000.25,0,833,359,1.752165318
430,0,999,1754,-1.25,753.75,-0.000793398921,0.4784195493,755,0.4792129483,0,12,0,0,1,0,1000.25,1000.25,0,833,360,1.756513119
431,0,1000.25,1000,0,-0.25,0,-0.0001586797842,-0.25,-0.0001586797842,0.003676470588,0.003676470588,0,0,1,0,1000.25,1000.25,0,833,361,1.760318756
432,0,1000,2433,-0.25,1432.75,-0.0001586797842,0.9093938432,1433,0.909552523,0,22,0,0,1,0,1000.25,1000.25,0,833,362,1.764747858
433,0,1000.25,20523,0,19522.75,0,12.39146303,19522.75,12.39146303,0.01838235294,390.0183824,0,0,1,0,1000.25,1000.25,0,833,363,1.768716812
434,0,1000.25,1003,0,2.75,0,0.001745477626,2.75,0.001745477626,0.2291666667,0.2291666667,0,0,1,0,1000.25,1000.25,0,833,364,1.772913218
435,0,1000.25,1814,0,813.75,0,0.5165026976,813.75,0.5165026976,0.2291666667,13.77083333,0,0,1,0,1000.25,1000.25,0,833,365,1.776840925
436,0,1000.25,992,0,-8.25,0,-0.005236432878,-8.25,-0.005236432878,0.1213235294,0.1213235294,0,0,1,0,1000.25,1000.25,0,833,366,1.781088352
437,0,992,2221,-8.25,1220.75,-0.005236432878,0.7748333862,1229,0.7800698191,0,19,0,0,1,0,1000.25,1000.25,0,833,367,1.785501719
438,0,1000.25,991,0,-9.25,0,-0.005871152015,-9.25,-0.005871152015,0.1360294118,0.1360294118,0,0,1,0,1000.25,1000.25,0,833,368,1.789344549
439,0,991,2901,-9.25,1900.75,-0.005871152015,1.206442399,1910,1.212313551,0,29,0,0,1,0,1000.25,1000.25,0,833,369,1.793763399
440,0,1000.25,20645,0,19644.75,0,12.46889876,19644.75,12.46889876,0.1231343284,384.1231343,0,0,1,0,1000.25,1000.25,0,833,370,1.797704697
441,0,1000.25,1004,0,3.75,0,0.002380196763,3.75,0.002380196763,0.2884615385,0.2884615385,0,0,1,0,1000.25,1000.25,0,833,371,1.801875591
442,0,1000.25,1813,0,812.75,0,0.5158679784,812.75,0.5158679784,0.2884615385,13.71153846,0,0,1,0,1000.25,1000.25,0,833,372,1.806013823
443,0,1000.25,992,0,-8.25,0,-0.005236432878,-8.25,-0.005236432878,0.1213235294,0.1213235294,0,0,1,0,1000.25,1000.25,0,833,373,1.810257435
444,0,992,2764,-8.25,1763.75,-0.005236432878,1.119485877,1772,1.12472231,0,27,0,0,1,0,1000.25,1000.25,0,833,374,1.814647675
445,0,1000.25,991,0,-9.25,0,-0.005871152015,-9.25,-0.005871152015,0.1380597015,0.1380597015,0,0,1,0,1000.25,1000.25,0,833,375,1.818515062
446,0,991,2832,-9.25,1831.75,-0.005871152015,1.162646779,1841,1.168517931,0,28,0,0,1,0,1000.25,1000.25,0,833,376,1.822933912
447,0,1000.25,21415,0,20414.75,0,12.9576325,20414.75,12.9576325,0.1231343284,402.1231343,0,0,1,0,1000.25,1000.25,0,833,377,1.826878309
448,0,1000.25,1004,0,3.75,0,0.002380196763,3.75,0.002380196763,0.25,0.25,0,0,1,0,1000.25,1000.25,0,833,378,1.831001997
449,0,1000.25,2828,0,1827.75,0,1.160107902,1827.75,1.160107902,0.25,28.75,0,0,1,0,1000.25,1000.25,0,833,379,1.834886551
450,0,1000.25,988,0,-12.25,0,-0.007775309426,-12.25,-0.007775309426,0.1828358209,0.1828358209,0,0,1,0,1000.25,1000.25,0,833,380,1.83906126
451,0,988,2829,-12.25,1828.75,-0.007775309426,1.160742621,1841,1.168517931,0,28,0,0,1,0,1000.25,1000.25,0,833,381,1.843027115
452,0,1000.25,989,0,-11.25,0,-0.007140590289,-11.25,-0.007140590289,0.1679104478,0.1679104478,0,0,1,0,1000.25,1000.25,0,833,382,1.846831322
453,0,989,1606,-11.25,605.75,-0.007140590289,0.3844811171,617,0.3916217074,0,10,0,0,1,0,1000.25,1000.25,0,833,383,1.850794554
454,0,1000.25,20609,0,19608.75,0,12.44604887,19608.75,12.44604887,0.1801470588,371.1801471,0,0,1,0,1000.25,1000.25,0,833,384,1.854703188
455,0,1000.25,1012,0,11.75,0,0.007457949857,11.75,0.007457949857,0.9038461538,0.9038461538,0,0,1,0,1000.25,1000.25,0,833,385,1.859017134
456,0,1000.25,2149,0,1148.75,0,0.7291336084,1148.75,0.7291336084,0.9038461538,19.09615385,0,0,1,0,1000.25,1000.25,0,833,386,1.862922907
457,0,1000.25,987,0,-13.25,0,-0.008410028562,-13.25,-0.008410028562,0.1948529412,0.1948529412,0,0,1,0,1000.25,1000.25,0,833,387,1.867085457
458,0,987,1604,-13.25,603.75,-0.008410028562,0.3832116788,617,0.3916217074,0,10,0,0,1,0,1000.25,1000.25,0,833,388,1.871132374
459,0,1000.25,986,0,-14.25,0,-0.009044747699,-14.25,-0.009044747699,0.2095588235,0.2095588235,0,0,1,0,1000.25,1000.25,0,833,389,1.874970198
460,0,986,1741,-14.25,740.75,-0.009044747699,0.4701682006,755,0.4792129483,0,12,0,0,1,0,1000.25,1000.25,0,833,390,1.879013538
461,0,1000.25,19663,0,18662.75,0,11.84560457,18662.75,11.84560457,0.1948529412,379.1948529,0,0,1,0,1000.25,1000.25,0,833,391,1.882935762
462,0,1000.25,1005,0,4.75,0,0.0030149159,4.75,0.0030149159,0.3653846154,0.3653846154,0,0,1,0,1000.25,1000.25,0,833,392,1.887193203
463,0,1000.25,2767,0,1766.75,0,1.121390035,1766.75,1.121390035,0.3653846154,27.63461538,0,0,1,0,1000.25,1000.25,0,833,393,1.891278982
464,0,1000.25,993,0,-7.25,0,-0.004601713742,-7.25,-0.004601713742,0.1082089552,0.1082089552,0,0,1,0,1000.25,1000.25,0,833,394,1.895598412
465,0,993,1950,-7.25,949.75,-0.004601713742,0.6028245002,957,0.6074262139,0,15,0,0,1,0,1000.25,1000.25,0,833,395,1.899731874
466,0,1000.25,992,0,-8.25,0,-0.005236432878,-8.25,-0.005236432878,0.1213235294,0.1213235294,0,0,1,0,1000.25,1000.25,0,833,396,1.90356946
467,0,992,2631,-8.25,1630.75,-0.005236432878,1.035068232,1639,1.040304665,0,25,0,0,1,0,1000.25,1000.25,0,833,397,1.907617092
468,0,1000.25,20267,0,19266.75,0,12.22897493,19266.75,12.22897493,0.1066176471,384.1066176,0,0,1,0,1000.25,1000.25,0,833,398,1.911547422
469,0,1000.25,994,0,-6.25,0,-0.003966994605,-6.25,-0.003966994605,0.4807692308,0.4807692308,0,0,1,0,1000.25,1000.25,0,833,399,1.915680408
470,0,994,2699,-6.25,1698.75,-0.003966994605,1.078229134,1705,1.082196128,0,26,0,0,1,0,1000.25,1000.25,0,833,400,1.919900894
471,0,1000.25,993,0,-7.25,0,-0.004601713742,-7.25,-0.004601713742,0.1066176471,0.1066176471,0,0,1,0,1000.25,1000.25,0,833,401,1.923713684
472,0,993,1612,-7.25,611.75,-0.004601713742,0.3882894319,619,0.3928911457,0,10,0,0,1,0,1000.25,1000.25,0,833,402,1.927755356
473,0,1000.25,20391,0,19390.75,0,12.3076801,19390.75,12.3076801,0.09191176471,382.0919118,0,0,1,0,1000.25,1000.25,0,833,403,1.931671619
474,0,1000.25,997,0,-3.25,0,-0.002062837195,-3.25,-0.002062837195,0.25,0.25,0,0,1,0,1000.25,1000.25,0,833,404,1.935786963
475,0,997,1818,-3.25,817.75,-0.002062837195,0.5190415741,821,0.5211044113,0,13,0,0,1,0,1000.25,1000.25,0,833,405,1.940061569
476,0,1000.25,996,0,-4.25,0,-0.002697556331,-4.25,-0.002697556331,0.0625,0.0625,0,0,1,0,1000.25,1000.25,0,833,406,1.943869829
477,0,996,1615,-4.25,614.75,-0.002697556331,0.3901935893,619,0.3928911457,0,10,0,0,1,0,1000.25,1000.25,0,833,407,1.947972536
478,0,1000.25,20446,0,19445.75,0,12.34258965,19445.75,12.34258965,0.04779411765,381.0477941,0,0,1,0,1000.25,1000.25,0,833,408,1.951920033
479,0,1000.25,995,0,-5.25,0,-0.003332275468,-5.25,-0.003332275468,0.4038461538,0.4038461538,0,0,1,0,1000.25,1000.25,0,833,409,1.956058264
480,0,995,2903,-5.25,1902.75,-0.003332275468,1.207711838,1908,1.211044113,0,29,0,0,1,0,1000.25,1000.25,0,833,410,1.960551023
481,0,1000.25,994,0,-6.25,0,-0.003966994605,-6.25,-0.003966994605,0.09328358209,0.09328358209,0,0,1,0,1000.25,1000.25,0,833,411,1.964426756
482,0,994,1953,-6.25,952.75,-0.003966994605,0.6047286576,959,0.6086956522,0,15,0,0,1,0,1000.25,1000.25,0,833,412,1.968989849
483,0,1000.25,19421,0,18420.75,0,11.69200254,18420.75,11.69200254,0.07720588235,374.0772059,0,0,1,0,1000.25,1000.25,0,833,413,1.972959518
484,0,1000.25,1002,0,1.75,0,0.001110758489,1.75,0.001110758489,0.125,0.125,0,0,1,0,1000.25,1000.25,0,833,414,1.977149963
485,0,1000.25,1740,0,739.75,0,0.4695334814,739.75,0.4695334814,0.125,12.875,0,0,1,0,1000.25,1000.25,0,833,415,1.981129646
486,0,1000.25,987,0,-13.25,0,-0.008410028562,-13.25,-0.008410028562,0.1948529412,0.1948529412,0,0,1,0,1000.25,1000.25,0,833,416,1.985405207
487,0,987,2014,-13.25,1013.75,-0.008410028562,0.6434465249,1027,0.6518565535,0,16,0,0,1,0,1000.25,1000.25,0,833,417,1.989506006
488,0,1000.25,988,0,-12.25,0,-0.007775309426,-12.25,-0.007775309426,0.1801470588,0.1801470588,0,0,1,0,1000.25,1000.25,0,833,418,1.993360519
489,0,988,2625,-12.25,1624.75,-0.007775309426,1.031259917,1637,1.039035227,0,25,0,0,1,0,1000.25,1000.25,0,833,419,1.997409344
490,0,1000.25,20788,0,19787.75,0,12.5596636,19787.75,12.5596636,0.1948529412,393.1948529,0,0,1,0,1000.25,1000.25,0,833,420,2.001379967
491,0,1000.25,1010,0,9.75,0,0.006188511584,9.75,0.006188511584,1.282894737,1.282894737,0,0,1,0,1000.25,1000.25,0,833,421,2.005694389
492,0,1000.25,2485,0,1484.75,0,0.9423992383,1484.75,0.9423992383,0.78,24.22,0,0,1,0,1000.25,1000.25,0,833,422,2.009632826
493,0,1000.25,984,0,-16.25,0,-0.01031418597,-16.25,-0.01031418597,0.2389705882,0.2389705882,0,0,1,0,1000.25,1000.25,0,833,423,2.014153004
494,0,984,2961,-16.25,1960.75,-0.01031418597,1.244525547,1977,1.254839733,0,30,0,0,1,0,1000.25,1000.25,0,833,424,2.018132925
495,0,1000.25,985,0,-15.25,0,-0.009679466836,-15.25,-0.009679466836,0.2276119403,0.2276119403,0,0,1,0,1000.25,1000.25,0,833,425,2.02193737
496,0,985,2622,-15.25,1621.75,-0.009679466836,1.02935576,1637,1.039035227,0,25,0,0,1,0,1000.25,1000.25,0,833,426,2.025898695
497,0,1000.25,21304,0,20303.75,0,12.88717867,20303.75,12.88717867,0.2389705882,412.2389706,0,0,1,0,1000.25,1000.25,0,833,427,2.029801369
498,0,1000.25,1001,0,0.75,0,0.0004760393526,0.75,0.0004760393526,0.05769230769,0.05769230769,0,0,1,0,1000.25,1000.25,0,833,428,2.034154654
499,0,1000.25,1946,0,945.75,0,0.6002856236,945.75,0.6002856236,0.05769230769,15.94230769,0,0,1,0,1000.25,1000.25,0,833,429,2.038043976
500,0,1000.25,987,0,-13.25,0,-0.008410028562,-13.25,-0.008410028562,0.1948529412,0.1948529412,0,0,1,0,1000.25,1000.25,0,833,430,2.042457342
501,0,987,2422,-13.25,1421.75,-0.008410028562,0.9024119327,1435,0.9108219613,0,22,0,0,1,0,1000.25,1000.25,0,833,431,2.046438217
502,0,1000.25,988,0,-12.25,0,-0.007775309426,-12.25,-0.007775309426,0.1801470588,0.1801470588,0,0,1,0,1000.25,1000.25,0,833,432,2.050253153
503,0,988,1809,-12.25,808.75,-0.007775309426,0.5133291019,821,0.5211044113,0,13,0,0,1,0,1000.25,1000.25,0,833,433,2.054221392
504,0,1000.25,21278,0,20277.75,0,12.87067598,20277.75,12.87067598,0.1948529412,386.1948529,0,0,1,0,1000.25,1000.25,0,833,434,2.058119535
505,0,1000.25,994,0,-6.25,0,-0.003966994605,-6.25,-0.003966994605,0.4807692308,0.4807692308,0,0,1,0,1000.25,1000.25,0,833,435,2.062414408
506,0,994,2971,-6.25,1970.75,-0.003966994605,1.250872739,1977,1.254839733,0,30,0,0,1,0,1000.25,1000.25,0,833,436,2.066901445
507,0,1000.25,995,0,-5.25,0,-0.003332275468,-5.25,-0.003332275468,0.07835820896,0.07835820896,0,0,1,0,1000.25,1000.25,0,833,437,2.070711613
508,0,995,2970,-5.25,1969.75,-0.003332275468,1.25023802,1975,1.253570295,0,30,0,0,1,0,1000.25,1000.25,0,833,438,2.075097799
509,0,1000.25,20253,0,19252.75,0,12.22008886,19252.75,12.22008886,0.09328358209,389.9067164,0,0,1,0,1000.25,1000.25,0,833,439,2.07906127
510,0,1000.25,995,0,-5.25,0,-0.003332275468,-5.25,-0.003332275468,0.4375,0.4375,0,0,1,0,1000.25,1000.25,0,833,440,2.083112478
511,0,995,2767,-5.25,1766.75,-0.003332275468,1.121390035,1772,1.12472231,0,27,0,0,1,0,1000.25,1000.25,0,833,441,2.087516308
512,0,1000.25,995,0,-5.25,0,-0.003332275468,-5.25,-0.003332275468,0.1567164179,0.1567164179,0,0,1,0,1000.25,1000.25,0,833,442,2.091373205
513,0,995,2836,-5.25,1835.75,-0.003332275468,1.165185655,1841,1.168517931,0,28,0,0,1,0,1000.25,1000.25,0,833,443,2.096139193
514,0,1000.25,996,0,-4.25,0,-0.002697556331,-4.25,-0.002697556331,0.06343283582,0.06343283582,0,0,1,0,1000.25,1000.25,0,833,444,2.100055456
515,0,996,2971,-4.25,1970.75,-0.002697556331,1.250872739,1975,1.253570295,0,30,0,0,1,0,1000.25,1000.25,0,833,445,2.10415864
516,0,1000.25,21954,0,20953.75,0,13.29974611,20953.75,13.29974611,0.07835820896,423.0783582,0,0,1,0,1000.25,1000.25,0,833,446,2.108109236
517,0,1000.25,996,0,-4.25,0,-0.002697556331,-4.25,-0.002697556331,0.3541666667,0.3541666667,0,0,1,0,1000.25,1000.25,0,833,447,2.112509966
518,0,996,2973,-4.25,1972.75,-0.002697556331,1.252142177,1977,1.254839733,0,30,0,0,1,0,1000.25,1000.25,0,833,448,2.117202044
519,0,1000.25,997,0,-3.25,0,-0.002062837195,-3.25,-0.002062837195,0.04850746269,0.04850746269,0,0,1,0,1000.25,1000.25,0,833,449,2.12110877
520,0,997,2702,-3.25,1701.75,-0.002062837195,1.080133291,1705,1.082196128,0,26,0,0,1,0,1000.25,1000.25,0,833,450,2.125395536
521,0,1000.25,20492,0,19491.75,0,12.37178673,19491.75,12.37178673,0.0625,382.0625,0,0,1,0,1000.25,1000.25,0,833,451,2.129305124
522,0,1000.25,992,0,-8.25,0,-0.005236432878,-8.25,-0.005236432878,0.66,0.66,0,0,1,0,1000.25,1000.25,0,833,452,2.133579969
523,0,992,2359,-8.25,1358.75,-0.005236432878,0.8624246271,1367,0.86766106,0,21,0,0,1,0,1000.25,1000.25,0,833,453,2.138045788
524,0,1000.25,993,0,-7.25,0,-0.004601713742,-7.25,-0.004601713742,0.1066176471,0.1066176471,0,0,1,0,1000.25,1000.25,0,833,454,2.141853809
525,0,993,2222,-7.25,1221.75,-0.004601713742,0.7754681054,1229,0.7800698191,0,19,0,0,1,0,1000.25,1000.25,0,833,455,2.145836115
526,0,1000.25,19779,0,18778.75,0,11.91923199,18778.75,11.91923199,0.1213235294,387.1213235,0,0,1,0,1000.25,1000.25,0,833,456,2.149748325
527,0,1000.25,1001,0,0.75,0,0.0004760393526,0.75,0.0004760393526,0.05357142857,0.05357142857,0,0,1,0,1000.25,1000.25,0,833,457,2.154015541
528,0,1000.25,1945,0,944.75,0,0.5996509045,944.75,0.5996509045,0.05357142857,15.94642857,0,0,1,0,1000.25,1000.25,0,833,458,2.157901525
529,0,1000.25,988,0,-12.25,0,-0.007775309426,-12.25,-0.007775309426,0.1801470588,0.1801470588,0,0,1,0,1000.25,1000.25,0,833,459,2.162249327
530,0,988,2217,-12.25,1216.75,-0.007775309426,0.7722945097,1229,0.7800698191,0,19,0,0,1,0,1000.25,1000.25,0,833,460,2.166209936
531,0,1000.25,987,0,-13.25,0,-0.008410028562,-13.25,-0.008410028562,0.1948529412,0.1948529412,0,0,1,0,1000.25,1000.25,0,833,461,2.170015574
532,0,987,2964,-13.25,1963.75,-0.008410028562,1.246429705,1977,1.254839733,0,30,0,0,1,0,1000.25,1000.25,0,833,462,2.173971891
533,0,1000.25,20630,0,19629.75,0,12.45937798,19629.75,12.45937798,0.1828358209,402.1828358,0,0,1,0,1000.25,1000.25,0,833,463,2.177876234
534,0,1000.25,994,0,-6.25,0,-0.003966994605,-6.25,-0.003966994605,0.4807692308,0.4807692308,0,0,1,0,1000.25,1000.25,0,833,464,2.182121754
535,0,994,2902,-6.25,1901.75,-0.003966994605,1.207077118,1908,1.211044113,0,29,0,0,1,0,1000.25,1000.25,0,833,465,2.186644793
536,0,1000.25,993,0,-7.25,0,-0.004601713742,-7.25,-0.004601713742,0.1082089552,0.1082089552,0,0,1,0,1000.25,1000.25,0,833,466,2.190481424
537,0,993,2292,-7.25,1291.75,-0.004601713742,0.8198984449,1299,0.8245001587,0,20,0,0,1,0,1000.25,1000.25,0,833,467,2.194875002
538,0,1000.25,21935,0,20934.75,0,13.28768645,20934.75,13.28768645,0.09191176471,404.0919118,0,0,1,0,1000.25,1000.25,0,833,468,2.198986292
539,0,1000.25,997,0,-3.25,0,-0.002062837195,-3.25,-0.002062837195,0.25,0.25,0,0,1,0,1000.25,1000.25,0,833,469,2.203265667
540,0,997,1614,-3.25,613.75,-0.002062837195,0.3895588702,617,0.3916217074,0,10,0,0,1,0,1000.25,1000.25,0,833,470,2.207857847
541,0,1000.25,996,0,-4.25,0,-0.002697556331,-4.25,-0.002697556331,0.0625,0.0625,0,0,1,0,1000.25,1000.25,0,833,471,2.211746454
542,0,996,2906,-4.25,1905.75,-0.002697556331,1.209615995,1910,1.212313551,0,29,0,0,1,0,1000.25,1000.25,0,833,472,2.216146469
543,0,1000.25,20243,0,19242.75,0,12.21374167,19242.75,12.21374167,0.04850746269,379.9514925,0,0,1,0,1000.25,1000.25,0,833,473,2.220099688
544,0,1000.25,1002,0,1.75,0,0.001110758489,1.75,0.001110758489,0.1346153846,0.1346153846,0,0,1,0,1000.25,1000.25,0,833,474,2.224225283
545,0,1000.25,2221,0,1220.75,0,0.7748333862,1220.75,0.7748333862,0.1346153846,19.86538462,0,0,1,0,1000.25,1000.25,0,833,475,2.228354216
546,0,1000.25,990,0,-10.25,0,-0.006505871152,-10.25,-0.006505871152,0.1507352941,0.1507352941,0,0,1,0,1000.25,1000.25,0,833,476,2.232563019
547,0,990,2829,-10.25,1828.75,-0.006505871152,1.160742621,1839,1.167248493,0,28,0,0,1,0,1000.25,1000.25,0,833,477,2.236751556
548,0,1000.25,989,0,-11.25,0,-0.007140590289,-11.25,-0.007140590289,0.1679104478,0.1679104478,0,0,1,0,1000.25,1000.25,0,833,478,2.240618944
549,0,989,2696,-11.25,1695.75,-0.007140590289,1.076324976,1707,1.083465566,0,26,0,0,1,0,1000.25,1000.25,0,833,479,2.245064259
550,0,1000.25,20772,0,19771.75,0,12.54950809,19771.75,12.54950809,0.1507352941,394.1507353,0,0,1,0,1000.25,1000.25,0,833,480,2.249056816
551,0,1000.25,1003,0,2.75,0,0.001745477626,2.75,0.001745477626,0.2291666667,0.2291666667,0,0,1,0,1000.25,1000.25,0,833,481,2.253317595
552,0,1000.25,2492,0,1491.75,0,0.9468422723,1491.75,0.9468422723,0.2291666667,23.77083333,0,0,1,0,1000.25,1000.25,0,833,482,2.257302284
553,0,1000.25,990,0,-10.25,0,-0.006505871152,-10.25,-0.006505871152,0.1507352941,0.1507352941,0,0,1,0,1000.25,1000.25,0,833,483,2.261553764
554,0,990,2900,-10.25,1899.75,-0.006505871152,1.20580768,1910,1.212313551,0,29,0,0,1,0,1000.25,1000.25,0,833,484,2.265977144
555,0,1000.25,991,0,-9.25,0,-0.005871152015,-9.25,-0.005871152015,0.1380597015,0.1380597015,0,0,1,0,1000.25,1000.25,0,833,485,2.269874334
556,0,991,1676,-9.25,675.75,-0.005871152015,0.4289114567,685,0.4347826087,0,11,0,0,1,0,1000.25,1000.25,0,833,486,2.274241209
557,0,1000.25,20206,0,19205.75,0,12.19025706,19205.75,12.19025706,0.1507352941,391.1507353,0,0,1,0,1000.25,1000.25,0,833,487,2.278165102
558,0,1000.25,1004,0,3.75,0,0.002380196763,3.75,0.002380196763,0.2884615385,0.2884615385,0,0,1,0,1000.25,1000.25,0,833,488,2.282350302
559,0,1000.25,2155,0,1154.75,0,0.7329419232,1154.75,0.7329419232,0.2884615385,18.71153846,0,0,1,0,1000.25,1000.25,0,833,489,2.286432028
560,0,1000.25,992,0,-8.25,0,-0.005236432878,-8.25,-0.005236432878,0.1213235294,0.1213235294,0,0,1,0,1000.25,1000.25,0,833,490,2.290671825
561,0,992,2697,-8.25,1696.75,-0.005236432878,1.076959695,1705,1.082196128,0,26,0,0,1,0,1000.25,1000.25,0,833,491,2.295199156
562,0,1000.25,991,0,-9.25,0,-0.005871152015,-9.25,-0.005871152015,0.1360294118,0.1360294118,0,0,1,0,1000.25,1000.25,0,833,492,2.299095869
563,0,991,2698,-9.25,1697.75,-0.005871152015,1.077594414,1707,1.083465566,0,26,0,0,1,0,1000.25,1000.25,0,833,493,2.303637028
564,0,1000.25,20500,0,19499.75,0,12.37686449,19499.75,12.37686449,0.1213235294,393.8786765,0,0,1,0,1000.25,1000.25,0,833,494,2.307623386
565,0,1000.25,1005,0,4.75,0,0.0030149159,4.75,0.0030149159,0.3653846154,0.3653846154,0,0,1,0,1000.25,1000.25,0,833,495,2.311751842
566,0,1000.25,2495,0,1494.75,0,0.9487464297,1494.75,0.9487464297,0.3653846154,23.63461538,0,0,1,0,1000.25,1000.25,0,833,496,2.315664053
567,0,1000.25,993,0,-7.25,0,-0.004601713742,-7.25,-0.004601713742,0.1066176471,0.1066176471,0,0,1,0,1000.25,1000.25,0,833,497,2.319988728
568,0,993,1882,-7.25,881.75,-0.004601713742,0.5596635989,889,0.5642653126,0,14,0,0,1,0,1000.25,1000.25,0,833,498,2.323959112
569,0,1000.25,992,0,-8.25,0,-0.005236432878,-8.25,-0.005236432878,0.1213235294,0.1213235294,0,0,1,0,1000.25,1000.25,0,833,499,2.327767611
570,0,992,2427,-8.25,1426.75,-0.005236432878,0.9055855284,1435,0.9108219613,0,22,0,0,1,0,1000.25,1000.25,0,833,500,2.331743002
571,0,1000.25,19509,0,18508.75,0,11.74785782,18508.75,11.74785782,0.1066176471,362.8933824,0,0,1,0,1000.25,1000.25,0,833,501,2.335659266
572,0,1000.25,998,0,-2.25,0,-0.001428118058,-2.25,-0.001428118058,0.1730769231,0.1730769231,0,0,1,0,1000.25,1000.25,0,833,502,2.339782
573,0,998,1887,-2.25,886.75,-0.001428118058,0.5628371945,889,0.5642653126,0,14,1,1,0,0,1000.25,1000.25,0,833,503,2.344310999
574,0,1000.25,21375,0,20374.75,0,12.93224373,20374.75,12.93224373,0.03308823529,402.0330882,0,0,1,0,1000.25,1000.25,0,833,504,2.348231554
575,0,1000.25,1006,0,5.75,0,0.003649635036,5.75,0.003649635036,1.277777778,1.277777778,0,0,1,0,1000.25,1000.25,0,833,505,2.352512598
576,0,1000.25,2631,0,1630.75,0,1.035068232,1630.75,1.035068232,0.4423076923,25.55769231,1,1,0,0,1000.25,1000.25,0,833,506,2.356655121
577,0,1000.25,993,0,-7.25,0,-0.004601713742,-7.25,-0.004601713742,0.1066176471,0.1066176471,0,0,1,0,1000.25,1000.25,0,833,507,2.360902786
578,0,993,2901,-7.25,1900.75,-0.004601713742,1.206442399,1908,1.211044113,0,29,1,1,0,0,1000.25,1000.25,0,833,508,2.365036726
579,0,1000.25,22562,0,21561.75,0,13.68565535,21561.75,13.68565535,0.1082089552,414.108209,0,0,1,0,1000.25,1000.25,0,833,509,2.369002104
580,0,1000.25,1002,0,1.75,0,0.001110758489,1.75,0.001110758489,0.1458333333,0.1458333333,0,0,1,0,1000.25,1000.25,0,833,510,2.373266697
581,0,1000.25,1675,0,674.75,0,0.4282767375,674.75,0.4282767375,0.1458333333,11.85416667,1,1,0,0,1000.25,1000.25,0,833,511,2.377160549
582,0,1000.25,990,0,-10.25,0,-0.006505871152,-10.25,-0.006505871152,0.1507352941,0.1507352941,0,0,1,0,1000.25,1000.25,0,833,512,2.381728172
583,0,990,1607,-10.25,606.75,-0.006505871152,0.3851158362,617,0.3916217074,0,10,1,1,0,0,1000.25,1000.25,0,833,513,2.38573122
584,0,1000.25,20625,0,19624.75,0,12.45620438,19624.75,12.45620438,0.1507352941,381.1507353,0,0,1,0,1000.25,1000.25,0,833,514,2.389696598
585,0,1000.25,1006,0,5.75,0,0.003649635036,5.75,0.003649635036,0.4423076923,0.4423076923,0,0,1,0,1000.25,1000.25,0,833,515,2.393921375
586,0,1000.25,2832,0,1831.75,0,1.162646779,1831.75,1.162646779,0.4423076923,28.55769231,0,0,1,0,1000.25,1000.25,0,833,516,2.397807837
587,0,1000.25,993,0,-7.25,0,-0.004601713742,-7.25,-0.004601713742,0.2164179104,0.2164179104,0,0,1,0,1000.25,1000.25,0,833,517,2.402074575
588,0,993,2903,-7.25,1902.75,-0.004601713742,1.207711838,1910,1.212313551,0,29,0,0,1,0,1000.25,1000.25,0,833,518,2.406145811
589,0,1000.25,994,0,-6.25,0,-0.003966994605,-6.25,-0.003966994605,0.09328358209,0.09328358209,0,0,1,0,1000.25,1000.25,0,833,519,2.409959316
590,0,994,2427,-6.25,1426.75,-0.003966994605,0.9055855284,1433,0.909552523,0,22,0,0,1,0,1000.25,1000.25,0,833,520,2.413922787
591,0,1000.25,23104,0,22103.75,0,14.02967312,22103.75,14.02967312,0.1066176471,424.1066176,0,0,1,0,1000.25,1000.25,0,833,521,2.417825699
592,0,1000.25,1001,0,0.75,0,0.0004760393526,0.75,0.0004760393526,0.05769230769,0.05769230769,0,0,1,0,1000.25,1000.25,0,833,522,2.422090769
593,0,1000.25,2558,0,1557.75,0,0.9887337353,1557.75,0.9887337353,0.05769230769,24.94230769,0,0,1,0,1000.25,1000.25,0,833,523,2.426032066
594,0,1000.25,989,0,-11.25,0,-0.007140590289,-11.25,-0.007140590289,0.1654411765,0.1654411765,0,0,1,0,1000.25,1000.25,0,833,524,2.43041563
595,0,989,2761,-11.25,1760.75,-0.007140590289,1.11758172,1772,1.12472231,0,27,0,0,1,0,1000.25,1000.25,0,833,525,2.434849501
596,0,1000.25,988,0,-12.25,0,-0.007775309426,-12.25,-0.007775309426,0.1828358209,0.1828358209,0,0,1,0,1000.25,1000.25,0,833,526,2.438734293
597,0,988,2559,-12.25,1558.75,-0.007775309426,0.9893684545,1571,0.9971437639,0,24,0,0,1,0,1000.25,1000.25,0,833,527,2.443119526
598,0,1000.25,21697,0,20696.75,0,13.13662329,20696.75,13.13662329,0.1654411765,392.1654412,0,0,1,0,1000.25,1000.25,0,833,528,2.447119713
599,0,1000.25,999,0,-1.25,0,-0.000793398921,-1.25,-0.000793398921,0.09615384615,0.09615384615,0,0,1,0,1000.25,1000.25,0,833,529,2.451350927
600,0,999,1890,-1.25,889.75,-0.000793398921,0.564741352,891,0.5655347509,0,14,0,0,1,0,1000.25,1000.25,0,833,530,2.455793142
601,0,1000.25,1000,0,-0.25,0,-0.0001586797842,-0.25,-0.0001586797842,0.003676470588,0.003676470588,0,0,1,0,1000.25,1000.25,0,833,531,2.459602833
602,0,1000,2433,-0.25,1432.75,-0.0001586797842,0.9093938432,1433,0.909552523,0,22,0,0,1,0,1000.25,1000.25,0,833,532,2.463558912
603,0,1000.25,21413,0,20412.75,0,12.95636306,20412.75,12.95636306,0.01838235294,404.0183824,0,0,1,0,1000.25,1000.25,0,833,533,2.467455149
604,0,1000.25,1000,0,-0.25,0,-0.0001586797842,-0.25,-0.0001586797842,0.01923076923,0.01923076923,0,0,1,0,1000.25,1000.25,0,833,534,2.471685886
605,0,1000,2503,-0.25,1502.75,-0.0001586797842,0.9538241828,1503,0.9539828626,0,23,0,0,1,0,1000.25,1000.25,0,833,535,2.476138353
606,0,1000.25,1001,0,0.75,0,0.0004760393526,0.75,0.0004760393526,0.05769230769,0.05769230769,0,0,1,0,1000.25,1000.25,0,833,536,2.48009491
607,0,1000.25,1537,0,536.75,0,0.3406854967,536.75,0.3406854967,0.05769230769,9.942307692,0,0,1,0,1000.25,1000.25,0,833,537,2.483932734
608,0,1000.25,987,0,-13.25,0,-0.008410028562,-13.25,-0.008410028562,0.1948529412,0.1948529412,0,0,1,0,1000.25,1000.25,0,833,538,2.488262653
609,0,987,1674,-13.25,673.75,-0.008410028562,0.4276420184,687,0.436052047,0,11,0,0,1,0,1000.25,1000.25,0,833,539,2.492240429
610,0,1000.25,988,0,-12.25,0,-0.007775309426,-12.25,-0.007775309426,0.1801470588,0.1801470588,0,0,1,0,1000.25,1000.25,0,833,540,2.496044159
611,0,988,2489,-12.25,1488.75,-0.007775309426,0.9449381149,1501,0.9527134243,0,23,0,0,1,0,1000.25,1000.25,0,833,541,2.500009298
612,0,1000.25,20514,0,19513.75,0,12.38575056,19513.75,12.38575056,0.1948529412,410.1948529,0,0,1,0,1000.25,1000.25,0,833,542,2.50391531
613,0,1000.25,1021,0,20.75,0,0.01317042209,20.75,0.01317042209,1.566037736,1.566037736,0,0,1,0,1000.25,1000.25,0,833,543,2.508215904
614,0,1000.25,1311,0,310.75,0,0.1972389718,310.75,0.1972389718,1.566037736,8.433962264,0,0,1,0,1000.25,1000.25,0,833,544,2.512264967
615,0,1000.25,969,0,-31.25,0,-0.01983497302,-31.25,-0.01983497302,0.4595588235,0.4595588235,0,0,1,0,1000.25,1000.25,0,833,545,2.516624451
616,0,969,2198,-31.25,1197.75,-0.01983497302,0.7602348461,1229,0.7800698191,0,19,0,0,1,0,1000.25,1000.25,0,833,546,2.52062273
617,0,1000.25,968,0,-32.25,0,-0.02046969216,-32.25,-0.02046969216,0.4742647059,0.4742647059,0,0,1,0,1000.25,1000.25,0,833,547,2.52442193
618,0,968,2063,-32.25,1062.75,-0.02046969216,0.6745477626,1095,0.6950174548,0,17,0,0,1,0,1000.25,1000.25,0,833,548,2.528389692
619,0,1000.25,19818,0,18817.75,0,11.94398604,18817.75,11.94398604,0.4595588235,387.5404412,0,0,1,0,1000.25,1000.25,0,833,549,2.532282591
620,0,1000.25,1005,0,4.75,0,0.0030149159,4.75,0.0030149159,0.3653846154,0.3653846154,0,0,1,0,1000.25,1000.25,0,833,550,2.536368608
621,0,1000.25,2562,0,1561.75,0,0.9912726119,1561.75,0.9912726119,0.3653846154,24.63461538,0,0,1,0,1000.25,1000.25,0,833,551,2.540267229
622,0,1000.25,991,0,-9.25,0,-0.005871152015,-9.25,-0.005871152015,0.1360294118,0.1360294118,0,0,1,0,1000.25,1000.25,0,833,552,2.544464827
623,0,991,1814,-9.25,813.75,-0.005871152015,0.5165026976,823,0.5223738496,0,13,0,0,1,0,1000.25,1000.25,0,833,553,2.548528194
624,0,1000.25,992,0,-8.25,0,-0.005236432878,-8.25,-0.005236432878,0.1213235294,0.1213235294,0,0,1,0,1000.25,1000.25,0,833,554,2.552356243
625,0,992,2900,-8.25,1899.75,-0.005236432878,1.20580768,1908,1.211044113,0,29,0,0,1,0,1000.25,1000.25,0,833,555,2.556422949
626,0,1000.25,20830,0,19829.75,0,12.5863218,19829.75,12.5863218,0.1380597015,382.1380597,0,0,1,0,1000.25,1000.25,0,833,556,2.560377359
627,0,1000.25,999,0,-1.25,0,-0.000793398921,-1.25,-0.000793398921,0.09615384615,0.09615384615,0,0,1,0,1000.25,1000.25,0,833,557,2.56459856
628,0,999,2840,-1.25,1839.75,-0.000793398921,1.167724532,1841,1.168517931,0,28,0,0,1,0,1000.25,1000.25,0,833,558,2.568991184
629,0,1000.25,1000,0,-0.25,0,-0.0001586797842,-0.25,-0.0001586797842,0.003731343284,0.003731343284,0,0,1,0,1000.25,1000.25,0,833,559,2.572788
630,0,1000,2093,-0.25,1092.75,-0.0001586797842,0.6935893367,1093,0.6937480165,0,17,0,0,1,0,1000.25,1000.25,0,833,560,2.576741219
631,0,1000.25,20578,0,19577.75,0,12.42637258,19577.75,12.42637258,0.01838235294,397.9816176,0,0,1,0,1000.25,1000.25,0,833,561,2.580634117
632,0,1000.25,1002,0,1.75,0,0.001110758489,1.75,0.001110758489,0.1458333333,0.1458333333,0,0,1,0,1000.25,1000.25,0,833,562,2.584571362
633,0,1000.25,1949,0,948.75,0,0.602189781,948.75,0.602189781,0.1458333333,15.85416667,0,0,1,0,1000.25,1000.25,0,833,563,2.588441133
634,0,1000.25,991,0,-9.25,0,-0.005871152015,-9.25,-0.005871152015,0.1360294118,0.1360294118,0,0,1,0,1000.25,1000.25,0,833,564,2.59257555
635,0,991,2763,-9.25,1762.75,-0.005871152015,1.118851158,1772,1.12472231,0,27,0,0,1,0,1000.25,1000.25,0,833,565,2.596536875
636,0,1000.25,990,0,-10.25,0,-0.006505871152,-10.25,-0.006505871152,0.1529850746,0.1529850746,0,0,1,0,1000.25,1000.25,0,833,566,2.600340605
637,0,990,2289,-10.25,1288.75,-0.006505871152,0.8179942875,1299,0.8245001587,0,20,0,0,1,0,1000.25,1000.25,0,833,567,2.604286909
638,0,1000.25,21025,0,20024.75,0,12.71009203,20024.75,12.71009203,0.1360294118,403.1360294,0,0,1,0,1000.25,1000.25,0,833,568,2.608172894
639,0,1000.25,1006,0,5.75,0,0.003649635036,5.75,0.003649635036,0.4791666667,0.4791666667,0,0,1,0,1000.25,1000.25,0,833,569,2.612429142
640,0,1000.25,2426,0,1425.75,0,0.9049508093,1425.75,0.9049508093,0.4791666667,22.52083333,0,0,1,0,1000.25,1000.25,0,833,570,2.61631155
641,0,1000.25,993,0,-7.25,0,-0.004601713742,-7.25,-0.004601713742,0.1066176471,0.1066176471,0,0,1,0,1000.25,1000.25,0,833,571,2.620687008
642,0,993,2700,-7.25,1699.75,-0.004601713742,1.078863853,1707,1.083465566,0,26,0,0,1,0,1000.25,1000.25,0,833,572,2.62466979
643,0,1000.25,994,0,-6.25,0,-0.003966994605,-6.25,-0.003966994605,0.09191176471,0.09191176471,0,0,1,0,1000.25,1000.25,0,833,573,2.62846756
644,0,994,2969,-6.25,1968.75,-0.003966994605,1.249603301,1975,1.253570295,0,30,0,0,1,0,1000.25,1000.25,0,833,574,2.632445574
645,0,1000.25,20489,0,19488.75,0,12.36988258,19488.75,12.36988258,0.1082089552,393.891791,0,0,1,0,1000.25,1000.25,0,833,575,2.63634944
646,0,1000.25,1020,-1.136868377e-13,19.75,-7.21592115e-17,0.01253570295,19.75,0.01253570295,2.351190476,2.351190476,0,0,1,0,1000.25,1000.25,0,833,576,2.640398979
647,0,1000.25,992,0,-8.25,0,-0.005236432878,-8.25,-0.005236432878,0.5892857143,0.5892857143,0,0,1,0,1000.25,1000.25,0,833,577,2.644284964
648,0,992,1747,-8.25,746.75,-0.005236432878,0.4739765154,755,0.4792129483,0,12,0,0,1,0,1000.25,1000.25,0,833,578,2.648643732
649,0,1000.25,993,0,-7.25,0,-0.004601713742,-7.25,-0.004601713742,0.1066176471,0.1066176471,0,0,1,0,1000.25,1000.25,0,833,579,2.652559042
650,0,993,1814,-7.25,813.75,-0.004601713742,0.5165026976,821,0.5211044113,0,13,0,0,1,0,1000.25,1000.25,0,833,580,2.656748533
651,0,1000.25,21997,0,20996.75,0,13.32703904,20996.75,13.32703904,0.1213235294,408.1213235,0,0,1,0,1000.25,1000.25,0,833,581,2.660675287
652,0,1000.25,1002,0,1.75,0,0.001110758489,1.75,0.001110758489,0.125,0.125,0,0,1,0,1000.25,1000.25,0,833,582,2.664870501
653,0,1000.25,2490,0,1489.75,0,0.945572834,1489.75,0.945572834,0.125,23.875,0,0,1,0,1000.25,1000.25,0,833,583,2.668883324
654,0,1000.25,989,0,-11.25,0,-0.007140590289,-11.25,-0.007140590289,0.1654411765,0.1654411765,0,0,1,0,1000.25,1000.25,0,833,584,2.673099041
655,0,989,2626,-11.25,1625.75,-0.007140590289,1.031894637,1637,1.039035227,0,25,0,0,1,0,1000.25,1000.25,0,833,585,2.677094221
656,0,1000.25,988,0,-12.25,0,-0.007775309426,-12.25,-0.007775309426,0.1801470588,0.1801470588,0,0,1,0,1000.25,1000.25,0,833,586,2.680906534
657,0,988,2965,-12.25,1964.75,-0.007775309426,1.247064424,1977,1.254839733,0,30,0,0,1,0,1000.25,1000.25,0,833,587,2.684912682
658,0,1000.25,21493,0,20492.75,0,13.00714059,20492.75,13.00714059,0.1679104478,410.1679104,0,0,1,0,1000.25,1000.25,0,833,588,2.688844442
659,0,1000.25,994,0,-6.25,0,-0.003966994605,-6.25,-0.003966994605,0.4807692308,0.4807692308,0,0,1,0,1000.25,1000.25,0,833,589,2.693331718
660,0,994,2835,-6.25,1834.75,-0.003966994605,1.164550936,1841,1.168517931,0,28,0,0,1,0,1000.25,1000.25,0,833,590,2.697889328
661,0,1000.25,995,0,-5.25,0,-0.003332275468,-5.25,-0.003332275468,0.07835820896,0.07835820896,0,0,1,0,1000.25,1000.25,0,833,591,2.701766014
662,0,995,2700,-5.25,1699.75,-0.003332275468,1.078863853,1705,1.082196128,0,26,0,0,1,0,1000.25,1000.25,0,833,592,2.706242085
663,0,1000.25,20069,0,19068.75,0,12.10330054,19068.75,12.10330054,0.09191176471,384.0919118,0,0,1,0,1000.25,1000.25,0,833,593,2.710249424
664,0,1000.25,995,0,-5.25,0,-0.003332275468,-5.25,-0.003332275468,0.4038461538,0.4038461538,0,0,1,0,1000.25,1000.25,0,833,594,2.714462519
665,0,995,2972,-5.25,1971.75,-0.003332275468,1.251507458,1977,1.254839733,0,30,0,0,1,0,1000.25,1000.25,0,833,595,2.718801975
666,0,1000.25,996,0,-4.25,0,-0.002697556331,-4.25,-0.002697556331,0.06343283582,0.06343283582,0,0,1,0,1000.25,1000.25,0,833,596,2.722613335
667,0,996,2293,-4.25,1292.75,-0.002697556331,0.8205331641,1297,0.8232307204,0,20,0,0,1,0,1000.25,1000.25,0,833,597,2.726570606
668,0,1000.25,21212,0,20211.75,0,12.82878451,20211.75,12.82878451,0.07720588235,396.0772059,0,0,1,0,1000.25,1000.25,0,833,598,2.730479002
669,0,1000.25,983,0,-17.25,0,-0.01094890511,-17.25,-0.01094890511,1.398648649,1.398648649,0,0,1,0,1000.25,1000.25,0,833,599,2.734710217
670,0,983,2010,-17.25,1009.75,-0.01094890511,0.6409076484,1027,0.6518565535,0,16,0,0,1,0,1000.25,1000.25,0,833,600,2.738999128
671,0,1000.25,984,0,-16.25,0,-0.01031418597,-16.25,-0.01031418597,0.2389705882,0.2389705882,0,0,1,0,1000.25,1000.25,0,833,601,2.742801428
672,0,984,1941,-16.25,940.75,-0.01031418597,0.5971120279,957,0.6074262139,0,15,0,0,1,0,1000.25,1000.25,0,833,602,2.746772051
673,0,1000.25,21282,0,20281.75,0,12.87321485,20281.75,12.87321485,0.2536764706,413.2536765,0,0,1,0,1000.25,1000.25,0,833,603,2.750697851
674,0,1000.25,1001,0,0.75,0,0.0004760393526,0.75,0.0004760393526,0.05769230769,0.05769230769,0,0,1,0,1000.25,1000.25,0,833,604,2.755075455
675,0,1000.25,2084,0,1083.75,0,0.6878768645,1083.75,0.6878768645,0.05769230769,17.94230769,0,0,1,0,1000.25,1000.25,0,833,605,2.759133577
676,0,1000.25,989,0,-11.25,0,-0.007140590289,-11.25,-0.007140590289,0.1654411765,0.1654411765,0,0,1,0,1000.25,1000.25,0,833,606,2.763405085
677,0,989,2354,-11.25,1353.75,-0.007140590289,0.8592510314,1365,0.8663916217,0,21,0,0,1,0,1000.25,1000.25,0,833,607,2.767479658
678,0,1000.25,988,0,-12.25,0,-0.007775309426,-12.25,-0.007775309426,0.1801470588,0.1801470588,0,0,1,0,1000.25,1000.25,0,833,608,2.771372795
679,0,988,2829,-12.25,1828.75,-0.007775309426,1.160742621,1841,1.168517931,0,28,0,0,1,0,1000.25,1000.25,0,833,609,2.775450706
680,0,1000.25,20464,0,19463.75,0,12.3540146,19463.75,12.3540146,0.1679104478,393.1679104,0,0,1,0,1000.25,1000.25,0,833,610,2.779383183
681,0,1000.25,1005,0,4.75,0,0.0030149159,4.75,0.0030149159,0.3653846154,0.3653846154,0,0,1,0,1000.25,1000.25,0,833,611,2.78358531
682,0,1000.25,2290,0,1289.75,0,0.8186290067,1289.75,0.8186290067,0.3653846154,20.63461538,1,1,0,0,1000.25,1000.25,0,833,612,2.787737846
683,0,1000.25,992,0,-8.25,0,-0.005236432878,-8.25,-0.005236432878,0.1213235294,0.1213235294,0,0,1,0,1000.25,1000.25,0,833,613,2.791986465
684,0,992,2427,-8.25,1426.75,-0.005236432878,0.9055855284,1435,0.9108219613,0,22,0,0,1,0,1000.25,1000.25,0,833,614,2.796890974
685,0,1000.25,993,0,-7.25,0,-0.004601713742,-7.25,-0.004601713742,0.1066176471,0.1066176471,0,0,1,0,1000.25,1000.25,0,833,615,2.800962448
686,0,993,2562,-7.25,1561.75,-0.004601713742,0.9912726119,1569,0.9958743256,0,24,0,0,1,0,1000.25,1000.25,0,833,616,2.805351496
687,0,1000.25,21351,0,20350.75,0,12.91701047,20350.75,12.91701047,0.1213235294,400.8786765,0,0,1,0,1000.25,1000.25,0,833,617,2.809269905
688,0,1000.25,1001,0,0.75,0,0.0004760393526,0.75,0.0004760393526,0.0625,0.0625,0,0,1,0,1000.25,1000.25,0,833,618,2.81323123
689,0,1000.25,2424,0,1423.75,0,0.903681371,1423.75,0.903681371,0.0625,22.9375,0,0,1,0,1000.25,1000.25,0,833,619,2.817149401
690,0,1000.25,990,0,-10.25,0,-0.006505871152,-10.25,-0.006505871152,0.1507352941,0.1507352941,0,0,1,0,1000.25,1000.25,0,833,620,2.821298361
691,0,990,2695,-10.25,1694.75,-0.006505871152,1.075690257,1705,1.082196128,0,26,0,0,1,0,1000.25,1000.25,0,833,621,2.825335503
692,0,1000.25,989,0,-11.25,0,-0.007140590289,-11.25,-0.007140590289,0.1654411765,0.1654411765,0,0,1,0,1000.25,1000.25,0,833,622,2.829170465
693,0,989,1608,-11.25,607.75,-0.007140590289,0.3857505554,619,0.3928911457,0,10,0,0,1,0,1000.25,1000.25,0,833,623,2.833204508
694,0,1000.25,21526,0,20525.75,0,13.02808632,20525.75,13.02808632,0.1507352941,390.8492647,0,0,1,0,1000.25,1000.25,0,833,624,2.837132931
695,0,1000.25,1011,0,10.75,0,0.00682323072,10.75,0.00682323072,0.7678571429,0.7678571429,0,0,1,0,1000.25,1000.25,0,833,625,2.84117198
696,0,1000.25,2483,0,1482.75,0,0.9411298001,1482.75,0.9411298001,0.7678571429,24.23214286,1,1,0,0,1000.25,1000.25,0,833,626,2.845065117
697,0,1000.25,983,0,-17.25,0,-0.01094890511,-17.25,-0.01094890511,0.2536764706,0.2536764706,0,0,1,0,1000.25,1000.25,0,833,627,2.849253178
698,0,983,2893,-17.25,1892.75,-0.01094890511,1.201364646,1910,1.212313551,0,29,0,0,1,0,1000.25,1000.25,0,833,628,2.853529453
699,0,1000.25,984,0,-16.25,0,-0.01031418597,-16.25,-0.01031418597,0.2425373134,0.2425373134,0,0,1,0,1000.25,1000.25,0,833,629,2.857355833
700,0,984,2689,-16.25,1688.75,-0.01031418597,1.071881942,1705,1.082196128,0,26,0,0,1,0,1000.25,1000.25,0,833,630,2.861857176
701,0,1000.25,21945,0,20944.75,0,13.29403364,20944.75,13.29403364,0.2536764706,416.7463235,0,0,1,0,1000.25,1000.25,0,833,631,2.865833521
702,0,1000.25,986,0,-14.25,0,-0.009044747699,-14.25,-0.009044747699,1.155405405,1.155405405,0,0,1,0,1000.25,1000.25,0,833,632,2.86989522
703,0,986,2758,-14.25,1757.75,-0.009044747699,1.115677563,1772,1.12472231,0,27,0,0,1,0,1000.25,1000.25,0,833,633,2.87424922
704,0,1000.25,985,0,-15.25,0,-0.009679466836,-15.25,-0.009679466836,0.2276119403,0.2276119403,0,0,1,0,1000.25,1000.25,0,833,634,2.87804842
705,0,985,2216,-15.25,1215.75,-0.009679466836,0.7716597905,1231,0.7813392574,0,19,0,0,1,0,1000.25,1000.25,0,833,635,2.882010937
706,0,1000.25,20929,0,19928.75,0,12.649159,19928.75,12.649159,0.2095588235,388.2095588,0,0,1,0,1000.25,1000.25,0,833,636,2.885890961
707,0,1000.25,999,0,-1.25,0,-0.000793398921,-1.25,-0.000793398921,0.09615384615,0.09615384615,0,0,1,0,1000.25,1000.25,0,833,637,2.890105009
708,0,999,2636,-1.25,1635.75,-0.000793398921,1.038241828,1637,1.039035227,0,25,0,0,1,0,1000.25,1000.25,0,833,638,2.894551039
709,0,1000.25,998,0,-2.25,0,-0.001428118058,-2.25,-0.001428118058,0.03308823529,0.03308823529,0,0,1,0,1000.25,1000.25,0,833,639,2.898357391
710,0,998,2705,-2.25,1704.75,-0.001428118058,1.082037448,1707,1.083465566,0,26,0,0,1,0,1000.25,1000.25,0,833,640,2.902310133
711,0,1000.25,22554,0,21553.75,0,13.68057759,21553.75,13.68057759,0.01838235294,409.0183824,0,0,1,0,1000.25,1000.25,0,833,641,2.906195402
712,0,1000.25,996,0,-4.25,0,-0.002697556331,-4.25,-0.002697556331,0.3269230769,0.3269230769,0,0,1,0,1000.25,1000.25,0,833,642,2.910325527
713,0,996,2835,-4.25,1834.75,-0.002697556331,1.164550936,1839,1.167248493,0,28,0,0,1,0,1000.25,1000.25,0,833,643,2.914651394
714,0,1000.25,995,0,-5.25,0,-0.003332275468,-5.25,-0.003332275468,0.07835820896,0.07835820896,0,0,1,0,1000.25,1000.25,0,833,644,2.918445587
715,0,995,1682,-5.25,681.75,-0.003332275468,0.4327197715,687,0.436052047,0,11,0,0,1,0,1000.25,1000.25,0,833,645,2.922401667
716,0,1000.25,18834,0,17833.75,0,11.31942241,17833.75,11.31942241,0.0625,355.9375,0,0,1,0,1000.25,1000.25,0,833,646,2.926298141
717,0,1000.25,1006,0,5.75,0,0.003649635036,5.75,0.003649635036,0.4107142857,0.4107142857,0,0,1,0,1000.25,1000.25,0,833,647,2.930314302
718,0,1000.25,1948,0,947.75,0,0.6015550619,947.75,0.6015550619,0.4107142857,15.58928571,0,0,1,0,1000.25,1000.25,0,833,648,2.934295893
719,0,1000.25,991,0,-9.25,0,-0.005871152015,-9.25,-0.005871152015,0.1360294118,0.1360294118,0,0,1,0,1000.25,1000.25,0,833,649,2.938500166
720,0,991,1950,-9.25,949.75,-0.005871152015,0.6028245002,959,0.6086956522,0,15,0,0,1,0,1000.25,1000.25,0,833,650,2.942550659
721,0,1000.25,992,0,-8.25,0,-0.005236432878,-8.25,-0.005236432878,0.1213235294,0.1213235294,0,0,1,0,1000.25,1000.25,0,833,651,2.946367502
722,0,992,2697,-8.25,1696.75,-0.005236432878,1.076959695,1705,1.082196128,0,26,0,0,1,0,1000.25,1000.25,0,833,652,2.950425625
723,0,1000.25,21808,0,20807.75,0,13.20707712,20807.75,13.20707712,0.1360294118,422.8639706,0,0,1,0,1000.25,1000.25,0,833,653,2.954382896
724,0,1000.25,994,0,-6.25,0,-0.003966994605,-6.25,-0.003966994605,0.4464285714,0.4464285714,0,0,1,0,1000.25,1000.25,0,833,654,2.958397627
725,0,994,2565,-6.25,1564.75,-0.003966994605,0.9931767693,1571,0.9971437639,0,24,0,0,1,0,1000.25,1000.25,0,833,655,2.96280694
726,0,1000.25,995,0,-5.25,0,-0.003332275468,-5.25,-0.003332275468,0.07720588235,0.07720588235,0,0,1,0,1000.25,1000.25,0,833,656,2.966618299
727,0,995,2834,-5.25,1833.75,-0.003332275468,1.163916217,1839,1.167248493,0,28,0,0,1,0,1000.25,1000.25,0,833,657,2.970994949
728,0,1000.25,19806,0,18805.75,0,11.93636941,18805.75,11.93636941,0.09328358209,381.0932836,0,0,1,0,1000.25,1000.25,0,833,658,2.974966526
729,0,1000.25,997,0,-3.25,0,-0.002062837195,-3.25,-0.002062837195,0.25,0.25,0,0,1,0,1000.25,1000.25,0,833,659,2.979207516
730,0,997,2160,-3.25,1159.75,-0.002062837195,0.7361155189,1163,0.7381783561,0,18,0,0,1,0,1000.25,1000.25,0,833,660,2.983634472
731,0,1000.25,998,0,-2.25,0,-0.001428118058,-2.25,-0.001428118058,0.03308823529,0.03308823529,0,0,1,0,1000.25,1000.25,0,833,661,2.987429142
732,0,998,1683,-2.25,682.75,-0.001428118058,0.4333544906,685,0.4347826087,0,11,0,0,1,0,1000.25,1000.25,0,833,662,2.991517305
733,0,1000.25,22265,0,21264.75,0,13.49714376,21264.75,13.49714376,0.04779411765,409.0477941,0,0,1,0,1000.25,1000.25,0,833,663,2.995437384
734,0,1000.25,1003,0,2.75,0,0.001745477626,2.75,0.001745477626,0.2115384615,0.2115384615,0,0,1,0,1000.25,1000.25,0,833,664,2.999791622
735,0,1000.25,1539,0,538.75,0,0.3419549349,538.75,0.3419549349,0.2115384615,9.788461538,0,0,1,0,1000.25,1000.25,0,833,665,3.003734589
736,0,1000.25,989,0,-11.25,0,-0.007140590289,-11.25,-0.007140590289,0.1654411765,0.1654411765,0,0,1,0,1000.25,1000.25,0,833,666,3.008017063
737,0,989,2560,-11.25,1559.75,-0.007140590289,0.9900031736,1571,0.9971437639,0,24,0,0,1,0,1000.25,1000.25,0,833,667,3.012080669
738,0,1000.25,990,0,-10.25,0,-0.006505871152,-10.25,-0.006505871152,0.1507352941,0.1507352941,0,0,1,0,1000.25,1000.25,0,833,668,3.015936136
739,0,990,2219,-10.25,1218.75,-0.006505871152,0.773563948,1229,0.7800698191,0,19,0,0,1,0,1000.25,1000.25,0,833,669,3.019989729
740,0,1000.25,22736,0,21735.75,0,13.79609648,21735.75,13.79609648,0.1654411765,416.1654412,0,0,1,0,1000.25,1000.25,0,833,670,3.023922205
741,0,1000.25,997,0,-3.25,0,-0.002062837195,-3.25,-0.002062837195,0.25,0.25,0,0,1,0,1000.25,1000.25,0,833,671,3.028105259
742,0,997,2566,-3.25,1565.75,-0.002062837195,0.9938114884,1569,0.9958743256,0,24,0,0,1,0,1000.25,1000.25,0,833,672,3.03247714
743,0,1000.25,996,0,-4.25,0,-0.002697556331,-4.25,-0.002697556331,0.0625,0.0625,0,0,1,0,1000.25,1000.25,0,833,673,3.036282301
744,0,996,1887,-4.25,886.75,-0.002697556331,0.5628371945,891,0.5655347509,0,14,0,0,1,0,1000.25,1000.25,0,833,674,3.040349483
745,0,1000.25,20736,0,19735.75,0,12.5266582,19735.75,12.5266582,0.04779411765,380.0477941,0,0,1,0,1000.25,1000.25,0,833,675,3.044283867
746,0,1000.25,997,0,-3.25,0,-0.002062837195,-3.25,-0.002062837195,0.25,0.25,0,0,1,0,1000.25,1000.25,0,833,676,3.048497438
747,0,997,2160,-3.25,1159.75,-0.002062837195,0.7361155189,1163,0.7381783561,0,18,0,0,1,0,1000.25,1000.25,0,833,677,3.052838087
748,0,1000.25,998,0,-2.25,0,-0.001428118058,-2.25,-0.001428118058,0.03308823529,0.03308823529,0,0,1,0,1000.25,1000.25,0,833,678,3.056644201
749,0,998,2906,-2.25,1905.75,-0.001428118058,1.209615995,1908,1.211044113,0,29,0,0,1,0,1000.25,1000.25,0,833,679,3.06070137
750,0,1000.25,20401,0,19400.75,0,12.31402729,19400.75,12.31402729,0.04850746269,357.0485075,0,0,1,0,1000.25,1000.25,0,833,680,3.064653873
751,0,1000.25,1005,0,4.75,0,0.0030149159,4.75,0.0030149159,0.3958333333,0.3958333333,0,0,1,0,1000.25,1000.25,0,833,681,3.068838835
752,0,1000.25,2632,0,1631.75,0,1.035702951,1631.75,1.035702951,0.3958333333,25.60416667,0,0,1,0,1000.25,1000.25,0,833,682,3.072737932
753,0,1000.25,994,0,-6.25,0,-0.003966994605,-6.25,-0.003966994605,0.09191176471,0.09191176471,0,0,1,0,1000.25,1000.25,0,833,683,3.076900244
754,0,994,2359,-6.25,1358.75,-0.003966994605,0.8624246271,1365,0.8663916217,0,21,0,0,1,0,1000.25,1000.25,0,833,684,3.080860376
755,0,1000.25,993,0,-7.25,0,-0.004601713742,-7.25,-0.004601713742,0.1066176471,0.1066176471,0,0,1,0,1000.25,1000.25,0,833,685,3.08466053
756,0,993,2903,-7.25,1902.75,-0.004601713742,1.207711838,1910,1.212313551,0,29,0,0,1,0,1000.25,1000.25,0,833,686,3.088628292
757,0,1000.25,21945,0,20944.75,0,13.29403364,20944.75,13.29403364,0.09328358209,406.0932836,0,0,1,0,1000.25,1000.25,0,833,687,3.092513561
758,0,1000.25,1006,0,5.75,0,0.003649635036,5.75,0.003649635036,0.4423076923,0.4423076923,0,0,1,0,1000.25,1000.25,0,833,688,3.096737623
759,0,1000.25,1610,0,609.75,0,0.3870199937,609.75,0.3870199937,0.4423076923,10.55769231,0,0,1,0,1000.25,1000.25,0,833,689,3.100700378
760,0,1000.25,992,0,-8.25,0,-0.005236432878,-8.25,-0.005236432878,0.1213235294,0.1213235294,0,0,1,0,1000.25,1000.25,0,833,690,3.10490942
761,0,992,2631,-8.25,1630.75,-0.005236432878,1.035068232,1639,1.040304665,0,25,0,0,1,0,1000.25,1000.25,0,833,691,3.109029531
762,0,1000.25,993,0,-7.25,0,-0.004601713742,-7.25,-0.004601713742,0.1066176471,0.1066176471,0,0,1,0,1000.25,1000.25,0,833,692,3.112857342
763,0,993,2698,-7.25,1697.75,-0.004601713742,1.077594414,1705,1.082196128,0,26,0,0,1,0,1000.25,1000.25,0,833,693,3.116816044
764,0,1000.25,20056,0,19055.75,0,12.09504919,19055.75,12.09504919,0.1213235294,379.8786765,0,0,1,0,1000.25,1000.25,0,833,694,3.120715857
765,0,1000.25,1000,0,-0.25,0,-0.0001586797842,-0.25,-0.0001586797842,0.01923076923,0.01923076923,0,0,1,0,1000.25,1000.25,0,833,695,3.124731541
766,0,1000,1889,-0.25,888.75,-0.0001586797842,0.5641066328,889,0.5642653126,0,14,0,0,1,0,1000.25,1000.25,0,833,696,3.129002333
767,0,1000.25,999,0,-1.25,0,-0.000793398921,-1.25,-0.000793398921,0.01838235294,0.01838235294,0,0,1,0,1000.25,1000.25,0,833,697,3.132813454
768,0,999,2909,-1.25,1908.75,-0.000793398921,1.211520152,1910,1.212313551,0,29,0,0,1,0,1000.25,1000.25,0,833,698,3.137242556
769,0,1000.25,21140,0,20139.75,0,12.78308474,20139.75,12.78308474,0.003731343284,392.0037313,0,0,1,0,1000.25,1000.25,0,833,699,3.141232252
770,0,1000.25,1006,0,5.75,0,0.003649635036,5.75,0.003649635036,0.4791666667,0.4791666667,0,0,1,0,1000.25,1000.25,0,833,700,3.145364523
771,0,1000.25,2563,0,1562.75,0,0.991907331,1562.75,0.991907331,0.4791666667,24.52083333,0,0,1,0,1000.25,1000.25,0,833,701,3.149347782
772,0,1000.25,993,0,-7.25,0,-0.004601713742,-7.25,-0.004601713742,0.1066176471,0.1066176471,0,0,1,0,1000.25,1000.25,0,833,702,3.153619289
773,0,993,2700,-7.25,1699.75,-0.004601713742,1.078863853,1707,1.083465566,0,26,0,0,1,0,1000.25,1000.25,0,833,703,3.158040285
774,0,1000.25,994,0,-6.25,0,-0.003966994605,-6.25,-0.003966994605,0.09191176471,0.09191176471,0,0,1,0,1000.25,1000.25,0,833,704,3.161899567
775,0,994,2155,-6.25,1154.75,-0.003966994605,0.7329419232,1161,0.7369089178,0,18,0,0,1,0,1000.25,1000.25,0,833,705,3.166330338
776,0,1000.25,23087,0,22086.75,0,14.01888289,22086.75,14.01888289,0.1066176471,411.1066176,0,0,1,0,1000.25,1000.25,0,833,706,3.170264244
777,0,1000.25,1000,0,-0.25,0,-0.0001586797842,-0.25,-0.0001586797842,0.01923076923,0.01923076923,0,0,1,0,1000.25,1000.25,0,833,707,3.174389362
778,0,1000,2908,-0.25,1907.75,-0.0001586797842,1.210885433,1908,1.211044113,0,29,0,0,1,0,1000.25,1000.25,0,833,708,3.17871213
779,0,1000.25,999,0,-1.25,0,-0.000793398921,-1.25,-0.000793398921,0.01865671642,0.01865671642,0,0,1,0,1000.25,1000.25,0,833,709,3.182513237
780,0,999,2366,-1.25,1365.75,-0.000793398921,0.8668676611,1367,0.86766106,0,21,0,0,1,0,1000.25,1000.25,0,833,710,3.186830044
781,0,1000.25,22057,0,21056.75,0,13.36512218,21056.75,13.36512218,0.003676470588,432.0036765,0,0,1,0,1000.25,1000.25,0,833,711,3.190800905
782,0,1000.25,1003,0,2.75,0,0.001745477626,2.75,0.001745477626,0.2115384615,0.2115384615,0,0,1,0,1000.25,1000.25,0,833,712,3.194929361
783,0,1000.25,2492,0,1491.75,0,0.9468422723,1491.75,0.9468422723,0.2115384615,23.78846154,1,1,0,0,1000.25,1000.25,0,833,713,3.19882226
784,0,1000.25,990,0,-10.25,0,-0.006505871152,-10.25,-0.006505871152,0.1507352941,0.1507352941,0,0,1,0,1000.25,1000.25,0,833,714,3.202953577
785,0,990,1609,-10.25,608.75,-0.006505871152,0.3863852745,619,0.3928911457,0,10,0,0,1,0,1000.25,1000.25,0,833,715,3.207293034
786,0,1000.25,991,0,-9.25,0,-0.005871152015,-9.25,-0.005871152015,0.1360294118,0.1360294118,0,0,1,0,1000.25,1000.25,0,833,716,3.21112299
787,0,991,2966,-9.25,1965.75,-0.005871152015,1.247699143,1975,1.253570295,0,30,0,0,1,0,1000.25,1000.25,0,833,717,3.215540648
788,0,1000.25,19928,0,18927.75,0,12.01380514,18927.75,12.01380514,0.1529850746,386.1529851,0,0,1,0,1000.25,1000.25,0,833,718,3.219505072
789,0,1000.25,998,0,-2.25,0,-0.001428118058,-2.25,-0.001428118058,0.1875,0.1875,0,0,1,0,1000.25,1000.25,0,833,719,3.223746777
790,0,998,2839,-2.25,1838.75,-0.001428118058,1.167089813,1841,1.168517931,0,28,0,0,1,0,1000.25,1000.25,0,833,720,3.228190899
791,0,1000.25,999,0,-1.25,0,-0.000793398921,-1.25,-0.000793398921,0.01865671642,0.01865671642,0,0,1,0,1000.25,1000.25,0,833,721,3.232028246
792,0,999,2160,-1.25,1159.75,-0.000793398921,0.7361155189,1161,0.7369089178,0,18,0,0,1,0,1000.25,1000.25,0,833,722,3.235993624
793,0,1000.25,21225,0,20224.75,0,12.83703586,20224.75,12.83703586,0.03308823529,405.9669118,0,0,1,0,1000.25,1000.25,0,833,723,3.239886522
794,0,1000.25,1006,0,5.75,0,0.003649635036,5.75,0.003649635036,0.4423076923,0.4423076923,0,0,1,0,1000.25,1000.25,0,833,724,3.243924141
795,0,1000.25,2019,0,1018.75,0,0.6466201206,1018.75,0.6466201206,0.4423076923,16.55769231,0,0,1,0,1000.25,1000.25,0,833,725,3.247940302
796,0,1000.25,992,0,-8.25,0,-0.005236432878,-8.25,-0.005236432878,0.1213235294,0.1213235294,0,0,1,0,1000.25,1000.25,0,833,726,3.252182007
797,0,992,2833,-8.25,1832.75,-0.005236432878,1.163281498,1841,1.168517931,0,28,0,0,1,0,1000.25,1000.25,0,833,727,3.256610155
798,0,1000.25,993,0,-7.25,0,-0.004601713742,-7.25,-0.004601713742,0.1082089552,0.1082089552,0,0,1,0,1000.25,1000.25,0,833,728,3.260461569
799,0,993,2765,-7.25,1764.75,-0.004601713742,1.120120597,1772,1.12472231,0,27,0,0,1,0,1000.25,1000.25,0,833,729,3.264407158
800,0,1000.25,22318,0,21317.75,0,13.53078388,21317.75,13.53078388,0.1231343284,413.1231343,0,0,1,0,1000.25,1000.25,0,833,730,3.268301487
801,0,1000.25,1003,0,2.75,0,0.001745477626,2.75,0.001745477626,0.2291666667,0.2291666667,0,0,1,0,1000.25,1000.25,0,833,731,3.272496939
802,0,1000.25,2358,0,1357.75,0,0.861789908,1357.75,0.861789908,0.2291666667,21.77083333,0,0,1,0,1000.25,1000.25,0,833,732,3.276391745
803,0,1000.25,992,0,-8.25,0,-0.005236432878,-8.25,-0.005236432878,0.1213235294,0.1213235294,0,0,1,0,1000.25,1000.25,0,833,733,3.280558109
804,0,992,2831,-8.25,1830.75,-0.005236432878,1.16201206,1839,1.167248493,0,28,0,0,1,0,1000.25,1000.25,0,833,734,3.284528971
805,0,1000.25,991,0,-9.25,0,-0.005871152015,-9.25,-0.005871152015,0.1380597015,0.1380597015,0,0,1,0,1000.25,1000.25,0,833,735,3.28832674
806,0,991,2086,-9.25,1085.75,-0.005871152015,0.6891463028,1095,0.6950174548,0,17,0,0,1,0,1000.25,1000.25,0,833,736,3.29228735
807,0,1000.25,21965,0,20964.75,0,13.30672802,20964.75,13.30672802,0.1213235294,422.1213235,0,0,1,0,1000.25,1000.25,0,833,737,3.296187162
808,0,1000.25,1006,0,5.75,0,0.003649635036,5.75,0.003649635036,0.4423076923,0.4423076923,0,0,1,0,1000.25,1000.25,0,833,738,3.30033803
809,0,1000.25,2631,0,1630.75,0,1.035068232,1630.75,1.035068232,0.4423076923,25.55769231,0,0,1,0,1000.25,1000.25,0,833,739,3.304229975
810,0,1000.25,993,0,-7.25,0,-0.004601713742,-7.25,-0.004601713742,0.2164179104,0.2164179104,0,0,1,0,1000.25,1000.25,0,833,740,3.308388233
811,0,993,1748,-7.25,747.75,-0.004601713742,0.4746112345,755,0.4792129483,0,12,0,0,1,0,1000.25,1000.25,0,833,741,3.312495947
812,0,1000.25,994,0,-6.25,0,-0.003966994605,-6.25,-0.003966994605,0.09191176471,0.09191176471,0,0,1,0,1000.25,1000.25,0,833,742,3.316306114
813,0,994,2969,-6.25,1968.75,-0.003966994605,1.249603301,1975,1.253570295,0,30,0,0,1,0,1000.25,1000.25,0,833,743,3.320275784
814,0,1000.25,21805,0,20804.75,0,13.20517296,20804.75,13.20517296,0.1082089552,413.891791,0,0,1,0,1000.25,1000.25,0,833,744,3.324171305
815,0,1000.25,1024,0,23.75,0,0.0150745795,23.75,0.0150745795,1.93877551,1.93877551,0,0,1,0,1000.25,1000.25,0,833,745,3.328276873
816,0,1000.25,1932,0,931.75,0,0.5913995557,931.75,0.5913995557,1.93877551,17.06122449,0,0,1,0,1000.25,1000.25,0,833,746,3.332099915
817,0,1000.25,974,0,-26.25,0,-0.01666137734,-26.25,-0.01666137734,0.3860294118,0.3860294118,0,0,1,0,1000.25,1000.25,0,833,747,3.336306572
818,0,974,2477,-26.25,1476.75,-0.01666137734,0.9373214852,1503,0.9539828626,0,23,0,0,1,0,1000.25,1000.25,0,833,748,3.340753555
819,0,1000.25,975,0,-25.25,0,-0.0160266582,-25.25,-0.0160266582,0.3713235294,0.3713235294,0,0,1,0,1000.25,1000.25,0,833,749,3.344622374
820,0,975,1932,-25.25,931.75,-0.0160266582,0.5913995557,957,0.6074262139,0,15,0,0,1,0,1000.25,1000.25,0,833,750,3.349078178
821,0,1000.25,19101,0,18100.75,0,11.48889242,18100.75,11.48889242,0.3860294118,366.6139706,0,0,1,0,1000.25,1000.25,0,833,751,3.353005409
822,0,1000.25,1002,0,1.75,0,0.001110758489,1.75,0.001110758489,0.1346153846,0.1346153846,0,0,1,0,1000.25,1000.25,0,833,752,3.356929064
823,0,1000.25,1949,0,948.75,0,0.602189781,948.75,0.602189781,0.1346153846,15.86538462,0,0,1,0,1000.25,1000.25,0,833,753,3.360776901
824,0,1000.25,990,0,-10.25,0,-0.006505871152,-10.25,-0.006505871152,0.1507352941,0.1507352941,0,0,1,0,1000.25,1000.25,0,833,754,3.364882946
825,0,990,2423,-10.25,1422.75,-0.006505871152,0.9030466519,1433,0.909552523,0,22,0,0,1,0,1000.25,1000.25,0,833,755,3.368852854
826,0,1000.25,989,0,-11.25,0,-0.007140590289,-11.25,-0.007140590289,0.1654411765,0.1654411765,0,0,1,0,1000.25,1000.25,0,833,756,3.372661829
827,0,989,1880,-11.25,879.75,-0.007140590289,0.5583941606,891,0.5655347509,0,14,0,0,1,0,1000.25,1000.25,0,833,757,3.376626968
828,0,1000.25,22561,0,21560.75,0,13.68502063,21560.75,13.68502063,0.1507352941,414.1507353,0,0,1,0,1000.25,1000.25,0,833,758,3.380515575
829,0,1000.25,998,0,-2.25,0,-0.001428118058,-2.25,-0.001428118058,0.1730769231,0.1730769231,0,0,1,0,1000.25,1000.25,0,833,759,3.384664059
830,0,998,2703,-2.25,1702.75,-0.001428118058,1.08076801,1705,1.082196128,0,26,0,0,1,0,1000.25,1000.25,0,833,760,3.388904095
831,0,1000.25,997,0,-3.25,0,-0.002062837195,-3.25,-0.002062837195,0.04779411765,0.04779411765,0,0,1,0,1000.25,1000.25,0,833,761,3.392710686
832,0,997,2092,-3.25,1091.75,-0.002062837195,0.6929546176,1095,0.6950174548,0,17,0,0,1,0,1000.25,1000.25,0,833,762,3.396680355
833,0,1000.25,21604,0,20603.75,0,13.07759441,20603.75,13.07759441,0.03308823529,400.9669118,0,0,1,0,1000.25,1000.25,0,833,763,3.400577307
834,0,1000.25,1006,0,5.75,0,0.003649635036,5.75,0.003649635036,0.4423076923,0.4423076923,0,0,1,0,1000.25,1000.25,0,833,764,3.404612064
835,0,1000.25,2833,0,1832.75,0,1.163281498,1832.75,1.163281498,0.4423076923,28.55769231,0,0,1,0,1000.25,1000.25,0,833,765,3.408552647
836,0,1000.25,992,0,-8.25,0,-0.005236432878,-8.25,-0.005236432878,0.1231343284,0.1231343284,0,0,1,0,1000.25,1000.25,0,833,766,3.412727833
837,0,992,2155,-8.25,1154.75,-0.005236432878,0.7329419232,1163,0.7381783561,0,18,0,0,1,0,1000.25,1000.25,0,833,767,3.417071104
838,0,1000.25,993,0,-7.25,0,-0.004601713742,-7.25,-0.004601713742,0.1066176471,0.1066176471,0,0,1,0,1000.25,1000.25,0,833,768,3.420980215
839,0,993,2086,-7.25,1085.75,-0.004601713742,0.6891463028,1093,0.6937480165,0,17,0,0,1,0,1000.25,1000.25,0,833,769,3.424970627
840,0,1000.25,20601,0,19600.75,0,12.44097112,19600.75,12.44097112,0.1213235294,380.1213235,0,0,1,0,1000.25,1000.25,0,833,770,3.428869963
841,0,1000.25,1003,0,2.75,0,0.001745477626,2.75,0.001745477626,0.2115384615,0.2115384615,0,0,1,0,1000.25,1000.25,0,833,771,3.433064222
842,0,1000.25,1814,0,813.75,0,0.5165026976,813.75,0.5165026976,0.2115384615,13.78846154,0,0,1,0,1000.25,1000.25,0,833,772,3.437045336
843,0,1000.25,991,0,-9.25,0,-0.005871152015,-9.25,-0.005871152015,0.1360294118,0.1360294118,0,0,1,0,1000.25,1000.25,0,833,773,3.441175461
844,0,991,2016,-9.25,1015.75,-0.005871152015,0.6447159632,1025,0.6505871152,0,16,0,0,1,0,1000.25,1000.25,0,833,774,3.445822716
845,0,1000.25,990,0,-10.25,0,-0.006505871152,-10.25,-0.006505871152,0.1507352941,0.1507352941,0,0,1,0,1000.25,1000.25,0,833,775,3.449659586
846,0,990,2831,-10.25,1830.75,-0.006505871152,1.16201206,1841,1.168517931,0,28,0,0,1,0,1000.25,1000.25,0,833,776,3.454075098
847,0,1000.25,19982,0,18981.75,0,12.04807997,18981.75,12.04807997,0.1380597015,364.8619403,0,0,1,0,1000.25,1000.25,0,833,777,3.458028078
848,0,1000.25,1004,0,3.75,0,0.002380196763,3.75,0.002380196763,0.3125,0.3125,0,0,1,0,1000.25,1000.25,0,833,778,3.462017059
849,0,1000.25,2357,0,1356.75,0,0.8611551888,1356.75,0.8611551888,0.3125,21.6875,0,0,1,0,1000.25,1000.25,0,833,779,3.465852976
850,0,1000.25,991,0,-9.25,0,-0.005871152015,-9.25,-0.005871152015,0.1360294118,0.1360294118,0,0,1,0,1000.25,1000.25,0,833,780,3.470079899
851,0,991,1814,-9.25,813.75,-0.005871152015,0.5165026976,823,0.5223738496,0,13,0,0,1,0,1000.25,1000.25,0,833,781,3.4740417
852,0,1000.25,992,0,-8.25,0,-0.005236432878,-8.25,-0.005236432878,0.1213235294,0.1213235294,0,0,1,0,1000.25,1000.25,0,833,782,3.477837086
853,0,992,1813,-8.25,812.75,-0.005236432878,0.5158679784,821,0.5211044113,0,13,0,0,1,0,1000.25,1000.25,0,833,783,3.481798172
854,0,1000.25,21506,0,20505.75,0,13.01539194,20505.75,13.01539194,0.1360294118,406.1360294,0,0,1,0,1000.25,1000.25,0,833,784,3.485682487
855,0,1000.25,987,0,-13.25,0,-0.008410028562,-13.25,-0.008410028562,0.9814814815,0.9814814815,0,0,1,0,1000.25,1000.25,0,833,785,3.489813089
856,0,987,2490,-13.25,1489.75,-0.008410028562,0.945572834,1503,0.9539828626,0,23,0,0,1,0,1000.25,1000.25,0,833,786,3.494125128
857,0,1000.25,988,0,-12.25,0,-0.007775309426,-12.25,-0.007775309426,0.1801470588,0.1801470588,0,0,1,0,1000.25,1000.25,0,833,787,3.497935057
858,0,988,2760,-12.25,1759.75,-0.007775309426,1.116947001,1772,1.12472231,0,27,0,0,1,0,1000.25,1000.25,0,833,788,3.50190115
859,0,1000.25,21264,0,20263.75,0,12.86178991,20263.75,12.86178991,0.197761194,400.1977612,0,0,1,0,1000.25,1000.25,0,833,789,3.505807161
860,0,1000.25,999,0,-1.25,0,-0.000793398921,-1.25,-0.000793398921,0.08333333333,0.08333333333,0,0,1,0,1000.25,1000.25,0,833,790,3.509962082
861,0,999,1958,-1.25,957.75,-0.000793398921,0.6079022533,959,0.6086956522,0,15,0,0,1,0,1000.25,1000.25,0,833,791,3.514226437
862,0,1000.25,1000,0,-0.25,0,-0.0001586797842,-0.25,-0.0001586797842,0.003676470588,0.003676470588,0,0,1,0,1000.25,1000.25,0,833,792,3.5180583
863,0,1000,2637,-0.25,1636.75,-0.0001586797842,1.038876547,1637,1.039035227,0,25,0,0,1,0,1000.25,1000.25,0,833,793,3.522022963
864,0,1000.25,20027,0,19026.75,0,12.07664234,19026.75,12.07664234,0.01838235294,389.0183824,0,0,1,0,1000.25,1000.25,0,833,794,3.525928974
865,0,1000.25,1005,0,4.75,0,0.0030149159,4.75,0.0030149159,0.3653846154,0.3653846154,0,0,1,0,1000.25,1000.25,0,833,795,3.530151129
866,0,1000.25,2767,0,1766.75,0,1.121390035,1766.75,1.121390035,0.3653846154,27.63461538,0,0,1,0,1000.25,1000.25,0,833,796,3.534168482
867,0,1000.25,993,0,-7.25,0,-0.004601713742,-7.25,-0.004601713742,0.1082089552,0.1082089552,0,0,1,0,1000.25,1000.25,0,833,797,3.53842473
868,0,993,2630,-7.25,1629.75,-0.004601713742,1.034433513,1637,1.039035227,0,25,0,0,1,0,1000.25,1000.25,0,833,798,3.542385817
869,0,1000.25,992,0,-8.25,0,-0.005236432878,-8.25,-0.005236432878,0.1213235294,0.1213235294,0,0,1,0,1000.25,1000.25,0,833,799,3.546188354
870,0,992,2833,-8.25,1832.75,-0.005236432878,1.163281498,1841,1.168517931,0,28,0,0,1,0,1000.25,1000.25,0,833,800,3.550154448
871,0,1000.25,21572,0,20571.75,0,13.0572834,20571.75,13.0572834,0.1082089552,398.108209,0,0,1,0,1000.25,1000.25,0,833,801,3.554056883
872,0,1000.25,1000,0,-0.25,0,-0.0001586797842,-0.25,-0.0001586797842,0.01923076923,0.01923076923,0,0,1,0,1000.25,1000.25,0,833,802,3.558295488
873,0,1000,2161,-0.25,1160.75,-0.0001586797842,0.736750238,1161,0.7369089178,0,18,0,0,1,0,1000.25,1000.25,0,833,803,3.562787533
874,0,1000.25,999,0,-1.25,0,-0.000793398921,-1.25,-0.000793398921,0.01838235294,0.01838235294,0,0,1,0,1000.25,1000.25,0,833,804,3.566607237
875,0,999,2638,-1.25,1637.75,-0.000793398921,1.039511266,1639,1.040304665,0,25,0,0,1,0,1000.25,1000.25,0,833,805,3.570594072
876,0,1000.25,21247,0,20246.75,0,12.85099968,20246.75,12.85099968,0.003676470588,401.9963235,0,0,1,0,1000.25,1000.25,0,833,806,3.574501038
877,0,1000.25,1004,0,3.75,0,0.002380196763,3.75,0.002380196763,0.3125,0.3125,0,0,1,0,1000.25,1000.25,0,833,807,3.578603983
878,0,1000.25,2425,0,1424.75,0,0.9043160901,1424.75,0.9043160901,0.3125,22.6875,0,0,1,0,1000.25,1000.25,0,833,808,3.582546234
879,0,1000.25,991,0,-9.25,0,-0.005871152015,-9.25,-0.005871152015,0.1360294118,0.1360294118,0,0,1,0,1000.25,1000.25,0,833,809,3.586910009
880,0,991,2968,-9.25,1967.75,-0.005871152015,1.248968581,1977,1.254839733,0,30,0,0,1,0,1000.25,1000.25,0,833,810,3.591311216
881,0,1000.25,992,0,-8.25,0,-0.005236432878,-8.25,-0.005236432878,0.1231343284,0.1231343284,0,0,1,0,1000.25,1000.25,0,833,811,3.595183611
882,0,992,2085,-8.25,1084.75,-0.005236432878,0.6885115836,1093,0.6937480165,0,17,0,0,1,0,1000.25,1000.25,0,833,812,3.599582911
883,0,1000.25,22075,0,21074.75,0,13.37654713,21074.75,13.37654713,0.1360294118,413.1360294,0,0,1,0,1000.25,1000.25,0,833,813,3.603517771
884,0,1000.25,995,0,-5.25,0,-0.003332275468,-5.25,-0.003332275468,0.4038461538,0.4038461538,0,0,1,0,1000.25,1000.25,0,833,814,3.607725382
885,0,995,2634,-5.25,1633.75,-0.003332275468,1.03697239,1639,1.040304665,0,25,0,0,1,0,1000.25,1000.25,0,833,815,3.61209774
886,0,1000.25,996,0,-4.25,0,-0.002697556331,-4.25,-0.002697556331,0.0625,0.0625,0,0,1,0,1000.25,1000.25,0,833,816,3.615920305
887,0,996,2089,-4.25,1088.75,-0.002697556331,0.6910504602,1093,0.6937480165,0,17,0,0,1,0,1000.25,1000.25,0,833,817,3.620332718
888,0,1000.25,21392,0,20391.75,0,12.94303396,20391.75,12.94303396,0.07720588235,400.0772059,0,0,1,0,1000.25,1000.25,0,833,818,3.624329805
889,0,1000.25,1003,0,2.75,0,0.001745477626,2.75,0.001745477626,0.2291666667,0.2291666667,0,0,1,0,1000.25,1000.25,0,833,819,3.628570557
890,0,1000.25,1939,0,938.75,0,0.5958425897,938.75,0.5958425897,0.2291666667,16.77083333,0,0,1,0,1000.25,1000.25,0,833,820,3.632554293
891,0,1000.25,980,0,-20.25,0,-0.01285306252,-20.25,-0.01285306252,0.2977941176,0.2977941176,0,0,1,0,1000.25,1000.25,0,833,821,3.636775494
892,0,980,2209,-20.25,1208.75,-0.01285306252,0.7672167566,1229,0.7800698191,0,19,0,0,1,0,1000.25,1000.25,0,833,822,3.641260862
893,0,1000.25,979,0,-21.25,0,-0.01348778166,-21.25,-0.01348778166,0.3125,0.3125,0,0,1,0,1000.25,1000.25,0,833,823,3.645349264
894,0,979,2550,-21.25,1549.75,-0.01348778166,0.9836559822,1571,0.9971437639,0,24,0,0,1,0,1000.25,1000.25,0,833,824,3.649842978
895,0,1000.25,20193,0,19192.75,0,12.18200571,19192.75,12.18200571,0.2977941176,371.2977941,0,0,1,0,1000.25,1000.25,0,833,825,3.653812885
896,0,1000.25,1006,0,5.75,0,0.003649635036,5.75,0.003649635036,0.4423076923,0.4423076923,0,0,1,0,1000.25,1000.25,0,833,826,3.658059835
897,0,1000.25,2901,0,1900.75,0,1.206442399,1900.75,1.206442399,0.4423076923,29.55769231,0,0,1,0,1000.25,1000.25,0,833,827,3.66214776
898,0,1000.25,993,0,-7.25,0,-0.004601713742,-7.25,-0.004601713742,0.2164179104,0.2164179104,0,0,1,0,1000.25,1000.25,0,833,828,3.666445255
899,0,993,2765,-7.25,1764.75,-0.004601713742,1.120120597,1772,1.12472231,0,27,0,0,1,0,1000.25,1000.25,0,833,829,3.671116352
900,0,1000.25,21929,0,20928.75,0,13.28387813,20928.75,13.28387813,0.2164179104,429,0,0,1,0,1000.25,1000.25,0,833,830,3.675089359
901,0,1000.25,995,0,-5.25,0,-0.003332275468,-5.25,-0.003332275468,0.4375,0.4375,0,0,1,0,1000.25,1000.25,0,833,831,3.679289818
902,0,995,2430,-5.25,1429.75,-0.003332275468,0.9074896858,1435,0.9108219613,0,22,0,0,1,0,1000.25,1000.25,0,833,832,3.683709621
903,0,1000.25,996,0,-4.25,0,-0.002697556331,-4.25,-0.002697556331,0.0625,0.0625,0,0,1,0,1000.25,1000.25,0,833,833,3.687518835
904,0,996,2835,-4.25,1834.75,-0.002697556331,1.164550936,1839,1.167248493,0,28,0,0,1,0,1000.25,1000.25,0,833,834,3.691978931
905,0,1000.25,19590,0,18589.75,0,11.79927007,18589.75,11.79927007,0.07835820896,374.0783582,0,0,1,0,1000.25,1000.25,0,833,835,3.695964575
906,0,1000.25,996,0,-4.25,0,-0.002697556331,-4.25,-0.002697556331,0.3541666667,0.3541666667,0,0,1,0,1000.25,1000.25,0,833,836,3.70020628
907,0,996,2159,-4.25,1158.75,-0.002697556331,0.7354807997,1163,0.7381783561,0,18,0,0,1,0,1000.25,1000.25,0,833,837,3.704641581
908,0,1000.25,997,0,-3.25,0,-0.002062837195,-3.25,-0.002062837195,0.04779411765,0.04779411765,0,0,1,0,1000.25,1000.25,0,833,838,3.708535433
909,0,997,1886,-3.25,885.75,-0.002062837195,0.5622024754,889,0.5642653126,0,14,0,0,1,0,1000.25,1000.25,0,833,839,3.712508202
910,0,1000.25,20611,0,19610.75,0,12.44731831,19610.75,12.44731831,0.0625,394.0625,0,0,1,0,1000.25,1000.25,0,833,840,3.716405392
911,0,1000.25,1006,0,5.75,0,0.003649635036,5.75,0.003649635036,0.4791666667,0.4791666667,0,0,1,0,1000.25,1000.25,0,833,841,3.720605612
912,0,1000.25,1613,0,612.75,0,0.3889241511,612.75,0.3889241511,0.4791666667,10.52083333,0,0,1,0,1000.25,1000.25,0,833,842,3.72447753
913,0,1000.25,995,0,-5.25,0,-0.003332275468,-5.25,-0.003332275468,0.07720588235,0.07720588235,0,0,1,0,1000.25,1000.25,0,833,843,3.728789091
914,0,995,2564,-5.25,1563.75,-0.003332275468,0.9925420501,1569,0.9958743256,0,24,0,0,1,0,1000.25,1000.25,0,833,844,3.732749462
915,0,1000.25,994,0,-6.25,0,-0.003966994605,-6.25,-0.003966994605,0.09191176471,0.09191176471,0,0,1,0,1000.25,1000.25,0,833,845,3.736560822
916,0,994,1885,-6.25,884.75,-0.003966994605,0.5615677563,891,0.5655347509,0,14,0,0,1,0,1000.25,1000.25,0,833,846,3.740526915
917,0,1000.25,21678,0,20677.75,0,13.12456363,20677.75,13.12456363,0.07720588235,413.9227941,0,0,1,0,1000.25,1000.25,0,833,847,3.744426012
918,0,1000.25,990,0,-10.25,0,-0.006505871152,-10.25,-0.006505871152,0.8541666667,0.8541666667,0,0,1,0,1000.25,1000.25,0,833,848,3.748520374
919,0,990,2153,-10.25,1152.75,-0.006505871152,0.7316724849,1163,0.7381783561,0,18,0,0,1,0,1000.25,1000.25,0,833,849,3.752975464
920,0,1000.25,991,0,-9.25,0,-0.005871152015,-9.25,-0.005871152015,0.1360294118,0.1360294118,0,0,1,0,1000.25,1000.25,0,833,850,3.756798983
921,0,991,2492,-9.25,1491.75,-0.005871152015,0.9468422723,1501,0.9527134243,0,23,0,0,1,0,1000.25,1000.25,0,833,851,3.760878563
922,0,1000.25,21762,0,20761.75,0,13.17788004,20761.75,13.17788004,0.1507352941,397.8492647,1,1,0,0,1000.25,1000.25,0,833,852,3.764826775
923,0,1000.25,1003,0,2.75,0,0.001745477626,2.75,0.001745477626,0.2115384615,0.2115384615,0,0,1,0,1000.25,1000.25,0,833,853,3.768956661
924,0,1000.25,2696,0,1695.75,0,1.076324976,1695.75,1.076324976,0.2115384615,26.78846154,0,0,1,0,1000.25,1000.25,0,833,854,3.77287221
925,0,1000.25,991,0,-9.25,0,-0.005871152015,-9.25,-0.005871152015,0.1380597015,0.1380597015,0,0,1,0,1000.25,1000.25,0,833,855,3.777190924
926,0,991,2356,-9.25,1355.75,-0.005871152015,0.8605204697,1365,0.8663916217,0,21,0,0,1,0,1000.25,1000.25,0,833,856,3.781151295
927,0,1000.25,990,0,-10.25,0,-0.006505871152,-10.25,-0.006505871152,0.1507352941,0.1507352941,0,0,1,0,1000.25,1000.25,0,833,857,3.784955502
928,0,990,1677,-10.25,676.75,-0.006505871152,0.4295461758,687,0.436052047,0,11,0,0,1,0,1000.25,1000.25,0,833,858,3.788921118
929,0,1000.25,19579,0,18578.75,0,11.79228816,18578.75,11.79228816,0.1360294118,384.8639706,1,1,0,0,1000.25,1000.25,0,833,859,3.792814255
930,0,1000.25,1006,0,5.75,0,0.003649635036,5.75,0.003649635036,0.4423076923,0.4423076923,0,0,1,0,1000.25,1000.25,0,833,860,3.796847105
931,0,1000.25,2427,0,1426.75,0,0.9055855284,1426.75,0.9055855284,0.4423076923,22.55769231,0,0,1,0,1000.25,1000.25,0,833,861,3.800745726
932,0,1000.25,992,0,-8.25,0,-0.005236432878,-8.25,-0.005236432878,0.1213235294,0.1213235294,0,0,1,0,1000.25,1000.25,0,833,862,3.805010319
933,0,992,1815,-8.25,814.75,-0.005236432878,0.5171374167,823,0.5223738496,0,13,0,0,1,0,1000.25,1000.25,0,833,863,3.809031725
934,0,1000.25,993,0,-7.25,0,-0.004601713742,-7.25,-0.004601713742,0.1066176471,0.1066176471,0,0,1,0,1000.25,1000.25,0,833,864,3.812836647
935,0,993,1882,-7.25,881.75,-0.004601713742,0.5596635989,889,0.5642653126,0,14,0,0,1,0,1000.25,1000.25,0,833,865,3.81680274
936,0,1000.25,22118,0,21117.75,0,13.40384005,21117.75,13.40384005,0.1213235294,411.1213235,0,0,1,0,1000.25,1000.25,0,833,866,3.820709467
937,0,1000.25,1001,0,0.75,0,0.0004760393526,0.75,0.0004760393526,0.0625,0.0625,0,0,1,0,1000.25,1000.25,0,833,867,3.824988842
938,0,1000.25,2491,0,1490.75,0,0.9462075532,1490.75,0.9462075532,0.0625,22.9375,0,0,1,0,1000.25,1000.25,0,833,868,3.82882452
939,0,1000.25,989,0,-11.25,0,-0.007140590289,-11.25,-0.007140590289,0.1654411765,0.1654411765,0,0,1,0,1000.25,1000.25,0,833,869,3.833301306
940,0,989,2966,-11.25,1965.75,-0.007140590289,1.247699143,1977,1.254839733,0,30,0,0,1,0,1000.25,1000.25,0,833,870,3.837280273
941,0,1000.25,990,0,-10.25,0,-0.006505871152,-10.25,-0.006505871152,0.1529850746,0.1529850746,0,0,1,0,1000.25,1000.25,0,833,871,3.841091156
942,0,990,1947,-10.25,946.75,-0.006505871152,0.6009203427,957,0.6074262139,0,15,0,0,1,0,1000.25,1000.25,0,833,872,3.845061541
943,0,1000.25,22480,0,21479.75,0,13.63360838,21479.75,13.63360838,0.1654411765,404.1654412,0,0,1,0,1000.25,1000.25,0,833,873,3.848958969
944,0,1000.25,994,0,-6.25,0,-0.003966994605,-6.25,-0.003966994605,0.4807692308,0.4807692308,0,0,1,0,1000.25,1000.25,0,833,874,3.853186369
945,0,994,2021,-6.25,1020.75,-0.003966994605,0.6478895589,1027,0.6518565535,0,16,0,0,1,0,1000.25,1000.25,0,833,875,3.857633114
946,0,1000.25,995,0,-5.25,0,-0.003332275468,-5.25,-0.003332275468,0.07720588235,0.07720588235,0,0,1,0,1000.25,1000.25,0,833,876,3.861425877
947,0,995,2088,-5.25,1087.75,-0.003332275468,0.690415741,1093,0.6937480165,0,17,0,0,1,0,1000.25,1000.25,0,833,877,3.865884066
948,0,1000.25,20544,0,19543.75,0,12.40479213,19543.75,12.40479213,0.09191176471,370.9080882,0,0,1,0,1000.25,1000.25,0,833,878,3.869842529
949,0,1000.25,998,0,-2.25,0,-0.001428118058,-2.25,-0.001428118058,0.1730769231,0.1730769231,0,0,1,0,1000.25,1000.25,0,833,879,3.873770952
950,0,998,2501,-2.25,1500.75,-0.001428118058,0.9525547445,1503,0.9539828626,0,23,0,0,1,0,1000.25,1000.25,0,833,880,3.878127098
951,0,1000.25,999,0,-1.25,0,-0.000793398921,-1.25,-0.000793398921,0.01838235294,0.01838235294,0,0,1,0,1000.25,1000.25,0,833,881,3.881972075
952,0,999,2432,-1.25,1431.75,-0.000793398921,0.9087591241,1433,0.909552523,0,22,0,0,1,0,1000.25,1000.25,0,833,882,3.885947943
953,0,1000.25,21315,0,20314.75,0,12.89416058,20314.75,12.89416058,0.03308823529,422.9669118,0,0,1,0,1000.25,1000.25,0,833,883,3.889853001
954,0,1000.25,1003,0,2.75,0,0.001745477626,2.75,0.001745477626,0.2291666667,0.2291666667,0,0,1,0,1000.25,1000.25,0,833,884,3.893979788
955,0,1000.25,1948,0,947.75,0,0.6015550619,947.75,0.6015550619,0.2291666667,15.77083333,1,2,0,0,1000.25,1000.25,0,833,885,3.898011684
956,0,1000.25,991,0,-9.25,0,-0.005871152015,-9.25,-0.005871152015,0.1360294118,0.1360294118,0,0,1,0,1000.25,1000.25,0,833,886,3.902235031
957,0,991,2696,-9.25,1695.75,-0.005871152015,1.076324976,1705,1.082196128,0,26,1,1,0,0,1000.25,1000.25,0,833,887,3.906849623
958,0,1000.25,21944,0,20943.75,0,13.29339892,20943.75,13.29339892,0.1360294118,417.1360294,0,0,1,0,1000.25,1000.25,0,833,888,3.910807848
959,0,1000.25,994,0,-6.25,0,-0.003966994605,-6.25,-0.003966994605,0.4464285714,0.4464285714,0,0,1,0,1000.25,1000.25,0,833,889,3.915076733
960,0,994,2427,-6.25,1426.75,-0.003966994605,0.9055855284,1433,0.909552523,0,22,0,0,1,0,1000.25,1000.25,0,833,890,3.919438362
961,0,1000.25,993,0,-7.25,0,-0.004601713742,-7.25,-0.004601713742,0.1066176471,0.1066176471,0,0,1,0,1000.25,1000.25,0,833,891,3.923244715
962,0,993,2834,-7.25,1833.75,-0.004601713742,1.163916217,1841,1.168517931,0,28,0,0,1,0,1000.25,1000.25,0,833,892,3.927214622
963,0,1000.25,21628,0,20627.75,0,13.09282767,20627.75,13.09282767,0.09328358209,401.9067164,0,0,1,0,1000.25,1000.25,0,833,893,3.93111968
964,0,1000.25,994,0,-6.25,0,-0.003966994605,-6.25,-0.003966994605,0.4807692308,0.4807692308,0,0,1,0,1000.25,1000.25,0,833,894,3.935194492
965,0,994,2021,-6.25,1020.75,-0.003966994605,0.6478895589,1027,0.6518565535,0,16,0,0,1,0,1000.25,1000.25,0,833,895,3.939763784
966,0,1000.25,995,0,-5.25,0,-0.003332275468,-5.25,-0.003332275468,0.07720588235,0.07720588235,0,0,1,0,1000.25,1000.25,0,833,896,3.943562508
967,0,995,2360,-5.25,1359.75,-0.003332275468,0.8630593462,1365,0.8663916217,0,21,0,0,1,0,1000.25,1000.25,0,833,897,3.947527647
968,0,1000.25,19972,0,18971.75,0,12.04173278,18971.75,12.04173278,0.09191176471,399.0919118,0,0,1,0,1000.25,1000.25,0,833,898,3.95144105
969,0,1000.25,1008,0,7.75,0,0.00491907331,7.75,0.00491907331,0.484375,0.484375,0,0,1,0,1000.25,1000.25,0,833,899,3.95568347
970,0,1000.25,2902,0,1901.75,0,1.207077118,1901.75,1.207077118,0.484375,29.515625,0,0,1,0,1000.25,1000.25,0,833,900,3.959664822
971,0,1000.25,993,0,-7.25,0,-0.004601713742,-7.25,-0.004601713742,0.1082089552,0.1082089552,0,0,1,0,1000.25,1000.25,0,833,901,3.963794708
972,0,993,2832,-7.25,1831.75,-0.004601713742,1.162646779,1839,1.167248493,0,28,0,0,1,0,1000.25,1000.25,0,833,902,3.967945814
973,0,1000.25,992,0,-8.25,0,-0.005236432878,-8.25,-0.005236432878,0.1231343284,0.1231343284,0,0,1,0,1000.25,1000.25,0,833,903,3.971771479
974,0,992,1951,-8.25,950.75,-0.005236432878,0.6034592193,959,0.6086956522,0,15,0,0,1,0,1000.25,1000.25,0,833,904,3.975924492
975,0,1000.25,21699,0,20698.75,0,13.13789273,20698.75,13.13789273,0.1066176471,399.8933824,0,0,1,0,1000.25,1000.25,0,833,905,3.979847193
976,0,1000.25,996,0,-4.25,0,-0.002697556331,-4.25,-0.002697556331,0.3035714286,0.3035714286,0,0,1,0,1000.25,1000.25,0,833,906,3.983893156
977,0,996,2701,-4.25,1700.75,-0.002697556331,1.079498572,1705,1.082196128,0,26,0,0,1,0,1000.25,1000.25,0,833,907,3.988518238
978,0,1000.25,995,0,-5.25,0,-0.003332275468,-5.25,-0.003332275468,0.07720588235,0.07720588235,0,0,1,0,1000.25,1000.25,0,833,908,3.992661238
979,0,995,2158,-5.25,1157.75,-0.003332275468,0.7348460806,1163,0.7381783561,0,18,0,0,1,0,1000.25,1000.25,0,833,909,3.996804953
980,0,1000.25,20147,0,19146.75,0,12.15280863,19146.75,12.15280863,0.0625,386.0625,0,0,1,0,1000.25,1000.25,0,833,910,4.000782013
981,0,1000.25,995,0,-5.25,0,-0.003332275468,-5.25,-0.003332275468,0.4038461538,0.4038461538,0,0,1,0,1000.25,1000.25,0,833,911,4.005112648
982,0,995,2564,-5.25,1563.75,-0.003332275468,0.9925420501,1569,0.9958743256,0,24,0,0,1,0,1000.25,1000.25,0,833,912,4.009431839
983,0,1000.25,994,0,-6.25,0,-0.003966994605,-6.25,-0.003966994605,0.09191176471,0.09191176471,0,0,1,0,1000.25,1000.25,0,833,913,4.013247013
984,0,994,2293,-6.25,1292.75,-0.003966994605,0.8205331641,1299,0.8245001587,0,20,0,0,1,0,1000.25,1000.25,0,833,914,4.0172925
985,0,1000.25,19276,0,18275.75,0,11.59996826,18275.75,11.59996826,0.07720588235,367.9227941,0,0,1,0,1000.25,1000.25,0,833,915,4.021228075
986,0,1000.25,1006,0,5.75,0,0.003649635036,5.75,0.003649635036,0.4791666667,0.4791666667,0,0,1,0,1000.25,1000.25,0,833,916,4.025295734
987,0,1000.25,2495,0,1494.75,0,0.9487464297,1494.75,0.9487464297,0.4791666667,23.52083333,0,0,1,0,1000.25,1000.25,0,833,917,4.029260635
988,0,1000.25,993,0,-7.25,0,-0.004601713742,-7.25,-0.004601713742,0.1066176471,0.1066176471,0,0,1,0,1000.25,1000.25,0,833,918,4.033619881
989,0,993,2496,-7.25,1495.75,-0.004601713742,0.9493811488,1503,0.9539828626,0,23,0,0,1,0,1000.25,1000.25,0,833,919,4.037599802
990,0,1000.25,994,0,-6.25,0,-0.003966994605,-6.25,-0.003966994605,0.09191176471,0.09191176471,0,0,1,0,1000.25,1000.25,0,833,920,4.041410208
991,0,994,1747,-6.25,746.75,-0.003966994605,0.4739765154,753,0.47794351,0,12,0,0,1,0,1000.25,1000.25,0,833,921,4.045388937
992,0,1000.25,21157,0,20156.75,0,12.79387496,20156.75,12.79387496,0.1066176471,410.1066176,0,0,1,0,1000.25,1000.25,0,833,922,4.049291611
993,0,1000.25,998,0,-2.25,0,-0.001428118058,-2.25,-0.001428118058,0.1730769231,0.1730769231,0,0,1,0,1000.25,1000.25,0,833,923,4.05351758
994,0,998,2365,-2.25,1364.75,-0.001428118058,0.8662329419,1367,0.86766106,0,21,0,0,1,0,1000.25,1000.25,0,833,924,4.057945251
995,0,1000.25,999,0,-1.25,0,-0.000793398921,-1.25,-0.000793398921,0.01838235294,0.01838235294,0,0,1,0,1000.25,1000.25,0,833,925,4.061942339
996,0,999,1616,-1.25,615.75,-0.000793398921,0.3908283085,617,0.3916217074,0,10,0,0,1,0,1000.25,1000.25,0,833,926,4.066447258
997,0,1000.25,20474,0,19473.75,0,12.36036179,19473.75,12.36036179,0.03308823529,389.0330882,0,0,1,0,1000.25,1000.25,0,833,927,4.070444345
998,0,1000.25,998,0,-2.25,0,-0.001428118058,-2.25,-0.001428118058,0.1730769231,0.1730769231,0,0,1,0,1000.25,1000.25,0,833,928,4.074714184
999,0,998,1957,-2.25,956.75,-0.001428118058,0.6072675341,959,0.6086956522,0,15,0,0,1,0,1000.25,1000.25,0,833,929,4.079118729
1000,0,1000.25,999,0,-1.25,0,-0.000793398921,-1.25,-0.000793398921,0.01838235294,0.01838235294,0,0,1,0,1000.25,1000.25,0,833,930,4.082927465
1001,0,999,2092,-1.25,1091.75,-0.000793398921,0.6929546176,1093,0.6937480165,0,17,0,0,1,0,1000.25,1000.25,0,833,931,4.087367058
1002,0,1000.25,23884,0,22883.75,0,14.52475405,22883.75,14.52475405,0.03308823529,423.0330882,0,0,1,0,1000.25,1000.25,0,833,932,4.091325045
1003,0,1000.25,1004,0,3.75,0,0.002380196763,3.75,0.002380196763,0.3125,0.3125,0,0,1,0,1000.25,1000.25,0,833,933,4.095527172
1004,0,1000.25,2833,0,1832.75,0,1.163281498,1832.75,1.163281498,0.3125,28.6875,0,0,1,0,1000.25,1000.25,0,833,934,4.099430323
1005,0,1000.25,993,0,-7.25,0,-0.004601713742,-7.25,-0.004601713742,0.1082089552,0.1082089552,0,0,1,0,1000.25,1000.25,0,833,935,4.10376811
1006,0,993,2765,-7.25,1764.75,-0.004601713742,1.120120597,1772,1.12472231,0,27,0,0,1,0,1000.25,1000.25,0,833,936,4.10791254
1007,0,1000.25,992,0,-8.25,0,-0.005236432878,-8.25,-0.005236432878,0.1231343284,0.1231343284,0,0,1,0,1000.25,1000.25,0,833,937,4.11178422
1008,0,992,2155,-8.25,1154.75,-0.005236432878,0.7329419232,1163,0.7381783561,0,18,0,0,1,0,1000.25,1000.25,0,833,938,4.115919352
1009,0,1000.25,20744,0,19743.75,0,12.53173596,19743.75,12.53173596,0.1066176471,382.1066176,0,0,1,0,1000.25,1000.25,0,833,939,4.11992836
1010,0,1000.25,1004,0,3.75,0,0.002380196763,3.75,0.002380196763,0.25,0.25,0,0,1,0,1000.25,1000.25,0,833,940,4.124201536
1011,0,1000.25,2759,0,1758.75,0,1.116312282,1758.75,1.116312282,0.25,27.75,1,1,0,0,1000.25,1000.25,0,833,941,4.128185987
1012,0,1000.25,989,0,-11.25,0,-0.007140590289,-11.25,-0.007140590289,0.1679104478,0.1679104478,0,0,1,0,1000.25,1000.25,0,833,942,4.132388353
1013,0,989,2560,-11.25,1559.75,-0.007140590289,0.9900031736,1571,0.9971437639,0,24,0,0,1,0,1000.25,1000.25,0,833,943,4.136987448
1014,0,1000.25,990,0,-10.25,0,-0.006505871152,-10.25,-0.006505871152,0.1507352941,0.1507352941,0,0,1,0,1000.25,1000.25,0,833,944,4.140826702
1015,0,990,1607,-10.25,606.75,-0.006505871152,0.3851158362,617,0.3916217074,0,10,0,0,1,0,1000.25,1000.25,0,833,945,4.144957781
1016,0,1000.25,21680,0,20679.75,0,13.12583307,20679.75,13.12583307,0.1654411765,405.1654412,0,0,1,0,1000.25,1000.25,0,833,946,4.148888111
1017,0,1000.25,1002,0,1.75,0,0.001110758489,1.75,0.001110758489,0.1346153846,0.1346153846,0,0,1,0,1000.25,1000.25,0,833,947,4.153324842
1018,0,1000.25,2761,0,1760.75,0,1.11758172,1760.75,1.11758172,0.1346153846,27.86538462,0,0,1,0,1000.25,1000.25,0,833,948,4.157382727
1019,0,1000.25,990,0,-10.25,0,-0.006505871152,-10.25,-0.006505871152,0.1529850746,0.1529850746,0,0,1,0,1000.25,1000.25,0,833,949,4.161702394
1020,0,990,2695,-10.25,1694.75,-0.006505871152,1.075690257,1705,1.082196128,0,26,0,0,1,0,1000.25,1000.25,0,833,950,4.165780306
1021,0,1000.25,989,0,-11.25,0,-0.007140590289,-11.25,-0.007140590289,0.1654411765,0.1654411765,0,0,1,0,1000.25,1000.25,0,833,951,4.169699669
1022,0,989,2830,-11.25,1829.75,-0.007140590289,1.161377341,1841,1.168517931,0,28,0,0,1,0,1000.25,1000.25,0,833,952,4.173811197
1023,0,1000.25,22155,0,21154.75,0,13.42732466,21154.75,13.42732466,0.1529850746,413.1529851,0,0,1,0,1000.25,1000.25,0,833,953,4.177763939
1024,0,1000.25,1003,0,2.75,0,0.001745477626,2.75,0.001745477626,0.1964285714,0.1964285714,0,0,1,0,1000.25,1000.25,0,833,954,4.181957483
1025,0,1000.25,1741,0,740.75,0,0.4701682006,740.75,0.4701682006,0.1964285714,12.80357143,1,1,0,0,1000.25,1000.25,0,833,955,4.185852528
1026,0,1000.25,989,0,-11.25,0,-0.007140590289,-11.25,-0.007140590289,0.1654411765,0.1654411765,0,0,1,0,1000.25,1000.25,0,833,956,4.19016552
1027,0,989,2014,-11.25,1013.75,-0.007140590289,0.6434465249,1025,0.6505871152,0,16,1,1,0,0,1000.25,1000.25,0,833,957,4.194538116
1028,0,1000.25,20696,0,19695.75,0,12.50126944,19695.75,12.50126944,0.1654411765,378.8345588,0,0,1,0,1000.25,1000.25,0,833,958,4.198536634
1029,0,1000.25,1001,0,0.75,0,0.0004760393526,0.75,0.0004760393526,0.05357142857,0.05357142857,0,0,1,0,1000.25,1000.25,0,833,959,4.202657938
1030,0,1000.25,2351,0,1350.75,0,0.857346874,1350.75,0.857346874,0.05357142857,21.94642857,0,0,1,0,1000.25,1000.25,0,833,960,4.206616879
1031,0,1000.25,987,0,-13.25,0,-0.008410028562,-13.25,-0.008410028562,0.3955223881,0.3955223881,0,0,1,0,1000.25,1000.25,0,833,961,4.210808516
1032,0,987,2216,-13.25,1215.75,-0.008410028562,0.7716597905,1229,0.7800698191,0,19,0,0,1,0,1000.25,1000.25,0,833,962,4.21518755
1033,0,1000.25,20270,0,19269.75,0,12.23087909,19269.75,12.23087909,0.3897058824,390.6102941,0,0,1,0,1000.25,1000.25,0,833,963,4.219146252
1034,0,1000.25,998,0,-2.25,0,-0.001428118058,-2.25,-0.001428118058,0.1730769231,0.1730769231,0,0,1,0,1000.25,1000.25,0,833,964,4.223285675
1035,0,998,2365,-2.25,1364.75,-0.001428118058,0.8662329419,1367,0.86766106,0,21,0,0,1,0,1000.25,1000.25,0,833,965,4.227712393
1036,0,1000.25,999,0,-1.25,0,-0.000793398921,-1.25,-0.000793398921,0.01838235294,0.01838235294,0,0,1,0,1000.25,1000.25,0,833,966,4.231521845
1037,0,999,2228,-1.25,1227.75,-0.000793398921,0.7792764202,1229,0.7800698191,0,19,0,0,1,0,1000.25,1000.25,0,833,967,4.235503435
1038,0,1000.25,22129,0,21128.75,0,13.41082196,21128.75,13.41082196,0.03308823529,405.0330882,0,0,1,0,1000.25,1000.25,0,833,968,4.239464283
1039,0,1000.25,998,0,-2.25,0,-0.001428118058,-2.25,-0.001428118058,0.1607142857,0.1607142857,0,0,1,0,1000.25,1000.25,0,833,969,4.243678808
1040,0,998,2227,-2.25,1226.75,-0.001428118058,0.778641701,1229,0.7800698191,0,19,0,0,1,0,1000.25,1000.25,0,833,970,4.24804616
1041,0,1000.25,21270,0,20269.75,0,12.86559822,20269.75,12.86559822,0.06617647059,411,0,0,1,0,1000.25,1000.25,0,833,971,4.251989126
1042,0,1000.25,1002,0,1.75,0,0.001110758489,1.75,0.001110758489,0.1346153846,0.1346153846,0,0,1,0,1000.25,1000.25,0,833,972,4.256123781
1043,0,1000.25,2355,0,1354.75,0,0.8598857506,1354.75,0.8598857506,0.1346153846,20.86538462,0,0,1,0,1000.25,1000.25,0,833,973,4.260025263
1044,0,1000.25,989,0,-11.25,0,-0.007140590289,-11.25,-0.007140590289,0.1654411765,0.1654411765,0,0,1,0,1000.25,1000.25,0,833,974,4.264305353
1045,0,989,2560,-11.25,1559.75,-0.007140590289,0.9900031736,1571,0.9971437639,0,24,0,0,1,0,1000.25,1000.25,0,833,975,4.268276215
1046,0,1000.25,990,0,-10.25,0,-0.006505871152,-10.25,-0.006505871152,0.1507352941,0.1507352941,0,0,1,0,1000.25,1000.25,0,833,976,4.272092581
1047,0,990,1879,-10.25,878.75,-0.006505871152,0.5577594414,889,0.5642653126,0,14,0,0,1,0,1000.25,1000.25,0,833,977,4.276068211
1048,0,1000.25,22989,0,21988.75,0,13.95668042,21988.75,13.95668042,0.1654411765,420.8345588,0,0,1,0,1000.25,1000.25,0,833,978,4.279972553
1049,0,1000.25,1002,0,1.75,0,0.001110758489,1.75,0.001110758489,0.1346153846,0.1346153846,0,0,1,0,1000.25,1000.25,0,833,979,4.283950806
1050,0,1000.25,1947,0,946.75,0,0.6009203427,946.75,0.6009203427,0.1346153846,15.86538462,0,0,1,0,1000.25,1000.25,0,833,980,4.287902832
1051,0,1000.25,988,0,-12.25,0,-0.007775309426,-12.25,-0.007775309426,0.1801470588,0.1801470588,0,0,1,0,1000.25,1000.25,0,833,981,4.292128563
1052,0,988,2083,-12.25,1082.75,-0.007775309426,0.6872421454,1095,0.6950174548,0,17,0,0,1,0,1000.25,1000.25,0,833,982,4.296169519
1053,0,1000.25,989,0,-11.25,0,-0.007140590289,-11.25,-0.007140590289,0.1654411765,0.1654411765,0,0,1,0,1000.25,1000.25,0,833,983,4.300010443
1054,0,989,1810,-11.25,809.75,-0.007140590289,0.513963821,821,0.5211044113,0,13,0,0,1,0,1000.25,1000.25,0,833,984,4.304054976
1055,0,1000.25,21363,0,20362.75,0,12.9246271,20362.75,12.9246271,0.1801470588,423.8198529,0,0,1,0,1000.25,1000.25,0,833,985,4.307990551
1056,0,1000.25,1004,0,3.75,0,0.002380196763,3.75,0.002380196763,0.2884615385,0.2884615385,0,0,1,0,1000.25,1000.25,0,833,986,4.312065363
1057,0,1000.25,2087,0,1086.75,0,0.6897810219,1086.75,0.6897810219,0.2884615385,17.71153846,0,0,1,0,1000.25,1000.25,0,833,987,4.31628561
1058,0,1000.25,992,0,-8.25,0,-0.005236432878,-8.25,-0.005236432878,0.1213235294,0.1213235294,0,0,1,0,1000.25,1000.25,0,833,988,4.320560455
1059,0,992,1881,-8.25,880.75,-0.005236432878,0.5590288797,889,0.5642653126,0,14,0,0,1,0,1000.25,1000.25,0,833,989,4.325023174
1060,0,1000.25,991,0,-9.25,0,-0.005871152015,-9.25,-0.005871152015,0.1360294118,0.1360294118,0,0,1,0,1000.25,1000.25,0,833,990,4.328988314
1061,0,991,1882,-9.25,881.75,-0.005871152015,0.5596635989,891,0.5655347509,0,14,0,0,1,0,1000.25,1000.25,0,833,991,4.333476543
1062,0,1000.25,20857,0,19856.75,0,12.60345922,19856.75,12.60345922,0.1213235294,398.1213235,0,0,1,0,1000.25,1000.25,0,833,992,4.337518692
1063,0,1000.25,1006,0,5.75,0,0.003649635036,5.75,0.003649635036,0.4791666667,0.4791666667,0,0,1,0,1000.25,1000.25,0,833,993,4.341834068
1064,0,1000.25,2089,0,1088.75,0,0.6910504602,1088.75,0.6910504602,0.4791666667,17.52083333,0,0,1,0,1000.25,1000.25,0,833,994,4.346198797
1065,0,1000.25,995,0,-5.25,0,-0.003332275468,-5.25,-0.003332275468,0.07720588235,0.07720588235,0,0,1,0,1000.25,1000.25,0,833,995,4.350521564
1066,0,995,2834,-5.25,1833.75,-0.003332275468,1.163916217,1839,1.167248493,0,28,0,0,1,0,1000.25,1000.25,0,833,996,4.354971409
1067,0,1000.25,994,0,-6.25,0,-0.003966994605,-6.25,-0.003966994605,0.09328358209,0.09328358209,0,0,1,0,1000.25,1000.25,0,833,997,4.358902216
1068,0,994,2225,-6.25,1224.75,-0.003966994605,0.7773722628,1231,0.7813392574,0,19,0,0,1,0,1000.25,1000.25,0,833,998,4.36313796
1069,0,1000.25,20951,0,19950.75,0,12.66312282,19950.75,12.66312282,0.07720588235,406.0772059,0,0,1,0,1000.25,1000.25,0,833,999,4.367110729
1070,0,1000.25,994,0,-6.25,0,-0.003966994605,-6.25,-0.003966994605,0.5,0.5,0,0,1,0,1000.25,1000.25,0,833,1000,4.371442795
1071,0,994,1679,-6.25,678.75,-0.003966994605,0.4308156141,685,0.4347826087,0,11,0,0,1,0,1000.25,1000.25,0,833,1001,4.375880003
1072,0,1000.25,993,0,-7.25,0,-0.004601713742,-7.25,-0.004601713742,0.1066176471,0.1066176471,0,0,1,0,1000.25,1000.25,0,833,1002,4.379704952
1073,0,993,1748,-7.25,747.75,-0.004601713742,0.4746112345,755,0.4792129483,0,12,0,0,1,0,1000.25,1000.25,0,833,1003,4.383693457
1074,0,1000.25,22808,0,21807.75,0,13.84179626,21807.75,13.84179626,0.09191176471,426.9080882,0,0,1,0,1000.25,1000.25,0,833,1004,4.387613773
1075,0,1000.25,1002,0,1.75,0,0.001110758489,1.75,0.001110758489,0.1346153846,0.1346153846,0,0,1,0,1000.25,1000.25,0,833,1005,4.391663551
1076,0,1000.25,2762,0,1761.75,0,1.118216439,1761.75,1.118216439,0.1346153846,27.86538462,0,0,1,0,1000.25,1000.25,0,833,1006,4.39566946
1077,0,1000.25,988,0,-12.25,0,-0.007775309426,-12.25,-0.007775309426,0.1828358209,0.1828358209,0,0,1,0,1000.25,1000.25,0,833,1007,4.399893522
1078,0,988,2559,-12.25,1558.75,-0.007775309426,0.9893684545,1571,0.9971437639,0,24,0,0,1,0,1000.25,1000.25,0,833,1008,4.403904438
1079,0,1000.25,989,0,-11.25,0,-0.007140590289,-11.25,-0.007140590289,0.1654411765,0.1654411765,0,0,1,0,1000.25,1000.25,0,833,1009,4.407726288
1080,0,989,2828,-11.25,1827.75,-0.007140590289,1.160107902,1839,1.167248493,0,28,0,0,1,0,1000.25,1000.25,0,833,1010,4.412145853
1081,0,1000.25,18893,0,17892.75,0,11.35687083,17892.75,11.35687083,0.1828358209,352.1828358,0,0,1,0,1000.25,1000.25,0,833,1011,4.416121483
1082,0,1000.25,1001,0,0.75,0,0.0004760393526,0.75,0.0004760393526,0.05769230769,0.05769230769,0,0,1,0,1000.25,1000.25,0,833,1012,4.420305014
1083,0,1000.25,2220,0,1219.75,0,0.7741986671,1219.75,0.7741986671,0.05769230769,19.94230769,0,0,1,0,1000.25,1000.25,0,833,1013,4.424259901
1084,0,1000.25,989,0,-11.25,0,-0.007140590289,-11.25,-0.007140590289,0.1654411765,0.1654411765,0,0,1,0,1000.25,1000.25,0,833,1014,4.428378105
1085,0,989,2626,-11.25,1625.75,-0.007140590289,1.031894637,1637,1.039035227,0,25,0,0,1,0,1000.25,1000.25,0,833,1015,4.432519436
1086,0,1000.25,988,0,-12.25,0,-0.007775309426,-12.25,-0.007775309426,0.1801470588,0.1801470588,0,0,1,0,1000.25,1000.25,0,833,1016,4.436639547
1087,0,988,2898,-12.25,1897.75,-0.007775309426,1.204538242,1910,1.212313551,0,29,0,0,1,0,1000.25,1000.25,0,833,1017,4.440787315
1088,0,1000.25,22082,0,21081.75,0,13.38099016,21081.75,13.38099016,0.1679104478,392.8320896,0,0,1,0,1000.25,1000.25,0,833,1018,4.444758177
1089,0,1000.25,997,0,-3.25,0,-0.002062837195,-3.25,-0.002062837195,0.2321428571,0.2321428571,0,0,1,0,1000.25,1000.25,0,833,1019,4.44865942
1090,0,997,2972,-3.25,1971.75,-0.002062837195,1.251507458,1975,1.253570295,0,30,0,0,1,0,1000.25,1000.25,0,833,1020,4.453354359
1091,0,1000.25,996,0,-4.25,0,-0.002697556331,-4.25,-0.002697556331,0.06343283582,0.06343283582,0,0,1,0,1000.25,1000.25,0,833,1021,4.457210302
1092,0,996,2363,-4.25,1362.75,-0.002697556331,0.8649635036,1367,0.86766106,0,21,0,0,1,0,1000.25,1000.25,0,833,1022,4.461305141
1093,0,1000.25,24116,0,23115.75,0,14.67200889,23115.75,14.67200889,0.04779411765,445.0477941,0,0,1,0,1000.25,1000.25,0,833,1023,4.46525526
1094,0,1000.25,1003,0,2.75,0,0.001745477626,2.75,0.001745477626,0.2115384615,0.2115384615,0,0,1,0,1000.25,1000.25,0,833,1024,4.46949625
1095,0,1000.25,1811,0,810.75,0,0.5145985401,810.75,0.5145985401,0.2115384615,13.78846154,0,0,1,0,1000.25,1000.25,0,833,1025,4.473395109
1096,0,1000.25,989,0,-11.25,0,-0.007140590289,-11.25,-0.007140590289,0.1654411765,0.1654411765,0,0,1,0,1000.25,1000.25,0,833,1026,4.477544785
1097,0,989,2220,-11.25,1219.75,-0.007140590289,0.7741986671,1231,0.7813392574,0,19,0,0,1,0,1000.25,1000.25,0,833,1027,4.481523991
1098,0,1000.25,990,0,-10.25,0,-0.006505871152,-10.25,-0.006505871152,0.1507352941,0.1507352941,0,0,1,0,1000.25,1000.25,0,833,1028,4.485337257
1099,0,990,2151,-10.25,1150.75,-0.006505871152,0.7304030467,1161,0.7369089178,0,18,0,0,1,0,1000.25,1000.25,0,833,1029,4.489308119
1100,0,1000.25,23170,0,22169.75,0,14.07156458,22169.75,14.07156458,0.1654411765,434.8345588,0,0,1,0,1000.25,1000.25,0,833,1030,4.493214607
1101,0,1000.25,999,0,-1.25,0,-0.000793398921,-1.25,-0.000793398921,0.1041666667,0.1041666667,0,0,1,0,1000.25,1000.25,0,833,1031,4.497254848
1102,0,999,2026,-1.25,1025.75,-0.000793398921,0.6510631546,1027,0.6518565535,0,16,0,0,1,0,1000.25,1000.25,0,833,1032,4.501657486
1103,0,1000.25,1000,0,-0.25,0,-0.0001586797842,-0.25,-0.0001586797842,0.003676470588,0.003676470588,0,0,1,0,1000.25,1000.25,0,833,1033,4.505472183
1104,0,1000,2297,-0.25,1296.75,-0.0001586797842,0.8230720406,1297,0.8232307204,0,20,0,0,1,0,1000.25,1000.25,0,833,1034,4.509441376
1105,0,1000.25,19998,0,18997.75,0,12.05823548,18997.75,12.05823548,0.01838235294,366.0183824,0,0,1,0,1000.25,1000.25,0,833,1035,4.513344049
1106,0,1000.25,999,0,-1.25,0,-0.000793398921,-1.25,-0.000793398921,0.1041666667,0.1041666667,0,0,1,0,1000.25,1000.25,0,833,1036,4.517585278
1107,0,999,2434,-1.25,1433.75,-0.000793398921,0.9100285624,1435,0.9108219613,0,22,0,0,1,0,1000.25,1000.25,0,833,1037,4.522164822
1108,0,1000.25,1000,0,-0.25,0,-0.0001586797842,-0.25,-0.0001586797842,0.003676470588,0.003676470588,0,0,1,0,1000.25,1000.25,0,833,1038,4.526010275
1109,0,1000,1821,-0.25,820.75,-0.0001586797842,0.5209457315,821,0.5211044113,0,13,0,0,1,0,1000.25,1000.25,0,833,1039,4.530140162
1110,0,1000.25,22589,0,21588.75,0,13.70279276,21588.75,13.70279276,0.01838235294,417.9816176,0,0,1,0,1000.25,1000.25,0,833,1040,4.534095287
1111,0,1000.25,996,0,-4.25,0,-0.002697556331,-4.25,-0.002697556331,0.3035714286,0.3035714286,0,0,1,0,1000.25,1000.25,0,833,1041,4.538067579
1112,0,996,2635,-4.25,1634.75,-0.002697556331,1.037607109,1639,1.040304665,0,25,0,0,1,0,1000.25,1000.25,0,833,1042,4.542343855
1113,0,1000.25,997,0,-3.25,0,-0.002062837195,-3.25,-0.002062837195,0.04779411765,0.04779411765,0,0,1,0,1000.25,1000.25,0,833,1043,4.546169043
1114,0,997,1954,-3.25,953.75,-0.002062837195,0.6053633767,957,0.6074262139,0,15,0,0,1,0,1000.25,1000.25,0,833,1044,4.55015707
1115,0,1000.25,22541,0,21540.75,0,13.67232625,21540.75,13.67232625,0.0625,410.0625,0,0,1,0,1000.25,1000.25,0,833,1045,4.554063797
1116,0,1000.25,1003,0,2.75,0,0.001745477626,2.75,0.001745477626,0.2115384615,0.2115384615,0,0,1,0,1000.25,1000.25,0,833,1046,4.55820775
1117,0,1000.25,2084,0,1083.75,0,0.6878768645,1083.75,0.6878768645,0.2115384615,17.78846154,0,0,1,0,1000.25,1000.25,0,833,1047,4.562206984
1118,0,1000.25,991,0,-9.25,0,-0.005871152015,-9.25,-0.005871152015,0.1360294118,0.1360294118,0,0,1,0,1000.25,1000.25,0,833,1048,4.566381454
1119,0,991,1948,-9.25,947.75,-0.005871152015,0.6015550619,957,0.6074262139,0,15,0,0,1,0,1000.25,1000.25,0,833,1049,4.570879698
1120,0,1000.25,990,0,-10.25,0,-0.006505871152,-10.25,-0.006505871152,0.1507352941,0.1507352941,0,0,1,0,1000.25,1000.25,0,833,1050,4.574837446
1121,0,990,2697,-10.25,1696.75,-0.006505871152,1.076959695,1707,1.083465566,0,26,0,0,1,0,1000.25,1000.25,0,833,1051,4.579328537
1122,0,1000.25,21170,0,20169.75,0,12.80212631,20169.75,12.80212631,0.1360294118,403.1360294,0,0,1,0,1000.25,1000.25,0,833,1052,4.583372593
1123,0,1000.25,995,0,-5.25,0,-0.003332275468,-5.25,-0.003332275468,0.4038461538,0.4038461538,0,0,1,0,1000.25,1000.25,0,833,1053,4.587636948
1124,0,995,2769,-5.25,1768.75,-0.003332275468,1.122659473,1774,1.125991749,0,27,0,0,1,0,1000.25,1000.25,0,833,1054,4.592010975
1125,0,1000.25,996,0,-4.25,0,-0.002697556331,-4.25,-0.002697556331,0.06343283582,0.06343283582,0,0,1,0,1000.25,1000.25,0,833,1055,4.595868587
1126,0,996,2701,-4.25,1700.75,-0.002697556331,1.079498572,1705,1.082196128,0,26,0,0,1,0,1000.25,1000.25,0,833,1056,4.599872828
1127,0,1000.25,20190,0,19189.75,0,12.18010156,19189.75,12.18010156,0.07720588235,377.0772059,0,0,1,0,1000.25,1000.25,0,833,1057,4.603782415
1128,0,1000.25,999,0,-1.25,0,-0.000793398921,-1.25,-0.000793398921,0.08928571429,0.08928571429,0,0,1,0,1000.25,1000.25,0,833,1058,4.607997179
1129,0,999,2366,-1.25,1365.75,-0.000793398921,0.8668676611,1367,0.86766106,0,21,0,0,1,0,1000.25,1000.25,0,833,1059,4.612476349
1130,0,1000.25,1000,0,-0.25,0,-0.0001586797842,-0.25,-0.0001586797842,0.003676470588,0.003676470588,0,0,1,0,1000.25,1000.25,0,833,1060,4.616407394
1131,0,1000,2229,-0.25,1228.75,-0.0001586797842,0.7799111393,1229,0.7800698191,0,19,0,0,1,0,1000.25,1000.25,0,833,1061,4.620491982
1132,0,1000.25,19538,0,18537.75,0,11.76626468,18537.75,11.76626468,0.01838235294,386.0183824,0,0,1,0,1000.25,1000.25,0,833,1062,4.62443471
1133,0,1000.25,995,0,-5.25,0,-0.003332275468,-5.25,-0.003332275468,0.4375,0.4375,0,0,1,0,1000.25,1000.25,0,833,1063,4.628829718
1134,0,995,2498,-5.25,1497.75,-0.003332275468,0.9506505871,1503,0.9539828626,0,23,0,0,1,0,1000.25,1000.25,0,833,1064,4.633409977
1135,0,1000.25,996,0,-4.25,0,-0.002697556331,-4.25,-0.002697556331,0.0625,0.0625,0,0,1,0,1000.25,1000.25,0,833,1065,4.637252569
1136,0,996,2021,-4.25,1020.75,-0.002697556331,0.6478895589,1025,0.6505871152,0,16,0,0,1,0,1000.25,1000.25,0,833,1066,4.641225338
1137,0,1000.25,21824,0,20823.75,0,13.21723262,20823.75,13.21723262,0.07720588235,404.0772059,0,0,1,0,1000.25,1000.25,0,833,1067,4.645128012
1138,0,1000.25,1004,0,3.75,0,0.002380196763,3.75,0.002380196763,0.25,0.25,0,0,1,0,1000.25,1000.25,0,833,1068,4.649367094
1139,0,1000.25,1675,0,674.75,0,0.4282767375,674.75,0.4282767375,0.25,10.75,0,0,1,0,1000.25,1000.25,0,833,1069,4.653479338
1140,0,1000.25,989,0,-11.25,0,-0.007140590289,-11.25,-0.007140590289,0.1654411765,0.1654411765,0,0,1,0,1000.25,1000.25,0,833,1070,4.657731533
1141,0,989,2830,-11.25,1829.75,-0.007140590289,1.161377341,1841,1.168517931,0,28,0,0,1,0,1000.25,1000.25,0,833,1071,4.661756277
1142,0,1000.25,990,0,-10.25,0,-0.006505871152,-10.25,-0.006505871152,0.1529850746,0.1529850746,0,0,1,0,1000.25,1000.25,0,833,1072,4.665602684
1143,0,990,1811,-10.25,810.75,-0.006505871152,0.5145985401,821,0.5211044113,0,13,0,0,1,0,1000.25,1000.25,0,833,1073,4.669737339
1144,0,1000.25,21078,0,20077.75,0,12.74373215,20077.75,12.74373215,0.1654411765,398.8345588,0,0,1,0,1000.25,1000.25,0,833,1074,4.673681736
1145,0,1000.25,998,0,-2.25,0,-0.001428118058,-2.25,-0.001428118058,0.1730769231,0.1730769231,0,0,1,0,1000.25,1000.25,0,833,1075,4.677633762
1146,0,998,1889,-2.25,888.75,-0.001428118058,0.5641066328,891,0.5655347509,0,14,0,0,1,0,1000.25,1000.25,0,833,1076,4.681946278
1147,0,1000.25,999,0,-1.25,0,-0.000793398921,-1.25,-0.000793398921,0.01838235294,0.01838235294,0,0,1,0,1000.25,1000.25,0,833,1077,4.68576479
1148,0,999,1956,-1.25,955.75,-0.000793398921,0.606632815,957,0.6074262139,0,15,0,0,1,0,1000.25,1000.25,0,833,1078,4.689886093
1149,0,1000.25,22880,0,21879.75,0,13.88749603,21879.75,13.88749603,0.03308823529,411.0330882,0,0,1,0,1000.25,1000.25,0,833,1079,4.693837404
1150,0,1000.25,994,0,-6.25,0,-0.003966994605,-6.25,-0.003966994605,0.4807692308,0.4807692308,0,0,1,0,1000.25,1000.25,0,833,1080,4.698013544
1151,0,994,2497,-6.25,1496.75,-0.003966994605,0.950015868,1503,0.9539828626,0,23,0,0,1,0,1000.25,1000.25,0,833,1081,4.702368021
1152,0,1000.25,995,0,-5.25,0,-0.003332275468,-5.25,-0.003332275468,0.07720588235,0.07720588235,0,0,1,0,1000.25,1000.25,0,833,1082,4.706264973
1153,0,995,2156,-5.25,1155.75,-0.003332275468,0.7335766423,1161,0.7369089178,0,18,0,0,1,0,1000.25,1000.25,0,833,1083,4.710245371
1154,0,1000.25,21270,0,20269.75,0,12.86559822,20269.75,12.86559822,0.09191176471,402.9080882,0,0,1,0,1000.25,1000.25,0,833,1084,4.714168072
1155,0,1000.25,1006,0,5.75,0,0.003649635036,5.75,0.003649635036,0.4423076923,0.4423076923,0,0,1,0,1000.25,1000.25,0,833,1085,4.718232155
1156,0,1000.25,2497,0,1496.75,0,0.950015868,1496.75,0.950015868,0.4423076923,23.55769231,0,0,1,0,1000.25,1000.25,0,833,1086,4.722278357
1157,0,1000.25,994,0,-6.25,0,-0.003966994605,-6.25,-0.003966994605,0.09191176471,0.09191176471,0,0,1,0,1000.25,1000.25,0,833,1087,4.726484776
1158,0,994,2155,-6.25,1154.75,-0.003966994605,0.7329419232,1161,0.7369089178,0,18,0,0,1,0,1000.25,1000.25,0,833,1088,4.730467081
1159,0,1000.25,993,0,-7.25,0,-0.004601713742,-7.25,-0.004601713742,0.1066176471,0.1066176471,0,0,1,0,1000.25,1000.25,0,833,1089,4.734291077
1160,0,993,2020,-7.25,1019.75,-0.004601713742,0.6472548397,1027,0.6518565535,0,16,0,0,1,0,1000.25,1000.25,0,833,1090,4.73826766
1161,0,1000.25,20632,0,19631.75,0,12.46064741,19631.75,12.46064741,0.09191176471,384.9080882,0,0,1,0,1000.25,1000.25,0,833,1091,4.742174625
1162,0,1000.25,999,0,-1.25,0,-0.000793398921,-1.25,-0.000793398921,0.1041666667,0.1041666667,0,0,1,0,1000.25,1000.25,0,833,1092,4.746218443
1163,0,999,2636,-1.25,1635.75,-0.000793398921,1.038241828,1637,1.039035227,0,25,0,0,1,0,1000.25,1000.25,0,833,1093,4.7505548
1164,0,1000.25,998,0,-2.25,0,-0.001428118058,-2.25,-0.001428118058,0.03308823529,0.03308823529,0,0,1,0,1000.25,1000.25,0,833,1094,4.754385233
1165,0,998,2772,-2.25,1771.75,-0.001428118058,1.124563631,1774,1.125991749,0,27,0,0,1,0,1000.25,1000.25,0,833,1095,4.758355379
1166,0,1000.25,21545,0,20544.75,0,13.04014599,20544.75,13.04014599,0.01865671642,400.9813433,0,0,1,0,1000.25,1000.25,0,833,1096,4.762275219
1167,0,1000.25,997,0,-3.25,0,-0.002062837195,-3.25,-0.002062837195,0.2708333333,0.2708333333,0,0,1,0,1000.25,1000.25,0,833,1097,4.766373158
1168,0,997,2430,-3.25,1429.75,-0.002062837195,0.9074896858,1433,0.909552523,0,22,0,0,1,0,1000.25,1000.25,0,833,1098,4.770786762
1169,0,1000.25,996,0,-4.25,0,-0.002697556331,-4.25,-0.002697556331,0.0625,0.0625,0,0,1,0,1000.25,1000.25,0,833,1099,4.774606228
1170,0,996,2567,-4.25,1566.75,-0.002697556331,0.9944462076,1571,0.9971437639,0,24,0,0,1,0,1000.25,1000.25,0,833,1100,4.77892971
1171,0,1000.25,21272,0,20271.75,0,12.86686766,20271.75,12.86686766,0.04779411765,396.0477941,0,0,1,0,1000.25,1000.25,0,833,1101,4.782884598
1172,0,1000.25,1005,0,4.75,0,0.0030149159,4.75,0.0030149159,0.3653846154,0.3653846154,0,0,1,0,1000.25,1000.25,0,833,1102,4.787116766
1173,0,1000.25,2494,0,1493.75,0,0.9481117106,1493.75,0.9481117106,0.3653846154,23.63461538,0,0,1,0,1000.25,1000.25,0,833,1103,4.791062117
1174,0,1000.25,991,0,-9.25,0,-0.005871152015,-9.25,-0.005871152015,0.1360294118,0.1360294118,0,0,1,0,1000.25,1000.25,0,833,1104,4.795474768
1175,0,991,1678,-9.25,677.75,-0.005871152015,0.430180895,687,0.436052047,0,11,0,0,1,0,1000.25,1000.25,0,833,1105,4.799897671
1176,0,1000.25,992,0,-8.25,0,-0.005236432878,-8.25,-0.005236432878,0.1213235294,0.1213235294,0,0,1,0,1000.25,1000.25,0,833,1106,4.803770065
1177,0,992,1677,-8.25,676.75,-0.005236432878,0.4295461758,685,0.4347826087,0,11,0,0,1,0,1000.25,1000.25,0,833,1107,4.808166981
1178,0,1000.25,21065,0,20064.75,0,12.7354808,20064.75,12.7354808,0.1360294118,404.1360294,0,0,1,0,1000.25,1000.25,0,833,1108,4.812131405
1179,0,1000.25,1005,0,4.75,0,0.0030149159,4.75,0.0030149159,0.3392857143,0.3392857143,0,0,1,0,1000.25,1000.25,0,833,1109,4.816375256
1180,0,1000.25,1743,0,742.75,0,0.4714376388,742.75,0.4714376388,0.3392857143,12.66071429,0,0,1,0,1000.25,1000.25,0,833,1110,4.820362329
1181,0,1000.25,990,0,-10.25,0,-0.006505871152,-10.25,-0.006505871152,0.1507352941,0.1507352941,0,0,1,0,1000.25,1000.25,0,833,1111,4.824637651
1182,0,990,2900,-10.25,1899.75,-0.006505871152,1.20580768,1910,1.212313551,0,29,0,0,1,0,1000.25,1000.25,0,833,1112,4.828956127
1183,0,1000.25,991,0,-9.25,0,-0.005871152015,-9.25,-0.005871152015,0.1380597015,0.1380597015,0,0,1,0,1000.25,1000.25,0,833,1113,4.832842112
1184,0,991,2492,-9.25,1491.75,-0.005871152015,0.9468422723,1501,0.9527134243,0,23,0,0,1,0,1000.25,1000.25,0,833,1114,4.837254763
1185,0,1000.25,18831,0,17830.75,0,11.31751825,17830.75,11.31751825,0.1507352941,358.1507353,0,0,1,0,1000.25,1000.25,0,833,1115,4.841215372
1186,0,1000.25,1010,0,9.75,0,0.006188511584,9.75,0.006188511584,0.75,0.75,0,0,1,0,1000.25,1000.25,0,833,1116,4.845487833
1187,0,1000.25,1796,0,795.75,0,0.5050777531,795.75,0.5050777531,0.75,14.25,0,0,1,0,1000.25,1000.25,0,833,1117,4.849629641
1188,0,1000.25,971,0,-29.25,0,-0.01856553475,-29.25,-0.01856553475,0.4301470588,0.4301470588,0,0,1,0,1000.25,1000.25,0,833,1118,4.853919506
1189,0,971,1726,-29.25,725.75,-0.01856553475,0.4606474135,755,0.4792129483,0,12,0,0,1,0,1000.25,1000.25,0,833,1119,4.85808444
1190,0,1000.25,972,0,-28.25,0,-0.01793081561,-28.25,-0.01793081561,0.4154411765,0.4154411765,0,0,1,0,1000.25,1000.25,0,833,1120,4.861961365
1191,0,972,2133,-28.25,1132.75,-0.01793081561,0.7189781022,1161,0.7369089178,0,18,0,0,1,0,1000.25,1000.25,0,833,1121,4.866111279
1192,0,1000.25,19969,0,18968.75,0,12.03982863,18968.75,12.03982863,0.4301470588,382.5698529,0,0,1,0,1000.25,1000.25,0,833,1122,4.87007308
1193,0,1000.25,994,0,-6.25,0,-0.003966994605,-6.25,-0.003966994605,0.390625,0.390625,0,0,1,0,1000.25,1000.25,0,833,1123,4.874165773
1194,0,994,1747,-6.25,746.75,-0.003966994605,0.4739765154,753,0.47794351,0,12,1,1,0,0,1000.25,1000.25,0,833,1124,4.878493309
1195,0,1000.25,994,0,-6.25,0,-0.003966994605,-6.25,-0.003966994605,0.09191176471,0.09191176471,0,0,1,0,1000.25,1000.25,0,833,1125,4.8822999
1196,0,994,1681,-6.25,680.75,-0.003966994605,0.4320850524,687,0.436052047,0,11,0,0,1,0,1000.25,1000.25,0,833,1126,4.886277437
1197,0,1000.25,995,0,-5.25,0,-0.003332275468,-5.25,-0.003332275468,0.07720588235,0.07720588235,0,0,1,0,1000.25,1000.25,0,833,1127,4.890088081
1198,0,995,2903,-5.25,1902.75,-0.003332275468,1.207711838,1908,1.211044113,0,29,0,0,1,0,1000.25,1000.25,0,833,1128,4.89406085
1199,0,1000.25,20270,0,19269.75,0,12.23087909,19269.75,12.23087909,0.09328358209,393.0932836,0,0,1,0,1000.25,1000.25,0,833,1129,4.89798069
1200,0,1000.25,1000,0,-0.25,0,-0.0001586797842,-0.25,-0.0001586797842,0.01923076923,0.01923076923,0,0,1,0,1000.25,1000.25,0,833,1130,4.902221441
1201,0,1000,1891,-0.25,890.75,-0.0001586797842,0.5653760711,891,0.5655347509,0,14,0,0,1,0,1000.25,1000.25,0,833,1131,4.906614542
1202,0,1000.25,1001,0,0.75,0,0.0004760393526,0.75,0.0004760393526,0.05769230769,0.05769230769,0,0,1,0,1000.25,1000.25,0,833,1132,4.910554647
1203,0,1000.25,2150,0,1149.75,0,0.7297683275,1149.75,0.7297683275,0.05769230769,18.94230769,0,0,1,0,1000.25,1000.25,0,833,1133,4.914395571
1204,0,1000.25,987,0,-13.25,0,-0.008410028562,-13.25,-0.008410028562,0.1948529412,0.1948529412,0,0,1,0,1000.25,1000.25,0,833,1134,4.918684483
1205,0,987,1606,-13.25,605.75,-0.008410028562,0.3844811171,619,0.3928911457,0,10,0,0,1,0,1000.25,1000.25,0,833,1135,4.922654152
1206,0,1000.25,988,0,-12.25,0,-0.007775309426,-12.25,-0.007775309426,0.1801470588,0.1801470588,0,0,1,0,1000.25,1000.25,0,833,1136,4.926450014
1207,0,988,2489,-12.25,1488.75,-0.007775309426,0.9449381149,1501,0.9527134243,0,23,0,0,1,0,1000.25,1000.25,0,833,1137,4.930420876
1208,0,1000.25,22294,0,21293.75,0,13.51555062,21293.75,13.51555062,0.1948529412,400.8051471,0,0,1,0,1000.25,1000.25,0,833,1138,4.934319019
1209,0,1000.25,1006,0,5.75,0,0.003649635036,5.75,0.003649635036,0.4423076923,0.4423076923,0,0,1,0,1000.25,1000.25,0,833,1139,4.938329697
1210,0,1000.25,2361,0,1360.75,0,0.8636940654,1360.75,0.8636940654,0.4423076923,21.55769231,0,0,1,0,1000.25,1000.25,0,833,1140,4.942271233
1211,0,1000.25,994,0,-6.25,0,-0.003966994605,-6.25,-0.003966994605,0.09191176471,0.09191176471,0,0,1,0,1000.25,1000.25,0,833,1141,4.94645977
1212,0,994,1679,-6.25,678.75,-0.003966994605,0.4308156141,685,0.4347826087,0,11,0,0,1,0,1000.25,1000.25,0,833,1142,4.950563431
1213,0,1000.25,993,0,-7.25,0,-0.004601713742,-7.25,-0.004601713742,0.1066176471,0.1066176471,0,0,1,0,1000.25,1000.25,0,833,1143,4.954401731
1214,0,993,2496,-7.25,1495.75,-0.004601713742,0.9493811488,1503,0.9539828626,0,23,0,0,1,0,1000.25,1000.25,0,833,1144,4.958500862
1215,0,1000.25,22208,0,21207.75,0,13.46096477,21207.75,13.46096477,0.09191176471,420.0919118,0,0,1,0,1000.25,1000.25,0,833,1145,4.962490797
1216,0,1000.25,1006,0,5.75,0,0.003649635036,5.75,0.003649635036,0.4791666667,0.4791666667,0,0,1,0,1000.25,1000.25,0,833,1146,4.966764212
1217,0,1000.25,2563,0,1562.75,0,0.991907331,1562.75,0.991907331,0.4791666667,24.52083333,0,0,1,0,1000.25,1000.25,0,833,1147,4.970663309
1218,0,1000.25,993,0,-7.25,0,-0.004601713742,-7.25,-0.004601713742,0.1066176471,0.1066176471,0,0,1,0,1000.25,1000.25,0,833,1148,4.974998713
1219,0,993,2700,-7.25,1699.75,-0.004601713742,1.078863853,1707,1.083465566,0,26,0,0,1,0,1000.25,1000.25,0,833,1149,4.979066849
1220,0,1000.25,994,0,-6.25,0,-0.003966994605,-6.25,-0.003966994605,0.09191176471,0.09191176471,0,0,1,0,1000.25,1000.25,0,833,1150,4.98294735
1221,0,994,2223,-6.25,1222.75,-0.003966994605,0.7761028245,1229,0.7800698191,0,19,0,0,1,0,1000.25,1000.25,0,833,1151,4.986913919
1222,0,1000.25,23473,0,22472.75,0,14.26388448,22472.75,14.26388448,0.1066176471,430.1066176,0,0,1,0,1000.25,1000.25,0,833,1152,4.990809441
1223,0,1000.25,1005,0,4.75,0,0.0030149159,4.75,0.0030149159,0.3958333333,0.3958333333,0,0,1,0,1000.25,1000.25,0,833,1153,4.995093584
1224,0,1000.25,1611,0,610.75,0,0.3876547128,610.75,0.3876547128,0.3958333333,9.604166667,0,0,1,0,1000.25,1000.25,0,833,1154,4.999078989
1225,0,1000.25,993,0,-7.25,0,-0.004601713742,-7.25,-0.004601713742,0.1066176471,0.1066176471,0,0,1,0,1000.25,1000.25,0,833,1155,5.003363848
1226,0,993,1882,-7.25,881.75,-0.004601713742,0.5596635989,889,0.5642653126,0,14,0,0,1,0,1000.25,1000.25,0,833,1156,5.007430315
1227,0,1000.25,992,0,-8.25,0,-0.005236432878,-8.25,-0.005236432878,0.1213235294,0.1213235294,0,0,1,0,1000.25,1000.25,0,833,1157,5.011267662
1228,0,992,1951,-8.25,950.75,-0.005236432878,0.6034592193,959,0.6086956522,0,15,0,0,1,0,1000.25,1000.25,0,833,1158,5.015311718
1229,0,1000.25,19893,0,18892.75,0,11.99158997,18892.75,11.99158997,0.1066176471,383.1066176,0,0,1,0,1000.25,1000.25,0,833,1159,5.019321442
1230,0,1000.25,997,0,-3.25,0,-0.002062837195,-3.25,-0.002062837195,0.2708333333,0.2708333333,0,0,1,0,1000.25,1000.25,0,833,1160,5.02365303
1231,0,997,1682,-3.25,681.75,-0.002062837195,0.4327197715,685,0.4347826087,0,11,0,0,1,0,1000.25,1000.25,0,833,1161,5.028151751
1232,0,1000.25,996,0,-4.25,0,-0.002697556331,-4.25,-0.002697556331,0.0625,0.0625,0,0,1,0,1000.25,1000.25,0,833,1162,5.032087326
1233,0,996,2499,-4.25,1498.75,-0.002697556331,0.9512853063,1503,0.9539828626,0,23,0,0,1,0,1000.25,1000.25,0,833,1163,5.036550045
1234,0,1000.25,23308,0,22307.75,0,14.15915582,22307.75,14.15915582,0.04779411765,441.0477941,0,0,1,0,1000.25,1000.25,0,833,1164,5.040640354
1235,0,1000.25,999,0,-1.25,0,-0.000793398921,-1.25,-0.000793398921,0.09615384615,0.09615384615,0,0,1,0,1000.25,1000.25,0,833,1165,5.044868708
1236,0,999,2974,-1.25,1973.75,-0.000793398921,1.252776896,1975,1.253570295,0,30,0,0,1,0,1000.25,1000.25,0,833,1166,5.049234867
1237,0,1000.25,998,0,-2.25,0,-0.001428118058,-2.25,-0.001428118058,0.03358208955,0.03358208955,0,0,1,0,1000.25,1000.25,0,833,1167,5.053099155
1238,0,998,1753,-2.25,752.75,-0.001428118058,0.4777848302,755,0.4792129483,0,12,0,0,1,0,1000.25,1000.25,0,833,1168,5.057234526
1239,0,1000.25,20080,0,19079.75,0,12.11028245,19079.75,12.11028245,0.01838235294,382.0183824,0,0,1,0,1000.25,1000.25,0,833,1169,5.061192989
1240,0,1000.25,996,0,-4.25,0,-0.002697556331,-4.25,-0.002697556331,0.3035714286,0.3035714286,0,0,1,0,1000.25,1000.25,0,833,1170,5.065434217
1241,0,996,2429,-4.25,1428.75,-0.002697556331,0.9068549667,1433,0.909552523,0,22,1,1,0,0,1000.25,1000.25,0,833,1171,5.06986022
1242,0,1000.25,996,0,-4.25,0,-0.002697556331,-4.25,-0.002697556331,0.0625,0.0625,0,0,1,0,1000.25,1000.25,0,833,1172,5.073681116
1243,0,996,2567,-4.25,1566.75,-0.002697556331,0.9944462076,1571,0.9971437639,0,24,0,0,1,0,1000.25,1000.25,0,833,1173,5.077658176
1244,0,1000.25,997,0,-3.25,0,-0.002062837195,-3.25,-0.002062837195,0.04779411765,0.04779411765,0,0,1,0,1000.25,1000.25,0,833,1174,5.08146286
1245,0,997,1954,-3.25,953.75,-0.002062837195,0.6053633767,957,0.6074262139,0,15,0,0,1,0,1000.25,1000.25,0,833,1175,5.085436344
1246,0,1000.25,22712,0,21711.75,0,13.78086322,21711.75,13.78086322,0.0625,420.0625,0,0,1,0,1000.25,1000.25,0,833,1176,5.089347363
1247,0,1000.25,1001,0,0.75,0,0.0004760393526,0.75,0.0004760393526,0.05769230769,0.05769230769,0,0,1,0,1000.25,1000.25,0,833,1177,5.093574524
1248,0,1000.25,2354,0,1353.75,0,0.8592510314,1353.75,0.8592510314,0.05769230769,20.94230769,0,0,1,0,1000.25,1000.25,0,833,1178,5.097620726
1249,0,1000.25,988,0,-12.25,0,-0.007775309426,-12.25,-0.007775309426,0.1801470588,0.1801470588,0,0,1,0,1000.25,1000.25,0,833,1179,5.101903439
1250,0,988,2557,-12.25,1556.75,-0.007775309426,0.9880990162,1569,0.9958743256,0,24,0,0,1,0,1000.25,1000.25,0,833,1180,5.105890512
1251,0,1000.25,987,0,-13.25,0,-0.008410028562,-13.25,-0.008410028562,0.1948529412,0.1948529412,0,0,1,0,1000.25,1000.25,0,833,1181,5.109706879
1252,0,987,2964,-13.25,1963.75,-0.008410028562,1.246429705,1977,1.254839733,0,30,0,0,1,0,1000.25,1000.25,0,833,1182,5.11368084
1253,0,1000.25,20152,0,19151.75,0,12.15598223,19151.75,12.15598223,0.1828358209,390.1828358,0,0,1,0,1000.25,1000.25,0,833,1183,5.117598295
1254,0,1000.25,999,0,-1.25,0,-0.000793398921,-1.25,-0.000793398921,0.09615384615,0.09615384615,0,0,1,0,1000.25,1000.25,0,833,1184,5.121863127
1255,0,999,2024,-1.25,1023.75,-0.000793398921,0.6497937163,1025,0.6505871152,0,16,0,0,1,0,1000.25,1000.25,0,833,1185,5.126397133
1256,0,1000.25,998,0,-2.25,0,-0.001428118058,-2.25,-0.001428118058,0.03308823529,0.03308823529,0,0,1,0,1000.25,1000.25,0,833,1186,5.130224466
1257,0,998,2908,-2.25,1907.75,-0.001428118058,1.210885433,1910,1.212313551,0,29,0,0,1,0,1000.25,1000.25,0,833,1187,5.134208918
1258,0,1000.25,21202,0,20201.75,0,12.82243732,20201.75,12.82243732,0.01865671642,399.0186567,0,0,1,0,1000.25,1000.25,0,833,1188,5.13813448
1259,0,1000.25,1001,0,0.75,0,0.0004760393526,0.75,0.0004760393526,0.05357142857,0.05357142857,0,0,1,0,1000.25,1000.25,0,833,1189,5.142388344
1260,0,1000.25,1535,0,534.75,0,0.3394160584,534.75,0.3394160584,0.05357142857,9.946428571,0,0,1,0,1000.25,1000.25,0,833,1190,5.146337271
1261,0,1000.25,986,0,-14.25,0,-0.009044747699,-14.25,-0.009044747699,0.2095588235,0.2095588235,0,0,1,0,1000.25,1000.25,0,833,1191,5.150449753
1262,0,986,1877,-14.25,876.75,-0.009044747699,0.5564900032,891,0.5655347509,0,14,0,0,1,0,1000.25,1000.25,0,833,1192,5.154900789
1263,0,1000.25,987,0,-13.25,0,-0.008410028562,-13.25,-0.008410028562,0.1948529412,0.1948529412,0,0,1,0,1000.25,1000.25,0,833,1193,5.158766508
1264,0,987,2352,-13.25,1351.75,-0.008410028562,0.8579815931,1365,0.8663916217,0,21,0,0,1,0,1000.25,1000.25,0,833,1194,5.163214684
1265,0,1000.25,21046,0,20045.75,0,12.72342114,20045.75,12.72342114,0.2095588235,389.7904412,0,0,1,0,1000.25,1000.25,0,833,1195,5.167127609
1266,0,1000.25,1002,0,1.75,0,0.001110758489,1.75,0.001110758489,0.1346153846,0.1346153846,0,0,1,0,1000.25,1000.25,0,833,1196,5.171362638
1267,0,1000.25,2085,0,1084.75,0,0.6885115836,1084.75,0.6885115836,0.1346153846,17.86538462,0,0,1,0,1000.25,1000.25,0,833,1197,5.17547369
1268,0,1000.25,990,0,-10.25,0,-0.006505871152,-10.25,-0.006505871152,0.1507352941,0.1507352941,0,0,1,0,1000.25,1000.25,0,833,1198,5.179897785
1269,0,990,1675,-10.25,674.75,-0.006505871152,0.4282767375,685,0.4347826087,0,11,0,0,1,0,1000.25,1000.25,0,833,1199,5.184349298
1270,0,1000.25,989,0,-11.25,0,-0.007140590289,-11.25,-0.007140590289,0.1654411765,0.1654411765,0,0,1,0,1000.25,1000.25,0,833,1200,5.188225985
1271,0,989,1608,-11.25,607.75,-0.007140590289,0.3857505554,619,0.3928911457,0,10,0,0,1,0,1000.25,1000.25,0,833,1201,5.192667961
1272,0,1000.25,20248,0,19247.75,0,12.21691526,19247.75,12.21691526,0.1507352941,389.1507353,0,0,1,0,1000.25,1000.25,0,833,1202,5.196626425
1273,0,1000.25,1005,0,4.75,0,0.0030149159,4.75,0.0030149159,0.3958333333,0.3958333333,0,0,1,0,1000.25,1000.25,0,833,1203,5.200947285
1274,0,1000.25,1950,0,949.75,0,0.6028245002,949.75,0.6028245002,0.3958333333,15.60416667,0,0,1,0,1000.25,1000.25,0,833,1204,5.204944849
1275,0,1000.25,992,0,-8.25,0,-0.005236432878,-8.25,-0.005236432878,0.1213235294,0.1213235294,0,0,1,0,1000.25,1000.25,0,833,1205,5.209349394
1276,0,992,2155,-8.25,1154.75,-0.005236432878,0.7329419232,1163,0.7381783561,0,18,0,0,1,0,1000.25,1000.25,0,833,1206,5.213846207
1277,0,1000.25,993,0,-7.25,0,-0.004601713742,-7.25,-0.004601713742,0.1066176471,0.1066176471,0,0,1,0,1000.25,1000.25,0,833,1207,5.21790576
1278,0,993,2358,-7.25,1357.75,-0.004601713742,0.861789908,1365,0.8663916217,0,21,0,0,1,0,1000.25,1000.25,0,833,1208,5.222388506
1279,0,1000.25,20514,0,19513.75,0,12.38575056,19513.75,12.38575056,0.1213235294,381.8786765,0,0,1,0,1000.25,1000.25,0,833,1209,5.226550341
1280,0,1000.25,1007,0,6.75,0,0.004284354173,6.75,0.004284354173,0.4821428571,0.4821428571,0,0,1,0,1000.25,1000.25,0,833,1210,5.230562449
1281,0,1000.25,2903,0,1902.75,0,1.207711838,1902.75,1.207711838,0.4821428571,29.51785714,0,0,1,0,1000.25,1000.25,0,833,1211,5.234665632
1282,0,1000.25,994,0,-6.25,0,-0.003966994605,-6.25,-0.003966994605,0.09328358209,0.09328358209,0,0,1,0,1000.25,1000.25,0,833,1212,5.238874197
1283,0,994,1747,-6.25,746.75,-0.003966994605,0.4739765154,753,0.47794351,0,12,0,0,1,0,1000.25,1000.25,0,833,1213,5.243141651
1284,0,1000.25,993,0,-7.25,0,-0.004601713742,-7.25,-0.004601713742,0.1066176471,0.1066176471,0,0,1,0,1000.25,1000.25,0,833,1214,5.246992826
1285,0,993,2224,-7.25,1223.75,-0.004601713742,0.7767375436,1231,0.7813392574,0,19,0,0,1,0,1000.25,1000.25,0,833,1215,5.251461744
1286,0,1000.25,21318,0,20317.75,0,12.89606474,20317.75,12.89606474,0.09191176471,401.0919118,0,0,1,0,1000.25,1000.25,0,833,1216,5.255638838
1287,0,1000.25,1011,0,10.75,0,0.00682323072,10.75,0.00682323072,0.7865853659,0.7865853659,0,0,1,0,1000.25,1000.25,0,833,1217,5.260014772
1288,0,1000.25,1724,0,723.75,0,0.4593779752,723.75,0.4593779752,0.7865853659,13.21341463,0,0,1,0,1000.25,1000.25,0,833,1218,5.264024258
1289,0,1000.25,970,0,-30.25,0,-0.01920025389,-30.25,-0.01920025389,0.4448529412,0.4448529412,0,0,1,0,1000.25,1000.25,0,833,1219,5.268268585
1290,0,970,1995,-30.25,994.75,-0.01920025389,0.6313868613,1025,0.6505871152,0,16,0,0,1,0,1000.25,1000.25,0,833,1220,5.272804737
1291,0,1000.25,969,0,-31.25,0,-0.01983497302,-31.25,-0.01983497302,0.4595588235,0.4595588235,0,0,1,0,1000.25,1000.25,0,833,1221,5.276772976
1292,0,969,1928,-31.25,927.75,-0.01983497302,0.5888606791,959,0.6086956522,0,15,0,0,1,0,1000.25,1000.25,0,833,1222,5.281298637
1293,0,1000.25,22372,0,21371.75,0,13.56505871,21371.75,13.56505871,0.4448529412,405.5551471,0,0,1,0,1000.25,1000.25,0,833,1223,5.285317659
1294,0,1000.25,1003,0,2.75,0,0.001745477626,2.75,0.001745477626,0.2115384615,0.2115384615,0,0,1,0,1000.25,1000.25,0,833,1224,5.289390802
1295,0,1000.25,2898,0,1897.75,0,1.204538242,1897.75,1.204538242,0.2115384615,29.78846154,0,0,1,0,1000.25,1000.25,0,833,1225,5.29335475
1296,0,1000.25,989,0,-11.25,0,-0.007140590289,-11.25,-0.007140590289,0.1679104478,0.1679104478,0,0,1,0,1000.25,1000.25,0,833,1226,5.297782421
1297,0,989,2696,-11.25,1695.75,-0.007140590289,1.076324976,1707,1.083465566,0,26,0,0,1,0,1000.25,1000.25,0,833,1227,5.302076578
1298,0,1000.25,990,0,-10.25,0,-0.006505871152,-10.25,-0.006505871152,0.1507352941,0.1507352941,0,0,1,0,1000.25,1000.25,0,833,1228,5.305933714
1299,0,990,1607,-10.25,606.75,-0.006505871152,0.3851158362,617,0.3916217074,0,10,0,0,1,0,1000.25,1000.25,0,833,1229,5.310387135
1300,0,1000.25,20197,0,19196.75,0,12.18454459,19196.75,12.18454459,0.1654411765,374.8345588,0,0,1,0,1000.25,1000.25,0,833,1230,5.314350605
1301,0,1000.25,998,0,-2.25,0,-0.001428118058,-2.25,-0.001428118058,0.1730769231,0.1730769231,0,0,1,0,1000.25,1000.25,0,833,1231,5.318490028
1302,0,998,2501,-2.25,1500.75,-0.001428118058,0.9525547445,1503,0.9539828626,0,23,0,0,1,0,1000.25,1000.25,0,833,1232,5.32317853
1303,0,1000.25,999,0,-1.25,0,-0.000793398921,-1.25,-0.000793398921,0.01838235294,0.01838235294,0,0,1,0,1000.25,1000.25,0,833,1233,5.32705617
1304,0,999,2636,-1.25,1635.75,-0.000793398921,1.038241828,1637,1.039035227,0,25,0,0,1,0,1000.25,1000.25,0,833,1234,5.331165791
1305,0,1000.25,21363,0,20362.75,0,12.9246271,20362.75,12.9246271,0.03308823529,394.0330882,0,0,1,0,1000.25,1000.25,0,833,1235,5.335160971
1306,0,1000.25,1000,0,-0.25,0,-0.0001586797842,-0.25,-0.0001586797842,0.01923076923,0.01923076923,0,0,1,0,1000.25,1000.25,0,833,1236,5.339401245
1307,0,1000,2977,-0.25,1976.75,-0.0001586797842,1.254681054,1977,1.254839733,0,30,0,0,1,0,1000.25,1000.25,0,833,1237,5.343888283
1308,0,1000.25,1001,0,0.75,0,0.0004760393526,0.75,0.0004760393526,0.05769230769,0.05769230769,0,0,1,0,1000.25,1000.25,0,833,1238,5.347850084
1309,0,1000.25,1741,0,740.75,0,0.4701682006,740.75,0.4701682006,0.05769230769,12.94230769,0,0,1,0,1000.25,1000.25,0,833,1239,5.351697922
1310,0,1000.25,987,0,-13.25,0,-0.008410028562,-13.25,-0.008410028562,0.1948529412,0.1948529412,0,0,1,0,1000.25,1000.25,0,833,1240,5.355982304
1311,0,987,2150,-13.25,1149.75,-0.008410028562,0.7297683275,1163,0.7381783561,0,18,0,0,1,0,1000.25,1000.25,0,833,1241,5.359947443
1312,0,1000.25,988,0,-12.25,0,-0.007775309426,-12.25,-0.007775309426,0.1801470588,0.1801470588,0,0,1,0,1000.25,1000.25,0,833,1242,5.363758087
1313,0,988,2081,-12.25,1080.75,-0.007775309426,0.6859727071,1093,0.6937480165,0,17,0,0,1,0,1000.25,1000.25,0,833,1243,5.367734194
1314,0,1000.25,20737,0,19736.75,0,12.52729292,19736.75,12.52729292,0.1948529412,393.8051471,0,0,1,0,1000.25,1000.25,0,833,1244,5.371637344
1315,0,1000.25,990,0,-10.25,0,-0.006505871152,-10.25,-0.006505871152,2.365384615,2.365384615,0,0,1,0,1000.25,1000.25,0,833,1245,5.375706673
1316,0,990,2015,-10.25,1014.75,-0.006505871152,0.644081244,1025,0.6505871152,0,16,0,0,1,0,1000.25,1000.25,0,833,1246,5.380327225
1317,0,1000.25,989,0,-11.25,0,-0.007140590289,-11.25,-0.007140590289,0.1654411765,0.1654411765,0,0,1,0,1000.25,1000.25,0,833,1247,5.384300232
1318,0,989,1676,-11.25,675.75,-0.007140590289,0.4289114567,687,0.436052047,0,11,0,0,1,0,1000.25,1000.25,0,833,1248,5.38887167
1319,0,1000.25,20636,0,19635.75,0,12.46318629,19635.75,12.46318629,0.1507352941,400.1507353,0,0,1,0,1000.25,1000.25,0,833,1249,5.393064737
1320,0,1000.25,1005,0,4.75,0,0.0030149159,4.75,0.0030149159,0.3653846154,0.3653846154,0,0,1,0,1000.25,1000.25,0,833,1250,5.39761281
1321,0,1000.25,1609,0,608.75,0,0.3863852745,608.75,0.3863852745,0.3653846154,10.63461538,1,1,0,0,1000.25,1000.25,0,833,1251,5.40169549
1322,0,1000.25,992,0,-8.25,0,-0.005236432878,-8.25,-0.005236432878,0.1213235294,0.1213235294,0,0,1,0,1000.25,1000.25,0,833,1252,5.405948639
1323,0,992,2563,-8.25,1562.75,-0.005236432878,0.991907331,1571,0.9971437639,0,24,0,0,1,0,1000.25,1000.25,0,833,1253,5.409978151
1324,0,1000.25,993,0,-7.25,0,-0.004601713742,-7.25,-0.004601713742,0.1066176471,0.1066176471,0,0,1,0,1000.25,1000.25,0,833,1254,5.413805485
1325,0,993,1814,-7.25,813.75,-0.004601713742,0.5165026976,821,0.5211044113,0,13,0,0,1,0,1000.25,1000.25,0,833,1255,5.417898417
1326,0,1000.25,20132,0,19131.75,0,12.14328785,19131.75,12.14328785,0.1213235294,385.1213235,0,0,1,0,1000.25,1000.25,0,833,1256,5.421849489
1327,0,1000.25,996,0,-4.25,0,-0.002697556331,-4.25,-0.002697556331,0.3541666667,0.3541666667,0,0,1,0,1000.25,1000.25,0,833,1257,5.426248789
1328,0,996,2973,-4.25,1972.75,-0.002697556331,1.252142177,1977,1.254839733,0,30,0,0,1,0,1000.25,1000.25,0,833,1258,5.430887461
1329,0,1000.25,997,0,-3.25,0,-0.002062837195,-3.25,-0.002062837195,0.04850746269,0.04850746269,0,0,1,0,1000.25,1000.25,0,833,1259,5.434762001
1330,0,997,2972,-3.25,1971.75,-0.002062837195,1.251507458,1975,1.253570295,0,30,0,0,1,0,1000.25,1000.25,0,833,1260,5.439553976
1331,0,1000.25,21768,0,20767.75,0,13.18168835,20767.75,13.18168835,0.06343283582,388.0634328,0,0,1,0,1000.25,1000.25,0,833,1261,5.443516016
1332,0,1000.25,1004,0,3.75,0,0.002380196763,3.75,0.002380196763,0.2884615385,0.2884615385,0,0,1,0,1000.25,1000.25,0,833,1262,5.447835207
1333,0,1000.25,1856,0,855.75,0,0.5431609013,855.75,0.5431609013,0.2884615385,15.71153846,0,0,1,0,1000.25,1000.25,0,833,1263,5.451906681
1334,0,1000.25,1033,0,32.75,0,0.02078705173,32.75,0.02078705173,0.4816176471,0.4816176471,0,0,1,0,1000.25,1000.25,0,833,1264,5.456128597
1335,0,1000.25,2196,0,1195.75,0,0.7589654078,1195.75,0.7589654078,0.4816176471,19.51838235,0,0,1,0,1000.25,1000.25,0,833,1265,5.459964752
1336,0,1000.25,1034,0,33.75,0,0.02142177087,33.75,0.02142177087,0.4963235294,0.4963235294,0,0,1,0,1000.25,1000.25,0,833,1266,5.463939428
1337,0,1000.25,2670,0,1669.75,0,1.059822279,1669.75,1.059822279,0.4963235294,26.50367647,0,0,1,0,1000.25,1000.25,0,833,1267,5.467788219
1338,0,1000.25,1032,0,31.75,0,0.02015233259,31.75,0.02015233259,0.473880597,0.473880597,0,0,1,0,1000.25,1000.25,0,833,1268,5.471773863
1339,0,1000.25,2468,0,1467.75,0,0.931609013,1467.75,0.931609013,0.473880597,23.5261194,0,0,1,0,1000.25,1000.25,0,833,1269,5.47561264
1340,0,1000.25,1034,0,33.75,0,0.02142177087,33.75,0.02142177087,0.4963235294,0.4963235294,0,0,1,0,1000.25,1000.25,0,833,1270,5.479581356
1341,0,1000.25,2603,0,1602.75,0,1.017296096,1602.75,1.017296096,0.4963235294,25.50367647,0,0,1,0,1000.25,1000.25,0,833,1271,5.483410835
1342,0,1000.25,1033,0,32.75,0,0.02078705173,32.75,0.02078705173,0.4816176471,0.4816176471,0,0,1,0,1000.25,1000.25,0,833,1272,5.487387657
1343,0,1000.25,1720,0,719.75,0,0.4568390987,719.75,0.4568390987,0.4816176471,12.51838235,0,0,1,0,1000.25,1000.25,0,833,1273,5.491251469
1344,0,1000.25,1034,0,33.75,0,0.02142177087,33.75,0.02142177087,0.4963235294,0.4963235294,0,0,1,0,1000.25,1000.25,0,833,1274,5.495241165
1345,0,1000.25,1855,0,854.75,0,0.5425261822,854.75,0.5425261822,0.4963235294,14.50367647,0,0,1,0,1000.25,1000.25,0,833,1275,5.499129295
1346,0,1000.25,21855,0,20854.75,0,13.23690892,20854.75,13.23690892,0.4816176471,425.5183824,0,0,1,0,1000.25,1000.25,0,833,1276,5.503220558
1347,0,1000.25,1005,0,4.75,0,0.0030149159,4.75,0.0030149159,0.3392857143,0.3392857143,0,0,1,0,1000.25,1000.25,0,833,1277,5.507383108
1348,0,1000.25,2901,0,1900.75,0,1.206442399,1900.75,1.206442399,0.3392857143,29.66071429,0,0,1,0,1000.25,1000.25,0,833,1278,5.511413574
1349,0,1000.25,992,0,-8.25,0,-0.005236432878,-8.25,-0.005236432878,0.1231343284,0.1231343284,0,0,1,0,1000.25,1000.25,0,833,1279,5.515580177
1350,0,992,1609,-8.25,608.75,-0.005236432878,0.3863852745,617,0.3916217074,0,10,0,0,1,0,1000.25,1000.25,0,833,1280,5.520018339
1351,0,1000.25,991,0,-9.25,0,-0.005871152015,-9.25,-0.005871152015,0.1360294118,0.1360294118,0,0,1,0,1000.25,1000.25,0,833,1281,5.523905039
1352,0,991,2290,-9.25,1289.75,-0.005871152015,0.8186290067,1299,0.8245001587,0,20,0,0,1,0,1000.25,1000.25,0,833,1282,5.528317213
1353,0,1000.25,21886,0,20885.75,0,13.25658521,20885.75,13.25658521,0.1213235294,409.8786765,0,0,1,0,1000.25,1000.25,0,833,1283,5.532466888
1354,0,1000.25,996,0,-4.25,0,-0.002697556331,-4.25,-0.002697556331,0.3035714286,0.3035714286,0,0,1,0,1000.25,1000.25,0,833,1284,5.536424637
1355,0,996,2904,-4.25,1903.75,-0.002697556331,1.208346557,1908,1.211044113,0,29,1,1,0,0,1000.25,1000.25,0,833,1285,5.540771484
1356,0,1000.25,21241,0,20240.75,0,12.84719137,20240.75,12.84719137,0.06343283582,394.9365672,0,0,1,0,1000.25,1000.25,0,833,1286,5.544771671
1357,0,1000.25,997,0,-3.25,0,-0.002062837195,-3.25,-0.002062837195,0.2708333333,0.2708333333,0,0,1,0,1000.25,1000.25,0,833,1287,5.548998833
1358,0,997,2769,-3.25,1768.75,-0.002062837195,1.122659473,1772,1.12472231,0,27,0,0,1,0,1000.25,1000.25,0,833,1288,5.553516388
1359,0,1000.25,996,0,-4.25,0,-0.002697556331,-4.25,-0.002697556331,0.06343283582,0.06343283582,0,0,1,0,1000.25,1000.25,0,833,1289,5.557337761
1360,0,996,1887,-4.25,886.75,-0.002697556331,0.5628371945,891,0.5655347509,0,14,0,0,1,0,1000.25,1000.25,0,833,1290,5.561308861
1361,0,1000.25,21934,0,20933.75,0,13.28705173,20933.75,13.28705173,0.04779411765,416.0477941,0,0,1,0,1000.25,1000.25,0,833,1291,5.565215588
1362,0,1000.25,1002,0,1.75,0,0.001110758489,1.75,0.001110758489,0.1458333333,0.1458333333,0,0,1,0,1000.25,1000.25,0,833,1292,5.569455385
1363,0,1000.25,2289,0,1288.75,0,0.8179942875,1288.75,0.8179942875,0.1458333333,20.85416667,0,0,1,0,1000.25,1000.25,0,833,1293,5.573305368
1364,0,1000.25,991,0,-9.25,0,-0.005871152015,-9.25,-0.005871152015,0.1360294118,0.1360294118,0,0,1,0,1000.25,1000.25,0,833,1294,5.577635288
1365,0,991,2492,-9.25,1491.75,-0.005871152015,0.9468422723,1501,0.9527134243,0,23,0,0,1,0,1000.25,1000.25,0,833,1295,5.581610918
1366,0,1000.25,990,0,-10.25,0,-0.006505871152,-10.25,-0.006505871152,0.1507352941,0.1507352941,0,0,1,0,1000.25,1000.25,0,833,1296,5.585428238
1367,0,990,2017,-10.25,1016.75,-0.006505871152,0.6453506823,1027,0.6518565535,0,16,0,0,1,0,1000.25,1000.25,0,833,1297,5.589414358
1368,0,1000.25,23668,0,22667.75,0,14.38765471,22667.75,14.38765471,0.1360294118,434.8639706,0,0,1,0,1000.25,1000.25,0,833,1298,5.593330622
1369,0,1000.25,1003,0,2.75,0,0.001745477626,2.75,0.001745477626,0.2115384615,0.2115384615,0,0,1,0,1000.25,1000.25,0,833,1299,5.597525597
1370,0,1000.25,2154,0,1153.75,0,0.7323072041,1153.75,0.7323072041,0.2115384615,18.78846154,0,0,1,0,1000.25,1000.25,0,833,1300,5.601630926
1371,0,1000.25,991,0,-9.25,0,-0.005871152015,-9.25,-0.005871152015,0.1360294118,0.1360294118,0,0,1,0,1000.25,1000.25,0,833,1301,5.606082916
1372,0,991,2763,-9.25,1762.75,-0.005871152015,1.118851158,1772,1.12472231,0,27,0,0,1,0,1000.25,1000.25,0,833,1302,5.610064745
1373,0,1000.25,990,0,-10.25,0,-0.006505871152,-10.25,-0.006505871152,0.1529850746,0.1529850746,0,0,1,0,1000.25,1000.25,0,833,1303,5.613889217
1374,0,990,1677,-10.25,676.75,-0.006505871152,0.4295461758,687,0.436052047,0,11,0,0,1,0,1000.25,1000.25,0,833,1304,5.617890358
1375,0,1000.25,22983,0,21982.75,0,13.9528721,21982.75,13.9528721,0.1360294118,417.8639706,0,0,1,0,1000.25,1000.25,0,833,1305,5.621816874
1376,0,1000.25,997,0,-3.25,0,-0.002062837195,-3.25,-0.002062837195,0.25,0.25,0,0,1,0,1000.25,1000.25,0,833,1306,5.625874281
1377,0,997,2364,-3.25,1363.75,-0.002062837195,0.8655982228,1367,0.86766106,0,21,0,0,1,0,1000.25,1000.25,0,833,1307,5.630275249
1378,0,1000.25,998,0,-2.25,0,-0.001428118058,-2.25,-0.001428118058,0.03308823529,0.03308823529,0,0,1,0,1000.25,1000.25,0,833,1308,5.634106636
1379,0,998,2227,-2.25,1226.75,-0.001428118058,0.778641701,1229,0.7800698191,0,19,0,0,1,0,1000.25,1000.25,0,833,1309,5.63809967
1380,0,1000.25,20507,0,19506.75,0,12.38130752,19506.75,12.38130752,0.04779411765,384.0477941,0,0,1,0,1000.25,1000.25,0,833,1310,5.642018318
1381,0,1000.25,1000,0,-0.25,0,-0.0001586797842,-0.25,-0.0001586797842,0.01923076923,0.01923076923,0,0,1,0,1000.25,1000.25,0,833,1311,5.646257401
1382,0,1000,2774,-0.25,1773.75,-0.0001586797842,1.125833069,1774,1.125991749,0,27,0,0,1,0,1000.25,1000.25,0,833,1312,5.650689125
1383,0,1000.25,1001,0,0.75,0,0.0004760393526,0.75,0.0004760393526,0.05769230769,0.05769230769,0,0,1,0,1000.25,1000.25,0,833,1313,5.654607773
1384,0,1000.25,1878,0,877.75,0,0.5571247223,877.75,0.5571247223,0.05769230769,14.94230769,0,0,1,0,1000.25,1000.25,0,833,1314,5.658451557
1385,0,1000.25,987,0,-13.25,0,-0.008410028562,-13.25,-0.008410028562,0.1948529412,0.1948529412,0,0,1,0,1000.25,1000.25,0,833,1315,5.662724495
1386,0,987,2828,-13.25,1827.75,-0.008410028562,1.160107902,1841,1.168517931,0,28,0,0,1,0,1000.25,1000.25,0,833,1316,5.666711092
1387,0,1000.25,988,0,-12.25,0,-0.007775309426,-12.25,-0.007775309426,0.1828358209,0.1828358209,0,0,1,0,1000.25,1000.25,0,833,1317,5.670532942
1388,0,988,2557,-12.25,1556.75,-0.007775309426,0.9880990162,1569,0.9958743256,0,24,0,0,1,0,1000.25,1000.25,0,833,1318,5.674526453
1389,0,1000.25,20880,0,19879.75,0,12.61805776,19879.75,12.61805776,0.1948529412,405.1948529,0,0,1,0,1000.25,1000.25,0,833,1319,5.678456545
1390,0,1000.25,1003,0,2.75,0,0.001745477626,2.75,0.001745477626,0.2115384615,0.2115384615,0,0,1,0,1000.25,1000.25,0,833,1320,5.682756662
1391,0,1000.25,2154,0,1153.75,0,0.7323072041,1153.75,0.7323072041,0.2115384615,18.78846154,0,0,1,0,1000.25,1000.25,0,833,1321,5.686681986
1392,0,1000.25,991,0,-9.25,0,-0.005871152015,-9.25,-0.005871152015,0.1360294118,0.1360294118,0,0,1,0,1000.25,1000.25,0,833,1322,5.691096544
1393,0,991,1676,-9.25,675.75,-0.005871152015,0.4289114567,685,0.4347826087,0,11,0,0,1,0,1000.25,1000.25,0,833,1323,5.695090532
1394,0,1000.25,990,0,-10.25,0,-0.006505871152,-10.25,-0.006505871152,0.1507352941,0.1507352941,0,0,1,0,1000.25,1000.25,0,833,1324,5.698909044
1395,0,990,1881,-10.25,880.75,-0.006505871152,0.5590288797,891,0.5655347509,0,14,0,0,1,0,1000.25,1000.25,0,833,1325,5.702889919
1396,0,1000.25,22416,0,21415.75,0,13.59298635,21415.75,13.59298635,0.1360294118,415.1360294,0,0,1,0,1000.25,1000.25,0,833,1326,5.706816673
1397,0,1000.25,1003,0,2.75,0,0.001745477626,2.75,0.001745477626,0.2115384615,0.2115384615,0,0,1,0,1000.25,1000.25,0,833,1327,5.711190224
1398,0,1000.25,1743,0,742.75,0,0.4714376388,742.75,0.4714376388,0.2115384615,12.78846154,1,1,0,0,1000.25,1000.25,0,833,1328,5.715260029
1399,0,1000.25,990,0,-10.25,0,-0.006505871152,-10.25,-0.006505871152,0.1507352941,0.1507352941,0,0,1,0,1000.25,1000.25,0,833,1329,5.719744682
1400,0,990,1743,-10.25,742.75,-0.006505871152,0.4714376388,753,0.47794351,0,12,1,1,0,0,1000.25,1000.25,0,833,1330,5.724161625
1401,0,1000.25,21670,0,20669.75,0,13.11948588,20669.75,13.11948588,0.1507352941,415.1507353,0,0,1,0,1000.25,1000.25,0,833,1331,5.728137016
1402,0,1000.25,995,0,-5.25,0,-0.003332275468,-5.25,-0.003332275468,0.4038461538,0.4038461538,0,0,1,0,1000.25,1000.25,0,833,1332,5.732411385
1403,0,995,2496,-5.25,1495.75,-0.003332275468,0.9493811488,1501,0.9527134243,0,23,0,0,1,0,1000.25,1000.25,0,833,1333,5.736840963
1404,0,1000.25,994,0,-6.25,0,-0.003966994605,-6.25,-0.003966994605,0.09191176471,0.09191176471,0,0,1,0,1000.25,1000.25,0,833,1334,5.740710497
1405,0,994,2633,-6.25,1632.75,-0.003966994605,1.036337671,1639,1.040304665,0,25,0,0,1,0,1000.25,1000.25,0,833,1335,5.745173454
1406,0,1000.25,21714,0,20713.75,0,13.14741352,20713.75,13.14741352,0.07720588235,407.0772059,0,0,1,0,1000.25,1000.25,0,833,1336,5.749172449
1407,0,1000.25,1004,0,3.75,0,0.002380196763,3.75,0.002380196763,0.2884615385,0.2884615385,0,0,1,0,1000.25,1000.25,0,833,1337,5.75348568
1408,0,1000.25,1949,0,948.75,0,0.602189781,948.75,0.602189781,0.2884615385,15.71153846,0,0,1,0,1000.25,1000.25,0,833,1338,5.757395744
1409,0,1000.25,992,0,-8.25,0,-0.005236432878,-8.25,-0.005236432878,0.1213235294,0.1213235294,0,0,1,0,1000.25,1000.25,0,833,1339,5.761639357
1410,0,992,1745,-8.25,744.75,-0.005236432878,0.4727070771,753,0.47794351,0,12,0,0,1,0,1000.25,1000.25,0,833,1340,5.765632868
1411,0,1000.25,991,0,-9.25,0,-0.005871152015,-9.25,-0.005871152015,0.1360294118,0.1360294118,0,0,1,0,1000.25,1000.25,0,833,1341,5.769448757
1412,0,991,1882,-9.25,881.75,-0.005871152015,0.5596635989,891,0.5655347509,0,14,0,0,1,0,1000.25,1000.25,0,833,1342,5.773447275
1413,0,1000.25,19795,0,18794.75,0,11.9293875,18794.75,11.9293875,0.1213235294,387.1213235,0,0,1,0,1000.25,1000.25,0,833,1343,5.777363539
1414,0,1000.25,995,0,-5.25,0,-0.003332275468,-5.25,-0.003332275468,0.4038461538,0.4038461538,0,0,1,0,1000.25,1000.25,0,833,1344,5.781490088
1415,0,995,1952,-5.25,951.75,-0.003332275468,0.6040939384,957,0.6074262139,0,15,0,0,1,0,1000.25,1000.25,0,833,1345,5.785797119
1416,0,1000.25,994,0,-6.25,0,-0.003966994605,-6.25,-0.003966994605,0.09191176471,0.09191176471,0,0,1,0,1000.25,1000.25,0,833,1346,5.789622545
1417,0,994,1613,-6.25,612.75,-0.003966994605,0.3889241511,619,0.3928911457,0,10,0,0,1,0,1000.25,1000.25,0,833,1347,5.79360199
1418,0,1000.25,22557,0,21556.75,0,13.68248175,21556.75,13.68248175,0.07720588235,415.0772059,0,0,1,0,1000.25,1000.25,0,833,1348,5.797504902
1419,0,1000.25,1002,0,1.75,0,0.001110758489,1.75,0.001110758489,0.1346153846,0.1346153846,0,0,1,0,1000.25,1000.25,0,833,1349,5.801713943
1420,0,1000.25,2627,0,1626.75,0,1.032529356,1626.75,1.032529356,0.1346153846,25.86538462,0,0,1,0,1000.25,1000.25,0,833,1350,5.805748224
1421,0,1000.25,988,0,-12.25,0,-0.007775309426,-12.25,-0.007775309426,0.1801470588,0.1801470588,0,0,1,0,1000.25,1000.25,0,833,1351,5.809990168
1422,0,988,2015,-12.25,1014.75,-0.007775309426,0.644081244,1027,0.6518565535,0,16,0,0,1,0,1000.25,1000.25,0,833,1352,5.814412832
1423,0,1000.25,989,0,-11.25,0,-0.007140590289,-11.25,-0.007140590289,0.1654411765,0.1654411765,0,0,1,0,1000.25,1000.25,0,833,1353,5.818298578
1424,0,989,2014,-11.25,1013.75,-0.007140590289,0.6434465249,1025,0.6505871152,0,16,0,0,1,0,1000.25,1000.25,0,833,1354,5.822703123
1425,0,1000.25,20575,0,19574.75,0,12.42446842,19574.75,12.42446842,0.1801470588,380.8198529,0,0,1,0,1000.25,1000.25,0,833,1355,5.826662064
1426,0,1000.25,998,0,-2.25,0,-0.001428118058,-2.25,-0.001428118058,0.1607142857,0.1607142857,0,0,1,0,1000.25,1000.25,0,833,1356,5.830624104
1427,0,998,2161,-2.25,1160.75,-0.001428118058,0.736750238,1163,0.7381783561,0,18,0,0,1,0,1000.25,1000.25,0,833,1357,5.834891081
1428,0,1000.25,999,0,-1.25,0,-0.000793398921,-1.25,-0.000793398921,0.01838235294,0.01838235294,0,0,1,0,1000.25,1000.25,0,833,1358,5.838704586
1429,0,999,2771,-1.25,1770.75,-0.000793398921,1.123928911,1772,1.12472231,0,27,0,0,1,0,1000.25,1000.25,0,833,1359,5.842675209
1430,0,1000.25,20246,0,19245.75,0,12.21564583,19245.75,12.21564583,0.03358208955,376.9664179,0,0,1,0,1000.25,1000.25,0,833,1360,5.846582413
1431,0,1000.25,994,0,-6.25,0,-0.003966994605,-6.25,-0.003966994605,0.4807692308,0.4807692308,0,0,1,0,1000.25,1000.25,0,833,1361,5.850560665
1432,0,994,2904,-6.25,1903.75,-0.003966994605,1.208346557,1910,1.212313551,0,29,0,0,1,0,1000.25,1000.25,0,833,1362,5.854927063
1433,0,1000.25,995,0,-5.25,0,-0.003332275468,-5.25,-0.003332275468,0.07835820896,0.07835820896,0,0,1,0,1000.25,1000.25,0,833,1363,5.85876441
1434,0,995,2564,-5.25,1563.75,-0.003332275468,0.9925420501,1569,0.9958743256,0,24,0,0,1,0,1000.25,1000.25,0,833,1364,5.862761021
1435,0,1000.25,19534,0,18533.75,0,11.7637258,18533.75,11.7637258,0.09191176471,387.0919118,0,0,1,0,1000.25,1000.25,0,833,1365,5.866675854
1436,0,1000.25,998,0,-2.25,0,-0.001428118058,-2.25,-0.001428118058,0.1607142857,0.1607142857,0,0,1,0,1000.25,1000.25,0,833,1366,5.870803833
1437,0,998,1617,-2.25,616.75,-0.001428118058,0.3914630276,619,0.3928911457,0,10,0,0,1,0,1000.25,1000.25,0,833,1367,5.875035524
1438,0,1000.25,999,0,-1.25,0,-0.000793398921,-1.25,-0.000793398921,0.01838235294,0.01838235294,0,0,1,0,1000.25,1000.25,0,833,1368,5.87886095
1439,0,999,2704,-1.25,1703.75,-0.000793398921,1.081402729,1705,1.082196128,0,26,0,0,1,0,1000.25,1000.25,0,833,1369,5.882832527
1440,0,1000.25,19592,0,18591.75,0,11.80053951,18591.75,11.80053951,0.03308823529,369.0330882,0,0,1,0,1000.25,1000.25,0,833,1370,5.88674283
1441,0,1000.25,998,0,-2.25,0,-0.001428118058,-2.25,-0.001428118058,0.1730769231,0.1730769231,0,0,1,0,1000.25,1000.25,0,833,1371,5.890868425
1442,0,998,1683,-2.25,682.75,-0.001428118058,0.4333544906,685,0.4347826087,0,11,0,0,1,0,1000.25,1000.25,0,833,1372,5.895081282
1443,0,1000.25,997,0,-3.25,0,-0.002062837195,-3.25,-0.002062837195,0.04779411765,0.04779411765,0,0,1,0,1000.25,1000.25,0,833,1373,5.898950338
1444,0,997,2636,-3.25,1635.75,-0.002062837195,1.038241828,1639,1.040304665,0,25,0,0,1,0,1000.25,1000.25,0,833,1374,5.902940989
1445,0,1000.25,21322,0,20321.75,0,12.89860362,20321.75,12.89860362,0.03308823529,396.0330882,0,0,1,0,1000.25,1000.25,0,833,1375,5.906843424
1446,0,1000.25,1003,0,2.75,0,0.001745477626,2.75,0.001745477626,0.2115384615,0.2115384615,0,0,1,0,1000.25,1000.25,0,833,1376,5.910938501
1447,0,1000.25,2696,0,1695.75,0,1.076324976,1695.75,1.076324976,0.2115384615,26.78846154,0,0,1,0,1000.25,1000.25,0,833,1377,5.914833546
1448,0,1000.25,989,0,-11.25,0,-0.007140590289,-11.25,-0.007140590289,0.1654411765,0.1654411765,0,0,1,0,1000.25,1000.25,0,833,1378,5.918936014
1449,0,989,2696,-11.25,1695.75,-0.007140590289,1.076324976,1707,1.083465566,0,26,0,0,1,0,1000.25,1000.25,0,833,1379,5.922921658
1450,0,1000.25,990,0,-10.25,0,-0.006505871152,-10.25,-0.006505871152,0.1507352941,0.1507352941,0,0,1,0,1000.25,1000.25,0,833,1380,5.926731348
1451,0,990,2083,-10.25,1082.75,-0.006505871152,0.6872421454,1093,0.6937480165,0,17,0,0,1,0,1000.25,1000.25,0,833,1381,5.93070364
1452,0,1000.25,20802,0,19801.75,0,12.56854967,19801.75,12.56854967,0.1654411765,396.8345588,0,0,1,0,1000.25,1000.25,0,833,1382,5.934617996
1453,0,1000.25,997,0,-3.25,0,-0.002062837195,-3.25,-0.002062837195,0.25,0.25,0,0,1,0,1000.25,1000.25,0,833,1383,5.938580036
1454,0,997,1956,-3.25,955.75,-0.002062837195,0.606632815,959,0.6086956522,0,15,0,0,1,0,1000.25,1000.25,0,833,1384,5.943306446
1455,0,1000.25,998,0,-2.25,0,-0.001428118058,-2.25,-0.001428118058,0.03308823529,0.03308823529,0,0,1,0,1000.25,1000.25,0,833,1385,5.947183609
1456,0,998,2023,-2.25,1022.75,-0.001428118058,0.6491589971,1025,0.6505871152,0,16,0,0,1,0,1000.25,1000.25,0,833,1386,5.951671362
1457,0,1000.25,21799,0,20798.75,0,13.20136465,20798.75,13.20136465,0.04779411765,410.9522059,0,0,1,0,1000.25,1000.25,0,833,1387,5.955625296
1458,0,1000.25,995,0,-5.25,0,-0.003332275468,-5.25,-0.003332275468,0.4038461538,0.4038461538,0,0,1,0,1000.25,1000.25,0,833,1388,5.959576607
1459,0,995,2224,-5.25,1223.75,-0.003332275468,0.7767375436,1229,0.7800698191,0,19,0,0,1,0,1000.25,1000.25,0,833,1389,5.963923454
1460,0,1000.25,994,0,-6.25,0,-0.003966994605,-6.25,-0.003966994605,0.09191176471,0.09191176471,0,0,1,0,1000.25,1000.25,0,833,1390,5.96774745
1461,0,994,2971,-6.25,1970.75,-0.003966994605,1.250872739,1977,1.254839733,0,30,0,0,1,0,1000.25,1000.25,0,833,1391,5.972180843
1462,0,1000.25,21595,0,20594.75,0,13.07188194,20594.75,13.07188194,0.07835820896,389.0783582,0,0,1,0,1000.25,1000.25,0,833,1392,5.97611618
1463,0,1000.25,997,0,-3.25,0,-0.002062837195,-3.25,-0.002062837195,0.226744186,0.226744186,0,0,1,0,1000.25,1000.25,0,833,1393,5.980308533
1464,0,997,2702,-3.25,1701.75,-0.002062837195,1.080133291,1705,1.082196128,0,26,1,1,0,0,1000.25,1000.25,0,833,1394,5.984636068
1465,0,1000.25,997,0,-3.25,0,-0.002062837195,-3.25,-0.002062837195,0.04779411765,0.04779411765,0,0,1,0,1000.25,1000.25,0,833,1395,5.988448858
1466,0,997,1616,-3.25,615.75,-0.002062837195,0.3908283085,619,0.3928911457,0,10,0,0,1,0,1000.25,1000.25,0,833,1396,5.992424011
1467,0,1000.25,998,0,-2.25,0,-0.001428118058,-2.25,-0.001428118058,0.03308823529,0.03308823529,0,0,1,0,1000.25,1000.25,0,833,1397,5.99623251
1468,0,998,2703,-2.25,1702.75,-0.001428118058,1.08076801,1705,1.082196128,0,26,0,0,1,0,1000.25,1000.25,0,833,1398,6.000194073
1469,0,1000.25,22093,0,21092.75,0,13.38797207,21092.75,13.38797207,0.04779411765,404.0477941,0,0,1,0,1000.25,1000.25,0,833,1399,6.004099846
1470,0,1000.25,1000,0,-0.25,0,-0.0001586797842,-0.25,-0.0001586797842,0.01785714286,0.01785714286,0,0,1,0,1000.25,1000.25,0,833,1400,6.008325577
1471,0,1000,1619,-0.25,618.75,-0.0001586797842,0.3927324659,619,0.3928911457,0,10,0,0,1,0,1000.25,1000.25,0,833,1401,6.012755156
1472,0,1000.25,1001,0,0.75,0,0.0004760393526,0.75,0.0004760393526,0.05769230769,0.05769230769,0,0,1,0,1000.25,1000.25,0,833,1402,6.016717196
1473,0,1000.25,2758,0,1757.75,0,1.115677563,1757.75,1.115677563,0.05769230769,27.94230769,0,0,1,0,1000.25,1000.25,0,833,1403,6.02056098
1474,0,1000.25,988,0,-12.25,0,-0.007775309426,-12.25,-0.007775309426,0.3656716418,0.3656716418,0,0,1,0,1000.25,1000.25,0,833,1404,6.024890661
1475,0,988,2151,-12.25,1150.75,-0.007775309426,0.7304030467,1163,0.7381783561,0,18,0,0,1,0,1000.25,1000.25,0,833,1405,6.028967857
1476,0,1000.25,989,0,-11.25,0,-0.007140590289,-11.25,-0.007140590289,0.1654411765,0.1654411765,0,0,1,0,1000.25,1000.25,0,833,1406,6.032804251
1477,0,989,1878,-11.25,877.75,-0.007140590289,0.5571247223,889,0.5642653126,0,14,0,0,1,0,1000.25,1000.25,0,833,1407,6.036787748
1478,0,1000.25,21167,0,20166.75,0,12.80022215,20166.75,12.80022215,0.1801470588,397.1801471,0,0,1,0,1000.25,1000.25,0,833,1408,6.040701151
1479,0,1000.25,998,0,-2.25,0,-0.001428118058,-2.25,-0.001428118058,0.1730769231,0.1730769231,0,0,1,0,1000.25,1000.25,0,833,1409,6.045060158
1480,0,998,2501,-2.25,1500.75,-0.001428118058,0.9525547445,1503,0.9539828626,0,23,0,0,1,0,1000.25,1000.25,0,833,1410,6.049745083
1481,0,1000.25,999,0,-1.25,0,-0.000793398921,-1.25,-0.000793398921,0.01838235294,0.01838235294,0,0,1,0,1000.25,1000.25,0,833,1411,6.0535748
1482,0,999,1888,-1.25,887.75,-0.000793398921,0.5634719137,889,0.5642653126,0,14,0,0,1,0,1000.25,1000.25,0,833,1412,6.057641983
1483,0,1000.25,23751,0,22750.75,0,14.4403364,22750.75,14.4403364,0.03308823529,437.0330882,0,0,1,0,1000.25,1000.25,0,833,1413,6.061577082
1484,0,1000.25,1003,0,2.75,0,0.001745477626,2.75,0.001745477626,0.2115384615,0.2115384615,0,0,1,0,1000.25,1000.25,0,833,1414,6.065749884
1485,0,1000.25,1950,0,949.75,0,0.6028245002,949.75,0.6028245002,0.2115384615,15.78846154,0,0,1,0,1000.25,1000.25,0,833,1415,6.069738388
1486,0,1000.25,991,0,-9.25,0,-0.005871152015,-9.25,-0.005871152015,0.1360294118,0.1360294118,0,0,1,0,1000.25,1000.25,0,833,1416,6.073919296
1487,0,991,2220,-9.25,1219.75,-0.005871152015,0.7741986671,1229,0.7800698191,0,19,0,0,1,0,1000.25,1000.25,0,833,1417,6.078359842
1488,0,1000.25,990,0,-10.25,0,-0.006505871152,-10.25,-0.006505871152,0.1507352941,0.1507352941,0,0,1,0,1000.25,1000.25,0,833,1418,6.082266569
1489,0,990,2425,-10.25,1424.75,-0.006505871152,0.9043160901,1435,0.9108219613,0,22,0,0,1,0,1000.25,1000.25,0,833,1419,6.086319923
1490,0,1000.25,20526,0,19525.75,0,12.39336719,19525.75,12.39336719,0.1360294118,394.1360294,0,0,1,0,1000.25,1000.25,0,833,1420,6.090286732
1491,0,1000.25,1006,0,5.75,0,0.003649635036,5.75,0.003649635036,0.4423076923,0.4423076923,0,0,1,0,1000.25,1000.25,0,833,1421,6.094582558
1492,0,1000.25,2631,0,1630.75,0,1.035068232,1630.75,1.035068232,0.4423076923,25.55769231,0,0,1,0,1000.25,1000.25,0,833,1422,6.098552704
1493,0,1000.25,993,0,-7.25,0,-0.004601713742,-7.25,-0.004601713742,0.2164179104,0.2164179104,0,0,1,0,1000.25,1000.25,0,833,1423,6.102799177
1494,0,993,2700,-7.25,1699.75,-0.004601713742,1.078863853,1707,1.083465566,0,26,0,0,1,0,1000.25,1000.25,0,833,1424,6.107025862
1495,0,1000.25,994,0,-6.25,0,-0.003966994605,-6.25,-0.003966994605,0.09191176471,0.09191176471,0,0,1,0,1000.25,1000.25,0,833,1425,6.110891581
1496,0,994,2495,-6.25,1494.75,-0.003966994605,0.9487464297,1501,0.9527134243,0,23,0,0,1,0,1000.25,1000.25,0,833,1426,6.115010738
1497,0,1000.25,21492,0,20491.75,0,13.00650587,20491.75,13.00650587,0.1066176471,394.1066176,0,0,1,0,1000.25,1000.25,0,833,1427,6.118976831
1498,0,1000.25,1002,0,1.75,0,0.001110758489,1.75,0.001110758489,0.1346153846,0.1346153846,0,0,1,0,1000.25,1000.25,0,833,1428,6.123317719
1499,0,1000.25,2153,0,1152.75,0,0.7316724849,1152.75,0.7316724849,0.1346153846,18.86538462,0,0,1,0,1000.25,1000.25,0,833,1429,6.127232075
1500,0,1000.25,990,0,-10.25,0,-0.006505871152,-10.25,-0.006505871152,0.1507352941,0.1507352941,0,0,1,0,1000.25,1000.25,0,833,1430,6.131518126
1501,0,990,2559,-10.25,1558.75,-0.006505871152,0.9893684545,1569,0.9958743256,0,24,0,0,1,0,1000.25,1000.25,0,833,1431,6.135626316
1502,0,1000.25,989,0,-11.25,0,-0.007140590289,-11.25,-0.007140590289,0.1654411765,0.1654411765,0,0,1,0,1000.25,1000.25,0,833,1432,6.139482498
1503,0,989,2628,-11.25,1627.75,-0.007140590289,1.033164075,1639,1.040304665,0,25,0,0,1,0,1000.25,1000.25,0,833,1433,6.143566132
1504,0,1000.25,21953,0,20952.75,0,13.29911139,20952.75,13.29911139,0.1507352941,404.8492647,0,0,1,0,1000.25,1000.25,0,833,1434,6.147509813
1505,0,1000.25,998,0,-2.25,0,-0.001428118058,-2.25,-0.001428118058,0.1607142857,0.1607142857,0,0,1,0,1000.25,1000.25,0,833,1435,6.151597261
1506,0,998,2433,-2.25,1432.75,-0.001428118058,0.9093938432,1435,0.9108219613,0,22,0,0,1,0,1000.25,1000.25,0,833,1436,6.155923128
1507,0,1000.25,999,0,-1.25,0,-0.000793398921,-1.25,-0.000793398921,0.01838235294,0.01838235294,0,0,1,0,1000.25,1000.25,0,833,1437,6.159749508
1508,0,999,2024,-1.25,1023.75,-0.000793398921,0.6497937163,1025,0.6505871152,0,16,0,0,1,0,1000.25,1000.25,0,833,1438,6.163841486
1509,0,1000.25,21007,0,20006.75,0,12.69866709,20006.75,12.69866709,0.03308823529,413.9669118,0,0,1,0,1000.25,1000.25,0,833,1439,6.167777538
1510,0,1000.25,1000,0,-0.25,0,-0.0001586797842,-0.25,-0.0001586797842,0.01923076923,0.01923076923,0,0,1,0,1000.25,1000.25,0,833,1440,6.171988726
1511,0,1000,2435,-0.25,1434.75,-0.0001586797842,0.9106632815,1435,0.9108219613,0,22,0,0,1,0,1000.25,1000.25,0,833,1441,6.176907778
1512,0,1000.25,1001,0,0.75,0,0.0004760393526,0.75,0.0004760393526,0.05769230769,0.05769230769,0,0,1,0,1000.25,1000.25,0,833,1442,6.180978537
1513,0,1000.25,1605,0,604.75,0,0.383846398,604.75,0.383846398,0.05769230769,10.94230769,0,0,1,0,1000.25,1000.25,0,833,1443,6.184814453
1514,0,1000.25,987,0,-13.25,0,-0.008410028562,-13.25,-0.008410028562,0.1948529412,0.1948529412,0,0,1,0,1000.25,1000.25,0,833,1444,6.189100504
1515,0,987,1810,-13.25,809.75,-0.008410028562,0.513963821,823,0.5223738496,0,13,0,0,1,0,1000.25,1000.25,0,833,1445,6.193109035
1516,0,1000.25,988,0,-12.25,0,-0.007775309426,-12.25,-0.007775309426,0.1801470588,0.1801470588,0,0,1,0,1000.25,1000.25,0,833,1446,6.19691062
1517,0,988,2489,-12.25,1488.75,-0.007775309426,0.9449381149,1501,0.9527134243,0,23,0,0,1,0,1000.25,1000.25,0,833,1447,6.201006889
1518,0,1000.25,21281,0,20280.75,0,12.87258013,20280.75,12.87258013,0.1948529412,394.1948529,0,0,1,0,1000.25,1000.25,0,833,1448,6.204959154
1519,0,1000.25,1003,0,2.75,0,0.001745477626,2.75,0.001745477626,0.2291666667,0.2291666667,0,0,1,0,1000.25,1000.25,0,833,1449,6.209248543
1520,0,1000.25,1814,0,813.75,0,0.5165026976,813.75,0.5165026976,0.2291666667,13.77083333,0,0,1,0,1000.25,1000.25,0,833,1450,6.213230848
1521,0,1000.25,992,0,-8.25,0,-0.005236432878,-8.25,-0.005236432878,0.1213235294,0.1213235294,0,0,1,0,1000.25,1000.25,0,833,1451,6.217654705
1522,0,992,2357,-8.25,1356.75,-0.005236432878,0.8611551888,1365,0.8663916217,0,21,0,0,1,0,1000.25,1000.25,0,833,1452,6.221850157
1523,0,1000.25,991,0,-9.25,0,-0.005871152015,-9.25,-0.005871152015,0.1360294118,0.1360294118,0,0,1,0,1000.25,1000.25,0,833,1453,6.225663662
1524,0,991,1746,-9.25,745.75,-0.005871152015,0.4733417963,755,0.4792129483,0,12,0,0,1,0,1000.25,1000.25,0,833,1454,6.22963047
1525,0,1000.25,19314,0,18313.75,0,11.62408759,18313.75,11.62408759,0.1213235294,393.1213235,0,0,1,0,1000.25,1000.25,0,833,1455,6.233520269
1526,0,1000.25,1003,0,2.75,0,0.001745477626,2.75,0.001745477626,0.1964285714,0.1964285714,0,0,1,0,1000.25,1000.25,0,833,1456,6.237752914
1527,0,1000.25,2353,0,1352.75,0,0.8586163123,1352.75,0.8586163123,0.1964285714,21.80357143,0,0,1,0,1000.25,1000.25,0,833,1457,6.241639376
1528,0,1000.25,988,0,-12.25,0,-0.007775309426,-12.25,-0.007775309426,0.1801470588,0.1801470588,0,0,1,0,1000.25,1000.25,0,833,1458,6.245854616
1529,0,988,2627,-12.25,1626.75,-0.007775309426,1.032529356,1639,1.040304665,0,25,0,0,1,0,1000.25,1000.25,0,833,1459,6.249854326
1530,0,1000.25,989,0,-11.25,0,-0.007140590289,-11.25,-0.007140590289,0.1654411765,0.1654411765,0,0,1,0,1000.25,1000.25,0,833,1460,6.253673792
1531,0,989,2626,-11.25,1625.75,-0.007140590289,1.031894637,1637,1.039035227,0,25,0,0,1,0,1000.25,1000.25,0,833,1461,6.257655621
1532,0,1000.25,21783,0,20782.75,0,13.19120914,20782.75,13.19120914,0.1801470588,410.1801471,0,0,1,0,1000.25,1000.25,0,833,1462,6.261556387
1533,0,1000.25,999,0,-1.25,0,-0.000793398921,-1.25,-0.000793398921,0.08928571429,0.08928571429,0,0,1,0,1000.25,1000.25,0,833,1463,6.265800238
1534,0,999,1752,-1.25,751.75,-0.000793398921,0.4771501111,753,0.47794351,0,12,0,0,1,0,1000.25,1000.25,0,833,1464,6.270279646
1535,0,1000.25,998,0,-2.25,0,-0.001428118058,-2.25,-0.001428118058,0.03308823529,0.03308823529,0,0,1,0,1000.25,1000.25,0,833,1465,6.274133205
1536,0,998,1753,-2.25,752.75,-0.001428118058,0.4777848302,755,0.4792129483,0,12,0,0,1,0,1000.25,1000.25,0,833,1466,6.278126478
1537,0,1000.25,22133,0,21132.75,0,13.41336084,21132.75,13.41336084,0.01838235294,402.0183824,0,0,1,0,1000.25,1000.25,0,833,1467,6.282041788
1538,0,1000.25,999,0,-1.25,0,-0.000793398921,-1.25,-0.000793398921,0.09615384615,0.09615384615,0,0,1,0,1000.25,1000.25,0,833,1468,6.286240339
1539,0,999,2500,-1.25,1499.75,-0.000793398921,0.9519200254,1501,0.9527134243,0,23,0,0,1,0,1000.25,1000.25,0,833,1469,6.290673494
1540,0,1000.25,998,0,-2.25,0,-0.001428118058,-2.25,-0.001428118058,0.03308823529,0.03308823529,0,0,1,0,1000.25,1000.25,0,833,1470,6.294478655
1541,0,998,1957,-2.25,956.75,-0.001428118058,0.6072675341,959,0.6086956522,0,15,0,0,1,0,1000.25,1000.25,0,833,1471,6.298928261
1542,0,1000.25,22831,0,21830.75,0,13.8563948,21830.75,13.8563948,0.01838235294,430.0183824,0,0,1,0,1000.25,1000.25,0,833,1472,6.302895308
1543,0,1000.25,1003,0,2.75,0,0.001745477626,2.75,0.001745477626,0.2115384615,0.2115384615,0,0,1,0,1000.25,1000.25,0,833,1473,6.307112217
1544,0,1000.25,2628,0,1627.75,0,1.033164075,1627.75,1.033164075,0.2115384615,25.78846154,0,0,1,0,1000.25,1000.25,0,833,1474,6.311368704
1545,0,1000.25,989,0,-11.25,0,-0.007140590289,-11.25,-0.007140590289,0.1654411765,0.1654411765,0,0,1,0,1000.25,1000.25,0,833,1475,6.315675735
1546,0,989,2492,-11.25,1491.75,-0.007140590289,0.9468422723,1503,0.9539828626,0,23,0,0,1,0,1000.25,1000.25,0,833,1476,6.320195675
1547,0,1000.25,990,0,-10.25,0,-0.006505871152,-10.25,-0.006505871152,0.1507352941,0.1507352941,0,0,1,0,1000.25,1000.25,0,833,1477,6.324328899
1548,0,990,2829,-10.25,1828.75,-0.006505871152,1.160742621,1839,1.167248493,0,28,0,0,1,0,1000.25,1000.25,0,833,1478,6.328849316
1549,0,1000.25,21315,0,20314.75,0,12.89416058,20314.75,12.89416058,0.1679104478,415.1679104,0,0,1,0,1000.25,1000.25,0,833,1479,6.332918406
1550,0,1000.25,1006,0,5.75,0,0.003649635036,5.75,0.003649635036,0.4791666667,0.4791666667,0,0,1,0,1000.25,1000.25,0,833,1480,6.337171078
1551,0,1000.25,1885,0,884.75,0,0.5615677563,884.75,0.5615677563,0.4791666667,14.52083333,0,0,1,0,1000.25,1000.25,0,833,1481,6.341218472
1552,0,1000.25,995,0,-5.25,0,-0.003332275468,-5.25,-0.003332275468,0.07720588235,0.07720588235,0,0,1,0,1000.25,1000.25,0,833,1482,6.345486403
1553,0,995,2700,-5.25,1699.75,-0.003332275468,1.078863853,1705,1.082196128,0,26,0,0,1,0,1000.25,1000.25,0,833,1483,6.35001421
1554,0,1000.25,994,0,-6.25,0,-0.003966994605,-6.25,-0.003966994605,0.09191176471,0.09191176471,0,0,1,0,1000.25,1000.25,0,833,1484,6.354073286
1555,0,994,2565,-6.25,1564.75,-0.003966994605,0.9931767693,1571,0.9971437639,0,24,0,0,1,0,1000.25,1000.25,0,833,1485,6.358618498
1556,0,1000.25,22910,0,21909.75,0,13.90653761,21909.75,13.90653761,0.07720588235,419.0772059,0,0,1,0,1000.25,1000.25,0,833,1486,6.362609625
1557,0,1000.25,965,0,-35.25,0,-0.02237384957,-35.25,-0.02237384957,2.057692308,2.057692308,1,4,0,0,1000.25,1000.25,0,833,1487,6.36702323
1558,0,1000.25,990,0,-10.25,0,-0.006505871152,-10.25,-0.006505871152,0.25625,0.25625,0,0,1,0,1000.25,1000.25,0,833,1488,6.371460438
1559,0,990,1811,-10.25,810.75,-0.006505871152,0.5145985401,821,0.5211044113,0,13,0,0,1,0,1000.25,1000.25,0,833,1489,6.376556396
1560,0,1000.25,989,0,-11.25,0,-0.007140590289,-11.25,-0.007140590289,0.1654411765,0.1654411765,0,0,1,0,1000.25,1000.25,0,833,1490,6.380496502
1561,0,989,2356,-11.25,1355.75,-0.007140590289,0.8605204697,1367,0.86766106,0,21,0,0,1,0,1000.25,1000.25,0,833,1491,6.384928703
1562,0,1000.25,19865,0,18864.75,0,11.97381784,18864.75,11.97381784,0.1507352941,395.1507353,0,0,1,0,1000.25,1000.25,0,833,1492,6.388898373
1563,0,1000.25,1004,0,3.75,0,0.002380196763,3.75,0.002380196763,0.2884615385,0.2884615385,0,0,1,0,1000.25,1000.25,0,833,1493,6.393162012
1564,0,1000.25,1608,0,607.75,0,0.3857505554,607.75,0.3857505554,0.2884615385,10.71153846,0,0,1,0,1000.25,1000.25,0,833,1494,6.39726758
1565,0,1000.25,990,0,-10.25,0,-0.006505871152,-10.25,-0.006505871152,0.1507352941,0.1507352941,0,0,1,0,1000.25,1000.25,0,833,1495,6.401660204
1566,0,990,1949,-10.25,948.75,-0.006505871152,0.602189781,959,0.6086956522,0,15,0,0,1,0,1000.25,1000.25,0,833,1496,6.405757904
1567,0,1000.25,991,0,-9.25,0,-0.005871152015,-9.25,-0.005871152015,0.1360294118,0.1360294118,0,0,1,0,1000.25,1000.25,0,833,1497,6.409593105
1568,0,991,1812,-9.25,811.75,-0.005871152015,0.5152332593,821,0.5211044113,0,13,0,0,1,0,1000.25,1000.25,0,833,1498,6.413707972
1569,0,1000.25,21221,0,20220.75,0,12.83449699,20220.75,12.83449699,0.1507352941,393.1507353,0,0,1,0,1000.25,1000.25,0,833,1499,6.417659283
1570,0,1000.25,1000,0,-0.25,0,-0.0001586797842,-0.25,-0.0001586797842,0.01923076923,0.01923076923,0,0,1,0,1000.25,1000.25,0,833,1500,6.421952009
1571,0,1000,1755,-0.25,754.75,-0.0001586797842,0.4790542685,755,0.4792129483,0,12,0,0,1,0,1000.25,1000.25,0,833,1501,6.426546097
1572,0,1000.25,1001,0,0.75,0,0.0004760393526,0.75,0.0004760393526,0.0625,0.0625,0,0,1,0,1000.25,1000.25,0,833,1502,6.430668592
1573,0,1000.25,2694,0,1693.75,0,1.075055538,1693.75,1.075055538,0.0625,26.9375,0,0,1,0,1000.25,1000.25,0,833,1503,6.434515238
1574,0,1000.25,988,0,-12.25,0,-0.007775309426,-12.25,-0.007775309426,0.1801470588,0.1801470588,0,0,1,0,1000.25,1000.25,0,833,1504,6.438904285
1575,0,988,2219,-12.25,1218.75,-0.007775309426,0.773563948,1231,0.7813392574,0,19,0,0,1,0,1000.25,1000.25,0,833,1505,6.443011999
1576,0,1000.25,989,0,-11.25,0,-0.007140590289,-11.25,-0.007140590289,0.1654411765,0.1654411765,0,0,1,0,1000.25,1000.25,0,833,1506,6.4468894
1577,0,989,2354,-11.25,1353.75,-0.007140590289,0.8592510314,1365,0.8663916217,0,21,0,0,1,0,1000.25,1000.25,0,833,1507,6.451006889
1578,0,1000.25,20445,0,19444.75,0,12.34195493,19444.75,12.34195493,0.1801470588,384.1801471,0,0,1,0,1000.25,1000.25,0,833,1508,6.454967976
1579,0,1000.25,1006,0,5.75,0,0.003649635036,5.75,0.003649635036,0.4423076923,0.4423076923,0,0,1,0,1000.25,1000.25,0,833,1509,6.459235668
1580,0,1000.25,2360,0,1359.75,0,0.8630593462,1359.75,0.8630593462,0.4423076923,21.55769231,0,0,1,0,1000.25,1000.25,0,833,1510,6.463206053
1581,0,1000.25,994,0,-6.25,0,-0.003966994605,-6.25,-0.003966994605,0.09191176471,0.09191176471,0,0,1,0,1000.25,1000.25,0,833,1511,6.46760416
1582,0,994,2563,-6.25,1562.75,-0.003966994605,0.991907331,1569,0.9958743256,0,24,0,0,1,0,1000.25,1000.25,0,833,1512,6.471715689
1583,0,1000.25,993,0,-7.25,0,-0.004601713742,-7.25,-0.004601713742,0.1066176471,0.1066176471,0,0,1,0,1000.25,1000.25,0,833,1513,6.475649834
1584,0,993,2700,-7.25,1699.75,-0.004601713742,1.078863853,1707,1.083465566,0,26,0,0,1,0,1000.25,1000.25,0,833,1514,6.479770899
1585,0,1000.25,18418,0,17417.75,0,11.05537924,17417.75,11.05537924,0.09191176471,353.9080882,0,0,1,0,1000.25,1000.25,0,833,1515,6.483795881
1586,0,1000.25,1001,0,0.75,0,0.0004760393526,0.75,0.0004760393526,0.0625,0.0625,0,0,1,0,1000.25,1000.25,0,833,1516,6.487890959
1587,0,1000.25,1742,0,741.75,0,0.4708029197,741.75,0.4708029197,0.0625,12.9375,0,0,1,0,1000.25,1000.25,0,833,1517,6.491846085
1588,0,1000.25,988,0,-12.25,0,-0.007775309426,-12.25,-0.007775309426,0.1801470588,0.1801470588,0,0,1,0,1000.25,1000.25,0,833,1518,6.496141195
1589,0,988,1879,-12.25,878.75,-0.007775309426,0.5577594414,891,0.5655347509,0,14,0,0,1,0,1000.25,1000.25,0,833,1519,6.500569105
1590,0,1000.25,989,0,-11.25,0,-0.007140590289,-11.25,-0.007140590289,0.1654411765,0.1654411765,0,0,1,0,1000.25,1000.25,0,833,1520,6.504488468
1591,0,989,2694,-11.25,1693.75,-0.007140590289,1.075055538,1705,1.082196128,0,26,0,0,1,0,1000.25,1000.25,0,833,1521,6.508922338
1592,0,1000.25,21582,0,20581.75,0,13.06363059,20581.75,13.06363059,0.1801470588,394.1801471,0,0,1,0,1000.25,1000.25,0,833,1522,6.512925386
1593,0,1000.25,1005,0,4.75,0,0.0030149159,4.75,0.0030149159,0.3958333333,0.3958333333,0,0,1,0,1000.25,1000.25,0,833,1523,6.517198801
1594,0,1000.25,2427,0,1426.75,0,0.9055855284,1426.75,0.9055855284,0.3958333333,21.60416667,0,0,1,0,1000.25,1000.25,0,833,1524,6.521345139
1595,0,1000.25,993,0,-7.25,0,-0.004601713742,-7.25,-0.004601713742,0.1066176471,0.1066176471,0,0,1,0,1000.25,1000.25,0,833,1525,6.525771379
1596,0,993,2360,-7.25,1359.75,-0.004601713742,0.8630593462,1367,0.86766106,0,21,0,0,1,0,1000.25,1000.25,0,833,1526,6.530463934
1597,0,1000.25,994,0,-6.25,0,-0.003966994605,-6.25,-0.003966994605,0.09191176471,0.09191176471,0,0,1,0,1000.25,1000.25,0,833,1527,6.534447908
1598,0,994,1951,-6.25,950.75,-0.003966994605,0.6034592193,957,0.6074262139,0,15,0,0,1,0,1000.25,1000.25,0,833,1528,6.538941145
1599,0,1000.25,20793,0,19792.75,0,12.56283719,19792.75,12.56283719,0.1066176471,401.1066176,0,0,1,0,1000.25,1000.25,0,833,1529,6.542931557
1600,0,1000.25,1006,0,5.75,0,0.003649635036,5.75,0.003649635036,0.4423076923,0.4423076923,0,0,1,0,1000.25,1000.25,0,833,1530,6.547205925
1601,0,1000.25,2087,0,1086.75,0,0.6897810219,1086.75,0.6897810219,0.4423076923,16.55769231,0,0,1,0,1000.25,1000.25,0,833,1531,6.551120996
1602,0,1000.25,993,0,-7.25,0,-0.004601713742,-7.25,-0.004601713742,0.1066176471,0.1066176471,0,0,1,0,1000.25,1000.25,0,833,1532,6.55542326
1603,0,993,2632,-7.25,1631.75,-0.004601713742,1.035702951,1639,1.040304665,0,25,0,0,1,0,1000.25,1000.25,0,833,1533,6.5598948
1604,0,1000.25,994,0,-6.25,0,-0.003966994605,-6.25,-0.003966994605,0.09191176471,0.09191176471,0,0,1,0,1000.25,1000.25,0,833,1534,6.563845158
1605,0,994,2631,-6.25,1630.75,-0.003966994605,1.035068232,1637,1.039035227,0,25,0,0,1,0,1000.25,1000.25,0,833,1535,6.568313122
1606,0,1000.25,19771,0,18770.75,0,11.91415424,18770.75,11.91415424,0.1066176471,370.8933824,0,0,1,0,1000.25,1000.25,0,833,1536,6.572310686
1607,0,1000.25,994,0,-6.25,0,-0.003966994605,-6.25,-0.003966994605,0.5208333333,0.5208333333,0,0,1,0,1000.25,1000.25,0,833,1537,6.576481819
1608,0,994,2768,-6.25,1767.75,-0.003966994605,1.122024754,1774,1.125991749,0,27,0,0,1,0,1000.25,1000.25,0,833,1538,6.581026316
1609,0,1000.25,995,0,-5.25,0,-0.003332275468,-5.25,-0.003332275468,0.07835820896,0.07835820896,0,0,1,0,1000.25,1000.25,0,833,1539,6.584876537
1610,0,995,2156,-5.25,1155.75,-0.003332275468,0.7335766423,1161,0.7369089178,0,18,0,0,1,0,1000.25,1000.25,0,833,1540,6.589282751
1611,0,1000.25,21429,0,20428.75,0,12.96651857,20428.75,12.96651857,0.09191176471,412.0919118,0,0,1,0,1000.25,1000.25,0,833,1541,6.59327054
1612,0,1000.25,998,0,-2.25,0,-0.001428118058,-2.25,-0.001428118058,0.1730769231,0.1730769231,0,0,1,0,1000.25,1000.25,0,833,1542,6.597557306
1613,0,998,2501,-2.25,1500.75,-0.001428118058,0.9525547445,1503,0.9539828626,0,23,0,0,1,0,1000.25,1000.25,0,833,1543,6.602023602
1614,0,1000.25,999,0,-1.25,0,-0.000793398921,-1.25,-0.000793398921,0.01838235294,0.01838235294,0,0,1,0,1000.25,1000.25,0,833,1544,6.605856657
1615,0,999,2838,-1.25,1837.75,-0.000793398921,1.166455094,1839,1.167248493,0,28,0,0,1,0,1000.25,1000.25,0,833,1545,6.609872818
1616,0,1000.25,22779,0,21778.75,0,13.8233894,21778.75,13.8233894,0.03358208955,420.0335821,0,0,1,0,1000.25,1000.25,0,833,1546,6.613815308
1617,0,1000.25,996,0,-4.25,0,-0.002697556331,-4.25,-0.002697556331,0.3541666667,0.3541666667,0,0,1,0,1000.25,1000.25,0,833,1547,6.618035793
1618,0,996,2363,-4.25,1362.75,-0.002697556331,0.8649635036,1367,0.86766106,0,21,0,0,1,0,1000.25,1000.25,0,833,1548,6.62243247
1619,0,1000.25,997,0,-3.25,0,-0.002062837195,-3.25,-0.002062837195,0.04779411765,0.04779411765,0,0,1,0,1000.25,1000.25,0,833,1549,6.626246452
1620,0,997,2634,-3.25,1633.75,-0.002062837195,1.03697239,1637,1.039035227,0,25,0,0,1,0,1000.25,1000.25,0,833,1550,6.630656481
1621,0,1000.25,21115,0,20114.75,0,12.76721676,20114.75,12.76721676,0.0625,410.0625,0,0,1,0,1000.25,1000.25,0,833,1551,6.634645939
1622,0,1000.25,996,0,-4.25,0,-0.002697556331,-4.25,-0.002697556331,0.3541666667,0.3541666667,0,0,1,0,1000.25,1000.25,0,833,1552,6.638910532
1623,0,996,2431,-4.25,1430.75,-0.002697556331,0.908124405,1435,0.9108219613,0,22,0,0,1,0,1000.25,1000.25,0,833,1553,6.643280745
1624,0,1000.25,997,0,-3.25,0,-0.002062837195,-3.25,-0.002062837195,0.04779411765,0.04779411765,0,0,1,0,1000.25,1000.25,0,833,1554,6.647108793
1625,0,997,1750,-3.25,749.75,-0.002062837195,0.4758806728,753,0.47794351,0,12,0,0,1,0,1000.25,1000.25,0,833,1555,6.651229858
1626,0,1000.25,21139,0,20138.75,0,12.78245002,20138.75,12.78245002,0.0625,415.0625,0,0,1,0,1000.25,1000.25,0,833,1556,6.655176401
1627,0,1000.25,1002,0,1.75,0,0.001110758489,1.75,0.001110758489,0.1458333333,0.1458333333,0,0,1,0,1000.25,1000.25,0,833,1557,6.659446478
1628,0,1000.25,1540,0,539.75,0,0.3425896541,539.75,0.3425896541,0.1458333333,9.854166667,0,0,1,0,1000.25,1000.25,0,833,1558,6.663283825
1629,0,1000.25,991,0,-9.25,0,-0.005871152015,-9.25,-0.005871152015,0.1360294118,0.1360294118,0,0,1,0,1000.25,1000.25,0,833,1559,6.667644262
1630,0,991,2966,-9.25,1965.75,-0.005871152015,1.247699143,1975,1.253570295,0,30,0,0,1,0,1000.25,1000.25,0,833,1560,6.67209506
1631,0,1000.25,990,0,-10.25,0,-0.006505871152,-10.25,-0.006505871152,0.1529850746,0.1529850746,0,0,1,0,1000.25,1000.25,0,833,1561,6.676014423
1632,0,990,2764,-10.25,1763.75,-0.006505871152,1.119485877,1774,1.125991749,0,27,0,0,1,0,1000.25,1000.25,0,833,1562,6.680557966
1633,0,1000.25,20177,0,19176.75,0,12.17185021,19176.75,12.17185021,0.1380597015,389.8619403,0,0,1,0,1000.25,1000.25,0,833,1563,6.684602022
1634,0,1000.25,999,0,-1.25,0,-0.000793398921,-1.25,-0.000793398921,0.1041666667,0.1041666667,0,0,1,0,1000.25,1000.25,0,833,1564,6.688638687
1635,0,999,2974,-1.25,1973.75,-0.000793398921,1.252776896,1975,1.253570295,0,30,0,0,1,0,1000.25,1000.25,0,833,1565,6.69300127
1636,0,1000.25,998,0,-2.25,0,-0.001428118058,-2.25,-0.001428118058,0.03358208955,0.03358208955,0,0,1,0,1000.25,1000.25,0,833,1566,6.69685483
1637,0,998,2705,-2.25,1704.75,-0.001428118058,1.082037448,1707,1.083465566,0,26,0,0,1,0,1000.25,1000.25,0,833,1567,6.701074839
1638,0,1000.25,19341,0,18340.75,0,11.64122501,18340.75,11.64122501,0.01838235294,386.0183824,0,0,1,0,1000.25,1000.25,0,833,1568,6.705045462
1639,0,1000.25,1003,0,2.75,0,0.001745477626,2.75,0.001745477626,0.2115384615,0.2115384615,0,0,1,0,1000.25,1000.25,0,833,1569,6.70924902
1640,0,1000.25,2220,0,1219.75,0,0.7741986671,1219.75,0.7741986671,0.2115384615,19.78846154,0,0,1,0,1000.25,1000.25,0,833,1570,6.713098526
1641,0,1000.25,989,0,-11.25,0,-0.007140590289,-11.25,-0.007140590289,0.1654411765,0.1654411765,0,0,1,0,1000.25,1000.25,0,833,1571,6.717321157
1642,0,989,2492,-11.25,1491.75,-0.007140590289,0.9468422723,1503,0.9539828626,0,23,0,0,1,0,1000.25,1000.25,0,833,1572,6.721296549
1643,0,1000.25,990,0,-10.25,0,-0.006505871152,-10.25,-0.006505871152,0.1507352941,0.1507352941,0,0,1,0,1000.25,1000.25,0,833,1573,6.725108147
1644,0,990,2965,-10.25,1964.75,-0.006505871152,1.247064424,1975,1.253570295,0,30,0,0,1,0,1000.25,1000.25,0,833,1574,6.729077101
1645,0,1000.25,22909,0,21908.75,0,13.90590289,21908.75,13.90590289,0.1679104478,429.1679104,0,0,1,0,1000.25,1000.25,0,833,1575,6.732979536
1646,0,1000.25,998,0,-2.25,0,-0.001428118058,-2.25,-0.001428118058,0.1875,0.1875,0,0,1,0,1000.25,1000.25,0,833,1576,6.737196684
1647,0,998,1685,-2.25,684.75,-0.001428118058,0.4346239289,687,0.436052047,0,11,0,0,1,0,1000.25,1000.25,0,833,1577,6.74147296
1648,0,1000.25,999,0,-1.25,0,-0.000793398921,-1.25,-0.000793398921,0.01838235294,0.01838235294,0,0,1,0,1000.25,1000.25,0,833,1578,6.745290041
1649,0,999,1820,-1.25,819.75,-0.000793398921,0.5203110124,821,0.5211044113,0,13,0,0,1,0,1000.25,1000.25,0,833,1579,6.749393463
1650,0,1000.25,20678,0,19677.75,0,12.48984449,19677.75,12.48984449,0.03308823529,385.9669118,0,0,1,0,1000.25,1000.25,0,833,1580,6.753349543
1651,0,1000.25,1002,0,1.75,0,0.001110758489,1.75,0.001110758489,0.1458333333,0.1458333333,0,0,1,0,1000.25,1000.25,0,833,1581,6.757374763
1652,0,1000.25,2425,0,1424.75,0,0.9043160901,1424.75,0.9043160901,0.1458333333,22.85416667,0,0,1,0,1000.25,1000.25,0,833,1582,6.761327028
1653,0,1000.25,991,0,-9.25,0,-0.005871152015,-9.25,-0.005871152015,0.1360294118,0.1360294118,0,0,1,0,1000.25,1000.25,0,833,1583,6.765621662
1654,0,991,1608,-9.25,607.75,-0.005871152015,0.3857505554,617,0.3916217074,0,10,0,0,1,0,1000.25,1000.25,0,833,1584,6.769593954
1655,0,1000.25,990,0,-10.25,0,-0.006505871152,-10.25,-0.006505871152,0.1507352941,0.1507352941,0,0,1,0,1000.25,1000.25,0,833,1585,6.773393869
1656,0,990,1813,-10.25,812.75,-0.006505871152,0.5158679784,823,0.5223738496,0,13,0,0,1,0,1000.25,1000.25,0,833,1586,6.777362108
1657,0,1000.25,21435,0,20434.75,0,12.97032688,20434.75,12.97032688,0.1360294118,397.1360294,0,0,1,0,1000.25,1000.25,0,833,1587,6.781261683
1658,0,1000.25,1004,0,3.75,0,0.002380196763,3.75,0.002380196763,0.3125,0.3125,0,0,1,0,1000.25,1000.25,0,833,1588,6.785525799
1659,0,1000.25,1948,0,947.75,0,0.6015550619,947.75,0.6015550619,0.3125,15.6875,0,0,1,0,1000.25,1000.25,0,833,1589,6.789630413
1660,0,1000.25,991,0,-9.25,0,-0.005871152015,-9.25,-0.005871152015,0.1360294118,0.1360294118,0,0,1,0,1000.25,1000.25,0,833,1590,6.793980837
1661,0,991,1950,-9.25,949.75,-0.005871152015,0.6028245002,959,0.6086956522,0,15,0,0,1,0,1000.25,1000.25,0,833,1591,6.798120975
1662,0,1000.25,992,0,-8.25,0,-0.005236432878,-8.25,-0.005236432878,0.1213235294,0.1213235294,0,0,1,0,1000.25,1000.25,0,833,1592,6.801993847
1663,0,992,2697,-8.25,1696.75,-0.005236432878,1.076959695,1705,1.082196128,0,26,0,0,1,0,1000.25,1000.25,0,833,1593,6.806132793
1664,0,1000.25,19845,0,18844.75,0,11.96112345,18844.75,11.96112345,0.1360294118,404.8639706,0,0,1,0,1000.25,1000.25,0,833,1594,6.810109138
1665,0,1000.25,1006,0,5.75,0,0.003649635036,5.75,0.003649635036,0.5,0.5,0,0,1,0,1000.25,1000.25,0,833,1595,6.814318657
1666,0,1000.25,2755,0,1754.75,0,1.113773405,1754.75,1.113773405,0.5,28.5,0,0,1,0,1000.25,1000.25,0,833,1596,6.818335772
1667,0,1000.25,983,0,-17.25,0,-0.01094890511,-17.25,-0.01094890511,0.5149253731,0.5149253731,0,0,1,0,1000.25,1000.25,0,833,1597,6.822727442
1668,0,983,2214,-17.25,1213.75,-0.01094890511,0.7703903523,1231,0.7813392574,0,19,0,0,1,0,1000.25,1000.25,0,833,1598,6.826998472
1669,0,1000.25,984,0,-16.25,0,-0.01031418597,-16.25,-0.01031418597,0.2389705882,0.2389705882,0,0,1,0,1000.25,1000.25,0,833,1599,6.830833197
1670,0,984,2756,-16.25,1755.75,-0.01031418597,1.114408124,1772,1.12472231,0,27,0,0,1,0,1000.25,1000.25,0,833,1600,6.834899664
1671,0,1000.25,23214,0,22213.75,0,14.09949222,22213.75,14.09949222,0.2574626866,423.7425373,0,0,1,0,1000.25,1000.25,0,833,1601,6.838900089
1672,0,1000.25,1005,0,4.75,0,0.0030149159,4.75,0.0030149159,0.7916666667,0.7916666667,0,0,1,0,1000.25,1000.25,0,833,1602,6.843254328
1673,0,1000.25,2156,0,1155.75,0,0.7335766423,1155.75,0.7335766423,0.3958333333,18.60416667,0,0,1,0,1000.25,1000.25,0,833,1603,6.847625256
1674,0,1000.25,994,0,-6.25,0,-0.003966994605,-6.25,-0.003966994605,0.09191176471,0.09191176471,0,0,1,0,1000.25,1000.25,0,833,1604,6.85205555
1675,0,994,1679,-6.25,678.75,-0.003966994605,0.4308156141,685,0.4347826087,0,11,0,0,1,0,1000.25,1000.25,0,833,1605,6.856660604
1676,0,1000.25,993,0,-7.25,0,-0.004601713742,-7.25,-0.004601713742,0.1066176471,0.1066176471,0,0,1,0,1000.25,1000.25,0,833,1606,6.860560179
1677,0,993,2224,-7.25,1223.75,-0.004601713742,0.7767375436,1231,0.7813392574,0,19,0,0,1,0,1000.25,1000.25,0,833,1607,6.865111351
1678,0,1000.25,21985,0,20984.75,0,13.31942241,20984.75,13.31942241,0.09191176471,395.9080882,0,0,1,0,1000.25,1000.25,0,833,1608,6.86913538
1679,0,1000.25,991,0,-9.25,0,-0.005871152015,-9.25,-0.005871152015,0.6607142857,0.6607142857,0,0,1,0,1000.25,1000.25,0,833,1609,6.873184204
1680,0,991,1880,-9.25,879.75,-0.005871152015,0.5583941606,889,0.5642653126,0,14,0,0,1,0,1000.25,1000.25,0,833,1610,6.877428055
1681,0,1000.25,990,0,-10.25,0,-0.006505871152,-10.25,-0.006505871152,0.1507352941,0.1507352941,0,0,1,0,1000.25,1000.25,0,833,1611,6.881250381
1682,0,990,2425,-10.25,1424.75,-0.006505871152,0.9043160901,1435,0.9108219613,0,22,0,0,1,0,1000.25,1000.25,0,833,1612,6.885223389
1683,0,1000.25,21365,0,20364.75,0,12.92589654,20364.75,12.92589654,0.1360294118,404.8639706,0,0,1,0,1000.25,1000.25,0,833,1613,6.889137983
1684,0,1000.25,1006,0,5.75,0,0.003649635036,5.75,0.003649635036,0.4107142857,0.4107142857,0,0,1,0,1000.25,1000.25,0,833,1614,6.893065691
1685,0,1000.25,2426,0,1425.75,0,0.9049508093,1425.75,0.9049508093,0.4107142857,22.58928571,0,0,1,0,1000.25,1000.25,0,833,1615,6.896952868
1686,0,1000.25,993,0,-7.25,0,-0.004601713742,-7.25,-0.004601713742,0.1066176471,0.1066176471,0,0,1,0,1000.25,1000.25,0,833,1616,6.901039839
1687,0,993,1882,-7.25,881.75,-0.004601713742,0.5596635989,889,0.5642653126,0,14,0,0,1,0,1000.25,1000.25,0,833,1617,6.905005932
1688,0,1000.25,992,0,-8.25,0,-0.005236432878,-8.25,-0.005236432878,0.1213235294,0.1213235294,0,0,1,0,1000.25,1000.25,0,833,1618,6.908816576
1689,0,992,2019,-8.25,1018.75,-0.005236432878,0.6466201206,1027,0.6518565535,0,16,0,0,1,0,1000.25,1000.25,0,833,1619,6.912786722
1690,0,1000.25,22340,0,21339.75,0,13.5447477,21339.75,13.5447477,0.1066176471,429.1066176,0,0,1,0,1000.25,1000.25,0,833,1620,6.916690111
1691,0,1000.25,1000,0,-0.25,0,-0.0001586797842,-0.25,-0.0001586797842,0.02083333333,0.02083333333,0,0,1,0,1000.25,1000.25,0,833,1621,6.920952082
1692,0,1000,2977,-0.25,1976.75,-0.0001586797842,1.254681054,1977,1.254839733,0,30,0,0,1,0,1000.25,1000.25,0,833,1622,6.925312281
1693,0,1000.25,1001,0,0.75,0,0.0004760393526,0.75,0.0004760393526,0.0625,0.0625,0,0,1,0,1000.25,1000.25,0,833,1623,6.929243565
1694,0,1000.25,1810,0,809.75,0,0.513963821,809.75,0.513963821,0.0625,12.9375,0,0,1,0,1000.25,1000.25,0,833,1624,6.93307519
1695,0,1000.25,989,0,-11.25,0,-0.007140590289,-11.25,-0.007140590289,0.1654411765,0.1654411765,0,0,1,0,1000.25,1000.25,0,833,1625,6.937326193
1696,0,989,2626,-11.25,1625.75,-0.007140590289,1.031894637,1637,1.039035227,0,25,0,0,1,0,1000.25,1000.25,0,833,1626,6.941775799
1697,0,1000.25,988,0,-12.25,0,-0.007775309426,-12.25,-0.007775309426,0.1801470588,0.1801470588,0,0,1,0,1000.25,1000.25,0,833,1627,6.945848942
1698,0,988,1743,-12.25,742.75,-0.007775309426,0.4714376388,755,0.4792129483,0,12,0,0,1,0,1000.25,1000.25,0,833,1628,6.949861526
1699,0,1000.25,21035,0,20034.75,0,12.71643923,20034.75,12.71643923,0.1654411765,391.1654412,0,0,1,0,1000.25,1000.25,0,833,1629,6.953778267
1700,0,1000.25,1001,0,0.75,0,0.0004760393526,0.75,0.0004760393526,0.05357142857,0.05357142857,0,0,1,0,1000.25,1000.25,0,833,1630,6.957921743
1701,0,1000.25,1875,0,874.75,0,0.5552205649,874.75,0.5552205649,0.05357142857,14.94642857,0,0,1,0,1000.25,1000.25,0,833,1631,6.961815834
1702,0,1000.25,986,0,-14.25,0,-0.009044747699,-14.25,-0.009044747699,0.2095588235,0.2095588235,0,0,1,0,1000.25,1000.25,0,833,1632,6.965960264
1703,0,986,2421,-14.25,1420.75,-0.009044747699,0.9017772136,1435,0.9108219613,0,22,0,0,1,0,1000.25,1000.25,0,833,1633,6.9699471
1704,0,1000.25,987,0,-13.25,0,-0.008410028562,-13.25,-0.008410028562,0.1948529412,0.1948529412,0,0,1,0,1000.25,1000.25,0,833,1634,6.973765135
1705,0,987,2284,-13.25,1283.75,-0.008410028562,0.8148206918,1297,0.8232307204,0,20,0,0,1,0,1000.25,1000.25,0,833,1635,6.977732182
1706,0,1000.25,22278,0,21277.75,0,13.50539511,21277.75,13.50539511,0.2095588235,412.2095588,0,0,1,0,1000.25,1000.25,0,833,1636,6.981633186
1707,0,1000.25,1003,0,2.75,0,0.001745477626,2.75,0.001745477626,0.1833333333,0.1833333333,0,0,1,0,1000.25,1000.25,0,833,1637,6.985774279
1708,0,1000.25,2151,0,1150.75,0,0.7304030467,1150.75,0.7304030467,0.1833333333,18.81666667,0,0,1,0,1000.25,1000.25,0,833,1638,6.989778757
1709,0,1000.25,989,0,-11.25,0,-0.007140590289,-11.25,-0.007140590289,0.1654411765,0.1654411765,0,0,1,0,1000.25,1000.25,0,833,1639,6.993899107
1710,0,989,2694,-11.25,1693.75,-0.007140590289,1.075055538,1705,1.082196128,0,26,0,0,1,0,1000.25,1000.25,0,833,1640,6.998315334
1711,0,1000.25,988,0,-12.25,0,-0.007775309426,-12.25,-0.007775309426,0.1801470588,0.1801470588,0,0,1,0,1000.25,1000.25,0,833,1641,7.002178192
1712,0,988,1743,-12.25,742.75,-0.007775309426,0.4714376388,755,0.4792129483,0,12,0,0,1,0,1000.25,1000.25,0,833,1642,7.006621122
1713,0,1000.25,18967,0,17966.75,0,11.40384005,17966.75,11.40384005,0.1654411765,360.1654412,0,0,1,0,1000.25,1000.25,0,833,1643,7.010551453
1714,0,1000.25,997,0,-3.25,0,-0.002062837195,-3.25,-0.002062837195,0.25,0.25,0,0,1,0,1000.25,1000.25,0,833,1644,7.014797688
1715,0,997,2634,-3.25,1633.75,-0.002062837195,1.03697239,1637,1.039035227,0,25,0,0,1,0,1000.25,1000.25,0,833,1645,7.019129753
1716,0,1000.25,996,0,-4.25,0,-0.002697556331,-4.25,-0.002697556331,0.0625,0.0625,0,0,1,0,1000.25,1000.25,0,833,1646,7.022945642
1717,0,996,2499,-4.25,1498.75,-0.002697556331,0.9512853063,1503,0.9539828626,0,23,0,0,1,0,1000.25,1000.25,0,833,1647,7.02691412
1718,0,1000.25,21429,0,20428.75,0,12.96651857,20428.75,12.96651857,0.04779411765,387.0477941,0,0,1,0,1000.25,1000.25,0,833,1648,7.030816317
1719,0,1000.25,1007,0,6.75,0,0.004284354173,6.75,0.004284354173,0.5,0.5,0,0,1,0,1000.25,1000.25,0,833,1649,7.03495121
1720,0,1000.25,2277,0,1276.75,0,0.8103776579,1276.75,0.8103776579,0.5,20.5,0,0,1,0,1000.25,1000.25,0,833,1650,7.038858414
1721,0,1000.25,980,0,-20.25,0,-0.01285306252,-20.25,-0.01285306252,0.2977941176,0.2977941176,0,0,1,0,1000.25,1000.25,0,833,1651,7.043046474
1722,0,980,2005,-20.25,1004.75,-0.01285306252,0.6377340527,1025,0.6505871152,0,16,0,0,1,0,1000.25,1000.25,0,833,1652,7.047017336
1723,0,1000.25,979,0,-21.25,0,-0.01348778166,-21.25,-0.01348778166,0.3125,0.3125,0,0,1,0,1000.25,1000.25,0,833,1653,7.050822258
1724,0,979,1598,-21.25,597.75,-0.01348778166,0.379403364,619,0.3928911457,0,10,0,0,1,0,1000.25,1000.25,0,833,1654,7.054818153
1725,0,1000.25,23595,0,22594.75,0,14.34132022,22594.75,14.34132022,0.2977941176,447.7022059,0,0,1,0,1000.25,1000.25,0,833,1655,7.058731318
1726,0,1000.25,1000,0,-0.25,0,-0.0001586797842,-0.25,-0.0001586797842,0.01666666667,0.01666666667,0,0,1,0,1000.25,1000.25,0,833,1656,7.062756538
1727,0,1000,2025,-0.25,1024.75,-0.0001586797842,0.6504284354,1025,0.6505871152,0,16,0,0,1,0,1000.25,1000.25,0,833,1657,7.067182541
1728,0,1000.25,999,0,-1.25,0,-0.000793398921,-1.25,-0.000793398921,0.01838235294,0.01838235294,0,0,1,0,1000.25,1000.25,0,833,1658,7.071022749
1729,0,999,2570,-1.25,1569.75,-0.000793398921,0.996350365,1571,0.9971437639,0,24,0,0,1,0,1000.25,1000.25,0,833,1659,7.075000525
1730,0,1000.25,23757,0,22756.75,0,14.44414472,22756.75,14.44414472,0.003676470588,425.0036765,0,0,1,0,1000.25,1000.25,0,833,1660,7.078911304
1731,0,1000.25,1004,0,3.75,0,0.002380196763,3.75,0.002380196763,0.2678571429,0.2678571429,0,0,1,0,1000.25,1000.25,0,833,1661,7.083143473
1732,0,1000.25,1946,0,945.75,0,0.6002856236,945.75,0.6002856236,0.2678571429,15.73214286,0,0,1,0,1000.25,1000.25,0,833,1662,7.087043524
1733,0,1000.25,989,0,-11.25,0,-0.007140590289,-11.25,-0.007140590289,0.1654411765,0.1654411765,0,0,1,0,1000.25,1000.25,0,833,1663,7.091326475
1734,0,989,2830,-11.25,1829.75,-0.007140590289,1.161377341,1841,1.168517931,0,28,0,0,1,0,1000.25,1000.25,0,833,1664,7.095306396
1735,0,1000.25,990,0,-10.25,0,-0.006505871152,-10.25,-0.006505871152,0.1529850746,0.1529850746,0,0,1,0,1000.25,1000.25,0,833,1665,7.099123716
1736,0,990,2423,-10.25,1422.75,-0.006505871152,0.9030466519,1433,0.909552523,0,22,0,0,1,0,1000.25,1000.25,0,833,1666,7.103108168
1737,0,1000.25,21791,0,20790.75,0,13.19628689,20790.75,13.19628689,0.1654411765,404.1654412,0,0,1,0,1000.25,1000.25,0,833,1667,7.107005596
1738,0,1000.25,995,0,-5.25,0,-0.003332275468,-5.25,-0.003332275468,0.4038461538,0.4038461538,0,0,1,0,1000.25,1000.25,0,833,1668,7.111207485
1739,0,995,2702,-5.25,1701.75,-0.003332275468,1.080133291,1707,1.083465566,0,26,0,0,1,0,1000.25,1000.25,0,833,1669,7.115618706
1740,0,1000.25,996,0,-4.25,0,-0.002697556331,-4.25,-0.002697556331,0.0625,0.0625,0,0,1,0,1000.25,1000.25,0,833,1670,7.119455814
1741,0,996,2497,-4.25,1496.75,-0.002697556331,0.950015868,1501,0.9527134243,0,23,0,0,1,0,1000.25,1000.25,0,833,1671,7.123425961
1742,0,1000.25,23018,0,22017.75,0,13.97508727,22017.75,13.97508727,0.07720588235,428.0772059,0,0,1,0,1000.25,1000.25,0,833,1672,7.127330303
1743,0,1000.25,999,0,-1.25,0,-0.000793398921,-1.25,-0.000793398921,0.1041666667,0.1041666667,0,0,1,0,1000.25,1000.25,0,833,1673,7.131750822
1744,0,999,2298,-1.25,1297.75,-0.000793398921,0.8237067598,1299,0.8245001587,0,20,0,0,1,0,1000.25,1000.25,0,833,1674,7.136321783
1745,0,1000.25,1000,0,-0.25,0,-0.0001586797842,-0.25,-0.0001586797842,0.003676470588,0.003676470588,0,0,1,0,1000.25,1000.25,0,833,1675,7.140181303
1746,0,1000,1889,-0.25,888.75,-0.0001586797842,0.5641066328,889,0.5642653126,0,14,0,0,1,0,1000.25,1000.25,0,833,1676,7.144245386
1747,0,1000.25,21376,0,20375.75,0,12.93287845,20375.75,12.93287845,0.01838235294,416.9816176,0,0,1,0,1000.25,1000.25,0,833,1677,7.148162842
1748,0,1000.25,999,0,-1.25,0,-0.000793398921,-1.25,-0.000793398921,0.09615384615,0.09615384615,0,0,1,0,1000.25,1000.25,0,833,1678,7.152169466
1749,0,999,2840,-1.25,1839.75,-0.000793398921,1.167724532,1841,1.168517931,0,28,0,0,1,0,1000.25,1000.25,0,833,1679,7.156581163
1750,0,1000.25,1000,0,-0.25,0,-0.0001586797842,-0.25,-0.0001586797842,0.003731343284,0.003731343284,0,0,1,0,1000.25,1000.25,0,833,1680,7.16039896
1751,0,1000,2772,-0.25,1771.75,-0.0001586797842,1.124563631,1772,1.12472231,0,27,0,0,1,0,1000.25,1000.25,0,833,1681,7.164859533
1752,0,1000.25,21595,0,20594.75,0,13.07188194,20594.75,13.07188194,0.01865671642,410.0186567,0,0,1,0,1000.25,1000.25,0,833,1682,7.168844938
1753,0,1000.25,1005,0,4.75,0,0.0030149159,4.75,0.0030149159,0.3653846154,0.3653846154,0,0,1,0,1000.25,1000.25,0,833,1683,7.173120737
1754,0,1000.25,1815,0,814.75,0,0.5171374167,814.75,0.5171374167,0.3653846154,13.63461538,0,0,1,0,1000.25,1000.25,0,833,1684,7.177150965
1755,0,1000.25,993,0,-7.25,0,-0.004601713742,-7.25,-0.004601713742,0.1066176471,0.1066176471,0,0,1,0,1000.25,1000.25,0,833,1685,7.181602001
1756,0,993,2562,-7.25,1561.75,-0.004601713742,0.9912726119,1569,0.9958743256,0,24,0,0,1,0,1000.25,1000.25,0,833,1686,7.186216354
1757,0,1000.25,992,0,-8.25,0,-0.005236432878,-8.25,-0.005236432878,0.1213235294,0.1213235294,0,0,1,0,1000.25,1000.25,0,833,1687,7.19013381
1758,0,992,2427,-8.25,1426.75,-0.005236432878,0.9055855284,1435,0.9108219613,0,22,0,0,1,0,1000.25,1000.25,0,833,1688,7.19473958
1759,0,1000.25,19298,0,18297.75,0,11.61393209,18297.75,11.61393209,0.1066176471,378.8933824,0,0,1,0,1000.25,1000.25,0,833,1689,7.198735952
1760,0,1000.25,990,0,-10.25,0,-0.006505871152,-10.25,-0.006505871152,0.7884615385,0.7884615385,0,0,1,0,1000.25,1000.25,0,833,1690,7.202940702
1761,0,990,2965,-10.25,1964.75,-0.006505871152,1.247064424,1975,1.253570295,0,30,0,0,1,0,1000.25,1000.25,0,833,1691,7.208075285
1762,0,1000.25,990,0,-10.25,0,-0.006505871152,-10.25,-0.006505871152,0.3059701493,0.3059701493,0,0,1,0,1000.25,1000.25,0,833,1692,7.212046146
1763,0,990,2289,-10.25,1288.75,-0.006505871152,0.8179942875,1299,0.8245001587,0,20,0,0,1,0,1000.25,1000.25,0,833,1693,7.216261148
1764,0,1000.25,991,0,-9.25,0,-0.005871152015,-9.25,-0.005871152015,0.1360294118,0.1360294118,0,0,1,0,1000.25,1000.25,0,833,1694,7.220107794
1765,0,991,2016,-9.25,1015.75,-0.005871152015,0.6447159632,1025,0.6505871152,0,16,0,0,1,0,1000.25,1000.25,0,833,1695,7.22453475
1766,0,1000.25,22906,0,21905.75,0,13.90399873,21905.75,13.90399873,0.1507352941,421.1507353,0,0,1,0,1000.25,1000.25,0,833,1696,7.228517056
1767,0,1000.25,999,0,-1.25,0,-0.000793398921,-1.25,-0.000793398921,0.1041666667,0.1041666667,0,0,1,0,1000.25,1000.25,0,833,1697,7.232755423
1768,0,999,2773,-1.25,1772.75,-0.000793398921,1.12519835,1774,1.125991749,0,27,0,0,1,0,1000.25,1000.25,0,833,1698,7.23707962
1769,0,1000.25,1000,0,-0.25,0,-0.0001586797842,-0.25,-0.0001586797842,0.003731343284,0.003731343284,0,0,1,0,1000.25,1000.25,0,833,1699,7.240894794
1770,0,1000,2229,-0.25,1228.75,-0.0001586797842,0.7799111393,1229,0.7800698191,0,19,0,0,1,0,1000.25,1000.25,0,833,1700,7.244875193
1771,0,1000.25,23446,0,22445.75,0,14.24674706,22445.75,14.24674706,0.01838235294,419.0183824,0,0,1,0,1000.25,1000.25,0,833,1701,7.248786211
1772,0,1000.25,1001,0,0.75,0,0.0004760393526,0.75,0.0004760393526,0.0625,0.0625,0,0,1,0,1000.25,1000.25,0,833,1702,7.253082752
1773,0,1000.25,2627,0,1626.75,0,1.032529356,1626.75,1.032529356,0.0625,24.9375,0,0,1,0,1000.25,1000.25,0,833,1703,7.25697422
1774,0,1000.25,989,0,-11.25,0,-0.007140590289,-11.25,-0.007140590289,0.1654411765,0.1654411765,0,0,1,0,1000.25,1000.25,0,833,1704,7.261208057
1775,0,989,1744,-11.25,743.75,-0.007140590289,0.472072358,755,0.4792129483,0,12,0,0,1,0,1000.25,1000.25,0,833,1705,7.265209198
1776,0,1000.25,990,0,-10.25,0,-0.006505871152,-10.25,-0.006505871152,0.1507352941,0.1507352941,0,0,1,0,1000.25,1000.25,0,833,1706,7.269038439
1777,0,990,2287,-10.25,1286.75,-0.006505871152,0.8167248493,1297,0.8232307204,0,20,0,0,1,0,1000.25,1000.25,0,833,1707,7.273007393
1778,0,1000.25,22978,0,21977.75,0,13.94969851,21977.75,13.94969851,0.1654411765,451.8345588,0,0,1,0,1000.25,1000.25,0,833,1708,7.276912212
1779,0,1000.25,998,0,-2.25,0,-0.001428118058,-2.25,-0.001428118058,0.1875,0.1875,0,0,1,0,1000.25,1000.25,0,833,1709,7.281013966
1780,0,998,1685,-2.25,684.75,-0.001428118058,0.4346239289,687,0.436052047,0,11,0,0,1,0,1000.25,1000.25,0,833,1710,7.285476208
1781,0,1000.25,999,0,-1.25,0,-0.000793398921,-1.25,-0.000793398921,0.01838235294,0.01838235294,0,0,1,0,1000.25,1000.25,0,833,1711,7.289331198
1782,0,999,2636,-1.25,1635.75,-0.000793398921,1.038241828,1637,1.039035227,0,25,0,0,1,0,1000.25,1000.25,0,833,1712,7.293478727
1783,0,1000.25,22425,0,21424.75,0,13.59869883,21424.75,13.59869883,0.03308823529,427.0330882,0,0,1,0,1000.25,1000.25,0,833,1713,7.297462463
1784,0,1000.25,1006,0,5.75,0,0.003649635036,5.75,0.003649635036,0.4423076923,0.4423076923,0,0,1,0,1000.25,1000.25,0,833,1714,7.301766157
1785,0,1000.25,2021,0,1020.75,0,0.6478895589,1020.75,0.6478895589,0.4423076923,16.55769231,0,0,1,0,1000.25,1000.25,0,833,1715,7.306009293
1786,0,1000.25,994,0,-6.25,0,-0.003966994605,-6.25,-0.003966994605,0.09191176471,0.09191176471,0,0,1,0,1000.25,1000.25,0,833,1716,7.31030798
1787,0,994,1747,-6.25,746.75,-0.003966994605,0.4739765154,753,0.47794351,0,12,0,0,1,0,1000.25,1000.25,0,833,1717,7.314765215
1788,0,1000.25,993,0,-7.25,0,-0.004601713742,-7.25,-0.004601713742,0.1066176471,0.1066176471,0,0,1,0,1000.25,1000.25,0,833,1718,7.31870389
1789,0,993,2088,-7.25,1087.75,-0.004601713742,0.690415741,1095,0.6950174548,0,17,0,0,1,0,1000.25,1000.25,0,833,1719,7.323192596
1790,0,1000.25,20497,0,19496.75,0,12.37496033,19496.75,12.37496033,0.09191176471,395.0919118,0,0,1,0,1000.25,1000.25,0,833,1720,7.327282429
1791,0,1000.25,999,0,-1.25,0,-0.000793398921,-1.25,-0.000793398921,0.1041666667,0.1041666667,0,0,1,0,1000.25,1000.25,0,833,1721,7.33156991
1792,0,999,1820,-1.25,819.75,-0.000793398921,0.5203110124,821,0.5211044113,0,13,1,2,0,0,1000.25,1000.25,0,833,1722,7.336285591
1793,0,1000.25,21271,0,20270.75,0,12.86623294,20270.75,12.86623294,0.01838235294,392.9816176,0,0,1,0,1000.25,1000.25,0,833,1723,7.340255022
1794,0,1000.25,1004,0,3.75,0,0.002380196763,3.75,0.002380196763,0.2884615385,0.2884615385,0,0,1,0,1000.25,1000.25,0,833,1724,7.344348431
1795,0,1000.25,2561,0,1560.75,0,0.9906378927,1560.75,0.9906378927,0.2884615385,24.71153846,1,2,0,0,1000.25,1000.25,0,833,1725,7.348263979
1796,0,1000.25,991,0,-9.25,0,-0.005871152015,-9.25,-0.005871152015,0.1360294118,0.1360294118,0,0,1,0,1000.25,1000.25,0,833,1726,7.352608204
1797,0,991,2220,-9.25,1219.75,-0.005871152015,0.7741986671,1229,0.7800698191,0,19,1,2,0,0,1000.25,1000.25,0,833,1727,7.356743574
1798,0,1000.25,22484,0,21483.75,0,13.63614725,21483.75,13.63614725,0.1360294118,425.8639706,0,0,1,0,1000.25,1000.25,0,833,1728,7.360741138
1799,0,1000.25,1021,0,20.75,0,0.01317042209,20.75,0.01317042209,1.596153846,1.596153846,0,0,1,0,1000.25,1000.25,0,833,1729,7.364873171
1800,0,1000.25,2539,0,1538.75,0,0.9766740717,1538.75,0.9766740717,1.596153846,26.40384615,1,2,0,0,1000.25,1000.25,0,833,1730,7.36890769
1801,0,1000.25,969,0,-31.25,0,-0.01983497302,-31.25,-0.01983497302,0.4595588235,0.4595588235,0,0,1,0,1000.25,1000.25,0,833,1731,7.373272896
1802,0,969,2062,-31.25,1061.75,-0.01983497302,0.6739130435,1093,0.6937480165,0,17,1,2,0,0,1000.25,1000.25,0,833,1732,7.377411127
1803,0,1000.25,20845,0,19844.75,0,12.59584259,19844.75,12.59584259,0.4595588235,413.5404412,0,0,1,0,1000.25,1000.25,0,833,1733,7.381373882
1804,0,1000.25,1001,0,0.75,0,0.0004760393526,0.75,0.0004760393526,0.05769230769,0.05769230769,0,0,1,0,1000.25,1000.25,0,833,1734,7.385597944
1805,0,1000.25,2763,0,1762.75,0,1.118851158,1762.75,1.118851158,0.05769230769,27.94230769,0,0,1,0,1000.25,1000.25,0,833,1735,7.389722109
1806,0,1000.25,989,0,-11.25,0,-0.007140590289,-11.25,-0.007140590289,0.1679104478,0.1679104478,0,0,1,0,1000.25,1000.25,0,833,1736,7.394103289
1807,0,989,2150,-11.25,1149.75,-0.007140590289,0.7297683275,1161,0.7369089178,0,18,0,0,1,0,1000.25,1000.25,0,833,1737,7.398830891
1808,0,1000.25,988,0,-12.25,0,-0.007775309426,-12.25,-0.007775309426,0.1801470588,0.1801470588,0,0,1,0,1000.25,1000.25,0,833,1738,7.402821541
1809,0,988,2287,-12.25,1286.75,-0.007775309426,0.8167248493,1299,0.8245001587,0,20,0,0,1,0,1000.25,1000.25,0,833,1739,7.407203197
1810,0,1000.25,21357,0,20356.75,0,12.92081879,20356.75,12.92081879,0.1654411765,419.8345588,0,0,1,0,1000.25,1000.25,0,833,1740,7.411159754
1811,0,1000.25,1004,0,3.75,0,0.002380196763,3.75,0.002380196763,0.3125,0.3125,0,0,1,0,1000.25,1000.25,0,833,1741,7.415336132
1812,0,1000.25,2833,0,1832.75,0,1.163281498,1832.75,1.163281498,0.3125,28.6875,0,0,1,0,1000.25,1000.25,0,833,1742,7.419471025
1813,0,1000.25,993,0,-7.25,0,-0.004601713742,-7.25,-0.004601713742,0.1082089552,0.1082089552,0,0,1,0,1000.25,1000.25,0,833,1743,7.424026728
1814,0,993,2698,-7.25,1697.75,-0.004601713742,1.077594414,1705,1.082196128,0,26,0,0,1,0,1000.25,1000.25,0,833,1744,7.428385019
1815,0,1000.25,992,0,-8.25,0,-0.005236432878,-8.25,-0.005236432878,0.1213235294,0.1213235294,0,0,1,0,1000.25,1000.25,0,833,1745,7.432453632
1816,0,992,2155,-8.25,1154.75,-0.005236432878,0.7329419232,1163,0.7381783561,0,18,0,0,1,0,1000.25,1000.25,0,833,1746,7.436426163
1817,0,1000.25,22459,0,21458.75,0,13.62027928,21458.75,13.62027928,0.1066176471,415.8933824,0,0,1,0,1000.25,1000.25,0,833,1747,7.440355778
1818,0,1000.25,995,0,-5.25,0,-0.003332275468,-5.25,-0.003332275468,0.375,0.375,0,0,1,0,1000.25,1000.25,0,833,1748,7.444404364
1819,0,995,1748,-5.25,747.75,-0.003332275468,0.4746112345,753,0.47794351,0,12,1,1,0,0,1000.25,1000.25,0,833,1749,7.448801279
1820,0,1000.25,995,0,-5.25,0,-0.003332275468,-5.25,-0.003332275468,0.07720588235,0.07720588235,0,0,1,0,1000.25,1000.25,0,833,1750,7.452657461
1821,0,995,1954,-5.25,953.75,-0.003332275468,0.6053633767,959,0.6086956522,0,15,0,0,1,0,1000.25,1000.25,0,833,1751,7.45699048
1822,0,1000.25,996,0,-4.25,0,-0.002697556331,-4.25,-0.002697556331,0.0625,0.0625,0,0,1,0,1000.25,1000.25,0,833,1752,7.460818052
1823,0,996,1953,-4.25,952.75,-0.002697556331,0.6047286576,957,0.6074262139,0,15,0,0,1,0,1000.25,1000.25,0,833,1753,7.464806557
1824,0,1000.25,18827,0,17826.75,0,11.31497937,17826.75,11.31497937,0.07720588235,362.0772059,0,0,1,0,1000.25,1000.25,0,833,1754,7.468705893
1825,0,1000.25,1001,0,0.75,0,0.0004760393526,0.75,0.0004760393526,0.05769230769,0.05769230769,0,0,1,0,1000.25,1000.25,0,833,1755,7.472945213
1826,0,1000.25,2626,0,1625.75,0,1.031894637,1625.75,1.031894637,0.05769230769,25.94230769,0,0,1,0,1000.25,1000.25,0,833,1756,7.47699976
1827,0,1000.25,989,0,-11.25,0,-0.007140590289,-11.25,-0.007140590289,0.1654411765,0.1654411765,0,0,1,0,1000.25,1000.25,0,833,1757,7.481292963
1828,0,989,2828,-11.25,1827.75,-0.007140590289,1.160107902,1839,1.167248493,0,28,0,0,1,0,1000.25,1000.25,0,833,1758,7.485398531
1829,0,1000.25,988,0,-12.25,0,-0.007775309426,-12.25,-0.007775309426,0.1828358209,0.1828358209,0,0,1,0,1000.25,1000.25,0,833,1759,7.489249945
1830,0,988,1811,-12.25,810.75,-0.007775309426,0.5145985401,823,0.5223738496,0,13,0,0,1,0,1000.25,1000.25,0,833,1760,7.493711948
1831,0,1000.25,21252,0,20251.75,0,12.85417328,20251.75,12.85417328,0.1654411765,378.8345588,0,0,1,0,1000.25,1000.25,0,833,1761,7.497680426
1832,0,1000.25,1004,0,3.75,0,0.002380196763,3.75,0.002380196763,0.2884615385,0.2884615385,0,0,1,0,1000.25,1000.25,0,833,1762,7.501768827
1833,0,1000.25,2559,0,1558.75,0,0.9893684545,1558.75,0.9893684545,0.2884615385,24.71153846,0,0,1,0,1000.25,1000.25,0,833,1763,7.505732298
1834,0,1000.25,990,0,-10.25,0,-0.006505871152,-10.25,-0.006505871152,0.1507352941,0.1507352941,0,0,1,0,1000.25,1000.25,0,833,1764,7.50988698
1835,0,990,2764,-10.25,1763.75,-0.006505871152,1.119485877,1774,1.125991749,0,27,0,0,1,0,1000.25,1000.25,0,833,1765,7.514338732
1836,0,1000.25,991,0,-9.25,0,-0.005871152015,-9.25,-0.005871152015,0.1380597015,0.1380597015,0,0,1,0,1000.25,1000.25,0,833,1766,7.518230677
1837,0,991,2016,-9.25,1015.75,-0.005871152015,0.6447159632,1025,0.6505871152,0,16,0,0,1,0,1000.25,1000.25,0,833,1767,7.52219677
1838,0,1000.25,20653,0,19652.75,0,12.47397652,19652.75,12.47397652,0.1507352941,376.1507353,0,0,1,0,1000.25,1000.25,0,833,1768,7.526100159
1839,0,1000.25,1006,0,5.75,0,0.003649635036,5.75,0.003649635036,0.4791666667,0.4791666667,0,0,1,0,1000.25,1000.25,0,833,1769,7.530449867
1840,0,1000.25,2225,0,1224.75,0,0.7773722628,1224.75,0.7773722628,0.4791666667,19.52083333,0,0,1,0,1000.25,1000.25,0,833,1770,7.53454566
1841,0,1000.25,995,0,-5.25,0,-0.003332275468,-5.25,-0.003332275468,0.07720588235,0.07720588235,0,0,1,0,1000.25,1000.25,0,833,1771,7.538784981
1842,0,995,2564,-5.25,1563.75,-0.003332275468,0.9925420501,1569,0.9958743256,0,24,0,0,1,0,1000.25,1000.25,0,833,1772,7.543300629
1843,0,1000.25,994,0,-6.25,0,-0.003966994605,-6.25,-0.003966994605,0.09191176471,0.09191176471,0,0,1,0,1000.25,1000.25,0,833,1773,7.547458649
1844,0,994,2565,-6.25,1564.75,-0.003966994605,0.9931767693,1571,0.9971437639,0,24,0,0,1,0,1000.25,1000.25,0,833,1774,7.551982164
1845,0,1000.25,22725,0,21724.75,0,13.78911457,21724.75,13.78911457,0.07720588235,414.0772059,0,0,1,0,1000.25,1000.25,0,833,1775,7.556015015
1846,0,1000.25,1005,0,4.75,0,0.0030149159,4.75,0.0030149159,0.3653846154,0.3653846154,0,0,1,0,1000.25,1000.25,0,833,1776,7.560343742
1847,0,1000.25,1677,0,676.75,0,0.4295461758,676.75,0.4295461758,0.3653846154,11.63461538,1,1,0,0,1000.25,1000.25,0,833,1777,7.564365387
1848,0,1000.25,992,0,-8.25,0,-0.005236432878,-8.25,-0.005236432878,0.1213235294,0.1213235294,0,0,1,0,1000.25,1000.25,0,833,1778,7.568694592
1849,0,992,2495,-8.25,1494.75,-0.005236432878,0.9487464297,1503,0.9539828626,0,23,0,0,1,0,1000.25,1000.25,0,833,1779,7.573602676
1850,0,1000.25,993,0,-7.25,0,-0.004601713742,-7.25,-0.004601713742,0.1066176471,0.1066176471,0,0,1,0,1000.25,1000.25,0,833,1780,7.577485561
1851,0,993,2901,-7.25,1900.75,-0.004601713742,1.206442399,1908,1.211044113,0,29,0,0,1,0,1000.25,1000.25,0,833,1781,7.58194685
1852,0,1000.25,21797,0,20796.75,0,13.20009521,20796.75,13.20009521,0.1231343284,417.1231343,0,0,1,0,1000.25,1000.25,0,833,1782,7.585919142
1853,0,1000.25,996,0,-4.25,0,-0.002697556331,-4.25,-0.002697556331,0.3269230769,0.3269230769,0,0,1,0,1000.25,1000.25,0,833,1783,7.590290546
1854,0,996,2567,-4.25,1566.75,-0.002697556331,0.9944462076,1571,0.9971437639,0,24,0,0,1,0,1000.25,1000.25,0,833,1784,7.595043421
1855,0,1000.25,997,0,-3.25,0,-0.002062837195,-3.25,-0.002062837195,0.04779411765,0.04779411765,0,0,1,0,1000.25,1000.25,0,833,1785,7.598956108
1856,0,997,2769,-3.25,1768.75,-0.002062837195,1.122659473,1772,1.12472231,0,27,0,0,1,0,1000.25,1000.25,0,833,1786,7.603407383
1857,0,1000.25,21790,0,20789.75,0,13.19565217,20789.75,13.19565217,0.06343283582,389.0634328,0,0,1,0,1000.25,1000.25,0,833,1787,7.607384682
1858,0,1000.25,995,0,-5.25,0,-0.003332275468,-5.25,-0.003332275468,0.4038461538,0.4038461538,0,0,1,0,1000.25,1000.25,0,833,1788,7.611533403
1859,0,995,2566,-5.25,1565.75,-0.003332275468,0.9938114884,1571,0.9971437639,0,24,0,0,1,0,1000.25,1000.25,0,833,1789,7.615755081
1860,0,1000.25,996,0,-4.25,0,-0.002697556331,-4.25,-0.002697556331,0.0625,0.0625,0,0,1,0,1000.25,1000.25,0,833,1790,7.619581699
1861,0,996,2497,-4.25,1496.75,-0.002697556331,0.950015868,1501,0.9527134243,0,23,0,0,1,0,1000.25,1000.25,0,833,1791,7.623567581
1862,0,1000.25,20353,0,19352.75,0,12.28356077,19352.75,12.28356077,0.07720588235,369.9227941,0,0,1,0,1000.25,1000.25,0,833,1792,7.6274786
1863,0,1000.25,1006,0,5.75,0,0.003649635036,5.75,0.003649635036,0.4791666667,0.4791666667,0,0,1,0,1000.25,1000.25,0,833,1793,7.631605387
1864,0,1000.25,2633,0,1632.75,0,1.036337671,1632.75,1.036337671,0.4791666667,25.52083333,0,0,1,0,1000.25,1000.25,0,833,1794,7.635521889
1865,0,1000.25,995,0,-5.25,0,-0.003332275468,-5.25,-0.003332275468,0.07720588235,0.07720588235,0,0,1,0,1000.25,1000.25,0,833,1795,7.639929056
1866,0,995,1612,-5.25,611.75,-0.003332275468,0.3882894319,617,0.3916217074,0,10,0,0,1,0,1000.25,1000.25,0,833,1796,7.64435339
1867,0,1000.25,994,0,-6.25,0,-0.003966994605,-6.25,-0.003966994605,0.09191176471,0.09191176471,0,0,1,0,1000.25,1000.25,0,833,1797,7.648227692
1868,0,994,1817,-6.25,816.75,-0.003966994605,0.518406855,823,0.5223738496,0,13,0,0,1,0,1000.25,1000.25,0,833,1798,7.6526196
1869,0,1000.25,21991,0,20990.75,0,13.32323072,20990.75,13.32323072,0.07720588235,419.0772059,0,0,1,0,1000.25,1000.25,0,833,1799,7.65654707
1870,0,1000.25,1001,0,0.75,0,0.0004760393526,0.75,0.0004760393526,0.05357142857,0.05357142857,0,0,1,0,1000.25,1000.25,0,833,1800,7.660774469
1871,0,1000.25,2625,0,1624.75,0,1.031259917,1624.75,1.031259917,0.05357142857,25.94642857,0,0,1,0,1000.25,1000.25,0,833,1801,7.664698124
1872,0,1000.25,988,0,-12.25,0,-0.007775309426,-12.25,-0.007775309426,0.1801470588,0.1801470588,0,0,1,0,1000.25,1000.25,0,833,1802,7.668981314
1873,0,988,2421,-12.25,1420.75,-0.007775309426,0.9017772136,1433,0.909552523,0,22,0,0,1,0,1000.25,1000.25,0,833,1803,7.673361063
1874,0,1000.25,987,0,-13.25,0,-0.008410028562,-13.25,-0.008410028562,0.1948529412,0.1948529412,0,0,1,0,1000.25,1000.25,0,833,1804,7.677232981
1875,0,987,1946,-13.25,945.75,-0.008410028562,0.6002856236,959,0.6086956522,0,15,0,0,1,0,1000.25,1000.25,0,833,1805,7.681634665
1876,0,1000.25,21218,0,20217.75,0,12.83259283,20217.75,12.83259283,0.1801470588,401.8198529,0,0,1,0,1000.25,1000.25,0,833,1806,7.685575724
1877,0,1000.25,1001,0,0.75,0,0.0004760393526,0.75,0.0004760393526,0.05769230769,0.05769230769,0,0,1,0,1000.25,1000.25,0,833,1807,7.689653397
1878,0,1000.25,2626,0,1625.75,0,1.031894637,1625.75,1.031894637,0.05769230769,25.94230769,0,0,1,0,1000.25,1000.25,0,833,1808,7.69370079
1879,0,1000.25,987,0,-13.25,0,-0.008410028562,-13.25,-0.008410028562,0.1948529412,0.1948529412,0,0,1,0,1000.25,1000.25,0,833,1809,7.697972298
1880,0,987,2218,-13.25,1217.75,-0.008410028562,0.7729292288,1231,0.7813392574,0,19,0,0,1,0,1000.25,1000.25,0,833,1810,7.702430487
1881,0,1000.25,988,0,-12.25,0,-0.007775309426,-12.25,-0.007775309426,0.1801470588,0.1801470588,0,0,1,0,1000.25,1000.25,0,833,1811,7.706295967
1882,0,988,2760,-12.25,1759.75,-0.007775309426,1.116947001,1772,1.12472231,0,27,0,0,1,0,1000.25,1000.25,0,833,1812,7.710746527
1883,0,1000.25,20820,0,19819.75,0,12.57997461,19819.75,12.57997461,0.197761194,400.1977612,0,0,1,0,1000.25,1000.25,0,833,1813,7.71467638
1884,0,1000.25,995,0,-5.25,0,-0.003332275468,-5.25,-0.003332275468,0.375,0.375,0,0,1,0,1000.25,1000.25,0,833,1814,7.718900442
1885,0,995,2564,-5.25,1563.75,-0.003332275468,0.9925420501,1569,0.9958743256,0,24,0,0,1,0,1000.25,1000.25,0,833,1815,7.723399639
1886,0,1000.25,994,0,-6.25,0,-0.003966994605,-6.25,-0.003966994605,0.09191176471,0.09191176471,0,0,1,0,1000.25,1000.25,0,833,1816,7.727218866
1887,0,994,2565,-6.25,1564.75,-0.003966994605,0.9931767693,1571,0.9971437639,0,24,0,0,1,0,1000.25,1000.25,0,833,1817,7.731219769
1888,0,1000.25,19296,0,18295.75,0,11.61266265,18295.75,11.61266265,0.07720588235,391.0772059,0,0,1,0,1000.25,1000.25,0,833,1818,7.735136032
1889,0,1000.25,1003,0,2.75,0,0.001745477626,2.75,0.001745477626,0.1964285714,0.1964285714,0,0,1,0,1000.25,1000.25,0,833,1819,7.739367247
1890,0,1000.25,2013,0,1012.75,0,0.6428118058,1012.75,0.6428118058,0.1964285714,16.80357143,0,0,1,0,1000.25,1000.25,0,833,1820,7.743414879
1891,0,1000.25,988,0,-12.25,0,-0.007775309426,-12.25,-0.007775309426,0.1801470588,0.1801470588,0,0,1,0,1000.25,1000.25,0,833,1821,7.747620344
1892,0,988,2423,-12.25,1422.75,-0.007775309426,0.9030466519,1435,0.9108219613,0,22,0,0,1,0,1000.25,1000.25,0,833,1822,7.75195241
1893,0,1000.25,989,0,-11.25,0,-0.007140590289,-11.25,-0.007140590289,0.1654411765,0.1654411765,0,0,1,0,1000.25,1000.25,0,833,1823,7.755917788
1894,0,989,2897,-11.25,1896.75,-0.007140590289,1.203903523,1908,1.211044113,0,29,0,0,1,0,1000.25,1000.25,0,833,1824,7.759886026
1895,0,1000.25,21422,0,20421.75,0,12.96207553,20421.75,12.96207553,0.1828358209,400.1828358,0,0,1,0,1000.25,1000.25,0,833,1825,7.763806343
1896,0,1000.25,1005,0,4.75,0,0.0030149159,4.75,0.0030149159,0.3958333333,0.3958333333,0,0,1,0,1000.25,1000.25,0,833,1826,7.768101931
1897,0,1000.25,2292,0,1291.75,0,0.8198984449,1291.75,0.8198984449,0.3958333333,20.60416667,0,0,1,0,1000.25,1000.25,0,833,1827,7.772064924
1898,0,1000.25,994,0,-6.25,0,-0.003966994605,-6.25,-0.003966994605,0.09191176471,0.09191176471,0,0,1,0,1000.25,1000.25,0,833,1828,7.776305676
1899,0,994,1679,-6.25,678.75,-0.003966994605,0.4308156141,685,0.4347826087,0,11,0,0,1,0,1000.25,1000.25,0,833,1829,7.780410051
1900,0,1000.25,993,0,-7.25,0,-0.004601713742,-7.25,-0.004601713742,0.1066176471,0.1066176471,0,0,1,0,1000.25,1000.25,0,833,1830,7.78428936
1901,0,993,2903,-7.25,1902.75,-0.004601713742,1.207711838,1910,1.212313551,0,29,0,0,1,0,1000.25,1000.25,0,833,1831,7.788482428
1902,0,1000.25,23060,0,22059.75,0,14.00174548,22059.75,14.00174548,0.09328358209,434.9067164,0,0,1,0,1000.25,1000.25,0,833,1832,7.792453527
1903,0,1000.25,1000,0,-0.25,0,-0.0001586797842,-0.25,-0.0001586797842,0.01923076923,0.01923076923,0,0,1,0,1000.25,1000.25,0,833,1833,7.796426058
1904,0,1000,2910,-0.25,1909.75,-0.0001586797842,1.212154871,1910,1.212313551,0,29,0,0,1,0,1000.25,1000.25,0,833,1834,7.800783873
1905,0,1000.25,1001,0,0.75,0,0.0004760393526,0.75,0.0004760393526,0.0625,0.0625,0,0,1,0,1000.25,1000.25,0,833,1835,7.804661751
1906,0,1000.25,2490,0,1489.75,0,0.945572834,1489.75,0.945572834,0.0625,23.9375,0,0,1,0,1000.25,1000.25,0,833,1836,7.808481455
1907,0,1000.25,988,0,-12.25,0,-0.007775309426,-12.25,-0.007775309426,0.1801470588,0.1801470588,0,0,1,0,1000.25,1000.25,0,833,1837,7.813257933
1908,0,988,2965,-12.25,1964.75,-0.007775309426,1.247064424,1977,1.254839733,0,30,0,0,1,0,1000.25,1000.25,0,833,1838,7.817734957
1909,0,1000.25,989,0,-11.25,0,-0.007140590289,-11.25,-0.007140590289,0.1679104478,0.1679104478,0,0,1,0,1000.25,1000.25,0,833,1839,7.821611881
1910,0,989,1606,-11.25,605.75,-0.007140590289,0.3844811171,617,0.3916217074,0,10,0,0,1,0,1000.25,1000.25,0,833,1840,7.825637579
1911,0,1000.25,21639,0,20638.75,0,13.09980958,20638.75,13.09980958,0.1801470588,408.1801471,0,0,1,0,1000.25,1000.25,0,833,1841,7.829697371
1912,0,1000.25,996,0,-4.25,0,-0.002697556331,-4.25,-0.002697556331,0.3541666667,0.3541666667,0,0,1,0,1000.25,1000.25,0,833,1842,7.834044695
1913,0,996,2499,-4.25,1498.75,-0.002697556331,0.9512853063,1503,0.9539828626,0,23,0,0,1,0,1000.25,1000.25,0,833,1843,7.838572025
1914,0,1000.25,997,0,-3.25,0,-0.002062837195,-3.25,-0.002062837195,0.04779411765,0.04779411765,0,0,1,0,1000.25,1000.25,0,833,1844,7.842598438
1915,0,997,1954,-3.25,953.75,-0.002062837195,0.6053633767,957,0.6074262139,0,15,0,0,1,0,1000.25,1000.25,0,833,1845,7.846773624
1916,0,1000.25,21469,0,20468.75,0,12.99190733,20468.75,12.99190733,0.0625,411.0625,0,0,1,0,1000.25,1000.25,0,833,1846,7.850823641
1917,0,1000.25,1000,0,-0.25,0,-0.0001586797842,-0.25,-0.0001586797842,0.02083333333,0.02083333333,0,0,1,0,1000.25,1000.25,0,833,1847,7.855242252
1918,0,1000,2435,-0.25,1434.75,-0.0001586797842,0.9106632815,1435,0.9108219613,0,22,0,0,1,0,1000.25,1000.25,0,833,1848,7.85979104
1919,0,1000.25,1001,0,0.75,0,0.0004760393526,0.75,0.0004760393526,0.0625,0.0625,0,0,1,0,1000.25,1000.25,0,833,1849,7.863804102
1920,0,1000.25,2761,0,1760.75,0,1.11758172,1760.75,1.11758172,0.0625,27.9375,0,0,1,0,1000.25,1000.25,0,833,1850,7.867818832
1921,0,1000.25,988,0,-12.25,0,-0.007775309426,-12.25,-0.007775309426,0.1828358209,0.1828358209,0,0,1,0,1000.25,1000.25,0,833,1851,7.872185469
1922,0,988,1879,-12.25,878.75,-0.007775309426,0.5577594414,891,0.5655347509,0,14,0,0,1,0,1000.25,1000.25,0,833,1852,7.876344204
1923,0,1000.25,989,0,-11.25,0,-0.007140590289,-11.25,-0.007140590289,0.1654411765,0.1654411765,0,0,1,0,1000.25,1000.25,0,833,1853,7.880164862
1924,0,989,1606,-11.25,605.75,-0.007140590289,0.3844811171,617,0.3916217074,0,10,0,0,1,0,1000.25,1000.25,0,833,1854,7.884121895
1925,0,1000.25,22379,0,21378.75,0,13.56950175,21378.75,13.56950175,0.1801470588,409.8198529,0,0,1,0,1000.25,1000.25,0,833,1855,7.888008118
1926,0,1000.25,1003,0,2.75,0,0.001745477626,2.75,0.001745477626,0.2291666667,0.2291666667,0,0,1,0,1000.25,1000.25,0,833,1856,7.891927719
1927,0,1000.25,2016,0,1015.75,0,0.6447159632,1015.75,0.6447159632,0.2291666667,16.77083333,0,0,1,0,1000.25,1000.25,0,833,1857,7.895742655
1928,0,1000.25,991,0,-9.25,0,-0.005871152015,-9.25,-0.005871152015,0.276119403,0.276119403,0,0,1,0,1000.25,1000.25,0,833,1858,7.899888277
1929,0,991,1882,-9.25,881.75,-0.005871152015,0.5596635989,891,0.5655347509,0,14,0,0,1,0,1000.25,1000.25,0,833,1859,7.903926134
1930,0,1000.25,992,0,-8.25,0,-0.005236432878,-8.25,-0.005236432878,0.1213235294,0.1213235294,0,0,1,0,1000.25,1000.25,0,833,1860,7.907696247
1931,0,992,1949,-8.25,948.75,-0.005236432878,0.602189781,957,0.6074262139,0,15,0,0,1,0,1000.25,1000.25,0,833,1861,7.911622524
1932,0,1000.25,21877,0,20876.75,0,13.25087274,20876.75,13.25087274,0.1360294118,405.8639706,0,0,1,0,1000.25,1000.25,0,833,1862,7.915477276
1933,0,1000.25,1000,0,-0.25,0,-0.0001586797842,-0.25,-0.0001586797842,0.02083333333,0.02083333333,0,0,1,0,1000.25,1000.25,0,833,1863,7.919428349
1934,0,1000,2639,-0.25,1638.75,-0.0001586797842,1.040145985,1639,1.040304665,0,25,0,0,1,0,1000.25,1000.25,0,833,1864,7.923713446
1935,0,1000.25,1001,0,0.75,0,0.0004760393526,0.75,0.0004760393526,0.0625,0.0625,0,0,1,0,1000.25,1000.25,0,833,1865,7.927563429
1936,0,1000.25,1879,0,878.75,0,0.5577594414,878.75,0.5577594414,0.0625,13.9375,0,0,1,0,1000.25,1000.25,0,833,1866,7.931363106
1937,0,1000.25,989,0,-11.25,0,-0.007140590289,-11.25,-0.007140590289,0.1654411765,0.1654411765,0,0,1,0,1000.25,1000.25,0,833,1867,7.935517311
1938,0,989,1946,-11.25,945.75,-0.007140590289,0.6002856236,957,0.6074262139,0,15,0,0,1,0,1000.25,1000.25,0,833,1868,7.939446211
1939,0,1000.25,988,0,-12.25,0,-0.007775309426,-12.25,-0.007775309426,0.1801470588,0.1801470588,0,0,1,0,1000.25,1000.25,0,833,1869,7.94321537
1940,0,988,1607,-12.25,606.75,-0.007775309426,0.3851158362,619,0.3928911457,0,10,0,0,1,0,1000.25,1000.25,0,833,1870,7.947136879
1941,0,1000.25,20726,0,19725.75,0,12.52031101,19725.75,12.52031101,0.1654411765,384.1654412,0,0,1,0,1000.25,1000.25,0,833,1871,7.950992346
1942,0,1000.25,1004,0,3.75,0,0.002380196763,3.75,0.002380196763,0.2884615385,0.2884615385,0,0,1,0,1000.25,1000.25,0,833,1872,7.955039501
1943,0,1000.25,2084,0,1083.75,0,0.6878768645,1083.75,0.6878768645,0.2884615385,17.71153846,0,0,1,0,1000.25,1000.25,0,833,1873,7.958824635
1944,0,1000.25,990,0,-10.25,0,-0.006505871152,-10.25,-0.006505871152,0.1507352941,0.1507352941,0,0,1,0,1000.25,1000.25,0,833,1874,7.96292901
1945,0,990,2357,-10.25,1356.75,-0.006505871152,0.8611551888,1367,0.86766106,0,21,0,0,1,0,1000.25,1000.25,0,833,1875,7.966846466
1946,0,1000.25,991,0,-9.25,0,-0.005871152015,-9.25,-0.005871152015,0.1360294118,0.1360294118,0,0,1,0,1000.25,1000.25,0,833,1876,7.970605612
1947,0,991,2696,-9.25,1695.75,-0.005871152015,1.076324976,1705,1.082196128,0,26,0,0,1,0,1000.25,1000.25,0,833,1877,7.974525213
1948,0,1000.25,20746,0,19745.75,0,12.5330054,19745.75,12.5330054,0.1507352941,385.1507353,0,0,1,0,1000.25,1000.25,0,833,1878,7.978390455
1949,0,1000.25,1006,0,5.75,0,0.003649635036,5.75,0.003649635036,0.4791666667,0.4791666667,0,0,1,0,1000.25,1000.25,0,833,1879,7.982494354
1950,0,1000.25,2089,0,1088.75,0,0.6910504602,1088.75,0.6910504602,0.4791666667,17.52083333,0,0,1,0,1000.25,1000.25,0,833,1880,7.986330271
1951,0,1000.25,995,0,-5.25,0,-0.003332275468,-5.25,-0.003332275468,0.07720588235,0.07720588235,0,0,1,0,1000.25,1000.25,0,833,1881,7.990500212
1952,0,995,2564,-5.25,1563.75,-0.003332275468,0.9925420501,1569,0.9958743256,0,24,0,0,1,0,1000.25,1000.25,0,833,1882,7.994427443
1953,0,1000.25,994,0,-6.25,0,-0.003966994605,-6.25,-0.003966994605,0.09191176471,0.09191176471,0,0,1,0,1000.25,1000.25,0,833,1883,7.998234749
1954,0,994,2971,-6.25,1970.75,-0.003966994605,1.250872739,1977,1.254839733,0,30,0,0,1,0,1000.25,1000.25,0,833,1884,8.002154827
1955,0,1000.25,21925,0,20924.75,0,13.28133926,20924.75,13.28133926,0.07835820896,415.0783582,0,0,1,0,1000.25,1000.25,0,833,1885,8.006004095
1956,0,1000.25,1002,0,1.75,0,0.001110758489,1.75,0.001110758489,0.1458333333,0.1458333333,0,0,1,0,1000.25,1000.25,0,833,1886,8.010262728
1957,0,1000.25,2628,0,1627.75,0,1.033164075,1627.75,1.033164075,0.1458333333,25.85416667,0,0,1,0,1000.25,1000.25,0,833,1887,8.014164686
1958,0,1000.25,991,0,-9.25,0,-0.005871152015,-9.25,-0.005871152015,0.1360294118,0.1360294118,0,0,1,0,1000.25,1000.25,0,833,1888,8.018424988
1959,0,991,2016,-9.25,1015.75,-0.005871152015,0.6447159632,1025,0.6505871152,0,16,0,0,1,0,1000.25,1000.25,0,833,1889,8.022809744
1960,0,1000.25,990,0,-10.25,0,-0.006505871152,-10.25,-0.006505871152,0.1507352941,0.1507352941,0,0,1,0,1000.25,1000.25,0,833,1890,8.026647329
1961,0,990,2831,-10.25,1830.75,-0.006505871152,1.16201206,1841,1.168517931,0,28,0,0,1,0,1000.25,1000.25,0,833,1891,8.031193972
1962,0,1000.25,22306,0,21305.75,0,13.52316725,21305.75,13.52316725,0.1380597015,415.8619403,0,0,1,0,1000.25,1000.25,0,833,1892,8.035093069
1963,0,1000.25,998,0,-2.25,0,-0.001428118058,-2.25,-0.001428118058,0.1730769231,0.1730769231,0,0,1,0,1000.25,1000.25,0,833,1893,8.039009333
1964,0,998,2770,-2.25,1769.75,-0.001428118058,1.123294192,1772,1.12472231,0,27,0,0,1,0,1000.25,1000.25,0,833,1894,8.043344259
1965,0,1000.25,997,0,-3.25,0,-0.002062837195,-3.25,-0.002062837195,0.04850746269,0.04850746269,0,0,1,0,1000.25,1000.25,0,833,1895,8.047144413
1966,0,997,2771,-3.25,1770.75,-0.002062837195,1.123928911,1774,1.125991749,0,27,0,0,1,0,1000.25,1000.25,0,833,1896,8.051447868
1967,0,1000.25,18907,0,17906.75,0,11.3657569,17906.75,11.3657569,0.03358208955,383.0335821,0,0,1,0,1000.25,1000.25,0,833,1897,8.055355549
1968,0,1000.25,1018,0,17.75,0,0.01126626468,17.75,0.01126626468,1.33125,1.33125,0,0,1,0,1000.25,1000.25,0,833,1898,8.059440374
1969,0,1000.25,2278,0,1277.75,0,0.811012377,1277.75,0.811012377,1.33125,21.66875,0,0,1,0,1000.25,1000.25,0,833,1899,8.06332612
1970,0,1000.25,979,0,-21.25,0,-0.01348778166,-21.25,-0.01348778166,0.3125,0.3125,0,0,1,0,1000.25,1000.25,0,833,1900,8.067438602
1971,0,979,1868,-21.25,867.75,-0.01348778166,0.5507775309,889,0.5642653126,0,14,0,0,1,0,1000.25,1000.25,0,833,1901,8.071810484
1972,0,1000.25,978,0,-22.25,0,-0.01412250079,-22.25,-0.01412250079,0.3272058824,0.3272058824,0,0,1,0,1000.25,1000.25,0,833,1902,8.075646877
1973,0,978,2005,-22.25,1004.75,-0.01412250079,0.6377340527,1027,0.6518565535,0,16,0,0,1,0,1000.25,1000.25,0,833,1903,8.079550505
1974,0,1000.25,19931,0,18930.75,0,12.0157093,18930.75,12.0157093,0.3125,371.6875,0,0,1,0,1000.25,1000.25,0,833,1904,8.083401442
1975,0,1000.25,999,0,-1.25,0,-0.000793398921,-1.25,-0.000793398921,0.09615384615,0.09615384615,0,0,1,0,1000.25,1000.25,0,833,1905,8.0873909
1976,0,999,1820,-1.25,819.75,-0.000793398921,0.5203110124,821,0.5211044113,0,13,1,1,0,0,1000.25,1000.25,0,833,1906,8.091647863
1977,0,1000.25,999,0,-1.25,0,-0.000793398921,-1.25,-0.000793398921,0.01838235294,0.01838235294,0,0,1,0,1000.25,1000.25,0,833,1907,8.095435143
1978,0,999,2840,-1.25,1839.75,-0.000793398921,1.167724532,1841,1.168517931,0,28,0,0,1,0,1000.25,1000.25,0,833,1908,8.099542141
1979,0,1000.25,1000,0,-0.25,0,-0.0001586797842,-0.25,-0.0001586797842,0.003731343284,0.003731343284,0,0,1,0,1000.25,1000.25,0,833,1909,8.103319645
1980,0,1000,2093,-0.25,1092.75,-0.0001586797842,0.6935893367,1093,0.6937480165,0,17,0,0,1,0,1000.25,1000.25,0,833,1910,8.107717752
1981,0,1000.25,21739,0,20738.75,0,13.1632815,20738.75,13.1632815,0.01838235294,406.0183824,0,0,1,0,1000.25,1000.25,0,833,1911,8.111644268
1982,0,1000.25,996,0,-4.25,0,-0.002697556331,-4.25,-0.002697556331,0.3269230769,0.3269230769,0,0,1,0,1000.25,1000.25,0,833,1912,8.115723372
1983,0,996,2837,-4.25,1836.75,-0.002697556331,1.165820374,1841,1.168517931,0,28,0,0,1,0,1000.25,1000.25,0,833,1913,8.120001316
1984,0,1000.25,997,0,-3.25,0,-0.002062837195,-3.25,-0.002062837195,0.04850746269,0.04850746269,0,0,1,0,1000.25,1000.25,0,833,1914,8.123788595
1985,0,997,1818,-3.25,817.75,-0.002062837195,0.5190415741,821,0.5211044113,0,13,0,0,1,0,1000.25,1000.25,0,833,1915,8.127868414
1986,0,1000.25,22229,0,21228.75,0,13.47429387,21228.75,13.47429387,0.0625,406.9375,0,0,1,0,1000.25,1000.25,0,833,1916,8.131763935
1987,0,1000.25,997,0,-3.25,0,-0.002062837195,-3.25,-0.002062837195,0.2635135135,0.2635135135,0,0,1,0,1000.25,1000.25,0,833,1917,8.135792732
1988,0,997,1684,-3.25,683.75,-0.002062837195,0.4339892098,687,0.436052047,0,11,0,0,1,0,1000.25,1000.25,0,833,1918,8.140188217
1989,0,1000.25,998,0,-2.25,0,-0.001428118058,-2.25,-0.001428118058,0.03308823529,0.03308823529,0,0,1,0,1000.25,1000.25,0,833,1919,8.14398694
1990,0,998,1819,-2.25,818.75,-0.001428118058,0.5196762932,821,0.5211044113,0,13,0,0,1,0,1000.25,1000.25,0,833,1920,8.148014545
1991,0,1000.25,22039,0,21038.75,0,13.35369724,21038.75,13.35369724,0.04779411765,412.0477941,0,0,1,0,1000.25,1000.25,0,833,1921,8.151914358
1992,0,1000.25,997,0,-3.25,0,-0.002062837195,-3.25,-0.002062837195,0.25,0.25,0,0,1,0,1000.25,1000.25,0,833,1922,8.156162262
1993,0,997,2907,-3.25,1906.75,-0.002062837195,1.210250714,1910,1.212313551,0,29,0,0,1,0,1000.25,1000.25,0,833,1923,8.160518408
1994,0,1000.25,998,0,-2.25,0,-0.001428118058,-2.25,-0.001428118058,0.03358208955,0.03358208955,0,0,1,0,1000.25,1000.25,0,833,1924,8.164281368
1995,0,998,2295,-2.25,1294.75,-0.001428118058,0.8218026023,1297,0.8232307204,0,20,0,0,1,0,1000.25,1000.25,0,833,1925,8.16835928
1996,0,1000.25,22645,0,21644.75,0,13.73833704,21644.75,13.73833704,0.04779411765,427.0477941,0,0,1,0,1000.25,1000.25,0,833,1926,8.172246933
1997,0,1000.25,995,0,-5.25,0,-0.003332275468,-5.25,-0.003332275468,0.4375,0.4375,0,0,1,0,1000.25,1000.25,0,833,1927,8.176443338
1998,0,995,2972,-5.25,1971.75,-0.003332275468,1.251507458,1977,1.254839733,0,30,0,0,1,0,1000.25,1000.25,0,833,1928,8.180791378
1999,0,1000.25,996,0,-4.25,0,-0.002697556331,-4.25,-0.002697556331,0.06343283582,0.06343283582,0,0,1,0,1000.25,1000.25,0,833,1929,8.18460083
