it,alpha,cz_lp,cz_round,d_lp,d_round,d_lp_n,d_round_n,delta,delta_n,frac,dist,viol_max,viol_sum,feas,improving,ub,ub_eff,ub_free,z_best,stall,t
0,0,153.3528699,122,-69.16178251,-100.5146525,-0.25,-0.3633316291,-31.35286994,-0.1133316291,16.67067086,16.67067086,1,23,0,0,222.5146525,0,1,0,0,0.0001957416534
1,0,222.5146525,158,2.842170943e-14,-64.51465246,1.027363249e-16,-0.2332019582,-64.51465246,-0.2332019582,4.583253428,4.583253428,1,8,0,0,222.5146525,222.5146525,0,0,1,0.009864807129
2,0,222.5146525,166,0,-56.51465246,0,-0.2042842535,-56.51465246,-0.2042842535,2.567794721,2.567794721,1,4,0,0,222.5146525,222.5146525,0,0,2,0.01562309265
3,0,222.5146525,227,0,4.485347542,0,0.01621324443,4.485347542,0.01621324443,0.6186686265,0.6186686265,0,0,1,1,222.5146525,222.5146525,0,227,0,0.01925325394
4,0,222.5146525,1576,-2.842170943e-14,1353.485348,-1.027363249e-16,4.892461192,1353.485348,4.892461192,0.2990231695,24.70097683,1,2,0,0,222.5146525,222.5146525,0,227,1,0.02219152451
5,0,222.5146525,247,0,24.48534754,0,0.08850750607,24.48534754,0.08850750607,0.3766976545,0.3766976545,0,0,1,0,222.5146525,222.5146525,0,227,2,0.0249812603
6,0,222.5146525,1576,0,1353.485348,0,4.892461192,1353.485348,4.892461192,0.3766976545,22.62330235,1,2,0,0,222.5146525,222.5146525,0,227,3,0.02747225761
7,0,222.5146525,247,0,24.48534754,0,0.08850750607,24.48534754,0.08850750607,0.3766976545,0.3766976545,0,0,1,0,222.5146525,222.5146525,0,227,4,0.02993273735
8,0,222.5146525,1509,0,1286.485348,0,4.650275415,1286.485348,4.650275415,0.3766976545,21.62330235,1,2,0,0,222.5146525,222.5146525,0,227,5,0.03231835365
9,0,222.5146525,8954,0,8731.485348,0,31.56181431,8731.485348,31.56181431,0.3766976545,175.3766977,0,0,1,0,222.5146525,222.5146525,0,227,6,0.03486204147
10,0,222.5146525,209,0,-13.51465246,0,-0.04885159103,-13.51465246,-0.04885159103,1.946072495,1.946072495,1,1,0,0,222.5146525,222.5146525,0,227,7,0.03747820854
11,0,212,212,-10.51465246,-10.51465246,-0.03800745179,-0.03800745179,0,0,0,0,0,0,1,1,222.5146525,222.5146525,0,212,0,0.04021644592
12,0,212,1739,-10.51465246,1516.485348,-0.03800745179,5.481659424,1527,5.519666876,0,24,1,1,0,0,222.5146525,222.5146525,0,212,1,0.04255437851
13,0,222.5146525,10361,0,10138.48535,0,36.64771561,10138.48535,36.64771561,0.161763884,197.1617639,0,0,1,0,222.5146525,222.5146525,0,212,2,0.04501390457
14,0,222.5146525,220,0,-2.514652458,0,-0.009089747136,-2.514652458,-0.009089747136,0.419108743,0.419108743,0,0,1,0,222.5146525,222.5146525,0,212,3,0.04766845703
15,0,220,877,-2.514652458,654.4853475,-0.009089747136,2.365776747,657,2.374866495,0,11,1,1,0,0,222.5146525,222.5146525,0,212,4,0.05038928986
16,0,222.5146525,10000,0,9777.485348,0,35.34280419,9777.485348,35.34280419,0.0386869609,199.038687,0,0,1,0,222.5146525,222.5146525,0,212,5,0.05276465416
17,0,222.5146525,222,2.842170943e-14,-0.5146524582,1.027363249e-16,-0.001860320973,-0.5146524582,-0.001860320973,0.2573262291,0.2573262291,0,0,1,0,222.5146525,222.5146525,0,212,6,0.05552053452
18,0,222,1817,-0.5146524582,1594.485348,-0.001860320973,5.763607044,1595,5.765467365,0,25,1,1,0,0,222.5146525,222.5146525,0,212,7,0.05867958069
19,0,222.5146525,11419,0,11196.48535,0,40.47208205,11196.48535,40.47208205,0.007917730126,231.0079177,0,0,1,0,222.5146525,222.5146525,0,212,8,0.06110954285
20,0,222.5146525,224,0,1.485347542,0,0.00536910519,1.485347542,0.00536910519,0.2475579236,0.2475579236,0,0,1,0,222.5146525,222.5146525,0,212,9,0.06406188011
21,0,222.5146525,1682,0,1459.485348,0,5.275620778,1459.485348,5.275620778,0.2475579236,23.75244208,0,0,1,0,222.5146525,222.5146525,0,212,10,0.06669378281
22,0,222.5146525,219,0,-3.514652458,0,-0.01270446022,-3.514652458,-0.01270446022,0.05407157628,0.05407157628,0,0,1,0,222.5146525,222.5146525,0,212,11,0.06951665878
23,0,219,1611,-3.514652458,1388.485348,-0.01270446022,5.018976149,1392,5.03168061,0,22,0,0,1,0,222.5146525,222.5146525,0,212,12,0.07252788544
24,0,222.5146525,218,0,-4.514652458,0,-0.0163191733,-4.514652458,-0.0163191733,0.06945619166,0.06945619166,0,0,1,0,222.5146525,222.5146525,0,212,13,0.07490897179
25,0,218,1277,-4.514652458,1054.485348,-0.0163191733,3.81166198,1059,3.827981153,0,17,0,0,1,0,222.5146525,222.5146525,0,212,14,0.07738518715
26,0,222.5146525,10543,0,10320.48535,0,37.30559339,10320.48535,37.30559339,0.05407157628,213.0540716,0,0,1,0,222.5146525,222.5146525,0,212,15,0.07977151871
27,0,222.5146525,222,0,-0.5146524582,0,-0.001860320973,-0.5146524582,-0.001860320973,0.0857754097,0.0857754097,0,0,1,0,222.5146525,222.5146525,0,212,16,0.08271121979
28,0,222,1145,-0.5146524582,922.4853475,-0.001860320973,3.334519853,923,3.336380174,0,15,0,0,1,0,222.5146525,222.5146525,0,212,17,0.08567142487
29,0,222.5146525,10582,0,10359.48535,0,37.4465672,10359.48535,37.4465672,0.01583546025,208,0,0,1,0,222.5146525,222.5146525,0,212,18,0.08813142776
30,0,222.5146525,215,2.842170943e-14,-7.514652458,1.027363249e-16,-0.02716331254,-7.514652458,-0.02716331254,2.348328893,2.348328893,0,0,1,0,222.5146525,222.5146525,0,212,19,0.09084916115
31,0,215,872,-7.514652458,649.4853475,-0.02716331254,2.347703182,657,2.374866495,0,11,0,0,1,0,222.5146525,222.5146525,0,212,20,0.0937666893
32,0,222.5146525,8773,0,8550.485348,0,30.90755124,8550.485348,30.90755124,0.2312200756,178,0,0,1,0,222.5146525,222.5146525,0,212,21,0.09619212151
33,0,222.5146525,219,0,-3.514652458,0,-0.01270446022,-3.514652458,-0.01270446022,0.7029304916,0.7029304916,0,0,1,0,222.5146525,222.5146525,0,212,22,0.09908723831
34,0,219,2020,-3.514652458,1797.485348,-0.01270446022,6.4973938,1801,6.51009826,0,28,0,0,1,0,222.5146525,222.5146525,0,212,23,0.1021587849
35,0,222.5146525,220,0,-2.514652458,0,-0.009089747136,-2.514652458,-0.009089747136,0.0386869609,0.0386869609,0,0,1,0,222.5146525,222.5146525,0,212,24,0.1044671535
36,0,220,2152,-2.514652458,1929.485348,-0.009089747136,6.974535927,1932,6.983625674,0,30,0,0,1,0,222.5146525,222.5146525,0,212,25,0.1068959236
37,0,222.5146525,10643,0,10420.48535,0,37.6670647,10420.48535,37.6670647,0.05407157628,208.9459284,0,0,1,0,222.5146525,222.5146525,0,212,26,0.1092944145
38,0,222.5146525,223,0,0.4853475418,0,0.001754392108,0.4853475418,0.001754392108,0.08089125696,0.08089125696,0,0,1,0,222.5146525,222.5146525,0,212,27,0.1118774414
39,0,222.5146525,1343,0,1120.485348,0,4.050233044,1120.485348,4.050233044,0.08089125696,18.91910874,1,1,0,0,222.5146525,222.5146525,0,212,28,0.1144444942
40,0,222.5146525,217,0,-5.514652458,0,-0.01993388638,-5.514652458,-0.01993388638,0.08484080705,0.08484080705,0,0,1,0,222.5146525,222.5146525,0,212,29,0.1171472073
41,0,217,1812,-5.514652458,1589.485348,-0.01993388638,5.745533479,1595,5.765467365,0,25,1,1,0,0,222.5146525,222.5146525,0,212,30,0.1198773384
42,0,222.5146525,10726,0,10503.48535,0,37.96708589,10503.48535,37.96708589,0.08484080705,204.0848408,0,0,1,0,222.5146525,222.5146525,0,212,31,0.1222949028
43,0,222.5146525,220,0,-2.514652458,0,-0.009089747136,-2.514652458,-0.009089747136,1.397029143,1.397029143,0,0,1,0,222.5146525,222.5146525,0,212,32,0.1253232956
44,0,220,2152,-2.514652458,1929.485348,-0.009089747136,6.974535927,1932,6.983625674,0,30,0,0,1,0,222.5146525,222.5146525,0,212,33,0.1284313202
45,0,222.5146525,9493,0,9270.485348,0,33.51014466,9270.485348,33.51014466,0.07858288932,194.0785829,0,0,1,0,222.5146525,222.5146525,0,212,34,0.1308505535
46,0,222.5146525,165,0,-57.51465246,0,-0.2078989666,-57.51465246,-0.2078989666,5.33577541,5.33577541,1,13,0,0,222.5146525,222.5146525,0,212,35,0.1340076923
47,0,222.5146525,216,0,-6.514652458,0,-0.02354859946,-6.514652458,-0.02354859946,0.4952659764,0.4952659764,0,0,1,0,222.5146525,222.5146525,0,212,36,0.1371564865
48,0,216,2015,-6.514652458,1792.485348,-0.02354859946,6.479320234,1799,6.502868834,0,28,0,0,1,0,222.5146525,222.5146525,0,212,37,0.1404762268
49,0,222.5146525,215,0,-7.514652458,0,-0.02716331254,-7.514652458,-0.02716331254,0.1156100378,0.1156100378,0,0,1,0,222.5146525,222.5146525,0,212,38,0.1428825855
50,0,215,1676,-7.514652458,1453.485348,-0.02716331254,5.2539325,1461,5.281095812,0,23,0,0,1,0,222.5146525,222.5146525,0,212,39,0.1452958584
51,0,222.5146525,9777,0,9554.485348,0,34.53672317,9554.485348,34.53672317,0.1002254224,196.8997746,0,0,1,0,222.5146525,222.5146525,0,212,40,0.1476612091
52,0,222.5146525,221,0,-1.514652458,0,-0.005475034055,-1.514652458,-0.005475034055,0.3029304916,0.3029304916,0,0,1,0,222.5146525,222.5146525,0,212,41,0.1503531933
53,0,221,944,-1.514652458,721.4853475,-0.005475034055,2.607962524,723,2.613437558,0,12,1,1,0,0,222.5146525,222.5146525,0,212,42,0.153506279
54,0,222.5146525,8864,0,8641.485348,0,31.23649013,8641.485348,31.23649013,0.02330234551,183.0233023,0,0,1,0,222.5146525,222.5146525,0,212,43,0.1559505463
55,0,222.5146525,224,0,1.485347542,0,0.00536910519,1.485347542,0.00536910519,0.2970695084,0.2970695084,0,0,1,0,222.5146525,222.5146525,0,212,44,0.1588764191
56,0,222.5146525,1681,0,1458.485348,0,5.272006065,1458.485348,5.272006065,0.2970695084,23.70293049,1,1,0,0,222.5146525,222.5146525,0,212,45,0.1617047787
57,0,222.5146525,219,0,-3.514652458,0,-0.01270446022,-3.514652458,-0.01270446022,0.05407157628,0.05407157628,0,0,1,0,222.5146525,222.5146525,0,212,46,0.1647999287
58,0,219,810,-3.514652458,587.4853475,-0.01270446022,2.123590971,591,2.136295431,0,10,1,1,0,0,222.5146525,222.5146525,0,212,47,0.1677584648
59,0,222.5146525,9484,0,9261.485348,0,33.47761224,9261.485348,33.47761224,0.05407157628,186.0540716,0,0,1,0,222.5146525,222.5146525,0,212,48,0.1702094078
60,0,222.5146525,223,0,0.4853475418,0,0.001754392108,0.4853475418,0.001754392108,0.09706950836,0.09706950836,0,0,1,0,222.5146525,222.5146525,0,212,49,0.1733021736
61,0,222.5146525,1816,0,1593.485348,0,5.759992331,1593.485348,5.759992331,0.09706950836,25.90293049,0,0,1,0,222.5146525,222.5146525,0,212,50,0.1762135029
62,0,222.5146525,218,0,-4.514652458,0,-0.0163191733,-4.514652458,-0.0163191733,0.1389123833,0.1389123833,0,0,1,0,222.5146525,222.5146525,0,212,51,0.1791796684
63,0,218,875,-4.514652458,652.4853475,-0.0163191733,2.358547321,657,2.374866495,0,11,0,0,1,0,222.5146525,222.5146525,0,212,52,0.1825561523
64,0,222.5146525,9332,0,9109.485348,0,32.92817585,9109.485348,32.92817585,0.1389123833,197,0,0,1,0,222.5146525,222.5146525,0,212,53,0.1851379871
65,0,222.5146525,221,0,-1.514652458,0,-0.005475034055,-1.514652458,-0.005475034055,0.3029304916,0.3029304916,0,0,1,0,222.5146525,222.5146525,0,212,54,0.1880147457
66,0,221,946,-1.514652458,723.4853475,-0.005475034055,2.61519195,725,2.620666984,0,12,0,0,1,0,222.5146525,222.5146525,0,212,55,0.1912367344
67,0,222.5146525,222,0,-0.5146524582,0,-0.001860320973,-0.5146524582,-0.001860320973,0.007917730126,0.007917730126,0,0,1,0,222.5146525,222.5146525,0,212,56,0.1936018467
68,0,222,1078,-0.5146524582,855.4853475,-0.001860320973,3.092334077,856,3.094194398,0,14,0,0,1,0,222.5146525,222.5146525,0,212,57,0.1961348057
69,0,222.5146525,10428,0,10205.48535,0,36.88990139,10205.48535,36.88990139,0.02330234551,220.0233023,0,0,1,0,222.5146525,222.5146525,0,212,58,0.1985216141
70,0,222.5146525,229,0,6.485347542,0,0.0234426706,6.485347542,0.0234426706,4.363793961,4.363793961,1,1,0,0,222.5146525,222.5146525,0,212,59,0.2019171715
71,0,222.5146525,226,0,3.485347542,0,0.01259853135,3.485347542,0.01259853135,0.9758973117,0.9758973117,0,0,1,0,222.5146525,222.5146525,0,212,60,0.2050337791
72,0,222.5146525,599,0,376.4853475,0,1.360886511,376.4853475,1.360886511,0.9758973117,12.02410269,0,0,1,0,222.5146525,222.5146525,0,212,61,0.207710743
73,0,222.5146525,201,0,-21.51465246,0,-0.07776929569,-21.51465246,-0.07776929569,0.3259795827,0.3259795827,0,0,1,1,222.5146525,222.5146525,0,201,0,0.2109735012
74,0,201,926,-21.51465246,703.4853475,-0.07776929569,2.542897688,725,2.620666984,0,12,0,0,1,0,222.5146525,222.5146525,0,201,1,0.2136273384
75,0,222.5146525,202,0,-20.51465246,0,-0.07415458261,-20.51465246,-0.07415458261,0.3156100378,0.3156100378,0,0,1,0,222.5146525,222.5146525,0,201,2,0.2160816193
76,0,202,1729,-20.51465246,1506.485348,-0.07415458261,5.445512293,1527,5.519666876,0,24,0,0,1,0,222.5146525,222.5146525,0,201,3,0.2192306519
77,0,222.5146525,10612,0,10389.48535,0,37.5550086,10389.48535,37.5550086,0.3309946532,201.3309947,0,0,1,0,222.5146525,222.5146525,0,201,4,0.2216906548
78,0,222.5146525,219,2.842170943e-14,-3.514652458,1.027363249e-16,-0.01270446022,-3.514652458,-0.01270446022,1.506279625,1.506279625,0,0,1,0,222.5146525,222.5146525,0,201,5,0.224366188
79,0,219,1546,-3.514652458,1323.485348,-0.01270446022,4.784019799,1327,4.796724259,0,21,0,0,1,0,222.5146525,222.5146525,0,201,6,0.2272267342
80,0,222.5146525,220,0,-2.514652458,0,-0.009089747136,-2.514652458,-0.009089747136,0.0386869609,0.0386869609,0,0,1,0,222.5146525,222.5146525,0,201,7,0.2296192646
81,0,220,1277,-2.514652458,1054.485348,-0.009089747136,3.81166198,1057,3.820751727,0,17,0,0,1,0,222.5146525,222.5146525,0,201,8,0.232419014
82,0,222.5146525,10612,0,10389.48535,0,37.5550086,10389.48535,37.5550086,0.05407157628,215.0540716,0,0,1,0,222.5146525,222.5146525,0,201,9,0.2348110676
83,0,222.5146525,221,0,-1.514652458,0,-0.005475034055,-1.514652458,-0.005475034055,0.3029304916,0.3029304916,0,0,1,0,222.5146525,222.5146525,0,201,10,0.2377743721
84,0,221,1750,-1.514652458,1527.485348,-0.005475034055,5.521421268,1529,5.526896302,0,24,0,0,1,0,222.5146525,222.5146525,0,201,11,0.2409985065
85,0,222.5146525,222,0,-0.5146524582,0,-0.001860320973,-0.5146524582,-0.001860320973,0.007917730126,0.007917730126,0,0,1,0,222.5146525,222.5146525,0,201,12,0.2434334755
86,0,222,2154,-0.5146524582,1931.485348,-0.001860320973,6.981765353,1932,6.983625674,0,30,0,0,1,0,222.5146525,222.5146525,0,201,13,0.2461030483
87,0,222.5146525,9986,0,9763.485348,0,35.29219821,9763.485348,35.29219821,0.02330234551,206.0233023,0,0,1,0,222.5146525,222.5146525,0,201,14,0.2485141754
88,0,222.5146525,224,-2.842170943e-14,1.485347542,-1.027363249e-16,0.00536910519,1.485347542,0.00536910519,3.271395231,3.271395231,1,1,0,0,222.5146525,222.5146525,0,201,15,0.2517461777
89,0,222.5146525,225,0,2.485347542,0,0.008983818272,2.485347542,0.008983818272,0.4970695084,0.4970695084,0,0,1,0,222.5146525,222.5146525,0,201,16,0.2547707558
90,0,222.5146525,1080,0,857.4853475,0,3.099563503,857.4853475,3.099563503,0.4970695084,14.50293049,0,0,1,0,222.5146525,222.5146525,0,201,17,0.2572257519
91,0,222.5146525,221,0,-1.514652458,0,-0.005475034055,-1.514652458,-0.005475034055,0.02330234551,0.02330234551,0,0,1,0,222.5146525,222.5146525,0,201,18,0.2600114346
92,0,221,1278,-1.514652458,1055.485348,-0.005475034055,3.815276693,1057,3.820751727,0,17,0,0,1,0,222.5146525,222.5146525,0,201,19,0.2625825405
93,0,222.5146525,220,0,-2.514652458,0,-0.009089747136,-2.514652458,-0.009089747136,0.0386869609,0.0386869609,0,0,1,0,222.5146525,222.5146525,0,201,20,0.264957428
94,0,220,1212,-2.514652458,989.4853475,-0.009089747136,3.57670563,992,3.585795377,0,16,0,0,1,0,222.5146525,222.5146525,0,201,21,0.2673950195
95,0,222.5146525,9430,0,9207.485348,0,33.28241773,9207.485348,33.28241773,0.02330234551,198.0233023,0,0,1,0,222.5146525,222.5146525,0,201,22,0.2697687149
96,0,222.5146525,224,0,1.485347542,0,0.00536910519,1.485347542,0.00536910519,1.114010656,1.114010656,0,0,1,0,222.5146525,222.5146525,0,201,23,0.2730112076
97,0,222.5146525,1609,0,1386.485348,0,5.011746723,1386.485348,5.011746723,0.4243850119,23.57561499,1,1,0,0,222.5146525,222.5146525,0,201,24,0.2765953541
98,0,222.5146525,217,0,-5.514652458,0,-0.01993388638,-5.514652458,-0.01993388638,0.08484080705,0.08484080705,0,0,1,0,222.5146525,222.5146525,0,201,25,0.2797236443
99,0,217,2081,-5.514652458,1858.485348,-0.01993388638,6.717891298,1864,6.737825184,0,29,0,0,1,0,222.5146525,222.5146525,0,201,26,0.2822725773
100,0,222.5146525,9506,0,9283.485348,0,33.55713593,9283.485348,33.55713593,0.1646164913,182.8353835,0,0,1,0,222.5146525,222.5146525,0,201,27,0.2847363949
101,0,222.5146525,208,0,-14.51465246,0,-0.05246630412,-14.51465246,-0.05246630412,1.502442076,1.502442076,1,5,0,0,222.5146525,222.5146525,0,201,28,0.2874617577
102,0,222.5,1837,-0.01465245822,1614.485348,-5.296443241e-05,5.835901306,1614.5,5.83595427,1.5,26.5,0,0,1,0,222.5146525,222.5146525,0,201,29,0.2903633118
103,0,222.5146525,209,0,-13.51465246,0,-0.04885159103,-13.51465246,-0.04885159103,1.697069508,1.697069508,1,4,0,0,222.5146525,222.5146525,0,201,30,0.2931134701
104,0,222.5146525,1227,0,1004.485348,0,3.630926326,1004.485348,3.630926326,1.697069508,18.30293049,0,0,1,0,222.5146525,222.5146525,0,201,31,0.295456171
105,0,222.5146525,221,0,-1.514652458,0,-0.005475034055,-1.514652458,-0.005475034055,0.137695678,0.137695678,0,0,1,0,222.5146525,222.5146525,0,201,32,0.2982625961
106,0,221,1079,-1.514652458,856.4853475,-0.005475034055,3.09594879,858,3.101423824,0,14,0,0,1,0,222.5146525,222.5146525,0,201,33,0.3008229733
107,0,222.5146525,222,0,-0.5146524582,0,-0.001860320973,-0.5146524582,-0.001860320973,0.007917730126,0.007917730126,0,0,1,0,222.5146525,222.5146525,0,201,34,0.3031659126
108,0,222,879,-0.5146524582,656.4853475,-0.001860320973,2.373006174,657,2.374866495,0,11,0,0,1,0,222.5146525,222.5146525,0,201,35,0.3055751324
109,0,222.5146525,10133,0,9910.485348,0,35.82356103,9910.485348,35.82356103,0.02330234551,213.9766977,0,0,1,0,222.5146525,222.5146525,0,201,36,0.3079473972
110,0,222.5146525,180,0,-42.51465246,0,-0.1536782704,-42.51465246,-0.1536782704,6.497069508,6.497069508,1,14,0,0,222.5146525,222.5146525,0,201,37,0.3109958172
111,0,222.5146525,202,2.842170943e-14,-20.51465246,1.027363249e-16,-0.07415458261,-20.51465246,-0.07415458261,4.517913154,4.517913154,1,4,0,0,222.5146525,222.5146525,0,201,38,0.3142626286
112,0,214,214,-8.514652458,-8.514652458,-0.03077802563,-0.03077802563,0,0,0,0,0,0,1,0,222.5146525,222.5146525,0,201,39,0.317471981
113,0,214,1206,-8.514652458,983.4853475,-0.03077802563,3.555017351,992,3.585795377,0,16,0,0,1,0,222.5146525,222.5146525,0,201,40,0.3201005459
114,0,222.5146525,215,0,-7.514652458,0,-0.02716331254,-7.514652458,-0.02716331254,0.1156100378,0.1156100378,0,0,1,0,222.5146525,222.5146525,0,201,41,0.322404623
115,0,215,1272,-7.514652458,1049.485348,-0.02716331254,3.793588415,1057,3.820751727,0,17,0,0,1,0,222.5146525,222.5146525,0,201,42,0.3248124123
116,0,222.5146525,9343,0,9120.485348,0,32.9679377,9120.485348,32.9679377,0.1309946532,186.8690053,0,0,1,0,222.5146525,222.5146525,0,201,43,0.3271896839
117,0,222.5146525,221,0,-1.514652458,0,-0.005475034055,-1.514652458,-0.005475034055,0.3029304916,0.3029304916,0,0,1,0,222.5146525,222.5146525,0,201,44,0.329865694
118,0,221,1412,-1.514652458,1189.485348,-0.005475034055,4.299648246,1191,4.30512328,0,19,0,0,1,0,222.5146525,222.5146525,0,201,45,0.332752943
119,0,222.5146525,10150,2.842170943e-14,9927.485348,1.027363249e-16,35.88501115,9927.485348,35.88501115,0.03468669752,191.0346867,0,0,1,0,222.5146525,222.5146525,0,201,46,0.3351838589
120,0,222.5146525,221,0,-1.514652458,0,-0.005475034055,-1.514652458,-0.005475034055,0.2524420764,0.2524420764,0,0,1,0,222.5146525,222.5146525,0,201,47,0.3380413055
121,0,221,1748,-1.514652458,1525.485348,-0.005475034055,5.514191842,1527,5.519666876,0,24,1,1,0,0,222.5146525,222.5146525,0,201,48,0.340988636
122,0,222.5146525,9912,0,9689.485348,0,35.02470944,9689.485348,35.02470944,0.02330234551,194.0233023,0,0,1,0,222.5146525,222.5146525,0,201,49,0.3434276581
123,0,222.5146525,225,-2.842170943e-14,2.485347542,-1.027363249e-16,0.008983818272,2.485347542,0.008983818272,0.9941390167,0.9941390167,0,0,1,0,222.5146525,222.5146525,0,201,50,0.3461914062
124,0,222.5146525,2019,0,1796.485348,0,6.493779087,1796.485348,6.493779087,0.4970695084,28.50293049,1,1,0,0,222.5146525,222.5146525,0,201,51,0.3488810062
125,0,222.5146525,220,0,-2.514652458,0,-0.009089747136,-2.514652458,-0.009089747136,0.0386869609,0.0386869609,0,0,1,0,222.5146525,222.5146525,0,201,52,0.351691246
126,0,220,1277,-2.514652458,1054.485348,-0.009089747136,3.81166198,1057,3.820751727,0,17,1,1,0,0,222.5146525,222.5146525,0,201,53,0.3542454243
127,0,222.5146525,9271,0,9048.485348,0,32.70767835,9048.485348,32.70767835,0.0386869609,167.961313,0,0,1,0,222.5146525,222.5146525,0,201,54,0.3566939831
128,0,222.5146525,224,0,1.485347542,0,0.00536910519,1.485347542,0.00536910519,0.2475579236,0.2475579236,0,0,1,0,222.5146525,222.5146525,0,201,55,0.3593733311
129,0,222.5146525,1277,0,1054.485348,0,3.81166198,1054.485348,3.81166198,0.2475579236,17.75244208,1,2,0,0,222.5146525,222.5146525,0,201,56,0.3619327545
130,0,222.5146525,218,0,-4.514652458,0,-0.0163191733,-4.514652458,-0.0163191733,0.06945619166,0.06945619166,0,0,1,0,222.5146525,222.5146525,0,201,57,0.3646149635
131,0,218,1007,-4.514652458,784.4853475,-0.0163191733,2.835689448,789,2.852008621,0,13,1,3,0,0,222.5146525,222.5146525,0,201,58,0.3671422005
132,0,222.5146525,10255,0,10032.48535,0,36.26455603,10032.48535,36.26455603,0.06945619166,205.9305438,0,0,1,0,222.5146525,222.5146525,0,201,59,0.3695161343
133,0,222.5146525,225,0,2.485347542,0,0.008983818272,2.485347542,0.008983818272,0.4142245903,0.4142245903,0,0,1,0,222.5146525,222.5146525,0,201,60,0.3721892834
134,0,222.5146525,1479,0,1256.485348,0,4.541834023,1256.485348,4.541834023,0.4142245903,20.58577541,1,2,0,0,222.5146525,222.5146525,0,201,61,0.3746016026
135,0,222.5146525,219,0,-3.514652458,0,-0.01270446022,-3.514652458,-0.01270446022,0.05407157628,0.05407157628,0,0,1,0,222.5146525,222.5146525,0,201,62,0.3773546219
136,0,219,2018,-3.514652458,1795.485348,-0.01270446022,6.490164374,1799,6.502868834,0,28,1,2,0,0,222.5146525,222.5146525,0,201,63,0.3798120022
137,0,222.5146525,10518,0,10295.48535,0,37.21522557,10295.48535,37.21522557,0.05407157628,203.9459284,0,0,1,0,222.5146525,222.5146525,0,201,64,0.3822081089
138,0,222.5146525,199,0,-23.51465246,0,-0.08499872185,-23.51465246,-0.08499872185,3.297069508,3.297069508,1,6,0,0,222.5146525,222.5146525,0,201,65,0.3849363327
139,0,222.5146525,215,0,-7.514652458,0,-0.02716331254,-7.514652458,-0.02716331254,0.7668012712,0.7668012712,0,0,1,0,222.5146525,222.5146525,0,201,66,0.3876855373
140,0,215,1205,-7.514652458,982.4853475,-0.02716331254,3.551402638,990,3.578565951,0,16,1,1,0,0,222.5146525,222.5146525,0,201,67,0.3909521103
141,0,222.5146525,10031,0,9808.485348,0,35.4548603,9808.485348,35.4548603,0.1156100378,206.88439,0,0,1,0,222.5146525,222.5146525,0,201,68,0.3934280872
142,0,222.5146525,223,0,0.4853475418,0,0.001754392108,0.4853475418,0.001754392108,0.09706950836,0.09706950836,0,0,1,0,222.5146525,222.5146525,0,201,69,0.3962790966
143,0,222.5146525,744,0,521.4853475,0,1.885019908,521.4853475,1.885019908,0.09706950836,9.902930492,1,1,0,0,222.5146525,222.5146525,0,201,70,0.3988966942
144,0,222.5146525,218,0,-4.514652458,0,-0.0163191733,-4.514652458,-0.0163191733,0.06945619166,0.06945619166,0,0,1,0,222.5146525,222.5146525,0,201,71,0.4017601013
145,0,218,1074,-4.514652458,851.4853475,-0.0163191733,3.077875225,856,3.094194398,0,14,1,1,0,0,222.5146525,222.5146525,0,201,72,0.4042646885
146,0,222.5146525,9881,0,9658.485348,0,34.91265333,9658.485348,34.91265333,0.06945619166,194.9305438,0,0,1,0,222.5146525,222.5146525,0,201,73,0.4066646099
147,0,222.5146525,208,2.842170943e-14,-14.51465246,1.027363249e-16,-0.05246630412,-14.51465246,-0.05246630412,5.097069508,5.097069508,1,4,0,0,222.5146525,222.5146525,0,201,74,0.409589529
148,0,222.5146525,211,2.842170943e-14,-11.51465246,1.027363249e-16,-0.04162216487,-11.51465246,-0.04162216487,1.32672402,1.32672402,1,1,0,0,222.5146525,222.5146525,0,201,75,0.4125199318
149,0,215,215,-7.514652458,-7.514652458,-0.02716331254,-0.02716331254,0,0,0,0,0,0,1,0,222.5146525,222.5146525,0,201,76,0.4152593613
150,0,215,938,-7.514652458,715.4853475,-0.02716331254,2.586274245,723,2.613437558,0,12,0,0,1,0,222.5146525,222.5146525,0,201,77,0.4175932407
151,0,222.5146525,9978,0,9755.485348,0,35.2632805,9755.485348,35.2632805,0.2312200756,204.2312201,0,0,1,0,222.5146525,222.5146525,0,201,78,0.4200267792
152,0,222.5146525,223,0,0.4853475418,0,0.001754392108,0.4853475418,0.001754392108,0.09706950836,0.09706950836,0,0,1,0,222.5146525,222.5146525,0,201,79,0.422914505
153,0,222.5146525,1811,0,1588.485348,0,5.741918766,1588.485348,5.741918766,0.09706950836,26.90293049,0,0,1,0,222.5146525,222.5146525,0,201,80,0.4258265495
154,0,222.5146525,212,0,-10.51465246,0,-0.03800745179,-10.51465246,-0.03800745179,0.161763884,0.161763884,0,0,1,0,222.5146525,222.5146525,0,201,81,0.4285840988
155,0,212,1741,-10.51465246,1518.485348,-0.03800745179,5.48888885,1529,5.526896302,0,24,0,0,1,0,222.5146525,222.5146525,0,201,82,0.4312880039
156,0,222.5146525,213,0,-9.514652458,0,-0.03439273871,-9.514652458,-0.03439273871,0.1463792686,0.1463792686,0,0,1,0,222.5146525,222.5146525,0,201,83,0.4336268902
157,0,213,1876,-9.514652458,1653.485348,-0.03439273871,5.976875116,1663,6.011267855,0,26,0,0,1,0,222.5146525,222.5146525,0,201,84,0.4360442162
158,0,222.5146525,9882,0,9659.485348,0,34.91626805,9659.485348,34.91626805,0.161763884,195.8382361,0,0,1,0,222.5146525,222.5146525,0,201,85,0.4384260178
159,0,222.5146525,220,0,-2.514652458,0,-0.009089747136,-2.514652458,-0.009089747136,5.830402842,5.830402842,1,2,0,0,222.5146525,222.5146525,0,201,86,0.4413566589
160,0,222.5146525,222,0,-0.5146524582,0,-0.001860320973,-0.5146524582,-0.001860320973,0.01183109099,0.01183109099,0,0,1,0,222.5146525,222.5146525,0,201,87,0.4444627762
161,0,222,1415,-0.5146524582,1192.485348,-0.001860320973,4.310492385,1193,4.312352706,0,19,0,0,1,0,222.5146525,222.5146525,0,201,88,0.447409153
162,0,222.5146525,223,0,0.4853475418,0,0.001754392108,0.4853475418,0.001754392108,0.09706950836,0.09706950836,0,0,1,0,222.5146525,222.5146525,0,201,89,0.4500999451
163,0,222.5146525,1952,0,1729.485348,0,6.25159331,1729.485348,6.25159331,0.09706950836,27.90293049,1,1,0,0,222.5146525,222.5146525,0,201,90,0.4524223804
164,0,222.5146525,218,0,-4.514652458,0,-0.0163191733,-4.514652458,-0.0163191733,0.06945619166,0.06945619166,0,0,1,0,222.5146525,222.5146525,0,201,91,0.4553170204
165,0,218,1745,-4.514652458,1522.485348,-0.0163191733,5.503347702,1527,5.519666876,0,24,1,1,0,0,222.5146525,222.5146525,0,201,92,0.4577980042
166,0,222.5146525,9980,0,9757.485348,0,35.27050993,9757.485348,35.27050993,0.06945619166,191.0694562,0,0,1,0,222.5146525,222.5146525,0,201,93,0.460354805
167,0,222.5146525,224,0,1.485347542,0,0.00536910519,1.485347542,0.00536910519,0.2970695084,0.2970695084,0,0,1,0,222.5146525,222.5146525,0,201,94,0.4633471966
168,0,222.5146525,1272,0,1049.485348,0,3.793588415,1049.485348,3.793588415,0.2970695084,17.70293049,0,0,1,0,222.5146525,222.5146525,0,201,95,0.4659678936
169,0,222.5146525,214,0,-8.514652458,0,-0.03077802563,-8.514652458,-0.03077802563,0.1309946532,0.1309946532,0,0,1,0,222.5146525,222.5146525,0,201,96,0.4686815739
170,0,214,805,-8.514652458,582.4853475,-0.03077802563,2.105517406,591,2.136295431,0,10,1,1,0,0,222.5146525,222.5146525,0,201,97,0.471462965
171,0,222.5146525,10051,0,9828.485348,0,35.52715456,9828.485348,35.52715456,0.1309946532,208.1309947,0,0,1,0,222.5146525,222.5146525,0,201,98,0.4739160538
172,0,222.5146525,206,0,-16.51465246,0,-0.05969573028,-16.51465246,-0.05969573028,3.885800578,3.885800578,0,0,1,0,222.5146525,222.5146525,0,201,99,0.4769086838
173,0,206,1332,-16.51465246,1109.485348,-0.05969573028,4.0104712,1126,4.07016693,0,18,0,0,1,0,222.5146525,222.5146525,0,201,100,0.4798388481
174,0,222.5146525,207,0,-15.51465246,0,-0.0560810172,-15.51465246,-0.0560810172,0.2386869609,0.2386869609,0,0,1,0,222.5146525,222.5146525,0,201,101,0.4821603298
175,0,207,930,-15.51465246,707.4853475,-0.0560810172,2.557356541,723,2.613437558,0,12,0,0,1,0,222.5146525,222.5146525,0,201,102,0.4846308231
176,0,222.5146525,11239,0,11016.48535,0,39.8214337,11016.48535,39.8214337,0.2540715763,215.7459284,0,0,1,0,222.5146525,222.5146525,0,201,103,0.4870126247
177,0,222.5146525,228,0,5.485347542,0,0.01982795752,5.485347542,0.01982795752,0.9973359167,0.9973359167,0,0,1,0,222.5146525,222.5146525,0,201,104,0.489877224
178,0,222.5146525,2018,0,1795.485348,0,6.490164374,1795.485348,6.490164374,0.9973359167,29.00266408,0,0,1,0,222.5146525,222.5146525,0,201,105,0.4925019741
179,0,222.5146525,218,0,-4.514652458,0,-0.0163191733,-4.514652458,-0.0163191733,0.06945619166,0.06945619166,0,0,1,0,222.5146525,222.5146525,0,201,106,0.495518446
180,0,218,1610,-4.514652458,1387.485348,-0.0163191733,5.015361436,1392,5.03168061,0,22,0,0,1,0,222.5146525,222.5146525,0,201,107,0.4982228279
181,0,222.5146525,217,0,-5.514652458,0,-0.01993388638,-5.514652458,-0.01993388638,0.08484080705,0.08484080705,0,0,1,0,222.5146525,222.5146525,0,201,108,0.5005385876
182,0,217,1544,-5.514652458,1321.485348,-0.01993388638,4.776790373,1327,4.796724259,0,21,0,0,1,0,222.5146525,222.5146525,0,201,109,0.5030288696
183,0,222.5146525,10696,0,10473.48535,0,37.8586445,10473.48535,37.8586445,0.06945619166,227.9305438,0,0,1,0,222.5146525,222.5146525,0,201,110,0.5054171085
184,0,222.5146525,228,-2.842170943e-14,5.485347542,-1.027363249e-16,0.01982795752,5.485347542,0.01982795752,4.473498609,4.473498609,1,1,0,0,222.5146525,222.5146525,0,201,111,0.5083982944
185,0,222.5146525,1220,2.842170943e-14,997.4853475,1.027363249e-16,3.605623334,997.4853475,3.605623334,2.36097228,21.63902772,1,1,0,0,222.5146525,222.5146525,0,201,112,0.5115687847
186,0,222.5146525,197,0,-25.51465246,0,-0.09222814801,-25.51465246,-0.09222814801,2.102930492,2.102930492,1,4,0,0,222.5146525,222.5146525,0,201,113,0.5148191452
187,0,222.5146525,216,0,-6.514652458,0,-0.02354859946,-6.514652458,-0.02354859946,1.333333333,1.333333333,1,1,0,0,222.5146525,222.5146525,0,201,114,0.5178387165
188,0,222.5146525,220,0,-2.514652458,0,-0.009089747136,-2.514652458,-0.009089747136,0.419108743,0.419108743,0,0,1,0,222.5146525,222.5146525,0,201,115,0.5202653408
189,0,220,2084,-2.514652458,1861.485348,-0.009089747136,6.728735437,1864,6.737825184,0,29,1,1,0,0,222.5146525,222.5146525,0,201,116,0.5230081081
190,0,222.5146525,10190,0,9967.485348,0,36.02959968,9967.485348,36.02959968,0.0386869609,185.961313,0,0,1,0,222.5146525,222.5146525,0,201,117,0.5254404545
191,0,222.5146525,224,0,1.485347542,0,0.00536910519,1.485347542,0.00536910519,0.8912085251,0.8912085251,0,0,1,0,222.5146525,222.5146525,0,201,118,0.5283384323
192,0,222.5146525,943,0,720.4853475,0,2.604347811,720.4853475,2.604347811,0.2970695084,12.70293049,1,2,0,0,222.5146525,222.5146525,0,201,119,0.5311434269
193,0,222.5146525,219,0,-3.514652458,0,-0.01270446022,-3.514652458,-0.01270446022,0.05407157628,0.05407157628,0,0,1,0,222.5146525,222.5146525,0,201,120,0.5339355469
194,0,219,1814,-3.514652458,1591.485348,-0.01270446022,5.752762905,1595,5.765467365,0,25,1,1,0,0,222.5146525,222.5146525,0,201,121,0.5364234447
195,0,222.5146525,9196,0,8973.485348,0,32.43657487,8973.485348,32.43657487,0.05407157628,176.0540716,0,0,1,0,222.5146525,222.5146525,0,201,122,0.5389113426
196,0,222.5146525,196,0,-26.51465246,0,-0.09584286109,-26.51465246,-0.09584286109,3,3,1,7,0,0,222.5146525,222.5146525,0,201,123,0.5416650772
197,0,222.5146525,219,2.842170943e-14,-3.514652458,1.027363249e-16,-0.01270446022,-3.514652458,-0.01270446022,2.99850992,2.99850992,1,1,0,0,222.5146525,222.5146525,0,201,124,0.5441873074
198,0,222.5146525,221,0,-1.514652458,0,-0.005475034055,-1.514652458,-0.005475034055,0.2163789226,0.2163789226,0,0,1,0,222.5146525,222.5146525,0,201,125,0.5467476845
199,0,221,1546,-1.514652458,1323.485348,-0.005475034055,4.784019799,1325,4.789494833,0,21,1,1,0,0,222.5146525,222.5146525,0,201,126,0.5494987965
200,0,222.5146525,10765,0,10542.48535,0,38.1080597,10542.48535,38.1080597,0.02330234551,219.0233023,0,0,1,0,222.5146525,222.5146525,0,201,127,0.5519502163
201,0,222.5146525,209,0,-13.51465246,0,-0.04885159103,-13.51465246,-0.04885159103,9.844049355,9.844049355,1,8,0,0,222.5146525,222.5146525,0,201,128,0.5563764572
202,0,222.5146525,221,2.842170943e-14,-1.514652458,1.027363249e-16,-0.005475034055,-1.514652458,-0.005475034055,4.265501222,4.265501222,1,1,0,0,222.5146525,222.5146525,0,201,129,0.5607731342
203,0,222.5146525,226,2.842170943e-14,3.485347542,1.027363249e-16,0.01259853135,3.485347542,0.01259853135,1.640163549,1.640163549,0,0,1,0,222.5146525,222.5146525,0,201,130,0.5644629002
204,0,222.5146525,1543,0,1320.485348,0,4.77317566,1320.485348,4.77317566,0.8713368854,22.12866311,0,0,1,0,222.5146525,222.5146525,0,201,131,0.5673952103
205,0,222.5146525,218,0,-4.514652458,0,-0.0163191733,-4.514652458,-0.0163191733,0.1368076502,0.1368076502,0,0,1,0,222.5146525,222.5146525,0,201,132,0.5708839893
206,0,218,1141,-4.514652458,918.4853475,-0.0163191733,3.320061001,923,3.336380174,0,15,1,1,0,0,222.5146525,222.5146525,0,201,133,0.573900938
207,0,222.5146525,9803,0,9580.485348,0,34.63070571,9580.485348,34.63070571,0.06945619166,192.0694562,0,0,1,0,222.5146525,222.5146525,0,201,134,0.5765562057
208,0,222.5146525,224,0,1.485347542,0,0.00536910519,1.485347542,0.00536910519,0.2970695084,0.2970695084,0,0,1,0,222.5146525,222.5146525,0,201,135,0.5799679756
209,0,222.5146525,811,0,588.4853475,0,2.127205684,588.4853475,2.127205684,0.2970695084,10.70293049,0,0,1,0,222.5146525,222.5146525,0,201,136,0.5827622414
210,0,222.5146525,218,0,-4.514652458,0,-0.0163191733,-4.514652458,-0.0163191733,0.06945619166,0.06945619166,0,0,1,0,222.5146525,222.5146525,0,201,137,0.5860292912
211,0,218,2152,-4.514652458,1929.485348,-0.0163191733,6.974535927,1934,6.9908551,0,30,0,0,1,0,222.5146525,222.5146525,0,201,138,0.5887284279
212,0,222.5146525,219,0,-3.514652458,0,-0.01270446022,-3.514652458,-0.01270446022,0.05407157628,0.05407157628,0,0,1,0,222.5146525,222.5146525,0,201,139,0.591283083
213,0,219,810,-3.514652458,587.4853475,-0.01270446022,2.123590971,591,2.136295431,0,10,0,0,1,0,222.5146525,222.5146525,0,201,140,0.5938534737
214,0,222.5146525,10002,0,9779.485348,0,35.35003362,9779.485348,35.35003362,0.06945619166,203.0694562,0,0,1,0,222.5146525,222.5146525,0,201,141,0.5962760448
215,0,222.5146525,217,0,-5.514652458,0,-0.01993388638,-5.514652458,-0.01993388638,1.838217486,1.838217486,0,0,1,0,222.5146525,222.5146525,0,201,142,0.5991835594
216,0,217,2016,-5.514652458,1793.485348,-0.01993388638,6.482934947,1799,6.502868834,0,28,0,0,1,0,222.5146525,222.5146525,0,201,143,0.6022012234
217,0,222.5146525,10169,0,9946.485348,0,35.9536907,9946.485348,35.9536907,0.1696816141,209.1696816,0,0,1,0,222.5146525,222.5146525,0,201,144,0.6047132015
218,0,222.5146525,211,0,-11.51465246,0,-0.04162216487,-11.51465246,-0.04162216487,2.697069508,2.697069508,1,2,0,0,222.5146525,222.5146525,0,201,145,0.6079757214
219,0,222.5146525,225,0,2.485347542,0,0.008983818272,2.485347542,0.008983818272,1.242673771,1.242673771,0,0,1,0,222.5146525,222.5146525,0,201,146,0.6106536388
220,0,222.5146525,1750,0,1527.485348,0,5.521421268,1527.485348,5.521421268,0.4970695084,24.50293049,0,0,1,0,222.5146525,222.5146525,0,201,147,0.6132326126
221,0,222.5146525,220,-2.842170943e-14,-2.514652458,-1.027363249e-16,-0.009089747136,-2.514652458,-0.009089747136,0.07737392179,0.07737392179,0,0,1,0,222.5146525,222.5146525,0,201,148,0.6161358356
222,0,220,1009,-2.514652458,786.4853475,-0.009089747136,2.842918874,789,2.852008621,0,13,0,0,1,0,222.5146525,222.5146525,0,201,149,0.6188752651
223,0,222.5146525,8805,-2.842170943e-14,8582.485348,-1.027363249e-16,31.02322206,8582.485348,31.02322206,0.07737392179,181,0,0,1,0,222.5146525,222.5146525,0,201,150,0.6213567257
224,0,222.5146525,190,0,-32.51465246,0,-0.1175311396,-32.51465246,-0.1175311396,4.902930492,4.902930492,1,9,0,0,222.5146525,222.5146525,0,201,151,0.6246254444
225,0,222.5146525,213,-2.842170943e-14,-9.514652458,-1.027363249e-16,-0.03439273871,-9.514652458,-0.03439273871,2.111638301,2.111638301,1,1,0,0,222.5146525,222.5146525,0,201,152,0.6279690266
226,0,222.5146525,216,0,-6.514652458,0,-0.02354859946,-6.514652458,-0.02354859946,0.6857528903,0.6857528903,0,0,1,0,222.5146525,222.5146525,0,201,153,0.6306319237
227,0,216,1005,-6.514652458,782.4853475,-0.02354859946,2.828460022,789,2.852008621,0,13,1,1,0,0,222.5146525,222.5146525,0,201,154,0.6332962513
228,0,222.5146525,10296,0,10073.48535,0,36.41275926,10073.48535,36.41275926,0.1002254224,199.1002254,0,0,1,0,222.5146525,222.5146525,0,201,155,0.6357352734
229,0,222.5146525,203,-2.842170943e-14,-19.51465246,-1.027363249e-16,-0.07053986952,-19.51465246,-0.07053986952,5.800929635,5.800929635,1,10,0,0,222.5146525,222.5146525,0,201,156,0.6387152672
230,0,222.5146525,214,0,-8.514652458,0,-0.03077802563,-8.514652458,-0.03077802563,2.671550819,2.671550819,1,3,0,0,222.5146525,222.5146525,0,201,157,0.6417992115
231,0,222.5146525,222,0,-0.5146524582,0,-0.001860320973,-0.5146524582,-0.001860320973,0.2573262291,0.2573262291,0,0,1,0,222.5146525,222.5146525,0,201,158,0.6451714039
232,0,222,1147,-0.5146524582,924.4853475,-0.001860320973,3.34174928,925,3.3436096,0,15,0,0,1,0,222.5146525,222.5146525,0,201,159,0.64797616
233,0,222.5146525,223,0,0.4853475418,0,0.001754392108,0.4853475418,0.001754392108,0.06933536311,0.06933536311,0,0,1,0,222.5146525,222.5146525,0,201,160,0.6505374908
234,0,222.5146525,1208,0,985.4853475,0,3.562246777,985.4853475,3.562246777,0.06933536311,16.93066464,1,1,0,0,222.5146525,222.5146525,0,201,161,0.6528706551
235,0,222.5146525,216,0,-6.514652458,0,-0.02354859946,-6.514652458,-0.02354859946,0.1002254224,0.1002254224,0,0,1,0,222.5146525,222.5146525,0,201,162,0.6556763649
236,0,216,1541,-6.514652458,1318.485348,-0.02354859946,4.765946234,1325,4.789494833,0,21,1,1,0,0,222.5146525,222.5146525,0,201,163,0.6581227779
237,0,222.5146525,9890,0,9667.485348,0,34.94518575,9667.485348,34.94518575,0.1002254224,197.8997746,0,0,1,0,222.5146525,222.5146525,0,201,164,0.6604952812
238,0,222.5146525,221,0,-1.514652458,0,-0.005475034055,-1.514652458,-0.005475034055,0.2163789226,0.2163789226,0,0,1,0,222.5146525,222.5146525,0,201,165,0.6631691456
239,0,221,1546,-1.514652458,1323.485348,-0.005475034055,4.784019799,1325,4.789494833,0,21,0,0,1,0,222.5146525,222.5146525,0,201,166,0.6661596298
240,0,222.5146525,220,0,-2.514652458,0,-0.009089747136,-2.514652458,-0.009089747136,0.0386869609,0.0386869609,0,0,1,0,222.5146525,222.5146525,0,201,167,0.668569088
241,0,220,945,-2.514652458,722.4853475,-0.009089747136,2.611577237,725,2.620666984,0,12,0,0,1,0,222.5146525,222.5146525,0,201,168,0.6710193157
242,0,222.5146525,11574,0,11351.48535,0,41.03236258,11351.48535,41.03236258,0.02330234551,215.0233023,0,0,1,0,222.5146525,222.5146525,0,201,169,0.6734008789
243,0,222.5146525,221,0,-1.514652458,0,-0.005475034055,-1.514652458,-0.005475034055,0.2524420764,0.2524420764,0,0,1,0,222.5146525,222.5146525,0,201,170,0.6761155128
244,0,221,1884,-1.514652458,1661.485348,-0.005475034055,6.005792821,1663,6.011267855,0,26,1,1,0,0,222.5146525,222.5146525,0,201,171,0.6789171696
245,0,222.5146525,10689,0,10466.48535,0,37.8333415,10466.48535,37.8333415,0.02330234551,203.0233023,0,0,1,0,222.5146525,222.5146525,0,201,172,0.6813089848
246,0,222.5146525,228,0,5.485347542,0,0.01982795752,5.485347542,0.01982795752,3.445549934,3.445549934,1,1,0,0,222.5146525,222.5146525,0,201,173,0.6841368675
247,0,222.5146525,223,0,0.4853475418,0,0.001754392108,0.4853475418,0.001754392108,0.09706950836,0.09706950836,0,0,1,0,222.5146525,222.5146525,0,201,174,0.687057972
248,0,222.5146525,810,0,587.4853475,0,2.123590971,587.4853475,2.123590971,0.09706950836,10.90293049,1,1,0,0,222.5146525,222.5146525,0,201,175,0.6897315979
249,0,222.5146525,218,0,-4.514652458,0,-0.0163191733,-4.514652458,-0.0163191733,0.06945619166,0.06945619166,0,0,1,0,222.5146525,222.5146525,0,201,176,0.6925940514
250,0,218,1275,-4.514652458,1052.485348,-0.0163191733,3.804432554,1057,3.820751727,0,17,1,1,0,0,222.5146525,222.5146525,0,201,177,0.6953113079
251,0,222.5146525,10497,0,10274.48535,0,37.13931659,10274.48535,37.13931659,0.06945619166,221.0694562,0,0,1,0,222.5146525,222.5146525,0,201,178,0.6977455616
252,0,222.5146525,222,0,-0.5146524582,0,-0.001860320973,-0.5146524582,-0.001860320973,0.0857754097,0.0857754097,0,0,1,0,222.5146525,222.5146525,0,201,179,0.7005805969
253,0,222,1078,-0.5146524582,855.4853475,-0.001860320973,3.092334077,856,3.094194398,0,14,1,1,0,0,222.5146525,222.5146525,0,201,180,0.7035710812
254,0,222.5146525,222,0,-0.5146524582,0,-0.001860320973,-0.5146524582,-0.001860320973,0.007917730126,0.007917730126,0,0,1,0,222.5146525,222.5146525,0,201,181,0.7059223652
255,0,222,1616,-0.5146524582,1393.485348,-0.001860320973,5.037049715,1394,5.038910036,0,22,0,0,1,0,222.5146525,222.5146525,0,201,182,0.7083644867
256,0,222.5146525,223,0,0.4853475418,0,0.001754392108,0.4853475418,0.001754392108,0.09706950836,0.09706950836,0,0,1,0,222.5146525,222.5146525,0,201,183,0.7108900547
257,0,222.5146525,810,0,587.4853475,0,2.123590971,587.4853475,2.123590971,0.09706950836,10.90293049,0,0,1,0,222.5146525,222.5146525,0,201,184,0.713224411
258,0,222.5146525,217,0,-5.514652458,0,-0.01993388638,-5.514652458,-0.01993388638,0.08484080705,0.08484080705,0,0,1,0,222.5146525,222.5146525,0,201,185,0.7159702778
259,0,217,1343,-5.514652458,1120.485348,-0.01993388638,4.050233044,1126,4.07016693,0,18,0,0,1,0,222.5146525,222.5146525,0,201,186,0.7184104919
260,0,222.5146525,218,0,-4.514652458,0,-0.0163191733,-4.514652458,-0.0163191733,0.06945619166,0.06945619166,0,0,1,0,222.5146525,222.5146525,0,201,187,0.7207376957
261,0,218,1476,-4.514652458,1253.485348,-0.0163191733,4.530989883,1258,4.547309057,0,20,0,0,1,0,222.5146525,222.5146525,0,201,188,0.7236454487
262,0,222.5146525,9664,0,9441.485348,0,34.1282606,9441.485348,34.1282606,0.08484080705,195.0848408,0,0,1,0,222.5146525,222.5146525,0,201,189,0.7261734009
263,0,222.5146525,170,0,-52.51465246,0,-0.1898254012,-52.51465246,-0.1898254012,7.503256102,7.503256102,1,21,0,0,222.5146525,222.5146525,0,201,190,0.7294654846
264,0,222.5146525,219,0,-3.514652458,0,-0.01270446022,-3.514652458,-0.01270446022,2.151828036,2.151828036,0,0,1,0,222.5146525,222.5146525,0,201,191,0.7330803871
265,0,219,2018,-3.514652458,1795.485348,-0.01270446022,6.490164374,1799,6.502868834,0,28,1,2,0,0,222.5146525,222.5146525,0,201,192,0.7362034321
266,0,222.5146525,10229,0,10006.48535,0,36.17057349,10006.48535,36.17057349,0.05407157628,194.9459284,0,0,1,0,222.5146525,222.5146525,0,201,193,0.7387378216
267,0,222.5146525,205,0,-17.51465246,0,-0.06331044336,-17.51465246,-0.06331044336,2.897069508,2.897069508,1,6,0,0,222.5146525,222.5146525,0,201,194,0.7415742874
268,0,222.5146525,1033,0,810.4853475,0,2.929671988,810.4853475,2.929671988,2.897069508,15.10293049,0,0,1,0,222.5146525,222.5146525,0,201,195,0.744171381
269,0,222.5146525,219,0,-3.514652458,0,-0.01270446022,-3.514652458,-0.01270446022,0.3905169398,0.3905169398,0,0,1,0,222.5146525,222.5146525,0,201,196,0.7469267845
270,0,219,1343,-3.514652458,1120.485348,-0.01270446022,4.050233044,1124,4.062937504,0,18,1,1,0,0,222.5146525,222.5146525,0,201,197,0.7496054173
271,0,222.5146525,11545,0,11322.48535,0,40.9275359,11322.48535,40.9275359,0.05407157628,220.9459284,0,0,1,0,222.5146525,222.5146525,0,201,198,0.7520444393
272,0,222.5146525,224,0,1.485347542,0,0.00536910519,1.485347542,0.00536910519,0.2970695084,0.2970695084,0,0,1,0,222.5146525,222.5146525,0,201,199,0.7546839714
273,0,222.5146525,945,0,722.4853475,0,2.611577237,722.4853475,2.611577237,0.2970695084,12.70293049,0,0,1,0,222.5146525,222.5146525,0,201,200,0.7572071552
274,0,222.5146525,220,0,-2.514652458,0,-0.009089747136,-2.514652458,-0.009089747136,0.0386869609,0.0386869609,0,0,1,0,222.5146525,222.5146525,0,201,201,0.7599389553
275,0,220,1277,-2.514652458,1054.485348,-0.009089747136,3.81166198,1057,3.820751727,0,17,0,0,1,0,222.5146525,222.5146525,0,201,202,0.762409687
276,0,222.5146525,219,0,-3.514652458,0,-0.01270446022,-3.514652458,-0.01270446022,0.05407157628,0.05407157628,0,0,1,0,222.5146525,222.5146525,0,201,203,0.7647540569
277,0,219,878,-3.514652458,655.4853475,-0.01270446022,2.369391461,659,2.382095921,0,11,0,0,1,0,222.5146525,222.5146525,0,201,204,0.7675426006
278,0,222.5146525,9824,0,9601.485348,0,34.70661469,9601.485348,34.70661469,0.0386869609,197.038687,0,0,1,0,222.5146525,222.5146525,0,201,205,0.7699613571
279,0,222.5146525,199,0,-23.51465246,0,-0.08499872185,-23.51465246,-0.08499872185,4.247557924,4.247557924,1,8,0,0,222.5146525,222.5146525,0,201,206,0.7728824615
280,0,222,222,-0.5146524582,-0.5146524582,-0.001860320973,-0.001860320973,0,0,0,0,0,0,1,0,222.5146525,222.5146525,0,201,207,0.7756268978
281,0,222,1212,-0.5146524582,989.4853475,-0.001860320973,3.57670563,990,3.578565951,0,16,1,2,0,0,222.5146525,222.5146525,0,201,208,0.7781162262
282,0,222.5146525,10087,0,9864.485348,0,35.65728423,9864.485348,35.65728423,0.007917730126,199.9920823,0,0,1,0,222.5146525,222.5146525,0,201,209,0.7805664539
283,0,222.5146525,182,0,-40.51465246,0,-0.1464488442,-40.51465246,-0.1464488442,4.297069508,4.297069508,1,9,0,0,222.5146525,222.5146525,0,201,210,0.7836172581
284,0,222.5146525,210,-2.842170943e-14,-12.51465246,-1.027363249e-16,-0.04523687795,-12.51465246,-0.04523687795,1.94192883,1.94192883,0,0,1,0,222.5146525,222.5146525,0,201,211,0.7867267132
285,0,210,1739,-12.51465246,1516.485348,-0.04523687795,5.481659424,1529,5.526896302,0,24,0,0,1,0,222.5146525,222.5146525,0,201,212,0.7898895741
286,0,222.5146525,211,0,-11.51465246,0,-0.04162216487,-11.51465246,-0.04162216487,0.1771484994,0.1771484994,0,0,1,0,222.5146525,222.5146525,0,201,213,0.7922360897
287,0,211,1469,-11.51465246,1246.485348,-0.04162216487,4.505686892,1258,4.547309057,0,20,0,0,1,0,222.5146525,222.5146525,0,201,214,0.7947304249
288,0,222.5146525,9514,0,9291.485348,0,33.58605363,9291.485348,33.58605363,0.1925331147,184.1925331,0,0,1,0,222.5146525,222.5146525,0,201,215,0.7971308231
289,0,222.5146525,222,0,-0.5146524582,0,-0.001860320973,-0.5146524582,-0.001860320973,0.1029304916,0.1029304916,0,0,1,0,222.5146525,222.5146525,0,201,216,0.8000090122
290,0,222,2023,-0.5146524582,1800.485348,-0.001860320973,6.508237939,1801,6.51009826,0,28,0,0,1,0,222.5146525,222.5146525,0,201,217,0.8031668663
291,0,222.5146525,223,0,0.4853475418,0,0.001754392108,0.4853475418,0.001754392108,0.09706950836,0.09706950836,0,0,1,0,222.5146525,222.5146525,0,201,218,0.8058888912
292,0,222.5146525,1009,0,786.4853475,0,2.842918874,786.4853475,2.842918874,0.09706950836,13.90293049,0,0,1,0,222.5146525,222.5146525,0,201,219,0.8082382679
293,0,222.5146525,217,0,-5.514652458,0,-0.01993388638,-5.514652458,-0.01993388638,0.08484080705,0.08484080705,0,0,1,0,222.5146525,222.5146525,0,201,220,0.8110587597
294,0,217,1008,-5.514652458,785.4853475,-0.01993388638,2.839304161,791,2.859238048,0,13,0,0,1,0,222.5146525,222.5146525,0,201,221,0.8138644695
295,0,222.5146525,218,0,-4.514652458,0,-0.0163191733,-4.514652458,-0.0163191733,0.06945619166,0.06945619166,0,0,1,0,222.5146525,222.5146525,0,201,222,0.8162958622
296,0,218,1476,-4.514652458,1253.485348,-0.0163191733,4.530989883,1258,4.547309057,0,20,0,0,1,0,222.5146525,222.5146525,0,201,223,0.8191037178
297,0,222.5146525,9784,0,9561.485348,0,34.56202617,9561.485348,34.56202617,0.08484080705,188.0848408,0,0,1,0,222.5146525,222.5146525,0,201,224,0.8215625286
298,0,222.5146525,224,0,1.485347542,0,0.00536910519,1.485347542,0.00536910519,0.2475579236,0.2475579236,0,0,1,0,222.5146525,222.5146525,0,201,225,0.8243649006
299,0,222.5146525,1279,0,1056.485348,0,3.818891406,1056.485348,3.818891406,0.2475579236,17.75244208,0,0,1,0,222.5146525,222.5146525,0,201,226,0.8269126415
300,0,222.5146525,219,0,-3.514652458,0,-0.01270446022,-3.514652458,-0.01270446022,0.05407157628,0.05407157628,0,0,1,0,222.5146525,222.5146525,0,201,227,0.8295562267
301,0,219,2151,-3.514652458,1928.485348,-0.01270446022,6.970921213,1932,6.983625674,0,30,0,0,1,0,222.5146525,222.5146525,0,201,228,0.8320786953
302,0,222.5146525,218,0,-4.514652458,0,-0.0163191733,-4.514652458,-0.0163191733,0.06945619166,0.06945619166,0,0,1,0,222.5146525,222.5146525,0,201,229,0.8343918324
303,0,218,1009,-4.514652458,786.4853475,-0.0163191733,2.842918874,791,2.859238048,0,13,0,0,1,0,222.5146525,222.5146525,0,201,230,0.8368122578
304,0,222.5146525,9086,0,8863.485348,0,32.03895643,8863.485348,32.03895643,0.05407157628,181.0540716,0,0,1,0,222.5146525,222.5146525,0,201,231,0.8391973972
305,0,222.5146525,223,0,0.4853475418,0,0.001754392108,0.4853475418,0.001754392108,0.09706950836,0.09706950836,0,0,1,0,222.5146525,222.5146525,0,201,232,0.8420503139
306,0,222.5146525,1682,0,1459.485348,0,5.275620778,1459.485348,5.275620778,0.09706950836,23.90293049,0,0,1,0,222.5146525,222.5146525,0,201,233,0.84465909
307,0,222.5146525,219,0,-3.514652458,0,-0.01270446022,-3.514652458,-0.01270446022,0.05407157628,0.05407157628,0,0,1,0,222.5146525,222.5146525,0,201,234,0.8474874496
308,0,219,1343,-3.514652458,1120.485348,-0.01270446022,4.050233044,1124,4.062937504,0,18,0,0,1,0,222.5146525,222.5146525,0,201,235,0.8499379158
309,0,222.5146525,218,0,-4.514652458,0,-0.0163191733,-4.514652458,-0.0163191733,0.06945619166,0.06945619166,0,0,1,0,222.5146525,222.5146525,0,201,236,0.8522667885
310,0,218,1612,-4.514652458,1389.485348,-0.0163191733,5.022590862,1394,5.038910036,0,22,0,0,1,0,222.5146525,222.5146525,0,201,237,0.8546831608
311,0,222.5146525,10522,0,10299.48535,0,37.22968442,10299.48535,37.22968442,0.05407157628,210.0540716,0,0,1,0,222.5146525,222.5146525,0,201,238,0.8570566177
312,0,222.5146525,214,2.842170943e-14,-8.514652458,1.027363249e-16,-0.03077802563,-8.514652458,-0.03077802563,5.805393094,5.805393094,1,3,0,0,222.5146525,222.5146525,0,201,239,0.8600587845
313,0,222.5146525,226,0,3.485347542,0,0.01259853135,3.485347542,0.01259853135,1.493720375,1.493720375,0,0,1,0,222.5146525,222.5146525,0,201,240,0.8627631664
314,0,222.5146525,220,0,-2.514652458,0,-0.009089747136,-2.514652458,-0.009089747136,0.419108743,0.419108743,0,0,1,0,222.5146525,222.5146525,0,201,241,0.8652303219
315,0,220,1344,-2.514652458,1121.485348,-0.009089747136,4.053847757,1124,4.062937504,0,18,0,0,1,0,222.5146525,222.5146525,0,201,242,0.8679959774
316,0,222.5146525,219,0,-3.514652458,0,-0.01270446022,-3.514652458,-0.01270446022,0.05407157628,0.05407157628,0,0,1,0,222.5146525,222.5146525,0,201,243,0.8705103397
317,0,219,1479,-3.514652458,1256.485348,-0.01270446022,4.541834023,1260,4.554538483,0,20,0,0,1,0,222.5146525,222.5146525,0,201,244,0.8730568886
318,0,222.5146525,10868,0,10645.48535,0,38.48037515,10645.48535,38.48037515,0.0386869609,204.038687,0,0,1,0,222.5146525,222.5146525,0,201,245,0.8754720688
319,0,222.5146525,223,0,0.4853475418,0,0.001754392108,0.4853475418,0.001754392108,0.06066844272,0.06066844272,0,0,1,0,222.5146525,222.5146525,0,201,246,0.8780610561
320,0,222.5146525,1475,0,1252.485348,0,4.52737517,1252.485348,4.52737517,0.06066844272,20.93933156,0,0,1,0,222.5146525,222.5146525,0,201,247,0.8803911209
321,0,222.5146525,214,0,-8.514652458,0,-0.03077802563,-8.514652458,-0.03077802563,0.1309946532,0.1309946532,0,0,1,0,222.5146525,222.5146525,0,201,248,0.8829395771
322,0,214,1474,-8.514652458,1251.485348,-0.03077802563,4.523760457,1260,4.554538483,0,20,0,0,1,0,222.5146525,222.5146525,0,201,249,0.8853611946
323,0,222.5146525,215,0,-7.514652458,0,-0.02716331254,-7.514652458,-0.02716331254,0.1156100378,0.1156100378,0,0,1,0,222.5146525,222.5146525,0,201,250,0.8876712322
324,0,215,2147,-7.514652458,1924.485348,-0.02716331254,6.956462361,1932,6.983625674,0,30,0,0,1,0,222.5146525,222.5146525,0,201,251,0.8900997639
325,0,222.5146525,9118,0,8895.485348,0,32.15462725,8895.485348,32.15462725,0.1309946532,177.1309947,0,0,1,0,222.5146525,222.5146525,0,201,252,0.8924708366
326,0,222.5146525,225,-2.842170943e-14,2.485347542,-1.027363249e-16,0.008983818272,2.485347542,0.008983818272,1.242673771,1.242673771,0,0,1,0,222.5146525,222.5146525,0,201,253,0.895209074
327,0,222.5146525,221,0,-1.514652458,0,-0.005475034055,-1.514652458,-0.005475034055,0.3786631146,0.3786631146,0,0,1,0,222.5146525,222.5146525,0,201,254,0.8978703022
328,0,221,1750,-1.514652458,1527.485348,-0.005475034055,5.521421268,1529,5.526896302,0,24,0,0,1,0,222.5146525,222.5146525,0,201,255,0.9009459019
329,0,222.5146525,222,0,-0.5146524582,0,-0.001860320973,-0.5146524582,-0.001860320973,0.007917730126,0.007917730126,0,0,1,0,222.5146525,222.5146525,0,201,256,0.9033091068
330,0,222,2154,-0.5146524582,1931.485348,-0.001860320973,6.981765353,1932,6.983625674,0,30,0,0,1,0,222.5146525,222.5146525,0,201,257,0.9057462215
331,0,222.5146525,10506,0,10283.48535,0,37.17184901,10283.48535,37.17184901,0.02330234551,207.0233023,0,0,1,0,222.5146525,222.5146525,0,201,258,0.9081251621
332,0,222.5146525,224,0,1.485347542,0,0.00536910519,1.485347542,0.00536910519,0.212192506,0.212192506,0,0,1,0,222.5146525,222.5146525,0,201,259,0.9108932018
333,0,222.5146525,1412,0,1189.485348,0,4.299648246,1189.485348,4.299648246,0.212192506,19.78780749,0,0,1,0,222.5146525,222.5146525,0,201,260,0.913397789
334,0,222.5146525,218,0,-4.514652458,0,-0.0163191733,-4.514652458,-0.0163191733,0.06945619166,0.06945619166,0,0,1,0,222.5146525,222.5146525,0,201,261,0.9161021709
335,0,218,1745,-4.514652458,1522.485348,-0.0163191733,5.503347702,1527,5.519666876,0,24,0,0,1,0,222.5146525,222.5146525,0,201,262,0.9185476303
336,0,222.5146525,217,0,-5.514652458,0,-0.01993388638,-5.514652458,-0.01993388638,0.08484080705,0.08484080705,0,0,1,0,222.5146525,222.5146525,0,201,263,0.9208581448
337,0,217,1544,-5.514652458,1321.485348,-0.01993388638,4.776790373,1327,4.796724259,0,21,0,0,1,0,222.5146525,222.5146525,0,201,264,0.9232826233
338,0,222.5146525,10279,0,10056.48535,0,36.35130914,10056.48535,36.35130914,0.06945619166,198.0694562,0,0,1,0,222.5146525,222.5146525,0,201,265,0.9256567955
339,0,222.5146525,222,0,-0.5146524582,0,-0.001860320973,-0.5146524582,-0.001860320973,0.0857754097,0.0857754097,0,0,1,0,222.5146525,222.5146525,0,201,266,0.928404808
340,0,222,1480,-0.5146524582,1257.485348,-0.001860320973,4.545448736,1258,4.547309057,0,20,0,0,1,0,222.5146525,222.5146525,0,201,267,0.931276083
341,0,222.5146525,221,0,-1.514652458,0,-0.005475034055,-1.514652458,-0.005475034055,0.02330234551,0.02330234551,0,0,1,0,222.5146525,222.5146525,0,201,268,0.933619976
342,0,221,1750,-1.514652458,1527.485348,-0.005475034055,5.521421268,1529,5.526896302,0,24,0,0,1,0,222.5146525,222.5146525,0,201,269,0.9364857674
343,0,222.5146525,10613,0,10390.48535,0,37.55862331,10390.48535,37.55862331,0.007917730126,216.0079177,0,0,1,0,222.5146525,222.5146525,0,201,270,0.9389388561
344,0,222.5146525,224,0,1.485347542,0,0.00536910519,1.485347542,0.00536910519,0.2970695084,0.2970695084,0,0,1,0,222.5146525,222.5146525,0,201,271,0.9417743683
345,0,222.5146525,1213,0,990.4853475,0,3.580320343,990.4853475,3.580320343,0.2970695084,16.70293049,0,0,1,0,222.5146525,222.5146525,0,201,272,0.9443767071
346,0,222.5146525,220,0,-2.514652458,0,-0.009089747136,-2.514652458,-0.009089747136,0.0386869609,0.0386869609,0,0,1,0,222.5146525,222.5146525,0,201,273,0.9472703934
347,0,220,1076,-2.514652458,853.4853475,-0.009089747136,3.085104651,856,3.094194398,0,14,0,0,1,0,222.5146525,222.5146525,0,201,274,0.9497117996
348,0,222.5146525,219,0,-3.514652458,0,-0.01270446022,-3.514652458,-0.01270446022,0.05407157628,0.05407157628,0,0,1,0,222.5146525,222.5146525,0,201,275,0.9520192146
349,0,219,2020,-3.514652458,1797.485348,-0.01270446022,6.4973938,1801,6.51009826,0,28,0,0,1,0,222.5146525,222.5146525,0,201,276,0.9544403553
350,0,222.5146525,10309,0,10086.48535,0,36.45975053,10086.48535,36.45975053,0.0386869609,210.961313,0,0,1,0,222.5146525,222.5146525,0,201,277,0.9568214417
351,0,222.5146525,218,0,-4.514652458,0,-0.0163191733,-4.514652458,-0.0163191733,1.425679724,1.425679724,0,0,1,0,222.5146525,222.5146525,0,201,278,0.9597828388
352,0,218,1612,-4.514652458,1389.485348,-0.0163191733,5.022590862,1394,5.038910036,0,22,0,0,1,0,222.5146525,222.5146525,0,201,279,0.9631850719
353,0,222.5146525,219,0,-3.514652458,0,-0.01270446022,-3.514652458,-0.01270446022,0.05407157628,0.05407157628,0,0,1,0,222.5146525,222.5146525,0,201,280,0.9657194614
354,0,219,1678,-3.514652458,1455.485348,-0.01270446022,5.261161926,1459,5.273866386,0,23,0,0,1,0,222.5146525,222.5146525,0,201,281,0.9686801434
355,0,222.5146525,9854,0,9631.485348,0,34.81505608,9631.485348,34.81505608,0.06945619166,204.9305438,0,0,1,0,222.5146525,222.5146525,0,201,282,0.9711346626
356,0,222.5146525,222,0,-0.5146524582,0,-0.001860320973,-0.5146524582,-0.001860320973,0.0857754097,0.0857754097,0,0,1,0,222.5146525,222.5146525,0,201,283,0.9737429619
357,0,222,1078,-0.5146524582,855.4853475,-0.001860320973,3.092334077,856,3.094194398,0,14,1,1,0,0,222.5146525,222.5146525,0,201,284,0.9766232967
358,0,222.5146525,10255,0,10032.48535,0,36.26455603,10032.48535,36.26455603,0.007917730126,205.0079177,0,0,1,0,222.5146525,222.5146525,0,201,285,0.9790287018
359,0,222.5146525,198,0,-24.51465246,0,-0.08861343493,-24.51465246,-0.08861343493,9.147069508,9.147069508,1,9,0,0,222.5146525,222.5146525,0,201,286,0.9826946259
360,0,222.5146525,223,0,0.4853475418,0,0.001754392108,0.4853475418,0.001754392108,0.09706950836,0.09706950836,0,0,1,0,222.5146525,222.5146525,0,201,287,0.9860203266
361,0,222.5146525,810,0,587.4853475,0,2.123590971,587.4853475,2.123590971,0.09706950836,10.90293049,0,0,1,0,222.5146525,222.5146525,0,201,288,0.9888751507
362,0,222.5146525,218,0,-4.514652458,0,-0.0163191733,-4.514652458,-0.0163191733,0.1033889876,0.1033889876,0,0,1,0,222.5146525,222.5146525,0,201,289,0.9921352863
363,0,218,1949,-4.514652458,1726.485348,-0.0163191733,6.240749171,1731,6.257068344,0,27,0,0,1,0,222.5146525,222.5146525,0,201,290,0.9952147007
364,0,222.5146525,9648,0,9425.485348,0,34.07042519,9425.485348,34.07042519,0.1033889876,189.103389,0,0,1,0,222.5146525,222.5146525,0,201,291,0.9978842735
365,0,222.5146525,199,2.842170943e-14,-23.51465246,1.027363249e-16,-0.08499872185,-23.51465246,-0.08499872185,7.563211431,7.563211431,1,10,0,0,222.5146525,222.5146525,0,201,292,1.001517057
366,0,222.5146525,225,0,2.485347542,0,0.008983818272,2.485347542,0.008983818272,2.112545411,2.112545411,0,0,1,0,222.5146525,222.5146525,0,201,293,1.004288197
367,0,222.5146525,746,0,523.4853475,0,1.892249334,523.4853475,1.892249334,0.4970695084,9.502930492,1,1,0,0,222.5146525,222.5146525,0,201,294,1.007006168
368,0,222.5146525,220,0,-2.514652458,0,-0.009089747136,-2.514652458,-0.009089747136,0.0386869609,0.0386869609,0,0,1,0,222.5146525,222.5146525,0,201,295,1.0103333
369,0,220,1411,-2.514652458,1188.485348,-0.009089747136,4.296033533,1191,4.30512328,0,19,0,0,1,0,222.5146525,222.5146525,0,201,296,1.013142347
370,0,222.5146525,9747,0,9524.485348,0,34.42828178,9524.485348,34.42828178,0.05758746088,197.0191958,0,0,1,0,222.5146525,222.5146525,0,201,297,1.015756607
371,0,222.5146525,221,0,-1.514652458,0,-0.005475034055,-1.514652458,-0.005475034055,0.3029304916,0.3029304916,0,0,1,0,222.5146525,222.5146525,0,201,298,1.018855572
372,0,221,2020,-1.514652458,1797.485348,-0.005475034055,6.4973938,1799,6.502868834,0,28,0,0,1,0,222.5146525,222.5146525,0,201,299,1.022117138
373,0,222.5146525,9525,-2.842170943e-14,9302.485348,-1.027363249e-16,33.62581548,9302.485348,33.62581548,0.04660469102,199.0466047,0,0,1,0,222.5146525,222.5146525,0,201,300,1.02478075
374,0,222.5146525,223,0,0.4853475418,0,0.001754392108,0.4853475418,0.001754392108,0.08089125696,0.08089125696,0,0,1,0,222.5146525,222.5146525,0,201,301,1.028258324
375,0,222.5146525,1544,0,1321.485348,0,4.776790373,1321.485348,4.776790373,0.08089125696,21.91910874,1,1,0,0,222.5146525,222.5146525,0,201,302,1.031198263
376,0,222.5146525,217,0,-5.514652458,0,-0.01993388638,-5.514652458,-0.01993388638,0.08484080705,0.08484080705,0,0,1,0,222.5146525,222.5146525,0,201,303,1.034245253
377,0,217,1006,-5.514652458,783.4853475,-0.01993388638,2.832074735,789,2.852008621,0,13,1,1,0,0,222.5146525,222.5146525,0,201,304,1.036919832
378,0,222.5146525,9607,0,9384.485348,0,33.92222195,9384.485348,33.92222195,0.08484080705,189.0848408,0,0,1,0,222.5146525,222.5146525,0,201,305,1.039405346
379,0,222.5146525,227,0,4.485347542,0,0.01621324443,4.485347542,0.01621324443,1.245929873,1.245929873,0,0,1,0,222.5146525,222.5146525,0,201,306,1.042316198
380,0,222.5146525,221,0,-1.514652458,0,-0.005475034055,-1.514652458,-0.005475034055,0.2524420764,0.2524420764,0,0,1,0,222.5146525,222.5146525,0,201,307,1.045317173
381,0,221,878,-1.514652458,655.4853475,-0.005475034055,2.369391461,657,2.374866495,0,11,1,1,0,0,222.5146525,222.5146525,0,201,308,1.048162222
382,0,222.5146525,10317,0,10094.48535,0,36.48866824,10094.48535,36.48866824,0.02330234551,202.0233023,0,0,1,0,222.5146525,222.5146525,0,201,309,1.050602913
383,0,222.5146525,221,0,-1.514652458,0,-0.005475034055,-1.514652458,-0.005475034055,0.2524420764,0.2524420764,0,0,1,0,222.5146525,222.5146525,0,201,310,1.053824663
384,0,221,1144,-1.514652458,921.4853475,-0.005475034055,3.33090514,923,3.336380174,0,15,1,1,0,0,222.5146525,222.5146525,0,201,311,1.05706811
385,0,222.5146525,9889,0,9666.485348,0,34.94157104,9666.485348,34.94157104,0.02330234551,185.0233023,0,0,1,0,222.5146525,222.5146525,0,201,312,1.059579134
386,0,222.5146525,223,0,0.4853475418,0,0.001754392108,0.4853475418,0.001754392108,0.09706950836,0.09706950836,0,0,1,0,222.5146525,222.5146525,0,201,313,1.062558413
387,0,222.5146525,1748,0,1525.485348,0,5.514191842,1525.485348,5.514191842,0.09706950836,24.90293049,1,1,0,0,222.5146525,222.5146525,0,201,314,1.065259218
388,0,222.5146525,218,0,-4.514652458,0,-0.0163191733,-4.514652458,-0.0163191733,0.06945619166,0.06945619166,0,0,1,0,222.5146525,222.5146525,0,201,315,1.068185091
389,0,218,1610,-4.514652458,1387.485348,-0.0163191733,5.015361436,1392,5.03168061,0,22,1,1,0,0,222.5146525,222.5146525,0,201,316,1.070706606
390,0,222.5146525,9122,0,8899.485348,0,32.16908611,8899.485348,32.16908611,0.06945619166,193.0694562,0,0,1,0,222.5146525,222.5146525,0,201,317,1.073108673
391,0,222.5146525,218,2.842170943e-14,-4.514652458,1.027363249e-16,-0.0163191733,-4.514652458,-0.0163191733,2.539492008,2.539492008,0,0,1,0,222.5146525,222.5146525,0,201,318,1.075990438
392,0,218,2017,-4.514652458,1794.485348,-0.0163191733,6.486549661,1799,6.502868834,0,28,1,1,0,0,222.5146525,222.5146525,0,201,319,1.078972816
393,0,222.5146525,10301,0,10078.48535,0,36.43083283,10078.48535,36.43083283,0.06945619166,204.0694562,0,0,1,0,222.5146525,222.5146525,0,201,320,1.081385136
394,0,222.5146525,225,0,2.485347542,0,0.008983818272,2.485347542,0.008983818272,0.4970695084,0.4970695084,0,0,1,0,222.5146525,222.5146525,0,201,321,1.084466457
395,0,222.5146525,1413,0,1190.485348,0,4.303262959,1190.485348,4.303262959,0.4970695084,19.50293049,1,1,0,0,222.5146525,222.5146525,0,201,322,1.08714366
396,0,222.5146525,220,0,-2.514652458,0,-0.009089747136,-2.514652458,-0.009089747136,0.0386869609,0.0386869609,0,0,1,0,222.5146525,222.5146525,0,201,323,1.090218544
397,0,220,2084,-2.514652458,1861.485348,-0.009089747136,6.728735437,1864,6.737825184,0,29,1,1,0,0,222.5146525,222.5146525,0,201,324,1.093041182
398,0,222.5146525,10341,0,10118.48535,0,36.57542135,10118.48535,36.57542135,0.0386869609,194.038687,0,0,1,0,222.5146525,222.5146525,0,201,325,1.095540762
399,0,222.5146525,224,0,1.485347542,0,0.00536910519,1.485347542,0.00536910519,0.2475579236,0.2475579236,0,0,1,0,222.5146525,222.5146525,0,201,326,1.098254919
400,0,222.5146525,811,0,588.4853475,0,2.127205684,588.4853475,2.127205684,0.2475579236,9.752442076,0,0,1,0,222.5146525,222.5146525,0,201,327,1.100649595
401,0,222.5146525,218,0,-4.514652458,0,-0.0163191733,-4.514652458,-0.0163191733,0.06945619166,0.06945619166,0,0,1,0,222.5146525,222.5146525,0,201,328,1.103326082
402,0,218,1612,-4.514652458,1389.485348,-0.0163191733,5.022590862,1394,5.038910036,0,22,0,0,1,0,222.5146525,222.5146525,0,201,329,1.105759621
403,0,222.5146525,219,0,-3.514652458,0,-0.01270446022,-3.514652458,-0.01270446022,0.05407157628,0.05407157628,0,0,1,0,222.5146525,222.5146525,0,201,330,1.108108521
404,0,219,1075,-3.514652458,852.4853475,-0.01270446022,3.081489938,856,3.094194398,0,14,0,0,1,0,222.5146525,222.5146525,0,201,331,1.110527515
405,0,222.5146525,10627,0,10404.48535,0,37.60922929,10404.48535,37.60922929,0.06945619166,218.0694562,0,0,1,0,222.5146525,222.5146525,0,201,332,1.112906456
406,0,222.5146525,225,0,2.485347542,0,0.008983818272,2.485347542,0.008983818272,0.4142245903,0.4142245903,0,0,1,0,222.5146525,222.5146525,0,201,333,1.115735054
407,0,222.5146525,1615,0,1392.485348,0,5.033435002,1392.485348,5.033435002,0.4142245903,22.58577541,0,0,1,0,222.5146525,222.5146525,0,201,334,1.118391514
408,0,222.5146525,220,0,-2.514652458,0,-0.009089747136,-2.514652458,-0.009089747136,0.0386869609,0.0386869609,0,0,1,0,222.5146525,222.5146525,0,201,335,1.12102294
409,0,220,877,-2.514652458,654.4853475,-0.009089747136,2.365776747,657,2.374866495,0,11,0,0,1,0,222.5146525,222.5146525,0,201,336,1.123601198
410,0,222.5146525,219,0,-3.514652458,0,-0.01270446022,-3.514652458,-0.01270446022,0.05407157628,0.05407157628,0,0,1,0,222.5146525,222.5146525,0,201,337,1.12595129
411,0,219,944,-3.514652458,721.4853475,-0.01270446022,2.607962524,725,2.620666984,0,12,0,0,1,0,222.5146525,222.5146525,0,201,338,1.128392935
412,0,222.5146525,10856,0,10633.48535,0,38.43699859,10633.48535,38.43699859,0.0386869609,218.038687,0,0,1,0,222.5146525,222.5146525,0,201,339,1.130770445
413,0,222.5146525,224,0,1.485347542,0,0.00536910519,1.485347542,0.00536910519,0.5570053282,0.5570053282,0,0,1,0,222.5146525,222.5146525,0,201,340,1.133614302
414,0,222.5146525,944,0,721.4853475,0,2.607962524,721.4853475,2.607962524,0.3713368854,12.62866311,1,2,0,0,222.5146525,222.5146525,0,201,341,1.136214733
415,0,222.5146525,220,0,-2.514652458,0,-0.009089747136,-2.514652458,-0.009089747136,0.0386869609,0.0386869609,0,0,1,0,222.5146525,222.5146525,0,201,342,1.139334202
416,0,220,1411,-2.514652458,1188.485348,-0.009089747136,4.296033533,1191,4.30512328,0,19,1,1,0,0,222.5146525,222.5146525,0,201,343,1.142010689
417,0,222.5146525,10653,0,10430.48535,0,37.70321183,10430.48535,37.70321183,0.0386869609,193.038687,0,0,1,0,222.5146525,222.5146525,0,201,344,1.144408464
418,0,222.5146525,229,0,6.485347542,0,0.0234426706,6.485347542,0.0234426706,1.852956441,1.852956441,0,0,1,0,222.5146525,222.5146525,0,201,345,1.147335291
419,0,222.5146525,223,2.842170943e-14,0.4853475418,1.027363249e-16,0.001754392108,0.4853475418,0.001754392108,0.1103062595,0.1103062595,0,0,1,0,222.5146525,222.5146525,0,201,346,1.150036097
420,0,222.5146525,1196,2.842170943e-14,973.4853475,1.027363249e-16,3.518870221,973.4853475,3.518870221,0.1103062595,20.88969374,1,2,0,0,222.5146525,222.5146525,0,201,347,1.152395248
421,0,222.5146525,206,0,-16.51465246,0,-0.05969573028,-16.51465246,-0.05969573028,0.9436944262,0.9436944262,0,0,1,0,222.5146525,222.5146525,0,201,348,1.155233383
422,0,206,1733,-16.51465246,1510.485348,-0.05969573028,5.459971145,1527,5.519666876,0,24,0,0,1,0,222.5146525,222.5146525,0,201,349,1.157862425
423,0,222.5146525,10794,0,10571.48535,0,38.21288638,10571.48535,38.21288638,0.3753330104,205.125111,0,0,1,0,222.5146525,222.5146525,0,201,350,1.160303831
424,0,222.5146525,223,0,0.4853475418,0,0.001754392108,0.4853475418,0.001754392108,0.4853475418,0.4853475418,0,0,1,0,222.5146525,222.5146525,0,201,351,1.163147688
425,0,222.5146525,1277,0,1054.485348,0,3.81166198,1054.485348,3.81166198,0.09706950836,17.90293049,1,1,0,0,222.5146525,222.5146525,0,201,352,1.165757418
426,0,222.5146525,218,0,-4.514652458,0,-0.0163191733,-4.514652458,-0.0163191733,0.06945619166,0.06945619166,0,0,1,0,222.5146525,222.5146525,0,201,353,1.168664217
427,0,218,1610,-4.514652458,1387.485348,-0.0163191733,5.015361436,1392,5.03168061,0,22,1,1,0,0,222.5146525,222.5146525,0,201,354,1.171364784
428,0,222.5146525,9929,0,9706.485348,0,35.08615956,9706.485348,35.08615956,0.06945619166,201.0694562,0,0,1,0,222.5146525,222.5146525,0,201,355,1.173795223
429,0,222.5146525,223,0,0.4853475418,0,0.001754392108,0.4853475418,0.001754392108,0.09706950836,0.09706950836,0,0,1,0,222.5146525,222.5146525,0,201,356,1.176781893
430,0,222.5146525,2082,0,1859.485348,0,6.721506011,1859.485348,6.721506011,0.09706950836,29.90293049,1,1,0,0,222.5146525,222.5146525,0,201,357,1.179397106
431,0,222.5146525,218,0,-4.514652458,0,-0.0163191733,-4.514652458,-0.0163191733,0.06945619166,0.06945619166,0,0,1,0,222.5146525,222.5146525,0,201,358,1.18241024
432,0,218,2150,-4.514652458,1927.485348,-0.0163191733,6.9673065,1932,6.983625674,0,30,1,1,0,0,222.5146525,222.5146525,0,201,359,1.184997797
433,0,222.5146525,8645,0,8422.485348,0,30.44486797,8422.485348,30.44486797,0.06945619166,167.9305438,0,0,1,0,222.5146525,222.5146525,0,201,360,1.187477827
434,0,222.5146525,219,-2.842170943e-14,-3.514652458,-1.027363249e-16,-0.01270446022,-3.514652458,-0.01270446022,0.7029304916,0.7029304916,0,0,1,0,222.5146525,222.5146525,0,201,361,1.190186262
435,0,219,1678,-3.514652458,1455.485348,-0.01270446022,5.261161926,1459,5.273866386,0,23,1,1,0,0,222.5146525,222.5146525,0,201,362,1.193151951
436,0,222.5146525,9816,0,9593.485348,0,34.67769698,9593.485348,34.67769698,0.05407157628,184.9459284,0,0,1,0,222.5146525,222.5146525,0,201,363,1.195601463
437,0,222.5146525,221,0,-1.514652458,0,-0.005475034055,-1.514652458,-0.005475034055,0.2524420764,0.2524420764,0,0,1,0,222.5146525,222.5146525,0,201,364,1.198228359
438,0,221,1546,-1.514652458,1323.485348,-0.005475034055,4.784019799,1325,4.789494833,0,21,1,1,0,0,222.5146525,222.5146525,0,201,365,1.20102787
439,0,222.5146525,9623,0,9400.485348,0,33.98005736,9400.485348,33.98005736,0.02330234551,187.0233023,0,0,1,0,222.5146525,222.5146525,0,201,366,1.203493118
440,0,222.5146525,220,0,-2.514652458,0,-0.009089747136,-2.514652458,-0.009089747136,0.419108743,0.419108743,0,0,1,0,222.5146525,222.5146525,0,201,367,1.206328392
441,0,220,943,-2.514652458,720.4853475,-0.009089747136,2.604347811,723,2.613437558,0,12,1,1,0,0,222.5146525,222.5146525,0,201,368,1.209248066
442,0,222.5146525,11520,0,11297.48535,0,40.83716807,11297.48535,40.83716807,0.0386869609,220.038687,0,0,1,0,222.5146525,222.5146525,0,201,369,1.21170187
443,0,222.5146525,218,0,-4.514652458,0,-0.0163191733,-4.514652458,-0.0163191733,2.052114754,2.052114754,0,0,1,0,222.5146525,222.5146525,0,201,370,1.214886427
444,0,218,1881,-4.514652458,1658.485348,-0.0163191733,5.994948681,1663,6.011267855,0,26,0,0,1,0,222.5146525,222.5146525,0,201,371,1.218176126
445,0,222.5146525,10154,0,9931.485348,0,35.89947001,9931.485348,35.89947001,0.1368076502,206,0,0,1,0,222.5146525,222.5146525,0,201,372,1.220663786
446,0,222.5146525,188,0,-34.51465246,0,-0.1247605657,-34.51465246,-0.1247605657,4.830891257,4.830891257,1,11,0,0,222.5146525,222.5146525,0,201,373,1.223628521
447,0,222.5146525,214,-2.842170943e-14,-8.514652458,-1.027363249e-16,-0.03077802563,-8.514652458,-0.03077802563,3.247557924,3.247557924,1,1,0,0,222.5146525,222.5146525,0,201,374,1.226544857
448,0,216,216,-6.514652458,-6.514652458,-0.02354859946,-0.02354859946,0,0,0,0,0,0,1,0,222.5146525,222.5146525,0,201,375,1.229244232
449,0,216,1743,-6.514652458,1520.485348,-0.02354859946,5.496118276,1527,5.519666876,0,24,1,1,0,0,222.5146525,222.5146525,0,201,376,1.231592655
450,0,222.5146525,10345,0,10122.48535,0,36.5898802,10122.48535,36.5898802,0.1002254224,200.8997746,0,0,1,0,222.5146525,222.5146525,0,201,377,1.234053135
451,0,222.5146525,221,0,-1.514652458,0,-0.005475034055,-1.514652458,-0.005475034055,0.2524420764,0.2524420764,0,0,1,0,222.5146525,222.5146525,0,201,378,1.237071514
452,0,221,1748,-1.514652458,1525.485348,-0.005475034055,5.514191842,1527,5.519666876,0,24,1,1,0,0,222.5146525,222.5146525,0,201,379,1.240421057
453,0,222.5146525,10910,0,10687.48535,0,38.6321931,10687.48535,38.6321931,0.02330234551,209.0233023,0,0,1,0,222.5146525,222.5146525,0,201,380,1.242907524
454,0,222.5146525,220,0,-2.514652458,0,-0.009089747136,-2.514652458,-0.009089747136,0.419108743,0.419108743,0,0,1,0,222.5146525,222.5146525,0,201,381,1.245705843
455,0,220,1076,-2.514652458,853.4853475,-0.009089747136,3.085104651,856,3.094194398,0,14,0,0,1,0,222.5146525,222.5146525,0,201,382,1.248600006
456,0,222.5146525,219,0,-3.514652458,0,-0.01270446022,-3.514652458,-0.01270446022,0.05407157628,0.05407157628,0,0,1,0,222.5146525,222.5146525,0,201,383,1.250935078
457,0,219,2085,-3.514652458,1862.485348,-0.01270446022,6.73235015,1866,6.74505461,0,29,0,0,1,0,222.5146525,222.5146525,0,201,384,1.253383636
458,0,222.5146525,9390,0,9167.485348,0,33.13782921,9167.485348,33.13782921,0.0386869609,191.038687,0,0,1,0,222.5146525,222.5146525,0,201,385,1.255767107
459,0,222.5146525,223,0,0.4853475418,0,0.001754392108,0.4853475418,0.001754392108,0.2157100186,0.2157100186,0,0,1,0,222.5146525,222.5146525,0,201,386,1.258965492
460,0,222.5146525,1010,0,787.4853475,0,2.846533587,787.4853475,2.846533587,0.1213368854,13.87866311,1,2,0,0,222.5146525,222.5146525,0,201,387,1.261680365
461,0,222.5146525,219,0,-3.514652458,0,-0.01270446022,-3.514652458,-0.01270446022,0.05407157628,0.05407157628,0,0,1,0,222.5146525,222.5146525,0,201,388,1.264571905
462,0,219,2083,-3.514652458,1860.485348,-0.01270446022,6.725120724,1864,6.737825184,0,29,1,1,0,0,222.5146525,222.5146525,0,201,389,1.267176151
463,0,222.5146525,9791,0,9568.485348,0,34.58732916,9568.485348,34.58732916,0.05407157628,203.0540716,0,0,1,0,222.5146525,222.5146525,0,201,390,1.269610167
464,0,222.5146525,226,0,3.485347542,0,0.01259853135,3.485347542,0.01259853135,1.626495519,1.626495519,0,0,1,0,222.5146525,222.5146525,0,201,391,1.272574425
465,0,222.5146525,1073,0,850.4853475,0,3.074260511,850.4853475,3.074260511,0.6970695084,16.30293049,0,0,1,0,222.5146525,222.5146525,0,201,392,1.275209188
466,0,222.5146525,212,0,-10.51465246,0,-0.03800745179,-10.51465246,-0.03800745179,0.159312916,0.159312916,0,0,1,0,222.5146525,222.5146525,0,201,393,1.278015614
467,0,212,1739,-10.51465246,1516.485348,-0.03800745179,5.481659424,1527,5.519666876,0,24,0,0,1,0,222.5146525,222.5146525,0,201,394,1.280471325
468,0,222.5146525,211,0,-11.51465246,0,-0.04162216487,-11.51465246,-0.04162216487,0.1771484994,0.1771484994,0,0,1,0,222.5146525,222.5146525,0,201,395,1.282786608
469,0,211,804,-11.51465246,581.4853475,-0.04162216487,2.101902693,593,2.143524857,0,10,0,0,1,0,222.5146525,222.5146525,0,201,396,1.28532505
470,0,222.5146525,10070,0,9847.485348,0,35.59583411,9847.485348,35.59583411,0.161763884,195.8382361,0,0,1,0,222.5146525,222.5146525,0,201,397,1.287710667
471,0,222.5146525,224,0,1.485347542,0,0.00536910519,1.485347542,0.00536910519,0.6498395495,0.6498395495,0,0,1,0,222.5146525,222.5146525,0,201,398,1.290429115
472,0,222.5146525,878,0,655.4853475,0,2.369391461,655.4853475,2.369391461,0.3713368854,11.62866311,0,0,1,0,222.5146525,222.5146525,0,201,399,1.293021202
473,0,222.5146525,219,0,-3.514652458,0,-0.01270446022,-3.514652458,-0.01270446022,0.05407157628,0.05407157628,0,0,1,0,222.5146525,222.5146525,0,201,400,1.296027422
474,0,219,878,-3.514652458,655.4853475,-0.01270446022,2.369391461,659,2.382095921,0,11,0,0,1,0,222.5146525,222.5146525,0,201,401,1.298670292
475,0,222.5146525,220,0,-2.514652458,0,-0.009089747136,-2.514652458,-0.009089747136,0.0386869609,0.0386869609,0,0,1,0,222.5146525,222.5146525,0,201,402,1.301017761
476,0,220,1951,-2.514652458,1728.485348,-0.009089747136,6.247978597,1731,6.257068344,0,27,0,0,1,0,222.5146525,222.5146525,0,201,403,1.303540707
477,0,222.5146525,9430,0,9207.485348,0,33.28241773,9207.485348,33.28241773,0.05407157628,198.0540716,0,0,1,0,222.5146525,222.5146525,0,201,404,1.305910826
478,0,222.5146525,225,0,2.485347542,0,0.008983818272,2.485347542,0.008983818272,0.4970695084,0.4970695084,0,0,1,0,222.5146525,222.5146525,0,201,405,1.308785439
479,0,222.5146525,2084,0,1861.485348,0,6.728735437,1861.485348,6.728735437,0.4970695084,29.50293049,0,0,1,0,222.5146525,222.5146525,0,201,406,1.311532974
480,0,222.5146525,219,0,-3.514652458,0,-0.01270446022,-3.514652458,-0.01270446022,0.05407157628,0.05407157628,0,0,1,0,222.5146525,222.5146525,0,201,407,1.31425786
481,0,219,2020,-3.514652458,1797.485348,-0.01270446022,6.4973938,1801,6.51009826,0,28,0,0,1,0,222.5146525,222.5146525,0,201,408,1.316671371
482,0,222.5146525,220,0,-2.514652458,0,-0.009089747136,-2.514652458,-0.009089747136,0.0386869609,0.0386869609,0,0,1,0,222.5146525,222.5146525,0,201,409,1.318976641
483,0,220,1143,-2.514652458,920.4853475,-0.009089747136,3.327290427,923,3.336380174,0,15,0,0,1,0,222.5146525,222.5146525,0,201,410,1.321401119
484,0,222.5146525,10920,0,10697.48535,0,38.66834023,10697.48535,38.66834023,0.05407157628,222.9459284,0,0,1,0,222.5146525,222.5146525,0,201,411,1.323771
485,0,222.5146525,217,0,-5.514652458,0,-0.01993388638,-5.514652458,-0.01993388638,0.919108743,0.919108743,0,0,1,0,222.5146525,222.5146525,0,201,412,1.326587677
486,0,217,2081,-5.514652458,1858.485348,-0.01993388638,6.717891298,1864,6.737825184,0,29,0,0,1,0,222.5146525,222.5146525,0,201,413,1.329525232
487,0,222.5146525,216,0,-6.514652458,0,-0.02354859946,-6.514652458,-0.02354859946,0.1002254224,0.1002254224,0,0,1,0,222.5146525,222.5146525,0,201,414,1.331968069
488,0,216,1007,-6.514652458,784.4853475,-0.02354859946,2.835689448,791,2.859238048,0,13,0,0,1,0,222.5146525,222.5146525,0,201,415,1.33465457
489,0,222.5146525,9164,0,8941.485348,0,32.32090405,8941.485348,32.32090405,0.08484080705,188.9151592,0,0,1,0,222.5146525,222.5146525,0,201,416,1.337039948
490,0,222.5146525,223,0,0.4853475418,0,0.001754392108,0.4853475418,0.001754392108,0.09706950836,0.09706950836,0,0,1,0,222.5146525,222.5146525,0,201,417,1.339948416
491,0,222.5146525,1210,0,987.4853475,0,3.569476204,987.4853475,3.569476204,0.09706950836,16.90293049,0,0,1,0,222.5146525,222.5146525,0,201,418,1.342760324
492,0,222.5146525,217,0,-5.514652458,0,-0.01993388638,-5.514652458,-0.01993388638,0.08484080705,0.08484080705,0,0,1,0,222.5146525,222.5146525,0,201,419,1.345534086
493,0,217,1276,-5.514652458,1053.485348,-0.01993388638,3.808047267,1059,3.827981153,0,17,0,0,1,0,222.5146525,222.5146525,0,201,420,1.348160744
494,0,222.5146525,218,0,-4.514652458,0,-0.0163191733,-4.514652458,-0.0163191733,0.06945619166,0.06945619166,0,0,1,0,222.5146525,222.5146525,0,201,421,1.350491047
495,0,218,1476,-4.514652458,1253.485348,-0.0163191733,4.530989883,1258,4.547309057,0,20,0,0,1,0,222.5146525,222.5146525,0,201,422,1.352950573
496,0,222.5146525,10826,0,10603.48535,0,38.3285572,10603.48535,38.3285572,0.08484080705,213.0848408,0,0,1,0,222.5146525,222.5146525,0,201,423,1.355354548
497,0,222.5146525,225,0,2.485347542,0,0.008983818272,2.485347542,0.008983818272,0.4142245903,0.4142245903,0,0,1,0,222.5146525,222.5146525,0,201,424,1.35822463
498,0,222.5146525,945,0,722.4853475,0,2.611577237,722.4853475,2.611577237,0.4142245903,12.58577541,0,0,1,0,222.5146525,222.5146525,0,201,425,1.361083984
499,0,222.5146525,220,0,-2.514652458,0,-0.009089747136,-2.514652458,-0.009089747136,0.0386869609,0.0386869609,0,0,1,0,222.5146525,222.5146525,0,201,426,1.363963127
500,0,220,877,-2.514652458,654.4853475,-0.009089747136,2.365776747,657,2.374866495,0,11,0,0,1,0,222.5146525,222.5146525,0,201,427,1.366426468
501,0,222.5146525,219,0,-3.514652458,0,-0.01270446022,-3.514652458,-0.01270446022,0.05407157628,0.05407157628,0,0,1,0,222.5146525,222.5146525,0,201,428,1.36873436
502,0,219,1077,-3.514652458,854.4853475,-0.01270446022,3.088719364,858,3.101423824,0,14,0,0,1,0,222.5146525,222.5146525,0,201,429,1.371189117
503,0,222.5146525,11210,0,10987.48535,0,39.71660702,10987.48535,39.71660702,0.0386869609,217.038687,0,0,1,0,222.5146525,222.5146525,0,201,430,1.373582125
504,0,222.5146525,216,-2.842170943e-14,-6.514652458,-1.027363249e-16,-0.02354859946,-6.514652458,-0.02354859946,7.097069508,7.097069508,1,3,0,0,222.5146525,222.5146525,0,201,431,1.376973391
505,0,222.5146525,225,-2.842170943e-14,2.485347542,-1.027363249e-16,0.008983818272,2.485347542,0.008983818272,1.065148946,1.065148946,0,0,1,0,222.5146525,222.5146525,0,201,432,1.379962921
506,0,222.5146525,1818,0,1595.485348,0,5.767221757,1595.485348,5.767221757,0.4970695084,25.50293049,1,2,0,0,222.5146525,222.5146525,0,201,433,1.382816315
507,0,222.5146525,220,0,-2.514652458,0,-0.009089747136,-2.514652458,-0.009089747136,0.0386869609,0.0386869609,0,0,1,0,222.5146525,222.5146525,0,201,434,1.38599658
508,0,220,1545,-2.514652458,1322.485348,-0.009089747136,4.780405086,1325,4.789494833,0,21,1,2,0,0,222.5146525,222.5146525,0,201,435,1.388697386
509,0,222.5146525,9518,0,9295.485348,0,33.60051249,9295.485348,33.60051249,0.0386869609,177.038687,0,0,1,0,222.5146525,222.5146525,0,201,436,1.391146421
510,0,222.5146525,216,0,-6.514652458,0,-0.02354859946,-6.514652458,-0.02354859946,1.395996955,1.395996955,0,0,1,0,222.5146525,222.5146525,0,201,437,1.394134521
511,0,216,1675,-6.514652458,1452.485348,-0.02354859946,5.250317787,1459,5.273866386,0,23,1,1,0,0,222.5146525,222.5146525,0,201,438,1.39720273
512,0,222.5146525,9838,0,9615.485348,0,34.75722067,9615.485348,34.75722067,0.1002254224,190.8997746,0,0,1,0,222.5146525,222.5146525,0,201,439,1.399662256
513,0,222.5146525,223,0,0.4853475418,0,0.001754392108,0.4853475418,0.001754392108,0.06933536311,0.06933536311,0,0,1,0,222.5146525,222.5146525,0,201,440,1.402267694
514,0,222.5146525,1208,0,985.4853475,0,3.562246777,985.4853475,3.562246777,0.06933536311,16.93066464,0,0,1,0,222.5146525,222.5146525,0,201,441,1.404740095
515,0,222.5146525,216,0,-6.514652458,0,-0.02354859946,-6.514652458,-0.02354859946,0.1491905143,0.1491905143,0,0,1,0,222.5146525,222.5146525,0,201,442,1.407405853
516,0,216,1743,-6.514652458,1520.485348,-0.02354859946,5.496118276,1527,5.519666876,0,24,0,0,1,0,222.5146525,222.5146525,0,201,443,1.409902096
517,0,222.5146525,10584,0,10361.48535,0,37.45379663,10361.48535,37.45379663,0.1491905143,195.0497302,0,0,1,0,222.5146525,222.5146525,0,201,444,1.412318707
518,0,222.5146525,230,0,7.485347542,0,0.02705738368,7.485347542,0.02705738368,3.493162186,3.493162186,0,0,1,0,222.5146525,222.5146525,0,201,445,1.415116549
519,0,222.5146525,225,0,2.485347542,0,0.008983818272,2.485347542,0.008983818272,0.6213368854,0.6213368854,0,0,1,0,222.5146525,222.5146525,0,201,446,1.417783022
520,0,222.5146525,1410,0,1187.485348,0,4.29241882,1187.485348,4.29241882,0.6213368854,20.37866311,0,0,1,0,222.5146525,222.5146525,0,201,447,1.420152426
521,0,222.5146525,217,0,-5.514652458,0,-0.01993388638,-5.514652458,-0.01993388638,0.1696816141,0.1696816141,0,0,1,0,222.5146525,222.5146525,0,201,448,1.423141241
522,0,217,1408,-5.514652458,1185.485348,-0.01993388638,4.285189394,1191,4.30512328,0,19,0,0,1,0,222.5146525,222.5146525,0,201,449,1.425806761
523,0,222.5146525,9582,0,9359.485348,0,33.83185412,9359.485348,33.83185412,0.1696816141,194,0,0,1,0,222.5146525,222.5146525,0,201,450,1.428299189
524,0,222.5146525,225,0,2.485347542,0,0.008983818272,2.485347542,0.008983818272,0.3728021313,0.3728021313,0,0,1,0,222.5146525,222.5146525,0,201,451,1.430962801
525,0,222.5146525,1264,0,1041.485348,0,3.76467071,1041.485348,3.76467071,0.3728021313,19.62719787,1,1,0,0,222.5146525,222.5146525,0,201,452,1.433400393
526,0,222.5146525,214,0,-8.514652458,0,-0.03077802563,-8.514652458,-0.03077802563,1.064331557,1.064331557,0,0,1,0,222.5146525,222.5146525,0,201,453,1.436261415
527,0,214,1539,-8.514652458,1316.485348,-0.03077802563,4.758716807,1325,4.789494833,0,21,0,0,1,0,222.5146525,222.5146525,0,201,454,1.438785553
528,0,222.5146525,9696,2.842170943e-14,9473.485348,1.027363249e-16,34.24393141,9473.485348,34.24393141,0.2619893064,203,0,0,1,0,222.5146525,222.5146525,0,201,455,1.441182375
529,0,222.5146525,203,0,-19.51465246,0,-0.07053986952,-19.51465246,-0.07053986952,3.097069508,3.097069508,1,8,0,0,222.5146525,222.5146525,0,201,456,1.444185972
530,0,222.5146525,1233,0,1010.485348,0,3.652614605,1010.485348,3.652614605,3.097069508,19.90293049,0,0,1,0,222.5146525,222.5146525,0,201,457,1.446759701
531,0,222.5146525,224,0,1.485347542,0,0.00536910519,1.485347542,0.00536910519,0.1856684427,0.1856684427,0,0,1,0,222.5146525,222.5146525,0,201,458,1.449669123
532,0,222.5146525,1814,0,1591.485348,0,5.752762905,1591.485348,5.752762905,0.1856684427,25.81433156,0,0,1,0,222.5146525,222.5146525,0,201,459,1.452104807
533,0,222.5146525,216,0,-6.514652458,0,-0.02354859946,-6.514652458,-0.02354859946,0.2004508449,0.2004508449,0,0,1,0,222.5146525,222.5146525,0,201,460,1.454752684
534,0,216,1879,-6.514652458,1656.485348,-0.02354859946,5.987719255,1663,6.011267855,0,26,0,0,1,0,222.5146525,222.5146525,0,201,461,1.457926512
535,0,222.5146525,10979,0,10756.48535,0,38.8816083,10756.48535,38.8816083,0.2004508449,208,0,0,1,0,222.5146525,222.5146525,0,201,462,1.460428476
536,0,222.5146525,220,0,-2.514652458,0,-0.009089747136,-2.514652458,-0.009089747136,0.3592360655,0.3592360655,0,0,1,0,222.5146525,222.5146525,0,201,463,1.463126421
537,0,220,1953,-2.514652458,1730.485348,-0.009089747136,6.255208023,1733,6.26429777,0,27,0,0,1,0,222.5146525,222.5146525,0,201,464,1.465917587
538,0,222.5146525,221,0,-1.514652458,0,-0.005475034055,-1.514652458,-0.005475034055,0.02330234551,0.02330234551,0,0,1,0,222.5146525,222.5146525,0,201,465,1.468312263
539,0,221,1546,-1.514652458,1323.485348,-0.005475034055,4.784019799,1325,4.789494833,0,21,0,0,1,0,222.5146525,222.5146525,0,201,466,1.471008062
540,0,222.5146525,9644,0,9421.485348,0,34.05596633,9421.485348,34.05596633,0.0386869609,175.038687,0,0,1,0,222.5146525,222.5146525,0,201,467,1.473386765
541,0,222.5146525,218,0,-4.514652458,0,-0.0163191733,-4.514652458,-0.0163191733,1.881105191,1.881105191,0,0,1,0,222.5146525,222.5146525,0,201,468,1.476554632
542,0,218,1478,-4.514652458,1255.485348,-0.0163191733,4.53821931,1260,4.554538483,0,20,0,0,1,0,222.5146525,222.5146525,0,201,469,1.479598761
543,0,222.5146525,219,0,-3.514652458,0,-0.01270446022,-3.514652458,-0.01270446022,0.05407157628,0.05407157628,0,0,1,0,222.5146525,222.5146525,0,201,470,1.481979609
544,0,219,1410,-3.514652458,1187.485348,-0.01270446022,4.29241882,1191,4.30512328,0,19,0,0,1,0,222.5146525,222.5146525,0,201,471,1.484784365
545,0,222.5146525,9904,0,9681.485348,0,34.99579174,9681.485348,34.99579174,0.06945619166,195.0694562,0,0,1,0,222.5146525,222.5146525,0,201,472,1.487220526
546,0,222.5146525,218,2.842170943e-14,-4.514652458,1.027363249e-16,-0.0163191733,-4.514652458,-0.0163191733,2.106837814,2.106837814,0,0,1,0,222.5146525,222.5146525,0,201,473,1.490073919
547,0,218,1074,-4.514652458,851.4853475,-0.0163191733,3.077875225,856,3.094194398,0,14,1,2,0,0,222.5146525,222.5146525,0,201,474,1.492997169
548,0,222.5146525,9871,0,9648.485348,0,34.8765062,9648.485348,34.8765062,0.06945619166,187.0694562,0,0,1,0,222.5146525,222.5146525,0,201,475,1.495453358
549,0,222.5146525,224,0,1.485347542,0,0.00536910519,1.485347542,0.00536910519,0.2970695084,0.2970695084,0,0,1,0,222.5146525,222.5146525,0,201,476,1.498428106
550,0,222.5146525,1546,0,1323.485348,0,4.784019799,1323.485348,4.784019799,0.2970695084,21.70293049,0,0,1,0,222.5146525,222.5146525,0,201,477,1.501021147
551,0,222.5146525,218,0,-4.514652458,0,-0.0163191733,-4.514652458,-0.0163191733,0.06945619166,0.06945619166,0,0,1,0,222.5146525,222.5146525,0,201,478,1.503958225
552,0,218,811,-4.514652458,588.4853475,-0.0163191733,2.127205684,593,2.143524857,0,10,0,0,1,0,222.5146525,222.5146525,0,201,479,1.507107973
553,0,222.5146525,219,0,-3.514652458,0,-0.01270446022,-3.514652458,-0.01270446022,0.05407157628,0.05407157628,0,0,1,0,222.5146525,222.5146525,0,201,480,1.509573221
554,0,219,1410,-3.514652458,1187.485348,-0.01270446022,4.29241882,1191,4.30512328,0,19,0,0,1,0,222.5146525,222.5146525,0,201,481,1.512061119
555,0,222.5146525,10600,0,10377.48535,0,37.51163204,10377.48535,37.51163204,0.06945619166,202.0694562,0,0,1,0,222.5146525,222.5146525,0,201,482,1.514498234
556,0,222.5146525,221,-2.842170943e-14,-1.514652458,-1.027363249e-16,-0.005475034055,-1.514652458,-0.005475034055,1.262210382,1.262210382,0,0,1,0,222.5146525,222.5146525,0,201,483,1.517664671
557,0,221,1682,-1.514652458,1459.485348,-0.005475034055,5.275620778,1461,5.281095812,0,23,0,0,1,0,222.5146525,222.5146525,0,201,484,1.520865202
558,0,222.5146525,222,0,-0.5146524582,0,-0.001860320973,-0.5146524582,-0.001860320973,0.007917730126,0.007917730126,0,0,1,0,222.5146525,222.5146525,0,201,485,1.523256302
559,0,222,1547,-0.5146524582,1324.485348,-0.001860320973,4.787634512,1325,4.789494833,0,21,0,0,1,0,222.5146525,222.5146525,0,201,486,1.525822639
560,0,222.5146525,9871,0,9648.485348,0,34.8765062,9648.485348,34.8765062,0.02330234551,200.0233023,0,0,1,0,222.5146525,222.5146525,0,201,487,1.52824378
561,0,222.5146525,225,0,2.485347542,0,0.008983818272,2.485347542,0.008983818272,0.3550496488,0.3550496488,0,0,1,0,222.5146525,222.5146525,0,201,488,1.530975103
562,0,222.5146525,1480,0,1257.485348,0,4.545448736,1257.485348,4.545448736,0.3550496488,20.64495035,0,0,1,0,222.5146525,222.5146525,0,201,489,1.533512592
563,0,222.5146525,219,0,-3.514652458,0,-0.01270446022,-3.514652458,-0.01270446022,0.05407157628,0.05407157628,0,0,1,0,222.5146525,222.5146525,0,201,490,1.536168337
564,0,219,1209,-3.514652458,986.4853475,-0.01270446022,3.565861491,990,3.578565951,0,16,0,0,1,0,222.5146525,222.5146525,0,201,491,1.538976192
565,0,222.5146525,218,0,-4.514652458,0,-0.0163191733,-4.514652458,-0.0163191733,0.06945619166,0.06945619166,0,0,1,0,222.5146525,222.5146525,0,201,492,1.541357756
566,0,218,2084,-4.514652458,1861.485348,-0.0163191733,6.728735437,1866,6.74505461,0,29,0,0,1,0,222.5146525,222.5146525,0,201,493,1.543840408
567,0,222.5146525,10443,0,10220.48535,0,36.94412209,10220.48535,36.94412209,0.05407157628,214.9459284,0,0,1,0,222.5146525,222.5146525,0,201,494,1.546254396
568,0,222.5146525,222,0,-0.5146524582,0,-0.001860320973,-0.5146524582,-0.001860320973,0.1286631146,0.1286631146,0,0,1,0,222.5146525,222.5146525,0,201,495,1.549092531
569,0,222,947,-0.5146524582,724.4853475,-0.001860320973,2.618806663,725,2.620666984,0,12,0,0,1,0,222.5146525,222.5146525,0,201,496,1.552112818
570,0,222.5146525,223,0,0.4853475418,0,0.001754392108,0.4853475418,0.001754392108,0.09706950836,0.09706950836,0,0,1,0,222.5146525,222.5146525,0,201,497,1.554838419
571,0,222.5146525,1612,0,1389.485348,0,5.022590862,1389.485348,5.022590862,0.09706950836,22.90293049,0,0,1,0,222.5146525,222.5146525,0,201,498,1.557180882
572,0,222.5146525,217,0,-5.514652458,0,-0.01993388638,-5.514652458,-0.01993388638,0.08484080705,0.08484080705,0,0,1,0,222.5146525,222.5146525,0,201,499,1.560277939
573,0,217,1142,-5.514652458,919.4853475,-0.01993388638,3.323675714,925,3.3436096,0,15,0,0,1,0,222.5146525,222.5146525,0,201,500,1.563459873
574,0,222.5146525,218,0,-4.514652458,0,-0.0163191733,-4.514652458,-0.0163191733,0.06945619166,0.06945619166,0,0,1,0,222.5146525,222.5146525,0,201,501,1.565899849
575,0,218,1342,-4.514652458,1119.485348,-0.0163191733,4.04661833,1124,4.062937504,0,18,0,0,1,0,222.5146525,222.5146525,0,201,502,1.568370342
576,0,222.5146525,10433,0,10210.48535,0,36.90797496,10210.48535,36.90797496,0.08484080705,200.0848408,0,0,1,0,222.5146525,222.5146525,0,201,503,1.570751667
577,0,222.5146525,224,0,1.485347542,0,0.00536910519,1.485347542,0.00536910519,0.2475579236,0.2475579236,0,0,1,0,222.5146525,222.5146525,0,201,504,1.574100733
578,0,222.5146525,876,0,653.4853475,0,2.362162034,653.4853475,2.362162034,0.2475579236,11.75244208,0,0,1,0,222.5146525,222.5146525,0,201,505,1.577687979
579,0,222.5146525,217,0,-5.514652458,0,-0.01993388638,-5.514652458,-0.01993388638,0.08484080705,0.08484080705,0,0,1,0,222.5146525,222.5146525,0,201,506,1.58089304
580,0,217,2018,-5.514652458,1795.485348,-0.01993388638,6.490164374,1801,6.51009826,0,28,0,0,1,0,222.5146525,222.5146525,0,201,507,1.583611012
581,0,222.5146525,218,0,-4.514652458,0,-0.0163191733,-4.514652458,-0.0163191733,0.06945619166,0.06945619166,0,0,1,0,222.5146525,222.5146525,0,201,508,1.586007357
582,0,218,2150,-4.514652458,1927.485348,-0.0163191733,6.9673065,1932,6.983625674,0,30,0,0,1,0,222.5146525,222.5146525,0,201,509,1.588604689
583,0,222.5146525,11468,0,11245.48535,0,40.64920299,11245.48535,40.64920299,0.08484080705,231.9151592,0,0,1,0,222.5146525,222.5146525,0,201,510,1.591007471
584,0,222.5146525,230,0,7.485347542,0,0.02705738368,7.485347542,0.02705738368,1.497069508,1.497069508,0,0,1,0,222.5146525,222.5146525,0,201,511,1.5939188
585,0,222.5146525,941,0,718.4853475,0,2.597118385,718.4853475,2.597118385,1.497069508,13.50293049,0,0,1,0,222.5146525,222.5146525,0,201,512,1.596551895
586,0,222.5146525,216,0,-6.514652458,0,-0.02354859946,-6.514652458,-0.02354859946,0.1002254224,0.1002254224,0,0,1,0,222.5146525,222.5146525,0,201,513,1.599395275
587,0,216,873,-6.514652458,650.4853475,-0.02354859946,2.351317895,657,2.374866495,0,11,0,0,1,0,222.5146525,222.5146525,0,201,514,1.601929188
588,0,222.5146525,215,0,-7.514652458,0,-0.02716331254,-7.514652458,-0.02716331254,0.1156100378,0.1156100378,0,0,1,0,222.5146525,222.5146525,0,201,515,1.604293823
589,0,215,1006,-7.514652458,783.4853475,-0.02716331254,2.832074735,791,2.859238048,0,13,0,0,1,0,222.5146525,222.5146525,0,201,516,1.606720686
590,0,222.5146525,8972,0,8749.485348,0,31.62687914,8749.485348,31.62687914,0.1002254224,179.8997746,0,0,1,0,222.5146525,222.5146525,0,201,517,1.609102726
591,0,222.5146525,216,0,-6.514652458,0,-0.02354859946,-6.514652458,-0.02354859946,1.206417122,1.206417122,0,0,1,0,222.5146525,222.5146525,0,201,518,1.611773729
592,0,216,1407,-6.514652458,1184.485348,-0.02354859946,4.281574681,1191,4.30512328,0,19,1,1,0,0,222.5146525,222.5146525,0,201,519,1.6147089
593,0,222.5146525,11003,0,10780.48535,0,38.96836141,10780.48535,38.96836141,0.1002254224,216.1002254,0,0,1,0,222.5146525,222.5146525,0,201,520,1.617146492
594,0,222.5146525,217,2.842170943e-14,-5.514652458,1.027363249e-16,-0.01993388638,-5.514652458,-0.01993388638,0.8707345987,0.8707345987,0,0,1,0,222.5146525,222.5146525,0,201,521,1.619898319
595,0,217,1744,-5.514652458,1521.485348,-0.01993388638,5.499732989,1527,5.519666876,0,24,0,0,1,0,222.5146525,222.5146525,0,201,522,1.62274766
596,0,222.5146525,216,0,-6.514652458,0,-0.02354859946,-6.514652458,-0.02354859946,0.1002254224,0.1002254224,0,0,1,0,222.5146525,222.5146525,0,201,523,1.625143528
597,0,216,1275,-6.514652458,1052.485348,-0.02354859946,3.804432554,1059,3.827981153,0,17,0,0,1,0,222.5146525,222.5146525,0,201,524,1.627601147
598,0,222.5146525,11227,0,11004.48535,0,39.77805714,11004.48535,39.77805714,0.08484080705,220.0848408,0,0,1,0,222.5146525,222.5146525,0,201,525,1.629984617
599,0,222.5146525,222,0,-0.5146524582,0,-0.001860320973,-0.5146524582,-0.001860320973,0.1029304916,0.1029304916,0,0,1,0,222.5146525,222.5146525,0,201,526,1.632959604
600,0,222,813,-0.5146524582,590.4853475,-0.001860320973,2.13443511,591,2.136295431,0,10,1,1,0,0,222.5146525,222.5146525,0,201,527,1.636129618
601,0,222.5146525,8109,0,7886.485348,0,28.50738175,7886.485348,28.50738175,0.007917730126,174.0079177,0,0,1,0,222.5146525,222.5146525,0,201,528,1.638639688
602,0,222.5146525,226,0,3.485347542,0,0.01259853135,3.485347542,0.01259853135,1.825658236,1.825658236,0,0,1,0,222.5146525,222.5146525,0,201,529,1.64174819
603,0,222.5146525,222,0,-0.5146524582,0,-0.001860320973,-0.5146524582,-0.001860320973,0.1286631146,0.1286631146,0,0,1,0,222.5146525,222.5146525,0,201,530,1.644505739
604,0,222,1078,-0.5146524582,855.4853475,-0.001860320973,3.092334077,856,3.094194398,0,14,1,1,0,0,222.5146525,222.5146525,0,201,531,1.647729874
605,0,222.5146525,11643,0,11420.48535,0,41.28177778,11420.48535,41.28177778,0.007917730126,219.0079177,0,0,1,0,222.5146525,222.5146525,0,201,532,1.65034318
606,0,222.5146525,223,0,0.4853475418,0,0.001754392108,0.4853475418,0.001754392108,0.09706950836,0.09706950836,0,0,1,0,222.5146525,222.5146525,0,201,533,1.653386354
607,0,222.5146525,2017,0,1794.485348,0,6.486549661,1794.485348,6.486549661,0.09706950836,28.90293049,1,1,0,0,222.5146525,222.5146525,0,201,534,1.656188726
608,0,222.5146525,218,0,-4.514652458,0,-0.0163191733,-4.514652458,-0.0163191733,0.06945619166,0.06945619166,0,0,1,0,222.5146525,222.5146525,0,201,535,1.659335613
609,0,218,2017,-4.514652458,1794.485348,-0.0163191733,6.486549661,1799,6.502868834,0,28,1,1,0,0,222.5146525,222.5146525,0,201,536,1.66191864
610,0,222.5146525,9899,0,9676.485348,0,34.97771817,9676.485348,34.97771817,0.06945619166,200.0694562,0,0,1,0,222.5146525,222.5146525,0,201,537,1.664435863
611,0,222.5146525,226,2.842170943e-14,3.485347542,1.027363249e-16,0.01259853135,3.485347542,0.01259853135,2.033119399,2.033119399,0,0,1,0,222.5146525,222.5146525,0,201,538,1.667510986
612,0,222.5146525,223,0,0.4853475418,0,0.001754392108,0.4853475418,0.001754392108,0.1617825139,0.1617825139,0,0,1,0,222.5146525,222.5146525,0,201,539,1.670385838
613,0,222.5146525,1409,0,1186.485348,0,4.288804107,1186.485348,4.288804107,0.1617825139,19.83821749,0,0,1,0,222.5146525,222.5146525,0,201,540,1.672744513
614,0,222.5146525,220,-2.842170943e-14,-2.514652458,-1.027363249e-16,-0.009089747136,-2.514652458,-0.009089747136,0.07858288932,0.07858288932,0,0,1,0,222.5146525,222.5146525,0,201,541,1.676215172
615,0,220,1277,-2.514652458,1054.485348,-0.009089747136,3.81166198,1057,3.820751727,0,17,0,0,1,0,222.5146525,222.5146525,0,201,542,1.67935729
616,0,222.5146525,11106,-2.842170943e-14,10883.48535,-1.027363249e-16,39.34067686,10883.48535,39.34067686,0.07737392179,217.0773739,0,0,1,0,222.5146525,222.5146525,0,201,543,1.681791782
617,0,222.5146525,221,0,-1.514652458,0,-0.005475034055,-1.514652458,-0.005475034055,3.965399645,3.965399645,1,1,0,0,222.5146525,222.5146525,0,201,544,1.684677124
618,0,222.5146525,226,2.842170943e-14,3.485347542,1.027363249e-16,0.01259853135,3.485347542,0.01259853135,1.369243677,1.369243677,0,0,1,0,222.5146525,222.5146525,0,201,545,1.687851667
619,0,222.5146525,221,0,-1.514652458,0,-0.005475034055,-1.514652458,-0.005475034055,0.3029304916,0.3029304916,0,0,1,0,222.5146525,222.5146525,0,201,546,1.6902771
620,0,221,1952,-1.514652458,1729.485348,-0.005475034055,6.25159331,1731,6.257068344,0,27,0,0,1,0,222.5146525,222.5146525,0,201,547,1.693233252
621,0,222.5146525,220,0,-2.514652458,0,-0.009089747136,-2.514652458,-0.009089747136,0.0386869609,0.0386869609,0,0,1,0,222.5146525,222.5146525,0,201,548,1.6956532
622,0,220,1212,-2.514652458,989.4853475,-0.009089747136,3.57670563,992,3.585795377,0,16,0,0,1,0,222.5146525,222.5146525,0,201,549,1.698485613
623,0,222.5146525,9695,0,9472.485348,0,34.2403167,9472.485348,34.2403167,0.02330234551,189.0233023,0,0,1,0,222.5146525,222.5146525,0,201,550,1.700977564
624,0,222.5146525,223,0,0.4853475418,0,0.001754392108,0.4853475418,0.001754392108,0.08089125696,0.08089125696,0,0,1,0,222.5146525,222.5146525,0,201,551,1.703636169
625,0,222.5146525,1815,0,1592.485348,0,5.756377618,1592.485348,5.756377618,0.08089125696,25.91910874,0,0,1,0,222.5146525,222.5146525,0,201,552,1.706121445
626,0,222.5146525,217,-2.842170943e-14,-5.514652458,-1.027363249e-16,-0.01993388638,-5.514652458,-0.01993388638,0.126289751,0.126289751,0,0,1,0,222.5146525,222.5146525,0,201,553,1.708828926
627,0,217,1274,-5.514652458,1051.485348,-0.01993388638,3.800817841,1057,3.820751727,0,17,0,0,1,0,222.5146525,222.5146525,0,201,554,1.711485386
628,0,222.5146525,10087,-2.842170943e-14,9864.485348,-1.027363249e-16,35.65728423,9864.485348,35.65728423,0.126289751,202.1262898,0,0,1,0,222.5146525,222.5146525,0,201,555,1.713929176
629,0,222.5146525,220,0,-2.514652458,0,-0.009089747136,-2.514652458,-0.009089747136,1.748534754,1.748534754,1,1,0,0,222.5146525,222.5146525,0,201,556,1.716943502
630,0,222.5146525,886,0,663.4853475,0,2.398309165,663.4853475,2.398309165,1.580891257,13.41910874,0,0,1,0,222.5146525,222.5146525,0,201,557,1.719736338
631,0,222.5146525,220,0,-2.514652458,0,-0.009089747136,-2.514652458,-0.009089747136,0.419108743,0.419108743,0,0,1,0,222.5146525,222.5146525,0,201,558,1.722445488
632,0,220,1076,-2.514652458,853.4853475,-0.009089747136,3.085104651,856,3.094194398,0,14,0,0,1,0,222.5146525,222.5146525,0,201,559,1.725181341
633,0,222.5146525,9393,0,9170.485348,0,33.14867335,9170.485348,33.14867335,0.05758746088,191.0575875,0,0,1,0,222.5146525,222.5146525,0,201,560,1.727665663
634,0,222.5146525,218,-2.842170943e-14,-4.514652458,-1.027363249e-16,-0.0163191733,-4.514652458,-0.0163191733,1.410828893,1.410828893,0,0,1,0,222.5146525,222.5146525,0,201,561,1.730473518
635,0,218,941,-4.514652458,718.4853475,-0.0163191733,2.597118385,723,2.613437558,0,12,0,0,1,0,222.5146525,222.5146525,0,201,562,1.733411312
636,0,222.5146525,9626,0,9403.485348,0,33.9909015,9403.485348,33.9909015,0.1389123833,196,0,0,1,0,222.5146525,222.5146525,0,201,563,1.735825539
637,0,222.5146525,215,0,-7.514652458,0,-0.02716331254,-7.514652458,-0.02716331254,1.833746748,1.833746748,1,3,0,0,222.5146525,222.5146525,0,201,564,1.738991499
638,0,222.5146525,220,0,-2.514652458,0,-0.009089747136,-2.514652458,-0.009089747136,1.697069508,1.697069508,1,1,0,0,222.5146525,222.5146525,0,201,565,1.741951227
639,0,222.5146525,223,0,0.4853475418,0,0.001754392108,0.4853475418,0.001754392108,0.1040030447,0.1040030447,0,0,1,0,222.5146525,222.5146525,0,201,566,1.744514227
640,0,222.5146525,776,0,553.4853475,0,2.000690726,553.4853475,2.000690726,0.1040030447,17.89599696,1,2,0,0,222.5146525,222.5146525,0,201,567,1.74700141
641,0,222.5146525,253,0,30.48534754,0,0.1101957846,30.48534754,0.1101957846,0.4618992052,0.4618992052,0,0,1,0,222.5146525,222.5146525,0,201,568,1.749991417
642,0,222.5146525,1446,0,1223.485348,0,4.422548491,1223.485348,4.422548491,0.4618992052,20.53810079,1,1,0,0,222.5146525,222.5146525,0,201,569,1.752460003
643,0,222.5146525,252,0,29.48534754,0,0.1065810715,29.48534754,0.1065810715,0.4536207314,0.4536207314,0,0,1,0,222.5146525,222.5146525,0,201,570,1.754979372
644,0,222.5146525,1717,0,1494.485348,0,5.402135736,1494.485348,5.402135736,0.4536207314,24.54637927,1,1,0,0,222.5146525,222.5146525,0,201,571,1.757442236
645,0,222.5146525,252,0,29.48534754,0,0.1065810715,29.48534754,0.1065810715,0.4536207314,0.4536207314,0,0,1,0,222.5146525,222.5146525,0,201,572,1.759950161
646,0,222.5146525,1514,0,1291.485348,0,4.66834898,1291.485348,4.66834898,0.4536207314,21.54637927,1,1,0,0,222.5146525,222.5146525,0,201,573,1.762406826
647,0,222.5146525,8784,0,8561.485348,0,30.94731308,8561.485348,30.94731308,0.4536207314,191.5463793,0,0,1,0,222.5146525,222.5146525,0,201,574,1.764982462
648,0,222.5146525,224,-2.842170943e-14,1.485347542,-1.027363249e-16,0.00536910519,1.485347542,0.00536910519,0.5941390167,0.5941390167,0,0,1,0,222.5146525,222.5146525,0,201,575,1.768308878
649,0,222.5146525,1394,0,1171.485348,0,4.234583411,1171.485348,4.234583411,0.3536541766,23.64634582,1,1,0,0,222.5146525,222.5146525,0,201,576,1.771215439
650,0,222.5146525,203,0,-19.51465246,0,-0.07053986952,-19.51465246,-0.07053986952,0.3002254224,0.3002254224,0,0,1,0,222.5146525,222.5146525,0,201,577,1.774339914
651,0,203,1193,-19.51465246,970.4853475,-0.07053986952,3.508026081,990,3.578565951,0,16,1,1,0,0,222.5146525,222.5146525,0,201,578,1.777038336
652,0,222.5146525,9967,0,9744.485348,0,35.22351866,9744.485348,35.22351866,0.3002254224,198.6997746,0,0,1,0,222.5146525,222.5146525,0,201,579,1.779439926
653,0,222.5146525,210,0,-12.51465246,0,-0.04523687795,-12.51465246,-0.04523687795,3.708045173,3.708045173,0,0,1,0,222.5146525,222.5146525,0,201,580,1.78243804
654,0,210,2142,-12.51465246,1919.485348,-0.04523687795,6.938388796,1932,6.983625674,0,30,1,1,0,0,222.5146525,222.5146525,0,201,581,1.785518408
655,0,222.5146525,8970,0,8747.485348,0,31.61964972,8747.485348,31.61964972,0.1925331147,181.8074669,0,0,1,0,222.5146525,222.5146525,0,201,582,1.788129568
656,0,222.5146525,223,0,0.4853475418,0,0.001754392108,0.4853475418,0.001754392108,0.09706950836,0.09706950836,0,0,1,0,222.5146525,222.5146525,0,201,583,1.791054726
657,0,222.5146525,1545,0,1322.485348,0,4.780405086,1322.485348,4.780405086,0.09706950836,21.90293049,1,1,0,0,222.5146525,222.5146525,0,201,584,1.793658495
658,0,222.5146525,218,0,-4.514652458,0,-0.0163191733,-4.514652458,-0.0163191733,0.06945619166,0.06945619166,0,0,1,0,222.5146525,222.5146525,0,201,585,1.796493292
659,0,218,1342,-4.514652458,1119.485348,-0.0163191733,4.04661833,1124,4.062937504,0,18,1,1,0,0,222.5146525,222.5146525,0,201,586,1.799023867
660,0,222.5146525,9954,0,9731.485348,0,35.17652739,9731.485348,35.17652739,0.06945619166,200.0694562,0,0,1,0,222.5146525,222.5146525,0,201,587,1.801497936
661,0,222.5146525,222,0,-0.5146524582,0,-0.001860320973,-0.5146524582,-0.001860320973,2.548692595,2.548692595,1,1,0,0,222.5146525,222.5146525,0,201,588,1.804621458
662,0,222.5146525,227,0,4.485347542,0,0.01621324443,4.485347542,0.01621324443,0.8970695084,0.8970695084,0,0,1,0,222.5146525,222.5146525,0,201,589,1.807325363
663,0,222.5146525,1742,0,1519.485348,0,5.492503563,1519.485348,5.492503563,0.8970695084,27.10293049,1,2,0,0,222.5146525,222.5146525,0,201,590,1.809747934
664,0,222.5146525,207,0,-15.51465246,0,-0.0560810172,-15.51465246,-0.0560810172,0.2350704918,0.2350704918,0,0,1,0,222.5146525,222.5146525,0,201,591,1.812661886
665,0,207,1599,-15.51465246,1376.485348,-0.0560810172,4.975599592,1392,5.03168061,0,22,1,2,0,0,222.5146525,222.5146525,0,201,592,1.815757036
666,0,222.5146525,10005,0,9782.485348,0,35.36087776,9782.485348,35.36087776,0.2386869609,196.238687,0,0,1,0,222.5146525,222.5146525,0,201,593,1.81821537
667,0,222.5146525,202,0,-20.51465246,0,-0.07415458261,-20.51465246,-0.07415458261,2.997906792,2.997906792,1,5,0,0,222.5146525,222.5146525,0,201,594,1.820955753
668,0,221,207,-1.514652458,-15.51465246,-0.005475034055,-0.0560810172,-14,-0.05060598314,1.5,1.5,1,3,0,0,222.5146525,222.5146525,0,201,595,1.823459625
669,0,222.5146525,1987,0,1764.485348,0,6.378108268,1764.485348,6.378108268,1.5,28.5,1,1,0,0,222.5146525,222.5146525,0,201,596,1.825953007
670,0,222.5146525,219,0,-3.514652458,0,-0.01270446022,-3.514652458,-0.01270446022,0.2196657786,0.2196657786,0,0,1,0,222.5146525,222.5146525,0,201,597,1.828370333
671,0,219,876,-3.514652458,653.4853475,-0.01270446022,2.362162034,657,2.374866495,0,11,1,1,0,0,222.5146525,222.5146525,0,201,598,1.83093071
672,0,222.5146525,10250,0,10027.48535,0,36.24648246,10027.48535,36.24648246,0.05407157628,211.0540716,0,0,1,0,222.5146525,222.5146525,0,201,599,1.833359718
673,0,222.5146525,199,0,-23.51465246,0,-0.08499872185,-23.51465246,-0.08499872185,3.347069508,3.347069508,1,4,0,0,222.5146525,222.5146525,0,201,600,1.836362123
674,0,222.5146525,222,0,-0.5146524582,0,-0.001860320973,-0.5146524582,-0.001860320973,0.1187659519,0.1187659519,0,0,1,0,222.5146525,222.5146525,0,201,601,1.839175463
675,0,222,1145,-0.5146524582,922.4853475,-0.001860320973,3.334519853,923,3.336380174,0,15,0,0,1,0,222.5146525,222.5146525,0,201,602,1.842188835
676,0,222.5146525,221,0,-1.514652458,0,-0.005475034055,-1.514652458,-0.005475034055,0.02330234551,0.02330234551,0,0,1,0,222.5146525,222.5146525,0,201,603,1.84457159
677,0,221,1682,-1.514652458,1459.485348,-0.005475034055,5.275620778,1461,5.281095812,0,23,0,0,1,0,222.5146525,222.5146525,0,201,604,1.847416878
678,0,222.5146525,8881,0,8658.485348,0,31.29794025,8658.485348,31.29794025,0.007917730126,166.0079177,0,0,1,0,222.5146525,222.5146525,0,201,605,1.849892378
679,0,222.5146525,224,0,1.485347542,0,0.00536910519,1.485347542,0.00536910519,0.2970695084,0.2970695084,0,0,1,0,222.5146525,222.5146525,0,201,606,1.852757454
680,0,222.5146525,1885,0,1662.485348,0,6.009407534,1662.485348,6.009407534,0.2970695084,26.70293049,1,1,0,0,222.5146525,222.5146525,0,201,607,1.855361462
681,0,222.5146525,219,0,-3.514652458,0,-0.01270446022,-3.514652458,-0.01270446022,0.05407157628,0.05407157628,0,0,1,0,222.5146525,222.5146525,0,201,608,1.858052731
682,0,219,876,-3.514652458,653.4853475,-0.01270446022,2.362162034,657,2.374866495,0,11,1,2,0,0,222.5146525,222.5146525,0,201,609,1.860520601
683,0,222.5146525,9910,0,9687.485348,0,35.01748001,9687.485348,35.01748001,0.05407157628,202.0540716,0,0,1,0,222.5146525,222.5146525,0,201,610,1.862927437
684,0,222.5146525,177,0,-45.51465246,0,-0.1645224096,-45.51465246,-0.1645224096,6.302930492,6.302930492,1,16,0,0,222.5146525,222.5146525,0,201,611,1.86605382
685,0,222.5146525,191,0,-31.51465246,0,-0.1139164265,-31.51465246,-0.1139164265,3.615948171,3.615948171,1,8,0,0,222.5146525,222.5146525,0,201,612,1.869653463
686,0,222.5146525,209,-2.842170943e-14,-13.51465246,-1.027363249e-16,-0.04885159103,-13.51465246,-0.04885159103,3.179292292,3.179292292,1,3,0,0,222.5146525,222.5146525,0,201,613,1.872570038
687,0,222.5146525,218,-2.842170943e-14,-4.514652458,-1.027363249e-16,-0.0163191733,-4.514652458,-0.0163191733,0.9814461866,0.9814461866,0,0,1,0,222.5146525,222.5146525,0,201,614,1.874991179
688,0,218,1409,-4.514652458,1186.485348,-0.0163191733,4.288804107,1191,4.30512328,0,19,0,0,1,0,222.5146525,222.5146525,0,201,615,1.877893686
689,0,222.5146525,217,0,-5.514652458,0,-0.01993388638,-5.514652458,-0.01993388638,0.08484080705,0.08484080705,0,0,1,0,222.5146525,222.5146525,0,201,616,1.880331993
690,0,217,1544,-5.514652458,1321.485348,-0.01993388638,4.776790373,1327,4.796724259,0,21,0,0,1,0,222.5146525,222.5146525,0,201,617,1.883301735
691,0,222.5146525,10761,0,10538.48535,0,38.09360085,10538.48535,38.09360085,0.06945619166,205.0694562,0,0,1,0,222.5146525,222.5146525,0,201,618,1.885723114
692,0,222.5146525,203,0,-19.51465246,0,-0.07053986952,-19.51465246,-0.07053986952,4.5,4.5,1,7,0,0,222.5146525,222.5146525,0,201,619,1.88872385
693,0,222.5146525,216,0,-6.514652458,0,-0.02354859946,-6.514652458,-0.02354859946,0.8803584403,0.8803584403,0,0,1,0,222.5146525,222.5146525,0,201,620,1.891689539
694,0,216,1407,-6.514652458,1184.485348,-0.02354859946,4.281574681,1191,4.30512328,0,19,0,0,1,0,222.5146525,222.5146525,0,201,621,1.894486666
695,0,222.5146525,8611,0,8388.485348,0,30.32196772,8388.485348,30.32196772,0.1491905143,171.1491905,0,0,1,0,222.5146525,222.5146525,0,201,622,1.896999598
696,0,222.5146525,226,0,3.485347542,0,0.01259853135,3.485347542,0.01259853135,2.738487354,2.738487354,0,0,1,0,222.5146525,222.5146525,0,201,623,1.900142193
697,0,222.5146525,222,0,-0.5146524582,0,-0.001860320973,-0.5146524582,-0.001860320973,0.1286631146,0.1286631146,0,0,1,0,222.5146525,222.5146525,0,201,624,1.902849436
698,0,222,2154,-0.5146524582,1931.485348,-0.001860320973,6.981765353,1932,6.983625674,0,30,0,0,1,0,222.5146525,222.5146525,0,201,625,1.905884743
699,0,222.5146525,9920,0,9697.485348,0,35.05362714,9697.485348,35.05362714,0.01178593416,197.0039286,0,0,1,0,222.5146525,222.5146525,0,201,626,1.9085145
700,0,222.5146525,207,0,-15.51465246,0,-0.0560810172,-15.51465246,-0.0560810172,3.436263825,3.436263825,1,1,0,0,222.5146525,222.5146525,0,201,627,1.911526442
701,0,218,218,-4.514652458,-4.514652458,-0.0163191733,-0.0163191733,0,0,0,0,0,0,1,0,222.5146525,222.5146525,0,201,628,1.914587975
702,0,218,1881,-4.514652458,1658.485348,-0.0163191733,5.994948681,1663,6.011267855,0,26,0,0,1,0,222.5146525,222.5146525,0,201,629,1.916931152
703,0,222.5146525,9191,0,8968.485348,0,32.41850131,8968.485348,32.41850131,0.1389123833,188.8610876,0,0,1,0,222.5146525,222.5146525,0,201,630,1.919421911
704,0,222.5146525,154,0,-68.51465246,0,-0.2476608105,-68.51465246,-0.2476608105,9.32682113,9.32682113,1,21,0,0,222.5146525,222.5146525,0,201,631,1.922575235
705,0,222.5146525,216,-2.842170943e-14,-6.514652458,-1.027363249e-16,-0.02354859946,-6.514652458,-0.02354859946,3.356126046,3.356126046,1,1,0,0,222.5146525,222.5146525,0,201,632,1.926056862
706,0,222,222,-0.5146524582,-0.5146524582,-0.001860320973,-0.001860320973,0,0,0,0,0,0,1,0,222.5146525,222.5146525,0,201,633,1.929376364
707,0,222,881,-0.5146524582,658.4853475,-0.001860320973,2.3802356,659,2.382095921,0,11,0,0,1,0,222.5146525,222.5146525,0,201,634,1.931730986
708,0,222.5146525,223,0,0.4853475418,0,0.001754392108,0.4853475418,0.001754392108,0.1213368854,0.1213368854,0,0,1,0,222.5146525,222.5146525,0,201,635,1.934491396
709,0,222.5146525,1613,0,1390.485348,0,5.026205576,1390.485348,5.026205576,0.1213368854,22.87866311,0,0,1,0,222.5146525,222.5146525,0,201,636,1.936840057
710,0,222.5146525,218,0,-4.514652458,0,-0.0163191733,-4.514652458,-0.0163191733,0.06945619166,0.06945619166,0,0,1,0,222.5146525,222.5146525,0,201,637,1.94012785
711,0,218,1344,-4.514652458,1121.485348,-0.0163191733,4.053847757,1126,4.07016693,0,18,0,0,1,0,222.5146525,222.5146525,0,201,638,1.942803621
712,0,222.5146525,219,0,-3.514652458,0,-0.01270446022,-3.514652458,-0.01270446022,0.05407157628,0.05407157628,0,0,1,0,222.5146525,222.5146525,0,201,639,1.945160389
713,0,219,1276,-3.514652458,1053.485348,-0.01270446022,3.808047267,1057,3.820751727,0,17,0,0,1,0,222.5146525,222.5146525,0,201,640,1.947765827
714,0,222.5146525,9273,0,9050.485348,0,32.71490778,9050.485348,32.71490778,0.06945619166,185.0694562,0,0,1,0,222.5146525,222.5146525,0,201,641,1.950196266
715,0,222.5146525,223,0,0.4853475418,0,0.001754392108,0.4853475418,0.001754392108,0.3640106563,0.3640106563,0,0,1,0,222.5146525,222.5146525,0,201,642,1.95351696
716,0,222.5146525,1683,0,1460.485348,0,5.279235491,1460.485348,5.279235491,0.1213368854,23.87866311,0,0,1,0,222.5146525,222.5146525,0,201,643,1.956719637
717,0,222.5146525,220,0,-2.514652458,0,-0.009089747136,-2.514652458,-0.009089747136,0.0386869609,0.0386869609,0,0,1,0,222.5146525,222.5146525,0,201,644,1.959931612
718,0,220,1545,-2.514652458,1322.485348,-0.009089747136,4.780405086,1325,4.789494833,0,21,0,0,1,0,222.5146525,222.5146525,0,201,645,1.962607145
719,0,222.5146525,219,0,-3.514652458,0,-0.01270446022,-3.514652458,-0.01270446022,0.05407157628,0.05407157628,0,0,1,0,222.5146525,222.5146525,0,201,646,1.964987278
720,0,219,1884,-3.514652458,1661.485348,-0.01270446022,6.005792821,1665,6.018497281,0,26,0,0,1,0,222.5146525,222.5146525,0,201,647,1.967436552
721,0,222.5146525,9359,0,9136.485348,0,33.02577311,9136.485348,33.02577311,0.0386869609,200.038687,0,0,1,0,222.5146525,222.5146525,0,201,648,1.969817638
722,0,222.5146525,217,0,-5.514652458,0,-0.01993388638,-5.514652458,-0.01993388638,1.102930492,1.102930492,0,0,1,0,222.5146525,222.5146525,0,201,649,1.972837687
723,0,217,1475,-5.514652458,1252.485348,-0.01993388638,4.52737517,1258,4.547309057,0,20,1,1,0,0,222.5146525,222.5146525,0,201,650,1.975882292
724,0,222.5146525,9599,0,9376.485348,0,33.89330425,9376.485348,33.89330425,0.08484080705,190.0848408,0,0,1,0,222.5146525,222.5146525,0,201,651,1.978317976
725,0,222.5146525,222,0,-0.5146524582,0,-0.001860320973,-0.5146524582,-0.001860320973,0.1029304916,0.1029304916,0,0,1,0,222.5146525,222.5146525,0,201,652,1.981635094
726,0,222,2154,-0.5146524582,1931.485348,-0.001860320973,6.981765353,1932,6.983625674,0,30,1,1,0,0,222.5146525,222.5146525,0,201,653,1.985019445
727,0,222.5146525,9929,0,9706.485348,0,35.08615956,9706.485348,35.08615956,0.007917730126,191.0079177,0,0,1,0,222.5146525,222.5146525,0,201,654,1.987654924
728,0,222.5146525,221,0,-1.514652458,0,-0.005475034055,-1.514652458,-0.005475034055,0.2524420764,0.2524420764,0,0,1,0,222.5146525,222.5146525,0,201,655,1.990672588
729,0,221,1613,-1.514652458,1390.485348,-0.005475034055,5.026205576,1392,5.03168061,0,22,0,0,1,0,222.5146525,222.5146525,0,201,656,1.993857861
730,0,222.5146525,220,0,-2.514652458,0,-0.009089747136,-2.514652458,-0.009089747136,0.0386869609,0.0386869609,0,0,1,0,222.5146525,222.5146525,0,201,657,1.996288538
731,0,220,1614,-2.514652458,1391.485348,-0.009089747136,5.029820289,1394,5.038910036,0,22,0,0,1,0,222.5146525,222.5146525,0,201,658,1.998881817
732,0,222.5146525,9381,0,9158.485348,0,33.10529679,9158.485348,33.10529679,0.02330234551,190.0233023,0,0,1,0,222.5146525,222.5146525,0,201,659,2.001290798
733,0,222.5146525,221,0,-1.514652458,0,-0.005475034055,-1.514652458,-0.005475034055,0.3786631146,0.3786631146,0,0,1,0,222.5146525,222.5146525,0,201,660,2.0042243
734,0,221,1952,-1.514652458,1729.485348,-0.005475034055,6.25159331,1731,6.257068344,0,27,0,0,1,0,222.5146525,222.5146525,0,201,661,2.00718236
735,0,222.5146525,221,0,-1.514652458,0,-0.005475034055,-1.514652458,-0.005475034055,0.04660469102,0.04660469102,0,0,1,0,222.5146525,222.5146525,0,201,662,2.009542704
736,0,221,1615,-1.514652458,1392.485348,-0.005475034055,5.033435002,1394,5.038910036,0,22,0,0,1,0,222.5146525,222.5146525,0,201,663,2.012146473
737,0,222.5146525,222,0,-0.5146524582,0,-0.001860320973,-0.5146524582,-0.001860320973,0.007917730126,0.007917730126,0,0,1,0,222.5146525,222.5146525,0,201,664,2.014476538
738,0,222,1078,-0.5146524582,855.4853475,-0.001860320973,3.092334077,856,3.094194398,0,14,0,0,1,0,222.5146525,222.5146525,0,201,665,2.016916275
739,0,222.5146525,9229,0,9006.485348,0,32.55586041,9006.485348,32.55586041,0.02330234551,183.0233023,0,0,1,0,222.5146525,222.5146525,0,201,666,2.019295692
740,0,222.5146525,211,-2.842170943e-14,-11.51465246,-1.027363249e-16,-0.04162216487,-11.51465246,-0.04162216487,3.363553187,3.363553187,1,1,0,0,222.5146525,222.5146525,0,201,667,2.022263527
741,0,215,215,-7.514652458,-7.514652458,-0.02716331254,-0.02716331254,0,0,0,0,0,0,1,0,222.5146525,222.5146525,0,201,668,2.025422573
742,0,215,2149,-7.514652458,1926.485348,-0.02716331254,6.963691787,1934,6.9908551,0,30,0,0,1,0,222.5146525,222.5146525,0,201,669,2.027765036
743,0,222.5146525,216,0,-6.514652458,0,-0.02354859946,-6.514652458,-0.02354859946,0.1002254224,0.1002254224,0,0,1,0,222.5146525,222.5146525,0,201,670,2.03021431
744,0,216,1340,-6.514652458,1117.485348,-0.02354859946,4.039388904,1124,4.062937504,0,18,0,0,1,0,222.5146525,222.5146525,0,201,671,2.0327425
745,0,222.5146525,10348,0,10125.48535,0,36.60072434,10125.48535,36.60072434,0.1156100378,203.11561,0,0,1,0,222.5146525,222.5146525,0,201,672,2.035154581
746,0,222.5146525,222,0,-0.5146524582,0,-0.001860320973,-0.5146524582,-0.001860320973,9.351794623,9.351794623,1,5,0,0,222.5146525,222.5146525,0,201,673,2.038586617
747,0,222.5146525,221,0,-1.514652458,0,-0.005475034055,-1.514652458,-0.005475034055,0.8261740681,0.8261740681,0,0,1,0,222.5146525,222.5146525,0,201,674,2.042609692
748,0,221,1481,-1.514652458,1258.485348,-0.005475034055,4.549063449,1260,4.554538483,0,20,0,0,1,0,222.5146525,222.5146525,0,201,675,2.04561758
749,0,222.5146525,222,0,-0.5146524582,0,-0.001860320973,-0.5146524582,-0.001860320973,0.007917730126,0.007917730126,0,0,1,0,222.5146525,222.5146525,0,201,676,2.048032522
750,0,222,1749,-0.5146524582,1526.485348,-0.001860320973,5.517806555,1527,5.519666876,0,24,0,0,1,0,222.5146525,222.5146525,0,201,677,2.050599337
751,0,222.5146525,9830,0,9607.485348,0,34.72830297,9607.485348,34.72830297,0.02330234551,190.0233023,0,0,1,0,222.5146525,222.5146525,0,201,678,2.052977562
752,0,222.5146525,224,0,1.485347542,0,0.00536910519,1.485347542,0.00536910519,1.485347542,1.485347542,0,0,1,0,222.5146525,222.5146525,0,201,679,2.055755138
753,0,222.5146525,1347,0,1124.485348,0,4.064691896,1124.485348,4.064691896,0.2970695084,18.70293049,0,0,1,0,222.5146525,222.5146525,0,201,680,2.058418989
754,0,222.5146525,220,0,-2.514652458,0,-0.009089747136,-2.514652458,-0.009089747136,0.0386869609,0.0386869609,0,0,1,0,222.5146525,222.5146525,0,201,681,2.06148839
755,0,220,1009,-2.514652458,786.4853475,-0.009089747136,2.842918874,789,2.852008621,0,13,0,0,1,0,222.5146525,222.5146525,0,201,682,2.064358711
756,0,222.5146525,219,0,-3.514652458,0,-0.01270446022,-3.514652458,-0.01270446022,0.05407157628,0.05407157628,0,0,1,0,222.5146525,222.5146525,0,201,683,2.066741705
757,0,219,1884,-3.514652458,1661.485348,-0.01270446022,6.005792821,1665,6.018497281,0,26,0,0,1,0,222.5146525,222.5146525,0,201,684,2.069556952
758,0,222.5146525,10511,0,10288.48535,0,37.18992258,10288.48535,37.18992258,0.0386869609,215.038687,0,0,1,0,222.5146525,222.5146525,0,201,685,2.071969271
759,0,222.5146525,222,0,-0.5146524582,0,-0.001860320973,-0.5146524582,-0.001860320973,0.1029304916,0.1029304916,0,0,1,0,222.5146525,222.5146525,0,201,686,2.074953794
760,0,222,945,-0.5146524582,722.4853475,-0.001860320973,2.611577237,723,2.613437558,0,12,1,1,0,0,222.5146525,222.5146525,0,201,687,2.078035593
761,0,222.5146525,222,0,-0.5146524582,0,-0.001860320973,-0.5146524582,-0.001860320973,0.007917730126,0.007917730126,0,0,1,0,222.5146525,222.5146525,0,201,688,2.08045578
762,0,222,2088,-0.5146524582,1865.485348,-0.001860320973,6.743194289,1866,6.74505461,0,29,0,0,1,0,222.5146525,222.5146525,0,201,689,2.083012581
763,0,222.5146525,223,0,0.4853475418,0,0.001754392108,0.4853475418,0.001754392108,0.09706950836,0.09706950836,0,0,1,0,222.5146525,222.5146525,0,201,690,2.085626602
764,0,222.5146525,1067,0,844.4853475,0,3.052572233,844.4853475,3.052572233,0.09706950836,15.90293049,0,0,1,0,222.5146525,222.5146525,0,201,691,2.087968111
765,0,222.5146525,208,0,-14.51465246,0,-0.05246630412,-14.51465246,-0.05246630412,0.2233023455,0.2233023455,0,0,1,0,222.5146525,222.5146525,0,201,692,2.090758324
766,0,208,1198,-14.51465246,975.4853475,-0.05246630412,3.526099647,990,3.578565951,0,16,0,0,1,0,222.5146525,222.5146525,0,201,693,2.093411684
767,0,222.5146525,207,0,-15.51465246,0,-0.0560810172,-15.51465246,-0.0560810172,0.2386869609,0.2386869609,0,0,1,0,222.5146525,222.5146525,0,201,694,2.095736265
768,0,207,1199,-15.51465246,976.4853475,-0.0560810172,3.52971436,992,3.585795377,0,16,0,0,1,0,222.5146525,222.5146525,0,201,695,2.098262787
769,0,222.5146525,9978,0,9755.485348,0,35.2632805,9755.485348,35.2632805,0.2233023455,199.7766977,0,0,1,0,222.5146525,222.5146525,0,201,696,2.100660801
770,0,222.5146525,224,0,1.485347542,0,0.00536910519,1.485347542,0.00536910519,0.2970695084,0.2970695084,0,0,1,0,222.5146525,222.5146525,0,201,697,2.103377104
771,0,222.5146525,2020,0,1797.485348,0,6.4973938,1797.485348,6.4973938,0.2970695084,28.70293049,0,0,1,0,222.5146525,222.5146525,0,201,698,2.106145144
772,0,222.5146525,220,0,-2.514652458,0,-0.009089747136,-2.514652458,-0.009089747136,0.0386869609,0.0386869609,0,0,1,0,222.5146525,222.5146525,0,201,699,2.108996153
773,0,220,1076,-2.514652458,853.4853475,-0.009089747136,3.085104651,856,3.094194398,0,14,0,0,1,0,222.5146525,222.5146525,0,201,700,2.111944914
774,0,222.5146525,219,0,-3.514652458,0,-0.01270446022,-3.514652458,-0.01270446022,0.05407157628,0.05407157628,0,0,1,0,222.5146525,222.5146525,0,201,701,2.114322424
775,0,219,2020,-3.514652458,1797.485348,-0.01270446022,6.4973938,1801,6.51009826,0,28,0,0,1,0,222.5146525,222.5146525,0,201,702,2.116746187
776,0,222.5146525,9314,0,9091.485348,0,32.86311102,9091.485348,32.86311102,0.0386869609,177.038687,0,0,1,0,222.5146525,222.5146525,0,201,703,2.11912775
777,0,222.5146525,225,0,2.485347542,0,0.008983818272,2.485347542,0.008983818272,0.4970695084,0.4970695084,0,0,1,0,222.5146525,222.5146525,0,201,704,2.122024775
778,0,222.5146525,1888,0,1665.485348,0,6.020251673,1665.485348,6.020251673,0.4970695084,26.50293049,0,0,1,0,222.5146525,222.5146525,0,201,705,2.124469042
779,0,222.5146525,221,0,-1.514652458,0,-0.005475034055,-1.514652458,-0.005475034055,0.02330234551,0.02330234551,0,0,1,0,222.5146525,222.5146525,0,201,706,2.127409697
780,0,221,1613,-1.514652458,1390.485348,-0.005475034055,5.026205576,1392,5.03168061,0,22,0,0,1,0,222.5146525,222.5146525,0,201,707,2.130357742
781,0,222.5146525,220,0,-2.514652458,0,-0.009089747136,-2.514652458,-0.009089747136,0.0386869609,0.0386869609,0,0,1,0,222.5146525,222.5146525,0,201,708,2.132727146
782,0,220,1078,-2.514652458,855.4853475,-0.009089747136,3.092334077,858,3.101423824,0,14,0,0,1,0,222.5146525,222.5146525,0,201,709,2.135488033
783,0,222.5146525,10373,0,10150.48535,0,36.69109217,10150.48535,36.69109217,0.02330234551,210.9766977,0,0,1,0,222.5146525,222.5146525,0,201,710,2.137963057
784,0,222.5146525,228,2.842170943e-14,5.485347542,1.027363249e-16,0.01982795752,5.485347542,0.01982795752,1.994671833,1.994671833,0,0,1,0,222.5146525,222.5146525,0,201,711,2.140730381
785,0,222.5146525,218,0,-4.514652458,0,-0.0163191733,-4.514652458,-0.0163191733,0.9029304916,0.9029304916,0,0,1,0,222.5146525,222.5146525,0,201,712,2.143473387
786,0,218,1141,-4.514652458,918.4853475,-0.0163191733,3.320061001,923,3.336380174,0,15,0,0,1,0,222.5146525,222.5146525,0,201,713,2.146403313
787,0,222.5146525,217,0,-5.514652458,0,-0.01993388638,-5.514652458,-0.01993388638,0.08484080705,0.08484080705,0,0,1,0,222.5146525,222.5146525,0,201,714,2.148741007
788,0,217,1008,-5.514652458,785.4853475,-0.01993388638,2.839304161,791,2.859238048,0,13,0,0,1,0,222.5146525,222.5146525,0,201,715,2.151246548
789,0,222.5146525,10258,0,10035.48535,0,36.27540017,10035.48535,36.27540017,0.06945619166,203.0694562,0,0,1,0,222.5146525,222.5146525,0,201,716,2.153669834
790,0,222.5146525,229,0,6.485347542,0,0.0234426706,6.485347542,0.0234426706,4.363736175,4.363736175,1,2,0,0,222.5146525,222.5146525,0,201,717,2.156513929
791,0,222.5146525,232,0,9.485347542,0,0.03428680984,9.485347542,0.03428680984,3.161782514,3.161782514,0,0,1,0,222.5146525,222.5146525,0,201,718,2.159181356
792,0,222.5146525,217,0,-5.514652458,0,-0.01993388638,-5.514652458,-0.01993388638,1.102930492,1.102930492,0,0,1,0,222.5146525,222.5146525,0,201,719,2.161636829
793,0,217,2149,-5.514652458,1926.485348,-0.01993388638,6.963691787,1932,6.983625674,0,30,1,1,0,0,222.5146525,222.5146525,0,201,720,2.164432287
794,0,222.5146525,9702,0,9479.485348,0,34.26561969,9479.485348,34.26561969,0.08484080705,184.0848408,0,0,1,0,222.5146525,222.5146525,0,201,721,2.167028427
795,0,222.5146525,194,0,-28.51465246,0,-0.1030722873,-28.51465246,-0.1030722873,4.402930492,4.402930492,1,9,0,0,222.5146525,222.5146525,0,201,722,2.169857025
796,0,222.5146525,210,0,-12.51465246,0,-0.04523687795,-12.51465246,-0.04523687795,2.51192102,2.51192102,1,5,0,0,222.5146525,222.5146525,0,201,723,2.172899485
797,0,222.5146525,1190,2.842170943e-14,967.4853475,1.027363249e-16,3.497181942,967.4853475,3.497181942,2.5,16.5,0,0,1,0,222.5146525,222.5146525,0,201,724,2.17550683
798,0,222.5146525,223,0,0.4853475418,0,0.001754392108,0.4853475418,0.001754392108,0.06933536311,0.06933536311,0,0,1,0,222.5146525,222.5146525,0,201,725,2.178146601
799,0,222.5146525,874,0,651.4853475,0,2.354932608,651.4853475,2.354932608,0.06933536311,11.93066464,1,1,0,0,222.5146525,222.5146525,0,201,726,2.180495262
800,0,222.5146525,216,0,-6.514652458,0,-0.02354859946,-6.514652458,-0.02354859946,0.1002254224,0.1002254224,0,0,1,0,222.5146525,222.5146525,0,201,727,2.183201075
801,0,216,1541,-6.514652458,1318.485348,-0.02354859946,4.765946234,1325,4.789494833,0,21,1,1,0,0,222.5146525,222.5146525,0,201,728,2.185643196
802,0,222.5146525,10519,0,10296.48535,0,37.21884028,10296.48535,37.21884028,0.1002254224,217.1002254,0,0,1,0,222.5146525,222.5146525,0,201,729,2.188055754
803,0,222.5146525,182,0,-40.51465246,0,-0.1464488442,-40.51465246,-0.1464488442,7.094198582,7.094198582,1,13,0,0,222.5146525,222.5146525,0,201,730,2.191313267
804,0,222.5146525,185,0,-37.51465246,0,-0.135604705,-37.51465246,-0.135604705,3.726606706,3.726606706,1,8,0,0,222.5146525,222.5146525,0,201,731,2.1943717
805,0,222.5146525,1612,0,1389.485348,0,5.022590862,1389.485348,5.022590862,3.726606706,25.27339329,0,0,1,0,222.5146525,222.5146525,0,201,732,2.196847677
806,0,222.5146525,218,0,-4.514652458,0,-0.0163191733,-4.514652458,-0.0163191733,0.4514652458,0.4514652458,0,0,1,0,222.5146525,222.5146525,0,201,733,2.19954443
807,0,218,2017,-4.514652458,1794.485348,-0.0163191733,6.486549661,1799,6.502868834,0,28,1,1,0,0,222.5146525,222.5146525,0,201,734,2.20220542
808,0,222.5146525,10203,0,9980.485348,0,36.07659095,9980.485348,36.07659095,0.06945619166,207.0694562,0,0,1,0,222.5146525,222.5146525,0,201,735,2.204734325
809,0,222.5146525,220,0,-2.514652458,0,-0.009089747136,-2.514652458,-0.009089747136,0.419108743,0.419108743,0,0,1,0,222.5146525,222.5146525,0,201,736,2.207737446
810,0,220,1277,-2.514652458,1054.485348,-0.009089747136,3.81166198,1057,3.820751727,0,17,1,1,0,0,222.5146525,222.5146525,0,201,737,2.210657597
811,0,222.5146525,9611,0,9388.485348,0,33.9366808,9388.485348,33.9366808,0.0386869609,186.961313,0,0,1,0,222.5146525,222.5146525,0,201,738,2.213101625
812,0,222.5146525,221,0,-1.514652458,0,-0.005475034055,-1.514652458,-0.005475034055,0.3029304916,0.3029304916,0,0,1,0,222.5146525,222.5146525,0,201,739,2.215874195
813,0,221,1680,-1.514652458,1457.485348,-0.005475034055,5.268391352,1459,5.273866386,0,23,1,1,0,0,222.5146525,222.5146525,0,201,740,2.21881032
814,0,222.5146525,9609,0,9386.485348,0,33.92945138,9386.485348,33.92945138,0.02330234551,197.0233023,0,0,1,0,222.5146525,222.5146525,0,201,741,2.221265554
815,0,222.5146525,223,0,0.4853475418,0,0.001754392108,0.4853475418,0.001754392108,0.09706950836,0.09706950836,0,0,1,0,222.5146525,222.5146525,0,201,742,2.224263191
816,0,222.5146525,2017,0,1794.485348,0,6.486549661,1794.485348,6.486549661,0.09706950836,28.90293049,1,2,0,0,222.5146525,222.5146525,0,201,743,2.226860046
817,0,222.5146525,218,0,-4.514652458,0,-0.0163191733,-4.514652458,-0.0163191733,0.06945619166,0.06945619166,0,0,1,0,222.5146525,222.5146525,0,201,744,2.229811192
818,0,218,1208,-4.514652458,985.4853475,-0.0163191733,3.562246777,990,3.578565951,0,16,1,3,0,0,222.5146525,222.5146525,0,201,745,2.232591867
819,0,222.5146525,10730,0,10507.48535,0,37.98154474,10507.48535,37.98154474,0.06945619166,209.0694562,0,0,1,0,222.5146525,222.5146525,0,201,746,2.235033512
820,0,222.5146525,220,0,-2.514652458,0,-0.009089747136,-2.514652458,-0.009089747136,0.3592360655,0.3592360655,0,0,1,0,222.5146525,222.5146525,0,201,747,2.237853765
821,0,220,1815,-2.514652458,1592.485348,-0.009089747136,5.756377618,1595,5.765467365,0,25,1,2,0,0,222.5146525,222.5146525,0,201,748,2.240783691
822,0,222.5146525,9016,0,8793.485348,0,31.78592652,8793.485348,31.78592652,0.0386869609,178.961313,0,0,1,0,222.5146525,222.5146525,0,201,749,2.243227243
823,0,222.5146525,221,0,-1.514652458,0,-0.005475034055,-1.514652458,-0.005475034055,0.2524420764,0.2524420764,0,0,1,0,222.5146525,222.5146525,0,201,750,2.245986938
824,0,221,1680,-1.514652458,1457.485348,-0.005475034055,5.268391352,1459,5.273866386,0,23,1,1,0,0,222.5146525,222.5146525,0,201,751,2.248934269
825,0,222.5146525,10233,0,10010.48535,0,36.18503234,10010.48535,36.18503234,0.02330234551,205.0233023,0,0,1,0,222.5146525,222.5146525,0,201,752,2.251355648
826,0,222.5146525,219,0,-3.514652458,0,-0.01270446022,-3.514652458,-0.01270446022,1.278055439,1.278055439,0,0,1,0,222.5146525,222.5146525,0,201,753,2.254206419
827,0,219,1748,-3.514652458,1525.485348,-0.01270446022,5.514191842,1529,5.526896302,0,24,0,0,1,0,222.5146525,222.5146525,0,201,754,2.257154703
828,0,222.5146525,220,0,-2.514652458,0,-0.009089747136,-2.514652458,-0.009089747136,0.0386869609,0.0386869609,0,0,1,0,222.5146525,222.5146525,0,201,755,2.259563684
829,0,220,877,-2.514652458,654.4853475,-0.009089747136,2.365776747,657,2.374866495,0,11,0,0,1,0,222.5146525,222.5146525,0,201,756,2.26237464
830,0,222.5146525,9437,0,9214.485348,0,33.30772073,9214.485348,33.30772073,0.05407157628,196.0540716,0,0,1,0,222.5146525,222.5146525,0,201,757,2.264818192
831,0,222.5146525,226,-2.842170943e-14,3.485347542,-1.027363249e-16,0.01259853135,3.485347542,0.01259853135,0.8713368854,0.8713368854,0,0,1,0,222.5146525,222.5146525,0,201,758,2.268173695
832,0,222.5146525,1478,0,1255.485348,0,4.53821931,1255.485348,4.53821931,0.8713368854,21.12866311,1,1,0,0,222.5146525,222.5146525,0,201,759,2.270807505
833,0,222.5146525,218,0,-4.514652458,0,-0.0163191733,-4.514652458,-0.0163191733,0.06945619166,0.06945619166,0,0,1,0,222.5146525,222.5146525,0,201,760,2.273924351
834,0,218,2017,-4.514652458,1794.485348,-0.0163191733,6.486549661,1799,6.502868834,0,28,1,1,0,0,222.5146525,222.5146525,0,201,761,2.276529551
835,0,222.5146525,10739,0,10516.48535,0,38.01407716,10516.48535,38.01407716,0.06945619166,200.0694562,0,0,1,0,222.5146525,222.5146525,0,201,762,2.27900815
836,0,222.5146525,222,-2.842170943e-14,-0.5146524582,-1.027363249e-16,-0.001860320973,-0.5146524582,-0.001860320973,0.2058609833,0.2058609833,0,0,1,0,222.5146525,222.5146525,0,201,763,2.281907558
837,0,222,2086,-0.5146524582,1863.485348,-0.001860320973,6.735964863,1864,6.737825184,0,29,1,1,0,0,222.5146525,222.5146525,0,201,764,2.284840584
838,0,222.5146525,10267,0,10044.48535,0,36.30793258,10044.48535,36.30793258,0.007917730126,202.0079177,0,0,1,0,222.5146525,222.5146525,0,201,765,2.287259579
839,0,222.5146525,222,0,-0.5146524582,0,-0.001860320973,-0.5146524582,-0.001860320973,0.0857754097,0.0857754097,0,0,1,0,222.5146525,222.5146525,0,201,766,2.290021181
840,0,222,1749,-0.5146524582,1526.485348,-0.001860320973,5.517806555,1527,5.519666876,0,24,1,1,0,0,222.5146525,222.5146525,0,201,767,2.292871952
841,0,222.5146525,9063,0,8840.485348,0,31.95581803,8840.485348,31.95581803,0.007917730126,187.0079177,0,0,1,0,222.5146525,222.5146525,0,201,768,2.295380116
842,0,222.5146525,232,2.842170943e-14,9.485347542,1.027363249e-16,0.03428680984,9.485347542,0.03428680984,4.336158876,4.336158876,0,0,1,0,222.5146525,222.5146525,0,201,769,2.298934698
843,0,222.5146525,228,-2.842170943e-14,5.485347542,-1.027363249e-16,0.01982795752,5.485347542,0.01982795752,1.52370765,1.52370765,0,0,1,0,222.5146525,222.5146525,0,201,770,2.302171946
844,0,222.5146525,1072,-2.842170943e-14,849.4853475,-1.027363249e-16,3.070645798,849.4853475,3.070645798,1.52370765,16.47629235,0,0,1,0,222.5146525,222.5146525,0,201,771,2.304548502
845,0,222.5146525,210,0,-12.51465246,0,-0.04523687795,-12.51465246,-0.04523687795,0.1896159463,0.1896159463,0,0,1,0,222.5146525,222.5146525,0,201,772,2.307915926
846,0,210,1336,-12.51465246,1113.485348,-0.04523687795,4.024930052,1126,4.07016693,0,18,0,0,1,0,222.5146525,222.5146525,0,201,773,2.310738087
847,0,222.5146525,211,0,-11.51465246,0,-0.04162216487,-11.51465246,-0.04162216487,0.1771484994,0.1771484994,0,0,1,0,222.5146525,222.5146525,0,201,774,2.313233376
848,0,211,1469,-11.51465246,1246.485348,-0.04162216487,4.505686892,1258,4.547309057,0,20,0,0,1,0,222.5146525,222.5146525,0,201,775,2.315943241
849,0,222.5146525,9915,0,9692.485348,0,35.03555358,9692.485348,35.03555358,0.1925331147,196.1925331,0,0,1,0,222.5146525,222.5146525,0,201,776,2.318384886
850,0,222.5146525,216,0,-6.514652458,0,-0.02354859946,-6.514652458,-0.02354859946,2.435940906,2.435940906,1,1,0,0,222.5146525,222.5146525,0,201,777,2.321391821
851,0,222.5146525,221,0,-1.514652458,0,-0.005475034055,-1.514652458,-0.005475034055,0.05609823919,0.05609823919,0,0,1,0,222.5146525,222.5146525,0,201,778,2.324280977
852,0,221,1146,-1.514652458,923.4853475,-0.005475034055,3.338134566,925,3.3436096,0,15,0,0,1,0,222.5146525,222.5146525,0,201,779,2.326973915
853,0,222.5146525,222,0,-0.5146524582,0,-0.001860320973,-0.5146524582,-0.001860320973,0.007917730126,0.007917730126,0,0,1,0,222.5146525,222.5146525,0,201,780,2.329358816
854,0,222,2021,-0.5146524582,1798.485348,-0.001860320973,6.501008513,1799,6.502868834,0,28,0,0,1,0,222.5146525,222.5146525,0,201,781,2.331862688
855,0,222.5146525,10061,0,9838.485348,0,35.56330169,9838.485348,35.56330169,0.02330234551,202.0233023,0,0,1,0,222.5146525,222.5146525,0,201,782,2.334326744
856,0,222.5146525,224,0,1.485347542,0,0.00536910519,1.485347542,0.00536910519,1.732905465,1.732905465,0,0,1,0,222.5146525,222.5146525,0,201,783,2.337167025
857,0,222.5146525,1615,0,1392.485348,0,5.033435002,1392.485348,5.033435002,0.2970695084,22.70293049,0,0,1,0,222.5146525,222.5146525,0,201,784,2.340001583
858,0,222.5146525,220,0,-2.514652458,0,-0.009089747136,-2.514652458,-0.009089747136,0.0386869609,0.0386869609,0,0,1,0,222.5146525,222.5146525,0,201,785,2.342985392
859,0,220,1478,-2.514652458,1255.485348,-0.009089747136,4.53821931,1258,4.547309057,0,20,0,0,1,0,222.5146525,222.5146525,0,201,786,2.345726252
860,0,222.5146525,219,0,-3.514652458,0,-0.01270446022,-3.514652458,-0.01270446022,0.05407157628,0.05407157628,0,0,1,0,222.5146525,222.5146525,0,201,787,2.348081112
861,0,219,1748,-3.514652458,1525.485348,-0.01270446022,5.514191842,1529,5.526896302,0,24,0,0,1,0,222.5146525,222.5146525,0,201,788,2.350585938
862,0,222.5146525,9930,0,9707.485348,0,35.08977428,9707.485348,35.08977428,0.0386869609,191.961313,0,0,1,0,222.5146525,222.5146525,0,201,789,2.352989912
863,0,222.5146525,222,0,-0.5146524582,0,-0.001860320973,-0.5146524582,-0.001860320973,0.0857754097,0.0857754097,0,0,1,0,222.5146525,222.5146525,0,201,790,2.355769634
864,0,222,1078,-0.5146524582,855.4853475,-0.001860320973,3.092334077,856,3.094194398,0,14,0,0,1,0,222.5146525,222.5146525,0,201,791,2.358795166
865,0,222.5146525,9552,0,9329.485348,0,33.72341273,9329.485348,33.72341273,0.01583546025,198.0158355,0,0,1,0,222.5146525,222.5146525,0,201,792,2.36129117
866,0,222.5146525,217,0,-5.514652458,0,-0.01993388638,-5.514652458,-0.01993388638,3.216880601,3.216880601,0,0,1,0,222.5146525,222.5146525,0,201,793,2.364287376
867,0,217,1744,-5.514652458,1521.485348,-0.01993388638,5.499732989,1527,5.519666876,0,24,0,0,1,0,222.5146525,222.5146525,0,201,794,2.367401838
868,0,222.5146525,9505,0,9282.485348,0,33.55352122,9282.485348,33.55352122,0.1696816141,191,0,0,1,0,222.5146525,222.5146525,0,201,795,2.369894981
869,0,222.5146525,219,2.842170943e-14,-3.514652458,1.027363249e-16,-0.01270446022,-3.514652458,-0.01270446022,1.757326229,1.757326229,0,0,1,0,222.5146525,222.5146525,0,201,796,2.372734308
870,0,219,944,-3.514652458,721.4853475,-0.01270446022,2.607962524,725,2.620666984,0,12,0,0,1,0,222.5146525,222.5146525,0,201,797,2.375750542
871,0,222.5146525,220,0,-2.514652458,0,-0.009089747136,-2.514652458,-0.009089747136,0.0386869609,0.0386869609,0,0,1,0,222.5146525,222.5146525,0,201,798,2.378148079
872,0,220,1951,-2.514652458,1728.485348,-0.009089747136,6.247978597,1731,6.257068344,0,27,0,0,1,0,222.5146525,222.5146525,0,201,799,2.38057518
873,0,222.5146525,10196,0,9973.485348,0,36.05128795,9973.485348,36.05128795,0.05407157628,203.9459284,0,0,1,0,222.5146525,222.5146525,0,201,800,2.382956028
874,0,222.5146525,204,-2.842170943e-14,-18.51465246,-1.027363249e-16,-0.06692515644,-18.51465246,-0.06692515644,6.124810236,6.124810236,1,6,0,0,222.5146525,222.5146525,0,201,801,2.386260033
875,0,222.5146525,219,0,-3.514652458,0,-0.01270446022,-3.514652458,-0.01270446022,0.1264263474,0.1264263474,0,0,1,0,222.5146525,222.5146525,0,201,802,2.389861584
876,0,219,1613,-3.514652458,1390.485348,-0.01270446022,5.026205576,1394,5.038910036,0,22,0,0,1,0,222.5146525,222.5146525,0,201,803,2.392895699
877,0,222.5146525,220,0,-2.514652458,0,-0.009089747136,-2.514652458,-0.009089747136,0.0386869609,0.0386869609,0,0,1,0,222.5146525,222.5146525,0,201,804,2.39528203
878,0,220,877,-2.514652458,654.4853475,-0.009089747136,2.365776747,657,2.374866495,0,11,0,0,1,0,222.5146525,222.5146525,0,201,805,2.397716522
879,0,222.5146525,9813,0,9590.485348,0,34.66685284,9590.485348,34.66685284,0.05407157628,193.0540716,0,0,1,0,222.5146525,222.5146525,0,201,806,2.400105476
880,0,222.5146525,161,0,-61.51465246,0,-0.222357819,-61.51465246,-0.222357819,7.402930492,7.402930492,1,20,0,0,222.5146525,222.5146525,0,201,807,2.40302372
881,0,222.5146525,167,2.842170943e-14,-55.51465246,1.027363249e-16,-0.2006695405,-55.51465246,-0.2006695405,6.242649225,6.242649225,1,17,0,0,222.5146525,222.5146525,0,201,808,2.406628132
882,0,222.5146525,201,-2.842170943e-14,-21.51465246,-1.027363249e-16,-0.07776929569,-21.51465246,-0.07776929569,5.156568984,5.156568984,1,4,0,0,222.5146525,222.5146525,0,201,809,2.409615278
883,0,222.5146525,215,0,-7.514652458,0,-0.02716331254,-7.514652458,-0.02716331254,1.07352178,1.07352178,0,0,1,0,222.5146525,222.5146525,0,201,810,2.412562132
884,0,215,1408,-7.514652458,1185.485348,-0.02716331254,4.285189394,1193,4.312352706,0,19,0,0,1,0,222.5146525,222.5146525,0,201,811,2.415281534
885,0,222.5146525,216,0,-6.514652458,0,-0.02354859946,-6.514652458,-0.02354859946,0.1002254224,0.1002254224,0,0,1,0,222.5146525,222.5146525,0,201,812,2.417606115
886,0,216,1811,-6.514652458,1588.485348,-0.02354859946,5.741918766,1595,5.765467365,0,25,0,0,1,0,222.5146525,222.5146525,0,201,813,2.42002964
887,0,222.5146525,9513,0,9290.485348,0,33.58243892,9290.485348,33.58243892,0.1156100378,181.11561,0,0,1,0,222.5146525,222.5146525,0,201,814,2.42242384
888,0,222.5146525,222,0,-0.5146524582,0,-0.001860320973,-0.5146524582,-0.001860320973,0.1029304916,0.1029304916,0,0,1,0,222.5146525,222.5146525,0,201,815,2.425355673
889,0,222,1415,-0.5146524582,1192.485348,-0.001860320973,4.310492385,1193,4.312352706,0,19,0,0,1,0,222.5146525,222.5146525,0,201,816,2.428586245
890,0,222.5146525,223,0,0.4853475418,0,0.001754392108,0.4853475418,0.001754392108,0.08089125696,0.08089125696,0,0,1,0,222.5146525,222.5146525,0,201,817,2.431102514
891,0,222.5146525,1879,0,1656.485348,0,5.987719255,1656.485348,5.987719255,0.08089125696,26.91910874,0,0,1,0,222.5146525,222.5146525,0,201,818,2.433440924
892,0,222.5146525,217,0,-5.514652458,0,-0.01993388638,-5.514652458,-0.01993388638,0.1696816141,0.1696816141,0,0,1,0,222.5146525,222.5146525,0,201,819,2.436217546
893,0,217,1948,-5.514652458,1725.485348,-0.01993388638,6.237134458,1731,6.257068344,0,27,0,0,1,0,222.5146525,222.5146525,0,201,820,2.439379454
894,0,222.5146525,9360,0,9137.485348,0,33.02938782,9137.485348,33.02938782,0.1696816141,180,0,0,1,0,222.5146525,222.5146525,0,201,821,2.441844225
895,0,222.5146525,202,0,-20.51465246,0,-0.07415458261,-20.51465246,-0.07415458261,5.627015755,5.627015755,1,5,0,0,222.5146525,222.5146525,0,201,822,2.444803953
896,0,222.5146525,212,0,-10.51465246,0,-0.03800745179,-10.51465246,-0.03800745179,1.375732623,1.375732623,1,1,0,0,222.5146525,222.5146525,0,201,823,2.447710514
897,0,222.5146525,215,-2.842170943e-14,-7.514652458,-1.027363249e-16,-0.02716331254,-7.514652458,-0.02716331254,0.1977540121,0.1977540121,0,0,1,0,222.5146525,222.5146525,0,201,824,2.450526237
898,0,215,1071,-7.514652458,848.4853475,-0.02716331254,3.067031085,856,3.094194398,0,14,1,1,0,0,222.5146525,222.5146525,0,201,825,2.453080893
899,0,222.5146525,10532,0,10309.48535,0,37.26583155,10309.48535,37.26583155,0.1156100378,205.88439,0,0,1,0,222.5146525,222.5146525,0,201,826,2.455505133
900,0,222.5146525,224,0,1.485347542,0,0.00536910519,1.485347542,0.00536910519,0.2475579236,0.2475579236,0,0,1,0,222.5146525,222.5146525,0,201,827,2.458269119
901,0,222.5146525,1344,0,1121.485348,0,4.053847757,1121.485348,4.053847757,0.2475579236,18.75244208,1,1,0,0,222.5146525,222.5146525,0,201,828,2.46074152
902,0,222.5146525,218,0,-4.514652458,0,-0.0163191733,-4.514652458,-0.0163191733,0.06945619166,0.06945619166,0,0,1,0,222.5146525,222.5146525,0,201,829,2.463545084
903,0,218,809,-4.514652458,586.4853475,-0.0163191733,2.119976258,591,2.136295431,0,10,1,1,0,0,222.5146525,222.5146525,0,201,830,2.466141462
904,0,222.5146525,10701,0,10478.48535,0,37.87671806,10478.48535,37.87671806,0.06945619166,200.9305438,0,0,1,0,222.5146525,222.5146525,0,201,831,2.46856904
905,0,222.5146525,224,0,1.485347542,0,0.00536910519,1.485347542,0.00536910519,0.2970695084,0.2970695084,0,0,1,0,222.5146525,222.5146525,0,201,832,2.471346855
906,0,222.5146525,943,0,720.4853475,0,2.604347811,720.4853475,2.604347811,0.2970695084,12.70293049,1,1,0,0,222.5146525,222.5146525,0,201,833,2.473781586
907,0,222.5146525,219,0,-3.514652458,0,-0.01270446022,-3.514652458,-0.01270446022,0.05407157628,0.05407157628,0,0,1,0,222.5146525,222.5146525,0,201,834,2.47653532
908,0,219,1814,-3.514652458,1591.485348,-0.01270446022,5.752762905,1595,5.765467365,0,25,1,1,0,0,222.5146525,222.5146525,0,201,835,2.47910428
909,0,222.5146525,10459,0,10236.48535,0,37.0019575,10236.48535,37.0019575,0.05407157628,195.0540716,0,0,1,0,222.5146525,222.5146525,0,201,836,2.481528759
910,0,222.5146525,227,0,4.485347542,0,0.01621324443,4.485347542,0.01621324443,0.9280029397,0.9280029397,0,0,1,0,222.5146525,222.5146525,0,201,837,2.484499454
911,0,222.5146525,1066,0,843.4853475,0,3.04895752,843.4853475,3.04895752,0.9280029397,18.07199706,0,0,1,0,222.5146525,222.5146525,0,201,838,2.487210274
912,0,222.5146525,198,0,-24.51465246,0,-0.08861343493,-24.51465246,-0.08861343493,0.3714341282,0.3714341282,0,0,1,1,222.5146525,222.5146525,0,198,0,2.490091562
913,0,198,1793,-24.51465246,1570.485348,-0.08861343493,5.67685393,1595,5.765467365,0,25,1,1,0,0,222.5146525,222.5146525,0,198,1,2.49252224
914,0,222.5146525,10628,0,10405.48535,0,37.61284401,10405.48535,37.61284401,0.3771484994,217.3771485,0,0,1,0,222.5146525,222.5146525,0,198,2,2.494923592
915,0,222.5146525,226,0,3.485347542,0,0.01259853135,3.485347542,0.01259853135,7.438217486,7.438217486,1,3,0,0,222.5146525,222.5146525,0,198,3,2.498136759
916,0,222.5146525,223,0,0.4853475418,0,0.001754392108,0.4853475418,0.001754392108,0.09706950836,0.09706950836,0,0,1,0,222.5146525,222.5146525,0,198,4,2.501853943
917,0,222.5146525,2084,0,1861.485348,0,6.728735437,1861.485348,6.728735437,0.09706950836,29.90293049,0,0,1,0,222.5146525,222.5146525,0,198,5,2.504454851
918,0,222.5146525,219,0,-3.514652458,0,-0.01270446022,-3.514652458,-0.01270446022,0.05407157628,0.05407157628,0,0,1,0,222.5146525,222.5146525,0,198,6,2.507529259
919,0,219,1746,-3.514652458,1523.485348,-0.01270446022,5.506962415,1527,5.519666876,0,24,0,0,1,0,222.5146525,222.5146525,0,198,7,2.510253429
920,0,222.5146525,218,0,-4.514652458,0,-0.0163191733,-4.514652458,-0.0163191733,0.06945619166,0.06945619166,0,0,1,0,222.5146525,222.5146525,0,198,8,2.512591124
921,0,218,1545,-4.514652458,1322.485348,-0.0163191733,4.780405086,1327,4.796724259,0,21,0,0,1,0,222.5146525,222.5146525,0,198,9,2.51512742
922,0,222.5146525,10524,0,10301.48535,0,37.23691385,10301.48535,37.23691385,0.05407157628,195.0540716,0,0,1,0,222.5146525,222.5146525,0,198,10,2.517528772
923,0,222.5146525,220,0,-2.514652458,0,-0.009089747136,-2.514652458,-0.009089747136,2.807525485,2.807525485,1,1,0,0,222.5146525,222.5146525,0,198,11,2.520684004
924,0,222.5146525,225,0,2.485347542,0,0.008983818272,2.485347542,0.008983818272,0.5325744732,0.5325744732,0,0,1,0,222.5146525,222.5146525,0,198,12,2.523431301
925,0,222.5146525,1071,0,848.4853475,0,3.067031085,848.4853475,3.067031085,0.5325744732,16.46742553,0,0,1,0,222.5146525,222.5146525,0,198,13,2.52579093
926,0,222.5146525,211,0,-11.51465246,0,-0.04162216487,-11.51465246,-0.04162216487,0.3542969987,0.3542969987,0,0,1,0,222.5146525,222.5146525,0,198,14,2.52874136
927,0,211,1335,-11.51465246,1112.485348,-0.04162216487,4.021315339,1124,4.062937504,0,18,0,0,1,0,222.5146525,222.5146525,0,198,15,2.531380415
928,0,222.5146525,9921,0,9698.485348,0,35.05724186,9698.485348,35.05724186,0.3542969987,186.354297,0,0,1,0,222.5146525,222.5146525,0,198,16,2.533794165
929,0,222.5146525,221,0,-1.514652458,0,-0.005475034055,-1.514652458,-0.005475034055,0.2163789226,0.2163789226,0,0,1,0,222.5146525,222.5146525,0,198,17,2.536695957
930,0,221,1952,-1.514652458,1729.485348,-0.005475034055,6.25159331,1731,6.257068344,0,27,0,0,1,0,222.5146525,222.5146525,0,198,18,2.539579868
931,0,222.5146525,10160,-2.842170943e-14,9937.485348,-1.027363249e-16,35.92115828,9937.485348,35.92115828,0.04660469102,201.0466047,0,0,1,0,222.5146525,222.5146525,0,198,19,2.542014599
932,0,222.5146525,218,0,-4.514652458,0,-0.0163191733,-4.514652458,-0.0163191733,2.390110125,2.390110125,0,0,1,0,222.5146525,222.5146525,0,198,20,2.545050383
933,0,218,2150,-4.514652458,1927.485348,-0.0163191733,6.9673065,1932,6.983625674,0,30,0,0,1,0,222.5146525,222.5146525,0,198,21,2.548302889
934,0,222.5146525,11335,-2.842170943e-14,11112.48535,-1.027363249e-16,40.16844615,11112.48535,40.16844615,0.1410828893,220,0,0,1,0,222.5146525,222.5146525,0,198,22,2.550769806
935,0,222.5146525,217,2.842170943e-14,-5.514652458,1.027363249e-16,-0.01993388638,-5.514652458,-0.01993388638,0.787807494,0.787807494,0,0,1,0,222.5146525,222.5146525,0,198,23,2.553512096
936,0,217,1408,-5.514652458,1185.485348,-0.01993388638,4.285189394,1191,4.30512328,0,19,1,1,0,0,222.5146525,222.5146525,0,198,24,2.556596756
937,0,222.5146525,9623,0,9400.485348,0,33.98005736,9400.485348,33.98005736,0.08484080705,185.0848408,0,0,1,0,222.5146525,222.5146525,0,198,25,2.559071779
938,0,222.5146525,220,0,-2.514652458,0,-0.009089747136,-2.514652458,-0.009089747136,0.3143315573,0.3143315573,0,0,1,0,222.5146525,222.5146525,0,198,26,2.561683655
939,0,220,2084,-2.514652458,1861.485348,-0.009089747136,6.728735437,1864,6.737825184,0,29,1,1,0,0,222.5146525,222.5146525,0,198,27,2.564500809
940,0,222.5146525,10886,0,10663.48535,0,38.54543998,10663.48535,38.54543998,0.0386869609,211.961313,0,0,1,0,222.5146525,222.5146525,0,198,28,2.566908121
941,0,222.5146525,187,0,-35.51465246,0,-0.1283752788,-35.51465246,-0.1283752788,4.997069508,4.997069508,1,12,0,0,222.5146525,222.5146525,0,198,29,2.57009387
942,0,222.5146525,201,0,-21.51465246,0,-0.07776929569,-21.51465246,-0.07776929569,4.045604263,4.045604263,1,9,0,0,222.5146525,222.5146525,0,198,30,2.572998524
943,0,222.5146525,220,0,-2.514652458,0,-0.009089747136,-2.514652458,-0.009089747136,1.676434972,1.676434972,0,0,1,0,222.5146525,222.5146525,0,198,31,2.575664997
944,0,220,1344,-2.514652458,1121.485348,-0.009089747136,4.053847757,1124,4.062937504,0,18,1,2,0,0,222.5146525,222.5146525,0,198,32,2.578759432
945,0,222.5146525,9521,0,9298.485348,0,33.61135662,9298.485348,33.61135662,0.0386869609,197.038687,0,0,1,0,222.5146525,222.5146525,0,198,33,2.581231117
946,0,222.5146525,185,0,-37.51465246,0,-0.135604705,-37.51465246,-0.135604705,5.197069508,5.197069508,1,10,0,0,222.5146525,222.5146525,0,198,34,2.585137606
947,0,222.5146525,213,-2.842170943e-14,-9.514652458,-1.027363249e-16,-0.03439273871,-9.514652458,-0.03439273871,1.009129806,1.009129806,0,0,1,0,222.5146525,222.5146525,0,198,35,2.588835955
948,0,213,1203,-9.514652458,980.4853475,-0.03439273871,3.544173212,990,3.578565951,0,16,0,0,1,0,222.5146525,222.5146525,0,198,36,2.591667652
949,0,222.5146525,212,0,-10.51465246,0,-0.03800745179,-10.51465246,-0.03800745179,0.161763884,0.161763884,0,0,1,0,222.5146525,222.5146525,0,198,37,2.5940516
950,0,212,1137,-10.51465246,914.4853475,-0.03800745179,3.305602149,925,3.3436096,0,15,0,0,1,0,222.5146525,222.5146525,0,198,38,2.596812248
951,0,222.5146525,10808,0,10585.48535,0,38.26349236,10585.48535,38.26349236,0.1463792686,207.8536207,0,0,1,0,222.5146525,222.5146525,0,198,39,2.599341393
952,0,222.5146525,222,0,-0.5146524582,0,-0.001860320973,-0.5146524582,-0.001860320973,0.0857754097,0.0857754097,0,0,1,0,222.5146525,222.5146525,0,198,40,2.602203131
953,0,222,879,-0.5146524582,656.4853475,-0.001860320973,2.373006174,657,2.374866495,0,11,0,0,1,0,222.5146525,222.5146525,0,198,41,2.605455875
954,0,222.5146525,221,0,-1.514652458,0,-0.005475034055,-1.514652458,-0.005475034055,0.02330234551,0.02330234551,0,0,1,0,222.5146525,222.5146525,0,198,42,2.60782814
955,0,221,880,-1.514652458,657.4853475,-0.005475034055,2.376620887,659,2.382095921,0,11,0,0,1,0,222.5146525,222.5146525,0,198,43,2.610446215
956,0,222.5146525,10097,0,9874.485348,0,35.69343136,9874.485348,35.69343136,0.007917730126,206.9920823,0,0,1,0,222.5146525,222.5146525,0,198,44,2.61286974
957,0,222.5146525,221,0,-1.514652458,0,-0.005475034055,-1.514652458,-0.005475034055,0.3029304916,0.3029304916,0,0,1,0,222.5146525,222.5146525,0,198,45,2.615794659
958,0,221,1278,-1.514652458,1055.485348,-0.005475034055,3.815276693,1057,3.820751727,0,17,0,0,1,0,222.5146525,222.5146525,0,198,46,2.61900568
959,0,222.5146525,220,0,-2.514652458,0,-0.009089747136,-2.514652458,-0.009089747136,0.0386869609,0.0386869609,0,0,1,0,222.5146525,222.5146525,0,198,47,2.621569395
960,0,220,813,-2.514652458,590.4853475,-0.009089747136,2.13443511,593,2.143524857,0,10,0,0,1,0,222.5146525,222.5146525,0,198,48,2.62404561
961,0,222.5146525,9303,0,9080.485348,0,32.82334917,9080.485348,32.82334917,0.02330234551,200.0233023,0,0,1,0,222.5146525,222.5146525,0,198,49,2.626436472
962,0,222.5146525,223,0,0.4853475418,0,0.001754392108,0.4853475418,0.001754392108,0.09706950836,0.09706950836,0,0,1,0,222.5146525,222.5146525,0,198,50,2.629434586
963,0,222.5146525,744,0,521.4853475,0,1.885019908,521.4853475,1.885019908,0.09706950836,9.902930492,1,2,0,0,222.5146525,222.5146525,0,198,51,2.632153034
964,0,222.5146525,218,0,-4.514652458,0,-0.0163191733,-4.514652458,-0.0163191733,0.06945619166,0.06945619166,0,0,1,0,222.5146525,222.5146525,0,198,52,2.635444641
965,0,218,2150,-4.514652458,1927.485348,-0.0163191733,6.9673065,1932,6.983625674,0,30,1,1,0,0,222.5146525,222.5146525,0,198,53,2.638412237
966,0,222.5146525,9861,0,9638.485348,0,34.84035907,9638.485348,34.84035907,0.06945619166,204.9305438,0,0,1,0,222.5146525,222.5146525,0,198,54,2.641051531
967,0,222.5146525,225,0,2.485347542,0,0.008983818272,2.485347542,0.008983818272,2.485347542,2.485347542,0,0,1,0,222.5146525,222.5146525,0,198,55,2.643873453
968,0,222.5146525,1480,0,1257.485348,0,4.545448736,1257.485348,4.545448736,0.4970695084,20.50293049,0,0,1,0,222.5146525,222.5146525,0,198,56,2.6464324
969,0,222.5146525,219,0,-3.514652458,0,-0.01270446022,-3.514652458,-0.01270446022,0.05407157628,0.05407157628,0,0,1,0,222.5146525,222.5146525,0,198,57,2.649330616
970,0,219,1211,-3.514652458,988.4853475,-0.01270446022,3.573090917,992,3.585795377,0,16,0,0,1,0,222.5146525,222.5146525,0,198,58,2.652007341
971,0,222.5146525,220,0,-2.514652458,0,-0.009089747136,-2.514652458,-0.009089747136,0.0386869609,0.0386869609,0,0,1,0,222.5146525,222.5146525,0,198,59,2.654366016
972,0,220,2019,-2.514652458,1796.485348,-0.009089747136,6.493779087,1799,6.502868834,0,28,0,0,1,0,222.5146525,222.5146525,0,198,60,2.656811476
973,0,222.5146525,9102,0,8879.485348,0,32.09679184,8879.485348,32.09679184,0.05407157628,177.0540716,0,0,1,0,222.5146525,222.5146525,0,198,61,2.659224749
974,0,222.5146525,218,0,-4.514652458,0,-0.0163191733,-4.514652458,-0.0163191733,0.9674255268,0.9674255268,0,0,1,0,222.5146525,222.5146525,0,198,62,2.662158489
975,0,218,1813,-4.514652458,1590.485348,-0.0163191733,5.749148192,1595,5.765467365,0,25,0,0,1,0,222.5146525,222.5146525,0,198,63,2.665036201
976,0,222.5146525,9913,0,9690.485348,0,35.02832415,9690.485348,35.02832415,0.1389123833,191.8610876,0,0,1,0,222.5146525,222.5146525,0,198,64,2.667465448
977,0,222.5146525,221,0,-1.514652458,0,-0.005475034055,-1.514652458,-0.005475034055,0.2524420764,0.2524420764,0,0,1,0,222.5146525,222.5146525,0,198,65,2.670136452
978,0,221,1278,-1.514652458,1055.485348,-0.005475034055,3.815276693,1057,3.820751727,0,17,0,0,1,0,222.5146525,222.5146525,0,198,66,2.67304945
979,0,222.5146525,10003,-2.842170943e-14,9780.485348,-1.027363249e-16,35.35364833,9780.485348,35.35364833,0.04660469102,197,0,0,1,0,222.5146525,222.5146525,0,198,67,2.67563796
980,0,222.5146525,225,0,2.485347542,0,0.008983818272,2.485347542,0.008983818272,0.7766711068,0.7766711068,0,0,1,0,222.5146525,222.5146525,0,198,68,2.67854619
981,0,222.5146525,944,0,721.4853475,0,2.607962524,721.4853475,2.607962524,0.4970695084,12.50293049,0,0,1,0,222.5146525,222.5146525,0,198,69,2.68125248
982,0,222.5146525,219,0,-3.514652458,0,-0.01270446022,-3.514652458,-0.01270446022,0.05407157628,0.05407157628,0,0,1,0,222.5146525,222.5146525,0,198,70,2.684161425
983,0,219,1680,-3.514652458,1457.485348,-0.01270446022,5.268391352,1461,5.281095812,0,23,0,0,1,0,222.5146525,222.5146525,0,198,71,2.68684864
984,0,222.5146525,220,0,-2.514652458,0,-0.009089747136,-2.514652458,-0.009089747136,0.0386869609,0.0386869609,0,0,1,0,222.5146525,222.5146525,0,198,72,2.689301014
985,0,220,1143,-2.514652458,920.4853475,-0.009089747136,3.327290427,923,3.336380174,0,15,0,0,1,0,222.5146525,222.5146525,0,198,73,2.691970587
986,0,222.5146525,10364,0,10141.48535,0,36.65855975,10141.48535,36.65855975,0.05407157628,205.9459284,0,0,1,0,222.5146525,222.5146525,0,198,74,2.694394588
987,0,222.5146525,221,0,-1.514652458,0,-0.005475034055,-1.514652458,-0.005475034055,1.009768305,1.009768305,0,0,1,0,222.5146525,222.5146525,0,198,75,2.697286129
988,0,221,2020,-1.514652458,1797.485348,-0.005475034055,6.4973938,1799,6.502868834,0,28,0,0,1,0,222.5146525,222.5146525,0,198,76,2.700525999
989,0,222.5146525,220,0,-2.514652458,0,-0.009089747136,-2.514652458,-0.009089747136,0.0386869609,0.0386869609,0,0,1,0,222.5146525,222.5146525,0,198,77,2.702940941
990,0,220,879,-2.514652458,656.4853475,-0.009089747136,2.373006174,659,2.382095921,0,11,0,0,1,0,222.5146525,222.5146525,0,198,78,2.705923796
991,0,222.5146525,8923,0,8700.485348,0,31.4497582,8700.485348,31.4497582,0.02330234551,188.0233023,0,0,1,0,222.5146525,222.5146525,0,198,79,2.70835948
992,0,222.5146525,225,0,2.485347542,0,0.008983818272,2.485347542,0.008983818272,0.4970695084,0.4970695084,0,0,1,0,222.5146525,222.5146525,0,198,80,2.711366177
993,0,222.5146525,878,0,655.4853475,0,2.369391461,655.4853475,2.369391461,0.4970695084,11.50293049,1,1,0,0,222.5146525,222.5146525,0,198,81,2.713932276
994,0,222.5146525,220,0,-2.514652458,0,-0.009089747136,-2.514652458,-0.009089747136,0.0386869609,0.0386869609,0,0,1,0,222.5146525,222.5146525,0,198,82,2.716839552
995,0,220,1076,-2.514652458,853.4853475,-0.009089747136,3.085104651,856,3.094194398,0,14,1,1,0,0,222.5146525,222.5146525,0,198,83,2.719445467
996,0,222.5146525,9708,0,9485.485348,0,34.28730797,9485.485348,34.28730797,0.0386869609,208.961313,0,0,1,0,222.5146525,222.5146525,0,198,84,2.721848965
997,0,222.5146525,200,0,-22.51465246,0,-0.08138400877,-22.51465246,-0.08138400877,11.411368,11.411368,1,17,0,0,222.5146525,222.5146525,0,198,85,2.725887537
998,0,222.5146525,221,0,-1.514652458,0,-0.005475034055,-1.514652458,-0.005475034055,0.420736794,0.420736794,0,0,1,0,222.5146525,222.5146525,0,198,86,2.730612755
999,0,221,2020,-1.514652458,1797.485348,-0.005475034055,6.4973938,1799,6.502868834,0,28,0,0,1,0,222.5146525,222.5146525,0,198,87,2.733658075
1000,0,222.5146525,10905,0,10682.48535,0,38.61411953,10682.48535,38.61411953,0.04521350622,202.0452135,0,0,1,0,222.5146525,222.5146525,0,198,88,2.736181498
1001,0,222.5146525,222,0,-0.5146524582,0,-0.001860320973,-0.5146524582,-0.001860320973,0.06433155728,0.06433155728,0,0,1,0,222.5146525,222.5146525,0,198,89,2.739178181
1002,0,222,1346,-0.5146524582,1123.485348,-0.001860320973,4.061077183,1124,4.062937504,0,18,1,1,0,0,222.5146525,222.5146525,0,198,90,2.74196744
1003,0,222.5146525,9659,0,9436.485348,0,34.11018703,9436.485348,34.11018703,0.007917730126,198.9920823,0,0,1,0,222.5146525,222.5146525,0,198,91,2.74442029
1004,0,222.5146525,221,0,-1.514652458,0,-0.005475034055,-1.514652458,-0.005475034055,0.3029304916,0.3029304916,0,0,1,0,222.5146525,222.5146525,0,198,92,2.747335672
1005,0,221,2153,-1.514652458,1930.485348,-0.005475034055,6.97815064,1932,6.983625674,0,30,0,0,1,0,222.5146525,222.5146525,0,198,93,2.75051713
1006,0,222.5146525,220,0,-2.514652458,0,-0.009089747136,-2.514652458,-0.009089747136,0.0386869609,0.0386869609,0,0,1,0,222.5146525,222.5146525,0,198,94,2.752882242
1007,0,220,1817,-2.514652458,1594.485348,-0.009089747136,5.763607044,1597,5.772696791,0,25,0,0,1,0,222.5146525,222.5146525,0,198,95,2.755678415
1008,0,222.5146525,9661,0,9438.485348,0,34.11741646,9438.485348,34.11741646,0.02330234551,185.0233023,0,0,1,0,222.5146525,222.5146525,0,198,96,2.758139372
1009,0,222.5146525,221,0,-1.514652458,0,-0.005475034055,-1.514652458,-0.005475034055,0.3029304916,0.3029304916,0,0,1,0,222.5146525,222.5146525,0,198,97,2.760954618
1010,0,221,1479,-1.514652458,1256.485348,-0.005475034055,4.541834023,1258,4.547309057,0,20,0,0,1,0,222.5146525,222.5146525,0,198,98,2.76396203
1011,0,222.5146525,220,0,-2.514652458,0,-0.009089747136,-2.514652458,-0.009089747136,0.0386869609,0.0386869609,0,0,1,0,222.5146525,222.5146525,0,198,99,2.766364336
1012,0,220,1614,-2.514652458,1391.485348,-0.009089747136,5.029820289,1394,5.038910036,0,22,0,0,1,0,222.5146525,222.5146525,0,198,100,2.769133329
1013,0,222.5146525,10094,0,9871.485348,0,35.68258722,9871.485348,35.68258722,0.02330234551,205.0233023,0,0,1,0,222.5146525,222.5146525,0,198,101,2.771551609
1014,0,222.5146525,221,0,-1.514652458,0,-0.005475034055,-1.514652458,-0.005475034055,0.3029304916,0.3029304916,0,0,1,0,222.5146525,222.5146525,0,198,102,2.774546146
1015,0,221,1010,-1.514652458,787.4853475,-0.005475034055,2.846533587,789,2.852008621,0,13,1,1,0,0,222.5146525,222.5146525,0,198,103,2.77760911
1016,0,222.5146525,10944,0,10721.48535,0,38.75509334,10721.48535,38.75509334,0.02330234551,208.0233023,0,0,1,0,222.5146525,222.5146525,0,198,104,2.780154228
1017,0,222.5146525,228,-2.842170943e-14,5.485347542,-1.027363249e-16,0.01982795752,5.485347542,0.01982795752,4.986679583,4.986679583,0,0,1,0,222.5146525,222.5146525,0,198,105,2.78315711
1018,0,222.5146525,223,0,0.4853475418,0,0.001754392108,0.4853475418,0.001754392108,0.09706950836,0.09706950836,0,0,1,0,222.5146525,222.5146525,0,198,106,2.785877228
1019,0,222.5146525,1816,0,1593.485348,0,5.759992331,1593.485348,5.759992331,0.09706950836,25.90293049,0,0,1,0,222.5146525,222.5146525,0,198,107,2.788241863
1020,0,222.5146525,218,0,-4.514652458,0,-0.0163191733,-4.514652458,-0.0163191733,0.1026057377,0.1026057377,0,0,1,0,222.5146525,222.5146525,0,198,108,2.791105986
1021,0,218,1677,-4.514652458,1454.485348,-0.0163191733,5.257547213,1459,5.273866386,0,23,0,0,1,0,222.5146525,222.5146525,0,198,109,2.794127226
1022,0,222.5146525,10310,0,10087.48535,0,36.46336525,10087.48535,36.46336525,0.1026057377,209.1026057,0,0,1,0,222.5146525,222.5146525,0,198,110,2.796563387
1023,0,222.5146525,218,2.842170943e-14,-4.514652458,1.027363249e-16,-0.0163191733,-4.514652458,-0.0163191733,5.097069508,5.097069508,1,1,0,0,222.5146525,222.5146525,0,198,111,2.799842358
1024,0,222.5146525,220,0,-2.514652458,0,-0.009089747136,-2.514652458,-0.009089747136,0.1571657786,0.1571657786,0,0,1,0,222.5146525,222.5146525,0,198,112,2.802811146
1025,0,220,1747,-2.514652458,1524.485348,-0.009089747136,5.510577128,1527,5.519666876,0,24,0,0,1,0,222.5146525,222.5146525,0,198,113,2.806253672
1026,0,222.5146525,9915,-2.842170943e-14,9692.485348,-1.027363249e-16,35.03555358,9692.485348,35.03555358,0.07737392179,198.0773739,0,0,1,0,222.5146525,222.5146525,0,198,114,2.808851719
1027,0,222.5146525,198,-2.842170943e-14,-24.51465246,-1.027363249e-16,-0.08861343493,-24.51465246,-0.08861343493,6.347718374,6.347718374,1,7,0,0,222.5146525,222.5146525,0,198,115,2.812644005
1028,0,222.5146525,217,0,-5.514652458,0,-0.01993388638,-5.514652458,-0.01993388638,2.850355449,2.850355449,1,3,0,0,222.5146525,222.5146525,0,198,116,2.816048622
1029,0,222.5146525,200,0,-22.51465246,0,-0.08138400877,-22.51465246,-0.08138400877,2.613130391,2.613130391,1,6,0,0,222.5146525,222.5146525,0,198,117,2.818604946
1030,0,222.5146525,212,0,-10.51465246,0,-0.03800745179,-10.51465246,-0.03800745179,2.356896795,2.356896795,1,3,0,0,222.5146525,222.5146525,0,198,118,2.821297407
1031,0,222.5146525,220,0,-2.514652458,0,-0.009089747136,-2.514652458,-0.009089747136,0.9671740224,0.9671740224,0,0,1,0,222.5146525,222.5146525,0,198,119,2.823954821
1032,0,220,2152,-2.514652458,1929.485348,-0.009089747136,6.974535927,1932,6.983625674,0,30,0,0,1,0,222.5146525,222.5146525,0,198,120,2.827083826
1033,0,222.5146525,10393,0,10170.48535,0,36.76338643,10170.48535,36.76338643,0.07858288932,202.0785829,0,0,1,0,222.5146525,222.5146525,0,198,121,2.829594135
1034,0,222.5146525,211,0,-11.51465246,0,-0.04162216487,-11.51465246,-0.04162216487,6.828582889,6.828582889,1,5,0,0,222.5146525,222.5146525,0,198,122,2.832994938
1035,0,222.5146525,221,2.842170943e-14,-1.514652458,1.027363249e-16,-0.005475034055,-1.514652458,-0.005475034055,0.3606315377,0.3606315377,0,0,1,0,222.5146525,222.5146525,0,198,123,2.836229086
1036,0,221,1680,-1.514652458,1457.485348,-0.005475034055,5.268391352,1459,5.273866386,0,23,0,0,1,0,222.5146525,222.5146525,0,198,124,2.838943243
1037,0,222.5146525,9876,0,9653.485348,0,34.89457977,9653.485348,34.89457977,0.04660469102,192.0466047,0,0,1,0,222.5146525,222.5146525,0,198,125,2.841333866
1038,0,222.5146525,214,0,-8.514652458,0,-0.03077802563,-8.514652458,-0.03077802563,3.096237258,3.096237258,0,0,1,0,222.5146525,222.5146525,0,198,126,2.844299555
1039,0,214,2013,-8.514652458,1790.485348,-0.03077802563,6.472090808,1799,6.502868834,0,28,0,0,1,0,222.5146525,222.5146525,0,198,127,2.847250938
1040,0,222.5146525,9397,2.842170943e-14,9174.485348,1.027363249e-16,33.1631322,9174.485348,33.1631322,0.2619893064,189.2619893,0,0,1,0,222.5146525,222.5146525,0,198,128,2.849704981
1041,0,222.5146525,222,0,-0.5146524582,0,-0.001860320973,-0.5146524582,-0.001860320973,0.0857754097,0.0857754097,0,0,1,0,222.5146525,222.5146525,0,198,129,2.852571726
1042,0,222,813,-0.5146524582,590.4853475,-0.001860320973,2.13443511,591,2.136295431,0,10,0,0,1,0,222.5146525,222.5146525,0,198,130,2.855595112
1043,0,222.5146525,221,0,-1.514652458,0,-0.005475034055,-1.514652458,-0.005475034055,0.02330234551,0.02330234551,0,0,1,0,222.5146525,222.5146525,0,198,131,2.858042002
1044,0,221,1012,-1.514652458,789.4853475,-0.005475034055,2.853763013,791,2.859238048,0,13,0,0,1,0,222.5146525,222.5146525,0,198,132,2.860750198
1045,0,222.5146525,11283,0,11060.48535,0,39.98048107,11060.48535,39.98048107,0.007917730126,206.0079177,0,0,1,0,222.5146525,222.5146525,0,198,133,2.863148928
1046,0,222.5146525,224,0,1.485347542,0,0.00536910519,1.485347542,0.00536910519,0.2970695084,0.2970695084,0,0,1,0,222.5146525,222.5146525,0,198,134,2.865929365
1047,0,222.5146525,1953,0,1730.485348,0,6.255208023,1730.485348,6.255208023,0.2970695084,27.70293049,0,0,1,0,222.5146525,222.5146525,0,198,135,2.868361473
1048,0,222.5146525,218,0,-4.514652458,0,-0.0163191733,-4.514652458,-0.0163191733,0.06945619166,0.06945619166,0,0,1,0,222.5146525,222.5146525,0,198,136,2.871028423
1049,0,218,877,-4.514652458,654.4853475,-0.0163191733,2.365776747,659,2.382095921,0,11,0,0,1,0,222.5146525,222.5146525,0,198,137,2.873634577
1050,0,222.5146525,219,0,-3.514652458,0,-0.01270446022,-3.514652458,-0.01270446022,0.05407157628,0.05407157628,0,0,1,0,222.5146525,222.5146525,0,198,138,2.875979185
1051,0,219,2018,-3.514652458,1795.485348,-0.01270446022,6.490164374,1799,6.502868834,0,28,0,0,1,0,222.5146525,222.5146525,0,198,139,2.878474951
1052,0,222.5146525,10021,0,9798.485348,0,35.41871317,9798.485348,35.41871317,0.06945619166,204.9305438,0,0,1,0,222.5146525,222.5146525,0,198,140,2.880897045
1053,0,222.5146525,198,0,-24.51465246,0,-0.08861343493,-24.51465246,-0.08861343493,3.228515006,3.228515006,1,7,0,0,222.5146525,222.5146525,0,198,141,2.883778334
1054,0,222.5,1853,-0.01465245822,1630.485348,-5.296443241e-05,5.893736715,1630.5,5.89378968,2.5,27.5,0,0,1,0,222.5146525,222.5146525,0,198,142,2.886856556
1055,0,222.5146525,221,0,-1.514652458,0,-0.005475034055,-1.514652458,-0.005475034055,0.1682947176,0.1682947176,0,0,1,0,222.5146525,222.5146525,0,198,143,2.88953805
1056,0,221,2020,-1.514652458,1797.485348,-0.005475034055,6.4973938,1799,6.502868834,0,28,0,0,1,0,222.5146525,222.5146525,0,198,144,2.8921628
1057,0,222.5146525,220,0,-2.514652458,0,-0.009089747136,-2.514652458,-0.009089747136,0.0386869609,0.0386869609,0,0,1,0,222.5146525,222.5146525,0,198,145,2.894481182
1058,0,220,1346,-2.514652458,1123.485348,-0.009089747136,4.061077183,1126,4.07016693,0,18,0,0,1,0,222.5146525,222.5146525,0,198,146,2.89691329
1059,0,222.5146525,10649,0,10426.48535,0,37.68875298,10426.48535,37.68875298,0.02330234551,202.9766977,0,0,1,0,222.5146525,222.5146525,0,198,147,2.899301052
1060,0,222.5146525,221,0,-1.514652458,0,-0.005475034055,-1.514652458,-0.005475034055,0.3029304916,0.3029304916,0,0,1,0,222.5146525,222.5146525,0,198,148,2.902292013
1061,0,221,1479,-1.514652458,1256.485348,-0.005475034055,4.541834023,1258,4.547309057,0,20,1,1,0,0,222.5146525,222.5146525,0,198,149,2.905428171
1062,0,222.5146525,10881,0,10658.48535,0,38.52736642,10658.48535,38.52736642,0.02330234551,202.0233023,0,0,1,0,222.5146525,222.5146525,0,198,150,2.907923937
1063,0,222.5146525,169,0,-53.51465246,0,-0.1934401143,-53.51465246,-0.1934401143,7.197069508,7.197069508,1,18,0,0,222.5146525,222.5146525,0,198,151,2.911170244
1064,0,222.5146525,220,0,-2.514652458,0,-0.009089747136,-2.514652458,-0.009089747136,1.933226366,1.933226366,1,1,0,0,222.5146525,222.5146525,0,198,152,2.914467812
1065,0,222.5146525,223,0,0.4853475418,0,0.001754392108,0.4853475418,0.001754392108,0.1213368854,0.1213368854,0,0,1,0,222.5146525,222.5146525,0,198,153,2.917629004
1066,0,222.5146525,1811,0,1588.485348,0,5.741918766,1588.485348,5.741918766,0.1213368854,26.87866311,1,2,0,0,222.5146525,222.5146525,0,198,154,2.920277834
1067,0,222.5146525,215,0,-7.514652458,0,-0.02716331254,-7.514652458,-0.02716331254,0.1156100378,0.1156100378,0,0,1,0,222.5146525,222.5146525,0,198,155,2.923815966
1068,0,215,872,-7.514652458,649.4853475,-0.02716331254,2.347703182,657,2.374866495,0,11,1,3,0,0,222.5146525,222.5146525,0,198,156,2.926425219
1069,0,222.5146525,8943,0,8720.485348,0,31.52205246,8720.485348,31.52205246,0.1156100378,189.11561,0,0,1,0,222.5146525,222.5146525,0,198,157,2.928877115
1070,0,222.5146525,219,-2.842170943e-14,-3.514652458,-1.027363249e-16,-0.01270446022,-3.514652458,-0.01270446022,3.112977892,3.112977892,0,0,1,0,222.5146525,222.5146525,0,198,158,2.932339191
1071,0,219,1276,-3.514652458,1053.485348,-0.01270446022,3.808047267,1057,3.820751727,0,17,1,1,0,0,222.5146525,222.5146525,0,198,159,2.935979366
1072,0,222.5146525,10295,0,10072.48535,0,36.40914455,10072.48535,36.40914455,0.05407157628,199.0540716,0,0,1,0,222.5146525,222.5146525,0,198,160,2.9385252
1073,0,222.5146525,191,0,-31.51465246,0,-0.1139164265,-31.51465246,-0.1139164265,4.397069508,4.397069508,1,10,0,0,222.5146525,222.5146525,0,198,161,2.941632986
1074,0,222.5146525,213,0,-9.514652458,0,-0.03439273871,-9.514652458,-0.03439273871,1.265567792,1.265567792,1,1,0,0,222.5146525,222.5146525,0,198,162,2.944453239
1075,0,222.5146525,218,0,-4.514652458,0,-0.0163191733,-4.514652458,-0.0163191733,0.2376132873,0.2376132873,0,0,1,0,222.5146525,222.5146525,0,198,163,2.947202682
1076,0,218,1949,-4.514652458,1726.485348,-0.0163191733,6.240749171,1731,6.257068344,0,27,1,1,0,0,222.5146525,222.5146525,0,198,164,2.950029135
1077,0,222.5146525,10230,0,10007.48535,0,36.1741882,10007.48535,36.1741882,0.06945619166,201.9305438,0,0,1,0,222.5146525,222.5146525,0,198,165,2.952479601
1078,0,222.5146525,155,0,-67.51465246,0,-0.2440460974,-67.51465246,-0.2440460974,6.597069508,6.597069508,1,18,0,0,222.5146525,222.5146525,0,198,166,2.955458641
1079,0,222.5146525,219,0,-3.514652458,0,-0.01270446022,-3.514652458,-0.01270446022,4.675181536,4.675181536,1,6,0,0,222.5146525,222.5146525,0,198,167,2.958420992
1080,0,222.5146525,180,-2.842170943e-14,-42.51465246,-1.027363249e-16,-0.1536782704,-42.51465246,-0.1536782704,3.848534754,3.848534754,1,12,0,0,222.5146525,222.5146525,0,198,168,2.96124959
1081,0,222.5146525,861,-2.842170943e-14,638.4853475,-1.027363249e-16,2.307941338,638.4853475,2.307941338,3.848534754,16.15146525,0,0,1,0,222.5146525,222.5146525,0,198,169,2.963659048
1082,0,222.5146525,226,0,3.485347542,0,0.01259853135,3.485347542,0.01259853135,0.4979067917,0.4979067917,0,0,1,0,222.5146525,222.5146525,0,198,170,2.966523886
1083,0,222.5146525,1885,0,1662.485348,0,6.009407534,1662.485348,6.009407534,0.4979067917,26.50209321,0,0,1,0,222.5146525,222.5146525,0,198,171,2.968866348
1084,0,222.5146525,219,0,-3.514652458,0,-0.01270446022,-3.514652458,-0.01270446022,0.1081431526,0.1081431526,0,0,1,0,222.5146525,222.5146525,0,198,172,2.971464872
1085,0,219,1276,-3.514652458,1053.485348,-0.01270446022,3.808047267,1057,3.820751727,0,17,0,0,1,0,222.5146525,222.5146525,0,198,173,2.974384308
1086,0,222.5146525,9846,0,9623.485348,0,34.78613838,9623.485348,34.78613838,0.1081431526,181.1081432,0,0,1,0,222.5146525,222.5146525,0,198,174,2.976821661
1087,0,222.5146525,228,0,5.485347542,0,0.01982795752,5.485347542,0.01982795752,2.99200775,2.99200775,0,0,1,0,222.5146525,222.5146525,0,198,175,2.979672909
1088,0,222.5146525,223,0,0.4853475418,0,0.001754392108,0.4853475418,0.001754392108,0.09706950836,0.09706950836,0,0,1,0,222.5146525,222.5146525,0,198,176,2.982246161
1089,0,222.5146525,942,0,719.4853475,0,2.600733098,719.4853475,2.600733098,0.09706950836,12.90293049,1,2,0,0,222.5146525,222.5146525,0,198,177,2.984575987
1090,0,222.5146525,218,0,-4.514652458,0,-0.0163191733,-4.514652458,-0.0163191733,0.06945619166,0.06945619166,0,0,1,0,222.5146525,222.5146525,0,198,178,2.987429857
1091,0,218,1141,-4.514652458,918.4853475,-0.0163191733,3.320061001,923,3.336380174,0,15,1,2,0,0,222.5146525,222.5146525,0,198,179,2.990033388
1092,0,222.5146525,10441,0,10218.48535,0,36.93689266,10218.48535,36.93689266,0.06945619166,206.9305438,0,0,1,0,222.5146525,222.5146525,0,198,180,2.992424965
1093,0,222.5146525,225,0,2.485347542,0,0.008983818272,2.485347542,0.008983818272,0.4970695084,0.4970695084,0,0,1,0,222.5146525,222.5146525,0,198,181,2.995199203
1094,0,222.5146525,1750,0,1527.485348,0,5.521421268,1527.485348,5.521421268,0.4970695084,24.50293049,1,1,0,0,222.5146525,222.5146525,0,198,182,2.997714281
1095,0,222.5146525,220,0,-2.514652458,0,-0.009089747136,-2.514652458,-0.009089747136,0.0386869609,0.0386869609,0,0,1,0,222.5146525,222.5146525,0,198,183,3.000513554
1096,0,220,1277,-2.514652458,1054.485348,-0.009089747136,3.81166198,1057,3.820751727,0,17,1,1,0,0,222.5146525,222.5146525,0,198,184,3.003203392
1097,0,222.5146525,10906,0,10683.48535,0,38.61773424,10683.48535,38.61773424,0.0386869609,213.038687,0,0,1,0,222.5146525,222.5146525,0,198,185,3.005641699
1098,0,222.5146525,224,0,1.485347542,0,0.00536910519,1.485347542,0.00536910519,0.2970695084,0.2970695084,0,0,1,0,222.5146525,222.5146525,0,198,186,3.008578062
1099,0,222.5146525,943,0,720.4853475,0,2.604347811,720.4853475,2.604347811,0.2970695084,12.70293049,0,0,1,0,222.5146525,222.5146525,0,198,187,3.011227846
1100,0,222.5146525,218,0,-4.514652458,0,-0.0163191733,-4.514652458,-0.0163191733,0.06945619166,0.06945619166,0,0,1,0,222.5146525,222.5146525,0,198,188,3.014045954
1101,0,218,1210,-4.514652458,987.4853475,-0.0163191733,3.569476204,992,3.585795377,0,16,0,0,1,0,222.5146525,222.5146525,0,198,189,3.016815186
1102,0,222.5146525,219,0,-3.514652458,0,-0.01270446022,-3.514652458,-0.01270446022,0.05407157628,0.05407157628,0,0,1,0,222.5146525,222.5146525,0,198,190,3.019275665
1103,0,219,1410,-3.514652458,1187.485348,-0.01270446022,4.29241882,1191,4.30512328,0,19,0,0,1,0,222.5146525,222.5146525,0,198,191,3.022056341
1104,0,222.5146525,9712,0,9489.485348,0,34.30176682,9489.485348,34.30176682,0.06945619166,199.9305438,0,0,1,0,222.5146525,222.5146525,0,198,192,3.02450037
1105,0,222.5146525,224,0,1.485347542,0,0.00536910519,1.485347542,0.00536910519,0.2970695084,0.2970695084,0,0,1,0,222.5146525,222.5146525,0,198,193,3.02717495
1106,0,222.5146525,1885,0,1662.485348,0,6.009407534,1662.485348,6.009407534,0.2970695084,26.70293049,0,0,1,0,222.5146525,222.5146525,0,198,194,3.029830933
1107,0,222.5146525,218,0,-4.514652458,0,-0.0163191733,-4.514652458,-0.0163191733,0.06945619166,0.06945619166,0,0,1,0,222.5146525,222.5146525,0,198,195,3.032755136
1108,0,218,1009,-4.514652458,786.4853475,-0.0163191733,2.842918874,791,2.859238048,0,13,0,0,1,0,222.5146525,222.5146525,0,198,196,3.035640717
1109,0,222.5146525,219,0,-3.514652458,0,-0.01270446022,-3.514652458,-0.01270446022,0.05407157628,0.05407157628,0,0,1,0,222.5146525,222.5146525,0,198,197,3.038042545
1110,0,219,942,-3.514652458,719.4853475,-0.01270446022,2.600733098,723,2.613437558,0,12,0,0,1,0,222.5146525,222.5146525,0,198,198,3.0404737
1111,0,222.5146525,10380,0,10157.48535,0,36.71639516,10157.48535,36.71639516,0.06945619166,204.0694562,0,0,1,0,222.5146525,222.5146525,0,198,199,3.042855501
1112,0,222.5146525,221,0,-1.514652458,0,-0.005475034055,-1.514652458,-0.005475034055,0.4733288932,0.4733288932,0,0,1,0,222.5146525,222.5146525,0,198,200,3.045661926
1113,0,221,1682,-1.514652458,1459.485348,-0.005475034055,5.275620778,1461,5.281095812,0,23,0,0,1,0,222.5146525,222.5146525,0,198,201,3.048479557
1114,0,222.5146525,222,0,-0.5146524582,0,-0.001860320973,-0.5146524582,-0.001860320973,0.007917730126,0.007917730126,0,0,1,0,222.5146525,222.5146525,0,198,202,3.050795078
1115,0,222,813,-0.5146524582,590.4853475,-0.001860320973,2.13443511,591,2.136295431,0,10,0,0,1,0,222.5146525,222.5146525,0,198,203,3.053228855
1116,0,222.5146525,10375,0,10152.48535,0,36.6983216,10152.48535,36.6983216,0.02330234551,188.0233023,0,0,1,0,222.5146525,222.5146525,0,198,204,3.05559659
1117,0,222.5146525,221,0,-1.514652458,0,-0.005475034055,-1.514652458,-0.005475034055,0.2524420764,0.2524420764,0,0,1,0,222.5146525,222.5146525,0,198,205,3.058212996
1118,0,221,1012,-1.514652458,789.4853475,-0.005475034055,2.853763013,791,2.859238048,0,13,0,0,1,0,222.5146525,222.5146525,0,198,206,3.06086421
1119,0,222.5146525,222,0,-0.5146524582,0,-0.001860320973,-0.5146524582,-0.001860320973,0.007917730126,0.007917730126,0,0,1,0,222.5146525,222.5146525,0,198,207,3.063175201
1120,0,222,1480,-0.5146524582,1257.485348,-0.001860320973,4.545448736,1258,4.547309057,0,20,0,0,1,0,222.5146525,222.5146525,0,198,208,3.065599442
1121,0,222.5146525,10811,0,10588.48535,0,38.2743365,10588.48535,38.2743365,0.02330234551,199.0233023,0,0,1,0,222.5146525,222.5146525,0,198,209,3.067976475
1122,0,222.5146525,223,0,0.4853475418,0,0.001754392108,0.4853475418,0.001754392108,0.08089125696,0.08089125696,0,0,1,0,222.5146525,222.5146525,0,198,210,3.070594549
1123,0,222.5146525,1681,0,1458.485348,0,5.272006065,1458.485348,5.272006065,0.08089125696,23.91910874,0,0,1,0,222.5146525,222.5146525,0,198,211,3.073031425
1124,0,222.5146525,218,0,-4.514652458,0,-0.0163191733,-4.514652458,-0.0163191733,0.06945619166,0.06945619166,0,0,1,0,222.5146525,222.5146525,0,198,212,3.075639963
1125,0,218,1342,-4.514652458,1119.485348,-0.0163191733,4.04661833,1124,4.062937504,0,18,0,0,1,0,222.5146525,222.5146525,0,198,213,3.078050613
1126,0,222.5146525,217,0,-5.514652458,0,-0.01993388638,-5.514652458,-0.01993388638,0.08484080705,0.08484080705,0,0,1,0,222.5146525,222.5146525,0,198,214,3.08037734
1127,0,217,1075,-5.514652458,852.4853475,-0.01993388638,3.081489938,858,3.101423824,0,14,0,0,1,0,222.5146525,222.5146525,0,198,215,3.082808256
1128,0,222.5146525,10384,0,10161.48535,0,36.73085401,10161.48535,36.73085401,0.06945619166,206.9305438,0,0,1,0,222.5146525,222.5146525,0,198,216,3.085188866
1129,0,222.5146525,225,0,2.485347542,0,0.008983818272,2.485347542,0.008983818272,0.4970695084,0.4970695084,0,0,1,0,222.5146525,222.5146525,0,198,217,3.087862492
1130,0,222.5146525,1684,0,1461.485348,0,5.282850204,1461.485348,5.282850204,0.4970695084,23.50293049,0,0,1,0,222.5146525,222.5146525,0,198,218,3.090565681
1131,0,222.5146525,221,0,-1.514652458,0,-0.005475034055,-1.514652458,-0.005475034055,0.02330234551,0.02330234551,0,0,1,0,222.5146525,222.5146525,0,198,219,3.093392849
1132,0,221,2020,-1.514652458,1797.485348,-0.005475034055,6.4973938,1799,6.502868834,0,28,0,0,1,0,222.5146525,222.5146525,0,198,220,3.096194267
1133,0,222.5146525,220,0,-2.514652458,0,-0.009089747136,-2.514652458,-0.009089747136,0.0386869609,0.0386869609,0,0,1,0,222.5146525,222.5146525,0,198,221,3.098643064
1134,0,220,1413,-2.514652458,1190.485348,-0.009089747136,4.303262959,1193,4.312352706,0,19,0,0,1,0,222.5146525,222.5146525,0,198,222,3.101440668
1135,0,222.5146525,9774,0,9551.485348,0,34.52587903,9551.485348,34.52587903,0.02330234551,187.0233023,0,0,1,0,222.5146525,222.5146525,0,198,223,3.103873491
1136,0,222.5146525,223,0,0.4853475418,0,0.001754392108,0.4853475418,0.001754392108,0.09706950836,0.09706950836,0,0,1,0,222.5146525,222.5146525,0,198,224,3.106933832
1137,0,222.5146525,1612,0,1389.485348,0,5.022590862,1389.485348,5.022590862,0.09706950836,22.90293049,0,0,1,0,222.5146525,222.5146525,0,198,225,3.109629631
1138,0,222.5146525,217,0,-5.514652458,0,-0.01993388638,-5.514652458,-0.01993388638,0.08484080705,0.08484080705,0,0,1,0,222.5146525,222.5146525,0,198,226,3.112511158
1139,0,217,1075,-5.514652458,852.4853475,-0.01993388638,3.081489938,858,3.101423824,0,14,0,0,1,0,222.5146525,222.5146525,0,198,227,3.11525631
1140,0,222.5146525,218,0,-4.514652458,0,-0.0163191733,-4.514652458,-0.0163191733,0.06945619166,0.06945619166,0,0,1,0,222.5146525,222.5146525,0,198,228,3.117578983
1141,0,218,1677,-4.514652458,1454.485348,-0.0163191733,5.257547213,1459,5.273866386,0,23,0,0,1,0,222.5146525,222.5146525,0,198,229,3.120016336
1142,0,222.5146525,9232,0,9009.485348,0,32.56670454,9009.485348,32.56670454,0.08484080705,177.9151592,0,0,1,0,222.5146525,222.5146525,0,198,230,3.122403145
1143,0,222.5146525,220,0,-2.514652458,0,-0.009089747136,-2.514652458,-0.009089747136,0.419108743,0.419108743,0,0,1,0,222.5146525,222.5146525,0,198,231,3.125070095
1144,0,220,2021,-2.514652458,1798.485348,-0.009089747136,6.501008513,1801,6.51009826,0,28,0,0,1,0,222.5146525,222.5146525,0,198,232,3.128006935
1145,0,222.5146525,221,0,-1.514652458,0,-0.005475034055,-1.514652458,-0.005475034055,0.02330234551,0.02330234551,0,0,1,0,222.5146525,222.5146525,0,198,233,3.130458832
1146,0,221,2085,-1.514652458,1862.485348,-0.005475034055,6.73235015,1864,6.737825184,0,29,0,0,1,0,222.5146525,222.5146525,0,198,234,3.133177757
1147,0,222.5146525,10877,0,10654.48535,0,38.51290756,10654.48535,38.51290756,0.0386869609,212.038687,0,0,1,0,222.5146525,222.5146525,0,198,235,3.135671616
1148,0,222.5146525,220,0,-2.514652458,0,-0.009089747136,-2.514652458,-0.009089747136,0.419108743,0.419108743,0,0,1,0,222.5146525,222.5146525,0,198,236,3.138471842
1149,0,220,1612,-2.514652458,1389.485348,-0.009089747136,5.022590862,1392,5.03168061,0,22,0,0,1,0,222.5146525,222.5146525,0,198,237,3.141354561
1150,0,222.5146525,10310,0,10087.48535,0,36.46336525,10087.48535,36.46336525,0.07737392179,203,0,0,1,0,222.5146525,222.5146525,0,198,238,3.143806934
1151,0,222.5146525,223,0,0.4853475418,0,0.001754392108,0.4853475418,0.001754392108,0.09706950836,0.09706950836,0,0,1,0,222.5146525,222.5146525,0,198,239,3.146667242
1152,0,222.5146525,1344,0,1121.485348,0,4.053847757,1121.485348,4.053847757,0.09706950836,18.90293049,0,0,1,0,222.5146525,222.5146525,0,198,240,3.149283648
1153,0,222.5146525,218,0,-4.514652458,0,-0.0163191733,-4.514652458,-0.0163191733,0.1389123833,0.1389123833,0,0,1,0,222.5146525,222.5146525,0,198,241,3.152105331
1154,0,218,1141,-4.514652458,918.4853475,-0.0163191733,3.320061001,923,3.336380174,0,15,0,0,1,0,222.5146525,222.5146525,0,198,242,3.15474391
1155,0,222.5146525,9545,0,9322.485348,0,33.69810974,9322.485348,33.69810974,0.1389123833,194.1389124,0,0,1,0,222.5146525,222.5146525,0,198,243,3.157217979
1156,0,222.5146525,224,0,1.485347542,0,0.00536910519,1.485347542,0.00536910519,0.2970695084,0.2970695084,0,0,1,0,222.5146525,222.5146525,0,198,244,3.160228252
1157,0,222.5146525,1278,0,1055.485348,0,3.815276693,1055.485348,3.815276693,0.2970695084,17.70293049,0,0,1,0,222.5146525,222.5146525,0,198,245,3.162765503
1158,0,222.5146525,219,0,-3.514652458,0,-0.01270446022,-3.514652458,-0.01270446022,0.1081431526,0.1081431526,0,0,1,0,222.5146525,222.5146525,0,198,246,3.165639639
1159,0,219,2020,-3.514652458,1797.485348,-0.01270446022,6.4973938,1801,6.51009826,0,28,0,0,1,0,222.5146525,222.5146525,0,198,247,3.168675661
1160,0,222.5146525,220,0,-2.514652458,0,-0.009089747136,-2.514652458,-0.009089747136,0.0386869609,0.0386869609,0,0,1,0,222.5146525,222.5146525,0,198,248,3.17102766
1161,0,220,1344,-2.514652458,1121.485348,-0.009089747136,4.053847757,1124,4.062937504,0,18,0,0,1,0,222.5146525,222.5146525,0,198,249,3.173460007
1162,0,222.5146525,8658,0,8435.485348,0,30.49185924,8435.485348,30.49185924,0.05407157628,182.0540716,0,0,1,0,222.5146525,222.5146525,0,198,250,3.175832748
1163,0,222.5146525,223,0,0.4853475418,0,0.001754392108,0.4853475418,0.001754392108,0.3279375282,0.3279375282,0,0,1,0,222.5146525,222.5146525,0,198,251,3.179252863
1164,0,222.5146525,2086,0,1863.485348,0,6.735964863,1863.485348,6.735964863,0.1617825139,29.83821749,0,0,1,0,222.5146525,222.5146525,0,198,252,3.182833433
1165,0,222.5146525,221,0,-1.514652458,0,-0.005475034055,-1.514652458,-0.005475034055,0.02330234551,0.02330234551,0,0,1,0,222.5146525,222.5146525,0,198,253,3.186868191
1166,0,221,1345,-1.514652458,1122.485348,-0.005475034055,4.05746247,1124,4.062937504,0,18,0,0,1,0,222.5146525,222.5146525,0,198,254,3.189531803
1167,0,222.5146525,220,0,-2.514652458,0,-0.009089747136,-2.514652458,-0.009089747136,0.0386869609,0.0386869609,0,0,1,0,222.5146525,222.5146525,0,198,255,3.191930294
1168,0,220,1614,-2.514652458,1391.485348,-0.009089747136,5.029820289,1394,5.038910036,0,22,0,0,1,0,222.5146525,222.5146525,0,198,256,3.194714546
1169,0,222.5146525,10230,0,10007.48535,0,36.1741882,10007.48535,36.1741882,0.02330234551,204.9766977,0,0,1,0,222.5146525,222.5146525,0,198,257,3.197188139
1170,0,222.5146525,204,0,-18.51465246,0,-0.06692515644,-18.51465246,-0.06692515644,6.945604263,6.945604263,1,5,0,0,222.5146525,222.5146525,0,198,258,3.200596809
1171,0,222.5146525,218,0,-4.514652458,0,-0.0163191733,-4.514652458,-0.0163191733,2.184664754,2.184664754,1,1,0,0,222.5146525,222.5146525,0,198,259,3.203718901
1172,0,222.5146525,219,0,-3.514652458,0,-0.01270446022,-3.514652458,-0.01270446022,0.1004186417,0.1004186417,0,0,1,0,222.5146525,222.5146525,0,198,260,3.206984997
1173,0,219,1746,-3.514652458,1523.485348,-0.01270446022,5.506962415,1527,5.519666876,0,24,0,0,1,0,222.5146525,222.5146525,0,198,261,3.209478378
1174,0,222.5146525,10806,0,10583.48535,0,38.25626293,10583.48535,38.25626293,0.1081431526,211,0,0,1,0,222.5146525,222.5146525,0,198,262,3.211885214
1175,0,222.5146525,228,0,5.485347542,0,0.01982795752,5.485347542,0.01982795752,1.828449181,1.828449181,0,0,1,0,222.5146525,222.5146525,0,198,263,3.215034962
1176,0,222.5146525,793,-2.842170943e-14,570.4853475,-1.027363249e-16,2.062140849,570.4853475,2.062140849,1.238626864,15.76137314,1,3,0,0,222.5146525,222.5146525,0,198,264,3.217976809
1177,0,222.5146525,207,0,-15.51465246,0,-0.0560810172,-15.51465246,-0.0560810172,0.2350704918,0.2350704918,0,0,1,0,222.5146525,222.5146525,0,198,265,3.221390486
1178,0,207,1398,-15.51465246,1175.485348,-0.0560810172,4.249042263,1191,4.30512328,0,19,0,0,1,0,222.5146525,222.5146525,0,198,266,3.224595785
1179,0,222.5146525,206,0,-16.51465246,0,-0.05969573028,-16.51465246,-0.05969573028,0.2540715763,0.2540715763,0,0,1,0,222.5146525,222.5146525,0,198,267,3.226984262
1180,0,206,1533,-16.51465246,1310.485348,-0.05969573028,4.737028529,1327,4.796724259,0,21,0,0,1,0,222.5146525,222.5146525,0,198,268,3.229499102
1181,0,222.5146525,10831,0,10608.48535,0,38.34663076,10608.48535,38.34663076,0.2386869609,202.238687,0,0,1,0,222.5146525,222.5146525,0,198,269,3.231910467
1182,0,222.5146525,222,0,-0.5146524582,0,-0.001860320973,-0.5146524582,-0.001860320973,0.06433155728,0.06433155728,0,0,1,0,222.5146525,222.5146525,0,198,270,3.234612226
1183,0,222,1953,-0.5146524582,1730.485348,-0.001860320973,6.255208023,1731,6.257068344,0,27,0,0,1,0,222.5146525,222.5146525,0,198,271,3.237487793
1184,0,222.5146525,221,0,-1.514652458,0,-0.005475034055,-1.514652458,-0.005475034055,0.02330234551,0.02330234551,0,0,1,0,222.5146525,222.5146525,0,198,272,3.239991665
1185,0,221,1750,-1.514652458,1527.485348,-0.005475034055,5.521421268,1529,5.526896302,0,24,0,0,1,0,222.5146525,222.5146525,0,198,273,3.242664814
1186,0,222.5146525,10472,0,10249.48535,0,37.04894877,10249.48535,37.04894877,0.007917730126,209.0079177,0,0,1,0,222.5146525,222.5146525,0,198,274,3.245076418
1187,0,222.5146525,222,0,-0.5146524582,0,-0.001860320973,-0.5146524582,-0.001860320973,0.0857754097,0.0857754097,0,0,1,0,222.5146525,222.5146525,0,198,275,3.247863293
1188,0,222,1614,-0.5146524582,1391.485348,-0.001860320973,5.029820289,1392,5.03168061,0,22,0,0,1,0,222.5146525,222.5146525,0,198,276,3.250913858
1189,0,222.5146525,221,0,-1.514652458,0,-0.005475034055,-1.514652458,-0.005475034055,0.02330234551,0.02330234551,0,0,1,0,222.5146525,222.5146525,0,198,277,3.253386259
1190,0,221,1347,-1.514652458,1124.485348,-0.005475034055,4.064691896,1126,4.07016693,0,18,0,0,1,0,222.5146525,222.5146525,0,198,278,3.256030083
1191,0,222.5146525,9644,0,9421.485348,0,34.05596633,9421.485348,34.05596633,0.007917730126,191.9920823,0,0,1,0,222.5146525,222.5146525,0,198,279,3.258493185
1192,0,222.5146525,220,-2.842170943e-14,-2.514652458,-1.027363249e-16,-0.009089747136,-2.514652458,-0.009089747136,4.042884476,4.042884476,1,2,0,0,222.5146525,222.5146525,0,198,280,3.261622429
1193,0,222.5146525,224,0,1.485347542,0,0.00536910519,1.485347542,0.00536910519,0.2475579236,0.2475579236,0,0,1,0,222.5146525,222.5146525,0,198,281,3.264503956
1194,0,222.5146525,1407,0,1184.485348,0,4.281574681,1184.485348,4.281574681,0.2475579236,20.75244208,1,1,0,0,222.5146525,222.5146525,0,198,282,3.267117023
1195,0,222.5146525,212,0,-10.51465246,0,-0.03800745179,-10.51465246,-0.03800745179,0.159312916,0.159312916,0,0,1,0,222.5146525,222.5146525,0,198,283,3.270267725
1196,0,212,2076,-10.51465246,1853.485348,-0.03800745179,6.699817732,1864,6.737825184,0,29,1,1,0,0,222.5146525,222.5146525,0,198,284,3.273033619
1197,0,222.5146525,9779,0,9556.485348,0,34.5439526,9556.485348,34.5439526,0.161763884,188.1617639,0,0,1,0,222.5146525,222.5146525,0,198,285,3.275521994
1198,0,222.5146525,227,0,4.485347542,0,0.01621324443,4.485347542,0.01621324443,2.110751784,2.110751784,0,0,1,0,222.5146525,222.5146525,0,198,286,3.27850008
1199,0,222.5146525,223,0,0.4853475418,0,0.001754392108,0.4853475418,0.001754392108,0.1213368854,0.1213368854,0,0,1,0,222.5146525,222.5146525,0,198,287,3.280976534
1200,0,222.5146525,1471,0,1248.485348,0,4.512916318,1248.485348,4.512916318,0.1213368854,22.87866311,0,0,1,0,222.5146525,222.5146525,0,198,288,3.283345222
1201,0,222.5146525,211,0,-11.51465246,0,-0.04162216487,-11.51465246,-0.04162216487,0.3542969987,0.3542969987,0,0,1,0,222.5146525,222.5146525,0,198,289,3.286253452
1202,0,211,1942,-11.51465246,1719.485348,-0.04162216487,6.215446179,1731,6.257068344,0,27,0,0,1,0,222.5146525,222.5146525,0,198,290,3.288869858
1203,0,222.5146525,9064,0,8841.485348,0,31.95943275,8841.485348,31.95943275,0.3542969987,170,0,0,1,0,222.5146525,222.5146525,0,198,291,3.291378975
1204,0,222.5146525,221,0,-1.514652458,0,-0.005475034055,-1.514652458,-0.005475034055,0.2524420764,0.2524420764,0,0,1,0,222.5146525,222.5146525,0,198,292,3.294184446
1205,0,221,2153,-1.514652458,1930.485348,-0.005475034055,6.97815064,1932,6.983625674,0,30,0,0,1,0,222.5146525,222.5146525,0,198,293,3.29715395
1206,0,222.5146525,220,0,-2.514652458,0,-0.009089747136,-2.514652458,-0.009089747136,0.0386869609,0.0386869609,0,0,1,0,222.5146525,222.5146525,0,198,294,3.299714088
1207,0,220,1279,-2.514652458,1056.485348,-0.009089747136,3.818891406,1059,3.827981153,0,17,0,0,1,0,222.5146525,222.5146525,0,198,295,3.302533865
1208,0,222.5146525,10180,0,9957.485348,0,35.99345255,9957.485348,35.99345255,0.02330234551,190.0233023,0,0,1,0,222.5146525,222.5146525,0,198,296,3.305021763
1209,0,222.5146525,222,0,-0.5146524582,0,-0.001860320973,-0.5146524582,-0.001860320973,0.1470435595,0.1470435595,0,0,1,0,222.5146525,222.5146525,0,198,297,3.307714224
1210,0,222,1011,-0.5146524582,788.4853475,-0.001860320973,2.8501483,789,2.852008621,0,13,0,0,1,0,222.5146525,222.5146525,0,198,298,3.310508966
1211,0,222.5146525,221,0,-1.514652458,0,-0.005475034055,-1.514652458,-0.005475034055,0.02330234551,0.02330234551,0,0,1,0,222.5146525,222.5146525,0,198,299,3.312842607
1212,0,221,1280,-1.514652458,1057.485348,-0.005475034055,3.822506119,1059,3.827981153,0,17,0,0,1,0,222.5146525,222.5146525,0,198,300,3.315291166
1213,0,222.5146525,9484,0,9261.485348,0,33.47761224,9261.485348,33.47761224,0.007917730126,194.9920823,0,0,1,0,222.5146525,222.5146525,0,198,301,3.31768012
1214,0,222.5146525,221,0,-1.514652458,0,-0.005475034055,-1.514652458,-0.005475034055,0.5890315115,0.5890315115,0,0,1,0,222.5146525,222.5146525,0,198,302,3.3203547
1215,0,221,812,-1.514652458,589.4853475,-0.005475034055,2.130820397,591,2.136295431,0,10,0,0,1,0,222.5146525,222.5146525,0,198,303,3.323243856
1216,0,222.5146525,220,0,-2.514652458,0,-0.009089747136,-2.514652458,-0.009089747136,0.0386869609,0.0386869609,0,0,1,0,222.5146525,222.5146525,0,198,304,3.325610399
1217,0,220,2086,-2.514652458,1863.485348,-0.009089747136,6.735964863,1866,6.74505461,0,29,0,0,1,0,222.5146525,222.5146525,0,198,305,3.328130484
1218,0,222.5146525,11414,0,11191.48535,0,40.45400849,11191.48535,40.45400849,0.02330234551,219.9766977,0,0,1,0,222.5146525,222.5146525,0,198,306,3.330533266
1219,0,222.5146525,226,2.842170943e-14,3.485347542,1.027363249e-16,0.01259853135,3.485347542,0.01259853135,0.6336995531,0.6336995531,0,0,1,0,222.5146525,222.5146525,0,198,307,3.333221197
1220,0,222.5146525,1140,2.842170943e-14,917.4853475,1.027363249e-16,3.316446288,917.4853475,3.316446288,0.6336995531,16.36630045,0,0,1,0,222.5146525,222.5146525,0,198,308,3.335744619
1221,0,222.5146525,214,0,-8.514652458,0,-0.03077802563,-8.514652458,-0.03077802563,0.1309946532,0.1309946532,0,0,1,0,222.5146525,222.5146525,0,198,309,3.338466167
1222,0,214,1139,-8.514652458,916.4853475,-0.03077802563,3.312831575,925,3.3436096,0,15,0,0,1,0,222.5146525,222.5146525,0,198,310,3.341211319
1223,0,222.5146525,215,0,-7.514652458,0,-0.02716331254,-7.514652458,-0.02716331254,0.1156100378,0.1156100378,0,0,1,0,222.5146525,222.5146525,0,198,311,3.343608618
1224,0,215,1339,-7.514652458,1116.485348,-0.02716331254,4.035774191,1124,4.062937504,0,18,0,0,1,0,222.5146525,222.5146525,0,198,312,3.346332073
1225,0,222.5146525,9404,0,9181.485348,0,33.18843519,9181.485348,33.18843519,0.1309946532,184.1309947,0,0,1,0,222.5146525,222.5146525,0,198,313,3.348759174
1226,0,222.5146525,214,0,-8.514652458,0,-0.03077802563,-8.514652458,-0.03077802563,2.830891257,2.830891257,1,5,0,0,222.5146525,222.5146525,0,198,314,3.351426601
1227,0,222.5146525,957,0,734.4853475,0,2.654953794,734.4853475,2.654953794,2.830891257,14.16910874,0,0,1,0,222.5146525,222.5146525,0,198,315,3.353767872
1228,0,222.5146525,222,0,-0.5146524582,0,-0.001860320973,-0.5146524582,-0.001860320973,0.07352177975,0.07352177975,0,0,1,0,222.5146525,222.5146525,0,198,316,3.356555939
1229,0,222,1281,-0.5146524582,1058.485348,-0.001860320973,3.826120832,1059,3.827981153,0,17,0,0,1,0,222.5146525,222.5146525,0,198,317,3.359202862
1230,0,222.5146525,223,0,0.4853475418,0,0.001754392108,0.4853475418,0.001754392108,0.09706950836,0.09706950836,0,0,1,0,222.5146525,222.5146525,0,198,318,3.361787319
1231,0,222.5146525,1612,0,1389.485348,0,5.022590862,1389.485348,5.022590862,0.09706950836,22.90293049,0,0,1,0,222.5146525,222.5146525,0,198,319,3.364138365
1232,0,222.5146525,217,0,-5.514652458,0,-0.01993388638,-5.514652458,-0.01993388638,0.08484080705,0.08484080705,0,0,1,0,222.5146525,222.5146525,0,198,320,3.366852045
1233,0,217,2018,-5.514652458,1795.485348,-0.01993388638,6.490164374,1801,6.51009826,0,28,0,0,1,0,222.5146525,222.5146525,0,198,321,3.369287729
1234,0,222.5146525,218,0,-4.514652458,0,-0.0163191733,-4.514652458,-0.0163191733,0.06945619166,0.06945619166,0,0,1,0,222.5146525,222.5146525,0,198,322,3.371623039
1235,0,218,1141,-4.514652458,918.4853475,-0.0163191733,3.320061001,923,3.336380174,0,15,0,0,1,0,222.5146525,222.5146525,0,198,323,3.37405324
1236,0,222.5146525,9692,0,9469.485348,0,34.22947256,9469.485348,34.22947256,0.08484080705,189.9151592,0,0,1,0,222.5146525,222.5146525,0,198,324,3.376450539
1237,0,222.5146525,187,0,-35.51465246,0,-0.1283752788,-35.51465246,-0.1283752788,3.252442076,3.252442076,1,6,0,0,222.5146525,222.5146525,0,198,325,3.379140377
1238,0,214,214,-8.514652458,-8.514652458,-0.03077802563,-0.03077802563,0,0,0,0,0,0,1,0,222.5146525,222.5146525,0,198,326,3.382070065
1239,0,214,807,-8.514652458,584.4853475,-0.03077802563,2.112746832,593,2.143524857,0,10,0,0,1,0,222.5146525,222.5146525,0,198,327,3.384571314
1240,0,222.5146525,215,0,-7.514652458,0,-0.02716331254,-7.514652458,-0.02716331254,0.1156100378,0.1156100378,0,0,1,0,222.5146525,222.5146525,0,198,328,3.386941195
1241,0,215,2147,-7.514652458,1924.485348,-0.02716331254,6.956462361,1932,6.983625674,0,30,0,0,1,0,222.5146525,222.5146525,0,198,329,3.389409542
1242,0,222.5146525,9592,0,9369.485348,0,33.86800125,9369.485348,33.86800125,0.1309946532,193.1309947,0,0,1,0,222.5146525,222.5146525,0,198,330,3.391825438
1243,0,222.5146525,217,-2.842170943e-14,-5.514652458,-1.027363249e-16,-0.01993388638,-5.514652458,-0.01993388638,3.06369581,3.06369581,0,0,1,0,222.5146525,222.5146525,0,198,331,3.394767761
1244,0,217,1544,-5.514652458,1321.485348,-0.01993388638,4.776790373,1327,4.796724259,0,21,0,0,1,0,222.5146525,222.5146525,0,198,332,3.397906065
1245,0,222.5146525,218,0,-4.514652458,0,-0.0163191733,-4.514652458,-0.0163191733,0.06945619166,0.06945619166,0,0,1,0,222.5146525,222.5146525,0,198,333,3.400295734
1246,0,218,1409,-4.514652458,1186.485348,-0.0163191733,4.288804107,1191,4.30512328,0,19,0,0,1,0,222.5146525,222.5146525,0,198,334,3.402757168
1247,0,222.5146525,10425,0,10202.48535,0,36.87905725,10202.48535,36.87905725,0.08484080705,199.9151592,0,0,1,0,222.5146525,222.5146525,0,198,335,3.405163527
1248,0,222.5146525,223,0,0.4853475418,0,0.001754392108,0.4853475418,0.001754392108,0.2157100186,0.2157100186,0,0,1,0,222.5146525,222.5146525,0,198,336,3.408009529
1249,0,222.5146525,387,2.842170943e-14,164.4853475,1.027363249e-16,0.5945673375,164.4853475,0.5945673375,0.1120032789,10.88799672,1,2,0,0,222.5146525,222.5146525,0,198,337,3.410807848
1250,0,222.5146525,200,0,-22.51465246,0,-0.08138400877,-22.51465246,-0.08138400877,0.3411310979,0.3411310979,0,0,1,0,222.5146525,222.5146525,0,198,338,3.413710117
1251,0,200,1123,-22.51465246,900.4853475,-0.08138400877,3.254996166,923,3.336380174,0,15,1,2,0,0,222.5146525,222.5146525,0,198,339,3.416306257
1252,0,222.5146525,10463,0,10240.48535,0,37.01641635,10240.48535,37.01641635,0.3463792686,197.6536207,0,0,1,0,222.5146525,222.5146525,0,198,340,3.418703318
1253,0,222.5146525,223,0,0.4853475418,0,0.001754392108,0.4853475418,0.001754392108,0.08089125696,0.08089125696,0,0,1,0,222.5146525,222.5146525,0,198,341,3.421532393
1254,0,222.5146525,1142,0,919.4853475,0,3.323675714,919.4853475,3.323675714,0.08089125696,15.91910874,1,2,0,0,222.5146525,222.5146525,0,198,342,3.424151182
1255,0,222.5146525,217,0,-5.514652458,0,-0.01993388638,-5.514652458,-0.01993388638,0.08484080705,0.08484080705,0,0,1,0,222.5146525,222.5146525,0,198,343,3.426895857
1256,0,217,874,-5.514652458,651.4853475,-0.01993388638,2.354932608,657,2.374866495,0,11,1,2,0,0,222.5146525,222.5146525,0,198,344,3.429504395
1257,0,222.5146525,12050,0,11827.48535,0,42.75296601,11827.48535,42.75296601,0.08484080705,218.9151592,0,0,1,0,222.5146525,222.5146525,0,198,345,3.431921005
1258,0,222.5146525,223,0,0.4853475418,0,0.001754392108,0.4853475418,0.001754392108,0.09706950836,0.09706950836,0,0,1,0,222.5146525,222.5146525,0,198,346,3.434607744
1259,0,222.5146525,997,0,774.4853475,0,2.799542317,774.4853475,2.799542317,0.09706950836,15.90293049,1,2,0,0,222.5146525,222.5146525,0,198,347,3.437221527
1260,0,222.5146525,208,0,-14.51465246,0,-0.05246630412,-14.51465246,-0.05246630412,0.2233023455,0.2233023455,0,0,1,0,222.5146525,222.5146525,0,198,348,3.440068483
1261,0,208,2140,-14.51465246,1917.485348,-0.05246630412,6.93115937,1932,6.983625674,0,30,1,1,0,0,222.5146525,222.5146525,0,198,349,3.442906618
1262,0,222.5146525,10950,0,10727.48535,0,38.77678162,10727.48535,38.77678162,0.2233023455,222.7766977,0,0,1,0,222.5146525,222.5146525,0,198,350,3.445436239
1263,0,222.5146525,221,0,-1.514652458,0,-0.005475034055,-1.514652458,-0.005475034055,0.2524420764,0.2524420764,0,0,1,0,222.5146525,222.5146525,0,198,351,3.448181629
1264,0,221,1818,-1.514652458,1595.485348,-0.005475034055,5.767221757,1597,5.772696791,0,25,0,0,1,0,222.5146525,222.5146525,0,198,352,3.451241016
1265,0,222.5146525,222,0,-0.5146524582,0,-0.001860320973,-0.5146524582,-0.001860320973,0.007917730126,0.007917730126,0,0,1,0,222.5146525,222.5146525,0,198,353,3.453652859
1266,0,222,1346,-0.5146524582,1123.485348,-0.001860320973,4.061077183,1124,4.062937504,0,18,0,0,1,0,222.5146525,222.5146525,0,198,354,3.456239939
1267,0,222.5146525,10212,0,9989.485348,0,36.10912336,9989.485348,36.10912336,0.02330234551,205.9766977,0,0,1,0,222.5146525,222.5146525,0,198,355,3.458640575
1268,0,222.5146525,224,0,1.485347542,0,0.00536910519,1.485347542,0.00536910519,0.2970695084,0.2970695084,0,0,1,0,222.5146525,222.5146525,0,198,356,3.461586714
1269,0,222.5146525,2085,0,1862.485348,0,6.73235015,1862.485348,6.73235015,0.2970695084,29.70293049,0,0,1,0,222.5146525,222.5146525,0,198,357,3.464671612
1270,0,222.5146525,220,0,-2.514652458,0,-0.009089747136,-2.514652458,-0.009089747136,0.0386869609,0.0386869609,0,0,1,0,222.5146525,222.5146525,0,198,358,3.467898846
1271,0,220,1747,-2.514652458,1524.485348,-0.009089747136,5.510577128,1527,5.519666876,0,24,0,0,1,0,222.5146525,222.5146525,0,198,359,3.470538378
1272,0,222.5146525,219,0,-3.514652458,0,-0.01270446022,-3.514652458,-0.01270446022,0.05407157628,0.05407157628,0,0,1,0,222.5146525,222.5146525,0,198,360,3.473014116
1273,0,219,1546,-3.514652458,1323.485348,-0.01270446022,4.784019799,1327,4.796724259,0,21,0,0,1,0,222.5146525,222.5146525,0,198,361,3.476113558
1274,0,222.5146525,9571,0,9348.485348,0,33.79209228,9348.485348,33.79209228,0.0386869609,195.961313,0,0,1,0,222.5146525,222.5146525,0,198,362,3.478563547
1275,0,222.5146525,219,0,-3.514652458,0,-0.01270446022,-3.514652458,-0.01270446022,3.514652458,3.514652458,0,0,1,0,222.5146525,222.5146525,0,198,363,3.482006788
1276,0,219,876,-3.514652458,653.4853475,-0.01270446022,2.362162034,657,2.374866495,0,11,1,1,0,0,222.5146525,222.5146525,0,198,364,3.485441923
1277,0,222.5146525,8265,0,8042.485348,0,29.07127699,8042.485348,29.07127699,0.05407157628,184.0540716,0,0,1,0,222.5146525,222.5146525,0,198,365,3.487971306
1278,0,222.5146525,221,0,-1.514652458,0,-0.005475034055,-1.514652458,-0.005475034055,0.3029304916,0.3029304916,0,0,1,0,222.5146525,222.5146525,0,198,366,3.49094224
1279,0,221,1012,-1.514652458,789.4853475,-0.005475034055,2.853763013,791,2.859238048,0,13,0,0,1,0,222.5146525,222.5146525,0,198,367,3.494125843
1280,0,222.5146525,222,0,-0.5146524582,0,-0.001860320973,-0.5146524582,-0.001860320973,0.007917730126,0.007917730126,0,0,1,0,222.5146525,222.5146525,0,198,368,3.496522427
1281,0,222,2154,-0.5146524582,1931.485348,-0.001860320973,6.981765353,1932,6.983625674,0,30,0,0,1,0,222.5146525,222.5146525,0,198,369,3.499107599
1282,0,222.5146525,11130,0,10907.48535,0,39.42742997,10907.48535,39.42742997,0.02330234551,220.0233023,0,0,1,0,222.5146525,222.5146525,0,198,370,3.50153017
1283,0,222.5146525,198,0,-24.51465246,0,-0.08861343493,-24.51465246,-0.08861343493,3.697069508,3.697069508,1,7,0,0,222.5146525,222.5146525,0,198,371,3.504427433
1284,0,222.5146525,228,0,5.485347542,0,0.01982795752,5.485347542,0.01982795752,1.496003875,1.496003875,0,0,1,0,222.5146525,222.5146525,0,198,372,3.507097244
1285,0,222.5146525,223,0,0.4853475418,0,0.001754392108,0.4853475418,0.001754392108,0.1213368854,0.1213368854,0,0,1,0,222.5146525,222.5146525,0,198,373,3.509776831
1286,0,222.5146525,879,0,656.4853475,0,2.373006174,656.4853475,2.373006174,0.1213368854,11.87866311,0,0,1,0,222.5146525,222.5146525,0,198,374,3.512140751
1287,0,222.5146525,220,0,-2.514652458,0,-0.009089747136,-2.514652458,-0.009089747136,0.0386869609,0.0386869609,0,0,1,0,222.5146525,222.5146525,0,198,375,3.515098095
1288,0,220,1277,-2.514652458,1054.485348,-0.009089747136,3.81166198,1057,3.820751727,0,17,0,0,1,0,222.5146525,222.5146525,0,198,376,3.517774582
1289,0,222.5146525,219,0,-3.514652458,0,-0.01270446022,-3.514652458,-0.01270446022,0.05407157628,0.05407157628,0,0,1,0,222.5146525,222.5146525,0,198,377,3.520173311
1290,0,219,1613,-3.514652458,1390.485348,-0.01270446022,5.026205576,1394,5.038910036,0,22,0,0,1,0,222.5146525,222.5146525,0,198,378,3.522617579
1291,0,222.5146525,9913,0,9690.485348,0,35.02832415,9690.485348,35.02832415,0.0386869609,194.038687,0,0,1,0,222.5146525,222.5146525,0,198,379,3.525004625
1292,0,222.5146525,224,0,1.485347542,0,0.00536910519,1.485347542,0.00536910519,0.2475579236,0.2475579236,0,0,1,0,222.5146525,222.5146525,0,198,380,3.527855635
1293,0,222.5146525,1011,0,788.4853475,0,2.8501483,788.4853475,2.8501483,0.2475579236,13.75244208,0,0,1,0,222.5146525,222.5146525,0,198,381,3.530341625
1294,0,222.5146525,219,0,-3.514652458,0,-0.01270446022,-3.514652458,-0.01270446022,0.05407157628,0.05407157628,0,0,1,0,222.5146525,222.5146525,0,198,382,3.532994747
1295,0,219,1611,-3.514652458,1388.485348,-0.01270446022,5.018976149,1392,5.03168061,0,22,0,0,1,0,222.5146525,222.5146525,0,198,383,3.535747051
1296,0,222.5146525,218,0,-4.514652458,0,-0.0163191733,-4.514652458,-0.0163191733,0.06945619166,0.06945619166,0,0,1,0,222.5146525,222.5146525,0,198,384,3.538124323
1297,0,218,1076,-4.514652458,853.4853475,-0.0163191733,3.085104651,858,3.101423824,0,14,0,0,1,0,222.5146525,222.5146525,0,198,385,3.540545225
1298,0,222.5146525,9878,0,9655.485348,0,34.90180919,9655.485348,34.90180919,0.05407157628,196.0540716,0,0,1,0,222.5146525,222.5146525,0,198,386,3.54291296
1299,0,222.5146525,224,0,1.485347542,0,0.00536910519,1.485347542,0.00536910519,0.2970695084,0.2970695084,0,0,1,0,222.5146525,222.5146525,0,198,387,3.545637846
1300,0,222.5146525,1144,0,921.4853475,0,3.33090514,921.4853475,3.33090514,0.2970695084,15.70293049,0,0,1,0,222.5146525,222.5146525,0,198,388,3.548245668
1301,0,222.5146525,219,0,-3.514652458,0,-0.01270446022,-3.514652458,-0.01270446022,0.1081431526,0.1081431526,0,0,1,0,222.5146525,222.5146525,0,198,389,3.550972223
1302,0,219,1343,-3.514652458,1120.485348,-0.01270446022,4.050233044,1124,4.062937504,0,18,0,0,1,0,222.5146525,222.5146525,0,198,390,3.55345273
1303,0,222.5146525,10783,0,10560.48535,0,38.17312453,10560.48535,38.17312453,0.1081431526,217,0,0,1,0,222.5146525,222.5146525,0,198,391,3.555843353
1304,0,222.5146525,210,2.842170943e-14,-12.51465246,1.027363249e-16,-0.04523687795,-12.51465246,-0.04523687795,3,3,1,2,0,0,222.5146525,222.5146525,0,198,392,3.558744907
1305,0,222.5146525,218,2.842170943e-14,-4.514652458,1.027363249e-16,-0.0163191733,-4.514652458,-0.0163191733,0.3472809583,0.3472809583,0,0,1,0,222.5146525,222.5146525,0,198,393,3.561504841
1306,0,218,1208,-4.514652458,985.4853475,-0.0163191733,3.562246777,990,3.578565951,0,16,0,0,1,0,222.5146525,222.5146525,0,198,394,3.564338684
1307,0,222.5146525,11279,0,11056.48535,0,39.96602222,11056.48535,39.96602222,0.1389123833,224.8610876,0,0,1,0,222.5146525,222.5146525,0,198,395,3.566785097
1308,0,222.5146525,170,0,-52.51465246,0,-0.1898254012,-52.51465246,-0.1898254012,5.237879846,5.237879846,1,10,0,0,222.5146525,222.5146525,0,198,396,3.569531679
1309,0,222.5146525,213,0,-9.514652458,0,-0.03439273871,-9.514652458,-0.03439273871,2.616178251,2.616178251,1,1,0,0,222.5146525,222.5146525,0,198,397,3.572774649
1310,0,222.5146525,216,0,-6.514652458,0,-0.02354859946,-6.514652458,-0.02354859946,0.1760716881,0.1760716881,0,0,1,0,222.5146525,222.5146525,0,198,398,3.575324059
1311,0,216,1949,-6.514652458,1726.485348,-0.02354859946,6.240749171,1733,6.26429777,0,27,0,0,1,0,222.5146525,222.5146525,0,198,399,3.577822924
1312,0,222.5146525,217,0,-5.514652458,0,-0.01993388638,-5.514652458,-0.01993388638,0.08484080705,0.08484080705,0,0,1,0,222.5146525,222.5146525,0,198,400,3.580186129
1313,0,217,874,-5.514652458,651.4853475,-0.01993388638,2.354932608,657,2.374866495,0,11,0,0,1,0,222.5146525,222.5146525,0,198,401,3.582609892
1314,0,222.5146525,10628,0,10405.48535,0,37.61284401,10405.48535,37.61284401,0.1002254224,199.1002254,0,0,1,0,222.5146525,222.5146525,0,198,402,3.584989548
1315,0,222.5146525,222,0,-0.5146524582,0,-0.001860320973,-0.5146524582,-0.001860320973,0.1029304916,0.1029304916,0,0,1,0,222.5146525,222.5146525,0,198,403,3.587733507
1316,0,222,1013,-0.5146524582,790.4853475,-0.001860320973,2.857377727,791,2.859238048,0,13,0,0,1,0,222.5146525,222.5146525,0,198,404,3.590696573
1317,0,222.5146525,223,0,0.4853475418,0,0.001754392108,0.4853475418,0.001754392108,0.09706950836,0.09706950836,0,0,1,0,222.5146525,222.5146525,0,198,405,3.593205214
1318,0,222.5146525,1076,0,853.4853475,0,3.085104651,853.4853475,3.085104651,0.09706950836,14.90293049,1,1,0,0,222.5146525,222.5146525,0,198,406,3.595542192
1319,0,222.5146525,218,0,-4.514652458,0,-0.0163191733,-4.514652458,-0.0163191733,0.06945619166,0.06945619166,0,0,1,0,222.5146525,222.5146525,0,198,407,3.598269939
1320,0,218,1476,-4.514652458,1253.485348,-0.0163191733,4.530989883,1258,4.547309057,0,20,1,1,0,0,222.5146525,222.5146525,0,198,408,3.601092815
1321,0,222.5146525,10659,0,10436.48535,0,37.72490011,10436.48535,37.72490011,0.06945619166,205.0694562,0,0,1,0,222.5146525,222.5146525,0,198,409,3.603546858
1322,0,222.5146525,221,0,-1.514652458,0,-0.005475034055,-1.514652458,-0.005475034055,0.2524420764,0.2524420764,0,0,1,0,222.5146525,222.5146525,0,198,410,3.606373787
1323,0,221,1952,-1.514652458,1729.485348,-0.005475034055,6.25159331,1731,6.257068344,0,27,0,0,1,0,222.5146525,222.5146525,0,198,411,3.609200716
1324,0,222.5146525,9846,0,9623.485348,0,34.78613838,9623.485348,34.78613838,0.04660469102,205.0466047,0,0,1,0,222.5146525,222.5146525,0,198,412,3.611618042
1325,0,222.5146525,234,0,11.48534754,0,0.04151623601,11.48534754,0.04151623601,5.240886742,5.240886742,0,0,1,0,222.5146525,222.5146525,0,198,413,3.614857197
1326,0,222.5146525,220,0,-2.514652458,0,-0.009089747136,-2.514652458,-0.009089747136,0.5388540982,0.5388540982,0,0,1,0,222.5146525,222.5146525,0,198,414,3.617568493
1327,0,220,1009,-2.514652458,786.4853475,-0.009089747136,2.842918874,789,2.852008621,0,13,0,0,1,0,222.5146525,222.5146525,0,198,415,3.62045598
1328,0,222.5146525,9012,0,8789.485348,0,31.77146767,8789.485348,31.77146767,0.07737392179,187,0,0,1,0,222.5146525,222.5146525,0,198,416,3.622911692
1329,0,222.5146525,223,0,0.4853475418,0,0.001754392108,0.4853475418,0.001754392108,0.08089125696,0.08089125696,0,0,1,0,222.5146525,222.5146525,0,198,417,3.62557435
1330,0,222.5146525,875,0,652.4853475,0,2.358547321,652.4853475,2.358547321,0.08089125696,11.91910874,1,1,0,0,222.5146525,222.5146525,0,198,418,3.627998114
1331,0,222.5146525,217,0,-5.514652458,0,-0.01993388638,-5.514652458,-0.01993388638,0.08484080705,0.08484080705,0,0,1,0,222.5146525,222.5146525,0,198,419,3.630651951
1332,0,217,1274,-5.514652458,1051.485348,-0.01993388638,3.800817841,1057,3.820751727,0,17,0,0,1,0,222.5146525,222.5146525,0,198,420,3.633148193
1333,0,222.5146525,9129,0,8906.485348,0,32.1943891,8906.485348,32.1943891,0.126289751,181.1262898,0,0,1,0,222.5146525,222.5146525,0,198,421,3.635617018
1334,0,222.5146525,230,0,7.485347542,0,0.02705738368,7.485347542,0.02705738368,1.439489912,1.439489912,0,0,1,0,222.5146525,222.5146525,0,198,422,3.638766527
1335,0,222.5146525,1331,0,1108.485348,0,4.006856487,1108.485348,4.006856487,1.439489912,20.56051009,0,0,1,0,222.5146525,222.5146525,0,198,423,3.641323805
1336,0,222.5146525,204,0,-18.51465246,0,-0.06692515644,-18.51465246,-0.06692515644,0.284840807,0.284840807,0,0,1,0,222.5146525,222.5146525,0,198,424,3.644138098
1337,0,204,993,-18.51465246,770.4853475,-0.06692515644,2.785083465,789,2.852008621,0,13,1,1,0,0,222.5146525,222.5146525,0,198,425,3.646661997
1338,0,222.5146525,9792,0,9569.485348,0,34.59094387,9569.485348,34.59094387,0.284840807,197.7151592,0,0,1,0,222.5146525,222.5146525,0,198,426,3.649109125
1339,0,222.5146525,226,-2.842170943e-14,3.485347542,-1.027363249e-16,0.01259853135,3.485347542,0.01259853135,0.6535026641,0.6535026641,0,0,1,0,222.5146525,222.5146525,0,198,427,3.652253389
1340,0,222.5146525,1135,-2.842170943e-14,912.4853475,-1.027363249e-16,3.298372723,912.4853475,3.298372723,0.6535026641,17.34649734,1,1,0,0,222.5146525,222.5146525,0,198,428,3.6551373
1341,0,222.5146525,210,0,-12.51465246,0,-0.04523687795,-12.51465246,-0.04523687795,0.1925331147,0.1925331147,0,0,1,0,222.5146525,222.5146525,0,198,429,3.658162117
1342,0,210,1873,-12.51465246,1650.485348,-0.04523687795,5.966030977,1663,6.011267855,0,26,1,1,0,0,222.5146525,222.5146525,0,198,430,3.660767078
1343,0,222.5146525,11265,0,11042.48535,0,39.91541624,11042.48535,39.91541624,0.1925331147,215.8074669,0,0,1,0,222.5146525,222.5146525,0,198,431,3.663175821
1344,0,222.5146525,218,2.842170943e-14,-4.514652458,1.027363249e-16,-0.0163191733,-4.514652458,-0.0163191733,3.435567514,3.435567514,1,1,0,0,222.5146525,222.5146525,0,198,432,3.666524887
1345,0,222.5146525,227,-2.842170943e-14,4.485347542,-1.027363249e-16,0.01621324443,4.485347542,0.01621324443,1.245929873,1.245929873,0,0,1,0,222.5146525,222.5146525,0,198,433,3.670164585
1346,0,222.5146525,793,0,570.4853475,0,2.062140849,570.4853475,2.062140849,1.043104079,16.95689592,0,0,1,0,222.5146525,222.5146525,0,198,434,3.673027277
1347,0,222.5146525,196,0,-26.51465246,0,-0.09584286109,-26.51465246,-0.09584286109,0.4017371585,0.4017371585,0,0,1,1,222.5146525,222.5146525,0,196,0,3.676186323
1348,0,196,1523,-26.51465246,1300.485348,-0.09584286109,4.700881398,1327,4.796724259,0,21,0,0,1,0,222.5146525,222.5146525,0,196,1,3.678919792
1349,0,222.5146525,197,0,-25.51465246,0,-0.09222814801,-25.51465246,-0.09222814801,0.3925331147,0.3925331147,0,0,1,0,222.5146525,222.5146525,0,196,2,3.681292534
1350,0,197,1996,-25.51465246,1773.485348,-0.09222814801,6.410640686,1799,6.502868834,0,28,0,0,1,0,222.5146525,222.5146525,0,196,3,3.683734894
1351,0,222.5146525,9208,0,8985.485348,0,32.47995143,8985.485348,32.47995143,0.4079177301,190.5920823,0,0,1,0,222.5146525,222.5146525,0,196,4,3.686140299
1352,0,222.5146525,181,-2.842170943e-14,-41.51465246,-1.027363249e-16,-0.1500635573,-41.51465246,-0.1500635573,4.822667502,4.822667502,1,7,0,0,222.5146525,222.5146525,0,196,5,3.6890347
1353,0,222.5146525,205,0,-17.51465246,0,-0.06331044336,-17.51465246,-0.06331044336,2.319879379,2.319879379,1,2,0,0,222.5146525,222.5146525,0,196,6,3.692107201
1354,0,221,221,-1.514652458,-1.514652458,-0.005475034055,-0.005475034055,0,0,0,0,0,0,1,0,222.5146525,222.5146525,0,196,7,3.694873571
1355,0,221,2087,-1.514652458,1864.485348,-0.005475034055,6.739579576,1866,6.74505461,0,29,0,0,1,0,222.5146525,222.5146525,0,196,8,3.697224855
1356,0,222.5146525,222,0,-0.5146524582,0,-0.001860320973,-0.5146524582,-0.001860320973,0.007917730126,0.007917730126,0,0,1,0,222.5146525,222.5146525,0,196,9,3.699590445
1357,0,222,1212,-0.5146524582,989.4853475,-0.001860320973,3.57670563,990,3.578565951,0,16,0,0,1,0,222.5146525,222.5146525,0,196,10,3.702416182
1358,0,222.5146525,10622,0,10399.48535,0,37.59115573,10399.48535,37.59115573,0.02330234551,211.0233023,0,0,1,0,222.5146525,222.5146525,0,196,11,3.704866886
1359,0,222.5146525,205,0,-17.51465246,0,-0.06331044336,-17.51465246,-0.06331044336,2.004578893,2.004578893,1,5,0,0,222.5146525,222.5146525,0,196,12,3.707709074
1360,0,222.5146525,216,0,-6.514652458,0,-0.02354859946,-6.514652458,-0.02354859946,1.897361124,1.897361124,1,1,0,0,222.5146525,222.5146525,0,196,13,3.710565805
1361,0,222.5146525,222,0,-0.5146524582,0,-0.001860320973,-0.5146524582,-0.001860320973,0.02144385243,0.02144385243,0,0,1,0,222.5146525,222.5146525,0,196,14,3.712968349
1362,0,222,1751,-0.5146524582,1528.485348,-0.001860320973,5.525035981,1529,5.526896302,0,24,0,0,1,0,222.5146525,222.5146525,0,196,15,3.715685129
1363,0,222.5146525,223,0,0.4853475418,0,0.001754392108,0.4853475418,0.001754392108,0.09706950836,0.09706950836,0,0,1,0,222.5146525,222.5146525,0,196,16,3.718225718
1364,0,222.5146525,1143,0,920.4853475,0,3.327290427,920.4853475,3.327290427,0.09706950836,15.90293049,0,0,1,0,222.5146525,222.5146525,0,196,17,3.720552444
1365,0,222.5146525,217,0,-5.514652458,0,-0.01993388638,-5.514652458,-0.01993388638,0.08484080705,0.08484080705,0,0,1,0,222.5146525,222.5146525,0,196,18,3.723228216
1366,0,217,876,-5.514652458,653.4853475,-0.01993388638,2.362162034,659,2.382095921,0,11,0,0,1,0,222.5146525,222.5146525,0,196,19,3.725649118
1367,0,222.5146525,218,0,-4.514652458,0,-0.0163191733,-4.514652458,-0.0163191733,0.06945619166,0.06945619166,0,0,1,0,222.5146525,222.5146525,0,196,20,3.727968931
1368,0,218,1007,-4.514652458,784.4853475,-0.0163191733,2.835689448,789,2.852008621,0,13,0,0,1,0,222.5146525,222.5146525,0,196,21,3.730414629
1369,0,222.5146525,9450,0,9227.485348,0,33.354712,9227.485348,33.354712,0.08484080705,184.0848408,0,0,1,0,222.5146525,222.5146525,0,196,22,3.732800961
1370,0,222.5146525,226,0,3.485347542,0,0.01259853135,3.485347542,0.01259853135,4.647130056,4.647130056,0,0,1,0,222.5146525,222.5146525,0,196,23,3.735889673
1371,0,222.5146525,1339,0,1116.485348,0,4.035774191,1116.485348,4.035774191,0.8043109712,20.19568903,0,0,1,0,222.5146525,222.5146525,0,196,24,3.739103556
1372,0,222.5146525,212,0,-10.51465246,0,-0.03800745179,-10.51465246,-0.03800745179,0.161763884,0.161763884,0,0,1,0,222.5146525,222.5146525,0,196,25,3.742120981
1373,0,212,1070,-10.51465246,847.4853475,-0.03800745179,3.063416372,858,3.101423824,0,14,0,0,1,0,222.5146525,222.5146525,0,196,26,3.744580746
1374,0,222.5146525,213,0,-9.514652458,0,-0.03439273871,-9.514652458,-0.03439273871,0.1463792686,0.1463792686,0,0,1,0,222.5146525,222.5146525,0,196,27,3.746904612
1375,0,213,1337,-9.514652458,1114.485348,-0.03439273871,4.028544765,1124,4.062937504,0,18,0,0,1,0,222.5146525,222.5146525,0,196,28,3.749341965
1376,0,222.5146525,9694,0,9471.485348,0,34.23670199,9471.485348,34.23670199,0.161763884,198.1617639,0,0,1,0,222.5146525,222.5146525,0,196,29,3.751734257
1377,0,222.5146525,197,2.842170943e-14,-25.51465246,1.027363249e-16,-0.09222814801,-25.51465246,-0.09222814801,3.497745776,3.497745776,1,6,0,0,222.5146525,222.5146525,0,196,30,3.754480839
1378,0,222.5146525,219,0,-3.514652458,0,-0.01270446022,-3.514652458,-0.01270446022,0.3401276572,0.3401276572,0,0,1,0,222.5146525,222.5146525,0,196,31,3.757176399
1379,0,219,1748,-3.514652458,1525.485348,-0.01270446022,5.514191842,1529,5.526896302,0,24,0,0,1,0,222.5146525,222.5146525,0,196,32,3.759958982
1380,0,222.5146525,220,0,-2.514652458,0,-0.009089747136,-2.514652458,-0.009089747136,0.0386869609,0.0386869609,0,0,1,0,222.5146525,222.5146525,0,196,33,3.762327194
1381,0,220,2152,-2.514652458,1929.485348,-0.009089747136,6.974535927,1932,6.983625674,0,30,0,0,1,0,222.5146525,222.5146525,0,196,34,3.764794588
1382,0,222.5146525,8464,0,8241.485348,0,29.7906049,8241.485348,29.7906049,0.05407157628,170.0540716,0,0,1,0,222.5146525,222.5146525,0,196,35,3.76719141
1383,0,222.5146525,220,0,-2.514652458,0,-0.009089747136,-2.514652458,-0.009089747136,0.3592360655,0.3592360655,0,0,1,0,222.5146525,222.5146525,0,196,36,3.769952059
1384,0,220,1346,-2.514652458,1123.485348,-0.009089747136,4.061077183,1126,4.07016693,0,18,0,0,1,0,222.5146525,222.5146525,0,196,37,3.772750616
1385,0,222.5146525,221,0,-1.514652458,0,-0.005475034055,-1.514652458,-0.005475034055,0.02330234551,0.02330234551,0,0,1,0,222.5146525,222.5146525,0,196,38,3.775113344
1386,0,221,1816,-1.514652458,1593.485348,-0.005475034055,5.759992331,1595,5.765467365,0,25,0,0,1,0,222.5146525,222.5146525,0,196,39,3.77789259
1387,0,222.5146525,10636,0,10413.48535,0,37.64176171,10413.48535,37.64176171,0.0386869609,201.038687,0,0,1,0,222.5146525,222.5146525,0,196,40,3.780348539
1388,0,222.5146525,225,0,2.485347542,0,0.008983818272,2.485347542,0.008983818272,0.4970695084,0.4970695084,0,0,1,0,222.5146525,222.5146525,0,196,41,3.783145428
1389,0,222.5146525,1752,0,1529.485348,0,5.528650694,1529.485348,5.528650694,0.4970695084,24.50293049,0,0,1,0,222.5146525,222.5146525,0,196,42,3.785720348
1390,0,222.5146525,221,0,-1.514652458,0,-0.005475034055,-1.514652458,-0.005475034055,0.02330234551,0.02330234551,0,0,1,0,222.5146525,222.5146525,0,196,43,3.788494825
1391,0,221,944,-1.514652458,721.4853475,-0.005475034055,2.607962524,723,2.613437558,0,12,0,0,1,0,222.5146525,222.5146525,0,196,44,3.791598797
1392,0,222.5146525,220,0,-2.514652458,0,-0.009089747136,-2.514652458,-0.009089747136,0.0386869609,0.0386869609,0,0,1,0,222.5146525,222.5146525,0,196,45,3.793977499
1393,0,220,1346,-2.514652458,1123.485348,-0.009089747136,4.061077183,1126,4.07016693,0,18,0,0,1,0,222.5146525,222.5146525,0,196,46,3.796431541
1394,0,222.5146525,10284,0,10061.48535,0,36.36938271,10061.48535,36.36938271,0.02330234551,200.0233023,0,0,1,0,222.5146525,222.5146525,0,196,47,3.798834324
1395,0,222.5146525,220,0,-2.514652458,0,-0.009089747136,-2.514652458,-0.009089747136,1.257326229,1.257326229,0,0,1,0,222.5146525,222.5146525,0,196,48,3.801585197
1396,0,220,2019,-2.514652458,1796.485348,-0.009089747136,6.493779087,1799,6.502868834,0,28,0,0,1,0,222.5146525,222.5146525,0,196,49,3.804626703
1397,0,222.5146525,219,0,-3.514652458,0,-0.01270446022,-3.514652458,-0.01270446022,0.05407157628,0.05407157628,0,0,1,0,222.5146525,222.5146525,0,196,50,3.807025194
1398,0,219,1144,-3.514652458,921.4853475,-0.01270446022,3.33090514,925,3.3436096,0,15,0,0,1,0,222.5146525,222.5146525,0,196,51,3.809600592
1399,0,222.5146525,10995,0,10772.48535,0,38.93944371,10772.48535,38.93944371,0.0386869609,205.038687,0,0,1,0,222.5146525,222.5146525,0,196,52,3.812015057
1400,0,222.5146525,167,0,-55.51465246,0,-0.2006695405,-55.51465246,-0.2006695405,5.602930492,5.602930492,1,16,0,0,222.5146525,222.5146525,0,196,53,3.815114498
1401,0,222.5146525,207,0,-15.51465246,0,-0.0560810172,-15.51465246,-0.0560810172,2.950151105,2.950151105,1,3,0,0,222.5146525,222.5146525,0,196,54,3.818586111
1402,0,222.5146525,227,0,4.485347542,0,0.01621324443,4.485347542,0.01621324443,1.345604263,1.345604263,0,0,1,0,222.5146525,222.5146525,0,196,55,3.821208477
1403,0,222.5146525,222,0,-0.5146524582,0,-0.001860320973,-0.5146524582,-0.001860320973,0.1029304916,0.1029304916,0,0,1,0,222.5146525,222.5146525,0,196,56,3.82383132
1404,0,222,1549,-0.5146524582,1326.485348,-0.001860320973,4.794863938,1327,4.796724259,0,21,0,0,1,0,222.5146525,222.5146525,0,196,57,3.826981068
1405,0,222.5146525,223,0,0.4853475418,0,0.001754392108,0.4853475418,0.001754392108,0.09706950836,0.09706950836,0,0,1,0,222.5146525,222.5146525,0,196,58,3.829629421
1406,0,222.5146525,810,0,587.4853475,0,2.123590971,587.4853475,2.123590971,0.09706950836,10.90293049,1,1,0,0,222.5146525,222.5146525,0,196,59,3.831973314
1407,0,222.5146525,218,0,-4.514652458,0,-0.0163191733,-4.514652458,-0.0163191733,0.06945619166,0.06945619166,0,0,1,0,222.5146525,222.5146525,0,196,60,3.834936619
1408,0,218,1610,-4.514652458,1387.485348,-0.0163191733,5.015361436,1392,5.03168061,0,22,1,1,0,0,222.5146525,222.5146525,0,196,61,3.837495089
1409,0,222.5146525,10267,0,10044.48535,0,36.30793258,10044.48535,36.30793258,0.06945619166,198.0694562,0,0,1,0,222.5146525,222.5146525,0,196,62,3.839946032
1410,0,222.5146525,211,2.842170943e-14,-11.51465246,1.027363249e-16,-0.04162216487,-11.51465246,-0.04162216487,5.416700304,5.416700304,1,6,0,0,222.5146525,222.5146525,0,196,63,3.842967272
1411,0,222.5146525,223,0,0.4853475418,0,0.001754392108,0.4853475418,0.001754392108,0.1213368854,0.1213368854,0,0,1,0,222.5146525,222.5146525,0,196,64,3.846217394
1412,0,222.5146525,1345,0,1122.485348,0,4.05746247,1122.485348,4.05746247,0.1213368854,18.87866311,0,0,1,0,222.5146525,222.5146525,0,196,65,3.848901749
1413,0,222.5146525,218,0,-4.514652458,0,-0.0163191733,-4.514652458,-0.0163191733,0.06945619166,0.06945619166,0,0,1,0,222.5146525,222.5146525,0,196,66,3.852212667
1414,0,218,1612,-4.514652458,1389.485348,-0.0163191733,5.022590862,1394,5.038910036,0,22,0,0,1,0,222.5146525,222.5146525,0,196,67,3.854905128
1415,0,222.5146525,219,0,-3.514652458,0,-0.01270446022,-3.514652458,-0.01270446022,0.05407157628,0.05407157628,0,0,1,0,222.5146525,222.5146525,0,196,68,3.857340574
1416,0,219,1276,-3.514652458,1053.485348,-0.01270446022,3.808047267,1057,3.820751727,0,17,0,0,1,0,222.5146525,222.5146525,0,196,69,3.860325336
1417,0,222.5146525,10011,0,9788.485348,0,35.38256603,9788.485348,35.38256603,0.06945619166,198.0694562,0,0,1,0,222.5146525,222.5146525,0,196,70,3.862937212
1418,0,222.5146525,223,0,0.4853475418,0,0.001754392108,0.4853475418,0.001754392108,0.09706950836,0.09706950836,0,0,1,0,222.5146525,222.5146525,0,196,71,3.86583519
1419,0,222.5146525,1277,0,1054.485348,0,3.81166198,1054.485348,3.81166198,0.09706950836,17.90293049,1,1,0,0,222.5146525,222.5146525,0,196,72,3.868345976
1420,0,222.5146525,218,0,-4.514652458,0,-0.0163191733,-4.514652458,-0.0163191733,0.06945619166,0.06945619166,0,0,1,0,222.5146525,222.5146525,0,196,73,3.871145487
1421,0,218,1949,-4.514652458,1726.485348,-0.0163191733,6.240749171,1731,6.257068344,0,27,1,1,0,0,222.5146525,222.5146525,0,196,74,3.873667955
1422,0,222.5146525,10674,0,10451.48535,0,37.77912081,10451.48535,37.77912081,0.06945619166,207.9305438,0,0,1,0,222.5146525,222.5146525,0,196,75,3.876138449
1423,0,222.5146525,219,0,-3.514652458,0,-0.01270446022,-3.514652458,-0.01270446022,0.6390277197,0.6390277197,0,0,1,0,222.5146525,222.5146525,0,196,76,3.879021168
1424,0,219,942,-3.514652458,719.4853475,-0.01270446022,2.600733098,723,2.613437558,0,12,1,1,0,0,222.5146525,222.5146525,0,196,77,3.882030964
1425,0,222.5146525,9044,0,8821.485348,0,31.88713848,8821.485348,31.88713848,0.05407157628,179.0540716,0,0,1,0,222.5146525,222.5146525,0,196,78,3.884564638
1426,0,222.5146525,225,0,2.485347542,0,0.008983818272,2.485347542,0.008983818272,0.4970695084,0.4970695084,0,0,1,0,222.5146525,222.5146525,0,196,79,3.887472391
1427,0,222.5146525,878,0,655.4853475,0,2.369391461,655.4853475,2.369391461,0.4970695084,11.50293049,0,0,1,0,222.5146525,222.5146525,0,196,80,3.890227079
1428,0,222.5146525,220,0,-2.514652458,0,-0.009089747136,-2.514652458,-0.009089747136,0.07737392179,0.07737392179,0,0,1,0,222.5146525,222.5146525,0,196,81,3.892952442
1429,0,220,1747,-2.514652458,1524.485348,-0.009089747136,5.510577128,1527,5.519666876,0,24,0,0,1,0,222.5146525,222.5146525,0,196,82,3.895477057
1430,0,222.5146525,10031,0,9808.485348,0,35.4548603,9808.485348,35.4548603,0.07737392179,194,0,0,1,0,222.5146525,222.5146525,0,196,83,3.897914171
1431,0,222.5146525,225,0,2.485347542,0,0.008983818272,2.485347542,0.008983818272,1.491208525,1.491208525,0,0,1,0,222.5146525,222.5146525,0,196,84,3.900583029
1432,0,222.5146525,221,0,-1.514652458,0,-0.005475034055,-1.514652458,-0.005475034055,0.3786631146,0.3786631146,0,0,1,0,222.5146525,222.5146525,0,196,85,3.903264999
1433,0,221,2153,-1.514652458,1930.485348,-0.005475034055,6.97815064,1932,6.983625674,0,30,0,0,1,0,222.5146525,222.5146525,0,196,86,3.906389952
1434,0,222.5146525,10263,-2.842170943e-14,10040.48535,-1.027363249e-16,36.29347373,10040.48535,36.29347373,0.04660469102,204,0,0,1,0,222.5146525,222.5146525,0,196,87,3.908943892
1435,0,222.5146525,212,-2.842170943e-14,-10.51465246,-1.027363249e-16,-0.03800745179,-10.51465246,-0.03800745179,6.257069508,6.257069508,1,4,0,0,222.5146525,222.5146525,0,196,88,3.912306547
1436,0,222.5146525,217,0,-5.514652458,0,-0.01993388638,-5.514652458,-0.01993388638,0.9847593675,0.9847593675,0,0,1,0,222.5146525,222.5146525,0,196,89,3.915484667
1437,0,217,1410,-5.514652458,1187.485348,-0.01993388638,4.29241882,1193,4.312352706,0,19,0,0,1,0,222.5146525,222.5146525,0,196,90,3.918632746
1438,0,222.5146525,218,0,-4.514652458,0,-0.0163191733,-4.514652458,-0.0163191733,0.06945619166,0.06945619166,0,0,1,0,222.5146525,222.5146525,0,196,91,3.92109561
1439,0,218,1813,-4.514652458,1590.485348,-0.0163191733,5.749148192,1595,5.765467365,0,25,0,0,1,0,222.5146525,222.5146525,0,196,92,3.923703909
1440,0,222.5146525,10678,0,10455.48535,0,37.79357966,10455.48535,37.79357966,0.08484080705,207.9151592,0,0,1,0,222.5146525,222.5146525,0,196,93,3.926133633
1441,0,222.5146525,226,0,3.485347542,0,0.01259853135,3.485347542,0.01259853135,0.4979067917,0.4979067917,0,0,1,0,222.5146525,222.5146525,0,196,94,3.928868532
1442,0,222.5146525,1144,0,921.4853475,0,3.33090514,921.4853475,3.33090514,0.4979067917,15.50209321,0,0,1,0,222.5146525,222.5146525,0,196,95,3.931774139
1443,0,222.5146525,219,0,-3.514652458,0,-0.01270446022,-3.514652458,-0.01270446022,0.1081431526,0.1081431526,0,0,1,0,222.5146525,222.5146525,0,196,96,3.934512615
1444,0,219,1008,-3.514652458,785.4853475,-0.01270446022,2.839304161,789,2.852008621,0,13,0,0,1,0,222.5146525,222.5146525,0,196,97,3.937330484
1445,0,222.5146525,10063,0,9840.485348,0,35.57053112,9840.485348,35.57053112,0.1081431526,196,0,0,1,0,222.5146525,222.5146525,0,196,98,3.939873695
1446,0,222.5146525,224,0,1.485347542,0,0.00536910519,1.485347542,0.00536910519,0.2970695084,0.2970695084,0,0,1,0,222.5146525,222.5146525,0,196,99,3.942780495
1447,0,222.5146525,1211,0,988.4853475,0,3.573090917,988.4853475,3.573090917,0.2970695084,16.70293049,0,0,1,0,222.5146525,222.5146525,0,196,100,3.945402622
1448,0,222.5146525,218,0,-4.514652458,0,-0.0163191733,-4.514652458,-0.0163191733,0.06945619166,0.06945619166,0,0,1,0,222.5146525,222.5146525,0,196,101,3.948197842
1449,0,218,1951,-4.514652458,1728.485348,-0.0163191733,6.247978597,1733,6.26429777,0,27,0,0,1,0,222.5146525,222.5146525,0,196,102,3.950945139
1450,0,222.5146525,219,0,-3.514652458,0,-0.01270446022,-3.514652458,-0.01270446022,0.05407157628,0.05407157628,0,0,1,0,222.5146525,222.5146525,0,196,103,3.953347206
1451,0,219,942,-3.514652458,719.4853475,-0.01270446022,2.600733098,723,2.613437558,0,12,0,0,1,0,222.5146525,222.5146525,0,196,104,3.955785036
1452,0,222.5146525,10170,0,9947.485348,0,35.95730541,9947.485348,35.95730541,0.06945619166,200.0694562,0,0,1,0,222.5146525,222.5146525,0,196,105,3.958176374
1453,0,222.5146525,223,0,0.4853475418,0,0.001754392108,0.4853475418,0.001754392108,0.09706950836,0.09706950836,0,0,1,0,222.5146525,222.5146525,0,196,106,3.960964203
1454,0,222.5146525,944,0,721.4853475,0,2.607962524,721.4853475,2.607962524,0.09706950836,12.90293049,0,0,1,0,222.5146525,222.5146525,0,196,107,3.963496447
1455,0,222.5146525,219,0,-3.514652458,0,-0.01270446022,-3.514652458,-0.01270446022,0.05407157628,0.05407157628,0,0,1,0,222.5146525,222.5146525,0,196,108,3.966300488
1456,0,219,1544,-3.514652458,1321.485348,-0.01270446022,4.776790373,1325,4.789494833,0,21,0,0,1,0,222.5146525,222.5146525,0,196,109,3.968848944
1457,0,222.5146525,218,0,-4.514652458,0,-0.0163191733,-4.514652458,-0.0163191733,0.06945619166,0.06945619166,0,0,1,0,222.5146525,222.5146525,0,196,110,3.971227169
1458,0,218,1545,-4.514652458,1322.485348,-0.0163191733,4.780405086,1327,4.796724259,0,21,0,0,1,0,222.5146525,222.5146525,0,196,111,3.974027157
1459,0,222.5146525,10189,0,9966.485348,0,36.02598496,9966.485348,36.02598496,0.05407157628,209.0540716,0,0,1,0,222.5146525,222.5146525,0,196,112,3.976536751
1460,0,222.5146525,221,0,-1.514652458,0,-0.005475034055,-1.514652458,-0.005475034055,0.2524420764,0.2524420764,0,0,1,0,222.5146525,222.5146525,0,196,113,3.979408264
1461,0,221,2153,-1.514652458,1930.485348,-0.005475034055,6.97815064,1932,6.983625674,0,30,0,0,1,0,222.5146525,222.5146525,0,196,114,3.9822855
1462,0,222.5146525,220,0,-2.514652458,0,-0.009089747136,-2.514652458,-0.009089747136,0.0386869609,0.0386869609,0,0,1,0,222.5146525,222.5146525,0,196,115,3.984621525
1463,0,220,1011,-2.514652458,788.4853475,-0.009089747136,2.8501483,791,2.859238048,0,13,0,0,1,0,222.5146525,222.5146525,0,196,116,3.987424612
1464,0,222.5146525,9199,0,8976.485348,0,32.44741901,8976.485348,32.44741901,0.02330234551,195.0233023,0,0,1,0,222.5146525,222.5146525,0,196,117,3.989822865
1465,0,222.5146525,163,0,-59.51465246,0,-0.2151283928,-59.51465246,-0.2151283928,9.136263825,9.136263825,1,17,0,0,222.5146525,222.5146525,0,196,118,3.993022919
1466,0,222.5146525,336,0,113.4853475,0,0.4102169703,113.4853475,0.4102169703,6.044122504,7.955877496,0,0,1,0,222.5146525,222.5146525,0,196,119,3.996665001
1467,0,222.5146525,219,0,-3.514652458,0,-0.01270446022,-3.514652458,-0.01270446022,0.3905169398,0.3905169398,0,0,1,0,222.5146525,222.5146525,0,196,120,3.9994874
1468,0,219,1410,-3.514652458,1187.485348,-0.01270446022,4.29241882,1191,4.30512328,0,19,0,0,1,0,222.5146525,222.5146525,0,196,121,4.002152681
1469,0,222.5146525,11019,0,10796.48535,0,39.02619682,10796.48535,39.02619682,0.1081431526,210.1081432,0,0,1,0,222.5146525,222.5146525,0,196,122,4.004628897
1470,0,222.5146525,225,0,2.485347542,0,0.008983818272,2.485347542,0.008983818272,0.4970695084,0.4970695084,0,0,1,0,222.5146525,222.5146525,0,196,123,4.007713556
1471,0,222.5146525,2019,0,1796.485348,0,6.493779087,1796.485348,6.493779087,0.4970695084,28.50293049,0,0,1,0,222.5146525,222.5146525,0,196,124,4.010456562
1472,0,222.5146525,220,0,-2.514652458,0,-0.009089747136,-2.514652458,-0.009089747136,0.05715119223,0.05715119223,0,0,1,0,222.5146525,222.5146525,0,196,125,4.013399363
1473,0,220,2152,-2.514652458,1929.485348,-0.009089747136,6.974535927,1932,6.983625674,0,30,0,0,1,0,222.5146525,222.5146525,0,196,126,4.016038418
1474,0,222.5146525,7681,2.842170943e-14,7458.485348,1.027363249e-16,26.96028455,7458.485348,26.96028455,0.05715119223,161.0571512,0,0,1,0,222.5146525,222.5146525,0,196,127,4.018549204
1475,0,222.5146525,221,0,-1.514652458,0,-0.005475034055,-1.514652458,-0.005475034055,0.6491367678,0.6491367678,0,0,1,0,222.5146525,222.5146525,0,196,128,4.021524429
1476,0,221,1412,-1.514652458,1189.485348,-0.005475034055,4.299648246,1191,4.30512328,0,19,1,1,0,0,222.5146525,222.5146525,0,196,129,4.024646282
1477,0,222.5146525,10985,0,10762.48535,0,38.90329658,10762.48535,38.90329658,0.02330234551,216.0233023,0,0,1,0,222.5146525,222.5146525,0,196,130,4.027348757
1478,0,222.5146525,190,0,-32.51465246,0,-0.1175311396,-32.51465246,-0.1175311396,5.954169882,5.954169882,1,7,0,0,222.5146525,222.5146525,0,196,131,4.030670643
1479,0,222.5146525,230,0,7.485347542,0,0.02705738368,7.485347542,0.02705738368,2.495115847,2.495115847,0,0,1,0,222.5146525,222.5146525,0,196,132,4.033744574
1480,0,222.5146525,1817,0,1594.485348,0,5.763607044,1594.485348,5.763607044,1.663410565,27.33658944,1,1,0,0,222.5146525,222.5146525,0,196,133,4.036576271
1481,0,222.5146525,212,0,-10.51465246,0,-0.03800745179,-10.51465246,-0.03800745179,0.159312916,0.159312916,0,0,1,0,222.5146525,222.5146525,0,196,134,4.039548397
1482,0,212,1943,-10.51465246,1720.485348,-0.03800745179,6.219060892,1731,6.257068344,0,27,1,1,0,0,222.5146525,222.5146525,0,196,135,4.04202652
1483,0,222.5146525,10670,0,10447.48535,0,37.76466196,10447.48535,37.76466196,0.161763884,216.1617639,0,0,1,0,222.5146525,222.5146525,0,196,136,4.044439077
1484,0,222.5146525,220,0,-2.514652458,0,-0.009089747136,-2.514652458,-0.009089747136,0.419108743,0.419108743,0,0,1,0,222.5146525,222.5146525,0,196,137,4.047245026
1485,0,220,1815,-2.514652458,1592.485348,-0.009089747136,5.756377618,1595,5.765467365,0,25,1,1,0,0,222.5146525,222.5146525,0,196,138,4.05026865
1486,0,222.5146525,10505,0,10282.48535,0,37.1682343,10282.48535,37.1682343,0.0386869609,205.038687,0,0,1,0,222.5146525,222.5146525,0,196,139,4.052802086
1487,0,222.5146525,223,0,0.4853475418,0,0.001754392108,0.4853475418,0.001754392108,0.09706950836,0.09706950836,0,0,1,0,222.5146525,222.5146525,0,196,140,4.055629015
1488,0,222.5146525,1545,0,1322.485348,0,4.780405086,1322.485348,4.780405086,0.09706950836,21.90293049,0,0,1,0,222.5146525,222.5146525,0,196,141,4.058195114
1489,0,222.5146525,217,0,-5.514652458,0,-0.01993388638,-5.514652458,-0.01993388638,0.08484080705,0.08484080705,0,0,1,0,222.5146525,222.5146525,0,196,142,4.06096077
1490,0,217,876,-5.514652458,653.4853475,-0.01993388638,2.362162034,659,2.382095921,0,11,0,0,1,0,222.5146525,222.5146525,0,196,143,4.063446283
1491,0,222.5146525,218,0,-4.514652458,0,-0.0163191733,-4.514652458,-0.0163191733,0.06945619166,0.06945619166,0,0,1,0,222.5146525,222.5146525,0,196,144,4.06577301
1492,0,218,1476,-4.514652458,1253.485348,-0.0163191733,4.530989883,1258,4.547309057,0,20,0,0,1,0,222.5146525,222.5146525,0,196,145,4.068212032
1493,0,222.5146525,9211,0,8988.485348,0,32.49079557,8988.485348,32.49079557,0.08484080705,188.0848408,0,0,1,0,222.5146525,222.5146525,0,196,146,4.070595026
1494,0,222.5146525,207,2.842170943e-14,-15.51465246,1.027363249e-16,-0.0560810172,-15.51465246,-0.0560810172,6.871731487,6.871731487,1,2,0,0,222.5146525,222.5146525,0,196,147,4.074004412
1495,0,222.5146525,223,0,0.4853475418,0,0.001754392108,0.4853475418,0.001754392108,0.1213368854,0.1213368854,0,0,1,0,222.5146525,222.5146525,0,196,148,4.077285528
1496,0,222.5146525,1280,0,1057.485348,0,3.822506119,1057.485348,3.822506119,0.1213368854,17.87866311,0,0,1,0,222.5146525,222.5146525,0,196,149,4.079659462
1497,0,222.5146525,220,0,-2.514652458,0,-0.009089747136,-2.514652458,-0.009089747136,0.0386869609,0.0386869609,0,0,1,0,222.5146525,222.5146525,0,196,150,4.082994223
1498,0,220,1143,-2.514652458,920.4853475,-0.009089747136,3.327290427,923,3.336380174,0,15,0,0,1,0,222.5146525,222.5146525,0,196,151,4.085663557
1499,0,222.5146525,219,0,-3.514652458,0,-0.01270446022,-3.514652458,-0.01270446022,0.05407157628,0.05407157628,0,0,1,0,222.5146525,222.5146525,0,196,152,4.088097095
1500,0,219,2020,-3.514652458,1797.485348,-0.01270446022,6.4973938,1801,6.51009826,0,28,0,0,1,0,222.5146525,222.5146525,0,196,153,4.090571642
1501,0,222.5146525,9905,0,9682.485348,0,34.99940645,9682.485348,34.99940645,0.0386869609,188.038687,0,0,1,0,222.5146525,222.5146525,0,196,154,4.092976332
1502,0,222.5146525,225,0,2.485347542,0,0.008983818272,2.485347542,0.008983818272,0.4970695084,0.4970695084,0,0,1,0,222.5146525,222.5146525,0,196,155,4.095858097
1503,0,222.5146525,1011,0,788.4853475,0,2.8501483,788.4853475,2.8501483,0.4970695084,13.50293049,0,0,1,0,222.5146525,222.5146525,0,196,156,4.09840703
1504,0,222.5146525,219,0,-3.514652458,0,-0.01270446022,-3.514652458,-0.01270446022,0.05407157628,0.05407157628,0,0,1,0,222.5146525,222.5146525,0,196,157,4.101200342
1505,0,219,1278,-3.514652458,1055.485348,-0.01270446022,3.815276693,1059,3.827981153,0,17,0,0,1,0,222.5146525,222.5146525,0,196,158,4.103752375
1506,0,222.5146525,220,0,-2.514652458,0,-0.009089747136,-2.514652458,-0.009089747136,0.0386869609,0.0386869609,0,0,1,0,222.5146525,222.5146525,0,196,159,4.106111765
1507,0,220,1951,-2.514652458,1728.485348,-0.009089747136,6.247978597,1731,6.257068344,0,27,0,0,1,0,222.5146525,222.5146525,0,196,160,4.108645916
1508,0,222.5146525,10166,0,9943.485348,0,35.94284656,9943.485348,35.94284656,0.05407157628,200.0540716,0,0,1,0,222.5146525,222.5146525,0,196,161,4.111152649
1509,0,222.5146525,224,0,1.485347542,0,0.00536910519,1.485347542,0.00536910519,0.2970695084,0.2970695084,0,0,1,0,222.5146525,222.5146525,0,196,162,4.114024878
1510,0,222.5146525,747,0,524.4853475,0,1.895864047,524.4853475,1.895864047,0.2970695084,9.702930492,0,0,1,0,222.5146525,222.5146525,0,196,163,4.116696835
1511,0,222.5146525,220,0,-2.514652458,0,-0.009089747136,-2.514652458,-0.009089747136,0.0386869609,0.0386869609,0,0,1,0,222.5146525,222.5146525,0,196,164,4.119628191
1512,0,220,943,-2.514652458,720.4853475,-0.009089747136,2.604347811,723,2.613437558,0,12,0,0,1,0,222.5146525,222.5146525,0,196,165,4.122639179
1513,0,222.5146525,219,0,-3.514652458,0,-0.01270446022,-3.514652458,-0.01270446022,0.05407157628,0.05407157628,0,0,1,0,222.5146525,222.5146525,0,196,166,4.125037193
1514,0,219,2020,-3.514652458,1797.485348,-0.01270446022,6.4973938,1801,6.51009826,0,28,0,0,1,0,222.5146525,222.5146525,0,196,167,4.127825022
1515,0,222.5146525,10232,0,10009.48535,0,36.18141763,10009.48535,36.18141763,0.0386869609,194.038687,0,0,1,0,222.5146525,222.5146525,0,196,168,4.13034606
1516,0,222.5146525,220,0,-2.514652458,0,-0.009089747136,-2.514652458,-0.009089747136,0.419108743,0.419108743,0,0,1,0,222.5146525,222.5146525,0,196,169,4.133228779
1517,0,220,1277,-2.514652458,1054.485348,-0.009089747136,3.81166198,1057,3.820751727,0,17,0,0,1,0,222.5146525,222.5146525,0,196,170,4.136110544
1518,0,222.5146525,219,0,-3.514652458,0,-0.01270446022,-3.514652458,-0.01270446022,0.05407157628,0.05407157628,0,0,1,0,222.5146525,222.5146525,0,196,171,4.138459206
1519,0,219,2020,-3.514652458,1797.485348,-0.01270446022,6.4973938,1801,6.51009826,0,28,0,0,1,0,222.5146525,222.5146525,0,196,172,4.141279936
1520,0,222.5146525,10774,0,10551.48535,0,38.14059212,10551.48535,38.14059212,0.0386869609,208.038687,0,0,1,0,222.5146525,222.5146525,0,196,173,4.143724918
1521,0,222.5146525,225,0,2.485347542,0,0.008983818272,2.485347542,0.008983818272,0.4970695084,0.4970695084,0,0,1,0,222.5146525,222.5146525,0,196,174,4.146670818
1522,0,222.5146525,1011,0,788.4853475,0,2.8501483,788.4853475,2.8501483,0.4970695084,13.50293049,0,0,1,0,222.5146525,222.5146525,0,196,175,4.149306774
1523,0,222.5146525,219,0,-3.514652458,0,-0.01270446022,-3.514652458,-0.01270446022,0.05407157628,0.05407157628,0,0,1,0,222.5146525,222.5146525,0,196,176,4.152073622
1524,0,219,1144,-3.514652458,921.4853475,-0.01270446022,3.33090514,925,3.3436096,0,15,0,0,1,0,222.5146525,222.5146525,0,196,177,4.154608011
1525,0,222.5146525,220,0,-2.514652458,0,-0.009089747136,-2.514652458,-0.009089747136,0.0386869609,0.0386869609,0,0,1,0,222.5146525,222.5146525,0,196,178,4.156959295
1526,0,220,2084,-2.514652458,1861.485348,-0.009089747136,6.728735437,1864,6.737825184,0,29,0,0,1,0,222.5146525,222.5146525,0,196,179,4.15941
1527,0,222.5146525,10200,0,9977.485348,0,36.06574681,9977.485348,36.06574681,0.05407157628,201.9459284,0,0,1,0,222.5146525,222.5146525,0,196,180,4.161805868
1528,0,222.5146525,221,0,-1.514652458,0,-0.005475034055,-1.514652458,-0.005475034055,0.5737319918,0.5737319918,0,0,1,0,222.5146525,222.5146525,0,196,181,4.164747
1529,0,221,1886,-1.514652458,1663.485348,-0.005475034055,6.013022247,1665,6.018497281,0,26,0,0,1,0,222.5146525,222.5146525,0,196,182,4.167796612
1530,0,222.5146525,222,0,-0.5146524582,0,-0.001860320973,-0.5146524582,-0.001860320973,0.007917730126,0.007917730126,0,0,1,0,222.5146525,222.5146525,0,196,183,4.170217276
1531,0,222,1614,-0.5146524582,1391.485348,-0.001860320973,5.029820289,1392,5.03168061,0,22,0,0,1,0,222.5146525,222.5146525,0,196,184,4.172662735
1532,0,222.5146525,9748,0,9525.485348,0,34.43189649,9525.485348,34.43189649,0.02330234551,187.0233023,0,0,1,0,222.5146525,222.5146525,0,196,185,4.175059319
1533,0,222.5146525,222,0,-0.5146524582,0,-0.001860320973,-0.5146524582,-0.001860320973,0.0857754097,0.0857754097,0,0,1,0,222.5146525,222.5146525,0,196,186,4.177867413
1534,0,222,1955,-0.5146524582,1732.485348,-0.001860320973,6.262437449,1733,6.26429777,0,27,0,0,1,0,222.5146525,222.5146525,0,196,187,4.180748463
1535,0,222.5146525,223,0,0.4853475418,0,0.001754392108,0.4853475418,0.001754392108,0.09706950836,0.09706950836,0,0,1,0,222.5146525,222.5146525,0,196,188,4.183306932
1536,0,222.5146525,1210,0,987.4853475,0,3.569476204,987.4853475,3.569476204,0.09706950836,16.90293049,1,1,0,0,222.5146525,222.5146525,0,196,189,4.185664415
1537,0,222.5146525,218,0,-4.514652458,0,-0.0163191733,-4.514652458,-0.0163191733,0.06945619166,0.06945619166,0,0,1,0,222.5146525,222.5146525,0,196,190,4.188423395
1538,0,218,1208,-4.514652458,985.4853475,-0.0163191733,3.562246777,990,3.578565951,0,16,1,1,0,0,222.5146525,222.5146525,0,196,191,4.190999746
1539,0,222.5146525,10213,0,9990.485348,0,36.11273808,9990.485348,36.11273808,0.06945619166,205.0694562,0,0,1,0,222.5146525,222.5146525,0,196,192,4.19344902
1540,0,222.5146525,221,0,-1.514652458,0,-0.005475034055,-1.514652458,-0.005475034055,0.3029304916,0.3029304916,0,0,1,0,222.5146525,222.5146525,0,196,193,4.196283102
1541,0,221,2153,-1.514652458,1930.485348,-0.005475034055,6.97815064,1932,6.983625674,0,30,1,1,0,0,222.5146525,222.5146525,0,196,194,4.199195623
1542,0,222.5146525,9514,0,9291.485348,0,33.58605363,9291.485348,33.58605363,0.02330234551,201.9766977,0,0,1,0,222.5146525,222.5146525,0,196,195,4.20166254
1543,0,222.5146525,196,-2.842170943e-14,-26.51465246,-1.027363249e-16,-0.09584286109,-26.51465246,-0.09584286109,7.824342236,7.824342236,1,7,0,0,222.5146525,222.5146525,0,196,196,4.205177784
1544,0,222.5146525,216,0,-6.514652458,0,-0.02354859946,-6.514652458,-0.02354859946,2.996743898,2.996743898,1,2,0,0,222.5146525,222.5146525,0,196,197,4.208754539
1545,0,222.5146525,220,0,-2.514652458,0,-0.009089747136,-2.514652458,-0.009089747136,0.3771978687,0.3771978687,0,0,1,0,222.5146525,222.5146525,0,196,198,4.211690903
1546,0,220,1143,-2.514652458,920.4853475,-0.009089747136,3.327290427,923,3.336380174,0,15,0,0,1,0,222.5146525,222.5146525,0,196,199,4.214581251
1547,0,222.5146525,8932,-2.842170943e-14,8709.485348,-1.027363249e-16,31.48229062,8709.485348,31.48229062,0.07737392179,185,0,0,1,0,222.5146525,222.5146525,0,196,200,4.217069626
1548,0,222.5146525,220,0,-2.514652458,0,-0.009089747136,-2.514652458,-0.009089747136,0.419108743,0.419108743,0,0,1,0,222.5146525,222.5146525,0,196,201,4.219968557
1549,0,220,879,-2.514652458,656.4853475,-0.009089747136,2.373006174,659,2.382095921,0,11,0,0,1,0,222.5146525,222.5146525,0,196,202,4.222850561
1550,0,222.5146525,221,0,-1.514652458,0,-0.005475034055,-1.514652458,-0.005475034055,0.02330234551,0.02330234551,0,0,1,0,222.5146525,222.5146525,0,196,203,4.22521162
1551,0,221,1412,-1.514652458,1189.485348,-0.005475034055,4.299648246,1191,4.30512328,0,19,0,0,1,0,222.5146525,222.5146525,0,196,204,4.227674007
1552,0,222.5146525,10589,0,10366.48535,0,37.4718702,10366.48535,37.4718702,0.0386869609,205.038687,0,0,1,0,222.5146525,222.5146525,0,196,205,4.230069637
1553,0,222.5146525,225,0,2.485347542,0,0.008983818272,2.485347542,0.008983818272,0.4970695084,0.4970695084,0,0,1,0,222.5146525,222.5146525,0,196,206,4.232989311
1554,0,222.5146525,2086,0,1863.485348,0,6.735964863,1863.485348,6.735964863,0.4970695084,29.50293049,0,0,1,0,222.5146525,222.5146525,0,196,207,4.235573769
1555,0,222.5146525,221,0,-1.514652458,0,-0.005475034055,-1.514652458,-0.005475034055,0.02330234551,0.02330234551,0,0,1,0,222.5146525,222.5146525,0,196,208,4.238614559
1556,0,221,1816,-1.514652458,1593.485348,-0.005475034055,5.759992331,1595,5.765467365,0,25,0,0,1,0,222.5146525,222.5146525,0,196,209,4.24114418
1557,0,222.5146525,220,0,-2.514652458,0,-0.009089747136,-2.514652458,-0.009089747136,0.0386869609,0.0386869609,0,0,1,0,222.5146525,222.5146525,0,196,210,4.243497133
1558,0,220,1885,-2.514652458,1662.485348,-0.009089747136,6.009407534,1665,6.018497281,0,26,0,0,1,0,222.5146525,222.5146525,0,196,211,4.245952129
1559,0,222.5146525,9882,0,9659.485348,0,34.91626805,9659.485348,34.91626805,0.02330234551,205.0233023,0,0,1,0,222.5146525,222.5146525,0,196,212,4.248370409
1560,0,222.5146525,220,-2.842170943e-14,-2.514652458,-1.027363249e-16,-0.009089747136,-2.514652458,-0.009089747136,4.600812212,4.600812212,1,3,0,0,222.5146525,222.5146525,0,196,213,4.251933575
1561,0,222.5146525,228,2.842170943e-14,5.485347542,1.027363249e-16,0.01982795752,5.485347542,0.01982795752,2.020917515,2.020917515,0,0,1,0,222.5146525,222.5146525,0,196,214,4.255296707
1562,0,222.5146525,222,0,-0.5146524582,0,-0.001860320973,-0.5146524582,-0.001860320973,0.0857754097,0.0857754097,0,0,1,0,222.5146525,222.5146525,0,196,215,4.257888079
1563,0,222,1681,-0.5146524582,1458.485348,-0.001860320973,5.272006065,1459,5.273866386,0,23,0,0,1,0,222.5146525,222.5146525,0,196,216,4.261140585
1564,0,222.5146525,221,0,-1.514652458,0,-0.005475034055,-1.514652458,-0.005475034055,0.02330234551,0.02330234551,0,0,1,0,222.5146525,222.5146525,0,196,217,4.263742685
1565,0,221,1954,-1.514652458,1731.485348,-0.005475034055,6.258822736,1733,6.26429777,0,27,0,0,1,0,222.5146525,222.5146525,0,196,218,4.266392946
1566,0,222.5146525,10309,0,10086.48535,0,36.45975053,10086.48535,36.45975053,0.007917730126,193.0079177,0,0,1,0,222.5146525,222.5146525,0,196,219,4.268903971
1567,0,222.5146525,228,0,5.485347542,0,0.01982795752,5.485347542,0.01982795752,2.057005328,2.057005328,0,0,1,0,222.5146525,222.5146525,0,196,220,4.271890879
1568,0,222.5146525,608,0,385.4853475,0,1.393418929,385.4853475,1.393418929,1.371336885,8.628663115,0,0,1,0,222.5146525,222.5146525,0,196,221,4.274674177
1569,0,222.5146525,212,0,-10.51465246,0,-0.03800745179,-10.51465246,-0.03800745179,0.159312916,0.159312916,0,0,1,0,222.5146525,222.5146525,0,196,222,4.277651787
1570,0,212,1739,-10.51465246,1516.485348,-0.03800745179,5.481659424,1527,5.519666876,0,24,0,0,1,0,222.5146525,222.5146525,0,196,223,4.280163765
1571,0,222.5146525,10408,0,10185.48535,0,36.81760713,10185.48535,36.81760713,0.3235277679,213,0,0,1,0,222.5146525,222.5146525,0,196,224,4.282597542
1572,0,222.5146525,234,0,11.48534754,0,0.04151623601,11.48534754,0.04151623601,2.625222295,2.625222295,0,0,1,0,222.5146525,222.5146525,0,196,225,4.285835028
1573,0,222.5146525,1265,0,1042.485348,0,3.768285423,1042.485348,3.768285423,2.625222295,21.3747777,1,1,0,0,222.5146525,222.5146525,0,196,226,4.28876853
1574,0,222.5146525,213,0,-9.514652458,0,-0.03439273871,-9.514652458,-0.03439273871,0.3119558183,0.3119558183,0,0,1,0,222.5146525,222.5146525,0,196,227,4.291841984
1575,0,213,1203,-9.514652458,980.4853475,-0.03439273871,3.544173212,990,3.578565951,0,16,0,0,1,0,222.5146525,222.5146525,0,196,228,4.294551849
1576,0,222.5146525,9106,2.842170943e-14,8883.485348,1.027363249e-16,32.1112507,8883.485348,32.1112507,0.2927585372,173.2927585,0,0,1,0,222.5146525,222.5146525,0,196,229,4.297090292
1577,0,222.5146525,223,-2.842170943e-14,0.4853475418,-1.027363249e-16,0.001754392108,0.4853475418,0.001754392108,0.2135529184,0.2135529184,0,0,1,0,222.5146525,222.5146525,0,196,230,4.300162315
1578,0,222.5146525,943,0,720.4853475,0,2.604347811,720.4853475,2.604347811,0.1213368854,12.87866311,1,1,0,0,222.5146525,222.5146525,0,196,231,4.303143978
1579,0,222.5146525,219,0,-3.514652458,0,-0.01270446022,-3.514652458,-0.01270446022,0.05407157628,0.05407157628,0,0,1,0,222.5146525,222.5146525,0,196,232,4.306452036
1580,0,219,1008,-3.514652458,785.4853475,-0.01270446022,2.839304161,789,2.852008621,0,13,1,1,0,0,222.5146525,222.5146525,0,196,233,4.308990955
1581,0,222.5146525,10265,0,10042.48535,0,36.30070316,10042.48535,36.30070316,0.05407157628,203.0540716,0,0,1,0,222.5146525,222.5146525,0,196,234,4.311465025
1582,0,222.5146525,223,0,0.4853475418,0,0.001754392108,0.4853475418,0.001754392108,0.08089125696,0.08089125696,0,0,1,0,222.5146525,222.5146525,0,196,235,4.314300776
1583,0,222.5146525,1611,0,1388.485348,0,5.018976149,1388.485348,5.018976149,0.08089125696,22.91910874,0,0,1,0,222.5146525,222.5146525,0,196,236,4.316806078
1584,0,222.5146525,217,0,-5.514652458,0,-0.01993388638,-5.514652458,-0.01993388638,0.1696816141,0.1696816141,0,0,1,0,222.5146525,222.5146525,0,196,237,4.31952548
1585,0,217,1075,-5.514652458,852.4853475,-0.01993388638,3.081489938,858,3.101423824,0,14,0,0,1,0,222.5146525,222.5146525,0,196,238,4.322709799
1586,0,222.5146525,218,0,-4.514652458,0,-0.0163191733,-4.514652458,-0.0163191733,0.06945619166,0.06945619166,0,0,1,0,222.5146525,222.5146525,0,196,239,4.325099468
1587,0,218,1949,-4.514652458,1726.485348,-0.0163191733,6.240749171,1731,6.257068344,0,27,0,0,1,0,222.5146525,222.5146525,0,196,240,4.327841043
1588,0,222.5146525,11485,0,11262.48535,0,40.71065312,11262.48535,40.71065312,0.08484080705,229.0848408,0,0,1,0,222.5146525,222.5146525,0,196,241,4.330288887
1589,0,222.5146525,213,0,-9.514652458,0,-0.03439273871,-9.514652458,-0.03439273871,5.986207561,5.986207561,1,3,0,0,222.5146525,222.5146525,0,196,242,4.333918333
1590,0,222.5146525,225,0,2.485347542,0,0.008983818272,2.485347542,0.008983818272,0.9941390167,0.9941390167,0,0,1,0,222.5146525,222.5146525,0,196,243,4.337453127
1591,0,222.5146525,809,-2.842170943e-14,586.4853475,-1.027363249e-16,2.119976258,586.4853475,2.119976258,0.6213368854,11.37866311,0,0,1,0,222.5146525,222.5146525,0,196,244,4.340200663
1592,0,222.5146525,216,0,-6.514652458,0,-0.02354859946,-6.514652458,-0.02354859946,0.1002254224,0.1002254224,0,0,1,0,222.5146525,222.5146525,0,196,245,4.343279362
1593,0,216,2150,-6.514652458,1927.485348,-0.02354859946,6.9673065,1934,6.9908551,0,30,0,0,1,0,222.5146525,222.5146525,0,196,246,4.345824718
1594,0,222.5146525,217,0,-5.514652458,0,-0.01993388638,-5.514652458,-0.01993388638,0.08484080705,0.08484080705,0,0,1,0,222.5146525,222.5146525,0,196,247,4.3482759
1595,0,217,808,-5.514652458,585.4853475,-0.01993388638,2.116361545,591,2.136295431,0,10,0,0,1,0,222.5146525,222.5146525,0,196,248,4.350841522
1596,0,222.5146525,9578,0,9355.485348,0,33.81739527,9355.485348,33.81739527,0.1002254224,187.1002254,0,0,1,0,222.5146525,222.5146525,0,196,249,4.353326321
1597,0,222.5146525,206,0,-16.51465246,0,-0.05969573028,-16.51465246,-0.05969573028,4.248778962,4.248778962,1,10,0,0,222.5146525,222.5146525,0,196,250,4.35652256
1598,0,222.5146525,213,-2.842170943e-14,-9.514652458,-1.027363249e-16,-0.03439273871,-9.514652458,-0.03439273871,3.883033532,3.883033532,1,8,0,0,222.5146525,222.5146525,0,196,251,4.359381199
1599,0,222.5146525,201,0,-21.51465246,0,-0.07776929569,-21.51465246,-0.07776929569,3.496336885,3.496336885,1,10,0,0,222.5146525,222.5146525,0,196,252,4.362106323
1600,0,222.5146525,214,0,-8.514652458,0,-0.03077802563,-8.514652458,-0.03077802563,2.278055439,2.278055439,1,1,0,0,222.5146525,222.5146525,0,196,253,4.364699364
1601,0,219,219,-3.514652458,-3.514652458,-0.01270446022,-0.01270446022,0,0,0,0,0,0,1,0,222.5146525,222.5146525,0,196,254,4.367653131
1602,0,219,1746,-3.514652458,1523.485348,-0.01270446022,5.506962415,1527,5.519666876,0,24,0,0,1,0,222.5146525,222.5146525,0,196,255,4.370005608
1603,0,222.5146525,9919,0,9696.485348,0,35.05001243,9696.485348,35.05001243,0.1081431526,207.1081432,0,0,1,0,222.5146525,222.5146525,0,196,256,4.372484684
1604,0,222.5146525,222,0,-0.5146524582,0,-0.001860320973,-0.5146524582,-0.001860320973,0.09357317422,0.09357317422,0,0,1,0,222.5146525,222.5146525,0,196,257,4.375280857
1605,0,222,879,-0.5146524582,656.4853475,-0.001860320973,2.373006174,657,2.374866495,0,11,0,0,1,0,222.5146525,222.5146525,0,196,258,4.378096581
1606,0,222.5146525,221,0,-1.514652458,0,-0.005475034055,-1.514652458,-0.005475034055,0.02330234551,0.02330234551,0,0,1,0,222.5146525,222.5146525,0,196,259,4.380439758
1607,0,221,946,-1.514652458,723.4853475,-0.005475034055,2.61519195,725,2.620666984,0,12,0,0,1,0,222.5146525,222.5146525,0,196,260,4.382872343
1608,0,222.5146525,10463,0,10240.48535,0,37.01641635,10240.48535,37.01641635,0.007917730126,209.0079177,0,0,1,0,222.5146525,222.5146525,0,196,261,4.385271311
1609,0,222.5146525,213,2.842170943e-14,-9.514652458,1.027363249e-16,-0.03439273871,-9.514652458,-0.03439273871,2.378663115,2.378663115,0,0,1,0,222.5146525,222.5146525,0,196,262,4.388019085
1610,0,213,1002,-9.514652458,779.4853475,-0.03439273871,2.817615883,789,2.852008621,0,13,0,0,1,0,222.5146525,222.5146525,0,196,263,4.390873194
1611,0,222.5146525,10237,2.842170943e-14,10014.48535,1.027363249e-16,36.19949119,10014.48535,36.19949119,0.2927585372,200,0,0,1,0,222.5146525,222.5146525,0,196,264,4.393290281
1612,0,222.5146525,225,0,2.485347542,0,0.008983818272,2.485347542,0.008983818272,0.3550496488,0.3550496488,0,0,1,0,222.5146525,222.5146525,0,196,265,4.39602685
1613,0,222.5146525,810,0,587.4853475,0,2.123590971,587.4853475,2.123590971,0.3550496488,10.64495035,1,1,0,0,222.5146525,222.5146525,0,196,266,4.398484707
1614,0,222.5146525,218,0,-4.514652458,0,-0.0163191733,-4.514652458,-0.0163191733,0.06945619166,0.06945619166,0,0,1,0,222.5146525,222.5146525,0,196,267,4.401166201
1615,0,218,1813,-4.514652458,1590.485348,-0.0163191733,5.749148192,1595,5.765467365,0,25,1,1,0,0,222.5146525,222.5146525,0,196,268,4.403734922
1616,0,222.5146525,10620,0,10397.48535,0,37.5839263,10397.48535,37.5839263,0.06945619166,209.9305438,0,0,1,0,222.5146525,222.5146525,0,196,269,4.406171799
1617,0,222.5146525,223,0,0.4853475418,0,0.001754392108,0.4853475418,0.001754392108,0.08089125696,0.08089125696,0,0,1,0,222.5146525,222.5146525,0,196,270,4.408964396
1618,0,222.5146525,1544,0,1321.485348,0,4.776790373,1321.485348,4.776790373,0.08089125696,21.91910874,1,1,0,0,222.5146525,222.5146525,0,196,271,4.411625624
1619,0,222.5146525,217,0,-5.514652458,0,-0.01993388638,-5.514652458,-0.01993388638,0.08484080705,0.08484080705,0,0,1,0,222.5146525,222.5146525,0,196,272,4.414506435
1620,0,217,2149,-5.514652458,1926.485348,-0.01993388638,6.963691787,1932,6.983625674,0,30,1,1,0,0,222.5146525,222.5146525,0,196,273,4.417086363
1621,0,222.5146525,10007,0,9784.485348,0,35.36810718,9784.485348,35.36810718,0.08484080705,203.0848408,0,0,1,0,222.5146525,222.5146525,0,196,274,4.419568062
1622,0,222.5146525,201,0,-21.51465246,0,-0.07776929569,-21.51465246,-0.07776929569,3.91422459,3.91422459,1,7,0,0,222.5146525,222.5146525,0,196,275,4.422538757
1623,0,222.5146525,217,2.842170943e-14,-5.514652458,1.027363249e-16,-0.01993388638,-5.514652458,-0.01993388638,0.5326652943,0.5326652943,0,0,1,0,222.5146525,222.5146525,0,196,276,4.425414085
1624,0,217,1542,-5.514652458,1319.485348,-0.01993388638,4.769560947,1325,4.789494833,0,21,0,0,1,0,222.5146525,222.5146525,0,196,277,4.428229094
1625,0,222.5146525,8999,0,8776.485348,0,31.7244764,8776.485348,31.7244764,0.1696816141,193,0,0,1,0,222.5146525,222.5146525,0,196,278,4.430687904
1626,0,222.5146525,219,0,-3.514652458,0,-0.01270446022,-3.514652458,-0.01270446022,2.811721967,2.811721967,0,0,1,0,222.5146525,222.5146525,0,196,279,4.433623552
1627,0,219,1678,-3.514652458,1455.485348,-0.01270446022,5.261161926,1459,5.273866386,0,23,0,0,1,0,222.5146525,222.5146525,0,196,280,4.436706781
1628,0,222.5146525,9492,2.842170943e-14,9269.485348,1.027363249e-16,33.50652995,9269.485348,33.50652995,0.08048822423,183.0804882,0,0,1,0,222.5146525,222.5146525,0,196,281,4.439186573
1629,0,222.5146525,214,0,-8.514652458,0,-0.03077802563,-8.514652458,-0.03077802563,5.32290164,5.32290164,1,4,0,0,222.5146525,222.5146525,0,196,282,4.442285299
1630,0,222.5146525,227,0,4.485347542,0,0.01621324443,4.485347542,0.01621324443,3.187857608,3.187857608,1,1,0,0,222.5146525,222.5146525,0,196,283,4.445407629
1631,0,222.5146525,230,2.842170943e-14,7.485347542,1.027363249e-16,0.02705738368,7.485347542,0.02705738368,2.962950069,2.962950069,0,0,1,0,222.5146525,222.5146525,0,196,284,4.448467255
1632,0,222.5146525,219,0,-3.514652458,0,-0.01270446022,-3.514652458,-0.01270446022,1.278055439,1.278055439,0,0,1,0,222.5146525,222.5146525,0,196,285,4.451424837
1633,0,219,1276,-3.514652458,1053.485348,-0.01270446022,3.808047267,1057,3.820751727,0,17,0,0,1,0,222.5146525,222.5146525,0,196,286,4.455210924
1634,0,222.5146525,10349,0,10126.48535,0,36.60433906,10126.48535,36.60433906,0.1081431526,217.1081432,0,0,1,0,222.5146525,222.5146525,0,196,287,4.457718849
1635,0,222.5146525,224,-2.842170943e-14,1.485347542,-1.027363249e-16,0.00536910519,1.485347542,0.00536910519,5.216002664,5.216002664,1,1,0,0,222.5146525,222.5146525,0,196,288,4.461442709
1636,0,222.5146525,1753,0,1530.485348,0,5.532265407,1530.485348,5.532265407,1.348534754,26.65146525,1,1,0,0,222.5146525,222.5146525,0,196,289,4.464648247
1637,0,222.5146525,220,0,-2.514652458,0,-0.009089747136,-2.514652458,-0.009089747136,0.03810079482,0.03810079482,0,0,1,0,222.5146525,222.5146525,0,196,290,4.467482567
1638,0,220,2019,-2.514652458,1796.485348,-0.009089747136,6.493779087,1799,6.502868834,0,28,1,1,0,0,222.5146525,222.5146525,0,196,291,4.470080137
1639,0,222.5146525,9625,0,9402.485348,0,33.98728679,9402.485348,33.98728679,0.0386869609,190.038687,0,0,1,0,222.5146525,222.5146525,0,196,292,4.47258997
1640,0,222.5146525,222,0,-0.5146524582,0,-0.001860320973,-0.5146524582,-0.001860320973,0.1029304916,0.1029304916,0,0,1,0,222.5146525,222.5146525,0,196,293,4.4756639
1641,0,222,2154,-0.5146524582,1931.485348,-0.001860320973,6.981765353,1932,6.983625674,0,30,1,1,0,0,222.5146525,222.5146525,0,196,294,4.478791714
1642,0,222.5146525,9520,0,9297.485348,0,33.60774191,9297.485348,33.60774191,0.007917730126,195.0079177,0,0,1,0,222.5146525,222.5146525,0,196,295,4.481308699
1643,0,222.5146525,213,0,-9.514652458,0,-0.03439273871,-9.514652458,-0.03439273871,6.860047937,6.860047937,1,4,0,0,222.5146525,222.5146525,0,196,296,4.484564781
1644,0,222.5146525,223,0,0.4853475418,0,0.001754392108,0.4853475418,0.001754392108,0.05392750464,0.05392750464,0,0,1,0,222.5146525,222.5146525,0,196,297,4.48750329
1645,0,222.5146525,806,0,583.4853475,0,2.109132119,583.4853475,2.109132119,0.05392750464,10.9460725,1,1,0,0,222.5146525,222.5146525,0,196,298,4.490003824
1646,0,222.5146525,214,0,-8.514652458,0,-0.03077802563,-8.514652458,-0.03077802563,0.1309946532,0.1309946532,0,0,1,0,222.5146525,222.5146525,0,196,299,4.492640257
1647,0,214,1539,-8.514652458,1316.485348,-0.03077802563,4.758716807,1325,4.789494833,0,21,1,1,0,0,222.5146525,222.5146525,0,196,300,4.49510026
1648,0,222.5146525,10378,0,10155.48535,0,36.70916574,10155.48535,36.70916574,0.1309946532,189.8690053,0,0,1,0,222.5146525,222.5146525,0,196,301,4.497520208
1649,0,222.5146525,210,0,-12.51465246,0,-0.04523687795,-12.51465246,-0.04523687795,4.025335701,4.025335701,1,2,0,0,222.5146525,222.5146525,0,196,302,4.500237942
1650,0,222.5146525,224,0,1.485347542,0,0.00536910519,1.485347542,0.00536910519,0.1856684427,0.1856684427,0,0,1,0,222.5146525,222.5146525,0,196,303,4.502838373
1651,0,222.5146525,1342,0,1119.485348,0,4.04661833,1119.485348,4.04661833,0.1856684427,18.81433156,0,0,1,0,222.5146525,222.5146525,0,196,304,4.505199432
1652,0,222.5146525,216,0,-6.514652458,0,-0.02354859946,-6.514652458,-0.02354859946,0.2004508449,0.2004508449,0,0,1,0,222.5146525,222.5146525,0,196,305,4.507893801
1653,0,216,1340,-6.514652458,1117.485348,-0.02354859946,4.039388904,1124,4.062937504,0,18,0,0,1,0,222.5146525,222.5146525,0,196,306,4.511228323
1654,0,222.5146525,8999,0,8776.485348,0,31.7244764,8776.485348,31.7244764,0.2004508449,178.2004508,0,0,1,0,222.5146525,222.5146525,0,196,307,4.513781548
1655,0,222.5146525,223,0,0.4853475418,0,0.001754392108,0.4853475418,0.001754392108,0.08089125696,0.08089125696,0,0,1,0,222.5146525,222.5146525,0,196,308,4.516656876
1656,0,222.5146525,809,0,586.4853475,0,2.119976258,586.4853475,2.119976258,0.08089125696,9.919108743,0,0,1,0,222.5146525,222.5146525,0,196,309,4.519226551
1657,0,222.5146525,217,0,-5.514652458,0,-0.01993388638,-5.514652458,-0.01993388638,0.08484080705,0.08484080705,0,0,1,0,222.5146525,222.5146525,0,196,310,4.521948099
1658,0,217,1341,-5.514652458,1118.485348,-0.01993388638,4.043003617,1124,4.062937504,0,18,0,0,1,0,222.5146525,222.5146525,0,196,311,4.524521351
1659,0,222.5146525,216,0,-6.514652458,0,-0.02354859946,-6.514652458,-0.02354859946,0.1002254224,0.1002254224,0,0,1,0,222.5146525,222.5146525,0,196,312,4.526866436
1660,0,216,1007,-6.514652458,784.4853475,-0.02354859946,2.835689448,791,2.859238048,0,13,0,0,1,0,222.5146525,222.5146525,0,196,313,4.529357672
1661,0,222.5146525,10674,0,10451.48535,0,37.77912081,10451.48535,37.77912081,0.08484080705,207.9151592,0,0,1,0,222.5146525,222.5146525,0,196,314,4.531763315
1662,0,222.5146525,191,0,-31.51465246,0,-0.1139164265,-31.51465246,-0.1139164265,4.697069508,4.697069508,1,11,0,0,222.5146525,222.5146525,0,196,315,4.535039186
1663,0,222.5146525,212,2.842170943e-14,-10.51465246,1.027363249e-16,-0.03800745179,-10.51465246,-0.03800745179,4.114429223,4.114429223,0,0,1,0,222.5146525,222.5146525,0,196,316,4.538060427
1664,0,212,1739,-10.51465246,1516.485348,-0.03800745179,5.481659424,1527,5.519666876,0,24,0,0,1,0,222.5146525,222.5146525,0,196,317,4.541402817
1665,0,222.5146525,9483,2.842170943e-14,9260.485348,1.027363249e-16,33.47399753,9260.485348,33.47399753,0.3235277679,202.6764722,0,0,1,0,222.5146525,222.5146525,0,196,318,4.543873072
1666,0,222.5146525,225,0,2.485347542,0,0.008983818272,2.485347542,0.008983818272,0.4970695084,0.4970695084,0,0,1,0,222.5146525,222.5146525,0,196,319,4.546878099
1667,0,222.5146525,1614,0,1391.485348,0,5.029820289,1391.485348,5.029820289,0.4970695084,22.50293049,0,0,1,0,222.5146525,222.5146525,0,196,320,4.55001235
1668,0,222.5146525,220,0,-2.514652458,0,-0.009089747136,-2.514652458,-0.009089747136,0.05758746088,0.05758746088,0,0,1,0,222.5146525,222.5146525,0,196,321,4.553162575
1669,0,220,1545,-2.514652458,1322.485348,-0.009089747136,4.780405086,1325,4.789494833,0,21,0,0,1,0,222.5146525,222.5146525,0,196,322,4.555922031
1670,0,222.5146525,8993,0,8770.485348,0,31.70278812,8770.485348,31.70278812,0.05758746088,189.0191958,0,0,1,0,222.5146525,222.5146525,0,196,323,4.558400869
1671,0,222.5146525,221,2.842170943e-14,-1.514652458,1.027363249e-16,-0.005475034055,-1.514652458,-0.005475034055,0.2163789226,0.2163789226,0,0,1,0,222.5146525,222.5146525,0,196,324,4.561193705
1672,0,221,878,-1.514652458,655.4853475,-0.005475034055,2.369391461,657,2.374866495,0,11,1,1,0,0,222.5146525,222.5146525,0,196,325,4.563981533
1673,0,222.5146525,9936,0,9713.485348,0,35.11146255,9713.485348,35.11146255,0.02330234551,202.0233023,0,0,1,0,222.5146525,222.5146525,0,196,326,4.56647706
1674,0,222.5146525,228,0,5.485347542,0,0.01982795752,5.485347542,0.01982795752,1.154810009,1.154810009,0,0,1,0,222.5146525,222.5146525,0,196,327,4.569447756
1675,0,222.5146525,1070,0,847.4853475,0,3.063416372,847.4853475,3.063416372,1.154810009,16.84518999,1,1,0,0,222.5146525,222.5146525,0,196,328,4.572215796
1676,0,222.5146525,209,0,-13.51465246,0,-0.04885159103,-13.51465246,-0.04885159103,0.2047674615,0.2047674615,0,0,1,0,222.5146525,222.5146525,0,196,329,4.575130224
1677,0,209,1065,-13.51465246,842.4853475,-0.04885159103,3.045342807,856,3.094194398,0,14,1,1,0,0,222.5146525,222.5146525,0,196,330,4.577625036
1678,0,222.5146525,9180,0,8957.485348,0,32.37873946,8957.485348,32.37873946,0.2079177301,181.2079177,0,0,1,0,222.5146525,222.5146525,0,196,331,4.580027819
1679,0,222.5146525,224,0,1.485347542,0,0.00536910519,1.485347542,0.00536910519,0.2970695084,0.2970695084,0,0,1,0,222.5146525,222.5146525,0,196,332,4.582794666
1680,0,222.5146525,1201,0,978.4853475,0,3.536943786,978.4853475,3.536943786,0.2970695084,18.70293049,1,2,0,0,222.5146525,222.5146525,0,196,333,4.585473776
1681,0,222.5146525,209,0,-13.51465246,0,-0.04885159103,-13.51465246,-0.04885159103,0.2079177301,0.2079177301,0,0,1,0,222.5146525,222.5146525,0,196,334,4.58826375
1682,0,209,1534,-13.51465246,1311.485348,-0.04885159103,4.740643242,1325,4.789494833,0,21,1,2,0,0,222.5146525,222.5146525,0,196,335,4.590791464
1683,0,222.5146525,12010,0,11787.48535,0,42.60837748,11787.48535,42.60837748,0.2079177301,242.2079177,0,0,1,0,222.5146525,222.5146525,0,196,336,4.593244076
1684,0,222.5146525,206,-2.842170943e-14,-16.51465246,-1.027363249e-16,-0.05969573028,-16.51465246,-0.05969573028,7.163736175,7.163736175,1,8,0,0,222.5146525,222.5146525,0,196,337,4.596540451
1685,0,222.5146525,222,0,-0.5146524582,0,-0.001860320973,-0.5146524582,-0.001860320973,0.1029304916,0.1029304916,0,0,1,0,222.5146525,222.5146525,0,196,338,4.599441051
1686,0,222,947,-0.5146524582,724.4853475,-0.001860320973,2.618806663,725,2.620666984,0,12,0,0,1,0,222.5146525,222.5146525,0,196,339,4.602675915
1687,0,222.5146525,223,0,0.4853475418,0,0.001754392108,0.4853475418,0.001754392108,0.1213368854,0.1213368854,0,0,1,0,222.5146525,222.5146525,0,196,340,4.605567694
1688,0,222.5146525,1885,0,1662.485348,0,6.009407534,1662.485348,6.009407534,0.1213368854,26.87866311,0,0,1,0,222.5146525,222.5146525,0,196,341,4.607920408
1689,0,222.5146525,219,0,-3.514652458,0,-0.01270446022,-3.514652458,-0.01270446022,0.1081431526,0.1081431526,0,0,1,0,222.5146525,222.5146525,0,196,342,4.610948086
1690,0,219,1008,-3.514652458,785.4853475,-0.01270446022,2.839304161,789,2.852008621,0,13,0,0,1,0,222.5146525,222.5146525,0,196,343,4.613581896
1691,0,222.5146525,9399,0,9176.485348,0,33.17036163,9176.485348,33.17036163,0.1081431526,181.1081432,0,0,1,0,222.5146525,222.5146525,0,196,344,4.616014481
1692,0,222.5146525,231,0,8.485347542,0,0.03067209676,8.485347542,0.03067209676,2.59755537,2.59755537,0,0,1,0,222.5146525,222.5146525,0,196,345,4.619231701
1693,0,222.5146525,210,0,-12.51465246,0,-0.04523687795,-12.51465246,-0.04523687795,2.121336885,2.121336885,1,4,0,0,222.5146525,222.5146525,0,196,346,4.621799946
1694,0,222.5146525,215,0,-7.514652458,0,-0.02716331254,-7.514652458,-0.02716331254,1.339051694,1.339051694,1,1,0,0,222.5146525,222.5146525,0,196,347,4.625026941
1695,0,222.5146525,218,0,-4.514652458,0,-0.0163191733,-4.514652458,-0.0163191733,0.1289900702,0.1289900702,0,0,1,0,222.5146525,222.5146525,0,196,348,4.627941847
1696,0,218,1342,-4.514652458,1119.485348,-0.0163191733,4.04661833,1124,4.062937504,0,18,1,1,0,0,222.5146525,222.5146525,0,196,349,4.630587339
1697,0,222.5146525,10272,0,10049.48535,0,36.32600615,10049.48535,36.32600615,0.06945619166,199.0694562,0,0,1,0,222.5146525,222.5146525,0,196,350,4.633050442
1698,0,222.5146525,183,0,-39.51465246,0,-0.1428341312,-39.51465246,-0.1428341312,8.141188343,8.141188343,1,18,0,0,222.5146525,222.5146525,0,196,351,4.636383533
1699,0,222.5146525,194,0,-28.51465246,0,-0.1030722873,-28.51465246,-0.1030722873,5.330891257,5.330891257,1,14,0,0,222.5146525,222.5146525,0,196,352,4.639942408
1700,0,222.5146525,254,0,31.48534754,0,0.1138104976,31.48534754,0.1138104976,5.330891257,6.805686261,1,2,0,0,222.5146525,222.5146525,0,196,353,4.642326117
1701,0,222.5146525,201,0,-21.51465246,0,-0.07776929569,-21.51465246,-0.07776929569,5.762759344,5.762759344,1,11,0,0,222.5146525,222.5146525,0,196,354,4.645202398
1702,0,222.5146525,197,0,-25.51465246,0,-0.09222814801,-25.51465246,-0.09222814801,4.128663115,4.128663115,1,11,0,0,222.5146525,222.5146525,0,196,355,4.648194075
1703,0,222.5146525,217,-2.842170943e-14,-5.514652458,-1.027363249e-16,-0.01993388638,-5.514652458,-0.01993388638,3.818357956,3.818357956,1,3,0,0,222.5146525,222.5146525,0,196,356,4.651674747
1704,0,222.5146525,1229,0,1006.485348,0,3.638155752,1006.485348,3.638155752,3.371336885,22.62866311,1,1,0,0,222.5146525,222.5146525,0,196,357,4.654711246
1705,0,222.5146525,224,0,1.485347542,0,0.00536910519,1.485347542,0.00536910519,0.6481516546,0.6481516546,0,0,1,0,222.5146525,222.5146525,0,196,358,4.658848524
1706,0,222.5146525,939,0,716.4853475,0,2.589888959,716.4853475,2.589888959,0.4951158473,14.50488415,0,0,1,0,222.5146525,222.5146525,0,196,359,4.66160059
1707,0,222.5146525,212,0,-10.51465246,0,-0.03800745179,-10.51465246,-0.03800745179,0.159312916,0.159312916,0,0,1,0,222.5146525,222.5146525,0,196,360,4.66476059
1708,0,212,1202,-10.51465246,979.4853475,-0.03800745179,3.540558499,990,3.578565951,0,16,0,0,1,0,222.5146525,222.5146525,0,196,361,4.667557001
1709,0,222.5146525,10112,0,9889.485348,0,35.74765206,9889.485348,35.74765206,0.2124172214,204,0,0,1,0,222.5146525,222.5146525,0,196,362,4.670232058
1710,0,222.5146525,222,0,-0.5146524582,0,-0.001860320973,-0.5146524582,-0.001860320973,0.1286631146,0.1286631146,0,0,1,0,222.5146525,222.5146525,0,196,363,4.673151255
1711,0,222,2154,-0.5146524582,1931.485348,-0.001860320973,6.981765353,1932,6.983625674,0,30,0,0,1,0,222.5146525,222.5146525,0,196,364,4.676361322
1712,0,222.5146525,10732,0,10509.48535,0,37.98877417,10509.48535,37.98877417,0.01187659519,200.0118766,0,0,1,0,222.5146525,222.5146525,0,196,365,4.678863049
1713,0,222.5146525,224,0,1.485347542,0,0.00536910519,1.485347542,0.00536910519,0.212192506,0.212192506,0,0,1,0,222.5146525,222.5146525,0,196,366,4.681716919
1714,0,222.5146525,1075,0,852.4853475,0,3.081489938,852.4853475,3.081489938,0.212192506,14.78780749,0,0,1,0,222.5146525,222.5146525,0,196,367,4.684278727
1715,0,222.5146525,217,0,-5.514652458,0,-0.01993388638,-5.514652458,-0.01993388638,0.1696816141,0.1696816141,0,0,1,0,222.5146525,222.5146525,0,196,368,4.686954975
1716,0,217,2083,-5.514652458,1860.485348,-0.01993388638,6.725120724,1866,6.74505461,0,29,0,0,1,0,222.5146525,222.5146525,0,196,369,4.689674854
1717,0,222.5146525,218,0,-4.514652458,0,-0.0163191733,-4.514652458,-0.0163191733,0.06945619166,0.06945619166,0,0,1,0,222.5146525,222.5146525,0,196,370,4.692126513
1718,0,218,809,-4.514652458,586.4853475,-0.0163191733,2.119976258,591,2.136295431,0,10,0,0,1,0,222.5146525,222.5146525,0,196,371,4.694569111
1719,0,222.5146525,10723,0,10500.48535,0,37.95624175,10500.48535,37.95624175,0.08484080705,208.0848408,0,0,1,0,222.5146525,222.5146525,0,196,372,4.696950674
1720,0,222.5146525,150,0,-72.51465246,0,-0.2621196628,-72.51465246,-0.2621196628,8.002930492,8.002930492,1,21,0,0,222.5146525,222.5146525,0,196,373,4.699961662
1721,0,222.5146525,217,0,-5.514652458,0,-0.01993388638,-5.514652458,-0.01993388638,3.410656087,3.410656087,1,2,0,0,222.5146525,222.5146525,0,196,374,4.704084158
1722,0,222.5146525,223,0,0.4853475418,0,0.001754392108,0.4853475418,0.001754392108,0.09706950836,0.09706950836,0,0,1,0,222.5146525,222.5146525,0,196,375,4.707277536
1723,0,222.5146525,1480,0,1257.485348,0,4.545448736,1257.485348,4.545448736,0.09706950836,20.90293049,0,0,1,0,222.5146525,222.5146525,0,196,376,4.709836245
1724,0,222.5146525,219,0,-3.514652458,0,-0.01270446022,-3.514652458,-0.01270446022,0.05407157628,0.05407157628,0,0,1,0,222.5146525,222.5146525,0,196,377,4.713279009
1725,0,219,1882,-3.514652458,1659.485348,-0.01270446022,5.998563394,1663,6.011267855,0,26,0,0,1,0,222.5146525,222.5146525,0,196,378,4.716385126
1726,0,222.5146525,218,0,-4.514652458,0,-0.0163191733,-4.514652458,-0.0163191733,0.06945619166,0.06945619166,0,0,1,0,222.5146525,222.5146525,0,196,379,4.718822479
1727,0,218,1210,-4.514652458,987.4853475,-0.0163191733,3.569476204,992,3.585795377,0,16,0,0,1,0,222.5146525,222.5146525,0,196,380,4.721277714
1728,0,222.5146525,10009,0,9786.485348,0,35.37533661,9786.485348,35.37533661,0.05407157628,205.0540716,0,0,1,0,222.5146525,222.5146525,0,196,381,4.723662138
1729,0,222.5146525,179,0,-43.51465246,0,-0.1572929835,-43.51465246,-0.1572929835,10.41896541,10.41896541,1,16,0,0,222.5146525,222.5146525,0,196,382,4.727289915
1730,0,222.5146525,230,0,7.485347542,0,0.02705738368,7.485347542,0.02705738368,2.138670726,2.138670726,0,0,1,0,222.5146525,222.5146525,0,196,383,4.731083393
1731,0,222.5146525,1131,0,908.4853475,0,3.28391387,908.4853475,3.28391387,1.336669204,17.6633308,0,0,1,0,222.5146525,222.5146525,0,196,384,4.733948946
1732,0,222.5146525,212,0,-10.51465246,0,-0.03800745179,-10.51465246,-0.03800745179,0.3625742227,0.3625742227,0,0,1,0,222.5146525,222.5146525,0,196,385,4.736818314
1733,0,212,2011,-10.51465246,1788.485348,-0.03800745179,6.464861382,1799,6.502868834,0,28,1,1,0,0,222.5146525,222.5146525,0,196,386,4.73942709
1734,0,222.5146525,9428,0,9205.485348,0,33.27518831,9205.485348,33.27518831,0.161763884,182.8382361,0,0,1,0,222.5146525,222.5146525,0,196,387,4.741934061
1735,0,222.5146525,222,0,-0.5146524582,0,-0.001860320973,-0.5146524582,-0.001860320973,3.143822258,3.143822258,1,1,0,0,222.5146525,222.5146525,0,196,388,4.745318174
1736,0,222.5146525,225,0,2.485347542,0,0.008983818272,2.485347542,0.008983818272,0.7564101214,0.7564101214,0,0,1,0,222.5146525,222.5146525,0,196,389,4.749233961
1737,0,222.5146525,1071,2.842170943e-14,848.4853475,1.027363249e-16,3.067031085,848.4853475,3.067031085,0.5522994537,14.44770055,0,0,1,0,222.5146525,222.5146525,0,196,390,4.752094746
1738,0,222.5146525,216,0,-6.514652458,0,-0.02354859946,-6.514652458,-0.02354859946,0.1002254224,0.1002254224,0,0,1,0,222.5146525,222.5146525,0,196,391,4.755223751
1739,0,216,1947,-6.514652458,1724.485348,-0.02354859946,6.233519745,1731,6.257068344,0,27,1,1,0,0,222.5146525,222.5146525,0,196,392,4.75784111
1740,0,222.5146525,10408,0,10185.48535,0,36.81760713,10185.48535,36.81760713,0.1002254224,201.8997746,0,0,1,0,222.5146525,222.5146525,0,196,393,4.760249376
1741,0,222.5146525,223,0,0.4853475418,0,0.001754392108,0.4853475418,0.001754392108,0.08089125696,0.08089125696,0,0,1,0,222.5146525,222.5146525,0,196,394,4.762797117
1742,0,222.5146525,1010,0,787.4853475,0,2.846533587,787.4853475,2.846533587,0.08089125696,13.91910874,0,0,1,0,222.5146525,222.5146525,0,196,395,4.765295982
1743,0,222.5146525,218,0,-4.514652458,0,-0.0163191733,-4.514652458,-0.0163191733,0.06945619166,0.06945619166,0,0,1,0,222.5146525,222.5146525,0,196,396,4.767935038
1744,0,218,1543,-4.514652458,1320.485348,-0.0163191733,4.77317566,1325,4.789494833,0,21,0,0,1,0,222.5146525,222.5146525,0,196,397,4.770374298
1745,0,222.5146525,217,0,-5.514652458,0,-0.01993388638,-5.514652458,-0.01993388638,0.08484080705,0.08484080705,0,0,1,0,222.5146525,222.5146525,0,196,398,4.772696018
1746,0,217,1142,-5.514652458,919.4853475,-0.01993388638,3.323675714,925,3.3436096,0,15,0,0,1,0,222.5146525,222.5146525,0,196,399,4.775130749
1747,0,222.5146525,10437,0,10214.48535,0,36.92243381,10214.48535,36.92243381,0.06945619166,201.0694562,0,0,1,0,222.5146525,222.5146525,0,196,400,4.777514219
1748,0,222.5146525,228,0,5.485347542,0,0.01982795752,5.485347542,0.01982795752,2.133190711,2.133190711,0,0,1,0,222.5146525,222.5146525,0,196,401,4.780306339
1749,0,222.5146525,222,0,-0.5146524582,0,-0.001860320973,-0.5146524582,-0.001860320973,0.0857754097,0.0857754097,0,0,1,0,222.5146525,222.5146525,0,196,402,4.782830238
1750,0,222,1549,-0.5146524582,1326.485348,-0.001860320973,4.794863938,1327,4.796724259,0,21,0,0,1,0,222.5146525,222.5146525,0,196,403,4.785638571
1751,0,222.5146525,223,0,0.4853475418,0,0.001754392108,0.4853475418,0.001754392108,0.09706950836,0.09706950836,0,0,1,0,222.5146525,222.5146525,0,196,404,4.788252592
1752,0,222.5146525,1947,0,1724.485348,0,6.233519745,1724.485348,6.233519745,0.09706950836,28.90293049,0,0,1,0,222.5146525,222.5146525,0,196,405,4.790610552
1753,0,222.5146525,212,0,-10.51465246,0,-0.03800745179,-10.51465246,-0.03800745179,0.161763884,0.161763884,0,0,1,0,222.5146525,222.5146525,0,196,406,4.793466091
1754,0,212,1741,-10.51465246,1518.485348,-0.03800745179,5.48888885,1529,5.526896302,0,24,0,0,1,0,222.5146525,222.5146525,0,196,407,4.79625392
1755,0,222.5146525,213,0,-9.514652458,0,-0.03439273871,-9.514652458,-0.03439273871,0.1463792686,0.1463792686,0,0,1,0,222.5146525,222.5146525,0,196,408,4.798645735
1756,0,213,870,-9.514652458,647.4853475,-0.03439273871,2.340473756,657,2.374866495,0,11,0,0,1,0,222.5146525,222.5146525,0,196,409,4.801082134
1757,0,222.5146525,8856,0,8633.485348,0,31.20757243,8633.485348,31.20757243,0.161763884,183.1617639,0,0,1,0,222.5146525,222.5146525,0,196,410,4.803454161
1758,0,222.5146525,225,-2.842170943e-14,2.485347542,-1.027363249e-16,0.008983818272,2.485347542,0.008983818272,0.972527299,0.972527299,0,0,1,0,222.5146525,222.5146525,0,196,411,4.806721687
1759,0,222.5146525,1079,0,856.4853475,0,3.09594879,856.4853475,3.09594879,0.7647223205,18.23527768,0,0,1,0,222.5146525,222.5146525,0,196,412,4.809615612
1760,0,222.5146525,214,0,-8.514652458,0,-0.03077802563,-8.514652458,-0.03077802563,0.1290098857,0.1290098857,0,0,1,0,222.5146525,222.5146525,0,196,413,4.812556505
1761,0,214,1139,-8.514652458,916.4853475,-0.03077802563,3.312831575,925,3.3436096,0,15,0,0,1,0,222.5146525,222.5146525,0,196,414,4.815456152
1762,0,222.5146525,215,0,-7.514652458,0,-0.02716331254,-7.514652458,-0.02716331254,0.1156100378,0.1156100378,0,0,1,0,222.5146525,222.5146525,0,196,415,4.817865133
1763,0,215,806,-7.514652458,583.4853475,-0.02716331254,2.109132119,591,2.136295431,0,10,0,0,1,0,222.5146525,222.5146525,0,196,416,4.820312738
1764,0,222.5146525,10025,0,9802.485348,0,35.43317202,9802.485348,35.43317202,0.1309946532,199.1309947,0,0,1,0,222.5146525,222.5146525,0,196,417,4.822700977
1765,0,222.5146525,223,0,0.4853475418,0,0.001754392108,0.4853475418,0.001754392108,0.1213368854,0.1213368854,0,0,1,0,222.5146525,222.5146525,0,196,418,4.825747967
1766,0,222.5146525,739,0,516.4853475,0,1.866946342,516.4853475,1.866946342,0.1213368854,11.87866311,0,0,1,0,222.5146525,222.5146525,0,196,419,4.828390121
1767,0,222.5146525,212,0,-10.51465246,0,-0.03800745179,-10.51465246,-0.03800745179,0.161763884,0.161763884,0,0,1,0,222.5146525,222.5146525,0,196,420,4.831255198
1768,0,212,935,-10.51465246,712.4853475,-0.03800745179,2.575430106,723,2.613437558,0,12,0,0,1,0,222.5146525,222.5146525,0,196,421,4.833830833
1769,0,222.5146525,211,0,-11.51465246,0,-0.04162216487,-11.51465246,-0.04162216487,0.1771484994,0.1771484994,0,0,1,0,222.5146525,222.5146525,0,196,422,4.836176157
1770,0,211,1605,-11.51465246,1382.485348,-0.04162216487,4.997287871,1394,5.038910036,0,22,0,0,1,0,222.5146525,222.5146525,0,196,423,4.838612556
1771,0,222.5146525,10789,0,10566.48535,0,38.19481281,10566.48535,38.19481281,0.161763884,208.1617639,0,0,1,0,222.5146525,222.5146525,0,196,424,4.841001034
1772,0,222.5146525,165,0,-57.51465246,0,-0.2078989666,-57.51465246,-0.2078989666,5.575044557,5.575044557,1,12,0,0,222.5146525,222.5146525,0,196,425,4.844186306
1773,0,222.5146525,206,-2.842170943e-14,-16.51465246,-1.027363249e-16,-0.05969573028,-16.51465246,-0.05969573028,2.019427049,2.019427049,1,1,0,0,222.5146525,222.5146525,0,196,426,4.846942425
1774,0,222,222,-0.5146524582,-0.5146524582,-0.001860320973,-0.001860320973,0,0,0,0,0,0,1,0,222.5146525,222.5146525,0,196,427,4.849813461
1775,0,222,1547,-0.5146524582,1324.485348,-0.001860320973,4.787634512,1325,4.789494833,0,21,1,1,0,0,222.5146525,222.5146525,0,196,428,4.852169037
1776,0,222.5146525,10058,0,9835.485348,0,35.55245755,9835.485348,35.55245755,0.007917730126,211.0079177,0,0,1,0,222.5146525,222.5146525,0,196,429,4.854634285
1777,0,222.5146525,195,0,-27.51465246,0,-0.09945757418,-27.51465246,-0.09945757418,4.432921107,4.432921107,1,8,0,0,222.5146525,222.5146525,0,196,430,4.857615471
1778,0,222.5146525,197,0,-25.51465246,0,-0.09222814801,-25.51465246,-0.09222814801,2.94203838,2.94203838,1,4,0,0,222.5146525,222.5146525,0,196,431,4.860547066
1779,0,222.5146525,224,-2.842170943e-14,1.485347542,-1.027363249e-16,0.00536910519,1.485347542,0.00536910519,0.5776351551,0.5776351551,0,0,1,0,222.5146525,222.5146525,0,196,432,4.863248348
1780,0,222.5146525,1613,0,1390.485348,0,5.026205576,1390.485348,5.026205576,0.2970695084,22.70293049,1,2,0,0,222.5146525,222.5146525,0,196,433,4.865949631
1781,0,222.5146525,219,0,-3.514652458,0,-0.01270446022,-3.514652458,-0.01270446022,0.05407157628,0.05407157628,0,0,1,0,222.5146525,222.5146525,0,196,434,4.868947506
1782,0,219,1611,-3.514652458,1388.485348,-0.01270446022,5.018976149,1392,5.03168061,0,22,1,2,0,0,222.5146525,222.5146525,0,196,435,4.871660233
1783,0,222.5146525,10121,0,9898.485348,0,35.78018447,9898.485348,35.78018447,0.05407157628,201.9459284,0,0,1,0,222.5146525,222.5146525,0,196,436,4.87417531
1784,0,222.5146525,200,0,-22.51465246,0,-0.08138400877,-22.51465246,-0.08138400877,4.552930492,4.552930492,1,6,0,0,222.5146525,222.5146525,0,196,437,4.877153873
1785,0,212,212,-10.51465246,-10.51465246,-0.03800745179,-0.03800745179,0,0,0,0,0,0,1,0,222.5146525,222.5146525,0,196,438,4.880302668
1786,0,212,1537,-10.51465246,1314.485348,-0.03800745179,4.751487381,1325,4.789494833,0,21,1,2,0,0,222.5146525,222.5146525,0,196,439,4.883371592
1787,0,222.5146525,9868,0,9645.485348,0,34.86566206,9645.485348,34.86566206,0.161763884,195.8382361,0,0,1,0,222.5146525,222.5146525,0,196,440,4.885847807
1788,0,222.5146525,219,0,-3.514652458,0,-0.01270446022,-3.514652458,-0.01270446022,3.089743526,3.089743526,1,1,0,0,222.5146525,222.5146525,0,196,441,4.888786554
1789,0,222.5146525,222,0,-0.5146524582,0,-0.001860320973,-0.5146524582,-0.001860320973,0.02573262291,0.02573262291,0,0,1,0,222.5146525,222.5146525,0,196,442,4.891666651
1790,0,222,1480,-0.5146524582,1257.485348,-0.001860320973,4.545448736,1258,4.547309057,0,20,0,0,1,0,222.5146525,222.5146525,0,196,443,4.894503117
1791,0,222.5146525,221,0,-1.514652458,0,-0.005475034055,-1.514652458,-0.005475034055,0.02330234551,0.02330234551,0,0,1,0,222.5146525,222.5146525,0,196,444,4.896914244
1792,0,221,1481,-1.514652458,1258.485348,-0.005475034055,4.549063449,1260,4.554538483,0,20,0,0,1,0,222.5146525,222.5146525,0,196,445,4.899529696
1793,0,222.5146525,10328,0,10105.48535,0,36.52843008,10105.48535,36.52843008,0.007917730126,219.0079177,0,0,1,0,222.5146525,222.5146525,0,196,446,4.901954412
1794,0,222.5146525,228,0,5.485347542,0,0.01982795752,5.485347542,0.01982795752,1.974725115,1.974725115,0,0,1,0,222.5146525,222.5146525,0,196,447,4.904791355
1795,0,222.5146525,223,0,0.4853475418,0,0.001754392108,0.4853475418,0.001754392108,0.09706950836,0.09706950836,0,0,1,0,222.5146525,222.5146525,0,196,448,4.907382727
1796,0,222.5146525,942,0,719.4853475,0,2.600733098,719.4853475,2.600733098,0.09706950836,12.90293049,1,1,0,0,222.5146525,222.5146525,0,196,449,4.909746647
1797,0,222.5146525,218,0,-4.514652458,0,-0.0163191733,-4.514652458,-0.0163191733,0.06945619166,0.06945619166,0,0,1,0,222.5146525,222.5146525,0,196,450,4.912584782
1798,0,218,2017,-4.514652458,1794.485348,-0.0163191733,6.486549661,1799,6.502868834,0,28,1,1,0,0,222.5146525,222.5146525,0,196,451,4.915207148
1799,0,222.5146525,12305,0,12082.48535,0,43.67471784,12082.48535,43.67471784,0.06945619166,242.0694562,0,0,1,0,222.5146525,222.5146525,0,196,452,4.917640448
1800,0,222.5146525,209,0,-13.51465246,0,-0.04885159103,-13.51465246,-0.04885159103,3.545869586,3.545869586,1,1,0,0,222.5146525,222.5146525,0,196,453,4.920650482
1801,0,222.5146525,220,0,-2.514652458,0,-0.009089747136,-2.514652458,-0.009089747136,0.07288847705,0.07288847705,0,0,1,0,222.5146525,222.5146525,0,196,454,4.923649073
1802,0,220,1009,-2.514652458,786.4853475,-0.009089747136,2.842918874,789,2.852008621,0,13,0,0,1,0,222.5146525,222.5146525,0,196,455,4.926147699
1803,0,222.5146525,219,0,-3.514652458,0,-0.01270446022,-3.514652458,-0.01270446022,0.05407157628,0.05407157628,0,0,1,0,222.5146525,222.5146525,0,196,456,4.928471327
1804,0,219,2085,-3.514652458,1862.485348,-0.01270446022,6.73235015,1866,6.74505461,0,29,0,0,1,0,222.5146525,222.5146525,0,196,457,4.930899858
1805,0,222.5146525,9438,0,9215.485348,0,33.31133544,9215.485348,33.31133544,0.0386869609,189.038687,0,0,1,0,222.5146525,222.5146525,0,196,458,4.933290243
1806,0,222.5146525,225,0,2.485347542,0,0.008983818272,2.485347542,0.008983818272,0.4142245903,0.4142245903,0,0,1,0,222.5146525,222.5146525,0,196,459,4.936132431
1807,0,222.5146525,1747,0,1524.485348,0,5.510577128,1524.485348,5.510577128,0.4142245903,24.58577541,0,0,1,0,222.5146525,222.5146525,0,196,460,4.938764811
1808,0,222.5146525,220,0,-2.514652458,0,-0.009089747136,-2.514652458,-0.009089747136,0.0386869609,0.0386869609,0,0,1,0,222.5146525,222.5146525,0,196,461,4.941679478
1809,0,220,2152,-2.514652458,1929.485348,-0.009089747136,6.974535927,1932,6.983625674,0,30,0,0,1,0,222.5146525,222.5146525,0,196,462,4.944277525
1810,0,222.5146525,219,0,-3.514652458,0,-0.01270446022,-3.514652458,-0.01270446022,0.05407157628,0.05407157628,0,0,1,0,222.5146525,222.5146525,0,196,463,4.946669817
1811,0,219,944,-3.514652458,721.4853475,-0.01270446022,2.607962524,725,2.620666984,0,12,0,0,1,0,222.5146525,222.5146525,0,196,464,4.949179411
1812,0,222.5146525,10298,0,10075.48535,0,36.41998869,10075.48535,36.41998869,0.0386869609,199.038687,0,0,1,0,222.5146525,222.5146525,0,196,465,4.951596975
1813,0,222.5146525,213,-2.842170943e-14,-9.514652458,-1.027363249e-16,-0.03439273871,-9.514652458,-0.03439273871,4.363736175,4.363736175,1,2,0,0,222.5146525,222.5146525,0,196,466,4.954777479
1814,0,220,220,-2.514652458,-2.514652458,-0.009089747136,-0.009089747136,0,0,0,0,0,0,1,0,222.5146525,222.5146525,0,196,467,4.95796895
1815,0,220,1545,-2.514652458,1322.485348,-0.009089747136,4.780405086,1325,4.789494833,0,21,1,1,0,0,222.5146525,222.5146525,0,196,468,4.960321903
1816,0,222.5146525,9710,0,9487.485348,0,34.2945374,9487.485348,34.2945374,0.0386869609,194.038687,0,0,1,0,222.5146525,222.5146525,0,196,469,4.963059187
1817,0,222.5146525,223,0,0.4853475418,0,0.001754392108,0.4853475418,0.001754392108,0.08089125696,0.08089125696,0,0,1,0,222.5146525,222.5146525,0,196,470,4.965983868
1818,0,222.5146525,1811,0,1588.485348,0,5.741918766,1588.485348,5.741918766,0.08089125696,25.91910874,1,1,0,0,222.5146525,222.5146525,0,196,471,4.968507051
1819,0,222.5146525,217,0,-5.514652458,0,-0.01993388638,-5.514652458,-0.01993388638,0.08484080705,0.08484080705,0,0,1,0,222.5146525,222.5146525,0,196,472,4.971372843
1820,0,217,940,-5.514652458,717.4853475,-0.01993388638,2.593503672,723,2.613437558,0,12,1,1,0,0,222.5146525,222.5146525,0,196,473,4.973977327
1821,0,222.5146525,10143,0,9920.485348,0,35.85970816,9920.485348,35.85970816,0.08484080705,211.0848408,0,0,1,0,222.5146525,222.5146525,0,196,474,4.97641778
1822,0,222.5146525,221,0,-1.514652458,0,-0.005475034055,-1.514652458,-0.005475034055,0.3786631146,0.3786631146,0,0,1,0,222.5146525,222.5146525,0,196,475,4.97950387
1823,0,221,880,-1.514652458,657.4853475,-0.005475034055,2.376620887,659,2.382095921,0,11,0,0,1,0,222.5146525,222.5146525,0,196,476,4.982844591
1824,0,222.5146525,222,0,-0.5146524582,0,-0.001860320973,-0.5146524582,-0.001860320973,0.007917730126,0.007917730126,0,0,1,0,222.5146525,222.5146525,0,196,477,4.985272884
1825,0,222,1614,-0.5146524582,1391.485348,-0.001860320973,5.029820289,1392,5.03168061,0,22,0,0,1,0,222.5146525,222.5146525,0,196,478,4.987820625
1826,0,222.5146525,10285,0,10062.48535,0,36.37299742,10062.48535,36.37299742,0.02330234551,201.0233023,0,0,1,0,222.5146525,222.5146525,0,196,479,4.990245819
1827,0,222.5146525,217,0,-5.514652458,0,-0.01993388638,-5.514652458,-0.01993388638,3.963736175,3.963736175,1,1,0,0,222.5146525,222.5146525,0,196,480,4.993186951
1828,0,222.5146525,223,2.842170943e-14,0.4853475418,1.027363249e-16,0.001754392108,0.4853475418,0.001754392108,0.2647350228,0.2647350228,0,0,1,0,222.5146525,222.5146525,0,196,481,4.995925665
1829,0,222.5146525,1346,0,1123.485348,0,4.061077183,1123.485348,4.061077183,0.09706950836,18.90293049,0,0,1,0,222.5146525,222.5146525,0,196,482,4.998528481
1830,0,222.5146525,219,0,-3.514652458,0,-0.01270446022,-3.514652458,-0.01270446022,0.05407157628,0.05407157628,0,0,1,0,222.5146525,222.5146525,0,196,483,5.001567602
1831,0,219,1410,-3.514652458,1187.485348,-0.01270446022,4.29241882,1191,4.30512328,0,19,0,0,1,0,222.5146525,222.5146525,0,196,484,5.004766464
1832,0,222.5146525,218,0,-4.514652458,0,-0.0163191733,-4.514652458,-0.0163191733,0.06945619166,0.06945619166,0,0,1,0,222.5146525,222.5146525,0,196,485,5.00724864
1833,0,218,1747,-4.514652458,1524.485348,-0.0163191733,5.510577128,1529,5.526896302,0,24,0,0,1,0,222.5146525,222.5146525,0,196,486,5.009723425
1834,0,222.5146525,11464,0,11241.48535,0,40.63474414,11241.48535,40.63474414,0.05407157628,218.0540716,0,0,1,0,222.5146525,222.5146525,0,196,487,5.012123823
1835,0,222.5146525,222,0,-0.5146524582,0,-0.001860320973,-0.5146524582,-0.001860320973,0.07352177975,0.07352177975,0,0,1,0,222.5146525,222.5146525,0,196,488,5.014928341
1836,0,222,1480,-0.5146524582,1257.485348,-0.001860320973,4.545448736,1258,4.547309057,0,20,1,1,0,0,222.5146525,222.5146525,0,196,489,5.017911673
1837,0,222.5146525,10425,0,10202.48535,0,36.87905725,10202.48535,36.87905725,0.007917730126,201.0079177,0,0,1,0,222.5146525,222.5146525,0,196,490,5.020364046
1838,0,222.5146525,220,-2.842170943e-14,-2.514652458,-1.027363249e-16,-0.009089747136,-2.514652458,-0.009089747136,2.960507992,2.960507992,1,1,0,0,222.5146525,222.5146525,0,196,491,5.023307085
1839,0,222.5146525,226,0,3.485347542,0,0.01259853135,3.485347542,0.01259853135,1.467514754,1.467514754,0,0,1,0,222.5146525,222.5146525,0,196,492,5.026345015
1840,0,222.5146525,222,0,-0.5146524582,0,-0.001860320973,-0.5146524582,-0.001860320973,0.1286631146,0.1286631146,0,0,1,0,222.5146525,222.5146525,0,196,493,5.028768063
1841,0,222,1480,-0.5146524582,1257.485348,-0.001860320973,4.545448736,1258,4.547309057,0,20,0,0,1,0,222.5146525,222.5146525,0,196,494,5.032344103
1842,0,222.5146525,221,0,-1.514652458,0,-0.005475034055,-1.514652458,-0.005475034055,0.02330234551,0.02330234551,0,0,1,0,222.5146525,222.5146525,0,196,495,5.034906387
1843,0,221,1280,-1.514652458,1057.485348,-0.005475034055,3.822506119,1059,3.827981153,0,17,0,0,1,0,222.5146525,222.5146525,0,196,496,5.037509441
1844,0,222.5146525,8496,0,8273.485348,0,29.90627572,8273.485348,29.90627572,0.007917730126,177.0079177,0,0,1,0,222.5146525,222.5146525,0,196,497,5.039928436
1845,0,222.5146525,231,-2.842170943e-14,8.485347542,-1.027363249e-16,0.03067209676,8.485347542,0.03067209676,3.572777912,3.572777912,0,0,1,0,222.5146525,222.5146525,0,196,498,5.04298687
1846,0,222.5146525,223,0,0.4853475418,0,0.001754392108,0.4853475418,0.001754392108,0.1213368854,0.1213368854,0,0,1,0,222.5146525,222.5146525,0,196,499,5.045594692
1847,0,222.5146525,1144,0,921.4853475,0,3.33090514,921.4853475,3.33090514,0.1213368854,15.87866311,1,1,0,0,222.5146525,222.5146525,0,196,500,5.048074245
1848,0,222.5146525,219,0,-3.514652458,0,-0.01270446022,-3.514652458,-0.01270446022,0.05407157628,0.05407157628,0,0,1,0,222.5146525,222.5146525,0,196,501,5.051137686
1849,0,219,1209,-3.514652458,986.4853475,-0.01270446022,3.565861491,990,3.578565951,0,16,1,1,0,0,222.5146525,222.5146525,0,196,502,5.053688765
1850,0,222.5146525,8540,0,8317.485348,0,30.06532309,8317.485348,30.06532309,0.05407157628,168.9459284,0,0,1,0,222.5146525,222.5146525,0,196,503,5.056153297
1851,0,222.5146525,226,0,3.485347542,0,0.01259853135,3.485347542,0.01259853135,0.6150613309,0.6150613309,0,0,1,0,222.5146525,222.5146525,0,196,504,5.058971405
1852,0,222.5146525,1739,0,1516.485348,0,5.481659424,1516.485348,5.481659424,0.6150613309,26.38493867,0,0,1,0,222.5146525,222.5146525,0,196,505,5.061486244
1853,0,222.5146525,209,0,-13.51465246,0,-0.04885159103,-13.51465246,-0.04885159103,0.4158354603,0.4158354603,0,0,1,0,222.5146525,222.5146525,0,196,506,5.064450026
1854,0,209,1668,-13.51465246,1445.485348,-0.04885159103,5.225014795,1459,5.273866386,0,23,0,0,1,0,222.5146525,222.5146525,0,196,507,5.06719923
1855,0,222.5146525,9610,0,9387.485348,0,33.93306609,9387.485348,33.93306609,0.4158354603,195.5841645,0,0,1,0,222.5146525,222.5146525,0,196,508,5.069679499
1856,0,222.5146525,222,0,-0.5146524582,0,-0.001860320973,-0.5146524582,-0.001860320973,0.1715508194,0.1715508194,0,0,1,0,222.5146525,222.5146525,0,196,509,5.072322607
1857,0,222,1616,-0.5146524582,1393.485348,-0.001860320973,5.037049715,1394,5.038910036,0,22,0,0,1,0,222.5146525,222.5146525,0,196,510,5.075193167
1858,0,222.5146525,223,0,0.4853475418,0,0.001754392108,0.4853475418,0.001754392108,0.0441225038,0.0441225038,0,0,1,0,222.5146525,222.5146525,0,196,511,5.077545881
1859,0,222.5146525,1403,0,1180.485348,0,4.267115828,1180.485348,4.267115828,0.0441225038,19.9558775,0,0,1,0,222.5146525,222.5146525,0,196,512,5.079893351
1860,0,222.5146525,212,0,-10.51465246,0,-0.03800745179,-10.51465246,-0.03800745179,0.3235277679,0.3235277679,0,0,1,0,222.5146525,222.5146525,0,196,513,5.082440138
1861,0,212,1604,-10.51465246,1381.485348,-0.03800745179,4.993673158,1392,5.03168061,0,22,0,0,1,0,222.5146525,222.5146525,0,196,514,5.085494995
1862,0,222.5146525,11198,0,10975.48535,0,39.67323046,10975.48535,39.67323046,0.3235277679,213,0,0,1,0,222.5146525,222.5146525,0,196,515,5.087963343
1863,0,222.5146525,225,0,2.485347542,0,0.008983818272,2.485347542,0.008983818272,0.3550496488,0.3550496488,0,0,1,0,222.5146525,222.5146525,0,196,516,5.090792894
1864,0,222.5146525,2017,0,1794.485348,0,6.486549661,1794.485348,6.486549661,0.3550496488,28.64495035,0,0,1,0,222.5146525,222.5146525,0,196,517,5.093686819
1865,0,222.5146525,217,0,-5.514652458,0,-0.01993388638,-5.514652458,-0.01993388638,0.08484080705,0.08484080705,0,0,1,0,222.5146525,222.5146525,0,196,518,5.096278906
1866,0,217,1209,-5.514652458,986.4853475,-0.01993388638,3.565861491,992,3.585795377,0,16,0,0,1,0,222.5146525,222.5146525,0,196,519,5.09884119
1867,0,222.5146525,218,0,-4.514652458,0,-0.0163191733,-4.514652458,-0.0163191733,0.06945619166,0.06945619166,0,0,1,0,222.5146525,222.5146525,0,196,520,5.101206064
1868,0,218,1007,-4.514652458,784.4853475,-0.0163191733,2.835689448,789,2.852008621,0,13,0,0,1,0,222.5146525,222.5146525,0,196,521,5.103634119
1869,0,222.5146525,11487,0,11264.48535,0,40.71788254,11264.48535,40.71788254,0.08484080705,221.0848408,0,0,1,0,222.5146525,222.5146525,0,196,522,5.106012344
1870,0,222.5146525,219,0,-3.514652458,0,-0.01270446022,-3.514652458,-0.01270446022,1.464438524,1.464438524,0,0,1,0,222.5146525,222.5146525,0,196,523,5.108871698
1871,0,219,1950,-3.514652458,1727.485348,-0.01270446022,6.244363884,1731,6.257068344,0,27,0,0,1,0,222.5146525,222.5146525,0,196,524,5.111910582
1872,0,222.5146525,11633,0,11410.48535,0,41.24563065,11410.48535,41.24563065,0.1081431526,225,0,0,1,0,222.5146525,222.5146525,0,196,525,5.114345551
1873,0,222.5146525,193,0,-29.51465246,0,-0.1066870003,-29.51465246,-0.1066870003,3.097069508,3.097069508,1,6,0,0,222.5146525,222.5146525,0,196,526,5.117379665
1874,0,222.5146525,200,0,-22.51465246,0,-0.08138400877,-22.51465246,-0.08138400877,2.342627502,2.342627502,1,3,0,0,222.5146525,222.5146525,0,196,527,5.120232344
1875,0,222.5146525,1730,0,1507.485348,0,5.449127006,1507.485348,5.449127006,1.5,24.5,0,0,1,0,222.5146525,222.5146525,0,196,528,5.122862816
1876,0,222.5146525,220,0,-2.514652458,0,-0.009089747136,-2.514652458,-0.009089747136,0.1257326229,0.1257326229,0,0,1,0,222.5146525,222.5146525,0,196,529,5.125345707
1877,0,220,1478,-2.514652458,1255.485348,-0.009089747136,4.53821931,1258,4.547309057,0,20,0,0,1,0,222.5146525,222.5146525,0,196,530,5.12796998
1878,0,222.5146525,219,0,-3.514652458,0,-0.01270446022,-3.514652458,-0.01270446022,0.05407157628,0.05407157628,0,0,1,0,222.5146525,222.5146525,0,196,531,5.130299568
1879,0,219,1077,-3.514652458,854.4853475,-0.01270446022,3.088719364,858,3.101423824,0,14,0,0,1,0,222.5146525,222.5146525,0,196,532,5.132726431
1880,0,222.5146525,11533,0,11310.48535,0,40.88415935,11310.48535,40.88415935,0.0386869609,220.038687,0,0,1,0,222.5146525,222.5146525,0,196,533,5.135212183
1881,0,222.5146525,224,0,1.485347542,0,0.00536910519,1.485347542,0.00536910519,0.3713368854,0.3713368854,0,0,1,0,222.5146525,222.5146525,0,196,534,5.13813448
1882,0,222.5146525,1614,0,1391.485348,0,5.029820289,1391.485348,5.029820289,0.3713368854,22.62866311,0,0,1,0,222.5146525,222.5146525,0,196,535,5.140645027
1883,0,222.5146525,219,0,-3.514652458,0,-0.01270446022,-3.514652458,-0.01270446022,0.05407157628,0.05407157628,0,0,1,0,222.5146525,222.5146525,0,196,536,5.143600702
1884,0,219,1952,-3.514652458,1729.485348,-0.01270446022,6.25159331,1733,6.26429777,0,27,0,0,1,0,222.5146525,222.5146525,0,196,537,5.146076918
1885,0,222.5146525,220,0,-2.514652458,0,-0.009089747136,-2.514652458,-0.009089747136,0.0386869609,0.0386869609,0,0,1,0,222.5146525,222.5146525,0,196,538,5.148414373
1886,0,220,2152,-2.514652458,1929.485348,-0.009089747136,6.974535927,1932,6.983625674,0,30,0,0,1,0,222.5146525,222.5146525,0,196,539,5.150830984
1887,0,222.5146525,9652,0,9429.485348,0,34.08488404,9429.485348,34.08488404,0.05407157628,203.0540716,0,0,1,0,222.5146525,222.5146525,0,196,540,5.153221369
1888,0,222.5146525,222,0,-0.5146524582,0,-0.001860320973,-0.5146524582,-0.001860320973,0.3859893437,0.3859893437,0,0,1,0,222.5146525,222.5146525,0,196,541,5.156433105
1889,0,222,1281,-0.5146524582,1058.485348,-0.001860320973,3.826120832,1059,3.827981153,0,17,0,0,1,0,222.5146525,222.5146525,0,196,542,5.160180092
1890,0,222.5146525,223,0,0.4853475418,0,0.001754392108,0.4853475418,0.001754392108,0.1213368854,0.1213368854,0,0,1,0,222.5146525,222.5146525,0,196,543,5.163644075
1891,0,222.5146525,870,0,647.4853475,0,2.340473756,647.4853475,2.340473756,0.1213368854,13.87866311,1,1,0,0,222.5146525,222.5146525,0,196,544,5.166041374
1892,0,222.5146525,211,0,-11.51465246,0,-0.04162216487,-11.51465246,-0.04162216487,0.1744644312,0.1744644312,0,0,1,0,222.5146525,222.5146525,0,196,545,5.168985128
1893,0,211,1335,-11.51465246,1112.485348,-0.04162216487,4.021315339,1124,4.062937504,0,18,1,1,0,0,222.5146525,222.5146525,0,196,546,5.172050714
1894,0,222.5146525,10049,0,9826.485348,0,35.51992513,9826.485348,35.51992513,0.1771484994,191.1771485,0,0,1,0,222.5146525,222.5146525,0,196,547,5.17453146
1895,0,222.5146525,215,2.842170943e-14,-7.514652458,1.027363249e-16,-0.02716331254,-7.514652458,-0.02716331254,2.613792159,2.613792159,0,0,1,0,222.5146525,222.5146525,0,196,548,5.177439213
1896,0,215,1205,-7.514652458,982.4853475,-0.02716331254,3.551402638,990,3.578565951,0,16,1,1,0,0,222.5146525,222.5146525,0,196,549,5.180506945
1897,0,222.5146525,9140,0,8917.485348,0,32.23415094,8917.485348,32.23415094,0.1156100378,182.11561,0,0,1,0,222.5146525,222.5146525,0,196,550,5.183050871
1898,0,222.5146525,224,0,1.485347542,0,0.00536910519,1.485347542,0.00536910519,0.2970695084,0.2970695084,0,0,1,0,222.5146525,222.5146525,0,196,551,5.186430931
1899,0,222.5146525,1010,0,787.4853475,0,2.846533587,787.4853475,2.846533587,0.2970695084,13.70293049,0,0,1,0,222.5146525,222.5146525,0,196,552,5.18965435
1900,0,222.5146525,218,0,-4.514652458,0,-0.0163191733,-4.514652458,-0.0163191733,0.06945619166,0.06945619166,0,0,1,0,222.5146525,222.5146525,0,196,553,5.19286418
1901,0,218,1344,-4.514652458,1121.485348,-0.0163191733,4.053847757,1126,4.07016693,0,18,0,0,1,0,222.5146525,222.5146525,0,196,554,5.195724249
1902,0,222.5146525,219,0,-3.514652458,0,-0.01270446022,-3.514652458,-0.01270446022,0.05407157628,0.05407157628,0,0,1,0,222.5146525,222.5146525,0,196,555,5.198318243
1903,0,219,1075,-3.514652458,852.4853475,-0.01270446022,3.081489938,856,3.094194398,0,14,0,0,1,0,222.5146525,222.5146525,0,196,556,5.201076031
1904,0,222.5146525,10647,0,10424.48535,0,37.68152355,10424.48535,37.68152355,0.06945619166,205.0694562,0,0,1,0,222.5146525,222.5146525,0,196,557,5.203614235
1905,0,222.5146525,228,2.842170943e-14,5.485347542,1.027363249e-16,0.01982795752,5.485347542,0.01982795752,3.549342527,3.549342527,0,0,1,0,222.5146525,222.5146525,0,196,558,5.207594633
1906,0,222.5146525,543,0,320.4853475,0,1.158462578,320.4853475,1.158462578,1.828449181,9.171550819,1,1,0,0,222.5146525,222.5146525,0,196,559,5.210796356
1907,0,222.5146525,213,0,-9.514652458,0,-0.03439273871,-9.514652458,-0.03439273871,0.1441614009,0.1441614009,0,0,1,0,222.5146525,222.5146525,0,196,560,5.214234591
1908,0,213,2077,-9.514652458,1854.485348,-0.03439273871,6.703432445,1864,6.737825184,0,29,0,0,1,0,222.5146525,222.5146525,0,196,561,5.216961384
1909,0,222.5146525,10015,2.842170943e-14,9792.485348,1.027363249e-16,35.39702489,9792.485348,35.39702489,0.2927585372,213,0,0,1,0,222.5146525,222.5146525,0,196,562,5.2198174
1910,0,222.5146525,174,-2.842170943e-14,-48.51465246,-1.027363249e-16,-0.1753665489,-48.51465246,-0.1753665489,5.59636819,5.59636819,1,8,0,0,222.5146525,222.5146525,0,196,563,5.222941637
1911,0,222.5146525,183,0,-39.51465246,0,-0.1428341312,-39.51465246,-0.1428341312,2.983821749,2.983821749,1,6,0,0,222.5146525,222.5146525,0,196,564,5.226658583
1912,0,222.5146525,208,0,-14.51465246,0,-0.05246630412,-14.51465246,-0.05246630412,2.057183606,2.057183606,1,1,0,0,222.5146525,222.5146525,0,196,565,5.22951889
1913,0,222.5146525,223,0,0.4853475418,0,0.001754392108,0.4853475418,0.001754392108,0.3235650279,0.3235650279,0,0,1,0,222.5146525,222.5146525,0,196,566,5.232485056
1914,0,222.5146525,1122,0,899.4853475,0,3.251381452,899.4853475,3.251381452,0.1442925124,24.85570749,0,0,1,0,222.5146525,222.5146525,0,196,567,5.235413551
1915,0,222.5146525,252,0,29.48534754,0,0.1065810715,29.48534754,0.1065810715,0.44674769,0.44674769,0,0,1,0,222.5146525,222.5146525,0,196,568,5.238472939
1916,0,222.5146525,976,0,753.4853475,0,2.723633343,753.4853475,2.723633343,0.44674769,13.55325231,1,1,0,0,222.5146525,222.5146525,0,196,569,5.240832806
1917,0,222.5146525,251,0,28.48534754,0,0.1029663584,28.48534754,0.1029663584,0.438236116,0.438236116,0,0,1,0,222.5146525,222.5146525,0,196,570,5.243371964
1918,0,222.5146525,1111,0,888.4853475,0,3.211619609,888.4853475,3.211619609,0.438236116,15.56176388,1,1,0,0,222.5146525,222.5146525,0,196,571,5.245851755
1919,0,222.5146525,251,0,28.48534754,0,0.1029663584,28.48534754,0.1029663584,0.438236116,0.438236116,0,0,1,0,222.5146525,222.5146525,0,196,572,5.248381138
1920,0,222.5146525,910,0,687.4853475,0,2.485062279,687.4853475,2.485062279,0.438236116,12.56176388,1,1,0,0,222.5146525,222.5146525,0,196,573,5.250864267
1921,0,222.5146525,10039,0,9816.485348,0,35.483778,9816.485348,35.483778,0.438236116,197.4382361,0,0,1,0,222.5146525,222.5146525,0,196,574,5.253390312
1922,0,222.5146525,221,0,-1.514652458,0,-0.005475034055,-1.514652458,-0.005475034055,0.2524420764,0.2524420764,0,0,1,0,222.5146525,222.5146525,0,196,575,5.256164312
1923,0,221,1144,-1.514652458,921.4853475,-0.005475034055,3.33090514,923,3.336380174,0,15,0,0,1,0,222.5146525,222.5146525,0,196,576,5.259267092
1924,0,222.5146525,10725,0,10502.48535,0,37.96347118,10502.48535,37.96347118,0.04660469102,211,0,0,1,0,222.5146525,222.5146525,0,196,577,5.261846542
1925,0,222.5146525,218,0,-4.514652458,0,-0.0163191733,-4.514652458,-0.0163191733,1.697069508,1.697069508,1,3,0,0,222.5146525,222.5146525,0,196,578,5.264807463
1926,0,222.5146525,1760,0,1537.485348,0,5.557568399,1537.485348,5.557568399,1.697069508,26.30293049,0,0,1,0,222.5146525,222.5146525,0,196,579,5.267285109
1927,0,222.5146525,223,0,0.4853475418,0,0.001754392108,0.4853475418,0.001754392108,0.09706950836,0.09706950836,0,0,1,0,222.5146525,222.5146525,0,196,580,5.270225048
1928,0,222.5146525,1145,0,922.4853475,0,3.334519853,922.4853475,3.334519853,0.09706950836,15.90293049,0,0,1,0,222.5146525,222.5146525,0,196,581,5.272545338
1929,0,222.5146525,219,0,-3.514652458,0,-0.01270446022,-3.514652458,-0.01270446022,0.05407157628,0.05407157628,0,0,1,0,222.5146525,222.5146525,0,196,582,5.275311947
1930,0,219,2018,-3.514652458,1795.485348,-0.01270446022,6.490164374,1799,6.502868834,0,28,0,0,1,0,222.5146525,222.5146525,0,196,583,5.27775979
1931,0,222.5146525,218,0,-4.514652458,0,-0.0163191733,-4.514652458,-0.0163191733,0.06945619166,0.06945619166,0,0,1,0,222.5146525,222.5146525,0,196,584,5.280104399
1932,0,218,1277,-4.514652458,1054.485348,-0.0163191733,3.81166198,1059,3.827981153,0,17,0,0,1,0,222.5146525,222.5146525,0,196,585,5.282656908
1933,0,222.5146525,9752,0,9529.485348,0,34.44635535,9529.485348,34.44635535,0.05407157628,204.0540716,0,0,1,0,222.5146525,222.5146525,0,196,586,5.285040617
1934,0,222.5146525,224,0,1.485347542,0,0.00536910519,1.485347542,0.00536910519,0.2970695084,0.2970695084,0,0,1,0,222.5146525,222.5146525,0,196,587,5.288027763
1935,0,222.5146525,1817,0,1594.485348,0,5.763607044,1594.485348,5.763607044,0.2970695084,25.70293049,1,1,0,0,222.5146525,222.5146525,0,196,588,5.290750265
1936,0,222.5146525,219,0,-3.514652458,0,-0.01270446022,-3.514652458,-0.01270446022,0.05407157628,0.05407157628,0,0,1,0,222.5146525,222.5146525,0,196,589,5.293765068
1937,0,219,1814,-3.514652458,1591.485348,-0.01270446022,5.752762905,1595,5.765467365,0,25,1,1,0,0,222.5146525,222.5146525,0,196,590,5.296302795
1938,0,222.5146525,9593,0,9370.485348,0,33.87161597,9370.485348,33.87161597,0.05407157628,197.0540716,0,0,1,0,222.5146525,222.5146525,0,196,591,5.298707485
1939,0,222.5146525,225,0,2.485347542,0,0.008983818272,2.485347542,0.008983818272,2.071122951,2.071122951,0,0,1,0,222.5146525,222.5146525,0,196,592,5.301385164
1940,0,222.5146525,1818,0,1595.485348,0,5.767221757,1595.485348,5.767221757,0.4970695084,25.50293049,0,0,1,0,222.5146525,222.5146525,0,196,593,5.303953648
1941,0,222.5146525,219,0,-3.514652458,0,-0.01270446022,-3.514652458,-0.01270446022,0.05407157628,0.05407157628,0,0,1,0,222.5146525,222.5146525,0,196,594,5.306791067
1942,0,219,2085,-3.514652458,1862.485348,-0.01270446022,6.73235015,1866,6.74505461,0,29,0,0,1,0,222.5146525,222.5146525,0,196,595,5.309653282
1943,0,222.5146525,220,0,-2.514652458,0,-0.009089747136,-2.514652458,-0.009089747136,0.0386869609,0.0386869609,0,0,1,0,222.5146525,222.5146525,0,196,596,5.311991453
1944,0,220,1951,-2.514652458,1728.485348,-0.009089747136,6.247978597,1731,6.257068344,0,27,0,0,1,0,222.5146525,222.5146525,0,196,597,5.3144629
1945,0,222.5146525,9455,0,9232.485348,0,33.37278556,9232.485348,33.37278556,0.05407157628,191.0540716,0,0,1,0,222.5146525,222.5146525,0,196,598,5.316820145
1946,0,222.5146525,220,0,-2.514652458,0,-0.009089747136,-2.514652458,-0.009089747136,3,3,1,2,0,0,222.5146525,222.5146525,0,196,599,5.319697142
1947,0,222.5146525,221,0,-1.514652458,0,-0.005475034055,-1.514652458,-0.005475034055,0.137695678,0.137695678,0,0,1,0,222.5146525,222.5146525,0,196,600,5.322480202
1948,0,221,1213,-1.514652458,990.4853475,-0.005475034055,3.580320343,992,3.585795377,0,16,0,0,1,0,222.5146525,222.5146525,0,196,601,5.325112104
1949,0,222.5146525,222,0,-0.5146524582,0,-0.001860320973,-0.5146524582,-0.001860320973,0.007917730126,0.007917730126,0,0,1,0,222.5146525,222.5146525,0,196,602,5.327492476
1950,0,222,1614,-0.5146524582,1391.485348,-0.001860320973,5.029820289,1392,5.03168061,0,22,0,0,1,0,222.5146525,222.5146525,0,196,603,5.329900503
1951,0,222.5146525,9856,0,9633.485348,0,34.82228551,9633.485348,34.82228551,0.02330234551,190.0233023,0,0,1,0,222.5146525,222.5146525,0,196,604,5.332267046
1952,0,222.5146525,207,-2.842170943e-14,-15.51465246,-1.027363249e-16,-0.0560810172,-15.51465246,-0.0560810172,4.946178912,4.946178912,1,3,0,0,222.5146525,222.5146525,0,196,605,5.335231781
1953,0,219,219,-3.514652458,-3.514652458,-0.01270446022,-0.01270446022,0,0,0,0,0,0,1,0,222.5146525,222.5146525,0,196,606,5.3383255
1954,0,219,1075,-3.514652458,852.4853475,-0.01270446022,3.081489938,856,3.094194398,0,14,0,0,1,0,222.5146525,222.5146525,0,196,607,5.340684414
1955,0,222.5146525,9695,0,9472.485348,0,34.2403167,9472.485348,34.2403167,0.1081431526,202,0,0,1,0,222.5146525,222.5146525,0,196,608,5.343162537
1956,0,222.5146525,222,0,-0.5146524582,0,-0.001860320973,-0.5146524582,-0.001860320973,0.0857754097,0.0857754097,0,0,1,0,222.5146525,222.5146525,0,196,609,5.346035242
1957,0,222,1413,-0.5146524582,1190.485348,-0.001860320973,4.303262959,1191,4.30512328,0,19,0,0,1,0,222.5146525,222.5146525,0,196,610,5.348867893
1958,0,222.5146525,221,0,-1.514652458,0,-0.005475034055,-1.514652458,-0.005475034055,0.02330234551,0.02330234551,0,0,1,0,222.5146525,222.5146525,0,196,611,5.351206779
1959,0,221,880,-1.514652458,657.4853475,-0.005475034055,2.376620887,659,2.382095921,0,11,0,0,1,0,222.5146525,222.5146525,0,196,612,5.353968859
1960,0,222.5146525,9285,0,9062.485348,0,32.75828434,9062.485348,32.75828434,0.007917730126,191.0079177,0,0,1,0,222.5146525,222.5146525,0,196,613,5.356386185
1961,0,222.5146525,220,2.842170943e-14,-2.514652458,1.027363249e-16,-0.009089747136,-2.514652458,-0.009089747136,4.787897982,4.787897982,1,1,0,0,222.5146525,222.5146525,0,196,614,5.359357595
1962,0,222.5146525,221,0,-1.514652458,0,-0.005475034055,-1.514652458,-0.005475034055,0.2524420764,0.2524420764,0,0,1,0,222.5146525,222.5146525,0,196,615,5.362264395
1963,0,221,1479,-1.514652458,1256.485348,-0.005475034055,4.541834023,1258,4.547309057,0,20,0,0,1,0,222.5146525,222.5146525,0,196,616,5.365211725
1964,0,222.5146525,9367,0,9144.485348,0,33.05469081,9144.485348,33.05469081,0.04660469102,185,0,0,1,0,222.5146525,222.5146525,0,196,617,5.367710352
1965,0,222.5146525,223,0,0.4853475418,0,0.001754392108,0.4853475418,0.001754392108,0.08089125696,0.08089125696,0,0,1,0,222.5146525,222.5146525,0,196,618,5.37050271
1966,0,222.5146525,1676,0,1453.485348,0,5.2539325,1453.485348,5.2539325,0.08089125696,24.91910874,0,0,1,0,222.5146525,222.5146525,0,196,619,5.373155355
1967,0,222.5146525,212,0,-10.51465246,0,-0.03800745179,-10.51465246,-0.03800745179,0.161763884,0.161763884,0,0,1,0,222.5146525,222.5146525,0,196,620,5.375828028
1968,0,212,1807,-10.51465246,1584.485348,-0.03800745179,5.727459913,1595,5.765467365,0,25,0,0,1,0,222.5146525,222.5146525,0,196,621,5.378789902
1969,0,222.5146525,211,0,-11.51465246,0,-0.04162216487,-11.51465246,-0.04162216487,0.1771484994,0.1771484994,0,0,1,0,222.5146525,222.5146525,0,196,622,5.381174564
1970,0,211,1740,-11.51465246,1517.485348,-0.04162216487,5.485274137,1529,5.526896302,0,24,0,0,1,0,222.5146525,222.5146525,0,196,623,5.3835814
1971,0,222.5146525,11095,0,10872.48535,0,39.30091502,10872.48535,39.30091502,0.161763884,218.1617639,0,0,1,0,222.5146525,222.5146525,0,196,624,5.385936022
1972,0,222.5146525,220,2.842170943e-14,-2.514652458,1.027363249e-16,-0.009089747136,-2.514652458,-0.009089747136,0.9779204004,0.9779204004,0,0,1,0,222.5146525,222.5146525,0,196,625,5.388561487
1973,0,220,2084,-2.514652458,1861.485348,-0.009089747136,6.728735437,1864,6.737825184,0,29,0,0,1,0,222.5146525,222.5146525,0,196,626,5.391329288
1974,0,222.5146525,219,0,-3.514652458,0,-0.01270446022,-3.514652458,-0.01270446022,0.05407157628,0.05407157628,0,0,1,0,222.5146525,222.5146525,0,196,627,5.393630981
1975,0,219,1952,-3.514652458,1729.485348,-0.01270446022,6.25159331,1733,6.26429777,0,27,0,0,1,0,222.5146525,222.5146525,0,196,628,5.396030903
1976,0,222.5146525,10464,0,10241.48535,0,37.02003106,10241.48535,37.02003106,0.0386869609,197.038687,0,0,1,0,222.5146525,222.5146525,0,196,629,5.398400068
1977,0,222.5146525,225,0,2.485347542,0,0.008983818272,2.485347542,0.008983818272,0.4970695084,0.4970695084,0,0,1,0,222.5146525,222.5146525,0,196,630,5.401195765
1978,0,222.5146525,1413,0,1190.485348,0,4.303262959,1190.485348,4.303262959,0.4970695084,19.50293049,0,0,1,0,222.5146525,222.5146525,0,196,631,5.403864622
1979,0,222.5146525,220,0,-2.514652458,0,-0.009089747136,-2.514652458,-0.009089747136,0.07737392179,0.07737392179,0,0,1,0,222.5146525,222.5146525,0,196,632,5.406597614
1980,0,220,1076,-2.514652458,853.4853475,-0.009089747136,3.085104651,856,3.094194398,0,14,0,0,1,0,222.5146525,222.5146525,0,196,633,5.409677267
1981,0,222.5146525,9749,0,9526.485348,0,34.43551121,9526.485348,34.43551121,0.07737392179,199,0,0,1,0,222.5146525,222.5146525,0,196,634,5.41216588
1982,0,222.5146525,225,0,2.485347542,0,0.008983818272,2.485347542,0.008983818272,0.4970695084,0.4970695084,0,0,1,0,222.5146525,222.5146525,0,196,635,5.415055275
1983,0,222.5146525,1078,0,855.4853475,0,3.092334077,855.4853475,3.092334077,0.4970695084,14.50293049,0,0,1,0,222.5146525,222.5146525,0,196,636,5.417595148
1984,0,222.5146525,220,-2.842170943e-14,-2.514652458,-1.027363249e-16,-0.009089747136,-2.514652458,-0.009089747136,0.07737392179,0.07737392179,0,0,1,0,222.5146525,222.5146525,0,196,637,5.420384645
1985,0,220,1545,-2.514652458,1322.485348,-0.009089747136,4.780405086,1325,4.789494833,0,21,0,0,1,0,222.5146525,222.5146525,0,196,638,5.423522949
1986,0,222.5146525,9497,-2.842170943e-14,9274.485348,-1.027363249e-16,33.52460351,9274.485348,33.52460351,0.07737392179,181,0,0,1,0,222.5146525,222.5146525,0,196,639,5.425936699
1987,0,222.5146525,226,2.842170943e-14,3.485347542,1.027363249e-16,0.01259853135,3.485347542,0.01259853135,1.425823994,1.425823994,0,0,1,0,222.5146525,222.5146525,0,196,640,5.428783417
1988,0,222.5146525,1747,0,1524.485348,0,5.510577128,1524.485348,5.510577128,0.8713368854,26.12866311,0,0,1,0,222.5146525,222.5146525,0,196,641,5.431377172
1989,0,222.5146525,215,0,-7.514652458,0,-0.02716331254,-7.514652458,-0.02716331254,0.1156100378,0.1156100378,0,0,1,0,222.5146525,222.5146525,0,196,642,5.434467793
1990,0,215,2147,-7.514652458,1924.485348,-0.02716331254,6.956462361,1932,6.983625674,0,30,0,0,1,0,222.5146525,222.5146525,0,196,643,5.437082052
1991,0,222.5146525,214,0,-8.514652458,0,-0.03077802563,-8.514652458,-0.03077802563,0.1309946532,0.1309946532,0,0,1,0,222.5146525,222.5146525,0,196,644,5.439413548
1992,0,214,1407,-8.514652458,1184.485348,-0.03077802563,4.281574681,1193,4.312352706,0,19,0,0,1,0,222.5146525,222.5146525,0,196,645,5.441815853
1993,0,222.5146525,10659,0,10436.48535,0,37.72490011,10436.48535,37.72490011,0.1156100378,223.11561,0,0,1,0,222.5146525,222.5146525,0,196,646,5.444171667
1994,0,222.5146525,157,0,-65.51465246,0,-0.2368166713,-65.51465246,-0.2368166713,5.402930492,5.402930492,1,15,0,0,222.5146525,222.5146525,0,196,647,5.447091579
1995,0,222.5146525,202,-2.842170943e-14,-20.51465246,-1.027363249e-16,-0.07415458261,-20.51465246,-0.07415458261,4.357647042,4.357647042,1,3,0,0,222.5146525,222.5146525,0,196,648,5.450532675
1996,0,222.5146525,218,2.842170943e-14,-4.514652458,1.027363249e-16,-0.0163191733,-4.514652458,-0.0163191733,0.6840382512,0.6840382512,0,0,1,0,222.5146525,222.5146525,0,196,649,5.453149319
1997,0,218,1677,-4.514652458,1454.485348,-0.0163191733,5.257547213,1459,5.273866386,0,23,1,1,0,0,222.5146525,222.5146525,0,196,650,5.455967903
1998,0,222.5146525,10080,0,9857.485348,0,35.63198124,9857.485348,35.63198124,0.06945619166,205.0694562,0,0,1,0,222.5146525,222.5146525,0,196,651,5.458337307
1999,0,222.5146525,223,0,0.4853475418,0,0.001754392108,0.4853475418,0.001754392108,0.09706950836,0.09706950836,0,0,1,0,222.5146525,222.5146525,0,196,652,5.461291075
