it,alpha,cz_lp,cz_round,d_lp,d_round,d_lp_n,d_round_n,delta,delta_n,frac,dist,viol_max,viol_sum,feas,improving,ub,ub_eff,ub_free,z_best,stall,t
0,0,45.19746214,4,-513.4506345,-554.6480966,-0.25,-0.2700591154,-41.19746214,-0.02005911541,31.01164958,31.01164958,1,796,0,0,558.6480966,0,1,0,0,0.001146793365
1,0,558.6480966,739,-1.136868377e-13,180.3519034,-5.535431748e-17,0.087813653,180.3519034,0.087813653,15.78956466,36.93278236,1,110,0,0,558.6480966,558.6480966,0,0,1,18.49809289
2,0,558.6480966,411,0,-147.6480966,0,-0.07189011304,-147.6480966,-0.07189011304,12.87454874,12.87454874,1,162,0,0,558.6480966,558.6480966,0,0,2,25.84233403
3,0,558.6480966,724,1.136868377e-13,165.3519034,5.535431748e-17,0.08051012712,165.3519034,0.08051012712,11.55671022,26.29848656,1,8,0,0,558.6480966,558.6480966,0,0,3,26.27350473
4,0,558.6480966,523,0,-35.6480966,0,-0.01735711976,-35.6480966,-0.01735711976,6.959127013,6.959127013,1,21,0,0,558.6480966,558.6480966,0,0,4,27.05596757
5,0,558.6480966,539,0,-19.6480966,0,-0.009566692144,-19.6480966,-0.009566692144,4.863222394,4.863222394,1,12,0,0,558.6480966,558.6480966,0,0,5,27.19446945
6,0,558.6480966,540,0,-18.6480966,0,-0.009079790418,-18.6480966,-0.009079790418,3.269056818,3.269056818,1,7,0,0,558.6480966,558.6480966,0,0,6,27.31340408
7,0,558.6480966,562,0,3.351903396,0,0.001632047548,3.351903396,0.001632047548,1.338760286,1.338760286,1,1,0,0,558.6480966,558.6480966,0,0,7,27.3897624
8,0,558.6480966,563,0,4.351903396,0,0.002118949274,4.351903396,0.002118949274,0.6217004851,0.6217004851,0,0,1,1,558.6480966,558.6480966,0,563,0,27.48539138
9,0,558.6480966,1880,0,1321.351903,0,0.6433685221,1321.351903,0.6433685221,0.1813293082,21.81867069,0,0,1,0,558.6480966,558.6480966,0,563,1,27.54818416
10,0,558.6480966,540,0,-18.6480966,0,-0.009079790418,-18.6480966,-0.009079790418,0.2783298001,0.2783298001,0,0,1,1,558.6480966,558.6480966,0,540,0,27.70759845
11,0,540,2080,-18.6480966,1521.351903,-0.009079790418,0.7407488672,1540,0.7498286576,0,24,0,0,1,0,558.6480966,558.6480966,0,540,1,27.86314845
12,0,558.6480966,539,0,-19.6480966,0,-0.009566692144,-19.6480966,-0.009566692144,0.2932551732,0.2932551732,0,0,1,1,558.6480966,558.6480966,0,539,0,28.07845569
13,0,539,2416,-19.6480966,1857.351903,-0.009566692144,0.9043478471,1877,0.9139145392,0,29,0,0,1,0,558.6480966,558.6480966,0,539,1,28.42986202
14,0,558.6480966,102063,0,101504.3519,0,49.42264411,101504.3519,49.42264411,0.2783298001,2008.72167,0,0,1,0,558.6480966,558.6480966,0,539,2,28.65086722
15,0,558.6480966,562,0,3.351903396,0,0.001632047548,3.351903396,0.001632047548,0.4189879245,0.4189879245,0,0,1,0,558.6480966,558.6480966,0,539,3,28.7396183
16,0,558.6480966,1625,0,1066.351903,0,0.519208582,1066.351903,0.519208582,0.4189879245,17.58101208,0,0,1,0,558.6480966,558.6480966,0,539,4,28.78345251
17,0,558.6480966,553,0,-5.648096604,0,-0.002750067984,-5.648096604,-0.002750067984,0.08429994932,0.08429994932,0,0,1,0,558.6480966,558.6480966,0,539,5,28.83453679
18,0,553,2095,-5.648096604,1536.351903,-0.002750067984,0.7480523931,1542,0.7508024611,0,24,0,0,1,0,558.6480966,558.6480966,0,539,6,28.88103485
19,0,558.6480966,554,0,-4.648096604,0,-0.002263166258,-4.648096604,-0.002263166258,0.06937457618,0.06937457618,0,0,1,0,558.6480966,558.6480966,0,539,7,28.92488289
20,0,554,1558,-4.648096604,999.3519034,-0.002263166258,0.4865861664,1004,0.4888493326,0,16,0,0,1,0,558.6480966,558.6480966,0,539,8,28.97113347
21,0,558.6480966,100902,0,100343.3519,0,48.85735121,100343.3519,48.85735121,0.08429994932,1986.9157,0,0,1,0,558.6480966,558.6480966,0,539,9,29.01497698
22,0,558.6480966,560,0,1.351903396,0,0.0006582440964,1.351903396,0.0006582440964,0.2253172326,0.2253172326,0,0,1,0,558.6480966,558.6480966,0,539,10,29.06193948
23,0,558.6480966,2431,0,1872.351903,0,0.9116513729,1872.351903,0.9116513729,0.2253172326,29.77468277,0,0,1,0,558.6480966,558.6480966,0,539,11,29.10529947
24,0,558.6480966,555,0,-3.648096604,0,-0.001776264532,-3.648096604,-0.001776264532,0.05444920305,0.05444920305,0,0,1,0,558.6480966,558.6480966,0,539,12,29.15593815
25,0,555,1626,-3.648096604,1067.351903,-0.001776264532,0.5196954837,1071,0.5214717483,0,17,0,0,1,0,558.6480966,558.6480966,0,539,13,29.20179081
26,0,558.6480966,554,0,-4.648096604,0,-0.002263166258,-4.648096604,-0.002263166258,0.06937457618,0.06937457618,0,0,1,0,558.6480966,558.6480966,0,539,14,29.24500966
27,0,554,1225,-4.648096604,666.3519034,-0.002263166258,0.3244478917,671,0.326711058,0,11,0,0,1,0,558.6480966,558.6480966,0,539,15,29.29088283
28,0,558.6480966,100511,0,99952.3519,0,48.66697263,99952.3519,48.66697263,0.05444920305,1970.945551,0,0,1,0,558.6480966,558.6480966,0,539,16,29.33418846
29,0,558.6480966,560,0,1.351903396,0,0.0006582440964,1.351903396,0.0006582440964,0.2703806791,0.2703806791,0,0,1,0,558.6480966,558.6480966,0,539,17,29.38209343
30,0,558.6480966,2430,0,1871.351903,0,0.9111644712,1871.351903,0.9111644712,0.2703806791,29.72961932,0,0,1,0,558.6480966,558.6480966,0,539,18,29.42416072
31,0,558.6480966,554,0,-4.648096604,0,-0.002263166258,-4.648096604,-0.002263166258,0.06937457618,0.06937457618,0,0,1,0,558.6480966,558.6480966,0,539,19,29.47393632
32,0,554,2163,-4.648096604,1604.351903,-0.002263166258,0.7811617104,1609,0.7834248767,0,25,0,0,1,0,558.6480966,558.6480966,0,539,20,29.52113223
33,0,558.6480966,555,0,-3.648096604,0,-0.001776264532,-3.648096604,-0.001776264532,0.05444920305,0.05444920305,0,0,1,0,558.6480966,558.6480966,0,539,21,29.5638783
34,0,555,1291,-3.648096604,732.3519034,-0.001776264532,0.3565834056,736,0.3583596701,0,12,0,0,1,0,558.6480966,558.6480966,0,539,22,29.60887718
35,0,558.6480966,101507,0,100948.3519,0,49.15192675,100948.3519,49.15192675,0.06937457618,2009.069375,0,0,1,0,558.6480966,558.6480966,0,539,23,29.65227318
36,0,558.6480966,560,0,1.351903396,0,0.0006582440964,1.351903396,0.0006582440964,0.2703806791,0.2703806791,0,0,1,0,558.6480966,558.6480966,0,539,24,29.70251179
37,0,558.6480966,2030,0,1471.351903,0,0.7164037809,1471.351903,0.7164037809,0.2703806791,23.72961932,0,0,1,0,558.6480966,558.6480966,0,539,25,29.7451539
38,0,558.6480966,556,0,-2.648096604,0,-0.001289362807,-2.648096604,-0.001289362807,0.03952382991,0.03952382991,0,0,1,0,558.6480966,558.6480966,0,539,26,29.79407668
39,0,556,1493,-2.648096604,934.3519034,-0.001289362807,0.4549375542,937,0.456226917,0,15,0,0,1,0,558.6480966,558.6480966,0,539,27,29.83884764
40,0,558.6480966,555,0,-3.648096604,0,-0.001776264532,-3.648096604,-0.001776264532,0.05444920305,0.05444920305,0,0,1,0,558.6480966,558.6480966,0,539,28,29.8809247
41,0,555,1159,-3.648096604,600.3519034,-0.001776264532,0.2923123778,604,0.2940886423,0,10,0,0,1,0,558.6480966,558.6480966,0,539,29,29.925596
42,0,558.6480966,103966,0,103407.3519,0,50.3492181,103407.3519,50.3492181,0.03952382991,2036.039524,0,0,1,0,558.6480966,558.6480966,0,539,30,29.96787906
43,0,558.6480966,558,0,-0.6480966043,0,-0.0003155593551,-0.6480966043,-0.0003155593551,0.1296193209,0.1296193209,0,0,1,0,558.6480966,558.6480966,0,539,31,30.01667023
44,0,558,1428,-0.6480966043,869.3519034,-0.0003155593551,0.423288942,870,0.4236045014,0,14,0,0,1,0,558.6480966,558.6480966,0,539,32,30.06490922
45,0,558.6480966,557,0,-1.648096604,0,-0.0008024610808,-1.648096604,-0.0008024610808,0.02459845678,0.02459845678,0,0,1,0,558.6480966,558.6480966,0,539,33,30.10638571
46,0,557,2367,-1.648096604,1808.351903,-0.0008024610808,0.8804896625,1810,0.8812921236,0,28,0,0,1,0,558.6480966,558.6480966,0,539,34,30.15087175
47,0,558.6480966,98832,0,98273.3519,0,47.84946464,98273.3519,47.84946464,0.009673083646,1945.009673,0,0,1,0,558.6480966,558.6480966,0,539,35,30.19350553
48,0,558.6480966,557,0,-1.648096604,0,-0.0008024610808,-1.648096604,-0.0008024610808,0.3296193209,0.3296193209,0,0,1,0,558.6480966,558.6480966,0,539,36,30.24226499
49,0,557,1561,-1.648096604,1002.351903,-0.0008024610808,0.4880468716,1004,0.4888493326,0,16,0,0,1,0,558.6480966,558.6480966,0,539,37,30.29132581
50,0,558.6480966,556,0,-2.648096604,0,-0.001289362807,-2.648096604,-0.001289362807,0.03952382991,0.03952382991,0,0,1,0,558.6480966,558.6480966,0,539,38,30.33235097
51,0,556,1361,-2.648096604,802.3519034,-0.001289362807,0.3906665264,805,0.3919558892,0,13,0,0,1,0,558.6480966,558.6480966,0,539,39,30.37549663
52,0,558.6480966,98502,0,97943.3519,0,47.68878707,97943.3519,47.68878707,0.02459845678,1996.024598,0,0,1,0,558.6480966,558.6480966,0,539,40,30.41819263
53,0,558.6480966,558,0,-0.6480966043,0,-0.0003155593551,-0.6480966043,-0.0003155593551,0.1296193209,0.1296193209,0,0,1,0,558.6480966,558.6480966,0,539,41,30.46683621
54,0,558,1428,-0.6480966043,869.3519034,-0.0003155593551,0.423288942,870,0.4236045014,0,14,0,0,1,0,558.6480966,558.6480966,0,539,42,30.51606703
55,0,558.6480966,557,0,-1.648096604,0,-0.0008024610808,-1.648096604,-0.0008024610808,0.02459845678,0.02459845678,0,0,1,0,558.6480966,558.6480966,0,539,43,30.55761027
56,0,557,1496,-1.648096604,937.3519034,-0.0008024610808,0.4563982594,939,0.4572007205,0,15,0,0,1,0,558.6480966,558.6480966,0,539,44,30.60064793
57,0,558.6480966,98302,0,97743.3519,0,47.59140672,97743.3519,47.59140672,0.009673083646,1982.009673,0,0,1,0,558.6480966,558.6480966,0,539,45,30.64255118
58,0,558.6480966,557,0,-1.648096604,0,-0.0008024610808,-1.648096604,-0.0008024610808,0.3296193209,0.3296193209,0,0,1,0,558.6480966,558.6480966,0,539,46,30.69047952
59,0,557,1628,-1.648096604,1069.351903,-0.0008024610808,0.5206692872,1071,0.5214717483,0,17,0,0,1,0,558.6480966,558.6480966,0,539,47,30.74168229
60,0,558.6480966,556,0,-2.648096604,0,-0.001289362807,-2.648096604,-0.001289362807,0.03952382991,0.03952382991,0,0,1,0,558.6480966,558.6480966,0,539,48,30.78402662
61,0,556,1428,-2.648096604,869.3519034,-0.001289362807,0.423288942,872,0.4245783048,0,14,0,0,1,0,558.6480966,558.6480966,0,539,49,30.83156991
62,0,558.6480966,103299,0,102740.3519,0,50.02445464,102740.3519,50.02445464,0.02459845678,2035.024598,0,0,1,0,558.6480966,558.6480966,0,539,50,30.87467122
63,0,558.6480966,558,0,-0.6480966043,0,-0.0003155593551,-0.6480966043,-0.0003155593551,0.1296193209,0.1296193209,0,0,1,0,558.6480966,558.6480966,0,539,51,30.92386818
64,0,558,1897,-0.6480966043,1338.351903,-0.0003155593551,0.6516458514,1339,0.6519614108,0,21,0,0,1,0,558.6480966,558.6480966,0,539,52,30.97361827
65,0,558.6480966,557,0,-1.648096604,0,-0.0008024610808,-1.648096604,-0.0008024610808,0.02459845678,0.02459845678,0,0,1,0,558.6480966,558.6480966,0,539,53,31.01600432
66,0,557,2367,-1.648096604,1808.351903,-0.0008024610808,0.8804896625,1810,0.8812921236,0,28,0,0,1,0,558.6480966,558.6480966,0,539,54,31.06129098
67,0,558.6480966,98069,0,97510.3519,0,47.47795862,97510.3519,47.47795862,0.009673083646,1958.009673,0,0,1,0,558.6480966,558.6480966,0,539,55,31.10387969
68,0,558.6480966,561,0,2.351903396,0,0.001145145822,2.351903396,0.001145145822,0.4703806791,0.4703806791,0,0,1,0,558.6480966,558.6480966,0,539,56,31.15175414
69,0,558.6480966,1627,0,1068.351903,0,0.5201823855,1068.351903,0.5201823855,0.4703806791,17.52961932,0,0,1,0,558.6480966,558.6480966,0,539,57,31.19307947
70,0,558.6480966,555,0,-3.648096604,0,-0.001776264532,-3.648096604,-0.001776264532,0.05444920305,0.05444920305,0,0,1,0,558.6480966,558.6480966,0,539,58,31.24150872
71,0,555,2499,-3.648096604,1940.351903,-0.001776264532,0.9447606903,1944,0.9465369548,0,30,0,0,1,0,558.6480966,558.6480966,0,539,59,31.28574109
72,0,558.6480966,556,0,-2.648096604,0,-0.001289362807,-2.648096604,-0.001289362807,0.03952382991,0.03952382991,0,0,1,0,558.6480966,558.6480966,0,539,60,31.3309257
73,0,556,1761,-2.648096604,1202.351903,-0.001289362807,0.5854272167,1205,0.5867165795,0,19,0,0,1,0,558.6480966,558.6480966,0,539,61,31.3767519
74,0,558.6480966,104938,0,104379.3519,0,50.82248657,104379.3519,50.82248657,0.05444920305,2042.945551,0,0,1,0,558.6480966,558.6480966,0,539,62,31.42185593
75,0,558.6480966,559,0,0.3519033957,0,0.0001713423707,0.3519033957,0.0001713423707,0.07038067914,0.07038067914,0,0,1,0,558.6480966,558.6480966,0,539,63,31.47082782
76,0,558.6480966,1828,0,1269.351903,0,0.6180496323,1269.351903,0.6180496323,0.07038067914,20.92961932,0,0,1,0,558.6480966,558.6480966,0,539,64,31.51561642
77,0,558.6480966,555,0,-3.648096604,0,-0.001776264532,-3.648096604,-0.001776264532,0.05444920305,0.05444920305,0,0,1,0,558.6480966,558.6480966,0,539,65,31.56769323
78,0,555,2095,-3.648096604,1536.351903,-0.001776264532,0.7480523931,1540,0.7498286576,0,24,0,0,1,0,558.6480966,558.6480966,0,539,66,31.61490583
79,0,558.6480966,554,0,-4.648096604,0,-0.002263166258,-4.648096604,-0.002263166258,0.06937457618,0.06937457618,0,0,1,0,558.6480966,558.6480966,0,539,67,31.6593709
80,0,554,2431,-4.648096604,1872.351903,-0.002263166258,0.9116513729,1877,0.9139145392,0,29,0,0,1,0,558.6480966,558.6480966,0,539,68,31.70716119
81,0,558.6480966,99343,0,98784.3519,0,48.09827142,98784.3519,48.09827142,0.05444920305,1983.054449,0,0,1,0,558.6480966,558.6480966,0,539,69,31.75157666
82,0,558.6480966,558,0,-0.6480966043,0,-0.0003155593551,-0.6480966043,-0.0003155593551,0.1296193209,0.1296193209,0,0,1,0,558.6480966,558.6480966,0,539,70,31.80292511
83,0,558,1428,-0.6480966043,869.3519034,-0.0003155593551,0.423288942,870,0.4236045014,0,14,0,0,1,0,558.6480966,558.6480966,0,539,71,31.85628009
84,0,558.6480966,557,0,-1.648096604,0,-0.0008024610808,-1.648096604,-0.0008024610808,0.02459845678,0.02459845678,0,0,1,0,558.6480966,558.6480966,0,539,72,31.90065432
85,0,557,2300,-1.648096604,1741.351903,-0.0008024610808,0.8478672469,1743,0.848669708,0,27,0,0,1,0,558.6480966,558.6480966,0,539,73,31.94826317
86,0,558.6480966,97247,0,96688.3519,0,47.0777254,96688.3519,47.0777254,0.009673083646,1929.009673,0,0,1,0,558.6480966,558.6480966,0,539,74,31.99221754
87,0,558.6480966,557,0,-1.648096604,0,-0.0008024610808,-1.648096604,-0.0008024610808,0.2746827674,0.2746827674,0,0,1,0,558.6480966,558.6480966,0,539,75,32.04314208
88,0,557,2231,-1.648096604,1672.351903,-0.0008024610808,0.8142710278,1674,0.8150734889,0,26,0,0,1,0,558.6480966,558.6480966,0,539,76,32.09477806
89,0,558.6480966,556,0,-2.648096604,0,-0.001289362807,-2.648096604,-0.001289362807,0.03952382991,0.03952382991,0,0,1,0,558.6480966,558.6480966,0,539,77,32.13789868
90,0,556,2165,-2.648096604,1606.351903,-0.001289362807,0.7821355139,1609,0.7834248767,0,25,0,0,1,0,558.6480966,558.6480966,0,539,78,32.1845572
91,0,558.6480966,99203,0,98644.3519,0,48.03010518,98644.3519,48.03010518,0.02459845678,1935.024598,0,0,1,0,558.6480966,558.6480966,0,539,79,32.22864747
92,0,558.6480966,561,0,2.351903396,0,0.001145145822,2.351903396,0.001145145822,0.4703806791,0.4703806791,0,0,1,0,558.6480966,558.6480966,0,539,80,32.2794373
93,0,558.6480966,1225,0,666.3519034,0,0.3244478917,666.3519034,0.3244478917,0.4703806791,11.52961932,0,0,1,0,558.6480966,558.6480966,0,539,81,32.32377553
94,0,558.6480966,555,0,-3.648096604,0,-0.001776264532,-3.648096604,-0.001776264532,0.05444920305,0.05444920305,0,0,1,0,558.6480966,558.6480966,0,539,82,32.37513113
95,0,555,1226,-3.648096604,667.3519034,-0.001776264532,0.3249347934,671,0.326711058,0,11,0,0,1,0,558.6480966,558.6480966,0,539,83,32.42185688
96,0,558.6480966,556,0,-2.648096604,0,-0.001289362807,-2.648096604,-0.001289362807,0.03952382991,0.03952382991,0,0,1,0,558.6480966,558.6480966,0,539,84,32.46563816
97,0,556,2431,-2.648096604,1872.351903,-0.001289362807,0.9116513729,1875,0.9129407358,0,29,0,0,1,0,558.6480966,558.6480966,0,539,85,32.51195216
98,0,558.6480966,99673,0,99114.3519,0,48.25894899,99114.3519,48.25894899,0.05444920305,1976.054449,0,0,1,0,558.6480966,558.6480966,0,539,86,32.55723453
99,0,558.6480966,557,0,-1.648096604,0,-0.0008024610808,-1.648096604,-0.0008024610808,0.3296193209,0.3296193209,0,0,1,0,558.6480966,558.6480966,0,539,87,32.60948086
100,0,557,2367,-1.648096604,1808.351903,-0.0008024610808,0.8804896625,1810,0.8812921236,0,28,0,0,1,0,558.6480966,558.6480966,0,539,88,32.66120481
101,0,558.6480966,558,0,-0.6480966043,0,-0.0003155593551,-0.6480966043,-0.0003155593551,0.009673083646,0.009673083646,0,0,1,0,558.6480966,558.6480966,0,539,89,32.7058785
102,0,558,1361,-0.6480966043,802.3519034,-0.0003155593551,0.3906665264,803,0.3909820858,0,13,0,0,1,0,558.6480966,558.6480966,0,539,90,32.75232387
103,0,558.6480966,98724,0,98165.3519,0,47.79687925,98165.3519,47.79687925,0.02459845678,1966.024598,0,0,1,0,558.6480966,558.6480966,0,539,91,32.79674959
104,0,558.6480966,557,0,-1.648096604,0,-0.0008024610808,-1.648096604,-0.0008024610808,0.3296193209,0.3296193209,0,0,1,0,558.6480966,558.6480966,0,539,92,32.84761167
105,0,557,2099,-1.648096604,1540.351903,-0.0008024610808,0.75,1542,0.7508024611,0,24,0,0,1,0,558.6480966,558.6480966,0,539,93,32.89964747
106,0,558.6480966,558,0,-0.6480966043,0,-0.0003155593551,-0.6480966043,-0.0003155593551,0.009673083646,0.009673083646,0,0,1,0,558.6480966,558.6480966,0,539,94,32.94411349
107,0,558,1294,-0.6480966043,735.3519034,-0.0003155593551,0.3580441108,736,0.3583596701,0,12,0,0,1,0,558.6480966,558.6480966,0,539,95,32.99115252
108,0,558.6480966,99134,0,98575.3519,0,47.99650896,98575.3519,47.99650896,0.02459845678,1953.024598,0,0,1,0,558.6480966,558.6480966,0,539,96,33.03673363
109,0,558.6480966,557,0,-1.648096604,0,-0.0008024610808,-1.648096604,-0.0008024610808,0.3296193209,0.3296193209,0,0,1,0,558.6480966,558.6480966,0,539,97,33.08818483
110,0,557,1898,-1.648096604,1339.351903,-0.0008024610808,0.6521327531,1341,0.6529352142,0,21,0,0,1,0,558.6480966,558.6480966,0,539,98,33.14041257
111,0,558.6480966,558,0,-0.6480966043,0,-0.0003155593551,-0.6480966043,-0.0003155593551,0.009673083646,0.009673083646,0,0,1,0,558.6480966,558.6480966,0,539,99,33.18549824
112,0,558,1897,-0.6480966043,1338.351903,-0.0003155593551,0.6516458514,1339,0.6519614108,0,21,0,0,1,0,558.6480966,558.6480966,0,539,100,33.23232985
113,0,558.6480966,101015,0,100456.3519,0,48.9123711,100456.3519,48.9123711,0.02459845678,2020.975402,0,0,1,0,558.6480966,558.6480966,0,539,101,33.27752304
114,0,558.6480966,559,0,0.3519033957,0,0.0001713423707,0.3519033957,0.0001713423707,0.07038067914,0.07038067914,0,0,1,0,558.6480966,558.6480966,0,539,102,33.32566404
115,0,558.6480966,2230,0,1671.351903,0,0.8137841261,1671.351903,0.8137841261,0.07038067914,26.92961932,0,0,1,0,558.6480966,558.6480966,0,539,103,33.36973977
116,0,558.6480966,555,0,-3.648096604,0,-0.001776264532,-3.648096604,-0.001776264532,0.05444920305,0.05444920305,0,0,1,0,558.6480966,558.6480966,0,539,104,33.42203736
117,0,555,1358,-3.648096604,799.3519034,-0.001776264532,0.3892058212,803,0.3909820858,0,13,0,0,1,0,558.6480966,558.6480966,0,539,105,33.46945333
118,0,558.6480966,554,0,-4.648096604,0,-0.002263166258,-4.648096604,-0.002263166258,0.06937457618,0.06937457618,0,0,1,0,558.6480966,558.6480966,0,539,106,33.51289058
119,0,554,1962,-4.648096604,1403.351903,-0.002263166258,0.6832944636,1408,0.6855576298,0,22,0,0,1,0,558.6480966,558.6480966,0,539,107,33.55937004
120,0,558.6480966,100630,0,100071.3519,0,48.72491394,100071.3519,48.72491394,0.05444920305,1978.054449,0,0,1,0,558.6480966,558.6480966,0,539,108,33.60227799
121,0,558.6480966,561,0,2.351903396,0,0.001145145822,2.351903396,0.001145145822,0.4703806791,0.4703806791,0,0,1,0,558.6480966,558.6480966,0,539,109,33.65405893
122,0,558.6480966,1562,0,1003.351903,0,0.4885337733,1003.351903,0.4885337733,0.4703806791,16.52961932,0,0,1,0,558.6480966,558.6480966,0,539,110,33.69723725
123,0,558.6480966,557,0,-1.648096604,0,-0.0008024610808,-1.648096604,-0.0008024610808,0.02459845678,0.02459845678,0,0,1,0,558.6480966,558.6480966,0,539,111,33.74810052
124,0,557,1829,-1.648096604,1270.351903,-0.0008024610808,0.6185365341,1272,0.6193389951,0,20,0,0,1,0,558.6480966,558.6480966,0,539,112,33.79458237
125,0,558.6480966,556,0,-2.648096604,0,-0.001289362807,-2.648096604,-0.001289362807,0.03952382991,0.03952382991,0,0,1,0,558.6480966,558.6480966,0,539,113,33.83830667
126,0,556,2500,-2.648096604,1941.351903,-0.001289362807,0.945247592,1944,0.9465369548,0,30,0,0,1,0,558.6480966,558.6480966,0,539,114,33.88561654
127,0,558.6480966,100865,0,100306.3519,0,48.83933584,100306.3519,48.83933584,0.02459845678,2004.024598,0,0,1,0,558.6480966,558.6480966,0,539,115,33.93041396
128,0,558.6480966,557,0,-1.648096604,0,-0.0008024610808,-1.648096604,-0.0008024610808,0.3296193209,0.3296193209,0,0,1,0,558.6480966,558.6480966,0,539,116,33.98228884
129,0,557,2298,-1.648096604,1739.351903,-0.0008024610808,0.8468934434,1741,0.8476959045,0,27,0,0,1,0,558.6480966,558.6480966,0,539,117,34.03429985
130,0,558.6480966,556,0,-2.648096604,0,-0.001289362807,-2.648096604,-0.001289362807,0.03952382991,0.03952382991,0,0,1,0,558.6480966,558.6480966,0,539,118,34.07854438
131,0,556,1562,-2.648096604,1003.351903,-0.001289362807,0.4885337733,1006,0.4898231361,0,16,0,0,1,0,558.6480966,558.6480966,0,539,119,34.12526441
132,0,558.6480966,101679,0,101120.3519,0,49.23567385,101120.3519,49.23567385,0.02459845678,1998.024598,0,0,1,0,558.6480966,558.6480966,0,539,120,34.16975093
133,0,558.6480966,561,0,2.351903396,0,0.001145145822,2.351903396,0.001145145822,0.4703806791,0.4703806791,0,0,1,0,558.6480966,558.6480966,0,539,121,34.22236061
134,0,558.6480966,1158,0,599.3519034,0,0.2918254761,599.3519034,0.2918254761,0.4703806791,10.52961932,0,0,1,0,558.6480966,558.6480966,0,539,122,34.26708508
135,0,558.6480966,555,0,-3.648096604,0,-0.001776264532,-3.648096604,-0.001776264532,0.05444920305,0.05444920305,0,0,1,0,558.6480966,558.6480966,0,539,123,34.31944633
136,0,555,1762,-3.648096604,1203.351903,-0.001776264532,0.5859141184,1207,0.587690383,0,19,0,0,1,0,558.6480966,558.6480966,0,539,124,34.36662197
137,0,558.6480966,556,0,-2.648096604,0,-0.001289362807,-2.648096604,-0.001289362807,0.03952382991,0.03952382991,0,0,1,0,558.6480966,558.6480966,0,539,125,34.41114855
138,0,556,1962,-2.648096604,1403.351903,-0.001289362807,0.6832944636,1406,0.6845838264,0,22,0,0,1,0,558.6480966,558.6480966,0,539,126,34.45836496
139,0,558.6480966,102501,0,101942.3519,0,49.63590707,101942.3519,49.63590707,0.05444920305,1986.054449,0,0,1,0,558.6480966,558.6480966,0,539,127,34.50272131
140,0,558.6480966,559,0,0.3519033957,0,0.0001713423707,0.3519033957,0.0001713423707,0.07038067914,0.07038067914,0,0,1,0,558.6480966,558.6480966,0,539,128,34.55432773
141,0,558.6480966,1292,0,733.3519034,0,0.3570703073,733.3519034,0.3570703073,0.07038067914,12.92961932,0,0,1,0,558.6480966,558.6480966,0,539,129,34.59810734
142,0,558.6480966,555,0,-3.648096604,0,-0.001776264532,-3.648096604,-0.001776264532,0.05444920305,0.05444920305,0,0,1,0,558.6480966,558.6480966,0,539,130,34.64953661
143,0,555,1626,-3.648096604,1067.351903,-0.001776264532,0.5196954837,1071,0.5214717483,0,17,0,0,1,0,558.6480966,558.6480966,0,539,131,34.69664788
144,0,558.6480966,554,0,-4.648096604,0,-0.002263166258,-4.648096604,-0.002263166258,0.06937457618,0.06937457618,0,0,1,0,558.6480966,558.6480966,0,539,132,34.7401042
145,0,554,2163,-4.648096604,1604.351903,-0.002263166258,0.7811617104,1609,0.7834248767,0,25,0,0,1,0,558.6480966,558.6480966,0,539,133,34.78560376
146,0,558.6480966,98313,0,97754.3519,0,47.59676264,97754.3519,47.59676264,0.05444920305,1917.054449,0,0,1,0,558.6480966,558.6480966,0,539,134,34.82856774
147,0,558.6480966,557,0,-1.648096604,0,-0.0008024610808,-1.648096604,-0.0008024610808,0.3296193209,0.3296193209,0,0,1,0,558.6480966,558.6480966,0,539,135,34.87833858
148,0,557,2298,-1.648096604,1739.351903,-0.0008024610808,0.8468934434,1741,0.8476959045,0,27,0,0,1,0,558.6480966,558.6480966,0,539,136,34.92832661
149,0,558.6480966,556,0,-2.648096604,0,-0.001289362807,-2.648096604,-0.001289362807,0.03952382991,0.03952382991,0,0,1,0,558.6480966,558.6480966,0,539,137,34.97097206
150,0,556,2500,-2.648096604,1941.351903,-0.001289362807,0.945247592,1944,0.9465369548,0,30,0,0,1,0,558.6480966,558.6480966,0,539,138,35.01674557
151,0,558.6480966,102798,0,102239.3519,0,49.78051688,102239.3519,49.78051688,0.02459845678,2043.024598,0,0,1,0,558.6480966,558.6480966,0,539,139,35.06038904
152,0,558.6480966,561,0,2.351903396,0,0.001145145822,2.351903396,0.001145145822,0.4703806791,0.4703806791,0,0,1,0,558.6480966,558.6480966,0,539,140,35.11223221
153,0,558.6480966,1562,0,1003.351903,0,0.4885337733,1003.351903,0.4885337733,0.4703806791,16.52961932,0,0,1,0,558.6480966,558.6480966,0,539,141,35.15606666
154,0,558.6480966,557,0,-1.648096604,0,-0.0008024610808,-1.648096604,-0.0008024610808,0.02459845678,0.02459845678,0,0,1,0,558.6480966,558.6480966,0,539,142,35.2078557
155,0,557,2365,-1.648096604,1806.351903,-0.0008024610808,0.879515859,1808,0.8803183201,0,28,0,0,1,0,558.6480966,558.6480966,0,539,143,35.25468683
156,0,558.6480966,556,0,-2.648096604,0,-0.001289362807,-2.648096604,-0.001289362807,0.03952382991,0.03952382991,0,0,1,0,558.6480966,558.6480966,0,539,144,35.29874825
157,0,556,1227,-2.648096604,668.3519034,-0.001289362807,0.3254216952,671,0.326711058,0,11,0,0,1,0,558.6480966,558.6480966,0,539,145,35.34500074
158,0,558.6480966,100832,0,100273.3519,0,48.82326809,100273.3519,48.82326809,0.02459845678,2017.975402,0,0,1,0,558.6480966,558.6480966,0,539,146,35.38964605
159,0,558.6480966,559,0,0.3519033957,0,0.0001713423707,0.3519033957,0.0001713423707,0.07038067914,0.07038067914,0,0,1,0,558.6480966,558.6480966,0,539,147,35.43787408
160,0,558.6480966,2029,0,1470.351903,0,0.7159168792,1470.351903,0.7159168792,0.07038067914,23.92961932,0,0,1,0,558.6480966,558.6480966,0,539,148,35.48319459
161,0,558.6480966,555,0,-3.648096604,0,-0.001776264532,-3.648096604,-0.001776264532,0.05444920305,0.05444920305,0,0,1,0,558.6480966,558.6480966,0,539,149,35.53545952
162,0,555,1961,-3.648096604,1402.351903,-0.001776264532,0.6828075618,1406,0.6845838264,0,22,0,0,1,0,558.6480966,558.6480966,0,539,150,35.58218288
163,0,558.6480966,554,0,-4.648096604,0,-0.002263166258,-4.648096604,-0.002263166258,0.06937457618,0.06937457618,0,0,1,0,558.6480966,558.6480966,0,539,151,35.62681723
164,0,554,1828,-4.648096604,1269.351903,-0.002263166258,0.6180496323,1274,0.6203127986,0,20,0,0,1,0,558.6480966,558.6480966,0,539,152,35.67412829
165,0,558.6480966,99101,0,98542.3519,0,47.9804412,98542.3519,47.9804412,0.05444920305,1944.054449,0,0,1,0,558.6480966,558.6480966,0,539,153,35.7193675
166,0,558.6480966,557,0,-1.648096604,0,-0.0008024610808,-1.648096604,-0.0008024610808,0.3296193209,0.3296193209,0,0,1,0,558.6480966,558.6480966,0,539,154,35.77199483
167,0,557,2365,-1.648096604,1806.351903,-0.0008024610808,0.879515859,1808,0.8803183201,0,28,0,0,1,0,558.6480966,558.6480966,0,539,155,35.82487798
168,0,558.6480966,556,0,-2.648096604,0,-0.001289362807,-2.648096604,-0.001289362807,0.03952382991,0.03952382991,0,0,1,0,558.6480966,558.6480966,0,539,156,35.87001586
169,0,556,2299,-2.648096604,1740.351903,-0.001289362807,0.8473803451,1743,0.848669708,0,27,0,0,1,0,558.6480966,558.6480966,0,539,157,35.91759872
170,0,558.6480966,99636,0,99077.3519,0,48.24093362,99077.3519,48.24093362,0.02459845678,1985.024598,0,0,1,0,558.6480966,558.6480966,0,539,158,35.96316814
171,0,558.6480966,558,0,-0.6480966043,0,-0.0003155593551,-0.6480966043,-0.0003155593551,0.1296193209,0.1296193209,0,0,1,0,558.6480966,558.6480966,0,539,159,36.0156064
172,0,558,2366,-0.6480966043,1807.351903,-0.0003155593551,0.8800027608,1808,0.8803183201,0,28,0,0,1,0,558.6480966,558.6480966,0,539,160,36.06814504
173,0,558.6480966,557,0,-1.648096604,0,-0.0008024610808,-1.648096604,-0.0008024610808,0.02459845678,0.02459845678,0,0,1,0,558.6480966,558.6480966,0,539,161,36.11292052
174,0,557,2032,-1.648096604,1473.351903,-0.0008024610808,0.7173775844,1475,0.7181800455,0,23,0,0,1,0,558.6480966,558.6480966,0,539,162,36.16051483
175,0,558.6480966,100805,0,100246.3519,0,48.81012174,100246.3519,48.81012174,0.009673083646,2005.990327,0,0,1,0,558.6480966,558.6480966,0,539,163,36.2055428
176,0,558.6480966,557,0,-1.648096604,0,-0.0008024610808,-1.648096604,-0.0008024610808,0.3296193209,0.3296193209,0,0,1,0,558.6480966,558.6480966,0,539,164,36.25423694
177,0,557,1496,-1.648096604,937.3519034,-0.0008024610808,0.4563982594,939,0.4572007205,0,15,0,0,1,0,558.6480966,558.6480966,0,539,165,36.3072443
178,0,558.6480966,558,0,-0.6480966043,0,-0.0003155593551,-0.6480966043,-0.0003155593551,0.009673083646,0.009673083646,0,0,1,0,558.6480966,558.6480966,0,539,166,36.35138655
179,0,558,1897,-0.6480966043,1338.351903,-0.0003155593551,0.6516458514,1339,0.6519614108,0,21,0,0,1,0,558.6480966,558.6480966,0,539,167,36.39860892
180,0,558.6480966,102072,0,101513.3519,0,49.42702623,101513.3519,49.42702623,0.02459845678,1998.024598,0,0,1,0,558.6480966,558.6480966,0,539,168,36.44260573
181,0,558.6480966,559,0,0.3519033957,0,0.0001713423707,0.3519033957,0.0001713423707,0.07038067914,0.07038067914,0,0,1,0,558.6480966,558.6480966,0,539,169,36.49432468
182,0,558.6480966,1558,0,999.3519034,0,0.4865861664,999.3519034,0.4865861664,0.07038067914,16.92961932,0,0,1,0,558.6480966,558.6480966,0,539,170,36.53748107
183,0,558.6480966,553,0,-5.648096604,0,-0.002750067984,-5.648096604,-0.002750067984,0.08429994932,0.08429994932,0,0,1,0,558.6480966,558.6480966,0,539,171,36.58841133
184,0,553,1827,-5.648096604,1268.351903,-0.002750067984,0.6175627306,1274,0.6203127986,0,20,0,0,1,0,558.6480966,558.6480966,0,539,172,36.63416171
185,0,558.6480966,554,0,-4.648096604,0,-0.002263166258,-4.648096604,-0.002263166258,0.06937457618,0.06937457618,0,0,1,0,558.6480966,558.6480966,0,539,173,36.67738986
186,0,554,2161,-4.648096604,1602.351903,-0.002263166258,0.780187907,1607,0.7824510733,0,25,0,0,1,0,558.6480966,558.6480966,0,539,174,36.72300076
187,0,558.6480966,100650,0,100091.3519,0,48.73465197,100091.3519,48.73465197,0.08429994932,2004.0843,0,0,1,0,558.6480966,558.6480966,0,539,175,36.76717234
188,0,558.6480966,561,0,2.351903396,0,0.001145145822,2.351903396,0.001145145822,0.4703806791,0.4703806791,0,0,1,0,558.6480966,558.6480966,0,539,176,36.81844759
189,0,558.6480966,2366,0,1807.351903,0,0.8800027608,1807.351903,0.8800027608,0.4703806791,28.52961932,0,0,1,0,558.6480966,558.6480966,0,539,177,36.86342978
190,0,558.6480966,557,0,-1.648096604,0,-0.0008024610808,-1.648096604,-0.0008024610808,0.02459845678,0.02459845678,0,0,1,0,558.6480966,558.6480966,0,539,178,36.91526413
191,0,557,2432,-1.648096604,1873.351903,-0.0008024610808,0.9121382747,1875,0.9129407358,0,29,0,0,1,0,558.6480966,558.6480966,0,539,179,36.96352983
192,0,558.6480966,556,0,-2.648096604,0,-0.001289362807,-2.648096604,-0.001289362807,0.03952382991,0.03952382991,0,0,1,0,558.6480966,558.6480966,0,539,180,37.00856638
193,0,556,1629,-2.648096604,1070.351903,-0.001289362807,0.5211561889,1073,0.5224455517,0,17,0,0,1,0,558.6480966,558.6480966,0,539,181,37.05673456
194,0,558.6480966,100228,0,99669.3519,0,48.52917944,99669.3519,48.52917944,0.02459845678,1959.024598,0,0,1,0,558.6480966,558.6480966,0,539,182,37.10225463
195,0,558.6480966,558,0,-0.6480966043,0,-0.0003155593551,-0.6480966043,-0.0003155593551,0.1296193209,0.1296193209,0,0,1,0,558.6480966,558.6480966,0,539,183,37.15463877
196,0,558,1227,-0.6480966043,668.3519034,-0.0003155593551,0.3254216952,669,0.3257372545,0,11,0,0,1,0,558.6480966,558.6480966,0,539,184,37.20735788
197,0,558.6480966,557,0,-1.648096604,0,-0.0008024610808,-1.648096604,-0.0008024610808,0.02459845678,0.02459845678,0,0,1,0,558.6480966,558.6480966,0,539,185,37.25257277
198,0,557,1831,-1.648096604,1272.351903,-0.0008024610808,0.6195103375,1274,0.6203127986,0,20,0,0,1,0,558.6480966,558.6480966,0,539,186,37.30053496
199,0,558.6480966,100063,0,99504.3519,0,48.44884066,99504.3519,48.44884066,0.009673083646,1992.990327,0,0,1,0,558.6480966,558.6480966,0,539,187,37.34617019
200,0,558.6480966,557,0,-1.648096604,0,-0.0008024610808,-1.648096604,-0.0008024610808,0.3296193209,0.3296193209,0,0,1,0,558.6480966,558.6480966,0,539,188,37.39488935
201,0,557,1896,-1.648096604,1337.351903,-0.0008024610808,0.6511589497,1339,0.6519614108,0,21,0,0,1,0,558.6480966,558.6480966,0,539,189,37.44687462
202,0,558.6480966,556,0,-2.648096604,0,-0.001289362807,-2.648096604,-0.001289362807,0.03952382991,0.03952382991,0,0,1,0,558.6480966,558.6480966,0,539,190,37.49194956
203,0,556,1897,-2.648096604,1338.351903,-0.001289362807,0.6516458514,1341,0.6529352142,0,21,0,0,1,0,558.6480966,558.6480966,0,539,191,37.53906393
204,0,558.6480966,103347,0,102788.3519,0,50.04782593,102788.3519,50.04782593,0.02459845678,2064.975402,0,0,1,0,558.6480966,558.6480966,0,539,192,37.58404398
205,0,558.6480966,561,0,2.351903396,0,0.001145145822,2.351903396,0.001145145822,0.4703806791,0.4703806791,0,0,1,0,558.6480966,558.6480966,0,539,193,37.63316488
206,0,558.6480966,1158,0,599.3519034,0,0.2918254761,599.3519034,0.2918254761,0.4703806791,10.52961932,0,0,1,0,558.6480966,558.6480966,0,539,194,37.67783666
207,0,558.6480966,555,0,-3.648096604,0,-0.001776264532,-3.648096604,-0.001776264532,0.05444920305,0.05444920305,0,0,1,0,558.6480966,558.6480966,0,539,195,37.7307868
208,0,555,1561,-3.648096604,1002.351903,-0.001776264532,0.4880468716,1006,0.4898231361,0,16,0,0,1,0,558.6480966,558.6480966,0,539,196,37.77847886
209,0,558.6480966,556,0,-2.648096604,0,-0.001289362807,-2.648096604,-0.001289362807,0.03952382991,0.03952382991,0,0,1,0,558.6480966,558.6480966,0,539,197,37.82340693
210,0,556,1560,-2.648096604,1001.351903,-0.001289362807,0.4875599698,1004,0.4888493326,0,16,0,0,1,0,558.6480966,558.6480966,0,539,198,37.8705287
211,0,558.6480966,106021,0,105462.3519,0,51.34980114,105462.3519,51.34980114,0.05444920305,2048.054449,0,0,1,0,558.6480966,558.6480966,0,539,199,37.91494846
212,0,558.6480966,557,0,-1.648096604,0,-0.0008024610808,-1.648096604,-0.0008024610808,0.3296193209,0.3296193209,0,0,1,0,558.6480966,558.6480966,0,539,200,37.96719527
213,0,557,2499,-1.648096604,1940.351903,-0.0008024610808,0.9447606903,1942,0.9455631514,0,30,0,0,1,0,558.6480966,558.6480966,0,539,201,38.01928043
214,0,558.6480966,556,0,-2.648096604,0,-0.001289362807,-2.648096604,-0.001289362807,0.03952382991,0.03952382991,0,0,1,0,558.6480966,558.6480966,0,539,202,38.06406069
215,0,556,2165,-2.648096604,1606.351903,-0.001289362807,0.7821355139,1609,0.7834248767,0,25,0,0,1,0,558.6480966,558.6480966,0,539,203,38.11110759
216,0,558.6480966,99785,0,99226.3519,0,48.31348198,99226.3519,48.31348198,0.02459845678,1974.024598,0,0,1,0,558.6480966,558.6480966,0,539,204,38.15516567
217,0,558.6480966,558,0,-0.6480966043,0,-0.0003155593551,-0.6480966043,-0.0003155593551,0.1296193209,0.1296193209,0,0,1,0,558.6480966,558.6480966,0,539,205,38.2067008
218,0,558,2234,-0.6480966043,1675.351903,-0.0003155593551,0.815731733,1676,0.8160472923,0,26,0,0,1,0,558.6480966,558.6480966,0,539,206,38.2591536
219,0,558.6480966,559,0,0.3519033957,0,0.0001713423707,0.3519033957,0.0001713423707,0.07038067914,0.07038067914,0,0,1,0,558.6480966,558.6480966,0,539,207,38.30288243
220,0,558.6480966,1223,0,664.3519034,0,0.3234740883,664.3519034,0.3234740883,0.07038067914,11.92961932,0,0,1,0,558.6480966,558.6480966,0,539,208,38.34584975
221,0,558.6480966,553,0,-5.648096604,0,-0.002750067984,-5.648096604,-0.002750067984,0.08429994932,0.08429994932,0,0,1,0,558.6480966,558.6480966,0,539,209,38.39745259
222,0,553,1760,-5.648096604,1201.351903,-0.002750067984,0.584940315,1207,0.587690383,0,19,0,0,1,0,558.6480966,558.6480966,0,539,210,38.44324088
223,0,558.6480966,554,0,-4.648096604,0,-0.002263166258,-4.648096604,-0.002263166258,0.06937457618,0.06937457618,0,0,1,0,558.6480966,558.6480966,0,539,211,38.48688221
224,0,554,1893,-4.648096604,1334.351903,-0.002263166258,0.6496982445,1339,0.6519614108,0,21,0,0,1,0,558.6480966,558.6480966,0,539,212,38.53204799
225,0,558.6480966,102298,0,101739.3519,0,49.53706602,101739.3519,49.53706602,0.08429994932,2008.0843,0,0,1,0,558.6480966,558.6480966,0,539,213,38.57619452
226,0,558.6480966,559,0,0.3519033957,0,0.0001713423707,0.3519033957,0.0001713423707,0.07038067914,0.07038067914,0,0,1,0,558.6480966,558.6480966,0,539,214,38.62787962
227,0,558.6480966,2364,0,1805.351903,0,0.8790289573,1805.351903,0.8790289573,0.07038067914,28.92961932,0,0,1,0,558.6480966,558.6480966,0,539,215,38.67188787
228,0,558.6480966,555,0,-3.648096604,0,-0.001776264532,-3.648096604,-0.001776264532,0.05444920305,0.05444920305,0,0,1,0,558.6480966,558.6480966,0,539,216,38.72353387
229,0,555,1894,-3.648096604,1335.351903,-0.001776264532,0.6501851462,1339,0.6519614108,0,21,0,0,1,0,558.6480966,558.6480966,0,539,217,38.7706759
230,0,558.6480966,554,0,-4.648096604,0,-0.002263166258,-4.648096604,-0.002263166258,0.06937457618,0.06937457618,0,0,1,0,558.6480966,558.6480966,0,539,218,38.81583285
231,0,554,2096,-4.648096604,1537.351903,-0.002263166258,0.7485392948,1542,0.7508024611,0,24,0,0,1,0,558.6480966,558.6480966,0,539,219,38.86359739
232,0,558.6480966,98021,0,97462.3519,0,47.45458734,97462.3519,47.45458734,0.05444920305,1950.054449,0,0,1,0,558.6480966,558.6480966,0,539,220,38.90875673
233,0,558.6480966,560,0,1.351903396,0,0.0006582440964,1.351903396,0.0006582440964,0.2703806791,0.2703806791,0,0,1,0,558.6480966,558.6480966,0,539,221,38.96089768
234,0,558.6480966,1961,0,1402.351903,0,0.6828075618,1402.351903,0.6828075618,0.2703806791,22.72961932,0,0,1,0,558.6480966,558.6480966,0,539,222,39.0061388
235,0,558.6480966,554,0,-4.648096604,0,-0.002263166258,-4.648096604,-0.002263166258,0.06937457618,0.06937457618,0,0,1,0,558.6480966,558.6480966,0,539,223,39.05874252
236,0,554,2297,-4.648096604,1738.351903,-0.002263166258,0.8464065417,1743,0.848669708,0,27,0,0,1,0,558.6480966,558.6480966,0,539,224,39.10635281
237,0,558.6480966,555,0,-3.648096604,0,-0.001776264532,-3.648096604,-0.001776264532,0.05444920305,0.05444920305,0,0,1,0,558.6480966,558.6480966,0,539,225,39.15117121
238,0,555,1157,-3.648096604,598.3519034,-0.001776264532,0.2913385744,602,0.2931148389,0,10,0,0,1,0,558.6480966,558.6480966,0,539,226,39.1985178
239,0,558.6480966,103166,0,102607.3519,0,49.95969671,102607.3519,49.95969671,0.06937457618,1997.069375,0,0,1,0,558.6480966,558.6480966,0,539,227,39.2436955
240,0,558.6480966,559,0,0.3519033957,0,0.0001713423707,0.3519033957,0.0001713423707,0.07038067914,0.07038067914,0,0,1,0,558.6480966,558.6480966,0,539,228,39.29582238
241,0,558.6480966,1962,0,1403.351903,0,0.6832944636,1403.351903,0.6832944636,0.07038067914,22.92961932,0,0,1,0,558.6480966,558.6480966,0,539,229,39.34061098
242,0,558.6480966,555,0,-3.648096604,0,-0.001776264532,-3.648096604,-0.001776264532,0.05444920305,0.05444920305,0,0,1,0,558.6480966,558.6480966,0,539,230,39.39315271
243,0,555,1827,-3.648096604,1268.351903,-0.001776264532,0.6175627306,1272,0.6193389951,0,20,0,0,1,0,558.6480966,558.6480966,0,539,231,39.44070411
244,0,558.6480966,554,0,-4.648096604,0,-0.002263166258,-4.648096604,-0.002263166258,0.06937457618,0.06937457618,0,0,1,0,558.6480966,558.6480966,0,539,232,39.48492694
245,0,554,1694,-4.648096604,1135.351903,-0.002263166258,0.5528048011,1140,0.5550679673,0,18,0,0,1,0,558.6480966,558.6480966,0,539,233,39.53179479
246,0,558.6480966,101760,0,101201.3519,0,49.27511289,101201.3519,49.27511289,0.05444920305,2034.054449,0,0,1,0,558.6480966,558.6480966,0,539,234,39.5761025
247,0,558.6480966,561,0,2.351903396,0,0.001145145822,2.351903396,0.001145145822,0.4703806791,0.4703806791,0,0,1,0,558.6480966,558.6480966,0,539,235,39.6284554
248,0,558.6480966,1962,0,1403.351903,0,0.6832944636,1403.351903,0.6832944636,0.4703806791,22.52961932,0,0,1,0,558.6480966,558.6480966,0,539,236,39.67236829
249,0,558.6480966,555,0,-3.648096604,0,-0.001776264532,-3.648096604,-0.001776264532,0.05444920305,0.05444920305,0,0,1,0,558.6480966,558.6480966,0,539,237,39.7242763
250,0,555,1561,-3.648096604,1002.351903,-0.001776264532,0.4880468716,1006,0.4898231361,0,16,0,0,1,0,558.6480966,558.6480966,0,539,238,39.77124572
251,0,558.6480966,556,0,-2.648096604,0,-0.001289362807,-2.648096604,-0.001289362807,0.03952382991,0.03952382991,0,0,1,0,558.6480966,558.6480966,0,539,239,39.81537724
252,0,556,1694,-2.648096604,1135.351903,-0.001289362807,0.5528048011,1138,0.5540941639,0,18,0,0,1,0,558.6480966,558.6480966,0,539,240,39.86167407
253,0,558.6480966,99594,0,99035.3519,0,48.22048375,99035.3519,48.22048375,0.05444920305,1967.054449,0,0,1,0,558.6480966,558.6480966,0,539,241,39.90617704
254,0,558.6480966,559,0,0.3519033957,0,0.0001713423707,0.3519033957,0.0001713423707,0.07038067914,0.07038067914,0,0,1,0,558.6480966,558.6480966,0,539,242,39.95795131
255,0,558.6480966,1759,0,1200.351903,0,0.5844534133,1200.351903,0.5844534133,0.07038067914,19.92961932,0,0,1,0,558.6480966,558.6480966,0,539,243,40.00168514
256,0,558.6480966,553,0,-5.648096604,0,-0.002750067984,-5.648096604,-0.002750067984,0.08429994932,0.08429994932,0,0,1,0,558.6480966,558.6480966,0,539,244,40.05243921
257,0,553,2296,-5.648096604,1737.351903,-0.002750067984,0.84591964,1743,0.848669708,0,27,0,0,1,0,558.6480966,558.6480966,0,539,245,40.09801745
258,0,558.6480966,554,0,-4.648096604,0,-0.002263166258,-4.648096604,-0.002263166258,0.06937457618,0.06937457618,0,0,1,0,558.6480966,558.6480966,0,539,246,40.1415267
259,0,554,2429,-4.648096604,1870.351903,-0.002263166258,0.9106775695,1875,0.9129407358,0,29,0,0,1,0,558.6480966,558.6480966,0,539,247,40.18764257
260,0,558.6480966,99850,0,99291.3519,0,48.34513059,99291.3519,48.34513059,0.08429994932,1962.0843,0,0,1,0,558.6480966,558.6480966,0,539,248,40.23192334
261,0,558.6480966,557,0,-1.648096604,0,-0.0008024610808,-1.648096604,-0.0008024610808,0.3296193209,0.3296193209,0,0,1,0,558.6480966,558.6480966,0,539,249,40.2843194
262,0,557,1831,-1.648096604,1272.351903,-0.0008024610808,0.6195103375,1274,0.6203127986,0,20,0,0,1,0,558.6480966,558.6480966,0,539,250,40.33640432
263,0,558.6480966,558,0,-0.6480966043,0,-0.0003155593551,-0.6480966043,-0.0003155593551,0.009673083646,0.009673083646,0,0,1,0,558.6480966,558.6480966,0,539,251,40.38029337
264,0,558,1294,-0.6480966043,735.3519034,-0.0003155593551,0.3580441108,736,0.3583596701,0,12,0,0,1,0,558.6480966,558.6480966,0,539,252,40.42709827
265,0,558.6480966,102519,0,101960.3519,0,49.6446713,101960.3519,49.6446713,0.02459845678,2005.024598,0,0,1,0,558.6480966,558.6480966,0,539,253,40.47151232
266,0,558.6480966,558,0,-0.6480966043,0,-0.0003155593551,-0.6480966043,-0.0003155593551,0.1296193209,0.1296193209,0,0,1,0,558.6480966,558.6480966,0,539,254,40.52226305
267,0,558,2100,-0.6480966043,1541.351903,-0.0003155593551,0.7504869017,1542,0.7508024611,0,24,0,0,1,0,558.6480966,558.6480966,0,539,255,40.5741086
268,0,558.6480966,559,0,0.3519033957,0,0.0001713423707,0.3519033957,0.0001713423707,0.07038067914,0.07038067914,0,0,1,0,558.6480966,558.6480966,0,539,256,40.61826372
269,0,558.6480966,2228,0,1669.351903,0,0.8128103226,1669.351903,0.8128103226,0.07038067914,26.92961932,0,0,1,0,558.6480966,558.6480966,0,539,257,40.66320944
270,0,558.6480966,553,0,-5.648096604,0,-0.002750067984,-5.648096604,-0.002750067984,0.08429994932,0.08429994932,0,0,1,0,558.6480966,558.6480966,0,539,258,40.71526694
271,0,553,1559,-5.648096604,1000.351903,-0.002750067984,0.4870730681,1006,0.4898231361,0,16,0,0,1,0,558.6480966,558.6480966,0,539,259,40.76259518
272,0,558.6480966,554,0,-4.648096604,0,-0.002263166258,-4.648096604,-0.002263166258,0.06937457618,0.06937457618,0,0,1,0,558.6480966,558.6480966,0,539,260,40.8060236
273,0,554,1625,-4.648096604,1066.351903,-0.002263166258,0.519208582,1071,0.5214717483,0,17,0,0,1,0,558.6480966,558.6480966,0,539,261,40.85321307
274,0,558.6480966,103147,0,102588.3519,0,49.95044558,102588.3519,49.95044558,0.08429994932,2058.0843,0,0,1,0,558.6480966,558.6480966,0,539,262,40.8972981
275,0,558.6480966,557,0,-1.648096604,0,-0.0008024610808,-1.648096604,-0.0008024610808,0.3296193209,0.3296193209,0,0,1,0,558.6480966,558.6480966,0,539,263,40.94877386
276,0,557,2030,-1.648096604,1471.351903,-0.0008024610808,0.7164037809,1473,0.717206242,0,23,0,0,1,0,558.6480966,558.6480966,0,539,264,40.9999907
277,0,558.6480966,556,0,-2.648096604,0,-0.001289362807,-2.648096604,-0.001289362807,0.03952382991,0.03952382991,0,0,1,0,558.6480966,558.6480966,0,539,265,41.04400015
278,0,556,1294,-2.648096604,735.3519034,-0.001289362807,0.3580441108,738,0.3593334736,0,12,0,0,1,0,558.6480966,558.6480966,0,539,266,41.09051204
279,0,558.6480966,101706,0,101147.3519,0,49.2488202,101147.3519,49.2488202,0.02459845678,2026.024598,0,0,1,0,558.6480966,558.6480966,0,539,267,41.13479471
280,0,558.6480966,558,0,-0.6480966043,0,-0.0003155593551,-0.6480966043,-0.0003155593551,0.1296193209,0.1296193209,0,0,1,0,558.6480966,558.6480966,0,539,268,41.18670297
281,0,558,2299,-0.6480966043,1740.351903,-0.0003155593551,0.8473803451,1741,0.8476959045,0,27,0,0,1,0,558.6480966,558.6480966,0,539,269,41.23796988
282,0,558.6480966,557,0,-1.648096604,0,-0.0008024610808,-1.648096604,-0.0008024610808,0.02459845678,0.02459845678,0,0,1,0,558.6480966,558.6480966,0,539,270,41.28187823
283,0,557,1563,-1.648096604,1004.351903,-0.0008024610808,0.489020675,1006,0.4898231361,0,16,0,0,1,0,558.6480966,558.6480966,0,539,271,41.32791185
284,0,558.6480966,96262,0,95703.3519,0,46.5981272,95703.3519,46.5981272,0.009673083646,1913.009673,0,0,1,0,558.6480966,558.6480966,0,539,272,41.3723526
285,0,558.6480966,557,0,-1.648096604,0,-0.0008024610808,-1.648096604,-0.0008024610808,0.3296193209,0.3296193209,0,0,1,0,558.6480966,558.6480966,0,539,273,41.42486548
286,0,557,1159,-1.648096604,600.3519034,-0.0008024610808,0.2923123778,602,0.2931148389,0,10,0,0,1,0,558.6480966,558.6480966,0,539,274,41.47739387
287,0,558.6480966,556,0,-2.648096604,0,-0.001289362807,-2.648096604,-0.001289362807,0.03952382991,0.03952382991,0,0,1,0,558.6480966,558.6480966,0,539,275,41.52174091
288,0,556,2500,-2.648096604,1941.351903,-0.001289362807,0.945247592,1944,0.9465369548,0,30,0,0,1,0,558.6480966,558.6480966,0,539,276,41.5694437
289,0,558.6480966,101957,0,101398.3519,0,49.37103253,101398.3519,49.37103253,0.02459845678,2009.024598,0,0,1,0,558.6480966,558.6480966,0,539,277,41.61520529
290,0,558.6480966,560,0,1.351903396,0,0.0006582440964,1.351903396,0.0006582440964,0.2703806791,0.2703806791,0,0,1,0,558.6480966,558.6480966,0,539,278,41.667557
291,0,558.6480966,1693,0,1134.351903,0,0.5523178994,1134.351903,0.5523178994,0.2703806791,18.72961932,0,0,1,0,558.6480966,558.6480966,0,539,279,41.7123971
292,0,558.6480966,554,0,-4.648096604,0,-0.002263166258,-4.648096604,-0.002263166258,0.06937457618,0.06937457618,0,0,1,0,558.6480966,558.6480966,0,539,280,41.76415324
293,0,554,1828,-4.648096604,1269.351903,-0.002263166258,0.6180496323,1274,0.6203127986,0,20,0,0,1,0,558.6480966,558.6480966,0,539,281,41.81202483
294,0,558.6480966,555,0,-3.648096604,0,-0.001776264532,-3.648096604,-0.001776264532,0.05444920305,0.05444920305,0,0,1,0,558.6480966,558.6480966,0,539,282,41.85744548
295,0,555,1157,-3.648096604,598.3519034,-0.001776264532,0.2913385744,602,0.2931148389,0,10,0,0,1,0,558.6480966,558.6480966,0,539,283,41.90513325
296,0,558.6480966,103161,0,102602.3519,0,49.95726221,102602.3519,49.95726221,0.06937457618,2037.930625,0,0,1,0,558.6480966,558.6480966,0,539,284,41.95015454
297,0,558.6480966,559,0,0.3519033957,0,0.0001713423707,0.3519033957,0.0001713423707,0.07038067914,0.07038067914,0,0,1,0,558.6480966,558.6480966,0,539,285,41.99907517
298,0,558.6480966,2430,0,1871.351903,0,0.9111644712,1871.351903,0.9111644712,0.07038067914,28.92961932,0,0,1,0,558.6480966,558.6480966,0,539,286,42.04350996
299,0,558.6480966,554,0,-4.648096604,0,-0.002263166258,-4.648096604,-0.002263166258,0.06937457618,0.06937457618,0,0,1,0,558.6480966,558.6480966,0,539,287,42.09662938
300,0,554,1158,-4.648096604,599.3519034,-0.002263166258,0.2918254761,604,0.2940886423,0,10,0,0,1,0,558.6480966,558.6480966,0,539,288,42.14422774
301,0,558.6480966,555,0,-3.648096604,0,-0.001776264532,-3.648096604,-0.001776264532,0.05444920305,0.05444920305,0,0,1,0,558.6480966,558.6480966,0,539,289,42.1892879
302,0,555,1157,-3.648096604,598.3519034,-0.001776264532,0.2913385744,602,0.2931148389,0,10,0,0,1,0,558.6480966,558.6480966,0,539,290,42.23638058
303,0,558.6480966,103563,0,103004.3519,0,50.1529967,103004.3519,50.1529967,0.06937457618,2018.069375,0,0,1,0,558.6480966,558.6480966,0,539,291,42.2800653
304,0,558.6480966,558,0,-0.6480966043,0,-0.0003155593551,-0.6480966043,-0.0003155593551,0.1296193209,0.1296193209,0,0,1,0,558.6480966,558.6480966,0,539,292,42.33185863
305,0,558,1698,-0.6480966043,1139.351903,-0.0003155593551,0.554752408,1140,0.5550679673,0,18,0,0,1,0,558.6480966,558.6480966,0,539,293,42.38417029
306,0,558.6480966,559,0,0.3519033957,0,0.0001713423707,0.3519033957,0.0001713423707,0.07038067914,0.07038067914,0,0,1,0,558.6480966,558.6480966,0,539,294,42.42871833
307,0,558.6480966,1156,0,597.3519034,0,0.2908516726,597.3519034,0.2908516726,0.07038067914,10.92961932,0,0,1,0,558.6480966,558.6480966,0,539,295,42.47239614
308,0,558.6480966,553,0,-5.648096604,0,-0.002750067984,-5.648096604,-0.002750067984,0.08429994932,0.08429994932,0,0,1,0,558.6480966,558.6480966,0,539,296,42.52311468
309,0,553,1894,-5.648096604,1335.351903,-0.002750067984,0.6501851462,1341,0.6529352142,0,21,0,0,1,0,558.6480966,558.6480966,0,539,297,42.57040906
310,0,558.6480966,554,0,-4.648096604,0,-0.002263166258,-4.648096604,-0.002263166258,0.06937457618,0.06937457618,0,0,1,0,558.6480966,558.6480966,0,539,298,42.6137836
311,0,554,1625,-4.648096604,1066.351903,-0.002263166258,0.519208582,1071,0.5214717483,0,17,0,0,1,0,558.6480966,558.6480966,0,539,299,42.66042447
312,0,558.6480966,98624,0,98065.3519,0,47.74818908,98065.3519,47.74818908,0.08429994932,2003.0843,0,0,1,0,558.6480966,558.6480966,0,539,300,42.70410252
313,0,558.6480966,557,0,-1.648096604,0,-0.0008024610808,-1.648096604,-0.0008024610808,0.3296193209,0.3296193209,0,0,1,0,558.6480966,558.6480966,0,539,301,42.75496459
314,0,557,1561,-1.648096604,1002.351903,-0.0008024610808,0.4880468716,1004,0.4888493326,0,16,0,0,1,0,558.6480966,558.6480966,0,539,302,42.80638146
315,0,558.6480966,556,0,-2.648096604,0,-0.001289362807,-2.648096604,-0.001289362807,0.03952382991,0.03952382991,0,0,1,0,558.6480966,558.6480966,0,539,303,42.85025525
316,0,556,2433,-2.648096604,1874.351903,-0.001289362807,0.9126251764,1877,0.9139145392,0,29,0,0,1,0,558.6480966,558.6480966,0,539,304,42.89705634
317,0,558.6480966,98821,0,98262.3519,0,47.84410872,98262.3519,47.84410872,0.02459845678,1933.975402,0,0,1,0,558.6480966,558.6480966,0,539,305,42.94158125
318,0,558.6480966,557,0,-1.648096604,0,-0.0008024610808,-1.648096604,-0.0008024610808,0.3296193209,0.3296193209,0,0,1,0,558.6480966,558.6480966,0,539,306,42.98968291
319,0,557,2432,-1.648096604,1873.351903,-0.0008024610808,0.9121382747,1875,0.9129407358,0,29,0,0,1,0,558.6480966,558.6480966,0,539,307,43.0396359
320,0,558.6480966,556,0,-2.648096604,0,-0.001289362807,-2.648096604,-0.001289362807,0.03952382991,0.03952382991,0,0,1,0,558.6480966,558.6480966,0,539,308,43.08316302
321,0,556,2299,-2.648096604,1740.351903,-0.001289362807,0.8473803451,1743,0.848669708,0,27,0,0,1,0,558.6480966,558.6480966,0,539,309,43.12797689
322,0,558.6480966,100850,0,100291.3519,0,48.83203232,100291.3519,48.83203232,0.02459845678,2032.975402,0,0,1,0,558.6480966,558.6480966,0,539,310,43.17128325
323,0,558.6480966,559,0,0.3519033957,0,0.0001713423707,0.3519033957,0.0001713423707,0.07038067914,0.07038067914,0,0,1,0,558.6480966,558.6480966,0,539,311,43.21877193
324,0,558.6480966,1759,0,1200.351903,0,0.5844534133,1200.351903,0.5844534133,0.07038067914,19.92961932,0,0,1,0,558.6480966,558.6480966,0,539,312,43.2621274
325,0,558.6480966,553,0,-5.648096604,0,-0.002750067984,-5.648096604,-0.002750067984,0.08429994932,0.08429994932,0,0,1,0,558.6480966,558.6480966,0,539,313,43.31348324
326,0,553,1425,-5.648096604,866.3519034,-0.002750067984,0.4218282369,872,0.4245783048,0,14,0,0,1,0,558.6480966,558.6480966,0,539,314,43.35999203
327,0,558.6480966,554,0,-4.648096604,0,-0.002263166258,-4.648096604,-0.002263166258,0.06937457618,0.06937457618,0,0,1,0,558.6480966,558.6480966,0,539,315,43.4043541
328,0,554,1692,-4.648096604,1133.351903,-0.002263166258,0.5518309976,1138,0.5540941639,0,18,0,0,1,0,558.6480966,558.6480966,0,539,316,43.4506495
329,0,558.6480966,102101,0,101542.3519,0,49.44114638,101542.3519,49.44114638,0.08429994932,2017.0843,0,0,1,0,558.6480966,558.6480966,0,539,317,43.49539113
330,0,558.6480966,559,0,0.3519033957,0,0.0001713423707,0.3519033957,0.0001713423707,0.07038067914,0.07038067914,0,0,1,0,558.6480966,558.6480966,0,539,318,43.54781938
331,0,558.6480966,2431,0,1872.351903,0,0.9116513729,1872.351903,0.9116513729,0.07038067914,29.92961932,0,0,1,0,558.6480966,558.6480966,0,539,319,43.5921948
332,0,558.6480966,555,0,-3.648096604,0,-0.001776264532,-3.648096604,-0.001776264532,0.05444920305,0.05444920305,0,0,1,0,558.6480966,558.6480966,0,539,320,43.64380121
333,0,555,2430,-3.648096604,1871.351903,-0.001776264532,0.9111644712,1875,0.9129407358,0,29,0,0,1,0,558.6480966,558.6480966,0,539,321,43.69095302
334,0,558.6480966,554,0,-4.648096604,0,-0.002263166258,-4.648096604,-0.002263166258,0.06937457618,0.06937457618,0,0,1,0,558.6480966,558.6480966,0,539,322,43.7365427
335,0,554,2297,-4.648096604,1738.351903,-0.002263166258,0.8464065417,1743,0.848669708,0,27,0,0,1,0,558.6480966,558.6480966,0,539,323,43.78374314
336,0,558.6480966,102696,0,102137.3519,0,49.7308529,102137.3519,49.7308529,0.05444920305,2037.054449,0,0,1,0,558.6480966,558.6480966,0,539,324,43.82903647
337,0,558.6480966,557,0,-1.648096604,0,-0.0008024610808,-1.648096604,-0.0008024610808,0.3296193209,0.3296193209,0,0,1,0,558.6480966,558.6480966,0,539,325,43.88093519
338,0,557,1427,-1.648096604,868.3519034,-0.0008024610808,0.4228020403,870,0.4236045014,0,14,0,0,1,0,558.6480966,558.6480966,0,539,326,43.93335509
339,0,558.6480966,556,0,-2.648096604,0,-0.001289362807,-2.648096604,-0.001289362807,0.03952382991,0.03952382991,0,0,1,0,558.6480966,558.6480966,0,539,327,43.97828722
340,0,556,1763,-2.648096604,1204.351903,-0.001289362807,0.5864010202,1207,0.587690383,0,19,0,0,1,0,558.6480966,558.6480966,0,539,328,44.02621961
341,0,558.6480966,104550,0,103991.3519,0,50.6335687,103991.3519,50.6335687,0.02459845678,2021.024598,0,0,1,0,558.6480966,558.6480966,0,539,329,44.07169724
342,0,558.6480966,560,0,1.351903396,0,0.0006582440964,1.351903396,0.0006582440964,0.2703806791,0.2703806791,0,0,1,0,558.6480966,558.6480966,0,539,330,44.12370038
343,0,558.6480966,2162,0,1603.351903,0,0.7806748087,1603.351903,0.7806748087,0.2703806791,25.72961932,0,0,1,0,558.6480966,558.6480966,0,539,331,44.16928554
344,0,558.6480966,554,0,-4.648096604,0,-0.002263166258,-4.648096604,-0.002263166258,0.06937457618,0.06937457618,0,0,1,0,558.6480966,558.6480966,0,539,332,44.22178364
345,0,554,1292,-4.648096604,733.3519034,-0.002263166258,0.3570703073,738,0.3593334736,0,12,0,0,1,0,558.6480966,558.6480966,0,539,333,44.27034688
346,0,558.6480966,555,0,-3.648096604,0,-0.001776264532,-3.648096604,-0.001776264532,0.05444920305,0.05444920305,0,0,1,0,558.6480966,558.6480966,0,539,334,44.31594849
347,0,555,2497,-3.648096604,1938.351903,-0.001776264532,0.9437868868,1942,0.9455631514,0,30,0,0,1,0,558.6480966,558.6480966,0,539,335,44.36319637
348,0,558.6480966,102567,0,102008.3519,0,49.66804258,102008.3519,49.66804258,0.06937457618,2060.069375,0,0,1,0,558.6480966,558.6480966,0,539,336,44.40827751
349,0,558.6480966,560,0,1.351903396,0,0.0006582440964,1.351903396,0.0006582440964,0.2703806791,0.2703806791,0,0,1,0,558.6480966,558.6480966,0,539,337,44.46098351
350,0,558.6480966,1427,0,868.3519034,0,0.4228020403,868.3519034,0.4228020403,0.2703806791,14.72961932,0,0,1,0,558.6480966,558.6480966,0,539,338,44.50597239
351,0,558.6480966,556,0,-2.648096604,0,-0.001289362807,-2.648096604,-0.001289362807,0.03952382991,0.03952382991,0,0,1,0,558.6480966,558.6480966,0,539,339,44.55829239
352,0,556,1895,-2.648096604,1336.351903,-0.001289362807,0.650672048,1339,0.6519614108,0,21,0,0,1,0,558.6480966,558.6480966,0,539,340,44.60590029
353,0,558.6480966,555,0,-3.648096604,0,-0.001776264532,-3.648096604,-0.001776264532,0.05444920305,0.05444920305,0,0,1,0,558.6480966,558.6480966,0,539,341,44.65078545
354,0,555,2365,-3.648096604,1806.351903,-0.001776264532,0.879515859,1810,0.8812921236,0,28,0,0,1,0,558.6480966,558.6480966,0,539,342,44.69845009
355,0,558.6480966,104182,0,103623.3519,0,50.45438887,103623.3519,50.45438887,0.03952382991,2094.039524,0,0,1,0,558.6480966,558.6480966,0,539,343,44.74323535
356,0,558.6480966,560,0,1.351903396,0,0.0006582440964,1.351903396,0.0006582440964,0.2703806791,0.2703806791,0,0,1,0,558.6480966,558.6480966,0,539,344,44.79545665
357,0,558.6480966,1425,0,866.3519034,0,0.4218282369,866.3519034,0.4218282369,0.2703806791,14.72961932,0,0,1,0,558.6480966,558.6480966,0,539,345,44.84019041
358,0,558.6480966,554,0,-4.648096604,0,-0.002263166258,-4.648096604,-0.002263166258,0.06937457618,0.06937457618,0,0,1,0,558.6480966,558.6480966,0,539,346,44.89314389
359,0,554,1359,-4.648096604,800.3519034,-0.002263166258,0.389692723,805,0.3919558892,0,13,0,0,1,0,558.6480966,558.6480966,0,539,347,44.94032955
360,0,558.6480966,555,0,-3.648096604,0,-0.001776264532,-3.648096604,-0.001776264532,0.05444920305,0.05444920305,0,0,1,0,558.6480966,558.6480966,0,539,348,44.98534656
361,0,555,1425,-3.648096604,866.3519034,-0.001776264532,0.4218282369,870,0.4236045014,0,14,0,0,1,0,558.6480966,558.6480966,0,539,349,45.03275704
362,0,558.6480966,101240,0,100681.3519,0,49.02192399,100681.3519,49.02192399,0.06937457618,2040.930625,0,0,1,0,558.6480966,558.6480966,0,539,350,45.07717013
363,0,558.6480966,561,0,2.351903396,0,0.001145145822,2.351903396,0.001145145822,0.4703806791,0.4703806791,0,0,1,0,558.6480966,558.6480966,0,539,351,45.12461066
364,0,558.6480966,2165,0,1606.351903,0,0.7821355139,1606.351903,0.7821355139,0.4703806791,25.52961932,0,0,1,0,558.6480966,558.6480966,0,539,352,45.1688385
365,0,558.6480966,557,0,-1.648096604,0,-0.0008024610808,-1.648096604,-0.0008024610808,0.02459845678,0.02459845678,0,0,1,0,558.6480966,558.6480966,0,539,353,45.22091675
366,0,557,1427,-1.648096604,868.3519034,-0.0008024610808,0.4228020403,870,0.4236045014,0,14,0,0,1,0,558.6480966,558.6480966,0,539,354,45.2679503
367,0,558.6480966,556,0,-2.648096604,0,-0.001289362807,-2.648096604,-0.001289362807,0.03952382991,0.03952382991,0,0,1,0,558.6480966,558.6480966,0,539,355,45.31265068
368,0,556,2433,-2.648096604,1874.351903,-0.001289362807,0.9126251764,1877,0.9139145392,0,29,0,0,1,0,558.6480966,558.6480966,0,539,356,45.35890818
369,0,558.6480966,101723,0,101164.3519,0,49.25709752,101164.3519,49.25709752,0.02459845678,1964.975402,0,0,1,0,558.6480966,558.6480966,0,539,357,45.40283489
370,0,558.6480966,559,0,0.3519033957,0,0.0001713423707,0.3519033957,0.0001713423707,0.07038067914,0.07038067914,0,0,1,0,558.6480966,558.6480966,0,539,358,45.45037723
371,0,558.6480966,2027,0,1468.351903,0,0.7149430757,1468.351903,0.7149430757,0.07038067914,23.92961932,0,0,1,0,558.6480966,558.6480966,0,539,359,45.49472499
372,0,558.6480966,553,0,-5.648096604,0,-0.002750067984,-5.648096604,-0.002750067984,0.08429994932,0.08429994932,0,0,1,0,558.6480966,558.6480966,0,539,360,45.54538202
373,0,553,2162,-5.648096604,1603.351903,-0.002750067984,0.7806748087,1609,0.7834248767,0,25,0,0,1,0,558.6480966,558.6480966,0,539,361,45.59111786
374,0,558.6480966,554,0,-4.648096604,0,-0.002263166258,-4.648096604,-0.002263166258,0.06937457618,0.06937457618,0,0,1,0,558.6480966,558.6480966,0,539,362,45.63452911
375,0,554,2496,-4.648096604,1937.351903,-0.002263166258,0.9432999851,1942,0.9455631514,0,30,0,0,1,0,558.6480966,558.6480966,0,539,363,45.6811192
376,0,558.6480966,100272,0,99713.3519,0,48.55060312,99713.3519,48.55060312,0.08429994932,1982.0843,0,0,1,0,558.6480966,558.6480966,0,539,364,45.7260778
377,0,558.6480966,558,0,-0.6480966043,0,-0.0003155593551,-0.6480966043,-0.0003155593551,0.1296193209,0.1296193209,0,0,1,0,558.6480966,558.6480966,0,539,365,45.77886891
378,0,558,1832,-0.6480966043,1273.351903,-0.0003155593551,0.6199972392,1274,0.6203127986,0,20,0,0,1,0,558.6480966,558.6480966,0,539,366,45.83003139
379,0,558.6480966,559,0,0.3519033957,0,0.0001713423707,0.3519033957,0.0001713423707,0.07038067914,0.07038067914,0,0,1,0,558.6480966,558.6480966,0,539,367,45.87407684
380,0,558.6480966,2027,0,1468.351903,0,0.7149430757,1468.351903,0.7149430757,0.07038067914,23.92961932,0,0,1,0,558.6480966,558.6480966,0,539,368,45.91760874
381,0,558.6480966,553,0,-5.648096604,0,-0.002750067984,-5.648096604,-0.002750067984,0.08429994932,0.08429994932,0,0,1,0,558.6480966,558.6480966,0,539,369,45.96973777
382,0,553,2497,-5.648096604,1938.351903,-0.002750067984,0.9437868868,1944,0.9465369548,0,30,0,0,1,0,558.6480966,558.6480966,0,539,370,46.0165844
383,0,558.6480966,554,0,-4.648096604,0,-0.002263166258,-4.648096604,-0.002263166258,0.06937457618,0.06937457618,0,0,1,0,558.6480966,558.6480966,0,539,371,46.06117654
384,0,554,1893,-4.648096604,1334.351903,-0.002263166258,0.6496982445,1339,0.6519614108,0,21,0,0,1,0,558.6480966,558.6480966,0,539,372,46.10840178
385,0,558.6480966,104515,0,103956.3519,0,50.61652714,103956.3519,50.61652714,0.08429994932,2063.9157,0,0,1,0,558.6480966,558.6480966,0,539,373,46.15352607
386,0,558.6480966,558,0,-0.6480966043,0,-0.0003155593551,-0.6480966043,-0.0003155593551,0.1296193209,0.1296193209,0,0,1,0,558.6480966,558.6480966,0,539,374,46.20168805
387,0,558,2100,-0.6480966043,1541.351903,-0.0003155593551,0.7504869017,1542,0.7508024611,0,24,0,0,1,0,558.6480966,558.6480966,0,539,375,46.25278091
388,0,558.6480966,559,0,0.3519033957,0,0.0001713423707,0.3519033957,0.0001713423707,0.07038067914,0.07038067914,0,0,1,0,558.6480966,558.6480966,0,539,376,46.29738259
389,0,558.6480966,2362,0,1803.351903,0,0.8780551539,1803.351903,0.8780551539,0.07038067914,28.92961932,0,0,1,0,558.6480966,558.6480966,0,539,377,46.3412416
390,0,558.6480966,553,0,-5.648096604,0,-0.002750067984,-5.648096604,-0.002750067984,0.08429994932,0.08429994932,0,0,1,0,558.6480966,558.6480966,0,539,378,46.39200044
391,0,553,1559,-5.648096604,1000.351903,-0.002750067984,0.4870730681,1006,0.4898231361,0,16,0,0,1,0,558.6480966,558.6480966,0,539,379,46.43897176
392,0,558.6480966,554,0,-4.648096604,0,-0.002263166258,-4.648096604,-0.002263166258,0.06937457618,0.06937457618,0,0,1,0,558.6480966,558.6480966,0,539,380,46.48292756
393,0,554,1759,-4.648096604,1200.351903,-0.002263166258,0.5844534133,1205,0.5867165795,0,19,0,0,1,0,558.6480966,558.6480966,0,539,381,46.52923727
394,0,558.6480966,102867,0,102308.3519,0,49.8141131,102308.3519,49.8141131,0.08429994932,2009.0843,0,0,1,0,558.6480966,558.6480966,0,539,382,46.57394195
395,0,558.6480966,557,0,-1.648096604,0,-0.0008024610808,-1.648096604,-0.0008024610808,0.3296193209,0.3296193209,0,0,1,0,558.6480966,558.6480966,0,539,383,46.62567592
396,0,557,1159,-1.648096604,600.3519034,-0.0008024610808,0.2923123778,602,0.2931148389,0,10,0,0,1,0,558.6480966,558.6480966,0,539,384,46.67757845
397,0,558.6480966,556,0,-2.648096604,0,-0.001289362807,-2.648096604,-0.001289362807,0.03952382991,0.03952382991,0,0,1,0,558.6480966,558.6480966,0,539,385,46.72193336
398,0,556,1763,-2.648096604,1204.351903,-0.001289362807,0.5864010202,1207,0.587690383,0,19,0,0,1,0,558.6480966,558.6480966,0,539,386,46.76899409
399,0,558.6480966,101654,0,101095.3519,0,49.22350131,101095.3519,49.22350131,0.02459845678,1976.024598,0,0,1,0,558.6480966,558.6480966,0,539,387,46.81404948
400,0,558.6480966,558,0,-0.6480966043,0,-0.0003155593551,-0.6480966043,-0.0003155593551,0.1296193209,0.1296193209,0,0,1,0,558.6480966,558.6480966,0,539,388,46.86621451
401,0,558,1562,-0.6480966043,1003.351903,-0.0003155593551,0.4885337733,1004,0.4888493326,0,16,0,0,1,0,558.6480966,558.6480966,0,539,389,46.91777325
402,0,558.6480966,557,0,-1.648096604,0,-0.0008024610808,-1.648096604,-0.0008024610808,0.02459845678,0.02459845678,0,0,1,0,558.6480966,558.6480966,0,539,390,46.96180439
403,0,557,2233,-1.648096604,1674.351903,-0.0008024610808,0.8152448312,1676,0.8160472923,0,26,0,0,1,0,558.6480966,558.6480966,0,539,391,47.0094533
404,0,558.6480966,97291,0,96732.3519,0,47.09914908,96732.3519,47.09914908,0.009673083646,1964.009673,0,0,1,0,558.6480966,558.6480966,0,539,392,47.05447793
405,0,558.6480966,558,0,-0.6480966043,0,-0.0003155593551,-0.6480966043,-0.0003155593551,0.1296193209,0.1296193209,0,0,1,0,558.6480966,558.6480966,0,539,393,47.10617852
406,0,558,1964,-0.6480966043,1405.351903,-0.0003155593551,0.684268267,1406,0.6845838264,0,22,0,0,1,0,558.6480966,558.6480966,0,539,394,47.1588819
407,0,558.6480966,557,0,-1.648096604,0,-0.0008024610808,-1.648096604,-0.0008024610808,0.02459845678,0.02459845678,0,0,1,0,558.6480966,558.6480966,0,539,395,47.20352054
408,0,557,2501,-1.648096604,1942.351903,-0.0008024610808,0.9457344937,1944,0.9465369548,0,30,0,0,1,0,558.6480966,558.6480966,0,539,396,47.25114608
409,0,558.6480966,100447,0,99888.3519,0,48.63581092,99888.3519,48.63581092,0.009673083646,1958.009673,0,0,1,0,558.6480966,558.6480966,0,539,397,47.29634905
410,0,558.6480966,558,0,-0.6480966043,0,-0.0003155593551,-0.6480966043,-0.0003155593551,0.1296193209,0.1296193209,0,0,1,0,558.6480966,558.6480966,0,539,398,47.34872389
411,0,558,1763,-0.6480966043,1204.351903,-0.0003155593551,0.5864010202,1205,0.5867165795,0,19,0,0,1,0,558.6480966,558.6480966,0,539,399,47.40147018
412,0,558.6480966,557,0,-1.648096604,0,-0.0008024610808,-1.648096604,-0.0008024610808,0.02459845678,0.02459845678,0,0,1,0,558.6480966,558.6480966,0,539,400,47.44656634
413,0,557,1161,-1.648096604,602.3519034,-0.0008024610808,0.2932861813,604,0.2940886423,0,10,0,0,1,0,558.6480966,558.6480966,0,539,401,47.49452353
414,0,558.6480966,104606,0,104047.3519,0,50.6608352,104047.3519,50.6608352,0.009673083646,2016.009673,0,0,1,0,558.6480966,558.6480966,0,539,402,47.53982949
415,0,558.6480966,560,0,1.351903396,0,0.0006582440964,1.351903396,0.0006582440964,0.2703806791,0.2703806791,0,0,1,0,558.6480966,558.6480966,0,539,403,47.59258366
416,0,558.6480966,1158,0,599.3519034,0,0.2918254761,599.3519034,0.2918254761,0.2703806791,9.729619321,0,0,1,0,558.6480966,558.6480966,0,539,404,47.63682485
417,0,558.6480966,555,0,-3.648096604,0,-0.001776264532,-3.648096604,-0.001776264532,0.05444920305,0.05444920305,0,0,1,0,558.6480966,558.6480966,0,539,405,47.68978524
418,0,555,1157,-3.648096604,598.3519034,-0.001776264532,0.2913385744,602,0.2931148389,0,10,0,0,1,0,558.6480966,558.6480966,0,539,406,47.73744464
419,0,558.6480966,554,0,-4.648096604,0,-0.002263166258,-4.648096604,-0.002263166258,0.06937457618,0.06937457618,0,0,1,0,558.6480966,558.6480966,0,539,407,47.78225899
420,0,554,1895,-4.648096604,1336.351903,-0.002263166258,0.650672048,1341,0.6529352142,0,21,0,0,1,0,558.6480966,558.6480966,0,539,408,47.82964373
421,0,558.6480966,104080,0,103521.3519,0,50.40472489,103521.3519,50.40472489,0.05444920305,2040.054449,0,0,1,0,558.6480966,558.6480966,0,539,409,47.87467575
422,0,558.6480966,560,0,1.351903396,0,0.0006582440964,1.351903396,0.0006582440964,0.2703806791,0.2703806791,0,0,1,0,558.6480966,558.6480966,0,539,410,47.92726469
423,0,558.6480966,2296,0,1737.351903,0,0.84591964,1737.351903,0.84591964,0.2703806791,27.72961932,0,0,1,0,558.6480966,558.6480966,0,539,411,47.97225165
424,0,558.6480966,554,0,-4.648096604,0,-0.002263166258,-4.648096604,-0.002263166258,0.06937457618,0.06937457618,0,0,1,0,558.6480966,558.6480966,0,539,412,48.02482581
425,0,554,2498,-4.648096604,1939.351903,-0.002263166258,0.9442737886,1944,0.9465369548,0,30,0,0,1,0,558.6480966,558.6480966,0,539,413,48.07213712
426,0,558.6480966,555,0,-3.648096604,0,-0.001776264532,-3.648096604,-0.001776264532,0.05444920305,0.05444920305,0,0,1,0,558.6480966,558.6480966,0,539,414,48.11637735
427,0,555,1894,-3.648096604,1335.351903,-0.001776264532,0.6501851462,1339,0.6519614108,0,21,0,0,1,0,558.6480966,558.6480966,0,539,415,48.1630435
428,0,558.6480966,105008,0,104449.3519,0,50.85656969,104449.3519,50.85656969,0.06937457618,2077.069375,0,0,1,0,558.6480966,558.6480966,0,539,416,48.20708656
429,0,558.6480966,558,0,-0.6480966043,0,-0.0003155593551,-0.6480966043,-0.0003155593551,0.1296193209,0.1296193209,0,0,1,0,558.6480966,558.6480966,0,539,417,48.25788713
430,0,558,1765,-0.6480966043,1206.351903,-0.0003155593551,0.5873748236,1207,0.587690383,0,19,0,0,1,0,558.6480966,558.6480966,0,539,418,48.31094456
431,0,558.6480966,559,0,0.3519033957,0,0.0001713423707,0.3519033957,0.0001713423707,0.07038067914,0.07038067914,0,0,1,0,558.6480966,558.6480966,0,539,419,48.35469103
432,0,558.6480966,2027,0,1468.351903,0,0.7149430757,1468.351903,0.7149430757,0.07038067914,23.92961932,0,0,1,0,558.6480966,558.6480966,0,539,420,48.39747953
433,0,558.6480966,553,0,-5.648096604,0,-0.002750067984,-5.648096604,-0.002750067984,0.08429994932,0.08429994932,0,0,1,0,558.6480966,558.6480966,0,539,421,48.4488337
434,0,553,1626,-5.648096604,1067.351903,-0.002750067984,0.5196954837,1073,0.5224455517,0,17,0,0,1,0,558.6480966,558.6480966,0,539,422,48.49424362
435,0,558.6480966,554,0,-4.648096604,0,-0.002263166258,-4.648096604,-0.002263166258,0.06937457618,0.06937457618,0,0,1,0,558.6480966,558.6480966,0,539,423,48.53766489
436,0,554,2362,-4.648096604,1803.351903,-0.002263166258,0.8780551539,1808,0.8803183201,0,28,0,0,1,0,558.6480966,558.6480966,0,539,424,48.58415723
437,0,558.6480966,103701,0,103142.3519,0,50.22018914,103142.3519,50.22018914,0.08429994932,2029.0843,0,0,1,0,558.6480966,558.6480966,0,539,425,48.62829995
438,0,558.6480966,560,0,1.351903396,0,0.0006582440964,1.351903396,0.0006582440964,0.2703806791,0.2703806791,0,0,1,0,558.6480966,558.6480966,0,539,426,48.68000603
439,0,558.6480966,1694,0,1135.351903,0,0.5528048011,1135.351903,0.5528048011,0.2703806791,17.72961932,0,0,1,0,558.6480966,558.6480966,0,539,427,48.72400093
440,0,558.6480966,555,0,-3.648096604,0,-0.001776264532,-3.648096604,-0.001776264532,0.05444920305,0.05444920305,0,0,1,0,558.6480966,558.6480966,0,539,428,48.77526212
441,0,555,2432,-3.648096604,1873.351903,-0.001776264532,0.9121382747,1877,0.9139145392,0,29,0,0,1,0,558.6480966,558.6480966,0,539,429,48.82162642
442,0,558.6480966,556,0,-2.648096604,0,-0.001289362807,-2.648096604,-0.001289362807,0.03952382991,0.03952382991,0,0,1,0,558.6480966,558.6480966,0,539,430,48.86570525
443,0,556,1694,-2.648096604,1135.351903,-0.001289362807,0.5528048011,1138,0.5540941639,0,18,0,0,1,0,558.6480966,558.6480966,0,539,431,48.91248536
444,0,558.6480966,98185,0,97626.3519,0,47.53443922,97626.3519,47.53443922,0.05444920305,1986.054449,0,0,1,0,558.6480966,558.6480966,0,539,432,48.95709944
445,0,558.6480966,560,0,1.351903396,0,0.0006582440964,1.351903396,0.0006582440964,0.2703806791,0.2703806791,0,0,1,0,558.6480966,558.6480966,0,539,433,49.00820112
446,0,558.6480966,1695,0,1136.351903,0,0.5532917028,1136.351903,0.5532917028,0.2703806791,18.72961932,0,0,1,0,558.6480966,558.6480966,0,539,434,49.05203867
447,0,558.6480966,556,0,-2.648096604,0,-0.001289362807,-2.648096604,-0.001289362807,0.03952382991,0.03952382991,0,0,1,0,558.6480966,558.6480966,0,539,435,49.10267973
448,0,556,1560,-2.648096604,1001.351903,-0.001289362807,0.4875599698,1004,0.4888493326,0,16,0,0,1,0,558.6480966,558.6480966,0,539,436,49.14945531
449,0,558.6480966,555,0,-3.648096604,0,-0.001776264532,-3.648096604,-0.001776264532,0.05444920305,0.05444920305,0,0,1,0,558.6480966,558.6480966,0,539,437,49.19246793
450,0,555,2499,-3.648096604,1940.351903,-0.001776264532,0.9447606903,1944,0.9465369548,0,30,0,0,1,0,558.6480966,558.6480966,0,539,438,49.23933077
451,0,558.6480966,98278,0,97719.3519,0,47.57972108,97719.3519,47.57972108,0.03952382991,1968.960476,0,0,1,0,558.6480966,558.6480966,0,539,439,49.28391671
452,0,558.6480966,558,0,-0.6480966043,0,-0.0003155593551,-0.6480966043,-0.0003155593551,0.1296193209,0.1296193209,0,0,1,0,558.6480966,558.6480966,0,539,440,49.33240438
453,0,558,2299,-0.6480966043,1740.351903,-0.0003155593551,0.8473803451,1741,0.8476959045,0,27,0,0,1,0,558.6480966,558.6480966,0,539,441,49.38424873
454,0,558.6480966,557,0,-1.648096604,0,-0.0008024610808,-1.648096604,-0.0008024610808,0.02459845678,0.02459845678,0,0,1,0,558.6480966,558.6480966,0,539,442,49.42856598
455,0,557,2501,-1.648096604,1942.351903,-0.0008024610808,0.9457344937,1944,0.9465369548,0,30,0,0,1,0,558.6480966,558.6480966,0,539,443,49.47665095
456,0,558.6480966,101583,0,101024.3519,0,49.18893128,101024.3519,49.18893128,0.009673083646,1983.990327,0,0,1,0,558.6480966,558.6480966,0,539,444,49.52183318
457,0,558.6480966,561,0,2.351903396,0,0.001145145822,2.351903396,0.001145145822,0.4703806791,0.4703806791,0,0,1,0,558.6480966,558.6480966,0,539,445,49.57020926
458,0,558.6480966,1696,0,1137.351903,0,0.5537786045,1137.351903,0.5537786045,0.4703806791,18.52961932,0,0,1,0,558.6480966,558.6480966,0,539,446,49.61544728
459,0,558.6480966,557,0,-1.648096604,0,-0.0008024610808,-1.648096604,-0.0008024610808,0.02459845678,0.02459845678,0,0,1,0,558.6480966,558.6480966,0,539,447,49.66817975
460,0,557,1494,-1.648096604,935.3519034,-0.0008024610808,0.4554244559,937,0.456226917,0,15,0,0,1,0,558.6480966,558.6480966,0,539,448,49.71556544
461,0,558.6480966,556,0,-2.648096604,0,-0.001289362807,-2.648096604,-0.001289362807,0.03952382991,0.03952382991,0,0,1,0,558.6480966,558.6480966,0,539,449,49.76006722
462,0,556,2031,-2.648096604,1472.351903,-0.001289362807,0.7168906827,1475,0.7181800455,0,23,0,0,1,0,558.6480966,558.6480966,0,539,450,49.80742121
463,0,558.6480966,97555,0,96996.3519,0,47.22769113,96996.3519,47.22769113,0.02459845678,1962.975402,0,0,1,0,558.6480966,558.6480966,0,539,451,49.85373306
464,0,558.6480966,558,0,-0.6480966043,0,-0.0003155593551,-0.6480966043,-0.0003155593551,0.1296193209,0.1296193209,0,0,1,0,558.6480966,558.6480966,0,539,452,49.90257239
465,0,558,1428,-0.6480966043,869.3519034,-0.0003155593551,0.423288942,870,0.4236045014,0,14,0,0,1,0,558.6480966,558.6480966,0,539,453,49.95496488
466,0,558.6480966,557,0,-1.648096604,0,-0.0008024610808,-1.648096604,-0.0008024610808,0.02459845678,0.02459845678,0,0,1,0,558.6480966,558.6480966,0,539,454,50.00042677
467,0,557,1429,-1.648096604,870.3519034,-0.0008024610808,0.4237758438,872,0.4245783048,0,14,0,0,1,0,558.6480966,558.6480966,0,539,455,50.04822326
468,0,558.6480966,98211,0,97652.3519,0,47.54709866,97652.3519,47.54709866,0.009673083646,1950.009673,0,0,1,0,558.6480966,558.6480966,0,539,456,50.09338284
469,0,558.6480966,561,0,2.351903396,0,0.001145145822,2.351903396,0.001145145822,0.4703806791,0.4703806791,0,0,1,0,558.6480966,558.6480966,0,539,457,50.14635086
470,0,558.6480966,1828,0,1269.351903,0,0.6180496323,1269.351903,0.6180496323,0.4703806791,20.52961932,0,0,1,0,558.6480966,558.6480966,0,539,458,50.19097924
471,0,558.6480966,555,0,-3.648096604,0,-0.001776264532,-3.648096604,-0.001776264532,0.05444920305,0.05444920305,0,0,1,0,558.6480966,558.6480966,0,539,459,50.2419703
472,0,555,2164,-3.648096604,1605.351903,-0.001776264532,0.7816486122,1609,0.7834248767,0,25,0,0,1,0,558.6480966,558.6480966,0,539,460,50.2895534
473,0,558.6480966,556,0,-2.648096604,0,-0.001289362807,-2.648096604,-0.001289362807,0.03952382991,0.03952382991,0,0,1,0,558.6480966,558.6480966,0,539,461,50.3347075
474,0,556,1627,-2.648096604,1068.351903,-0.001289362807,0.5201823855,1071,0.5214717483,0,17,0,0,1,0,558.6480966,558.6480966,0,539,462,50.38197589
475,0,558.6480966,97585,0,97026.3519,0,47.24229818,97026.3519,47.24229818,0.05444920305,1947.945551,0,0,1,0,558.6480966,558.6480966,0,539,463,50.42715907
476,0,558.6480966,557,0,-1.648096604,0,-0.0008024610808,-1.648096604,-0.0008024610808,0.3296193209,0.3296193209,0,0,1,0,558.6480966,558.6480966,0,539,464,50.47471356
477,0,557,1630,-1.648096604,1071.351903,-0.0008024610808,0.5216430906,1073,0.5224455517,0,17,0,0,1,0,558.6480966,558.6480966,0,539,465,50.52762914
478,0,558.6480966,558,0,-0.6480966043,0,-0.0003155593551,-0.6480966043,-0.0003155593551,0.009673083646,0.009673083646,0,0,1,0,558.6480966,558.6480966,0,539,466,50.57112026
479,0,558,2500,-0.6480966043,1941.351903,-0.0003155593551,0.945247592,1942,0.9455631514,0,30,0,0,1,0,558.6480966,558.6480966,0,539,467,50.61784768
480,0,558.6480966,99467,0,98908.3519,0,48.15864723,98908.3519,48.15864723,0.02459845678,1976.024598,0,0,1,0,558.6480966,558.6480966,0,539,468,50.66203141
481,0,558.6480966,558,0,-0.6480966043,0,-0.0003155593551,-0.6480966043,-0.0003155593551,0.1296193209,0.1296193209,0,0,1,0,558.6480966,558.6480966,0,539,469,50.71410871
482,0,558,1497,-0.6480966043,938.3519034,-0.0003155593551,0.4568851611,939,0.4572007205,0,15,0,0,1,0,558.6480966,558.6480966,0,539,470,50.76546144
483,0,558.6480966,559,0,0.3519033957,0,0.0001713423707,0.3519033957,0.0001713423707,0.07038067914,0.07038067914,0,0,1,0,558.6480966,558.6480966,0,539,471,50.80950665
484,0,558.6480966,2429,0,1870.351903,0,0.9106775695,1870.351903,0.9106775695,0.07038067914,29.92961932,0,0,1,0,558.6480966,558.6480966,0,539,472,50.85388088
485,0,558.6480966,553,0,-5.648096604,0,-0.002750067984,-5.648096604,-0.002750067984,0.08429994932,0.08429994932,0,0,1,0,558.6480966,558.6480966,0,539,473,50.90510392
486,0,553,1894,-5.648096604,1335.351903,-0.002750067984,0.6501851462,1341,0.6529352142,0,21,0,0,1,0,558.6480966,558.6480966,0,539,474,50.95176148
487,0,558.6480966,554,0,-4.648096604,0,-0.002263166258,-4.648096604,-0.002263166258,0.06937457618,0.06937457618,0,0,1,0,558.6480966,558.6480966,0,539,475,50.99532175
488,0,554,2161,-4.648096604,1602.351903,-0.002263166258,0.780187907,1607,0.7824510733,0,25,0,0,1,0,558.6480966,558.6480966,0,539,476,51.04180193
489,0,558.6480966,98992,0,98433.3519,0,47.92736891,98433.3519,47.92736891,0.08429994932,1952.0843,0,0,1,0,558.6480966,558.6480966,0,539,477,51.08653021
490,0,558.6480966,560,0,1.351903396,0,0.0006582440964,1.351903396,0.0006582440964,0.2703806791,0.2703806791,0,0,1,0,558.6480966,558.6480966,0,539,478,51.13918185
491,0,558.6480966,1628,0,1069.351903,0,0.5206692872,1069.351903,0.5206692872,0.2703806791,17.72961932,0,0,1,0,558.6480966,558.6480966,0,539,479,51.18382788
492,0,558.6480966,556,0,-2.648096604,0,-0.001289362807,-2.648096604,-0.001289362807,0.03952382991,0.03952382991,0,0,1,0,558.6480966,558.6480966,0,539,480,51.23552036
493,0,556,2096,-2.648096604,1537.351903,-0.001289362807,0.7485392948,1540,0.7498286576,0,24,0,0,1,0,558.6480966,558.6480966,0,539,481,51.28338146
494,0,558.6480966,555,0,-3.648096604,0,-0.001776264532,-3.648096604,-0.001776264532,0.05444920305,0.05444920305,0,0,1,0,558.6480966,558.6480966,0,539,482,51.32854629
495,0,555,2365,-3.648096604,1806.351903,-0.001776264532,0.879515859,1810,0.8812921236,0,28,0,0,1,0,558.6480966,558.6480966,0,539,483,51.37637568
496,0,558.6480966,100703,0,100144.3519,0,48.76045776,100144.3519,48.76045776,0.03952382991,2047.039524,0,0,1,0,558.6480966,558.6480966,0,539,484,51.42107081
497,0,558.6480966,561,0,2.351903396,0,0.001145145822,2.351903396,0.001145145822,0.4703806791,0.4703806791,0,0,1,0,558.6480966,558.6480966,0,539,485,51.47291446
498,0,558.6480966,1828,0,1269.351903,0,0.6180496323,1269.351903,0.6180496323,0.4703806791,20.52961932,0,0,1,0,558.6480966,558.6480966,0,539,486,51.517766
499,0,558.6480966,555,0,-3.648096604,0,-0.001776264532,-3.648096604,-0.001776264532,0.05444920305,0.05444920305,0,0,1,0,558.6480966,558.6480966,0,539,487,51.56976581
500,0,555,2030,-3.648096604,1471.351903,-0.001776264532,0.7164037809,1475,0.7181800455,0,23,0,0,1,0,558.6480966,558.6480966,0,539,488,51.6180582
501,0,558.6480966,556,0,-2.648096604,0,-0.001289362807,-2.648096604,-0.001289362807,0.03952382991,0.03952382991,0,0,1,0,558.6480966,558.6480966,0,539,489,51.66261053
502,0,556,2364,-2.648096604,1805.351903,-0.001289362807,0.8790289573,1808,0.8803183201,0,28,0,0,1,0,558.6480966,558.6480966,0,539,490,51.71122909
503,0,558.6480966,102627,0,102068.3519,0,49.69725668,102068.3519,49.69725668,0.05444920305,2043.054449,0,0,1,0,558.6480966,558.6480966,0,539,491,51.7560389
504,0,558.6480966,559,0,0.3519033957,0,0.0001713423707,0.3519033957,0.0001713423707,0.07038067914,0.07038067914,0,0,1,0,558.6480966,558.6480966,0,539,492,51.80848002
505,0,558.6480966,1359,0,800.3519034,0,0.389692723,800.3519034,0.389692723,0.07038067914,13.92961932,0,0,1,0,558.6480966,558.6480966,0,539,493,51.85219169
506,0,558.6480966,555,0,-3.648096604,0,-0.001776264532,-3.648096604,-0.001776264532,0.05444920305,0.05444920305,0,0,1,0,558.6480966,558.6480966,0,539,494,51.90449905
507,0,555,2162,-3.648096604,1603.351903,-0.001776264532,0.7806748087,1607,0.7824510733,0,25,0,0,1,0,558.6480966,558.6480966,0,539,495,51.95134783
508,0,558.6480966,554,0,-4.648096604,0,-0.002263166258,-4.648096604,-0.002263166258,0.06937457618,0.06937457618,0,0,1,0,558.6480966,558.6480966,0,539,496,51.99556112
509,0,554,2029,-4.648096604,1470.351903,-0.002263166258,0.7159168792,1475,0.7181800455,0,23,0,0,1,0,558.6480966,558.6480966,0,539,497,52.04319763
510,0,558.6480966,101645,0,101086.3519,0,49.21911919,101086.3519,49.21911919,0.05444920305,1972.054449,0,0,1,0,558.6480966,558.6480966,0,539,498,52.08705688
511,0,558.6480966,558,0,-0.6480966043,0,-0.0003155593551,-0.6480966043,-0.0003155593551,0.1296193209,0.1296193209,0,0,1,0,558.6480966,558.6480966,0,539,499,52.13838458
512,0,558,2433,-0.6480966043,1874.351903,-0.0003155593551,0.9126251764,1875,0.9129407358,0,29,0,0,1,0,558.6480966,558.6480966,0,539,500,52.18976951
513,0,558.6480966,557,0,-1.648096604,0,-0.0008024610808,-1.648096604,-0.0008024610808,0.02459845678,0.02459845678,0,0,1,0,558.6480966,558.6480966,0,539,501,52.2334888
514,0,557,1563,-1.648096604,1004.351903,-0.0008024610808,0.489020675,1006,0.4898231361,0,16,0,0,1,0,558.6480966,558.6480966,0,539,502,52.28057861
515,0,558.6480966,99587,0,99028.3519,0,48.21707544,99028.3519,48.21707544,0.009673083646,1952.009673,0,0,1,0,558.6480966,558.6480966,0,539,503,52.32550335
516,0,558.6480966,559,0,0.3519033957,0,0.0001713423707,0.3519033957,0.0001713423707,0.07038067914,0.07038067914,0,0,1,0,558.6480966,558.6480966,0,539,504,52.37733912
517,0,558.6480966,2027,0,1468.351903,0,0.7149430757,1468.351903,0.7149430757,0.07038067914,23.92961932,0,0,1,0,558.6480966,558.6480966,0,539,505,52.42157269
518,0,558.6480966,553,0,-5.648096604,0,-0.002750067984,-5.648096604,-0.002750067984,0.08429994932,0.08429994932,0,0,1,0,558.6480966,558.6480966,0,539,506,52.4736402
519,0,553,2095,-5.648096604,1536.351903,-0.002750067984,0.7480523931,1542,0.7508024611,0,24,0,0,1,0,558.6480966,558.6480966,0,539,507,52.5220108
520,0,558.6480966,554,0,-4.648096604,0,-0.002263166258,-4.648096604,-0.002263166258,0.06937457618,0.06937457618,0,0,1,0,558.6480966,558.6480966,0,539,508,52.56699324
521,0,554,1826,-4.648096604,1267.351903,-0.002263166258,0.6170758289,1272,0.6193389951,0,20,0,0,1,0,558.6480966,558.6480966,0,539,509,52.61511898
522,0,558.6480966,101160,0,100601.3519,0,48.98297185,100601.3519,48.98297185,0.08429994932,2036.0843,0,0,1,0,558.6480966,558.6480966,0,539,510,52.66050673
523,0,558.6480966,559,0,0.3519033957,0,0.0001713423707,0.3519033957,0.0001713423707,0.07038067914,0.07038067914,0,0,1,0,558.6480966,558.6480966,0,539,511,52.71300387
524,0,558.6480966,1694,0,1135.351903,0,0.5528048011,1135.351903,0.5528048011,0.07038067914,18.92961932,0,0,1,0,558.6480966,558.6480966,0,539,512,52.75819111
525,0,558.6480966,555,0,-3.648096604,0,-0.001776264532,-3.648096604,-0.001776264532,0.05444920305,0.05444920305,0,0,1,0,558.6480966,558.6480966,0,539,513,52.81092429
526,0,555,1157,-3.648096604,598.3519034,-0.001776264532,0.2913385744,602,0.2931148389,0,10,0,0,1,0,558.6480966,558.6480966,0,539,514,52.85896587
527,0,558.6480966,554,0,-4.648096604,0,-0.002263166258,-4.648096604,-0.002263166258,0.06937457618,0.06937457618,0,0,1,0,558.6480966,558.6480966,0,539,515,52.90395331
528,0,554,1225,-4.648096604,666.3519034,-0.002263166258,0.3244478917,671,0.326711058,0,11,0,0,1,0,558.6480966,558.6480966,0,539,516,52.95205045
529,0,558.6480966,102745,0,102186.3519,0,49.75471109,102186.3519,49.75471109,0.05444920305,2024.054449,0,0,1,0,558.6480966,558.6480966,0,539,517,52.99713087
530,0,558.6480966,560,0,1.351903396,0,0.0006582440964,1.351903396,0.0006582440964,0.2703806791,0.2703806791,0,0,1,0,558.6480966,558.6480966,0,539,518,53.04825068
531,0,558.6480966,1760,0,1201.351903,0,0.584940315,1201.351903,0.584940315,0.2703806791,19.72961932,0,0,1,0,558.6480966,558.6480966,0,539,519,53.09213781
532,0,558.6480966,554,0,-4.648096604,0,-0.002263166258,-4.648096604,-0.002263166258,0.06937457618,0.06937457618,0,0,1,0,558.6480966,558.6480966,0,539,520,53.14528489
533,0,554,2364,-4.648096604,1805.351903,-0.002263166258,0.8790289573,1810,0.8812921236,0,28,0,0,1,0,558.6480966,558.6480966,0,539,521,53.19287992
534,0,558.6480966,555,0,-3.648096604,0,-0.001776264532,-3.648096604,-0.001776264532,0.05444920305,0.05444920305,0,0,1,0,558.6480966,558.6480966,0,539,522,53.23784447
535,0,555,1492,-3.648096604,933.3519034,-0.001776264532,0.4544506525,937,0.456226917,0,15,0,0,1,0,558.6480966,558.6480966,0,539,523,53.28520894
536,0,558.6480966,102355,0,101796.3519,0,49.56481942,101796.3519,49.56481942,0.06937457618,2039.930625,0,0,1,0,558.6480966,558.6480966,0,539,524,53.33010125
537,0,558.6480966,558,0,-0.6480966043,0,-0.0003155593551,-0.6480966043,-0.0003155593551,0.1296193209,0.1296193209,0,0,1,0,558.6480966,558.6480966,0,539,525,53.37847757
538,0,558,2234,-0.6480966043,1675.351903,-0.0003155593551,0.815731733,1676,0.8160472923,0,26,0,0,1,0,558.6480966,558.6480966,0,539,526,53.42992258
539,0,558.6480966,559,0,0.3519033957,0,0.0001713423707,0.3519033957,0.0001713423707,0.07038067914,0.07038067914,0,0,1,0,558.6480966,558.6480966,0,539,527,53.47385907
540,0,558.6480966,1558,0,999.3519034,0,0.4865861664,999.3519034,0.4865861664,0.07038067914,16.92961932,0,0,1,0,558.6480966,558.6480966,0,539,528,53.51799011
541,0,558.6480966,553,0,-5.648096604,0,-0.002750067984,-5.648096604,-0.002750067984,0.08429994932,0.08429994932,0,0,1,0,558.6480966,558.6480966,0,539,529,53.56915593
542,0,553,2363,-5.648096604,1804.351903,-0.002750067984,0.8785420556,1810,0.8812921236,0,28,0,0,1,0,558.6480966,558.6480966,0,539,530,53.61478209
543,0,558.6480966,554,0,-4.648096604,0,-0.002263166258,-4.648096604,-0.002263166258,0.06937457618,0.06937457618,0,0,1,0,558.6480966,558.6480966,0,539,531,53.65853238
544,0,554,2429,-4.648096604,1870.351903,-0.002263166258,0.9106775695,1875,0.9129407358,0,29,0,0,1,0,558.6480966,558.6480966,0,539,532,53.70585465
545,0,558.6480966,100880,0,100321.3519,0,48.84663937,100321.3519,48.84663937,0.08429994932,1953.9157,0,0,1,0,558.6480966,558.6480966,0,539,533,53.75079703
546,0,558.6480966,558,0,-0.6480966043,0,-0.0003155593551,-0.6480966043,-0.0003155593551,0.1296193209,0.1296193209,0,0,1,0,558.6480966,558.6480966,0,539,534,53.79930472
547,0,558,1497,-0.6480966043,938.3519034,-0.0003155593551,0.4568851611,939,0.4572007205,0,15,0,0,1,0,558.6480966,558.6480966,0,539,535,53.85135841
548,0,558.6480966,559,0,0.3519033957,0,0.0001713423707,0.3519033957,0.0001713423707,0.07038067914,0.07038067914,0,0,1,0,558.6480966,558.6480966,0,539,536,53.8965795
549,0,558.6480966,1424,0,865.3519034,0,0.4213413351,865.3519034,0.4213413351,0.07038067914,14.92961932,0,0,1,0,558.6480966,558.6480966,0,539,537,53.9413569
550,0,558.6480966,553,0,-5.648096604,0,-0.002750067984,-5.648096604,-0.002750067984,0.08429994932,0.08429994932,0,0,1,0,558.6480966,558.6480966,0,539,538,53.99391794
551,0,553,2095,-5.648096604,1536.351903,-0.002750067984,0.7480523931,1542,0.7508024611,0,24,0,0,1,0,558.6480966,558.6480966,0,539,539,54.04099035
552,0,558.6480966,554,0,-4.648096604,0,-0.002263166258,-4.648096604,-0.002263166258,0.06937457618,0.06937457618,0,0,1,0,558.6480966,558.6480966,0,539,540,54.08614254
553,0,554,1960,-4.648096604,1401.351903,-0.002263166258,0.6823206601,1406,0.6845838264,0,22,0,0,1,0,558.6480966,558.6480966,0,539,541,54.13438511
554,0,558.6480966,103077,0,102518.3519,0,49.91636246,102518.3519,49.91636246,0.08429994932,1999.9157,0,0,1,0,558.6480966,558.6480966,0,539,542,54.17960811
555,0,558.6480966,559,0,0.3519033957,0,0.0001713423707,0.3519033957,0.0001713423707,0.07038067914,0.07038067914,0,0,1,0,558.6480966,558.6480966,0,539,543,54.22783566
556,0,558.6480966,2228,0,1669.351903,0,0.8128103226,1669.351903,0.8128103226,0.07038067914,26.92961932,0,0,1,0,558.6480966,558.6480966,0,539,544,54.27184725
557,0,558.6480966,553,0,-5.648096604,0,-0.002750067984,-5.648096604,-0.002750067984,0.08429994932,0.08429994932,0,0,1,0,558.6480966,558.6480966,0,539,545,54.32467055
558,0,553,1894,-5.648096604,1335.351903,-0.002750067984,0.6501851462,1341,0.6529352142,0,21,0,0,1,0,558.6480966,558.6480966,0,539,546,54.37190104
559,0,558.6480966,554,0,-4.648096604,0,-0.002263166258,-4.648096604,-0.002263166258,0.06937457618,0.06937457618,0,0,1,0,558.6480966,558.6480966,0,539,547,54.4158082
560,0,554,1960,-4.648096604,1401.351903,-0.002263166258,0.6823206601,1406,0.6845838264,0,22,0,0,1,0,558.6480966,558.6480966,0,539,548,54.4627471
561,0,558.6480966,98868,0,98309.3519,0,47.8669931,98309.3519,47.8669931,0.08429994932,2002.9157,0,0,1,0,558.6480966,558.6480966,0,539,549,54.50722122
562,0,558.6480966,559,0,0.3519033957,0,0.0001713423707,0.3519033957,0.0001713423707,0.07038067914,0.07038067914,0,0,1,0,558.6480966,558.6480966,0,539,550,54.55506849
563,0,558.6480966,2230,0,1671.351903,0,0.8137841261,1671.351903,0.8137841261,0.07038067914,26.92961932,0,0,1,0,558.6480966,558.6480966,0,539,551,54.59911895
564,0,558.6480966,555,0,-3.648096604,0,-0.001776264532,-3.648096604,-0.001776264532,0.05444920305,0.05444920305,0,0,1,0,558.6480966,558.6480966,0,539,552,54.65109444
565,0,555,2296,-3.648096604,1737.351903,-0.001776264532,0.84591964,1741,0.8476959045,0,27,0,0,1,0,558.6480966,558.6480966,0,539,553,54.6974833
566,0,558.6480966,554,0,-4.648096604,0,-0.002263166258,-4.648096604,-0.002263166258,0.06937457618,0.06937457618,0,0,1,0,558.6480966,558.6480966,0,539,554,54.74064422
567,0,554,2431,-4.648096604,1872.351903,-0.002263166258,0.9116513729,1877,0.9139145392,0,29,0,0,1,0,558.6480966,558.6480966,0,539,555,54.78653359
568,0,558.6480966,104703,0,104144.3519,0,50.70806467,104144.3519,50.70806467,0.05444920305,2050.945551,0,0,1,0,558.6480966,558.6480966,0,539,556,54.830513
569,0,558.6480966,560,0,1.351903396,0,0.0006582440964,1.351903396,0.0006582440964,0.2703806791,0.2703806791,0,0,1,0,558.6480966,558.6480966,0,539,557,54.87828135
570,0,558.6480966,1157,0,598.3519034,0,0.2913385744,598.3519034,0.2913385744,0.2703806791,10.72961932,0,0,1,0,558.6480966,558.6480966,0,539,558,54.92203617
571,0,558.6480966,554,0,-4.648096604,0,-0.002263166258,-4.648096604,-0.002263166258,0.06937457618,0.06937457618,0,0,1,0,558.6480966,558.6480966,0,539,559,54.97325683
572,0,554,1493,-4.648096604,934.3519034,-0.002263166258,0.4549375542,939,0.4572007205,0,15,0,0,1,0,558.6480966,558.6480966,0,539,560,55.01997995
573,0,558.6480966,555,0,-3.648096604,0,-0.001776264532,-3.648096604,-0.001776264532,0.05444920305,0.05444920305,0,0,1,0,558.6480966,558.6480966,0,539,561,55.06401253
574,0,555,1291,-3.648096604,732.3519034,-0.001776264532,0.3565834056,736,0.3583596701,0,12,0,0,1,0,558.6480966,558.6480966,0,539,562,55.10952878
575,0,558.6480966,97756,0,97197.3519,0,47.32555838,97197.3519,47.32555838,0.06937457618,1935.069375,0,0,1,0,558.6480966,558.6480966,0,539,563,55.15349412
576,0,558.6480966,558,0,-0.6480966043,0,-0.0003155593551,-0.6480966043,-0.0003155593551,0.1296193209,0.1296193209,0,0,1,0,558.6480966,558.6480966,0,539,564,55.20501685
577,0,558,2435,-0.6480966043,1876.351903,-0.0003155593551,0.9135989798,1877,0.9139145392,0,29,0,0,1,0,558.6480966,558.6480966,0,539,565,55.25751519
578,0,558.6480966,559,0,0.3519033957,0,0.0001713423707,0.3519033957,0.0001713423707,0.07038067914,0.07038067914,0,0,1,0,558.6480966,558.6480966,0,539,566,55.3007884
579,0,558.6480966,2362,0,1803.351903,0,0.8780551539,1803.351903,0.8780551539,0.07038067914,28.92961932,0,0,1,0,558.6480966,558.6480966,0,539,567,55.34506345
580,0,558.6480966,553,0,-5.648096604,0,-0.002750067984,-5.648096604,-0.002750067984,0.08429994932,0.08429994932,0,0,1,0,558.6480966,558.6480966,0,539,568,55.397506
581,0,553,1291,-5.648096604,732.3519034,-0.002750067984,0.3565834056,738,0.3593334736,0,12,0,0,1,0,558.6480966,558.6480966,0,539,569,55.44500136
582,0,558.6480966,554,0,-4.648096604,0,-0.002263166258,-4.648096604,-0.002263166258,0.06937457618,0.06937457618,0,0,1,0,558.6480966,558.6480966,0,539,570,55.48885727
583,0,554,2429,-4.648096604,1870.351903,-0.002263166258,0.9106775695,1875,0.9129407358,0,29,0,0,1,0,558.6480966,558.6480966,0,539,571,55.5353806
584,0,558.6480966,100867,0,100308.3519,0,48.84030965,100308.3519,48.84030965,0.08429994932,1995.9157,0,0,1,0,558.6480966,558.6480966,0,539,572,55.57981014
585,0,558.6480966,560,0,1.351903396,0,0.0006582440964,1.351903396,0.0006582440964,0.2703806791,0.2703806791,0,0,1,0,558.6480966,558.6480966,0,539,573,55.62814498
586,0,558.6480966,1224,0,665.3519034,0,0.32396099,665.3519034,0.32396099,0.2703806791,11.72961932,0,0,1,0,558.6480966,558.6480966,0,539,574,55.67286396
587,0,558.6480966,554,0,-4.648096604,0,-0.002263166258,-4.648096604,-0.002263166258,0.06937457618,0.06937457618,0,0,1,0,558.6480966,558.6480966,0,539,575,55.72509003
588,0,554,2230,-4.648096604,1671.351903,-0.002263166258,0.8137841261,1676,0.8160472923,0,26,0,0,1,0,558.6480966,558.6480966,0,539,576,55.77280331
589,0,558.6480966,555,0,-3.648096604,0,-0.001776264532,-3.648096604,-0.001776264532,0.05444920305,0.05444920305,0,0,1,0,558.6480966,558.6480966,0,539,577,55.81755853
590,0,555,2296,-3.648096604,1737.351903,-0.001776264532,0.84591964,1741,0.8476959045,0,27,0,0,1,0,558.6480966,558.6480966,0,539,578,55.86512136
591,0,558.6480966,98127,0,97568.3519,0,47.50619892,97568.3519,47.50619892,0.06937457618,1988.069375,0,0,1,0,558.6480966,558.6480966,0,539,579,55.91072679
592,0,558.6480966,558,0,-0.6480966043,0,-0.0003155593551,-0.6480966043,-0.0003155593551,0.1296193209,0.1296193209,0,0,1,0,558.6480966,558.6480966,0,539,580,55.96339631
593,0,558,1698,-0.6480966043,1139.351903,-0.0003155593551,0.554752408,1140,0.5550679673,0,18,0,0,1,0,558.6480966,558.6480966,0,539,581,56.01629877
594,0,558.6480966,559,0,0.3519033957,0,0.0001713423707,0.3519033957,0.0001713423707,0.07038067914,0.07038067914,0,0,1,0,558.6480966,558.6480966,0,539,582,56.06183052
595,0,558.6480966,2094,0,1535.351903,0,0.7475654914,1535.351903,0.7475654914,0.07038067914,24.92961932,0,0,1,0,558.6480966,558.6480966,0,539,583,56.10715437
596,0,558.6480966,553,0,-5.648096604,0,-0.002750067984,-5.648096604,-0.002750067984,0.08429994932,0.08429994932,0,0,1,0,558.6480966,558.6480966,0,539,584,56.15999937
597,0,553,2296,-5.648096604,1737.351903,-0.002750067984,0.84591964,1743,0.848669708,0,27,0,0,1,0,558.6480966,558.6480966,0,539,585,56.20792127
598,0,558.6480966,554,0,-4.648096604,0,-0.002263166258,-4.648096604,-0.002263166258,0.06937457618,0.06937457618,0,0,1,0,558.6480966,558.6480966,0,539,586,56.25268364
599,0,554,2228,-4.648096604,1669.351903,-0.002263166258,0.8128103226,1674,0.8150734889,0,26,0,0,1,0,558.6480966,558.6480966,0,539,587,56.29975939
600,0,558.6480966,94938,0,94379.3519,0,45.95346932,94379.3519,45.95346932,0.08429994932,1926.9157,0,0,1,0,558.6480966,558.6480966,0,539,588,56.34489822
601,0,558.6480966,557,0,-1.648096604,0,-0.0008024610808,-1.648096604,-0.0008024610808,0.3296193209,0.3296193209,0,0,1,0,558.6480966,558.6480966,0,539,589,56.39292526
602,0,557,1161,-1.648096604,602.3519034,-0.0008024610808,0.2932861813,604,0.2940886423,0,10,0,0,1,0,558.6480966,558.6480966,0,539,590,56.44524598
603,0,558.6480966,558,0,-0.6480966043,0,-0.0003155593551,-0.6480966043,-0.0003155593551,0.009673083646,0.009673083646,0,0,1,0,558.6480966,558.6480966,0,539,591,56.48921061
604,0,558,2165,-0.6480966043,1606.351903,-0.0003155593551,0.7821355139,1607,0.7824510733,0,25,0,0,1,0,558.6480966,558.6480966,0,539,592,56.53624821
605,0,558.6480966,97497,0,96938.3519,0,47.19945083,96938.3519,47.19945083,0.02459845678,1980.975402,0,0,1,0,558.6480966,558.6480966,0,539,593,56.58084607
606,0,558.6480966,558,0,-0.6480966043,0,-0.0003155593551,-0.6480966043,-0.0003155593551,0.1296193209,0.1296193209,0,0,1,0,558.6480966,558.6480966,0,539,594,56.62893105
607,0,558,2435,-0.6480966043,1876.351903,-0.0003155593551,0.9135989798,1877,0.9139145392,0,29,0,0,1,0,558.6480966,558.6480966,0,539,595,56.68034577
608,0,558.6480966,559,0,0.3519033957,0,0.0001713423707,0.3519033957,0.0001713423707,0.07038067914,0.07038067914,0,0,1,0,558.6480966,558.6480966,0,539,596,56.72437692
609,0,558.6480966,2027,0,1468.351903,0,0.7149430757,1468.351903,0.7149430757,0.07038067914,23.92961932,0,0,1,0,558.6480966,558.6480966,0,539,597,56.76874804
610,0,558.6480966,553,0,-5.648096604,0,-0.002750067984,-5.648096604,-0.002750067984,0.08429994932,0.08429994932,0,0,1,0,558.6480966,558.6480966,0,539,598,56.82110381
611,0,553,1492,-5.648096604,933.3519034,-0.002750067984,0.4544506525,939,0.4572007205,0,15,0,0,1,0,558.6480966,558.6480966,0,539,599,56.86923218
612,0,558.6480966,554,0,-4.648096604,0,-0.002263166258,-4.648096604,-0.002263166258,0.06937457618,0.06937457618,0,0,1,0,558.6480966,558.6480966,0,539,600,56.91414142
613,0,554,2161,-4.648096604,1602.351903,-0.002263166258,0.780187907,1607,0.7824510733,0,25,0,0,1,0,558.6480966,558.6480966,0,539,601,56.9624145
614,0,558.6480966,97203,0,96644.3519,0,47.05630172,96644.3519,47.05630172,0.08429994932,1899.0843,0,0,1,0,558.6480966,558.6480966,0,539,602,57.00752783
615,0,558.6480966,559,0,0.3519033957,0,0.0001713423707,0.3519033957,0.0001713423707,0.07038067914,0.07038067914,0,0,1,0,558.6480966,558.6480966,0,539,603,57.06059313
616,0,558.6480966,2431,0,1872.351903,0,0.9116513729,1872.351903,0.9116513729,0.07038067914,29.92961932,0,0,1,0,558.6480966,558.6480966,0,539,604,57.10655284
617,0,558.6480966,555,0,-3.648096604,0,-0.001776264532,-3.648096604,-0.001776264532,0.05444920305,0.05444920305,0,0,1,0,558.6480966,558.6480966,0,539,605,57.15860224
618,0,555,1894,-3.648096604,1335.351903,-0.001776264532,0.6501851462,1339,0.6519614108,0,21,0,0,1,0,558.6480966,558.6480966,0,539,606,57.20558739
619,0,558.6480966,554,0,-4.648096604,0,-0.002263166258,-4.648096604,-0.002263166258,0.06937457618,0.06937457618,0,0,1,0,558.6480966,558.6480966,0,539,607,57.25046325
620,0,554,2498,-4.648096604,1939.351903,-0.002263166258,0.9442737886,1944,0.9465369548,0,30,0,0,1,0,558.6480966,558.6480966,0,539,608,57.29802084
621,0,558.6480966,104234,0,103675.3519,0,50.47970776,103675.3519,50.47970776,0.05444920305,2060.054449,0,0,1,0,558.6480966,558.6480966,0,539,609,57.34349179
622,0,558.6480966,557,0,-1.648096604,0,-0.0008024610808,-1.648096604,-0.0008024610808,0.3296193209,0.3296193209,0,0,1,0,558.6480966,558.6480966,0,539,610,57.39641213
623,0,557,2030,-1.648096604,1471.351903,-0.0008024610808,0.7164037809,1473,0.717206242,0,23,0,0,1,0,558.6480966,558.6480966,0,539,611,57.44793701
624,0,558.6480966,556,0,-2.648096604,0,-0.001289362807,-2.648096604,-0.001289362807,0.03952382991,0.03952382991,0,0,1,0,558.6480966,558.6480966,0,539,612,57.49099565
625,0,556,1629,-2.648096604,1070.351903,-0.001289362807,0.5211561889,1073,0.5224455517,0,17,0,0,1,0,558.6480966,558.6480966,0,539,613,57.53795838
626,0,558.6480966,101956,0,101397.3519,0,49.37054563,101397.3519,49.37054563,0.02459845678,1975.024598,0,0,1,0,558.6480966,558.6480966,0,539,614,57.58258057
627,0,558.6480966,559,0,0.3519033957,0,0.0001713423707,0.3519033957,0.0001713423707,0.07038067914,0.07038067914,0,0,1,0,558.6480966,558.6480966,0,539,615,57.63457704
628,0,558.6480966,1424,0,865.3519034,0,0.4213413351,865.3519034,0.4213413351,0.07038067914,14.92961932,0,0,1,0,558.6480966,558.6480966,0,539,616,57.67884231
629,0,558.6480966,553,0,-5.648096604,0,-0.002750067984,-5.648096604,-0.002750067984,0.08429994932,0.08429994932,0,0,1,0,558.6480966,558.6480966,0,539,617,57.73012352
630,0,553,1894,-5.648096604,1335.351903,-0.002750067984,0.6501851462,1341,0.6529352142,0,21,0,0,1,0,558.6480966,558.6480966,0,539,618,57.77717423
631,0,558.6480966,554,0,-4.648096604,0,-0.002263166258,-4.648096604,-0.002263166258,0.06937457618,0.06937457618,0,0,1,0,558.6480966,558.6480966,0,539,619,57.82071114
632,0,554,1558,-4.648096604,999.3519034,-0.002263166258,0.4865861664,1004,0.4888493326,0,16,0,0,1,0,558.6480966,558.6480966,0,539,620,57.86733174
633,0,558.6480966,100876,0,100317.3519,0,48.84469176,100317.3519,48.84469176,0.08429994932,2022.0843,0,0,1,0,558.6480966,558.6480966,0,539,621,57.91151786
634,0,558.6480966,557,0,-1.648096604,0,-0.0008024610808,-1.648096604,-0.0008024610808,0.3296193209,0.3296193209,0,0,1,0,558.6480966,558.6480966,0,539,622,57.96405196
635,0,557,1293,-1.648096604,734.3519034,-0.0008024610808,0.3575572091,736,0.3583596701,0,12,0,0,1,0,558.6480966,558.6480966,0,539,623,58.01614666
636,0,558.6480966,556,0,-2.648096604,0,-0.001289362807,-2.648096604,-0.001289362807,0.03952382991,0.03952382991,0,0,1,0,558.6480966,558.6480966,0,539,624,58.06137538
637,0,556,2098,-2.648096604,1539.351903,-0.001289362807,0.7495130983,1542,0.7508024611,0,24,0,0,1,0,558.6480966,558.6480966,0,539,625,58.10976624
638,0,558.6480966,103583,0,103024.3519,0,50.16273473,103024.3519,50.16273473,0.02459845678,2047.975402,0,0,1,0,558.6480966,558.6480966,0,539,626,58.15555716
639,0,558.6480966,561,0,2.351903396,0,0.001145145822,2.351903396,0.001145145822,0.4703806791,0.4703806791,0,0,1,0,558.6480966,558.6480966,0,539,627,58.20410943
640,0,558.6480966,1091,0,532.3519034,0,0.2592030605,532.3519034,0.2592030605,0.4703806791,9.529619321,0,0,1,0,558.6480966,558.6480966,0,539,628,58.24968553
641,0,558.6480966,555,0,-3.648096604,0,-0.001776264532,-3.648096604,-0.001776264532,0.05444920305,0.05444920305,0,0,1,0,558.6480966,558.6480966,0,539,629,58.3015554
642,0,555,2231,-3.648096604,1672.351903,-0.001776264532,0.8142710278,1676,0.8160472923,0,26,0,0,1,0,558.6480966,558.6480966,0,539,630,58.34914804
643,0,558.6480966,556,0,-2.648096604,0,-0.001289362807,-2.648096604,-0.001289362807,0.03952382991,0.03952382991,0,0,1,0,558.6480966,558.6480966,0,539,631,58.39364195
644,0,556,2364,-2.648096604,1805.351903,-0.001289362807,0.8790289573,1808,0.8803183201,0,28,0,0,1,0,558.6480966,558.6480966,0,539,632,58.44123626
645,0,558.6480966,104204,0,103645.3519,0,50.46510071,103645.3519,50.46510071,0.05444920305,1999.054449,0,0,1,0,558.6480966,558.6480966,0,539,633,58.48630428
646,0,558.6480966,560,0,1.351903396,0,0.0006582440964,1.351903396,0.0006582440964,0.2703806791,0.2703806791,0,0,1,0,558.6480966,558.6480966,0,539,634,58.53871584
647,0,558.6480966,2298,0,1739.351903,0,0.8468934434,1739.351903,0.8468934434,0.2703806791,27.72961932,0,0,1,0,558.6480966,558.6480966,0,539,635,58.58354735
648,0,558.6480966,556,0,-2.648096604,0,-0.001289362807,-2.648096604,-0.001289362807,0.03952382991,0.03952382991,0,0,1,0,558.6480966,558.6480966,0,539,636,58.63627768
649,0,556,1761,-2.648096604,1202.351903,-0.001289362807,0.5854272167,1205,0.5867165795,0,19,0,0,1,0,558.6480966,558.6480966,0,539,637,58.68385315
650,0,558.6480966,555,0,-3.648096604,0,-0.001776264532,-3.648096604,-0.001776264532,0.05444920305,0.05444920305,0,0,1,0,558.6480966,558.6480966,0,539,638,58.72907138
651,0,555,1963,-3.648096604,1404.351903,-0.001776264532,0.6837813653,1408,0.6855576298,0,22,0,0,1,0,558.6480966,558.6480966,0,539,639,58.77740788
652,0,558.6480966,100227,0,99668.3519,0,48.52869254,99668.3519,48.52869254,0.03952382991,2016.039524,0,0,1,0,558.6480966,558.6480966,0,539,640,58.82281399
653,0,558.6480966,558,0,-0.6480966043,0,-0.0003155593551,-0.6480966043,-0.0003155593551,0.1296193209,0.1296193209,0,0,1,0,558.6480966,558.6480966,0,539,641,58.87488914
654,0,558,1497,-0.6480966043,938.3519034,-0.0003155593551,0.4568851611,939,0.4572007205,0,15,0,0,1,0,558.6480966,558.6480966,0,539,642,58.92759848
655,0,558.6480966,559,0,0.3519033957,0,0.0001713423707,0.3519033957,0.0001713423707,0.07038067914,0.07038067914,0,0,1,0,558.6480966,558.6480966,0,539,643,58.97268248
656,0,558.6480966,1223,0,664.3519034,0,0.3234740883,664.3519034,0.3234740883,0.07038067914,11.92961932,0,0,1,0,558.6480966,558.6480966,0,539,644,59.01645279
657,0,558.6480966,553,0,-5.648096604,0,-0.002750067984,-5.648096604,-0.002750067984,0.08429994932,0.08429994932,0,0,1,0,558.6480966,558.6480966,0,539,645,59.06944847
658,0,553,1224,-5.648096604,665.3519034,-0.002750067984,0.32396099,671,0.326711058,0,11,0,0,1,0,558.6480966,558.6480966,0,539,646,59.11703825
659,0,558.6480966,554,0,-4.648096604,0,-0.002263166258,-4.648096604,-0.002263166258,0.06937457618,0.06937457618,0,0,1,0,558.6480966,558.6480966,0,539,647,59.16237068
660,0,554,2094,-4.648096604,1535.351903,-0.002263166258,0.7475654914,1540,0.7498286576,0,24,0,0,1,0,558.6480966,558.6480966,0,539,648,59.20904636
661,0,558.6480966,104108,0,103549.3519,0,50.41835814,103549.3519,50.41835814,0.08429994932,2048.9157,0,0,1,0,558.6480966,558.6480966,0,539,649,59.25368261
662,0,558.6480966,561,0,2.351903396,0,0.001145145822,2.351903396,0.001145145822,0.4703806791,0.4703806791,0,0,1,0,558.6480966,558.6480966,0,539,650,59.30155969
663,0,558.6480966,1294,0,735.3519034,0,0.3580441108,735.3519034,0.3580441108,0.4703806791,12.52961932,0,0,1,0,558.6480966,558.6480966,0,539,651,59.34514856
664,0,558.6480966,557,0,-1.648096604,0,-0.0008024610808,-1.648096604,-0.0008024610808,0.02459845678,0.02459845678,0,0,1,0,558.6480966,558.6480966,0,539,652,59.39663887
665,0,557,1427,-1.648096604,868.3519034,-0.0008024610808,0.4228020403,870,0.4236045014,0,14,0,0,1,0,558.6480966,558.6480966,0,539,653,59.44348955
666,0,558.6480966,556,0,-2.648096604,0,-0.001289362807,-2.648096604,-0.001289362807,0.03952382991,0.03952382991,0,0,1,0,558.6480966,558.6480966,0,539,654,59.48689413
667,0,556,1629,-2.648096604,1070.351903,-0.001289362807,0.5211561889,1073,0.5224455517,0,17,0,0,1,0,558.6480966,558.6480966,0,539,655,59.53395629
668,0,558.6480966,103895,0,103336.3519,0,50.31464807,103336.3519,50.31464807,0.02459845678,2068.975402,0,0,1,0,558.6480966,558.6480966,0,539,656,59.5782752
669,0,558.6480966,561,0,2.351903396,0,0.001145145822,2.351903396,0.001145145822,0.4703806791,0.4703806791,0,0,1,0,558.6480966,558.6480966,0,539,657,59.62621236
670,0,558.6480966,1694,0,1135.351903,0,0.5528048011,1135.351903,0.5528048011,0.4703806791,18.52961932,0,0,1,0,558.6480966,558.6480966,0,539,658,59.67067623
671,0,558.6480966,555,0,-3.648096604,0,-0.001776264532,-3.648096604,-0.001776264532,0.05444920305,0.05444920305,0,0,1,0,558.6480966,558.6480966,0,539,659,59.7218647
672,0,555,1896,-3.648096604,1337.351903,-0.001776264532,0.6511589497,1341,0.6529352142,0,21,0,0,1,0,558.6480966,558.6480966,0,539,660,59.76893568
673,0,558.6480966,556,0,-2.648096604,0,-0.001289362807,-2.648096604,-0.001289362807,0.03952382991,0.03952382991,0,0,1,0,558.6480966,558.6480966,0,539,661,59.81382108
674,0,556,2096,-2.648096604,1537.351903,-0.001289362807,0.7485392948,1540,0.7498286576,0,24,0,0,1,0,558.6480966,558.6480966,0,539,662,59.86132097
675,0,558.6480966,101025,0,100466.3519,0,48.91724012,100466.3519,48.91724012,0.05444920305,2018.054449,0,0,1,0,558.6480966,558.6480966,0,539,663,59.90525937
676,0,558.6480966,559,0,0.3519033957,0,0.0001713423707,0.3519033957,0.0001713423707,0.07038067914,0.07038067914,0,0,1,0,558.6480966,558.6480966,0,539,664,59.95694065
677,0,558.6480966,1627,0,1068.351903,0,0.5201823855,1068.351903,0.5201823855,0.07038067914,17.92961932,0,0,1,0,558.6480966,558.6480966,0,539,665,60.00081992
678,0,558.6480966,555,0,-3.648096604,0,-0.001776264532,-3.648096604,-0.001776264532,0.05444920305,0.05444920305,0,0,1,0,558.6480966,558.6480966,0,539,666,60.0529182
679,0,555,1559,-3.648096604,1000.351903,-0.001776264532,0.4870730681,1004,0.4888493326,0,16,0,0,1,0,558.6480966,558.6480966,0,539,667,60.10002494
680,0,558.6480966,554,0,-4.648096604,0,-0.002263166258,-4.648096604,-0.002263166258,0.06937457618,0.06937457618,0,0,1,0,558.6480966,558.6480966,0,539,668,60.1437912
681,0,554,1962,-4.648096604,1403.351903,-0.002263166258,0.6832944636,1408,0.6855576298,0,22,0,0,1,0,558.6480966,558.6480966,0,539,669,60.19003034
682,0,558.6480966,104016,0,103457.3519,0,50.37356318,103457.3519,50.37356318,0.05444920305,2048.054449,0,0,1,0,558.6480966,558.6480966,0,539,670,60.23454142
683,0,558.6480966,558,0,-0.6480966043,0,-0.0003155593551,-0.6480966043,-0.0003155593551,0.1296193209,0.1296193209,0,0,1,0,558.6480966,558.6480966,0,539,671,60.28548408
684,0,558,2031,-0.6480966043,1472.351903,-0.0003155593551,0.7168906827,1473,0.717206242,0,23,0,0,1,0,558.6480966,558.6480966,0,539,672,60.33653927
685,0,558.6480966,557,0,-1.648096604,0,-0.0008024610808,-1.648096604,-0.0008024610808,0.02459845678,0.02459845678,0,0,1,0,558.6480966,558.6480966,0,539,673,60.38015938
686,0,557,1898,-1.648096604,1339.351903,-0.0008024610808,0.6521327531,1341,0.6529352142,0,21,0,0,1,0,558.6480966,558.6480966,0,539,674,60.42617106
687,0,558.6480966,102044,0,101485.3519,0,49.41339298,101485.3519,49.41339298,0.009673083646,2024.009673,0,0,1,0,558.6480966,558.6480966,0,539,675,60.47004223
688,0,558.6480966,557,0,-1.648096604,0,-0.0008024610808,-1.648096604,-0.0008024610808,0.3296193209,0.3296193209,0,0,1,0,558.6480966,558.6480966,0,539,676,60.52106285
689,0,557,1293,-1.648096604,734.3519034,-0.0008024610808,0.3575572091,736,0.3583596701,0,12,0,0,1,0,558.6480966,558.6480966,0,539,677,60.5724144
690,0,558.6480966,556,0,-2.648096604,0,-0.001289362807,-2.648096604,-0.001289362807,0.03952382991,0.03952382991,0,0,1,0,558.6480966,558.6480966,0,539,678,60.6160512
691,0,556,2433,-2.648096604,1874.351903,-0.001289362807,0.9126251764,1877,0.9139145392,0,29,0,0,1,0,558.6480966,558.6480966,0,539,679,60.66328502
692,0,558.6480966,102809,0,102250.3519,0,49.7858728,102250.3519,49.7858728,0.02459845678,2019.024598,0,0,1,0,558.6480966,558.6480966,0,539,680,60.70825124
693,0,558.6480966,559,0,0.3519033957,0,0.0001713423707,0.3519033957,0.0001713423707,0.07038067914,0.07038067914,0,0,1,0,558.6480966,558.6480966,0,539,681,60.75980496
694,0,558.6480966,1826,0,1267.351903,0,0.6170758289,1267.351903,0.6170758289,0.07038067914,20.92961932,0,0,1,0,558.6480966,558.6480966,0,539,682,60.80389476
695,0,558.6480966,553,0,-5.648096604,0,-0.002750067984,-5.648096604,-0.002750067984,0.08429994932,0.08429994932,0,0,1,0,558.6480966,558.6480966,0,539,683,60.85516763
696,0,553,1291,-5.648096604,732.3519034,-0.002750067984,0.3565834056,738,0.3593334736,0,12,0,0,1,0,558.6480966,558.6480966,0,539,684,60.90262437
697,0,558.6480966,554,0,-4.648096604,0,-0.002263166258,-4.648096604,-0.002263166258,0.06937457618,0.06937457618,0,0,1,0,558.6480966,558.6480966,0,539,685,60.94739342
698,0,554,1759,-4.648096604,1200.351903,-0.002263166258,0.5844534133,1205,0.5867165795,0,19,0,0,1,0,558.6480966,558.6480966,0,539,686,60.99495673
699,0,558.6480966,96039,0,95480.3519,0,46.48954812,95480.3519,46.48954812,0.08429994932,1921.0843,0,0,1,0,558.6480966,558.6480966,0,539,687,61.03917694
700,0,558.6480966,557,0,-1.648096604,0,-0.0008024610808,-1.648096604,-0.0008024610808,0.3296193209,0.3296193209,0,0,1,0,558.6480966,558.6480966,0,539,688,61.09145617
701,0,557,1563,-1.648096604,1004.351903,-0.0008024610808,0.489020675,1006,0.4898231361,0,16,0,0,1,0,558.6480966,558.6480966,0,539,689,61.14256549
702,0,558.6480966,558,0,-0.6480966043,0,-0.0003155593551,-0.6480966043,-0.0003155593551,0.009673083646,0.009673083646,0,0,1,0,558.6480966,558.6480966,0,539,690,61.18636632
703,0,558,1294,-0.6480966043,735.3519034,-0.0003155593551,0.3580441108,736,0.3583596701,0,12,0,0,1,0,558.6480966,558.6480966,0,539,691,61.2328279
704,0,558.6480966,96513,0,95954.3519,0,46.72033953,95954.3519,46.72033953,0.02459845678,1933.975402,0,0,1,0,558.6480966,558.6480966,0,539,692,61.27692366
705,0,558.6480966,559,0,0.3519033957,0,0.0001713423707,0.3519033957,0.0001713423707,0.07038067914,0.07038067914,0,0,1,0,558.6480966,558.6480966,0,539,693,61.32546616
706,0,558.6480966,1893,0,1334.351903,0,0.6496982445,1334.351903,0.6496982445,0.07038067914,21.92961932,0,0,1,0,558.6480966,558.6480966,0,539,694,61.37029123
707,0,558.6480966,553,0,-5.648096604,0,-0.002750067984,-5.648096604,-0.002750067984,0.08429994932,0.08429994932,0,0,1,0,558.6480966,558.6480966,0,539,695,61.42170978
708,0,553,2229,-5.648096604,1670.351903,-0.002750067984,0.8132972243,1676,0.8160472923,0,26,0,0,1,0,558.6480966,558.6480966,0,539,696,61.46873164
709,0,558.6480966,554,0,-4.648096604,0,-0.002263166258,-4.648096604,-0.002263166258,0.06937457618,0.06937457618,0,0,1,0,558.6480966,558.6480966,0,539,697,61.51291966
710,0,554,1960,-4.648096604,1401.351903,-0.002263166258,0.6823206601,1406,0.6845838264,0,22,0,0,1,0,558.6480966,558.6480966,0,539,698,61.55922389
711,0,558.6480966,99066,0,98507.3519,0,47.96339964,98507.3519,47.96339964,0.08429994932,1935.0843,0,0,1,0,558.6480966,558.6480966,0,539,699,61.6038208
712,0,558.6480966,560,0,1.351903396,0,0.0006582440964,1.351903396,0.0006582440964,0.2703806791,0.2703806791,0,0,1,0,558.6480966,558.6480966,0,539,700,61.65564466
713,0,558.6480966,2097,0,1538.351903,0,0.7490261965,1538.351903,0.7490261965,0.2703806791,24.72961932,0,0,1,0,558.6480966,558.6480966,0,539,701,61.70056868
714,0,558.6480966,556,0,-2.648096604,0,-0.001289362807,-2.648096604,-0.001289362807,0.03952382991,0.03952382991,0,0,1,0,558.6480966,558.6480966,0,539,702,61.75265574
715,0,556,1895,-2.648096604,1336.351903,-0.001289362807,0.650672048,1339,0.6519614108,0,21,0,0,1,0,558.6480966,558.6480966,0,539,703,61.8007822
716,0,558.6480966,555,0,-3.648096604,0,-0.001776264532,-3.648096604,-0.001776264532,0.05444920305,0.05444920305,0,0,1,0,558.6480966,558.6480966,0,539,704,61.84642982
717,0,555,1695,-3.648096604,1136.351903,-0.001776264532,0.5532917028,1140,0.5550679673,0,18,0,0,1,0,558.6480966,558.6480966,0,539,705,61.89423847
718,0,558.6480966,102612,0,102053.3519,0,49.68995316,102053.3519,49.68995316,0.03952382991,2024.039524,0,0,1,0,558.6480966,558.6480966,0,539,706,61.93940711
719,0,558.6480966,557,0,-1.648096604,0,-0.0008024610808,-1.648096604,-0.0008024610808,0.3296193209,0.3296193209,0,0,1,0,558.6480966,558.6480966,0,539,707,61.99182677
720,0,557,2097,-1.648096604,1538.351903,-0.0008024610808,0.7490261965,1540,0.7498286576,0,24,0,0,1,0,558.6480966,558.6480966,0,539,708,62.04466701
721,0,558.6480966,556,0,-2.648096604,0,-0.001289362807,-2.648096604,-0.001289362807,0.03952382991,0.03952382991,0,0,1,0,558.6480966,558.6480966,0,539,709,62.08983684
722,0,556,2299,-2.648096604,1740.351903,-0.001289362807,0.8473803451,1743,0.848669708,0,27,0,0,1,0,558.6480966,558.6480966,0,539,710,62.1379683
723,0,558.6480966,97644,0,97085.3519,0,47.27102539,97085.3519,47.27102539,0.02459845678,1939.024598,0,0,1,0,558.6480966,558.6480966,0,539,711,62.18386579
724,0,558.6480966,561,0,2.351903396,0,0.001145145822,2.351903396,0.001145145822,0.4703806791,0.4703806791,0,0,1,0,558.6480966,558.6480966,0,539,712,62.23675036
725,0,558.6480966,1225,0,666.3519034,0,0.3244478917,666.3519034,0.3244478917,0.4703806791,11.52961932,0,0,1,0,558.6480966,558.6480966,0,539,713,62.28183389
726,0,558.6480966,555,0,-3.648096604,0,-0.001776264532,-3.648096604,-0.001776264532,0.05444920305,0.05444920305,0,0,1,0,558.6480966,558.6480966,0,539,714,62.33325338
727,0,555,2231,-3.648096604,1672.351903,-0.001776264532,0.8142710278,1676,0.8160472923,0,26,0,0,1,0,558.6480966,558.6480966,0,539,715,62.37948799
728,0,558.6480966,556,0,-2.648096604,0,-0.001289362807,-2.648096604,-0.001289362807,0.03952382991,0.03952382991,0,0,1,0,558.6480966,558.6480966,0,539,716,62.42319584
729,0,556,1560,-2.648096604,1001.351903,-0.001289362807,0.4875599698,1004,0.4888493326,0,16,0,0,1,0,558.6480966,558.6480966,0,539,717,62.46999192
730,0,558.6480966,102528,0,101969.3519,0,49.64905341,101969.3519,49.64905341,0.05444920305,2008.054449,0,0,1,0,558.6480966,558.6480966,0,539,718,62.51450729
731,0,558.6480966,558,0,-0.6480966043,0,-0.0003155593551,-0.6480966043,-0.0003155593551,0.1296193209,0.1296193209,0,0,1,0,558.6480966,558.6480966,0,539,719,62.56658769
732,0,558,2502,-0.6480966043,1943.351903,-0.0003155593551,0.9462213955,1944,0.9465369548,0,30,0,0,1,0,558.6480966,558.6480966,0,539,720,62.6183455
733,0,558.6480966,559,0,0.3519033957,0,0.0001713423707,0.3519033957,0.0001713423707,0.07038067914,0.07038067914,0,0,1,0,558.6480966,558.6480966,0,539,721,62.66301322
734,0,558.6480966,2362,0,1803.351903,0,0.8780551539,1803.351903,0.8780551539,0.07038067914,28.92961932,0,0,1,0,558.6480966,558.6480966,0,539,722,62.70691109
735,0,558.6480966,553,0,-5.648096604,0,-0.002750067984,-5.648096604,-0.002750067984,0.08429994932,0.08429994932,0,0,1,0,558.6480966,558.6480966,0,539,723,62.75816822
736,0,553,2095,-5.648096604,1536.351903,-0.002750067984,0.7480523931,1542,0.7508024611,0,24,0,0,1,0,558.6480966,558.6480966,0,539,724,62.8044498
737,0,558.6480966,554,0,-4.648096604,0,-0.002263166258,-4.648096604,-0.002263166258,0.06937457618,0.06937457618,0,0,1,0,558.6480966,558.6480966,0,539,725,62.84855056
738,0,554,2362,-4.648096604,1803.351903,-0.002263166258,0.8780551539,1808,0.8803183201,0,28,0,0,1,0,558.6480966,558.6480966,0,539,726,62.89585996
739,0,558.6480966,99663,0,99104.3519,0,48.25407997,99104.3519,48.25407997,0.08429994932,1974.9157,0,0,1,0,558.6480966,558.6480966,0,539,727,62.94018579
740,0,558.6480966,557,0,-1.648096604,0,-0.0008024610808,-1.648096604,-0.0008024610808,0.4120241511,0.4120241511,0,0,1,0,558.6480966,558.6480966,0,539,728,62.98970532
741,0,557,1161,-1.648096604,602.3519034,-0.0008024610808,0.2932861813,604,0.2940886423,0,10,0,0,1,0,558.6480966,558.6480966,0,539,729,63.04179358
742,0,558.6480966,558,0,-0.6480966043,0,-0.0003155593551,-0.6480966043,-0.0003155593551,0.009673083646,0.009673083646,0,0,1,0,558.6480966,558.6480966,0,539,730,63.08636308
743,0,558,1830,-0.6480966043,1271.351903,-0.0003155593551,0.6190234358,1272,0.6193389951,0,20,0,0,1,0,558.6480966,558.6480966,0,539,731,63.13396144
744,0,558.6480966,105029,0,104470.3519,0,50.86679463,104470.3519,50.86679463,0.02459845678,2058.024598,0,0,1,0,558.6480966,558.6480966,0,539,732,63.17927957
745,0,558.6480966,559,0,0.3519033957,0,0.0001713423707,0.3519033957,0.0001713423707,0.07038067914,0.07038067914,0,0,1,0,558.6480966,558.6480966,0,539,733,63.23195314
746,0,558.6480966,1225,0,666.3519034,0,0.3244478917,666.3519034,0.3244478917,0.07038067914,11.92961932,0,0,1,0,558.6480966,558.6480966,0,539,734,63.27771354
747,0,558.6480966,555,0,-3.648096604,0,-0.001776264532,-3.648096604,-0.001776264532,0.05444920305,0.05444920305,0,0,1,0,558.6480966,558.6480966,0,539,735,63.32978201
748,0,555,1492,-3.648096604,933.3519034,-0.001776264532,0.4544506525,937,0.456226917,0,15,0,0,1,0,558.6480966,558.6480966,0,539,736,63.37803006
749,0,558.6480966,554,0,-4.648096604,0,-0.002263166258,-4.648096604,-0.002263166258,0.06937457618,0.06937457618,0,0,1,0,558.6480966,558.6480966,0,539,737,63.42244458
750,0,554,2230,-4.648096604,1671.351903,-0.002263166258,0.8137841261,1676,0.8160472923,0,26,0,0,1,0,558.6480966,558.6480966,0,539,738,63.47067404
751,0,558.6480966,99746,0,99187.3519,0,48.29449281,99187.3519,48.29449281,0.05444920305,1948.945551,0,0,1,0,558.6480966,558.6480966,0,539,739,63.51611114
752,0,558.6480966,557,0,-1.648096604,0,-0.0008024610808,-1.648096604,-0.0008024610808,0.3296193209,0.3296193209,0,0,1,0,558.6480966,558.6480966,0,539,740,63.56476092
753,0,557,1831,-1.648096604,1272.351903,-0.0008024610808,0.6195103375,1274,0.6203127986,0,20,0,0,1,0,558.6480966,558.6480966,0,539,741,63.61757946
754,0,558.6480966,558,0,-0.6480966043,0,-0.0003155593551,-0.6480966043,-0.0003155593551,0.009673083646,0.009673083646,0,0,1,0,558.6480966,558.6480966,0,539,742,63.66260934
755,0,558,2433,-0.6480966043,1874.351903,-0.0003155593551,0.9126251764,1875,0.9129407358,0,29,0,0,1,0,558.6480966,558.6480966,0,539,743,63.70974636
756,0,558.6480966,106337,0,105778.3519,0,51.50366209,105778.3519,51.50366209,0.02459845678,2088.975402,0,0,1,0,558.6480966,558.6480966,0,539,744,63.75456738
757,0,558.6480966,561,0,2.351903396,0,0.001145145822,2.351903396,0.001145145822,0.4703806791,0.4703806791,0,0,1,0,558.6480966,558.6480966,0,539,745,63.80337572
758,0,558.6480966,2433,0,1874.351903,0,0.9126251764,1874.351903,0.9126251764,0.4703806791,29.52961932,0,0,1,0,558.6480966,558.6480966,0,539,746,63.84763265
759,0,558.6480966,557,0,-1.648096604,0,-0.0008024610808,-1.648096604,-0.0008024610808,0.02459845678,0.02459845678,0,0,1,0,558.6480966,558.6480966,0,539,747,63.90057039
760,0,557,2432,-1.648096604,1873.351903,-0.0008024610808,0.9121382747,1875,0.9129407358,0,29,0,0,1,0,558.6480966,558.6480966,0,539,748,63.94652867
761,0,558.6480966,556,0,-2.648096604,0,-0.001289362807,-2.648096604,-0.001289362807,0.03952382991,0.03952382991,0,0,1,0,558.6480966,558.6480966,0,539,749,63.99151134
762,0,556,1696,-2.648096604,1137.351903,-0.001289362807,0.5537786045,1140,0.5550679673,0,18,0,0,1,0,558.6480966,558.6480966,0,539,750,64.03859711
763,0,558.6480966,106869,0,106310.3519,0,51.76269381,106310.3519,51.76269381,0.02459845678,2072.975402,0,0,1,0,558.6480966,558.6480966,0,539,751,64.08437657
764,0,558.6480966,558,0,-0.6480966043,0,-0.0003155593551,-0.6480966043,-0.0003155593551,0.1296193209,0.1296193209,0,0,1,0,558.6480966,558.6480966,0,539,752,64.13211226
765,0,558,1296,-0.6480966043,737.3519034,-0.0003155593551,0.3590179142,738,0.3593334736,0,12,0,0,1,0,558.6480966,558.6480966,0,539,753,64.18494153
766,0,558.6480966,559,0,0.3519033957,0,0.0001713423707,0.3519033957,0.0001713423707,0.07038067914,0.07038067914,0,0,1,0,558.6480966,558.6480966,0,539,754,64.22952414
767,0,558.6480966,1223,0,664.3519034,0,0.3234740883,664.3519034,0.3234740883,0.07038067914,11.92961932,0,0,1,0,558.6480966,558.6480966,0,539,755,64.27482438
768,0,558.6480966,553,0,-5.648096604,0,-0.002750067984,-5.648096604,-0.002750067984,0.08429994932,0.08429994932,0,0,1,0,558.6480966,558.6480966,0,539,756,64.32849979
769,0,553,1894,-5.648096604,1335.351903,-0.002750067984,0.6501851462,1341,0.6529352142,0,21,0,0,1,0,558.6480966,558.6480966,0,539,757,64.37639356
770,0,558.6480966,554,0,-4.648096604,0,-0.002263166258,-4.648096604,-0.002263166258,0.06937457618,0.06937457618,0,0,1,0,558.6480966,558.6480966,0,539,758,64.4213953
771,0,554,1558,-4.648096604,999.3519034,-0.002263166258,0.4865861664,1004,0.4888493326,0,16,0,0,1,0,558.6480966,558.6480966,0,539,759,64.46956277
772,0,558.6480966,102453,0,101894.3519,0,49.61253578,101894.3519,49.61253578,0.08429994932,2008.0843,0,0,1,0,558.6480966,558.6480966,0,539,760,64.51468492
773,0,558.6480966,559,0,0.3519033957,0,0.0001713423707,0.3519033957,0.0001713423707,0.07038067914,0.07038067914,0,0,1,0,558.6480966,558.6480966,0,539,761,64.56770349
774,0,558.6480966,1357,0,798.3519034,0,0.3887189195,798.3519034,0.3887189195,0.07038067914,13.92961932,0,0,1,0,558.6480966,558.6480966,0,539,762,64.61259079
775,0,558.6480966,553,0,-5.648096604,0,-0.002750067984,-5.648096604,-0.002750067984,0.08429994932,0.08429994932,0,0,1,0,558.6480966,558.6480966,0,539,763,64.66464472
776,0,553,1559,-5.648096604,1000.351903,-0.002750067984,0.4870730681,1006,0.4898231361,0,16,0,0,1,0,558.6480966,558.6480966,0,539,764,64.71216369
777,0,558.6480966,554,0,-4.648096604,0,-0.002263166258,-4.648096604,-0.002263166258,0.06937457618,0.06937457618,0,0,1,0,558.6480966,558.6480966,0,539,765,64.75745702
778,0,554,1424,-4.648096604,865.3519034,-0.002263166258,0.4213413351,870,0.4236045014,0,14,0,0,1,0,558.6480966,558.6480966,0,539,766,64.8053627
779,0,558.6480966,102244,0,101685.3519,0,49.51077332,101685.3519,49.51077332,0.08429994932,2031.9157,0,0,1,0,558.6480966,558.6480966,0,539,767,64.85077524
780,0,558.6480966,558,0,-0.6480966043,0,-0.0003155593551,-0.6480966043,-0.0003155593551,0.1296193209,0.1296193209,0,0,1,0,558.6480966,558.6480966,0,539,768,64.89855456
781,0,558,2167,-0.6480966043,1608.351903,-0.0003155593551,0.7831093173,1609,0.7834248767,0,25,0,0,1,0,558.6480966,558.6480966,0,539,769,64.95192003
782,0,558.6480966,559,0,0.3519033957,0,0.0001713423707,0.3519033957,0.0001713423707,0.07038067914,0.07038067914,0,0,1,0,558.6480966,558.6480966,0,539,770,64.99685144
783,0,558.6480966,2094,0,1535.351903,0,0.7475654914,1535.351903,0.7475654914,0.07038067914,24.92961932,0,0,1,0,558.6480966,558.6480966,0,539,771,65.04171944
784,0,558.6480966,553,0,-5.648096604,0,-0.002750067984,-5.648096604,-0.002750067984,0.08429994932,0.08429994932,0,0,1,0,558.6480966,558.6480966,0,539,772,65.09455013
785,0,553,1760,-5.648096604,1201.351903,-0.002750067984,0.584940315,1207,0.587690383,0,19,0,0,1,0,558.6480966,558.6480966,0,539,773,65.14262652
786,0,558.6480966,554,0,-4.648096604,0,-0.002263166258,-4.648096604,-0.002263166258,0.06937457618,0.06937457618,0,0,1,0,558.6480966,558.6480966,0,539,774,65.18643165
787,0,554,1290,-4.648096604,731.3519034,-0.002263166258,0.3560965039,736,0.3583596701,0,12,0,0,1,0,558.6480966,558.6480966,0,539,775,65.23403454
788,0,558.6480966,104302,0,103743.3519,0,50.51281708,103743.3519,50.51281708,0.08429994932,2074.9157,0,0,1,0,558.6480966,558.6480966,0,539,776,65.27888393
789,0,558.6480966,558,0,-0.6480966043,0,-0.0003155593551,-0.6480966043,-0.0003155593551,0.1296193209,0.1296193209,0,0,1,0,558.6480966,558.6480966,0,539,777,65.32624602
790,0,558,1296,-0.6480966043,737.3519034,-0.0003155593551,0.3590179142,738,0.3593334736,0,12,0,0,1,0,558.6480966,558.6480966,0,539,778,65.37800097
791,0,558.6480966,559,0,0.3519033957,0,0.0001713423707,0.3519033957,0.0001713423707,0.07038067914,0.07038067914,0,0,1,0,558.6480966,558.6480966,0,539,779,65.42124128
792,0,558.6480966,1491,0,932.3519034,0,0.4539637508,932.3519034,0.4539637508,0.07038067914,15.92961932,0,0,1,0,558.6480966,558.6480966,0,539,780,65.46512508
793,0,558.6480966,553,0,-5.648096604,0,-0.002750067984,-5.648096604,-0.002750067984,0.08429994932,0.08429994932,0,0,1,0,558.6480966,558.6480966,0,539,781,65.51646376
794,0,553,1961,-5.648096604,1402.351903,-0.002750067984,0.6828075618,1408,0.6855576298,0,22,0,0,1,0,558.6480966,558.6480966,0,539,782,65.56328559
795,0,558.6480966,554,0,-4.648096604,0,-0.002263166258,-4.648096604,-0.002263166258,0.06937457618,0.06937457618,0,0,1,0,558.6480966,558.6480966,0,539,783,65.60671258
796,0,554,2228,-4.648096604,1669.351903,-0.002263166258,0.8128103226,1674,0.8150734889,0,26,0,0,1,0,558.6480966,558.6480966,0,539,784,65.65351367
797,0,558.6480966,99350,0,98791.3519,0,48.10167973,98791.3519,48.10167973,0.08429994932,1966.0843,0,0,1,0,558.6480966,558.6480966,0,539,785,65.69809651
798,0,558.6480966,560,0,1.351903396,0,0.0006582440964,1.351903396,0.0006582440964,0.2703806791,0.2703806791,0,0,1,0,558.6480966,558.6480966,0,539,786,65.75025177
799,0,558.6480966,1695,0,1136.351903,0,0.5532917028,1136.351903,0.5532917028,0.2703806791,18.72961932,0,0,1,0,558.6480966,558.6480966,0,539,787,65.79409432
800,0,558.6480966,556,0,-2.648096604,0,-0.001289362807,-2.648096604,-0.001289362807,0.03952382991,0.03952382991,0,0,1,0,558.6480966,558.6480966,0,539,788,65.84541154
801,0,556,1292,-2.648096604,733.3519034,-0.001289362807,0.3570703073,736,0.3583596701,0,12,0,0,1,0,558.6480966,558.6480966,0,539,789,65.89270043
802,0,558.6480966,555,0,-3.648096604,0,-0.001776264532,-3.648096604,-0.001776264532,0.05444920305,0.05444920305,0,0,1,0,558.6480966,558.6480966,0,539,790,65.9371624
803,0,555,1360,-3.648096604,801.3519034,-0.001776264532,0.3901796247,805,0.3919558892,0,13,0,0,1,0,558.6480966,558.6480966,0,539,791,65.9844451
804,0,558.6480966,103669,0,103110.3519,0,50.20460828,103110.3519,50.20460828,0.03952382991,2045.039524,0,0,1,0,558.6480966,558.6480966,0,539,792,66.02835011
805,0,558.6480966,559,0,0.3519033957,0,0.0001713423707,0.3519033957,0.0001713423707,0.07038067914,0.07038067914,0,0,1,0,558.6480966,558.6480966,0,539,793,66.08045936
806,0,558.6480966,1893,0,1334.351903,0,0.6496982445,1334.351903,0.6496982445,0.07038067914,21.92961932,0,0,1,0,558.6480966,558.6480966,0,539,794,66.12441397
807,0,558.6480966,553,0,-5.648096604,0,-0.002750067984,-5.648096604,-0.002750067984,0.08429994932,0.08429994932,0,0,1,0,558.6480966,558.6480966,0,539,795,66.17590284
808,0,553,1425,-5.648096604,866.3519034,-0.002750067984,0.4218282369,872,0.4245783048,0,14,0,0,1,0,558.6480966,558.6480966,0,539,796,66.22286749
809,0,558.6480966,554,0,-4.648096604,0,-0.002263166258,-4.648096604,-0.002263166258,0.06937457618,0.06937457618,0,0,1,0,558.6480966,558.6480966,0,539,797,66.2673521
810,0,554,2496,-4.648096604,1937.351903,-0.002263166258,0.9432999851,1942,0.9455631514,0,30,0,0,1,0,558.6480966,558.6480966,0,539,798,66.31482792
811,0,558.6480966,102410,0,101851.3519,0,49.59159901,101851.3519,49.59159901,0.08429994932,2038.0843,0,0,1,0,558.6480966,558.6480966,0,539,799,66.35958648
812,0,558.6480966,557,0,-1.648096604,0,-0.0008024610808,-1.648096604,-0.0008024610808,0.3296193209,0.3296193209,0,0,1,0,558.6480966,558.6480966,0,539,800,66.41057301
813,0,557,1697,-1.648096604,1138.351903,-0.0008024610808,0.5542655063,1140,0.5550679673,0,18,0,0,1,0,558.6480966,558.6480966,0,539,801,66.46208167
814,0,558.6480966,558,0,-0.6480966043,0,-0.0003155593551,-0.6480966043,-0.0003155593551,0.009673083646,0.009673083646,0,0,1,0,558.6480966,558.6480966,0,539,802,66.50627971
815,0,558,2232,-0.6480966043,1673.351903,-0.0003155593551,0.8147579295,1674,0.8150734889,0,26,0,0,1,0,558.6480966,558.6480966,0,539,803,66.5533967
816,0,558.6480966,101618,0,101059.3519,0,49.20597284,101059.3519,49.20597284,0.02459845678,2018.024598,0,0,1,0,558.6480966,558.6480966,0,539,804,66.59764957
817,0,558.6480966,560,0,1.351903396,0,0.0006582440964,1.351903396,0.0006582440964,0.2703806791,0.2703806791,0,0,1,0,558.6480966,558.6480966,0,539,805,66.64907432
818,0,558.6480966,1427,0,868.3519034,0,0.4228020403,868.3519034,0.4228020403,0.2703806791,14.72961932,0,0,1,0,558.6480966,558.6480966,0,539,806,66.69326019
819,0,558.6480966,556,0,-2.648096604,0,-0.001289362807,-2.648096604,-0.001289362807,0.03952382991,0.03952382991,0,0,1,0,558.6480966,558.6480966,0,539,807,66.74577713
820,0,556,1828,-2.648096604,1269.351903,-0.001289362807,0.6180496323,1272,0.6193389951,0,20,0,0,1,0,558.6480966,558.6480966,0,539,808,66.79327679
821,0,558.6480966,555,0,-3.648096604,0,-0.001776264532,-3.648096604,-0.001776264532,0.05444920305,0.05444920305,0,0,1,0,558.6480966,558.6480966,0,539,809,66.83837962
822,0,555,2097,-3.648096604,1538.351903,-0.001776264532,0.7490261965,1542,0.7508024611,0,24,0,0,1,0,558.6480966,558.6480966,0,539,810,66.88645673
823,0,558.6480966,99180,0,98621.3519,0,48.01890644,98621.3519,48.01890644,0.03952382991,1992.960476,0,0,1,0,558.6480966,558.6480966,0,539,811,66.93224025
824,0,558.6480966,560,0,1.351903396,0,0.0006582440964,1.351903396,0.0006582440964,0.2703806791,0.2703806791,0,0,1,0,558.6480966,558.6480966,0,539,812,66.98083496
825,0,558.6480966,1827,0,1268.351903,0,0.6175627306,1268.351903,0.6175627306,0.2703806791,20.72961932,0,0,1,0,558.6480966,558.6480966,0,539,813,67.02600598
826,0,558.6480966,554,0,-4.648096604,0,-0.002263166258,-4.648096604,-0.002263166258,0.06937457618,0.06937457618,0,0,1,0,558.6480966,558.6480966,0,539,814,67.07891965
827,0,554,2163,-4.648096604,1604.351903,-0.002263166258,0.7811617104,1609,0.7834248767,0,25,0,0,1,0,558.6480966,558.6480966,0,539,815,67.12685776
828,0,558.6480966,555,0,-3.648096604,0,-0.001776264532,-3.648096604,-0.001776264532,0.05444920305,0.05444920305,0,0,1,0,558.6480966,558.6480966,0,539,816,67.17209125
829,0,555,2497,-3.648096604,1938.351903,-0.001776264532,0.9437868868,1942,0.9455631514,0,30,0,0,1,0,558.6480966,558.6480966,0,539,817,67.22000527
830,0,558.6480966,99056,0,98497.3519,0,47.95853062,98497.3519,47.95853062,0.06937457618,1980.069375,0,0,1,0,558.6480966,558.6480966,0,539,818,67.26491904
831,0,558.6480966,558,0,-0.6480966043,0,-0.0003155593551,-0.6480966043,-0.0003155593551,0.1296193209,0.1296193209,0,0,1,0,558.6480966,558.6480966,0,539,819,67.31757998
832,0,558,2033,-0.6480966043,1474.351903,-0.0003155593551,0.7178644861,1475,0.7181800455,0,23,0,0,1,0,558.6480966,558.6480966,0,539,820,67.36873603
833,0,558.6480966,559,0,0.3519033957,0,0.0001713423707,0.3519033957,0.0001713423707,0.07038067914,0.07038067914,0,0,1,0,558.6480966,558.6480966,0,539,821,67.41403794
834,0,558.6480966,1826,0,1267.351903,0,0.6170758289,1267.351903,0.6170758289,0.07038067914,20.92961932,0,0,1,0,558.6480966,558.6480966,0,539,822,67.45772624
835,0,558.6480966,553,0,-5.648096604,0,-0.002750067984,-5.648096604,-0.002750067984,0.08429994932,0.08429994932,0,0,1,0,558.6480966,558.6480966,0,539,823,67.51038313
836,0,553,1291,-5.648096604,732.3519034,-0.002750067984,0.3565834056,738,0.3593334736,0,12,0,0,1,0,558.6480966,558.6480966,0,539,824,67.55726385
837,0,558.6480966,554,0,-4.648096604,0,-0.002263166258,-4.648096604,-0.002263166258,0.06937457618,0.06937457618,0,0,1,0,558.6480966,558.6480966,0,539,825,67.60151458
838,0,554,1290,-4.648096604,731.3519034,-0.002263166258,0.3560965039,736,0.3583596701,0,12,0,0,1,0,558.6480966,558.6480966,0,539,826,67.64883471
839,0,558.6480966,97380,0,96821.3519,0,47.14248333,96821.3519,47.14248333,0.08429994932,1949.9157,0,0,1,0,558.6480966,558.6480966,0,539,827,67.69319534
840,0,558.6480966,560,0,1.351903396,0,0.0006582440964,1.351903396,0.0006582440964,0.2703806791,0.2703806791,0,0,1,0,558.6480966,558.6480966,0,539,828,67.7416029
841,0,558.6480966,1226,0,667.3519034,0,0.3249347934,667.3519034,0.3249347934,0.2703806791,11.72961932,0,0,1,0,558.6480966,558.6480966,0,539,829,67.7865665
842,0,558.6480966,556,0,-2.648096604,0,-0.001289362807,-2.648096604,-0.001289362807,0.03952382991,0.03952382991,0,0,1,0,558.6480966,558.6480966,0,539,830,67.8394618
843,0,556,1158,-2.648096604,599.3519034,-0.001289362807,0.2918254761,602,0.2931148389,0,10,0,0,1,0,558.6480966,558.6480966,0,539,831,67.88645887
844,0,558.6480966,555,0,-3.648096604,0,-0.001776264532,-3.648096604,-0.001776264532,0.05444920305,0.05444920305,0,0,1,0,558.6480966,558.6480966,0,539,832,67.93107486
845,0,555,1963,-3.648096604,1404.351903,-0.001776264532,0.6837813653,1408,0.6855576298,0,22,0,0,1,0,558.6480966,558.6480966,0,539,833,67.97874832
846,0,558.6480966,100288,0,99729.3519,0,48.55839355,99729.3519,48.55839355,0.03952382991,2048.960476,0,0,1,0,558.6480966,558.6480966,0,539,834,68.02404928
847,0,558.6480966,560,0,1.351903396,0,0.0006582440964,1.351903396,0.0006582440964,0.2703806791,0.2703806791,0,0,1,0,558.6480966,558.6480966,0,539,835,68.07301545
848,0,558.6480966,2430,0,1871.351903,0,0.9111644712,1871.351903,0.9111644712,0.2703806791,29.72961932,0,0,1,0,558.6480966,558.6480966,0,539,836,68.11808062
849,0,558.6480966,554,0,-4.648096604,0,-0.002263166258,-4.648096604,-0.002263166258,0.06937457618,0.06937457618,0,0,1,0,558.6480966,558.6480966,0,539,837,68.17069697
850,0,554,1627,-4.648096604,1068.351903,-0.002263166258,0.5201823855,1073,0.5224455517,0,17,0,0,1,0,558.6480966,558.6480966,0,539,838,68.21855164
851,0,558.6480966,555,0,-3.648096604,0,-0.001776264532,-3.648096604,-0.001776264532,0.05444920305,0.05444920305,0,0,1,0,558.6480966,558.6480966,0,539,839,68.26411748
852,0,555,2028,-3.648096604,1469.351903,-0.001776264532,0.7154299775,1473,0.717206242,0,23,0,0,1,0,558.6480966,558.6480966,0,539,840,68.31165862
853,0,558.6480966,100199,0,99640.3519,0,48.51505929,99640.3519,48.51505929,0.06937457618,1971.069375,0,0,1,0,558.6480966,558.6480966,0,539,841,68.35688734
854,0,558.6480966,559,0,0.3519033957,0,0.0001713423707,0.3519033957,0.0001713423707,0.07038067914,0.07038067914,0,0,1,0,558.6480966,558.6480966,0,539,842,68.41003156
855,0,558.6480966,1625,0,1066.351903,0,0.519208582,1066.351903,0.519208582,0.07038067914,17.92961932,0,0,1,0,558.6480966,558.6480966,0,539,843,68.45526338
856,0,558.6480966,553,0,-5.648096604,0,-0.002750067984,-5.648096604,-0.002750067984,0.08429994932,0.08429994932,0,0,1,0,558.6480966,558.6480966,0,539,844,68.5082922
857,0,553,1291,-5.648096604,732.3519034,-0.002750067984,0.3565834056,738,0.3593334736,0,12,0,0,1,0,558.6480966,558.6480966,0,539,845,68.55604553
858,0,558.6480966,554,0,-4.648096604,0,-0.002263166258,-4.648096604,-0.002263166258,0.06937457618,0.06937457618,0,0,1,0,558.6480966,558.6480966,0,539,846,68.6011312
859,0,554,2094,-4.648096604,1535.351903,-0.002263166258,0.7475654914,1540,0.7498286576,0,24,0,0,1,0,558.6480966,558.6480966,0,539,847,68.64969945
860,0,558.6480966,102991,0,102432.3519,0,49.87448891,102432.3519,49.87448891,0.08429994932,2018.0843,0,0,1,0,558.6480966,558.6480966,0,539,848,68.69472408
861,0,558.6480966,557,0,-1.648096604,0,-0.0008024610808,-1.648096604,-0.0008024610808,0.3296193209,0.3296193209,0,0,1,0,558.6480966,558.6480966,0,539,849,68.74790382
862,0,557,2499,-1.648096604,1940.351903,-0.0008024610808,0.9447606903,1942,0.9455631514,0,30,0,0,1,0,558.6480966,558.6480966,0,539,850,68.79983068
863,0,558.6480966,556,0,-2.648096604,0,-0.001289362807,-2.648096604,-0.001289362807,0.03952382991,0.03952382991,0,0,1,0,558.6480966,558.6480966,0,539,851,68.84456372
864,0,556,2098,-2.648096604,1539.351903,-0.001289362807,0.7495130983,1542,0.7508024611,0,24,0,0,1,0,558.6480966,558.6480966,0,539,852,68.89191628
865,0,558.6480966,99651,0,99092.3519,0,48.24823715,99092.3519,48.24823715,0.02459845678,1958.024598,0,0,1,0,558.6480966,558.6480966,0,539,853,68.93584323
866,0,558.6480966,557,0,-1.648096604,0,-0.0008024610808,-1.648096604,-0.0008024610808,0.3296193209,0.3296193209,0,0,1,0,558.6480966,558.6480966,0,539,854,68.98717737
867,0,557,1762,-1.648096604,1203.351903,-0.0008024610808,0.5859141184,1205,0.5867165795,0,19,0,0,1,0,558.6480966,558.6480966,0,539,855,69.03901792
868,0,558.6480966,556,0,-2.648096604,0,-0.001289362807,-2.648096604,-0.001289362807,0.03952382991,0.03952382991,0,0,1,0,558.6480966,558.6480966,0,539,856,69.08377981
869,0,556,2232,-2.648096604,1673.351903,-0.001289362807,0.8147579295,1676,0.8160472923,0,26,0,0,1,0,558.6480966,558.6480966,0,539,857,69.13068819
870,0,558.6480966,97449,0,96890.3519,0,47.17607955,96890.3519,47.17607955,0.02459845678,1964.024598,0,0,1,0,558.6480966,558.6480966,0,539,858,69.17557478
871,0,558.6480966,561,0,2.351903396,0,0.001145145822,2.351903396,0.001145145822,0.4703806791,0.4703806791,0,0,1,0,558.6480966,558.6480966,0,539,859,69.22692752
872,0,558.6480966,1561,0,1002.351903,0,0.4880468716,1002.351903,0.4880468716,0.4703806791,15.52961932,0,0,1,0,558.6480966,558.6480966,0,539,860,69.27104473
873,0,558.6480966,556,0,-2.648096604,0,-0.001289362807,-2.648096604,-0.001289362807,0.03952382991,0.03952382991,0,0,1,0,558.6480966,558.6480966,0,539,861,69.32298779
874,0,556,2364,-2.648096604,1805.351903,-0.001289362807,0.8790289573,1808,0.8803183201,0,28,0,0,1,0,558.6480966,558.6480966,0,539,862,69.36945152
875,0,558.6480966,555,0,-3.648096604,0,-0.001776264532,-3.648096604,-0.001776264532,0.05444920305,0.05444920305,0,0,1,0,558.6480966,558.6480966,0,539,863,69.4136107
876,0,555,2365,-3.648096604,1806.351903,-0.001776264532,0.879515859,1810,0.8812921236,0,28,0,0,1,0,558.6480966,558.6480966,0,539,864,69.46107101
877,0,558.6480966,96114,0,95555.3519,0,46.52606574,95555.3519,46.52606574,0.03952382991,1979.960476,0,0,1,0,558.6480966,558.6480966,0,539,865,69.50717521
878,0,558.6480966,559,0,0.3519033957,0,0.0001713423707,0.3519033957,0.0001713423707,0.07038067914,0.07038067914,0,0,1,0,558.6480966,558.6480966,0,539,866,69.55632043
879,0,558.6480966,1893,0,1334.351903,0,0.6496982445,1334.351903,0.6496982445,0.07038067914,21.92961932,0,0,1,0,558.6480966,558.6480966,0,539,867,69.60125136
880,0,558.6480966,553,0,-5.648096604,0,-0.002750067984,-5.648096604,-0.002750067984,0.08429994932,0.08429994932,0,0,1,0,558.6480966,558.6480966,0,539,868,69.65363026
881,0,553,2363,-5.648096604,1804.351903,-0.002750067984,0.8785420556,1810,0.8812921236,0,28,0,0,1,0,558.6480966,558.6480966,0,539,869,69.70141292
882,0,558.6480966,554,0,-4.648096604,0,-0.002263166258,-4.648096604,-0.002263166258,0.06937457618,0.06937457618,0,0,1,0,558.6480966,558.6480966,0,539,870,69.74665809
883,0,554,1156,-4.648096604,597.3519034,-0.002263166258,0.2908516726,602,0.2931148389,0,10,0,0,1,0,558.6480966,558.6480966,0,539,871,69.7946527
884,0,558.6480966,98541,0,97982.3519,0,47.70777623,97982.3519,47.70777623,0.08429994932,1951.0843,0,0,1,0,558.6480966,558.6480966,0,539,872,69.83948541
885,0,558.6480966,560,0,1.351903396,0,0.0006582440964,1.351903396,0.0006582440964,0.2703806791,0.2703806791,0,0,1,0,558.6480966,558.6480966,0,539,873,69.89146137
886,0,558.6480966,2298,0,1739.351903,0,0.8468934434,1739.351903,0.8468934434,0.2703806791,27.72961932,0,0,1,0,558.6480966,558.6480966,0,539,874,69.93650699
887,0,558.6480966,556,0,-2.648096604,0,-0.001289362807,-2.648096604,-0.001289362807,0.03952382991,0.03952382991,0,0,1,0,558.6480966,558.6480966,0,539,875,69.98970437
888,0,556,1694,-2.648096604,1135.351903,-0.001289362807,0.5528048011,1138,0.5540941639,0,18,0,0,1,0,558.6480966,558.6480966,0,539,876,70.03717494
889,0,558.6480966,555,0,-3.648096604,0,-0.001776264532,-3.648096604,-0.001776264532,0.05444920305,0.05444920305,0,0,1,0,558.6480966,558.6480966,0,539,877,70.08166122
890,0,555,1628,-3.648096604,1069.351903,-0.001776264532,0.5206692872,1073,0.5224455517,0,17,0,0,1,0,558.6480966,558.6480966,0,539,878,70.1291461
891,0,558.6480966,104004,0,103445.3519,0,50.36772036,103445.3519,50.36772036,0.03952382991,2027.039524,0,0,1,0,558.6480966,558.6480966,0,539,879,70.17378902
892,0,558.6480966,559,0,0.3519033957,0,0.0001713423707,0.3519033957,0.0001713423707,0.07038067914,0.07038067914,0,0,1,0,558.6480966,558.6480966,0,539,880,70.22557688
893,0,558.6480966,2161,0,1602.351903,0,0.780187907,1602.351903,0.780187907,0.07038067914,25.92961932,0,0,1,0,558.6480966,558.6480966,0,539,881,70.26951766
894,0,558.6480966,553,0,-5.648096604,0,-0.002750067984,-5.648096604,-0.002750067984,0.08429994932,0.08429994932,0,0,1,0,558.6480966,558.6480966,0,539,882,70.32176924
895,0,553,2095,-5.648096604,1536.351903,-0.002750067984,0.7480523931,1542,0.7508024611,0,24,0,0,1,0,558.6480966,558.6480966,0,539,883,70.36906719
896,0,558.6480966,554,0,-4.648096604,0,-0.002263166258,-4.648096604,-0.002263166258,0.06937457618,0.06937457618,0,0,1,0,558.6480966,558.6480966,0,539,884,70.41239548
897,0,554,1692,-4.648096604,1133.351903,-0.002263166258,0.5518309976,1138,0.5540941639,0,18,0,0,1,0,558.6480966,558.6480966,0,539,885,70.45883632
898,0,558.6480966,97781,0,97222.3519,0,47.33773092,97222.3519,47.33773092,0.08429994932,1907.0843,0,0,1,0,558.6480966,558.6480966,0,539,886,70.50371051
899,0,558.6480966,559,0,0.3519033957,0,0.0001713423707,0.3519033957,0.0001713423707,0.07038067914,0.07038067914,0,0,1,0,558.6480966,558.6480966,0,539,887,70.55572963
900,0,558.6480966,1627,0,1068.351903,0,0.5201823855,1068.351903,0.5201823855,0.07038067914,17.92961932,0,0,1,0,558.6480966,558.6480966,0,539,888,70.59966707
901,0,558.6480966,555,0,-3.648096604,0,-0.001776264532,-3.648096604,-0.001776264532,0.05444920305,0.05444920305,0,0,1,0,558.6480966,558.6480966,0,539,889,70.65041947
902,0,555,1224,-3.648096604,665.3519034,-0.001776264532,0.32396099,669,0.3257372545,0,11,0,0,1,0,558.6480966,558.6480966,0,539,890,70.69718409
903,0,558.6480966,554,0,-4.648096604,0,-0.002263166258,-4.648096604,-0.002263166258,0.06937457618,0.06937457618,0,0,1,0,558.6480966,558.6480966,0,539,891,70.7409811
904,0,554,2364,-4.648096604,1805.351903,-0.002263166258,0.8790289573,1810,0.8812921236,0,28,0,0,1,0,558.6480966,558.6480966,0,539,892,70.78762269
905,0,558.6480966,95606,0,95047.3519,0,46.27871967,95047.3519,46.27871967,0.05444920305,1950.054449,0,0,1,0,558.6480966,558.6480966,0,539,893,70.83211637
906,0,558.6480966,561,0,2.351903396,0,0.001145145822,2.351903396,0.001145145822,0.4703806791,0.4703806791,0,0,1,0,558.6480966,558.6480966,0,539,894,70.88306308
907,0,558.6480966,1292,0,733.3519034,0,0.3570703073,733.3519034,0.3570703073,0.4703806791,12.52961932,0,0,1,0,558.6480966,558.6480966,0,539,895,70.92688322
908,0,558.6480966,555,0,-3.648096604,0,-0.001776264532,-3.648096604,-0.001776264532,0.05444920305,0.05444920305,0,0,1,0,558.6480966,558.6480966,0,539,896,70.97853684
909,0,555,2097,-3.648096604,1538.351903,-0.001776264532,0.7490261965,1542,0.7508024611,0,24,0,0,1,0,558.6480966,558.6480966,0,539,897,71.02589893
910,0,558.6480966,556,0,-2.648096604,0,-0.001289362807,-2.648096604,-0.001289362807,0.03952382991,0.03952382991,0,0,1,0,558.6480966,558.6480966,0,539,898,71.07072282
911,0,556,1828,-2.648096604,1269.351903,-0.001289362807,0.6180496323,1272,0.6193389951,0,20,0,0,1,0,558.6480966,558.6480966,0,539,899,71.11694384
912,0,558.6480966,103931,0,103372.3519,0,50.33217653,103372.3519,50.33217653,0.05444920305,2068.945551,0,0,1,0,558.6480966,558.6480966,0,539,900,71.1607132
913,0,558.6480966,560,0,1.351903396,0,0.0006582440964,1.351903396,0.0006582440964,0.2703806791,0.2703806791,0,0,1,0,558.6480966,558.6480966,0,539,901,71.20843124
914,0,558.6480966,1159,0,600.3519034,0,0.2923123778,600.3519034,0.2923123778,0.2703806791,10.72961932,0,0,1,0,558.6480966,558.6480966,0,539,902,71.2525239
915,0,558.6480966,556,0,-2.648096604,0,-0.001289362807,-2.648096604,-0.001289362807,0.03952382991,0.03952382991,0,0,1,0,558.6480966,558.6480966,0,539,903,71.30368495
916,0,556,1158,-2.648096604,599.3519034,-0.001289362807,0.2918254761,602,0.2931148389,0,10,0,0,1,0,558.6480966,558.6480966,0,539,904,71.34992409
917,0,558.6480966,555,0,-3.648096604,0,-0.001776264532,-3.648096604,-0.001776264532,0.05444920305,0.05444920305,0,0,1,0,558.6480966,558.6480966,0,539,905,71.39392376
918,0,555,1159,-3.648096604,600.3519034,-0.001776264532,0.2923123778,604,0.2940886423,0,10,0,0,1,0,558.6480966,558.6480966,0,539,906,71.4408524
919,0,558.6480966,101187,0,100628.3519,0,48.9961182,100628.3519,48.9961182,0.03952382991,2018.039524,0,0,1,0,558.6480966,558.6480966,0,539,907,71.48493505
920,0,558.6480966,559,0,0.3519033957,0,0.0001713423707,0.3519033957,0.0001713423707,0.07038067914,0.07038067914,0,0,1,0,558.6480966,558.6480966,0,539,908,71.53675818
921,0,558.6480966,2027,0,1468.351903,0,0.7149430757,1468.351903,0.7149430757,0.07038067914,23.92961932,0,0,1,0,558.6480966,558.6480966,0,539,909,71.58220887
922,0,558.6480966,553,0,-5.648096604,0,-0.002750067984,-5.648096604,-0.002750067984,0.08429994932,0.08429994932,0,0,1,0,558.6480966,558.6480966,0,539,910,71.63489985
923,0,553,2497,-5.648096604,1938.351903,-0.002750067984,0.9437868868,1944,0.9465369548,0,30,0,0,1,0,558.6480966,558.6480966,0,539,911,71.68232512
924,0,558.6480966,554,0,-4.648096604,0,-0.002263166258,-4.648096604,-0.002263166258,0.06937457618,0.06937457618,0,0,1,0,558.6480966,558.6480966,0,539,912,71.72719574
925,0,554,1491,-4.648096604,932.3519034,-0.002263166258,0.4539637508,937,0.456226917,0,15,0,0,1,0,558.6480966,558.6480966,0,539,913,71.77491188
926,0,558.6480966,99730,0,99171.3519,0,48.28670239,99171.3519,48.28670239,0.08429994932,1973.0843,0,0,1,0,558.6480966,558.6480966,0,539,914,71.82046199
927,0,558.6480966,559,0,0.3519033957,0,0.0001713423707,0.3519033957,0.0001713423707,0.07038067914,0.07038067914,0,0,1,0,558.6480966,558.6480966,0,539,915,71.87228894
928,0,558.6480966,1694,0,1135.351903,0,0.5528048011,1135.351903,0.5528048011,0.07038067914,18.92961932,0,0,1,0,558.6480966,558.6480966,0,539,916,71.91713476
929,0,558.6480966,555,0,-3.648096604,0,-0.001776264532,-3.648096604,-0.001776264532,0.05444920305,0.05444920305,0,0,1,0,558.6480966,558.6480966,0,539,917,71.96952844
930,0,555,1760,-3.648096604,1201.351903,-0.001776264532,0.584940315,1205,0.5867165795,0,19,0,0,1,0,558.6480966,558.6480966,0,539,918,72.01591325
931,0,558.6480966,554,0,-4.648096604,0,-0.002263166258,-4.648096604,-0.002263166258,0.06937457618,0.06937457618,0,0,1,0,558.6480966,558.6480966,0,539,919,72.06113434
932,0,554,1493,-4.648096604,934.3519034,-0.002263166258,0.4549375542,939,0.4572007205,0,15,0,0,1,0,558.6480966,558.6480966,0,539,920,72.1080215
933,0,558.6480966,100372,0,99813.3519,0,48.59929329,99813.3519,48.59929329,0.05444920305,1998.945551,0,0,1,0,558.6480966,558.6480966,0,539,921,72.15255141
934,0,558.6480966,559,0,0.3519033957,0,0.0001713423707,0.3519033957,0.0001713423707,0.07038067914,0.07038067914,0,0,1,0,558.6480966,558.6480966,0,539,922,72.20052147
935,0,558.6480966,1424,0,865.3519034,0,0.4213413351,865.3519034,0.4213413351,0.07038067914,14.92961932,0,0,1,0,558.6480966,558.6480966,0,539,923,72.2443974
936,0,558.6480966,553,0,-5.648096604,0,-0.002750067984,-5.648096604,-0.002750067984,0.08429994932,0.08429994932,0,0,1,0,558.6480966,558.6480966,0,539,924,72.2978487
937,0,553,1291,-5.648096604,732.3519034,-0.002750067984,0.3565834056,738,0.3593334736,0,12,0,0,1,0,558.6480966,558.6480966,0,539,925,72.34499383
938,0,558.6480966,554,0,-4.648096604,0,-0.002263166258,-4.648096604,-0.002263166258,0.06937457618,0.06937457618,0,0,1,0,558.6480966,558.6480966,0,539,926,72.38860059
939,0,554,1826,-4.648096604,1267.351903,-0.002263166258,0.6170758289,1272,0.6193389951,0,20,0,0,1,0,558.6480966,558.6480966,0,539,927,72.43614697
940,0,558.6480966,99198,0,98639.3519,0,48.02767067,98639.3519,48.02767067,0.08429994932,1979.9157,0,0,1,0,558.6480966,558.6480966,0,539,928,72.48014975
941,0,558.6480966,560,0,1.351903396,0,0.0006582440964,1.351903396,0.0006582440964,0.2703806791,0.2703806791,0,0,1,0,558.6480966,558.6480966,0,539,929,72.52895284
942,0,558.6480966,2162,0,1603.351903,0,0.7806748087,1603.351903,0.7806748087,0.2703806791,25.72961932,0,0,1,0,558.6480966,558.6480966,0,539,930,72.57325745
943,0,558.6480966,554,0,-4.648096604,0,-0.002263166258,-4.648096604,-0.002263166258,0.06937457618,0.06937457618,0,0,1,0,558.6480966,558.6480966,0,539,931,72.62593293
944,0,554,1828,-4.648096604,1269.351903,-0.002263166258,0.6180496323,1274,0.6203127986,0,20,0,0,1,0,558.6480966,558.6480966,0,539,932,72.67361259
945,0,558.6480966,555,0,-3.648096604,0,-0.001776264532,-3.648096604,-0.001776264532,0.05444920305,0.05444920305,0,0,1,0,558.6480966,558.6480966,0,539,933,72.71862793
946,0,555,1961,-3.648096604,1402.351903,-0.001776264532,0.6828075618,1406,0.6845838264,0,22,0,0,1,0,558.6480966,558.6480966,0,539,934,72.76658726
947,0,558.6480966,97734,0,97175.3519,0,47.31484654,97175.3519,47.31484654,0.06937457618,1942.069375,0,0,1,0,558.6480966,558.6480966,0,539,935,72.81191754
948,0,558.6480966,558,0,-0.6480966043,0,-0.0003155593551,-0.6480966043,-0.0003155593551,0.1296193209,0.1296193209,0,0,1,0,558.6480966,558.6480966,0,539,936,72.86407185
949,0,558,1765,-0.6480966043,1206.351903,-0.0003155593551,0.5873748236,1207,0.587690383,0,19,0,0,1,0,558.6480966,558.6480966,0,539,937,72.91614652
950,0,558.6480966,559,0,0.3519033957,0,0.0001713423707,0.3519033957,0.0001713423707,0.07038067914,0.07038067914,0,0,1,0,558.6480966,558.6480966,0,539,938,72.96105886
951,0,558.6480966,1893,0,1334.351903,0,0.6496982445,1334.351903,0.6496982445,0.07038067914,21.92961932,0,0,1,0,558.6480966,558.6480966,0,539,939,73.00616431
952,0,558.6480966,553,0,-5.648096604,0,-0.002750067984,-5.648096604,-0.002750067984,0.08429994932,0.08429994932,0,0,1,0,558.6480966,558.6480966,0,539,940,73.05823898
953,0,553,1961,-5.648096604,1402.351903,-0.002750067984,0.6828075618,1408,0.6855576298,0,22,0,0,1,0,558.6480966,558.6480966,0,539,941,73.10699582
954,0,558.6480966,554,0,-4.648096604,0,-0.002263166258,-4.648096604,-0.002263166258,0.06937457618,0.06937457618,0,0,1,0,558.6480966,558.6480966,0,539,942,73.15206742
955,0,554,1625,-4.648096604,1066.351903,-0.002263166258,0.519208582,1071,0.5214717483,0,17,0,0,1,0,558.6480966,558.6480966,0,539,943,73.20023847
956,0,558.6480966,98375,0,97816.3519,0,47.62695055,97816.3519,47.62695055,0.08429994932,1963.0843,0,0,1,0,558.6480966,558.6480966,0,539,944,73.2454133
957,0,558.6480966,561,0,2.351903396,0,0.001145145822,2.351903396,0.001145145822,0.4703806791,0.4703806791,0,0,1,0,558.6480966,558.6480966,0,539,945,73.29745579
958,0,558.6480966,1093,0,534.3519034,0,0.2601768639,534.3519034,0.2601768639,0.4703806791,9.529619321,0,0,1,0,558.6480966,558.6480966,0,539,946,73.34246683
959,0,558.6480966,557,0,-1.648096604,0,-0.0008024610808,-1.648096604,-0.0008024610808,0.02459845678,0.02459845678,0,0,1,0,558.6480966,558.6480966,0,539,947,73.39524746
960,0,557,1963,-1.648096604,1404.351903,-0.0008024610808,0.6837813653,1406,0.6845838264,0,22,0,0,1,0,558.6480966,558.6480966,0,539,948,73.44307351
961,0,558.6480966,556,0,-2.648096604,0,-0.001289362807,-2.648096604,-0.001289362807,0.03952382991,0.03952382991,0,0,1,0,558.6480966,558.6480966,0,539,949,73.4882462
962,0,556,1428,-2.648096604,869.3519034,-0.001289362807,0.423288942,872,0.4245783048,0,14,0,0,1,0,558.6480966,558.6480966,0,539,950,73.53666186
963,0,558.6480966,99490,0,98931.3519,0,48.16984597,98931.3519,48.16984597,0.02459845678,1965.024598,0,0,1,0,558.6480966,558.6480966,0,539,951,73.58169794
964,0,558.6480966,561,0,2.351903396,0,0.001145145822,2.351903396,0.001145145822,0.4703806791,0.4703806791,0,0,1,0,558.6480966,558.6480966,0,539,952,73.63376355
965,0,558.6480966,1093,0,534.3519034,0,0.2601768639,534.3519034,0.2601768639,0.4703806791,9.529619321,0,0,1,0,558.6480966,558.6480966,0,539,953,73.67894173
966,0,558.6480966,557,0,-1.648096604,0,-0.0008024610808,-1.648096604,-0.0008024610808,0.02459845678,0.02459845678,0,0,1,0,558.6480966,558.6480966,0,539,954,73.73024845
967,0,557,1762,-1.648096604,1203.351903,-0.0008024610808,0.5859141184,1205,0.5867165795,0,19,0,0,1,0,558.6480966,558.6480966,0,539,955,73.77768087
968,0,558.6480966,556,0,-2.648096604,0,-0.001289362807,-2.648096604,-0.001289362807,0.03952382991,0.03952382991,0,0,1,0,558.6480966,558.6480966,0,539,956,73.82258224
969,0,556,2031,-2.648096604,1472.351903,-0.001289362807,0.7168906827,1475,0.7181800455,0,23,0,0,1,0,558.6480966,558.6480966,0,539,957,73.86936426
970,0,558.6480966,100327,0,99768.3519,0,48.57738272,99768.3519,48.57738272,0.02459845678,1985.024598,0,0,1,0,558.6480966,558.6480966,0,539,958,73.91437173
971,0,558.6480966,557,0,-1.648096604,0,-0.0008024610808,-1.648096604,-0.0008024610808,0.3296193209,0.3296193209,0,0,1,0,558.6480966,558.6480966,0,539,959,73.96699739
972,0,557,1561,-1.648096604,1002.351903,-0.0008024610808,0.4880468716,1004,0.4888493326,0,16,0,0,1,0,558.6480966,558.6480966,0,539,960,74.01896453
973,0,558.6480966,556,0,-2.648096604,0,-0.001289362807,-2.648096604,-0.001289362807,0.03952382991,0.03952382991,0,0,1,0,558.6480966,558.6480966,0,539,961,74.06297851
974,0,556,1160,-2.648096604,601.3519034,-0.001289362807,0.2927992795,604,0.2940886423,0,10,0,0,1,0,558.6480966,558.6480966,0,539,962,74.10967016
975,0,558.6480966,102210,0,101651.3519,0,49.49421866,101651.3519,49.49421866,0.02459845678,2027.024598,0,0,1,0,558.6480966,558.6480966,0,539,963,74.15496349
976,0,558.6480966,557,0,-1.648096604,0,-0.0008024610808,-1.648096604,-0.0008024610808,0.3296193209,0.3296193209,0,0,1,0,558.6480966,558.6480966,0,539,964,74.20722222
977,0,557,1494,-1.648096604,935.3519034,-0.0008024610808,0.4554244559,937,0.456226917,0,15,0,0,1,0,558.6480966,558.6480966,0,539,965,74.2590723
978,0,558.6480966,556,0,-2.648096604,0,-0.001289362807,-2.648096604,-0.001289362807,0.03952382991,0.03952382991,0,0,1,0,558.6480966,558.6480966,0,539,966,74.30286074
979,0,556,2165,-2.648096604,1606.351903,-0.001289362807,0.7821355139,1609,0.7834248767,0,25,0,0,1,0,558.6480966,558.6480966,0,539,967,74.34966731
980,0,558.6480966,99817,0,99258.3519,0,48.32906284,99258.3519,48.32906284,0.02459845678,2001.024598,0,0,1,0,558.6480966,558.6480966,0,539,968,74.39509797
981,0,558.6480966,561,0,2.351903396,0,0.001145145822,2.351903396,0.001145145822,0.4703806791,0.4703806791,0,0,1,0,558.6480966,558.6480966,0,539,969,74.44786763
982,0,558.6480966,1962,0,1403.351903,0,0.6832944636,1403.351903,0.6832944636,0.4703806791,22.52961932,0,0,1,0,558.6480966,558.6480966,0,539,970,74.49317503
983,0,558.6480966,555,0,-3.648096604,0,-0.001776264532,-3.648096604,-0.001776264532,0.05444920305,0.05444920305,0,0,1,0,558.6480966,558.6480966,0,539,971,74.54572105
984,0,555,2231,-3.648096604,1672.351903,-0.001776264532,0.8142710278,1676,0.8160472923,0,26,0,0,1,0,558.6480966,558.6480966,0,539,972,74.59413218
985,0,558.6480966,556,0,-2.648096604,0,-0.001289362807,-2.648096604,-0.001289362807,0.03952382991,0.03952382991,0,0,1,0,558.6480966,558.6480966,0,539,973,74.63937211
986,0,556,1761,-2.648096604,1202.351903,-0.001289362807,0.5854272167,1205,0.5867165795,0,19,0,0,1,0,558.6480966,558.6480966,0,539,974,74.68697929
987,0,558.6480966,99552,0,98993.3519,0,48.20003388,98993.3519,48.20003388,0.05444920305,1947.054449,0,0,1,0,558.6480966,558.6480966,0,539,975,74.73287654
988,0,558.6480966,560,0,1.351903396,0,0.0006582440964,1.351903396,0.0006582440964,0.2703806791,0.2703806791,0,0,1,0,558.6480966,558.6480966,0,539,976,74.78542399
989,0,558.6480966,2298,0,1739.351903,0,0.8468934434,1739.351903,0.8468934434,0.2703806791,27.72961932,0,0,1,0,558.6480966,558.6480966,0,539,977,74.83083725
990,0,558.6480966,556,0,-2.648096604,0,-0.001289362807,-2.648096604,-0.001289362807,0.03952382991,0.03952382991,0,0,1,0,558.6480966,558.6480966,0,539,978,74.88308167
991,0,556,1895,-2.648096604,1336.351903,-0.001289362807,0.650672048,1339,0.6519614108,0,21,0,0,1,0,558.6480966,558.6480966,0,539,979,74.93078113
992,0,558.6480966,555,0,-3.648096604,0,-0.001776264532,-3.648096604,-0.001776264532,0.05444920305,0.05444920305,0,0,1,0,558.6480966,558.6480966,0,539,980,74.97625685
993,0,555,2499,-3.648096604,1940.351903,-0.001776264532,0.9447606903,1944,0.9465369548,0,30,0,0,1,0,558.6480966,558.6480966,0,539,981,75.02418685
994,0,558.6480966,101660,0,101101.3519,0,49.22642272,101101.3519,49.22642272,0.03952382991,2015.039524,0,0,1,0,558.6480966,558.6480966,0,539,982,75.0694356
995,0,558.6480966,559,0,0.3519033957,0,0.0001713423707,0.3519033957,0.0001713423707,0.07038067914,0.07038067914,0,0,1,0,558.6480966,558.6480966,0,539,983,75.12203145
996,0,558.6480966,1292,0,733.3519034,0,0.3570703073,733.3519034,0.3570703073,0.07038067914,12.92961932,0,0,1,0,558.6480966,558.6480966,0,539,984,75.16712976
997,0,558.6480966,555,0,-3.648096604,0,-0.001776264532,-3.648096604,-0.001776264532,0.05444920305,0.05444920305,0,0,1,0,558.6480966,558.6480966,0,539,985,75.22003222
998,0,555,1693,-3.648096604,1134.351903,-0.001776264532,0.5523178994,1138,0.5540941639,0,18,0,0,1,0,558.6480966,558.6480966,0,539,986,75.26781201
999,0,558.6480966,554,0,-4.648096604,0,-0.002263166258,-4.648096604,-0.002263166258,0.06937457618,0.06937457618,0,0,1,0,558.6480966,558.6480966,0,539,987,75.31319904
1000,0,554,1493,-4.648096604,934.3519034,-0.002263166258,0.4549375542,939,0.4572007205,0,15,0,0,1,0,558.6480966,558.6480966,0,539,988,75.36112952
1001,0,558.6480966,97347,0,96788.3519,0,47.12641557,96788.3519,47.12641557,0.05444920305,1930.054449,0,0,1,0,558.6480966,558.6480966,0,539,989,75.40668797
1002,0,558.6480966,559,0,0.3519033957,0,0.0001713423707,0.3519033957,0.0001713423707,0.07038067914,0.07038067914,0,0,1,0,558.6480966,558.6480966,0,539,990,75.45973825
1003,0,558.6480966,1960,0,1401.351903,0,0.6823206601,1401.351903,0.6823206601,0.07038067914,22.92961932,0,0,1,0,558.6480966,558.6480966,0,539,991,75.50518656
1004,0,558.6480966,553,0,-5.648096604,0,-0.002750067984,-5.648096604,-0.002750067984,0.08429994932,0.08429994932,0,0,1,0,558.6480966,558.6480966,0,539,992,75.55644274
1005,0,553,1626,-5.648096604,1067.351903,-0.002750067984,0.5196954837,1073,0.5224455517,0,17,0,0,1,0,558.6480966,558.6480966,0,539,993,75.60490036
1006,0,558.6480966,554,0,-4.648096604,0,-0.002263166258,-4.648096604,-0.002263166258,0.06937457618,0.06937457618,0,0,1,0,558.6480966,558.6480966,0,539,994,75.65082455
1007,0,554,1625,-4.648096604,1066.351903,-0.002263166258,0.519208582,1071,0.5214717483,0,17,0,0,1,0,558.6480966,558.6480966,0,539,995,75.69862032
1008,0,558.6480966,100309,0,99750.3519,0,48.56861848,99750.3519,48.56861848,0.08429994932,1994.0843,0,0,1,0,558.6480966,558.6480966,0,539,996,75.74309492
1009,0,558.6480966,559,0,0.3519033957,0,0.0001713423707,0.3519033957,0.0001713423707,0.07038067914,0.07038067914,0,0,1,0,558.6480966,558.6480966,0,539,997,75.79585028
1010,0,558.6480966,1292,0,733.3519034,0,0.3570703073,733.3519034,0.3570703073,0.07038067914,12.92961932,0,0,1,0,558.6480966,558.6480966,0,539,998,75.83978248
1011,0,558.6480966,555,0,-3.648096604,0,-0.001776264532,-3.648096604,-0.001776264532,0.05444920305,0.05444920305,0,0,1,0,558.6480966,558.6480966,0,539,999,75.89264512
1012,0,555,1827,-3.648096604,1268.351903,-0.001776264532,0.6175627306,1272,0.6193389951,0,20,0,0,1,0,558.6480966,558.6480966,0,539,1000,75.93937945
1013,0,558.6480966,554,0,-4.648096604,0,-0.002263166258,-4.648096604,-0.002263166258,0.06937457618,0.06937457618,0,0,1,0,558.6480966,558.6480966,0,539,1001,75.98352885
1014,0,554,2297,-4.648096604,1738.351903,-0.002263166258,0.8464065417,1743,0.848669708,0,27,0,0,1,0,558.6480966,558.6480966,0,539,1002,76.03033924
1015,0,558.6480966,99993,0,99434.3519,0,48.41475754,99434.3519,48.41475754,0.05444920305,1983.054449,0,0,1,0,558.6480966,558.6480966,0,539,1003,76.07562232
1016,0,558.6480966,559,0,0.3519033957,0,0.0001713423707,0.3519033957,0.0001713423707,0.07038067914,0.07038067914,0,0,1,0,558.6480966,558.6480966,0,539,1004,76.127388
1017,0,558.6480966,1089,0,530.3519034,0,0.258229257,530.3519034,0.258229257,0.07038067914,9.929619321,0,0,1,0,558.6480966,558.6480966,0,539,1005,76.17141247
1018,0,558.6480966,553,0,-5.648096604,0,-0.002750067984,-5.648096604,-0.002750067984,0.08429994932,0.08429994932,0,0,1,0,558.6480966,558.6480966,0,539,1006,76.22417641
1019,0,553,1760,-5.648096604,1201.351903,-0.002750067984,0.584940315,1207,0.587690383,0,19,0,0,1,0,558.6480966,558.6480966,0,539,1007,76.27133751
1020,0,558.6480966,554,0,-4.648096604,0,-0.002263166258,-4.648096604,-0.002263166258,0.06937457618,0.06937457618,0,0,1,0,558.6480966,558.6480966,0,539,1008,76.31682205
1021,0,554,2362,-4.648096604,1803.351903,-0.002263166258,0.8780551539,1808,0.8803183201,0,28,0,0,1,0,558.6480966,558.6480966,0,539,1009,76.36464524
1022,0,558.6480966,96119,0,95560.3519,0,46.52850025,95560.3519,46.52850025,0.08429994932,1928.9157,0,0,1,0,558.6480966,558.6480966,0,539,1010,76.4100399
1023,0,558.6480966,557,0,-1.648096604,0,-0.0008024610808,-1.648096604,-0.0008024610808,0.3296193209,0.3296193209,0,0,1,0,558.6480966,558.6480966,0,539,1011,76.45908737
1024,0,557,1963,-1.648096604,1404.351903,-0.0008024610808,0.6837813653,1406,0.6845838264,0,22,0,0,1,0,558.6480966,558.6480966,0,539,1012,76.5121994
1025,0,558.6480966,556,0,-2.648096604,0,-0.001289362807,-2.648096604,-0.001289362807,0.03952382991,0.03952382991,0,0,1,0,558.6480966,558.6480966,0,539,1013,76.55714917
1026,0,556,1830,-2.648096604,1271.351903,-0.001289362807,0.6190234358,1274,0.6203127986,0,20,0,0,1,0,558.6480966,558.6480966,0,539,1014,76.60497165
1027,0,558.6480966,101542,0,100983.3519,0,49.16896831,100983.3519,49.16896831,0.02459845678,2007.024598,0,0,1,0,558.6480966,558.6480966,0,539,1015,76.65086722
1028,0,558.6480966,561,0,2.351903396,0,0.001145145822,2.351903396,0.001145145822,0.4703806791,0.4703806791,0,0,1,0,558.6480966,558.6480966,0,539,1016,76.70387673
1029,0,558.6480966,2431,0,1872.351903,0,0.9116513729,1872.351903,0.9116513729,0.4703806791,29.52961932,0,0,1,0,558.6480966,558.6480966,0,539,1017,76.74885201
1030,0,558.6480966,555,0,-3.648096604,0,-0.001776264532,-3.648096604,-0.001776264532,0.05444920305,0.05444920305,0,0,1,0,558.6480966,558.6480966,0,539,1018,76.80024457
1031,0,555,1896,-3.648096604,1337.351903,-0.001776264532,0.6511589497,1341,0.6529352142,0,21,0,0,1,0,558.6480966,558.6480966,0,539,1019,76.84684539
1032,0,558.6480966,556,0,-2.648096604,0,-0.001289362807,-2.648096604,-0.001289362807,0.03952382991,0.03952382991,0,0,1,0,558.6480966,558.6480966,0,539,1020,76.8906672
1033,0,556,2096,-2.648096604,1537.351903,-0.001289362807,0.7485392948,1540,0.7498286576,0,24,0,0,1,0,558.6480966,558.6480966,0,539,1021,76.93852353
1034,0,558.6480966,100264,0,99705.3519,0,48.54670791,99705.3519,48.54670791,0.05444920305,1980.054449,0,0,1,0,558.6480966,558.6480966,0,539,1022,76.98322725
1035,0,558.6480966,558,0,-0.6480966043,0,-0.0003155593551,-0.6480966043,-0.0003155593551,0.1296193209,0.1296193209,0,0,1,0,558.6480966,558.6480966,0,539,1023,77.03499007
1036,0,558,2232,-0.6480966043,1673.351903,-0.0003155593551,0.8147579295,1674,0.8150734889,0,26,0,0,1,0,558.6480966,558.6480966,0,539,1024,77.08625984
1037,0,558.6480966,557,0,-1.648096604,0,-0.0008024610808,-1.648096604,-0.0008024610808,0.02459845678,0.02459845678,0,0,1,0,558.6480966,558.6480966,0,539,1025,77.13047743
1038,0,557,1630,-1.648096604,1071.351903,-0.0008024610808,0.5216430906,1073,0.5224455517,0,17,0,0,1,0,558.6480966,558.6480966,0,539,1026,77.17797565
1039,0,558.6480966,101483,0,100924.3519,0,49.14024111,100924.3519,49.14024111,0.009673083646,1974.009673,0,0,1,0,558.6480966,558.6480966,0,539,1027,77.22277141
1040,0,558.6480966,560,0,1.351903396,0,0.0006582440964,1.351903396,0.0006582440964,0.2703806791,0.2703806791,0,0,1,0,558.6480966,558.6480966,0,539,1028,77.27489972
1041,0,558.6480966,1894,0,1335.351903,0,0.6501851462,1335.351903,0.6501851462,0.2703806791,21.72961932,0,0,1,0,558.6480966,558.6480966,0,539,1029,77.3202219
1042,0,558.6480966,554,0,-4.648096604,0,-0.002263166258,-4.648096604,-0.002263166258,0.06937457618,0.06937457618,0,0,1,0,558.6480966,558.6480966,0,539,1030,77.3734405
1043,0,554,1761,-4.648096604,1202.351903,-0.002263166258,0.5854272167,1207,0.587690383,0,19,0,0,1,0,558.6480966,558.6480966,0,539,1031,77.42171693
1044,0,558.6480966,555,0,-3.648096604,0,-0.001776264532,-3.648096604,-0.001776264532,0.05444920305,0.05444920305,0,0,1,0,558.6480966,558.6480966,0,539,1032,77.46750045
1045,0,555,1626,-3.648096604,1067.351903,-0.001776264532,0.5196954837,1071,0.5214717483,0,17,0,0,1,0,558.6480966,558.6480966,0,539,1033,77.51578593
1046,0,558.6480966,99510,0,98951.3519,0,48.17958401,98951.3519,48.17958401,0.06937457618,1958.930625,0,0,1,0,558.6480966,558.6480966,0,539,1034,77.56142569
1047,0,558.6480966,559,0,0.3519033957,0,0.0001713423707,0.3519033957,0.0001713423707,0.07038067914,0.07038067914,0,0,1,0,558.6480966,558.6480966,0,539,1035,77.61014199
1048,0,558.6480966,2431,0,1872.351903,0,0.9116513729,1872.351903,0.9116513729,0.07038067914,29.92961932,0,0,1,0,558.6480966,558.6480966,0,539,1036,77.65504265
1049,0,558.6480966,555,0,-3.648096604,0,-0.001776264532,-3.648096604,-0.001776264532,0.05444920305,0.05444920305,0,0,1,0,558.6480966,558.6480966,0,539,1037,77.70810151
1050,0,555,1894,-3.648096604,1335.351903,-0.001776264532,0.6501851462,1339,0.6519614108,0,21,0,0,1,0,558.6480966,558.6480966,0,539,1038,77.75589967
1051,0,558.6480966,554,0,-4.648096604,0,-0.002263166258,-4.648096604,-0.002263166258,0.06937457618,0.06937457618,0,0,1,0,558.6480966,558.6480966,0,539,1039,77.80088496
1052,0,554,1426,-4.648096604,867.3519034,-0.002263166258,0.4223151386,872,0.4245783048,0,14,0,0,1,0,558.6480966,558.6480966,0,539,1040,77.84939933
1053,0,558.6480966,104310,0,103751.3519,0,50.51671229,103751.3519,50.51671229,0.05444920305,2050.054449,0,0,1,0,558.6480966,558.6480966,0,539,1041,77.89465475
1054,0,558.6480966,557,0,-1.648096604,0,-0.0008024610808,-1.648096604,-0.0008024610808,0.3296193209,0.3296193209,0,0,1,0,558.6480966,558.6480966,0,539,1042,77.94764614
1055,0,557,1362,-1.648096604,803.3519034,-0.0008024610808,0.3911534281,805,0.3919558892,0,13,0,0,1,0,558.6480966,558.6480966,0,539,1043,78.0009799
1056,0,558.6480966,558,0,-0.6480966043,0,-0.0003155593551,-0.6480966043,-0.0003155593551,0.009673083646,0.009673083646,0,0,1,0,558.6480966,558.6480966,0,539,1044,78.04554701
1057,0,558,1495,-0.6480966043,936.3519034,-0.0003155593551,0.4559113577,937,0.456226917,0,15,0,0,1,0,558.6480966,558.6480966,0,539,1045,78.09340358
1058,0,558.6480966,101741,0,101182.3519,0,49.26586176,101182.3519,49.26586176,0.02459845678,2060.024598,0,0,1,0,558.6480966,558.6480966,0,539,1046,78.13777637
1059,0,558.6480966,559,0,0.3519033957,0,0.0001713423707,0.3519033957,0.0001713423707,0.07038067914,0.07038067914,0,0,1,0,558.6480966,558.6480966,0,539,1047,78.18926096
1060,0,558.6480966,1895,0,1336.351903,0,0.650672048,1336.351903,0.650672048,0.07038067914,21.92961932,0,0,1,0,558.6480966,558.6480966,0,539,1048,78.2335813
1061,0,558.6480966,555,0,-3.648096604,0,-0.001776264532,-3.648096604,-0.001776264532,0.05444920305,0.05444920305,0,0,1,0,558.6480966,558.6480966,0,539,1049,78.28623676
1062,0,555,1693,-3.648096604,1134.351903,-0.001776264532,0.5523178994,1138,0.5540941639,0,18,0,0,1,0,558.6480966,558.6480966,0,539,1050,78.33351183
1063,0,558.6480966,554,0,-4.648096604,0,-0.002263166258,-4.648096604,-0.002263166258,0.06937457618,0.06937457618,0,0,1,0,558.6480966,558.6480966,0,539,1051,78.37786365
1064,0,554,1158,-4.648096604,599.3519034,-0.002263166258,0.2918254761,604,0.2940886423,0,10,0,0,1,0,558.6480966,558.6480966,0,539,1052,78.42508459
1065,0,558.6480966,100764,0,100205.3519,0,48.79015877,100205.3519,48.79015877,0.05444920305,2026.054449,0,0,1,0,558.6480966,558.6480966,0,539,1053,78.46979666
1066,0,558.6480966,557,0,-1.648096604,0,-0.0008024610808,-1.648096604,-0.0008024610808,0.3296193209,0.3296193209,0,0,1,0,558.6480966,558.6480966,0,539,1054,78.52277231
1067,0,557,1360,-1.648096604,801.3519034,-0.0008024610808,0.3901796247,803,0.3909820858,0,13,0,0,1,0,558.6480966,558.6480966,0,539,1055,78.57454181
1068,0,558.6480966,556,0,-2.648096604,0,-0.001289362807,-2.648096604,-0.001289362807,0.03952382991,0.03952382991,0,0,1,0,558.6480966,558.6480966,0,539,1056,78.61896944
1069,0,556,1897,-2.648096604,1338.351903,-0.001289362807,0.6516458514,1341,0.6529352142,0,21,0,0,1,0,558.6480966,558.6480966,0,539,1057,78.66607451
1070,0,558.6480966,101798,0,101239.3519,0,49.29361515,101239.3519,49.29361515,0.02459845678,1993.975402,0,0,1,0,558.6480966,558.6480966,0,539,1058,78.71167064
1071,0,558.6480966,558,0,-0.6480966043,0,-0.0003155593551,-0.6480966043,-0.0003155593551,0.1296193209,0.1296193209,0,0,1,0,558.6480966,558.6480966,0,539,1059,78.75967121
1072,0,558,1964,-0.6480966043,1405.351903,-0.0003155593551,0.684268267,1406,0.6845838264,0,22,0,0,1,0,558.6480966,558.6480966,0,539,1060,78.81180954
1073,0,558.6480966,557,0,-1.648096604,0,-0.0008024610808,-1.648096604,-0.0008024610808,0.02459845678,0.02459845678,0,0,1,0,558.6480966,558.6480966,0,539,1061,78.85672235
1074,0,557,1429,-1.648096604,870.3519034,-0.0008024610808,0.4237758438,872,0.4245783048,0,14,0,0,1,0,558.6480966,558.6480966,0,539,1062,78.90500593
1075,0,558.6480966,99723,0,99164.3519,0,48.28329407,99164.3519,48.28329407,0.009673083646,1990.009673,0,0,1,0,558.6480966,558.6480966,0,539,1063,78.95027828
1076,0,558.6480966,561,0,2.351903396,0,0.001145145822,2.351903396,0.001145145822,0.4703806791,0.4703806791,0,0,1,0,558.6480966,558.6480966,0,539,1064,79.00289965
1077,0,558.6480966,2431,0,1872.351903,0,0.9116513729,1872.351903,0.9116513729,0.4703806791,29.52961932,0,0,1,0,558.6480966,558.6480966,0,539,1065,79.04800653
1078,0,558.6480966,555,0,-3.648096604,0,-0.001776264532,-3.648096604,-0.001776264532,0.05444920305,0.05444920305,0,0,1,0,558.6480966,558.6480966,0,539,1066,79.10041976
1079,0,555,2164,-3.648096604,1605.351903,-0.001776264532,0.7816486122,1609,0.7834248767,0,25,0,0,1,0,558.6480966,558.6480966,0,539,1067,79.14795232
1080,0,558.6480966,556,0,-2.648096604,0,-0.001289362807,-2.648096604,-0.001289362807,0.03952382991,0.03952382991,0,0,1,0,558.6480966,558.6480966,0,539,1068,79.19335198
1081,0,556,2163,-2.648096604,1604.351903,-0.001289362807,0.7811617104,1607,0.7824510733,0,25,0,0,1,0,558.6480966,558.6480966,0,539,1069,79.24161935
1082,0,558.6480966,98875,0,98316.3519,0,47.87040141,98316.3519,47.87040141,0.05444920305,1954.054449,0,0,1,0,558.6480966,558.6480966,0,539,1070,79.28741908
1083,0,558.6480966,561,0,2.351903396,0,0.001145145822,2.351903396,0.001145145822,0.4703806791,0.4703806791,0,0,1,0,558.6480966,558.6480966,0,539,1071,79.33991051
1084,0,558.6480966,1562,0,1003.351903,0,0.4885337733,1003.351903,0.4885337733,0.4703806791,16.52961932,0,0,1,0,558.6480966,558.6480966,0,539,1072,79.38503122
1085,0,558.6480966,557,0,-1.648096604,0,-0.0008024610808,-1.648096604,-0.0008024610808,0.02459845678,0.02459845678,0,0,1,0,558.6480966,558.6480966,0,539,1073,79.4366014
1086,0,557,1226,-1.648096604,667.3519034,-0.0008024610808,0.3249347934,669,0.3257372545,0,11,0,0,1,0,558.6480966,558.6480966,0,539,1074,79.48342729
1087,0,558.6480966,556,0,-2.648096604,0,-0.001289362807,-2.648096604,-0.001289362807,0.03952382991,0.03952382991,0,0,1,0,558.6480966,558.6480966,0,539,1075,79.52754045
1088,0,556,2299,-2.648096604,1740.351903,-0.001289362807,0.8473803451,1743,0.848669708,0,27,0,0,1,0,558.6480966,558.6480966,0,539,1076,79.57463837
1089,0,558.6480966,104472,0,103913.3519,0,50.59559037,103913.3519,50.59559037,0.02459845678,2034.024598,0,0,1,0,558.6480966,558.6480966,0,539,1077,79.61890721
1090,0,558.6480966,561,0,2.351903396,0,0.001145145822,2.351903396,0.001145145822,0.4703806791,0.4703806791,0,0,1,0,558.6480966,558.6480966,0,539,1078,79.67086196
1091,0,558.6480966,1428,0,869.3519034,0,0.423288942,869.3519034,0.423288942,0.4703806791,14.52961932,0,0,1,0,558.6480966,558.6480966,0,539,1079,79.71533275
1092,0,558.6480966,557,0,-1.648096604,0,-0.0008024610808,-1.648096604,-0.0008024610808,0.02459845678,0.02459845678,0,0,1,0,558.6480966,558.6480966,0,539,1080,79.76686549
1093,0,557,1494,-1.648096604,935.3519034,-0.0008024610808,0.4554244559,937,0.456226917,0,15,0,0,1,0,558.6480966,558.6480966,0,539,1081,79.81359744
1094,0,558.6480966,556,0,-2.648096604,0,-0.001289362807,-2.648096604,-0.001289362807,0.03952382991,0.03952382991,0,0,1,0,558.6480966,558.6480966,0,539,1082,79.85779762
1095,0,556,1428,-2.648096604,869.3519034,-0.001289362807,0.423288942,872,0.4245783048,0,14,0,0,1,0,558.6480966,558.6480966,0,539,1083,79.90529418
1096,0,558.6480966,102329,0,101770.3519,0,49.55215997,101770.3519,49.55215997,0.02459845678,2051.975402,0,0,1,0,558.6480966,558.6480966,0,539,1084,79.95034647
1097,0,558.6480966,558,0,-0.6480966043,0,-0.0003155593551,-0.6480966043,-0.0003155593551,0.1296193209,0.1296193209,0,0,1,0,558.6480966,558.6480966,0,539,1085,79.99865794
1098,0,558,1696,-0.6480966043,1137.351903,-0.0003155593551,0.5537786045,1138,0.5540941639,0,18,0,0,1,0,558.6480966,558.6480966,0,539,1086,80.05061364
1099,0,558.6480966,557,0,-1.648096604,0,-0.0008024610808,-1.648096604,-0.0008024610808,0.02459845678,0.02459845678,0,0,1,0,558.6480966,558.6480966,0,539,1087,80.09574008
1100,0,557,1630,-1.648096604,1071.351903,-0.0008024610808,0.5216430906,1073,0.5224455517,0,17,0,0,1,0,558.6480966,558.6480966,0,539,1088,80.1435039
1101,0,558.6480966,101110,0,100551.3519,0,48.95862677,100551.3519,48.95862677,0.009673083646,1982.009673,0,0,1,0,558.6480966,558.6480966,0,539,1089,80.1900053
1102,0,558.6480966,557,0,-1.648096604,0,-0.0008024610808,-1.648096604,-0.0008024610808,0.3296193209,0.3296193209,0,0,1,0,558.6480966,558.6480966,0,539,1090,80.24248195
1103,0,557,1293,-1.648096604,734.3519034,-0.0008024610808,0.3575572091,736,0.3583596701,0,12,0,0,1,0,558.6480966,558.6480966,0,539,1091,80.29584908
1104,0,558.6480966,556,0,-2.648096604,0,-0.001289362807,-2.648096604,-0.001289362807,0.03952382991,0.03952382991,0,0,1,0,558.6480966,558.6480966,0,539,1092,80.34117723
1105,0,556,1696,-2.648096604,1137.351903,-0.001289362807,0.5537786045,1140,0.5550679673,0,18,0,0,1,0,558.6480966,558.6480966,0,539,1093,80.38914585
1106,0,558.6480966,102438,0,101879.3519,0,49.60523226,101879.3519,49.60523226,0.02459845678,2051.024598,0,0,1,0,558.6480966,558.6480966,0,539,1094,80.43480778
1107,0,558.6480966,558,0,-0.6480966043,0,-0.0003155593551,-0.6480966043,-0.0003155593551,0.1620241511,0.1620241511,0,0,1,0,558.6480966,558.6480966,0,539,1095,80.48748088
1108,0,558,2031,-0.6480966043,1472.351903,-0.0003155593551,0.7168906827,1473,0.717206242,0,23,0,0,1,0,558.6480966,558.6480966,0,539,1096,80.53991914
1109,0,558.6480966,557,0,-1.648096604,0,-0.0008024610808,-1.648096604,-0.0008024610808,0.02459845678,0.02459845678,0,0,1,0,558.6480966,558.6480966,0,539,1097,80.58460617
1110,0,557,1697,-1.648096604,1138.351903,-0.0008024610808,0.5542655063,1140,0.5550679673,0,18,0,0,1,0,558.6480966,558.6480966,0,539,1098,80.6320076
1111,0,558.6480966,101434,0,100875.3519,0,49.11638293,100875.3519,49.11638293,0.009673083646,1977.009673,0,0,1,0,558.6480966,558.6480966,0,539,1099,80.67712474
1112,0,558.6480966,557,0,-1.648096604,0,-0.0008024610808,-1.648096604,-0.0008024610808,0.2746827674,0.2746827674,0,0,1,0,558.6480966,558.6480966,0,539,1100,80.72902632
1113,0,557,2434,-1.648096604,1875.351903,-0.0008024610808,0.9131120781,1877,0.9139145392,0,29,0,0,1,0,558.6480966,558.6480966,0,539,1101,80.78067136
1114,0,558.6480966,558,0,-0.6480966043,0,-0.0003155593551,-0.6480966043,-0.0003155593551,0.009673083646,0.009673083646,0,0,1,0,558.6480966,558.6480966,0,539,1102,80.82506084
1115,0,558,2031,-0.6480966043,1472.351903,-0.0003155593551,0.7168906827,1473,0.717206242,0,23,0,0,1,0,558.6480966,558.6480966,0,539,1103,80.87228537
1116,0,558.6480966,100834,0,100275.3519,0,48.82424189,100275.3519,48.82424189,0.02459845678,1958.024598,0,0,1,0,558.6480966,558.6480966,0,539,1104,80.91714883
1117,0,558.6480966,559,0,0.3519033957,0,0.0001713423707,0.3519033957,0.0001713423707,0.07038067914,0.07038067914,0,0,1,0,558.6480966,558.6480966,0,539,1105,80.96952796
1118,0,558.6480966,2029,0,1470.351903,0,0.7159168792,1470.351903,0.7159168792,0.07038067914,23.92961932,0,0,1,0,558.6480966,558.6480966,0,539,1106,81.01465511
1119,0,558.6480966,555,0,-3.648096604,0,-0.001776264532,-3.648096604,-0.001776264532,0.05444920305,0.05444920305,0,0,1,0,558.6480966,558.6480966,0,539,1107,81.06738758
1120,0,555,1224,-3.648096604,665.3519034,-0.001776264532,0.32396099,669,0.3257372545,0,11,0,0,1,0,558.6480966,558.6480966,0,539,1108,81.11458302
1121,0,558.6480966,554,0,-4.648096604,0,-0.002263166258,-4.648096604,-0.002263166258,0.06937457618,0.06937457618,0,0,1,0,558.6480966,558.6480966,0,539,1109,81.15944934
1122,0,554,2431,-4.648096604,1872.351903,-0.002263166258,0.9116513729,1877,0.9139145392,0,29,0,0,1,0,558.6480966,558.6480966,0,539,1110,81.20627999
1123,0,558.6480966,98836,0,98277.3519,0,47.85141224,98277.3519,47.85141224,0.05444920305,1940.054449,0,0,1,0,558.6480966,558.6480966,0,539,1111,81.25055408
1124,0,558.6480966,559,0,0.3519033957,0,0.0001713423707,0.3519033957,0.0001713423707,0.07038067914,0.07038067914,0,0,1,0,558.6480966,558.6480966,0,539,1112,81.30172229
1125,0,558.6480966,2161,0,1602.351903,0,0.780187907,1602.351903,0.780187907,0.07038067914,25.92961932,0,0,1,0,558.6480966,558.6480966,0,539,1113,81.34527564
1126,0,558.6480966,553,0,-5.648096604,0,-0.002750067984,-5.648096604,-0.002750067984,0.08429994932,0.08429994932,0,0,1,0,558.6480966,558.6480966,0,539,1114,81.39713764
1127,0,553,1827,-5.648096604,1268.351903,-0.002750067984,0.6175627306,1274,0.6203127986,0,20,0,0,1,0,558.6480966,558.6480966,0,539,1115,81.44410706
1128,0,558.6480966,554,0,-4.648096604,0,-0.002263166258,-4.648096604,-0.002263166258,0.06937457618,0.06937457618,0,0,1,0,558.6480966,558.6480966,0,539,1116,81.48783064
1129,0,554,2228,-4.648096604,1669.351903,-0.002263166258,0.8128103226,1674,0.8150734889,0,26,0,0,1,0,558.6480966,558.6480966,0,539,1117,81.53414011
1130,0,558.6480966,99925,0,99366.3519,0,48.38164822,99366.3519,48.38164822,0.08429994932,1971.0843,0,0,1,0,558.6480966,558.6480966,0,539,1118,81.57852578
1131,0,558.6480966,559,0,0.3519033957,0,0.0001713423707,0.3519033957,0.0001713423707,0.07038067914,0.07038067914,0,0,1,0,558.6480966,558.6480966,0,539,1119,81.6302135
1132,0,558.6480966,2163,0,1604.351903,0,0.7811617104,1604.351903,0.7811617104,0.07038067914,25.92961932,0,0,1,0,558.6480966,558.6480966,0,539,1120,81.6742382
1133,0,558.6480966,555,0,-3.648096604,0,-0.001776264532,-3.648096604,-0.001776264532,0.05444920305,0.05444920305,0,0,1,0,558.6480966,558.6480966,0,539,1121,81.72667551
1134,0,555,1492,-3.648096604,933.3519034,-0.001776264532,0.4544506525,937,0.456226917,0,15,0,0,1,0,558.6480966,558.6480966,0,539,1122,81.77438712
1135,0,558.6480966,554,0,-4.648096604,0,-0.002263166258,-4.648096604,-0.002263166258,0.06937457618,0.06937457618,0,0,1,0,558.6480966,558.6480966,0,539,1123,81.81920648
1136,0,554,2163,-4.648096604,1604.351903,-0.002263166258,0.7811617104,1609,0.7834248767,0,25,0,0,1,0,558.6480966,558.6480966,0,539,1124,81.86674857
1137,0,558.6480966,93995,0,93436.3519,0,45.49432099,93436.3519,45.49432099,0.05444920305,1911.054449,0,0,1,0,558.6480966,558.6480966,0,539,1125,81.91218257
1138,0,558.6480966,558,0,-0.6480966043,0,-0.0003155593551,-0.6480966043,-0.0003155593551,0.1296193209,0.1296193209,0,0,1,0,558.6480966,558.6480966,0,539,1126,81.96507716
1139,0,558,1160,-0.6480966043,601.3519034,-0.0003155593551,0.2927992795,602,0.2931148389,0,10,0,0,1,0,558.6480966,558.6480966,0,539,1127,82.01765442
1140,0,558.6480966,557,0,-1.648096604,0,-0.0008024610808,-1.648096604,-0.0008024610808,0.02459845678,0.02459845678,0,0,1,0,558.6480966,558.6480966,0,539,1128,82.06202364
1141,0,557,1429,-1.648096604,870.3519034,-0.0008024610808,0.4237758438,872,0.4245783048,0,14,0,0,1,0,558.6480966,558.6480966,0,539,1129,82.1102972
1142,0,558.6480966,100748,0,100189.3519,0,48.78236834,100189.3519,48.78236834,0.009673083646,2010.009673,0,0,1,0,558.6480966,558.6480966,0,539,1130,82.15608716
1143,0,558.6480966,558,0,-0.6480966043,0,-0.0003155593551,-0.6480966043,-0.0003155593551,0.1296193209,0.1296193209,0,0,1,0,558.6480966,558.6480966,0,539,1131,82.20802093
1144,0,558,1763,-0.6480966043,1204.351903,-0.0003155593551,0.5864010202,1205,0.5867165795,0,19,0,0,1,0,558.6480966,558.6480966,0,539,1132,82.26071692
1145,0,558.6480966,557,0,-1.648096604,0,-0.0008024610808,-1.648096604,-0.0008024610808,0.02459845678,0.02459845678,0,0,1,0,558.6480966,558.6480966,0,539,1133,82.30520844
1146,0,557,1295,-1.648096604,736.3519034,-0.0008024610808,0.3585310125,738,0.3593334736,0,12,0,0,1,0,558.6480966,558.6480966,0,539,1134,82.35339236
1147,0,558.6480966,104103,0,103544.3519,0,50.41592363,103544.3519,50.41592363,0.009673083646,2045.009673,0,0,1,0,558.6480966,558.6480966,0,539,1135,82.3989439
1148,0,558.6480966,559,0,0.3519033957,0,0.0001713423707,0.3519033957,0.0001713423707,0.07038067914,0.07038067914,0,0,1,0,558.6480966,558.6480966,0,539,1136,82.45066929
1149,0,558.6480966,1424,0,865.3519034,0,0.4213413351,865.3519034,0.4213413351,0.07038067914,14.92961932,0,0,1,0,558.6480966,558.6480966,0,539,1137,82.4957509
1150,0,558.6480966,553,0,-5.648096604,0,-0.002750067984,-5.648096604,-0.002750067984,0.08429994932,0.08429994932,0,0,1,0,558.6480966,558.6480966,0,539,1138,82.5473752
1151,0,553,1894,-5.648096604,1335.351903,-0.002750067984,0.6501851462,1341,0.6529352142,0,21,0,0,1,0,558.6480966,558.6480966,0,539,1139,82.59424639
1152,0,558.6480966,554,0,-4.648096604,0,-0.002263166258,-4.648096604,-0.002263166258,0.06937457618,0.06937457618,0,0,1,0,558.6480966,558.6480966,0,539,1140,82.63907766
1153,0,554,1826,-4.648096604,1267.351903,-0.002263166258,0.6170758289,1272,0.6193389951,0,20,0,0,1,0,558.6480966,558.6480966,0,539,1141,82.68636966
1154,0,558.6480966,103622,0,103063.3519,0,50.1817239,103063.3519,50.1817239,0.08429994932,2042.0843,0,0,1,0,558.6480966,558.6480966,0,539,1142,82.73104978
1155,0,558.6480966,560,0,1.351903396,0,0.0006582440964,1.351903396,0.0006582440964,0.2703806791,0.2703806791,0,0,1,0,558.6480966,558.6480966,0,539,1143,82.78265476
1156,0,558.6480966,2363,0,1804.351903,0,0.8785420556,1804.351903,0.8785420556,0.2703806791,28.72961932,0,0,1,0,558.6480966,558.6480966,0,539,1144,82.82663083
1157,0,558.6480966,554,0,-4.648096604,0,-0.002263166258,-4.648096604,-0.002263166258,0.06937457618,0.06937457618,0,0,1,0,558.6480966,558.6480966,0,539,1145,82.87754917
1158,0,554,2297,-4.648096604,1738.351903,-0.002263166258,0.8464065417,1743,0.848669708,0,27,0,0,1,0,558.6480966,558.6480966,0,539,1146,82.924577
1159,0,558.6480966,555,0,-3.648096604,0,-0.001776264532,-3.648096604,-0.001776264532,0.05444920305,0.05444920305,0,0,1,0,558.6480966,558.6480966,0,539,1147,82.96902895
1160,0,555,1157,-3.648096604,598.3519034,-0.001776264532,0.2913385744,602,0.2931148389,0,10,0,0,1,0,558.6480966,558.6480966,0,539,1148,83.01630831
1161,0,558.6480966,99655,0,99096.3519,0,48.25018476,99096.3519,48.25018476,0.06937457618,1970.069375,0,0,1,0,558.6480966,558.6480966,0,539,1149,83.06227016
1162,0,558.6480966,560,0,1.351903396,0,0.0006582440964,1.351903396,0.0006582440964,0.2703806791,0.2703806791,0,0,1,0,558.6480966,558.6480966,0,539,1150,83.11527038
1163,0,558.6480966,1896,0,1337.351903,0,0.6511589497,1337.351903,0.6511589497,0.2703806791,21.72961932,0,0,1,0,558.6480966,558.6480966,0,539,1151,83.16096306
1164,0,558.6480966,556,0,-2.648096604,0,-0.001289362807,-2.648096604,-0.001289362807,0.03952382991,0.03952382991,0,0,1,0,558.6480966,558.6480966,0,539,1152,83.21410036
1165,0,556,1694,-2.648096604,1135.351903,-0.001289362807,0.5528048011,1138,0.5540941639,0,18,0,0,1,0,558.6480966,558.6480966,0,539,1153,83.26222634
1166,0,558.6480966,555,0,-3.648096604,0,-0.001776264532,-3.648096604,-0.001776264532,0.05444920305,0.05444920305,0,0,1,0,558.6480966,558.6480966,0,539,1154,83.30767894
1167,0,555,1159,-3.648096604,600.3519034,-0.001776264532,0.2923123778,604,0.2940886423,0,10,0,0,1,0,558.6480966,558.6480966,0,539,1155,83.35646391
1168,0,558.6480966,98316,0,97757.3519,0,47.59822334,97757.3519,47.59822334,0.03952382991,1898.960476,0,0,1,0,558.6480966,558.6480966,0,539,1156,83.4022398
1169,0,558.6480966,559,0,0.3519033957,0,0.0001713423707,0.3519033957,0.0001713423707,0.07038067914,0.07038067914,0,0,1,0,558.6480966,558.6480966,0,539,1157,83.45166135
1170,0,558.6480966,2362,0,1803.351903,0,0.8780551539,1803.351903,0.8780551539,0.07038067914,28.92961932,0,0,1,0,558.6480966,558.6480966,0,539,1158,83.49661374
1171,0,558.6480966,553,0,-5.648096604,0,-0.002750067984,-5.648096604,-0.002750067984,0.08429994932,0.08429994932,0,0,1,0,558.6480966,558.6480966,0,539,1159,83.54903102
1172,0,553,1291,-5.648096604,732.3519034,-0.002750067984,0.3565834056,738,0.3593334736,0,12,0,0,1,0,558.6480966,558.6480966,0,539,1160,83.59675264
1173,0,558.6480966,554,0,-4.648096604,0,-0.002263166258,-4.648096604,-0.002263166258,0.06937457618,0.06937457618,0,0,1,0,558.6480966,558.6480966,0,539,1161,83.64243627
1174,0,554,1759,-4.648096604,1200.351903,-0.002263166258,0.5844534133,1205,0.5867165795,0,19,0,0,1,0,558.6480966,558.6480966,0,539,1162,83.6898582
1175,0,558.6480966,101789,0,101230.3519,0,49.28923304,101230.3519,49.28923304,0.08429994932,1999.0843,0,0,1,0,558.6480966,558.6480966,0,539,1163,83.73474836
1176,0,558.6480966,558,0,-0.6480966043,0,-0.0003155593551,-0.6480966043,-0.0003155593551,0.1296193209,0.1296193209,0,0,1,0,558.6480966,558.6480966,0,539,1164,83.7864573
1177,0,558,1229,-0.6480966043,670.3519034,-0.0003155593551,0.3263954986,671,0.326711058,0,11,0,0,1,0,558.6480966,558.6480966,0,539,1165,83.83998203
1178,0,558.6480966,559,0,0.3519033957,0,0.0001713423707,0.3519033957,0.0001713423707,0.07038067914,0.07038067914,0,0,1,0,558.6480966,558.6480966,0,539,1166,83.88338637
1179,0,558.6480966,1290,0,731.3519034,0,0.3560965039,731.3519034,0.3560965039,0.07038067914,12.92961932,0,0,1,0,558.6480966,558.6480966,0,539,1167,83.92768097
1180,0,558.6480966,553,0,-5.648096604,0,-0.002750067984,-5.648096604,-0.002750067984,0.08429994932,0.08429994932,0,0,1,0,558.6480966,558.6480966,0,539,1168,83.97956777
1181,0,553,1224,-5.648096604,665.3519034,-0.002750067984,0.32396099,671,0.326711058,0,11,0,0,1,0,558.6480966,558.6480966,0,539,1169,84.02564883
1182,0,558.6480966,554,0,-4.648096604,0,-0.002263166258,-4.648096604,-0.002263166258,0.06937457618,0.06937457618,0,0,1,0,558.6480966,558.6480966,0,539,1170,84.07002592
1183,0,554,1223,-4.648096604,664.3519034,-0.002263166258,0.3234740883,669,0.3257372545,0,11,0,0,1,0,558.6480966,558.6480966,0,539,1171,84.11667728
1184,0,558.6480966,100104,0,99545.3519,0,48.46880363,99545.3519,48.46880363,0.08429994932,1989.0843,0,0,1,0,558.6480966,558.6480966,0,539,1172,84.16108441
1185,0,558.6480966,559,0,0.3519033957,0,0.0001713423707,0.3519033957,0.0001713423707,0.07038067914,0.07038067914,0,0,1,0,558.6480966,558.6480966,0,539,1173,84.21209049
1186,0,558.6480966,1424,0,865.3519034,0,0.4213413351,865.3519034,0.4213413351,0.07038067914,14.92961932,0,0,1,0,558.6480966,558.6480966,0,539,1174,84.25694609
1187,0,558.6480966,553,0,-5.648096604,0,-0.002750067984,-5.648096604,-0.002750067984,0.08429994932,0.08429994932,0,0,1,0,558.6480966,558.6480966,0,539,1175,84.30995941
1188,0,553,1693,-5.648096604,1134.351903,-0.002750067984,0.5523178994,1140,0.5550679673,0,18,0,0,1,0,558.6480966,558.6480966,0,539,1176,84.35809445
1189,0,558.6480966,554,0,-4.648096604,0,-0.002263166258,-4.648096604,-0.002263166258,0.06937457618,0.06937457618,0,0,1,0,558.6480966,558.6480966,0,539,1177,84.4032681
1190,0,554,1692,-4.648096604,1133.351903,-0.002263166258,0.5518309976,1138,0.5540941639,0,18,0,0,1,0,558.6480966,558.6480966,0,539,1178,84.45168161
1191,0,558.6480966,98982,0,98423.3519,0,47.92249989,98423.3519,47.92249989,0.08429994932,1979.0843,0,0,1,0,558.6480966,558.6480966,0,539,1179,84.4968369
1192,0,558.6480966,557,0,-1.648096604,0,-0.0008024610808,-1.648096604,-0.0008024610808,0.3296193209,0.3296193209,0,0,1,0,558.6480966,558.6480966,0,539,1180,84.55004501
1193,0,557,1764,-1.648096604,1205.351903,-0.0008024610808,0.5868879219,1207,0.587690383,0,19,0,0,1,0,558.6480966,558.6480966,0,539,1181,84.60203099
1194,0,558.6480966,558,0,-0.6480966043,0,-0.0003155593551,-0.6480966043,-0.0003155593551,0.009673083646,0.009673083646,0,0,1,0,558.6480966,558.6480966,0,539,1182,84.64625812
1195,0,558,1964,-0.6480966043,1405.351903,-0.0003155593551,0.684268267,1406,0.6845838264,0,22,0,0,1,0,558.6480966,558.6480966,0,539,1183,84.69290495
1196,0,558.6480966,101098,0,100539.3519,0,48.95278395,100539.3519,48.95278395,0.02459845678,2038.024598,0,0,1,0,558.6480966,558.6480966,0,539,1184,84.73809791
1197,0,558.6480966,557,0,-1.648096604,0,-0.0008024610808,-1.648096604,-0.0008024610808,0.3296193209,0.3296193209,0,0,1,0,558.6480966,558.6480966,0,539,1185,84.79100156
1198,0,557,1563,-1.648096604,1004.351903,-0.0008024610808,0.489020675,1006,0.4898231361,0,16,0,0,1,0,558.6480966,558.6480966,0,539,1186,84.84318256
1199,0,558.6480966,558,0,-0.6480966043,0,-0.0003155593551,-0.6480966043,-0.0003155593551,0.009673083646,0.009673083646,0,0,1,0,558.6480966,558.6480966,0,539,1187,84.88733196
1200,0,558,1495,-0.6480966043,936.3519034,-0.0003155593551,0.4559113577,937,0.456226917,0,15,0,0,1,0,558.6480966,558.6480966,0,539,1188,84.93502569
1201,0,558.6480966,97395,0,96836.3519,0,47.14978686,96836.3519,47.14978686,0.02459845678,1908.024598,0,0,1,0,558.6480966,558.6480966,0,539,1189,84.98098803
1202,0,558.6480966,558,0,-0.6480966043,0,-0.0003155593551,-0.6480966043,-0.0003155593551,0.1296193209,0.1296193209,0,0,1,0,558.6480966,558.6480966,0,539,1190,85.03450704
1203,0,558,2366,-0.6480966043,1807.351903,-0.0003155593551,0.8800027608,1808,0.8803183201,0,28,0,0,1,0,558.6480966,558.6480966,0,539,1191,85.08636594
1204,0,558.6480966,557,0,-1.648096604,0,-0.0008024610808,-1.648096604,-0.0008024610808,0.02459845678,0.02459845678,0,0,1,0,558.6480966,558.6480966,0,539,1192,85.13081861
1205,0,557,1764,-1.648096604,1205.351903,-0.0008024610808,0.5868879219,1207,0.587690383,0,19,0,0,1,0,558.6480966,558.6480966,0,539,1193,85.17867708
1206,0,558.6480966,102542,0,101983.3519,0,49.65587004,101983.3519,49.65587004,0.009673083646,2044.009673,0,0,1,0,558.6480966,558.6480966,0,539,1194,85.22443938
1207,0,558.6480966,558,0,-0.6480966043,0,-0.0003155593551,-0.6480966043,-0.0003155593551,0.1296193209,0.1296193209,0,0,1,0,558.6480966,558.6480966,0,539,1195,85.27619648
1208,0,558,1897,-0.6480966043,1338.351903,-0.0003155593551,0.6516458514,1339,0.6519614108,0,21,0,0,1,0,558.6480966,558.6480966,0,539,1196,85.32748318
1209,0,558.6480966,557,0,-1.648096604,0,-0.0008024610808,-1.648096604,-0.0008024610808,0.02459845678,0.02459845678,0,0,1,0,558.6480966,558.6480966,0,539,1197,85.37289953
1210,0,557,2367,-1.648096604,1808.351903,-0.0008024610808,0.8804896625,1810,0.8812921236,0,28,0,0,1,0,558.6480966,558.6480966,0,539,1198,85.42018437
1211,0,558.6480966,101104,0,100545.3519,0,48.95570536,100545.3519,48.95570536,0.009673083646,2011.009673,0,0,1,0,558.6480966,558.6480966,0,539,1199,85.46605492
1212,0,558.6480966,559,0,0.3519033957,0,0.0001713423707,0.3519033957,0.0001713423707,0.07038067914,0.07038067914,0,0,1,0,558.6480966,558.6480966,0,539,1200,85.51801062
1213,0,558.6480966,2429,0,1870.351903,0,0.9106775695,1870.351903,0.9106775695,0.07038067914,29.92961932,0,0,1,0,558.6480966,558.6480966,0,539,1201,85.56263041
1214,0,558.6480966,553,0,-5.648096604,0,-0.002750067984,-5.648096604,-0.002750067984,0.08429994932,0.08429994932,0,0,1,0,558.6480966,558.6480966,0,539,1202,85.61399698
1215,0,553,1492,-5.648096604,933.3519034,-0.002750067984,0.4544506525,939,0.4572007205,0,15,0,0,1,0,558.6480966,558.6480966,0,539,1203,85.66087961
1216,0,558.6480966,554,0,-4.648096604,0,-0.002263166258,-4.648096604,-0.002263166258,0.06937457618,0.06937457618,0,0,1,0,558.6480966,558.6480966,0,539,1204,85.70535064
1217,0,554,1759,-4.648096604,1200.351903,-0.002263166258,0.5844534133,1205,0.5867165795,0,19,0,0,1,0,558.6480966,558.6480966,0,539,1205,85.75174642
1218,0,558.6480966,99390,0,98831.3519,0,48.1211558,98831.3519,48.1211558,0.08429994932,1972.0843,0,0,1,0,558.6480966,558.6480966,0,539,1206,85.79639769
1219,0,558.6480966,557,0,-1.648096604,0,-0.0008024610808,-1.648096604,-0.0008024610808,0.3296193209,0.3296193209,0,0,1,0,558.6480966,558.6480966,0,539,1207,85.84734201
1220,0,557,2166,-1.648096604,1607.351903,-0.0008024610808,0.7826224156,1609,0.7834248767,0,25,0,0,1,0,558.6480966,558.6480966,0,539,1208,85.89838243
1221,0,558.6480966,558,0,-0.6480966043,0,-0.0003155593551,-0.6480966043,-0.0003155593551,0.009673083646,0.009673083646,0,0,1,0,558.6480966,558.6480966,0,539,1209,85.94252706
1222,0,558,1495,-0.6480966043,936.3519034,-0.0003155593551,0.4559113577,937,0.456226917,0,15,0,0,1,0,558.6480966,558.6480966,0,539,1210,85.98995471
1223,0,558.6480966,98553,0,97994.3519,0,47.71361905,97994.3519,47.71361905,0.02459845678,1937.024598,0,0,1,0,558.6480966,558.6480966,0,539,1211,86.03560328
1224,0,558.6480966,560,0,1.351903396,0,0.0006582440964,1.351903396,0.0006582440964,0.2703806791,0.2703806791,0,0,1,0,558.6480966,558.6480966,0,539,1212,86.08865547
1225,0,558.6480966,1628,0,1069.351903,0,0.5206692872,1069.351903,0.5206692872,0.2703806791,17.72961932,0,0,1,0,558.6480966,558.6480966,0,539,1213,86.13265681
1226,0,558.6480966,556,0,-2.648096604,0,-0.001289362807,-2.648096604,-0.001289362807,0.03952382991,0.03952382991,0,0,1,0,558.6480966,558.6480966,0,539,1214,86.18529701
1227,0,556,1292,-2.648096604,733.3519034,-0.001289362807,0.3570703073,736,0.3583596701,0,12,0,0,1,0,558.6480966,558.6480966,0,539,1215,86.23309684
1228,0,558.6480966,555,0,-3.648096604,0,-0.001776264532,-3.648096604,-0.001776264532,0.05444920305,0.05444920305,0,0,1,0,558.6480966,558.6480966,0,539,1216,86.27760887
1229,0,555,1360,-3.648096604,801.3519034,-0.001776264532,0.3901796247,805,0.3919558892,0,13,0,0,1,0,558.6480966,558.6480966,0,539,1217,86.32579398
1230,0,558.6480966,101861,0,101302.3519,0,49.32428996,101302.3519,49.32428996,0.03952382991,2035.039524,0,0,1,0,558.6480966,558.6480966,0,539,1218,86.37167788
1231,0,558.6480966,558,0,-0.6480966043,0,-0.0003155593551,-0.6480966043,-0.0003155593551,0.1296193209,0.1296193209,0,0,1,0,558.6480966,558.6480966,0,539,1219,86.42470527
1232,0,558,1765,-0.6480966043,1206.351903,-0.0003155593551,0.5873748236,1207,0.587690383,0,19,0,0,1,0,558.6480966,558.6480966,0,539,1220,86.47740102
1233,0,558.6480966,559,0,0.3519033957,0,0.0001713423707,0.3519033957,0.0001713423707,0.07038067914,0.07038067914,0,0,1,0,558.6480966,558.6480966,0,539,1221,86.52270103
1234,0,558.6480966,2027,0,1468.351903,0,0.7149430757,1468.351903,0.7149430757,0.07038067914,23.92961932,0,0,1,0,558.6480966,558.6480966,0,539,1222,86.56814337
1235,0,558.6480966,553,0,-5.648096604,0,-0.002750067984,-5.648096604,-0.002750067984,0.08429994932,0.08429994932,0,0,1,0,558.6480966,558.6480966,0,539,1223,86.61964059
1236,0,553,1157,-5.648096604,598.3519034,-0.002750067984,0.2913385744,604,0.2940886423,0,10,0,0,1,0,558.6480966,558.6480966,0,539,1224,86.66718674
1237,0,558.6480966,554,0,-4.648096604,0,-0.002263166258,-4.648096604,-0.002263166258,0.06937457618,0.06937457618,0,0,1,0,558.6480966,558.6480966,0,539,1225,86.71113944
1238,0,554,1960,-4.648096604,1401.351903,-0.002263166258,0.6823206601,1406,0.6845838264,0,22,0,0,1,0,558.6480966,558.6480966,0,539,1226,86.75861406
1239,0,558.6480966,100019,0,99460.3519,0,48.42741698,99460.3519,48.42741698,0.08429994932,1991.0843,0,0,1,0,558.6480966,558.6480966,0,539,1227,86.80332685
1240,0,558.6480966,559,0,0.3519033957,0,0.0001713423707,0.3519033957,0.0001713423707,0.07038067914,0.07038067914,0,0,1,0,558.6480966,558.6480966,0,539,1228,86.85495019
1241,0,558.6480966,2364,0,1805.351903,0,0.8790289573,1805.351903,0.8790289573,0.07038067914,28.92961932,0,0,1,0,558.6480966,558.6480966,0,539,1229,86.89941788
1242,0,558.6480966,555,0,-3.648096604,0,-0.001776264532,-3.648096604,-0.001776264532,0.05444920305,0.05444920305,0,0,1,0,558.6480966,558.6480966,0,539,1230,86.95142579
1243,0,555,2497,-3.648096604,1938.351903,-0.001776264532,0.9437868868,1942,0.9455631514,0,30,0,0,1,0,558.6480966,558.6480966,0,539,1231,86.99796677
1244,0,558.6480966,554,0,-4.648096604,0,-0.002263166258,-4.648096604,-0.002263166258,0.06937457618,0.06937457618,0,0,1,0,558.6480966,558.6480966,0,539,1232,87.04206872
1245,0,554,1694,-4.648096604,1135.351903,-0.002263166258,0.5528048011,1140,0.5550679673,0,18,0,0,1,0,558.6480966,558.6480966,0,539,1233,87.08943939
1246,0,558.6480966,100179,0,99620.3519,0,48.50532126,99620.3519,48.50532126,0.05444920305,1983.945551,0,0,1,0,558.6480966,558.6480966,0,539,1234,87.13487148
1247,0,558.6480966,557,0,-1.648096604,0,-0.0008024610808,-1.648096604,-0.0008024610808,0.3296193209,0.3296193209,0,0,1,0,558.6480966,558.6480966,0,539,1235,87.18430758
1248,0,557,2499,-1.648096604,1940.351903,-0.0008024610808,0.9447606903,1942,0.9455631514,0,30,0,0,1,0,558.6480966,558.6480966,0,539,1236,87.23738575
1249,0,558.6480966,556,0,-2.648096604,0,-0.001289362807,-2.648096604,-0.001289362807,0.03952382991,0.03952382991,0,0,1,0,558.6480966,558.6480966,0,539,1237,87.2820375
1250,0,556,1830,-2.648096604,1271.351903,-0.001289362807,0.6190234358,1274,0.6203127986,0,20,0,0,1,0,558.6480966,558.6480966,0,539,1238,87.32967806
1251,0,558.6480966,100764,0,100205.3519,0,48.79015877,100205.3519,48.79015877,0.02459845678,1998.024598,0,0,1,0,558.6480966,558.6480966,0,539,1239,87.37500119
1252,0,558.6480966,561,0,2.351903396,0,0.001145145822,2.351903396,0.001145145822,0.4703806791,0.4703806791,0,0,1,0,558.6480966,558.6480966,0,539,1240,87.42763352
1253,0,558.6480966,1160,0,601.3519034,0,0.2927992795,601.3519034,0.2927992795,0.4703806791,10.52961932,0,0,1,0,558.6480966,558.6480966,0,539,1241,87.47220659
1254,0,558.6480966,557,0,-1.648096604,0,-0.0008024610808,-1.648096604,-0.0008024610808,0.02459845678,0.02459845678,0,0,1,0,558.6480966,558.6480966,0,539,1242,87.52451468
1255,0,557,1762,-1.648096604,1203.351903,-0.0008024610808,0.5859141184,1205,0.5867165795,0,19,0,0,1,0,558.6480966,558.6480966,0,539,1243,87.57203484
1256,0,558.6480966,556,0,-2.648096604,0,-0.001289362807,-2.648096604,-0.001289362807,0.03952382991,0.03952382991,0,0,1,0,558.6480966,558.6480966,0,539,1244,87.61676764
1257,0,556,1495,-2.648096604,936.3519034,-0.001289362807,0.4559113577,939,0.4572007205,0,15,0,0,1,0,558.6480966,558.6480966,0,539,1245,87.66531849
1258,0,558.6480966,105165,0,104606.3519,0,50.93301326,104606.3519,50.93301326,0.02459845678,2034.024598,0,0,1,0,558.6480966,558.6480966,0,539,1246,87.71024895
1259,0,558.6480966,558,0,-0.6480966043,0,-0.0003155593551,-0.6480966043,-0.0003155593551,0.1296193209,0.1296193209,0,0,1,0,558.6480966,558.6480966,0,539,1247,87.76299405
1260,0,558,1160,-0.6480966043,601.3519034,-0.0003155593551,0.2927992795,602,0.2931148389,0,10,0,0,1,0,558.6480966,558.6480966,0,539,1248,87.81400442
1261,0,558.6480966,557,0,-1.648096604,0,-0.0008024610808,-1.648096604,-0.0008024610808,0.02459845678,0.02459845678,0,0,1,0,558.6480966,558.6480966,0,539,1249,87.85855055
1262,0,557,1831,-1.648096604,1272.351903,-0.0008024610808,0.6195103375,1274,0.6203127986,0,20,0,0,1,0,558.6480966,558.6480966,0,539,1250,87.90521646
1263,0,558.6480966,96796,0,96237.3519,0,46.85813272,96237.3519,46.85813272,0.009673083646,1924.009673,0,0,1,0,558.6480966,558.6480966,0,539,1251,87.94945335
1264,0,558.6480966,561,0,2.351903396,0,0.001145145822,2.351903396,0.001145145822,0.4703806791,0.4703806791,0,0,1,0,558.6480966,558.6480966,0,539,1252,88.00057054
1265,0,558.6480966,1962,0,1403.351903,0,0.6832944636,1403.351903,0.6832944636,0.4703806791,22.52961932,0,0,1,0,558.6480966,558.6480966,0,539,1253,88.04436541
1266,0,558.6480966,555,0,-3.648096604,0,-0.001776264532,-3.648096604,-0.001776264532,0.05444920305,0.05444920305,0,0,1,0,558.6480966,558.6480966,0,539,1254,88.09533119
1267,0,555,1628,-3.648096604,1069.351903,-0.001776264532,0.5206692872,1073,0.5224455517,0,17,0,0,1,0,558.6480966,558.6480966,0,539,1255,88.14215803
1268,0,558.6480966,556,0,-2.648096604,0,-0.001289362807,-2.648096604,-0.001289362807,0.03952382991,0.03952382991,0,0,1,0,558.6480966,558.6480966,0,539,1256,88.18575954
1269,0,556,2029,-2.648096604,1470.351903,-0.001289362807,0.7159168792,1473,0.717206242,0,23,0,0,1,0,558.6480966,558.6480966,0,539,1257,88.23299146
1270,0,558.6480966,104011,0,103452.3519,0,50.37112867,103452.3519,50.37112867,0.05444920305,2046.054449,0,0,1,0,558.6480966,558.6480966,0,539,1258,88.27852798
1271,0,558.6480966,560,0,1.351903396,0,0.0006582440964,1.351903396,0.0006582440964,0.2703806791,0.2703806791,0,0,1,0,558.6480966,558.6480966,0,539,1259,88.3308723
1272,0,558.6480966,1827,0,1268.351903,0,0.6175627306,1268.351903,0.6175627306,0.2703806791,20.72961932,0,0,1,0,558.6480966,558.6480966,0,539,1260,88.37525535
1273,0,558.6480966,554,0,-4.648096604,0,-0.002263166258,-4.648096604,-0.002263166258,0.06937457618,0.06937457618,0,0,1,0,558.6480966,558.6480966,0,539,1261,88.42736745
1274,0,554,1761,-4.648096604,1202.351903,-0.002263166258,0.5854272167,1207,0.587690383,0,19,0,0,1,0,558.6480966,558.6480966,0,539,1262,88.47458291
1275,0,558.6480966,555,0,-3.648096604,0,-0.001776264532,-3.648096604,-0.001776264532,0.05444920305,0.05444920305,0,0,1,0,558.6480966,558.6480966,0,539,1263,88.51932263
1276,0,555,1559,-3.648096604,1000.351903,-0.001776264532,0.4870730681,1004,0.4888493326,0,16,0,0,1,0,558.6480966,558.6480966,0,539,1264,88.56751442
1277,0,558.6480966,99476,0,98917.3519,0,48.16302935,98917.3519,48.16302935,0.06937457618,1992.069375,0,0,1,0,558.6480966,558.6480966,0,539,1265,88.61310768
1278,0,558.6480966,559,0,0.3519033957,0,0.0001713423707,0.3519033957,0.0001713423707,0.07038067914,0.07038067914,0,0,1,0,558.6480966,558.6480966,0,539,1266,88.66611099
1279,0,558.6480966,2431,0,1872.351903,0,0.9116513729,1872.351903,0.9116513729,0.07038067914,29.92961932,0,0,1,0,558.6480966,558.6480966,0,539,1267,88.7109201
1280,0,558.6480966,555,0,-3.648096604,0,-0.001776264532,-3.648096604,-0.001776264532,0.05444920305,0.05444920305,0,0,1,0,558.6480966,558.6480966,0,539,1268,88.76391315
1281,0,555,1894,-3.648096604,1335.351903,-0.001776264532,0.6501851462,1339,0.6519614108,0,21,0,0,1,0,558.6480966,558.6480966,0,539,1269,88.81078696
1282,0,558.6480966,554,0,-4.648096604,0,-0.002263166258,-4.648096604,-0.002263166258,0.06937457618,0.06937457618,0,0,1,0,558.6480966,558.6480966,0,539,1270,88.85623407
1283,0,554,1158,-4.648096604,599.3519034,-0.002263166258,0.2918254761,604,0.2940886423,0,10,0,0,1,0,558.6480966,558.6480966,0,539,1271,88.90443921
1284,0,558.6480966,102432,0,101873.3519,0,49.60231085,101873.3519,49.60231085,0.05444920305,1994.945551,0,0,1,0,558.6480966,558.6480966,0,539,1272,88.94995904
1285,0,558.6480966,560,0,1.351903396,0,0.0006582440964,1.351903396,0.0006582440964,0.2703806791,0.2703806791,0,0,1,0,558.6480966,558.6480966,0,539,1273,88.99787188
1286,0,558.6480966,1291,0,732.3519034,0,0.3565834056,732.3519034,0.3565834056,0.2703806791,12.72961932,0,0,1,0,558.6480966,558.6480966,0,539,1274,89.04246664
1287,0,558.6480966,554,0,-4.648096604,0,-0.002263166258,-4.648096604,-0.002263166258,0.06937457618,0.06937457618,0,0,1,0,558.6480966,558.6480966,0,539,1275,89.09459043
1288,0,554,1694,-4.648096604,1135.351903,-0.002263166258,0.5528048011,1140,0.5550679673,0,18,0,0,1,0,558.6480966,558.6480966,0,539,1276,89.141819
1289,0,558.6480966,555,0,-3.648096604,0,-0.001776264532,-3.648096604,-0.001776264532,0.05444920305,0.05444920305,0,0,1,0,558.6480966,558.6480966,0,539,1277,89.18591523
1290,0,555,2363,-3.648096604,1804.351903,-0.001776264532,0.8785420556,1808,0.8803183201,0,28,0,0,1,0,558.6480966,558.6480966,0,539,1278,89.23259664
1291,0,558.6480966,100361,0,99802.3519,0,48.59393737,99802.3519,48.59393737,0.06937457618,1971.930625,0,0,1,0,558.6480966,558.6480966,0,539,1279,89.27715683
1292,0,558.6480966,561,0,2.351903396,0,0.001145145822,2.351903396,0.001145145822,0.4703806791,0.4703806791,0,0,1,0,558.6480966,558.6480966,0,539,1280,89.32491374
1293,0,558.6480966,2031,0,1472.351903,0,0.7168906827,1472.351903,0.7168906827,0.4703806791,23.52961932,0,0,1,0,558.6480966,558.6480966,0,539,1281,89.36969471
1294,0,558.6480966,557,0,-1.648096604,0,-0.0008024610808,-1.648096604,-0.0008024610808,0.02459845678,0.02459845678,0,0,1,0,558.6480966,558.6480966,0,539,1282,89.42236352
1295,0,557,2432,-1.648096604,1873.351903,-0.0008024610808,0.9121382747,1875,0.9129407358,0,29,0,0,1,0,558.6480966,558.6480966,0,539,1283,89.46962714
1296,0,558.6480966,556,0,-2.648096604,0,-0.001289362807,-2.648096604,-0.001289362807,0.03952382991,0.03952382991,0,0,1,0,558.6480966,558.6480966,0,539,1284,89.51423383
1297,0,556,1763,-2.648096604,1204.351903,-0.001289362807,0.5864010202,1207,0.587690383,0,19,0,0,1,0,558.6480966,558.6480966,0,539,1285,89.56281066
1298,0,558.6480966,99273,0,98714.3519,0,48.0641883,98714.3519,48.0641883,0.02459845678,1988.024598,0,0,1,0,558.6480966,558.6480966,0,539,1286,89.60837078
1299,0,558.6480966,559,0,0.3519033957,0,0.0001713423707,0.3519033957,0.0001713423707,0.07038067914,0.07038067914,0,0,1,0,558.6480966,558.6480966,0,539,1287,89.66062546
1300,0,558.6480966,2027,0,1468.351903,0,0.7149430757,1468.351903,0.7149430757,0.07038067914,23.92961932,0,0,1,0,558.6480966,558.6480966,0,539,1288,89.70568848
1301,0,558.6480966,553,0,-5.648096604,0,-0.002750067984,-5.648096604,-0.002750067984,0.08429994932,0.08429994932,0,0,1,0,558.6480966,558.6480966,0,539,1289,89.75913048
1302,0,553,2229,-5.648096604,1670.351903,-0.002750067984,0.8132972243,1676,0.8160472923,0,26,0,0,1,0,558.6480966,558.6480966,0,539,1290,89.80750799
1303,0,558.6480966,554,0,-4.648096604,0,-0.002263166258,-4.648096604,-0.002263166258,0.06937457618,0.06937457618,0,0,1,0,558.6480966,558.6480966,0,539,1291,89.85223222
1304,0,554,2295,-4.648096604,1736.351903,-0.002263166258,0.8454327382,1741,0.8476959045,0,27,0,0,1,0,558.6480966,558.6480966,0,539,1292,89.90033102
1305,0,558.6480966,100620,0,100061.3519,0,48.72004492,100061.3519,48.72004492,0.08429994932,1964.0843,0,0,1,0,558.6480966,558.6480966,0,539,1293,89.94502592
1306,0,558.6480966,557,0,-1.648096604,0,-0.0008024610808,-1.648096604,-0.0008024610808,0.3296193209,0.3296193209,0,0,1,0,558.6480966,558.6480966,0,539,1294,89.9973321
1307,0,557,1630,-1.648096604,1071.351903,-0.0008024610808,0.5216430906,1073,0.5224455517,0,17,0,0,1,0,558.6480966,558.6480966,0,539,1295,90.05041099
1308,0,558.6480966,558,0,-0.6480966043,0,-0.0003155593551,-0.6480966043,-0.0003155593551,0.009673083646,0.009673083646,0,0,1,0,558.6480966,558.6480966,0,539,1296,90.09488559
1309,0,558,1495,-0.6480966043,936.3519034,-0.0003155593551,0.4559113577,937,0.456226917,0,15,0,0,1,0,558.6480966,558.6480966,0,539,1297,90.14196634
1310,0,558.6480966,95330,0,94771.3519,0,46.14433479,94771.3519,46.14433479,0.02459845678,1895.024598,0,0,1,0,558.6480966,558.6480966,0,539,1298,90.18608642
1311,0,558.6480966,558,0,-0.6480966043,0,-0.0003155593551,-0.6480966043,-0.0003155593551,0.1296193209,0.1296193209,0,0,1,0,558.6480966,558.6480966,0,539,1299,90.23767805
1312,0,558,2368,-0.6480966043,1809.351903,-0.0003155593551,0.8809765642,1810,0.8812921236,0,28,0,0,1,0,558.6480966,558.6480966,0,539,1300,90.28917694
1313,0,558.6480966,559,0,0.3519033957,0,0.0001713423707,0.3519033957,0.0001713423707,0.07038067914,0.07038067914,0,0,1,0,558.6480966,558.6480966,0,539,1301,90.3328023
1314,0,558.6480966,2295,0,1736.351903,0,0.8454327382,1736.351903,0.8454327382,0.07038067914,27.92961932,0,0,1,0,558.6480966,558.6480966,0,539,1302,90.3766737
1315,0,558.6480966,553,0,-5.648096604,0,-0.002750067984,-5.648096604,-0.002750067984,0.08429994932,0.08429994932,0,0,1,0,558.6480966,558.6480966,0,539,1303,90.42864203
1316,0,553,2229,-5.648096604,1670.351903,-0.002750067984,0.8132972243,1676,0.8160472923,0,26,0,0,1,0,558.6480966,558.6480966,0,539,1304,90.47545552
1317,0,558.6480966,554,0,-4.648096604,0,-0.002263166258,-4.648096604,-0.002263166258,0.06937457618,0.06937457618,0,0,1,0,558.6480966,558.6480966,0,539,1305,90.5200696
1318,0,554,1692,-4.648096604,1133.351903,-0.002263166258,0.5518309976,1138,0.5540941639,0,18,0,0,1,0,558.6480966,558.6480966,0,539,1306,90.56771684
1319,0,558.6480966,102732,0,102173.3519,0,49.74838137,102173.3519,49.74838137,0.08429994932,2001.9157,0,0,1,0,558.6480966,558.6480966,0,539,1307,90.61284804
1320,0,558.6480966,557,0,-1.648096604,0,-0.0008024610808,-1.648096604,-0.0008024610808,0.3296193209,0.3296193209,0,0,1,0,558.6480966,558.6480966,0,539,1308,90.66166496
1321,0,557,2434,-1.648096604,1875.351903,-0.0008024610808,0.9131120781,1877,0.9139145392,0,29,0,0,1,0,558.6480966,558.6480966,0,539,1309,90.71509814
1322,0,558.6480966,558,0,-0.6480966043,0,-0.0003155593551,-0.6480966043,-0.0003155593551,0.009673083646,0.009673083646,0,0,1,0,558.6480966,558.6480966,0,539,1310,90.76041842
1323,0,558,2098,-0.6480966043,1539.351903,-0.0003155593551,0.7495130983,1540,0.7498286576,0,24,0,0,1,0,558.6480966,558.6480966,0,539,1311,90.81042099
1324,0,558.6480966,99424,0,98865.3519,0,48.13771046,98865.3519,48.13771046,0.02459845678,1977.975402,0,0,1,0,558.6480966,558.6480966,0,539,1312,90.85666585
1325,0,558.6480966,557,0,-1.648096604,0,-0.0008024610808,-1.648096604,-0.0008024610808,0.3296193209,0.3296193209,0,0,1,0,558.6480966,558.6480966,0,539,1313,90.90502405
1326,0,557,2367,-1.648096604,1808.351903,-0.0008024610808,0.8804896625,1810,0.8812921236,0,28,0,0,1,0,558.6480966,558.6480966,0,539,1314,90.95876312
1327,0,558.6480966,558,0,-0.6480966043,0,-0.0003155593551,-0.6480966043,-0.0003155593551,0.009673083646,0.009673083646,0,0,1,0,558.6480966,558.6480966,0,539,1315,91.00428176
1328,0,558,1160,-0.6480966043,601.3519034,-0.0003155593551,0.2927992795,602,0.2931148389,0,10,0,0,1,0,558.6480966,558.6480966,0,539,1316,91.05263066
1329,0,558.6480966,98793,0,98234.3519,0,47.83047547,98234.3519,47.83047547,0.02459845678,1961.024598,0,0,1,0,558.6480966,558.6480966,0,539,1317,91.09867692
1330,0,558.6480966,561,0,2.351903396,0,0.001145145822,2.351903396,0.001145145822,0.4703806791,0.4703806791,0,0,1,0,558.6480966,558.6480966,0,539,1318,91.15024233
1331,0,558.6480966,1830,0,1271.351903,0,0.6190234358,1271.351903,0.6190234358,0.4703806791,20.52961932,0,0,1,0,558.6480966,558.6480966,0,539,1319,91.19389415
1332,0,558.6480966,557,0,-1.648096604,0,-0.0008024610808,-1.648096604,-0.0008024610808,0.02459845678,0.02459845678,0,0,1,0,558.6480966,558.6480966,0,539,1320,91.24570775
1333,0,557,2030,-1.648096604,1471.351903,-0.0008024610808,0.7164037809,1473,0.717206242,0,23,0,0,1,0,558.6480966,558.6480966,0,539,1321,91.29298568
1334,0,558.6480966,556,0,-2.648096604,0,-0.001289362807,-2.648096604,-0.001289362807,0.03952382991,0.03952382991,0,0,1,0,558.6480966,558.6480966,0,539,1322,91.33684778
1335,0,556,1361,-2.648096604,802.3519034,-0.001289362807,0.3906665264,805,0.3919558892,0,13,0,0,1,0,558.6480966,558.6480966,0,539,1323,91.38407493
1336,0,558.6480966,101399,0,100840.3519,0,49.09934137,100840.3519,49.09934137,0.02459845678,2014.024598,0,0,1,0,558.6480966,558.6480966,0,539,1324,91.42811799
1337,0,558.6480966,557,0,-1.648096604,0,-0.0008024610808,-1.648096604,-0.0008024610808,0.3296193209,0.3296193209,0,0,1,0,558.6480966,558.6480966,0,539,1325,91.4788456
1338,0,557,2030,-1.648096604,1471.351903,-0.0008024610808,0.7164037809,1473,0.717206242,0,23,0,0,1,0,558.6480966,558.6480966,0,539,1326,91.53037119
1339,0,558.6480966,556,0,-2.648096604,0,-0.001289362807,-2.648096604,-0.001289362807,0.03952382991,0.03952382991,0,0,1,0,558.6480966,558.6480966,0,539,1327,91.5741632
1340,0,556,1763,-2.648096604,1204.351903,-0.001289362807,0.5864010202,1207,0.587690383,0,19,0,0,1,0,558.6480966,558.6480966,0,539,1328,91.62070799
1341,0,558.6480966,99972,0,99413.3519,0,48.4045326,99413.3519,48.4045326,0.02459845678,1992.024598,0,0,1,0,558.6480966,558.6480966,0,539,1329,91.66504908
1342,0,558.6480966,558,0,-0.6480966043,0,-0.0003155593551,-0.6480966043,-0.0003155593551,0.1296193209,0.1296193209,0,0,1,0,558.6480966,558.6480966,0,539,1330,91.71742868
1343,0,558,1562,-0.6480966043,1003.351903,-0.0003155593551,0.4885337733,1004,0.4888493326,0,16,0,0,1,0,558.6480966,558.6480966,0,539,1331,91.76906729
1344,0,558.6480966,557,0,-1.648096604,0,-0.0008024610808,-1.648096604,-0.0008024610808,0.02459845678,0.02459845678,0,0,1,0,558.6480966,558.6480966,0,539,1332,91.81313396
1345,0,557,1563,-1.648096604,1004.351903,-0.0008024610808,0.489020675,1006,0.4898231361,0,16,0,0,1,0,558.6480966,558.6480966,0,539,1333,91.86123157
1346,0,558.6480966,98701,0,98142.3519,0,47.78568051,98142.3519,47.78568051,0.009673083646,1977.009673,0,0,1,0,558.6480966,558.6480966,0,539,1334,91.90712857
1347,0,558.6480966,560,0,1.351903396,0,0.0006582440964,1.351903396,0.0006582440964,0.2703806791,0.2703806791,0,0,1,0,558.6480966,558.6480966,0,539,1335,91.95966125
1348,0,558.6480966,2430,0,1871.351903,0,0.9111644712,1871.351903,0.9111644712,0.2703806791,29.72961932,0,0,1,0,558.6480966,558.6480966,0,539,1336,92.0040803
1349,0,558.6480966,554,0,-4.648096604,0,-0.002263166258,-4.648096604,-0.002263166258,0.06937457618,0.06937457618,0,0,1,0,558.6480966,558.6480966,0,539,1337,92.05604315
1350,0,554,2230,-4.648096604,1671.351903,-0.002263166258,0.8137841261,1676,0.8160472923,0,26,0,0,1,0,558.6480966,558.6480966,0,539,1338,92.10388446
1351,0,558.6480966,555,0,-3.648096604,0,-0.001776264532,-3.648096604,-0.001776264532,0.05444920305,0.05444920305,0,0,1,0,558.6480966,558.6480966,0,539,1339,92.14886379
1352,0,555,2430,-3.648096604,1871.351903,-0.001776264532,0.9111644712,1875,0.9129407358,0,29,0,0,1,0,558.6480966,558.6480966,0,539,1340,92.19649243
1353,0,558.6480966,102950,0,102391.3519,0,49.85452594,102391.3519,49.85452594,0.06937457618,2037.930625,0,0,1,0,558.6480966,558.6480966,0,539,1341,92.24209452
1354,0,558.6480966,559,0,0.3519033957,0,0.0001713423707,0.3519033957,0.0001713423707,0.07038067914,0.07038067914,0,0,1,0,558.6480966,558.6480966,0,539,1342,92.29032254
1355,0,558.6480966,1960,0,1401.351903,0,0.6823206601,1401.351903,0.6823206601,0.07038067914,22.92961932,0,0,1,0,558.6480966,558.6480966,0,539,1343,92.3347764
1356,0,558.6480966,553,0,-5.648096604,0,-0.002750067984,-5.648096604,-0.002750067984,0.08429994932,0.08429994932,0,0,1,0,558.6480966,558.6480966,0,539,1344,92.38624048
1357,0,553,1358,-5.648096604,799.3519034,-0.002750067984,0.3892058212,805,0.3919558892,0,13,0,0,1,0,558.6480966,558.6480966,0,539,1345,92.43345046
1358,0,558.6480966,554,0,-4.648096604,0,-0.002263166258,-4.648096604,-0.002263166258,0.06937457618,0.06937457618,0,0,1,0,558.6480966,558.6480966,0,539,1346,92.4778769
1359,0,554,1424,-4.648096604,865.3519034,-0.002263166258,0.4213413351,870,0.4236045014,0,14,0,0,1,0,558.6480966,558.6480966,0,539,1347,92.52509069
1360,0,558.6480966,97870,0,97311.3519,0,47.38106518,97311.3519,47.38106518,0.08429994932,1962.9157,0,0,1,0,558.6480966,558.6480966,0,539,1348,92.56971335
1361,0,558.6480966,558,0,-0.6480966043,0,-0.0003155593551,-0.6480966043,-0.0003155593551,0.1296193209,0.1296193209,0,0,1,0,558.6480966,558.6480966,0,539,1349,92.61658096
1362,0,558,1296,-0.6480966043,737.3519034,-0.0003155593551,0.3590179142,738,0.3593334736,0,12,0,0,1,0,558.6480966,558.6480966,0,539,1350,92.6676743
1363,0,558.6480966,559,0,0.3519033957,0,0.0001713423707,0.3519033957,0.0001713423707,0.07038067914,0.07038067914,0,0,1,0,558.6480966,558.6480966,0,539,1351,92.71141362
1364,0,558.6480966,1893,0,1334.351903,0,0.6496982445,1334.351903,0.6496982445,0.07038067914,21.92961932,0,0,1,0,558.6480966,558.6480966,0,539,1352,92.7557478
1365,0,558.6480966,553,0,-5.648096604,0,-0.002750067984,-5.648096604,-0.002750067984,0.08429994932,0.08429994932,0,0,1,0,558.6480966,558.6480966,0,539,1353,92.80850697
1366,0,553,1559,-5.648096604,1000.351903,-0.002750067984,0.4870730681,1006,0.4898231361,0,16,0,0,1,0,558.6480966,558.6480966,0,539,1354,92.85666418
1367,0,558.6480966,554,0,-4.648096604,0,-0.002263166258,-4.648096604,-0.002263166258,0.06937457618,0.06937457618,0,0,1,0,558.6480966,558.6480966,0,539,1355,92.90227127
1368,0,554,2429,-4.648096604,1870.351903,-0.002263166258,0.9106775695,1875,0.9129407358,0,29,0,0,1,0,558.6480966,558.6480966,0,539,1356,92.95092511
1369,0,558.6480966,98812,0,98253.3519,0,47.8397266,98253.3519,47.8397266,0.08429994932,1947.0843,0,0,1,0,558.6480966,558.6480966,0,539,1357,92.99682903
1370,0,558.6480966,557,0,-1.648096604,0,-0.0008024610808,-1.648096604,-0.0008024610808,0.3296193209,0.3296193209,0,0,1,0,558.6480966,558.6480966,0,539,1358,93.05035353
1371,0,557,2300,-1.648096604,1741.351903,-0.0008024610808,0.8478672469,1743,0.848669708,0,27,0,0,1,0,558.6480966,558.6480966,0,539,1359,93.10273004
1372,0,558.6480966,558,0,-0.6480966043,0,-0.0003155593551,-0.6480966043,-0.0003155593551,0.009673083646,0.009673083646,0,0,1,0,558.6480966,558.6480966,0,539,1360,93.14719343
1373,0,558,1964,-0.6480966043,1405.351903,-0.0003155593551,0.684268267,1406,0.6845838264,0,22,0,0,1,0,558.6480966,558.6480966,0,539,1361,93.19498873
1374,0,558.6480966,99135,0,98576.3519,0,47.99699586,98576.3519,47.99699586,0.02459845678,2005.024598,0,0,1,0,558.6480966,558.6480966,0,539,1362,93.24063873
1375,0,558.6480966,559,0,0.3519033957,0,0.0001713423707,0.3519033957,0.0001713423707,0.07038067914,0.07038067914,0,0,1,0,558.6480966,558.6480966,0,539,1363,93.29419255
1376,0,558.6480966,1761,0,1202.351903,0,0.5854272167,1202.351903,0.5854272167,0.07038067914,19.92961932,0,0,1,0,558.6480966,558.6480966,0,539,1364,93.3387208
1377,0,558.6480966,555,0,-3.648096604,0,-0.001776264532,-3.648096604,-0.001776264532,0.05444920305,0.05444920305,0,0,1,0,558.6480966,558.6480966,0,539,1365,93.39063191
1378,0,555,1559,-3.648096604,1000.351903,-0.001776264532,0.4870730681,1004,0.4888493326,0,16,0,0,1,0,558.6480966,558.6480966,0,539,1366,93.43769646
1379,0,558.6480966,554,0,-4.648096604,0,-0.002263166258,-4.648096604,-0.002263166258,0.06937457618,0.06937457618,0,0,1,0,558.6480966,558.6480966,0,539,1367,93.48212361
1380,0,554,2297,-4.648096604,1738.351903,-0.002263166258,0.8464065417,1743,0.848669708,0,27,0,0,1,0,558.6480966,558.6480966,0,539,1368,93.5302422
1381,0,558.6480966,104117,0,103558.3519,0,50.42274026,103558.3519,50.42274026,0.05444920305,2030.054449,0,0,1,0,558.6480966,558.6480966,0,539,1369,93.57513809
1382,0,558.6480966,557,0,-1.648096604,0,-0.0008024610808,-1.648096604,-0.0008024610808,0.3296193209,0.3296193209,0,0,1,0,558.6480966,558.6480966,0,539,1370,93.62763047
1383,0,557,1762,-1.648096604,1203.351903,-0.0008024610808,0.5859141184,1205,0.5867165795,0,19,0,0,1,0,558.6480966,558.6480966,0,539,1371,93.68013382
1384,0,558.6480966,556,0,-2.648096604,0,-0.001289362807,-2.648096604,-0.001289362807,0.03952382991,0.03952382991,0,0,1,0,558.6480966,558.6480966,0,539,1372,93.72467899
1385,0,556,1897,-2.648096604,1338.351903,-0.001289362807,0.6516458514,1341,0.6529352142,0,21,0,0,1,0,558.6480966,558.6480966,0,539,1373,93.77129602
1386,0,558.6480966,97563,0,97004.3519,0,47.23158635,97004.3519,47.23158635,0.02459845678,1966.024598,0,0,1,0,558.6480966,558.6480966,0,539,1374,93.81557488
1387,0,558.6480966,559,0,0.3519033957,0,0.0001713423707,0.3519033957,0.0001713423707,0.07038067914,0.07038067914,0,0,1,0,558.6480966,558.6480966,0,539,1375,93.86721277
1388,0,558.6480966,1357,0,798.3519034,0,0.3887189195,798.3519034,0.3887189195,0.07038067914,13.92961932,0,0,1,0,558.6480966,558.6480966,0,539,1376,93.9114573
1389,0,558.6480966,553,0,-5.648096604,0,-0.002750067984,-5.648096604,-0.002750067984,0.08429994932,0.08429994932,0,0,1,0,558.6480966,558.6480966,0,539,1377,93.96311331
1390,0,553,1894,-5.648096604,1335.351903,-0.002750067984,0.6501851462,1341,0.6529352142,0,21,0,0,1,0,558.6480966,558.6480966,0,539,1378,94.00990319
1391,0,558.6480966,554,0,-4.648096604,0,-0.002263166258,-4.648096604,-0.002263166258,0.06937457618,0.06937457618,0,0,1,0,558.6480966,558.6480966,0,539,1379,94.05357671
1392,0,554,2295,-4.648096604,1736.351903,-0.002263166258,0.8454327382,1741,0.8476959045,0,27,0,0,1,0,558.6480966,558.6480966,0,539,1380,94.10091782
1393,0,558.6480966,103728,0,103169.3519,0,50.23333548,103169.3519,50.23333548,0.08429994932,2045.0843,0,0,1,0,558.6480966,558.6480966,0,539,1381,94.14557362
1394,0,558.6480966,559,0,0.3519033957,0,0.0001713423707,0.3519033957,0.0001713423707,0.07038067914,0.07038067914,0,0,1,0,558.6480966,558.6480966,0,539,1382,94.1970892
1395,0,558.6480966,2431,0,1872.351903,0,0.9116513729,1872.351903,0.9116513729,0.07038067914,29.92961932,0,0,1,0,558.6480966,558.6480966,0,539,1383,94.24114513
1396,0,558.6480966,555,0,-3.648096604,0,-0.001776264532,-3.648096604,-0.001776264532,0.05444920305,0.05444920305,0,0,1,0,558.6480966,558.6480966,0,539,1384,94.29356933
1397,0,555,2363,-3.648096604,1804.351903,-0.001776264532,0.8785420556,1808,0.8803183201,0,28,0,0,1,0,558.6480966,558.6480966,0,539,1385,94.34040785
1398,0,558.6480966,554,0,-4.648096604,0,-0.002263166258,-4.648096604,-0.002263166258,0.06937457618,0.06937457618,0,0,1,0,558.6480966,558.6480966,0,539,1386,94.384727
1399,0,554,2230,-4.648096604,1671.351903,-0.002263166258,0.8137841261,1676,0.8160472923,0,26,0,0,1,0,558.6480966,558.6480966,0,539,1387,94.43211007
1400,0,558.6480966,101852,0,101293.3519,0,49.31990785,101293.3519,49.31990785,0.05444920305,2005.945551,0,0,1,0,558.6480966,558.6480966,0,539,1388,94.47702742
1401,0,558.6480966,557,0,-1.648096604,0,-0.0008024610808,-1.648096604,-0.0008024610808,0.3296193209,0.3296193209,0,0,1,0,558.6480966,558.6480966,0,539,1389,94.52659249
1402,0,557,1695,-1.648096604,1136.351903,-0.0008024610808,0.5532917028,1138,0.5540941639,0,18,0,0,1,0,558.6480966,558.6480966,0,539,1390,94.5796895
1403,0,558.6480966,556,0,-2.648096604,0,-0.001289362807,-2.648096604,-0.001289362807,0.03952382991,0.03952382991,0,0,1,0,558.6480966,558.6480966,0,539,1391,94.62467933
1404,0,556,1629,-2.648096604,1070.351903,-0.001289362807,0.5211561889,1073,0.5224455517,0,17,0,0,1,0,558.6480966,558.6480966,0,539,1392,94.67254043
1405,0,558.6480966,102928,0,102369.3519,0,49.8438141,102369.3519,49.8438141,0.02459845678,2019.975402,0,0,1,0,558.6480966,558.6480966,0,539,1393,94.71662998
1406,0,558.6480966,559,0,0.3519033957,0,0.0001713423707,0.3519033957,0.0001713423707,0.07038067914,0.07038067914,0,0,1,0,558.6480966,558.6480966,0,539,1394,94.76447344
1407,0,558.6480966,1893,0,1334.351903,0,0.6496982445,1334.351903,0.6496982445,0.07038067914,21.92961932,0,0,1,0,558.6480966,558.6480966,0,539,1395,94.80881381
1408,0,558.6480966,553,0,-5.648096604,0,-0.002750067984,-5.648096604,-0.002750067984,0.08429994932,0.08429994932,0,0,1,0,558.6480966,558.6480966,0,539,1396,94.86076617
1409,0,553,2229,-5.648096604,1670.351903,-0.002750067984,0.8132972243,1676,0.8160472923,0,26,0,0,1,0,558.6480966,558.6480966,0,539,1397,94.90840125
1410,0,558.6480966,554,0,-4.648096604,0,-0.002263166258,-4.648096604,-0.002263166258,0.06937457618,0.06937457618,0,0,1,0,558.6480966,558.6480966,0,539,1398,94.95291615
1411,0,554,1893,-4.648096604,1334.351903,-0.002263166258,0.6496982445,1339,0.6519614108,0,21,0,0,1,0,558.6480966,558.6480966,0,539,1399,94.99982333
1412,0,558.6480966,103933,0,103374.3519,0,50.33315034,103374.3519,50.33315034,0.08429994932,2060.9157,0,0,1,0,558.6480966,558.6480966,0,539,1400,95.04396701
1413,0,558.6480966,561,0,2.351903396,0,0.001145145822,2.351903396,0.001145145822,0.4703806791,0.4703806791,0,0,1,0,558.6480966,558.6480966,0,539,1401,95.09243584
1414,0,558.6480966,1627,0,1068.351903,0,0.5201823855,1068.351903,0.5201823855,0.4703806791,17.52961932,0,0,1,0,558.6480966,558.6480966,0,539,1402,95.13711143
1415,0,558.6480966,555,0,-3.648096604,0,-0.001776264532,-3.648096604,-0.001776264532,0.05444920305,0.05444920305,0,0,1,0,558.6480966,558.6480966,0,539,1403,95.18945956
1416,0,555,1494,-3.648096604,935.3519034,-0.001776264532,0.4554244559,939,0.4572007205,0,15,0,0,1,0,558.6480966,558.6480966,0,539,1404,95.23716426
1417,0,558.6480966,556,0,-2.648096604,0,-0.001289362807,-2.648096604,-0.001289362807,0.03952382991,0.03952382991,0,0,1,0,558.6480966,558.6480966,0,539,1405,95.28248477
1418,0,556,2297,-2.648096604,1738.351903,-0.001289362807,0.8464065417,1741,0.8476959045,0,27,0,0,1,0,558.6480966,558.6480966,0,539,1406,95.3305757
1419,0,558.6480966,101580,0,101021.3519,0,49.18747058,101021.3519,49.18747058,0.05444920305,2050.054449,0,0,1,0,558.6480966,558.6480966,0,539,1407,95.37599516
1420,0,558.6480966,561,0,2.351903396,0,0.001145145822,2.351903396,0.001145145822,0.4703806791,0.4703806791,0,0,1,0,558.6480966,558.6480966,0,539,1408,95.42829299
1421,0,558.6480966,1629,0,1070.351903,0,0.5211561889,1070.351903,0.5211561889,0.4703806791,17.52961932,0,0,1,0,558.6480966,558.6480966,0,539,1409,95.47449517
1422,0,558.6480966,557,0,-1.648096604,0,-0.0008024610808,-1.648096604,-0.0008024610808,0.02459845678,0.02459845678,0,0,1,0,558.6480966,558.6480966,0,539,1410,95.52779078
1423,0,557,1494,-1.648096604,935.3519034,-0.0008024610808,0.4554244559,937,0.456226917,0,15,0,0,1,0,558.6480966,558.6480966,0,539,1411,95.57574773
1424,0,558.6480966,556,0,-2.648096604,0,-0.001289362807,-2.648096604,-0.001289362807,0.03952382991,0.03952382991,0,0,1,0,558.6480966,558.6480966,0,539,1412,95.62066936
1425,0,556,1160,-2.648096604,601.3519034,-0.001289362807,0.2927992795,604,0.2940886423,0,10,0,0,1,0,558.6480966,558.6480966,0,539,1413,95.66902113
1426,0,558.6480966,101090,0,100531.3519,0,48.94888873,100531.3519,48.94888873,0.02459845678,1991.975402,0,0,1,0,558.6480966,558.6480966,0,539,1414,95.71334314
1427,0,558.6480966,559,0,0.3519033957,0,0.0001713423707,0.3519033957,0.0001713423707,0.07038067914,0.07038067914,0,0,1,0,558.6480966,558.6480966,0,539,1415,95.7624321
1428,0,558.6480966,1693,0,1134.351903,0,0.5523178994,1134.351903,0.5523178994,0.07038067914,17.92961932,0,0,1,0,558.6480966,558.6480966,0,539,1416,95.80774021
1429,0,558.6480966,554,0,-4.648096604,0,-0.002263166258,-4.648096604,-0.002263166258,0.06937457618,0.06937457618,0,0,1,0,558.6480966,558.6480966,0,539,1417,95.85983253
1430,0,554,1225,-4.648096604,666.3519034,-0.002263166258,0.3244478917,671,0.326711058,0,11,0,0,1,0,558.6480966,558.6480966,0,539,1418,95.90752792
1431,0,558.6480966,555,0,-3.648096604,0,-0.001776264532,-3.648096604,-0.001776264532,0.05444920305,0.05444920305,0,0,1,0,558.6480966,558.6480966,0,539,1419,95.95233965
1432,0,555,1894,-3.648096604,1335.351903,-0.001776264532,0.6501851462,1339,0.6519614108,0,21,0,0,1,0,558.6480966,558.6480966,0,539,1420,95.99933577
1433,0,558.6480966,99544,0,98985.3519,0,48.19613866,98985.3519,48.19613866,0.06937457618,1975.069375,0,0,1,0,558.6480966,558.6480966,0,539,1421,96.04438567
1434,0,558.6480966,560,0,1.351903396,0,0.0006582440964,1.351903396,0.0006582440964,0.2703806791,0.2703806791,0,0,1,0,558.6480966,558.6480966,0,539,1422,96.09608603
1435,0,558.6480966,1226,0,667.3519034,0,0.3249347934,667.3519034,0.3249347934,0.2703806791,11.72961932,0,0,1,0,558.6480966,558.6480966,0,539,1423,96.14013362
1436,0,558.6480966,556,0,-2.648096604,0,-0.001289362807,-2.648096604,-0.001289362807,0.03952382991,0.03952382991,0,0,1,0,558.6480966,558.6480966,0,539,1424,96.19224715
1437,0,556,1694,-2.648096604,1135.351903,-0.001289362807,0.5528048011,1138,0.5540941639,0,18,0,0,1,0,558.6480966,558.6480966,0,539,1425,96.23948455
1438,0,558.6480966,555,0,-3.648096604,0,-0.001776264532,-3.648096604,-0.001776264532,0.05444920305,0.05444920305,0,0,1,0,558.6480966,558.6480966,0,539,1426,96.28420043
1439,0,555,1427,-3.648096604,868.3519034,-0.001776264532,0.4228020403,872,0.4245783048,0,14,0,0,1,0,558.6480966,558.6480966,0,539,1427,96.33188725
1440,0,558.6480966,100284,0,99725.3519,0,48.55644594,99725.3519,48.55644594,0.03952382991,2004.039524,0,0,1,0,558.6480966,558.6480966,0,539,1428,96.37757897
1441,0,558.6480966,561,0,2.351903396,0,0.001145145822,2.351903396,0.001145145822,0.4703806791,0.4703806791,0,0,1,0,558.6480966,558.6480966,0,539,1429,96.43002152
1442,0,558.6480966,1426,0,867.3519034,0,0.4223151386,867.3519034,0.4223151386,0.4703806791,14.52961932,0,0,1,0,558.6480966,558.6480966,0,539,1430,96.47522283
1443,0,558.6480966,555,0,-3.648096604,0,-0.001776264532,-3.648096604,-0.001776264532,0.05444920305,0.05444920305,0,0,1,0,558.6480966,558.6480966,0,539,1431,96.52787638
1444,0,555,2097,-3.648096604,1538.351903,-0.001776264532,0.7490261965,1542,0.7508024611,0,24,0,0,1,0,558.6480966,558.6480966,0,539,1432,96.57588673
1445,0,558.6480966,556,0,-2.648096604,0,-0.001289362807,-2.648096604,-0.001289362807,0.03952382991,0.03952382991,0,0,1,0,558.6480966,558.6480966,0,539,1433,96.62095165
1446,0,556,2498,-2.648096604,1939.351903,-0.001289362807,0.9442737886,1942,0.9455631514,0,30,0,0,1,0,558.6480966,558.6480966,0,539,1434,96.66871643
1447,0,558.6480966,101490,0,100931.3519,0,49.14364942,100931.3519,49.14364942,0.05444920305,1994.054449,0,0,1,0,558.6480966,558.6480966,0,539,1435,96.71418262
1448,0,558.6480966,559,0,0.3519033957,0,0.0001713423707,0.3519033957,0.0001713423707,0.07038067914,0.07038067914,0,0,1,0,558.6480966,558.6480966,0,539,1436,96.76728153
1449,0,558.6480966,2431,0,1872.351903,0,0.9116513729,1872.351903,0.9116513729,0.07038067914,29.92961932,0,0,1,0,558.6480966,558.6480966,0,539,1437,96.81253195
1450,0,558.6480966,555,0,-3.648096604,0,-0.001776264532,-3.648096604,-0.001776264532,0.05444920305,0.05444920305,0,0,1,0,558.6480966,558.6480966,0,539,1438,96.86436582
1451,0,555,2229,-3.648096604,1670.351903,-0.001776264532,0.8132972243,1674,0.8150734889,0,26,0,0,1,0,558.6480966,558.6480966,0,539,1439,96.91162539
1452,0,558.6480966,554,0,-4.648096604,0,-0.002263166258,-4.648096604,-0.002263166258,0.06937457618,0.06937457618,0,0,1,0,558.6480966,558.6480966,0,539,1440,96.95593119
1453,0,554,1158,-4.648096604,599.3519034,-0.002263166258,0.2918254761,604,0.2940886423,0,10,0,0,1,0,558.6480966,558.6480966,0,539,1441,97.0032568
1454,0,558.6480966,103433,0,102874.3519,0,50.08969948,102874.3519,50.08969948,0.05444920305,2082.054449,0,0,1,0,558.6480966,558.6480966,0,539,1442,97.04790807
1455,0,558.6480966,558,0,-0.6480966043,0,-0.0003155593551,-0.6480966043,-0.0003155593551,0.1296193209,0.1296193209,0,0,1,0,558.6480966,558.6480966,0,539,1443,97.09983468
1456,0,558,2500,-0.6480966043,1941.351903,-0.0003155593551,0.945247592,1942,0.9455631514,0,30,0,0,1,0,558.6480966,558.6480966,0,539,1444,97.15075064
1457,0,558.6480966,557,0,-1.648096604,0,-0.0008024610808,-1.648096604,-0.0008024610808,0.02459845678,0.02459845678,0,0,1,0,558.6480966,558.6480966,0,539,1445,97.19445705
1458,0,557,1496,-1.648096604,937.3519034,-0.0008024610808,0.4563982594,939,0.4572007205,0,15,0,0,1,0,558.6480966,558.6480966,0,539,1446,97.24158311
1459,0,558.6480966,100590,0,100031.3519,0,48.70543787,100031.3519,48.70543787,0.009673083646,1968.990327,0,0,1,0,558.6480966,558.6480966,0,539,1447,97.2860744
1460,0,558.6480966,561,0,2.351903396,0,0.001145145822,2.351903396,0.001145145822,0.4703806791,0.4703806791,0,0,1,0,558.6480966,558.6480966,0,539,1448,97.33365202
1461,0,558.6480966,1962,0,1403.351903,0,0.6832944636,1403.351903,0.6832944636,0.4703806791,22.52961932,0,0,1,0,558.6480966,558.6480966,0,539,1449,97.37803125
1462,0,558.6480966,555,0,-3.648096604,0,-0.001776264532,-3.648096604,-0.001776264532,0.05444920305,0.05444920305,0,0,1,0,558.6480966,558.6480966,0,539,1450,97.43058014
1463,0,555,1360,-3.648096604,801.3519034,-0.001776264532,0.3901796247,805,0.3919558892,0,13,0,0,1,0,558.6480966,558.6480966,0,539,1451,97.47819138
1464,0,558.6480966,556,0,-2.648096604,0,-0.001289362807,-2.648096604,-0.001289362807,0.03952382991,0.03952382991,0,0,1,0,558.6480966,558.6480966,0,539,1452,97.52344918
1465,0,556,1560,-2.648096604,1001.351903,-0.001289362807,0.4875599698,1004,0.4888493326,0,16,0,0,1,0,558.6480966,558.6480966,0,539,1453,97.57112551
1466,0,558.6480966,100566,0,100007.3519,0,48.69375223,100007.3519,48.69375223,0.05444920305,1984.054449,0,0,1,0,558.6480966,558.6480966,0,539,1454,97.61629105
1467,0,558.6480966,559,0,0.3519033957,0,0.0001713423707,0.3519033957,0.0001713423707,0.07038067914,0.07038067914,0,0,1,0,558.6480966,558.6480966,0,539,1455,97.66789436
1468,0,558.6480966,2429,0,1870.351903,0,0.9106775695,1870.351903,0.9106775695,0.07038067914,29.92961932,0,0,1,0,558.6480966,558.6480966,0,539,1456,97.71361351
1469,0,558.6480966,553,0,-5.648096604,0,-0.002750067984,-5.648096604,-0.002750067984,0.08429994932,0.08429994932,0,0,1,0,558.6480966,558.6480966,0,539,1457,97.76602578
1470,0,553,1157,-5.648096604,598.3519034,-0.002750067984,0.2913385744,604,0.2940886423,0,10,0,0,1,0,558.6480966,558.6480966,0,539,1458,97.81385851
1471,0,558.6480966,554,0,-4.648096604,0,-0.002263166258,-4.648096604,-0.002263166258,0.06937457618,0.06937457618,0,0,1,0,558.6480966,558.6480966,0,539,1459,97.85870409
1472,0,554,2295,-4.648096604,1736.351903,-0.002263166258,0.8454327382,1741,0.8476959045,0,27,0,0,1,0,558.6480966,558.6480966,0,539,1460,97.90733099
1473,0,558.6480966,102154,0,101595.3519,0,49.46695217,101595.3519,49.46695217,0.08429994932,2036.0843,0,0,1,0,558.6480966,558.6480966,0,539,1461,97.95189428
1474,0,558.6480966,557,0,-1.648096604,0,-0.0008024610808,-1.648096604,-0.0008024610808,0.3296193209,0.3296193209,0,0,1,0,558.6480966,558.6480966,0,539,1462,98.00454617
1475,0,557,1228,-1.648096604,669.3519034,-0.0008024610808,0.3259085969,671,0.326711058,0,11,0,0,1,0,558.6480966,558.6480966,0,539,1463,98.05630827
1476,0,558.6480966,558,0,-0.6480966043,0,-0.0003155593551,-0.6480966043,-0.0003155593551,0.009673083646,0.009673083646,0,0,1,0,558.6480966,558.6480966,0,539,1464,98.10021043
1477,0,558,1629,-0.6480966043,1070.351903,-0.0003155593551,0.5211561889,1071,0.5214717483,0,17,0,0,1,0,558.6480966,558.6480966,0,539,1465,98.14749265
1478,0,558.6480966,104603,0,104044.3519,0,50.65937449,104044.3519,50.65937449,0.02459845678,2035.024598,0,0,1,0,558.6480966,558.6480966,0,539,1466,98.19187927
1479,0,558.6480966,559,0,0.3519033957,0,0.0001713423707,0.3519033957,0.0001713423707,0.07038067914,0.07038067914,0,0,1,0,558.6480966,558.6480966,0,539,1467,98.24322557
1480,0,558.6480966,1493,0,934.3519034,0,0.4549375542,934.3519034,0.4549375542,0.07038067914,15.92961932,0,0,1,0,558.6480966,558.6480966,0,539,1468,98.28709674
1481,0,558.6480966,555,0,-3.648096604,0,-0.001776264532,-3.648096604,-0.001776264532,0.05444920305,0.05444920305,0,0,1,0,558.6480966,558.6480966,0,539,1469,98.33863235
1482,0,555,2162,-3.648096604,1603.351903,-0.001776264532,0.7806748087,1607,0.7824510733,0,25,0,0,1,0,558.6480966,558.6480966,0,539,1470,98.38521361
1483,0,558.6480966,554,0,-4.648096604,0,-0.002263166258,-4.648096604,-0.002263166258,0.06937457618,0.06937457618,0,0,1,0,558.6480966,558.6480966,0,539,1471,98.42884254
1484,0,554,2364,-4.648096604,1805.351903,-0.002263166258,0.8790289573,1810,0.8812921236,0,28,0,0,1,0,558.6480966,558.6480966,0,539,1472,98.47641444
1485,0,558.6480966,100898,0,100339.3519,0,48.8554036,100339.3519,48.8554036,0.05444920305,1998.054449,0,0,1,0,558.6480966,558.6480966,0,539,1473,98.52245307
1486,0,558.6480966,559,0,0.3519033957,0,0.0001713423707,0.3519033957,0.0001713423707,0.07038067914,0.07038067914,0,0,1,0,558.6480966,558.6480966,0,539,1474,98.57589579
1487,0,558.6480966,1223,0,664.3519034,0,0.3234740883,664.3519034,0.3234740883,0.07038067914,11.92961932,0,0,1,0,558.6480966,558.6480966,0,539,1475,98.62007976
1488,0,558.6480966,553,0,-5.648096604,0,-0.002750067984,-5.648096604,-0.002750067984,0.08429994932,0.08429994932,0,0,1,0,558.6480966,558.6480966,0,539,1476,98.67188525
1489,0,553,2028,-5.648096604,1469.351903,-0.002750067984,0.7154299775,1475,0.7181800455,0,23,0,0,1,0,558.6480966,558.6480966,0,539,1477,98.71851873
1490,0,558.6480966,554,0,-4.648096604,0,-0.002263166258,-4.648096604,-0.002263166258,0.06937457618,0.06937457618,0,0,1,0,558.6480966,558.6480966,0,539,1478,98.76302075
1491,0,554,2295,-4.648096604,1736.351903,-0.002263166258,0.8454327382,1741,0.8476959045,0,27,0,0,1,0,558.6480966,558.6480966,0,539,1479,98.81066489
1492,0,558.6480966,102485,0,101926.3519,0,49.62811664,101926.3519,49.62811664,0.08429994932,2024.0843,0,0,1,0,558.6480966,558.6480966,0,539,1480,98.85650277
1493,0,558.6480966,557,0,-1.648096604,0,-0.0008024610808,-1.648096604,-0.0008024610808,0.3296193209,0.3296193209,0,0,1,0,558.6480966,558.6480966,0,539,1481,98.90768099
1494,0,557,2166,-1.648096604,1607.351903,-0.0008024610808,0.7826224156,1609,0.7834248767,0,25,0,0,1,0,558.6480966,558.6480966,0,539,1482,98.95998955
1495,0,558.6480966,558,0,-0.6480966043,0,-0.0003155593551,-0.6480966043,-0.0003155593551,0.009673083646,0.009673083646,0,0,1,0,558.6480966,558.6480966,0,539,1483,99.00402594
1496,0,558,1495,-0.6480966043,936.3519034,-0.0003155593551,0.4559113577,937,0.456226917,0,15,0,0,1,0,558.6480966,558.6480966,0,539,1484,99.05149484
1497,0,558.6480966,97342,0,96783.3519,0,47.12398106,96783.3519,47.12398106,0.02459845678,1913.975402,0,0,1,0,558.6480966,558.6480966,0,539,1485,99.09586501
1498,0,558.6480966,557,0,-1.648096604,0,-0.0008024610808,-1.648096604,-0.0008024610808,0.4120241511,0.4120241511,0,0,1,0,558.6480966,558.6480966,0,539,1486,99.14353013
1499,0,557,1161,-1.648096604,602.3519034,-0.0008024610808,0.2932861813,604,0.2940886423,0,10,0,0,1,0,558.6480966,558.6480966,0,539,1487,99.19492817
1500,0,558.6480966,558,0,-0.6480966043,0,-0.0003155593551,-0.6480966043,-0.0003155593551,0.009673083646,0.009673083646,0,0,1,0,558.6480966,558.6480966,0,539,1488,99.23926258
1501,0,558,1830,-0.6480966043,1271.351903,-0.0003155593551,0.6190234358,1272,0.6193389951,0,20,0,0,1,0,558.6480966,558.6480966,0,539,1489,99.28605413
1502,0,558.6480966,100113,0,99554.3519,0,48.47318575,99554.3519,48.47318575,0.02459845678,1991.024598,0,0,1,0,558.6480966,558.6480966,0,539,1490,99.33032966
1503,0,558.6480966,558,0,-0.6480966043,0,-0.0003155593551,-0.6480966043,-0.0003155593551,0.1296193209,0.1296193209,0,0,1,0,558.6480966,558.6480966,0,539,1491,99.38183355
1504,0,558,2098,-0.6480966043,1539.351903,-0.0003155593551,0.7495130983,1540,0.7498286576,0,24,0,0,1,0,558.6480966,558.6480966,0,539,1492,99.43315125
1505,0,558.6480966,557,0,-1.648096604,0,-0.0008024610808,-1.648096604,-0.0008024610808,0.02459845678,0.02459845678,0,0,1,0,558.6480966,558.6480966,0,539,1493,99.47743106
1506,0,557,2099,-1.648096604,1540.351903,-0.0008024610808,0.75,1542,0.7508024611,0,24,0,0,1,0,558.6480966,558.6480966,0,539,1494,99.52409506
1507,0,558.6480966,100179,0,99620.3519,0,48.50532126,99620.3519,48.50532126,0.009673083646,1980.009673,0,0,1,0,558.6480966,558.6480966,0,539,1495,99.56897163
1508,0,558.6480966,559,0,0.3519033957,0,0.0001713423707,0.3519033957,0.0001713423707,0.07038067914,0.07038067914,0,0,1,0,558.6480966,558.6480966,0,539,1496,99.62009859
1509,0,558.6480966,1893,0,1334.351903,0,0.6496982445,1334.351903,0.6496982445,0.07038067914,21.92961932,0,0,1,0,558.6480966,558.6480966,0,539,1497,99.66489363
1510,0,558.6480966,553,0,-5.648096604,0,-0.002750067984,-5.648096604,-0.002750067984,0.08429994932,0.08429994932,0,0,1,0,558.6480966,558.6480966,0,539,1498,99.71640134
1511,0,553,1827,-5.648096604,1268.351903,-0.002750067984,0.6175627306,1274,0.6203127986,0,20,0,0,1,0,558.6480966,558.6480966,0,539,1499,99.76319456
1512,0,558.6480966,554,0,-4.648096604,0,-0.002263166258,-4.648096604,-0.002263166258,0.06937457618,0.06937457618,0,0,1,0,558.6480966,558.6480966,0,539,1500,99.80799174
1513,0,554,1692,-4.648096604,1133.351903,-0.002263166258,0.5518309976,1138,0.5540941639,0,18,0,0,1,0,558.6480966,558.6480966,0,539,1501,99.85609865
1514,0,558.6480966,98069,0,97510.3519,0,47.47795862,97510.3519,47.47795862,0.08429994932,1982.0843,0,0,1,0,558.6480966,558.6480966,0,539,1502,99.90119147
1515,0,558.6480966,560,0,1.351903396,0,0.0006582440964,1.351903396,0.0006582440964,0.2703806791,0.2703806791,0,0,1,0,558.6480966,558.6480966,0,539,1503,99.95388079
1516,0,558.6480966,1896,0,1337.351903,0,0.6511589497,1337.351903,0.6511589497,0.2703806791,21.72961932,0,0,1,0,558.6480966,558.6480966,0,539,1504,99.99872994
1517,0,558.6480966,556,0,-2.648096604,0,-0.001289362807,-2.648096604,-0.001289362807,0.03952382991,0.03952382991,0,0,1,0,558.6480966,558.6480966,0,539,1505,100.0523076
1518,0,556,1694,-2.648096604,1135.351903,-0.001289362807,0.5528048011,1138,0.5540941639,0,18,0,0,1,0,558.6480966,558.6480966,0,539,1506,100.0998497
1519,0,558.6480966,555,0,-3.648096604,0,-0.001776264532,-3.648096604,-0.001776264532,0.05444920305,0.05444920305,0,0,1,0,558.6480966,558.6480966,0,539,1507,100.1443503
1520,0,555,1494,-3.648096604,935.3519034,-0.001776264532,0.4554244559,939,0.4572007205,0,15,0,0,1,0,558.6480966,558.6480966,0,539,1508,100.1917205
1521,0,558.6480966,100048,0,99489.3519,0,48.44153713,99489.3519,48.44153713,0.03952382991,1987.039524,0,0,1,0,558.6480966,558.6480966,0,539,1509,100.2367218
1522,0,558.6480966,561,0,2.351903396,0,0.001145145822,2.351903396,0.001145145822,0.4703806791,0.4703806791,0,0,1,0,558.6480966,558.6480966,0,539,1510,100.2886989
1523,0,558.6480966,2431,0,1872.351903,0,0.9116513729,1872.351903,0.9116513729,0.4703806791,29.52961932,0,0,1,0,558.6480966,558.6480966,0,539,1511,100.3332253
1524,0,558.6480966,555,0,-3.648096604,0,-0.001776264532,-3.648096604,-0.001776264532,0.05444920305,0.05444920305,0,0,1,0,558.6480966,558.6480966,0,539,1512,100.3850136
1525,0,555,1628,-3.648096604,1069.351903,-0.001776264532,0.5206692872,1073,0.5224455517,0,17,0,0,1,0,558.6480966,558.6480966,0,539,1513,100.4321177
1526,0,558.6480966,556,0,-2.648096604,0,-0.001289362807,-2.648096604,-0.001289362807,0.03952382991,0.03952382991,0,0,1,0,558.6480966,558.6480966,0,539,1514,100.4760146
1527,0,556,1493,-2.648096604,934.3519034,-0.001289362807,0.4549375542,937,0.456226917,0,15,0,0,1,0,558.6480966,558.6480966,0,539,1515,100.5223017
1528,0,558.6480966,100402,0,99843.3519,0,48.61390034,99843.3519,48.61390034,0.05444920305,1974.945551,0,0,1,0,558.6480966,558.6480966,0,539,1516,100.5670927
1529,0,558.6480966,560,0,1.351903396,0,0.0006582440964,1.351903396,0.0006582440964,0.2703806791,0.2703806791,0,0,1,0,558.6480966,558.6480966,0,539,1517,100.6149459
1530,0,558.6480966,1963,0,1404.351903,0,0.6837813653,1404.351903,0.6837813653,0.2703806791,22.72961932,0,0,1,0,558.6480966,558.6480966,0,539,1518,100.6602924
1531,0,558.6480966,556,0,-2.648096604,0,-0.001289362807,-2.648096604,-0.001289362807,0.03952382991,0.03952382991,0,0,1,0,558.6480966,558.6480966,0,539,1519,100.7126417
1532,0,556,1761,-2.648096604,1202.351903,-0.001289362807,0.5854272167,1205,0.5867165795,0,19,0,0,1,0,558.6480966,558.6480966,0,539,1520,100.7601418
1533,0,558.6480966,555,0,-3.648096604,0,-0.001776264532,-3.648096604,-0.001776264532,0.05444920305,0.05444920305,0,0,1,0,558.6480966,558.6480966,0,539,1521,100.8046324
1534,0,555,1293,-3.648096604,734.3519034,-0.001776264532,0.3575572091,738,0.3593334736,0,12,0,0,1,0,558.6480966,558.6480966,0,539,1522,100.8527627
1535,0,558.6480966,101980,0,101421.3519,0,49.38223127,101421.3519,49.38223127,0.03952382991,1991.039524,0,0,1,0,558.6480966,558.6480966,0,539,1523,100.8988781
1536,0,558.6480966,558,0,-0.6480966043,0,-0.0003155593551,-0.6480966043,-0.0003155593551,0.1296193209,0.1296193209,0,0,1,0,558.6480966,558.6480966,0,539,1524,100.952513
1537,0,558,1964,-0.6480966043,1405.351903,-0.0003155593551,0.684268267,1406,0.6845838264,0,22,0,0,1,0,558.6480966,558.6480966,0,539,1525,101.0045979
1538,0,558.6480966,557,0,-1.648096604,0,-0.0008024610808,-1.648096604,-0.0008024610808,0.02459845678,0.02459845678,0,0,1,0,558.6480966,558.6480966,0,539,1526,101.0515065
1539,0,557,2434,-1.648096604,1875.351903,-0.0008024610808,0.9131120781,1877,0.9139145392,0,29,0,0,1,0,558.6480966,558.6480966,0,539,1527,101.0991523
1540,0,558.6480966,98486,0,97927.3519,0,47.68099664,97927.3519,47.68099664,0.009673083646,1902.009673,0,0,1,0,558.6480966,558.6480966,0,539,1528,101.1426854
1541,0,558.6480966,558,0,-0.6480966043,0,-0.0003155593551,-0.6480966043,-0.0003155593551,0.1296193209,0.1296193209,0,0,1,0,558.6480966,558.6480966,0,539,1529,101.1938004
1542,0,558,2433,-0.6480966043,1874.351903,-0.0003155593551,0.9126251764,1875,0.9129407358,0,29,0,0,1,0,558.6480966,558.6480966,0,539,1530,101.2463686
1543,0,558.6480966,557,0,-1.648096604,0,-0.0008024610808,-1.648096604,-0.0008024610808,0.02459845678,0.02459845678,0,0,1,0,558.6480966,558.6480966,0,539,1531,101.2915151
1544,0,557,2300,-1.648096604,1741.351903,-0.0008024610808,0.8478672469,1743,0.848669708,0,27,0,0,1,0,558.6480966,558.6480966,0,539,1532,101.337764
1545,0,558.6480966,98516,0,97957.3519,0,47.69560369,97957.3519,47.69560369,0.009673083646,1974.009673,0,0,1,0,558.6480966,558.6480966,0,539,1533,101.3818753
1546,0,558.6480966,561,0,2.351903396,0,0.001145145822,2.351903396,0.001145145822,0.4703806791,0.4703806791,0,0,1,0,558.6480966,558.6480966,0,539,1534,101.4340615
1547,0,558.6480966,1763,0,1204.351903,0,0.5864010202,1204.351903,0.5864010202,0.4703806791,19.52961932,0,0,1,0,558.6480966,558.6480966,0,539,1535,101.4781117
1548,0,558.6480966,557,0,-1.648096604,0,-0.0008024610808,-1.648096604,-0.0008024610808,0.02459845678,0.02459845678,0,0,1,0,558.6480966,558.6480966,0,539,1536,101.5295794
1549,0,557,1762,-1.648096604,1203.351903,-0.0008024610808,0.5859141184,1205,0.5867165795,0,19,0,0,1,0,558.6480966,558.6480966,0,539,1537,101.5754476
1550,0,558.6480966,556,0,-2.648096604,0,-0.001289362807,-2.648096604,-0.001289362807,0.03952382991,0.03952382991,0,0,1,0,558.6480966,558.6480966,0,539,1538,101.6193318
1551,0,556,1495,-2.648096604,936.3519034,-0.001289362807,0.4559113577,939,0.4572007205,0,15,0,0,1,0,558.6480966,558.6480966,0,539,1539,101.6661909
1552,0,558.6480966,101132,0,100573.3519,0,48.9693386,100573.3519,48.9693386,0.02459845678,1997.024598,0,0,1,0,558.6480966,558.6480966,0,539,1540,101.7106917
1553,0,558.6480966,559,0,0.3519033957,0,0.0001713423707,0.3519033957,0.0001713423707,0.07038067914,0.07038067914,0,0,1,0,558.6480966,558.6480966,0,539,1541,101.7631869
1554,0,558.6480966,1491,0,932.3519034,0,0.4539637508,932.3519034,0.4539637508,0.07038067914,15.92961932,0,0,1,0,558.6480966,558.6480966,0,539,1542,101.8078854
1555,0,558.6480966,553,0,-5.648096604,0,-0.002750067984,-5.648096604,-0.002750067984,0.08429994932,0.08429994932,0,0,1,0,558.6480966,558.6480966,0,539,1543,101.860358
1556,0,553,2363,-5.648096604,1804.351903,-0.002750067984,0.8785420556,1810,0.8812921236,0,28,0,0,1,0,558.6480966,558.6480966,0,539,1544,101.9075043
1557,0,558.6480966,554,0,-4.648096604,0,-0.002263166258,-4.648096604,-0.002263166258,0.06937457618,0.06937457618,0,0,1,0,558.6480966,558.6480966,0,539,1545,101.9522417
1558,0,554,1826,-4.648096604,1267.351903,-0.002263166258,0.6170758289,1272,0.6193389951,0,20,0,0,1,0,558.6480966,558.6480966,0,539,1546,102.0001895
1559,0,558.6480966,99790,0,99231.3519,0,48.31591649,99231.3519,48.31591649,0.08429994932,1970.9157,0,0,1,0,558.6480966,558.6480966,0,539,1547,102.0454152
1560,0,558.6480966,557,0,-1.648096604,0,-0.0008024610808,-1.648096604,-0.0008024610808,0.3296193209,0.3296193209,0,0,1,0,558.6480966,558.6480966,0,539,1548,102.0950894
1561,0,557,2300,-1.648096604,1741.351903,-0.0008024610808,0.8478672469,1743,0.848669708,0,27,0,0,1,0,558.6480966,558.6480966,0,539,1549,102.1477325
1562,0,558.6480966,558,0,-0.6480966043,0,-0.0003155593551,-0.6480966043,-0.0003155593551,0.009673083646,0.009673083646,0,0,1,0,558.6480966,558.6480966,0,539,1550,102.1933253
1563,0,558,2031,-0.6480966043,1472.351903,-0.0003155593551,0.7168906827,1473,0.717206242,0,23,0,0,1,0,558.6480966,558.6480966,0,539,1551,102.2403522
1564,0,558.6480966,98396,0,97837.3519,0,47.63717548,97837.3519,47.63717548,0.02459845678,1952.024598,0,0,1,0,558.6480966,558.6480966,0,539,1552,102.2857485
1565,0,558.6480966,560,0,1.351903396,0,0.0006582440964,1.351903396,0.0006582440964,0.2703806791,0.2703806791,0,0,1,0,558.6480966,558.6480966,0,539,1553,102.3379164
1566,0,558.6480966,1158,0,599.3519034,0,0.2918254761,599.3519034,0.2918254761,0.2703806791,9.729619321,0,0,1,0,558.6480966,558.6480966,0,539,1554,102.3822153
1567,0,558.6480966,555,0,-3.648096604,0,-0.001776264532,-3.648096604,-0.001776264532,0.05444920305,0.05444920305,0,0,1,0,558.6480966,558.6480966,0,539,1555,102.4348056
1568,0,555,1628,-3.648096604,1069.351903,-0.001776264532,0.5206692872,1073,0.5224455517,0,17,0,0,1,0,558.6480966,558.6480966,0,539,1556,102.4821284
1569,0,558.6480966,556,0,-2.648096604,0,-0.001289362807,-2.648096604,-0.001289362807,0.03952382991,0.03952382991,0,0,1,0,558.6480966,558.6480966,0,539,1557,102.5266175
1570,0,556,1359,-2.648096604,800.3519034,-0.001289362807,0.389692723,803,0.3909820858,0,13,0,0,1,0,558.6480966,558.6480966,0,539,1558,102.5735853
1571,0,558.6480966,103488,0,102929.3519,0,50.11647907,102929.3519,50.11647907,0.05444920305,2054.054449,0,0,1,0,558.6480966,558.6480966,0,539,1559,102.618238
1572,0,558.6480966,559,0,0.3519033957,0,0.0001713423707,0.3519033957,0.0001713423707,0.07038067914,0.07038067914,0,0,1,0,558.6480966,558.6480966,0,539,1560,102.6701808
1573,0,558.6480966,2096,0,1537.351903,0,0.7485392948,1537.351903,0.7485392948,0.07038067914,24.92961932,0,0,1,0,558.6480966,558.6480966,0,539,1561,102.7138953
1574,0,558.6480966,555,0,-3.648096604,0,-0.001776264532,-3.648096604,-0.001776264532,0.05444920305,0.05444920305,0,0,1,0,558.6480966,558.6480966,0,539,1562,102.7650242
1575,0,555,2363,-3.648096604,1804.351903,-0.001776264532,0.8785420556,1808,0.8803183201,0,28,0,0,1,0,558.6480966,558.6480966,0,539,1563,102.8115306
1576,0,558.6480966,554,0,-4.648096604,0,-0.002263166258,-4.648096604,-0.002263166258,0.06937457618,0.06937457618,0,0,1,0,558.6480966,558.6480966,0,539,1564,102.8557806
1577,0,554,2364,-4.648096604,1805.351903,-0.002263166258,0.8790289573,1810,0.8812921236,0,28,0,0,1,0,558.6480966,558.6480966,0,539,1565,102.9035881
1578,0,558.6480966,103069,0,102510.3519,0,49.91246725,102510.3519,49.91246725,0.05444920305,2001.054449,0,0,1,0,558.6480966,558.6480966,0,539,1566,102.9488895
1579,0,558.6480966,558,0,-0.6480966043,0,-0.0003155593551,-0.6480966043,-0.0003155593551,0.1296193209,0.1296193209,0,0,1,0,558.6480966,558.6480966,0,539,1567,103.0022817
1580,0,558,2500,-0.6480966043,1941.351903,-0.0003155593551,0.945247592,1942,0.9455631514,0,30,0,0,1,0,558.6480966,558.6480966,0,539,1568,103.055459
1581,0,558.6480966,557,0,-1.648096604,0,-0.0008024610808,-1.648096604,-0.0008024610808,0.02459845678,0.02459845678,0,0,1,0,558.6480966,558.6480966,0,539,1569,103.1009367
1582,0,557,2099,-1.648096604,1540.351903,-0.0008024610808,0.75,1542,0.7508024611,0,24,0,0,1,0,558.6480966,558.6480966,0,539,1570,103.1495314
1583,0,558.6480966,99927,0,99368.3519,0,48.38262203,99368.3519,48.38262203,0.009673083646,1942.009673,0,0,1,0,558.6480966,558.6480966,0,539,1571,103.1959891
1584,0,558.6480966,558,0,-0.6480966043,0,-0.0003155593551,-0.6480966043,-0.0003155593551,0.1296193209,0.1296193209,0,0,1,0,558.6480966,558.6480966,0,539,1572,103.249393
1585,0,558,1361,-0.6480966043,802.3519034,-0.0003155593551,0.3906665264,803,0.3909820858,0,13,0,0,1,0,558.6480966,558.6480966,0,539,1573,103.3020611
1586,0,558.6480966,557,0,-1.648096604,0,-0.0008024610808,-1.648096604,-0.0008024610808,0.02459845678,0.02459845678,0,0,1,0,558.6480966,558.6480966,0,539,1574,103.3474581
1587,0,557,2434,-1.648096604,1875.351903,-0.0008024610808,0.9131120781,1877,0.9139145392,0,29,0,0,1,0,558.6480966,558.6480966,0,539,1575,103.395232
1588,0,558.6480966,98865,0,98306.3519,0,47.86553239,98306.3519,47.86553239,0.009673083646,1994.009673,0,0,1,0,558.6480966,558.6480966,0,539,1576,103.441093
1589,0,558.6480966,561,0,2.351903396,0,0.001145145822,2.351903396,0.001145145822,0.4703806791,0.4703806791,0,0,1,0,558.6480966,558.6480966,0,539,1577,103.4944117
1590,0,558.6480966,1897,0,1338.351903,0,0.6516458514,1338.351903,0.6516458514,0.4703806791,21.52961932,0,0,1,0,558.6480966,558.6480966,0,539,1578,103.5400987
1591,0,558.6480966,557,0,-1.648096604,0,-0.0008024610808,-1.648096604,-0.0008024610808,0.02459845678,0.02459845678,0,0,1,0,558.6480966,558.6480966,0,539,1579,103.5923724
1592,0,557,2231,-1.648096604,1672.351903,-0.0008024610808,0.8142710278,1674,0.8150734889,0,26,0,0,1,0,558.6480966,558.6480966,0,539,1580,103.639689
1593,0,558.6480966,556,0,-2.648096604,0,-0.001289362807,-2.648096604,-0.001289362807,0.03952382991,0.03952382991,0,0,1,0,558.6480966,558.6480966,0,539,1581,103.6843491
1594,0,556,2031,-2.648096604,1472.351903,-0.001289362807,0.7168906827,1475,0.7181800455,0,23,0,0,1,0,558.6480966,558.6480966,0,539,1582,103.7322178
1595,0,558.6480966,99097,0,98538.3519,0,47.97849359,98538.3519,47.97849359,0.02459845678,1977.024598,0,0,1,0,558.6480966,558.6480966,0,539,1583,103.7777848
1596,0,558.6480966,560,0,1.351903396,0,0.0006582440964,1.351903396,0.0006582440964,0.2703806791,0.2703806791,0,0,1,0,558.6480966,558.6480966,0,539,1584,103.8308494
1597,0,558.6480966,1092,0,533.3519034,0,0.2596899622,533.3519034,0.2596899622,0.2703806791,9.729619321,0,0,1,0,558.6480966,558.6480966,0,539,1585,103.8766739
1598,0,558.6480966,556,0,-2.648096604,0,-0.001289362807,-2.648096604,-0.001289362807,0.03952382991,0.03952382991,0,0,1,0,558.6480966,558.6480966,0,539,1586,103.9294617
1599,0,556,1895,-2.648096604,1336.351903,-0.001289362807,0.650672048,1339,0.6519614108,0,21,0,0,1,0,558.6480966,558.6480966,0,539,1587,103.9781342
1600,0,558.6480966,555,0,-3.648096604,0,-0.001776264532,-3.648096604,-0.001776264532,0.05444920305,0.05444920305,0,0,1,0,558.6480966,558.6480966,0,539,1588,104.0239542
1601,0,555,2432,-3.648096604,1873.351903,-0.001776264532,0.9121382747,1877,0.9139145392,0,29,0,0,1,0,558.6480966,558.6480966,0,539,1589,104.0722644
1602,0,558.6480966,104505,0,103946.3519,0,50.61165813,103946.3519,50.61165813,0.03952382991,2080.039524,0,0,1,0,558.6480966,558.6480966,0,539,1590,104.1172147
1603,0,558.6480966,558,0,-0.6480966043,0,-0.0003155593551,-0.6480966043,-0.0003155593551,0.1296193209,0.1296193209,0,0,1,0,558.6480966,558.6480966,0,539,1591,104.1695554
1604,0,558,1629,-0.6480966043,1070.351903,-0.0003155593551,0.5211561889,1071,0.5214717483,0,17,0,0,1,0,558.6480966,558.6480966,0,539,1592,104.2217507
1605,0,558.6480966,557,0,-1.648096604,0,-0.0008024610808,-1.648096604,-0.0008024610808,0.02459845678,0.02459845678,0,0,1,0,558.6480966,558.6480966,0,539,1593,104.2657654
1606,0,557,2501,-1.648096604,1942.351903,-0.0008024610808,0.9457344937,1944,0.9465369548,0,30,0,0,1,0,558.6480966,558.6480966,0,539,1594,104.3124354
1607,0,558.6480966,99578,0,99019.3519,0,48.21269332,99019.3519,48.21269332,0.009673083646,1972.990327,0,0,1,0,558.6480966,558.6480966,0,539,1595,104.3569055
1608,0,558.6480966,561,0,2.351903396,0,0.001145145822,2.351903396,0.001145145822,0.4703806791,0.4703806791,0,0,1,0,558.6480966,558.6480966,0,539,1596,104.4052715
1609,0,558.6480966,1292,0,733.3519034,0,0.3570703073,733.3519034,0.3570703073,0.4703806791,12.52961932,0,0,1,0,558.6480966,558.6480966,0,539,1597,104.450094
1610,0,558.6480966,555,0,-3.648096604,0,-0.001776264532,-3.648096604,-0.001776264532,0.05444920305,0.05444920305,0,0,1,0,558.6480966,558.6480966,0,539,1598,104.5029168
1611,0,555,2030,-3.648096604,1471.351903,-0.001776264532,0.7164037809,1475,0.7181800455,0,23,0,0,1,0,558.6480966,558.6480966,0,539,1599,104.5508046
1612,0,558.6480966,556,0,-2.648096604,0,-0.001289362807,-2.648096604,-0.001289362807,0.03952382991,0.03952382991,0,0,1,0,558.6480966,558.6480966,0,539,1600,104.5964921
1613,0,556,1158,-2.648096604,599.3519034,-0.001289362807,0.2918254761,602,0.2931148389,0,10,0,0,1,0,558.6480966,558.6480966,0,539,1601,104.6446483
1614,0,558.6480966,101733,0,101174.3519,0,49.26196654,101174.3519,49.26196654,0.05444920305,2034.054449,0,0,1,0,558.6480966,558.6480966,0,539,1602,104.6902714
1615,0,558.6480966,560,0,1.351903396,0,0.0006582440964,1.351903396,0.0006582440964,0.2703806791,0.2703806791,0,0,1,0,558.6480966,558.6480966,0,539,1603,104.7430599
1616,0,558.6480966,1226,0,667.3519034,0,0.3249347934,667.3519034,0.3249347934,0.2703806791,11.72961932,0,0,1,0,558.6480966,558.6480966,0,539,1604,104.7890654
1617,0,558.6480966,556,0,-2.648096604,0,-0.001289362807,-2.648096604,-0.001289362807,0.03952382991,0.03952382991,0,0,1,0,558.6480966,558.6480966,0,539,1605,104.8422992
1618,0,556,2431,-2.648096604,1872.351903,-0.001289362807,0.9116513729,1875,0.9129407358,0,29,0,0,1,0,558.6480966,558.6480966,0,539,1606,104.8909221
1619,0,558.6480966,555,0,-3.648096604,0,-0.001776264532,-3.648096604,-0.001776264532,0.05444920305,0.05444920305,0,0,1,0,558.6480966,558.6480966,0,539,1607,104.9366174
1620,0,555,1561,-3.648096604,1002.351903,-0.001776264532,0.4880468716,1006,0.4898231361,0,16,0,0,1,0,558.6480966,558.6480966,0,539,1608,104.9852979
1621,0,558.6480966,103735,0,103176.3519,0,50.2367438,103176.3519,50.2367438,0.03952382991,2032.960476,0,0,1,0,558.6480966,558.6480966,0,539,1609,105.0316024
1622,0,558.6480966,561,0,2.351903396,0,0.001145145822,2.351903396,0.001145145822,0.4703806791,0.4703806791,0,0,1,0,558.6480966,558.6480966,0,539,1610,105.0804534
1623,0,558.6480966,2230,0,1671.351903,0,0.8137841261,1671.351903,0.8137841261,0.4703806791,26.52961932,0,0,1,0,558.6480966,558.6480966,0,539,1611,105.1243844
1624,0,558.6480966,555,0,-3.648096604,0,-0.001776264532,-3.648096604,-0.001776264532,0.05444920305,0.05444920305,0,0,1,0,558.6480966,558.6480966,0,539,1612,105.1781125
1625,0,555,1963,-3.648096604,1404.351903,-0.001776264532,0.6837813653,1408,0.6855576298,0,22,0,0,1,0,558.6480966,558.6480966,0,539,1613,105.2256355
1626,0,558.6480966,556,0,-2.648096604,0,-0.001289362807,-2.648096604,-0.001289362807,0.03952382991,0.03952382991,0,0,1,0,558.6480966,558.6480966,0,539,1614,105.2697625
1627,0,556,2364,-2.648096604,1805.351903,-0.001289362807,0.8790289573,1808,0.8803183201,0,28,0,0,1,0,558.6480966,558.6480966,0,539,1615,105.3171108
1628,0,558.6480966,100408,0,99849.3519,0,48.61682176,99849.3519,48.61682176,0.05444920305,1970.945551,0,0,1,0,558.6480966,558.6480966,0,539,1616,105.3614943
1629,0,558.6480966,558,0,-0.6480966043,0,-0.0003155593551,-0.6480966043,-0.0003155593551,0.1296193209,0.1296193209,0,0,1,0,558.6480966,558.6480966,0,539,1617,105.4091201
1630,0,558,2234,-0.6480966043,1675.351903,-0.0003155593551,0.815731733,1676,0.8160472923,0,26,0,0,1,0,558.6480966,558.6480966,0,539,1618,105.4604795
1631,0,558.6480966,559,0,0.3519033957,0,0.0001713423707,0.3519033957,0.0001713423707,0.07038067914,0.07038067914,0,0,1,0,558.6480966,558.6480966,0,539,1619,105.5044894
1632,0,558.6480966,1156,0,597.3519034,0,0.2908516726,597.3519034,0.2908516726,0.07038067914,10.92961932,0,0,1,0,558.6480966,558.6480966,0,539,1620,105.5490892
1633,0,558.6480966,553,0,-5.648096604,0,-0.002750067984,-5.648096604,-0.002750067984,0.08429994932,0.08429994932,0,0,1,0,558.6480966,558.6480966,0,539,1621,105.6009097
1634,0,553,2028,-5.648096604,1469.351903,-0.002750067984,0.7154299775,1475,0.7181800455,0,23,0,0,1,0,558.6480966,558.6480966,0,539,1622,105.6487105
1635,0,558.6480966,554,0,-4.648096604,0,-0.002263166258,-4.648096604,-0.002263166258,0.06937457618,0.06937457618,0,0,1,0,558.6480966,558.6480966,0,539,1623,105.6938107
1636,0,554,1357,-4.648096604,798.3519034,-0.002263166258,0.3887189195,803,0.3909820858,0,13,0,0,1,0,558.6480966,558.6480966,0,539,1624,105.7418537
1637,0,558.6480966,104343,0,103784.3519,0,50.53278005,103784.3519,50.53278005,0.08429994932,2048.0843,0,0,1,0,558.6480966,558.6480966,0,539,1625,105.7874575
1638,0,558.6480966,561,0,2.351903396,0,0.001145145822,2.351903396,0.001145145822,0.4703806791,0.4703806791,0,0,1,0,558.6480966,558.6480966,0,539,1626,105.839272
1639,0,558.6480966,1962,0,1403.351903,0,0.6832944636,1403.351903,0.6832944636,0.4703806791,22.52961932,0,0,1,0,558.6480966,558.6480966,0,539,1627,105.8840835
1640,0,558.6480966,555,0,-3.648096604,0,-0.001776264532,-3.648096604,-0.001776264532,0.05444920305,0.05444920305,0,0,1,0,558.6480966,558.6480966,0,539,1628,105.9367833
1641,0,555,2164,-3.648096604,1605.351903,-0.001776264532,0.7816486122,1609,0.7834248767,0,25,0,0,1,0,558.6480966,558.6480966,0,539,1629,105.9844797
1642,0,558.6480966,556,0,-2.648096604,0,-0.001289362807,-2.648096604,-0.001289362807,0.03952382991,0.03952382991,0,0,1,0,558.6480966,558.6480966,0,539,1630,106.0301137
1643,0,556,1761,-2.648096604,1202.351903,-0.001289362807,0.5854272167,1205,0.5867165795,0,19,0,0,1,0,558.6480966,558.6480966,0,539,1631,106.0781736
1644,0,558.6480966,99431,0,98872.3519,0,48.14111877,98872.3519,48.14111877,0.05444920305,1971.945551,0,0,1,0,558.6480966,558.6480966,0,539,1632,106.1240151
1645,0,558.6480966,561,0,2.351903396,0,0.001145145822,2.351903396,0.001145145822,0.4703806791,0.4703806791,0,0,1,0,558.6480966,558.6480966,0,539,1633,106.1738026
1646,0,558.6480966,1897,0,1338.351903,0,0.6516458514,1338.351903,0.6516458514,0.4703806791,21.52961932,0,0,1,0,558.6480966,558.6480966,0,539,1634,106.2180533
1647,0,558.6480966,557,0,-1.648096604,0,-0.0008024610808,-1.648096604,-0.0008024610808,0.02459845678,0.02459845678,0,0,1,0,558.6480966,558.6480966,0,539,1635,106.2700233
1648,0,557,1762,-1.648096604,1203.351903,-0.0008024610808,0.5859141184,1205,0.5867165795,0,19,0,0,1,0,558.6480966,558.6480966,0,539,1636,106.3174009
1649,0,558.6480966,556,0,-2.648096604,0,-0.001289362807,-2.648096604,-0.001289362807,0.03952382991,0.03952382991,0,0,1,0,558.6480966,558.6480966,0,539,1637,106.3620293
1650,0,556,2165,-2.648096604,1606.351903,-0.001289362807,0.7821355139,1609,0.7834248767,0,25,0,0,1,0,558.6480966,558.6480966,0,539,1638,106.4087799
1651,0,558.6480966,99672,0,99113.3519,0,48.25846208,99113.3519,48.25846208,0.02459845678,1977.024598,0,0,1,0,558.6480966,558.6480966,0,539,1639,106.453373
1652,0,558.6480966,557,0,-1.648096604,0,-0.0008024610808,-1.648096604,-0.0008024610808,0.3296193209,0.3296193209,0,0,1,0,558.6480966,558.6480966,0,539,1640,106.5047123
1653,0,557,1159,-1.648096604,600.3519034,-0.0008024610808,0.2923123778,602,0.2931148389,0,10,0,0,1,0,558.6480966,558.6480966,0,539,1641,106.5559888
1654,0,558.6480966,556,0,-2.648096604,0,-0.001289362807,-2.648096604,-0.001289362807,0.03952382991,0.03952382991,0,0,1,0,558.6480966,558.6480966,0,539,1642,106.5999272
1655,0,556,2500,-2.648096604,1941.351903,-0.001289362807,0.945247592,1944,0.9465369548,0,30,0,0,1,0,558.6480966,558.6480966,0,539,1643,106.6478314
1656,0,558.6480966,97796,0,97237.3519,0,47.34503445,97237.3519,47.34503445,0.02459845678,1950.024598,0,0,1,0,558.6480966,558.6480966,0,539,1644,106.69344
1657,0,558.6480966,557,0,-1.648096604,0,-0.0008024610808,-1.648096604,-0.0008024610808,0.3296193209,0.3296193209,0,0,1,0,558.6480966,558.6480966,0,539,1645,106.7459259
1658,0,557,2030,-1.648096604,1471.351903,-0.0008024610808,0.7164037809,1473,0.717206242,0,23,0,0,1,0,558.6480966,558.6480966,0,539,1646,106.7977753
1659,0,558.6480966,556,0,-2.648096604,0,-0.001289362807,-2.648096604,-0.001289362807,0.03952382991,0.03952382991,0,0,1,0,558.6480966,558.6480966,0,539,1647,106.8420434
1660,0,556,1294,-2.648096604,735.3519034,-0.001289362807,0.3580441108,738,0.3593334736,0,12,0,0,1,0,558.6480966,558.6480966,0,539,1648,106.8895848
1661,0,558.6480966,104632,0,104073.3519,0,50.67349464,104073.3519,50.67349464,0.02459845678,2070.975402,0,0,1,0,558.6480966,558.6480966,0,539,1649,106.935385
1662,0,558.6480966,557,0,-1.648096604,0,-0.0008024610808,-1.648096604,-0.0008024610808,0.3296193209,0.3296193209,0,0,1,0,558.6480966,558.6480966,0,539,1650,106.9842947
1663,0,557,2097,-1.648096604,1538.351903,-0.0008024610808,0.7490261965,1540,0.7498286576,0,24,0,0,1,0,558.6480966,558.6480966,0,539,1651,107.0368392
1664,0,558.6480966,556,0,-2.648096604,0,-0.001289362807,-2.648096604,-0.001289362807,0.03952382991,0.03952382991,0,0,1,0,558.6480966,558.6480966,0,539,1652,107.0813761
1665,0,556,1562,-2.648096604,1003.351903,-0.001289362807,0.4885337733,1006,0.4898231361,0,16,0,0,1,0,558.6480966,558.6480966,0,539,1653,107.129662
1666,0,558.6480966,97734,0,97175.3519,0,47.31484654,97175.3519,47.31484654,0.02459845678,1992.024598,0,0,1,0,558.6480966,558.6480966,0,539,1654,107.1756513
1667,0,558.6480966,558,0,-0.6480966043,0,-0.0003155593551,-0.6480966043,-0.0003155593551,0.1296193209,0.1296193209,0,0,1,0,558.6480966,558.6480966,0,539,1655,107.2283311
1668,0,558,2098,-0.6480966043,1539.351903,-0.0003155593551,0.7495130983,1540,0.7498286576,0,24,0,0,1,0,558.6480966,558.6480966,0,539,1656,107.2809374
1669,0,558.6480966,557,0,-1.648096604,0,-0.0008024610808,-1.648096604,-0.0008024610808,0.02459845678,0.02459845678,0,0,1,0,558.6480966,558.6480966,0,539,1657,107.324342
1670,0,557,1898,-1.648096604,1339.351903,-0.0008024610808,0.6521327531,1341,0.6529352142,0,21,0,0,1,0,558.6480966,558.6480966,0,539,1658,107.3710659
1671,0,558.6480966,103600,0,103041.3519,0,50.17101206,103041.3519,50.17101206,0.009673083646,2027.990327,0,0,1,0,558.6480966,558.6480966,0,539,1659,107.4151213
1672,0,558.6480966,557,0,-1.648096604,0,-0.0008024610808,-1.648096604,-0.0008024610808,0.3296193209,0.3296193209,0,0,1,0,558.6480966,558.6480966,0,539,1660,107.4647639
1673,0,557,1159,-1.648096604,600.3519034,-0.0008024610808,0.2923123778,602,0.2931148389,0,10,0,0,1,0,558.6480966,558.6480966,0,539,1661,107.5159287
1674,0,558.6480966,556,0,-2.648096604,0,-0.001289362807,-2.648096604,-0.001289362807,0.03952382991,0.03952382991,0,0,1,0,558.6480966,558.6480966,0,539,1662,107.5601771
1675,0,556,2433,-2.648096604,1874.351903,-0.001289362807,0.9126251764,1877,0.9139145392,0,29,0,0,1,0,558.6480966,558.6480966,0,539,1663,107.6073287
1676,0,558.6480966,102761,0,102202.3519,0,49.76250152,102202.3519,49.76250152,0.02459845678,2020.975402,0,0,1,0,558.6480966,558.6480966,0,539,1664,107.6525078
1677,0,558.6480966,557,0,-1.648096604,0,-0.0008024610808,-1.648096604,-0.0008024610808,0.3296193209,0.3296193209,0,0,1,0,558.6480966,558.6480966,0,539,1665,107.6999528
1678,0,557,1630,-1.648096604,1071.351903,-0.0008024610808,0.5216430906,1073,0.5224455517,0,17,0,0,1,0,558.6480966,558.6480966,0,539,1666,107.7508912
1679,0,558.6480966,558,0,-0.6480966043,0,-0.0003155593551,-0.6480966043,-0.0003155593551,0.009673083646,0.009673083646,0,0,1,0,558.6480966,558.6480966,0,539,1667,107.7947884
1680,0,558,2098,-0.6480966043,1539.351903,-0.0003155593551,0.7495130983,1540,0.7498286576,0,24,0,0,1,0,558.6480966,558.6480966,0,539,1668,107.8413415
1681,0,558.6480966,100143,0,99584.3519,0,48.4877928,99584.3519,48.4877928,0.02459845678,2019.024598,0,0,1,0,558.6480966,558.6480966,0,539,1669,107.8860705
1682,0,558.6480966,560,0,1.351903396,0,0.0006582440964,1.351903396,0.0006582440964,0.2703806791,0.2703806791,0,0,1,0,558.6480966,558.6480966,0,539,1670,107.9387865
1683,0,558.6480966,1963,0,1404.351903,0,0.6837813653,1404.351903,0.6837813653,0.2703806791,22.72961932,0,0,1,0,558.6480966,558.6480966,0,539,1671,107.9834955
1684,0,558.6480966,556,0,-2.648096604,0,-0.001289362807,-2.648096604,-0.001289362807,0.03952382991,0.03952382991,0,0,1,0,558.6480966,558.6480966,0,539,1672,108.0358064
1685,0,556,1828,-2.648096604,1269.351903,-0.001289362807,0.6180496323,1272,0.6193389951,0,20,0,0,1,0,558.6480966,558.6480966,0,539,1673,108.0828795
1686,0,558.6480966,555,0,-3.648096604,0,-0.001776264532,-3.648096604,-0.001776264532,0.05444920305,0.05444920305,0,0,1,0,558.6480966,558.6480966,0,539,1674,108.1279523
1687,0,555,2298,-3.648096604,1739.351903,-0.001776264532,0.8468934434,1743,0.848669708,0,27,0,0,1,0,558.6480966,558.6480966,0,539,1675,108.1739757
1688,0,558.6480966,102971,0,102412.3519,0,49.86475088,102412.3519,49.86475088,0.03952382991,2002.039524,0,0,1,0,558.6480966,558.6480966,0,539,1676,108.218519
1689,0,558.6480966,557,0,-1.648096604,0,-0.0008024610808,-1.648096604,-0.0008024610808,0.3296193209,0.3296193209,0,0,1,0,558.6480966,558.6480966,0,539,1677,108.2703831
1690,0,557,2432,-1.648096604,1873.351903,-0.0008024610808,0.9121382747,1875,0.9129407358,0,29,0,0,1,0,558.6480966,558.6480966,0,539,1678,108.3212473
1691,0,558.6480966,556,0,-2.648096604,0,-0.001289362807,-2.648096604,-0.001289362807,0.03952382991,0.03952382991,0,0,1,0,558.6480966,558.6480966,0,539,1679,108.3663764
1692,0,556,1964,-2.648096604,1405.351903,-0.001289362807,0.684268267,1408,0.6855576298,0,22,0,0,1,0,558.6480966,558.6480966,0,539,1680,108.4129653
1693,0,558.6480966,101702,0,101143.3519,0,49.24687259,101143.3519,49.24687259,0.02459845678,2013.024598,0,0,1,0,558.6480966,558.6480966,0,539,1681,108.4574597
1694,0,558.6480966,558,0,-0.6480966043,0,-0.0003155593551,-0.6480966043,-0.0003155593551,0.1296193209,0.1296193209,0,0,1,0,558.6480966,558.6480966,0,539,1682,108.5085299
1695,0,558,2433,-0.6480966043,1874.351903,-0.0003155593551,0.9126251764,1875,0.9129407358,0,29,0,0,1,0,558.6480966,558.6480966,0,539,1683,108.5605488
1696,0,558.6480966,557,0,-1.648096604,0,-0.0008024610808,-1.648096604,-0.0008024610808,0.02459845678,0.02459845678,0,0,1,0,558.6480966,558.6480966,0,539,1684,108.6046822
1697,0,557,1161,-1.648096604,602.3519034,-0.0008024610808,0.2932861813,604,0.2940886423,0,10,0,0,1,0,558.6480966,558.6480966,0,539,1685,108.6506782
1698,0,558.6480966,99844,0,99285.3519,0,48.34220918,99285.3519,48.34220918,0.009673083646,1982.009673,0,0,1,0,558.6480966,558.6480966,0,539,1686,108.6947858
1699,0,558.6480966,559,0,0.3519033957,0,0.0001713423707,0.3519033957,0.0001713423707,0.07038067914,0.07038067914,0,0,1,0,558.6480966,558.6480966,0,539,1687,108.7455804
1700,0,558.6480966,2228,0,1669.351903,0,0.8128103226,1669.351903,0.8128103226,0.07038067914,26.92961932,0,0,1,0,558.6480966,558.6480966,0,539,1688,108.7892668
1701,0,558.6480966,553,0,-5.648096604,0,-0.002750067984,-5.648096604,-0.002750067984,0.08429994932,0.08429994932,0,0,1,0,558.6480966,558.6480966,0,539,1689,108.8407795
1702,0,553,2497,-5.648096604,1938.351903,-0.002750067984,0.9437868868,1944,0.9465369548,0,30,0,0,1,0,558.6480966,558.6480966,0,539,1690,108.8869746
1703,0,558.6480966,554,0,-4.648096604,0,-0.002263166258,-4.648096604,-0.002263166258,0.06937457618,0.06937457618,0,0,1,0,558.6480966,558.6480966,0,539,1691,108.9314685
1704,0,554,2496,-4.648096604,1937.351903,-0.002263166258,0.9432999851,1942,0.9455631514,0,30,0,0,1,0,558.6480966,558.6480966,0,539,1692,108.9784012
1705,0,558.6480966,97575,0,97016.3519,0,47.23742917,97016.3519,47.23742917,0.08429994932,1958.0843,0,0,1,0,558.6480966,558.6480966,0,539,1693,109.0238531
1706,0,558.6480966,557,0,-1.648096604,0,-0.0008024610808,-1.648096604,-0.0008024610808,0.3296193209,0.3296193209,0,0,1,0,558.6480966,558.6480966,0,539,1694,109.0761442
1707,0,557,2367,-1.648096604,1808.351903,-0.0008024610808,0.8804896625,1810,0.8812921236,0,28,0,0,1,0,558.6480966,558.6480966,0,539,1695,109.1281059
1708,0,558.6480966,558,0,-0.6480966043,0,-0.0003155593551,-0.6480966043,-0.0003155593551,0.009673083646,0.009673083646,0,0,1,0,558.6480966,558.6480966,0,539,1696,109.1722953
1709,0,558,1160,-0.6480966043,601.3519034,-0.0003155593551,0.2927992795,602,0.2931148389,0,10,0,0,1,0,558.6480966,558.6480966,0,539,1697,109.220001
1710,0,558.6480966,101202,0,100643.3519,0,49.00342173,100643.3519,49.00342173,0.02459845678,2035.024598,0,0,1,0,558.6480966,558.6480966,0,539,1698,109.2648749
1711,0,558.6480966,559,0,0.3519033957,0,0.0001713423707,0.3519033957,0.0001713423707,0.07038067914,0.07038067914,0,0,1,0,558.6480966,558.6480966,0,539,1699,109.3169131
1712,0,558.6480966,1290,0,731.3519034,0,0.3560965039,731.3519034,0.3560965039,0.07038067914,12.92961932,0,0,1,0,558.6480966,558.6480966,0,539,1700,109.3600657
1713,0,558.6480966,553,0,-5.648096604,0,-0.002750067984,-5.648096604,-0.002750067984,0.08429994932,0.08429994932,0,0,1,0,558.6480966,558.6480966,0,539,1701,109.4115398
1714,0,553,2497,-5.648096604,1938.351903,-0.002750067984,0.9437868868,1944,0.9465369548,0,30,0,0,1,0,558.6480966,558.6480966,0,539,1702,109.4589353
1715,0,558.6480966,554,0,-4.648096604,0,-0.002263166258,-4.648096604,-0.002263166258,0.06937457618,0.06937457618,0,0,1,0,558.6480966,558.6480966,0,539,1703,109.5030918
1716,0,554,2161,-4.648096604,1602.351903,-0.002263166258,0.780187907,1607,0.7824510733,0,25,0,0,1,0,558.6480966,558.6480966,0,539,1704,109.5495265
1717,0,558.6480966,96816,0,96257.3519,0,46.86787076,96257.3519,46.86787076,0.08429994932,1912.0843,0,0,1,0,558.6480966,558.6480966,0,539,1705,109.593713
1718,0,558.6480966,558,0,-0.6480966043,0,-0.0003155593551,-0.6480966043,-0.0003155593551,0.1296193209,0.1296193209,0,0,1,0,558.6480966,558.6480966,0,539,1706,109.6444089
1719,0,558,1229,-0.6480966043,670.3519034,-0.0003155593551,0.3263954986,671,0.326711058,0,11,0,0,1,0,558.6480966,558.6480966,0,539,1707,109.6952658
1720,0,558.6480966,559,0,0.3519033957,0,0.0001713423707,0.3519033957,0.0001713423707,0.07038067914,0.07038067914,0,0,1,0,558.6480966,558.6480966,0,539,1708,109.7394557
1721,0,558.6480966,2295,0,1736.351903,0,0.8454327382,1736.351903,0.8454327382,0.07038067914,27.92961932,0,0,1,0,558.6480966,558.6480966,0,539,1709,109.7836318
1722,0,558.6480966,553,0,-5.648096604,0,-0.002750067984,-5.648096604,-0.002750067984,0.08429994932,0.08429994932,0,0,1,0,558.6480966,558.6480966,0,539,1710,109.8351777
1723,0,553,1358,-5.648096604,799.3519034,-0.002750067984,0.3892058212,805,0.3919558892,0,13,0,0,1,0,558.6480966,558.6480966,0,539,1711,109.882288
1724,0,558.6480966,554,0,-4.648096604,0,-0.002263166258,-4.648096604,-0.002263166258,0.06937457618,0.06937457618,0,0,1,0,558.6480966,558.6480966,0,539,1712,109.9261963
1725,0,554,1357,-4.648096604,798.3519034,-0.002263166258,0.3887189195,803,0.3909820858,0,13,0,0,1,0,558.6480966,558.6480966,0,539,1713,109.97313
1726,0,558.6480966,103303,0,102744.3519,0,50.02640225,102744.3519,50.02640225,0.08429994932,2033.0843,0,0,1,0,558.6480966,558.6480966,0,539,1714,110.0189409
1727,0,558.6480966,559,0,0.3519033957,0,0.0001713423707,0.3519033957,0.0001713423707,0.07038067914,0.07038067914,0,0,1,0,558.6480966,558.6480966,0,539,1715,110.0719817
1728,0,558.6480966,1826,0,1267.351903,0,0.6170758289,1267.351903,0.6170758289,0.07038067914,20.92961932,0,0,1,0,558.6480966,558.6480966,0,539,1716,110.1173527
1729,0,558.6480966,553,0,-5.648096604,0,-0.002750067984,-5.648096604,-0.002750067984,0.08429994932,0.08429994932,0,0,1,0,558.6480966,558.6480966,0,539,1717,110.1692924
1730,0,553,1224,-5.648096604,665.3519034,-0.002750067984,0.32396099,671,0.326711058,0,11,0,0,1,0,558.6480966,558.6480966,0,539,1718,110.2164156
1731,0,558.6480966,554,0,-4.648096604,0,-0.002263166258,-4.648096604,-0.002263166258,0.06937457618,0.06937457618,0,0,1,0,558.6480966,558.6480966,0,539,1719,110.2606764
1732,0,554,2362,-4.648096604,1803.351903,-0.002263166258,0.8780551539,1808,0.8803183201,0,28,0,0,1,0,558.6480966,558.6480966,0,539,1720,110.3077807
1733,0,558.6480966,102333,0,101774.3519,0,49.55410758,101774.3519,49.55410758,0.08429994932,2056.0843,0,0,1,0,558.6480966,558.6480966,0,539,1721,110.3524411
1734,0,558.6480966,561,0,2.351903396,0,0.001145145822,2.351903396,0.001145145822,0.4703806791,0.4703806791,0,0,1,0,558.6480966,558.6480966,0,539,1722,110.40536
1735,0,558.6480966,1495,0,936.3519034,0,0.4559113577,936.3519034,0.4559113577,0.4703806791,15.52961932,0,0,1,0,558.6480966,558.6480966,0,539,1723,110.450254
1736,0,558.6480966,557,0,-1.648096604,0,-0.0008024610808,-1.648096604,-0.0008024610808,0.02459845678,0.02459845678,0,0,1,0,558.6480966,558.6480966,0,539,1724,110.502389
1737,0,557,1494,-1.648096604,935.3519034,-0.0008024610808,0.4554244559,937,0.456226917,0,15,0,0,1,0,558.6480966,558.6480966,0,539,1725,110.5483289
1738,0,558.6480966,556,0,-2.648096604,0,-0.001289362807,-2.648096604,-0.001289362807,0.03952382991,0.03952382991,0,0,1,0,558.6480966,558.6480966,0,539,1726,110.5923393
1739,0,556,1160,-2.648096604,601.3519034,-0.001289362807,0.2927992795,604,0.2940886423,0,10,0,0,1,0,558.6480966,558.6480966,0,539,1727,110.6395969
1740,0,558.6480966,101988,0,101429.3519,0,49.38612648,101429.3519,49.38612648,0.02459845678,1999.975402,0,0,1,0,558.6480966,558.6480966,0,539,1728,110.6838579
1741,0,558.6480966,561,0,2.351903396,0,0.001145145822,2.351903396,0.001145145822,0.4703806791,0.4703806791,0,0,1,0,558.6480966,558.6480966,0,539,1729,110.7324178
1742,0,558.6480966,2165,0,1606.351903,0,0.7821355139,1606.351903,0.7821355139,0.4703806791,25.52961932,0,0,1,0,558.6480966,558.6480966,0,539,1730,110.7768626
1743,0,558.6480966,557,0,-1.648096604,0,-0.0008024610808,-1.648096604,-0.0008024610808,0.02459845678,0.02459845678,0,0,1,0,558.6480966,558.6480966,0,539,1731,110.829849
1744,0,557,2231,-1.648096604,1672.351903,-0.0008024610808,0.8142710278,1674,0.8150734889,0,26,0,0,1,0,558.6480966,558.6480966,0,539,1732,110.8773425
1745,0,558.6480966,556,0,-2.648096604,0,-0.001289362807,-2.648096604,-0.001289362807,0.03952382991,0.03952382991,0,0,1,0,558.6480966,558.6480966,0,539,1733,110.9222674
1746,0,556,1964,-2.648096604,1405.351903,-0.001289362807,0.684268267,1408,0.6855576298,0,22,0,0,1,0,558.6480966,558.6480966,0,539,1734,110.9702919
1747,0,558.6480966,103856,0,103297.3519,0,50.29565891,103297.3519,50.29565891,0.02459845678,2049.024598,0,0,1,0,558.6480966,558.6480966,0,539,1735,111.0154016
1748,0,558.6480966,558,0,-0.6480966043,0,-0.0003155593551,-0.6480966043,-0.0003155593551,0.1296193209,0.1296193209,0,0,1,0,558.6480966,558.6480966,0,539,1736,111.0686944
1749,0,558,2299,-0.6480966043,1740.351903,-0.0003155593551,0.8473803451,1741,0.8476959045,0,27,0,0,1,0,558.6480966,558.6480966,0,539,1737,111.1198659
1750,0,558.6480966,557,0,-1.648096604,0,-0.0008024610808,-1.648096604,-0.0008024610808,0.02459845678,0.02459845678,0,0,1,0,558.6480966,558.6480966,0,539,1738,111.164856
1751,0,557,2367,-1.648096604,1808.351903,-0.0008024610808,0.8804896625,1810,0.8812921236,0,28,0,0,1,0,558.6480966,558.6480966,0,539,1739,111.2125034
1752,0,558.6480966,103098,0,102539.3519,0,49.9265874,102539.3519,49.9265874,0.009673083646,2013.009673,0,0,1,0,558.6480966,558.6480966,0,539,1740,111.257941
1753,0,558.6480966,559,0,0.3519033957,0,0.0001713423707,0.3519033957,0.0001713423707,0.07038067914,0.07038067914,0,0,1,0,558.6480966,558.6480966,0,539,1741,111.3111167
1754,0,558.6480966,2161,0,1602.351903,0,0.780187907,1602.351903,0.780187907,0.07038067914,25.92961932,0,0,1,0,558.6480966,558.6480966,0,539,1742,111.3547435
1755,0,558.6480966,553,0,-5.648096604,0,-0.002750067984,-5.648096604,-0.002750067984,0.08429994932,0.08429994932,0,0,1,0,558.6480966,558.6480966,0,539,1743,111.406019
1756,0,553,2162,-5.648096604,1603.351903,-0.002750067984,0.7806748087,1609,0.7834248767,0,25,0,0,1,0,558.6480966,558.6480966,0,539,1744,111.4523523
1757,0,558.6480966,554,0,-4.648096604,0,-0.002263166258,-4.648096604,-0.002263166258,0.06937457618,0.06937457618,0,0,1,0,558.6480966,558.6480966,0,539,1745,111.4966969
1758,0,554,2295,-4.648096604,1736.351903,-0.002263166258,0.8454327382,1741,0.8476959045,0,27,0,0,1,0,558.6480966,558.6480966,0,539,1746,111.5439355
1759,0,558.6480966,99985,0,99426.3519,0,48.41086233,99426.3519,48.41086233,0.08429994932,2009.9157,0,0,1,0,558.6480966,558.6480966,0,539,1747,111.5891223
1760,0,558.6480966,560,0,1.351903396,0,0.0006582440964,1.351903396,0.0006582440964,0.2703806791,0.2703806791,0,0,1,0,558.6480966,558.6480966,0,539,1748,111.6375978
1761,0,558.6480966,1425,0,866.3519034,0,0.4218282369,866.3519034,0.4218282369,0.2703806791,14.72961932,0,0,1,0,558.6480966,558.6480966,0,539,1749,111.6827402
1762,0,558.6480966,554,0,-4.648096604,0,-0.002263166258,-4.648096604,-0.002263166258,0.06937457618,0.06937457618,0,0,1,0,558.6480966,558.6480966,0,539,1750,111.7356119
1763,0,554,2498,-4.648096604,1939.351903,-0.002263166258,0.9442737886,1944,0.9465369548,0,30,0,0,1,0,558.6480966,558.6480966,0,539,1751,111.7835968
1764,0,558.6480966,555,0,-3.648096604,0,-0.001776264532,-3.648096604,-0.001776264532,0.05444920305,0.05444920305,0,0,1,0,558.6480966,558.6480966,0,539,1752,111.8281541
1765,0,555,1894,-3.648096604,1335.351903,-0.001776264532,0.6501851462,1339,0.6519614108,0,21,0,0,1,0,558.6480966,558.6480966,0,539,1753,111.8761675
1766,0,558.6480966,103207,0,102648.3519,0,49.97965969,102648.3519,49.97965969,0.06937457618,2056.069375,0,0,1,0,558.6480966,558.6480966,0,539,1754,111.921762
1767,0,558.6480966,561,0,2.351903396,0,0.001145145822,2.351903396,0.001145145822,0.4703806791,0.4703806791,0,0,1,0,558.6480966,558.6480966,0,539,1755,111.9747214
1768,0,558.6480966,1763,0,1204.351903,0,0.5864010202,1204.351903,0.5864010202,0.4703806791,19.52961932,0,0,1,0,558.6480966,558.6480966,0,539,1756,112.0195348
1769,0,558.6480966,557,0,-1.648096604,0,-0.0008024610808,-1.648096604,-0.0008024610808,0.02459845678,0.02459845678,0,0,1,0,558.6480966,558.6480966,0,539,1757,112.072566
1770,0,557,1963,-1.648096604,1404.351903,-0.0008024610808,0.6837813653,1406,0.6845838264,0,22,0,0,1,0,558.6480966,558.6480966,0,539,1758,112.1195107
1771,0,558.6480966,556,0,-2.648096604,0,-0.001289362807,-2.648096604,-0.001289362807,0.03952382991,0.03952382991,0,0,1,0,558.6480966,558.6480966,0,539,1759,112.1648567
1772,0,556,1562,-2.648096604,1003.351903,-0.001289362807,0.4885337733,1006,0.4898231361,0,16,0,0,1,0,558.6480966,558.6480966,0,539,1760,112.2132256
1773,0,558.6480966,102453,0,101894.3519,0,49.61253578,101894.3519,49.61253578,0.02459845678,2028.024598,0,0,1,0,558.6480966,558.6480966,0,539,1761,112.257442
1774,0,558.6480966,558,0,-0.6480966043,0,-0.0003155593551,-0.6480966043,-0.0003155593551,0.1296193209,0.1296193209,0,0,1,0,558.6480966,558.6480966,0,539,1762,112.3096819
1775,0,558,1160,-0.6480966043,601.3519034,-0.0003155593551,0.2927992795,602,0.2931148389,0,10,0,0,1,0,558.6480966,558.6480966,0,539,1763,112.361891
1776,0,558.6480966,557,0,-1.648096604,0,-0.0008024610808,-1.648096604,-0.0008024610808,0.02459845678,0.02459845678,0,0,1,0,558.6480966,558.6480966,0,539,1764,112.4065979
1777,0,557,1295,-1.648096604,736.3519034,-0.0008024610808,0.3585310125,738,0.3593334736,0,12,0,0,1,0,558.6480966,558.6480966,0,539,1765,112.4535162
1778,0,558.6480966,99586,0,99027.3519,0,48.21658854,99027.3519,48.21658854,0.009673083646,1985.009673,0,0,1,0,558.6480966,558.6480966,0,539,1766,112.4978797
1779,0,558.6480966,561,0,2.351903396,0,0.001145145822,2.351903396,0.001145145822,0.4703806791,0.4703806791,0,0,1,0,558.6480966,558.6480966,0,539,1767,112.5499318
1780,0,558.6480966,2433,0,1874.351903,0,0.9126251764,1874.351903,0.9126251764,0.4703806791,29.52961932,0,0,1,0,558.6480966,558.6480966,0,539,1768,112.5936611
1781,0,558.6480966,557,0,-1.648096604,0,-0.0008024610808,-1.648096604,-0.0008024610808,0.02459845678,0.02459845678,0,0,1,0,558.6480966,558.6480966,0,539,1769,112.6450856
1782,0,557,1561,-1.648096604,1002.351903,-0.0008024610808,0.4880468716,1004,0.4888493326,0,16,0,0,1,0,558.6480966,558.6480966,0,539,1770,112.6920917
1783,0,558.6480966,556,0,-2.648096604,0,-0.001289362807,-2.648096604,-0.001289362807,0.03952382991,0.03952382991,0,0,1,0,558.6480966,558.6480966,0,539,1771,112.7362645
1784,0,556,2366,-2.648096604,1807.351903,-0.001289362807,0.8800027608,1810,0.8812921236,0,28,0,0,1,0,558.6480966,558.6480966,0,539,1772,112.783673
1785,0,558.6480966,104076,0,103517.3519,0,50.40277729,103517.3519,50.40277729,0.02459845678,2103.024598,0,0,1,0,558.6480966,558.6480966,0,539,1773,112.8284733
1786,0,558.6480966,560,0,1.351903396,0,0.0006582440964,1.351903396,0.0006582440964,0.2703806791,0.2703806791,0,0,1,0,558.6480966,558.6480966,0,539,1774,112.8813603
1787,0,558.6480966,2028,0,1469.351903,0,0.7154299775,1469.351903,0.7154299775,0.2703806791,23.72961932,0,0,1,0,558.6480966,558.6480966,0,539,1775,112.9261434
1788,0,558.6480966,554,0,-4.648096604,0,-0.002263166258,-4.648096604,-0.002263166258,0.06937457618,0.06937457618,0,0,1,0,558.6480966,558.6480966,0,539,1776,112.9778419
1789,0,554,1493,-4.648096604,934.3519034,-0.002263166258,0.4549375542,939,0.4572007205,0,15,0,0,1,0,558.6480966,558.6480966,0,539,1777,113.0254452
1790,0,558.6480966,555,0,-3.648096604,0,-0.001776264532,-3.648096604,-0.001776264532,0.05444920305,0.05444920305,0,0,1,0,558.6480966,558.6480966,0,539,1778,113.071171
1791,0,555,1961,-3.648096604,1402.351903,-0.001776264532,0.6828075618,1406,0.6845838264,0,22,0,0,1,0,558.6480966,558.6480966,0,539,1779,113.1198196
1792,0,558.6480966,101086,0,100527.3519,0,48.94694113,100527.3519,48.94694113,0.06937457618,1997.069375,0,0,1,0,558.6480966,558.6480966,0,539,1780,113.1660674
1793,0,558.6480966,560,0,1.351903396,0,0.0006582440964,1.351903396,0.0006582440964,0.2703806791,0.2703806791,0,0,1,0,558.6480966,558.6480966,0,539,1781,113.2196643
1794,0,558.6480966,2298,0,1739.351903,0,0.8468934434,1739.351903,0.8468934434,0.2703806791,27.72961932,0,0,1,0,558.6480966,558.6480966,0,539,1782,113.2651839
1795,0,558.6480966,556,0,-2.648096604,0,-0.001289362807,-2.648096604,-0.001289362807,0.03952382991,0.03952382991,0,0,1,0,558.6480966,558.6480966,0,539,1783,113.3177953
1796,0,556,1560,-2.648096604,1001.351903,-0.001289362807,0.4875599698,1004,0.4888493326,0,16,0,0,1,0,558.6480966,558.6480966,0,539,1784,113.3652353
1797,0,558.6480966,555,0,-3.648096604,0,-0.001776264532,-3.648096604,-0.001776264532,0.05444920305,0.05444920305,0,0,1,0,558.6480966,558.6480966,0,539,1785,113.4100792
1798,0,555,1494,-3.648096604,935.3519034,-0.001776264532,0.4554244559,939,0.4572007205,0,15,0,0,1,0,558.6480966,558.6480966,0,539,1786,113.4578753
1799,0,558.6480966,98231,0,97672.3519,0,47.5568367,97672.3519,47.5568367,0.03952382991,1965.039524,0,0,1,0,558.6480966,558.6480966,0,539,1787,113.5036142
1800,0,558.6480966,561,0,2.351903396,0,0.001145145822,2.351903396,0.001145145822,0.4703806791,0.4703806791,0,0,1,0,558.6480966,558.6480966,0,539,1788,113.5563223
1801,0,558.6480966,1292,0,733.3519034,0,0.3570703073,733.3519034,0.3570703073,0.4703806791,12.52961932,0,0,1,0,558.6480966,558.6480966,0,539,1789,113.5997174
1802,0,558.6480966,555,0,-3.648096604,0,-0.001776264532,-3.648096604,-0.001776264532,0.05444920305,0.05444920305,0,0,1,0,558.6480966,558.6480966,0,539,1790,113.6517515
1803,0,555,1226,-3.648096604,667.3519034,-0.001776264532,0.3249347934,671,0.326711058,0,11,0,0,1,0,558.6480966,558.6480966,0,539,1791,113.699053
1804,0,558.6480966,556,0,-2.648096604,0,-0.001289362807,-2.648096604,-0.001289362807,0.03952382991,0.03952382991,0,0,1,0,558.6480966,558.6480966,0,539,1792,113.7429998
1805,0,556,2498,-2.648096604,1939.351903,-0.001289362807,0.9442737886,1942,0.9455631514,0,30,0,0,1,0,558.6480966,558.6480966,0,539,1793,113.7904105
1806,0,558.6480966,101147,0,100588.3519,0,48.97664213,100588.3519,48.97664213,0.05444920305,1976.054449,0,0,1,0,558.6480966,558.6480966,0,539,1794,113.8345342
1807,0,558.6480966,561,0,2.351903396,0,0.001145145822,2.351903396,0.001145145822,0.4703806791,0.4703806791,0,0,1,0,558.6480966,558.6480966,0,539,1795,113.8866355
1808,0,558.6480966,1495,0,936.3519034,0,0.4559113577,936.3519034,0.4559113577,0.4703806791,15.52961932,0,0,1,0,558.6480966,558.6480966,0,539,1796,113.9308167
1809,0,558.6480966,557,0,-1.648096604,0,-0.0008024610808,-1.648096604,-0.0008024610808,0.02459845678,0.02459845678,0,0,1,0,558.6480966,558.6480966,0,539,1797,113.9824128
1810,0,557,1159,-1.648096604,600.3519034,-0.0008024610808,0.2923123778,602,0.2931148389,0,10,0,0,1,0,558.6480966,558.6480966,0,539,1798,114.0291858
1811,0,558.6480966,556,0,-2.648096604,0,-0.001289362807,-2.648096604,-0.001289362807,0.03952382991,0.03952382991,0,0,1,0,558.6480966,558.6480966,0,539,1799,114.0734751
1812,0,556,2098,-2.648096604,1539.351903,-0.001289362807,0.7495130983,1542,0.7508024611,0,24,0,0,1,0,558.6480966,558.6480966,0,539,1800,114.121201
1813,0,558.6480966,102135,0,101576.3519,0,49.45770104,101576.3519,49.45770104,0.02459845678,1940.024598,0,0,1,0,558.6480966,558.6480966,0,539,1801,114.1667051
1814,0,558.6480966,558,0,-0.6480966043,0,-0.0003155593551,-0.6480966043,-0.0003155593551,0.1296193209,0.1296193209,0,0,1,0,558.6480966,558.6480966,0,539,1802,114.2196271
1815,0,558,1428,-0.6480966043,869.3519034,-0.0003155593551,0.423288942,870,0.4236045014,0,14,0,0,1,0,558.6480966,558.6480966,0,539,1803,114.2720752
1816,0,558.6480966,557,0,-1.648096604,0,-0.0008024610808,-1.648096604,-0.0008024610808,0.02459845678,0.02459845678,0,0,1,0,558.6480966,558.6480966,0,539,1804,114.3168554
1817,0,557,1630,-1.648096604,1071.351903,-0.0008024610808,0.5216430906,1073,0.5224455517,0,17,0,0,1,0,558.6480966,558.6480966,0,539,1805,114.3644791
1818,0,558.6480966,100744,0,100185.3519,0,48.78042073,100185.3519,48.78042073,0.009673083646,2019.009673,0,0,1,0,558.6480966,558.6480966,0,539,1806,114.409446
1819,0,558.6480966,559,0,0.3519033957,0,0.0001713423707,0.3519033957,0.0001713423707,0.07038067914,0.07038067914,0,0,1,0,558.6480966,558.6480966,0,539,1807,114.4620748
1820,0,558.6480966,1223,0,664.3519034,0,0.3234740883,664.3519034,0.3234740883,0.07038067914,11.92961932,0,0,1,0,558.6480966,558.6480966,0,539,1808,114.5067785
1821,0,558.6480966,553,0,-5.648096604,0,-0.002750067984,-5.648096604,-0.002750067984,0.08429994932,0.08429994932,0,0,1,0,558.6480966,558.6480966,0,539,1809,114.5588884
1822,0,553,1894,-5.648096604,1335.351903,-0.002750067984,0.6501851462,1341,0.6529352142,0,21,0,0,1,0,558.6480966,558.6480966,0,539,1810,114.6056325
1823,0,558.6480966,554,0,-4.648096604,0,-0.002263166258,-4.648096604,-0.002263166258,0.06937457618,0.06937457618,0,0,1,0,558.6480966,558.6480966,0,539,1811,114.6508501
1824,0,554,1960,-4.648096604,1401.351903,-0.002263166258,0.6823206601,1406,0.6845838264,0,22,0,0,1,0,558.6480966,558.6480966,0,539,1812,114.6992171
1825,0,558.6480966,100652,0,100093.3519,0,48.73562578,100093.3519,48.73562578,0.08429994932,1974.9157,0,0,1,0,558.6480966,558.6480966,0,539,1813,114.7443974
1826,0,558.6480966,559,0,0.3519033957,0,0.0001713423707,0.3519033957,0.0001713423707,0.07038067914,0.07038067914,0,0,1,0,558.6480966,558.6480966,0,539,1814,114.7924349
1827,0,558.6480966,1225,0,666.3519034,0,0.3244478917,666.3519034,0.3244478917,0.07038067914,11.92961932,0,0,1,0,558.6480966,558.6480966,0,539,1815,114.8380558
1828,0,558.6480966,555,0,-3.648096604,0,-0.001776264532,-3.648096604,-0.001776264532,0.05444920305,0.05444920305,0,0,1,0,558.6480966,558.6480966,0,539,1816,114.8899775
1829,0,555,2363,-3.648096604,1804.351903,-0.001776264532,0.8785420556,1808,0.8803183201,0,28,0,0,1,0,558.6480966,558.6480966,0,539,1817,114.9374747
1830,0,558.6480966,554,0,-4.648096604,0,-0.002263166258,-4.648096604,-0.002263166258,0.06937457618,0.06937457618,0,0,1,0,558.6480966,558.6480966,0,539,1818,114.9820924
1831,0,554,2230,-4.648096604,1671.351903,-0.002263166258,0.8137841261,1676,0.8160472923,0,26,0,0,1,0,558.6480966,558.6480966,0,539,1819,115.0296242
1832,0,558.6480966,102231,0,101672.3519,0,49.5044436,101672.3519,49.5044436,0.05444920305,1994.054449,0,0,1,0,558.6480966,558.6480966,0,539,1820,115.0744023
1833,0,558.6480966,559,0,0.3519033957,0,0.0001713423707,0.3519033957,0.0001713423707,0.07038067914,0.07038067914,0,0,1,0,558.6480966,558.6480966,0,539,1821,115.1259081
1834,0,558.6480966,2429,0,1870.351903,0,0.9106775695,1870.351903,0.9106775695,0.07038067914,29.92961932,0,0,1,0,558.6480966,558.6480966,0,539,1822,115.170064
1835,0,558.6480966,553,0,-5.648096604,0,-0.002750067984,-5.648096604,-0.002750067984,0.08429994932,0.08429994932,0,0,1,0,558.6480966,558.6480966,0,539,1823,115.2219641
1836,0,553,2430,-5.648096604,1871.351903,-0.002750067984,0.9111644712,1877,0.9139145392,0,29,0,0,1,0,558.6480966,558.6480966,0,539,1824,115.2689896
1837,0,558.6480966,554,0,-4.648096604,0,-0.002263166258,-4.648096604,-0.002263166258,0.06937457618,0.06937457618,0,0,1,0,558.6480966,558.6480966,0,539,1825,115.3141615
1838,0,554,1290,-4.648096604,731.3519034,-0.002263166258,0.3560965039,736,0.3583596701,0,12,0,0,1,0,558.6480966,558.6480966,0,539,1826,115.3624697
1839,0,558.6480966,99181,0,98622.3519,0,48.01939334,98622.3519,48.01939334,0.08429994932,1979.9157,0,0,1,0,558.6480966,558.6480966,0,539,1827,115.4083333
1840,0,558.6480966,560,0,1.351903396,0,0.0006582440964,1.351903396,0.0006582440964,0.2703806791,0.2703806791,0,0,1,0,558.6480966,558.6480966,0,539,1828,115.4572079
1841,0,558.6480966,2363,0,1804.351903,0,0.8785420556,1804.351903,0.8785420556,0.2703806791,28.72961932,0,0,1,0,558.6480966,558.6480966,0,539,1829,115.5028787
1842,0,558.6480966,554,0,-4.648096604,0,-0.002263166258,-4.648096604,-0.002263166258,0.06937457618,0.06937457618,0,0,1,0,558.6480966,558.6480966,0,539,1830,115.5553675
1843,0,554,1158,-4.648096604,599.3519034,-0.002263166258,0.2918254761,604,0.2940886423,0,10,0,0,1,0,558.6480966,558.6480966,0,539,1831,115.6032929
1844,0,558.6480966,555,0,-3.648096604,0,-0.001776264532,-3.648096604,-0.001776264532,0.05444920305,0.05444920305,0,0,1,0,558.6480966,558.6480966,0,539,1832,115.6483595
1845,0,555,1224,-3.648096604,665.3519034,-0.001776264532,0.32396099,669,0.3257372545,0,11,0,0,1,0,558.6480966,558.6480966,0,539,1833,115.696111
1846,0,558.6480966,101177,0,100618.3519,0,48.99124918,100618.3519,48.99124918,0.06937457618,2059.069375,0,0,1,0,558.6480966,558.6480966,0,539,1834,115.7421157
1847,0,558.6480966,561,0,2.351903396,0,0.001145145822,2.351903396,0.001145145822,0.4703806791,0.4703806791,0,0,1,0,558.6480966,558.6480966,0,539,1835,115.7953272
1848,0,558.6480966,2299,0,1740.351903,0,0.8473803451,1740.351903,0.8473803451,0.4703806791,27.52961932,0,0,1,0,558.6480966,558.6480966,0,539,1836,115.8407302
1849,0,558.6480966,557,0,-1.648096604,0,-0.0008024610808,-1.648096604,-0.0008024610808,0.02459845678,0.02459845678,0,0,1,0,558.6480966,558.6480966,0,539,1837,115.8932791
1850,0,557,1360,-1.648096604,801.3519034,-0.0008024610808,0.3901796247,803,0.3909820858,0,13,0,0,1,0,558.6480966,558.6480966,0,539,1838,115.9398057
1851,0,558.6480966,556,0,-2.648096604,0,-0.001289362807,-2.648096604,-0.001289362807,0.03952382991,0.03952382991,0,0,1,0,558.6480966,558.6480966,0,539,1839,115.9840863
1852,0,556,1763,-2.648096604,1204.351903,-0.001289362807,0.5864010202,1207,0.587690383,0,19,0,0,1,0,558.6480966,558.6480966,0,539,1840,116.0322008
1853,0,558.6480966,102129,0,101570.3519,0,49.45477963,101570.3519,49.45477963,0.02459845678,2016.024598,0,0,1,0,558.6480966,558.6480966,0,539,1841,116.0771608
1854,0,558.6480966,561,0,2.351903396,0,0.001145145822,2.351903396,0.001145145822,0.4703806791,0.4703806791,0,0,1,0,558.6480966,558.6480966,0,539,1842,116.1291108
1855,0,558.6480966,1627,0,1068.351903,0,0.5201823855,1068.351903,0.5201823855,0.4703806791,17.52961932,0,0,1,0,558.6480966,558.6480966,0,539,1843,116.1734991
1856,0,558.6480966,555,0,-3.648096604,0,-0.001776264532,-3.648096604,-0.001776264532,0.05444920305,0.05444920305,0,0,1,0,558.6480966,558.6480966,0,539,1844,116.2253385
1857,0,555,1494,-3.648096604,935.3519034,-0.001776264532,0.4554244559,939,0.4572007205,0,15,0,0,1,0,558.6480966,558.6480966,0,539,1845,116.2721691
1858,0,558.6480966,556,0,-2.648096604,0,-0.001289362807,-2.648096604,-0.001289362807,0.03952382991,0.03952382991,0,0,1,0,558.6480966,558.6480966,0,539,1846,116.3163011
1859,0,556,2297,-2.648096604,1738.351903,-0.001289362807,0.8464065417,1741,0.8476959045,0,27,0,0,1,0,558.6480966,558.6480966,0,539,1847,116.3635032
1860,0,558.6480966,98970,0,98411.3519,0,47.91665707,98411.3519,47.91665707,0.05444920305,1927.945551,0,0,1,0,558.6480966,558.6480966,0,539,1848,116.4082263
1861,0,558.6480966,560,0,1.351903396,0,0.0006582440964,1.351903396,0.0006582440964,0.2703806791,0.2703806791,0,0,1,0,558.6480966,558.6480966,0,539,1849,116.4570379
1862,0,558.6480966,2097,0,1538.351903,0,0.7490261965,1538.351903,0.7490261965,0.2703806791,24.72961932,0,0,1,0,558.6480966,558.6480966,0,539,1850,116.5024045
1863,0,558.6480966,556,0,-2.648096604,0,-0.001289362807,-2.648096604,-0.001289362807,0.03952382991,0.03952382991,0,0,1,0,558.6480966,558.6480966,0,539,1851,116.5549855
1864,0,556,1828,-2.648096604,1269.351903,-0.001289362807,0.6180496323,1272,0.6193389951,0,20,0,0,1,0,558.6480966,558.6480966,0,539,1852,116.6038783
1865,0,558.6480966,555,0,-3.648096604,0,-0.001776264532,-3.648096604,-0.001776264532,0.05444920305,0.05444920305,0,0,1,0,558.6480966,558.6480966,0,539,1853,116.6486425
1866,0,555,2432,-3.648096604,1873.351903,-0.001776264532,0.9121382747,1877,0.9139145392,0,29,0,0,1,0,558.6480966,558.6480966,0,539,1854,116.6962197
1867,0,558.6480966,98667,0,98108.3519,0,47.76912585,98108.3519,47.76912585,0.03952382991,1957.039524,0,0,1,0,558.6480966,558.6480966,0,539,1855,116.7415957
1868,0,558.6480966,561,0,2.351903396,0,0.001145145822,2.351903396,0.001145145822,0.4703806791,0.4703806791,0,0,1,0,558.6480966,558.6480966,0,539,1856,116.7947621
1869,0,558.6480966,2165,0,1606.351903,0,0.7821355139,1606.351903,0.7821355139,0.4703806791,25.52961932,0,0,1,0,558.6480966,558.6480966,0,539,1857,116.8403637
1870,0,558.6480966,557,0,-1.648096604,0,-0.0008024610808,-1.648096604,-0.0008024610808,0.02459845678,0.02459845678,0,0,1,0,558.6480966,558.6480966,0,539,1858,116.893729
1871,0,557,1695,-1.648096604,1136.351903,-0.0008024610808,0.5532917028,1138,0.5540941639,0,18,0,0,1,0,558.6480966,558.6480966,0,539,1859,116.9404948
1872,0,558.6480966,556,0,-2.648096604,0,-0.001289362807,-2.648096604,-0.001289362807,0.03952382991,0.03952382991,0,0,1,0,558.6480966,558.6480966,0,539,1860,116.9850476
1873,0,556,2433,-2.648096604,1874.351903,-0.001289362807,0.9126251764,1877,0.9139145392,0,29,0,0,1,0,558.6480966,558.6480966,0,539,1861,117.0330043
1874,0,558.6480966,101586,0,101027.3519,0,49.19039199,101027.3519,49.19039199,0.02459845678,1989.024598,0,0,1,0,558.6480966,558.6480966,0,539,1862,117.0784419
1875,0,558.6480966,561,0,2.351903396,0,0.001145145822,2.351903396,0.001145145822,0.4703806791,0.4703806791,0,0,1,0,558.6480966,558.6480966,0,539,1863,117.1312563
1876,0,558.6480966,1627,0,1068.351903,0,0.5201823855,1068.351903,0.5201823855,0.4703806791,17.52961932,0,0,1,0,558.6480966,558.6480966,0,539,1864,117.1750298
1877,0,558.6480966,555,0,-3.648096604,0,-0.001776264532,-3.648096604,-0.001776264532,0.05444920305,0.05444920305,0,0,1,0,558.6480966,558.6480966,0,539,1865,117.2261503
1878,0,555,1695,-3.648096604,1136.351903,-0.001776264532,0.5532917028,1140,0.5550679673,0,18,0,0,1,0,558.6480966,558.6480966,0,539,1866,117.2719419
1879,0,558.6480966,556,0,-2.648096604,0,-0.001289362807,-2.648096604,-0.001289362807,0.03952382991,0.03952382991,0,0,1,0,558.6480966,558.6480966,0,539,1867,117.3161809
1880,0,556,2498,-2.648096604,1939.351903,-0.001289362807,0.9442737886,1942,0.9455631514,0,30,0,0,1,0,558.6480966,558.6480966,0,539,1868,117.3628612
1881,0,558.6480966,100792,0,100233.3519,0,48.80379202,100233.3519,48.80379202,0.05444920305,2026.054449,0,0,1,0,558.6480966,558.6480966,0,539,1869,117.407825
1882,0,558.6480966,561,0,2.351903396,0,0.001145145822,2.351903396,0.001145145822,0.4703806791,0.4703806791,0,0,1,0,558.6480966,558.6480966,0,539,1870,117.459559
1883,0,558.6480966,2364,0,1805.351903,0,0.8790289573,1805.351903,0.8790289573,0.4703806791,28.52961932,0,0,1,0,558.6480966,558.6480966,0,539,1871,117.5040059
1884,0,558.6480966,555,0,-3.648096604,0,-0.001776264532,-3.648096604,-0.001776264532,0.05444920305,0.05444920305,0,0,1,0,558.6480966,558.6480966,0,539,1872,117.5564137
1885,0,555,1896,-3.648096604,1337.351903,-0.001776264532,0.6511589497,1341,0.6529352142,0,21,0,0,1,0,558.6480966,558.6480966,0,539,1873,117.6035945
1886,0,558.6480966,556,0,-2.648096604,0,-0.001289362807,-2.648096604,-0.001289362807,0.03952382991,0.03952382991,0,0,1,0,558.6480966,558.6480966,0,539,1874,117.6481497
1887,0,556,1426,-2.648096604,867.3519034,-0.001289362807,0.4223151386,870,0.4236045014,0,14,0,0,1,0,558.6480966,558.6480966,0,539,1875,117.6964471
1888,0,558.6480966,100330,0,99771.3519,0,48.57884342,99771.3519,48.57884342,0.05444920305,1968.054449,0,0,1,0,558.6480966,558.6480966,0,539,1876,117.74207
1889,0,558.6480966,559,0,0.3519033957,0,0.0001713423707,0.3519033957,0.0001713423707,0.07038067914,0.07038067914,0,0,1,0,558.6480966,558.6480966,0,539,1877,117.7948194
1890,0,558.6480966,2297,0,1738.351903,0,0.8464065417,1738.351903,0.8464065417,0.07038067914,27.92961932,0,0,1,0,558.6480966,558.6480966,0,539,1878,117.8390565
1891,0,558.6480966,555,0,-3.648096604,0,-0.001776264532,-3.648096604,-0.001776264532,0.05444920305,0.05444920305,0,0,1,0,558.6480966,558.6480966,0,539,1879,117.8915596
1892,0,555,2162,-3.648096604,1603.351903,-0.001776264532,0.7806748087,1607,0.7824510733,0,25,0,0,1,0,558.6480966,558.6480966,0,539,1880,117.938585
1893,0,558.6480966,554,0,-4.648096604,0,-0.002263166258,-4.648096604,-0.002263166258,0.06937457618,0.06937457618,0,0,1,0,558.6480966,558.6480966,0,539,1881,117.9832506
1894,0,554,1359,-4.648096604,800.3519034,-0.002263166258,0.389692723,805,0.3919558892,0,13,0,0,1,0,558.6480966,558.6480966,0,539,1882,118.0312669
1895,0,558.6480966,101299,0,100740.3519,0,49.05065119,100740.3519,49.05065119,0.05444920305,1991.054449,0,0,1,0,558.6480966,558.6480966,0,539,1883,118.0771799
1896,0,558.6480966,559,0,0.3519033957,0,0.0001713423707,0.3519033957,0.0001713423707,0.07038067914,0.07038067914,0,0,1,0,558.6480966,558.6480966,0,539,1884,118.1291239
1897,0,558.6480966,1091,0,532.3519034,0,0.2592030605,532.3519034,0.2592030605,0.07038067914,9.929619321,0,0,1,0,558.6480966,558.6480966,0,539,1885,118.1732233
1898,0,558.6480966,555,0,-3.648096604,0,-0.001776264532,-3.648096604,-0.001776264532,0.05444920305,0.05444920305,0,0,1,0,558.6480966,558.6480966,0,539,1886,118.2257559
1899,0,555,2430,-3.648096604,1871.351903,-0.001776264532,0.9111644712,1875,0.9129407358,0,29,0,0,1,0,558.6480966,558.6480966,0,539,1887,118.27197
1900,0,558.6480966,554,0,-4.648096604,0,-0.002263166258,-4.648096604,-0.002263166258,0.06937457618,0.06937457618,0,0,1,0,558.6480966,558.6480966,0,539,1888,118.3161457
1901,0,554,2230,-4.648096604,1671.351903,-0.002263166258,0.8137841261,1676,0.8160472923,0,26,0,0,1,0,558.6480966,558.6480966,0,539,1889,118.3628283
1902,0,558.6480966,104851,0,104292.3519,0,50.78012612,104292.3519,50.78012612,0.05444920305,2074.054449,0,0,1,0,558.6480966,558.6480966,0,539,1890,118.4077134
1903,0,558.6480966,558,0,-0.6480966043,0,-0.0003155593551,-0.6480966043,-0.0003155593551,0.1296193209,0.1296193209,0,0,1,0,558.6480966,558.6480966,0,539,1891,118.459034
1904,0,558,2433,-0.6480966043,1874.351903,-0.0003155593551,0.9126251764,1875,0.9129407358,0,29,0,0,1,0,558.6480966,558.6480966,0,539,1892,118.5102429
1905,0,558.6480966,557,0,-1.648096604,0,-0.0008024610808,-1.648096604,-0.0008024610808,0.02459845678,0.02459845678,0,0,1,0,558.6480966,558.6480966,0,539,1893,118.5541928
1906,0,557,2099,-1.648096604,1540.351903,-0.0008024610808,0.75,1542,0.7508024611,0,24,0,0,1,0,558.6480966,558.6480966,0,539,1894,118.6011403
1907,0,558.6480966,102691,0,102132.3519,0,49.72841839,102132.3519,49.72841839,0.009673083646,2050.009673,0,0,1,0,558.6480966,558.6480966,0,539,1895,118.6461554
1908,0,558.6480966,557,0,-1.648096604,0,-0.0008024610808,-1.648096604,-0.0008024610808,0.3296193209,0.3296193209,0,0,1,0,558.6480966,558.6480966,0,539,1896,118.6988142
1909,0,557,1628,-1.648096604,1069.351903,-0.0008024610808,0.5206692872,1071,0.5214717483,0,17,0,0,1,0,558.6480966,558.6480966,0,539,1897,118.7506833
1910,0,558.6480966,556,0,-2.648096604,0,-0.001289362807,-2.648096604,-0.001289362807,0.03952382991,0.03952382991,0,0,1,0,558.6480966,558.6480966,0,539,1898,118.794512
1911,0,556,2232,-2.648096604,1673.351903,-0.001289362807,0.8147579295,1676,0.8160472923,0,26,0,0,1,0,558.6480966,558.6480966,0,539,1899,118.8425276
1912,0,558.6480966,102756,0,102197.3519,0,49.76006701,102197.3519,49.76006701,0.02459845678,2029.024598,0,0,1,0,558.6480966,558.6480966,0,539,1900,118.8882933
1913,0,558.6480966,558,0,-0.6480966043,0,-0.0003155593551,-0.6480966043,-0.0003155593551,0.1296193209,0.1296193209,0,0,1,0,558.6480966,558.6480966,0,539,1901,118.9406197
1914,0,558,1564,-0.6480966043,1005.351903,-0.0003155593551,0.4895075767,1006,0.4898231361,0,16,0,0,1,0,558.6480966,558.6480966,0,539,1902,118.9926965
1915,0,558.6480966,559,0,0.3519033957,0,0.0001713423707,0.3519033957,0.0001713423707,0.07038067914,0.07038067914,0,0,1,0,558.6480966,558.6480966,0,539,1903,119.0368264
1916,0,558.6480966,2161,0,1602.351903,0,0.780187907,1602.351903,0.780187907,0.07038067914,25.92961932,0,0,1,0,558.6480966,558.6480966,0,539,1904,119.0815165
1917,0,558.6480966,553,0,-5.648096604,0,-0.002750067984,-5.648096604,-0.002750067984,0.08429994932,0.08429994932,0,0,1,0,558.6480966,558.6480966,0,539,1905,119.133595
1918,0,553,1425,-5.648096604,866.3519034,-0.002750067984,0.4218282369,872,0.4245783048,0,14,0,0,1,0,558.6480966,558.6480966,0,539,1906,119.1801474
1919,0,558.6480966,554,0,-4.648096604,0,-0.002263166258,-4.648096604,-0.002263166258,0.06937457618,0.06937457618,0,0,1,0,558.6480966,558.6480966,0,539,1907,119.2248166
1920,0,554,1558,-4.648096604,999.3519034,-0.002263166258,0.4865861664,1004,0.4888493326,0,16,0,0,1,0,558.6480966,558.6480966,0,539,1908,119.2736218
1921,0,558.6480966,96541,0,95982.3519,0,46.73397278,95982.3519,46.73397278,0.08429994932,1919.9157,0,0,1,0,558.6480966,558.6480966,0,539,1909,119.3185399
1922,0,558.6480966,560,0,1.351903396,0,0.0006582440964,1.351903396,0.0006582440964,0.2703806791,0.2703806791,0,0,1,0,558.6480966,558.6480966,0,539,1910,119.3671908
1923,0,558.6480966,2432,0,1873.351903,0,0.9121382747,1873.351903,0.9121382747,0.2703806791,29.72961932,0,0,1,0,558.6480966,558.6480966,0,539,1911,119.4115491
1924,0,558.6480966,556,0,-2.648096604,0,-0.001289362807,-2.648096604,-0.001289362807,0.03952382991,0.03952382991,0,0,1,0,558.6480966,558.6480966,0,539,1912,119.4635897
1925,0,556,2364,-2.648096604,1805.351903,-0.001289362807,0.8790289573,1808,0.8803183201,0,28,0,0,1,0,558.6480966,558.6480966,0,539,1913,119.5112033
1926,0,558.6480966,555,0,-3.648096604,0,-0.001776264532,-3.648096604,-0.001776264532,0.05444920305,0.05444920305,0,0,1,0,558.6480966,558.6480966,0,539,1914,119.5552843
1927,0,555,2164,-3.648096604,1605.351903,-0.001776264532,0.7816486122,1609,0.7834248767,0,25,0,0,1,0,558.6480966,558.6480966,0,539,1915,119.6034365
1928,0,558.6480966,100197,0,99638.3519,0,48.51408549,99638.3519,48.51408549,0.03952382991,1996.960476,0,0,1,0,558.6480966,558.6480966,0,539,1916,119.6478548
1929,0,558.6480966,561,0,2.351903396,0,0.001145145822,2.351903396,0.001145145822,0.4703806791,0.4703806791,0,0,1,0,558.6480966,558.6480966,0,539,1917,119.6958489
1930,0,558.6480966,2431,0,1872.351903,0,0.9116513729,1872.351903,0.9116513729,0.4703806791,29.52961932,0,0,1,0,558.6480966,558.6480966,0,539,1918,119.740787
1931,0,558.6480966,555,0,-3.648096604,0,-0.001776264532,-3.648096604,-0.001776264532,0.05444920305,0.05444920305,0,0,1,0,558.6480966,558.6480966,0,539,1919,119.7929912
1932,0,555,1963,-3.648096604,1404.351903,-0.001776264532,0.6837813653,1408,0.6855576298,0,22,0,0,1,0,558.6480966,558.6480966,0,539,1920,119.8399439
1933,0,558.6480966,556,0,-2.648096604,0,-0.001289362807,-2.648096604,-0.001289362807,0.03952382991,0.03952382991,0,0,1,0,558.6480966,558.6480966,0,539,1921,119.8852658
1934,0,556,1895,-2.648096604,1336.351903,-0.001289362807,0.650672048,1339,0.6519614108,0,21,0,0,1,0,558.6480966,558.6480966,0,539,1922,119.9333775
1935,0,558.6480966,98066,0,97507.3519,0,47.47649791,97507.3519,47.47649791,0.05444920305,1916.054449,0,0,1,0,558.6480966,558.6480966,0,539,1923,119.9792588
1936,0,558.6480966,558,0,-0.6480966043,0,-0.0003155593551,-0.6480966043,-0.0003155593551,0.1296193209,0.1296193209,0,0,1,0,558.6480966,558.6480966,0,539,1924,120.0317636
