it,alpha,cz_lp,cz_round,d_lp,d_round,d_lp_n,d_round_n,delta,delta_n,frac,dist,viol_max,viol_sum,feas,improving,ub,ub_eff,ub_free,z_best,stall,t
0,0,20650.89815,20772,-90.82638453,30.27546151,-0.75,0.25,121.101846,1,3.253580399,3.253580399,0,0,1,1,20741.72454,0,1,20772,0,0.0001564025879
1,0,20741.72454,19629,0,-1112.724538,0,-9.188336717,-1112.724538,-9.188336717,0.3197385164,17.68026148,0.3468634686,2.419759206,0,0,20741.72454,20741.72454,0,20772,1,0.002963542938
2,0,20712.89852,16604,-28.82601657,-4137.724538,-0.2380311904,-34.16731184,-4108.898522,-33.92928065,0.9422581611,78.77033402,1.585106383,11.29394441,0,0,20741.72454,20741.72454,0,20772,2,0.004366874695
3,0,20669.95231,16606,-71.7722257,-4135.724538,-0.5926600465,-34.15079682,-4063.952313,-33.55813677,3.522692968,86.17569674,10.5,19.6905527,0,0,20741.72454,20741.72454,0,20772,3,0.00651216507
4,0,20674.06394,16217,-67.66060051,-4524.724538,-0.5587082503,-37.36296916,-4457.063938,-36.80426091,4.024239041,87.5467436,1.03988604,9.522350201,0,0,20741.72454,20741.72454,0,20772,4,0.008655786514
5,0,20671.23224,16435,-70.49229863,-4306.724538,-0.5820910328,-35.56283145,-4236.23224,-34.98074041,4.101356575,91.69031722,0.7689530686,8.847858783,0,0,20741.72454,20741.72454,0,20772,5,0.01066327095
6,0,20668.46868,16326,-73.25586163,-4415.724538,-0.6049111886,-36.4629003,-4342.468677,-35.85798911,3.495065451,90.16618387,1.968085106,10.22235639,0,0,20741.72454,20741.72454,0,20772,6,0.01260614395
7,0,20677.85731,20737,-63.86722843,-4.724538491,-0.5273844331,-0.03901293536,59.14268993,0.4883714978,2.248493893,2.248493893,0.0423572744,0.0664651088,0,0,20741.72454,20741.72454,0,20772,7,0.01505637169
8,0,20720.79844,20239,-20.92609603,-502.7245385,-0.1727974982,-4.15125413,-481.7984425,-3.978456632,1.2510571,21.7489429,0.345323741,2.479215183,0,0,20741.72454,20741.72454,0,20772,8,0.01703858376
9,0,20674.31934,20695,-67.40519521,-46.72453849,-0.5565992379,-0.3858284578,20.68065672,0.1707707801,3.571388158,3.571388158,0.3505535055,0.3837026768,0,0,20741.72454,20741.72454,0,20772,9,0.01848649979
10,0,20741.72454,16814,-3.637978807e-12,-3927.724538,-3.004065525e-14,-32.43323423,-3927.724538,-32.43323423,1.020657406,75.98264607,1.191489362,9.060794992,0,0,20741.72454,20741.72454,0,20772,10,0.02059674263
11,0,20663.52301,16223,-78.20152721,-4518.724538,-0.6457500836,-37.31342408,-4440.523011,-36.667674,3.062037558,86.87890639,0.7645502646,9.951063492,0,0,20741.72454,20741.72454,0,20772,11,0.02255296707
12,0,20674.69697,17157,-67.02756863,-3584.724538,-0.5534809817,-29.60090747,-3517.69697,-29.04742648,3.875956971,73.91324031,0.6295503212,8.103083638,0,0,20741.72454,20741.72454,0,20772,12,0.02491283417
13,0,20666.85184,16114,-74.87270191,-4627.724538,-0.6182622673,-38.21349294,-4552.851837,-37.59523067,4.142378105,91.21498205,1.04676259,9.749236967,0,0,20741.72454,20741.72454,0,20772,13,0.02709341049
14,0,20666.82018,20711,-74.90435907,-30.72453849,-0.6185236767,-0.2537082588,44.17982058,0.3648154179,4.351086892,4.351086892,0.1195814649,0.1636544132,0,0,20741.72454,20741.72454,0,20772,14,0.02937555313
15,0,20741.72454,16801,0,-3940.724538,0,-32.54058189,-3940.724538,-32.54058189,0.9771850442,80.30689285,2.436170213,11.48835221,0,0,20741.72454,20741.72454,0,20772,15,0.03178143501
16,0,20668.30443,16518,-73.42010734,-4223.724538,-0.6062674496,-34.87745791,-4150.304431,-34.27119046,3.973298414,86.13080198,18.83333333,29.02037505,0,0,20741.72454,20741.72454,0,20772,16,0.03373169899
17,0,20683.59087,20742,-58.13367075,0.2754615092,-0.4800395093,0.002274626839,58.40913226,0.4823141362,5.824485126,5.824485126,0.2486631016,0.2877692469,0,0,20741.72454,20741.72454,0,20772,17,0.03574728966
18,0,20741.72454,20577,0,-164.7245385,0,-1.360214926,-164.7245385,-1.360214926,1.703433218,9.311847452,0.9574468085,2.240282823,0,0,20741.72454,20741.72454,0,20772,18,0.03771257401
19,0,20741.72454,16603,0,-4138.724538,0,-34.17556936,-4138.724538,-34.17556936,1.202245363,85.42002996,16.33333333,27.47402931,0,0,20741.72454,20741.72454,0,20772,19,0.03922080994
20,0,20676.15253,20700,-65.57200888,-41.72453849,-0.541461679,-0.3445408956,23.84747039,0.1969207834,5.033430699,5.033430699,0.1452344932,0.2423447916,0,0,20741.72454,20741.72454,0,20772,20,0.04110121727
21,0,20741.72454,17222,0,-3519.724538,0,-29.06416916,-3519.724538,-29.06416916,1.414919147,68.54241812,0.5867269985,7.907528702,0,0,20741.72454,20741.72454,0,20772,21,0.04298591614
22,0,20670.21483,20702,-71.50971068,-39.72453849,-0.5904923255,-0.3280258707,31.78517219,0.2624664547,3.288072353,3.288072353,0.1195814649,0.16517417,0,0,20741.72454,20741.72454,0,20772,22,0.04459667206
23,0,20740.07797,16711,-1.646567536,-4030.724538,-0.01359655191,-33.28375801,-4029.077971,-33.27016146,1.064652602,74.42234118,16.33333333,25.97254764,0,0,20741.72454,20741.72454,0,20772,23,0.04696083069
24,0,20678.04658,16308,-63.67795584,-4433.724538,-0.5258215124,-36.61153553,-4370.046583,-36.08571401,3.412998983,91.6089695,1.469273743,10.10607284,0,0,20741.72454,20741.72454,0,20772,24,0.04858708382
25,0,20675.32107,20741,-66.40347344,-0.7245384908,-0.5483275079,-0.0059828856,65.67893495,0.5423446223,3.723492019,3.723492019,0.04524886878,0.07957468073,0,0,20741.72454,20741.72454,0,20772,25,0.0506837368
26,0,20718.70355,20542,-23.0209906,-199.7245385,-0.1900961162,-1.649227861,-176.7035479,-1.459131745,1.157316921,10.21768598,0.9042553191,2.04905946,0,0,20741.72454,20741.72454,0,20772,26,0.05294370651
27,0,20706.60365,20730,-35.12089124,-11.72453849,-0.2900111963,-0.09681552243,23.39635275,0.1931956738,1.873903499,1.873903499,0.04826546003,0.1007149394,0,0,20741.72454,20741.72454,0,20772,27,0.05424547195
28,0,20706.55177,20291,-35.17276651,-450.7245385,-0.290439557,-3.721863483,-415.551772,-3.431423926,1.498257362,19.67423021,7.166666667,10.42244644,0,0,20741.72454,20741.72454,0,20772,28,0.0555794239
29,0,20690.53723,16496,-51.18730588,-4245.724538,-0.422679815,-35.05912319,-4194.537233,-34.63644337,2.689918552,84.40514005,14.5,25.8664851,0,0,20741.72454,20741.72454,0,20772,29,0.05717015266
30,0,20681.94667,20728,-59.77787071,-13.72453849,-0.493616511,-0.1133305473,46.05333222,0.3802859637,4.174804868,4.174804868,0.04524886878,0.0773935712,0,0,20741.72454,20741.72454,0,20772,30,0.05904984474
31,0,20691.79439,20543,-49.9301509,-198.7245385,-0.4122988421,-1.640970348,-148.7943876,-1.228671506,1.677507467,12.28093158,0.9042553191,1.948532874,0,0,20741.72454,20741.72454,0,20772,31,0.06050252914
32,0,20737.77884,16120,-3.945695335,-4621.724538,-0.03258162831,-38.16394786,-4617.778843,-38.13136624,1.993440828,90.70122979,1.332103321,11.53802149,0,0,20741.72454,20741.72454,0,20772,32,0.06177759171
33,0,20680.28489,20714,-61.43964729,-27.72453849,-0.5073386517,-0.2289357214,33.7151088,0.2784029303,3.049956147,3.049956147,0.0582010582,0.1472471795,0,0,20741.72454,20741.72454,0,20772,33,0.06321573257
34,0,20696.03399,20285,-45.69055104,-456.7245385,-0.3772902935,-3.771408558,-411.0339875,-3.394118264,1.355137665,21.66684036,0.9042553191,3.139509711,0,0,20741.72454,20741.72454,0,20772,34,0.06482648849
35,0,20682.82833,20706,-58.89620828,-35.72453849,-0.4863361725,-0.294995821,23.17166979,0.1913403515,2.146662744,2.146662744,0.09116809117,0.2007481102,0,0,20741.72454,20741.72454,0,20772,35,0.06613969803
36,0,20682.54812,20613,-59.17642206,-128.7245385,-0.4886500413,-1.062944478,-69.54811643,-0.5742944365,1.885338793,10.33971563,0.9042553191,1.886497425,0,0,20741.72454,20741.72454,0,20772,36,0.06784939766
37,0,20697.2077,15407,-44.51683625,-5334.724538,-0.3675983291,-44.05155423,-5290.207702,-43.6839559,1.52692551,100.8376991,1.021390374,12.09845308,0,0,20741.72454,20741.72454,0,20772,37,0.06925725937
38,0,20678.72769,16277,-62.9968446,-4464.724538,-0.5201972279,-36.86751841,-4401.727694,-36.34732118,3.516947216,85.0129452,16.33333333,26.4755917,0,0,20741.72454,20741.72454,0,20772,38,0.07079434395
39,0,20676.24776,20719,-65.47677589,-22.72453849,-0.5406752914,-0.1876481593,42.7522374,0.3530271321,4.765217112,4.765217112,0.06743421053,0.09175031995,0,0,20741.72454,20741.72454,0,20772,39,0.07257628441
40,0,20704.35378,20708,-37.37076295,-33.72453849,-0.3085895399,-0.2784807961,3.64622446,0.03010874383,2.789353477,2.789353477,0.5084745763,0.5327906857,0,0,20741.72454,20741.72454,0,20772,40,0.07427501678
41,0,20736.75343,16903,-4.971109691,-3838.724538,-0.0410490001,-31.69831563,-3833.753429,-31.65726663,1.627599106,75.56463401,1.382978723,10.37836591,0,0,20741.72454,20741.72454,0,20772,41,0.07536864281
42,0,20673.75697,20706,-67.96757034,-35.72453849,-0.5612430575,-0.294995821,32.24303185,0.2662472366,4.174164485,4.174164485,0.1474164134,0.2407167007,0,0,20741.72454,20741.72454,0,20772,42,0.07679843903
43,0,20687.5701,20710,-54.15443815,-31.72453849,-0.4471809466,-0.2619657712,22.42989965,0.1852151754,2.0948925,2.0948925,0.09116809117,0.1302560875,0,0,20741.72454,20741.72454,0,20772,43,0.07854962349
44,0,20679.88627,20524,-61.83826757,-217.7245385,-0.5106302637,-1.797863085,-155.8862709,-1.287232821,2.001575145,10.63249072,0.9574468085,2.309538542,0,0,20741.72454,20741.72454,0,20772,44,0.07958197594
45,0,20724.19157,16608,-17.53296638,-4133.724538,-0.144778688,-34.13428179,-4116.191572,-33.98950311,2.226634952,81.98417257,24,31.42124925,0,0,20741.72454,20741.72454,0,20772,45,0.08112430573
46,0,20675.94416,16250,-65.78037771,-4491.724538,-0.5431822872,-37.09047125,-4425.944161,-36.54728896,4.189801341,94.09444109,0.8472468917,9.631121898,0,0,20741.72454,20741.72454,0,20772,46,0.08259177208
47,0,20672.24273,16749,-69.48181313,-3992.724538,-0.5737469362,-32.96997254,-3923.242725,-32.3962256,3.895062005,74.84933739,17.83333333,27.31938586,0,0,20741.72454,20741.72454,0,20772,47,0.08436655998
48,0,20668.74374,15876,-72.98079842,-4865.724538,-0.6026398508,-40.1787809,-4792.74374,-39.57614105,2.981025711,95.67120909,1.829787234,12.35380995,0,0,20741.72454,20741.72454,0,20772,48,0.08614873886
49,0,20662.98868,20717,-78.73586101,-24.72453849,-0.6501623516,-0.2041631841,54.01132252,0.4459991675,3.386686077,3.386686077,0.264957265,0.264957265,0,0,20741.72454,20741.72454,0,20772,49,0.08797049522
50,0,20741.72454,16107,0,-4634.724538,0,-38.27129553,-4634.724538,-38.27129553,0.5124838398,89.51248384,0.975708502,10.53750843,0,0,20741.72454,20741.72454,0,20772,50,0.08993983269
51,0,20675.35757,16093,-66.36697256,-4648.724538,-0.5480261014,-38.3869007,-4582.357566,-37.8388746,4.51961799,91.19601152,0.8983050847,11.36490013,0,0,20741.72454,20741.72454,0,20772,51,0.09175777435
52,0,20676.57055,16695,-65.15399246,-4046.724538,-0.5380099032,-33.41587821,-3981.570546,-32.87786831,4.101655672,77.67597827,18,26.97045724,0,0,20741.72454,20741.72454,0,20772,52,0.09340715408
53,0,20668.11307,15649,-73.611469,-5092.724538,-0.6078476209,-42.05323622,-5019.113069,-41.4453886,3.498612933,100.0789455,20,30.27727085,0,0,20741.72454,20741.72454,0,20772,53,0.09519314766
54,0,20672.38433,16570,-69.34021094,-4171.724538,-0.5725776543,-34.44806727,-4102.384328,-33.87548961,3.724563204,84.44315128,25.33333333,34.93068364,0,0,20741.72454,20741.72454,0,20772,54,0.0970659256
55,0,20670.8093,16428,-70.91523618,-4313.724538,-0.5855834449,-35.62063403,-4242.809302,-35.03505059,3.928384463,85.36729755,1.284916201,10.06238076,0,0,20741.72454,20741.72454,0,20772,55,0.09889936447
56,0,20668.53191,16107,-73.19262656,-4634.724538,-0.6043890243,-38.27129553,-4561.531912,-37.6669065,4.486304286,94.53384324,7.5,22.20890774,0,0,20741.72454,20741.72454,0,20772,56,0.1009283066
57,0,20672.19843,16563,-69.5261103,-4178.724538,-0.5741127206,-34.50586985,-4109.198428,-33.93175713,5.13625924,88.75022134,1.073446328,10.11182394,0,0,20741.72454,20741.72454,0,20772,57,0.1023924351
58,0,20672.40602,20708,-69.3185231,-33.72453849,-0.5723985667,-0.2784807961,35.59398461,0.2939177706,5.020475054,5.020475054,0.1825726141,0.2670705545,0,0,20741.72454,20741.72454,0,20772,58,0.1043410301
59,0,20695.54745,20707,-46.17708893,-34.72453849,-0.3813078862,-0.2867383085,11.45255044,0.09456957772,2.241374282,2.241374282,0.06552706553,0.1553554963,0,0,20741.72454,20741.72454,0,20772,59,0.1059405804
60,0,20694.57298,20315,-47.15156109,-426.7245385,-0.3893546022,-3.523683184,-379.5729774,-3.134328582,1.680023463,24.31997654,16,19.53910594,0,0,20741.72454,20741.72454,0,20772,60,0.1073451042
61,0,20683.31944,20754,-58.40509565,12.27546151,-0.4822808038,0.1013647761,70.68055716,0.5836455799,4.02420288,4.02420288,0.161634103,0.161634103,0,0,20741.72454,20741.72454,0,20772,61,0.1086690426
62,0,20741.72454,16106,0,-4635.724538,0,-38.27955304,-4635.724538,-38.27955304,0.528962455,89.52896246,0.8671586716,9.960564288,0,0,20741.72454,20741.72454,0,20772,62,0.1106622219
63,0,20668.6982,16207,-73.02633601,-4534.724538,-0.6030158779,-37.44554428,-4461.698202,-36.8425284,3.608967969,89.5890914,18.66666667,29.43681233,0,0,20741.72454,20741.72454,0,20772,63,0.112388134
64,0,20676.70409,20750,-65.02045188,8.275461509,-0.5369071902,0.06833472635,73.29591339,0.6052419165,4.610450357,4.610450357,0.3431734317,0.3431734317,0,0,20741.72454,20741.72454,0,20772,64,0.1142096519
65,0,20741.72454,16089,0,-4652.724538,0,-38.41993075,-4652.724538,-38.41993075,0.5748858611,85.26061325,0.8366013072,9.920037426,0,0,20741.72454,20741.72454,0,20772,65,0.1161186695
66,0,20670.7505,16331,-70.97404163,-4410.724538,-0.5860690316,-36.42161274,-4339.750497,-35.83554371,4.270511133,88.19789612,9.5,20.47050056,0,0,20741.72454,20741.72454,0,20772,66,0.1179573536
67,0,20675.41656,20694,-66.30798071,-47.72453849,-0.5475389755,-0.3940859702,18.58344222,0.1534530053,4.186248252,4.186248252,0.1825726141,0.2581895598,0,0,20741.72454,20741.72454,0,20772,67,0.1200585365
68,0,20705.20817,20412,-36.51637225,-329.7245385,-0.3015343981,-2.722704478,-293.2081662,-2.42117008,2.742837173,18.27757099,0.2735042735,2.080807249,0,0,20741.72454,20741.72454,0,20772,68,0.1217834949
69,0,20695.08679,16858,-46.63774941,-3883.724538,-0.3851117959,-32.06990369,-3837.086789,-31.68479189,2.320347636,79.09323209,47.16666667,55.81306784,0,0,20741.72454,20741.72454,0,20772,69,0.1232507229
70,0,20670.52066,16936,-71.20387932,-3805.724538,-0.5879669192,-31.42581771,-3734.520659,-30.8378508,4.041446358,72.66494336,2.666666667,10.29204312,0,0,20741.72454,20741.72454,0,20772,70,0.1247594357
71,0,20665.72011,20722,-76.00442936,-19.72453849,-0.6276075209,-0.1628756219,56.27989087,0.4647318989,4.396273642,4.396273642,0.2245989305,0.24729182,0,0,20741.72454,20741.72454,0,20772,71,0.1265711784
72,0,20741.72454,16657,3.637978807e-12,-4084.724538,3.004065525e-14,-33.72966369,-4084.724538,-33.72966369,1.105344194,80.67935244,5.666666667,13.90610411,0,0,20741.72454,20741.72454,0,20772,72,0.1288232803
73,0,20676.98222,20753,-64.74231891,11.27546151,-0.5346105037,0.09310726366,76.01778041,0.6277177673,4.990120502,4.990120502,0.1452344932,0.1452344932,0,0,20741.72454,20741.72454,0,20772,73,0.130515337
74,0,20741.72454,16798,0,-3943.724538,0,-32.56535443,-3943.724538,-32.56535443,0.5237549334,82.20854723,9.166666667,19.01647953,0,0,20741.72454,20741.72454,0,20772,74,0.1325132847
75,0,20676.28365,20695,-65.44089081,-46.72453849,-0.5403789698,-0.3858284578,18.71635232,0.1545505121,4.886069306,4.886069306,0.1970954357,0.2304575977,0,0,20741.72454,20741.72454,0,20772,75,0.1342380047
76,0,20689.55858,15938,-52.16595519,-4803.724538,-0.4307610238,-39.66681513,-4751.558583,-39.2360541,3.221283595,86.11565544,0.7936962751,10.13386122,0,0,20741.72454,20741.72454,0,20772,76,0.1358077526
77,0,20684.19099,17508,-57.53354767,-3233.724538,-0.4750839855,-26.7025206,-3176.190991,-26.22743661,3.229965278,73.65195071,0.9604519774,8.322698438,0,0,20741.72454,20741.72454,0,20772,77,0.1374077797
78,0,20686.37792,16777,-55.34661658,-3964.724538,-0.4570253748,-32.73876219,-3909.377922,-32.28173682,3.638678922,78.76090098,19.33333333,28.01008444,0,0,20741.72454,20741.72454,0,20772,78,0.1393020153
79,0,20685.25922,20727,-56.46531369,-14.72453849,-0.4662630302,-0.1215880597,41.7407752,0.3446749704,3.239715239,3.239715239,0.0601659751,0.09352813716,0,0,20741.72454,20741.72454,0,20772,79,0.140958786
80,0,20709.58887,20293,-32.13566882,-448.7245385,-0.265360685,-3.705348458,-416.5888697,-3.439987773,1.31362406,19.72897252,0.9042553191,2.865694634,0,0,20741.72454,20741.72454,0,20772,80,0.1425726414
81,0,20722.92241,16086,-18.80212698,-4655.724538,-0.1552587974,-38.44470329,-4636.922412,-38.28944449,2.727294993,93.27189555,1.391143911,11.60252725,0,0,20741.72454,20741.72454,0,20772,81,0.1438045502
82,0,20668.01603,20688,-73.70850855,-53.72453849,-0.6086489262,-0.4436310449,19.98397006,0.1650178813,3.645823033,3.645823033,0.06642066421,0.1427161106,0,0,20741.72454,20741.72454,0,20772,82,0.1454358101
83,0,20666.7619,20436,-74.96264137,-305.7245385,-0.6190049435,-2.524524179,-230.7618971,-1.905519236,2.033882331,18.53742381,0.9574468085,3.215397818,0,0,20741.72454,20741.72454,0,20772,83,0.1468844414
84,0,20725.32319,16417,-16.4013506,-4324.724538,-0.1354343566,-35.71146667,-4308.323188,-35.57603231,2.935521361,84.16252724,15.16666667,25.01711467,0,0,20741.72454,20741.72454,0,20772,84,0.1482694149
85,0,20674.29844,16164,-67.42610046,-4577.724538,-0.5567718633,-37.80061732,-4510.298438,-37.24384545,3.98647261,92.03908849,0.962406015,11.90734739,0,0,20741.72454,20741.72454,0,20772,85,0.14985466
86,0,20682.72858,20741,-58.99596277,-0.7245384908,-0.4871598964,-0.0059828856,58.27142428,0.4811770108,2.540999763,2.540999763,0.05084745763,0.0972379086,0,0,20741.72454,20741.72454,0,20772,86,0.1515731812
87,0,20727.23285,20088,-14.4916893,-653.7245385,-0.1196653046,-5.398138508,-639.2328492,-5.278473203,0.7697825569,23.23021744,0.3259668508,2.732885481,0,0,20741.72454,20741.72454,0,20772,87,0.1531085968
88,0,20692.99642,16838,-48.72812161,-3903.724538,-0.4023730703,-32.23505393,-3854.996417,-31.83268086,2.077193631,71.22294861,1.298561151,9.897756124,0,0,20741.72454,20741.72454,0,20772,88,0.1545085907
89,0,20685.47631,17756,-56.24823053,-2985.724538,-0.4644704632,-24.65465752,-2929.476308,-24.19018705,2.417994885,61.42659526,1.265682657,7.626854631,0,0,20741.72454,20741.72454,0,20772,89,0.1562271118
90,0,20683.98199,17183,-57.74254427,-3558.724538,-0.4768097775,-29.38621214,-3500.981994,-28.90940237,2.092510945,74.26808548,0.7150837989,7.749502366,0,0,20741.72454,20741.72454,0,20772,90,0.1580226421
91,0,20680.4104,17139,-61.31413983,-3602.724538,-0.5063022723,-29.74954269,-3541.410399,-29.24324042,5.139880037,76.70375417,16,25.6446531,0,0,20741.72454,20741.72454,0,20772,91,0.1593763828
92,0,20674.92124,20703,-66.803299,-38.72453849,-0.5516290725,-0.3197683583,28.07876051,0.2318607142,4.127055106,4.127055106,0.09488272921,0.1455146281,0,0,20741.72454,20741.72454,0,20772,92,0.1613435745
93,0,20689.95685,20699,-51.76768939,-42.72453849,-0.4274723391,-0.352798408,9.0431509,0.07467393105,2.839206931,2.839206931,0.09116809117,0.1417999901,0,0,20741.72454,20741.72454,0,20772,93,0.1630494595
94,0,20678.14811,20446,-63.57642998,-295.7245385,-0.5249831614,-2.441949055,-232.1481085,-1.916965894,2.708397058,17.02641193,0.9042553191,2.902462206,0,0,20741.72454,20741.72454,0,20772,94,0.1643252373
95,0,20741.16806,16237,-0.5564812888,-4504.724538,-0.004595151164,-37.19781891,-4504.168057,-37.19322376,1.389980785,80.90458549,1.12145749,9.584093037,0,0,20741.72454,20741.72454,0,20772,95,0.1657366753
96,0,20667.67377,16549,-74.05076801,-4192.724538,-0.6114751379,-34.62147503,-4118.67377,-34.00999989,3.192179352,82.82371391,0.6931216931,8.726072485,0,0,20741.72454,20741.72454,0,20772,96,0.1673874855
97,0,20669.30558,20717,-72.41895354,-24.72453849,-0.5980004097,-0.2041631841,47.69441505,0.3938372256,3.81182631,3.81182631,0.03643122677,0.0492791925,0,0,20741.72454,20741.72454,0,20772,97,0.1693456173
98,0,20740.55192,16581,-1.172614401,-4160.724538,-0.009682878006,-34.35723463,-4159.551924,-34.34755175,1.206758066,84.47122598,1.61452514,10.35457601,0,0,20741.72454,20741.72454,0,20772,98,0.1710922718
99,0,20678.44057,16414,-63.28396751,-4327.724538,-0.5225681489,-35.73623921,-4264.440571,-35.21367106,3.585763398,85.15642774,1.765957447,10.02111966,0,0,20741.72454,20741.72454,0,20772,99,0.1725387573
100,0,20673.14673,17119,-68.57780991,-3622.724538,-0.5662821183,-29.91469294,-3554.146729,-29.34841082,3.823027067,72.45676151,0.8757062147,9.149037969,0,0,20741.72454,20741.72454,0,20772,100,0.1744325161
101,0,20673.65241,20741,-68.07213052,-0.7245384908,-0.5621064645,-0.0059828856,67.34759203,0.5561235789,4.246950246,4.246950246,0.253968254,0.253968254,0,0,20741.72454,20741.72454,0,20772,101,0.176217556
102,0,20741.72454,16593,0,-4148.724538,0,-34.25814448,-4148.724538,-34.25814448,0.5403917179,83.43473696,32.5,43.00965576,0,0,20741.72454,20741.72454,0,20772,102,0.1784930229
103,0,20684.99772,16906,-56.72682023,-3835.724538,-0.4684224236,-31.67354309,-3778.997718,-31.20512066,2.637046986,74.04403111,1.190283401,9.129874759,0,0,20741.72454,20741.72454,0,20772,103,0.1803884506
104,0,20681.53718,16755,-60.18735615,-3986.724538,-0.496997842,-32.92042747,-3926.537182,-32.42342962,2.76437517,76.70042104,8.333333333,17.08793755,0,0,20741.72454,20741.72454,0,20772,104,0.1822772026
105,0,20684.0538,15421,-57.67073449,-5320.724538,-0.4762168074,-43.93594906,-5263.053804,-43.45973225,2.514726715,101.5479441,16.33333333,27.60487505,0,0,20741.72454,20741.72454,0,20772,105,0.1836206913
106,0,20672.17386,20709,-69.55068322,-32.72453849,-0.5743156318,-0.2702232836,36.82614473,0.3040923482,3.075934151,3.075934151,0.04111842105,0.0623950168,0,0,20741.72454,20741.72454,0,20772,106,0.1853761673
107,0,20681.0872,20249,-60.63733704,-492.7245385,-0.5007135648,-4.068679005,-432.0872015,-3.567965441,2.162545962,26.85765606,0.9042553191,3.666509099,0,0,20741.72454,20741.72454,0,20772,107,0.1868636608
108,0,20683.8241,20720,-57.90044347,-21.72453849,-0.4781136322,-0.1793906468,36.17590498,0.2987229854,2.203527674,2.203527674,0.02762430939,0.05643890141,0,0,20741.72454,20741.72454,0,20772,108,0.1884248257
109,0,20700.33175,20517,-41.39278501,-224.7245385,-0.3418014371,-1.855665672,-183.3317535,-1.513864235,1.258930051,11.2304482,0.9042553191,2.264333499,0,0,20741.72454,20741.72454,0,20772,109,0.1900844574
110,0,20741.21661,16601,-0.5079287816,-4140.724538,-0.004194228232,-34.19208438,-4140.21661,-34.18789015,1.680613503,83.16196023,1.022140221,10.61854813,0,0,20741.72454,20741.72454,0,20772,110,0.1915769577
111,0,20675.68223,16049,-66.04231321,-4692.724538,-0.5453452228,-38.75023125,-4626.682225,-38.20488603,4.152074162,86.6585068,1.595744681,12.92616433,0,0,20741.72454,20741.72454,0,20772,111,0.1931993961
112,0,20679.48998,16647,-62.23455646,-4094.724538,-0.5139026241,-33.81223881,-4032.489982,-33.29833619,2.560203684,80.39693454,1.680851064,10.62965902,0,0,20741.72454,20741.72454,0,20772,112,0.1950500011
113,0,20675.09891,17194,-66.62562395,-3547.724538,-0.5501619185,-29.29537951,-3481.098915,-28.74521759,3.275786562,75.4172916,1.050847458,8.506439828,0,0,20741.72454,20741.72454,0,20772,113,0.1970613003
114,0,20681.17864,20717,-60.54590106,-24.72453849,-0.4999585311,-0.2041631841,35.82136257,0.295795347,3.614821871,3.614821871,0.0423572744,0.09578188303,0,0,20741.72454,20741.72454,0,20772,114,0.1989784241
115,0,20686.10737,20267,-55.61717174,-474.7245385,-0.4592594874,-3.920043782,-419.1073668,-3.460784294,2.37602612,19.94358843,0.9574468085,3.378455437,0,0,20741.72454,20741.72454,0,20772,115,0.2008802891
116,0,20699.73851,20739,-41.98602873,-2.724538491,-0.3467001545,-0.02249791048,39.26149023,0.324202244,2.222410361,2.222410361,0.04051565378,0.06918556295,0,0,20741.72454,20741.72454,0,20772,116,0.2023234367
117,0,20719.77008,20177,-21.95445802,-564.7245385,-0.1812892102,-4.663219901,-542.7700805,-4.481930691,1.077090111,21.92290989,0.345323741,2.530997159,0,0,20741.72454,20741.72454,0,20772,117,0.203669548
118,0,20680.01203,16121,-61.71251075,-4620.724538,-0.5095918251,-38.15569035,-4559.012028,-37.64609853,2.158394273,87.01505645,1.159041394,10.67993579,0,0,20741.72454,20741.72454,0,20772,118,0.2051074505
119,0,20674.71711,20698,-67.00742952,-43.72453849,-0.5533146828,-0.3610559205,23.28289103,0.1922587623,3.495211759,3.495211759,0.04843304843,0.117071536,0,0,20741.72454,20741.72454,0,20772,119,0.2067699432
120,0,20675.27797,20590,-66.44657222,-151.7245385,-0.5486833966,-1.252867264,-85.27796627,-0.7041838672,2.690144386,13.37853477,0.9042553191,1.841785825,0,0,20741.72454,20741.72454,0,20772,120,0.2083568573
121,0,20741.72454,16746,3.637978807e-12,-3995.724538,3.004065525e-14,-32.99474508,-3995.724538,-32.99474508,1.282212707,83.0372003,1.237288136,8.910258114,0,0,20741.72454,20741.72454,0,20772,121,0.2100152969
122,0,20668.10475,20707,-73.61978809,-34.72453849,-0.6079163158,-0.2867383085,38.89524959,0.3211780073,4.890784389,4.890784389,0.2052980132,0.2052980132,0,0,20741.72454,20741.72454,0,20772,122,0.2115931511
123,0,20741.72454,16670,0,-4071.724538,0,-33.62231602,-4071.724538,-33.62231602,0.4599019091,76.27734289,0.9707602339,8.897047277,0,0,20741.72454,20741.72454,0,20772,123,0.2139213085
124,0,20672.21487,20724,-69.50966663,-17.72453849,-0.5739769368,-0.1463605971,51.78512814,0.4276163398,4.121597724,4.121597724,0.1074285714,0.1074285714,0,0,20741.72454,20741.72454,0,20772,124,0.2156770229
125,0,20741.72454,16718,-3.637978807e-12,-4023.724538,-3.004065525e-14,-33.22595543,-4023.724538,-33.22595543,0.5461769781,79.30158469,2,11.90030271,0,0,20741.72454,20741.72454,0,20772,125,0.2177968025
126,0,20675.44245,20707,-66.28209293,-34.72453849,-0.5473252069,-0.2867383085,31.55755444,0.2605868984,4.359943622,4.359943622,0.06840148699,0.1622737367,0,0,20741.72454,20741.72454,0,20772,126,0.2196075916
127,0,20685.78799,20707,-55.93655216,-34.72453849,-0.4618967752,-0.2867383085,21.21201367,0.1751584667,2.279726683,2.279726683,0.05080213904,0.1274102837,0,0,20741.72454,20741.72454,0,20772,127,0.2212302685
128,0,20682.7179,20376,-59.00663467,-365.7245385,-0.4872480198,-3.019974926,-306.7179038,-2.532726906,2.084431356,22.19405428,0.914893617,3.651381459,0,0,20741.72454,20741.72454,0,20772,128,0.2224442959
129,0,20740.09146,16921,-1.633078687,-3820.724538,-0.01348516757,-31.5496804,-3819.09146,-31.53619523,1.913069547,76.15120604,0.7797513321,7.256071436,0,0,20741.72454,20741.72454,0,20772,129,0.2239687443
130,0,20671.77101,16899,-69.95352587,-3842.724538,-0.57764211,-31.73134568,-3772.771013,-31.15370357,3.256788091,80.46679559,4,13.27854312,0,0,20741.72454,20741.72454,0,20772,130,0.2257804871
131,0,20673.58258,17046,-68.14196268,-3695.724538,-0.5626831044,-30.51749135,-3627.582576,-29.95480824,3.345224697,73.81102878,0.8022922636,8.261670211,0,0,20741.72454,20741.72454,0,20772,131,0.2278470993
132,0,20674.23678,17118,-67.48775857,-3623.724538,-0.5572810059,-29.92295045,-3556.23678,-29.36566945,3.401646832,75.56534202,9.5,17.50283042,0,0,20741.72454,20741.72454,0,20772,132,0.2299058437
133,0,20674.91271,16537,-66.81183244,-4204.724538,-0.5516995375,-34.72056518,-4137.912706,-34.16886564,3.185106468,84.92599754,12.5,21.56149698,0,0,20741.72454,20741.72454,0,20772,133,0.2319836617
134,0,20672.99076,20734,-68.73378341,-7.724538491,-0.5675700715,-0.06378547267,61.00924492,0.5037845988,4.566677811,4.566677811,0.03640256959,0.04325188466,0,0,20741.72454,20741.72454,0,20772,134,0.2338690758
135,0,20709.34677,19857,-32.37777179,-884.7245385,-0.2673598533,-7.305623881,-852.3467667,-7.038264028,1.091585086,25.90841491,0.9574468085,3.635315122,0,0,20741.72454,20741.72454,0,20772,135,0.2358767986
136,0,20685.2362,16753,-56.48834013,-3988.724538,-0.4664531713,-32.93694249,-3932.236198,-32.47048932,2.368556176,78.80995099,0.9889298893,9.222708091,0,0,20741.72454,20741.72454,0,20772,136,0.2373986244
137,0,20682.64276,20733,-59.08178088,-8.724538491,-0.4878685405,-0.07204298511,50.35724239,0.4158255554,2.63928314,2.63928314,0.05308219178,0.1109049146,0,0,20741.72454,20741.72454,0,20772,137,0.2389409542
138,0,20708.23925,19881,-33.4852887,-860.7245385,-0.2765051879,-7.107443583,-827.2392498,-6.830938395,1.137011632,26.86298837,0.5263157895,3.582456386,0,0,20741.72454,20741.72454,0,20772,138,0.241093874
139,0,20685.59874,20709,-56.12579975,-32.72453849,-0.4634594896,-0.2702232836,23.40126126,0.1932362059,3.590730025,3.590730025,0.09488272921,0.2493160744,0,0,20741.72454,20741.72454,0,20772,139,0.2425749302
140,0,20709.39484,20742,-32.32969542,0.2754615092,-0.2669628621,0.002274626839,32.60515693,0.2692374889,2.487398632,2.487398632,0.05586592179,0.1223170975,0,0,20741.72454,20741.72454,0,20772,140,0.243840456
141,0,20728.62098,20595,-13.10355807,-146.7245385,-0.1082027937,-1.211579702,-133.6209804,-1.103376908,1.008397079,13.05200696,0.5263157895,1.765799509,0,0,20741.72454,20741.72454,0,20772,141,0.2452018261
142,0,20710.29812,20735,-31.42641499,-6.724538491,-0.2595040127,-0.05552796023,24.7018765,0.2039760525,1.675817609,1.675817609,0.04843304843,0.07541230982,0,0,20741.72454,20741.72454,0,20772,142,0.2464306355
143,0,20713.4696,20455,-28.2549375,-286.7245385,-0.2333154978,-2.367631443,-258.469601,-2.134315945,0.9931236641,10.2278044,0.9574468085,2.183229434,0,0,20741.72454,20741.72454,0,20772,143,0.2476835251
144,0,20707.45687,16296,-34.267671,-4445.724538,-0.2829657195,-36.71062568,-4411.456867,-36.42765996,2.403105417,82.25149464,10.33333333,19.26592831,0,0,20741.72454,20741.72454,0,20772,144,0.2489664555
145,0,20676.56834,16886,-65.15619733,-3855.724538,-0.5380281099,-31.83869334,-3790.568341,-31.30066523,3.737923665,76.51922689,19.33333333,28.93988103,0,0,20741.72454,20741.72454,0,20772,145,0.2505064011
146,0,20671.52251,15105,-70.20202747,-5636.724538,-0.579694115,-46.54532299,-5566.522511,-45.96562888,4.288660909,102.2845738,1.148997135,11.95828745,0,0,20741.72454,20741.72454,0,20772,146,0.2522728443
147,0,20675.08438,20726,-66.64015589,-15.72453849,-0.5502819162,-0.1298455722,50.9156174,0.420436344,3.576123296,3.576123296,0.04843304843,0.08182716123,0,0,20741.72454,20741.72454,0,20772,147,0.2540025711
148,0,20698.22186,20016,-43.50267976,-725.7245385,-0.3592239192,-5.992679404,-682.2218587,-5.633455484,1.246081673,25.75391833,0.9574468085,3.403672953,0,0,20741.72454,20741.72454,0,20772,148,0.2556900978
149,0,20685.08321,20712,-56.64132705,-29.72453849,-0.4677164626,-0.2454507463,26.91678855,0.2222657163,2.835691465,2.835691465,0.09116809117,0.1539703457,0,0,20741.72454,20741.72454,0,20772,149,0.257229805
150,0,20682.66232,20528,-59.06221788,-213.7245385,-0.4877069988,-1.764833035,-154.6623206,-1.277126036,2.234041432,17.58846589,0.9574468085,2.384773188,0,0,20741.72454,20741.72454,0,20772,150,0.2587583065
151,0,20725.13377,16449,-16.59076858,-4292.724538,-0.1369984779,-35.44722627,-4276.13377,-35.31022779,2.731536741,85.60159104,16.33333333,26.85279929,0,0,20741.72454,20741.72454,0,20772,151,0.2604486942
152,0,20680.01556,16525,-61.70897688,-4216.724538,-0.5095626441,-34.81965533,-4155.015562,-34.31009268,2.471688827,89.32864707,2,11.28930016,0,0,20741.72454,20741.72454,0,20772,152,0.2621047497
153,0,20668.91444,16295,-72.81009961,-4446.724538,-0.6012303032,-36.71888319,-4373.914439,-36.11765288,5.247555639,81.93126479,1.071428571,10.07352625,0,0,20741.72454,20741.72454,0,20772,153,0.2640244961
154,0,20667.01047,16988,-74.71406856,-3753.724538,-0.6169523505,-30.99642707,-3679.01047,-30.37947472,2.38293473,80.53631079,1.632768362,9.159480309,0,0,20741.72454,20741.72454,0,20772,154,0.2661888599
155,0,20692.10062,20741,-49.62391846,-0.7245384908,-0.4097701239,-0.0059828856,48.89937997,0.4037872383,5.193915553,5.193915553,0.02394106814,0.08203919898,0,0,20741.72454,20741.72454,0,20772,155,0.2681789398
156,0,20713.34806,20519,-28.37648091,-222.7245385,-0.2343191441,-1.839150647,-194.3480576,-1.604831503,1.634774369,10.17802811,0.9574468085,2.059406448,0,0,20741.72454,20741.72454,0,20772,156,0.2700431347
157,0,20699.76596,20717,-41.95857811,-24.72453849,-0.3464734806,-0.2041631841,17.23403962,0.1423102965,3.731020643,3.731020643,0.2735042735,0.3305638165,0,0,20741.72454,20741.72454,0,20772,157,0.2713711262
158,0,20693.49883,20140,-48.22570909,-601.7245385,-0.3982243926,-4.968747861,-553.4988294,-4.570523469,3.494770792,25.52543123,0.9574468085,3.821863319,0,0,20741.72454,20741.72454,0,20772,158,0.2725813389
159,0,20736.95091,16761,-4.773628077,-3980.724538,-0.03941829322,-32.87088239,-3975.95091,-32.8314641,1.568138508,78.74447317,1.118705036,9.723275247,0,0,20741.72454,20741.72454,0,20772,159,0.273888588
160,0,20675.04243,20750,-66.6821078,8.275461509,-0.5506283346,0.06833472635,74.95756931,0.618963061,4.659144983,4.659144983,0.243315508,0.243315508,0,0,20741.72454,20741.72454,0,20772,160,0.2755949497
161,0,20741.72454,17222,0,-3519.724538,0,-29.06416916,-3519.724538,-29.06416916,0.9268411335,67.52065557,1.050359712,8.894644724,0,0,20741.72454,20741.72454,0,20772,161,0.2778527737
162,0,20665.634,16894,-76.09054006,-3847.724538,-0.628318581,-31.77263324,-3771.633998,-31.14431466,3.047726738,83.27201102,1.003610108,7.742518781,0,0,20741.72454,20741.72454,0,20772,162,0.2795815468
163,0,20671.20436,16042,-70.52017467,-4699.724538,-0.5823212195,-38.80803384,-4629.204364,-38.22571262,3.954461224,88.7018781,35,45.68426671,0,0,20741.72454,20741.72454,0,20772,163,0.2815833092
164,0,20668.25408,16841,-73.47045984,-3900.724538,-0.606683236,-32.2102814,-3827.254079,-31.60359816,3.547743001,82.24496652,1.351955307,8.836794063,0,0,20741.72454,20741.72454,0,20772,164,0.2836618423
165,0,20671.43329,20693,-70.29124731,-48.72453849,-0.580430849,-0.4023434827,21.56670882,0.1780873664,2.721456766,2.721456766,0.07598784195,0.1664176946,0,0,20741.72454,20741.72454,0,20772,165,0.2855637074
166,0,20674.25362,20614,-67.47091944,-127.7245385,-0.5571419565,-1.054686965,-60.25361905,-0.4975450088,2.006197999,14.85782119,0.914893617,2.002406665,0,0,20741.72454,20741.72454,0,20772,166,0.2872130871
167,0,20741.72454,17510,0,-3231.724538,0,-26.68600558,-3231.724538,-26.68600558,2.055594697,65.97720811,1.575539568,9.715685208,0,0,20741.72454,20741.72454,0,20772,167,0.2886044979
168,0,20673.61487,17369,-68.10967139,-3372.724538,-0.5624164587,-27.85031483,-3304.614867,-27.28789837,2.718238162,66.63883268,25.16666667,32.8341348,0,0,20741.72454,20741.72454,0,20772,168,0.2902169228
169,0,20675.79207,16043,-65.93247213,-4698.724538,-0.5444382087,-38.79977632,-4632.792066,-38.25533811,3.154820352,91.41461609,0.9153046062,9.946578547,0,0,20741.72454,20741.72454,0,20772,169,0.2922775745
170,0,20670.713,20686,-71.01154339,-55.72453849,-0.5863787028,-0.4601460697,15.2870049,0.1262326331,3.793226564,3.793226564,0.2513227513,0.315638104,0,0,20741.72454,20741.72454,0,20772,170,0.294065237
171,0,20741.72454,16749,0,-3992.724538,0,-32.96997254,-3992.724538,-32.96997254,1.161030666,86.42982161,1.022140221,9.602258522,0,0,20741.72454,20741.72454,0,20772,171,0.2959635258
172,0,20676.07513,15810,-65.64941283,-4931.724538,-0.542100843,-40.72377672,-4866.075126,-40.18167588,3.808917646,85.60964891,1.097744361,10.15745641,0,0,20741.72454,20741.72454,0,20772,172,0.2977678776
173,0,20668.69199,16614,-73.03254488,-4127.724538,-0.6030671478,-34.08473672,-4054.691994,-33.48166957,2.409965027,82.99608533,2.968085106,11.40703012,0,0,20741.72454,20741.72454,0,20772,173,0.2999916077
174,0,20673.19174,16978,-68.53280274,-3763.724538,-0.5659104711,-31.07900219,-3695.191736,-30.51309172,3.72951828,79.02779877,1.055350554,8.294508979,0,0,20741.72454,20741.72454,0,20772,174,0.3021020889
175,0,20670.9592,20735,-70.76533629,-6.724538491,-0.5843456446,-0.05552796023,64.04079779,0.5288176844,3.813402374,3.813402374,0.1592465753,0.1592465753,0,0,20741.72454,20741.72454,0,20772,175,0.3041493893
176,0,20741.72454,15382,0,-5359.724538,0,-44.25799204,-5359.724538,-44.25799204,0.5755268343,92.09171652,47.83333333,60.86410653,0,0,20741.72454,20741.72454,0,20772,176,0.3068215847
177,0,20670.53493,20735,-71.18960885,-6.724538491,-0.5878490805,-0.05552796023,64.46507035,0.5323211203,6.099455781,6.099455781,0.9574468085,1.024881019,0,0,20741.72454,20741.72454,0,20772,177,0.3086943626
178,0,20741.72454,15981,0,-4760.724538,0,-39.31174209,-4760.724538,-39.31174209,1.212973202,92.23359776,1.563829787,13.02697477,0,0,20741.72454,20741.72454,0,20772,178,0.3105044365
179,0,20672.71256,16876,-69.0119812,-3865.724538,-0.5698672932,-31.92126846,-3796.712557,-31.35140117,4.029124093,80.40418548,1.659574468,11.2260071,0,0,20741.72454,20741.72454,0,20772,179,0.3121728897
180,0,20670.48683,17004,-71.23770529,-3737.724538,-0.5882462375,-30.86430687,-3666.486833,-30.27606063,3.86605952,75.99487587,1.412429379,8.528198196,0,0,20741.72454,20741.72454,0,20772,180,0.3141846657
181,0,20669.01622,16690,-72.70831358,-4051.724538,-0.6003898038,-33.45716577,-3979.016225,-32.85677597,2.993601287,88.86918653,2.610169492,10.02369257,0,0,20741.72454,20741.72454,0,20772,181,0.3160128593
182,0,20670.41952,20732,-71.30501642,-9.724538491,-0.5888020601,-0.08030049755,61.58047793,0.5085015625,3.829175677,3.829175677,0.1660958904,0.1660958904,0,0,20741.72454,20741.72454,0,20772,182,0.3180048466
183,0,20741.72454,16046,3.637978807e-12,-4695.724538,3.004065525e-14,-38.77500379,-4695.724538,-38.77500379,0.9396149607,96.61463907,1.251396648,9.881727479,0,0,20741.72454,20741.72454,0,20772,183,0.3202998638
184,0,20669.30564,15755,-72.41889484,-4986.724538,-0.597999925,-41.17793991,-4914.305644,-40.57993998,4.040372327,96.93896731,10.5,22.33130877,0,0,20741.72454,20741.72454,0,20772,184,0.32199049
185,0,20674.28445,16722,-67.44008919,-4019.724538,-0.5568873753,-33.19292538,-3952.284449,-32.636038,3.553582223,80.530031,7.5,17.17417724,0,0,20741.72454,20741.72454,0,20772,185,0.3237285614
186,0,20669.09634,16762,-72.62819596,-3979.724538,-0.5997282316,-32.86262488,-3907.096343,-32.26289665,3.510606392,77.14878798,16.33333333,24.9623669,0,0,20741.72454,20741.72454,0,20772,186,0.3256568909
187,0,20674.12813,16864,-67.59640688,-3877.724538,-0.5581781706,-32.02035861,-3810.128132,-31.46218044,4.516587713,77.26482561,0.8427299703,7.20628414,0,0,20741.72454,20741.72454,0,20772,187,0.3278207779
188,0,20680.75622,20759,-60.96831848,17.27546151,-0.5034466482,0.1426523383,78.24377999,0.6460989865,4.577165538,4.577165538,0.3431734317,0.3753450135,0,0,20741.72454,20741.72454,0,20772,188,0.3296890259
189,0,20741.72454,17196,0,-3545.724538,0,-29.27886448,-3545.724538,-29.27886448,1.023312576,69.49136774,1.067039106,8.599335212,0,0,20741.72454,20741.72454,0,20772,189,0.3318603039
190,0,20668.97226,16085,-72.75227949,-4656.724538,-0.6007528529,-38.4529608,-4583.972259,-37.85220795,3.202168153,95.69213502,3.5,14.50503281,0,0,20741.72454,20741.72454,0,20772,190,0.3336522579
191,0,20675.83977,20693,-65.88476767,-48.72453849,-0.5440442885,-0.4023434827,17.16022918,0.1417008059,5.334283203,5.334283203,0.1284916201,0.2756655474,0,0,20741.72454,20741.72454,0,20772,191,0.3353593349
192,0,20738.49404,16797,-3.230501613,-3944.724538,-0.02667590725,-32.57361194,-3941.494037,-32.54693604,2.101423814,70.78143607,10,18.68830879,0,0,20741.72454,20741.72454,0,20772,192,0.3372514248
193,0,20668.30497,16192,-73.41956996,-4549.724538,-0.6062630122,-37.56940697,-4476.304969,-36.96314396,3.460667246,92.11087059,0.7771639042,9.259742142,0,0,20741.72454,20741.72454,0,20772,193,0.3389177322
194,0,20664.53323,16311,-77.19130576,-4430.724538,-0.6374081674,-36.58676299,-4353.533233,-35.94935482,3.623616762,87.38333929,1.096045198,10.08667204,0,0,20741.72454,20741.72454,0,20772,194,0.3406786919
195,0,20669.23634,15192,-72.48820069,-5549.724538,-0.5985722189,-45.82691941,-5477.236338,-45.22834719,3.661179976,103.1587107,24.5,37.46559303,0,0,20741.72454,20741.72454,0,20772,195,0.342956543
196,0,20669.90787,17227,-71.81666843,-3514.724538,-0.5930270329,-29.0228816,-3442.90787,-28.42985456,3.056745687,73.24377573,0.914893617,9.446286393,0,0,20741.72454,20741.72454,0,20772,196,0.3451607227
197,0,20677.48696,16146,-64.23757564,-4595.724538,-0.5304425799,-37.94925254,-4531.486963,-37.41880996,4.666107684,98.36216144,0.9391534392,9.297996493,0,0,20741.72454,20741.72454,0,20772,197,0.3474173546
198,0,20670.46305,15597,-71.26148896,-5144.724538,-0.5884426315,-42.48262687,-5073.46305,-41.89418424,4.52131484,97.02794475,10.33333333,20.57955671,0,0,20741.72454,20741.72454,0,20772,198,0.3492026329
199,0,20681.26178,20717,-60.46275564,-24.72453849,-0.4992719568,-0.2041631841,35.73821715,0.2951087726,3.645846104,3.645846104,0.04826546003,0.09438445224,0,0,20741.72454,20741.72454,0,20772,199,0.3512840271
200,0,20680.23581,20348,-61.4887297,-393.7245385,-0.5077439504,-3.251185274,-332.2358088,-2.743441324,2.210588203,16.56394911,0.9042553191,3.098564587,0,0,20741.72454,20741.72454,0,20772,200,0.35297966
201,0,20684.79796,20729,-56.92657922,-12.72453849,-0.470071936,-0.1050730349,44.20204073,0.3649989011,3.332023955,3.332023955,0.2735042735,0.2777686658,0,0,20741.72454,20741.72454,0,20772,201,0.3546202183
202,0,20741.72454,16397,0,-4344.724538,0,-35.87661692,-4344.724538,-35.87661692,0.8857944216,81.19700833,1.444444444,9.31182151,0,0,20741.72454,20741.72454,0,20772,202,0.3566071987
203,0,20667.32462,15967,-74.39992142,-4774.724538,-0.6143582766,-39.42734727,-4700.324617,-38.81298899,3.248962163,93.71744251,0.9255319149,10.4942847,0,0,20741.72454,20741.72454,0,20772,203,0.3582623005
204,0,20670.11065,20711,-71.61388658,-30.72453849,-0.5913525592,-0.2537082588,40.88934809,0.3376443005,3.012408574,3.012408574,0.07815275311,0.09310043622,0,0,20741.72454,20741.72454,0,20772,204,0.3603048325
205,0,20703.90589,19859,-37.81865009,-882.7245385,-0.3122879735,-7.289108857,-844.9058884,-6.976820883,1.668801,25.331199,0.5263157895,3.114982769,0,0,20741.72454,20741.72454,0,20772,205,0.3620901108
206,0,20723.01603,16767,-18.7085055,-3974.724538,-0.1544857168,-32.82133732,-3956.016033,-32.6668516,1.660259779,82.65580345,10.33333333,21.20299244,0,0,20741.72454,20741.72454,0,20772,206,0.3635723591
207,0,20675.27828,20733,-66.44625354,-8.724538491,-0.5486807651,-0.07204298511,57.72171505,0.47663778,4.763088954,4.763088954,0.243315508,0.2792213869,0,0,20741.72454,20741.72454,0,20772,207,0.3652825356
208,0,20741.72454,16786,0,-3955.724538,0,-32.66444458,-3955.724538,-32.66444458,1.47735246,82.53538316,19.66666667,28.84232751,0,0,20741.72454,20741.72454,0,20772,208,0.3673553467
209,0,20669.64312,20696,-72.08141714,-45.72453849,-0.5952131987,-0.3775709453,26.35687865,0.2176422533,3.992247092,3.992247092,0.09116809117,0.2397905153,0,0,20741.72454,20741.72454,0,20772,209,0.3692884445
210,0,20697.33037,20681,-44.3941696,-60.72453849,-0.3665854077,-0.5014336319,-16.33036889,-0.1348482243,2.988572892,2.988572892,0.09116809117,0.2031572599,0,0,20741.72454,20741.72454,0,20772,210,0.3706440926
211,0,20676.88656,20200,-64.83797513,-541.7245385,-0.5354003861,-4.473297115,-476.8865634,-3.937896729,2.833937964,21.31358424,0.9574468085,3.686495578,0,0,20741.72454,20741.72454,0,20772,211,0.3716773987
212,0,20694.33322,16917,-47.39131921,-3824.724538,-0.3913344078,-31.58271045,-3777.333219,-31.19137604,4.082781244,82.13446736,40.66666667,51.05373973,0,0,20741.72454,20741.72454,0,20772,212,0.3732705116
213,0,20670.09225,20696,-71.63228685,-45.72453849,-0.5915044997,-0.3775709453,25.90774836,0.2139335543,4.109360435,4.109360435,0.2513227513,0.3129665869,0,0,20741.72454,20741.72454,0,20772,213,0.3750033379
214,0,20741.72454,17090,0,-3651.724538,0,-30.1541608,-3651.724538,-30.1541608,1.20678633,71.07973793,15.16666667,27.69541809,0,0,20741.72454,20741.72454,0,20772,214,0.3769078255
215,0,20668.4719,20684,-73.25263777,-57.72453849,-0.6048845676,-0.4766610946,15.52809928,0.128223473,5.123627412,5.123627412,0.2075055188,0.3694898614,0,0,20741.72454,20741.72454,0,20772,215,0.3787858486
216,0,20688.30153,20682,-53.4230123,-59.72453849,-0.4411411886,-0.4931761195,-6.301526188,-0.05203493088,2.950049597,2.950049597,0.06642066421,0.16806337,0,0,20741.72454,20741.72454,0,20772,216,0.3804392815
217,0,20674.38982,20334,-67.33471799,-407.7245385,-0.5560172713,-3.366790448,-340.3898205,-2.810773177,2.811877996,27.27017969,0.9042553191,3.772346204,0,0,20741.72454,20741.72454,0,20772,217,0.3814330101
218,0,20713.10612,16926,-28.61842246,-3815.724538,-0.2363169794,-31.50839284,-3787.106116,-31.27207586,4.043780167,80.50046832,0.8305084746,8.726087414,0,0,20741.72454,20741.72454,0,20772,218,0.3830201626
219,0,20678.46961,16087,-63.25493275,-4654.724538,-0.522328394,-38.43644578,-4591.469606,-37.91411738,2.968034616,89.79379958,1.808510638,11.56141922,0,0,20741.72454,20741.72454,0,20772,219,0.3846466541
220,0,20674.76055,20735,-66.96398998,-6.724538491,-0.5529559802,-0.05552796023,60.23945149,0.49742802,4.23140684,4.23140684,0.2085106383,0.2130492162,0,0,20741.72454,20741.72454,0,20772,220,0.3864605427
221,0,20741.72454,15833,-3.637978807e-12,-4908.724538,-3.004065525e-14,-40.53385393,-4908.724538,-40.53385393,1.330065795,87.50422084,25.33333333,36.42569797,0,0,20741.72454,20741.72454,0,20772,221,0.3883066177
222,0,20672.28964,20718,-69.43490302,-23.72453849,-0.5733595754,-0.1959056717,45.71036453,0.3774539037,4.50351783,4.50351783,0.1970954357,0.2250907605,0,0,20741.72454,20741.72454,0,20772,222,0.3899371624
223,0,20706.07,15740,-35.65454291,-5001.724538,-0.2944178316,-41.30180259,-4966.069996,-41.00738476,2.051103913,100.3306996,1.740112994,11.5780987,0,0,20741.72454,20741.72454,0,20772,223,0.3918097019
224,0,20670.25285,16302,-71.47168589,-4439.724538,-0.5901783353,-36.6610806,-4368.252853,-36.07090227,3.484135844,86.48299534,8.666666667,17.30261577,0,0,20741.72454,20741.72454,0,20772,224,0.393633604
225,0,20674.55192,15725,-67.17261796,-5016.724538,-0.5546787283,-41.42566528,-4949.551921,-40.87098655,3.849225894,101.732256,1.449392713,11.79643792,0,0,20741.72454,20741.72454,0,20772,225,0.3956878185
226,0,20679.36887,16518,-62.35566906,-4223.724538,-0.5149027129,-34.87745791,-4161.368869,-34.3625552,2.921635172,87.33115019,15.16666667,24.60658765,0,0,20741.72454,20741.72454,0,20772,226,0.3976767063
227,0,20674.74562,20783,-66.97891443,41.27546151,-0.553079219,0.3408326368,108.2543759,0.8939118559,4.56568046,4.56568046,0.06743421053,0.06743421053,0,0,20741.72454,20741.72454,0,20772,227,0.3991296291
228,0,20741.72454,15945,3.637978807e-12,-4796.724538,3.004065525e-14,-39.60901254,-4796.724538,-39.60901254,0.4293576997,82.26209258,18.83333333,29.80428261,0,0,20741.72454,20741.72454,0,20772,228,0.4010529518
229,0,20664.94344,16084,-76.78110014,-4657.724538,-0.6340208895,-38.46121831,-4580.943438,-37.82719742,2.744868935,94.40401819,1.978723404,10.34739947,0,0,20741.72454,20741.72454,0,20772,229,0.402743578
230,0,20668.44832,16575,-73.27621714,-4166.724538,-0.6050792745,-34.40677971,-4093.448321,-33.80170043,3.176176201,81.16181729,16.83333333,26.98895684,0,0,20741.72454,20741.72454,0,20772,230,0.4047656059
231,0,20683.23733,20722,-58.48720375,-19.72453849,-0.4829588125,-0.1628756219,38.76266526,0.3200831905,2.773389031,2.773389031,0.0423572744,0.08808666006,0,0,20741.72454,20741.72454,0,20772,231,0.4066374302
232,0,20701.56756,20385,-40.15697583,-356.7245385,-0.3315967274,-2.945657314,-316.5675627,-2.614060586,1.700392265,16.51849119,0.9042553191,3.054198889,0,0,20741.72454,20741.72454,0,20772,232,0.4080610275
233,0,20739.79052,17329,-1.934015332,-3412.724538,-0.01597015566,-28.18061533,-3410.790523,-28.16464517,2.012205332,62.3864285,1.180851064,8.718038133,0,0,20741.72454,20741.72454,0,20772,233,0.4092495441
234,0,20678.23179,16818,-63.4927496,-3923.724538,-0.5242921696,-32.40020418,-3860.231789,-31.87591201,3.381614816,81.40819559,16,25.57476173,0,0,20741.72454,20741.72454,0,20772,234,0.4108762741
235,0,20664.08115,16482,-77.64338437,-4259.724538,-0.6411412122,-35.17472836,-4182.081154,-34.53358715,3.872752808,91.08460708,1.124293785,8.863804526,0,0,20741.72454,20741.72454,0,20772,235,0.4128210545
236,0,20684.28774,17349,-57.43679644,-3392.724538,-0.474285061,-28.01546508,-3335.287742,-27.54118002,6.523943812,81.85722655,0.8237410072,8.783557491,0,0,20741.72454,20741.72454,0,20772,236,0.4146544933
237,0,20681.23026,16588,-60.49428109,-4153.724538,-0.4995322786,-34.29943204,-4093.230257,-33.79989976,4.222948196,83.07605051,0.811965812,9.764065709,0,0,20741.72454,20741.72454,0,20772,237,0.4164123535
238,0,20680.57212,15489,-61.15242172,-5252.724538,-0.504966883,-43.37443821,-5191.572117,-42.86947133,3.882804956,100.2306593,1.563829787,13.32444316,0,0,20741.72454,20741.72454,0,20772,238,0.4176046848
239,0,20677.78157,17986,-63.94296724,-2755.724538,-0.5280098474,-22.75542965,-2691.781571,-22.22741981,3.138824696,66.52509262,9.166666667,17.07299451,0,0,20741.72454,20741.72454,0,20772,239,0.419393301
240,0,20668.56506,16757,-73.15947762,-3984.724538,-0.6041152965,-32.90391244,-3911.565061,-32.29979714,4.308864641,85.03541118,0.9886039886,7.943328954,0,0,20741.72454,20741.72454,0,20772,240,0.4209418297
241,0,20669.75327,16508,-71.97126932,-4233.724538,-0.5943036516,-34.96003304,-4161.753269,-34.36572939,4.064513455,86.47456864,10.33333333,21.64658989,0,0,20741.72454,20741.72454,0,20772,241,0.4229099751
242,0,20670.59408,20692,-71.13046291,-49.72453849,-0.5873606823,-0.4106009951,21.40592442,0.1767596872,2.804505563,2.804505563,0.06642066421,0.1623014457,0,0,20741.72454,20741.72454,0,20772,242,0.424800396
243,0,20674.20038,20559,-67.52415772,-182.7245385,-0.5575815722,-1.508850149,-115.2003808,-0.9512685772,2.057797871,14.78249433,0.9574468085,2.19600813,0,0,20741.72454,20741.72454,0,20772,243,0.4263019562
244,0,20741.72454,16203,0,-4538.724538,0,-37.47857433,-4538.724538,-37.47857433,1.816387729,90.59288612,2.122905028,12.0966731,0,0,20741.72454,20741.72454,0,20772,244,0.4281542301
245,0,20668.85138,17293,-72.87315624,-3448.724538,-0.6017509941,-28.47788577,-3375.851382,-27.87613478,4.028312094,79.99404344,1.246963563,9.290571441,0,0,20741.72454,20741.72454,0,20772,245,0.4301466942
246,0,20675.10913,17170,-66.61540937,-3571.724538,-0.5500775714,-29.4935598,-3505.109129,-28.94348223,3.679654735,71.86021907,3.666666667,11.10795128,0,0,20741.72454,20741.72454,0,20772,246,0.4320785999
247,0,20669.19628,16612,-72.52825707,-4129.724538,-0.5989029849,-34.10125175,-4057.196281,-33.50234876,3.62538609,76.1201593,0.9784172662,8.644630429,0,0,20741.72454,20741.72454,0,20772,247,0.4340500832
248,0,20671.14569,16498,-70.5788511,-4243.724538,-0.5828057409,-35.04260816,-4173.145687,-34.45980242,4.00315391,85.70493857,2.134502924,12.16591427,0,0,20741.72454,20741.72454,0,20772,248,0.4359343052
249,0,20673.73408,15994,-67.99045881,-4747.724538,-0.5614320594,-39.20439443,-4679.73408,-38.64296237,3.807242437,90.84607789,27.33333333,37.06951963,0,0,20741.72454,20741.72454,0,20772,249,0.4376938343
250,0,20676.96099,17403,-64.76354536,-3338.724538,-0.5347857814,-27.56955941,-3273.960993,-27.03477362,4.18446855,73.32149152,0.7301587302,6.474160959,0,0,20741.72454,20741.72454,0,20772,250,0.439678669
251,0,20681.42103,16630,-60.30350865,-4111.724538,-0.4979569728,-33.95261652,-4051.42103,-33.45465955,3.778432475,86.30848562,1.989361702,10.13673444,0,0,20741.72454,20741.72454,0,20772,251,0.441331625
252,0,20672.99835,16281,-68.72618612,-4460.724538,-0.5675073368,-36.83448836,-4391.998352,-36.26698103,3.916803494,92.10505571,9,21.07471326,0,0,20741.72454,20741.72454,0,20772,252,0.4432787895
253,0,20670.2725,20716,-71.45203815,-25.72453849,-0.5900160938,-0.2124206966,45.72749966,0.3775953972,4.803169811,4.803169811,0.1482602118,0.1482602118,0,0,20741.72454,20741.72454,0,20772,253,0.4453234673
254,0,20741.72454,15520,0,-5221.724538,0,-43.11845533,-5221.724538,-43.11845533,0.5187184043,102.120624,16.16666667,27.24859351,0,0,20741.72454,20741.72454,0,20772,254,0.4474146366
255,0,20670.18313,20695,-71.54140887,-46.72453849,-0.5907540736,-0.3858284578,24.81687038,0.2049256158,4.120339069,4.120339069,0.243315508,0.3992255044,0,0,20741.72454,20741.72454,0,20772,255,0.4493510723
256,0,20685.73472,20060,-55.98982224,-681.7245385,-0.4623366536,-5.629348856,-625.7347162,-5.167012203,2.610215837,23.38978416,0.9574468085,4.035220058,0,0,20741.72454,20741.72454,0,20772,256,0.4510705471
257,0,20729.39693,16036,-12.32761034,-4705.724538,-0.1017953957,-38.85757891,-4693.396928,-38.75578351,1.930618372,87.82477534,0.9532163743,9.92781107,0,0,20741.72454,20741.72454,0,20772,257,0.4523918629
258,0,20675.86348,16646,-65.86106053,-4095.724538,-0.5438485266,-33.82049632,-4029.863478,-33.2766478,3.568724846,81.25779106,1.978723404,10.52408061,0,0,20741.72454,20741.72454,0,20772,258,0.4541711807
259,0,20672.68289,16072,-69.04164971,-4669.724538,-0.5701122812,-38.56030846,-4600.682889,-37.99019618,3.188528968,94.45714649,7.5,18.34050722,0,0,20741.72454,20741.72454,0,20772,259,0.4560742378
260,0,20669.93593,20761,-71.78860514,19.27546151,-0.5927952999,0.1591673632,91.06406665,0.7519626631,4.133350095,4.133350095,0.06914498141,0.06914498141,0,0,20741.72454,20741.72454,0,20772,260,0.4579837322
261,0,20741.72454,16934,-3.637978807e-12,-3807.724538,-3.004065525e-14,-31.44233274,-3807.724538,-31.44233274,0.4751573692,73.23554003,0.9190283401,8.004895656,0,0,20741.72454,20741.72454,0,20772,261,0.4603946209
262,0,20676.59344,17639,-65.13109995,-3102.724538,-0.537820868,-25.62078647,-3037.593439,-25.0829656,3.679765739,69.03852798,16.33333333,24.1904702,0,0,20741.72454,20741.72454,0,20772,262,0.4620213509
263,0,20669.90875,16060,-71.8157913,-4681.724538,-0.5930197899,-38.65939861,-4609.908747,-38.06637882,3.802021468,93.80126797,1.11299435,10.56764469,0,0,20741.72454,20741.72454,0,20772,263,0.4641256332
264,0,20672.41399,20688,-69.31055042,-53.72453849,-0.5723327323,-0.4436310449,15.58601193,0.1287016874,4.595733796,4.595733796,0.03770949721,0.09298209461,0,0,20741.72454,20741.72454,0,20772,264,0.4657452106
265,0,20693.54002,20118,-48.1845156,-623.7245385,-0.3978842369,-5.150413135,-575.5400229,-4.752528898,2.164649208,22.83535079,0.914893617,3.392061112,0,0,20741.72454,20741.72454,0,20772,265,0.4674267769
266,0,20706.35514,16844,-35.36939867,-3897.724538,-0.2920632495,-32.18550886,-3862.35514,-31.89344561,2.04880837,82.75730151,16.16666667,24.34142912,0,0,20741.72454,20741.72454,0,20772,266,0.4688651562
267,0,20678.68628,16495,-63.03825525,-4246.724538,-0.5205391768,-35.0673807,-4183.686283,-34.54684152,2.979074542,82.42043642,1.094972067,11.81971242,0,0,20741.72454,20741.72454,0,20772,267,0.4708600044
268,0,20671.26106,16570,-70.4634828,-4171.724538,-0.5818530857,-34.44806727,-4101.261056,-33.86621418,3.332099078,77.09407133,28.66666667,38.20697226,0,0,20741.72454,20741.72454,0,20772,268,0.4727153778
269,0,20670.56553,16424,-71.15901056,-4317.724538,-0.5875964148,-35.65366408,-4246.565528,-35.06606767,4.623102191,87.95250967,1.463276836,11.77282382,0,0,20741.72454,20741.72454,0,20772,269,0.4742147923
270,0,20669.16253,16501,-72.56201228,-4240.724538,-0.599181719,-35.01783563,-4168.162526,-34.41865391,3.606141183,78.38715831,15.66666667,24.12293515,0,0,20741.72454,20741.72454,0,20772,270,0.4759972095
271,0,20674.60458,16367,-67.11996254,-4374.724538,-0.5542439256,-36.12434229,-4307.604576,-35.57009837,2.48989823,90.07473384,16,26.09382554,0,0,20741.72454,20741.72454,0,20772,271,0.4779596329
272,0,20682.82378,16069,-58.90076042,-4672.724538,-0.4863737618,-38.585081,-4613.823778,-38.09870724,3.943460299,87.96020732,0.604519774,9.729874248,0,0,20741.72454,20741.72454,0,20772,272,0.4802174568
273,0,20681.83706,16902,-59.88747459,-3839.724538,-0.4945215663,-31.70657314,-3779.837064,-31.21205157,2.460005873,75.97412282,25.33333333,34.56475377,0,0,20741.72454,20741.72454,0,20772,273,0.4819123745
274,0,20681.61718,16600,-60.10736016,-4141.724538,-0.4963372742,-34.20034189,-4081.617178,-33.70400462,2.823591165,81.93415892,1.157894737,10.58904002,0,0,20741.72454,20741.72454,0,20772,274,0.4835805893
275,0,20668.6621,15876,-73.06244267,-4865.724538,-0.6033140292,-40.1787809,-4792.662096,-39.57546687,3.488457122,100.0746247,16,26.6645941,0,0,20741.72454,20741.72454,0,20772,275,0.4855208397
276,0,20679.75152,15975,-61.97301695,-4766.724538,-0.5117429583,-39.36128717,-4704.751522,-38.84954421,2.831629804,93.69950753,0.7537473233,9.626420834,0,0,20741.72454,20741.72454,0,20772,276,0.487559557
277,0,20670.48123,15976,-71.24330714,-4765.724538,-0.5882924949,-39.35302966,-4694.481231,-38.76473716,4.338895602,94.52930499,1.637426901,12.33521847,0,0,20741.72454,20741.72454,0,20772,277,0.4892468452
278,0,20669.01756,16836,-72.70697725,-3905.724538,-0.600378769,-32.25156896,-3833.017561,-31.65119019,4.079764553,80.48117177,7.833333333,16.85055805,0,0,20741.72454,20741.72454,0,20772,278,0.4910337925
279,0,20675.05266,20747,-66.67187934,5.275461509,-0.5505438729,0.04356218903,71.94734085,0.594106062,4.100190155,4.100190155,0.1474164134,0.1474164134,0,0,20741.72454,20741.72454,0,20772,279,0.4930808544
280,0,20711.22753,20700,-30.49701055,-41.72453849,-0.251829444,-0.3445408956,-11.22752794,-0.09271145162,2.069348368,2.069348368,0.07294832827,0.1289649258,0,0,20741.72454,20741.72454,0,20772,280,0.4948573112
281,0,20687.84417,20383,-53.88037185,-358.7245385,-0.4449178408,-2.962172339,-304.8441666,-2.517254498,1.794165603,20.26450314,16,19.20424181,0,0,20741.72454,20741.72454,0,20772,281,0.4959456921
282,0,20736.77212,16862,-4.952418691,-3879.724538,-0.04089465894,-32.03687364,-3874.77212,-31.99597898,2.605020028,79.46802955,16.33333333,25.25297525,0,0,20741.72454,20741.72454,0,20772,282,0.4969835281
283,0,20670.29283,16978,-71.43170809,-3763.724538,-0.5898482181,-31.07900219,-3692.29283,-30.48915397,3.345099495,76.005939,0.7834757835,9.108836338,0,0,20741.72454,20741.72454,0,20772,283,0.498603344
284,0,20670.37725,17043,-71.34728834,-3698.724538,-0.589151121,-30.54226388,-3627.37725,-29.95311276,3.514377606,78.84440921,2.244680851,10.32923778,0,0,20741.72454,20741.72454,0,20772,284,0.5000703335
285,0,20670.59247,16379,-71.13207343,-4362.724538,-0.5873739812,-36.02525214,-4291.592465,-35.43787816,4.272007825,92.38346775,0.8302583026,10.79079218,0,0,20741.72454,20741.72454,0,20772,285,0.5017104149
286,0,20671.25746,20697,-70.46708326,-44.72453849,-0.5818828165,-0.3693134329,25.74254477,0.2125693836,3.660807212,3.660807212,0.1326815642,0.1746412772,0,0,20741.72454,20741.72454,0,20772,286,0.5034842491
287,0,20734.91421,17000,-6.810324831,-3741.724538,-0.05623634201,-30.89733692,-3734.914214,-30.84110058,2.033106329,77.82142351,0.8757062147,10.07946988,0,0,20741.72454,20741.72454,0,20772,287,0.5054178238
288,0,20677.86428,20751,-63.86025615,9.275461509,-0.5273268595,0.07659223879,73.13571766,0.6039190983,4.638347682,4.638347682,0.253968254,0.253968254,0,0,20741.72454,20741.72454,0,20772,288,0.5071885586
289,0,20741.72454,16263,0,-4478.724538,0,-36.98312359,-4478.724538,-36.98312359,0.5409881355,82.2129834,1.468085106,10.58469325,0,0,20741.72454,20741.72454,0,20772,289,0.509519577
290,0,20666.63595,15858,-75.08859143,-4883.724538,-0.6200449778,-40.32741612,-4808.635947,-39.70737115,2.300794141,92.33158407,1,10.31863077,0,0,20741.72454,20741.72454,0,20772,290,0.5113098621
291,0,20665.59977,16324,-76.12476588,-4417.724538,-0.6286012011,-36.47941533,-4341.599773,-35.85081413,3.1819332,87.79390471,1.833333333,13.91958216,0,0,20741.72454,20741.72454,0,20772,291,0.5130002499
292,0,20685.50069,17146,-56.22384745,-3595.724538,-0.4642691197,-29.6917401,-3539.500691,-29.22747098,3.727959422,75.05587445,1.603351955,12.023006,0,0,20741.72454,20741.72454,0,20772,292,0.5147755146
293,0,20681.13388,20706,-60.59066151,-35.72453849,-0.5003281411,-0.294995821,24.86612302,0.2053323202,5.245082303,5.245082303,0.06642066421,0.1374567378,0,0,20741.72454,20741.72454,0,20772,293,0.5161905289
294,0,20687.36798,20306,-54.35656014,-435.7245385,-0.4488499715,-3.598000796,-381.3679783,-3.149150825,2.790940608,27.29226615,16,19.76755353,0,0,20741.72454,20741.72454,0,20772,294,0.5177671909
295,0,20685.93956,16585,-55.78498103,-4156.724538,-0.4606451748,-34.32420458,-4100.939557,-33.86355941,3.857563614,83.77606376,2.122905028,10.67191886,0,0,20741.72454,20741.72454,0,20772,295,0.5192315578
296,0,20668.85842,20744,-72.86611893,2.275461509,-0.6016928834,0.01878965172,75.14158044,0.6204825351,3.981028614,3.981028614,0.2486631016,0.2486631016,0,0,20741.72454,20741.72454,0,20772,296,0.5206587315
297,0,20741.72454,16276,0,-4465.724538,0,-36.87577592,-4465.724538,-36.87577592,0.5102429411,88.10874065,17.33333333,29.66671187,0,0,20741.72454,20741.72454,0,20772,297,0.5229411125
298,0,20676.82393,16868,-64.90060474,-3873.724538,-0.5359175509,-31.98732856,-3808.823934,-31.45141101,4.085224963,83.42009506,22.5,31.98119191,0,0,20741.72454,20741.72454,0,20772,298,0.5245103836
299,0,20674.29908,20741,-67.42545809,-0.7245384908,-0.5567665589,-0.0059828856,66.7009196,0.5507836733,4.129816276,4.129816276,0.2075055188,0.2075055188,0,0,20741.72454,20741.72454,0,20772,299,0.5260906219
300,0,20741.72454,16719,0,-4022.724538,0,-33.21769791,-4022.724538,-33.21769791,0.5077650924,90.11523862,1.088319088,8.693098527,0,0,20741.72454,20741.72454,0,20772,300,0.5282030106
301,0,20678.59447,20701,-63.13007013,-40.72453849,-0.5212973394,-0.3362833831,22.40553164,0.1850139562,3.268001493,3.268001493,0.0601659751,0.155439514,0,0,20741.72454,20741.72454,0,20772,301,0.5300006866
302,0,20677.77801,20612,-63.94652376,-129.7245385,-0.5280392153,-1.07120199,-65.77801473,-0.5431627749,2.240079831,14.78280453,0.3270676692,1.1583549,0,0,20741.72454,20741.72454,0,20772,302,0.5313940048
303,0,20706.81,20711,-34.91454209,-30.72453849,-0.2883072656,-0.2537082588,4.190003596,0.03459900681,3.407643696,3.407643696,0.1012793177,0.1857772581,0,0,20741.72454,20741.72454,0,20772,303,0.5328936577
304,0,20696.93257,17285,-44.79196407,-3456.724538,-0.3698702004,-28.54394587,-3411.932574,-28.17407567,1.738317533,74.9330964,10.5,18.88846257,0,0,20741.72454,20741.72454,0,20772,304,0.5343432426
305,0,20675.45571,20722,-66.26882952,-19.72453849,-0.547215684,-0.1628756219,46.54429103,0.3843400621,4.841263172,4.841263172,0.1970954357,0.218424523,0,0,20741.72454,20741.72454,0,20772,305,0.5356426239
306,0,20732.83611,16706,-8.888430393,-4035.724538,-0.07339632453,-33.32504558,-4026.836108,-33.25164925,2.629622048,78.49180106,0.6412478336,8.691325965,0,0,20741.72454,20741.72454,0,20772,306,0.5372991562
307,0,20671.18419,16323,-70.54034642,-4418.724538,-0.582487788,-36.48767284,-4348.184192,-35.90518505,3.700604893,83.61518038,15.66666667,25.29862081,0,0,20741.72454,20741.72454,0,20772,307,0.5389215946
308,0,20668.47167,17119,-73.25286507,-3622.724538,-0.6048864445,-29.91469294,-3549.471673,-29.30980649,4.332912674,72.81561914,31.66666667,39.82308421,0,0,20741.72454,20741.72454,0,20772,308,0.5406713486
309,0,20678.26234,16701,-63.46219727,-4040.724538,-0.5240398834,-33.36633314,-3977.262341,-32.84229325,5.287806974,83.60275987,9.166666667,18.8573816,0,0,20741.72454,20741.72454,0,20772,309,0.5426166058
310,0,20676.40638,20688,-65.31816128,-53.72453849,-0.5393655293,-0.4436310449,11.59362279,0.09573448441,4.177886044,4.177886044,0.5593220339,0.6341584417,0,0,20741.72454,20741.72454,0,20772,310,0.5439429283
311,0,20741.72454,16405,3.637978807e-12,-4336.724538,3.004065525e-14,-35.81055682,-4336.724538,-35.81055682,1.458175253,81.6456498,15.66666667,24.83059904,0,0,20741.72454,20741.72454,0,20772,311,0.5456781387
312,0,20662.45553,16152,-79.26900488,-4589.724538,-0.6545647938,-37.89970747,-4510.455534,-37.24514267,3.414379034,90.5043495,3.010638298,12.43162676,0,0,20741.72454,20741.72454,0,20772,312,0.547358036
313,0,20662.53241,20657,-79.19213083,-84.72453849,-0.6539300054,-0.6996139305,-5.532407657,-0.04568392504,4.331086509,4.331086509,0.2245989305,0.367102375,0,0,20741.72454,20741.72454,0,20772,313,0.5490612984
314,0,20680.16078,20488,-61.56375581,-253.7245385,-0.5083634793,-2.095133533,-192.1607827,-1.586770053,3.427332149,18.65410698,0.9574468085,2.784417413,0,0,20741.72454,20741.72454,0,20772,314,0.5505657196
315,0,20741.72454,17036,0,-3705.724538,0,-30.60006647,-3705.724538,-30.60006647,2.3643457,74.88036069,3.166666667,12.68496589,0,0,20741.72454,20741.72454,0,20772,315,0.5522887707
316,0,20665.94091,20687,-75.78362356,-54.72453849,-0.6257842142,-0.4518885573,21.05908506,0.1738956569,4.268806086,4.268806086,0.1284916201,0.2129349201,0,0,20741.72454,20741.72454,0,20772,316,0.5538954735
317,0,20741.72454,16090,-3.637978807e-12,-4651.724538,-3.004065525e-14,-38.41167324,-4651.724538,-38.41167324,1.272620993,89.57933454,14.83333333,24.74415896,0,0,20741.72454,20741.72454,0,20772,317,0.5556285381
318,0,20675.74792,16596,-65.97661857,-4145.724538,-0.5448027485,-34.23337194,-4079.74792,-33.6885692,2.68152602,78.18758954,9.5,18.241364,0,0,20741.72454,20741.72454,0,20772,318,0.5576269627
319,0,20667.04123,16939,-74.68331053,-3802.724538,-0.6166983656,-31.40104518,-3728.041228,-30.78434681,4.113269161,74.70092698,1.368421053,9.978961404,0,0,20741.72454,20741.72454,0,20772,319,0.5593030453
320,0,20676.19424,20695,-65.53029703,-46.72453849,-0.5411172428,-0.3858284578,18.80575854,0.1552887851,4.559787666,4.559787666,0.3898305085,0.4111071042,0,0,20741.72454,20741.72454,0,20772,320,0.5609898567
321,0,20729.10034,17282,-12.6241972,-3459.724538,-0.1042444654,-28.56871841,-3447.100341,-28.46447395,1.815164005,70.95484958,1,7.88265234,0,0,20741.72454,20741.72454,0,20772,321,0.5628223419
322,0,20667.35841,17343,-74.36612615,-3398.724538,-0.6140792117,-28.06501015,-3324.358412,-27.45093094,3.507836231,67.51706108,1.133903134,9.079272474,0,0,20741.72454,20741.72454,0,20772,322,0.564412117
323,0,20668.69389,16329,-73.03065176,-4412.724538,-0.6030515153,-36.43812777,-4339.693887,-35.83507625,3.60469247,86.80430434,0.9522776573,10.42917157,0,0,20741.72454,20741.72454,0,20772,323,0.5662546158
324,0,20673.94049,20731,-67.78404705,-10.72453849,-0.5597276117,-0.08855800999,57.05950856,0.4711696017,4.750048228,4.750048228,0.9574468085,0.9574468085,0,0,20741.72454,20741.72454,0,20772,324,0.5680921078
325,0,20741.72454,17220,0,-3521.724538,0,-29.08068418,-3521.724538,-29.08068418,0.5373151864,63.09917366,9.666666667,19.31944274,0,0,20741.72454,20741.72454,0,20772,325,0.5701794624
326,0,20665.49684,15931,-76.22769518,-4810.724538,-0.6294511411,-39.72461772,-4734.496843,-39.09516657,3.06101751,86.45521947,31.33333333,42.61302457,0,0,20741.72454,20741.72454,0,20772,326,0.5718195438
327,0,20683.6155,16825,-58.10904227,-3916.724538,-0.4798361393,-32.3424016,-3858.615496,-31.86256546,5.375308664,84.79148742,16.16666667,25.82608504,0,0,20741.72454,20741.72454,0,20772,327,0.5737855434
328,0,20671.05237,16482,-70.67217017,-4259.724538,-0.5835763243,-35.17472836,-4189.052368,-34.59115204,4.034341372,84.44128281,2.223404255,11.92393227,0,0,20741.72454,20741.72454,0,20772,328,0.5757114887
329,0,20675.20869,15767,-66.51584866,-4974.724538,-0.5492554477,-41.07884976,-4908.20869,-40.52959431,3.179157645,92.38075298,4.833333333,16.27095807,0,0,20741.72454,20741.72454,0,20772,329,0.5778334141
330,0,20669.43384,16489,-72.29070282,-4252.724538,-0.5969413777,-35.11692578,-4180.433836,-34.5199844,3.732658774,79.37767684,21,29.85787048,0,0,20741.72454,20741.72454,0,20772,330,0.5796649456
331,0,20677.51808,16584,-64.20645871,-4157.724538,-0.5301856315,-34.33246209,-4093.51808,-33.80227646,3.374431813,84.81093807,1.474860335,10.54920566,0,0,20741.72454,20741.72454,0,20772,331,0.581619978
332,0,20678.57381,16359,-63.15073191,-4382.724538,-0.5214679543,-36.19040239,-4319.573807,-35.66893444,3.393021039,84.29138403,18,27.1807994,0,0,20741.72454,20741.72454,0,20772,332,0.5836958885
333,0,20670.02206,16684,-71.70248285,-4057.724538,-0.5920841441,-33.50671085,-3986.022056,-32.91462671,2.718347691,83.21828354,1.608938547,10.41575988,0,0,20741.72454,20741.72454,0,20772,333,0.585085392
334,0,20664.74291,16258,-76.98162668,-4483.724538,-0.6356767398,-37.02441115,-4406.742912,-36.38873441,3.146188302,82.04237459,2.096045198,11.08363565,0,0,20741.72454,20741.72454,0,20772,334,0.5868012905
335,0,20665.04415,20705,-76.6803869,-36.72453849,-0.6331892486,-0.3032533334,39.95584841,0.3299359152,3.697083833,3.697083833,0.1443768997,0.1443768997,0,0,20741.72454,20741.72454,0,20772,335,0.5884897709
336,0,20741.72454,16928,3.637978807e-12,-3813.724538,3.004065525e-14,-31.49187781,-3813.724538,-31.49187781,1.064260344,72.99335976,0.7676348548,9.375881323,0,0,20741.72454,20741.72454,0,20772,336,0.5904955864
337,0,20676.35117,16760,-65.37336624,-3981.724538,-0.5398213849,-32.8791399,-3916.351172,-32.33931852,3.971906346,80.91533611,1.521276596,10.74159092,0,0,20741.72454,20741.72454,0,20772,337,0.5924241543
338,0,20674.39875,20730,-67.3257874,-11.72453849,-0.5559435269,-0.09681552243,55.60124891,0.4591280045,4.981303851,4.981303851,0.2245989305,0.4390864382,0,0,20741.72454,20741.72454,0,20772,338,0.5943262577
339,0,20741.72454,16276,0,-4465.724538,0,-36.87577592,-4465.724538,-36.87577592,1.378326069,82.99307018,3.166666667,13.16406,0,0,20741.72454,20741.72454,0,20772,339,0.5961863995
340,0,20675.13492,20704,-66.589622,-37.72453849,-0.549864632,-0.3115108458,28.86508351,0.2383537862,3.228220779,3.228220779,0.06636500754,0.1419819532,0,0,20741.72454,20741.72454,0,20772,340,0.5979642868
341,0,20678.22478,20603,-63.49975795,-138.7245385,-0.5243500411,-1.145519602,-75.22478054,-0.621169561,2.732800584,10.80437224,0.9042553191,1.95349035,0,0,20741.72454,20741.72454,0,20772,341,0.5990903378
342,0,20700.35271,16135,-41.37183297,-4606.724538,-0.3416284253,-38.04008518,-4565.352706,-37.69845675,2.490971407,91.62435312,1.076023392,9.727978384,0,0,20741.72454,20741.72454,0,20772,342,0.6005859375
343,0,20669.36125,17195,-72.36328402,-3546.724538,-0.5975407179,-29.28712199,-3474.361254,-28.68958128,5.155612109,75.45470853,1.680851064,10.08569152,0,0,20741.72454,20741.72454,0,20772,343,0.6020629406
344,0,20678.7698,16533,-62.954735,-4208.724538,-0.5198495073,-34.75359523,-4145.769803,-34.23374572,3.487415708,80.1227728,10.5,19.82054996,0,0,20741.72454,20741.72454,0,20772,344,0.6037170887
345,0,20676.16903,16795,-65.55550722,-3946.724538,-0.5413254163,-32.59012697,-3881.169031,-32.04880155,3.118452068,76.53831112,0.9255319149,10.56238573,0,0,20741.72454,20741.72454,0,20772,345,0.6053307056
346,0,20663.69564,17224,-78.02890292,-3517.724538,-0.6443246364,-29.04765413,-3439.695636,-28.4033295,3.41073719,67.176417,1.5,9.590353777,0,0,20741.72454,20741.72454,0,20772,346,0.6072990894
347,0,20667.77827,20689,-73.94627267,-52.72453849,-0.6106122663,-0.4353735324,21.22173418,0.1752387339,4.362974821,4.362974821,0.2513227513,0.3128005917,0,0,20741.72454,20741.72454,0,20772,347,0.6093511581
348,0,20676.73606,20688,-64.98847569,-53.72453849,-0.5366431464,-0.4436310449,11.2639372,0.09301210151,2.074430224,2.074430224,0.05015197568,0.1116298161,0,0,20741.72454,20741.72454,0,20772,348,0.6111857891
349,0,20673.08639,20392,-68.63814761,-349.7245385,-0.5667803576,-2.887854727,-281.0863909,-2.321074369,1.958168232,20.52515535,0.914893617,3.87108757,0,0,20741.72454,20741.72454,0,20772,349,0.6121804714
350,0,20701.17491,20737,-40.54963341,-4.724538491,-0.3348391022,-0.03901293536,35.82509492,0.2958261669,3.71158628,3.71158628,0.1443768997,0.1443768997,0,0,20741.72454,20741.72454,0,20772,350,0.6133449078
351,0,20741.72454,17027,0,-3714.724538,0,-30.67438408,-3714.724538,-30.67438408,1.188802787,76.12630279,1.063829787,8.79001882,0,0,20741.72454,20741.72454,0,20772,351,0.6152892113
352,0,20664.05947,15739,-77.66506735,-5002.724538,-0.6413202597,-41.3100601,-4925.059471,-40.66873984,3.377306826,94.62736257,0.9656160458,9.763516825,0,0,20741.72454,20741.72454,0,20772,352,0.6174106598
353,0,20676.85476,20710,-64.86978003,-31.72453849,-0.5356630155,-0.2619657712,33.14524154,0.2736972443,3.504318094,3.504318094,0.08026030369,0.1228433411,0,0,20741.72454,20741.72454,0,20772,353,0.6191933155
354,0,20680.94422,20173,-60.78031843,-568.7245385,-0.5018942354,-4.696249951,-507.9442201,-4.194355715,2.009577308,25.11544983,0.5263157895,3.228315113,0,0,20741.72454,20741.72454,0,20772,354,0.6207687855
355,0,20669.13216,20678,-72.59237974,-63.72453849,-0.5994324787,-0.5262061692,8.867841251,0.07322630943,3.520945518,3.520945518,0.05786350148,0.1543143703,0,0,20741.72454,20741.72454,0,20772,355,0.6222581863
356,0,20694.40639,20532,-47.31815141,-209.7245385,-0.3907302238,-1.731802985,-162.4063871,-1.341072761,2.513563312,10.79185526,0.3270676692,1.299985154,0,0,20741.72454,20741.72454,0,20772,356,0.6239621639
357,0,20741.33706,16506,-0.3874815023,-4235.724538,-0.003199633325,-34.97654806,-4235.337057,-34.97334843,1.249860222,80.2908963,0.8051575931,9.423750961,0,0,20741.72454,20741.72454,0,20772,357,0.6253972054
358,0,20679.05294,16497,-62.67159619,-4244.724538,-0.5175114851,-35.05086568,-4182.052942,-34.53335419,3.069680817,88.38821309,0.9973544974,9.28518731,0,0,20741.72454,20741.72454,0,20772,358,0.6270973682
359,0,20683.3175,16407,-58.4070376,-4334.724538,-0.4822968395,-35.79404179,-4276.317501,-35.31174496,3.608794381,86.58965483,0.8268156425,9.597316182,0,0,20741.72454,20741.72454,0,20772,359,0.6291441917
360,0,20683.98864,16864,-57.73590054,-3877.724538,-0.4767549169,-32.02035861,-3819.988638,-31.54360369,2.728450057,75.0069905,2.436170213,10.99740202,0,0,20741.72454,20741.72454,0,20772,360,0.6309680939
361,0,20680.65128,16568,-61.07325499,-4173.724538,-0.5043131627,-34.46458229,-4112.651284,-33.96026913,3.063876033,78.58171622,31.33333333,40.37022078,0,0,20741.72454,20741.72454,0,20772,361,0.633200407
362,0,20678.91468,17366,-62.8098564,-3375.724538,-0.5186531705,-27.87508737,-3312.914682,-27.3564342,2.247321929,66.10847171,1.081871345,8.926860098,0,0,20741.72454,20741.72454,0,20772,362,0.6347715855
363,0,20678.93155,16426,-62.79299132,-4315.724538,-0.5185139069,-35.63714906,-4252.931547,-35.11863515,3.515025811,82.34285816,2.968085106,12.12442693,0,0,20741.72454,20741.72454,0,20772,363,0.6370711327
364,0,20678.42877,16239,-63.29576919,-4502.724538,-0.5226656014,-37.18130388,-4439.428769,-36.65863828,3.090438039,89.55990549,1.021390374,10.22557591,0,0,20741.72454,20741.72454,0,20772,364,0.6389417648
365,0,20672.39195,17037,-69.33258896,-3704.724538,-0.5725147158,-30.59180896,-3635.39195,-30.01929424,4.019843413,78.38042102,9.5,18.5556558,0,0,20741.72454,20741.72454,0,20772,365,0.6406369209
366,0,20676.73128,16067,-64.99326218,-4674.724538,-0.5366826709,-38.60159602,-4609.731276,-38.06491335,5.809254271,89.0233118,31.33333333,45.45710605,0,0,20741.72454,20741.72454,0,20772,366,0.6424005032
367,0,20675.46929,16549,-66.25525205,-4192.724538,-0.5471035679,-34.62147503,-4126.469286,-34.07437146,2.858309384,87.00391455,1.561403509,10.15870253,0,0,20741.72454,20741.72454,0,20772,367,0.6439421177
368,0,20676.15365,20733,-65.57089336,-8.724538491,-0.5414524676,-0.07204298511,56.84635487,0.4694094824,5.240516756,5.240516756,0.2513227513,0.2914732743,0,0,20741.72454,20741.72454,0,20772,368,0.645636797
369,0,20741.72454,16456,0,-4285.724538,0,-35.38942369,-4285.724538,-35.38942369,2.355712275,84.43623121,1.755319149,10.15906757,0,0,20741.72454,20741.72454,0,20772,369,0.6474261284
370,0,20669.90758,16092,-71.81695604,-4649.724538,-0.5930294078,-38.39515821,-4577.907582,-37.80212881,4.229371223,87.32451905,16,26.82572037,0,0,20741.72454,20741.72454,0,20772,370,0.6493589878
371,0,20673.23939,17008,-68.48514632,-3733.724538,-0.5655169476,-30.83127682,-3665.239392,-30.26575987,3.158998106,77.63534957,0.9255319149,9.35434966,0,0,20741.72454,20741.72454,0,20772,371,0.6513464451
372,0,20669.94266,16438,-71.78188299,-4303.724538,-0.5927397917,-35.53805891,-4231.942655,-34.94531912,3.307022337,77.86227257,7.166666667,17.34083116,0,0,20741.72454,20741.72454,0,20772,372,0.6534996033
373,0,20663.43657,16499,-78.28796507,-4242.724538,-0.6464638454,-35.03435065,-4164.436573,-34.38788681,3.007837056,76.55719101,1.055350554,9.182815246,0,0,20741.72454,20741.72454,0,20772,373,0.6555161476
374,0,20667.10353,17086,-74.62100626,-3655.724538,-0.6161838874,-30.18719085,-3581.103532,-29.57100696,3.262946062,71.68316968,9.833333333,18.31991732,0,0,20741.72454,20741.72454,0,20772,374,0.6578166485
375,0,20676.24943,16104,-65.47510774,-4637.724538,-0.5406615166,-38.29606806,-4572.249431,-37.75540655,3.281113528,84.74192904,16,26.61058787,0,0,20741.72454,20741.72454,0,20772,375,0.6598513126
376,0,20670.03762,16609,-71.68691912,-4132.724538,-0.5919556263,-34.12602428,-4061.037619,-33.53406866,2.791134216,85.20956133,2.833333333,13.01718881,0,0,20741.72454,20741.72454,0,20772,376,0.661917448
377,0,20677.56945,16358,-64.15509186,-4383.724538,-0.5297614691,-36.1986599,-4319.569447,-35.66889844,3.31369676,82.18672158,15.16666667,25.08122837,0,0,20741.72454,20741.72454,0,20772,377,0.6638236046
378,0,20679.07256,16013,-62.65197845,-4728.724538,-0.5173494914,-39.0475017,-4666.07256,-38.5301522,4.826347161,91.13748269,10.66666667,20.91158769,0,0,20741.72454,20741.72454,0,20772,378,0.6656501293
379,0,20675.42336,20707,-66.30118251,-34.72453849,-0.5474828393,-0.2867383085,31.57664402,0.2607445308,4.396899834,4.396899834,0.1093117409,0.2425059522,0,0,20741.72454,20741.72454,0,20772,379,0.6672317982
380,0,20720.47576,20748,-21.24877985,6.275461509,-0.1754620639,0.05181970147,27.52424136,0.2272817654,2.923310827,2.923310827,0.1825726141,0.2144875077,0,0,20741.72454,20741.72454,0,20772,380,0.6689686775
381,0,20741.72454,16315,-3.637978807e-12,-4426.724538,-3.004065525e-14,-36.55373294,-4426.724538,-36.55373294,1.188910389,84.44468539,0.9255319149,9.550370902,0,0,20741.72454,20741.72454,0,20772,381,0.6702206135
382,0,20680.51473,16757,-61.2098052,-3984.724538,-0.5054407278,-32.90391244,-3923.514733,-32.39847171,2.671272323,81.80696934,3.166666667,11.219298,0,0,20741.72454,20741.72454,0,20772,382,0.672296524
383,0,20668.76353,20681,-72.96100384,-60.72453849,-0.6024763968,-0.5014336319,12.23646535,0.1010427648,3.439773902,3.439773902,0.06506849315,0.1550395967,0,0,20741.72454,20741.72454,0,20772,383,0.6741509438
384,0,20667.57021,20396,-74.15432737,-345.7245385,-0.6123302806,-2.854824677,-271.5702111,-2.242494396,2.518050844,21.00628977,0.5263157895,2.450172071,0,0,20741.72454,20741.72454,0,20772,384,0.6758787632
385,0,20726.90347,16714,-14.82106839,-4027.724538,-0.1223851566,-33.25898548,-4012.90347,-33.13660032,2.732395932,84.58992444,8.833333333,20.31336874,0,0,20741.72454,20741.72454,0,20772,385,0.6774904728
386,0,20683.2638,16359,-58.46073947,-4382.724538,-0.4827402834,-36.19040239,-4324.263799,-35.70766211,3.392289557,81.47191122,1.536723164,11.19401238,0,0,20741.72454,20741.72454,0,20772,386,0.6794638634
387,0,20677.41643,20716,-64.30810801,-25.72453849,-0.5310250018,-0.2124206966,38.58356952,0.3186043052,4.463298805,4.463298805,0.253968254,0.300752264,0,0,20741.72454,20741.72454,0,20772,387,0.6811609268
388,0,20736.5831,16015,-5.141439329,-4726.724538,-0.04245549921,-39.03098667,-4721.583099,-38.98853117,1.984508421,90.35118527,0.9479392625,10.41247083,0,0,20741.72454,20741.72454,0,20772,388,0.6828284264
389,0,20671.69941,15717,-70.02512633,-5024.724538,-0.5782333517,-41.49172538,-4954.699412,-40.91349203,4.492359343,101.2859637,26,38.22402138,0,0,20741.72454,20741.72454,0,20772,389,0.6845846176
390,0,20671.78869,20722,-69.93584941,-19.72453849,-0.5774961465,-0.1628756219,50.21131092,0.4146205245,5.433054825,5.433054825,0.253968254,0.3992027472,0,0,20741.72454,20741.72454,0,20772,390,0.6862528324
391,0,20741.72454,17052,0,-3689.724538,0,-30.46794627,-3689.724538,-30.46794627,0.6931411516,73.3532791,0.8022922636,8.993518147,0,0,20741.72454,20741.72454,0,20772,391,0.6886546612
392,0,20671.94983,16695,-69.77470911,-4046.724538,-0.5761655284,-33.41587821,-3976.949829,-32.83971268,3.716209383,88.30252827,8.833333333,18.7809017,0,0,20741.72454,20741.72454,0,20772,392,0.6904537678
393,0,20679.61472,20715,-62.10981796,-26.72453849,-0.5128725943,-0.220678209,35.38527946,0.2921943853,4.048581667,4.048581667,0.1474164134,0.2385845045,0,0,20741.72454,20741.72454,0,20772,393,0.6925458908
394,0,20690.6878,20719,-51.03673789,-22.72453849,-0.4214364979,-0.1876481593,28.3121994,0.2337883387,1.693127144,1.693127144,0.09116809117,0.1238412361,0,0,20741.72454,20741.72454,0,20772,394,0.6942977905
395,0,20690.17493,20515,-51.549611,-226.7245385,-0.425671554,-1.872180697,-175.1749275,-1.446509143,1.588610348,13.16036222,0.9574468085,2.18687747,0,0,20741.72454,20741.72454,0,20772,395,0.6953492165
396,0,20684.30717,20704,-57.41737047,-37.72453849,-0.4741246509,-0.3115108458,19.69283198,0.162613805,2.911311278,2.911311278,0.09116809117,0.1454627873,0,0,20741.72454,20741.72454,0,20772,396,0.6965501308
397,0,20680.28876,20482,-61.43577688,-259.7245385,-0.5073066918,-2.144678607,-198.2887616,-1.637371915,2.474520716,17.29641203,0.9042553191,2.976805665,0,0,20741.72454,20741.72454,0,20772,397,0.6978092194
398,0,20741.72454,16893,3.637978807e-12,-3848.724538,3.004065525e-14,-31.78089075,-3848.724538,-31.78089075,1.420467276,74.05168774,10.16666667,18.28419171,0,0,20741.72454,20741.72454,0,20772,398,0.6995420456
399,0,20674.68265,16517,-67.04189168,-4224.724538,-0.5535992544,-34.88571543,-4157.682647,-34.33211617,4.849471105,81.26314189,2.531914894,10.95086179,0,0,20741.72454,20741.72454,0,20772,399,0.7012035847
400,0,20682.88369,17080,-58.84084429,-3661.724538,-0.4858790036,-30.23673592,-3602.883694,-29.75085692,2.96160492,72.35269743,10.33333333,18.01261894,0,0,20741.72454,20741.72454,0,20772,400,0.7030837536
401,0,20686.91302,16284,-54.81151981,-4457.724538,-0.4526068066,-36.80971582,-4402.913019,-36.35710902,2.814275437,85.38658753,1.075539568,10.88172453,0,0,20741.72454,20741.72454,0,20772,401,0.704647541
402,0,20683.15147,17111,-58.57306511,-3630.724538,-0.4836678137,-29.98075304,-3572.151473,-29.49708522,2.612914896,76.2443266,1.34502924,9.105942667,0,0,20741.72454,20741.72454,0,20772,402,0.7066524029
403,0,20683.34,16962,-58.38453385,-3779.724538,-0.4821110145,-31.21112239,-3721.340005,-30.72901138,2.793957021,75.82669036,0.9815498155,9.859562262,0,0,20741.72454,20741.72454,0,20772,403,0.7083590031
404,0,20685.04859,20704,-56.67594818,-37.72453849,-0.4680023471,-0.3115108458,18.95140969,0.1564915012,4.241081057,4.241081057,0.1642599278,0.3503503743,0,0,20741.72454,20741.72454,0,20772,404,0.7100219727
405,0,20730.97382,16209,-10.75071643,-4532.724538,-0.08877417464,-37.42902926,-4521.973822,-37.34025508,3.106044572,87.68962303,0.8931860037,9.250909771,0,0,20741.72454,20741.72454,0,20772,405,0.7117419243
406,0,20673.03886,16715,-68.68567512,-4026.724538,-0.5671728167,-33.25072796,-3958.038863,-32.68355515,4.56390021,83.41760416,26.66666667,35.84888438,0,0,20741.72454,20741.72454,0,20772,406,0.7133626938
407,0,20683.78493,16648,-57.93960771,-4093.724538,-0.4784370314,-33.8039813,-4035.784931,-33.32554427,3.648609659,85.29941887,8.833333333,18.93027489,0,0,20741.72454,20741.72454,0,20772,407,0.7149455547
408,0,20686.04818,16103,-55.67635616,-4638.724538,-0.4597482035,-38.30432558,-4583.048182,-37.84457737,6.507454047,91.90790193,0.8425531915,10.6253467,0,0,20741.72454,20741.72454,0,20772,408,0.7162854671
409,0,20669.19442,16121,-72.53011895,-4620.724538,-0.5989183594,-38.15569035,-4548.19442,-37.55677199,4.117962037,85.56728853,1.067039106,10.26830885,0,0,20741.72454,20741.72454,0,20772,409,0.7179291248
410,0,20675.85781,16915,-65.86672424,-3826.724538,-0.5438952947,-31.59922548,-3760.857814,-31.05533018,3.786779919,79.42825113,3,13.42159382,0,0,20741.72454,20741.72454,0,20772,410,0.7197248936
411,0,20678.12699,16860,-63.59754407,-3881.724538,-0.5251575112,-32.05338866,-3818.126994,-31.52823115,4.33739457,80.72219357,25.33333333,34.2721036,0,0,20741.72454,20741.72454,0,20772,411,0.7217912674
412,0,20673.5005,15397,-68.22404056,-5344.724538,-0.5633608635,-44.13412936,-5276.500498,-43.57076849,4.357941464,106.0079992,10,20.77511052,0,0,20741.72454,20741.72454,0,20772,412,0.7235724926
413,0,20678.4193,20690,-63.30524047,-51.72453849,-0.5227438106,-0.42711602,11.58070198,0.09562779066,4.626904159,4.626904159,0.3505535055,0.4707995574,0,0,20741.72454,20741.72454,0,20772,413,0.7253072262
414,0,20693.59648,20538,-48.12805451,-203.7245385,-0.3974180088,-1.682257911,-155.596484,-1.284839902,3.702088865,17.48353203,0.9574468085,2.728381394,0,0,20741.72454,20741.72454,0,20772,414,0.7270467281
415,0,20741.72454,16044,3.637978807e-12,-4697.724538,3.004065525e-14,-38.79151881,-4697.724538,-38.79151881,2.384601885,93.01986977,1.133603239,9.711292453,0,0,20741.72454,20741.72454,0,20772,415,0.7285461426
416,0,20670.29153,16299,-71.43300635,-4442.724538,-0.5898589385,-36.68585314,-4371.291532,-36.0959942,3.888137923,83.55817516,25.66666667,34.63335922,0,0,20741.72454,20741.72454,0,20772,416,0.7304377556
417,0,20679.16992,16611,-62.55462254,-4130.724538,-0.5165455737,-34.10950926,-4068.169916,-33.59296368,3.075989194,81.66332607,8.833333333,19.17696587,0,0,20741.72454,20741.72454,0,20772,417,0.7326328754
418,0,20669.08903,15805,-72.63550925,-4936.724538,-0.5997886211,-40.76506428,-4864.089029,-40.16527566,4.48265144,97.32777232,0.9186295503,10.59903625,0,0,20741.72454,20741.72454,0,20772,418,0.7340712547
419,0,20669.09537,20709,-72.62917251,-32.72453849,-0.5997362954,-0.2702232836,39.90463402,0.3295130118,3.964822117,3.964822117,0.1474164134,0.1726389653,0,0,20741.72454,20741.72454,0,20772,419,0.7356126308
420,0,20686.59299,20685,-55.1315529,-56.72453849,-0.4552494838,-0.4684035822,-1.592985594,-0.01315409835,2.253159441,2.253159441,0.05015197568,0.1187228086,0,0,20741.72454,20741.72454,0,20772,420,0.7372293472
421,0,20675.01593,20666,-66.70860488,-75.72453849,-0.5508471346,-0.6252963185,-9.015933611,-0.07444918394,2.146874977,9.302748777,0.914893617,1.959808605,0,0,20741.72454,20741.72454,0,20772,421,0.73828578
422,0,20741.72454,17119,0,-3622.724538,0,-29.91469294,-3622.724538,-29.91469294,1.709433982,77.04677341,0.571942446,7.64530452,0,0,20741.72454,20741.72454,0,20772,422,0.7398672104
423,0,20685.36874,16191,-56.35580058,-4550.724538,-0.4653587243,-37.57766448,-4494.368738,-37.11230576,2.984029232,84.87695509,0.8132780083,8.940472993,0,0,20741.72454,20741.72454,0,20772,423,0.7416965961
424,0,20685.43111,16810,-56.29343091,-3931.724538,-0.4648437059,-32.46626428,-3875.431108,-32.00142058,3.42364768,75.59057967,1.165467626,8.878850466,0,0,20741.72454,20741.72454,0,20772,424,0.7438881397
425,0,20680.29494,15909,-61.42960015,-4832.724538,-0.5072556873,-39.90628299,-4771.294938,-39.3990273,2.680539712,93.43721562,18.16666667,29.6703312,0,0,20741.72454,20741.72454,0,20772,425,0.7458436489
426,0,20683.9107,20721,-57.8138429,-20.72453849,-0.4773985269,-0.1711331344,37.08930441,0.3062653925,5.978976705,5.978976705,0.2486631016,0.4165331377,0,0,20741.72454,20741.72454,0,20772,426,0.7476677895
427,0,20741.72454,16203,3.637978807e-12,-4538.724538,3.004065525e-14,-37.47857433,-4538.724538,-37.47857433,0.7558136627,86.34431188,39.83333333,48.04024539,0,0,20741.72454,20741.72454,0,20772,427,0.7499287128
428,0,20674.59881,20749,-67.1257251,7.275461509,-0.55429151,0.06007721391,74.40118661,0.6143687239,3.849452109,3.849452109,0.3505535055,0.3505535055,0,0,20741.72454,20741.72454,0,20772,428,0.7518098354
429,0,20741.72454,16827,-3.637978807e-12,-3914.724538,-3.004065525e-14,-32.32588657,-3914.724538,-32.32588657,0.5597494165,75.34816932,1.089385475,9.393590485,0,0,20741.72454,20741.72454,0,20772,429,0.754149437
430,0,20669.6813,16931,-72.0432432,-3810.724538,-0.5948979768,-31.46710528,-3738.681295,-30.8722073,2.79808253,77.55215221,1.833333333,10.10454563,0,0,20741.72454,20741.72454,0,20772,430,0.7559711933
431,0,20680.585,16465,-61.13954073,-4276.724538,-0.5048605181,-35.31510607,-4215.584998,-34.81024556,2.570607826,85.17211805,8.333333333,18.82352427,0,0,20741.72454,20741.72454,0,20772,431,0.7579648495
432,0,20683.96667,16354,-57.75787076,-4387.724538,-0.4769363363,-36.23168995,-4329.966668,-35.75475362,2.524090872,82.88731839,1.094972067,10.49741532,0,0,20741.72454,20741.72454,0,20772,432,0.7598035336
433,0,20675.65896,20694,-66.06558338,-47.72453849,-0.5455373766,-0.3940859702,18.34104489,0.1514514063,4.409370518,4.409370518,0.3468634686,0.4313951155,0,0,20741.72454,20741.72454,0,20772,433,0.7613511086
434,0,20689.74683,16248,-51.97771144,-4493.724538,-0.4292065988,-37.10698627,-4441.746827,-36.67777967,2.580818734,86.48456568,10.83333333,19.97479147,0,0,20741.72454,20741.72454,0,20772,434,0.7630898952
435,0,20667.22131,20746,-74.50322587,4.275461509,-0.6152113143,0.03530467659,78.77868738,0.6505159909,4.759408055,4.759408055,0.9042553191,0.9042553191,0,0,20741.72454,20741.72454,0,20772,435,0.7643890381
436,0,20741.72454,16501,0,-4240.724538,0,-35.01783563,-4240.724538,-35.01783563,0.5768998306,84.94836236,2.5,12.63984792,0,0,20741.72454,20741.72454,0,20772,436,0.7663726807
437,0,20679.04329,17088,-62.68125236,-3653.724538,-0.5175912211,-30.17067582,-3591.043286,-29.6530846,1.935777413,75.0957801,1.631578947,8.737734723,0,0,20741.72454,20741.72454,0,20772,437,0.7680709362
438,0,20678.49923,16581,-63.22530839,-4160.724538,-0.5220837705,-34.35723463,-4097.49923,-33.83515086,2.44467016,89.34210417,1.322033898,11.19172419,0,0,20741.72454,20741.72454,0,20772,438,0.7697865963
439,0,20677.27612,20737,-64.44841875,-4.724538491,-0.5321836195,-0.03901293536,59.72388026,0.4931706842,5.331384739,5.331384739,0.1290801187,0.1961192248,0,0,20741.72454,20741.72454,0,20772,439,0.7715623379
440,0,20741.72454,20747,0,5.275461509,0,0.04356218903,5.275461509,0.04356218903,2.161532017,2.161532017,0.125698324,0.1815642458,0,0,20741.72454,20741.72454,0,20772,440,0.7733073235
441,0,20741.72454,19567,-3.637978807e-12,-1174.724538,-3.004065525e-14,-9.700302489,-1174.724538,-9.700302489,1.99719119,28.00280881,0.9255319149,4.548606198,0,0,20741.72454,20741.72454,0,20772,441,0.774543047
442,0,20693.4756,16893,-48.24893854,-3848.724538,-0.3984162101,-31.78089075,-3800.4756,-31.38247454,2.100897779,72.5607426,0.8309352518,9.283500382,0,0,20741.72454,20741.72454,0,20772,442,0.7757377625
443,0,20666.94719,16571,-74.77735035,-4170.724538,-0.6174749007,-34.43980976,-4095.947188,-33.82233485,3.470962013,91.63045259,1.489361702,10.78893825,0,0,20741.72454,20741.72454,0,20772,443,0.7776694298
444,0,20676.86072,20750,-64.86382182,8.275461509,-0.5356138155,0.06833472635,73.13928333,0.6039485419,4.93916524,4.93916524,0.1474164134,0.1474164134,0,0,20741.72454,20741.72454,0,20772,444,0.7796552181
445,0,20741.72454,16129,0,-4612.724538,0,-38.08963025,-4612.724538,-38.08963025,1.095454686,79.97191302,15.16666667,23.81175922,0,0,20741.72454,20741.72454,0,20772,445,0.781747818
446,0,20670.59917,20748,-71.12537062,6.275461509,-0.5873186326,0.05181970147,77.40083213,0.6391383341,4.055412129,4.055412129,0.1970954357,0.1970954357,0,0,20741.72454,20741.72454,0,20772,446,0.7838654518
447,0,20741.72454,16833,0,-3908.724538,0,-32.2763415,-3908.724538,-32.2763415,0.6023909817,78.16714002,1.007104796,10.00897508,0,0,20741.72454,20741.72454,0,20772,447,0.7861399651
448,0,20669.45932,16789,-72.26521678,-3952.724538,-0.5967309264,-32.63967204,-3880.459322,-32.04294112,3.184688344,78.3060609,1.014760148,9.892497095,0,0,20741.72454,20741.72454,0,20772,448,0.7878539562
449,0,20670.67773,16350,-71.04681184,-4391.724538,-0.5866699325,-36.26472,-4320.677727,-35.67805007,2.500031272,95.4364373,16.33333333,26.97429951,0,0,20741.72454,20741.72454,0,20772,449,0.7900271416
450,0,20682.21827,20699,-59.50627116,-42.72453849,-0.4913737743,-0.352798408,16.78173267,0.1385753663,4.71355056,4.71355056,0.1012793177,0.203206452,0,0,20741.72454,20741.72454,0,20772,450,0.7919278145
451,0,20690.25753,20433,-51.46700712,-308.7245385,-0.4249894514,-2.549296717,-257.2575314,-2.124307265,4.085997753,19.29655817,1.666666667,4.779205178,0,0,20741.72454,20741.72454,0,20772,451,0.7933843136
452,0,20704.51034,20717,-37.21419777,-24.72453849,-0.3072967009,-0.2041631841,12.48965927,0.1031335168,3.48808073,3.48808073,0.2735042735,0.3222581364,0,0,20741.72454,20741.72454,0,20772,452,0.7951545715
453,0,20741.72454,16269,0,-4472.724538,0,-36.93357851,-4472.724538,-36.93357851,2.088130677,89.0802562,1.190283401,9.988738921,0,0,20741.72454,20741.72454,0,20772,453,0.7968850136
454,0,20675.15473,16989,-66.56980671,-3752.724538,-0.549701007,-30.98816956,-3686.154732,-30.43846855,4.452787258,81.7770148,0.8717948718,8.645514612,0,0,20741.72454,20741.72454,0,20772,454,0.7986803055
455,0,20678.0764,20682,-63.64814079,-59.72453849,-0.5255753143,-0.4931761195,3.923602296,0.03239919477,4.388333181,4.388333181,0.06552706553,0.1614946841,0,0,20741.72454,20741.72454,0,20772,455,0.8007113934
456,0,20680.11971,20498,-61.60483112,-243.7245385,-0.5087026593,-2.012558408,-182.1197074,-1.503855749,3.636279198,18.91711466,0.5263157895,2.229049494,0,0,20741.72454,20741.72454,0,20772,456,0.802043438
457,0,20741.72454,16467,0,-4274.724538,0,-35.29859105,-4274.724538,-35.29859105,1.27451087,84.47216589,0.7975708502,8.965705629,0,0,20741.72454,20741.72454,0,20772,457,0.8038856983
458,0,20679.2455,16531,-62.47904156,-4210.724538,-0.5159214629,-34.77011025,-4148.245497,-34.25418879,4.856877473,83.51527314,32.16666667,42.0640612,0,0,20741.72454,20741.72454,0,20772,458,0.8059382439
459,0,20674.36523,16989,-67.35930943,-3752.724538,-0.5562203355,-30.98816956,-3685.365229,-30.43194922,4.107992051,78.39368683,11.66666667,22.34745538,0,0,20741.72454,20741.72454,0,20772,459,0.8080706596
460,0,20681.47998,20726,-60.24455735,-15.72453849,-0.4974701817,-0.1298455722,44.52001886,0.3676246095,3.231031943,3.231031943,0.02394106814,0.05274618905,0,0,20741.72454,20741.72454,0,20772,460,0.8099625111
461,0,20696.51157,20227,-45.21296585,-514.7245385,-0.3733466279,-4.250344279,-469.5115726,-3.876997651,1.430030977,22.69284304,0.9042553191,3.652460389,0,0,20741.72454,20741.72454,0,20772,461,0.8122522831
462,0,20698.15406,16395,-43.57047816,-4346.724538,-0.3597837654,-35.89313194,-4303.15406,-35.53334818,2.944326276,83.14948524,1.525423729,10.46671785,0,0,20741.72454,20741.72454,0,20772,462,0.8140633106
463,0,20691.98786,17178,-49.73668139,-3563.724538,-0.4107012653,-29.4274997,-3513.987857,-29.01679844,2.66000546,71.65094788,32.16666667,40.49725866,0,0,20741.72454,20741.72454,0,20772,463,0.8162002563
464,0,20671.47296,20748,-70.25158122,6.275461509,-0.5801033058,0.05181970147,76.52704273,0.6319230072,3.947326228,3.947326228,0.07112375533,0.07112375533,0,0,20741.72454,20741.72454,0,20772,464,0.8179047108
465,0,20741.72454,16703,0,-4038.724538,0,-33.34981811,-4038.724538,-33.34981811,0.7041024022,76.32529516,7.333333333,17.46365878,0,0,20741.72454,20741.72454,0,20772,465,0.8204016685
466,0,20671.3558,16261,-70.36874336,-4480.724538,-0.5810707736,-36.99963861,-4410.355795,-36.41856784,3.904858587,88.60150818,0.6666666667,9.047621161,0,0,20741.72454,20741.72454,0,20772,466,0.8221251965
467,0,20669.86497,16041,-71.85956456,-4700.724538,-0.5933812482,-38.81629135,-4628.864974,-38.2229101,3.645240273,94.86260433,1.989361702,12.37015056,0,0,20741.72454,20741.72454,0,20772,467,0.8238515854
468,0,20676.77,16313,-64.95453679,-4428.724538,-0.5363628955,-36.57024796,-4363.770002,-36.03388507,3.8869983,84.4798972,32.5,42.1367967,0,0,20741.72454,20741.72454,0,20772,468,0.8261144161
469,0,20667.20439,20715,-74.52014474,-26.72453849,-0.6153510221,-0.220678209,47.79560624,0.3946728131,3.719508111,3.719508111,0.3603238866,0.3603238866,0,0,20741.72454,20741.72454,0,20772,469,0.8282837868
470,0,20741.72454,15661,0,-5080.724538,0,-41.95414607,-5080.724538,-41.95414607,0.6451637731,96.14539688,2.666666667,13.11854319,0,0,20741.72454,20741.72454,0,20772,470,0.8306467533
471,0,20680.61186,16225,-61.11267656,-4516.724538,-0.5046386869,-37.29690906,-4455.611862,-36.79227037,2.440173761,86.55897834,3.989361702,13.47578708,0,0,20741.72454,20741.72454,0,20772,471,0.8325352669
472,0,20669.02309,17713,-72.70145219,-3028.724538,-0.6003331457,-25.00973055,-2956.023086,-24.4093974,3.249564828,60.25136909,1.159574468,7.355524313,0,0,20741.72454,20741.72454,0,20772,472,0.8341603279
473,0,20675.51832,16494,-66.20622282,-4247.724538,-0.5466987084,-35.07563821,-4181.518316,-34.5289395,2.951372882,81.46328132,1.094972067,9.729925806,0,0,20741.72454,20741.72454,0,20772,473,0.8361861706
474,0,20673.33049,20735,-68.39405129,-6.724538491,-0.5647647293,-0.05552796023,61.6695128,0.5092367691,4.469542297,4.469542297,0.1825726141,0.2102321886,0,0,20741.72454,20741.72454,0,20772,474,0.8381593227
475,0,20741.72454,16416,-3.637978807e-12,-4325.724538,-3.004065525e-14,-35.71972418,-4325.724538,-35.71972418,2.056889341,92.59504147,1.089385475,10.41989481,0,0,20741.72454,20741.72454,0,20772,475,0.839987278
476,0,20678.41051,20676,-63.31402557,-65.72453849,-0.5228163537,-0.5427211941,-2.410512919,-0.01990484041,4.10118429,4.10118429,0.1093117409,0.2920131425,0,0,20741.72454,20741.72454,0,20772,476,0.8415634632
477,0,20685.24571,20488,-56.47882579,-253.7245385,-0.4663746065,-2.095133533,-197.2457127,-1.628758926,3.238490648,19.19860233,0.9042553191,3.380812789,0,0,20741.72454,20741.72454,0,20772,477,0.8431527615
478,0,20741.72454,17140,0,-3601.724538,0,-29.74128518,-3601.724538,-29.74128518,1.796628614,69.32144064,0.8713450292,9.418169826,0,0,20741.72454,20741.72454,0,20772,478,0.8448858261
479,0,20670.72703,16906,-70.99750483,-3835.724538,-0.5862627793,-31.67354309,-3764.727034,-31.08728031,3.838927345,77.6069476,1.689265537,9.786567193,0,0,20741.72454,20741.72454,0,20772,479,0.8467063904
480,0,20671.36781,20705,-70.35672497,-36.72453849,-0.5809715316,-0.3032533334,33.63218648,0.2777181982,4.265699445,4.265699445,0.1592465753,0.2008244005,0,0,20741.72454,20741.72454,0,20772,480,0.8487157822
481,0,20736.80149,16542,-4.92304401,-4199.724538,-0.04065209715,-34.67927762,-4194.801494,-34.63862552,1.334498444,84.0840569,32.16666667,42.31174082,0,0,20741.72454,20741.72454,0,20772,481,0.8507580757
482,0,20673.52067,20731,-68.20386385,-10.72453849,-0.5631942541,-0.08855800999,57.47932536,0.4746362441,4.340218869,4.340218869,0.1545293073,0.1545293073,0,0,20741.72454,20741.72454,0,20772,482,0.852388382
483,0,20741.72454,15268,0,-5473.724538,0,-45.19934846,-5473.724538,-45.19934846,0.4974555772,96.49665558,0.6711915535,10.42600074,0,0,20741.72454,20741.72454,0,20772,483,0.8548219204
484,0,20669.01876,17332,-72.70577952,-3409.724538,-0.6003688788,-28.15584279,-3337.018759,-27.55547391,2.583591729,69.43602937,10,18.81135159,0,0,20741.72454,20741.72454,0,20772,484,0.8566350937
485,0,20674.60974,20680,-67.11479899,-61.72453849,-0.5542012875,-0.5096911444,5.390260496,0.04451014309,4.505283445,4.505283445,0.3468634686,0.6469720172,0,0,20741.72454,20741.72454,0,20772,485,0.8585948944
486,0,20741.72454,17569,0,-3172.724538,0,-26.19881234,-3172.724538,-26.19881234,1.730693545,67.42400075,1.067039106,8.103128648,0,0,20741.72454,20741.72454,0,20772,486,0.8604207039
487,0,20667.75625,16766,-73.96828667,-3975.724538,-0.6107940473,-32.82959483,-3901.756252,-32.21880078,3.956057943,87.23223956,0.8586723769,8.863332248,0,0,20741.72454,20741.72454,0,20772,487,0.8619732857
488,0,20678.56496,20689,-63.15958255,-52.72453849,-0.5215410385,-0.4353735324,10.43504406,0.08616750612,5.407884199,5.407884199,0.1970954357,0.3593150714,0,0,20741.72454,20741.72454,0,20772,488,0.8639245033
489,0,20741.72454,17503,0,-3238.724538,0,-26.74380816,-3238.724538,-26.74380816,1.983576371,68.363714,0.6548571429,6.544982971,0,0,20741.72454,20741.72454,0,20772,489,0.8656833172
490,0,20673.57983,20737,-68.14470535,-4.724538491,-0.5627057521,-0.03901293536,63.42016686,0.5236928167,3.874117538,3.874117538,0.3684210526,0.3684210526,0,0,20741.72454,20741.72454,0,20772,490,0.8673861027
491,0,20741.72454,16767,0,-3974.724538,0,-32.82133732,-3974.724538,-32.82133732,0.6964365988,78.17094644,8.833333333,19.17250626,0,0,20741.72454,20741.72454,0,20772,491,0.869852066
492,0,20676.01884,16983,-65.70570082,-3758.724538,-0.5425656418,-31.03771463,-3693.018838,-30.49514899,2.61501541,79.17829119,0.8945868946,8.652331452,0,0,20741.72454,20741.72454,0,20772,492,0.8716216087
493,0,20681.46257,16800,-60.26197063,-3941.724538,-0.4976139721,-32.54883941,-3881.462568,-32.05122543,3.461683496,81.9482798,31.33333333,39.4387207,0,0,20741.72454,20741.72454,0,20772,493,0.87297225
494,0,20683.53853,16497,-58.18601254,-4244.724538,-0.4804717223,-35.05086568,-4186.538526,-34.57039395,4.962236257,80.20141949,24.83333333,34.49940009,0,0,20741.72454,20741.72454,0,20772,494,0.8744673729
495,0,20668.56786,16284,-73.15667414,-4457.724538,-0.6040921467,-36.80971582,-4384.567864,-36.20562368,3.137491737,85.80032572,16.33333333,25.38319909,0,0,20741.72454,20741.72454,0,20772,495,0.8762326241
496,0,20666.72344,16718,-75.00109633,-4023.724538,-0.6193224859,-33.22595543,-3948.723442,-32.60663294,3.620450897,77.772759,16.33333333,25.41916642,0,0,20741.72454,20741.72454,0,20772,496,0.8784072399
497,0,20671.4669,16661,-70.25764162,-4080.724538,-0.5801533496,-33.69663364,-4010.466897,-33.11648029,3.784685256,78.80205127,1.456140351,10.46947719,0,0,20741.72454,20741.72454,0,20772,497,0.8803977966
498,0,20669.83347,20738,-71.89106599,-3.724538491,-0.5936413717,-0.03075542292,68.1665275,0.5628859488,3.462785052,3.462785052,0.1237964237,0.1237964237,0,0,20741.72454,20741.72454,0,20772,498,0.8826985359
499,0,20741.72454,15988,0,-4753.724538,0,-39.25393951,-4753.724538,-39.25393951,0.6267916071,94.22805736,31.83333333,41.49353992,0,0,20741.72454,20741.72454,0,20772,499,0.8848080635
500,0,20666.83956,16218,-74.88497529,-4523.724538,-0.618363615,-37.35471165,-4448.839563,-36.73634803,2.836287667,88.21051101,11,21.45112238,0,0,20741.72454,20741.72454,0,20772,500,0.8870172501
501,0,20667.43862,16238,-74.28592346,-4503.724538,-0.613416937,-37.1895614,-4429.438615,-36.57614446,2.89274815,90.58670412,1.661016949,11.40894391,0,0,20741.72454,20741.72454,0,20772,501,0.8887197971
502,0,20676.05442,20703,-65.67011779,-38.72453849,-0.5422718145,-0.3197683583,26.9455793,0.2225034563,2.827220616,2.827220616,0.032,0.1024773549,0,0,20741.72454,20741.72454,0,20772,502,0.8911890984
503,0,20677.79147,20513,-63.93306691,-228.7245385,-0.5279280953,-1.888695722,-164.7914716,-1.360767626,1.986372229,15.85627118,0.9574468085,2.701271128,0,0,20741.72454,20741.72454,0,20772,503,0.8925609589
504,0,20741.72454,16092,0,-4649.724538,0,-38.39515821,-4649.724538,-38.39515821,1.590969512,86.41618155,0.9230769231,10.62658763,0,0,20741.72454,20741.72454,0,20772,504,0.8945205212
505,0,20665.31656,17026,-76.40798271,-3715.724538,-0.6309398677,-30.6826416,-3639.316556,-30.05170173,3.314898982,79.60569686,8,16.12839154,0,0,20741.72454,20741.72454,0,20772,505,0.8967561722
506,0,20667.42951,15946,-74.29502606,-4795.724538,-0.6134921018,-39.60075503,-4721.429512,-38.98726293,3.304395024,87.87307096,0.8476821192,9.576126206,0,0,20741.72454,20741.72454,0,20772,506,0.8990197182
507,0,20670.01974,20733,-71.70479927,-8.724538491,-0.5921032719,-0.07204298511,62.98026078,0.5200602868,3.980635698,3.980635698,0.2513227513,0.2513227513,0,0,20741.72454,20741.72454,0,20772,507,0.9012160301
508,0,20741.72454,16059,0,-4682.724538,0,-38.66765612,-4682.724538,-38.66765612,0.8274731115,92.39852837,0.8041594454,9.492327348,0,0,20741.72454,20741.72454,0,20772,508,0.9035549164
509,0,20669.33165,16904,-72.39288876,-3837.724538,-0.5977851794,-31.69005811,-3765.33165,-31.09227293,3.584373052,81.98758579,0.6383763838,8.80777526,0,0,20741.72454,20741.72454,0,20772,509,0.9055764675
510,0,20673.56119,20704,-68.16335203,-37.72453849,-0.5628597273,-0.3115108458,30.43881354,0.2513488814,3.617067703,3.617067703,0.3120300752,0.3120300752,0,0,20741.72454,20741.72454,0,20772,510,0.9076559544
511,0,20741.72454,17228,-3.637978807e-12,-3513.724538,-3.004065525e-14,-29.01462408,-3513.724538,-29.01462408,0.3947925669,71.27120808,34,41.39885278,0,0,20741.72454,20741.72454,0,20772,511,0.9103946686
512,0,20686.21827,16718,-55.50626959,-4023.724538,-0.4583437115,-33.22595543,-3968.218269,-32.76761172,2.381853272,78.86750316,1.063829787,9.039599056,0,0,20741.72454,20741.72454,0,20772,512,0.9123065472
513,0,20681.57432,16606,-60.15021994,-4135.724538,-0.4966911894,-34.15079682,-4075.574319,-33.65410563,2.420683543,81.05536668,10.5,19.25758523,0,0,20741.72454,20741.72454,0,20772,513,0.91472435
514,0,20682.65198,15745,-59.07255527,-4996.724538,-0.4877923599,-41.26051503,-4937.651983,-40.77272267,2.626831251,98.2453225,1.787234043,12.53593835,0,0,20741.72454,20741.72454,0,20772,514,0.9166197777
515,0,20679.80544,16622,-61.91910289,-4119.724538,-0.5112977623,-34.01867662,-4057.805436,-33.50737886,3.685627121,86.04254021,9.833333333,21.04304225,0,0,20741.72454,20741.72454,0,20772,515,0.9182171822
516,0,20681.67692,16885,-60.04761675,-3856.724538,-0.4958439422,-31.84695085,-3796.676922,-31.35110691,3.164740219,82.51944983,1.382978723,11.66487139,0,0,20741.72454,20741.72454,0,20772,516,0.9199733734
517,0,20670.60539,16517,-71.11914471,-4224.724538,-0.5872672221,-34.88571543,-4153.605394,-34.2984482,3.772181083,86.96685188,1.074498567,11.4291337,0,0,20741.72454,20741.72454,0,20772,517,0.9222357273
518,0,20673.14594,16551,-68.57859796,-4190.724538,-0.5662886257,-34.60496,-4122.145941,-34.03867138,4.092774894,80.68539346,1.829787234,11.68181387,0,0,20741.72454,20741.72454,0,20772,518,0.9245612621
519,0,20667.65453,16112,-74.07000479,-4629.724538,-0.6116339859,-38.23000796,-4555.654534,-37.61837398,3.205844832,91.33951674,0.9496402878,10.21248759,0,0,20741.72454,20741.72454,0,20772,519,0.9267454147
520,0,20680.46236,16190,-61.26217587,-4551.724538,-0.5058731793,-37.58592199,-4490.462363,-37.08004881,4.190610911,91.99039702,1.265682657,10.43073728,0,0,20741.72454,20741.72454,0,20772,520,0.9285418987
521,0,20681.14757,16080,-60.57697349,-4661.724538,-0.5002151121,-38.49424836,-4601.147565,-37.99403325,3.906338869,89.78393148,0.9094922737,9.474940252,0,0,20741.72454,20741.72454,0,20772,521,0.9305417538
522,0,20678.50257,17295,-63.22197168,-3446.724538,-0.5220562176,-28.46137075,-3383.502567,-27.93931453,3.571261257,70.37240812,16,24.45388113,0,0,20741.72454,20741.72454,0,20772,522,0.9319140911
523,0,20676.83931,16603,-64.88522884,-4138.724538,-0.5357905843,-34.17556936,-4073.83931,-33.63977877,3.359518036,82.46097991,0.9787234043,9.027443921,0,0,20741.72454,20741.72454,0,20772,523,0.9331057072
524,0,20669.55836,20713,-72.16617711,-28.72453849,-0.5959131051,-0.2371932339,43.44163862,0.3587198713,4.517659234,4.517659234,0.04524886878,0.08952111166,0,0,20741.72454,20741.72454,0,20772,524,0.9345209599
525,0,20715.10281,20503,-26.621726,-238.7245385,-0.2198292336,-1.971270846,-212.1028125,-1.751441612,2.218906755,10.25831594,0.3417266187,1.583449124,0,0,20741.72454,20741.72454,0,20772,525,0.9362714291
526,0,20741.72454,17645,-3.637978807e-12,-3096.724538,-3.004065525e-14,-25.5712414,-3096.724538,-25.5712414,1.330166406,71.28892929,1.236467236,8.44557988,0,0,20741.72454,20741.72454,0,20772,526,0.9375293255
527,0,20677.96607,16626,-63.75847289,-4115.724538,-0.5264863829,-33.98564657,-4051.966066,-33.45916019,3.918055669,82.75917421,9.166666667,19.15083928,0,0,20741.72454,20741.72454,0,20772,527,0.9393441677
528,0,20677.96119,17017,-63.76334681,-3724.724538,-0.5265266294,-30.75695921,-3660.961192,-30.23043258,3.939526646,76.73646923,1.06779661,8.617169231,0,0,20741.72454,20741.72454,0,20772,528,0.94094944
529,0,20669.90686,16337,-71.81767582,-4404.724538,-0.5930353514,-36.37206767,-4332.906863,-35.77903231,3.778598854,88.96984961,0.8063829787,8.696423859,0,0,20741.72454,20741.72454,0,20772,529,0.9423661232
530,0,20674.02312,16287,-67.70141466,-4454.724538,-0.5590452736,-36.78494329,-4387.023124,-36.22589801,3.794999248,87.33672657,0.8830409357,9.633753557,0,0,20741.72454,20741.72454,0,20772,530,0.9444510937
531,0,20678.27811,20731,-63.4464267,-10.72453849,-0.5239096577,-0.08855800999,52.72188821,0.4353516477,5.866748563,5.866748563,0.1970954357,0.232655057,0,0,20741.72454,20741.72454,0,20772,531,0.9463572502
532,0,20741.72454,17418,3.637978807e-12,-3323.724538,3.004065525e-14,-27.44569672,-3323.724538,-27.44569672,2.337489538,66.909756,8.333333333,17.21924603,0,0,20741.72454,20741.72454,0,20772,532,0.9482553005
533,0,20672.26558,16541,-69.45896343,-4200.724538,-0.5735582545,-34.68753513,-4131.265575,-34.11397687,3.414584426,82.51933982,9.166666667,19.40983891,0,0,20741.72454,20741.72454,0,20772,533,0.9500613213
534,0,20684.19344,20719,-57.53109418,-22.72453849,-0.4750637258,-0.1876481593,34.80655569,0.2874155666,4.011843455,4.011843455,0.09116809117,0.1298607436,0,0,20741.72454,20741.72454,0,20772,534,0.9517614841
535,0,20687.05847,20460,-54.66606508,-281.7245385,-0.4514057124,-2.326343881,-227.0584734,-1.874938168,1.578973709,11.44091997,0.9042553191,2.301802498,0,0,20741.72454,20741.72454,0,20772,535,0.9535176754
536,0,20701.47485,16675,-40.24969291,-4066.724538,-0.3323623399,-33.58102846,-4026.474846,-33.24866612,1.7371247,81.00833405,9.5,19.54030717,0,0,20741.72454,20741.72454,0,20772,536,0.9549860954
537,0,20680.53653,16570,-61.18800356,-4171.724538,-0.5052607005,-34.44806727,-4110.536535,-33.94280657,3.364943044,82.14145796,6.833333333,16.38515693,0,0,20741.72454,20741.72454,0,20772,537,0.9564027786
538,0,20672.45829,17710,-69.26624832,-3031.724538,-0.5719669071,-25.03450309,-2962.45829,-24.46253618,3.888021986,64.17656606,0.7248677249,6.941509493,0,0,20741.72454,20741.72454,0,20772,538,0.9580044746
539,0,20682.16741,16988,-59.55712858,-3753.724538,-0.4917937301,-30.99642707,-3694.16741,-30.50463334,3.045449445,85.023768,0.7617021277,8.877097792,0,0,20741.72454,20741.72454,0,20772,539,0.9598715305
540,0,20673.98362,15723,-67.74091896,-5018.724538,-0.5593714809,-41.4421803,-4950.98362,-40.88280882,4.107098312,92.43778668,3.5,15.54551673,0,0,20741.72454,20741.72454,0,20772,540,0.9613344669
541,0,20669.40226,16593,-72.32227668,-4148.724538,-0.5972020993,-34.25814448,-4076.402262,-33.66094238,3.780201537,87.78704755,0.6991404011,9.444742173,0,0,20741.72454,20741.72454,0,20772,541,0.9628889561
542,0,20668.72427,16424,-73.00026871,-4317.724538,-0.6028006269,-35.65366408,-4244.72427,-35.05086346,3.874596419,84.27915761,0.9483394834,10.3062245,0,0,20741.72454,20741.72454,0,20772,542,0.964807272
543,0,20672.09337,20679,-69.63116689,-62.72453849,-0.5749802267,-0.5179486568,6.906628401,0.05703156993,4.812102915,4.812102915,0.07234042553,0.2102712084,0,0,20741.72454,20741.72454,0,20772,543,0.9664671421
544,0,20675.5716,20424,-66.15293459,-317.7245385,-0.5462586803,-2.623614329,-251.5716039,-2.077355648,3.596330797,19.91402435,0.9574468085,3.326370648,0,0,20741.72454,20741.72454,0,20772,544,0.9680430889
545,0,20741.72454,16651,0,-4090.724538,0,-33.77920876,-4090.724538,-33.77920876,2.023289587,83.47006477,31.33333333,40.62055139,0,0,20741.72454,20741.72454,0,20772,545,0.9696757793
546,0,20677.31297,16409,-64.41156891,-4332.724538,-0.5318793315,-35.77752677,-4268.31297,-35.24564744,4.561850543,100.0265038,2.166666667,11.6757233,0,0,20741.72454,20741.72454,0,20772,546,0.9715878963
547,0,20691.28756,20768,-50.43698135,26.27546151,-0.4164840009,0.2169699502,76.71244286,0.6334539511,5.998960457,5.998960457,0.1825726141,0.1825726141,0,0,20741.72454,20741.72454,0,20772,547,0.9732005596
548,0,20741.72454,16898,0,-3843.724538,0,-31.73960319,-3843.724538,-31.73960319,0.6535629737,73.32058768,1.030075188,8.738911306,0,0,20741.72454,20741.72454,0,20772,548,0.9754145145
549,0,20668.08524,16450,-73.63929903,-4291.724538,-0.6080774277,-35.43896876,-4218.085239,-34.83089133,3.604175778,88.81070156,2.166666667,12.73335775,0,0,20741.72454,20741.72454,0,20772,549,0.9773030281
550,0,20677.91023,20740,-63.81430567,-1.724538491,-0.5269474229,-0.01424039804,62.08976718,0.5127070248,4.888819159,4.888819159,0.125698324,0.1536312849,0,0,20741.72454,20741.72454,0,20772,550,0.9789354801
551,0,20741.72454,17149,-3.637978807e-12,-3592.724538,-3.004065525e-14,-29.66696757,-3592.724538,-29.66696757,2.127388343,70.38315919,25.33333333,33.80160546,0,0,20741.72454,20741.72454,0,20772,551,0.9806740284
552,0,20670.26705,20686,-71.45748456,-55.72453849,-0.5900610676,-0.4601460697,15.73294607,0.1299149978,4.048205314,4.048205314,0.2011173184,0.2711271685,0,0,20741.72454,20741.72454,0,20772,552,0.9821271896
553,0,20680.8301,20292,-60.89443905,-449.7245385,-0.5028365879,-3.713605971,-388.8300994,-3.210769383,2.41593117,24.66654464,0.914893617,3.551630254,0,0,20741.72454,20741.72454,0,20772,553,0.9840025902
554,0,20668.10913,20680,-73.61541226,-61.72453849,-0.6078801824,-0.5096911444,11.89087377,0.09818903808,3.839022625,3.839022625,0.08085106383,0.1832734753,0,0,20741.72454,20741.72454,0,20772,554,0.9854774475
555,0,20670.27485,20377,-71.44969277,-364.7245385,-0.5899967268,-3.011717413,-293.2748457,-2.421720686,2.383659362,20.87638052,0.9042553191,3.484027853,0,0,20741.72454,20741.72454,0,20772,555,0.9869930744
556,0,20731.20662,17602,-10.51791355,-3139.724538,-0.08685180198,-25.92631443,-3129.206625,-25.83946263,2.864765392,69.63001717,0.6917808219,6.674532652,0,0,20741.72454,20741.72454,0,20772,556,0.9884004593
557,0,20680.26465,20738,-61.45989311,-3.724538491,-0.5075058318,-0.03075542292,57.73535462,0.4767504089,5.255310206,5.255310206,0.5139664804,0.5139664804,0,0,20741.72454,20741.72454,0,20772,557,0.989931345
558,0,20741.72454,16627,0,-4114.724538,0,-33.97738906,-4114.724538,-33.97738906,1.221592954,85.8886168,0.9720670391,9.416752951,0,0,20741.72454,20741.72454,0,20772,558,0.9920768738
559,0,20674.00307,17196,-67.72146947,-3545.724538,-0.5592108765,-29.27886448,-3478.003069,-28.7196536,3.832805831,73.88567086,4.333333333,13.05370493,0,0,20741.72454,20741.72454,0,20772,559,0.9939513206
560,0,20675.19961,16614,-66.52492574,-4127.724538,-0.5493304018,-34.08473672,-4061.199613,-33.53540632,3.682851859,82.65457687,2,10.30751806,0,0,20741.72454,20741.72454,0,20772,560,0.9957630634
561,0,20685.52411,20734,-56.20042664,-7.724538491,-0.4640757221,-0.06378547267,48.47588815,0.4002902494,4.893806147,4.893806147,0.1474164134,0.1860904465,0,0,20741.72454,20741.72454,0,20772,561,0.9978005886
562,0,20741.72454,16740,0,-4001.724538,0,-33.04429015,-4001.724538,-33.04429015,1.806660537,80.72416913,18.83333333,28.4825532,0,0,20741.72454,20741.72454,0,20772,562,0.9997191429
563,0,20668.96728,15886,-72.75725716,-4855.724538,-0.600793956,-40.09620578,-4782.967281,-39.49541182,3.697556184,90.75742296,16.33333333,26.92279928,0,0,20741.72454,20741.72454,0,20772,563,1.001426935
564,0,20666.33161,16595,-75.39292657,-4146.724538,-0.6225580289,-34.24162946,-4071.331612,-33.61907143,3.390675915,79.87177268,1.146892655,8.335188301,0,0,20741.72454,20741.72454,0,20772,564,1.003575563
565,0,20671.61633,16621,-70.10820422,-4120.724538,-0.5789193684,-34.02693413,-4050.616334,-33.44801476,3.426557576,82.99642406,24,33.75335306,0,0,20741.72454,20741.72454,0,20772,565,1.00563097
566,0,20679.15006,16893,-62.57447709,-3848.724538,-0.5167095229,-31.78089075,-3786.150061,-31.26418123,3.9578685,77.70212719,0.8829787234,10.02210549,0,0,20741.72454,20741.72454,0,20772,566,1.007392645
567,0,20674.25054,16610,-67.47399519,-4131.724538,-0.5571673545,-34.11776677,-4064.250543,-33.56059942,4.25091668,84.06540899,0.7597765363,8.973317391,0,0,20741.72454,20741.72454,0,20772,567,1.008689165
568,0,20670.05757,16306,-71.66697118,-4435.724538,-0.5917909059,-36.62805055,-4364.057567,-36.03625965,3.648392321,84.16829146,15.16666667,25.73206505,0,0,20741.72454,20741.72454,0,20772,568,1.010413647
569,0,20672.28956,15815,-69.43498212,-4926.724538,-0.5733602285,-40.68248916,-4857.289556,-40.10912893,4.112277248,94.69441943,9.5,18.91214795,0,0,20741.72454,20741.72454,0,20772,569,1.012493134
570,0,20672.53316,16026,-69.19137794,-4715.724538,-0.571348664,-38.94015403,-4646.533161,-38.36880537,3.77895535,85.12417405,2.638297872,15.75926242,0,0,20741.72454,20741.72454,0,20772,570,1.014489412
571,0,20671.28654,16509,-70.43800079,-4232.724538,-0.5816426676,-34.95177553,-4162.286538,-34.37013286,2.773225206,82.37507751,1.04519774,8.952554539,0,0,20741.72454,20741.72454,0,20772,571,1.016485214
572,0,20667.83931,16372,-73.88522383,-4369.724538,-0.6101081548,-36.08305473,-4295.839315,-35.47294658,3.099783522,84.69646669,8.333333333,18.04552061,0,0,20741.72454,20741.72454,0,20772,572,1.01851511
573,0,20665.66006,17091,-76.06447581,-3650.724538,-0.6281033552,-30.14590329,-3574.660063,-29.51779993,3.040400533,70.93965107,0.8608137045,7.783059395,0,0,20741.72454,20741.72454,0,20772,573,1.020498276
574,0,20669.85813,15835,-71.86640595,-4906.724538,-0.5934377411,-40.51733891,-4834.858133,-39.92390117,3.686627019,94.23313143,0.7424511545,9.575986584,0,0,20741.72454,20741.72454,0,20772,574,1.022803068
575,0,20666.30281,16617,-75.42172895,-4124.724538,-0.622795865,-34.05996418,-4049.30281,-33.43716832,3.095414598,78.64701596,16.33333333,26.61623053,0,0,20741.72454,20741.72454,0,20772,575,1.024908781
576,0,20672.65365,16234,-69.07088839,-4507.724538,-0.57035372,-37.22259145,-4438.65365,-36.65223773,3.956343188,93.39343837,1.861702128,12.95033285,0,0,20741.72454,20741.72454,0,20772,576,1.026917458
577,0,20666.20752,20715,-75.51701579,-26.72453849,-0.6235826972,-0.220678209,48.7924773,0.4029044882,3.977901592,3.977901592,0.2513227513,0.4759216818,0,0,20741.72454,20741.72454,0,20772,577,1.028853893
578,0,20732.23782,17258,-9.486715741,-3483.724538,-0.07833667323,-28.76689871,-3474.237823,-28.68856204,2.071180578,74.99231655,1.5,8.284187824,0,0,20741.72454,20741.72454,0,20772,578,1.030500174
579,0,20673.44043,16989,-68.28410811,-3752.724538,-0.5638568721,-30.98816956,-3684.44043,-30.42431268,4.463650338,75.48741431,16,23.72917073,0,0,20741.72454,20741.72454,0,20772,579,1.032256842
580,0,20679.00402,16876,-62.72052161,-3865.724538,-0.5179154874,-31.92126846,-3803.004017,-31.40335297,4.635601819,83.9338985,0.9574468085,8.260307932,0,0,20741.72454,20741.72454,0,20772,580,1.034157038
581,0,20675.45493,16546,-66.2696058,-4195.724538,-0.5472220942,-34.64624757,-4129.454933,-34.09902547,4.754257181,82.80867226,0.7540106952,9.71801087,0,0,20741.72454,20741.72454,0,20772,581,1.03598237
582,0,20674.03254,17111,-67.69200064,-3630.724538,-0.5589675373,-29.98075304,-3563.032538,-29.4217855,3.942573299,76.98390478,7.833333333,14.91879194,0,0,20741.72454,20741.72454,0,20772,582,1.037870884
583,0,20681.57274,20713,-60.15179778,-28.72453849,-0.4967042184,-0.2371932339,31.42725929,0.2595109845,4.41167472,4.41167472,0.1825726141,0.3197506656,0,0,20741.72454,20741.72454,0,20772,583,1.039869547
584,0,20741.72454,16533,0,-4208.724538,0,-34.75359523,-4208.724538,-34.75359523,1.778895251,80.60425833,8.666666667,17.53841963,0,0,20741.72454,20741.72454,0,20772,584,1.041927099
585,0,20666.12905,16157,-75.59549187,-4584.724538,-0.6242307144,-37.8584199,-4509.129047,-37.23418919,3.010885045,86.04614736,0.7142857143,9.860026828,0,0,20741.72454,20741.72454,0,20772,585,1.043670893
586,0,20673.12969,16821,-68.59484722,-3920.724538,-0.5664228041,-32.37543165,-3852.129691,-31.80900884,3.136181377,78.17661102,1.636871508,9.547065034,0,0,20741.72454,20741.72454,0,20772,586,1.045576811
587,0,20678.22721,20729,-63.49732658,-12.72453849,-0.524329964,-0.1050730349,50.77278809,0.4192569292,4.577753309,4.577753309,0.1326815642,0.212256245,0,0,20741.72454,20741.72454,0,20772,587,1.047381639
588,0,20719.94365,16605,-21.78088898,-4136.724538,-0.1798559617,-34.15905433,-4114.94365,-33.97919837,1.227749748,79.2200624,16,26.00861258,0,0,20741.72454,20741.72454,0,20772,588,1.049158335
589,0,20677.28804,16610,-64.43649636,-4131.724538,-0.5320851702,-34.11776677,-4067.288042,-33.5856816,4.5620571,87.23895688,12.5,20.84979839,0,0,20741.72454,20741.72454,0,20772,589,1.050764799
590,0,20678.3852,20744,-63.33933673,2.275461509,-0.5230253609,0.01878965172,65.61479823,0.5418150126,5.181006927,5.181006927,0.06743421053,0.09175031995,0,0,20741.72454,20741.72454,0,20772,590,1.052676678
591,0,20709.24387,20335,-32.48066666,-406.7245385,-0.268209509,-3.358532936,-374.2438718,-3.090323427,3.22563853,15.81559858,0.9042553191,2.592585394,0,0,20741.72454,20741.72454,0,20772,591,1.054396152
592,0,20738.98406,16783,-2.740482186,-3958.724538,-0.02262956574,-32.68921712,-3955.984056,-32.66658755,1.367994271,75.86586601,2,12.45083485,0,0,20741.72454,20741.72454,0,20772,592,1.055600882
593,0,20664.30307,16581,-77.42146485,-4160.724538,-0.639308709,-34.35723463,-4083.303074,-33.71792592,3.066592756,89.43792409,9.5,19.97524611,0,0,20741.72454,20741.72454,0,20772,593,1.057193756
594,0,20682.29903,17024,-59.42551063,-3717.724538,-0.4907068932,-30.69915662,-3658.299028,-30.20844973,3.163424038,78.82919129,2.169491525,10.80659735,0,0,20741.72454,20741.72454,0,20772,594,1.059182882
595,0,20680.22473,15591,-61.49981184,-5150.724538,-0.5078354613,-42.53217194,-5089.224727,-42.02433648,4.958250448,94.94822488,31.33333333,41.36047085,0,0,20741.72454,20741.72454,0,20772,595,1.060806513
596,0,20671.90674,16457,-69.81780077,-4284.724538,-0.5765213583,-35.38116617,-4214.906738,-34.80464481,4.586115962,86.36631549,32.16666667,41.57762753,0,0,20741.72454,20741.72454,0,20772,596,1.062659025
597,0,20677.48988,15688,-64.23466299,-5053.724538,-0.5304185286,-41.73119324,-4989.489875,-41.20077471,2.922157291,98.44072554,1.117021277,12.00708545,0,0,20741.72454,20741.72454,0,20772,597,1.064165592
598,0,20680.01008,20716,-61.71445546,-25.72453849,-0.5096078836,-0.2124206966,35.98991697,0.297187187,6.322800384,6.322800384,0.914893617,0.9522508439,0,0,20741.72454,20741.72454,0,20772,598,1.065826654
599,0,20741.72454,16133,0,-4608.724538,0,-38.0566002,-4608.724538,-38.0566002,1.598548513,85.53478867,16.33333333,26.54275701,0,0,20741.72454,20741.72454,0,20772,599,1.067574739
600,0,20666.8954,16505,-74.82914264,-4236.724538,-0.6179025761,-34.98480558,-4161.895396,-34.366903,3.167354307,84.2282369,0.9255319149,10.22245376,0,0,20741.72454,20741.72454,0,20772,600,1.069185495
601,0,20668.2165,16745,-73.50803567,-3996.724538,-0.6069935189,-33.00300259,-3923.216503,-32.39600907,3.772977548,84.90137577,0.6455479452,8.486408733,0,0,20741.72454,20741.72454,0,20772,601,1.070957661
602,0,20671.67959,20748,-70.04494447,6.275461509,-0.5783970002,0.05181970147,76.32040598,0.6302167017,4.295153585,4.295153585,0.2513227513,0.2513227513,0,0,20741.72454,20741.72454,0,20772,602,1.072738409
603,0,20741.72454,16552,0,-4189.724538,0,-34.59670249,-4189.724538,-34.59670249,0.9615824911,85.82859971,1.022140221,8.473185557,0,0,20741.72454,20741.72454,0,20772,603,1.075185537
604,0,20673.5448,16907,-68.17974213,-3834.724538,-0.5629950687,-31.66528558,-3766.544796,-31.10229051,4.97265878,89.33123127,0.8187134503,9.26030465,0,0,20741.72454,20741.72454,0,20772,604,1.076942205
605,0,20675.49103,16434,-66.23350396,-4307.724538,-0.5469239828,-35.57108896,-4241.491035,-35.02416498,4.702252278,78.4654019,1.808510638,11.04218017,0,0,20741.72454,20741.72454,0,20772,605,1.078738928
606,0,20664.72917,16981,-76.9953686,-3760.724538,-0.6357902139,-31.05422966,-3683.72917,-30.41843944,3.212629673,74.42925437,1.659574468,9.192726723,0,0,20741.72454,20741.72454,0,20772,606,1.080523729
607,0,20673.09423,15902,-68.63030486,-4839.724538,-0.566715596,-39.96408558,-4771.094234,-39.39736998,3.360460135,89.54197601,7.833333333,17.90551188,0,0,20741.72454,20741.72454,0,20772,607,1.082492113
608,0,20674.11126,17044,-67.61328115,-3697.724538,-0.5583175101,-30.53400637,-3630.111257,-29.97568886,3.289675834,75.75549526,1.068432671,9.312506623,0,0,20741.72454,20741.72454,0,20772,608,1.084447622
609,0,20672.28195,20669,-69.44259292,-72.72453849,-0.5734230748,-0.6005237812,-3.281945574,-0.0271007064,4.991850773,4.991850773,0.1825726141,0.3334969895,0,0,20741.72454,20741.72454,0,20772,609,1.086341381
610,0,20676.8806,20672,-64.84393836,-69.72453849,-0.5354496276,-0.5757512439,-4.880600134,-0.04030161632,3.927904114,3.927904114,0.06642066421,0.1957004948,0,0,20741.72454,20741.72454,0,20772,610,1.087909222
611,0,20673.24471,20571,-68.47982657,-170.7245385,-0.5654730197,-1.40976,-102.2447119,-0.8442869805,3.844139447,15.06694278,0.9042553191,2.295710503,0,0,20741.72454,20741.72454,0,20772,611,1.089044333
612,0,20711.4103,16793,-30.3142419,-3948.724538,-0.2503202296,-32.60664199,-3918.410297,-32.35632176,2.753038445,77.45091679,16.33333333,25.30330693,0,0,20741.72454,20741.72454,0,20772,612,1.090718985
613,0,20672.7441,20702,-68.98043661,-39.72453849,-0.5696068134,-0.3280258707,29.25589812,0.2415809427,3.583669104,3.583669104,0.2735042735,0.2961045008,0,0,20741.72454,20741.72454,0,20772,613,1.092225075
614,0,20695.63418,20270,-46.09035982,-471.7245385,-0.3805917195,-3.895271244,-425.6341787,-3.514679525,2.924791143,23.07520886,16,19.52322175,0,0,20741.72454,20741.72454,0,20772,614,1.09374404
615,0,20733.87487,16967,-7.849669046,-3774.724538,-0.06481873979,-31.16983483,-3766.874869,-31.10501609,1.775634125,79.63207834,2.5,12.75046186,0,0,20741.72454,20741.72454,0,20772,615,1.09513545
616,0,20679.71762,16635,-62.00691693,-4106.724538,-0.5120228878,-33.91132896,-4044.717622,-33.39930607,2.694791378,80.54512917,1.370503597,9.991010365,0,0,20741.72454,20741.72454,0,20772,616,1.096750975
617,0,20668.47457,17407,-73.2499697,-3334.724538,-0.604862536,-27.53652936,-3261.474569,-26.93166682,3.691228844,67.31027249,9.166666667,18.03471047,0,0,20741.72454,20741.72454,0,20772,617,1.098613501
618,0,20668.17978,16564,-73.54475356,-4177.724538,-0.6072967173,-34.49761234,-4104.179785,-33.89031562,4.001761891,85.60689407,1.099415205,9.509574092,0,0,20741.72454,20741.72454,0,20772,618,1.100440025
619,0,20679.19362,20691,-62.53091921,-50.72453849,-0.5163498432,-0.4188585075,11.80638072,0.09749133567,4.056230002,4.056230002,0.06642066421,0.2081125718,0,0,20741.72454,20741.72454,0,20772,619,1.102131128
620,0,20677.29597,20621,-64.42857059,-120.7245385,-0.532019723,-0.9968843782,-56.2959679,-0.4648646552,3.059695652,11.40528766,0.9042553191,1.727899875,0,0,20741.72454,20741.72454,0,20772,620,1.103446007
621,0,20741.72454,16115,0,-4626.724538,0,-38.20523543,-4626.724538,-38.20523543,1.294995713,85.58289647,31,41.51226512,0,0,20741.72454,20741.72454,0,20772,621,1.10518837
622,0,20674.10726,16303,-67.6172817,-4438.724538,-0.5583505447,-36.65282309,-4371.107257,-36.09447254,2.812935455,92.53988178,0.8633093525,9.342648993,0,0,20741.72454,20741.72454,0,20772,622,1.106906176
623,0,20674.47219,16798,-67.25234432,-3943.724538,-0.5553370697,-32.56535443,-3876.472194,-32.01001736,4.536105863,86.64161628,1.063356164,9.182422144,0,0,20741.72454,20741.72454,0,20772,623,1.109166145
624,0,20670.0732,20740,-71.65133802,-1.724538491,-0.5916618149,-0.01424039804,69.92679953,0.5774214169,4.164404509,4.164404509,0.1474164134,0.1474164134,0,0,20741.72454,20741.72454,0,20772,624,1.110764265
625,0,20741.72454,17053,0,-3688.724538,0,-30.45968876,-3688.724538,-30.45968876,1.190024903,71.91026598,0.6125461255,7.792944741,0,0,20741.72454,20741.72454,0,20772,625,1.112826109
626,0,20676.07176,16571,-65.65277478,-4170.724538,-0.5421286044,-34.43980976,-4105.071764,-33.89768115,4.173309865,83.09470958,1.011396011,8.811655806,0,0,20741.72454,20741.72454,0,20772,626,1.11436367
627,0,20677.27742,20759,-64.4471208,17.27546151,-0.5321729016,0.1426523383,81.72258231,0.6748252399,4.712223805,4.712223805,0.1970954357,0.2061414883,0,0,20741.72454,20741.72454,0,20772,627,1.116227865
628,0,20741.72454,17038,0,-3703.724538,0,-30.58355145,-3703.724538,-30.58355145,1.326021389,78.03086382,1.318435754,8.599725608,0,0,20741.72454,20741.72454,0,20772,628,1.118188858
629,0,20673.11256,16440,-68.61197433,-4301.724538,-0.5665642314,-35.52154388,-4233.112564,-34.95497965,4.211089093,84.62178667,51.5,59.40336072,0,0,20741.72454,20741.72454,0,20772,629,1.119815588
630,0,20674.24731,17391,-67.47723164,-3350.724538,-0.5571940796,-27.66864956,-3283.247307,-27.11145548,4.076453663,67.42698978,0.9574468085,8.265187344,0,0,20741.72454,20741.72454,0,20772,630,1.121543169
631,0,20684.83598,20723,-56.88855753,-18.72453849,-0.4697579714,-0.1546181095,38.16401904,0.3151398619,4.19084361,4.19084361,0.05882352941,0.09011798176,0,0,20741.72454,20741.72454,0,20772,631,1.123432159
632,0,20724.59895,20482,-17.12558689,-259.7245385,-0.1414147468,-2.144678607,-242.5989516,-2.00326386,2.253489131,14.88380187,0.3505535055,2.041785508,0,0,20741.72454,20741.72454,0,20772,632,1.12507844
633,0,20724.17814,16810,-17.54640228,-3931.724538,-0.1448896351,-32.46626428,-3914.178136,-32.32137465,2.726113158,78.12008166,16,27.19964922,0,0,20741.72454,20741.72454,0,20772,633,1.126534939
634,0,20666.02242,16550,-75.70212087,-4191.724538,-0.6251112047,-34.61321752,-4116.022418,-33.98810631,3.752704234,88.1382979,0.8596491228,9.304297391,0,0,20741.72454,20741.72454,0,20772,634,1.128297567
635,0,20676.72121,20752,-65.0033324,10.27546151,-0.5367658259,0.08484975123,75.27879391,0.6216155771,4.137697805,4.137697805,0.2106382979,0.2106382979,0,0,20741.72454,20741.72454,0,20772,635,1.130363464
636,0,20741.72454,15975,0,-4766.724538,0,-39.36128717,-4766.724538,-39.36128717,0.5579768455,91.11726184,18.16666667,30.28946123,0,0,20741.72454,20741.72454,0,20772,636,1.132284403
637,0,20675.64503,20741,-66.07951288,-0.7245384908,-0.5456523995,-0.0059828856,65.35497439,0.5396695139,5.121985288,5.121985288,0.3270676692,0.3270676692,0,0,20741.72454,20741.72454,0,20772,637,1.134103537
638,0,20741.72454,15860,0,-4881.724538,0,-40.3109011,-4881.724538,-40.3109011,0.4278838293,87.12196546,1.027659574,10.06566381,0,0,20741.72454,20741.72454,0,20772,638,1.13660717
639,0,20667.96691,15557,-73.75763051,-5184.724538,-0.6090545514,-42.81292737,-5110.966908,-42.20387282,2.787045091,107.6914703,1.089385475,11.12879141,0,0,20741.72454,20741.72454,0,20772,639,1.138353109
640,0,20670.84479,16715,-70.87974974,-4026.724538,-0.5852904152,-33.25072796,-3955.844789,-32.66543755,3.707780763,84.37282842,2.680851064,10.06220431,0,0,20741.72454,20741.72454,0,20772,640,1.140310049
641,0,20669.15798,16650,-72.56656072,-4091.724538,-0.5992192778,-33.78746627,-4019.157978,-33.18824699,3.332248478,90.97150785,1.124293785,9.614396288,0,0,20741.72454,20741.72454,0,20772,641,1.14178133
642,0,20688.46063,17271,-53.26390679,-3470.724538,-0.4398273728,-28.65955105,-3417.460632,-28.21972368,4.753472185,75.87158029,25.33333333,33.1671968,0,0,20741.72454,20741.72454,0,20772,642,1.143779278
643,0,20677.65406,20699,-64.070479,-42.72453849,-0.5290627773,-0.352798408,21.34594051,0.1762643692,4.151746288,4.151746288,0.1825726141,0.2139915871,0,0,20741.72454,20741.72454,0,20772,643,1.145746231
644,0,20741.72454,16312,-3.637978807e-12,-4429.724538,-3.004065525e-14,-36.57850548,-4429.724538,-36.57850548,1.449685287,85.80384547,1.51417004,11.38794873,0,0,20741.72454,20741.72454,0,20772,644,1.147620201
645,0,20683.7001,20749,-58.02443904,7.275461509,-0.4791375271,0.06007721391,65.29990055,0.539214741,4.28997758,4.28997758,0.07063197026,0.07063197026,0,0,20741.72454,20741.72454,0,20772,645,1.149277449
646,0,20741.72454,16307,0,-4434.724538,0,-36.61979304,-4434.724538,-36.61979304,0.6506302094,81.93508745,16,26.7583674,0,0,20741.72454,20741.72454,0,20772,646,1.151588202
647,0,20668.0048,16012,-73.71973802,-4729.724538,-0.6087416537,-39.05575921,-4656.0048,-38.44701755,3.646536321,92.92594175,3.333333333,14.0879043,0,0,20741.72454,20741.72454,0,20772,647,1.153204203
648,0,20663.433,15261,-78.29153571,-5480.724538,-0.64649333,-45.25715105,-5402.433003,-44.61065772,3.157046088,107.7509382,0.9598853868,11.63767721,0,0,20741.72454,20741.72454,0,20772,648,1.154970407
649,0,20679.53863,16872,-62.18590436,-3869.724538,-0.5135008787,-31.95429851,-3807.538634,-31.44079763,4.779571198,80.52848593,31.33333333,40.05567696,0,0,20741.72454,20741.72454,0,20772,649,1.156959534
650,0,20683.64843,20727,-58.07610871,-14.72453849,-0.4795641901,-0.1215880597,43.35157022,0.3579761304,5.269282571,5.269282571,0.5084745763,0.5714647188,0,0,20741.72454,20741.72454,0,20772,650,1.158475876
651,0,20715.26529,20728,-26.45924362,-13.72453849,-0.2184875333,-0.1133305473,12.73470513,0.105156986,2.580647004,2.580647004,0.03867403315,0.08357157927,0,0,20741.72454,20741.72454,0,20772,651,1.160286903
652,0,20699.88883,20195,-41.83570884,-546.7245385,-0.3454588862,-4.514584677,-504.8888296,-4.169125791,1.950758099,27.08985208,0.9042553191,4.08713121,0,0,20741.72454,20741.72454,0,20772,652,1.161481142
653,0,20729.26769,16744,-12.45685306,-3997.724538,-0.1028626191,-33.0112601,-3985.267685,-32.90839748,3.40313503,80.67446385,0.7322239032,7.615752541,0,0,20741.72454,20741.72454,0,20772,653,1.162923336
654,0,20668.09183,16346,-73.63271131,-4395.724538,-0.6080230295,-36.29775005,-4322.091827,-35.68972702,2.994857435,88.97663427,14.5,26.53243861,0,0,20741.72454,20741.72454,0,20772,654,1.1646626
655,0,20668.27919,20741,-73.44534717,-0.7245384908,-0.6064758678,-0.0059828856,72.72080868,0.6004929822,5.588483933,5.588483933,0.914893617,0.9326977713,0,0,20741.72454,20741.72454,0,20772,655,1.16676569
656,0,20741.72454,16551,0,-4190.724538,0,-34.60496,-4190.724538,-34.60496,1.101953372,85.67995444,25.83333333,36.83078905,0,0,20741.72454,20741.72454,0,20772,656,1.168827534
657,0,20675.99987,20686,-65.72467302,-55.72453849,-0.542722305,-0.4601460697,10.00013453,0.08257623528,4.62012145,4.62012145,0.3505535055,0.3818610562,0,0,20741.72454,20741.72454,0,20772,657,1.170671225
658,0,20741.72454,16714,0,-4027.724538,0,-33.25898548,-4027.724538,-33.25898548,1.168950458,81.60101224,0.9484240688,9.091131849,0,0,20741.72454,20741.72454,0,20772,658,1.172659636
659,0,20668.6543,16999,-73.07024054,-3742.724538,-0.6033784201,-30.90559443,-3669.654298,-30.30221601,3.648530722,76.31097679,0.9255319149,8.541598028,0,0,20741.72454,20741.72454,0,20772,659,1.17435813
660,0,20668.88222,16976,-72.84232342,-3765.724538,-0.6014963917,-31.09551722,-3692.882215,-30.49402083,3.006551287,75.07989542,12.16666667,20.05159966,0,0,20741.72454,20741.72454,0,20772,660,1.1764009
661,0,20670.97105,20737,-70.75348998,-4.724538491,-0.5842478236,-0.03901293536,66.02895149,0.5452348883,3.990641152,3.990641152,0.1527531083,0.1527531083,0,0,20741.72454,20741.72454,0,20772,661,1.178054094
662,0,20741.72454,16226,3.637978807e-12,-4515.724538,3.004065525e-14,-37.28865155,-4515.724538,-37.28865155,0.5166173775,88.48734031,0.8597122302,11.24049325,0,0,20741.72454,20741.72454,0,20772,662,1.180084229
663,0,20671.96382,20699,-69.76071824,-42.72453849,-0.5760499986,-0.352798408,27.03617975,0.2232515906,3.876495353,3.876495353,0.2486631016,0.2899114739,0,0,20741.72454,20741.72454,0,20772,663,1.181843519
664,0,20723.05945,16753,-18.66508371,-3988.724538,-0.1541271609,-32.93694249,-3970.059455,-32.78281533,2.203728515,82.53555186,32.5,42.61281342,0,0,20741.72454,20741.72454,0,20772,664,1.183467388
665,0,20675.43744,16542,-66.28709396,-4199.724538,-0.5473665029,-34.67927762,-4133.437445,-34.13191111,3.459471023,78.76989425,1.804469274,9.652218472,0,0,20741.72454,20741.72454,0,20772,665,1.185553312
666,0,20675.67411,16522,-66.05042765,-4219.724538,-0.5454122279,-34.84442786,-4153.674111,-34.29901564,2.428976764,78.48420623,0.6191489362,8.318674703,0,0,20741.72454,20741.72454,0,20772,666,1.187271595
667,0,20668.80045,20670,-72.92408685,-71.72453849,-0.6021715543,-0.5922662687,1.199548361,0.009905285513,3.45889347,3.45889347,0.3723404255,0.4427868758,0,0,20741.72454,20741.72454,0,20772,667,1.188821077
668,0,20680.8744,20664,-60.85013648,-77.72453849,-0.5024707589,-0.6418113434,-16.87440201,-0.1393405845,2.515846467,10.30772902,0.3270676692,1.038794168,0,0,20741.72454,20741.72454,0,20772,668,1.190766811
669,0,20741.72454,16819,0,-3922.724538,0,-32.39194667,-3922.724538,-32.39194667,1.122099793,76.74613875,16,25.20977259,0,0,20741.72454,20741.72454,0,20772,669,1.192349672
670,0,20679.80048,16654,-61.92405891,-4087.724538,-0.5113386867,-33.75443622,-4025.80048,-33.24309754,2.786661731,76.56890671,1.059602649,10.68135458,0,0,20741.72454,20741.72454,0,20772,670,1.194306135
671,0,20669.58184,16556,-72.14270157,-4185.724538,-0.5957192556,-34.56367244,-4113.581837,-33.96795319,3.46422425,83.42858359,6.333333333,14.75098586,0,0,20741.72454,20741.72454,0,20772,671,1.196064711
672,0,20667.02554,20670,-74.69899794,-71.72453849,-0.6168279047,-0.5922662687,2.974459453,0.02456163593,3.656618129,3.656618129,0.2011173184,0.3682597955,0,0,20741.72454,20741.72454,0,20772,672,1.197978497
673,0,20678.69127,20268,-63.03326709,-473.7245385,-0.520497987,-3.911786269,-410.6912714,-3.391288282,2.57584068,25.46477788,0.914893617,3.585112008,0,0,20741.72454,20741.72454,0,20772,673,1.199767351
674,0,20710.76819,16880,-30.95634497,-3861.724538,-0.2556224037,-31.88823841,-3830.768194,-31.63261601,3.002215489,80.06624023,2,11.62736851,0,0,20741.72454,20741.72454,0,20772,674,1.201194525
675,0,20669.40962,16666,-72.31491495,-4075.724538,-0.5971413097,-33.65534607,-4003.409624,-33.05820476,3.90944246,84.52119905,16,24.35106537,0,0,20741.72454,20741.72454,0,20772,675,1.203293324
676,0,20671.87831,16156,-69.84622795,-4585.724538,-0.5767560961,-37.86667742,-4515.878311,-37.28992132,4.105845789,89.31639143,1.222222222,10.37120507,0,0,20741.72454,20741.72454,0,20772,676,1.205239296
677,0,20670.68784,20702,-71.03670239,-39.72453849,-0.5865864536,-0.3280258707,31.3121639,0.2585605829,4.400675982,4.400675982,0.3505535055,0.4105309654,0,0,20741.72454,20741.72454,0,20772,677,1.207013607
678,0,20735.70516,16658,-6.019383382,-4083.724538,-0.04970513315,-33.72140617,-4077.705155,-33.67170104,1.966613666,82.5005484,1.101503759,9.695820733,0,0,20741.72454,20741.72454,0,20772,678,1.208735704
679,0,20668.94775,16939,-72.77678797,-3802.724538,-0.6009552319,-31.40104518,-3729.947751,-30.80008995,4.772234926,75.4650044,24.5,32.06436046,0,0,20741.72454,20741.72454,0,20772,679,1.210288048
680,0,20673.79778,16638,-67.92675609,-4103.724538,-0.5609060334,-33.88655642,-4035.797782,-33.32565039,2.475733215,84.12942607,9.166666667,18.52018425,0,0,20741.72454,20741.72454,0,20772,680,1.212177992
681,0,20687.17434,15122,-54.55019675,-5619.724538,-0.4504489282,-46.40494528,-5565.174342,-45.95449635,4.859045832,108.375486,0.9285714286,10.81927815,0,0,20741.72454,20741.72454,0,20772,681,1.214460135
682,0,20666.63353,16099,-75.09101331,-4642.724538,-0.6200649765,-38.33735563,-4567.633525,-37.71729065,3.14423185,91.378292,1.395480226,11.4298123,0,0,20741.72454,20741.72454,0,20772,682,1.216427565
683,0,20680.78633,17668,-60.9382042,-3073.724538,-0.5031979792,-25.38131861,-3012.786334,-24.87812063,2.91668789,69.04890312,0.6383763838,6.966317814,0,0,20741.72454,20741.72454,0,20772,683,1.218285561
684,0,20674.46061,20709,-67.2639242,-32.72453849,-0.5554326907,-0.2702232836,34.53938571,0.2852094071,4.889477807,4.889477807,0.9255319149,0.9255319149,0,0,20741.72454,20741.72454,0,20772,684,1.219740868
685,0,20741.72454,16651,3.637978807e-12,-4090.724538,3.004065525e-14,-33.77920876,-4090.724538,-33.77920876,0.5043242149,72.69179491,0.7489878543,9.049331044,0,0,20741.72454,20741.72454,0,20772,685,1.222056866
686,0,20668.43358,16707,-73.2909563,-4034.724538,-0.6052009833,-33.31678806,-3961.433582,-32.71158708,3.007006665,87.20593216,7.833333333,17.74001728,0,0,20741.72454,20741.72454,0,20772,686,1.223564386
687,0,20667.00122,16343,-74.7233201,-4398.724538,-0.6170287452,-36.32252259,-4324.001218,-35.70549385,3.439409156,87.71820658,1,9.9174461,0,0,20741.72454,20741.72454,0,20772,687,1.225625277
688,0,20676.43346,17289,-65.29107884,-3452.724538,-0.5391418957,-28.51091582,-3387.43346,-27.97177393,4.088328447,76.48479447,31.33333333,39.6359119,0,0,20741.72454,20741.72454,0,20772,688,1.227635384
689,0,20667.34569,15682,-74.37884816,-5059.724538,-0.6141842639,-41.78073831,-4985.34569,-41.16655405,3.498472835,100.1634497,1.204678363,10.76374638,0,0,20741.72454,20741.72454,0,20772,689,1.229519844
690,0,20674.35825,16921,-67.36629017,-3820.724538,-0.556277979,-31.5496804,-3753.358248,-30.99340242,4.351024745,76.86752914,1.315789474,9.424009227,0,0,20741.72454,20741.72454,0,20772,690,1.231263161
691,0,20667.53373,20684,-74.19080934,-57.72453849,-0.6126315309,-0.4766610946,16.46627085,0.1359704363,3.527373321,3.527373321,0.08170515098,0.1332769294,0,0,20741.72454,20741.72454,0,20772,691,1.233102083
692,0,20708.55461,16442,-33.16993232,-4299.724538,-0.2739011287,-35.50502886,-4266.554606,-35.23112773,2.030733464,85.70381161,23.66666667,31.52915497,0,0,20741.72454,20741.72454,0,20772,692,1.234880447
693,0,20670.70641,16535,-71.01812694,-4206.724538,-0.5864330666,-34.7370802,-4135.706412,-34.15064714,3.915049034,87.18146926,22.5,32.56506007,0,0,20741.72454,20741.72454,0,20772,693,1.236582518
694,0,20675.61296,20729,-66.11157755,-12.72453849,-0.545917174,-0.1050730349,53.38703906,0.4408441391,4.080580041,4.080580041,0.2026143791,0.2026143791,0,0,20741.72454,20741.72454,0,20772,694,1.238386869
695,0,20741.72454,16201,0,-4540.724538,0,-37.49508936,-4540.724538,-37.49508936,0.501991907,76.78971672,1.007380074,9.579733516,0,0,20741.72454,20741.72454,0,20772,695,1.240427017
696,0,20670.99982,16682,-70.72472192,-4059.724538,-0.5840102709,-33.52322587,-3988.999817,-32.9392156,2.888316794,74.87583478,0.9770773639,9.193538216,0,0,20741.72454,20741.72454,0,20772,696,1.242086649
697,0,20671.28085,16203,-70.44369291,-4538.724538,-0.5816896704,-37.47857433,-4468.280846,-36.89688466,3.451477498,83.30578631,1.040425532,8.673037495,0,0,20741.72454,20741.72454,0,20772,697,1.243917704
698,0,20676.58037,16296,-65.14417034,-4445.724538,-0.5379287969,-36.71062568,-4380.580368,-36.17269688,4.344464054,89.21761219,0.9958506224,9.204526987,0,0,20741.72454,20741.72454,0,20772,698,1.246163845
699,0,20666.09089,16669,-75.63365186,-4072.724538,-0.6245458211,-33.63057354,-3997.090887,-33.00602772,3.293179841,79.52332701,1.291512915,10.11301999,0,0,20741.72454,20741.72454,0,20772,699,1.24796629
700,0,20673.11873,20753,-68.60580684,11.27546151,-0.5665133034,0.09310726366,79.88126835,0.659620567,4.199010791,4.199010791,0.2564102564,0.2564102564,0,0,20741.72454,20741.72454,0,20772,700,1.249733925
701,0,20741.72454,16569,-3.637978807e-12,-4172.724538,-3.004065525e-14,-34.45632478,-4172.724538,-34.45632478,0.5733194673,84.84674166,1.032388664,8.911331432,0,0,20741.72454,20741.72454,0,20772,701,1.251905441
702,0,20671.74937,20727,-69.97516354,-14.72453849,-0.5778207833,-0.1215880597,55.25062505,0.4562327236,5.413411112,5.413411112,0.2513227513,0.2706105852,0,0,20741.72454,20741.72454,0,20772,702,1.253722668
703,0,20741.72454,16007,0,-4734.724538,0,-39.09704677,-4734.724538,-39.09704677,1.643578907,86.32969617,48.66666667,57.46158848,0,0,20741.72454,20741.72454,0,20772,703,1.255741119
704,0,20676.32335,17225,-65.40119067,-3516.724538,-0.5400511454,-29.03939662,-3451.323348,-28.49934547,3.419669444,74.37958944,24.5,32.74317836,0,0,20741.72454,20741.72454,0,20772,704,1.257636786
705,0,20680.79778,15991,-60.92675514,-4750.724538,-0.5031034384,-39.22916697,-4689.797783,-38.72606353,4.992212091,93.08917267,25.33333333,35.52005716,0,0,20741.72454,20741.72454,0,20772,705,1.259596348
706,0,20670.48808,20721,-71.23645962,-20.72453849,-0.5882359514,-0.1711331344,50.51192113,0.417102817,4.317311414,4.317311414,0.5474860335,0.5474860335,0,0,20741.72454,20741.72454,0,20772,706,1.261346102
707,0,20741.72454,16475,0,-4266.724538,0,-35.23253095,-4266.724538,-35.23253095,0.5002360639,79.31223606,1.026315789,9.383777018,0,0,20741.72454,20741.72454,0,20772,707,1.263757706
708,0,20678.19312,20716,-63.53141765,-25.72453849,-0.5246114715,-0.2124206966,37.80687916,0.3121907749,4.140327075,4.140327075,0.2106382979,0.3401929537,0,0,20741.72454,20741.72454,0,20772,708,1.265311241
709,0,20741.72454,17029,0,-3712.724538,0,-30.65786906,-3712.724538,-30.65786906,0.963904433,77.79723777,0.9820143885,9.379467775,0,0,20741.72454,20741.72454,0,20772,709,1.267297029
710,0,20675.91029,15875,-65.81425331,-4866.724538,-0.5434620153,-40.18703841,-4800.910285,-39.6435764,3.691506025,96.18844899,1.195187166,10.22421153,0,0,20741.72454,20741.72454,0,20772,710,1.269290209
711,0,20669.37448,16780,-72.35005865,-3961.724538,-0.5974315092,-32.71398966,-3889.37448,-32.11655815,3.632509698,74.09855189,0.8994708995,9.183606593,0,0,20741.72454,20741.72454,0,20772,711,1.271217108
712,0,20667.22137,17451,-74.50317307,-3290.724538,-0.6152108784,-27.17319881,-3216.221365,-26.55798793,3.175578005,63.87521185,31.33333333,37.43494406,0,0,20741.72454,20741.72454,0,20772,712,1.273139477
713,0,20667.09388,16986,-74.63065572,-3755.724538,-0.6162635679,-31.01294209,-3681.093883,-30.39667853,3.452232505,75.72393822,0.7611336032,8.324967712,0,0,20741.72454,20741.72454,0,20772,713,1.274930954
714,0,20666.31992,16991,-75.40461421,-3750.724538,-0.6226545398,-30.97165453,-3675.319924,-30.34899999,3.781000763,74.42233051,32.5,41.89478223,0,0,20741.72454,20741.72454,0,20772,714,1.276847363
715,0,20667.88636,16016,-73.8381766,-4725.724538,-0.6097196617,-39.02272916,-4651.886362,-38.4130095,3.343462345,88.93960273,0.9847494553,11.57588444,0,0,20741.72454,20741.72454,0,20772,715,1.278817892
716,0,20678.2206,16064,-63.50393419,-4677.724538,-0.5243845265,-38.62636856,-4614.220604,-38.10198404,4.194263489,91.36545122,1.918128655,10.77069713,0,0,20741.72454,20741.72454,0,20772,716,1.280658484
717,0,20684.2359,17315,-57.48864119,-3426.724538,-0.4747131697,-28.2962205,-3369.235897,-27.82150733,2.622055128,73.16291327,18.16666667,26.29275331,0,0,20741.72454,20741.72454,0,20772,717,1.282518387
718,0,20685.88829,20706,-55.83625073,-35.72453849,-0.4610685349,-0.294995821,20.11171224,0.166072714,3.673559941,3.673559941,0.05084745763,0.1637030174,0,0,20741.72454,20741.72454,0,20772,718,1.28384161
719,0,20687.02973,20288,-54.69480547,-453.7245385,-0.4516430365,-3.74663602,-399.029733,-3.294992984,3.081707292,22.21091724,10.5,14.52717192,0,0,20741.72454,20741.72454,0,20772,719,1.285307646
720,0,20681.51411,20715,-60.21042539,-26.72453849,-0.4971883366,-0.220678209,33.4858869,0.2765101276,4.29487396,4.29487396,0.2063829787,0.3259644436,0,0,20741.72454,20741.72454,0,20772,720,1.286946058
721,0,20741.72454,16887,0,-3854.724538,0,-31.83043582,-3854.724538,-31.83043582,1.420963565,73.43836735,0.9473684211,8.210292777,0,0,20741.72454,20741.72454,0,20772,721,1.28870225
722,0,20678.94735,15988,-62.77719104,-4753.724538,-0.5183834358,-39.25393951,-4690.947347,-38.73555607,2.409617707,94.14355685,8,18.33653763,0,0,20741.72454,20741.72454,0,20772,722,1.290343761
723,0,20680.82388,17040,-60.90065602,-3701.724538,-0.5028879246,-30.56703642,-3640.823882,-30.0641485,2.739860568,75.02803115,0.8029045643,7.703341285,0,0,20741.72454,20741.72454,0,20772,723,1.291886568
724,0,20672.13029,16487,-69.59425165,-4254.724538,-0.5746753987,-35.1334408,-4185.130287,-34.5587654,4.238758934,88.15272542,33.16666667,43.47823171,0,0,20741.72454,20741.72454,0,20772,724,1.293667316
725,0,20668.01233,20718,-73.71221123,-23.72453849,-0.6086795011,-0.1959056717,49.98767274,0.4127738295,4.975041256,4.975041256,0.2513227513,0.2886799783,0,0,20741.72454,20741.72454,0,20772,725,1.295556545
726,0,20738.72572,16987,-2.998816003,-3754.724538,-0.02476276045,-31.00468458,-3751.725722,-30.97992182,2.250401306,76.54561283,16,23.29959615,0,0,20741.72454,20741.72454,0,20772,726,1.297387362
727,0,20674.16981,15933,-67.55473001,-4808.724538,-0.5578340233,-39.70810269,-4741.169808,-39.15026867,3.617372122,96.33298029,11.33333333,21.43164566,0,0,20741.72454,20741.72454,0,20772,727,1.298887253
728,0,20667.21717,16124,-74.50736553,-4617.724538,-0.6152454977,-38.13091782,-4543.217173,-37.51567232,3.686128956,87.51844776,1.239766082,11.35587303,0,0,20741.72454,20741.72454,0,20772,728,1.301086426
729,0,20678.7792,17215,-62.94533504,-3526.724538,-0.5197718871,-29.12197174,-3463.779203,-28.60219986,3.828223025,71.56468997,9.5,17.23885735,0,0,20741.72454,20741.72454,0,20772,729,1.302933931
730,0,20674.83434,16602,-66.89019859,-4139.724538,-0.5523466469,-34.18382687,-4072.83434,-33.63148022,4.709492524,90.40883717,0.7293233083,10.2530731,0,0,20741.72454,20741.72454,0,20772,730,1.304736853
731,0,20673.83786,20704,-67.88667974,-37.72453849,-0.5605751024,-0.3115108458,30.16214125,0.2490642566,4.052173622,4.052173622,0.1326815642,0.1486673547,0,0,20741.72454,20741.72454,0,20772,731,1.306668997
732,0,20741.72454,16690,-3.637978807e-12,-4051.724538,-3.004065525e-14,-33.45716577,-4051.724538,-33.45716577,0.9006129483,71.68945014,0.8830409357,8.466970402,0,0,20741.72454,20741.72454,0,20772,732,1.308489084
733,0,20669.81562,20694,-71.90891454,-47.72453849,-0.5937887563,-0.3940859702,24.18437605,0.1997027861,4.669603232,4.669603232,0.1326815642,0.2259196055,0,0,20741.72454,20741.72454,0,20772,733,1.310047865
734,0,20734.48965,17519,-7.23489153,-3222.724538,-0.0597422068,-26.61168796,-3215.489647,-26.55194576,1.923318093,64.95888447,1.117021277,9.069577902,0,0,20741.72454,20741.72454,0,20772,734,1.311990499
735,0,20670.19673,17096,-71.52780627,-3645.724538,-0.59064175,-30.10461572,-3574.196732,-29.51397397,3.735384504,76.85749309,25.16666667,33.79224282,0,0,20741.72454,20741.72454,0,20772,735,1.313506365
736,0,20671.73718,20701,-69.98735627,-40.72453849,-0.577921465,-0.3362833831,29.26281778,0.2416380818,4.381972497,4.381972497,0.1326815642,0.1671674356,0,0,20741.72454,20741.72454,0,20772,736,1.315205812
737,0,20741.72454,17199,0,-3542.724538,0,-29.25409194,-3542.724538,-29.25409194,1.441224255,74.16961836,1.124293785,9.397743478,0,0,20741.72454,20741.72454,0,20772,737,1.31697464
738,0,20669.53237,20748,-72.19216611,6.275461509,-0.5961277096,0.05181970147,78.46762762,0.6479474111,4.063805822,4.063805822,0.1195814649,0.1195814649,0,0,20741.72454,20741.72454,0,20772,738,1.318354368
739,0,20741.72454,16436,-3.637978807e-12,-4305.724538,-3.004065525e-14,-35.55457393,-4305.724538,-35.55457393,0.730253128,80.71025313,0.7265973254,9.18418189,0,0,20741.72454,20741.72454,0,20772,739,1.320245981
740,0,20668.19976,16323,-73.52478004,-4418.724538,-0.6071317857,-36.48767284,-4345.199758,-35.88054105,3.340815008,90.00889024,1.70212766,11.62214847,0,0,20741.72454,20741.72454,0,20772,740,1.322057247
741,0,20672.50263,17544,-69.22190906,-3197.724538,-0.5716007751,-26.40525015,-3128.502629,-25.83364938,4.28886997,67.48693392,0.5900151286,7.444752385,0,0,20741.72454,20741.72454,0,20772,741,1.324101448
742,0,20669.57902,16465,-72.14551794,-4276.724538,-0.5957425118,-35.31510607,-4204.579021,-34.71936356,4.959092222,84.80032508,9.166666667,20.22655147,0,0,20741.72454,20741.72454,0,20772,742,1.325767279
743,0,20671.13875,16231,-70.58578952,-4510.724538,-0.5828630349,-37.24736398,-4440.138749,-36.66450095,3.72282143,90.71502376,16,26.50925392,0,0,20741.72454,20741.72454,0,20772,743,1.327771664
744,0,20670.49729,20740,-71.22725312,-1.724538491,-0.5881599286,-0.01424039804,69.50271463,0.5739195306,3.999550008,3.999550008,0.1292984869,0.141933866,0,0,20741.72454,20741.72454,0,20772,744,1.329623938
745,0,20741.72454,16869,0,-3872.724538,0,-31.97907105,-3872.724538,-31.97907105,1.277777775,77.46196344,41,49.2554828,0,0,20741.72454,20741.72454,0,20772,745,1.331358433
746,0,20674.18585,17052,-67.53868435,-3689.724538,-0.5577015261,-30.46794627,-3622.185854,-29.91024475,3.714188483,77.80377682,8.833333333,17.36892985,0,0,20741.72454,20741.72454,0,20772,746,1.33304739
747,0,20674.35574,20724,-67.36880178,-17.72453849,-0.5562987187,-0.1463605971,49.64426329,0.4099381216,4.605583852,4.605583852,0.1626712329,0.2132364775,0,0,20741.72454,20741.72454,0,20772,747,1.334964752
748,0,20697.18473,17156,-44.53980675,-3585.724538,-0.3677880082,-29.60916498,-3541.184732,-29.24137697,1.286764966,73.01392239,0.8581952118,8.720101439,0,0,20741.72454,20741.72454,0,20772,748,1.33680892
749,0,20668.89133,16690,-72.83321143,-4051.724538,-0.6014211493,-33.45716577,-3978.891327,-32.85574463,3.902154204,77.95493707,0.7863070539,9.063597744,0,0,20741.72454,20741.72454,0,20772,749,1.338443995
750,0,20677.94619,16748,-63.77834598,-3993.724538,-0.5266504853,-32.97823005,-3929.946193,-32.45157957,4.158182163,82.05948225,0.9042553191,9.056808677,0,0,20741.72454,20741.72454,0,20772,750,1.340116262
751,0,20666.50372,16006,-75.22081798,-4735.724538,-0.6211368401,-39.10530428,-4660.503721,-38.48416744,3.625545605,95.88811907,18.33333333,27.33078885,0,0,20741.72454,20741.72454,0,20772,751,1.341904402
752,0,20673.37306,15810,-68.35147831,-4931.724538,-0.5644131823,-40.72377672,-4863.37306,-40.15936354,4.317463729,97.72215534,0.9649122807,10.61906118,0,0,20741.72454,20741.72454,0,20772,752,1.34382534
753,0,20676.93893,17649,-64.78560382,-3092.724538,-0.5349679294,-25.53821135,-3027.938935,-25.00324342,5.251306467,67.43645137,0.6440677966,7.119100965,0,0,20741.72454,20741.72454,0,20772,753,1.345958233
754,0,20679.81259,16476,-61.91194948,-4265.724538,-0.511238693,-35.22427344,-4203.812589,-34.71303474,3.20851041,81.69339028,1.039548023,9.43974944,0,0,20741.72454,20741.72454,0,20772,754,1.347832441
755,0,20677.1614,16216,-64.56313973,-4525.724538,-0.5331309294,-37.37122667,-4461.161399,-36.83809574,4.498727431,90.67379652,24.5,34.27485301,0,0,20741.72454,20741.72454,0,20772,755,1.349905014
756,0,20673.78789,16981,-67.93664714,-3760.724538,-0.5609877088,-31.05422966,-3692.787891,-30.49324195,4.175502941,81.50132242,1.925531915,10.08106406,0,0,20741.72454,20741.72454,0,20772,756,1.351420879
757,0,20679.12541,20723,-62.59913217,-18.72453849,-0.5169131125,-0.1546181095,43.87459368,0.362295003,5.154029522,5.154029522,0.125698324,0.187150838,0,0,20741.72454,20741.72454,0,20772,757,1.352993965
758,0,20741.72454,16352,0,-4389.724538,0,-36.24820498,-4389.724538,-36.24820498,1.060665604,88.56535519,1.744680851,11.51212296,0,0,20741.72454,20741.72454,0,20772,758,1.355293751
759,0,20667.9162,16576,-73.80834064,-4165.724538,-0.6094732909,-34.39852219,-4091.916198,-33.7890489,2.856449126,83.7898442,0.8276595745,8.097088892,0,0,20741.72454,20741.72454,0,20772,759,1.357207298
760,0,20674.54078,20691,-67.1837563,-50.72453849,-0.5547707034,-0.4188585075,16.45921781,0.1359121958,4.55421087,4.55421087,0.1417004049,0.2885915606,0,0,20741.72454,20741.72454,0,20772,760,1.359335184
761,0,20733.60736,16345,-8.117180527,-4396.724538,-0.06702771917,-36.30600757,-4388.607358,-36.23897985,2.198099268,89.22131907,2.150837989,12.98012696,0,0,20741.72454,20741.72454,0,20772,761,1.36106801
762,0,20670.12935,15310,-71.59518964,-5431.724538,-0.591198169,-44.85253294,-5360.129349,-44.26133477,3.45437469,105.6087376,15.66666667,28.57038779,0,0,20741.72454,20741.72454,0,20772,762,1.362573147
763,0,20667.6615,15561,-74.06304256,-5180.724538,-0.6115764952,-42.77989732,-5106.661496,-42.16832082,4.401104979,98.68924476,2,12.31358527,0,0,20741.72454,20741.72454,0,20772,763,1.364561081
764,0,20667.31963,17005,-74.40490513,-3736.724538,-0.6143994296,-30.85604936,-3662.319633,-30.24164993,3.203814062,73.3888911,0.9532374101,9.398663964,0,0,20741.72454,20741.72454,0,20772,764,1.366728067
765,0,20679.74429,17459,-61.98024635,-3282.724538,-0.5118026552,-27.10713871,-3220.744292,-26.59533605,4.285652216,66.08925365,1.035971223,8.791708546,0,0,20741.72454,20741.72454,0,20772,765,1.368438482
766,0,20669.20189,16786,-72.52265165,-3955.724538,-0.598856698,-32.66444458,-3883.201887,-32.06558788,3.234668327,77.51564506,1.076023392,9.073899792,0,0,20741.72454,20741.72454,0,20772,766,1.370343924
767,0,20665.99615,20684,-75.72838775,-57.72453849,-0.6253281038,-0.4766610946,18.00384926,0.1486670092,3.446107958,3.446107958,0.5531914894,0.6156883811,0,0,20741.72454,20741.72454,0,20772,767,1.372152567
768,0,20689.46613,20265,-52.25840727,-476.7245385,-0.4315244481,-3.936558806,-424.4661312,-3.505034358,2.39959688,21.60040312,0.5263157895,2.862263114,0,0,20741.72454,20741.72454,0,20772,768,1.373920202
769,0,20681.04094,20699,-60.68359729,-42.72453849,-0.5010955595,-0.352798408,17.9590588,0.1482971514,3.158481174,3.158481174,0.9042553191,0.9602719167,0,0,20741.72454,20741.72454,0,20772,769,1.375224352
770,0,20741.72454,16376,0,-4365.724538,0,-36.05002468,-4365.724538,-36.05002468,1.2761467,83.13694329,10,19.56945341,0,0,20741.72454,20741.72454,0,20772,770,1.376733065
771,0,20670.3741,16337,-71.35043396,-4404.724538,-0.589177096,-36.37206767,-4333.374105,-35.78289057,3.587970685,89.89581101,0.624813154,8.777481088,0,0,20741.72454,20741.72454,0,20772,771,1.37844348
772,0,20673.70994,20726,-68.01459821,-15.72453849,-0.5616313907,-0.1298455722,52.29005972,0.4317858185,5.331958757,5.331958757,0.9042553191,0.9708671613,0,0,20741.72454,20741.72454,0,20772,772,1.380220175
773,0,20741.72454,16546,0,-4195.724538,0,-34.64624757,-4195.724538,-34.64624757,1.506728921,84.78449972,1.661016949,9.838996403,0,0,20741.72454,20741.72454,0,20772,773,1.382613182
774,0,20667.50267,16614,-74.22186469,-4127.724538,-0.6128879709,-34.08473672,-4053.502674,-33.47184875,3.072505573,84.25070263,26.16666667,36.81440299,0,0,20741.72454,20741.72454,0,20772,774,1.384377956
775,0,20670.57898,20681,-71.14555923,-60.72453849,-0.5874853403,-0.5014336319,10.42102074,0.08605170841,4.703587726,4.703587726,0.3617021277,0.8863988189,0,0,20741.72454,20741.72454,0,20772,775,1.386446953
776,0,20741.72454,16867,0,-3874.724538,0,-31.99558607,-3874.724538,-31.99558607,1.30287321,76.78943186,0.7659574468,8.233321659,0,0,20741.72454,20741.72454,0,20772,776,1.38828373
777,0,20675.42959,20739,-66.29494729,-2.724538491,-0.5474313518,-0.02249791048,63.5704088,0.5249334414,4.723934272,4.723934272,0.2063829787,0.2063829787,0,0,20741.72454,20741.72454,0,20772,777,1.38992238
778,0,20741.72454,17037,0,-3704.724538,0,-30.59180896,-3704.724538,-30.59180896,1.189657721,73.01343756,1.122905028,11.02299969,0,0,20741.72454,20741.72454,0,20772,778,1.392009258
779,0,20675.5714,16916,-66.15313424,-3825.724538,-0.5462603289,-31.59096796,-3759.571404,-31.04470763,4.334202995,82.32870047,1.073446328,8.91848638,0,0,20741.72454,20741.72454,0,20772,779,1.393746376
780,0,20671.50397,16569,-70.22056521,-4172.724538,-0.5798471907,-34.45632478,-4102.503973,-33.87647759,4.847132456,83.65175238,24.5,34.23840065,0,0,20741.72454,20741.72454,0,20772,780,1.39550972
781,0,20668.29392,15561,-73.43062282,-5180.724538,-0.6063542813,-42.77989732,-5107.293916,-42.17354304,3.410614589,98.82963669,9.5,21.83027467,0,0,20741.72454,20741.72454,0,20772,781,1.397495985
782,0,20669.20385,17033,-72.52068361,-3708.724538,-0.598840447,-30.62483901,-3636.203855,-30.02599856,4.695525194,77.19570099,7.833333333,16.37892826,0,0,20741.72454,20741.72454,0,20772,782,1.399473906
783,0,20681.0812,16637,-60.64333995,-4104.724538,-0.500763134,-33.89481393,-4044.081199,-33.3940508,3.321869578,79.86846831,1.052631579,9.589422732,0,0,20741.72454,20741.72454,0,20772,783,1.401237488
784,0,20675.87569,20745,-65.84885279,3.275461509,-0.543747721,0.02704716415,69.1243143,0.5707948851,4.954446505,4.954446505,0.163410302,0.163410302,0,0,20741.72454,20741.72454,0,20772,784,1.403019905
785,0,20741.72454,15987,0,-4754.724538,0,-39.26219702,-4754.724538,-39.26219702,0.5237926326,87.08274791,1.084870849,11.26221197,0,0,20741.72454,20741.72454,0,20772,785,1.405403852
786,0,20673.24015,15262,-68.48439148,-5479.724538,-0.5655107145,-45.24889354,-5411.240147,-44.68338282,3.273864293,100.3340145,8.833333333,19.44131985,0,0,20741.72454,20741.72454,0,20772,786,1.40742135
787,0,20669.87601,16209,-71.84852853,-4532.724538,-0.5932901181,-37.42902926,-4460.87601,-36.83573914,3.77959627,88.30846873,1.678362573,10.82768642,0,0,20741.72454,20741.72454,0,20772,787,1.409568787
788,0,20669.19867,16311,-72.52587153,-4430.724538,-0.5988832863,-36.58676299,-4358.198667,-35.9878797,4.030765265,86.26176743,3.166666667,17.05834458,0,0,20741.72454,20741.72454,0,20772,788,1.411299467
789,0,20669.3825,15294,-72.34203451,-5447.724538,-0.5973652498,-44.98465314,-5375.382504,-44.38728789,3.403241556,98.02069106,9.666666667,22.56077171,0,0,20741.72454,20741.72454,0,20772,789,1.41312933
790,0,20668.8363,16615,-72.88824264,-4126.724538,-0.6018755702,-34.07647921,-4053.836296,-33.47460364,3.474663632,89.13521883,1.035087719,10.24382704,0,0,20741.72454,20741.72454,0,20772,790,1.415143728
791,0,20677.06825,20717,-64.6562933,-24.72453849,-0.5339001462,-0.2041631841,39.93175481,0.329736962,4.221378274,4.221378274,0.1474164134,0.2322596738,0,0,20741.72454,20741.72454,0,20772,791,1.417111635
792,0,20686.55439,20677,-55.17014471,-64.72453849,-0.4555681562,-0.5344636817,-9.554393783,-0.07889552551,3.372192503,3.372192503,0.1474164134,0.2887665231,0,0,20741.72454,20741.72454,0,20772,792,1.418606281
793,0,20677.731,20407,-63.99353673,-334.7245385,-0.5284274255,-2.76399204,-270.7310018,-2.235564615,3.346299106,21.94311235,0.5263157895,2.878610114,0,0,20741.72454,20741.72454,0,20772,793,1.419550896
794,0,20671.85295,20712,-69.87158908,-29.72453849,-0.5769655159,-0.2454507463,40.14705059,0.3315147696,4.400957643,4.400957643,0.1443768997,0.1988398346,0,0,20741.72454,20741.72454,0,20772,794,1.420927763
795,0,20741.72454,17408,0,-3333.724538,0,-27.52827184,-3333.724538,-27.52827184,1.71729087,72.38135344,16,25.09815881,0,0,20741.72454,20741.72454,0,20772,795,1.422788382
796,0,20677.9133,20739,-63.81123817,-2.724538491,-0.5269220929,-0.02249791048,61.08669968,0.5044241824,4.435647801,4.435647801,0.2075055188,0.2075055188,0,0,20741.72454,20741.72454,0,20772,796,1.424278975
797,0,20741.72454,16564,0,-4177.724538,0,-34.49761234,-4177.724538,-34.49761234,0.5048692384,79.01344727,18.16666667,28.42639651,0,0,20741.72454,20741.72454,0,20772,797,1.426220417
798,0,20668.62318,16423,-73.10136213,-4318.724538,-0.6036354071,-35.6619216,-4245.623176,-35.05828619,2.943018991,85.72571346,1.094972067,8.995721167,0,0,20741.72454,20741.72454,0,20772,798,1.42795229
799,0,20669.32675,16108,-72.3977881,-4633.724538,-0.5978256357,-38.26303801,-4561.32675,-37.66521238,4.173386992,89.38386882,0.8362573099,9.937925695,0,0,20741.72454,20741.72454,0,20772,799,1.430057764
800,0,20669.8309,16859,-71.89363746,-3882.724538,-0.5936626056,-32.06164617,-3810.830901,-31.46798357,3.21785435,79.89962109,43.16666667,52.44785491,0,0,20741.72454,20741.72454,0,20772,800,1.431842089
801,0,20669.9109,16269,-71.81363973,-4472.724538,-0.5930020233,-36.93357851,-4400.910899,-36.34057649,4.617718057,91.40718824,47.5,57.19816225,0,0,20741.72454,20741.72454,0,20772,801,1.433366537
802,0,20674.00906,16479,-67.71547755,-4262.724538,-0.5591613982,-35.1995009,-4195.009061,-34.6403395,4.58395745,87.35922253,1.089385475,10.15412723,0,0,20741.72454,20741.72454,0,20772,802,1.435163975
803,0,20672.83641,16647,-68.88812658,-4094.724538,-0.5688445621,-33.81223881,-4025.836412,-33.24339425,3.27328409,85.34894453,1.076923077,9.888235163,0,0,20741.72454,20741.72454,0,20772,803,1.436936617
804,0,20669.34151,20687,-72.38302664,-54.72453849,-0.5977037428,-0.4518885573,17.65848815,0.1458151855,4.589390581,4.589390581,0.3270676692,0.5206442441,0,0,20741.72454,20741.72454,0,20772,804,1.43877697
805,0,20697.11215,20691,-44.61238874,-50.72453849,-0.3683873549,-0.4188585075,-6.112149752,-0.0504711526,3.912849613,3.912849613,0.3270676692,0.5510660059,0,0,20741.72454,20741.72454,0,20772,805,1.440522194
806,0,20741.72454,16878,0,-3863.724538,0,-31.90475344,-3863.724538,-31.90475344,1.946682843,83.71452862,0.7642980936,8.847528076,0,0,20741.72454,20741.72454,0,20772,806,1.441858768
807,0,20673.11638,16126,-68.60815859,-4615.724538,-0.566532723,-38.11440279,-4547.11638,-37.54787007,3.429482808,95.86893419,0.8744939271,10.5729076,0,0,20741.72454,20741.72454,0,20772,807,1.443852663
808,0,20683.68411,20702,-58.04042844,-39.72453849,-0.4792695598,-0.3280258707,18.31588995,0.1512436891,3.52940324,3.52940324,8.833333333,8.994802883,0,0,20741.72454,20741.72454,0,20772,808,1.445898771
809,0,20693.59706,20702,-48.12747746,-39.72453849,-0.3974132438,-0.3280258707,8.40293897,0.06938737307,2.664383868,2.664383868,0.1825726141,0.3440421636,0,0,20741.72454,20741.72454,0,20772,809,1.4474895
810,0,20719.15771,20564,-22.5668334,-177.7245385,-0.1863459075,-1.467562587,-155.1577051,-1.28121668,2.401538963,12.68251389,16,17.37812139,0,0,20741.72454,20741.72454,0,20772,810,1.448759794
811,0,20741.72454,17091,0,-3650.724538,0,-30.14590329,-3650.724538,-30.14590329,1.378228436,73.42001471,0.7589928058,7.66983331,0,0,20741.72454,20741.72454,0,20772,811,1.45002985
812,0,20674.71761,16535,-67.00692945,-4206.724538,-0.5533105534,-34.7370802,-4139.717609,-34.18376965,3.905083648,86.07579943,0.9316239316,9.543353339,0,0,20741.72454,20741.72454,0,20772,812,1.451651335
813,0,20669.59811,20716,-72.12642651,-25.72453849,-0.5955848641,-0.2124206966,46.40188802,0.3831641675,3.263087322,3.263087322,0.03837953092,0.06193413477,0,0,20741.72454,20741.72454,0,20772,813,1.45374465
814,0,20694.02042,19900,-47.70411452,-841.7245385,-0.393917319,-6.950550847,-794.020424,-6.556633528,1.769199704,28.2308003,0.9574468085,3.605617357,0,0,20741.72454,20741.72454,0,20772,814,1.455554485
815,0,20673.22146,16534,-68.50308029,-4207.724538,-0.5656650376,-34.74533772,-4139.221458,-34.17967268,3.989084242,85.38392312,1.061452514,9.956841368,0,0,20741.72454,20741.72454,0,20772,815,1.457103491
816,0,20668.34472,16762,-73.37982294,-3979.724538,-0.6059348007,-32.86262488,-3906.344716,-32.25669008,3.978043337,81.26172083,0.9145299145,8.66929255,0,0,20741.72454,20741.72454,0,20772,816,1.458717346
817,0,20680.24933,16797,-61.4752105,-3944.724538,-0.5076323153,-32.57361194,-3883.249328,-32.06597963,4.084070979,83.77296589,2.063829787,12.13814513,0,0,20741.72454,20741.72454,0,20772,817,1.460472822
818,0,20672.10058,16401,-69.62395771,-4340.724538,-0.5749206968,-35.84358687,-4271.100581,-35.26866617,3.937251461,86.36460064,0.6356275304,9.439515772,0,0,20741.72454,20741.72454,0,20772,818,1.462124348
819,0,20679.62459,16906,-62.09994909,-3835.724538,-0.512791102,-31.67354309,-3773.624589,-31.16075199,2.576236804,80.3535965,25.66666667,35.66453104,0,0,20741.72454,20741.72454,0,20772,819,1.463793516
820,0,20668.98407,16569,-72.74046793,-4172.724538,-0.6006553187,-34.45632478,-4099.984071,-33.85566946,2.725910315,90.57131387,10.83333333,20.98960387,0,0,20741.72454,20741.72454,0,20772,820,1.465552807
821,0,20679.68977,20724,-62.034765,-17.72453849,-0.5122528436,-0.1463605971,44.31022651,0.3658922465,5.794781999,5.794781999,0.2735042735,0.3159072446,0,0,20741.72454,20741.72454,0,20772,821,1.467120647
822,0,20679.4328,20693,-62.29174148,-48.72453849,-0.5143748301,-0.4023434827,13.56720299,0.1120313475,2.979475759,2.979475759,0.09116809117,0.1944176231,0,0,20741.72454,20741.72454,0,20772,822,1.468704462
823,0,20678.53778,20363,-63.18675426,-378.7245385,-0.5217654093,-3.127322587,-315.5377842,-2.605557178,2.915943739,19.58427605,0.9042553191,3.311930729,0,0,20741.72454,20741.72454,0,20772,823,1.469684601
824,0,20733.88682,16636,-7.837718288,-4105.724538,-0.06472005625,-33.90307145,-4097.88682,-33.83835139,1.680202311,79.1443417,0.7709497207,8.90770063,0,0,20741.72454,20741.72454,0,20772,824,1.4711833
825,0,20670.05327,16744,-71.671266,-3997.724538,-0.5918263705,-33.0112601,-3926.053272,-32.41943373,3.812081817,88.56880259,0.9778597786,10.16321106,0,0,20741.72454,20741.72454,0,20772,825,1.47283411
826,0,20693.47285,16507,-48.25168771,-4234.724538,-0.3984389114,-34.96829055,-4186.472851,-34.56985164,2.982377825,87.18108794,2.520467836,12.03448622,0,0,20741.72454,20741.72454,0,20772,826,1.474661112
827,0,20675.95293,20733,-65.77160783,-8.724538491,-0.5431098698,-0.07204298511,57.04706934,0.4710668847,4.675683067,4.675683067,0.3505535055,0.3744945737,0,0,20741.72454,20741.72454,0,20772,827,1.476405859
828,0,20741.72454,16463,0,-4278.724538,0,-35.3316211,-4278.724538,-35.3316211,1.018836436,83.70312242,0.9761388286,9.56309539,0,0,20741.72454,20741.72454,0,20772,828,1.478359222
829,0,20667.6421,16387,-74.08243528,-4354.724538,-0.6117366308,-35.95919204,-4280.642103,-35.34745541,3.322147237,81.7209245,0.9248120301,10.12245255,0,0,20741.72454,20741.72454,0,20772,829,1.480219841
830,0,20673.00855,16484,-68.71598657,-4257.724538,-0.5674231139,-35.15821334,-4189.008552,-34.59079022,3.549479696,87.18858233,16,25.3907586,0,0,20741.72454,20741.72454,0,20772,830,1.482041121
831,0,20673.80154,16523,-67.92300202,-4218.724538,-0.560875034,-34.83617035,-4150.801536,-34.27529532,2.978002432,88.66155119,1.025830258,9.566116218,0,0,20741.72454,20741.72454,0,20772,831,1.483880043
832,0,20678.48403,15950,-63.24050904,-4791.724538,-0.52220929,-39.56772498,-4728.484029,-39.04551569,2.352526106,90.52365173,25.83333333,37.50192556,0,0,20741.72454,20741.72454,0,20772,832,1.485793352
833,0,20677.07776,16780,-64.64677389,-3961.724538,-0.5338215395,-32.71398966,-3897.077765,-32.18016812,2.619488937,79.5639973,0.7669172932,8.821158714,0,0,20741.72454,20741.72454,0,20772,833,1.48764205
834,0,20673.37387,16365,-68.35066513,-4376.724538,-0.5644064675,-36.14085732,-4308.373873,-35.57645085,2.998860813,95.52798689,8.833333333,21.79307616,0,0,20741.72454,20741.72454,0,20772,834,1.489591599
835,0,20686.43715,20700,-55.28739215,-41.72453849,-0.4565363284,-0.3445408956,13.56285366,0.1119954328,4.918423327,4.918423327,0.1474164134,0.2352506628,0,0,20741.72454,20741.72454,0,20772,835,1.491504431
836,0,20692.13156,20548,-49.59297651,-193.7245385,-0.4095146204,-1.599682786,-144.131562,-1.190168166,4.222432106,15.49644117,0.9574468085,2.493699862,0,0,20741.72454,20741.72454,0,20772,836,1.493016005
837,0,20741.72454,16237,0,-4504.724538,0,-37.19781891,-4504.724538,-37.19781891,1.739794124,79.72348293,14.83333333,25.70643739,0,0,20741.72454,20741.72454,0,20772,837,1.494652748
838,0,20676.10185,16243,-65.62268665,-4498.724538,-0.5418801513,-37.14827383,-4433.101852,-36.60639368,2.782108897,90.30326565,16,26.4138637,0,0,20741.72454,20741.72454,0,20772,838,1.496306896
839,0,20682.4752,20733,-59.24933394,-8.724538491,-0.489252112,-0.07204298511,50.52479545,0.4172091269,5.393599646,5.393599646,0.163410302,0.1808394959,0,0,20741.72454,20741.72454,0,20772,839,1.498364925
840,0,20741.72454,16097,0,-4644.724538,0,-38.35387065,-4644.724538,-38.35387065,0.690729624,85.1241355,34.5,44.78358138,0,0,20741.72454,20741.72454,0,20772,840,1.500357866
841,0,20671.02809,15950,-70.69645109,-4791.724538,-0.5837768242,-39.56772498,-4721.028087,-38.98394816,4.299110604,99.60163568,1.094017094,10.11045538,0,0,20741.72454,20741.72454,0,20772,841,1.502167225
842,0,20669.18105,16000,-72.54348948,-4741.724538,-0.5990287668,-39.15484936,-4669.181049,-38.55582059,3.627822641,102.3360767,1.062146893,10.07697713,0,0,20741.72454,20741.72454,0,20772,842,1.504398346
843,0,20687.07475,17326,-54.64978494,-3415.724538,-0.4512712789,-28.20538786,-3361.074754,-27.75411658,2.92102709,67.00703216,0.7517985612,7.306923948,0,0,20741.72454,20741.72454,0,20772,843,1.506398201
844,0,20687.80694,15661,-53.91759481,-5080.724538,-0.4452252098,-41.95414607,-5026.806944,-41.50892086,2.522098536,98.41274953,47.83333333,58.34171774,0,0,20741.72454,20741.72454,0,20772,844,1.507771969
845,0,20679.65245,16673,-62.07208527,-4068.724538,-0.5125610163,-33.59754349,-4006.652453,-33.08498247,3.240065823,89.99362749,1.553191489,10.1635537,0,0,20741.72454,20741.72454,0,20772,845,1.509540558
846,0,20678.84066,17980,-62.88387575,-2761.724538,-0.5192643862,-22.80497473,-2698.840663,-22.28571034,4.809144745,66.00211323,0.5474860335,6.366949042,0,0,20741.72454,20741.72454,0,20772,846,1.511256456
847,0,20673.27481,16084,-68.44973082,-4657.724538,-0.5652245037,-38.46121831,-4589.274808,-37.89599381,4.114647999,88.7652817,8.333333333,20.01173831,0,0,20741.72454,20741.72454,0,20772,847,1.51307106
848,0,20668.39631,15972,-73.32822646,-4769.724538,-0.6055087421,-39.38605971,-4696.396312,-38.78055096,3.765211808,86.62095522,1.51417004,11.05457557,0,0,20741.72454,20741.72454,0,20772,848,1.514942884
849,0,20672.07502,20727,-69.6495151,-14.72453849,-0.5751317373,-0.1215880597,54.92497661,0.4535436775,4.447007315,4.447007315,0.2735042735,0.2870584481,0,0,20741.72454,20741.72454,0,20772,849,1.516633511
850,0,20694.38259,20696,-47.34194532,-45.72453849,-0.3909267024,-0.3775709453,1.617406832,0.01335575703,2.455438039,2.455438039,0.09116809117,0.1867328478,0,0,20741.72454,20741.72454,0,20772,850,1.518210888
851,0,20678.34522,20251,-63.37931968,-490.7245385,-0.5233555206,-4.052163981,-427.3452188,-3.52880846,2.322330155,24.7606101,10.5,14.26895193,0,0,20741.72454,20741.72454,0,20772,851,1.519435406
852,0,20690.2466,16485,-51.47794235,-4256.724538,-0.4250797493,-35.14995582,-4205.246596,-34.72487608,2.222434286,87.26995526,0.7675276753,8.946381298,0,0,20741.72454,20741.72454,0,20772,852,1.521086454
853,0,20666.69438,15843,-75.03016229,-4898.724538,-0.6195624984,-40.45127881,-4823.694376,-39.83171631,2.324287517,92.27449597,9.666666667,20.63464857,0,0,20741.72454,20741.72454,0,20772,853,1.522571802
854,0,20667.04079,16985,-74.68375015,-3756.724538,-0.6167019958,-31.02119961,-3682.040788,-30.40449761,2.183581347,74.28451289,1.455337691,8.839332546,0,0,20741.72454,20741.72454,0,20772,854,1.524065733
855,0,20667.20715,20735,-74.51739184,-6.724538491,-0.61532829,-0.05552796023,67.79285334,0.5598003297,3.871594101,3.871594101,0.07565789474,0.1032822041,0,0,20741.72454,20741.72454,0,20772,855,1.525702715
856,0,20702.99309,15869,-38.73144868,-4872.724538,-0.3198254192,-40.23658349,-4833.99309,-39.91675807,1.383777203,89.60683306,18.83333333,30.43092682,0,0,20741.72454,20741.72454,0,20772,856,1.527571917
857,0,20664.52252,16280,-77.20201428,-4461.724538,-0.6374965932,-36.84274587,-4384.522524,-36.20524928,3.236211356,86.18306674,1.5,12.43995522,0,0,20741.72454,20741.72454,0,20772,857,1.528980732
858,0,20669.77576,17120,-71.94877995,-3621.724538,-0.5941179454,-29.90643543,-3549.775759,-29.31231748,4.093480324,68.69355657,1.989361702,9.039856489,0,0,20741.72454,20741.72454,0,20772,858,1.530809402
859,0,20672.29737,15948,-69.42716753,-4793.724538,-0.5732956994,-39.58424,-4724.297371,-39.0109443,3.003655471,99.00118933,2,11.94265087,0,0,20741.72454,20741.72454,0,20772,859,1.532695293
860,0,20679.05833,16666,-62.66620657,-4075.724538,-0.5174669802,-33.65534607,-4013.058332,-33.13787909,4.430406663,81.86929037,1.670212766,9.959436789,0,0,20741.72454,20741.72454,0,20772,860,1.534504175
861,0,20675.46743,20714,-66.25710432,-27.72453849,-0.5471188631,-0.2289357214,38.53256583,0.3181831416,5.429395436,5.429395436,0.3505535055,0.3826045506,0,0,20741.72454,20741.72454,0,20772,861,1.53604269
862,0,20741.72454,16314,0,-4427.724538,0,-36.56199045,-4427.724538,-36.56199045,1.528992889,80.42650291,41,51.65270852,0,0,20741.72454,20741.72454,0,20772,862,1.537978649
863,0,20675.16146,16582,-66.56307766,-4159.724538,-0.5496454418,-34.34897712,-4093.161461,-33.79933168,3.3144441,77.95052605,9.833333333,20.11687702,0,0,20741.72454,20741.72454,0,20772,863,1.53929925
864,0,20665.30248,16595,-76.42206046,-4146.724538,-0.6310561148,-34.24162946,-4070.302478,-33.61057334,3.24096299,81.63389507,0.7801608579,8.361008288,0,0,20741.72454,20741.72454,0,20772,864,1.541134357
865,0,20676.19046,16096,-65.53408024,-4645.724538,-0.5411484828,-38.36212816,-4580.190458,-37.82097968,4.61833755,85.07454643,23.33333333,33.13734494,0,0,20741.72454,20741.72454,0,20772,865,1.543267012
866,0,20668.13867,16150,-73.58587081,-4591.724538,-0.6076362436,-37.91622249,-4518.138668,-37.30858625,3.642322963,87.13929274,14.83333333,24.72173979,0,0,20741.72454,20741.72454,0,20772,866,1.545148373
867,0,20669.71945,16601,-72.00509044,-4140.724538,-0.59458293,-34.19208438,-4068.719448,-33.59750145,3.182119233,81.55493209,8.666666667,19.20251058,0,0,20741.72454,20741.72454,0,20772,867,1.54693675
868,0,20670.23857,15982,-71.48596701,-4759.724538,-0.5902962618,-39.30348458,-4688.238571,-38.71318832,4.4294723,91.52310596,1.094972067,10.91746178,0,0,20741.72454,20741.72454,0,20772,868,1.548781157
869,0,20689.57098,20723,-52.15356105,-18.72453849,-0.4306586791,-0.1546181095,33.42902256,0.2760405696,6.039376689,6.039376689,0.09743040685,0.2009626452,0,0,20741.72454,20741.72454,0,20772,869,1.550493956
870,0,20723.34841,20763,-18.37612452,21.27546151,-0.1517410768,0.1756823881,39.65158603,0.3274234648,3.859225327,3.859225327,0.5474860335,0.5474860335,0,0,20741.72454,20741.72454,0,20772,870,1.55194521
871,0,20741.72454,17002,0,-3739.724538,0,-30.88082189,-3739.724538,-30.88082189,0.4483079783,73.34768942,9.5,17.12542996,0,0,20741.72454,20741.72454,0,20772,871,1.553622246
872,0,20677.76998,16049,-63.95455542,-4692.724538,-0.5281055369,-38.75023125,-4628.769983,-38.22212571,4.455343773,92.98641618,23.66666667,33.88647335,0,0,20741.72454,20741.72454,0,20772,872,1.555159092
873,0,20672.08481,16551,-69.63973332,-4190.724538,-0.5750509641,-34.60496,-4121.084805,-34.02990904,3.800396021,90.10604557,0.829787234,9.520269363,0,0,20741.72454,20741.72454,0,20772,873,1.557090759
874,0,20676.34677,20749,-65.37777278,7.275461509,-0.539857772,0.06007721391,72.65323429,0.5999349859,4.85809299,4.85809299,0.167587477,0.1720484435,0,0,20741.72454,20741.72454,0,20772,874,1.558815956
875,0,20741.72454,16438,0,-4303.724538,0,-35.53805891,-4303.724538,-35.53805891,0.8561033089,86.75378183,1.636871508,9.959027515,0,0,20741.72454,20741.72454,0,20772,875,1.560836554
876,0,20663.37217,20688,-78.35236355,-53.72453849,-0.6469956166,-0.4436310449,24.62782506,0.2033645718,3.987693093,3.987693093,0.1336898396,0.1684856036,0,0,20741.72454,20741.72454,0,20772,876,1.562576056
877,0,20741.72454,16910,0,-3831.724538,0,-31.64051304,-3831.724538,-31.64051304,0.9457445216,75.06250477,2.197740113,11.86040488,0,0,20741.72454,20741.72454,0,20772,877,1.564348936
878,0,20668.11619,17375,-73.60834738,-3366.724538,-0.6078218441,-27.80076975,-3293.116191,-27.19294791,3.098541207,66.96749247,14.83333333,23.74036382,0,0,20741.72454,20741.72454,0,20772,878,1.565923691
879,0,20667.57262,17280,-74.15191877,-3461.724538,-0.6123103916,-28.58523344,-3387.57262,-27.97292304,3.834525735,79.89117028,0.793006993,7.932793121,0,0,20741.72454,20741.72454,0,20772,879,1.567969322
880,0,20670.2227,15629,-71.50184108,-5112.724538,-0.5904273421,-42.21838647,-5041.222697,-41.62795913,4.318311068,93.43563009,1.200573066,10.50506564,0,0,20741.72454,20741.72454,0,20772,880,1.569927454
881,0,20673.41863,20737,-68.30590853,-4.724538491,-0.5640368893,-0.03901293536,63.58137004,0.525023954,4.537516375,4.537516375,0.1626712329,0.2575539621,0,0,20741.72454,20741.72454,0,20772,881,1.571605921
882,0,20741.72454,19940,0,-801.7245385,0,-6.620250349,-801.7245385,-6.620250349,2.066733427,21.93326657,0.9574468085,3.768850332,0,0,20741.72454,20741.72454,0,20772,882,1.573782444
883,0,20720.1912,16938,-21.53333636,-3803.724538,-0.1778117929,-31.40930269,-3782.191202,-31.2314909,1.30874283,71.01994955,0.968879668,7.887079189,0,0,20741.72454,20741.72454,0,20772,883,1.574951649
884,0,20668.81289,16434,-72.91164742,-4307.724538,-0.6020688355,-35.57108896,-4234.812891,-34.96902012,3.858625139,88.37664633,1.166666667,11.90918086,0,0,20741.72454,20741.72454,0,20772,884,1.576710224
885,0,20672.56248,20720,-69.16206045,-21.72453849,-0.5711065744,-0.1793906468,47.43752196,0.3917159276,3.729587227,3.729587227,0.243315508,0.243315508,0,0,20741.72454,20741.72454,0,20772,885,1.578411579
886,0,20741.72454,17370,0,-3371.724538,0,-27.84205732,-3371.724538,-27.84205732,1.263472474,70.78482929,2.833333333,12.04947307,0,0,20741.72454,20741.72454,0,20772,886,1.580525398
887,0,20672.16561,16465,-69.55892714,-4276.724538,-0.574383706,-35.31510607,-4207.165611,-34.74072237,4.266728365,86.38874603,7.166666667,18.08505641,0,0,20741.72454,20741.72454,0,20772,887,1.582180977
888,0,20675.26825,20711,-66.4562906,-30.72453849,-0.5487636462,-0.2537082588,35.73175211,0.2950553875,3.471026233,3.471026233,0.243315508,0.2858985454,0,0,20741.72454,20741.72454,0,20772,888,1.583837509
889,0,20681.97176,15816,-59.75277381,-4925.724538,-0.493409273,-40.67423165,-4865.971765,-40.18082237,2.056357099,95.20664515,16,26.39517045,0,0,20741.72454,20741.72454,0,20772,889,1.58582449
890,0,20668.79709,16420,-72.92745273,-4321.724538,-0.602199348,-35.68669413,-4248.797086,-35.08449479,3.904012986,86.57775064,1.180851064,8.77773546,0,0,20741.72454,20741.72454,0,20772,890,1.587241411
891,0,20668.63906,16634,-73.08547879,-4107.724538,-0.6035042502,-33.91958647,-4034.63906,-33.31608222,4.602713036,79.58441453,10,20.04818802,0,0,20741.72454,20741.72454,0,20772,891,1.589105606
892,0,20669.19209,16562,-72.53244679,-4179.724538,-0.5989375815,-34.51412737,-4107.192092,-33.91518979,3.386932594,81.00476668,15.16666667,25.82143694,0,0,20741.72454,20741.72454,0,20772,892,1.5911479
893,0,20666.34485,15983,-75.37969343,-4758.724538,-0.6224487561,-39.29522707,-4683.344845,-38.67277831,2.822491229,94.09789433,1.512820513,10.12261312,0,0,20741.72454,20741.72454,0,20772,893,1.593246222
894,0,20669.7064,15861,-72.01813785,-4880.724538,-0.5946906691,-40.30264359,-4808.706401,-39.70795292,3.678014558,91.97483522,0.7259100642,9.856696471,0,0,20741.72454,20741.72454,0,20772,894,1.595155954
895,0,20669.20149,17443,-72.52304606,-3298.724538,-0.5988599549,-27.23925891,-3226.201492,-26.64039895,4.032988621,69.02023452,1.666666667,9.773053573,0,0,20741.72454,20741.72454,0,20772,895,1.59678793
896,0,20673.05745,16063,-68.66709186,-4678.724538,-0.5670193652,-38.63462607,-4610.057447,-38.06760671,3.948140051,93.69432008,2,12.0370413,0,0,20741.72454,20741.72454,0,20772,896,1.598767042
897,0,20670.32814,17177,-71.39640314,-3564.724538,-0.589556687,-29.43575722,-3493.328135,-28.84620053,3.68544906,77.19883818,10,20.47275471,0,0,20741.72454,20741.72454,0,20772,897,1.600641966
898,0,20672.85504,16679,-68.86950126,-4062.724538,-0.5686907633,-33.54799841,-3993.855037,-32.97930765,4.311547243,89.04687834,0.9436997319,8.40929291,0,0,20741.72454,20741.72454,0,20772,898,1.602365971
899,0,20671.87847,16673,-69.8460716,-4068.724538,-0.576754805,-33.59754349,-3998.878467,-33.02078868,5.852118714,82.2597394,1.372881356,9.339684027,0,0,20741.72454,20741.72454,0,20772,899,1.604153633
900,0,20676.76642,20685,-64.95811458,-56.72453849,-0.5363924391,-0.4684035822,8.233576084,0.06798885693,4.104881966,4.104881966,0.1474164134,0.2117317661,0,0,20741.72454,20741.72454,0,20772,900,1.605930805
901,0,20710.00375,17146,-31.72079087,-3595.724538,-0.2619348252,-29.6917401,-3564.003748,-29.42980528,2.980556376,69.23831857,0.914893617,8.380396002,0,0,20741.72454,20741.72454,0,20772,901,1.607578278
902,0,20678.67565,17090,-63.04888506,-3651.724538,-0.5206269526,-30.1541608,-3588.675653,-29.63353385,3.773736532,75.26535083,2.234042553,11.11621967,0,0,20741.72454,20741.72454,0,20772,902,1.609181881
903,0,20675.91849,20742,-65.80605011,0.2754615092,-0.5433942773,0.002274626839,66.08151162,0.5456689042,4.850346572,4.850346572,0.1326815642,0.1522197525,0,0,20741.72454,20741.72454,0,20772,903,1.610927105
904,0,20741.72454,16860,0,-3881.724538,0,-32.05338866,-3881.724538,-32.05338866,0.9013517039,78.35151371,1.263157895,10.90277515,0,0,20741.72454,20741.72454,0,20772,904,1.612598896
905,0,20669.57367,16282,-72.15086946,-4459.724538,-0.5957867021,-36.82623085,-4387.573669,-36.23044415,4.451798572,88.90752167,14.83333333,23.92233258,0,0,20741.72454,20741.72454,0,20772,905,1.614336252
906,0,20671.60986,20687,-70.11467879,-54.72453849,-0.5789728322,-0.4518885573,15.3901403,0.1270842749,2.830058796,2.830058796,0.07234042553,0.1759278522,0,0,20741.72454,20741.72454,0,20772,906,1.616234541
907,0,20674.52051,20471,-67.20402922,-270.7245385,-0.5549381072,-2.235511244,-203.5205093,-1.680573137,2.399921641,19.17801361,0.5321637427,2.521639371,0,0,20741.72454,20741.72454,0,20772,907,1.617495537
908,0,20705.59726,16795,-36.12727789,-3946.724538,-0.2983214465,-32.59012697,-3910.597261,-32.29180552,2.259150754,77.18020757,9.166666667,17.98318031,0,0,20741.72454,20741.72454,0,20772,908,1.619079113
909,0,20672.54252,20749,-69.18201658,7.275461509,-0.5712713625,0.06007721391,76.45747809,0.6313485764,4.505679963,4.505679963,0.1678700361,0.1678700361,0,0,20741.72454,20741.72454,0,20772,909,1.62042737
910,0,20741.72454,17284,0,-3457.724538,0,-28.55220339,-3457.724538,-28.55220339,0.4019504402,75.16764981,0.9511278195,8.715575922,0,0,20741.72454,20741.72454,0,20772,910,1.622376204
911,0,20670.18128,17166,-71.54325552,-3575.724538,-0.5907693223,-29.52658985,-3504.181283,-28.93582053,4.060383579,70.33200044,31.33333333,39.48468599,0,0,20741.72454,20741.72454,0,20772,911,1.624324799
912,0,20668.93669,15888,-72.78784372,-4853.724538,-0.6010465249,-40.07969075,-4780.936695,-39.47864423,2.513815385,94.90427298,0.9574468085,11.4841309,0,0,20741.72454,20741.72454,0,20772,912,1.62630558
913,0,20670.48885,16267,-71.23568358,-4474.724538,-0.5882295433,-36.95009354,-4403.488855,-36.36186399,3.451545028,91.48600258,0.8433048433,9.052467401,0,0,20741.72454,20741.72454,0,20772,913,1.628247261
914,0,20667.76852,15786,-73.95601645,-4955.724538,-0.6106927257,-40.92195702,-4881.768522,-40.31126429,5.369248339,94.62016966,26,36.48425367,0,0,20741.72454,20741.72454,0,20772,914,1.630127907
915,0,20679.10689,20677,-62.61764751,-64.72453849,-0.5170660032,-0.5344636817,-2.106890984,-0.01739767851,6.238363071,6.238363071,0.243315508,0.495087493,0,0,20741.72454,20741.72454,0,20772,915,1.631647587
916,0,20688.82591,17317,-52.89862578,-3424.724538,-0.4368110604,-28.27970548,-3371.825913,-27.84289442,3.494794294,78.84116737,16,24.49924106,0,0,20741.72454,20741.72454,0,20772,916,1.633240461
917,0,20675.42475,20678,-66.29978575,-63.72453849,-0.5474713055,-0.5262061692,2.575247257,0.02126513626,4.093066477,4.093066477,0.07598784195,0.215877833,0,0,20741.72454,20741.72454,0,20772,917,1.634378433
918,0,20676.1043,20362,-65.62024276,-379.7245385,-0.5418599708,-3.1355801,-314.1042957,-2.593720129,3.582603365,22.64429438,0.5263157895,3.031341028,0,0,20741.72454,20741.72454,0,20772,918,1.635671616
919,0,20675.08727,16240,-66.63726786,-4501.724538,-0.5502580682,-37.17304637,-4435.087271,-36.6227883,3.756172825,86.04185748,1.489361702,11.17238378,0,0,20741.72454,20741.72454,0,20772,919,1.637216806
920,0,20677.36691,16444,-64.35762477,-4297.724538,-0.531433887,-35.48851383,-4233.366914,-34.95707995,2.465655135,86.68663878,16,25.70216511,0,0,20741.72454,20741.72454,0,20772,920,1.638489962
921,0,20678.59034,16777,-63.13420314,-3964.724538,-0.5213314677,-32.73876219,-3901.590335,-32.21743072,3.053867042,81.51792004,18.16666667,27.29647172,0,0,20741.72454,20741.72454,0,20772,921,1.640482187
922,0,20682.46617,15897,-59.25836783,-4844.724538,-0.4893267094,-40.00537314,-4785.466171,-39.51604643,3.061940491,90.19885179,26.5,36.52783669,0,0,20741.72454,20741.72454,0,20772,922,1.642333746
923,0,20668.98405,20753,-72.74048737,11.27546151,-0.6006554792,0.09310726366,84.01594888,0.6937627429,3.920432814,3.920432814,0.07565789474,0.07565789474,0,0,20741.72454,20741.72454,0,20772,923,1.644468784
924,0,20741.72454,17039,0,-3702.724538,0,-30.57529393,-3702.724538,-30.57529393,0.7623091342,81.16819985,16.33333333,25.97305631,0,0,20741.72454,20741.72454,0,20772,924,1.646780014
925,0,20670.96216,16591,-70.76238124,-4150.724538,-0.5843212433,-34.27465951,-4079.962157,-33.69033826,3.994492574,82.1166751,24.5,33.4149792,0,0,20741.72454,20741.72454,0,20772,925,1.648512125
926,0,20671.8232,16606,-69.90133977,-4135.724538,-0.5772111826,-34.15079682,-4065.823199,-33.57358564,3.40351881,87.11140851,35.5,46.74496041,0,0,20741.72454,20741.72454,0,20772,926,1.650566101
927,0,20674.35686,16854,-67.36767536,-3887.724538,-0.5562894172,-32.10293373,-3820.356863,-31.54664432,4.016233927,78.67530753,16,25.23940381,0,0,20741.72454,20741.72454,0,20772,927,1.652618408
928,0,20672.04867,17144,-69.67586621,-3597.724538,-0.5753493319,-29.70825513,-3528.048672,-29.1329058,3.12750379,77.82143953,3.138297872,11.12216431,0,0,20741.72454,20741.72454,0,20772,928,1.654735088
929,0,20668.07394,16457,-73.6505964,-4284.724538,-0.6081707159,-35.38116617,-4211.073942,-34.77299546,2.830424747,84.39054156,10.16666667,20.43449765,0,0,20741.72454,20741.72454,0,20772,929,1.656700373
930,0,20675.36495,17023,-66.35958523,-3718.724538,-0.5479651005,-30.70741413,-3652.364953,-30.15944903,2.384792669,74.79057706,0.8057395143,8.26246876,0,0,20741.72454,20741.72454,0,20772,930,1.658799648
931,0,20675.05943,17112,-66.6651039,-3629.724538,-0.5504879247,-29.97249553,-3563.059435,-29.4220076,4.854060282,77.36548119,1.994413408,10.31739085,0,0,20741.72454,20741.72454,0,20772,931,1.660412073
932,0,20668.62453,16112,-73.10000528,-4629.724538,-0.6036242029,-38.23000796,-4556.624533,-37.62638376,4.18806834,90.15318893,16.33333333,27.09878395,0,0,20741.72454,20741.72454,0,20772,932,1.662194967
933,0,20667.48221,16034,-74.24232964,-4707.724538,-0.6130569605,-38.87409393,-4633.482209,-38.26103697,3.912017128,93.55333158,0.9761904762,11.53795915,0,0,20741.72454,20741.72454,0,20772,933,1.664153099
934,0,20671.21954,20722,-70.50499434,-19.72453849,-0.5821958677,-0.1628756219,50.78045584,0.4193202458,4.591077102,4.591077102,0.06743421053,0.1416608819,0,0,20741.72454,20741.72454,0,20772,934,1.666236877
935,0,20703.78398,20741,-37.94055763,-0.7245384908,-0.3132946266,-0.0059828856,37.21601914,0.307311741,3.758488175,3.758488175,0.06743421053,0.08871080627,0,0,20741.72454,20741.72454,0,20772,935,1.66807723
936,0,20734.06898,17017,-7.65556282,-3724.724538,-0.06321590521,-30.75695921,-3717.068976,-30.6937433,2.586999921,78.18731793,1.223463687,8.827651075,0,0,20741.72454,20741.72454,0,20772,936,1.669252396
937,0,20671.41462,15934,-70.30991591,-4807.724538,-0.5805850052,-39.69984518,-4737.414623,-39.11926017,3.702770617,95.63111063,24.66666667,34.81681036,0,0,20741.72454,20741.72454,0,20772,937,1.670984507
938,0,20679.85246,16820,-61.87208285,-3921.724538,-0.5109094937,-32.38368916,-3859.852456,-31.87277966,4.194742109,77.02577174,1.101214575,9.163124968,0,0,20741.72454,20741.72454,0,20772,938,1.673066378
939,0,20679.81691,20723,-61.90763228,-18.72453849,-0.5112030436,-0.1546181095,43.18309378,0.3565849341,4.055945359,4.055945359,0.1012793177,0.1346414798,0,0,20741.72454,20741.72454,0,20772,939,1.674886227
940,0,20688.94241,16852,-52.78213162,-3889.724538,-0.4358491084,-32.11944876,-3836.942407,-31.68359965,1.623117297,73.4105079,1.391812865,11.03892771,0,0,20741.72454,20741.72454,0,20772,940,1.676906109
941,0,20665.91629,16202,-75.80824442,-4539.724538,-0.6259875213,-37.48683184,-4463.916294,-36.86084432,3.87326403,92.37974561,0.9468085106,10.89682122,0,0,20741.72454,20741.72454,0,20772,941,1.678389311
942,0,20670.16117,16574,-71.5633649,-4167.724538,-0.5909353759,-34.41503722,-4096.161174,-33.82410184,4.606335139,87.34184164,0.7530364372,8.592976688,0,0,20741.72454,20741.72454,0,20772,942,1.680451155
943,0,20672.74762,17454,-68.97691916,-3287.724538,-0.569577768,-27.14842627,-3218.747619,-26.5788485,4.08868161,68.58449692,31,38.5587051,0,0,20741.72454,20741.72454,0,20772,943,1.68221283
944,0,20672.20148,16510,-69.52306258,-4231.724538,-0.574087554,-34.94351801,-4162.201476,-34.36943046,4.204295748,91.68602517,1.957446809,10.5032854,0,0,20741.72454,20741.72454,0,20772,944,1.684177399
945,0,20678.42807,16511,-63.29647037,-4230.724538,-0.5226713914,-34.9352605,-4167.428068,-34.41258911,5.13011519,84.93424162,1.246031746,9.888365388,0,0,20741.72454,20741.72454,0,20772,945,1.685922146
946,0,20669.16701,16667,-72.55753313,-4074.724538,-0.5991447324,-33.64708856,-4002.167005,-33.04794383,4.707422457,82.36457098,0.7494646681,8.742761851,0,0,20741.72454,20741.72454,0,20772,946,1.687706232
947,0,20670.4123,16586,-71.31223729,-4155.724538,-0.5888616864,-34.31594707,-4084.412301,-33.72708538,5.411686911,79.63281237,1.636871508,9.317452336,0,0,20741.72454,20741.72454,0,20772,947,1.689422131
948,0,20668.06591,16036,-73.65862743,-4705.724538,-0.6082370322,-38.85757891,-4632.065911,-38.24934188,4.652015231,91.17888015,1.436170213,11.07344483,0,0,20741.72454,20741.72454,0,20772,948,1.691420078
949,0,20667.4716,16204,-74.25293485,-4537.724538,-0.6131445331,-37.47031682,-4463.471604,-36.85717229,3.681466235,95.07059489,1.478723404,11.33191128,0,0,20741.72454,20741.72454,0,20772,949,1.693063021
950,0,20672.91836,20700,-68.80617534,-41.72453849,-0.5681678487,-0.3445408956,27.08163685,0.2236269531,4.849558565,4.849558565,0.3270676692,0.3750250404,0,0,20741.72454,20741.72454,0,20772,950,1.698087931
951,0,20741.72454,15737,0,-5004.724538,0,-41.32657513,-5004.724538,-41.32657513,1.099247679,86.16647014,1,11.91569681,0,0,20741.72454,20741.72454,0,20772,951,1.700252771
952,0,20667.54836,17244,-74.17617371,-3497.724538,-0.6125106771,-28.88250388,-3423.548365,-28.26999321,2.884390042,72.468763,10.33333333,21.03166039,0,0,20741.72454,20741.72454,0,20772,952,1.702184677
953,0,20678.79616,16047,-62.92837989,-4694.724538,-0.5196318797,-38.76674627,-4631.796159,-38.24711439,4.109560372,92.8186687,16.33333333,26.76829133,0,0,20741.72454,20741.72454,0,20772,953,1.704165936
954,0,20676.21501,20704,-65.50953314,-37.72453849,-0.5409457847,-0.3115108458,27.78499464,0.2294349389,4.747772231,4.747772231,0.2735042735,0.3107496575,0,0,20741.72454,20741.72454,0,20772,954,1.705986023
955,0,20694.18725,20629,-47.53728415,-112.7245385,-0.3925397152,-0.9308242787,-65.18725434,-0.5382845636,2.788744871,9.242358049,0.9042553191,1.601174659,0,0,20741.72454,20741.72454,0,20772,955,1.707972288
956,0,20741.72454,15866,-3.637978807e-12,-4875.724538,-3.004065525e-14,-40.26135602,-4875.724538,-40.26135602,1.211607912,88.10872552,9.166666667,18.8871853,0,0,20741.72454,20741.72454,0,20772,956,1.709547281
957,0,20675.06916,15966,-66.65538323,-4775.724538,-0.5504076561,-39.43560478,-4709.069155,-38.88519712,3.904293107,92.8512256,1.206642066,10.47382985,0,0,20741.72454,20741.72454,0,20772,957,1.711457253
958,0,20684.60783,16572,-57.11670978,-4169.724538,-0.4716419415,-34.43155224,-4112.607829,-33.9599103,3.050506399,84.20025,31.33333333,41.64766962,0,0,20741.72454,20741.72454,0,20772,958,1.713094473
959,0,20685.76889,16648,-55.95564413,-4093.724538,-0.4620544274,-33.8039813,-4037.768894,-33.34192687,3.394538846,85.73422951,7.5,17.72014769,0,0,20741.72454,20741.72454,0,20772,959,1.715142727
960,0,20685.42596,20716,-56.2985773,-25.72453849,-0.4648862023,-0.2124206966,30.57403881,0.2524655058,4.488458608,4.488458608,0.243315508,0.3656465386,0,0,20741.72454,20741.72454,0,20772,960,1.716975212
961,0,20690.88634,20397,-50.83820169,-344.7245385,-0.4197970829,-2.846567165,-293.8863368,-2.426770082,3.356181769,19.17525178,0.914893617,3.652333698,0,0,20741.72454,20741.72454,0,20772,961,1.718729973
962,0,20706.91489,16464,-34.80964904,-4277.724538,-0.2874411099,-35.32336359,-4242.914889,-35.03592248,4.109706827,81.87222148,1.145748988,9.589735105,0,0,20741.72454,20741.72454,0,20772,962,1.720391273
963,0,20667.20883,15448,-74.5157133,-5293.724538,-0.6153144294,-43.71299622,-5219.208825,-43.09768179,3.157471553,102.0318429,1.284916201,11.52593656,0,0,20741.72454,20741.72454,0,20772,963,1.722248316
964,0,20667.31188,16576,-74.41265795,-4165.724538,-0.6144634487,-34.39852219,-4091.311881,-33.78405874,4.430913243,80.44821967,0.888252149,9.163311216,0,0,20741.72454,20741.72454,0,20772,964,1.724149466
965,0,20674.92507,15810,-66.799465,-4931.724538,-0.5515974132,-40.72377672,-4864.925073,-40.17217931,4.473864684,94.62304939,24.83333333,33.66655806,0,0,20741.72454,20741.72454,0,20772,965,1.72577405
966,0,20671.23217,20728,-70.4923705,-13.72453849,-0.5820916262,-0.1133305473,56.76783201,0.4687610789,4.243479711,4.243479711,0.3724696356,0.3724696356,0,0,20741.72454,20741.72454,0,20772,966,1.72773385
967,0,20741.72454,16400,0,-4341.724538,0,-35.85184438,-4341.724538,-35.85184438,0.8165019264,86.1078607,17.66666667,25.85150299,0,0,20741.72454,20741.72454,0,20772,967,1.730048895
968,0,20668.4064,15822,-73.3181369,-4919.724538,-0.6054254275,-40.62468657,-4846.406402,-40.01926114,3.909273219,91.41180853,25.33333333,35.48346049,0,0,20741.72454,20741.72454,0,20772,968,1.731856108
969,0,20675.1774,16188,-66.54713433,-4553.724538,-0.5495137895,-37.60243702,-4487.177404,-37.05292323,4.45353718,90.61581813,41.5,51.68419848,0,0,20741.72454,20741.72454,0,20772,969,1.73349762
970,0,20670.70984,16832,-71.01470245,-3909.724538,-0.5864047888,-32.28459901,-3838.709836,-31.69819422,3.760718064,81.38130829,2.585106383,11.09548364,0,0,20741.72454,20741.72454,0,20772,970,1.735421658
971,0,20681.66454,16720,-60.0599942,-4021.724538,-0.4959461492,-33.2094404,-3961.664544,-32.71349425,5.602385633,85.52343451,1.819148936,11.02624427,0,0,20741.72454,20741.72454,0,20772,971,1.737497091
972,0,20669.38504,20694,-72.33949416,-47.72453849,-0.5973442729,-0.3940859702,24.61495567,0.2032583026,4.171774462,4.171774462,0.2513227513,0.3417526039,0,0,20741.72454,20741.72454,0,20772,972,1.73935461
973,0,20675.44079,15693,-66.28375202,-5048.724538,-0.5473389068,-41.68990568,-4982.440786,-41.14256677,2.211260324,99.74853052,1.156424581,10.81428401,0,0,20741.72454,20741.72454,0,20772,973,1.741130829
974,0,20683.88672,20731,-57.83782122,-10.72453849,-0.4775965282,-0.08855800999,47.11328273,0.3890385182,5.025208154,5.025208154,0.125698324,0.2173131561,0,0,20741.72454,20741.72454,0,20772,974,1.742707729
975,0,20741.72454,15983,-3.637978807e-12,-4758.724538,-3.004065525e-14,-39.29522707,-4758.724538,-39.29522707,2.35840298,85.99125871,1.384615385,11.53155473,0,0,20741.72454,20741.72454,0,20772,975,1.744624853
976,0,20671.9582,17046,-69.76633898,-3695.724538,-0.5760964119,-30.51749135,-3625.9582,-29.94139493,3.043917867,69.71668417,10.5,17.78336084,0,0,20741.72454,20741.72454,0,20772,976,1.746361256
977,0,20665.74057,16778,-75.983972,-3963.724538,-0.6274385939,-32.73050468,-3887.740566,-32.10306609,3.948785221,82.86161332,0.814479638,8.25250865,0,0,20741.72454,20741.72454,0,20772,977,1.748016596
978,0,20674.83575,20717,-66.88878581,-24.72453849,-0.5523349809,-0.2041631841,42.16424732,0.3481717967,4.424059376,4.424059376,0.167587477,0.2419344865,0,0,20741.72454,20741.72454,0,20772,978,1.750145912
979,0,20697.19219,20678,-44.53234818,-63.72453849,-0.367726419,-0.5262061692,-19.19219031,-0.1584797502,3.564868222,3.564868222,0.06552706553,0.1959944204,0,0,20741.72454,20741.72454,0,20772,979,1.751653194
980,0,20679.10845,20603,-62.61608588,-138.7245385,-0.517053108,-1.145519602,-76.10845261,-0.6284664942,3.334989904,13.49743629,0.914893617,2.00390574,0,0,20741.72454,20741.72454,0,20772,980,1.752886534
981,0,20741.72454,16782,3.637978807e-12,-3959.724538,3.004065525e-14,-32.69747463,-3959.724538,-32.69747463,1.37568307,75.46305142,1.485875706,8.854148241,0,0,20741.72454,20741.72454,0,20772,981,1.754388571
982,0,20667.54255,16526,-74.1819925,-4215.724538,-0.6125587258,-34.81139781,-4141.542546,-34.19883909,3.720640387,74.18231579,1.198830409,10.15276456,0,0,20741.72454,20741.72454,0,20772,982,1.756304502
983,0,20678.89035,20728,-62.83419206,-13.72453849,-0.5188541225,-0.1133305473,49.10965357,0.4055235752,3.663383399,3.663383399,0.04843304843,0.1055414194,0,0,20741.72454,20741.72454,0,20772,983,1.758039236
984,0,20702.47215,20454,-39.25238696,-287.7245385,-0.3241270736,-2.375888956,-248.4721515,-2.051761882,1.310222272,13.17802234,0.9574468085,2.346052915,0,0,20741.72454,20741.72454,0,20772,984,1.760164261
985,0,20699.78033,20693,-41.94420627,-48.72453849,-0.346354805,-0.4023434827,-6.780332218,-0.05598867763,4.139941041,4.139941041,0.05614973262,0.2413792627,0,0,20741.72454,20741.72454,0,20772,985,1.761472464
986,0,20688.56754,20330,-53.15700319,-411.7245385,-0.438944615,-3.399820498,-358.5675353,-2.960875883,3.795143109,23.40703577,0.9574468085,3.623229826,0,0,20741.72454,20741.72454,0,20772,986,1.762842894
987,0,20724.49442,16507,-17.23012286,-4234.724538,-0.1422779538,-34.96829055,-4217.494416,-34.8260126,3.089878155,80.58130814,1.872340426,10.29137762,0,0,20741.72454,20741.72454,0,20772,987,1.764274359
988,0,20671.68985,16718,-70.03469057,-4023.724538,-0.5783123285,-33.22595543,-3953.689848,-32.6476431,3.778317892,86.46237186,0.8205128205,9.080883091,0,0,20741.72454,20741.72454,0,20772,988,1.766057253
989,0,20669.76711,16574,-71.95743059,-4167.724538,-0.5941893781,-34.41503722,-4095.767108,-33.82084784,4.219726758,81.96302236,8.666666667,20.22386274,0,0,20741.72454,20741.72454,0,20772,989,1.767750502
990,0,20677.70523,20753,-64.01930876,11.27546151,-0.5286402384,0.09310726366,75.29477027,0.6217475021,6.102832139,6.102832139,0.914893617,1.040591941,0,0,20741.72454,20741.72454,0,20772,990,1.769536734
991,0,20741.72454,15885,-3.637978807e-12,-4856.724538,-3.004065525e-14,-40.10446329,-4856.724538,-40.10446329,1.195426381,90.70173293,8.833333333,21.30372488,0,0,20741.72454,20741.72454,0,20772,991,1.771657705
992,0,20680.90238,20749,-60.82215551,7.275461509,-0.5022397057,0.06007721391,68.09761702,0.5623169196,4.392977287,4.392977287,0.167587477,0.2259676929,0,0,20741.72454,20741.72454,0,20772,992,1.773465872
993,0,20741.72454,17036,3.637978807e-12,-3705.724538,3.004065525e-14,-30.60006647,-3705.724538,-30.60006647,1.692839581,76.54116817,0.84164859,8.471535603,0,0,20741.72454,20741.72454,0,20772,993,1.775264502
994,0,20686.6522,16736,-55.07234265,-4005.724538,-0.4547605545,-33.0773202,-3950.652196,-32.62255965,4.781451066,78.56309583,2.166666667,12.94409476,0,0,20741.72454,20741.72454,0,20772,994,1.776907444
995,0,20675.43843,20676,-66.28611107,-65.72453849,-0.5473583867,-0.5427211941,0.5615725778,0.004637192547,4.82567903,4.82567903,0.914893617,1.082670203,0,0,20741.72454,20741.72454,0,20772,995,1.77878046
996,0,20741.72454,16273,0,-4468.724538,0,-36.90054846,-4468.724538,-36.90054846,1.171419384,84.21842659,26.66666667,38.3997205,0,0,20741.72454,20741.72454,0,20772,996,1.780740976
997,0,20666.74594,17143,-74.97860125,-3598.724538,-0.6191367325,-29.71651264,-3523.745937,-29.09737591,3.099521607,70.09146913,1.166666667,8.537245118,0,0,20741.72454,20741.72454,0,20772,997,1.782560349
998,0,20672.68915,16314,-69.03539021,-4427.724538,-0.5700605934,-36.56199045,-4358.689148,-35.99192986,3.127054852,87.58092774,0.7368421053,8.543345784,0,0,20741.72454,20741.72454,0,20772,998,1.78456974
999,0,20673.31469,15993,-68.40984954,-4748.724538,-0.5648951835,-39.21265194,-4680.314689,-38.64775676,3.955802995,86.13929123,1.308510638,11.73092665,0,0,20741.72454,20741.72454,0,20772,999,1.786532879
1000,0,20669.31128,16695,-72.41326347,-4046.724538,-0.5979534238,-33.41587821,-3974.311275,-32.81792479,3.509294046,95.86123665,2.574468085,11.79804247,0,0,20741.72454,20741.72454,0,20772,1000,1.788306713
1001,0,20681.15771,16739,-60.56682447,-4002.724538,-0.5001313064,-33.05254767,-3942.157714,-32.55241636,4.154888603,85.14738693,1.595744681,10.57661919,0,0,20741.72454,20741.72454,0,20772,1001,1.790205956
1002,0,20682.42712,16108,-59.29741916,-4633.724538,-0.4896491763,-38.26303801,-4574.427119,-37.77338884,3.164999665,84.55050238,10.83333333,21.19343518,0,0,20741.72454,20741.72454,0,20772,1002,1.792027473
1003,0,20677.31185,20748,-64.41269128,6.275461509,-0.5318885994,0.05181970147,70.68815279,0.5837083009,4.746253336,4.746253336,0.2085106383,0.2206135127,0,0,20741.72454,20741.72454,0,20772,1003,1.793885469
1004,0,20741.72454,15764,0,-4977.724538,0,-41.10362229,-4977.724538,-41.10362229,0.9264507835,90.68045756,1.094972067,10.75490396,0,0,20741.72454,20741.72454,0,20772,1004,1.796138525
1005,0,20663.39332,16155,-78.33121834,-4586.724538,-0.6468210098,-37.87493493,-4508.39332,-37.22811392,3.883665011,84.61465002,7.833333333,17.44498891,0,0,20741.72454,20741.72454,0,20772,1005,1.79776454
1006,0,20668.94937,17515,-72.77517075,-3226.724538,-0.6009418777,-26.64471801,-3153.949368,-26.04377614,3.836512523,69.06239462,25.33333333,33.29448054,0,0,20741.72454,20741.72454,0,20772,1006,1.799799919
1007,0,20681.47499,16649,-60.24955123,-4092.724538,-0.4975114187,-33.79572378,-4032.474987,-33.29821237,4.220679473,78.82853867,0.9265536723,8.857808518,0,0,20741.72454,20741.72454,0,20772,1007,1.801806211
1008,0,20675.02813,20710,-66.69641105,-31.72453849,-0.5507464438,-0.2619657712,34.97187256,0.2887806726,6.142117118,6.142117118,0.2735042735,0.5468849386,0,0,20741.72454,20741.72454,0,20772,1008,1.803647995
1009,0,20687.33658,20687,-54.38795565,-54.72453849,-0.4491092203,-0.4518885573,-0.3365828391,-0.00277933698,4.20335158,4.20335158,0.243315508,0.4261678583,0,0,20741.72454,20741.72454,0,20772,1009,1.805086136
1010,0,20682.29988,20665,-59.42465785,-76.72453849,-0.4906998513,-0.6335538309,-17.29988064,-0.1428539796,4.148646081,10.15175563,0.914893617,1.508057855,0,0,20741.72454,20741.72454,0,20772,1010,1.806258678
1011,0,20741.72454,16838,3.637978807e-12,-3903.724538,3.004065525e-14,-32.23505393,-3903.724538,-32.23505393,1.524261637,72.90724737,31,39.08483276,0,0,20741.72454,20741.72454,0,20772,1011,1.807980537
1012,0,20669.0985,16815,-72.62603849,-3926.724538,-0.5997104162,-32.42497672,-3854.0985,-31.8252663,2.933139458,81.38042044,1.150837989,9.364730674,0,0,20741.72454,20741.72454,0,20772,1012,1.809916496
1013,0,20669.01648,17333,-72.70805464,-3408.724538,-0.6003876656,-28.14758528,-3336.016484,-27.54719761,3.700782908,74.80694849,3.010638298,12.47521854,0,0,20741.72454,20741.72454,0,20772,1013,1.811993361
1014,0,20684.18654,17431,-57.53800264,-3310.724538,-0.4751207725,-27.33834906,-3253.186536,-26.86322829,3.451239226,68.25118673,7.5,15.35196796,0,0,20741.72454,20741.72454,0,20772,1014,1.813802481
1015,0,20682.746,16720,-58.97853439,-4021.724538,-0.4870159813,-33.2094404,-3962.746004,-32.72242442,4.755620502,86.48851304,1.257309942,11.18621658,0,0,20741.72454,20741.72454,0,20772,1015,1.815436363
1016,0,20669.80259,16533,-71.9219509,-4208.724538,-0.5938964042,-34.75359523,-4136.802588,-34.15969882,3.986339805,83.32032967,0.9814814815,8.760684659,0,0,20741.72454,20741.72454,0,20772,1016,1.817418337
1017,0,20670.29107,20740,-71.43346402,-1.724538491,-0.5898627177,-0.01424039804,69.70892553,0.5756223197,4.065819428,4.065819428,0.1443768997,0.1443768997,0,0,20741.72454,20741.72454,0,20772,1017,1.818988085
1018,0,20741.72454,16974,0,-3767.724538,0,-31.11203224,-3767.724538,-31.11203224,1.16862854,66.31328139,9.166666667,17.66746674,0,0,20741.72454,20741.72454,0,20772,1018,1.820899963
1019,0,20663.54582,16166,-78.17871858,-4575.724538,-0.6455617411,-37.78410229,-4497.54582,-37.13854055,2.478724544,88.45504703,10.83333333,19.84142035,0,0,20741.72454,20741.72454,0,20772,1019,1.822619677
1020,0,20665.13794,16659,-76.58660044,-4082.724538,-0.6324148058,-33.71314866,-4006.137938,-33.08073385,3.779161667,88.90778229,8.833333333,18.27741722,0,0,20741.72454,20741.72454,0,20772,1020,1.824800968
1021,0,20680.01369,16108,-61.71084392,-4633.724538,-0.5095780613,-38.26303801,-4572.013695,-37.75345995,5.220388358,92.9772233,16.5,26.29151201,0,0,20741.72454,20741.72454,0,20772,1021,1.826586723
1022,0,20670.49487,16820,-71.22967299,-3921.724538,-0.5881799107,-32.38368916,-3850.494866,-31.79550925,3.63944528,80.60971863,9.5,17.82416396,0,0,20741.72454,20741.72454,0,20772,1022,1.828308821
1023,0,20668.08471,20727,-73.63982997,-14.72453849,-0.608081812,-0.1215880597,58.91529148,0.4864937523,4.224638906,4.224638906,0.1592465753,0.1592465753,0,0,20741.72454,20741.72454,0,20772,1023,1.830412388
1024,0,20741.72454,16751,0,-3990.724538,0,-32.95345752,-3990.724538,-32.95345752,0.5606749336,81.47904228,15.16666667,23.67137867,0,0,20741.72454,20741.72454,0,20772,1024,1.832205296
1025,0,20674.6152,16730,-67.10933382,-4011.724538,-0.5541561588,-33.12686528,-3944.615205,-32.57270912,4.828810492,83.17615474,10.16666667,19.00428221,0,0,20741.72454,20741.72454,0,20772,1025,1.834006548
1026,0,20674.94344,20760,-66.7810993,18.27546151,-0.5514457581,0.1509098507,85.05656081,0.7023556088,4.11706225,4.11706225,0.1326815642,0.1326815642,0,0,20741.72454,20741.72454,0,20772,1026,1.835925817
1027,0,20741.72454,17184,0,-3557.724538,0,-29.37795463,-3557.724538,-29.37795463,0.6295871585,69.44958716,3.166666667,10.44367555,0,0,20741.72454,20741.72454,0,20772,1027,1.83843565
1028,0,20666.17222,16047,-75.55232207,-4694.724538,-0.6238742393,-38.76674627,-4619.172216,-38.14287203,3.175541747,88.64202504,1.157894737,11.38786457,0,0,20741.72454,20741.72454,0,20772,1028,1.840049267
1029,0,20668.84113,16260,-72.88341313,-4481.724538,-0.6018356905,-37.00789612,-4408.841125,-36.40606043,2.841670733,89.93309914,1.833333333,11.40356235,0,0,20741.72454,20741.72454,0,20772,1029,1.842064619
1030,0,20667.26867,16146,-74.45587229,-4595.724538,-0.6148202916,-37.94925254,-4521.268666,-37.33443225,3.634658456,95.45668464,1.558659218,12.54087186,0,0,20741.72454,20741.72454,0,20772,1030,1.844359398
1031,0,20670.70212,20721,-71.02241987,-20.72453849,-0.5864685155,-0.1711331344,50.29788138,0.4153353811,4.969225468,4.969225468,0.914893617,0.9993096134,0,0,20741.72454,20741.72454,0,20772,1031,1.846077919
1032,0,20741.72454,16730,3.637978807e-12,-4011.724538,3.004065525e-14,-33.12686528,-4011.724538,-33.12686528,1.423162373,80.65354883,1.819148936,10.11624279,0,0,20741.72454,20741.72454,0,20772,1032,1.847907782
1033,0,20681.23836,16862,-60.48617474,-3879.724538,-0.4994653403,-32.03687364,-3819.238364,-31.5374083,4.678245394,76.45902656,9.666666667,19.54452728,0,0,20741.72454,20741.72454,0,20772,1033,1.849868298
1034,0,20679.85439,20720,-61.87015257,-21.72453849,-0.5108935544,-0.1793906468,40.14561408,0.3315029076,4.311883796,4.311883796,0.3431734317,0.3905955582,0,0,20741.72454,20741.72454,0,20772,1034,1.851635933
1035,0,20741.72454,17008,0,-3733.724538,0,-30.83127682,-3733.724538,-30.83127682,1.953540512,75.38973958,15.66666667,24.59301627,0,0,20741.72454,20741.72454,0,20772,1035,1.853729486
1036,0,20679.35384,20714,-62.37069746,-27.72453849,-0.5150268101,-0.2289357214,34.64615897,0.2860910887,4.462474614,4.462474614,0.2091503268,0.2848082215,0,0,20741.72454,20741.72454,0,20772,1036,1.855307341
1037,0,20741.72454,16518,0,-4223.724538,0,-34.87745791,-4223.724538,-34.87745791,1.988496565,84.10582891,4,13.01671652,0,0,20741.72454,20741.72454,0,20772,1037,1.85721302
1038,0,20679.05956,20729,-62.66497977,-12.72453849,-0.5174568499,-0.1050730349,49.94044128,0.4123838151,6.191489471,6.191489471,0.2513227513,0.5096346086,0,0,20741.72454,20741.72454,0,20772,1038,1.858924389
1039,0,20713.18645,16463,-28.53808529,-4278.724538,-0.2356535943,-35.3316211,-4250.186453,-35.0959675,1.545960956,85.08605885,1.473684211,10.78109826,0,0,20741.72454,20741.72454,0,20772,1039,1.860919237
1040,0,20680.05604,17565,-61.66849564,-3176.724538,-0.5092283698,-26.23184239,-3115.056043,-25.72261402,2.680806541,61.66854714,16,23.89929159,0,0,20741.72454,20741.72454,0,20772,1040,1.862400293
1041,0,20683.00874,17035,-58.7158005,-3706.724538,-0.484846453,-30.60832398,-3648.008738,-30.12347753,2.184927949,68.9363184,1.606382979,8.794463952,0,0,20741.72454,20741.72454,0,20772,1041,1.864395618
1042,0,20680.07117,16873,-61.65336505,-3868.724538,-0.5091034288,-31.946041,-3807.071173,-31.43693757,2.608211203,81.55086651,0.7338129496,8.349494862,0,0,20741.72454,20741.72454,0,20772,1042,1.866264343
1043,0,20674.65447,15928,-67.07007029,-4813.724538,-0.5538319397,-39.74939025,-4746.654468,-39.19555831,3.382209,98.35799313,1.661016949,11.01863043,0,0,20741.72454,20741.72454,0,20772,1043,1.868568897
1044,0,20673.69629,20730,-68.02824695,-11.72453849,-0.5617440954,-0.09681552243,56.30370846,0.4649285729,5.038288454,5.038288454,0.161634103,0.1676131763,0,0,20741.72454,20741.72454,0,20772,1044,1.870185852
1045,0,20741.72454,17097,0,-3644.724538,0,-30.09635821,-3644.724538,-30.09635821,1.01462871,79.52199122,0.7988826816,7.781808063,0,0,20741.72454,20741.72454,0,20772,1045,1.872353554
1046,0,20666.41339,16120,-75.3111453,-4621.724538,-0.6218827191,-38.16394786,-4546.413393,-37.54206515,4.035366723,90.40960367,31.83333333,42.80637171,0,0,20741.72454,20741.72454,0,20772,1046,1.874159813
1047,0,20681.78614,20702,-59.93840237,-39.72453849,-0.4949421032,-0.3280258707,20.21386388,0.1669162325,3.770254736,3.770254736,0.3270676692,0.401335229,0,0,20741.72454,20741.72454,0,20772,1047,1.876015425
1048,0,20741.72454,16797,0,-3944.724538,0,-32.57361194,-3944.724538,-32.57361194,1.7871264,79.9818604,32.5,42.37946388,0,0,20741.72454,20741.72454,0,20772,1048,1.877485037
1049,0,20668.09056,20739,-73.6339787,-2.724538491,-0.6080334951,-0.02249791048,70.90944021,0.5855355846,4.338658294,4.338658294,0.1957446809,0.1957446809,0,0,20741.72454,20741.72454,0,20772,1049,1.879180908
1050,0,20741.72454,15663,0,-5078.724538,0,-41.93763105,-5078.724538,-41.93763105,0.5616657953,96.17745641,0.9532163743,9.844388786,0,0,20741.72454,20741.72454,0,20772,1050,1.881284714
1051,0,20667.97031,15907,-73.75423327,-4834.724538,-0.6090264986,-39.92279801,-4760.970305,-39.31377152,4.026495012,98.40221533,16.5,27.11819908,0,0,20741.72454,20741.72454,0,20772,1051,1.883128405
1052,0,20682.04494,16627,-59.67959402,-4114.724538,-0.4928049899,-33.97738906,-4055.044944,-33.48458407,3.225315851,76.96657562,0.8525179856,9.191417678,0,0,20741.72454,20741.72454,0,20772,1052,1.885210276
1053,0,20681.79597,16095,-59.9285645,-4646.724538,-0.4948608668,-38.37038568,-4586.795974,-37.87552481,2.665374948,85.94670057,0.7486631016,8.677285369,0,0,20741.72454,20741.72454,0,20772,1053,1.887022018
1054,0,20681.83836,17678,-59.88617694,-3063.724538,-0.494510851,-25.29874349,-3003.838362,-24.80423263,3.060705281,66.29154221,1.124293785,7.066831572,0,0,20741.72454,20741.72454,0,20772,1054,1.888631344
1055,0,20682.0676,17032,-59.65693435,-3709.724538,-0.4926178775,-30.63309652,-3650.067604,-30.14047864,4.354543132,74.65975354,0.704989154,8.994382541,0,0,20741.72454,20741.72454,0,20772,1055,1.89050889
1056,0,20675.93674,16806,-65.78779903,-3935.724538,-0.5432435688,-32.49929433,-3869.936739,-31.95605076,4.393822627,80.90293732,1.457446809,10.516188,0,0,20741.72454,20741.72454,0,20772,1056,1.892087221
1057,0,20685.7424,16521,-55.98214066,-4220.724538,-0.4622732229,-34.85268538,-4164.742398,-34.39041215,3.471608935,83.21564634,16.5,26.24622024,0,0,20741.72454,20741.72454,0,20772,1057,1.893805742
1058,0,20669.92589,16948,-71.79864486,-3793.724538,-0.592878203,-31.32672757,-3721.925894,-30.73384936,3.893663665,74.27182801,0.963562753,8.186085194,0,0,20741.72454,20741.72454,0,20772,1058,1.89558053
1059,0,20669.25591,16334,-72.46862613,-4407.724538,-0.5984105817,-36.3968402,-4335.255912,-35.79842962,3.738978113,85.515584,1.332103321,9.966293943,0,0,20741.72454,20741.72454,0,20772,1059,1.897402287
1060,0,20672.53888,20694,-69.18565683,-47.72453849,-0.5713014218,-0.3940859702,21.46111834,0.1772154516,4.029539252,4.029539252,0.06552706553,0.1490250092,0,0,20741.72454,20741.72454,0,20772,1060,1.899254799
1061,0,20673.95327,20581,-67.77126503,-160.7245385,-0.559622064,-1.327184876,-92.95327346,-0.7675628118,2.466411031,11.92720583,0.9042553191,2.009519714,0,0,20741.72454,20741.72454,0,20772,1061,1.900936365
1062,0,20741.72454,16612,3.637978807e-12,-4129.724538,3.004065525e-14,-34.10125175,-4129.724538,-34.10125175,1.351915654,80.72898871,9.5,18.01860328,0,0,20741.72454,20741.72454,0,20772,1062,1.902580261
1063,0,20674.39655,16201,-67.32798956,-4540.724538,-0.5559617112,-37.49508936,-4473.396549,-36.93912765,2.876356268,86.93215211,1.833333333,11.90424769,0,0,20741.72454,20741.72454,0,20772,1063,1.904330015
1064,0,20676.43507,17619,-65.28947207,-3122.724538,-0.5391286278,-25.78593672,-3057.435066,-25.24680809,3.587365101,70.21863493,18.16666667,25.65174046,0,0,20741.72454,20741.72454,0,20772,1064,1.90631032
1065,0,20679.14542,17235,-62.57911447,-3506.724538,-0.5167478162,-28.9568215,-3444.145424,-28.44007368,4.282903824,79.13347742,0.5649717514,7.282215149,0,0,20741.72454,20741.72454,0,20772,1065,1.907798529
1066,0,20677.01045,16470,-64.71409144,-4271.724538,-0.534377415,-35.27381851,-4207.010447,-34.7394411,4.485940766,84.29825291,32.16666667,42.09343925,0,0,20741.72454,20741.72454,0,20772,1066,1.909539461
1067,0,20671.76127,15374,-69.96327181,-5367.724538,-0.5777225872,-44.32405214,-5297.761267,-43.74632956,4.498090966,109.6505213,1.632768362,13.23355279,0,0,20741.72454,20741.72454,0,20772,1067,1.911471367
1068,0,20681.4967,16993,-60.2278383,-3748.724538,-0.4973321239,-30.95513951,-3688.4967,-30.45780738,5.36922561,80.75561242,31.33333333,40.41186585,0,0,20741.72454,20741.72454,0,20772,1068,1.913282156
1069,0,20669.29822,15692,-72.42632049,-5049.724538,-0.5980612423,-41.69816319,-4977.298218,-41.10010195,4.004536584,101.7420586,1.288135593,10.23625469,0,0,20741.72454,20741.72454,0,20772,1069,1.915056229
1070,0,20671.23079,16915,-70.49375326,-3826.724538,-0.5821030444,-31.59922548,-3756.230785,-31.01712243,3.966679552,77.07312478,0.8708487085,9.348072506,0,0,20741.72454,20741.72454,0,20772,1070,1.917046785
1071,0,20671.95893,20751,-69.76560774,9.275461509,-0.5760903737,0.07659223879,79.04106925,0.6526826125,4.20131067,4.20131067,0.09488272921,0.09488272921,0,0,20741.72454,20741.72454,0,20772,1071,1.91889739
1072,0,20741.72454,16541,-3.637978807e-12,-4200.724538,-3.004065525e-14,-34.68753513,-4200.724538,-34.68753513,0.5876529177,84.01939234,1.101694915,10.526767,0,0,20741.72454,20741.72454,0,20772,1072,1.920949936
1073,0,20679.4304,16515,-62.29413415,-4226.724538,-0.5143945876,-34.90223045,-4164.430404,-34.38783586,2.084760209,79.77784781,0.9338624339,9.269595433,0,0,20741.72454,20741.72454,0,20772,1073,1.9225173
1074,0,20671.07978,16669,-70.6447583,-4072.724538,-0.5833499704,-33.63057354,-4002.07978,-33.04722357,3.699718192,77.85575482,9.166666667,18.48609062,0,0,20741.72454,20741.72454,0,20772,1074,1.924304962
1075,0,20679.79301,16700,-61.93152585,-4041.724538,-0.511400345,-33.37459065,-3979.793013,-32.86319031,4.233186398,82.9713353,2,12.29265326,0,0,20741.72454,20741.72454,0,20772,1075,1.926086664
1076,0,20679.20275,17190,-62.52178634,-3551.724538,-0.5162744284,-29.32840956,-3489.202752,-28.81213513,2.966380985,74.72189746,1.061452514,9.546622987,0,0,20741.72454,20741.72454,0,20772,1076,1.927985668
1077,0,20672.86752,16716,-68.85701743,-4025.724538,-0.5685876779,-33.24247045,-3956.867521,-32.67388277,4.255640204,83.31420245,16,26.70579054,0,0,20741.72454,20741.72454,0,20772,1077,1.929755449
1078,0,20669.55447,16883,-72.17007022,-3858.724538,-0.5959452525,-31.86346587,-3786.554468,-31.26752062,4.481938499,81.00623475,0.7651821862,8.767111183,0,0,20741.72454,20741.72454,0,20772,1078,1.931018829
1079,0,20666.75481,16570,-74.9697281,-4171.724538,-0.6190634623,-34.44806727,-4096.75481,-33.82900381,3.799816773,86.75678463,3.5,14.21763633,0,0,20741.72454,20741.72454,0,20772,1079,1.932696581
1080,0,20665.28213,17015,-76.44241141,-3726.724538,-0.6312241631,-30.77347423,-3650.282127,-30.14225007,3.185770752,78.75169685,7.5,19.13341206,0,0,20741.72454,20741.72454,0,20772,1080,1.934376955
1081,0,20667.56443,15484,-74.16011035,-5257.724538,-0.6123780337,-43.41572578,-5183.564428,-42.80334774,4.204047,99.03656005,8.666666667,20.8502852,0,0,20741.72454,20741.72454,0,20772,1081,1.936208725
1082,0,20671.10551,16575,-70.61902637,-4166.724538,-0.5831374887,-34.40677971,-4096.105512,-33.82364222,3.976968046,87.09963221,1.089385475,10.0843267,0,0,20741.72454,20741.72454,0,20772,1082,1.938097477
1083,0,20669.35114,16317,-72.37340132,-4424.724538,-0.5976242616,-36.53721791,-4352.351137,-35.93959365,3.93733601,87.384183,19,28.28674632,0,0,20741.72454,20741.72454,0,20772,1083,1.93996954
1084,0,20670.55857,16721,-71.16596921,-4020.724538,-0.587653876,-33.20118289,-3949.558569,-32.61352901,4.663612702,88.55600942,1.097744361,10.3041975,0,0,20741.72454,20741.72454,0,20772,1084,1.942094088
1085,0,20685.06121,16732,-56.66332725,-4009.724538,-0.4678981296,-33.11035025,-3953.061211,-32.64245212,2.551259433,73.54274122,0.6348547718,7.70146988,0,0,20741.72454,20741.72454,0,20772,1085,1.943784714
1086,0,20681.93501,16600,-59.78952378,-4141.724538,-0.4937127363,-34.20034189,-4081.935015,-33.70662916,2.553889207,80.62376504,25.66666667,33.93606402,0,0,20741.72454,20741.72454,0,20772,1086,1.945414782
1087,0,20674.38514,16956,-67.33940317,-3785.724538,-0.5560559593,-31.26066747,-3718.385135,-30.70461151,4.430761897,74.22102696,8.333333333,17.23926507,0,0,20741.72454,20741.72454,0,20772,1087,1.947241545
1088,0,20668.16465,16368,-73.55988494,-4373.724538,-0.6074216649,-36.11608478,-4300.164654,-35.50866312,3.489213619,89.15771961,1.631578947,11.87739752,0,0,20741.72454,20741.72454,0,20772,1088,1.948627949
1089,0,20667.4871,17176,-74.23744116,-3565.724538,-0.6130165938,-29.44401473,-3491.487097,-28.83099814,3.184964788,74.19494896,2.166666667,9.825399945,0,0,20741.72454,20741.72454,0,20772,1089,1.950560808
1090,0,20671.61485,16853,-70.1096915,-3888.724538,-0.5789316496,-32.11119125,-3818.614847,-31.5322596,3.4313724,79.00962653,0.843575419,9.271599671,0,0,20741.72454,20741.72454,0,20772,1090,1.952468395
1091,0,20676.34067,16035,-65.38386771,-4706.724538,-0.5399081009,-38.86583642,-4641.340671,-38.32592832,4.729221025,91.87819119,1.79787234,13.15621436,0,0,20741.72454,20741.72454,0,20772,1091,1.954341173
1092,0,20680.98306,16759,-60.74147899,-3982.724538,-0.5015735183,-32.88739742,-3921.98306,-32.3858239,4.494704644,82.20454443,1.636871508,11.02049266,0,0,20741.72454,20741.72454,0,20772,1092,1.955961704
1093,0,20679.43598,20715,-62.28855544,-26.72453849,-0.5143485213,-0.220678209,35.56401695,0.2936703123,4.338452634,4.338452634,0.06691449814,0.1277047717,0,0,20741.72454,20741.72454,0,20772,1093,1.957892656
1094,0,20729.16108,19794,-12.56346238,-947.7245385,-0.1037429469,-7.825847165,-935.1610761,-7.722104218,2.419578503,27.5804215,0.4417549168,3.43733884,0,0,20741.72454,20741.72454,0,20772,1094,1.960018396
1095,0,20698.78518,16467,-42.93936146,-4274.724538,-0.3545723113,-35.29859105,-4231.785177,-34.94401874,2.349258529,86.07836191,1.228070175,9.879173878,0,0,20741.72454,20741.72454,0,20772,1095,1.961257458
1096,0,20670.88515,16384,-70.83939066,-4357.724538,-0.5849571495,-35.98396458,-4286.885148,-35.39900743,3.79908411,81.01471136,0.7611336032,9.438021012,0,0,20741.72454,20741.72454,0,20772,1096,1.96307373
1097,0,20670.03868,16511,-71.68586346,-4230.724538,-0.5919469092,-34.9352605,-4159.038675,-34.34331359,4.207732278,76.74903327,31.33333333,41.15519798,0,0,20741.72454,20741.72454,0,20772,1097,1.964812994
1098,0,20665.66697,16333,-76.05756456,-4408.724538,-0.6280462854,-36.40509772,-4332.666974,-35.77705143,3.740550114,83.89595806,0.7932960894,9.799020295,0,0,20741.72454,20741.72454,0,20772,1098,1.966812134
1099,0,20673.48065,16615,-68.24388534,-4126.724538,-0.563524732,-34.07647921,-4058.480653,-33.51295448,4.124671879,81.66457102,1.40647482,10.47116098,0,0,20741.72454,20741.72454,0,20772,1099,1.968647718
1100,0,20668.56505,17080,-73.15948541,-3661.724538,-0.6041153608,-30.23673592,-3588.565053,-29.63262056,3.096261453,69.58318559,0.9217877095,8.486900532,0,0,20741.72454,20741.72454,0,20772,1100,1.971256018
1101,0,20686.48306,15773,-55.24148121,-4968.724538,-0.4561572182,-41.02930468,-4913.483057,-40.57314746,3.460482618,92.79810618,1.276836158,11.33569373,0,0,20741.72454,20741.72454,0,20772,1101,1.973785877
1102,0,20676.47416,16399,-65.25038226,-4342.724538,-0.5388058431,-35.86010189,-4277.474156,-35.32129605,4.347074065,86.52455549,0.5995850622,8.837225641,0,0,20741.72454,20741.72454,0,20772,1102,1.975543737
1103,0,20665.12029,16088,-76.60424704,-4653.724538,-0.6325605228,-38.42818826,-4577.120291,-37.79562774,3.697604275,85.86534553,1.099415205,11.30242765,0,0,20741.72454,20741.72454,0,20772,1103,1.977902889
1104,0,20671.09571,20674,-70.62882704,-67.72453849,-0.5832184178,-0.559236219,2.904288553,0.02398219885,4.178171934,4.178171934,0.06552706553,0.1609642556,0,0,20741.72454,20741.72454,0,20772,1104,1.980067015
1105,0,20669.74401,20639,-71.98053222,-102.7245385,-0.5943801402,-0.8482491543,-30.74400627,-0.2538690142,3.356810538,10.99885011,0.9042553191,1.474126945,0,0,20741.72454,20741.72454,0,20772,1105,1.981817722
1106,0,20741.72454,16055,3.637978807e-12,-4686.724538,3.004065525e-14,-38.70068617,-4686.724538,-38.70068617,1.516622346,88.66498065,0.6934931507,9.261172881,0,0,20741.72454,20741.72454,0,20772,1106,1.983576298
1107,0,20672.17062,16255,-69.55392281,-4486.724538,-0.5743423828,-37.04918369,-4417.170616,-36.4748413,4.779342444,84.67432147,1.510638298,10.87690907,0,0,20741.72454,20741.72454,0,20772,1107,1.985346556
1108,0,20668.46501,17074,-73.25952881,-3667.724538,-0.6049414704,-30.286281,-3594.46501,-29.68133953,4.753527593,74.22912819,1.038873995,8.893878412,0,0,20741.72454,20741.72454,0,20772,1108,1.987074614
1109,0,20680.46164,16440,-61.26290016,-4301.724538,-0.5058791601,-35.52154388,-4240.461638,-35.01566472,2.584275986,79.22637183,1.968085106,10.04940178,0,0,20741.72454,20741.72454,0,20772,1109,1.988766432
1110,0,20683.89253,15746,-57.83200836,-4995.724538,-0.4775485284,-41.25225752,-4937.89253,-40.77470899,3.271066245,89.7626955,1.432330827,12.60600982,0,0,20741.72454,20741.72454,0,20772,1110,1.990632772
1111,0,20680.93305,15812,-60.79149315,-4929.724538,-0.5019865108,-40.7072617,-4868.933045,-40.20527519,2.301493054,95.389182,1.067039106,11.02343101,0,0,20741.72454,20741.72454,0,20772,1111,1.992512226
1112,0,20670.55826,20681,-71.16627496,-60.72453849,-0.5876564007,-0.5014336319,10.44173646,0.08622276874,3.718148032,3.718148032,0.243315508,0.3172876725,0,0,20741.72454,20741.72454,0,20772,1112,1.994358301
1113,0,20708.8612,20677,-32.86333984,-64.72453849,-0.2713694375,-0.5344636817,-31.86119865,-0.2630942441,2.910527971,2.910527971,0.1284916201,0.2024637846,0,0,20741.72454,20741.72454,0,20772,1113,1.996064186
1114,0,20737.19224,15572,-4.532302458,-5169.724538,-0.03742554392,-42.68906468,-5165.192236,-42.65163914,1.573682528,92.40496236,0.95951417,11.22623192,0,0,20741.72454,20741.72454,0,20772,1114,1.997283459
1115,0,20670.3301,16449,-71.39443711,-4292.724538,-0.5895404525,-35.44722627,-4221.330101,-34.85768582,2.642412937,83.96080501,1.324022346,11.69088314,0,0,20741.72454,20741.72454,0,20772,1115,1.99891448
1116,0,20672.19382,16945,-69.53072204,-3796.724538,-0.5741508021,-31.3515001,-3727.193816,-30.7773493,4.197505677,72.79116289,9.166666667,16.7704522,0,0,20741.72454,20741.72454,0,20772,1116,2.000850916
1117,0,20667.96033,16047,-73.76420861,-4694.724538,-0.6091088701,-38.76674627,-4620.96033,-38.1576374,2.801754696,92.42582324,14.83333333,24.27215527,0,0,20741.72454,20741.72454,0,20772,1117,2.002702713
1118,0,20674.21911,16418,-67.50543165,-4323.724538,-0.5574269415,-35.70320916,-4256.219107,-35.14578222,4.480470646,83.81953134,1.12849162,10.62349688,0,0,20741.72454,20741.72454,0,20772,1118,2.004591703
1119,0,20669.63789,20715,-72.08664651,-26.72453849,-0.5952563802,-0.220678209,45.36210802,0.3745781712,4.477329943,4.477329943,0.125698324,0.1592178771,0,0,20741.72454,20741.72454,0,20772,1119,2.006265163
1120,0,20741.72454,15924,0,-4817.724538,0,-39.7824203,-4817.724538,-39.7824203,1.031311644,93.94493224,1.062730627,11.42295574,0,0,20741.72454,20741.72454,0,20772,1120,2.00822401
1121,0,20669.27878,17091,-72.445755,-3650.724538,-0.598221723,-30.14590329,-3578.278783,-29.54768156,5.053750257,82.14384445,24,31.96121541,0,0,20741.72454,20741.72454,0,20772,1121,2.009918928
1122,0,20679.34073,16942,-62.3838096,-3799.724538,-0.5151350838,-31.37627264,-3737.340729,-30.86113756,4.228961374,79.44551848,16,25.07441293,0,0,20741.72454,20741.72454,0,20772,1122,2.011586905
1123,0,20672.46709,15950,-69.25744516,-4791.724538,-0.5718942148,-39.56772498,-4722.467093,-38.99583076,5.032499458,91.57397058,0.9077490775,9.601010714,0,0,20741.72454,20741.72454,0,20772,1123,2.013634682
1124,0,20677.4935,16922,-64.23104049,-3819.724538,-0.5303886158,-31.54142289,-3755.493498,-31.01103427,2.901636964,72.42497505,1.007194245,8.994456021,0,0,20741.72454,20741.72454,0,20772,1124,2.015238523
1125,0,20671.67418,20711,-70.05036082,-30.72453849,-0.5784417258,-0.2537082588,39.32582232,0.324733467,3.906570005,3.906570005,0.2085106383,0.2829729329,0,0,20741.72454,20741.72454,0,20772,1125,2.016660929
1126,0,20727.24428,16462,-14.48025541,-4279.724538,-0.1195708891,-35.33987861,-4265.244283,-35.22030772,2.220639164,84.05336558,41.83333333,51.58369694,0,0,20741.72454,20741.72454,0,20772,1126,2.018554926
1127,0,20678.99363,17478,-62.73090377,-3263.724538,-0.5180012181,-26.95024597,-3200.993635,-26.43224475,5.170563706,73.77379023,2.333333333,10.45562646,0,0,20741.72454,20741.72454,0,20772,1127,2.020699978
1128,0,20686.01183,16258,-55.71270533,-4483.724538,-0.4600483572,-37.02441115,-4428.011833,-36.56436279,5.35153409,89.90755671,26.16666667,35.83636788,0,0,20741.72454,20741.72454,0,20772,1128,2.022344828
1129,0,20672.77625,20737,-68.94828943,-4.724538491,-0.5693413576,-0.03901293536,64.22375094,0.5303284222,5.582450536,5.582450536,0.3270676692,0.5096402833,0,0,20741.72454,20741.72454,0,20772,1129,2.024210453
1130,0,20741.72454,16644,0,-4097.724538,0,-33.83701135,-4097.724538,-33.83701135,0.9914839264,84.39837966,1.755319149,10.54301871,0,0,20741.72454,20741.72454,0,20772,1130,2.026633263
1131,0,20674.6474,16473,-67.07713542,-4268.724538,-0.5538902801,-35.24904597,-4201.647403,-34.69515569,3.644062478,87.38029737,1.316384181,10.65885261,0,0,20741.72454,20741.72454,0,20772,1131,2.028660536
1132,0,20685.71233,16337,-56.01221201,-4404.724538,-0.4625215374,-36.37206767,-4348.712326,-35.90954613,5.223963592,86.58812348,2.666666667,11.42684946,0,0,20741.72454,20741.72454,0,20772,1132,2.030931234
1133,0,20680.91796,16324,-60.80657824,-4417.724538,-0.5021110761,-36.47941533,-4356.91796,-35.97730425,3.369763031,83.48514504,1.117021277,10.607859,0,0,20741.72454,20741.72454,0,20772,1133,2.032460928
1134,0,20679.80476,16442,-61.91977484,-4299.724538,-0.511303311,-35.50502886,-4237.804764,-34.99372555,2.432138821,83.51665484,16,25.73025091,0,0,20741.72454,20741.72454,0,20772,1134,2.034424543
1135,0,20677.41874,16389,-64.30580075,-4352.724538,-0.5310059496,-35.94267702,-4288.418738,-35.41167107,2.775023022,90.75880993,0.7218045113,9.113722162,0,0,20741.72454,20741.72454,0,20772,1135,2.03653574
1136,0,20685.88464,17565,-55.8398991,-3176.724538,-0.4610986614,-26.23184239,-3120.884639,-25.77074373,3.568941266,66.51168598,2,10.8549391,0,0,20741.72454,20741.72454,0,20772,1136,2.038753748
1137,0,20672.46777,20711,-69.25676701,-30.72453849,-0.5718886151,-0.2537082588,38.53222852,0.3181803563,4.010846367,4.010846367,0.125698324,0.1799470744,0,0,20741.72454,20741.72454,0,20772,1137,2.040391207
1138,0,20741.72454,16408,0,-4333.724538,0,-35.78578428,-4333.724538,-35.78578428,1.680292046,76.59758353,0.7340425532,8.794823856,0,0,20741.72454,20741.72454,0,20772,1138,2.042037249
1139,0,20672.66401,16774,-69.06052577,-3967.724538,-0.5702681506,-32.76353473,-3898.664013,-32.19326658,3.506375426,75.05082734,1.968085106,10.92597262,0,0,20741.72454,20741.72454,0,20772,1139,2.043596506
1140,0,20674.91529,16852,-66.80924835,-3889.724538,-0.5516781993,-32.11944876,-3822.91529,-31.56777056,3.881479553,78.8198347,9.5,18.4457083,0,0,20741.72454,20741.72454,0,20772,1140,2.045500755
1141,0,20667.14926,17182,-74.57527483,-3559.724538,-0.6158062595,-29.39446965,-3485.149264,-28.7786634,3.915124554,82.72745982,1.563829787,9.391372175,0,0,20741.72454,20741.72454,0,20772,1141,2.04787159
1142,0,20672.53561,17661,-69.18892545,-3080.724538,-0.5713284125,-25.4391212,-3011.535613,-24.86779278,5.266456558,71.20490991,1.978723404,9.036573585,0,0,20741.72454,20741.72454,0,20772,1142,2.050118208
1143,0,20668.97449,17079,-72.75005311,-3662.724538,-0.6007344684,-30.24499344,-3589.974485,-29.64425897,3.878068008,75.63239074,16,24.74448496,0,0,20741.72454,20741.72454,0,20772,1143,2.052340508
1144,0,20677.6976,20707,-64.02693502,-34.72453849,-0.5287032123,-0.2867383085,29.30239653,0.2419649038,4.089640513,4.089640513,0.2735042735,0.3552111504,0,0,20741.72454,20741.72454,0,20772,1144,2.054277182
1145,0,20716.98079,16151,-24.74374871,-4590.724538,-0.2043218128,-37.90796498,-4565.98079,-37.70364317,1.403828391,84.56459293,10.5,20.32869827,0,0,20741.72454,20741.72454,0,20772,1145,2.056065559
1146,0,20674.25191,16385,-67.47262381,-4356.724538,-0.5571560304,-35.97570707,-4289.251915,-35.41855104,2.778732244,88.20202287,10.5,20.64023926,0,0,20741.72454,20741.72454,0,20772,1146,2.057580709
1147,0,20673.49331,16909,-68.2312304,-3832.724538,-0.5634202337,-31.64877055,-3764.493308,-31.08535032,4.163902807,76.35244338,0.7908309456,7.400536103,0,0,20741.72454,20741.72454,0,20772,1147,2.059874773
1148,0,20674.42212,16429,-67.30242265,-4312.724538,-0.5557505922,-35.61237652,-4245.422116,-35.05662593,3.795036347,87.74268518,9.166666667,20.89624273,0,0,20741.72454,20741.72454,0,20772,1148,2.062170029
1149,0,20671.08591,15755,-70.63862653,-4986.724538,-0.5832993372,-41.17793991,-4916.085912,-40.59464057,3.950154291,98.95893155,18.5,29.56998077,0,0,20741.72454,20741.72454,0,20772,1149,2.06434536
1150,0,20672.47851,16247,-69.24602731,-4494.724538,-0.5717999318,-37.11524379,-4425.478511,-36.54344385,4.520700817,87.33937085,3.755319149,14.12827642,0,0,20741.72454,20741.72454,0,20772,1150,2.066081524
1151,0,20672.99377,16612,-68.73076724,-4129.724538,-0.5675451654,-34.10125175,-4060.993771,-33.53370658,3.842284154,81.66942157,32.16666667,40.4438378,0,0,20741.72454,20741.72454,0,20772,1151,2.068195343
1152,0,20675.82734,20700,-65.89720252,-41.72453849,-0.5441469695,-0.3445408956,24.17266403,0.1996060739,4.788728378,4.788728378,0.141337386,0.2528868779,0,0,20741.72454,20741.72454,0,20772,1152,2.070392132
1153,0,20707.95833,20688,-33.76620908,-53.72453849,-0.2788248915,-0.4436310449,-19.95832941,-0.1648061534,3.398752363,7.438382131,0.914893617,1.988763626,0,0,20741.72454,20741.72454,0,20772,1153,2.072097301
1154,0,20741.72454,15929,0,-4812.724538,0,-39.74113274,-4812.724538,-39.74113274,1.112431653,91.92854779,26.16666667,36.31691918,0,0,20741.72454,20741.72454,0,20772,1154,2.073368549
1155,0,20673.47319,20703,-68.25135119,-38.72453849,-0.5635863814,-0.3197683583,29.5268127,0.2438180231,4.370205824,4.370205824,0.125698324,0.1536312849,0,0,20741.72454,20741.72454,0,20772,1155,2.075117588
1156,0,20729.4663,16594,-12.2582364,-4147.724538,-0.1012225395,-34.24988697,-4135.466302,-34.14866443,2.11731669,79.52418639,2.5,13.95978047,0,0,20741.72454,20741.72454,0,20772,1156,2.076725721
1157,0,20668.20212,16216,-73.52241546,-4525.724538,-0.6071122601,-37.37122667,-4452.202123,-36.76411441,2.895917237,84.14287252,8.666666667,18.45520792,0,0,20741.72454,20741.72454,0,20772,1157,2.078348875
1158,0,20685.00811,16790,-56.71642862,-3951.724538,-0.4683366148,-32.63141453,-3895.00811,-32.16307792,3.94562837,83.64575948,10.16666667,18.31574768,0,0,20741.72454,20741.72454,0,20772,1158,2.079960108
1159,0,20676.75098,15812,-64.97356233,-4929.724538,-0.5365199991,-40.7072617,-4864.750976,-40.1707417,4.942457303,97.30385307,1.48582996,11.25260627,0,0,20741.72454,20741.72454,0,20772,1159,2.081725121
1160,0,20661.44193,16957,-80.28261321,-3784.724538,-0.6629346772,-31.25240995,-3704.441925,-30.58947528,2.769765901,76.47328693,3.021276596,11.05103474,0,0,20741.72454,20741.72454,0,20772,1160,2.083787441
1161,0,20684.11474,20711,-57.60980091,-30.72453849,-0.4757136476,-0.2537082588,26.88526242,0.2220053888,4.375873117,4.375873117,0.05586592179,0.2195550061,0,0,20741.72454,20741.72454,0,20772,1161,2.086232424
1162,0,20689.60951,20609,-52.11503232,-132.7245385,-0.4303405276,-1.095974528,-80.60950617,-0.6656339999,2.472763413,11.9607711,0.9574468085,1.824897695,0,0,20741.72454,20741.72454,0,20772,1162,2.088086605
1163,0,20737.19275,16441,-4.531791971,-4300.724538,-0.03742132857,-35.51328637,-4296.192747,-35.47586504,2.674629782,85.85455478,16,25.87346107,0,0,20741.72454,20741.72454,0,20772,1163,2.089795828
1164,0,20670.79848,15924,-70.9260545,-4817.724538,-0.5856727773,-39.7824203,-4746.798484,-39.19674753,4.89474923,89.41822964,2.021276596,11.45097449,0,0,20741.72454,20741.72454,0,20772,1164,2.091284752
1165,0,20668.91858,16681,-72.80595608,-4060.724538,-0.601196088,-33.53148339,-3987.918582,-32.9302873,4.558669451,79.00524269,0.8479532164,8.701839117,0,0,20741.72454,20741.72454,0,20772,1165,2.093156338
1166,0,20667.9308,16212,-73.79374107,-4529.724538,-0.6093527348,-37.40425672,-4455.930797,-36.79490399,3.696671755,81.77667815,2.053191489,14.41364457,0,0,20741.72454,20741.72454,0,20772,1166,2.094684839
1167,0,20665.79156,16645,-75.93297654,-4096.724538,-0.6270174983,-33.82875383,-4020.791562,-33.20173634,3.431600591,88.51735256,16.83333333,26.23399872,0,0,20741.72454,20741.72454,0,20772,1167,2.09658289
1168,0,20670.21869,20716,-71.50584994,-25.72453849,-0.5904604454,-0.2124206966,45.78131145,0.3780397488,4.376780744,4.376780744,0.2735042735,0.3259413776,0,0,20741.72454,20741.72454,0,20772,1168,2.098524094
1169,0,20741.72454,15828,0,-4913.724538,0,-40.5751415,-4913.724538,-40.5751415,1.833615337,89.90468229,0.8070175439,9.400520656,0,0,20741.72454,20741.72454,0,20772,1169,2.100363731
1170,0,20676.87855,16797,-64.84598957,-3944.724538,-0.5354665654,-32.57361194,-3879.878549,-32.03814538,3.891380969,81.7149838,3.212765957,11.45173631,0,0,20741.72454,20741.72454,0,20772,1170,2.101897478
1171,0,20674.13885,20697,-67.58569114,-44.72453849,-0.5580896853,-0.3693134329,22.86115265,0.1887762524,4.406211375,4.406211375,0.2075055188,0.3268762586,0,0,20741.72454,20741.72454,0,20772,1171,2.103896856
1172,0,20741.72454,16774,3.637978807e-12,-3967.724538,3.004065525e-14,-32.76353473,-3967.724538,-32.76353473,1.478490289,71.57856107,1.414893617,9.566615347,0,0,20741.72454,20741.72454,0,20772,1172,2.105709314
1173,0,20663.52919,16663,-78.19535141,-4078.724538,-0.6456990869,-33.68011861,-4000.529187,-33.03441952,3.62472501,85.79764488,32.5,41.35472118,0,0,20741.72454,20741.72454,0,20772,1173,2.107350349
1174,0,20672.65894,16566,-69.06559506,-4175.724538,-0.5703100103,-34.48109732,-4106.658943,-33.91078731,5.128492106,84.90603776,1.166666667,10.63042394,0,0,20741.72454,20741.72454,0,20772,1174,2.109135866
1175,0,20671.32048,16655,-70.40406099,-4086.724538,-0.5813624093,-33.74617871,-4016.320478,-33.1648163,3.924332651,85.29115892,1.094972067,10.92688896,0,0,20741.72454,20741.72454,0,20772,1175,2.111163378
1176,0,20681.4426,16194,-60.28194005,-4547.724538,-0.4977788698,-37.55289194,-4487.442598,-37.05511307,4.210101676,94.82146969,32.5,42.80437514,0,0,20741.72454,20741.72454,0,20772,1176,2.112973452
1177,0,20673.79849,20701,-67.92605187,-40.72453849,-0.5609002182,-0.3362833831,27.20151337,0.224616835,3.53026071,3.53026071,0.243315508,0.285275221,0,0,20741.72454,20741.72454,0,20772,1177,2.114370108
1178,0,20691.37894,20692,-50.3455996,-49.72453849,-0.4157294149,-0.4106009951,0.6210611058,0.005128419806,2.524188077,2.524188077,0.07020547945,0.1255341764,0,0,20741.72454,20741.72454,0,20772,1178,2.115901232
1179,0,20680.70888,20367,-61.01565713,-374.7245385,-0.5038375477,-3.094292538,-313.7088814,-2.59045499,2.320648171,19.937183,0.5263157895,3.227952159,0,0,20741.72454,20741.72454,0,20772,1179,2.116928816
1180,0,20701.50509,16617,-40.21944566,-4124.724538,-0.3321125728,-34.05996418,-4084.505093,-33.72785161,1.650518899,78.24202858,16,24.12118768,0,0,20741.72454,20741.72454,0,20772,1180,2.118338585
1181,0,20677.29404,16848,-64.43049433,-3893.724538,-0.5320356084,-32.15247881,-3829.294044,-31.6204432,2.406420186,78.19354488,1.636871508,9.711162156,0,0,20741.72454,20741.72454,0,20772,1181,2.119723558
1182,0,20667.42452,16157,-74.300017,-4584.724538,-0.6135333146,-37.8584199,-4510.424521,-37.24488659,3.236259873,95.44175316,1.638297872,10.40853938,0,0,20741.72454,20741.72454,0,20772,1182,2.121455193
1183,0,20669.78381,16679,-71.94072512,-4062.724538,-0.5940514325,-33.54799841,-3990.783813,-32.95394698,4.018485563,84.91573436,1.04519774,9.702783041,0,0,20741.72454,20741.72454,0,20772,1183,2.123326063
1184,0,20675.15279,20682,-66.57174704,-59.72453849,-0.5497170292,-0.4931761195,6.847208548,0.05654090975,4.093917581,4.093917581,0.09116809117,0.1655004622,0,0,20741.72454,20741.72454,0,20772,1184,2.125172615
1185,0,20675.78616,20471,-65.93837827,-270.7245385,-0.5444869787,-2.235511244,-204.7861602,-1.691024265,3.904008729,16.7685839,0.9042553191,2.812220531,0,0,20741.72454,20741.72454,0,20772,1185,2.126383066
1186,0,20741.72454,16456,0,-4285.724538,0,-35.38942369,-4285.724538,-35.38942369,1.196453583,82.54455666,1.298892989,9.77395379,0,0,20741.72454,20741.72454,0,20772,1186,2.128121853
1187,0,20671.52222,16746,-70.20232116,-3995.724538,-0.5796965402,-32.99474508,-3925.522217,-32.41504854,3.797795683,80.70094999,10.83333333,19.00686274,0,0,20741.72454,20741.72454,0,20772,1187,2.129784584
1188,0,20667.59985,16941,-74.12469134,-3800.724538,-0.6120855607,-31.38453015,-3726.599847,-30.77244459,3.021193066,75.00831881,8.833333333,18.13002162,0,0,20741.72454,20741.72454,0,20772,1188,2.131801367
1189,0,20667.92944,16474,-73.79510117,-4267.724538,-0.6093639658,-35.24078846,-4193.929437,-34.6314245,3.595227101,85.30921776,1.372340426,10.48394778,0,0,20741.72454,20741.72454,0,20772,1189,2.133536577
1190,0,20667.02805,16711,-74.69649265,-4030.724538,-0.6168072172,-33.28375801,-3956.028046,-32.6669508,3.82923949,82.82013068,1.324022346,9.769715227,0,0,20741.72454,20741.72454,0,20772,1190,2.135137796
1191,0,20667.35204,17530,-74.37250285,-3211.724538,-0.6141318674,-26.52085533,-3137.352036,-25.90672346,3.372469067,65.60986296,0.8544973545,7.753421044,0,0,20741.72454,20741.72454,0,20772,1191,2.137066603
1192,0,20672.61539,20706,-69.10914912,-35.72453849,-0.5706696585,-0.294995821,33.38461062,0.2756738375,4.386318368,4.386318368,0.3270676692,0.3732488415,0,0,20741.72454,20741.72454,0,20772,1192,2.139172792
1193,0,20741.72454,16506,0,-4235.724538,0,-34.97654806,-4235.724538,-34.97654806,1.141855524,82.27776751,1.032085561,10.6874028,0,0,20741.72454,20741.72454,0,20772,1193,2.141519547
1194,0,20669.70504,17244,-72.0195033,-3497.724538,-0.5947019443,-28.88250388,-3425.705035,-28.28780194,3.735183948,69.35781111,1.581005587,11.00755712,0,0,20741.72454,20741.72454,0,20772,1194,2.143235683
1195,0,20674.2727,15872,-67.45183564,-4869.724538,-0.5569843718,-40.21181095,-4802.272703,-39.65482658,3.159169269,93.37378381,1.508474576,11.80917409,0,0,20741.72454,20741.72454,0,20772,1195,2.145400763
1196,0,20671.78484,17010,-69.9396986,-3731.724538,-0.5775279312,-30.81476179,-3661.78484,-30.23723386,3.0600383,81.0343728,2.638297872,12.55281054,0,0,20741.72454,20741.72454,0,20772,1196,2.147397041
1197,0,20670.15405,15130,-71.57048962,-5611.724538,-0.5909942083,-46.33888518,-5540.154049,-45.74789097,4.261691331,104.4241561,25.83333333,38.4817376,0,0,20741.72454,20741.72454,0,20772,1197,2.149239063
1198,0,20670.35246,16707,-71.37207693,-4034.724538,-0.5893558131,-33.31678806,-3963.352462,-32.72743225,3.874794643,80.29043186,15.5,24.76535847,0,0,20741.72454,20741.72454,0,20772,1198,2.151042223
1199,0,20684.22861,16908,-57.49592946,-3833.724538,-0.4747733527,-31.65702806,-3776.228609,-31.18225471,3.055549484,80.27994948,0.8700564972,8.197004795,0,0,20741.72454,20741.72454,0,20772,1199,2.153055429
1200,0,20668.99059,16086,-72.73394507,-4655.724538,-0.6006014561,-38.44470329,-4582.990593,-37.84410183,3.634384806,89.82309961,17.33333333,27.71967902,0,0,20741.72454,20741.72454,0,20772,1200,2.154902697
1201,0,20670.40008,15674,-71.3244596,-5067.724538,-0.5889626123,-41.84679841,-4996.400079,-41.2578358,4.070772852,96.35769392,10.5,22.01066979,0,0,20741.72454,20741.72454,0,20772,1201,2.156819582
1202,0,20670.64711,16379,-71.07743137,-4362.724538,-0.5869227737,-36.02525214,-4291.647107,-35.43832937,4.029360682,83.1384945,0.7406417112,9.938111483,0,0,20741.72454,20741.72454,0,20772,1202,2.158638
1203,0,20668.20194,16516,-73.52259904,-4225.724538,-0.6071137761,-34.89397294,-4152.201939,-34.28685916,3.865722241,84.76589851,0.9574468085,9.520358958,0,0,20741.72454,20741.72454,0,20772,1203,2.160478115
1204,0,20670.31134,16575,-71.41320271,-4166.724538,-0.5896954096,-34.40677971,-4095.311336,-33.8170843,3.954022702,89.5944165,1.210526316,10.59061833,0,0,20741.72454,20741.72454,0,20772,1204,2.162386656
1205,0,20670.51766,17006,-71.2068796,-3735.724538,-0.587991694,-30.84779184,-3664.517659,-30.25980015,4.298623306,74.04839578,1.067039106,8.760467322,0,0,20741.72454,20741.72454,0,20772,1205,2.164031029
1206,0,20674.73733,16542,-66.98721157,-4199.724538,-0.5531477327,-34.67927762,-4132.737327,-34.12612988,3.586617872,83.85521964,2.053191489,12.11384812,0,0,20741.72454,20741.72454,0,20772,1206,2.165697575
1207,0,20677.64996,16270,-64.0745799,-4471.724538,-0.5290966405,-36.925321,-4407.649959,-36.39622436,4.223030389,88.65872812,2.425531915,11.64864885,0,0,20741.72454,20741.72454,0,20772,1207,2.167513609
1208,0,20679.24155,16651,-62.48299154,-4090.724538,-0.5159540799,-33.77920876,-4028.241547,-33.26325468,2.739785135,85.15672269,1.666666667,11.22049021,0,0,20741.72454,20741.72454,0,20772,1208,2.169400454
1209,0,20682.66534,20694,-59.05919415,-47.72453849,-0.4876820303,-0.3940859702,11.33465566,0.09359606006,4.570004025,4.570004025,0.3505535055,0.5796999863,0,0,20741.72454,20741.72454,0,20772,1209,2.171321154
1210,0,20715.34254,20406,-26.38200287,-335.7245385,-0.2178497169,-2.772249553,-309.3425356,-2.554399836,3.170544947,18.82945505,0.9042553191,2.62139415,0,0,20741.72454,20741.72454,0,20772,1210,2.173065186
1211,0,20683.63432,20698,-58.09021913,-43.72453849,-0.4796807071,-0.3610559205,14.36568064,0.1186247866,3.120721439,3.120721439,0.07565789474,0.108807066,0,0,20741.72454,20741.72454,0,20772,1211,2.174377441
1212,0,20725.8723,16417,-15.85223898,-4324.724538,-0.1309000606,-35.71146667,-4308.8723,-35.58056661,1.873188374,86.74382277,0.9322033898,10.06247399,0,0,20741.72454,20741.72454,0,20772,1212,2.175972462
1213,0,20672.7015,16045,-69.02304114,-4696.724538,-0.5699586208,-38.7832613,-4627.701497,-38.21330268,3.224683679,90.93632185,2.20212766,11.29179947,0,0,20741.72454,20741.72454,0,20772,1213,2.177794695
1214,0,20665.10824,16641,-76.61630183,-4100.724538,-0.6326600653,-33.86178388,-4024.108237,-33.22912382,3.792987993,84.97940675,25.83333333,36.67072063,0,0,20741.72454,20741.72454,0,20772,1214,2.179775715
1215,0,20675.56656,16354,-66.15798291,-4387.724538,-0.5463003668,-36.23168995,-4321.566556,-35.68538959,4.734694395,88.85087314,2.659574468,12.63468697,0,0,20741.72454,20741.72454,0,20772,1215,2.181875944
1216,0,20675.97309,15691,-65.75145127,-5050.724538,-0.5429434268,-41.7064207,-4984.973087,-41.16347727,4.639382034,99.64281958,0.9680851064,10.30212354,0,0,20741.72454,20741.72454,0,20772,1216,2.183435202
1217,0,20668.62137,20694,-73.10316404,-47.72453849,-0.6036502863,-0.3940859702,25.37862555,0.2095643161,5.110064208,5.110064208,0.2513227513,0.4397296185,0,0,20741.72454,20741.72454,0,20772,1217,2.185346842
1218,0,20711.49535,16590,-30.22918458,-4151.724538,-0.2496178677,-34.28291702,-4121.495354,-34.03329915,3.466868449,80.46174291,1.531073446,10.54552701,0,0,20741.72454,20741.72454,0,20772,1218,2.187078476
1219,0,20669.85066,16137,-71.87387802,-4604.724538,-0.5934994418,-38.02357015,-4532.85066,-37.43007071,3.842609751,90.81251948,1.094972067,10.18930355,0,0,20741.72454,20741.72454,0,20772,1219,2.188690424
1220,0,20675.63014,16983,-66.0943982,-3758.724538,-0.5457753152,-31.03771463,-3692.63014,-30.49193932,4.601401189,74.21864082,7.5,16.29748229,0,0,20741.72454,20741.72454,0,20772,1220,2.190672159
1221,0,20673.83532,20682,-67.8892159,-59.72453849,-0.5605960448,-0.4931761195,8.16467741,0.06741992527,4.104917037,4.104917037,0.2486631016,0.337943302,0,0,20741.72454,20741.72454,0,20772,1221,2.192380667
1222,0,20679.27677,20429,-62.44776929,-312.7245385,-0.5156632317,-2.582326766,-250.2767692,-2.066663535,3.333775735,19.09657321,0.9574468085,3.67590901,0,0,20741.72454,20741.72454,0,20772,1222,2.193817854
1223,0,20741.72454,16231,-3.637978807e-12,-4510.724538,-3.004065525e-14,-37.24736398,-4510.724538,-37.24736398,1.472847206,84.12885815,2.978723404,12.38594816,0,0,20741.72454,20741.72454,0,20772,1223,2.195281506
1224,0,20672.93115,16632,-68.79338525,-4109.724538,-0.5680622344,-33.9361015,-4040.931153,-33.36803926,4.042365439,82.10257857,23.66666667,32.62112376,0,0,20741.72454,20741.72454,0,20772,1224,2.197127104
1225,0,20681.41203,16743,-60.31250555,-3998.724538,-0.4980312648,-33.01951762,-3938.412033,-32.52148635,2.714501956,85.08088325,8.833333333,18.87884193,0,0,20741.72454,20741.72454,0,20772,1225,2.198934555
1226,0,20677.27593,17005,-64.44861332,-3736.724538,-0.5321852261,-30.85604936,-3672.275925,-30.32386413,3.336695509,72.47066246,31.83333333,39.4031222,0,0,20741.72454,20741.72454,0,20772,1226,2.201016665
1227,0,20672.34785,15629,-69.3766931,-5112.724538,-0.5728789063,-42.21838647,-5043.347845,-41.64550757,4.061945339,96.65165467,1.029100529,10.38115047,0,0,20741.72454,20741.72454,0,20772,1227,2.202636242
1228,0,20676.98462,20690,-64.73992315,-51.72453849,-0.5345907207,-0.42711602,13.01538466,0.1074747007,5.368593662,5.368593662,0.9574468085,1.106998371,0,0,20741.72454,20741.72454,0,20772,1228,2.20461154
1229,0,20741.72454,16303,0,-4438.724538,0,-36.65282309,-4438.724538,-36.65282309,1.955531622,80.09833842,39.83333333,48.02110237,0,0,20741.72454,20741.72454,0,20772,1229,2.20664525
1230,0,20665.30535,17289,-76.41918936,-3452.724538,-0.6310324067,-28.51091582,-3376.305349,-27.87988342,3.243857024,70.57894264,17.16666667,25.54803242,0,0,20741.72454,20741.72454,0,20772,1230,2.20842433
1231,0,20674.52962,16374,-67.19492049,-4367.724538,-0.5548628917,-36.06653971,-4300.529618,-35.51167681,3.866860832,89.10238236,3.166666667,13.4147879,0,0,20741.72454,20741.72454,0,20772,1231,2.210453749
1232,0,20668.6337,16715,-73.09083633,-4026.724538,-0.6035484901,-33.25072796,-3953.633702,-32.64717947,3.654504758,82.36544162,6.333333333,15.4445359,0,0,20741.72454,20741.72454,0,20772,1232,2.212013245
1233,0,20684.10486,15448,-57.61968192,-5293.724538,-0.4757952402,-43.71299622,-5236.104857,-43.23720098,3.457280545,100.0025292,1.575418994,11.53819666,0,0,20741.72454,20741.72454,0,20772,1233,2.213948727
1234,0,20669.44735,20696,-72.27718439,-45.72453849,-0.5968297491,-0.3775709453,26.5526459,0.2192588038,4.415255335,4.415255335,0.3270676692,0.6005719427,0,0,20741.72454,20741.72454,0,20772,1234,2.215624809
1235,0,20741.72454,16977,0,-3764.724538,0,-31.0872597,-3764.724538,-31.0872597,1.002638735,72.28445618,1.265536723,8.734094908,0,0,20741.72454,20741.72454,0,20772,1235,2.217658758
1236,0,20672.43436,20702,-69.29018109,-39.72453849,-0.5721645322,-0.3280258707,29.5656426,0.2441386615,3.178288353,3.178288353,0.1443768997,0.1443768997,0,0,20741.72454,20741.72454,0,20772,1236,2.219206095
1237,0,20741.72454,17038,0,-3703.724538,0,-30.58355145,-3703.724538,-30.58355145,1.040221497,71.00690853,0.9515669516,7.162856796,0,0,20741.72454,20741.72454,0,20772,1237,2.221102476
1238,0,20672.82552,20720,-68.89901707,-21.72453849,-0.5689344905,-0.1793906468,47.17447858,0.3895438437,4.454136503,4.454136503,0.161634103,0.1765817861,0,0,20741.72454,20741.72454,0,20772,1238,2.222699642
1239,0,20741.72454,16943,-3.637978807e-12,-3798.724538,-3.004065525e-14,-31.36801513,-3798.724538,-31.36801513,1.493609786,79.63370808,1.271186441,8.960353434,0,0,20741.72454,20741.72454,0,20772,1239,2.224689245
1240,0,20672.83562,16633,-68.88892038,-4108.724538,-0.5688511169,-33.92784398,-4039.835618,-33.35899287,3.327363566,81.95914209,22.5,31.29132186,0,0,20741.72454,20741.72454,0,20772,1240,2.226651907
1241,0,20670.48896,17572,-71.2355747,-3169.724538,-0.5882286442,-26.1740398,-3098.488964,-25.58581116,3.6007365,73.54168906,0.6992481203,7.420788332,0,0,20741.72454,20741.72454,0,20772,1241,2.228592873
1242,0,20680.32759,20725,-61.3969474,-16.72453849,-0.5069860569,-0.1381030846,44.67240891,0.3688829722,4.732473554,4.732473554,0.1108571429,0.1576957707,0,0,20741.72454,20741.72454,0,20772,1242,2.230336905
1243,0,20705.93399,20700,-35.79054965,-41.72453849,-0.2955409089,-0.3445408956,-5.933988846,-0.04899998671,2.548596387,2.548596387,0.03910614525,0.1179447731,0,0,20741.72454,20741.72454,0,20772,1243,2.231931686
1244,0,20687.31972,20616,-54.40481935,-125.7245385,-0.4492484725,-1.03817194,-71.31971914,-0.5889234679,2.265913354,12.57827578,0.914893617,1.98493383,0,0,20741.72454,20741.72454,0,20772,1244,2.23312521
1245,0,20741.72454,17050,0,-3691.724538,0,-30.4844613,-3691.724538,-30.4844613,2.242920752,74.24292075,0.834422658,7.744957867,0,0,20741.72454,20741.72454,0,20772,1245,2.234763861
1246,0,20665.78658,16954,-75.93796229,-3787.724538,-0.6270586682,-31.27718249,-3711.786576,-30.65012382,2.682660114,72.55943381,0.5623145401,6.903807882,0,0,20741.72454,20741.72454,0,20772,1246,2.236494303
1247,0,20673.06898,16625,-68.65555999,-4116.724538,-0.5669241406,-33.99390408,-4048.068979,-33.42697994,2.604098849,83.43469868,25.33333333,35.06456929,0,0,20741.72454,20741.72454,0,20772,1247,2.23869586
1248,0,20665.53849,17064,-76.18605242,-3677.724538,-0.6291072755,-30.36885612,-3601.538486,-29.73974885,3.397398523,76.11579793,16,24.75137596,0,0,20741.72454,20741.72454,0,20772,1248,2.240646601
1249,0,20677.41823,20702,-64.30631276,-39.72453849,-0.5310101775,-0.3280258707,24.58177427,0.2029843068,4.247512683,4.247512683,0.2735042735,0.3978059495,0,0,20741.72454,20741.72454,0,20772,1249,2.242781401
1250,0,20719.99841,20774,-21.72613139,32.27546151,-0.1794038002,0.2665150249,54.0015929,0.4459188251,3.027532472,3.027532472,0.125698324,0.125698324,0,0,20741.72454,20741.72454,0,20772,1250,2.244225979
1251,0,20741.72454,17191,0,-3550.724538,0,-29.32015204,-3550.724538,-29.32015204,0.5848846714,77.05442096,1.275303644,9.406793761,0,0,20741.72454,20741.72454,0,20772,1251,2.245768309
1252,0,20678.30751,16357,-63.41702828,-4384.724538,-0.5236668999,-36.20691742,-4321.30751,-35.68325052,3.896770096,90.51549753,8.5,17.65276527,0,0,20741.72454,20741.72454,0,20772,1252,2.247603416
1253,0,20680.50015,20682,-61.22438567,-59.72453849,-0.5055611262,-0.4931761195,1.499847176,0.01238500671,4.581402683,4.581402683,0.1340782123,0.2249037331,0,0,20741.72454,20741.72454,0,20772,1253,2.249179602
1254,0,20701.35691,20715,-40.36763061,-26.72453849,-0.3333362119,-0.220678209,13.64309212,0.1126580029,3.655521708,10.05353471,0.914893617,1.720199766,0,0,20741.72454,20741.72454,0,20772,1254,2.250768423
1255,0,20741.72454,16489,0,-4252.724538,0,-35.11692578,-4252.724538,-35.11692578,1.728790668,81.07881894,1.627659574,10.74248401,0,0,20741.72454,20741.72454,0,20772,1255,2.252255678
1256,0,20668.35468,16311,-73.36986249,-4430.724538,-0.6058525521,-36.58676299,-4357.354676,-35.98091044,3.568609215,90.38123436,2.333333333,11.60883964,0,0,20741.72454,20741.72454,0,20772,1256,2.25421381
1257,0,20670.68624,16186,-71.03829429,-4555.724538,-0.5865995987,-37.61895204,-4484.686244,-37.03235245,3.308595647,80.99561736,1.251461988,10.42139373,0,0,20741.72454,20741.72454,0,20772,1257,2.256170988
1258,0,20670.03174,16161,-71.69279975,-4580.724538,-0.5920041857,-37.82538985,-4509.031739,-37.23338567,3.001326242,85.45843547,25.83333333,37.2229889,0,0,20741.72454,20741.72454,0,20772,1258,2.258351088
1259,0,20680.61627,16729,-61.10827189,-4012.724538,-0.5046023153,-33.13512279,-3951.616267,-32.63052047,3.774844246,85.86155117,31.33333333,40.31740379,0,0,20741.72454,20741.72454,0,20772,1259,2.260252953
1260,0,20679.58659,20743,-62.13794399,1.275461509,-0.5131048454,0.01053213928,63.4134055,0.5236369847,5.696724347,5.696724347,0.1626712329,0.222174392,0,0,20741.72454,20741.72454,0,20772,1260,2.262042761
1261,0,20704.21818,16885,-37.50636177,-3856.724538,-0.3097092489,-31.84695085,-3819.218177,-31.5372416,1.520323347,82.71046465,3.333333333,13.39489651,0,0,20741.72454,20741.72454,0,20772,1261,2.263991117
1262,0,20680.44028,16542,-61.28425744,-4199.724538,-0.5060555181,-34.67927762,-4138.440281,-34.1732221,4.283835399,89.20304975,1.491525424,11.79979597,0,0,20741.72454,20741.72454,0,20772,1262,2.265448809
1263,0,20675.3537,20694,-66.37083696,-47.72453849,-0.5480580118,-0.3940859702,18.64629847,0.1539720415,4.72551056,4.72551056,0.3270676692,0.5773718954,0,0,20741.72454,20741.72454,0,20772,1263,2.267143488
1264,0,20741.72454,16223,0,-4518.724538,0,-37.31342408,-4518.724538,-37.31342408,2.014579412,86.21247271,0.8617021277,9.592369288,0,0,20741.72454,20741.72454,0,20772,1264,2.269007444
1265,0,20673.63608,17136,-68.08845826,-3605.724538,-0.562241291,-29.77431523,-3537.63608,-29.21207394,4.357010415,75.2861625,15.66666667,23.71649807,0,0,20741.72454,20741.72454,0,20772,1265,2.270927906
1266,0,20663.35079,17051,-78.37374743,-3690.724538,-0.6471721943,-30.47620378,-3612.350791,-29.82903159,3.747916049,79.23419336,1.124293785,9.421151756,0,0,20741.72454,20741.72454,0,20772,1266,2.272778511
1267,0,20673.00646,16485,-68.71808346,-4256.724538,-0.5674404289,-35.14995582,-4188.006455,-34.5825154,3.350349354,85.15259686,19.33333333,29.42740023,0,0,20741.72454,20741.72454,0,20772,1267,2.274724722
1268,0,20668.2778,16897,-73.44674145,-3844.724538,-0.6064873811,-31.7478607,-3771.277797,-31.14137332,3.239545404,76.80618996,8.833333333,17.74457465,0,0,20741.72454,20741.72454,0,20772,1268,2.277026176
1269,0,20669.42587,16679,-72.29866528,-4062.724538,-0.5970071279,-33.54799841,-3990.425873,-32.95099128,3.678269855,93.95161215,16,23.83812515,0,0,20741.72454,20741.72454,0,20772,1269,2.278775215
1270,0,20671.02333,17239,-70.70120877,-3502.724538,-0.5838161108,-28.92379145,-3432.02333,-28.33997534,3.86427398,78.14375183,1.361581921,9.262121399,0,0,20741.72454,20741.72454,0,20772,1270,2.280586481
1271,0,20680.41857,20751,-61.30597065,9.275461509,-0.5062348152,0.07659223879,70.58143215,0.582827054,5.47983126,5.47983126,0.914893617,0.914893617,0,0,20741.72454,20741.72454,0,20772,1271,2.282491446
1272,0,20741.72454,16413,0,-4328.724538,0,-35.74449672,-4328.724538,-35.74449672,0.5864610791,83.96741409,1.089385475,9.402591306,0,0,20741.72454,20741.72454,0,20772,1272,2.284488678
1273,0,20667.12422,16440,-74.6003149,-4301.724538,-0.6160130282,-35.52154388,-4227.124224,-34.90553086,3.391536187,84.98201339,0.8704453441,9.403210551,0,0,20741.72454,20741.72454,0,20772,1273,2.286211967
1274,0,20671.48062,20726,-70.24391812,-15.72453849,-0.5800400276,-0.1298455722,54.51937963,0.4501944555,5.132743789,5.132743789,0.914893617,1.048971829,0,0,20741.72454,20741.72454,0,20772,1274,2.287840128
1275,0,20741.72454,16549,-3.637978807e-12,-4192.724538,-3.004065525e-14,-34.62147503,-4192.724538,-34.62147503,1.227197434,80.88943522,3,11.67552298,0,0,20741.72454,20741.72454,0,20772,1275,2.290164232
1276,0,20674.1869,16150,-67.53764317,-4591.724538,-0.5576929286,-37.91622249,-4524.186895,-37.35852956,3.943323336,92.31467566,0.8848920863,10.65790619,0,0,20741.72454,20741.72454,0,20772,1276,2.291850567
1277,0,20670.06686,15784,-71.65767705,-4957.724538,-0.5917141595,-40.93847204,-4886.066861,-40.34675788,4.057601474,91.42035067,31.33333333,42.00163139,0,0,20741.72454,20741.72454,0,20772,1277,2.293799877
1278,0,20667.67227,16772,-74.05226592,-3969.724538,-0.611487507,-32.78004975,-3895.672273,-32.16856225,4.513199764,81.88278294,1.061452514,10.67934522,0,0,20741.72454,20741.72454,0,20772,1278,2.29528594
1279,0,20668.14885,15957,-73.57568986,-4784.724538,-0.6075521742,-39.50992239,-4711.148849,-38.90237022,3.746304995,89.50292095,25.33333333,35.55940824,0,0,20741.72454,20741.72454,0,20772,1279,2.297197342
1280,0,20666.90661,15811,-74.81793095,-4930.724538,-0.6178099955,-40.71551921,-4855.906608,-40.09770921,3.457493789,91.83044424,32.5,42.87902649,0,0,20741.72454,20741.72454,0,20772,1280,2.298954725
1281,0,20672.63548,20726,-69.08906294,-15.72453849,-0.5705037966,-0.1298455722,53.36452445,0.4406582244,5.257823363,5.257823363,0.3431734317,0.5402688674,0,0,20741.72454,20741.72454,0,20772,1281,2.300990343
1282,0,20741.72454,16160,0,-4581.724538,0,-37.83364737,-4581.724538,-37.83364737,1.048468069,86.9802511,1.078212291,10.25806464,0,0,20741.72454,20741.72454,0,20772,1282,2.303046703
1283,0,20673.67468,16604,-68.04986227,-4137.724538,-0.5619225841,-34.16731184,-4069.674676,-33.60538926,5.305382933,82.81794488,8.833333333,18.69545717,0,0,20741.72454,20741.72454,0,20772,1283,2.304943085
1284,0,20675.47596,16696,-66.24857717,-4045.724538,-0.54704845,-33.4076207,-3979.475961,-32.86057225,3.391486156,78.21655878,1.564971751,11.44478816,0,0,20741.72454,20741.72454,0,20772,1284,2.306973219
1285,0,20669.15702,20731,-72.56751571,-10.72453849,-0.5992271636,-0.08855800999,61.84297722,0.5106691536,4.080573908,4.080573908,0.243315508,0.2575250995,0,0,20741.72454,20741.72454,0,20772,1285,2.308868885
1286,0,20741.57048,16141,-0.1540547694,-4600.724538,-0.001272109175,-37.9905401,-4600.570484,-37.98926799,1.8956897,84.85310105,1.372881356,10.12584696,0,0,20741.72454,20741.72454,0,20772,1286,2.310803652
1287,0,20673.98851,15138,-67.73602656,-5603.724538,-0.5593310818,-46.27282508,-5535.988512,-45.713494,5.149642218,109.1254389,8.666666667,21.3356223,0,0,20741.72454,20741.72454,0,20772,1287,2.312474966
1288,0,20682.57924,16906,-59.14529491,-3835.724538,-0.4883930084,-31.67354309,-3776.579244,-31.18515008,2.738021065,77.46200591,0.5243553009,7.88028757,0,0,20741.72454,20741.72454,0,20772,1288,2.314487457
1289,0,20679.62691,16723,-62.09762787,-4018.724538,-0.5127719345,-33.18466786,-3956.626911,-32.67189593,4.243509254,87.91888665,2.166666667,11.25871291,0,0,20741.72454,20741.72454,0,20772,1289,2.316288233
1290,0,20665.9294,20672,-75.79513772,-69.72453849,-0.6258792925,-0.5757512439,6.070599229,0.05012804864,4.961437372,4.961437372,0.914893617,1.1913259,0,0,20741.72454,20741.72454,0,20772,1290,2.318308353
1291,0,20712.92281,20725,-28.80172967,-16.72453849,-0.237830641,-0.1381030846,12.07719118,0.09972755641,2.87526761,2.87526761,0.1326815642,0.1433387579,0,0,20741.72454,20741.72454,0,20772,1291,2.320022821
1292,0,20741.72454,15732,0,-5009.724538,0,-41.36786269,-5009.724538,-41.36786269,1.063993596,97.84718384,1.30075188,10.94466063,0,0,20741.72454,20741.72454,0,20772,1292,2.321210623
1293,0,20676.44483,15953,-65.27970619,-4788.724538,-0.5390479858,-39.54295244,-4723.444832,-39.00390446,2.563823393,92.68897616,13.33333333,24.99335744,0,0,20741.72454,20741.72454,0,20772,1293,2.323251009
1294,0,20671.68308,20704,-70.04146004,-37.72453849,-0.5783682275,-0.3115108458,32.31692155,0.2668573817,2.869121816,2.869121816,0.04843304843,0.1192841035,0,0,20741.72454,20741.72454,0,20772,1294,2.325006723
1295,0,20676.08666,20612,-65.63787778,-129.7245385,-0.5420055922,-1.07120199,-64.08666071,-0.529196398,2.07487095,10.42712698,0.9574468085,1.874438363,0,0,20741.72454,20741.72454,0,20772,1295,2.326371908
1296,0,20741.72454,17117,0,-3624.724538,0,-29.93120796,-3624.724538,-29.93120796,1.144414316,71.93300069,3.333333333,12.7916036,0,0,20741.72454,20741.72454,0,20772,1296,2.328192472
1297,0,20667.46881,16367,-74.25572696,-4374.724538,-0.613167589,-36.12434229,-4300.468812,-35.5111747,3.168000546,87.86135015,1.525423729,11.28313314,0,0,20741.72454,20741.72454,0,20772,1297,2.329719305
1298,0,20670.28223,20662,-71.44230731,-79.72453849,-0.5899357412,-0.6583263683,-8.282231186,-0.06839062704,4.271075904,4.271075904,0.2655367232,0.3557814881,0,0,20741.72454,20741.72454,0,20772,1298,2.331589222
1299,0,20670.43744,20669,-71.28710037,-72.72453849,-0.588654118,-0.6005237812,-1.437438122,-0.01186966317,3.452056121,3.452056121,0.1474164134,0.2133450689,0,0,20741.72454,20741.72454,0,20772,1299,2.332957745
1300,0,20678.16783,20695,-63.55670794,-46.72453849,-0.5248203064,-0.3858284578,16.83216945,0.1389918486,3.386892627,12.58108526,0.243315508,0.873851197,0,0,20741.72454,20741.72454,0,20772,1300,2.333986998
1301,0,20741.72454,16520,3.637978807e-12,-4221.724538,3.004065525e-14,-34.86094289,-4221.724538,-34.86094289,2.09264059,84.34303964,0.9230769231,9.265397892,0,0,20741.72454,20741.72454,0,20772,1301,2.335448027
1302,0,20677.4003,16085,-64.32423777,-4656.724538,-0.5311581935,-38.4529608,-4592.400301,-37.92180261,3.708386618,87.36849536,9.5,19.96600162,0,0,20741.72454,20741.72454,0,20772,1302,2.337347507
1303,0,20668.23359,20700,-73.49094938,-41.72453849,-0.6068524286,-0.3445408956,31.76641089,0.262311533,4.104906379,4.104906379,0.1825726141,0.2564133609,0,0,20741.72454,20741.72454,0,20772,1303,2.339164972
1304,0,20730.49424,16728,-11.23030317,-4013.724538,-0.09273436808,-33.1433803,-4002.494235,-33.05064593,2.375653418,78.77200291,0.8655097614,8.764054637,0,0,20741.72454,20741.72454,0,20772,1304,2.340981483
1305,0,20677.23423,16811,-64.49030547,-3930.724538,-0.5325294996,-32.45800677,-3866.234233,-31.92547727,4.674031373,83.07347362,1.61452514,11.41670355,0,0,20741.72454,20741.72454,0,20772,1305,2.342509747
1306,0,20670.51718,15836,-71.20735928,-4905.724538,-0.587995655,-40.5090814,-4834.517179,-39.92108574,3.434347416,94.01423628,1.608938547,10.99453141,0,0,20741.72454,20741.72454,0,20772,1306,2.34457159
1307,0,20677.00183,20732,-64.7227056,-9.724538491,-0.5344485466,-0.08030049755,54.99816711,0.454148049,4.268682929,4.268682929,0.5084745763,0.529751172,0,0,20741.72454,20741.72454,0,20772,1307,2.346543789
1308,0,20741.72454,16995,0,-3746.724538,0,-30.93862448,-3746.724538,-30.93862448,1.585463312,78.3431139,0.995951417,9.618553076,0,0,20741.72454,20741.72454,0,20772,1308,2.348364353
1309,0,20679.05823,20756,-62.66631146,14.27546151,-0.5174678464,0.117879801,76.94177297,0.6353476474,4.654462901,4.654462901,0.1602209945,0.1602209945,0,0,20741.72454,20741.72454,0,20772,1309,2.350007296
1310,0,20741.72454,16775,0,-3966.724538,0,-32.75527722,-3966.724538,-32.75527722,0.535721191,82.51572119,0.7894736842,8.703661573,0,0,20741.72454,20741.72454,0,20772,1310,2.351986408
1311,0,20674.77083,15989,-66.95370925,-4752.724538,-0.5528710869,-39.24568199,-4685.770829,-38.69281091,5.524314395,89.47362246,0.8895027624,10.10608075,0,0,20741.72454,20741.72454,0,20772,1311,2.353706598
1312,0,20669.35141,17183,-72.37313146,-3558.724538,-0.5976220333,-29.38621214,-3486.351407,-28.78859011,4.663086478,70.69445805,4.333333333,15.74421543,0,0,20741.72454,20741.72454,0,20772,1312,2.355557442
1313,0,20678.57989,20704,-63.14465007,-37.72453849,-0.5214177334,-0.3115108458,25.42011158,0.2099068875,5.434721985,5.434721985,0.2735042735,0.4110866047,0,0,20741.72454,20741.72454,0,20772,1313,2.357450008
1314,0,20685.13664,20319,-56.58790079,-422.7245385,-0.4672752946,-3.490653135,-366.1366377,-3.02337784,3.467366036,19.96695469,0.9042553191,3.660666722,0,0,20741.72454,20741.72454,0,20772,1314,2.358977318
1315,0,20723.0938,16950,-18.63073362,-3791.724538,-0.1538435146,-31.31021254,-3773.093805,-31.15636903,2.720903553,73.96449209,16.33333333,26.47217307,0,0,20741.72454,20741.72454,0,20772,1315,2.360492468
1316,0,20670.34224,17118,-71.38229659,-3623.724538,-0.589440202,-29.92295045,-3552.342242,-29.33351025,3.731298854,73.66520615,1.581920904,10.1269694,0,0,20741.72454,20741.72454,0,20772,1316,2.362282753
1317,0,20674.72101,16593,-67.00352678,-4148.724538,-0.5532824558,-34.25814448,-4081.721012,-33.70486203,3.84206541,79.19881384,0.7700534759,9.126806964,0,0,20741.72454,20741.72454,0,20772,1317,2.364472628
1318,0,20680.27666,16623,-61.44788158,-4118.724538,-0.5074066465,-34.01041911,-4057.276657,-33.50301246,3.207612117,81.55503823,10.83333333,19.42751367,0,0,20741.72454,20741.72454,0,20772,1318,2.365934134
1319,0,20681.73366,15880,-59.99088004,-4861.724538,-0.4953754382,-40.14575085,-4801.733658,-39.65037541,3.991546893,88.84476133,1.166666667,11.36860315,0,0,20741.72454,20741.72454,0,20772,1319,2.367481709
1320,0,20681.42031,16719,-60.30422999,-4022.724538,-0.4979629292,-33.21769791,-3962.420309,-32.71973498,2.916083199,78.76827601,1.925531915,10.47641272,0,0,20741.72454,20741.72454,0,20772,1320,2.369208813
1321,0,20683.98447,17087,-57.7400734,-3654.724538,-0.4767893743,-30.17893334,-3596.984465,-29.70214396,3.587921464,80.77667739,1.033519553,8.765275396,0,0,20741.72454,20741.72454,0,20772,1321,2.370965481
1322,0,20679.01813,20715,-62.70640667,-26.72453849,-0.5177989331,-0.220678209,35.98186818,0.2971207241,4.603210804,4.603210804,0.9042553191,0.9838299999,0,0,20741.72454,20741.72454,0,20772,1322,2.372454405
1323,0,20722.88635,16803,-18.83818472,-3938.724538,-0.1555565446,-32.52406687,-3919.886354,-32.36851032,1.194590487,75.48634496,0.6474820144,7.466773979,0,0,20741.72454,20741.72454,0,20772,1323,2.374243021
1324,0,20679.77171,16494,-61.95282998,-4247.724538,-0.5115762642,-35.07563821,-4185.771709,-34.56406195,3.646553238,86.10915152,0.9028340081,10.33692948,0,0,20741.72454,20741.72454,0,20772,1324,2.375785589
1325,0,20676.30045,16538,-65.42408421,-4203.724538,-0.5402401892,-34.71230767,-4138.300454,-34.17206748,3.172105992,88.69131418,40.66666667,49.66850435,0,0,20741.72454,20741.72454,0,20772,1325,2.377501249
1326,0,20677.91234,15785,-63.8121956,-4956.724538,-0.5269299989,-40.93021453,-4892.912343,-40.40328453,3.557566548,95.54842382,0.7863070539,10.20152909,0,0,20741.72454,20741.72454,0,20772,1326,2.379430532
1327,0,20677.22855,17030,-64.49598913,-3711.724538,-0.5325764325,-30.64961155,-3647.228549,-30.11703511,2.813046274,71.59235228,1.140350877,10.14029721,0,0,20741.72454,20741.72454,0,20772,1327,2.381403923
1328,0,20680.41767,16669,-61.3068678,-4072.724538,-0.5062422234,-33.63057354,-4011.417671,-33.12433131,2.441828186,85.60073384,1.076023392,8.771083749,0,0,20741.72454,20741.72454,0,20772,1328,2.382916212
1329,0,20671.24219,16029,-70.48234714,-4712.724538,-0.5820088582,-38.9153815,-4642.242191,-38.33337264,4.507124948,92.87624015,2.489361702,12.44020175,0,0,20741.72454,20741.72454,0,20772,1329,2.384913206
1330,0,20666.66451,16486,-75.0600276,-4255.724538,-0.6198091115,-35.14169831,-4180.664511,-34.5218892,3.582222467,90.47559684,1.271186441,10.30567238,0,0,20741.72454,20741.72454,0,20772,1330,2.386768579
1331,0,20667.61661,16989,-74.10792962,-3752.724538,-0.6119471507,-30.98816956,-3678.616609,-30.3762224,4.158647614,76.60733482,3.333333333,12.14751826,0,0,20741.72454,20741.72454,0,20772,1331,2.388915777
1332,0,20671.67971,16422,-70.0448312,-4319.724538,-0.5783960649,-35.67017911,-4249.679707,-35.09178304,2.862656366,93.08529604,32.16666667,39.57794622,0,0,20741.72454,20741.72454,0,20772,1332,2.390688896
1333,0,20676.22558,20675,-65.49895413,-66.72453849,-0.5408584285,-0.5509787066,-1.225584358,-0.01012027808,5.022337915,5.022337915,0.243315508,0.4626824439,0,0,20741.72454,20741.72454,0,20772,1333,2.392189503
1334,0,20677.55743,20643,-64.16710743,-98.72453849,-0.5298606877,-0.8152191046,-34.55743106,-0.2853584169,3.403297013,16.3042717,0.914893617,2.215030475,0,0,20741.72454,20741.72454,0,20772,1334,2.394043684
1335,0,20741.72454,16821,-3.637978807e-12,-3920.724538,-3.004065525e-14,-32.37543165,-3920.724538,-32.37543165,1.984664442,73.40609746,1.581005587,9.071987954,0,0,20741.72454,20741.72454,0,20772,1335,2.395642042
1336,0,20668.92072,16159,-72.80381952,-4582.724538,-0.6011784453,-37.84190488,-4509.920719,-37.24072643,4.528776789,93.89240872,0.7994269341,9.635452939,0,0,20741.72454,20741.72454,0,20772,1336,2.397518158
1337,0,20672.13265,16060,-69.59189132,-4681.724538,-0.5746559082,-38.65939861,-4612.132647,-38.0847427,3.887260522,95.49383509,1.526315789,11.24229429,0,0,20741.72454,20741.72454,0,20772,1337,2.399207115
1338,0,20668.83635,16285,-72.88818974,-4456.724538,-0.6018751334,-36.80145831,-4383.836349,-36.19958318,4.323284554,88.14604047,4.5,14.22631721,0,0,20741.72454,20741.72454,0,20772,1338,2.401012421
1339,0,20671.07832,16432,-70.64622289,-4309.724538,-0.5833620642,-35.58760398,-4239.078316,-35.00424192,3.314389431,84.85807982,1.432330827,9.995610441,0,0,20741.72454,20741.72454,0,20772,1339,2.403038502
1340,0,20669.25404,16160,-72.47049425,-4581.724538,-0.5984260077,-37.83364737,-4509.254044,-37.23522136,4.184032598,92.41043112,24.16666667,32.71306645,0,0,20741.72454,20741.72454,0,20772,1340,2.404891968
1341,0,20673.11649,17175,-68.60805094,-3566.724538,-0.566531834,-29.45227224,-3498.116488,-28.88574041,5.422971381,71.23466821,1.073446328,9.116817533,0,0,20741.72454,20741.72454,0,20772,1341,2.406996727
1342,0,20667.67631,16849,-74.04822686,-3892.724538,-0.6114541544,-32.1442213,-3818.676312,-31.53276714,3.327488539,77.85310187,1.584795322,10.77679218,0,0,20741.72454,20741.72454,0,20772,1342,2.408812284
1343,0,20670.62792,16902,-71.09662297,-3839.724538,-0.5870812485,-31.70657314,-3768.627916,-31.11949189,4.693269546,78.69680447,1.04519774,8.437858949,0,0,20741.72454,20741.72454,0,20772,1343,2.410947323
1344,0,20669.27751,16517,-72.4470307,-4224.724538,-0.5982322571,-34.88571543,-4152.277508,-34.28748317,5.047806289,84.37340933,1.085470085,10.26380487,0,0,20741.72454,20741.72454,0,20772,1344,2.412643194
1345,0,20668.97219,16524,-72.75234409,-4217.724538,-0.6007533863,-34.82791284,-4144.972194,-34.22715945,4.075220695,84.64429043,0.9594095941,9.127216581,0,0,20741.72454,20741.72454,0,20772,1345,2.414516449
1346,0,20673.44604,16046,-68.2784948,-4695.724538,-0.5638105201,-38.77500379,-4627.446044,-38.21119327,3.234572428,86.57137264,16.33333333,26.44075426,0,0,20741.72454,20741.72454,0,20772,1346,2.416496038
1347,0,20665.99879,17000,-75.72574718,-3741.724538,-0.6253062993,-30.89733692,-3665.998791,-30.27203062,3.537629739,74.55122423,16,24.71738672,0,0,20741.72454,20741.72454,0,20772,1347,2.418497086
1348,0,20672.18221,16317,-69.54232391,-4424.724538,-0.5742466047,-36.53721791,-4355.182215,-35.96297131,3.831002802,91.50132221,2.414893617,12.12171829,0,0,20741.72454,20741.72454,0,20772,1348,2.420404196
1349,0,20667.80131,16590,-73.92323238,-4151.724538,-0.6104220109,-34.28291702,-4077.801306,-33.67249501,3.455776749,86.45066047,0.9040590406,9.036246216,0,0,20741.72454,20741.72454,0,20772,1349,2.422330856
1350,0,20666.02383,17222,-75.70070483,-3519.724538,-0.6250995117,-29.06416916,-3444.023834,-28.43906965,3.168485399,71.80317121,1.251461988,9.879727558,0,0,20741.72454,20741.72454,0,20772,1350,2.424031734
1351,0,20668.01044,16707,-73.71409602,-4034.724538,-0.6086950648,-33.31678806,-3961.010442,-32.708093,3.425220036,80.29557641,1.298561151,9.8625434,0,0,20741.72454,20741.72454,0,20772,1351,2.425674915
1352,0,20668.2145,16289,-73.51003629,-4452.724538,-0.607010039,-36.76842826,-4379.214502,-36.16141822,3.01251704,88.79668134,0.6424581006,9.847579521,0,0,20741.72454,20741.72454,0,20772,1352,2.427196741
1353,0,20666.86262,16663,-74.86191951,-4078.724538,-0.6181732315,-33.68011861,-4003.862619,-33.06194538,2.316572888,82.10551003,22.5,30.83165431,0,0,20741.72454,20741.72454,0,20772,1353,2.428826094
1354,0,20676.93589,17328,-64.78865227,-3413.724538,-0.534993102,-28.18887284,-3348.935886,-27.65387974,3.218375861,70.02418149,1.080229226,8.3155352,0,0,20741.72454,20741.72454,0,20772,1354,2.430718422
1355,0,20671.18252,17039,-70.54201435,-3702.724538,-0.5825015609,-30.57529393,-3632.182524,-29.99279237,3.618694729,75.19307192,0.7651821862,8.722775484,0,0,20741.72454,20741.72454,0,20772,1355,2.432278872
1356,0,20678.93178,16881,-62.79275394,-3860.724538,-0.5185119467,-31.8799809,-3797.931785,-31.36146895,3.226874294,81.28953545,1.670212766,10.40780358,0,0,20741.72454,20741.72454,0,20772,1356,2.434186935
1357,0,20671.94718,15854,-69.77736319,-4887.724538,-0.5761874445,-40.36044617,-4817.947175,-39.78425873,3.616887545,87.21248072,18.66666667,31.57404736,0,0,20741.72454,20741.72454,0,20772,1357,2.436163902
1358,0,20672.45074,16608,-69.27379681,-4133.724538,-0.5720292388,-34.13428179,-4064.450742,-33.56225256,3.55102827,82.43977724,0.8008298755,9.062594697,0,0,20741.72454,20741.72454,0,20772,1358,2.437733173
1359,0,20674.72513,20722,-66.99940891,-19.72453849,-0.5532484525,-0.1628756219,47.27487042,0.3903728306,3.962320553,3.962320553,0.1917211329,0.1917211329,0,0,20741.72454,20741.72454,0,20772,1359,2.439522505
1360,0,20741.72454,16326,0,-4415.724538,0,-36.4629003,-4415.724538,-36.4629003,0.4950014611,90.02664502,0.582322357,9.069933722,0,0,20741.72454,20741.72454,0,20772,1360,2.441558123
1361,0,20673.72727,20704,-67.99727165,-37.72453849,-0.5614883164,-0.3115108458,30.27273316,0.2499774706,3.910833787,3.910833787,0.125698324,0.1837064729,0,0,20741.72454,20741.72454,0,20772,1361,2.443557024
1362,0,20731.37734,15865,-10.34720248,-4876.724538,-0.08544215318,-40.26961354,-4866.377336,-40.18417138,2.350379463,96.6019948,1.506072874,12.25296691,0,0,20741.72454,20741.72454,0,20772,1362,2.445380688
1363,0,20674.02528,20708,-67.69926299,-33.72453849,-0.5590275062,-0.2784807961,33.9747245,0.2805467101,4.543882708,4.543882708,0.243315508,0.3013236569,0,0,20741.72454,20741.72454,0,20772,1363,2.446914911
1364,0,20703.98507,20559,-37.73946886,-182.7245385,-0.3116341335,-1.508850149,-144.9850696,-1.197216016,2.752186057,12.68949305,0.914893617,2.282866389,0,0,20741.72454,20741.72454,0,20772,1364,2.448670149
1365,0,20741.72454,16416,0,-4325.724538,0,-35.71972418,-4325.724538,-35.71972418,1.648012477,79.15326303,4.333333333,14.42654676,0,0,20741.72454,20741.72454,0,20772,1365,2.450034142
1366,0,20663.79159,16530,-77.9329533,-4211.724538,-0.6435323312,-34.77836777,-4133.791585,-34.13483543,3.365755896,79.61453479,3.333333333,12.16938478,0,0,20741.72454,20741.72454,0,20772,1366,2.451817989
1367,0,20666.69756,16595,-75.02697733,-4146.724538,-0.6195361985,-34.24162946,-4071.697561,-33.62209326,2.78013005,88.39351348,0.8957446809,8.956828357,0,0,20741.72454,20741.72454,0,20772,1367,2.453896999
1368,0,20676.28313,20761,-65.44140548,19.27546151,-0.5403832197,0.1591673632,84.71686699,0.6995505829,5.186071859,5.186071859,0.167587477,0.1705614547,0,0,20741.72454,20741.72454,0,20772,1368,2.455667257
1369,0,20741.72454,16511,0,-4230.724538,0,-34.9352605,-4230.724538,-34.9352605,1.455200148,76.51614826,2.333333333,11.51553547,0,0,20741.72454,20741.72454,0,20772,1369,2.457685947
1370,0,20670.1354,16012,-71.58913379,-4729.724538,-0.5911481628,-39.05575921,-4658.135405,-38.46461105,3.057950611,91.27381267,1.074074074,9.973133381,0,0,20741.72454,20741.72454,0,20772,1370,2.459107876
1371,0,20669.7727,16465,-71.95183416,-4276.724538,-0.5941431656,-35.31510607,-4204.772704,-34.72096291,3.545637278,85.87742793,1.339483395,9.54680695,0,0,20741.72454,20741.72454,0,20772,1371,2.461172342
1372,0,20667.92699,17234,-73.79755202,-3507.724538,-0.6093842038,-28.96507901,-3433.926986,-28.3556948,4.598269441,73.61463877,2.333333333,11.08962152,0,0,20741.72454,20741.72454,0,20772,1372,2.463003159
1373,0,20665.98611,16778,-75.73843293,-3963.724538,-0.625411052,-32.73050468,-3887.986106,-32.10509363,4.01184912,79.47561297,1.468085106,11.16684442,0,0,20741.72454,20741.72454,0,20772,1373,2.464835644
1374,0,20678.56764,15865,-63.15689395,-4876.724538,-0.5215188374,-40.26961354,-4813.567645,-39.7480947,4.440007613,91.44375087,2.414893617,12.44161646,0,0,20741.72454,20741.72454,0,20772,1374,2.466827631
1375,0,20668.2883,20709,-73.43624036,-32.72453849,-0.6064006682,-0.2702232836,40.71170187,0.3361773846,4.354584484,4.354584484,0.1825726141,0.2244627226,0,0,20741.72454,20741.72454,0,20772,1375,2.468484163
1376,0,20717.87889,20580,-23.84565055,-161.7245385,-0.196905756,-1.335442388,-137.8788879,-1.138536632,2.401613674,11.68243918,7.166666667,8.480070435,0,0,20741.72454,20741.72454,0,20772,1376,2.47017765
1377,0,20741.72454,16785,0,-3956.724538,0,-32.67270209,-3956.724538,-32.67270209,1.767961145,81.76482264,1.415204678,9.992660989,0,0,20741.72454,20741.72454,0,20772,1377,2.471555233
1378,0,20676.14597,20727,-65.57856708,-14.72453849,-0.5415158334,-0.1215880597,50.85402859,0.4199277736,6.21809934,6.21809934,0.2486631016,0.4125673373,0,0,20741.72454,20741.72454,0,20772,1378,2.473320246
1379,0,20741.72454,16699,0,-4042.724538,0,-33.38284816,-4042.724538,-33.38284816,0.7219001957,75.02075099,9.666666667,19.41842399,0,0,20741.72454,20741.72454,0,20772,1379,2.475671768
1380,0,20666.242,16905,-75.48253981,-3836.724538,-0.6232980114,-31.6818006,-3761.241999,-31.05850259,3.111860018,80.59882187,1.165991903,8.846626974,0,0,20741.72454,20741.72454,0,20772,1380,2.477344275
1381,0,20672.08662,16108,-69.63791919,-4633.724538,-0.5750359839,-38.26303801,-4564.086619,-37.68800203,3.196262528,88.49612033,1.14893617,11.11877954,0,0,20741.72454,20741.72454,0,20772,1381,2.479358196
1382,0,20669.64399,17224,-72.08055136,-3517.724538,-0.5952060495,-29.04765413,-3445.643987,-28.45244808,3.839942785,76.2575992,0.5954356846,8.788771873,0,0,20741.72454,20741.72454,0,20772,1382,2.481492281
1383,0,20676.22653,16868,-65.49800623,-3873.724538,-0.5408506012,-31.98732856,-3808.226532,-31.44647796,2.739077693,77.21779051,0.8394004283,8.270979564,0,0,20741.72454,20741.72454,0,20772,1383,2.483252764
1384,0,20680.37773,16546,-61.34681197,-4195.724538,-0.5065720629,-34.64624757,-4134.377727,-34.1396755,3.057678465,87.92053112,1.025830258,9.950134465,0,0,20741.72454,20741.72454,0,20772,1384,2.485033989
1385,0,20670.12475,15802,-71.59979068,-4939.724538,-0.5912361622,-40.78983682,-4868.124748,-40.19860066,3.875806909,93.52318179,1.463687151,12.78031897,0,0,20741.72454,20741.72454,0,20772,1385,2.486838579
1386,0,20677.48096,16796,-64.24357437,-3945.724538,-0.5304921144,-32.58186946,-3881.480964,-32.05137734,4.081409615,78.31819354,0.7851002865,8.677622463,0,0,20741.72454,20741.72454,0,20772,1386,2.488950729
1387,0,20682.97526,16985,-58.74927761,-3756.724538,-0.4851228906,-31.02119961,-3697.975261,-30.53607671,4.048290172,76.0477238,0.8544973545,7.841487219,0,0,20741.72454,20741.72454,0,20772,1387,2.490609169
1388,0,20681.78183,16169,-59.94271106,-4572.724538,-0.4949776822,-37.75932976,-4512.781827,-37.26435207,3.112157606,88.08724471,0.9566160521,11.23097525,0,0,20741.72454,20741.72454,0,20772,1388,2.492304802
1389,0,20671.77867,16983,-69.9458732,-3758.724538,-0.577578918,-31.03771463,-3688.778665,-30.46013571,4.199915525,80.94372479,1.125506073,8.146492749,0,0,20741.72454,20741.72454,0,20772,1389,2.494082212
1390,0,20675.98589,20710,-65.73865111,-31.72453849,-0.5428377292,-0.2619657712,34.01411262,0.280871958,5.351424042,5.351424042,0.243315508,0.3140099281,0,0,20741.72454,20741.72454,0,20772,1390,2.495842934
1391,0,20688.16627,16691,-53.55827013,-4050.724538,-0.4422580818,-33.44890826,-3997.166268,-33.00665018,2.560793607,82.4435322,1.094017094,9.891676285,0,0,20741.72454,20741.72454,0,20772,1391,2.497493029
1392,0,20676.48491,16259,-65.23962719,-4482.724538,-0.538717033,-37.01615364,-4417.484911,-36.4774366,3.156187993,88.39256958,1.808510638,12.23111218,0,0,20741.72454,20741.72454,0,20772,1392,2.498913288
1393,0,20678.72434,20708,-63.00019426,-33.72453849,-0.5202248877,-0.2784807961,29.27565577,0.2417440917,4.527509258,4.527509258,0.1340782123,0.2197619257,0,0,20741.72454,20741.72454,0,20772,1393,2.500093699
1394,0,20692.04961,16614,-49.67492573,-4127.724538,-0.4101913171,-34.08473672,-4078.049613,-33.6745454,2.708771368,79.54433839,1.028248588,10.33086275,0,0,20741.72454,20741.72454,0,20772,1394,2.501555681
1395,0,20676.79256,17284,-64.931983,-3457.724538,-0.5361766573,-28.55220339,-3392.792555,-28.01602673,3.417902484,69.3832975,3.833333333,12.91730071,0,0,20741.72454,20741.72454,0,20772,1395,2.50346899
1396,0,20671.94115,16777,-69.78339082,-3964.724538,-0.5762372177,-32.73876219,-3894.941148,-32.16252498,3.288665747,73.0918815,0.9574468085,8.757160921,0,0,20741.72454,20741.72454,0,20772,1396,2.505461931
1397,0,20672.16812,16686,-69.55641621,-4055.724538,-0.574362972,-33.49019582,-3986.168122,-32.91583285,2.556504535,78.75959846,1.061452514,9.328661992,0,0,20741.72454,20741.72454,0,20772,1397,2.507097721
1398,0,20680.37368,16589,-61.35085391,-4152.724538,-0.5066054393,-34.29117453,-4091.373685,-33.78456909,5.599836321,83.57557754,0.8166189112,10.09625752,0,0,20741.72454,20741.72454,0,20772,1398,2.508476973
1399,0,20675.2139,16323,-66.51063379,-4418.724538,-0.5492123858,-36.48767284,-4352.213905,-35.93846045,4.00610243,86.42489037,0.6128550075,8.061291662,0,0,20741.72454,20741.72454,0,20772,1399,2.510136127
1400,0,20669.44676,15655,-72.27777832,-5086.724538,-0.5968346535,-42.00369115,-5014.44676,-41.4068565,3.809210335,99.00696637,9.666666667,23.22621935,0,0,20741.72454,20741.72454,0,20772,1400,2.511758566
1401,0,20683.3375,16874,-58.38703461,-3867.724538,-0.4821316646,-31.93778349,-3809.337504,-31.45565182,6.499798091,84.48213756,1.201117318,8.650509144,0,0,20741.72454,20741.72454,0,20772,1401,2.513272762
1402,0,20675.34471,16564,-66.37982923,-4177.724538,-0.5481322655,-34.49761234,-4111.344709,-33.94948008,3.497878954,83.00404698,2.333333333,12.31202863,0,0,20741.72454,20741.72454,0,20772,1402,2.515222311
1403,0,20668.38553,16783,-73.33901242,-3958.724538,-0.6055978073,-32.68921712,-3885.385526,-32.08361931,4.089657529,82.48368706,3.5,12.81488426,0,0,20741.72454,20741.72454,0,20772,1403,2.516891003
1404,0,20670.53809,16720,-71.18644723,-4021.724538,-0.5878229735,-33.2094404,-3950.538091,-32.62161743,3.847593515,80.60924002,9.5,17.81616089,0,0,20741.72454,20741.72454,0,20772,1404,2.51872921
1405,0,20671.94916,16785,-69.77537404,-3956.724538,-0.5761710191,-32.67270209,-3886.949164,-32.09653107,3.797279874,83.30280086,1.133603239,9.737945941,0,0,20741.72454,20741.72454,0,20772,1405,2.520874023
1406,0,20685.41325,20743,-56.31128872,1.275461509,-0.464991167,0.01053213928,57.58675023,0.4755233063,5.68044757,5.68044757,0.5084745763,0.5327906857,0,0,20741.72454,20741.72454,0,20772,1406,2.522750854
1407,0,20741.72454,15992,0,-4749.724538,0,-39.22090946,-4749.724538,-39.22090946,1.665312785,88.48315646,0.8520971302,9.703882321,0,0,20741.72454,20741.72454,0,20772,1407,2.52473402
1408,0,20672.05266,16223,-69.67187454,-4518.724538,-0.5753163706,-37.31342408,-4449.052664,-36.73810771,3.30287462,89.83156743,1.308510638,11.55804608,0,0,20741.72454,20741.72454,0,20772,1408,2.526655197
1409,0,20672.36762,15630,-69.35691784,-5111.724538,-0.5727156118,-42.21012896,-5042.367621,-41.63741335,3.354133453,92.17677389,0.8911174785,11.1312857,0,0,20741.72454,20741.72454,0,20772,1409,2.528620243
1410,0,20671.67994,17287,-70.04459569,-3454.724538,-0.5783941202,-28.52743085,-3384.679943,-27.94903673,4.198998609,70.8423524,3.333333333,11.71672681,0,0,20741.72454,20741.72454,0,20772,1410,2.530336618
1411,0,20679.57227,17214,-62.15227242,-3527.724538,-0.5132231626,-29.13022926,-3465.572266,-28.61700609,2.763534715,76.26340441,10.16666667,19.79109682,0,0,20741.72454,20741.72454,0,20772,1411,2.532148838
1412,0,20682.50195,16232,-59.22259018,-4509.724538,-0.4890312751,-37.23910647,-4450.501948,-36.7500752,4.016819657,87.86951578,9.333333333,18.92539783,0,0,20741.72454,20741.72454,0,20772,1412,2.533960581
1413,0,20679.72706,17181,-61.99747905,-3560.724538,-0.5119449545,-29.40272717,-3498.727059,-28.89078221,3.08976442,76.7080684,6,15.44469456,0,0,20741.72454,20741.72454,0,20772,1413,2.535384655
1414,0,20679.55849,20720,-62.16605126,-21.72453849,-0.5133369416,-0.1793906468,40.44151277,0.3339462948,4.424545846,4.424545846,0.09488272921,0.1744574099,0,0,20741.72454,20741.72454,0,20772,1414,2.537118673
1415,0,20718.70355,16538,-23.0209906,-4203.724538,-0.1900961162,-34.71230767,-4180.703548,-34.52221155,1.157316921,90.01599868,1.636871508,11.79792078,0,0,20741.72454,20741.72454,0,20772,1415,2.538877487
1416,0,20668.00577,16102,-73.71876522,-4639.724538,-0.6087336208,-38.31258309,-4566.005773,-37.70384947,3.274209396,88.14410622,0.8700361011,10.63435188,0,0,20741.72454,20741.72454,0,20772,1416,2.540563822
1417,0,20675.87734,20699,-65.8472011,-42.72453849,-0.5437340822,-0.352798408,23.12266261,0.1909356741,4.087682085,4.087682085,0.243315508,0.3556203312,0,0,20741.72454,20741.72454,0,20772,1417,2.542441845
1418,0,20675.43955,20558,-66.28499196,-183.7245385,-0.5473491456,-1.517107662,-117.4395465,-0.9697585163,3.431682491,13.53017122,0.9042553191,1.818418595,0,0,20741.72454,20741.72454,0,20772,1418,2.543885946
1419,0,20722.84498,16831,-18.87955948,-3910.724538,-0.1558981972,-32.29285652,-3891.844979,-32.13695832,2.940002872,74.17788185,8.833333333,18.25066784,0,0,20741.72454,20741.72454,0,20772,1419,2.545597553
1420,0,20670.01523,16053,-71.70931225,-4688.724538,-0.5921405379,-38.7172012,-4617.015226,-38.12506066,3.864204171,89.45558549,1.050847458,9.620715134,0,0,20741.72454,20741.72454,0,20772,1420,2.547406435
1421,0,20670.24982,16335,-71.47472,-4406.724538,-0.5902033895,-36.38858269,-4335.249818,-35.7983793,3.09565256,81.98860952,7.166666667,16.12236982,0,0,20741.72454,20741.72454,0,20772,1421,2.549384117
1422,0,20677.64539,16876,-64.0791479,-3865.724538,-0.5291343608,-31.92126846,-3801.645391,-31.3921341,3.329936713,76.43331823,1.968085106,10.03320783,0,0,20741.72454,20741.72454,0,20772,1422,2.551444054
1423,0,20677.92628,16774,-63.79825719,-3967.724538,-0.5268149023,-32.76353473,-3903.926281,-32.23671983,3.404371994,74.6066416,2.5,12.69301664,0,0,20741.72454,20741.72454,0,20772,1423,2.553568363
1424,0,20682.39724,15933,-59.32729678,-4808.724538,-0.4898958911,-39.70810269,-4749.397242,-39.2182068,3.733824766,97.2333088,2.170212766,12.54093823,0,0,20741.72454,20741.72454,0,20772,1424,2.555448771
1425,0,20666.02832,15742,-75.69621715,-4999.724538,-0.6250624547,-41.28528757,-4924.028321,-40.66022511,3.888285552,95.12590724,1.5,11.58075877,0,0,20741.72454,20741.72454,0,20772,1425,2.557479382
1426,0,20663.37214,16490,-78.35240292,-4251.724538,-0.6469959417,-35.10866826,-4173.372136,-34.46167232,2.946308991,85.16788514,0.8016194332,9.762067319,0,0,20741.72454,20741.72454,0,20772,1426,2.559337854
1427,0,20667.29831,16312,-74.42623049,-4429.724538,-0.6145755241,-36.57850548,-4355.298308,-35.96392995,3.198885878,84.03100519,7.5,19.37146373,0,0,20741.72454,20741.72454,0,20772,1427,2.561361074
1428,0,20662.80045,20700,-78.9240851,-41.72453849,-0.6517166145,-0.3445408956,37.19954661,0.3071757189,3.822693868,3.822693868,0.2245989305,0.2548561166,0,0,20741.72454,20741.72454,0,20772,1428,2.563252926
1429,0,20741.72454,17141,0,-3600.724538,0,-29.73302766,-3600.724538,-29.73302766,0.9953000232,80.04901658,1.787234043,10.4163312,0,0,20741.72454,20741.72454,0,20772,1429,2.565560818
1430,0,20672.23233,20743,-69.49221129,1.275461509,-0.5738327991,0.01053213928,70.7676728,0.5843649384,5.057502657,5.057502657,0.2075055188,0.2749397293,0,0,20741.72454,20741.72454,0,20772,1430,2.567108631
1431,0,20741.72454,16398,0,-4343.724538,0,-35.86835941,-4343.724538,-35.86835941,1.770761,92.18408629,0.7773019272,9.43041891,0,0,20741.72454,20741.72454,0,20772,1431,2.569288969
1432,0,20680.63525,20713,-61.08928729,-28.72453849,-0.5044455496,-0.2371932339,32.3647488,0.2672523158,3.770421469,3.770421469,0.03217158177,0.08689581064,0,0,20741.72454,20741.72454,0,20772,1432,2.571068764
1433,0,20689.92792,20334,-51.79661642,-407.7245385,-0.4277112043,-3.366790448,-355.9279221,-2.939079244,2.628184658,21.78200261,0.9042553191,3.492343413,0,0,20741.72454,20741.72454,0,20772,1433,2.572524071
1434,0,20730.1878,16302,-11.53673366,-4439.724538,-0.09526472167,-36.6610806,-4428.187805,-36.56581588,2.251362788,83.34362278,25.66666667,36.16379343,0,0,20741.72454,20741.72454,0,20772,1434,2.574197531
1435,0,20673.36437,16860,-68.36016638,-3881.724538,-0.5644849242,-32.05338866,-3813.364372,-31.48890374,4.418640672,77.72694933,4,12.72151728,0,0,20741.72454,20741.72454,0,20772,1435,2.576174974
1436,0,20674.565,16558,-67.15954009,-4183.724538,-0.5545707377,-34.54715742,-4116.564998,-33.99258668,3.276826627,86.45954269,1.20212766,10.06789323,0,0,20741.72454,20741.72454,0,20772,1436,2.578205347
1437,0,20679.09289,16338,-62.63164717,-4403.724538,-0.5171816056,-36.36381015,-4341.092891,-35.84662855,4.109997964,93.46570952,31.83333333,40.94748956,0,0,20741.72454,20741.72454,0,20772,1437,2.580189228
1438,0,20677.46147,16717,-64.26306859,-4024.724538,-0.5306530882,-33.23421294,-3960.46147,-32.70355985,2.950331143,79.55722852,2,12.09296108,0,0,20741.72454,20741.72454,0,20772,1438,2.582113743
1439,0,20676.92847,16829,-64.79606709,-3912.724538,-0.53505433,-32.30937155,-3847.928471,-31.77431722,2.261992918,77.49784505,1.056390977,10.05597194,0,0,20741.72454,20741.72454,0,20772,1439,2.583803177
1440,0,20678.72225,16862,-63.00229056,-3879.724538,-0.5202421979,-32.03687364,-3816.722248,-31.51663144,2.563966994,81.80202943,16,23.83107043,0,0,20741.72454,20741.72454,0,20772,1440,2.585570812
1441,0,20678.33855,16221,-63.3859919,-4520.724538,-0.5234106166,-37.32993911,-4457.338547,-36.80652849,2.79908112,94.86251541,1.469273743,9.785671344,0,0,20741.72454,20741.72454,0,20772,1441,2.587351799
1442,0,20665.7364,16563,-75.98813581,-4178.724538,-0.6274729766,-34.50586985,-4102.736403,-33.87839688,4.500271698,83.85309628,2.010638298,10.87871476,0,0,20741.72454,20741.72454,0,20772,1442,2.588939428
1443,0,20667.60532,17053,-74.11921573,-3688.724538,-0.6120403458,-30.45968876,-3614.605323,-29.84764841,4.002118653,73.35117357,0.9532163743,8.288184271,0,0,20741.72454,20741.72454,0,20772,1443,2.590537786
1444,0,20666.19036,15927,-75.53417489,-4814.724538,-0.6237243887,-39.75764777,-4739.190364,-39.13392338,3.482923128,97.06807255,1.608938547,10.44270712,0,0,20741.72454,20741.72454,0,20772,1444,2.592682123
1445,0,20678.86513,16858,-62.8594091,-3883.724538,-0.5190623525,-32.06990369,-3820.865129,-31.55084133,5.117376603,77.4126055,20,28.07779418,0,0,20741.72454,20741.72454,0,20772,1445,2.594656944
1446,0,20673.46133,16658,-68.26321329,-4083.724538,-0.5636843328,-33.72140617,-4015.461325,-33.15772184,4.188754177,75.56858871,23.66666667,33.02467798,0,0,20741.72454,20741.72454,0,20772,1446,2.596521854
1447,0,20670.74919,17328,-70.97535013,-3413.724538,-0.5860798365,-28.18887284,-3342.749188,-27.602793,2.370003798,77.45649446,1.179487179,9.835035575,0,0,20741.72454,20741.72454,0,20772,1447,2.598496437
1448,0,20672.60081,20711,-69.1237283,-30.72453849,-0.5707900462,-0.2537082588,38.39918981,0.3170817875,4.7760547,4.7760547,0.2513227513,0.4946382593,0,0,20741.72454,20741.72454,0,20772,1448,2.60075736
1449,0,20741.72454,16678,0,-4063.724538,0,-33.55625592,-4063.724538,-33.55625592,1.825609341,81.46182388,2.553191489,11.06833713,0,0,20741.72454,20741.72454,0,20772,1449,2.602536678
1450,0,20667.07748,16859,-74.64705717,-3882.724538,-0.6163990031,-32.06164617,-3808.077481,-31.44524717,3.378015006,81.00031934,31.33333333,41.12433354,0,0,20741.72454,20741.72454,0,20772,1450,2.604293585
1451,0,20669.20882,16832,-72.515719,-3909.724538,-0.5987994516,-32.28459901,-3837.208819,-31.68579956,3.580257666,75.90402194,1.734042553,9.686853246,0,0,20741.72454,20741.72454,0,20772,1451,2.606309414
1452,0,20670.06596,16297,-71.65857502,-4444.724538,-0.5917215746,-36.70236816,-4373.065963,-36.11064659,3.954818288,88.87261467,1.571428571,10.17358863,0,0,20741.72454,20741.72454,0,20772,1452,2.608005047
1453,0,20681.69081,16644,-60.03373023,-4097.724538,-0.4957292741,-33.83701135,-4037.690808,-33.34128207,3.559814431,89.38815622,31.33333333,40.30491501,0,0,20741.72454,20741.72454,0,20772,1453,2.609967709
1454,0,20675.46106,17038,-66.26348325,-3703.724538,-0.5471715372,-30.58355145,-3637.461055,-30.03637991,2.775919907,75.25536154,1.968085106,10.57941069,0,0,20741.72454,20741.72454,0,20772,1454,2.611665964
1455,0,20673.04581,17881,-68.67873186,-2860.724538,-0.5671154826,-23.62246846,-2792.045807,-23.05535298,2.407032798,65.18217339,7.166666667,13.62706296,0,0,20741.72454,20741.72454,0,20772,1455,2.613175154
1456,0,20666.78825,16487,-74.93628739,-4254.724538,-0.6187873252,-35.1334408,-4179.788251,-34.51465347,3.258133564,87.5871377,0.7978723404,9.692046076,0,0,20741.72454,20741.72454,0,20772,1456,2.614977598
1457,0,20678.70804,16366,-63.01649432,-4375.724538,-0.5203594857,-36.1325998,-4312.708044,-35.61224032,3.902888035,89.89921725,20.66666667,30.98486458,0,0,20741.72454,20741.72454,0,20772,1457,2.616862535
1458,0,20681.9772,17424,-59.74733832,-3317.724538,-0.4933643893,-27.39615164,-3257.9772,-26.90278726,3.203837924,75.93046931,1.004457652,7.247461384,0,0,20741.72454,20741.72454,0,20772,1458,2.618685246
1459,0,20686.16168,20695,-55.56285479,-46.72453849,-0.4588109646,-0.3858284578,8.838316303,0.07298250681,4.750105046,4.750105046,0.06743421053,0.1664544799,0,0,20741.72454,20741.72454,0,20772,1459,2.620650768
1460,0,20684.89729,20714,-56.82724734,-27.72453849,-0.4692517018,-0.2289357214,29.10270885,0.2403159803,4.014102963,9.89683386,0.1970954357,0.3813995179,0,0,20741.72454,20741.72454,0,20772,1460,2.62189579
1461,0,20741.72454,17202,-3.637978807e-12,-3539.724538,-3.004065525e-14,-29.22931941,-3539.724538,-29.22931941,1.106876747,63.66184541,1.776595745,9.223465731,0,0,20741.72454,20741.72454,0,20772,1461,2.623792887
1462,0,20664.52158,16871,-77.20295554,-3870.724538,-0.6375043657,-31.96255602,-3793.521583,-31.32505166,2.373729197,83.03487773,8.333333333,18.09642085,0,0,20741.72454,20741.72454,0,20772,1462,2.625362873
1463,0,20674.43204,16808,-67.29249766,-3933.724538,-0.5556686365,-32.48277931,-3866.432041,-31.92711067,3.773960073,82.66626442,1.251396648,10.10088311,0,0,20741.72454,20741.72454,0,20772,1463,2.62730217
1464,0,20679.3915,17004,-62.33303734,-3737.724538,-0.5147158312,-30.86430687,-3675.391501,-30.34959104,4.51094126,73.25858701,1.387218045,8.788413908,0,0,20741.72454,20741.72454,0,20772,1464,2.629187107
1465,0,20675.67372,15804,-66.05081854,-4937.724538,-0.5454154557,-40.7733218,-4871.67372,-40.22790634,3.995652046,93.7330632,0.6895306859,10.42109909,0,0,20741.72454,20741.72454,0,20772,1465,2.630594254
1466,0,20669.94609,17233,-71.77845317,-3508.724538,-0.5927114699,-28.97333652,-3436.946085,-28.38062505,3.065774794,75.75594547,15.16666667,24.38868558,0,0,20741.72454,20741.72454,0,20772,1466,2.632637262
1467,0,20668.42129,16834,-73.30325142,-3907.724538,-0.6053025104,-32.26808398,-3834.421287,-31.66278147,4.435895837,78.10969733,26,35.97810399,0,0,20741.72454,20741.72454,0,20772,1467,2.634491682
1468,0,20675.02746,16320,-66.69707622,-4421.724538,-0.5507519365,-36.51244538,-4355.027462,-35.96169344,3.476041326,81.23613019,9.666666667,18.4006552,0,0,20741.72454,20741.72454,0,20772,1468,2.636339903
1469,0,20664.72538,17215,-76.99915993,-3526.724538,-0.6358215209,-29.12197174,-3449.725379,-28.48615022,3.216949387,66.80061334,0.7293233083,7.317186556,0,0,20741.72454,20741.72454,0,20772,1469,2.638034344
1470,0,20670.83133,16141,-70.89321121,-4600.724538,-0.5854015734,-37.9905401,-4529.831327,-37.40513853,3.25174081,89.40224268,9.166666667,19.86108393,0,0,20741.72454,20741.72454,0,20772,1470,2.639929056
1471,0,20668.40637,16604,-73.31817018,-4137.724538,-0.6054257023,-34.16731184,-4064.406368,-33.56188614,2.862801717,81.45896027,0.914893617,8.238985223,0,0,20741.72454,20741.72454,0,20772,1471,2.642033339
1472,0,20672.27788,20702,-69.44666348,-39.72453849,-0.5734566875,-0.3280258707,29.72212499,0.2454308168,4.190590198,4.190590198,0.2063829787,0.2063829787,0,0,20741.72454,20741.72454,0,20772,1472,2.644212484
1473,0,20741.72454,16512,0,-4229.724538,0,-34.92700299,-4229.724538,-34.92700299,1.079263035,75.42324573,0.7165775401,8.022026556,0,0,20741.72454,20741.72454,0,20772,1473,2.646408319
1474,0,20666.08962,15722,-75.63491409,-5019.724538,-0.6245562439,-41.45043782,-4944.089624,-40.82588157,3.114238747,93.92659427,1.320916905,11.05363177,0,0,20741.72454,20741.72454,0,20772,1474,2.64821744
1475,0,20674.95186,16072,-66.77267683,-4669.724538,-0.5513762095,-38.56030846,-4602.951862,-38.00893225,3.111114817,92.91507035,0.7741456166,9.335522808,0,0,20741.72454,20741.72454,0,20772,1475,2.650289536
1476,0,20676.79026,16212,-64.9342798,-4529.724538,-0.5361956231,-37.40425672,-4464.790259,-36.8680611,4.60880965,86.22465871,1.833333333,10.92767927,0,0,20741.72454,20741.72454,0,20772,1476,2.652220488
1477,0,20664.41413,16841,-77.31040487,-3900.724538,-0.6383916299,-32.2102814,-3823.414134,-31.57188977,3.717772267,77.95877011,0.7231638418,8.867723288,0,0,20741.72454,20741.72454,0,20772,1477,2.65405345
1478,0,20680.50976,16583,-61.21477646,-4158.724538,-0.505481778,-34.34071961,-4097.509762,-33.83523783,4.602384293,83.95423782,0.8068783069,9.304972464,0,0,20741.72454,20741.72454,0,20772,1478,2.655910969
1479,0,20682.06762,20728,-59.65691701,-13.72453849,-0.4926177343,-0.1133305473,45.93237852,0.379287187,4.808546974,4.808546974,0.1970954357,0.2053191199,0,0,20741.72454,20741.72454,0,20772,1479,2.657844067
1480,0,20741.72454,15206,0,-5535.724538,0,-45.71131423,-5535.724538,-45.71131423,1.006728692,99.82473708,17.16666667,28.4265538,0,0,20741.72454,20741.72454,0,20772,1480,2.659736872
1481,0,20671.69606,17095,-70.02847566,-3646.724538,-0.5782610088,-30.11287324,-3576.696063,-29.53461223,4.448709565,85.47210639,2.666666667,10.6174228,0,0,20741.72454,20741.72454,0,20772,1481,2.661689043
1482,0,20672.27752,20700,-69.44702154,-41.72453849,-0.5734596442,-0.3445408956,27.72248305,0.2289187486,3.198258469,3.198258469,0.06642066421,0.1411494501,0,0,20741.72454,20741.72454,0,20772,1482,2.663774729
1483,0,20671.82213,20223,-69.90240665,-518.7245385,-0.5772199924,-4.283374329,-448.8221318,-3.706154336,2.313928012,24.91413076,0.9042553191,3.77438356,0,0,20741.72454,20741.72454,0,20772,1483,2.665146589
1484,0,20681.68481,16283,-60.03973118,-4458.724538,-0.495778827,-36.81797334,-4398.684807,-36.32219451,3.671775403,90.09436907,1.245614035,11.96201604,0,0,20741.72454,20741.72454,0,20772,1484,2.666744709
1485,0,20680.07043,17277,-61.65410644,-3464.724538,-0.5091095508,-28.61000597,-3403.070432,-28.10089642,4.072598985,82.27030765,7.5,18.25822519,0,0,20741.72454,20741.72454,0,20772,1485,2.668426037
1486,0,20677.03874,16341,-64.68579726,-4400.724538,-0.5341437754,-36.33903762,-4336.038741,-35.80489384,5.093109339,91.28982337,2.027932961,11.0342292,0,0,20741.72454,20741.72454,0,20772,1486,2.67047143
1487,0,20678.63509,15707,-63.08944892,-5034.724538,-0.5209619092,-41.5743005,-4971.63509,-41.05333859,4.747693425,94.4847863,1.457446809,12.83502262,0,0,20741.72454,20741.72454,0,20772,1487,2.672120094
1488,0,20674.25727,15907,-67.46727207,-4834.724538,-0.5571118383,-39.92279801,-4767.257266,-39.36568618,4.003544143,92.94549168,1.670212766,10.12962509,0,0,20741.72454,20741.72454,0,20772,1488,2.67423892
1489,0,20671.3116,16212,-70.412936,-4529.724538,-0.5814356948,-37.40425672,-4459.311602,-36.82282103,4.164071735,90.72067101,1.00802139,10.31582322,0,0,20741.72454,20741.72454,0,20772,1489,2.676184654
1490,0,20672.62961,20723,-69.09493235,-18.72453849,-0.5705522633,-0.1546181095,50.37039386,0.4159341538,3.982153441,3.982153441,0.09488272921,0.1275558741,0,0,20741.72454,20741.72454,0,20772,1490,2.677887917
1491,0,20692.97862,17273,-48.74591919,-3468.724538,-0.4025200341,-28.64303602,-3419.978619,-28.24051599,1.808443866,71.6996222,1.968085106,8.472826527,0,0,20741.72454,20741.72454,0,20772,1491,2.679834843
1492,0,20681.92348,15886,-59.80105375,-4855.724538,-0.4938079452,-40.09620578,-4795.923485,-39.60239783,3.409870544,89.80312046,0.955026455,11.05611897,0,0,20741.72454,20741.72454,0,20772,1492,2.681144953
1493,0,20669.05158,16558,-72.6729555,-4183.724538,-0.600097834,-34.54715742,-4111.051583,-33.94705958,2.486279411,81.55164575,1.16194332,10.95115192,0,0,20741.72454,20741.72454,0,20772,1493,2.683121443
1494,0,20672.65183,16851,-69.07270948,-3890.724538,-0.5703687577,-32.12770627,-3821.651829,-31.55733751,5.075653442,83.47418044,16,25.94450073,0,0,20741.72454,20741.72454,0,20772,1494,2.685514212
1495,0,20675.07179,16978,-66.65274456,-3763.724538,-0.5503858673,-31.07900219,-3697.071794,-30.52861633,4.528509875,74.46979932,1.105809129,9.041512031,0,0,20741.72454,20741.72454,0,20772,1495,2.687464476
1496,0,20669.05058,16818,-72.67395555,-3923.724538,-0.6001060919,-32.40020418,-3851.050583,-31.80009809,3.628992755,82.16406382,3,12.37400199,0,0,20741.72454,20741.72454,0,20772,1496,2.689174414
1497,0,20666.80048,16434,-74.92406019,-4307.724538,-0.6186863589,-35.57108896,-4232.800478,-34.9524026,4.588051083,95.09844428,2.333333333,11.12563576,0,0,20741.72454,20741.72454,0,20772,1497,2.691242456
1498,0,20681.7447,16566,-59.97984203,-4175.724538,-0.4952842916,-34.48109732,-4115.744696,-33.98581303,3.96471483,83.77228038,1.08097166,9.256805999,0,0,20741.72454,20741.72454,0,20772,1498,2.692554951
1499,0,20679.28533,16156,-62.43920977,-4585.724538,-0.5155925513,-37.86667742,-4523.285329,-37.35108487,2.932451654,92.93326249,18.33333333,28.86376008,0,0,20741.72454,20741.72454,0,20772,1499,2.694820881
1500,0,20688.23524,20716,-53.48929837,-25.72453849,-0.4416885466,-0.2124206966,27.76475987,0.22926785,4.902142901,4.902142901,0.2735042735,0.4247804789,0,0,20741.72454,20741.72454,0,20772,1500,2.696823359
1501,0,20692.09321,20702,-49.63132576,-39.72453849,-0.4098312898,-0.3280258707,9.90678727,0.08180541911,3.855392145,3.855392145,0.05586592179,0.2527914457,0,0,20741.72454,20741.72454,0,20772,1501,2.698189497
1502,0,20692.39207,20538,-49.33246376,-203.7245385,-0.4073634332,-1.682257911,-154.3920747,-1.274894477,3.852063774,17.8338103,0.9574468085,2.244305016,0,0,20741.72454,20741.72454,0,20772,1502,2.699389458
1503,0,20741.72454,16977,-3.637978807e-12,-3764.724538,-3.004065525e-14,-31.0872597,-3764.724538,-31.0872597,1.749457369,77.42865111,1.615819209,10.40521293,0,0,20741.72454,20741.72454,0,20772,1503,2.701168776
1504,0,20670.37706,16398,-71.34747383,-4343.724538,-0.5891526526,-35.86835941,-4272.377065,-35.27920675,3.747837578,91.29753803,25.83333333,35.73470603,0,0,20741.72454,20741.72454,0,20772,1504,2.702865362
1505,0,20671.34067,16860,-70.38386728,-3881.724538,-0.5811956596,-32.05338866,-3811.340671,-31.472193,4.268313866,87.12892183,4,13.0896182,0,0,20741.72454,20741.72454,0,20772,1505,2.70444417
1506,0,20681.37873,20725,-60.34580939,-16.72453849,-0.4983062716,-0.1381030846,43.62127089,0.360203187,4.79541835,4.79541835,0.1602209945,0.2397956752,0,0,20741.72454,20741.72454,0,20772,1506,2.706040144
1507,0,20721.11482,17013,-20.60971667,-3728.724538,-0.1701849918,-30.78998926,-3708.114822,-30.61980427,1.27326856,70.06073737,8.833333333,17.40593529,0,0,20741.72454,20741.72454,0,20772,1507,2.708053827
1508,0,20680.38549,17007,-61.33904719,-3734.724538,-0.5065079452,-30.83953433,-3673.385491,-30.33302639,2.429320435,80.86392158,0.7815750371,8.178537204,0,0,20741.72454,20741.72454,0,20772,1508,2.709469557
1509,0,20672.63211,16453,-69.09242542,-4288.724538,-0.5705315623,-35.41419622,-4219.632113,-34.84366466,4.633047108,83.2944481,8.833333333,17.02240399,0,0,20741.72454,20741.72454,0,20772,1509,2.711294651
1510,0,20665.89947,20740,-75.82507235,-1.724538491,-0.6261264781,-0.01424039804,74.10053386,0.6118860801,4.569052025,4.569052025,0.1376701967,0.1376701967,0,0,20741.72454,20741.72454,0,20772,1510,2.713155746
1511,0,20741.72454,16448,-3.637978807e-12,-4293.724538,-3.004065525e-14,-35.45548379,-4293.724538,-35.45548379,0.5462636602,82.54626366,1.820143885,11.20326915,0,0,20741.72454,20741.72454,0,20772,1511,2.715487003
1512,0,20667.12231,16643,-74.60222723,-4098.724538,-0.6160288193,-33.84526886,-4024.122311,-33.22924004,2.995407977,80.06287717,16.33333333,25.91284403,0,0,20741.72454,20741.72454,0,20772,1512,2.71727252
1513,0,20671.51574,16590,-70.20879875,-4151.724538,-0.579750029,-34.28291702,-4081.51574,-33.70316699,3.546203175,85.60164382,0.9786096257,9.547938533,0,0,20741.72454,20741.72454,0,20772,1513,2.7192626
1514,0,20679.79707,20735,-61.92746764,-6.724538491,-0.5113668343,-0.05552796023,55.20292915,0.4558388741,4.959206646,4.959206646,0.1970954357,0.2226798422,0,0,20741.72454,20741.72454,0,20772,1514,2.720993757
1515,0,20741.72454,16750,3.637978807e-12,-3991.724538,3.004065525e-14,-32.96171503,-3991.724538,-32.96171503,1.827988811,82.82384134,26.66666667,34.75250922,0,0,20741.72454,20741.72454,0,20772,1515,2.722995996
1516,0,20669.20849,16842,-72.51604377,-3899.724538,-0.5988021334,-32.20202388,-3827.208495,-31.60322175,4.460382455,81.4579869,0.8178137652,9.165872116,0,0,20741.72454,20741.72454,0,20772,1516,2.724624634
1517,0,20673.13882,16289,-68.58572133,-4452.724538,-0.566347447,-36.76842826,-4384.138817,-36.20208082,3.374710158,98.03964108,41.16666667,49.98781836,0,0,20741.72454,20741.72454,0,20772,1517,2.726567507
1518,0,20676.21457,20735,-65.50996853,-6.724538491,-0.54094938,-0.05552796023,58.78543004,0.4854214198,4.594479269,4.594479269,0.243315508,0.2447121561,0,0,20741.72454,20741.72454,0,20772,1518,2.728337526
1519,0,20741.72454,16692,-3.637978807e-12,-4049.724538,-3.004065525e-14,-33.44065075,-4049.724538,-33.44065075,0.9019031136,72.95655579,0.9100719424,9.62515698,0,0,20741.72454,20741.72454,0,20772,1519,2.730590582
1520,0,20667.09891,16601,-74.62562998,-4140.724538,-0.6162220678,-34.19208438,-4066.098909,-33.57586231,3.305234651,83.22651434,35.66666667,45.72787724,0,0,20741.72454,20741.72454,0,20772,1520,2.732108593
1521,0,20677.82243,20743,-63.90210425,1.275461509,-0.5276724207,0.01053213928,65.17756576,0.53820456,4.416227236,4.416227236,0.3468634686,0.3468634686,0,0,20741.72454,20741.72454,0,20772,1521,2.734194994
1522,0,20741.72454,16800,-3.637978807e-12,-3941.724538,-3.004065525e-14,-32.54883941,-3941.724538,-32.54883941,0.5580770855,76.26339172,1.79787234,9.733164804,0,0,20741.72454,20741.72454,0,20772,1522,2.736635208
1523,0,20669.64805,16849,-72.0764865,-3892.724538,-0.5951724838,-32.1442213,-3820.648052,-31.54904881,3.746026216,81.89169734,1.074468085,9.30119943,0,0,20741.72454,20741.72454,0,20772,1523,2.738468885
1524,0,20682.89395,16654,-58.83058772,-4087.724538,-0.4857943099,-33.75443622,-4028.893951,-33.26864191,3.840687815,88.89372527,1.042328042,10.29688955,0,0,20741.72454,20741.72454,0,20772,1524,2.740261316
1525,0,20675.84783,16436,-65.87670923,-4305.724538,-0.5439777459,-35.55457393,-4239.847829,-35.01059619,4.651766324,86.82637102,1.061452514,10.10291863,0,0,20741.72454,20741.72454,0,20772,1525,2.742032051
1526,0,20669.79704,20731,-71.92749755,-10.72453849,-0.5939422057,-0.08855800999,61.20295906,0.5053841957,4.219408246,4.219408246,0.09488272921,0.1614945713,0,0,20741.72454,20741.72454,0,20772,1526,2.744038105
1527,0,20741.72454,16387,3.637978807e-12,-4354.724538,3.004065525e-14,-35.95919204,-4354.724538,-35.95919204,0.9191278021,81.15057191,0.8519855596,9.070829644,0,0,20741.72454,20741.72454,0,20772,1527,2.746212959
1528,0,20667.23061,16464,-74.49392666,-4277.724538,-0.615134526,-35.32336359,-4203.230612,-34.70822906,3.498833269,83.26349703,1.186440678,10.39535665,0,0,20741.72454,20741.72454,0,20772,1528,2.747789621
1529,0,20666.70281,16933,-75.02173044,-3808.724538,-0.6194928723,-31.45059025,-3733.702808,-30.83109738,4.400350062,79.1174454,1.061452514,8.688275536,0,0,20741.72454,20741.72454,0,20772,1529,2.749750853
1530,0,20671.45319,16349,-70.27134626,-4392.724538,-0.5802665159,-36.27297752,-4322.453192,-35.692711,5.341974956,94.53444883,1.608938547,10.04794767,0,0,20741.72454,20741.72454,0,20772,1530,2.751642704
1531,0,20675.08755,16889,-66.63698406,-3852.724538,-0.5502557248,-31.8139208,-3786.087554,-31.26366507,4.491240132,79.83549275,7.5,17.76058026,0,0,20741.72454,20741.72454,0,20772,1531,2.753525496
1532,0,20666.81862,16435,-74.90591749,-4306.724538,-0.6185365454,-35.56283145,-4231.818621,-34.9442949,3.820191553,84.12088194,1.5,11.21096396,0,0,20741.72454,20741.72454,0,20772,1532,2.755192041
1533,0,20670.56257,16416,-71.16196731,-4325.724538,-0.5876208302,-35.71972418,-4254.562571,-35.13210335,4.350674781,94.24015704,1.606382979,11.09752774,0,0,20741.72454,20741.72454,0,20772,1533,2.757177353
1534,0,20664.92818,20669,-76.79636179,-72.72453849,-0.6341469127,-0.6005237812,4.0718233,0.03362313155,4.261323338,4.261323338,0.3505535055,0.3992461356,0,0,20741.72454,20741.72454,0,20772,1534,2.758680582
1535,0,20691.608,20479,-50.11653387,-262.7245385,-0.4138379018,-2.169451145,-212.6080046,-1.755613243,3.451506204,19.60993293,16,17.69555103,0,0,20741.72454,20741.72454,0,20772,1535,2.760195255
1536,0,20741.72454,16316,-3.637978807e-12,-4425.724538,-3.004065525e-14,-36.54547543,-4425.724538,-36.54547543,2.177159276,78.32273422,1.180851064,9.653454019,0,0,20741.72454,20741.72454,0,20772,1536,2.761701822
1537,0,20664.35101,15924,-77.37353273,-4817.724538,-0.638912909,-39.7824203,-4740.351006,-39.14350739,2.65793956,94.10869884,1.949152542,11.48049924,0,0,20741.72454,20741.72454,0,20772,1537,2.763547182
1538,0,20673.78931,16530,-67.93522718,-4211.724538,-0.5609759835,-34.77836777,-4143.789311,-34.21739178,3.713787158,88.97143563,1.087719298,11.01273684,0,0,20741.72454,20741.72454,0,20772,1538,2.765619993
1539,0,20673.53414,16481,-68.19039734,-4260.724538,-0.5630830543,-35.18298587,-4192.534141,-34.61990282,4.374539889,94.91307374,1.063909774,11.50962364,0,0,20741.72454,20741.72454,0,20772,1539,2.767710686
1540,0,20685.1941,16469,-56.53043636,-4272.724538,-0.4668007814,-35.28207602,-4216.194102,-34.81527524,5.545547837,90.73624497,1.150837989,10.27975549,0,0,20741.72454,20741.72454,0,20772,1540,2.769469023
1541,0,20690.60307,17278,-51.12147312,-3463.724538,-0.4221362002,-28.60174846,-3412.603065,-28.17961226,4.758778504,73.58234345,12.33333333,19.19513545,0,0,20741.72454,20741.72454,0,20772,1541,2.770711899
1542,0,20674.87814,15986,-66.84640236,-4755.724538,-0.551984999,-39.27045453,-4688.878136,-38.71846953,4.691940013,93.56112533,41,49.73076253,0,0,20741.72454,20741.72454,0,20772,1542,2.77200222
1543,0,20678.03554,16540,-63.68899438,-4201.724538,-0.5259126633,-34.69579264,-4138.035544,-34.16987998,3.207764553,86.68718976,0.9574468085,9.668461173,0,0,20741.72454,20741.72454,0,20772,1543,2.774119616
1544,0,20678.80571,16643,-62.91883196,-4098.724538,-0.5195530376,-33.84526886,-4035.805707,-33.32571582,2.20254043,78.97991567,2,12.15499857,0,0,20741.72454,20741.72454,0,20772,1544,2.77575016
1545,0,20680.53123,20737,-61.19331319,-4.724538491,-0.5053045449,-0.03901293536,56.4687747,0.4662916095,4.098064711,4.098064711,0.06743421053,0.1341075944,0,0,20741.72454,20741.72454,0,20772,1545,2.777541876
1546,0,20704.10427,16209,-37.62026707,-4532.724538,-0.3106498232,-37.42902926,-4495.104271,-37.11837943,1.833499425,89.81711795,8,18.59812694,0,0,20741.72454,20741.72454,0,20772,1546,2.779514551
1547,0,20679.09919,20732,-62.62534453,-9.724538491,-0.5171295615,-0.08030049755,52.90080604,0.4368290639,5.628731031,5.628731031,0.1474164134,0.1474164134,0,0,20741.72454,20741.72454,0,20772,1547,2.781047106
1548,0,20719.34927,20125,-22.37526739,-616.7245385,-0.1847640488,-5.092610548,-594.3492711,-4.907846499,2.519259776,22.48074022,0.4417549168,2.81370406,0,0,20741.72454,20741.72454,0,20772,1548,2.783327818
1549,0,20741.72454,16086,0,-4655.724538,0,-38.44470329,-4655.724538,-38.44470329,1.572465521,81.58502952,1.638297872,11.17219476,0,0,20741.72454,20741.72454,0,20772,1549,2.784550905
1550,0,20664.0143,16124,-77.7102407,-4617.724538,-0.6416932792,-38.13091782,-4540.014298,-37.48922454,2.884525713,87.23639294,0.9037433155,10.86793848,0,0,20741.72454,20741.72454,0,20772,1550,2.786268473
1551,0,20671.77692,16001,-69.94762326,-4740.724538,-0.5775933691,-39.14659185,-4670.776915,-38.56899848,3.490725888,87.44999137,8.833333333,19.27114487,0,0,20741.72454,20741.72454,0,20772,1551,2.78834343
1552,0,20669.52242,15990,-72.20212119,-4751.724538,-0.5962099139,-39.23742448,-4679.522417,-38.64121457,2.736744099,96.64116107,1.420664207,10.65690669,0,0,20741.72454,20741.72454,0,20772,1552,2.790351152
1553,0,20673.29727,17110,-68.42726619,-3631.724538,-0.5650390017,-29.98901055,-3563.297272,-29.42397155,4.179111522,79.26835712,1.061452514,8.466685721,0,0,20741.72454,20741.72454,0,20772,1553,2.792392254
1554,0,20671.78858,16889,-69.935961,-3852.724538,-0.5774970679,-31.8139208,-3782.788577,-31.23642373,4.373219978,79.17650718,2.833333333,12.24366449,0,0,20741.72454,20741.72454,0,20772,1554,2.794431686
1555,0,20681.32919,16481,-60.39534626,-4260.724538,-0.498715323,-35.18298587,-4200.329192,-34.68427055,2.930905144,81.93952223,1.384615385,8.539699029,0,0,20741.72454,20741.72454,0,20772,1555,2.796349287
1556,0,20682.61305,20713,-59.11148453,-28.72453849,-0.4881138187,-0.2371932339,30.38694604,0.2509205849,4.999230767,4.999230767,0.253968254,0.5955069582,0,0,20741.72454,20741.72454,0,20772,1556,2.798345804
1557,0,20725.20215,17040,-16.52239028,-3701.724538,-0.1364338433,-30.56703642,-3685.202148,-30.43060258,1.287117651,71.28418,10.16666667,18.31058439,0,0,20741.72454,20741.72454,0,20772,1557,2.800117254
1558,0,20669.47742,20704,-72.24711425,-37.72453849,-0.5965814446,-0.3115108458,34.52257576,0.2850705988,4.298658214,4.298658214,0.2011173184,0.3296673932,0,0,20741.72454,20741.72454,0,20772,1558,2.801593542
1559,0,20699.39332,20447,-42.33122141,-294.7245385,-0.3495505874,-2.433691543,-252.3933171,-2.084140955,2.686514877,13.59749897,0.5263157895,2.073307754,0,0,20741.72454,20741.72454,0,20772,1559,2.803398609
1560,0,20741.72454,16666,0,-4075.724538,0,-33.65534607,-4075.724538,-33.65534607,1.158726378,78.50331797,1.514124294,9.551283706,0,0,20741.72454,20741.72454,0,20772,1560,2.804776669
1561,0,20669.28345,16599,-72.44108385,-4142.724538,-0.598183151,-34.20859941,-4070.283455,-33.61041626,3.277471128,81.64552694,9.5,17.84099747,0,0,20741.72454,20741.72454,0,20772,1561,2.806661606
1562,0,20670.92025,17037,-70.80428683,-3704.724538,-0.5846672792,-30.59180896,-3633.920252,-30.00714168,3.086514698,67.81818616,1.082706767,8.223586134,0,0,20741.72454,20741.72454,0,20772,1562,2.808551788
1563,0,20675.46142,16162,-66.26312282,-4579.724538,-0.5471685609,-37.81713234,-4513.461416,-37.26996378,2.769845152,95.30319408,0.8926553672,10.74514154,0,0,20741.72454,20741.72454,0,20772,1563,2.810628653
1564,0,20669.73519,17090,-71.98934959,-3651.724538,-0.5944529497,-30.1541608,-3579.735189,-29.55970785,4.661179438,77.10230591,12.16666667,20.22034459,0,0,20741.72454,20741.72454,0,20772,1564,2.812712669
1565,0,20670.35755,20706,-71.3669857,-35.72453849,-0.5893137721,-0.294995821,35.64244721,0.2943179512,4.206717542,4.206717542,0.2513227513,0.3163912445,0,0,20741.72454,20741.72454,0,20772,1565,2.814441204
1566,0,20702.60104,16896,-39.1235029,-3845.724538,-0.3230628119,-31.75611821,-3806.601036,-31.4330554,2.761276008,74.74315772,2.666666667,13.18314081,0,0,20741.72454,20741.72454,0,20772,1566,2.815998077
1567,0,20684.99,16202,-56.73454243,-4539.724538,-0.4684861898,-37.48683184,-4482.989996,-37.01834566,2.578136356,84.89207136,25.66666667,36.0239369,0,0,20741.72454,20741.72454,0,20772,1567,2.817581177
1568,0,20685.23762,16196,-56.48691372,-4545.724538,-0.4664413927,-37.53637692,-4489.237625,-37.06993553,2.429585709,84.53806318,1.946808511,11.91695886,0,0,20741.72454,20741.72454,0,20772,1568,2.819188356
1569,0,20675.97732,20711,-65.74721664,-30.72453849,-0.5429084592,-0.2537082588,35.02267815,0.2892002004,5.226722689,5.226722689,0.06907894737,0.1986644738,0,0,20741.72454,20741.72454,0,20772,1569,2.820935011
1570,0,20685.74742,20696,-55.97711742,-45.72453849,-0.4622317433,-0.3775709453,10.25257892,0.084660798,3.094636621,3.094636621,0.06084656085,0.1518211711,0,0,20741.72454,20741.72454,0,20772,1570,2.822594643
1571,0,20681.6635,20621,-60.06103574,-120.7245385,-0.4959547497,-0.9968843782,-60.66350275,-0.5009296285,2.963748335,13.13067497,0.9042553191,1.702440128,0,0,20741.72454,20741.72454,0,20772,1571,2.823768616
1572,0,20734.87452,17017,-6.850015385,-3724.724538,-0.05656408725,-30.75695921,-3717.874523,-30.70039512,2.818062454,75.99707249,16.33333333,25.50774901,0,0,20741.72454,20741.72454,0,20772,1572,2.825380802
1573,0,20666.75324,15220,-74.97129729,-5521.724538,-0.6190764199,-45.59570906,-5446.753241,-44.97663264,4.150310667,108.3971243,2.683615819,15.36858324,0,0,20741.72454,20741.72454,0,20772,1573,2.826923132
1574,0,20673.69682,16837,-68.02771489,-3904.724538,-0.5617397019,-32.24331145,-3836.696824,-31.68157174,4.97755423,79.56971518,1.12145749,8.431300564,0,0,20741.72454,20741.72454,0,20772,1574,2.828865767
1575,0,20674.92567,16730,-66.79886516,-4011.724538,-0.55159246,-33.12686528,-3944.925673,-32.57527282,2.981282231,78.62476282,7.666666667,18.50977252,0,0,20741.72454,20741.72454,0,20772,1575,2.830583572
1576,0,20672.79132,17106,-68.93322158,-3635.724538,-0.5692169346,-30.0220406,-3566.791317,-29.45282367,4.009453198,76.51581883,9.5,17.28036359,0,0,20741.72454,20741.72454,0,20772,1576,2.832439899
1577,0,20666.55036,16040,-75.17417871,-4701.724538,-0.6207517157,-38.82454886,-4626.55036,-38.20379714,3.245244379,91.67736831,26,35.77537547,0,0,20741.72454,20741.72454,0,20772,1577,2.834481716
1578,0,20665.83962,16331,-75.88492141,-4410.724538,-0.6266206825,-36.42161274,-4334.839617,-35.79499206,3.502538865,85.61804477,1.124293785,10.43565275,0,0,20741.72454,20741.72454,0,20772,1578,2.836257219
1579,0,20668.23236,16631,-73.49218112,-4110.724538,-0.6068625998,-33.94435901,-4037.232357,-33.33749641,3.547837965,83.70807876,2.712765957,13.63995799,0,0,20741.72454,20741.72454,0,20772,1579,2.838189125
1580,0,20673.20807,20713,-68.51646927,-28.72453849,-0.5657755972,-0.2371932339,39.79193078,0.3285823633,5.157788478,5.157788478,0.1097142857,0.1097142857,0,0,20741.72454,20741.72454,0,20772,1580,2.84023571
1581,0,20741.72454,17043,0,-3698.724538,0,-30.54226388,-3698.724538,-30.54226388,0.5280577239,77.03612543,24.16666667,32.46471173,0,0,20741.72454,20741.72454,0,20772,1581,2.842787981
1582,0,20670.93621,16003,-70.78832646,-4738.724538,-0.5845354863,-39.13007682,-4667.936212,-38.54554133,3.213702602,95.26856449,2.666666667,13.59671563,0,0,20741.72454,20741.72454,0,20772,1582,2.844509602
1583,0,20676.89088,20735,-64.8336621,-6.724538491,-0.5353647712,-0.05552796023,58.10912361,0.479836811,3.933852695,3.933852695,0.1639042357,0.2305160778,0,0,20741.72454,20741.72454,0,20772,1583,2.84633112
1584,0,20741.72454,16820,0,-3921.724538,0,-32.38368916,-3921.724538,-32.38368916,1.397608524,79.42450666,2.5,13.18150237,0,0,20741.72454,20741.72454,0,20772,1584,2.848514318
1585,0,20679.07256,17468,-62.65197765,-3273.724538,-0.5173494847,-27.0328211,-3211.072561,-26.51547161,2.331555012,71.56466028,0.7518910741,6.939482592,0,0,20741.72454,20741.72454,0,20772,1585,2.850222588
1586,0,20668.72742,16666,-72.99711869,-4075.724538,-0.6027746155,-33.65534607,-4002.72742,-33.05257146,2.955139407,80.965309,9.5,19.2403271,0,0,20741.72454,20741.72454,0,20772,1586,2.852030516
1587,0,20674.12048,15949,-67.60405481,-4792.724538,-0.5582413235,-39.57598249,-4725.120484,-39.01774117,3.789183092,97.97204856,9.166666667,20.94864631,0,0,20741.72454,20741.72454,0,20772,1587,2.853928804
1588,0,20672.43101,16678,-69.29352666,-4063.724538,-0.5721921584,-33.55625592,-3994.431012,-32.98406377,4.781002295,84.58201519,0.7988826816,9.256746176,0,0,20741.72454,20741.72454,0,20772,1588,2.855754614
1589,0,20665.3258,17727,-76.39873967,-3014.724538,-0.6308635432,-24.89412538,-2938.325799,-24.26326183,4.002837906,69.20254762,1.659574468,8.016621096,0,0,20741.72454,20741.72454,0,20772,1589,2.857605934
1590,0,20673.19707,17842,-68.52747283,-2899.724538,-0.5658664593,-23.94451145,-2831.197066,-23.37864499,4.882515833,64.23731552,0.5400593472,6.728393302,0,0,20741.72454,20741.72454,0,20772,1590,2.85938406
1591,0,20686.04092,16701,-55.68362336,-4040.724538,-0.4598082125,-33.36633314,-3985.040915,-32.90652493,2.499538274,78.84524567,2.542553191,11.57332601,0,0,20741.72454,20741.72454,0,20772,1591,2.86144495
1592,0,20667.51373,16532,-74.2108072,-4209.724538,-0.6127966635,-34.76185274,-4135.513731,-34.14905608,3.030908183,82.35245639,1.946808511,10.92188339,0,0,20741.72454,20741.72454,0,20772,1592,2.863376617
1593,0,20663.47527,16464,-78.24926645,-4277.724538,-0.646144291,-35.32336359,-4199.475272,-34.67721929,3.54071135,88.52713706,3.166666667,13.0220266,0,0,20741.72454,20741.72454,0,20772,1593,2.865526915
1594,0,20672.09233,20697,-69.63220752,-44.72453849,-0.5749888197,-0.3693134329,24.90766902,0.2056753868,4.812143359,4.812143359,0.1970954357,0.3424307032,0,0,20741.72454,20741.72454,0,20772,1594,2.867310762
1595,0,20741.72454,17161,0,-3580.724538,0,-29.56787742,-3580.724538,-29.56787742,1.364504628,72.26246381,0.7736389685,7.775987191,0,0,20741.72454,20741.72454,0,20772,1595,2.869052887
1596,0,20667.50075,16618,-74.22379281,-4123.724538,-0.6129038924,-34.05170667,-4049.500746,-33.43880278,3.21180199,78.61288345,16,26.17359323,0,0,20741.72454,20741.72454,0,20772,1596,2.870945215
1597,0,20668.54219,16259,-73.18234636,-4482.724538,-0.6043041354,-37.01615364,-4409.542192,-36.4118495,3.949597875,91.1402765,23.66666667,33.90927886,0,0,20741.72454,20741.72454,0,20772,1597,2.872911215
1598,0,20667.17227,16244,-74.55226882,-4497.724538,-0.6156162871,-37.14001632,-4423.17227,-36.52440004,4.517837974,88.02070432,15.33333333,23.6627977,0,0,20741.72454,20741.72454,0,20772,1598,2.874800444
1599,0,20671.61573,15772,-70.1088056,-4969.724538,-0.5789243343,-41.03756219,-4899.615733,-40.45863786,3.875258182,97.71167997,6.833333333,19.24488529,0,0,20741.72454,20741.72454,0,20772,1599,2.876684666
1600,0,20668.51541,16698,-73.2091258,-4043.724538,-0.6045252669,-33.39110568,-3970.515413,-32.78658041,4.566546645,81.9447746,8.333333333,16.91459596,0,0,20741.72454,20741.72454,0,20772,1600,2.878447533
1601,0,20672.74178,20742,-68.9827554,0.2754615092,-0.5696259608,0.002274626839,69.25821691,0.5719005876,5.4563516,5.4563516,0.3270676692,0.4556177439,0,0,20741.72454,20741.72454,0,20772,1601,2.879760265
1602,0,20741.72454,17223,0,-3518.724538,0,-29.05591165,-3518.724538,-29.05591165,0.5943082926,68.13051468,1.989361702,10.02986089,0,0,20741.72454,20741.72454,0,20772,1602,2.881919861
1603,0,20671.19242,16539,-70.53211947,-4202.724538,-0.5824198538,-34.70405015,-4132.192419,-34.1216303,3.315407523,84.74741756,0.7815884477,9.106685696,0,0,20741.72454,20741.72454,0,20772,1603,2.883754015
1604,0,20681.22812,20742,-60.496418,0.2754615092,-0.4995499241,0.002274626839,60.77187951,0.501824551,4.721411373,4.721411373,0.2085106383,0.222126372,0,0,20741.72454,20741.72454,0,20772,1604,2.88582015
1605,0,20741.72454,16180,0,-4561.724538,0,-37.66849712,-4561.724538,-37.66849712,0.9236193395,86.37136185,18.83333333,27.36914,0,0,20741.72454,20741.72454,0,20772,1605,2.888079882
1606,0,20678.17246,20762,-63.55207458,20.27546151,-0.5247820464,0.1674248756,83.82753609,0.692206922,4.930384988,4.930384988,0.1368715084,0.1368715084,0,0,20741.72454,20741.72454,0,20772,1606,2.889851332
1607,0,20741.72454,17070,3.637978807e-12,-3671.724538,3.004065525e-14,-30.31931105,-3671.724538,-30.31931105,0.628538538,68.60853854,0.7978723404,9.223441126,0,0,20741.72454,20741.72454,0,20772,1607,2.892302513
1608,0,20665.91761,16386,-75.80692939,-4355.724538,-0.6259766624,-35.96744956,-4279.917609,-35.34147289,2.725021501,84.10243576,1.5,12.30758689,0,0,20741.72454,20741.72454,0,20772,1608,2.893990755
1609,0,20671.8212,15916,-69.90333634,-4825.724538,-0.5772276694,-39.8484804,-4755.821202,-39.27125273,5.138060737,99.41789573,3.5,16.77008056,0,0,20741.72454,20741.72454,0,20772,1609,2.896256447
1610,0,20669.46368,17049,-72.26085476,-3692.724538,-0.596694907,-30.49271881,-3620.463684,-29.8960239,4.677241466,71.01339215,8.5,17.32188559,0,0,20741.72454,20741.72454,0,20772,1610,2.897960424
1611,0,20672.70206,16921,-69.02247942,-3820.724538,-0.5699539824,-31.5496804,-3751.702059,-30.97972642,3.749498072,74.42859876,9.166666667,19.3544575,0,0,20741.72454,20741.72454,0,20772,1611,2.899798632
1612,0,20670.4486,16459,-71.27593491,-4282.724538,-0.5885619191,-35.36465115,-4211.448604,-34.77608923,3.875681486,90.38058556,0.8221884498,8.725517462,0,0,20741.72454,20741.72454,0,20772,1612,2.901687622
1613,0,20667.18906,20735,-74.535476,-6.724538491,-0.6154776202,-0.05552796023,67.81093751,0.5599496599,4.747797694,4.747797694,0.141337386,0.141337386,0,0,20741.72454,20741.72454,0,20772,1613,2.903280497
1614,0,20741.72454,16151,0,-4590.724538,0,-37.90796498,-4590.724538,-37.90796498,0.5309509301,76.15989151,9.333333333,18.88587634,0,0,20741.72454,20741.72454,0,20772,1614,2.905296326
1615,0,20664.34695,16724,-77.37759164,-4017.724538,-0.6389464254,-33.17641035,-3940.346947,-32.53746393,2.696064573,86.16018347,1.055865922,8.782107151,0,0,20741.72454,20741.72454,0,20772,1615,2.906898975
1616,0,20679.85838,15809,-61.86615376,-4932.724538,-0.5108605342,-40.73203423,-4870.858385,-40.2211737,3.189039017,94.78764881,2.159574468,11.55062036,0,0,20741.72454,20741.72454,0,20772,1616,2.909168959
1617,0,20684.82945,16909,-56.89508972,-3832.724538,-0.4698119111,-31.64877055,-3775.829449,-31.17895864,2.707787286,81.21173163,18.66666667,27.97262585,0,0,20741.72454,20741.72454,0,20772,1617,2.911054611
1618,0,20680.36918,16458,-61.35535546,-4283.724538,-0.5066426109,-35.37290866,-4222.369183,-34.86626605,3.426060227,92.26423278,0.9574468085,11.26748317,0,0,20741.72454,20741.72454,0,20772,1618,2.912481785
1619,0,20680.93465,20719,-60.78988586,-22.72453849,-0.5019732387,-0.1876481593,38.06534737,0.3143250794,4.73624327,4.73624327,0.1970954357,0.2274180841,0,0,20741.72454,20741.72454,0,20772,1619,2.914338112
1620,0,20701.28767,20502,-40.4368696,-239.7245385,-0.3339079537,-1.979528358,-199.2876689,-1.645620405,3.656804201,17.55312595,0.2513227513,1.58364564,0,0,20741.72454,20741.72454,0,20772,1620,2.915799856
1621,0,20701.8715,16469,-39.85303589,-4272.724538,-0.3290869396,-35.28207602,-4232.871503,-34.95298908,3.442895682,84.95964451,9.5,19.61281737,0,0,20741.72454,20741.72454,0,20772,1621,2.917339087
1622,0,20681.96147,16856,-59.76307261,-3885.724538,-0.4934943155,-32.08641871,-3825.961466,-31.59292439,4.062657488,80.69096903,1.061452514,9.934206792,0,0,20741.72454,20741.72454,0,20772,1622,2.919398069
1623,0,20677.76989,16663,-63.95464383,-4078.724538,-0.5281062669,-33.68011861,-4014.769895,-33.15201234,2.952686742,82.35546965,25.33333333,33.41060413,0,0,20741.72454,20741.72454,0,20772,1623,2.921394825
1624,0,20675.01391,16478,-66.71063272,-4263.724538,-0.5508638795,-35.20775841,-4197.013906,-34.65689453,3.492447175,84.14497055,0.8603268945,9.053684261,0,0,20741.72454,20741.72454,0,20772,1624,2.923168898
1625,0,20673.84817,17238,-67.87636847,-3503.724538,-0.560489957,-28.93204896,-3435.84817,-28.371559,3.964332102,71.44576125,1.925531915,9.538728309,0,0,20741.72454,20741.72454,0,20772,1625,2.924896479
1626,0,20680.55435,16630,-61.17018852,-4111.724538,-0.5051135926,-33.95261652,-4050.55435,-33.44750293,3.6962735,81.31764819,1.659574468,10.3227936,0,0,20741.72454,20741.72454,0,20772,1626,2.92662549
1627,0,20670.02621,16674,-71.69832836,-4067.724538,-0.5920498383,-33.58928597,-3996.02621,-32.99723614,3.584097663,79.32624101,19.66666667,28.01209763,0,0,20741.72454,20741.72454,0,20772,1627,2.92821908
1628,0,20671.83108,16383,-69.89346268,-4358.724538,-0.5771461375,-35.99222209,-4288.831076,-35.41507596,3.243291868,83.78593984,0.9717514124,9.844000256,0,0,20741.72454,20741.72454,0,20772,1628,2.930339098
1629,0,20680.45481,16122,-61.26973206,-4619.724538,-0.5059355746,-38.14743284,-4558.454806,-37.64149727,3.237306783,92.60277849,1.978723404,11.40726204,0,0,20741.72454,20741.72454,0,20772,1629,2.932079077
1630,0,20668.05056,16031,-73.67398004,-4710.724538,-0.6083638066,-38.89886647,-4637.050558,-38.29050267,3.367833089,95.3824592,1.957446809,11.87444122,0,0,20741.72454,20741.72454,0,20772,1630,2.933941364
1631,0,20675.75947,16570,-65.96507089,-4171.724538,-0.5447073934,-34.44806727,-4105.759468,-33.90335987,3.601117208,83.51542117,2.666666667,11.69325144,0,0,20741.72454,20741.72454,0,20772,1631,2.9356215
1632,0,20674.54042,20711,-67.18411919,-30.72453849,-0.5547736999,-0.2537082588,36.4595807,0.3010654412,4.471924925,4.471924925,0.253968254,0.3751058004,0,0,20741.72454,20741.72454,0,20772,1632,2.937176943
1633,0,20685.29247,16591,-56.43207241,-4150.724538,-0.4659885399,-34.27465951,-4094.292466,-33.80867097,2.102067931,78.89134289,14.83333333,23.33967983,0,0,20741.72454,20741.72454,0,20772,1633,2.939067602
1634,0,20664.94572,15836,-76.77881744,-4905.724538,-0.63400204,-40.5090814,-4828.945721,-39.87507936,3.984759041,97.40207442,1.70212766,12.049699,0,0,20741.72454,20741.72454,0,20772,1634,2.940560102
1635,0,20673.08601,16014,-68.63852738,-4727.724538,-0.5667834936,-39.03924418,-4659.086011,-38.47246069,3.865988144,85.9021129,18,30.18828743,0,0,20741.72454,20741.72454,0,20772,1635,2.942261696
1636,0,20674.68226,16613,-67.04228142,-4128.724538,-0.5536024728,-34.09299423,-4061.682257,-33.53939176,4.097989054,77.62617846,0.5614035088,8.81582666,0,0,20741.72454,20741.72454,0,20772,1636,2.943574667
1637,0,20668.1868,16826,-73.53773531,-3915.724538,-0.6072387641,-32.33414408,-3842.186803,-31.72690532,3.039342442,79.92087606,0.9629080119,8.983760709,0,0,20741.72454,20741.72454,0,20772,1637,2.945552588
1638,0,20672.9715,16643,-68.75303671,-4098.724538,-0.5677290558,-33.84526886,-4029.971502,-33.2775398,4.744674511,83.18713066,10,20.84220877,0,0,20741.72454,20741.72454,0,20772,1638,2.94752264
1639,0,20673.89408,16308,-67.83045644,-4433.724538,-0.5601108377,-36.61153553,-4365.894082,-36.05142469,4.633407837,90.28548045,3.489361702,14.83138762,0,0,20741.72454,20741.72454,0,20772,1639,2.949476957
1640,0,20679.21621,20731,-62.50833324,-10.72453849,-0.5161633392,-0.08855800999,51.78379475,0.4276053292,4.871326289,4.871326289,0.1452344932,0.2770440679,0,0,20741.72454,20741.72454,0,20772,1640,2.951431036
1641,0,20741.72454,16818,0,-3923.724538,0,-32.40020418,-3923.724538,-32.40020418,1.187208043,77.35919562,1.067039106,8.37785379,0,0,20741.72454,20741.72454,0,20772,1641,2.95335722
1642,0,20672.13624,20747,-69.5882985,5.275461509,-0.5746262404,0.04356218903,74.86376001,0.6181884295,3.956961423,3.956961423,0.1340782123,0.1340782123,0,0,20741.72454,20741.72454,0,20772,1642,2.955059052
1643,0,20741.72454,16650,0,-4091.724538,0,-33.78746627,-4091.724538,-33.78746627,0.7624800488,84.75476926,0.8233618234,8.144180979,0,0,20741.72454,20741.72454,0,20772,1643,2.957231283
1644,0,20670.56312,16302,-71.16141843,-4439.724538,-0.5876162979,-36.6610806,-4368.56312,-36.0734643,4.204602987,79.11644091,1.978723404,11.4069191,0,0,20741.72454,20741.72454,0,20772,1644,2.959225178
1645,0,20667.7087,16324,-74.01584306,-4417.724538,-0.6111867447,-36.47941533,-4343.708695,-35.86822858,4.003647695,93.10303367,0.9255319149,10.04615345,0,0,20741.72454,20741.72454,0,20772,1645,2.96119523
1646,0,20668.90094,16328,-72.82360034,-4413.724538,-0.6013417857,-36.44638528,-4340.900938,-35.84504349,4.141034457,83.87635444,16,25.06081092,0,0,20741.72454,20741.72454,0,20772,1646,2.963156462
1647,0,20670.7237,16365,-71.00083954,-4376.724538,-0.5862903157,-36.14085732,-4305.723699,-35.554567,4.077497822,84.25678849,1.091690544,10.02301653,0,0,20741.72454,20741.72454,0,20772,1647,2.96513629
1648,0,20666.76825,16952,-74.95628409,-3789.724538,-0.6189524482,-31.29369752,-3714.768254,-30.67474507,2.855355601,76.72935359,16,25.41867432,0,0,20741.72454,20741.72454,0,20772,1648,2.967156649
1649,0,20673.4167,20731,-68.30783361,-10.72453849,-0.5640527857,-0.08855800999,57.58329512,0.4754947757,4.063251588,4.063251588,0.5593220339,0.5593220339,0,0,20741.72454,20741.72454,0,20772,1649,2.969043255
1650,0,20741.72454,16182,0,-4559.724538,0,-37.65198209,-4559.724538,-37.65198209,0.5927041537,87.26518555,16,25.70780028,0,0,20741.72454,20741.72454,0,20772,1650,2.971068859
1651,0,20669.56203,16457,-72.16250918,-4284.724538,-0.5958828172,-35.38116617,-4212.562029,-34.78528336,3.537397806,85.1355226,7.166666667,17.32465725,0,0,20741.72454,20741.72454,0,20772,1651,2.972709417
1652,0,20684.19713,17412,-57.52740745,-3329.724538,-0.4750332826,-27.49524179,-3272.197131,-27.02020851,3.76195283,71.80459736,1.056149733,7.630682857,0,0,20741.72454,20741.72454,0,20772,1652,2.974705219
1653,0,20682.38767,16681,-59.33686509,-4060.724538,-0.4899749016,-33.53148339,-4001.387673,-33.04150849,2.84745597,83.07739011,2.333333333,11.09737437,0,0,20741.72454,20741.72454,0,20772,1653,2.976717949
1654,0,20686.46071,20751,-55.26382666,9.275461509,-0.4563417361,0.07659223879,64.53928817,0.5329339749,4.830721359,4.830721359,0.243315508,0.2991814298,0,0,20741.72454,20741.72454,0,20772,1654,2.978219032
1655,0,20725.17417,16931,-16.55037051,-3810.724538,-0.1366648904,-31.46710528,-3794.174168,-31.33044039,1.097591398,77.36913927,0.7418655098,9.404666475,0,0,20741.72454,20741.72454,0,20772,1655,2.979837179
1656,0,20670.70696,20695,-71.01758128,-46.72453849,-0.5864285608,-0.3858284578,24.29304279,0.200600103,3.844665442,3.844665442,0.5139664804,0.5365228714,0,0,20741.72454,20741.72454,0,20772,1656,2.981232166
1657,0,20741.72454,16378,0,-4363.724538,0,-36.03350966,-4363.724538,-36.03350966,1.030066753,84.96884226,40.5,50.12353849,0,0,20741.72454,20741.72454,0,20772,1657,2.983065844
1658,0,20668.50072,16333,-73.22382316,-4408.724538,-0.6046466306,-36.40509772,-4335.500715,-35.80045108,3.508370096,81.3339712,16,25.59332484,0,0,20741.72454,20741.72454,0,20772,1658,2.984720945
1659,0,20672.09378,16146,-69.63075509,-4595.724538,-0.5749768263,-37.94925254,-4526.093783,-37.37427572,3.416951254,90.9820909,1.067039106,10.03516865,0,0,20741.72454,20741.72454,0,20772,1659,2.98665452
1660,0,20668.71848,15508,-73.00605503,-5233.724538,-0.6028484075,-43.21754548,-5160.718483,-42.61469707,3.839879098,103.3784024,1.274853801,13.54455105,0,0,20741.72454,20741.72454,0,20772,1660,2.988837719
1661,0,20674.37824,16214,-67.34629865,-4527.724538,-0.5561128988,-37.3877417,-4460.37824,-36.8316288,5.684058991,90.67045513,25.33333333,34.66789556,0,0,20741.72454,20741.72454,0,20772,1661,2.990783215
1662,0,20677.69701,17083,-64.02752728,-3658.724538,-0.5287081029,-30.21196339,-3594.697011,-29.68325528,2.444994932,78.19962365,2.833333333,11.01422572,0,0,20741.72454,20741.72454,0,20772,1662,2.9923594
1663,0,20681.8285,20708,-59.89603433,-33.72453849,-0.4945922485,-0.2784807961,26.17149584,0.2161114524,5.109032974,5.109032974,0.3468634686,0.3983089156,0,0,20741.72454,20741.72454,0,20772,1663,2.993861198
1664,0,20741.72454,16645,0,-4096.724538,0,-33.82875383,-4096.724538,-33.82875383,1.54559107,77.43118623,2,11.59700924,0,0,20741.72454,20741.72454,0,20772,1664,2.995872498
1665,0,20674.29134,20753,-67.4332031,11.27546151,-0.5568305134,0.09310726366,78.70866461,0.6499377771,4.901635233,4.901635233,0.1474164134,0.1474164134,0,0,20741.72454,20741.72454,0,20772,1665,2.997527599
1666,0,20741.72454,16217,0,-4524.724538,0,-37.36296916,-4524.724538,-37.36296916,0.5230365454,84.3155229,1.220630372,9.860515264,0,0,20741.72454,20741.72454,0,20772,1666,2.999773502
1667,0,20674.31214,20698,-67.41239385,-43.72453849,-0.5566586807,-0.3610559205,23.68785536,0.1956027603,4.187848629,4.187848629,0.1825726141,0.2102321886,0,0,20741.72454,20741.72454,0,20772,1667,3.001558304
1668,0,20732.69458,16174,-9.029961041,-4567.724538,-0.07456501562,-37.71804219,-4558.694577,-37.64347718,1.781123121,86.80561994,1.819148936,11.16484426,0,0,20741.72454,20741.72454,0,20772,1668,3.003345966
1669,0,20673.53772,16861,-68.18681889,-3880.724538,-0.5630535052,-32.04513115,-3812.53772,-31.48207764,3.747425881,77.386793,1.066225166,10.00118412,0,0,20741.72454,20741.72454,0,20772,1669,3.004858732
1670,0,20670.9167,16662,-70.80784341,-4079.724538,-0.5846966477,-33.68837612,-4008.916695,-33.10367948,2.868662487,82.1385591,3.010638298,12.45399266,0,0,20741.72454,20741.72454,0,20772,1670,3.006766319
1671,0,20669.63888,20709,-72.08565601,-32.72453849,-0.5952482012,-0.2702232836,39.36111752,0.3250249176,4.319555657,4.319555657,0.2012448133,0.2012448133,0,0,20741.72454,20741.72454,0,20772,1671,3.00834322
1672,0,20741.72454,16543,0,-4198.724538,0,-34.6710201,-4198.724538,-34.6710201,0.5281269082,86.30216436,15.16666667,23.50672187,0,0,20741.72454,20741.72454,0,20772,1672,3.010477304
1673,0,20671.57388,15803,-70.15066156,-4938.724538,-0.5792699604,-40.78157931,-4868.573877,-40.20230935,4.8688385,94.39454455,1.978723404,12.55903566,0,0,20741.72454,20741.72454,0,20772,1673,3.011995316
1674,0,20668.53271,20681,-73.19182865,-60.72453849,-0.6043824355,-0.5014336319,12.46729016,0.1029488036,5.311390572,5.311390572,0.3505535055,0.5693720508,0,0,20741.72454,20741.72454,0,20772,1674,3.013369799
1675,0,20741.72454,16419,0,-4322.724538,0,-35.69495165,-4322.724538,-35.69495165,1.481454446,87.50899606,0.9852398524,9.338172537,0,0,20741.72454,20741.72454,0,20772,1675,3.015231371
1676,0,20677.58825,16378,-64.13628564,-4363.724538,-0.5296061765,-36.03350966,-4299.588253,-35.50390348,3.648351647,91.28203404,0.5982339956,9.006817625,0,0,20741.72454,20741.72454,0,20772,1676,3.016762733
1677,0,20683.31319,16945,-58.41134383,-3796.724538,-0.4823323982,-31.3515001,-3738.313195,-30.8691677,5.10161234,77.53634076,3.166666667,13.14582924,0,0,20741.72454,20741.72454,0,20772,1677,3.018779755
1678,0,20684.96235,20743,-56.76218978,1.275461509,-0.4687144882,0.01053213928,58.03765129,0.4792466274,5.521926722,5.521926722,0.06472261735,0.07788051209,0,0,20741.72454,20741.72454,0,20772,1678,3.020339251
1679,0,20741.72454,16786,0,-3955.724538,0,-32.66444458,-3955.724538,-32.66444458,1.511372171,78.88556051,7.166666667,17.24140154,0,0,20741.72454,20741.72454,0,20772,1679,3.022225142
1680,0,20680.75328,16375,-60.9712538,-4366.724538,-0.5034708867,-36.05828219,-4305.753285,-35.55481131,4.822487475,82.67333249,1.493927126,10.46035359,0,0,20741.72454,20741.72454,0,20772,1680,3.023953438
1681,0,20672.44309,17170,-69.28144553,-3571.724538,-0.5720923982,-29.4935598,-3502.443093,-28.92146741,2.687193439,74.28123497,1.186440678,8.708284167,0,0,20741.72454,20741.72454,0,20772,1681,3.025939465
1682,0,20668.94015,16508,-72.78438762,-4233.724538,-0.6010179861,-34.96003304,-4160.940151,-34.35901505,3.357053723,83.94945536,1.293650794,10.82955886,0,0,20741.72454,20741.72454,0,20772,1682,3.028060198
1683,0,20672.07814,16425,-69.64639927,-4316.724538,-0.5751060082,-35.64540657,-4247.078139,-35.07030056,3.539909955,78.13994744,1.302583026,8.862857345,0,0,20741.72454,20741.72454,0,20772,1683,3.030338764
1684,0,20671.42869,15814,-70.29585033,-4927.724538,-0.5804688585,-40.69074667,-4857.428688,-40.11027781,2.848128757,90.01086301,1.343839542,11.3336837,0,0,20741.72454,20741.72454,0,20772,1684,3.032351255
1685,0,20665.10721,17284,-76.61732565,-3457.724538,-0.6326685196,-28.55220339,-3381.107213,-27.91953487,2.616218441,69.46382463,1.680851064,8.913521579,0,0,20741.72454,20741.72454,0,20772,1685,3.034051657
1686,0,20667.88734,16831,-73.83719881,-3910.724538,-0.6097115876,-32.29285652,-3836.88734,-31.68314493,3.42321481,77.0462144,1.989361702,10.77482946,0,0,20741.72454,20741.72454,0,20772,1686,3.035916328
1687,0,20671.73339,16661,-69.99115167,-4080.724538,-0.5779528055,-33.69663364,-4010.733387,-33.11868083,4.533570285,87.27068065,0.6169844021,8.095142296,0,0,20741.72454,20741.72454,0,20772,1687,3.037621975
1688,0,20669.95491,16464,-71.7696236,-4277.724538,-0.5926385596,-35.32336359,-4205.954915,-34.73072503,3.783726656,83.6813282,1.221402214,10.49097476,0,0,20741.72454,20741.72454,0,20772,1688,3.039664268
1689,0,20671.30126,16661,-70.42327889,-4080.724538,-0.5815211014,-33.69663364,-4010.30126,-33.11511253,3.707062831,82.264215,2.122905028,11.2531679,0,0,20741.72454,20741.72454,0,20772,1689,3.0414958
1690,0,20672.15082,16610,-69.57371728,-4131.724538,-0.5745058358,-34.11776677,-4062.150821,-33.54326093,4.5415751,83.48046129,0.5555555556,8.712651341,0,0,20741.72454,20741.72454,0,20772,1690,3.043095827
1691,0,20670.75145,20650,-70.97308804,-91.72453849,-0.5860611573,-0.7574165175,-20.75145045,-0.1713553603,4.512924573,4.512924573,0.3723404255,0.4992605752,0,0,20741.72454,20741.72454,0,20772,1691,3.044495344
1692,0,20670.47781,20670,-71.24672894,-71.72453849,-0.5883207504,-0.5922662687,-0.4778095539,-0.003945518335,3.521744173,12.50768362,0.243315508,0.9688392299,0,0,20741.72454,20741.72454,0,20772,1692,3.046139479
1693,0,20741.72454,17282,-3.637978807e-12,-3459.724538,-3.004065525e-14,-28.56871841,-3459.724538,-28.56871841,1.246750918,69.37640272,1.083094556,7.422659446,0,0,20741.72454,20741.72454,0,20772,1693,3.047923565
1694,0,20671.74295,20733,-69.98159293,-8.724538491,-0.5778738741,-0.07204298511,61.25705444,0.505830889,3.886279293,3.886279293,0.1626712329,0.2111042813,0,0,20741.72454,20741.72454,0,20772,1694,3.049681902
1695,0,20713.25599,16809,-28.46854351,-3932.724538,-0.2350793522,-32.47452179,-3904.255995,-32.23944244,1.035708061,83.67404139,33.33333333,42.72005934,0,0,20741.72454,20741.72454,0,20772,1695,3.051581144
1696,0,20678.5941,16033,-63.13044324,-4708.724538,-0.5213004203,-38.88235145,-4645.594095,-38.36105103,2.424680193,92.63486431,2.234042553,14.23362157,0,0,20741.72454,20741.72454,0,20772,1696,3.052983761
1697,0,20672.10422,15979,-69.62031988,-4762.724538,-0.5748906574,-39.32825712,-4693.104219,-38.75336646,3.963916391,95.4321475,8.333333333,21.58226744,0,0,20741.72454,20741.72454,0,20772,1697,3.054952145
1698,0,20672.12575,16229,-69.59878917,-4512.724538,-0.5747128673,-37.26387901,-4443.125749,-36.68916614,4.895808481,92.97386816,1.617021277,10.79739013,0,0,20741.72454,20741.72454,0,20772,1698,3.056474686
1699,0,20673.75031,17295,-67.97422923,-3446.724538,-0.5612980434,-28.46137075,-3378.750309,-27.90007271,4.812729958,77.4567611,1.638297872,9.17557518,0,0,20741.72454,20741.72454,0,20772,1699,3.058242321
1700,0,20674.78494,16134,-66.93959808,-4607.724538,-0.5527545638,-38.04834269,-4540.78494,-37.49558813,5.292411297,86.42096484,0.7408906883,10.05412159,0,0,20741.72454,20741.72454,0,20772,1700,3.060235023
1701,0,20673.20365,16855,-68.52088805,-3886.724538,-0.5658120854,-32.09467622,-3818.20365,-31.52886414,3.581518416,76.25223415,1.343839542,9.847630587,0,0,20741.72454,20741.72454,0,20772,1701,3.062105894
1702,0,20666.1614,16530,-75.56313457,-4211.724538,-0.6239635236,-34.77836777,-4136.161404,-34.15440424,2.972899372,78.53906254,1.680851064,10.73826131,0,0,20741.72454,20741.72454,0,20772,1702,3.064008713
1703,0,20665.34413,16902,-76.38041043,-3839.724538,-0.6307121892,-31.70657314,-3763.344128,-31.07586095,3.184860538,79.85429241,0.845323741,8.187257928,0,0,20741.72454,20741.72454,0,20772,1703,3.065858603
1704,0,20674.17406,16449,-67.55048265,-4292.724538,-0.5577989507,-35.44722627,-4225.174056,-34.88942732,3.769426719,88.74620622,0.655234657,8.784955488,0,0,20741.72454,20741.72454,0,20772,1704,3.067790985
1705,0,20674.46588,16252,-67.25865468,-4489.724538,-0.5553891776,-37.07395622,-4422.465884,-36.51856705,4.192827211,88.38362778,16,27.97249689,0,0,20741.72454,20741.72454,0,20772,1705,3.06977272
1706,0,20668.60036,15790,-73.12418326,-4951.724538,-0.6038238529,-40.88892697,-4878.600355,-40.28510312,3.339038584,99.39892951,2.12849162,12.12271666,0,0,20741.72454,20741.72454,0,20772,1706,3.071703672
1707,0,20672.14145,20741,-69.58308767,-0.7245384908,-0.5745832119,-0.0059828856,68.85854918,0.5686003263,5.155345618,5.155345618,0.09743040685,0.1035094342,0,0,20741.72454,20741.72454,0,20772,1707,3.073684216
1708,0,20741.72454,16018,0,-4723.724538,0,-39.00621413,-4723.724538,-39.00621413,1.703332925,94.00625574,8.833333333,17.91437133,0,0,20741.72454,20741.72454,0,20772,1708,3.075443268
1709,0,20686.14933,20694,-55.57520739,-47.72453849,-0.4589129663,-0.3940859702,7.850668896,0.06482699606,4.864696336,4.864696336,0.2091503268,0.3989240146,0,0,20741.72454,20741.72454,0,20772,1709,3.077152252
1710,0,20721.85064,16025,-19.87390035,-4716.724538,-0.1641089793,-38.94841155,-4696.850638,-38.78430257,1.335590306,86.0979417,9.5,20.46454062,0,0,20741.72454,20741.72454,0,20772,1710,3.078973532
1711,0,20678.32508,16157,-63.39945936,-4584.724538,-0.5235218243,-37.8584199,-4521.325079,-37.33489808,5.536763412,95.18076847,1.382978723,11.31124715,0,0,20741.72454,20741.72454,0,20772,1711,3.080530643
1712,0,20673.61249,16946,-68.11204545,-3795.724538,-0.5624360625,-31.34324259,-3727.612493,-30.78080653,3.371607486,75.11427695,2.333333333,10.6516622,0,0,20741.72454,20741.72454,0,20772,1712,3.082216024
1713,0,20669.55983,16906,-72.16471299,-3835.724538,-0.5959010152,-31.67354309,-3763.559825,-31.07764207,4.259148564,79.25347152,1.957446809,10.82444259,0,0,20741.72454,20741.72454,0,20772,1713,3.083650112
1714,0,20670.64433,20693,-71.08020758,-48.72453849,-0.5869456982,-0.4023434827,22.35566909,0.1846022156,5.425638043,5.425638043,0.3270676692,0.4787887643,0,0,20741.72454,20741.72454,0,20772,1714,3.0853374
1715,0,20741.72454,16581,0,-4160.724538,0,-34.35723463,-4160.724538,-34.35723463,1.535576214,81.68157292,0.5942184154,8.21593688,0,0,20741.72454,20741.72454,0,20772,1715,3.087465525
1716,0,20672.42668,16625,-69.29785482,-4116.724538,-0.5722278981,-33.99390408,-4047.426684,-33.42167619,4.518360476,85.70254762,0.7276688453,8.693505219,0,0,20741.72454,20741.72454,0,20772,1716,3.089301348
1717,0,20669.46355,20682,-72.26098649,-59.72453849,-0.5966959947,-0.4931761195,12.536448,0.1035198753,4.165094253,4.165094253,0.3270676692,0.4294900807,0,0,20741.72454,20741.72454,0,20772,1717,3.090897083
1718,0,20730.12267,16424,-11.60186876,-4317.724538,-0.09580257559,-35.65366408,-4306.12267,-35.55786151,1.930362172,84.46852861,25.66666667,34.98713273,0,0,20741.72454,20741.72454,0,20772,1718,3.092706442
1719,0,20676.58452,20715,-65.14001372,-26.72453849,-0.5378944736,-0.220678209,38.41547523,0.3172162646,4.046912867,4.046912867,0.08201058201,0.1872964573,0,0,20741.72454,20741.72454,0,20772,1719,3.094253302
1720,0,20741.72454,17308,-3.637978807e-12,-3433.724538,-3.004065525e-14,-28.35402309,-3433.724538,-28.35402309,1.515528308,75.78638956,1.403508772,8.52872319,0,0,20741.72454,20741.72454,0,20772,1720,3.095829487
1721,0,20668.16167,16569,-73.56286551,-4172.724538,-0.607446277,-34.45632478,-4099.161673,-33.8488785,3.367763384,86.32269811,9.166666667,20.47051317,0,0,20741.72454,20741.72454,0,20772,1721,3.097586393
1722,0,20675.06543,20695,-66.65910349,-46.72453849,-0.5504383762,-0.3858284578,19.934565,0.1646099185,3.595705238,3.595705238,0.09116809117,0.1518776387,0,0,20741.72454,20741.72454,0,20772,1722,3.099536419
1723,0,20677.87289,20206,-63.85164586,-535.7245385,-0.5272557599,-4.42375204,-471.8728926,-3.89649628,2.883492482,24.3184083,10.5,14.71126093,0,0,20741.72454,20741.72454,0,20772,1723,3.101083755
1724,0,20673.52791,20670,-68.19662412,-71.72453849,-0.563134472,-0.5922662687,-3.52791437,-0.02913179679,3.909870455,3.909870455,0.1170212766,0.2424239104,0,0,20741.72454,20741.72454,0,20772,1724,3.10261941
1725,0,20679.39808,20651,-62.32646007,-90.72453849,-0.5146615193,-0.7491590051,-28.39807842,-0.2344974858,3.256643512,10.73713903,0.2513227513,0.9867452119,0,0,20741.72454,20741.72454,0,20772,1725,3.103952169
1726,0,20741.72454,15957,0,-4784.724538,0,-39.50992239,-4784.724538,-39.50992239,1.515772302,90.59609853,1.055350554,10.93452726,0,0,20741.72454,20741.72454,0,20772,1726,3.105666399
1727,0,20668.55166,17264,-73.17287417,-3477.724538,-0.6042259187,-28.71735364,-3404.551664,-28.11312772,3.324880216,70.65406357,0.9388489209,8.786356648,0,0,20741.72454,20741.72454,0,20772,1727,3.107491255
1728,0,20678.72225,16613,-63.0022881,-4128.724538,-0.5202421777,-34.09299423,-4065.72225,-33.57275205,4.641227333,83.3334463,1.636871508,9.24440923,0,0,20741.72454,20741.72454,0,20772,1728,3.109464884
1729,0,20692.10494,16431,-49.61959907,-4310.724538,-0.4097344565,-35.5958615,-4261.104939,-35.18612704,2.887894761,80.89132432,6.333333333,16.06647373,0,0,20741.72454,20741.72454,0,20772,1729,3.111017227
1730,0,20682.57234,20738,-59.1521937,-3.724538491,-0.4884499752,-0.03075542292,55.42765521,0.4576945523,4.221154728,4.221154728,0.06743421053,0.1304243531,0,0,20741.72454,20741.72454,0,20772,1730,3.112184048
1731,0,20704.6877,16116,-37.03683788,-4625.724538,-0.3058321495,-38.19697791,-4588.687701,-37.89114577,2.044363027,85.61723178,1.033519553,11.26137382,0,0,20741.72454,20741.72454,0,20772,1731,3.1138978
1732,0,20681.54044,15993,-60.18409692,-4748.724538,-0.4969709289,-39.21265194,-4688.540442,-38.71568102,2.995792984,96.42091246,1.340425532,12.43913814,0,0,20741.72454,20741.72454,0,20772,1732,3.115435362
1733,0,20683.29768,16527,-58.42685398,-4214.724538,-0.4824604735,-34.8031403,-4156.297685,-34.32067983,3.122248127,81.930606,0.6963562753,8.845382089,0,0,20741.72454,20741.72454,0,20772,1733,3.117276192
1734,0,20685.33584,16138,-56.38869367,-4603.724538,-0.4656303394,-38.01531264,-4547.335845,-37.5496823,3.780193362,87.35143077,20.5,31.63381813,0,0,20741.72454,20741.72454,0,20772,1734,3.118688822
1735,0,20669.35246,16801,-72.37207814,-3940.724538,-0.5976133354,-32.54058189,-3868.35246,-31.94296856,5.081115668,84.2271174,16,25.4744444,0,0,20741.72454,20741.72454,0,20772,1735,3.120378017
1736,0,20679.47218,16089,-62.25236312,-4652.724538,-0.5140496628,-38.41993075,-4590.472175,-37.90588109,5.128020953,87.85033286,0.8947368421,10.04571867,0,0,20741.72454,20741.72454,0,20772,1736,3.121851921
1737,0,20679.79317,16568,-61.93136706,-4173.724538,-0.5113990339,-34.46458229,-4111.793171,-33.95318326,5.233589009,86.28031832,16,24.70653825,0,0,20741.72454,20741.72454,0,20772,1737,3.123535872
1738,0,20674.87679,15755,-66.84774882,-4986.724538,-0.5519961174,-41.17793991,-4919.87679,-40.62594379,4.101770625,100.4611233,0.9145299145,10.31405408,0,0,20741.72454,20741.72454,0,20772,1738,3.125473022
1739,0,20670.19499,17251,-71.52954605,-3490.724538,-0.5906561163,-28.8247013,-3419.194992,-28.23404518,3.033986188,70.60581476,1.415204678,9.171609401,0,0,20741.72454,20741.72454,0,20772,1739,3.127446651
1740,0,20662.87303,16827,-78.85151131,-3914.724538,-0.6511173354,-32.32588657,-3835.873027,-31.67476924,2.805650887,81.82467602,1.362573099,9.630682607,0,0,20741.72454,20741.72454,0,20772,1740,3.129142046
1741,0,20679.78614,16610,-61.93839747,-4131.724538,-0.5114570876,-34.11776677,-4069.786141,-33.60630968,2.587573603,80.39471371,1.603351955,10.27715995,0,0,20741.72454,20741.72454,0,20772,1741,3.131219625
1742,0,20671.02327,16920,-70.70126851,-3821.724538,-0.5838166042,-31.55793791,-3751.02327,-30.97412131,3.173636946,80.68887814,0.618705036,8.318710599,0,0,20741.72454,20741.72454,0,20772,1742,3.132771015
1743,0,20667.62371,16385,-74.10083061,-4356.724538,-0.6118885305,-35.97570707,-4282.623708,-35.36381854,4.18538605,85.37158925,9.666666667,20.90822265,0,0,20741.72454,20741.72454,0,20772,1743,3.134829998
1744,0,20672.19841,16283,-69.52612618,-4458.724538,-0.5741128517,-36.81797334,-4389.198412,-36.24386049,3.108020302,87.85337819,3.166666667,14.54153988,0,0,20741.72454,20741.72454,0,20772,1744,3.136695862
1745,0,20669.1431,17252,-72.58143758,-3489.724538,-0.5993421236,-28.81644378,-3417.143101,-28.21710166,3.492062702,70.26263146,0.7901498929,8.097796871,0,0,20741.72454,20741.72454,0,20772,1745,3.138615608
1746,0,20675.27819,17075,-66.4463465,-3666.724538,-0.5486815328,-30.27802349,-3600.278192,-29.72934195,3.012570123,69.45024869,0.9361702128,8.956180969,0,0,20741.72454,20741.72454,0,20772,1746,3.140417337
1747,0,20680.10986,15945,-61.61468324,-4796.724538,-0.5087840133,-39.60901254,-4735.109855,-39.10022853,3.075709135,89.88480443,32.33333333,42.04030492,0,0,20741.72454,20741.72454,0,20772,1747,3.14224577
1748,0,20676.43906,20774,-65.28548348,32.27546151,-0.5390956919,0.2665150249,97.56094499,0.8056107167,4.965959472,4.965959472,0.06907894737,0.08184490482,0,0,20741.72454,20741.72454,0,20772,1748,3.143913507
1749,0,20741.72454,17118,0,-3623.724538,0,-29.92295045,-3623.724538,-29.92295045,0.7399927711,73.25765908,0.7142857143,8.297153962,0,0,20741.72454,20741.72454,0,20772,1749,3.14624238
1750,0,20667.14818,16807,-74.57635427,-3934.724538,-0.615815173,-32.49103682,-3860.148184,-31.87522165,3.362120769,77.53116291,2.627659574,12.0479492,0,0,20741.72454,20741.72454,0,20772,1750,3.148027897
1751,0,20664.13063,16150,-77.59390503,-4591.724538,-0.640732636,-37.91622249,-4514.130633,-37.27548986,2.861638185,95.35667956,0.8228782288,10.52928039,0,0,20741.72454,20741.72454,0,20772,1751,3.149923801
1752,0,20667.21304,17329,-74.51150321,-3412.724538,-0.6152796646,-28.18061533,-3338.213035,-27.56533566,4.99017224,72.50097784,1.029239766,9.129681107,0,0,20741.72454,20741.72454,0,20772,1752,3.151785135
1753,0,20675.44,20698,-66.28453725,-43.72453849,-0.5473453908,-0.3610559205,22.55999876,0.1862894704,5.121259583,5.121259583,0.1545293073,0.2402005999,0,0,20741.72454,20741.72454,0,20772,1753,3.15346241
1754,0,20741.72454,16669,0,-4072.724538,0,-33.63057354,-4072.724538,-33.63057354,1.63911234,80.40086806,0.6992481203,8.984388522,0,0,20741.72454,20741.72454,0,20772,1754,3.155251265
1755,0,20683.12519,16821,-58.59935182,-3920.724538,-0.4838848765,-32.37543165,-3862.125187,-31.89154677,3.36073885,82.26207283,3.666666667,11.58961782,0,0,20741.72454,20741.72454,0,20772,1755,3.156812906
1756,0,20681.7281,15901,-59.99644127,-4840.724538,-0.4954213601,-39.97234309,-4780.728097,-39.47692173,3.156768591,96.7740006,8.666666667,19.80268144,0,0,20741.72454,20741.72454,0,20772,1756,3.158459425
1757,0,20683.60879,17032,-58.11574897,-3709.724538,-0.47989152,-30.63309652,-3651.60879,-30.153205,2.594660729,76.64062744,7.5,17.80109835,0,0,20741.72454,20741.72454,0,20772,1757,3.159876823
1758,0,20682.25844,16488,-59.46609993,-4253.724538,-0.4910420599,-35.12518329,-4194.258439,-34.63414123,2.81141524,89.04963681,8.833333333,17.80242965,0,0,20741.72454,20741.72454,0,20772,1758,3.161760807
1759,0,20679.65843,16311,-62.06611147,-4430.724538,-0.5125116875,-36.58676299,-4368.658427,-36.0742513,3.657459422,89.61970553,0.7651821862,10.17164306,0,0,20741.72454,20741.72454,0,20772,1759,3.163282871
1760,0,20678.78996,17001,-62.93457915,-3740.724538,-0.5196830702,-30.88907941,-3677.789959,-30.36939634,2.768301221,79.1787449,0.829787234,9.18401043,0,0,20741.72454,20741.72454,0,20772,1760,3.165301561
1761,0,20670.71591,16697,-71.00863286,-4044.724538,-0.5863546691,-33.39936319,-3973.715906,-32.81300852,4.143283243,81.75514508,1.457446809,9.500858867,0,0,20741.72454,20741.72454,0,20772,1761,3.167200327
1762,0,20674.17434,16769,-67.55020224,-3972.724538,-0.5577966353,-32.80482229,-3905.174336,-32.24702566,4.137834774,86.33861114,1.436170213,10.57033283,0,0,20741.72454,20741.72454,0,20772,1762,3.169025898
1763,0,20664.97182,16292,-76.7527198,-4449.724538,-0.6337865385,-36.74365573,-4372.971819,-36.10986919,4.738543916,87.68282235,2.659574468,14.9692004,0,0,20741.72454,20741.72454,0,20772,1763,3.171145439
1764,0,20676.21722,16436,-65.50731514,-4305.724538,-0.5409274696,-35.55457393,-4240.217223,-35.01364646,4.632783835,86.58814838,1.273062731,10.61281663,0,0,20741.72454,20741.72454,0,20772,1764,3.173433781
1765,0,20676.65775,16031,-65.06678993,-4710.724538,-0.5372898272,-38.89886647,-4645.657749,-38.36157664,3.546595053,95.19876026,1.156424581,10.46986143,0,0,20741.72454,20741.72454,0,20772,1765,3.175604343
1766,0,20671.13353,16555,-70.59100411,-4186.724538,-0.5829060945,-34.57192995,-4116.133534,-33.98902386,5.325914283,84.15120029,1.251336898,9.440958722,0,0,20741.72454,20741.72454,0,20772,1766,3.177396774
1767,0,20675.74645,15944,-65.97809216,-4797.724538,-0.5448149167,-39.61727005,-4731.746446,-39.07245514,4.457419322,103.7805897,1.457446809,11.34932663,0,0,20741.72454,20741.72454,0,20772,1767,3.179239511
1768,0,20680.2811,16092,-61.44343388,-4649.724538,-0.5073699196,-38.39515821,-4588.281105,-37.88778829,5.533488721,95.5679838,1.585106383,10.6836245,0,0,20741.72454,20741.72454,0,20772,1768,3.181349754
1769,0,20685.81386,16296,-55.91067544,-4445.724538,-0.4616830979,-36.71062568,-4389.813863,-36.24894258,4.388213279,90.8179602,0.5468085106,9.046999239,0,0,20741.72454,20741.72454,0,20772,1769,3.182832956
1770,0,20682.8769,20701,-58.84763936,-40.72453849,-0.485935114,-0.3362833831,18.12310087,0.1496517308,4.290298011,4.290298011,0.1805054152,0.2498387333,0,0,20741.72454,20741.72454,0,20772,1770,3.184183121
1771,0,20683.96218,20711,-57.76235886,-30.72453849,-0.4769733968,-0.2537082588,27.03782037,0.223265138,2.898103029,2.898103029,0.02394106814,0.09356931553,0,0,20741.72454,20741.72454,0,20772,1771,3.185599327
1772,0,20684.52963,20440,-57.19490864,-301.7245385,-0.4722876696,-2.49149413,-244.5296298,-2.01920646,2.882582288,14.98725602,0.9042553191,2.964924784,0,0,20741.72454,20741.72454,0,20772,1772,3.186620235
1773,0,20741.43684,17247,-0.2877025875,-3494.724538,-0.002375707695,-28.85773135,-3494.436836,-28.85535564,1.282387073,77.26873748,1.089068826,8.819606497,0,0,20741.72454,20741.72454,0,20772,1773,3.188260317
1774,0,20664.40418,16041,-77.32036148,-4700.724538,-0.6384738467,-38.81629135,-4623.404177,-38.1778175,3.806760176,97.63974506,9.166666667,19.12308524,0,0,20741.72454,20741.72454,0,20772,1774,3.189902067
1775,0,20675.1175,17133,-66.60703608,-3608.724538,-0.5500084289,-29.79908776,-3542.117502,-29.24907934,4.063119566,79.76296469,31.33333333,40.43898827,0,0,20741.72454,20741.72454,0,20772,1775,3.192450762
1776,0,20668.47647,16461,-73.24806386,-4280.724538,-0.6048467984,-35.34813612,-4207.476475,-34.74328932,4.469103295,83.36260343,8.666666667,20.99555689,0,0,20741.72454,20741.72454,0,20772,1776,3.194571018
1777,0,20677.11016,17181,-64.61437933,-3560.724538,-0.533554041,-29.40272717,-3496.110159,-28.86917313,4.203085189,73.88622452,1.632768362,9.682766121,0,0,20741.72454,20741.72454,0,20772,1777,3.196590185
1778,0,20676.27907,20721,-65.44547277,-20.72453849,-0.5404168055,-0.1711331344,44.72093428,0.3692836711,4.52503442,4.52503442,0.07565789474,0.1077089398,0,0,20741.72454,20741.72454,0,20772,1778,3.19877553
1779,0,20720.91564,20718,-20.80889379,-23.72453849,-0.1718296993,-0.1959056717,-2.915644703,-0.0240759724,3.105656107,3.105656107,0.3505535055,0.3826045506,0,0,20741.72454,20741.72454,0,20772,1779,3.200931787
1780,0,20741.72454,16181,0,-4560.724538,0,-37.66023961,-4560.724538,-37.66023961,1.588756958,86.39966979,0.7551928783,7.974122987,0,0,20741.72454,20741.72454,0,20772,1780,3.202303171
1781,0,20671.76131,16095,-69.96322439,-4646.724538,-0.5777221957,-38.37038568,-4576.761314,-37.79266348,3.721505619,92.81144166,8,21.24185938,0,0,20741.72454,20741.72454,0,20772,1781,3.204418659
1782,0,20677.05393,16064,-64.67060721,-4677.724538,-0.5340183435,-38.62636856,-4613.053931,-38.09235022,3.644685862,89.70420127,9.5,20.92608653,0,0,20741.72454,20741.72454,0,20772,1782,3.206591606
1783,0,20679.1622,16755,-62.56234128,-3986.724538,-0.5166093113,-32.92042747,-3924.162197,-32.40381816,2.693064049,77.44590603,1.978723404,9.048412675,0,0,20741.72454,20741.72454,0,20772,1783,3.20822525
1784,0,20677.47961,16505,-64.24492493,-4236.724538,-0.5305032668,-34.98480558,-4172.479614,-34.45430231,3.348120796,81.55546029,1.201117318,11.55704363,0,0,20741.72454,20741.72454,0,20772,1784,3.210118055
1785,0,20678.55158,16157,-63.17296268,-4584.724538,-0.5216515252,-37.8584199,-4521.551576,-37.33676838,5.385469054,90.83739743,3.333333333,14.26782546,0,0,20741.72454,20741.72454,0,20772,1785,3.21198988
1786,0,20665.61051,17156,-76.11403096,-3585.724538,-0.6285125574,-29.60916498,-3509.610508,-28.98065242,3.62733362,72.88144375,1.680851064,9.291305574,0,0,20741.72454,20741.72454,0,20772,1786,3.21413517
1787,0,20671.08516,15579,-70.63937357,-5162.724538,-0.5833055059,-42.63126209,-5092.085165,-42.04795659,3.476039604,97.14946806,1.040114613,10.8553586,0,0,20741.72454,20741.72454,0,20772,1787,3.216080904
1788,0,20674.47677,16008,-67.24776801,-4733.724538,-0.5552992808,-39.08878926,-4666.47677,-38.53348998,3.630106165,93.42613439,19,29.0031907,0,0,20741.72454,20741.72454,0,20772,1788,3.218131304
1789,0,20665.74458,15714,-75.97995623,-5027.724538,-0.6274054337,-41.51649792,-4951.744582,-40.88909248,2.664416997,95.97903816,1.436170213,10.26657725,0,0,20741.72454,20741.72454,0,20772,1789,3.219880819
1790,0,20677.81714,16533,-63.90739859,-4208.724538,-0.5277161388,-34.75359523,-4144.81714,-34.22587909,4.117671457,90.63573935,0.690647482,8.459892288,0,0,20741.72454,20741.72454,0,20772,1790,3.221679449
1791,0,20665.08208,16970,-76.64246078,-3771.724538,-0.6328760733,-31.14506229,-3695.082078,-30.51218622,5.098087405,81.59443192,1.124293785,9.316890773,0,0,20741.72454,20741.72454,0,20772,1791,3.223619699
1792,0,20665.66877,20732,-76.05577203,-9.724538491,-0.6280314836,-0.08030049755,66.33123354,0.5477309861,4.943293332,4.943293332,0.3505535055,0.3781778149,0,0,20741.72454,20741.72454,0,20772,1792,3.224951267
1793,0,20741.72454,16411,0,-4330.724538,0,-35.76101175,-4330.724538,-35.76101175,1.805854876,88.19310909,0.7978723404,9.3339917,0,0,20741.72454,20741.72454,0,20772,1793,3.2269063
1794,0,20664.05569,16953,-77.66885124,-3788.724538,-0.6413515052,-31.28544,-3711.055687,-30.6440885,3.692977012,80.36800848,1.229050279,9.510555096,0,0,20741.72454,20741.72454,0,20772,1794,3.22849369
1795,0,20670.94478,20694,-70.77976235,-47.72453849,-0.584464768,-0.3940859702,23.05522386,0.1903787978,5.185553498,5.185553498,16,16.07561695,0,0,20741.72454,20741.72454,0,20772,1795,3.230425835
1796,0,20678.83411,20430,-62.89043155,-311.7245385,-0.5193185208,-2.574069254,-248.8341069,-2.054750733,2.752823997,20.69130234,0.5263157895,2.982265858,0,0,20741.72454,20741.72454,0,20772,1796,3.232026339
1797,0,20704.36083,16510,-37.36370562,-4231.724538,-0.3085312639,-34.94351801,-4194.360833,-34.63498675,4.000961595,77.10985269,1.666666667,11.78601162,0,0,20741.72454,20741.72454,0,20772,1797,3.233448744
1798,0,20670.19796,15273,-71.52657518,-5468.724538,-0.5906315843,-45.1580609,-5397.197963,-44.56742932,2.77219114,112.9676343,9.666666667,21.08560652,0,0,20741.72454,20741.72454,0,20772,1798,3.235287905
1799,0,20681.92471,20716,-59.79982421,-25.72453849,-0.4937977923,-0.2124206966,34.07528572,0.2813770957,3.693383111,3.693383111,0.3505535055,0.3792234147,0,0,20741.72454,20741.72454,0,20772,1799,3.237086535
1800,0,20717.23847,16275,-24.48606937,-4466.724538,-0.2021940224,-36.88403344,-4442.238469,-36.68183941,1.196351684,90.58910258,1.062730627,11.02725122,0,0,20741.72454,20741.72454,0,20772,1800,3.238763332
1801,0,20671.3535,20686,-70.37103608,-55.72453849,-0.5810897057,-0.4601460697,14.64649759,0.120943636,3.9430767,3.9430767,0.5593220339,0.8328263074,0,0,20741.72454,20741.72454,0,20772,1801,3.240252018
1802,0,20741.38502,15321,-0.3395234307,-5420.724538,-0.002803618953,-44.7617003,-5420.385015,-44.75889668,1.448061315,95.71439277,0.7677224736,10.14179158,0,0,20741.72454,20741.72454,0,20772,1802,3.242287874
1803,0,20666.23017,16681,-75.49436464,-4060.724538,-0.623395655,-33.53148339,-3985.230174,-32.90808773,3.575149842,84.49538508,0.7894736842,8.594273605,0,0,20741.72454,20741.72454,0,20772,1803,3.243913889
1804,0,20668.78933,16820,-72.93520505,-3921.724538,-0.6022633629,-32.38368916,-3848.789333,-31.78142579,3.89134135,81.05322368,16.33333333,25.6058842,0,0,20741.72454,20741.72454,0,20772,1804,3.245526075
1805,0,20672.38954,20681,-69.33499674,-60.72453849,-0.572534598,-0.5014336319,8.61045825,0.07110096611,4.880782798,4.880782798,0.3505535055,0.4396428763,0,0,20741.72454,20741.72454,0,20772,1805,3.247207642
1806,0,20674.89019,20680,-66.83434809,-61.72453849,-0.5518854607,-0.5096911444,5.109809603,0.04219431635,3.186979693,3.186979693,0.032,0.1321594814,0,0,20741.72454,20741.72454,0,20772,1806,3.248389006
1807,0,20675.36854,20501,-66.35599991,-240.7245385,-0.5479354946,-1.987785871,-174.3685386,-1.439850376,3.176423214,20.33483897,0.5263157895,2.219329321,0,0,20741.72454,20741.72454,0,20772,1807,3.249310732
1808,0,20735.40174,16908,-6.322797812,-3833.724538,-0.05221058158,-31.65702806,-3827.401741,-31.60481748,2.363251916,75.12871668,0.7716643741,7.209203258,0,0,20741.72454,20741.72454,0,20772,1808,3.250992775
1809,0,20674.90287,16545,-66.82167172,-4196.724538,-0.5517807854,-34.65450508,-4129.902867,-34.10272429,3.66442066,83.44234721,32.5,42.11142959,0,0,20741.72454,20741.72454,0,20772,1809,3.252803087
1810,0,20679.1199,16753,-62.60463581,-3988.724538,-0.5169585589,-32.93694249,-3926.119903,-32.41998393,4.407401267,81.85709649,1.830827068,8.197060619,0,0,20741.72454,20741.72454,0,20772,1810,3.254297733
1811,0,20670.37359,16121,-71.35094528,-4620.724538,-0.5891813182,-38.15569035,-4549.373593,-37.56650903,4.150580116,93.68016754,1.263610315,10.81031601,0,0,20741.72454,20741.72454,0,20772,1811,3.256227493
1812,0,20670.37148,17051,-71.3530566,-3690.724538,-0.5891987524,-30.47620378,-3619.371482,-29.88700503,4.425210162,78.10780393,1.06779661,8.582488465,0,0,20741.72454,20741.72454,0,20772,1812,3.257980108
1813,0,20673.1774,20735,-68.54713799,-6.724538491,-0.5660288446,-0.05552796023,61.8225995,0.5105008843,4.528707004,4.528707004,0.1825726141,0.1995938907,0,0,20741.72454,20741.72454,0,20772,1813,3.260198832
1814,0,20741.72454,15545,0,-5196.724538,0,-42.91201752,-5196.724538,-42.91201752,1.488780062,100.11403,40.66666667,52.78593831,0,0,20741.72454,20741.72454,0,20772,1814,3.26213932
1815,0,20672.13501,17223,-69.58952934,-3518.724538,-0.5746364042,-29.05591165,-3449.135009,-28.48127524,3.806070003,76.1192811,16,24.88202385,0,0,20741.72454,20741.72454,0,20772,1815,3.263797998
1816,0,20677.16654,20731,-64.5580022,-10.72453849,-0.5330885062,-0.08855800999,53.83346371,0.4445304962,5.903181635,5.903181635,0.1825726141,0.2168984261,0,0,20741.72454,20741.72454,0,20772,1816,3.265807867
1817,0,20729.35994,17029,-12.36459978,-3712.724538,-0.1021008365,-30.65786906,-3700.359939,-30.55576822,1.41089055,71.35999038,0.7932960894,8.223913533,0,0,20741.72454,20741.72454,0,20772,1817,3.26750803
1818,0,20678.49219,16283,-63.23234755,-4458.724538,-0.5221418964,-36.81797334,-4395.492191,-36.29583144,2.60241316,85.63284228,1.042328042,10.74177585,0,0,20741.72454,20741.72454,0,20772,1818,3.268922329
1819,0,20680.65898,16409,-61.06555941,-4332.724538,-0.5042496164,-35.77752677,-4271.658979,-35.27327715,3.901785547,86.14922595,24,32.31657705,0,0,20741.72454,20741.72454,0,20772,1819,3.270742655
1820,0,20678.85261,16608,-62.8719254,-4133.724538,-0.519165706,-34.13428179,-4070.852613,-33.61511609,4.620847479,84.94898543,15.16666667,26.83729513,0,0,20741.72454,20741.72454,0,20772,1820,3.272414207
1821,0,20668.5722,16882,-73.15234349,-3859.724538,-0.6040563863,-31.87172339,-3786.572195,-31.267667,3.943977263,79.89083075,0.9006622517,9.278565739,0,0,20741.72454,20741.72454,0,20772,1821,3.2743752
1822,0,20670.46125,17009,-71.26328762,-3732.724538,-0.588457484,-30.82301931,-3661.461251,-30.23456182,4.286993073,79.91260975,1.01754386,9.212500005,0,0,20741.72454,20741.72454,0,20772,1822,3.276250124
1823,0,20665.96671,20743,-75.75783138,1.275461509,-0.6255712349,0.01053213928,77.03329289,0.6361033742,3.958562726,3.958562726,0.09635974304,0.09635974304,0,0,20741.72454,20741.72454,0,20772,1823,3.277830362
1824,0,20741.72454,17030,0,-3711.724538,0,-30.64961155,-3711.724538,-30.64961155,0.5431703359,72.08898897,1.055865922,10.11141763,0,0,20741.72454,20741.72454,0,20772,1824,3.279913187
1825,0,20671.14856,17063,-70.57597713,-3678.724538,-0.582782009,-30.37711364,-3608.148561,-29.79433163,2.739360306,72.48863323,1.581005587,7.970752269,0,0,20741.72454,20741.72454,0,20772,1825,3.281490088
1826,0,20666.56704,16565,-75.15749597,-4176.724538,-0.6206139578,-34.48935483,-4101.567043,-33.86874087,3.475783497,93.37620924,26.66666667,35.32386824,0,0,20741.72454,20741.72454,0,20772,1826,3.28362608
1827,0,20676.63701,16749,-65.08753171,-3992.724538,-0.5374611027,-32.96997254,-3927.637007,-32.43251144,5.322471749,86.42333973,1.25698324,9.00163911,0,0,20741.72454,20741.72454,0,20772,1827,3.28540802
1828,0,20680.89717,20680,-60.82736655,-61.72453849,-0.5022827359,-0.5096911444,-0.8971719398,-0.007408408453,4.974891671,4.974891671,0.3724696356,0.525305727,0,0,20741.72454,20741.72454,0,20772,1828,3.286981821
1829,0,20692.84093,20708,-48.88361041,-33.72453849,-0.403657021,-0.2784807961,15.15907192,0.125176225,3.481891818,3.481891818,0.2735042735,0.3242326283,0,0,20741.72454,20741.72454,0,20772,1829,3.288668871
1830,0,20691.78104,20627,-49.94350028,-114.7245385,-0.4124090748,-0.9473393036,-64.78103821,-0.5349302288,3.366200668,9.868884096,0.9574468085,1.83013538,0,0,20741.72454,20741.72454,0,20772,1830,3.289912939
1831,0,20741.72454,16055,0,-4686.724538,0,-38.70068617,-4686.724538,-38.70068617,1.181045524,88.59100124,2,12.81924151,0,0,20741.72454,20741.72454,0,20772,1831,3.291450977
1832,0,20680.85447,16886,-60.87006851,-3855.724538,-0.5026353479,-31.83869334,-3794.85447,-31.33605799,3.432419365,81.28183963,19.5,27.4916438,0,0,20741.72454,20741.72454,0,20772,1832,3.293365717
1833,0,20668.33684,15754,-73.38770144,-4987.724538,-0.6059998575,-41.18619742,-4914.336837,-40.58019756,3.289291325,90.13665553,18.16666667,31.15575463,0,0,20741.72454,20741.72454,0,20772,1833,3.295193195
1834,0,20676.79214,16615,-64.9324032,-4126.724538,-0.5361801271,-34.07647921,-4061.792135,-33.54029908,2.923800217,83.78302785,1.078212291,9.500832523,0,0,20741.72454,20741.72454,0,20772,1834,3.29700613
1835,0,20668.29568,16144,-73.42886084,-4597.724538,-0.6063397317,-37.96576757,-4524.295678,-37.35942783,3.678137344,93.69040664,10,19.69904197,0,0,20741.72454,20741.72454,0,20772,1835,3.298764706
1836,0,20674.58106,20742,-67.14347467,0.2754615092,-0.5544380773,0.002274626839,67.41893618,0.5567127041,4.559803175,4.559803175,0.2097130243,0.2097130243,0,0,20741.72454,20741.72454,0,20772,1836,3.300470829
1837,0,20741.72454,16978,0,-3763.724538,0,-31.07900219,-3763.724538,-31.07900219,0.5064193971,77.05236682,2,10.95972713,0,0,20741.72454,20741.72454,0,20772,1837,3.302592039
1838,0,20670.86397,16016,-70.86056385,-4725.724538,-0.5851319874,-39.02272916,-4654.863975,-38.43759717,4.323781535,99.44700641,1.01754386,11.29614254,0,0,20741.72454,20741.72454,0,20772,1838,3.304372549
1839,0,20668.36767,16685,-73.356866,-4056.724538,-0.6057452334,-33.49845334,-3983.367672,-32.8927081,4.926819399,76.21878989,1.061452514,9.51958729,0,0,20741.72454,20741.72454,0,20772,1839,3.306229353
1840,0,20675.68149,14999,-66.04305291,-5742.724538,-0.5453513309,-47.42061931,-5676.681486,-46.87526798,2.615038883,109.846875,0.9590643275,12.92188116,0,0,20741.72454,20741.72454,0,20772,1840,3.308330536
1841,0,20675.4404,16991,-66.28413934,-3750.724538,-0.5473421051,-30.97165453,-3684.440399,-30.42431243,4.536324524,78.27814285,1.234042553,10.79948745,0,0,20741.72454,20741.72454,0,20772,1841,3.310241461
1842,0,20670.98405,16812,-70.74048743,-3929.724538,-0.5841404548,-32.44974926,-3858.984051,-31.8656088,5.381188486,81.08478577,16,23.20456149,0,0,20741.72454,20741.72454,0,20772,1842,3.312551498
1843,0,20682.52347,16591,-59.20106471,-4150.724538,-0.4888535283,-34.27465951,-4091.523474,-33.78580598,4.104175069,83.34044436,0.7973856209,9.403067674,0,0,20741.72454,20741.72454,0,20772,1843,3.313929558
1844,0,20675.6302,15311,-66.09433827,-5430.724538,-0.5457748204,-44.84427543,-5364.6302,-44.29850061,3.733676648,105.0411101,1.064275037,10.53123698,0,0,20741.72454,20741.72454,0,20772,1844,3.315654516
1845,0,20685.33274,20720,-56.39179534,-21.72453849,-0.4656559515,-0.1793906468,34.66725685,0.2862653047,5.601642388,5.601642388,0.06970128023,0.2097446744,0,0,20741.72454,20741.72454,0,20772,1845,3.317502499
1846,0,20685.95047,20704,-55.77406864,-37.72453849,-0.4605550656,-0.3115108458,18.04953015,0.1490442197,3.397705859,3.397705859,0.06642066421,0.1846103514,0,0,20741.72454,20741.72454,0,20772,1846,3.319057226
1847,0,20686.66703,20350,-55.05750902,-391.7245385,-0.4546380656,-3.234670249,-336.6670295,-2.780032184,3.354551463,21.06762103,0.9042553191,3.625293338,0,0,20741.72454,20741.72454,0,20772,1847,3.320176363
1848,0,20694.36445,18061,-47.36009233,-2680.724538,-0.3910765515,-22.13611622,-2633.364446,-21.74503967,3.528517051,64.93781083,1.968085106,8.734232249,0,0,20741.72454,20741.72454,0,20772,1848,3.321933031
1849,0,20679.45475,16221,-62.26978462,-4520.724538,-0.5141935211,-37.32993911,-4458.454754,-36.81574559,3.863219938,93.46909078,1.946808511,11.35555648,0,0,20741.72454,20741.72454,0,20772,1849,3.323693275
1850,0,20676.98807,16453,-64.73646492,-4288.724538,-0.5345621643,-35.41419622,-4223.988074,-34.87963406,5.739121728,85.62099322,2.5,13.26588096,0,0,20741.72454,20741.72454,0,20772,1850,3.325589418
1851,0,20677.43888,16774,-64.28565943,-3967.724538,-0.5308396324,-32.76353473,-3903.438879,-32.2326951,4.312332287,80.88254329,9,17.88798333,0,0,20741.72454,20741.72454,0,20772,1851,3.32724452
1852,0,20673.82311,16356,-67.90142386,-4385.724538,-0.5606968522,-36.21517493,-4317.823115,-35.65447808,4.208414435,82.72078561,1.776595745,10.21250636,0,0,20741.72454,20741.72454,0,20772,1852,3.329138041
1853,0,20676.59868,20736,-65.12585725,-5.724538491,-0.5377775763,-0.04727044779,59.40131876,0.4905071285,4.438759369,4.438759369,0.07565789474,0.09959896288,0,0,20741.72454,20741.72454,0,20772,1853,3.33085537
1854,0,20716.00463,16439,-25.71990864,-4302.724538,-0.2123824655,-35.5298014,-4277.00463,-35.31741893,1.785047955,89.20590467,0.9717514124,8.86298828,0,0,20741.72454,20741.72454,0,20772,1854,3.332617044
1855,0,20679.39922,20717,-62.32531922,-24.72453849,-0.5146520987,-0.2041631841,37.60078072,0.3104889145,5.526582588,5.526582588,0.1474164134,0.2619635931,0,0,20741.72454,20741.72454,0,20772,1855,3.334152699
1856,0,20741.72454,16920,0,-3821.724538,0,-31.55793791,-3821.724538,-31.55793791,2.298170426,83.68591937,0.7011070111,8.666605557,0,0,20741.72454,20741.72454,0,20772,1856,3.336079359
1857,0,20672.89472,20724,-68.82981613,-17.72453849,-0.5683630629,-0.1463605971,51.10527764,0.4220024658,5.074754979,5.074754979,0.1012793177,0.2095900904,0,0,20741.72454,20741.72454,0,20772,1857,3.337667465
1858,0,20730.54752,16626,-11.17702163,-4115.724538,-0.09229439517,-33.98564657,-4104.547517,-33.89335218,3.054098128,81.03086004,1.581005587,10.40508124,0,0,20741.72454,20741.72454,0,20772,1858,3.339355707
1859,0,20670.92979,16506,-70.79474748,-4235.724538,-0.5845885079,-34.97654806,-4164.929791,-34.39195956,4.952216226,83.46443272,1,11.67243869,0,0,20741.72454,20741.72454,0,20772,1859,3.340990543
1860,0,20682.30018,20736,-59.42436334,-5.724538491,-0.4906974194,-0.04727044779,53.69982485,0.4434269716,5.592619367,5.592619367,0.2513227513,0.3417526039,0,0,20741.72454,20741.72454,0,20772,1860,3.342972755
1861,0,20732.60391,20743,-9.120628932,1.275461509,-0.07531370686,0.01053213928,10.39609044,0.08584584614,3.600647707,3.600647707,0.914893617,0.9438709557,0,0,20741.72454,20741.72454,0,20772,1861,3.344559431
1862,0,20741.72454,16239,0,-4502.724538,0,-37.18130388,-4502.724538,-37.18130388,1.826378542,83.10964156,1.391143911,9.250726018,0,0,20741.72454,20741.72454,0,20772,1862,3.346060991
1863,0,20665.6862,16966,-76.03833633,-3775.724538,-0.6278875081,-31.17809234,-3699.686202,-30.55020483,3.385627141,81.36926739,1.078212291,10.08384432,0,0,20741.72454,20741.72454,0,20772,1863,3.347835779
1864,0,20670.30894,16831,-71.41559384,-3910.724538,-0.5897151544,-32.29285652,-3839.308945,-31.70314137,4.240074774,77.35512457,1.833333333,11.84130872,0,0,20741.72454,20741.72454,0,20772,1864,3.349631786
1865,0,20673.5964,20653,-68.12814263,-88.72453849,-0.5625689852,-0.7326439802,-20.59639586,-0.170074995,5.073877898,5.073877898,0.1023454158,0.2784609388,0,0,20741.72454,20741.72454,0,20772,1865,3.351469517
1866,0,20679.96998,20688,-61.75456179,-53.72453849,-0.5099390621,-0.4436310449,8.030023299,0.06630801728,4.296922712,4.296922712,0.167587477,0.2939792431,0,0,20741.72454,20741.72454,0,20772,1866,3.352890253
1867,0,20684.78098,20715,-56.94355811,-26.72453849,-0.4702121394,-0.220678209,30.21901962,0.2495339304,4.248863088,4.248863088,0.167587477,0.2371408772,0,0,20741.72454,20741.72454,0,20772,1867,3.353849888
1868,0,20729.2114,15473,-12.51313743,-5268.724538,-0.103327388,-43.50655841,-5256.211401,-43.40323102,2.812804205,101.2040333,18.5,28.880309,0,0,20741.72454,20741.72454,0,20772,1868,3.354995728
1869,0,20667.98462,16240,-73.73991405,-4501.724538,-0.6089082575,-37.17304637,-4427.984624,-36.56413811,2.676169368,88.31842306,33.33333333,44.14479774,0,0,20741.72454,20741.72454,0,20772,1869,3.356683969
1870,0,20669.13901,16293,-72.5855254,-4448.724538,-0.5993758789,-36.73539821,-4376.139013,-36.13602233,4.341551685,89.50060829,23.66666667,34.83020495,0,0,20741.72454,20741.72454,0,20772,1870,3.358686209
1871,0,20677.71599,16754,-64.00855151,-3987.724538,-0.5285514103,-32.92868498,-3923.715987,-32.40013357,4.413756518,77.47809874,9.166666667,18.5304629,0,0,20741.72454,20741.72454,0,20772,1871,3.360817671
1872,0,20675.41609,16411,-66.30845225,-4330.724538,-0.5475428693,-35.76101175,-4264.416086,-35.21346888,4.774670314,84.97306994,1.759398496,10.04440645,0,0,20741.72454,20741.72454,0,20772,1872,3.362751007
1873,0,20676.01355,16801,-65.71098621,-3940.724538,-0.542609286,-32.54058189,-3875.013552,-31.99797261,4.526924023,85.12151871,9.5,20.26138075,0,0,20741.72454,20741.72454,0,20772,1873,3.364684582
1874,0,20672.25478,16235,-69.4697613,-4506.724538,-0.573647418,-37.21433393,-4437.254777,-36.64068652,4.1712613,85.00756404,1.095238095,10.47314362,0,0,20741.72454,20741.72454,0,20772,1874,3.36637187
1875,0,20671.22806,16916,-70.49648066,-3825.724538,-0.5821255659,-31.59096796,-3755.228058,-31.0088424,3.862569576,86.28335525,1.421052632,8.680340862,0,0,20741.72454,20741.72454,0,20772,1875,3.36842227
1876,0,20671.28166,16577,-70.44288129,-4164.724538,-0.5816829685,-34.39026468,-4094.281657,-33.80858171,5.20080722,87.47960653,31.66666667,40.49004533,0,0,20741.72454,20741.72454,0,20772,1876,3.370165586
1877,0,20673.59245,20706,-68.13208907,-35.72453849,-0.562601573,-0.294995821,32.40755058,0.267605752,5.141905064,5.141905064,0.2513227513,0.3522383675,0,0,20741.72454,20741.72454,0,20772,1877,3.372102261
1878,0,20706.01882,20717,-35.70571359,-24.72453849,-0.2948403741,-0.2041631841,10.98117509,0.09067718994,3.082824094,3.082824094,0.2513227513,0.2830933861,0,0,20741.72454,20741.72454,0,20772,1878,3.373690844
1879,0,20702.89774,20725,-38.82680169,-16.72453849,-0.3206127979,-0.1381030846,22.1022632,0.1825097133,3.016794371,7.998587895,0.243315508,0.6824537518,0,0,20741.72454,20741.72454,0,20772,1879,3.374714851
1880,0,20741.72454,16297,0,-4444.724538,0,-36.70236816,-4444.724538,-36.70236816,1.951751058,91.57448446,1.611336032,10.29600992,0,0,20741.72454,20741.72454,0,20772,1880,3.376074314
1881,0,20674.03923,20765,-67.68531052,23.27546151,-0.5589122935,0.1921974129,90.96077203,0.7511097065,3.939323245,3.939323245,0.5084745763,0.5084745763,0,0,20741.72454,20741.72454,0,20772,1881,3.377711535
1882,0,20741.72454,16956,0,-3785.724538,0,-31.26066747,-3785.724538,-31.26066747,0.4954056396,77.24774833,8.833333333,20.09681185,0,0,20741.72454,20741.72454,0,20772,1882,3.379649162
1883,0,20669.95371,20725,-71.77083136,-16.72453849,-0.5926485327,-0.1381030846,55.04629287,0.4545454481,5.255018365,5.255018365,0.3505535055,0.5476489412,0,0,20741.72454,20741.72454,0,20772,1883,3.381434679
1884,0,20741.72454,17265,-3.637978807e-12,-3476.724538,-3.004065525e-14,-28.70909612,-3476.724538,-28.70909612,1.041219655,74.80682354,1.021390374,8.063178758,0,0,20741.72454,20741.72454,0,20772,1884,3.383598089
1885,0,20679.89081,16569,-61.83373064,-4172.724538,-0.5105927999,-34.45632478,-4110.890808,-33.94573198,4.867632114,80.63575483,24,33.51359063,0,0,20741.72454,20741.72454,0,20772,1885,3.38516593
1886,0,20680.15725,16629,-61.56728827,-4112.724538,-0.5083926487,-33.96087403,-4051.15725,-33.45248138,5.035795859,82.70025429,24.83333333,34.97528828,0,0,20741.72454,20741.72454,0,20772,1886,3.38658452
1887,0,20674.90196,20695,-66.82257532,-46.72453849,-0.5517882469,-0.3858284578,20.09803682,0.1659597891,4.036681738,4.036681738,0.05080213904,0.1038442532,0,0,20741.72454,20741.72454,0,20772,1887,3.387929916
1888,0,20681.23596,20357,-60.48857657,-384.7245385,-0.4994851734,-3.176867662,-324.2359619,-2.677382489,2.218598935,18.11665893,0.914893617,3.851122686,0,0,20741.72454,20741.72454,0,20772,1888,3.389553547
1889,0,20738.10576,16510,-3.618777792,-4231.724538,-0.02988210263,-34.94351801,-4228.105761,-34.91363591,1.417549831,71.95727152,1.093984962,8.968862207,0,0,20741.72454,20741.72454,0,20772,1889,3.391013384
1890,0,20666.21892,17072,-75.50561649,-3669.724538,-0.6234885674,-30.30279602,-3594.218922,-29.67930746,2.367404699,72.01844901,15.16666667,24.51261345,0,0,20741.72454,20741.72454,0,20772,1890,3.392838001
1891,0,20671.98696,20727,-69.73757603,-14.72453849,-0.5758589015,-0.1215880597,55.01303754,0.4542708418,4.845075302,4.845075302,0.1326815642,0.1468911557,0,0,20741.72454,20741.72454,0,20772,1891,3.39487958
1892,0,20741.72454,16154,0,-4587.724538,0,-37.88319244,-4587.724538,-37.88319244,1.068587745,90.53745569,26.16666667,37.03566751,0,0,20741.72454,20741.72454,0,20772,1892,3.396888018
1893,0,20666.65482,16504,-75.06972059,-4237.724538,-0.6198891515,-34.99306309,-4162.654818,-34.37317394,3.624962468,81.45720349,1.726256983,11.07406938,0,0,20741.72454,20741.72454,0,20772,1893,3.398526907
1894,0,20673.33635,20684,-68.38819248,-57.72453849,-0.5647163501,-0.4766610946,10.66365399,0.08805525548,3.796323388,3.796323388,0.06084656085,0.1533878315,0,0,20741.72454,20741.72454,0,20772,1894,3.399764299
1895,0,20669.29418,20242,-72.43035501,-499.7245385,-0.5980945575,-4.126481593,-427.2941835,-3.528387035,2.898041628,26.22778296,0.9574468085,4.152153212,0,0,20741.72454,20741.72454,0,20772,1895,3.401379347
1896,0,20682.43814,20699,-59.28640339,-42.72453849,-0.4895582134,-0.352798408,16.5618649,0.1367598054,5.98514249,5.98514249,0.3505535055,0.8056220248,0,0,20741.72454,20741.72454,0,20772,1896,3.402826786
1897,0,20741.72454,16951,0,-3790.724538,0,-31.30195503,-3790.724538,-31.30195503,1.80895253,77.72351614,1.011070111,8.994937686,0,0,20741.72454,20741.72454,0,20772,1897,3.404691458
1898,0,20682.40339,20744,-59.32114351,2.275461509,-0.4898450805,0.01878965172,61.59660502,0.5086347322,5.433265785,5.433265785,0.5084745763,0.6033573055,0,0,20741.72454,20741.72454,0,20772,1898,3.406256914
1899,0,20741.72454,16023,0,-4718.724538,0,-38.96492657,-4718.724538,-38.96492657,0.636686847,93.37173787,1.388663968,10.23712147,0,0,20741.72454,20741.72454,0,20772,1899,3.408436537
1900,0,20679.0318,16174,-62.69274243,-4567.724538,-0.5176861005,-37.71804219,-4505.031796,-37.20035609,3.88999715,86.09347684,16,26.46913424,0,0,20741.72454,20741.72454,0,20772,1900,3.410342455
1901,0,20677.34295,16442,-64.38159166,-4299.724538,-0.531631794,-35.50502886,-4235.342947,-34.97339707,4.374651433,89.96598461,8.833333333,21.03035421,0,0,20741.72454,20741.72454,0,20772,1901,3.412055254
1902,0,20669.05437,15999,-72.67016502,-4742.724538,-0.6000747915,-39.16310687,-4670.054373,-38.56303208,4.113189318,88.18954751,3.666666667,12.7463643,0,0,20741.72454,20741.72454,0,20772,1902,3.413873672
1903,0,20668.83593,15794,-72.88861161,-4947.724538,-0.601878617,-40.85589692,-4874.835927,-40.2540183,3.702770909,94.33330802,0.841554559,9.583046448,0,0,20741.72454,20741.72454,0,20772,1903,3.415835857
1904,0,20681.45768,16150,-60.26686053,-4591.724538,-0.4976543505,-37.91622249,-4531.457678,-37.41856814,4.317518974,87.86723416,0.9716775599,9.671102537,0,0,20741.72454,20741.72454,0,20772,1904,3.417720079
1905,0,20680.89792,17467,-60.82661969,-3274.724538,-0.5022765687,-27.04107861,-3213.897919,-26.53880204,4.921818396,74.50595632,1.14893617,9.290340497,0,0,20741.72454,20741.72454,0,20772,1905,3.419127464
1906,0,20674.99425,16516,-66.73028509,-4225.724538,-0.5510261592,-34.89397294,-4158.994253,-34.34294678,4.273078256,87.61800491,16,26.08515741,0,0,20741.72454,20741.72454,0,20772,1906,3.420955181
1907,0,20687.41643,14934,-54.30810736,-5807.724538,-0.4484498721,-47.95735762,-5753.416431,-47.50890775,6.221498461,114.1450973,8.666666667,22.03650418,0,0,20741.72454,20741.72454,0,20772,1907,3.422426701
1908,0,20675.62766,16359,-66.09688253,-4382.724538,-0.5457958296,-36.19040239,-4316.627656,-35.64460656,3.398917646,97.37063831,23.33333333,34.93601503,0,0,20741.72454,20741.72454,0,20772,1908,3.424111605
1909,0,20681.75321,20720,-59.97133014,-21.72453849,-0.4952140046,-0.1793906468,38.24679165,0.3158233578,5.219831999,5.219831999,0.253968254,0.3208827521,0,0,20741.72454,20741.72454,0,20772,1909,3.425482988
1910,0,20741.72454,16849,0,-3892.724538,0,-32.1442213,-3892.724538,-32.1442213,1.005569513,81.15745656,0.5668693009,7.803176274,0,0,20741.72454,20741.72454,0,20772,1910,3.427522898
1911,0,20675.92975,16772,-65.79479034,-3969.724538,-0.5433012996,-32.78004975,-3903.929748,-32.23674846,3.019720124,78.14416629,9.166666667,17.90661594,0,0,20741.72454,20741.72454,0,20772,1911,3.429439783
1912,0,20673.12584,16689,-68.5987018,-4052.724538,-0.5664546334,-33.46542329,-3984.125837,-32.89896865,3.828302775,84.64803381,19.66666667,29.2461214,0,0,20741.72454,20741.72454,0,20772,1912,3.431491852
1913,0,20676.13565,16426,-65.58888533,-4315.724538,-0.5416010365,-35.63714906,-4250.135653,-35.09554802,2.959944277,80.01780904,15.16666667,24.75769545,0,0,20741.72454,20741.72454,0,20772,1913,3.433698893
1914,0,20674.97386,17047,-66.75067924,-3694.724538,-0.5511945642,-30.50923383,-3627.973859,-29.95803927,2.771820724,73.8619134,25.16666667,34.23185235,0,0,20741.72454,20741.72454,0,20772,1914,3.435386419
1915,0,20676.46233,17136,-65.26220447,-3605.724538,-0.5389034652,-29.77431523,-3540.462334,-29.23541176,2.719275016,76.53532056,1.617021277,11.29935793,0,0,20741.72454,20741.72454,0,20772,1915,3.4370296
1916,0,20675.25577,16400,-66.46876674,-4341.724538,-0.5488666682,-35.85184438,-4275.255772,-35.30297771,4.523870751,84.42888461,16,24.78434707,0,0,20741.72454,20741.72454,0,20772,1916,3.438857555
1917,0,20663.15241,16658,-78.57212856,-4083.724538,-0.6488103289,-33.72140617,-4005.15241,-33.07259584,3.91419534,81.77309451,0.7248677249,8.67239452,0,0,20741.72454,20741.72454,0,20772,1917,3.440721512
1918,0,20664.74502,20733,-76.97951498,-8.724538491,-0.6356593025,-0.07204298511,68.25497649,0.5636163174,4.435572225,4.435572225,0.914893617,1.139492548,0,0,20741.72454,20741.72454,0,20772,1918,3.442534208
1919,0,20741.72454,16548,0,-4193.724538,0,-34.62973254,-4193.724538,-34.62973254,0.9018441951,81.84858656,27,36.31628375,0,0,20741.72454,20741.72454,0,20772,1919,3.444970608
1920,0,20667.94463,16375,-73.77990546,-4366.724538,-0.6092384871,-36.05828219,-4292.944633,-35.44904371,4.551485409,89.52884496,1.638297872,11.14761852,0,0,20741.72454,20741.72454,0,20772,1920,3.446607351
1921,0,20675.8769,16505,-65.84764062,-4236.724538,-0.5437377115,-34.98480558,-4170.876898,-34.44106786,3.785604579,84.71493689,1.978723404,11.32784885,0,0,20741.72454,20741.72454,0,20772,1921,3.448577166
1922,0,20665.2229,16767,-76.50163798,-3974.724538,-0.6317132272,-32.82133732,-3898.222901,-32.18962409,3.703200635,86.74043164,1.232620321,8.38933993,0,0,20741.72454,20741.72454,0,20772,1922,3.450422287
1923,0,20673.94257,15517,-67.78196974,-5224.724538,-0.5597104583,-43.14322787,-5156.942569,-42.58351741,4.813284067,97.10689017,18.5,29.13896277,0,0,20741.72454,20741.72454,0,20772,1923,3.452346802
1924,0,20666.99244,16686,-74.73209409,-4055.724538,-0.6171011965,-33.49019582,-3980.992444,-32.87309463,3.689277425,80.85623921,9.166666667,17.9176309,0,0,20741.72454,20741.72454,0,20772,1924,3.454086781
1925,0,20672.29836,20667,-69.42617645,-74.72453849,-0.5732875156,-0.6170388061,-5.298362041,-0.04375129046,4.408370684,4.408370684,0.3505535055,0.575707679,0,0,20741.72454,20741.72454,0,20772,1925,3.45610404
1926,0,20684.54122,16678,-57.18331683,-4063.724538,-0.47219195,-33.55625592,-4006.541222,-33.08406397,3.379366597,80.90097636,1.024282561,9.1975092,0,0,20741.72454,20741.72454,0,20772,1926,3.457909107
1927,0,20667.22699,16331,-74.49754547,-4410.724538,-0.6151644084,-36.42161274,-4336.226993,-35.80644833,3.301236497,87.13894255,1.666666667,12.83003542,0,0,20741.72454,20741.72454,0,20772,1927,3.459712029
1928,0,20678.83043,17070,-62.89411054,-3671.724538,-0.5193489001,-30.31931105,-3608.830428,-29.79996215,3.30459202,71.24973976,2.989361702,10.10491536,0,0,20741.72454,20741.72454,0,20772,1928,3.462046862
1929,0,20684.16151,16915,-57.56302472,-3826.724538,-0.4753273926,-31.59922548,-3769.161514,-31.12389808,3.899220078,79.54180902,18.33333333,28.88930496,0,0,20741.72454,20741.72454,0,20772,1929,3.463644505
1930,0,20674.29877,16458,-67.42577004,-4283.724538,-0.5567691348,-35.37290866,-4216.298768,-34.81613953,5.003420949,80.12153788,1.574468085,10.1770153,0,0,20741.72454,20741.72454,0,20772,1930,3.465384483
1931,0,20660.59149,17148,-81.13304776,-3593.724538,-0.6699571511,-29.67522508,-3512.591491,-29.00526793,3.598767169,79.24486877,4,13.75422256,0,0,20741.72454,20741.72454,0,20772,1931,3.467411518
1932,0,20669.59755,16630,-72.12698384,-4111.724538,-0.5955894662,-33.95261652,-4039.597555,-33.35702705,4.081411018,77.43955178,11.33333333,20.22014571,0,0,20741.72454,20741.72454,0,20772,1932,3.469135523
1933,0,20665.29597,16093,-76.42857333,-4648.724538,-0.6311098949,-38.3869007,-4572.295965,-37.75579081,2.860028204,84.66574792,0.9122807018,9.840805664,0,0,20741.72454,20741.72454,0,20772,1933,3.471224546
1934,0,20666.6709,16572,-75.05363547,-4169.724538,-0.6197563285,-34.43155224,-4094.670903,-33.81179591,2.59843909,83.32984683,14.16666667,23.59814725,0,0,20741.72454,20741.72454,0,20772,1934,3.473251581
1935,0,20671.23854,16792,-70.48599525,-3949.724538,-0.5820389826,-32.61489951,-3879.238543,-32.03286052,3.766500753,78.89244524,1.949152542,11.45557721,0,0,20741.72454,20741.72454,0,20772,1935,3.475123882
1936,0,20667.95777,16722,-73.76676544,-4019.724538,-0.6091299832,-33.19292538,-3945.957773,-32.58379539,5.035336674,87.99715837,16,26.48784011,0,0,20741.72454,20741.72454,0,20772,1936,3.477244139
1937,0,20677.1635,16008,-64.56103968,-4733.724538,-0.5331135883,-39.08878926,-4669.163499,-38.55567567,3.371391295,94.6277878,1.311740891,11.41211147,0,0,20741.72454,20741.72454,0,20772,1937,3.479034901
1938,0,20677.40956,16309,-64.31497643,-4432.724538,-0.5310817179,-36.60327801,-4368.409562,-36.0721963,2.655543056,85.36952341,1.157676349,9.614458582,0,0,20741.72454,20741.72454,0,20772,1938,3.480764627
1939,0,20678.80911,16594,-62.91543182,-4147.724538,-0.5195249608,-34.24988697,-4084.809107,-33.73036201,3.09790551,85.81867975,0.9042553191,10.10544856,0,0,20741.72454,20741.72454,0,20772,1939,3.482517481
1940,0,20677.84577,16046,-63.8787648,-4695.724538,-0.5274796949,-38.77500379,-4631.845774,-38.24752409,4.836584625,98.38089762,0.9415204678,10.64652456,0,0,20741.72454,20741.72454,0,20772,1940,3.484428406
1941,0,20675.09688,16325,-66.62766241,-4416.724538,-0.5501787511,-36.47115781,-4350.096876,-35.92097906,4.80237813,94.96978012,1.638418079,11.60733123,0,0,20741.72454,20741.72454,0,20772,1941,3.486109257
1942,0,20681.70816,20695,-60.0163819,-46.72453849,-0.4955860201,-0.3858284578,13.29184341,0.1097575623,5.069364758,5.069364758,0.06552706553,0.1713895778,0,0,20741.72454,20741.72454,0,20772,1942,3.487647295
1943,0,20684.98999,20449,-56.73454477,-292.7245385,-0.4684862092,-2.417176518,-235.9899937,-1.948690309,2.950055758,19.56109208,0.914893617,3.454460473,0,0,20741.72454,20741.72454,0,20772,1943,3.489174128
1944,0,20741.72454,16567,-3.637978807e-12,-4174.724538,-3.004065525e-14,-34.4728398,-4174.724538,-34.4728398,1.454199362,80.74685997,0.8333333333,9.673601631,0,0,20741.72454,20741.72454,0,20772,1944,3.490774632
1945,0,20674.03831,16587,-67.68622385,-4154.724538,-0.5589198354,-34.30768956,-4087.038315,-33.74876972,4.501724105,90.59000115,0.8305597579,8.594385849,0,0,20741.72454,20741.72454,0,20772,1945,3.492572546
1946,0,20671.10602,20712,-70.6185188,-29.72453849,-0.5831332974,-0.2454507463,40.89398031,0.3376825511,5.02915032,5.02915032,0.243315508,0.2778013794,0,0,20741.72454,20741.72454,0,20772,1946,3.494558573
1947,0,20691.96455,20400,-49.75999127,-341.7245385,-0.4108937468,-2.821794627,-291.9645472,-2.41090088,3.483206322,16.7003293,0.9574468085,3.397772183,0,0,20741.72454,20741.72454,0,20772,1947,3.496125221
1948,0,20696.76022,16322,-44.96431503,-4419.724538,-0.3712933907,-36.49593035,-4374.760223,-36.12463696,1.767669528,79.93405846,16.33333333,25.62762248,0,0,20741.72454,20741.72454,0,20772,1948,3.497640133
1949,0,20673.45145,16369,-68.27308381,-4372.724538,-0.5637658388,-36.10782727,-4304.451455,-35.54406143,4.299721963,84.82283954,1.258992806,9.775524749,0,0,20741.72454,20741.72454,0,20772,1949,3.499470711
1950,0,20668.711,16372,-73.01353387,-4369.724538,-0.6029101642,-36.08305473,-4296.711005,-35.48014457,4.013236727,92.37109264,14.83333333,25.91869734,0,0,20741.72454,20741.72454,0,20772,1950,3.501203299
1951,0,20672.47528,15758,-69.24925838,-4983.724538,-0.5718266124,-41.15316737,-4914.47528,-40.58134076,4.549225263,96.11722473,1.094972067,11.63233641,0,0,20741.72454,20741.72454,0,20772,1951,3.502971411
1952,0,20668.64692,16661,-73.07761546,-4080.724538,-0.6034393186,-33.69663364,-4007.646923,-33.09319432,4.240772104,81.75369646,22.16666667,30.17861219,0,0,20741.72454,20741.72454,0,20772,1952,3.504992485
1953,0,20677.24652,16944,-64.47801946,-3797.724538,-0.5324280477,-31.35975762,-3733.246519,-30.82732957,4.52894892,75.71178962,10.33333333,18.87654063,0,0,20741.72454,20741.72454,0,20772,1953,3.507053614
1954,0,20686.19526,17006,-55.5292768,-3735.724538,-0.4585336939,-30.84779184,-3680.195262,-30.38925815,4.438076262,71.35217034,1,8.756846503,0,0,20741.72454,20741.72454,0,20772,1954,3.508983374
1955,0,20684.28935,15910,-57.43518784,-4831.724538,-0.474271778,-39.89802548,-4774.289351,-39.4237537,2.429604407,95.98135657,1.032085561,10.11106832,0,0,20741.72454,20741.72454,0,20772,1955,3.510996103
1956,0,20680.01151,16843,-61.7130315,-3898.724538,-0.5095961252,-32.19376637,-3837.011507,-31.68417025,2.810577256,79.19043718,25.83333333,35.85078884,0,0,20741.72454,20741.72454,0,20772,1956,3.512578726
1957,0,20670.67517,16379,-71.04936574,-4362.724538,-0.5866910214,-36.02525214,-4291.675173,-35.43856112,3.964067139,88.83148978,15.66666667,24.83045999,0,0,20741.72454,20741.72454,0,20772,1957,3.514357567
1958,0,20675.68259,16421,-66.04194537,-4320.724538,-0.5453421854,-35.67843662,-4254.682593,-35.13309444,3.678345952,86.6611148,16,25.50428911,0,0,20741.72454,20741.72454,0,20772,1958,3.516073465
1959,0,20665.76177,16195,-75.96277009,-4546.724538,-0.6272635189,-37.54463443,-4470.761768,-36.91737091,2.31678157,83.14553985,24.83333333,33.77767336,0,0,20741.72454,20741.72454,0,20772,1959,3.517632484
1960,0,20666.98642,16369,-74.73811595,-4372.724538,-0.6171509221,-36.10782727,-4297.986423,-35.49067635,2.247326345,85.10830694,9,17.49507792,0,0,20741.72454,20741.72454,0,20772,1960,3.519544363
1961,0,20672.43367,16274,-69.29086885,-4467.724538,-0.5721702115,-36.89229095,-4398.43367,-36.32012074,3.560814172,89.80421605,4.031914894,11.79011165,0,0,20741.72454,20741.72454,0,20772,1961,3.521269321
1962,0,20673.39933,16671,-68.32520674,-4070.724538,-0.5641962445,-33.61405851,-4002.399332,-33.04986227,3.59203292,87.66353904,1.661016949,10.25652477,0,0,20741.72454,20741.72454,0,20772,1962,3.523395777
1963,0,20665.94864,20713,-75.77589828,-28.72453849,-0.6257204226,-0.2371932339,47.05135979,0.3885271887,5.453059802,5.453059802,0.1626712329,0.1853641224,0,0,20741.72454,20741.72454,0,20772,1963,3.525094271
1964,0,20741.72454,16971,0,-3770.724538,0,-31.13680478,-3770.724538,-31.13680478,1.360088946,76.65259329,1.073752711,8.890471993,0,0,20741.72454,20741.72454,0,20772,1964,3.52697134
1965,0,20678.93176,17041,-62.79278039,-3700.724538,-0.5185121651,-30.55877891,-3637.931758,-30.04026674,5.242908145,80.42098614,9.166666667,17.09576565,0,0,20741.72454,20741.72454,0,20772,1965,3.528759003
1966,0,20685.10556,20723,-56.61897374,-18.72453849,-0.4675318799,-0.1546181095,37.89443525,0.3129137704,4.321557861,4.321557861,0.163410302,0.1947047543,0,0,20741.72454,20741.72454,0,20772,1966,3.530103922
1967,0,20715.73751,16287,-25.9870242,-4454.724538,-0.2145881756,-36.78494329,-4428.737514,-36.57035511,2.317852218,81.68636955,25,35.50743018,0,0,20741.72454,20741.72454,0,20772,1967,3.531604528
1968,0,20670.84145,16403,-70.88308702,-4338.724538,-0.5853179728,-35.82707184,-4267.841451,-35.24175387,3.295770179,85.5574973,16,24.00647095,0,0,20741.72454,20741.72454,0,20772,1968,3.533089638
1969,0,20670.48534,20707,-71.23919734,-34.72453849,-0.5882585582,-0.2867383085,36.51465885,0.3015202497,4.141865023,4.141865023,0.1825726141,0.2274884412,0,0,20741.72454,20741.72454,0,20772,1969,3.535010338
1970,0,20738.8596,16331,-2.864939539,-4410.724538,-0.02365727388,-36.42161274,-4407.859599,-36.39795547,1.930435247,84.96744656,31,40.63722772,0,0,20741.72454,20741.72454,0,20772,1970,3.536791086
1971,0,20677.29674,16232,-64.42780028,-4509.724538,-0.5320133623,-37.23910647,-4445.296738,-36.70709311,2.663978208,95.02401942,0.8169934641,9.744253034,0,0,20741.72454,20741.72454,0,20772,1971,3.538363218
1972,0,20677.63057,20731,-64.09396382,-10.72453849,-0.5292567034,-0.08855800999,53.36942532,0.4406986935,5.092819476,5.092819476,0.1452344932,0.2042750836,0,0,20741.72454,20741.72454,0,20772,1972,3.540105343
1973,0,20741.72454,16775,0,-3966.724538,0,-32.75527722,-3966.724538,-32.75527722,0.8608626245,78.73841364,6.333333333,14.13172063,0,0,20741.72454,20741.72454,0,20772,1973,3.542106867
1974,0,20674.6529,17781,-67.07164149,-2960.724538,-0.5538449139,-24.4482197,-2893.652897,-23.89437479,4.039329409,68.10152156,32.16666667,41.56872263,0,0,20741.72454,20741.72454,0,20772,1974,3.543823242
1975,0,20673.69576,16497,-68.02877515,-4244.724538,-0.561748457,-35.05086568,-4176.695763,-34.48911722,5.02484393,88.77906025,1.321637427,10.60107315,0,0,20741.72454,20741.72454,0,20772,1975,3.545744419
1976,0,20670.40156,17458,-71.32298004,-3283.724538,-0.5889503949,-27.11539622,-3212.401558,-26.52644583,3.786464951,71.1900868,9.166666667,19.46521398,0,0,20741.72454,20741.72454,0,20772,1976,3.547213793
1977,0,20671.2452,20712,-70.47934146,-29.72453849,-0.5819840388,-0.2454507463,40.75480297,0.3365332925,4.554983091,4.554983091,0.1970954357,0.2383062407,0,0,20741.72454,20741.72454,0,20772,1977,3.548977137
1978,0,20701.65726,17556,-40.06727498,-3185.724538,-0.3308560215,-26.30616,-3145.657264,-25.97530398,1.804075631,71.68236759,1.670212766,8.601215373,0,0,20741.72454,20741.72454,0,20772,1978,3.550839901
1979,0,20663.37797,15450,-78.34656741,-5291.724538,-0.6469477549,-43.6964812,-5213.377971,-43.04953344,3.195498039,99.05913859,47.5,60.62808428,0,0,20741.72454,20741.72454,0,20772,1979,3.552350044
1980,0,20668.42242,16298,-73.30211462,-4443.724538,-0.6052931233,-36.69411065,-4370.422424,-36.08881753,4.270070736,84.38032753,7.166666667,17.66505276,0,0,20741.72454,20741.72454,0,20772,1980,3.554243088
1981,0,20673.89724,17082,-67.8273002,-3659.724538,-0.5600847751,-30.2202209,-3591.897238,-29.66013612,3.884196188,79.07191628,0.690647482,8.969159624,0,0,20741.72454,20741.72454,0,20772,1981,3.556155682
1982,0,20679.69904,20719,-62.02549478,-22.72453849,-0.5121762947,-0.1876481593,39.30095629,0.3245281354,5.274374681,5.274374681,0.2075055188,0.4136470071,0,0,20741.72454,20741.72454,0,20772,1982,3.558369637
1983,0,20741.72454,16496,0,-4245.724538,0,-35.05912319,-4245.724538,-35.05912319,2.002423573,80.93797776,16,27.09867665,0,0,20741.72454,20741.72454,0,20772,1983,3.560356855
1984,0,20668.12152,16216,-73.6030174,-4525.724538,-0.6077778317,-37.37122667,-4452.121521,-36.76344884,2.942301649,81.73730435,18,29.28076417,0,0,20741.72454,20741.72454,0,20772,1984,3.562082052
1985,0,20670.88423,17234,-70.8403125,-3507.724538,-0.5849647616,-28.96507901,-3436.884226,-28.38011425,3.057417882,75.11532411,8.666666667,16.28782064,0,0,20741.72454,20741.72454,0,20772,1985,3.564024687
1986,0,20678.69126,20718,-63.03327734,-23.72453849,-0.5204980717,-0.1959056717,39.30873885,0.3245924,4.512387437,4.512387437,16,16.0321447,0,0,20741.72454,20741.72454,0,20772,1986,3.566181898
1987,0,20698.91061,15718,-42.81393215,-5023.724538,-0.3535365773,-41.48346787,-4980.910606,-41.12993129,1.716125047,92.60098002,12.66666667,25.05295817,0,0,20741.72454,20741.72454,0,20772,1987,3.567922115
1988,0,20670.81209,16658,-70.91245224,-4083.724538,-0.5855604564,-33.72140617,-4012.812086,-33.13584572,4.805386717,84.40124571,1.292397661,10.34577103,0,0,20741.72454,20741.72454,0,20772,1988,3.569246054
1989,0,20668.11487,20687,-73.60967329,-54.72453849,-0.6078327928,-0.4518885573,18.8851348,0.1559442355,5.15260942,5.15260942,0.914893617,1.215636921,0,0,20741.72454,20741.72454,0,20772,1989,3.571261644
1990,0,20741.72454,16011,3.637978807e-12,-4730.724538,3.004065525e-14,-39.06401672,-4730.724538,-39.06401672,1.611645963,91.4430879,1.341726619,10.6721271,0,0,20741.72454,20741.72454,0,20772,1990,3.573117733
1991,0,20671.10477,16204,-70.61976403,-4537.724538,-0.5831435799,-37.47031682,-4467.104774,-36.88717324,4.250873783,87.13691448,3,12.33062175,0,0,20741.72454,20741.72454,0,20772,1991,3.574786663
1992,0,20668.70241,16130,-73.02212831,-4611.724538,-0.6029811328,-38.08137274,-4538.70241,-37.47839161,3.031530528,92.18878792,10,19.3973771,0,0,20741.72454,20741.72454,0,20772,1992,3.576824665
1993,0,20677.5612,17023,-64.1633386,-3718.724538,-0.5298295666,-30.70741413,-3654.5612,-30.17758457,4.617005944,76.58657239,1.165991903,8.90669348,0,0,20741.72454,20741.72454,0,20772,1993,3.579041719
1994,0,20675.25975,16328,-66.4647883,-4413.724538,-0.5488338161,-36.44638528,-4347.25975,-35.89755146,3.308484558,88.50263809,0.9574468085,9.584014793,0,0,20741.72454,20741.72454,0,20772,1994,3.580706835
1995,0,20677.15396,16249,-64.57058269,-4492.724538,-0.5331923897,-37.09872876,-4428.153956,-36.56553637,4.034691273,86.76380308,22.5,32.18413424,0,0,20741.72454,20741.72454,0,20772,1995,3.582483768
1996,0,20683.46178,20749,-58.26275671,7.275461509,-0.4811054383,0.06007721391,65.53821822,0.5411826522,4.558897728,4.558897728,0.06472261735,0.08619518174,0,0,20741.72454,20741.72454,0,20772,1996,3.584032297
1997,0,20741.72454,16853,-3.637978807e-12,-3888.724538,-3.004065525e-14,-32.11119125,-3888.724538,-32.11119125,1.581475245,84.8082869,0.7663817664,8.035401072,0,0,20741.72454,20741.72454,0,20772,1997,3.585967779
1998,0,20670.6061,16596,-71.11844296,-4145.724538,-0.5872614274,-34.23337194,-4074.606096,-33.64611052,4.714584995,90.5646953,1.666666667,10.05651841,0,0,20741.72454,20741.72454,0,20772,1998,3.587611437
1999,0,20675.33854,16410,-66.38599988,-4331.724538,-0.5481832197,-35.76926926,-4265.338539,-35.22108604,4.106543375,88.59172873,0.8123620309,9.952752778,0,0,20741.72454,20741.72454,0,20772,1999,3.58948946
