it,alpha,cz_lp,cz_round,d_lp,d_round,d_lp_n,d_round_n,delta,delta_n,frac,dist,viol_max,viol_sum,feas,improving,ub,ub_eff,ub_free,z_best,stall,t
0,0,-39641692.45,-36395502.02,-5137255.898,-1891065.462,-0.5,-0.1840540456,3246190.435,0.3159459544,575.7270608,575.7270608,4.993151515,12.17512121,0,0,-34504436.55,0,1,0,0,0.000718832016
1,0,-31419921.52,-30552405.49,3084515.031,3952031.061,0.3002103742,0.3846441699,867516.0299,0.0844337957,100.485195,100.485195,0.2159393939,1.198535354,0,0,-34504436.55,0,1,0,1,1.018064499
2,0,-29632053.63,-29466063.51,4872382.925,5038373.04,0.4742203836,0.4903759069,165990.1146,0.01615552329,3.589141768,3.589141768,0.01844444444,0.03241414141,0,0,-34504436.55,0,1,0,2,1.282989502
3,0,-29444767.9,-29404323.06,5059668.651,5100113.49,0.4924485709,0.4963849953,40444.83855,0.003936424363,0.8127854954,17.1872145,1,36.08812626,0,0,-34504436.55,0,1,0,3,1.321432829
4,0,-29343834.43,-29340533.49,5160602.122,5163903.068,0.5022722465,0.5025935218,3300.946543,0.0003212752692,0.3135215453,0.3135215453,0.01278787879,0.01278787879,0,0,-34504436.55,0,1,0,4,1.352863789
5,0,-29343834.43,-29400105.74,5160602.122,5104330.811,0.5022722465,0.4967954597,-56271.31099,-0.00547678684,0.3135215453,22.68647845,1,51.19693939,0,0,-34504436.55,0,1,0,5,1.371657133
6,0,-29338833.17,-29350987.66,5165603.382,5153448.891,0.5027590103,0.5015760353,-12154.49071,-0.001182975012,1.06829846,1.06829846,0,0,1,1,-34504436.55,0,1,-29350987.66,0,1.397793531
7,0,-29350987.66,-29401150.28,5153448.891,5103286.274,0.5015760353,0.4966937968,-50162.61708,-0.004882238502,0,23,1,53.22319192,0,0,-34504436.55,0,1,-29350987.66,1,1.417098761
8,0,-29340419.83,-29350930.37,5164016.722,5153506.187,0.5026045835,0.5015816118,-10510.53521,-0.00102297174,0.9238057639,0.9238057639,0,0,1,0,-34504436.55,0,1,-29350987.66,2,1.43565321
9,0,-29350930.37,-29413333.6,5153506.187,5091102.957,0.5015816118,0.4955080162,-62403.22977,-0.006073595613,0,16,1,35.06104545,0,0,-34504436.55,0,1,-29350987.66,3,1.454547644
10,0,-29346384.5,-29352252.08,5158052.054,5152184.479,0.5020240529,0.5014529723,-5867.575099,-0.0005710806718,0.3951165372,0.3951165372,0.009888888889,0.009888888889,0,0,-34504436.55,0,1,-29350987.66,4,1.473036289
11,0,-29345749.13,-29384167.38,5158687.422,5120269.17,0.5020858922,0.4983467119,-38418.25217,-0.003739180307,0.2568542569,17.74314574,1,35.20803535,0,0,-34504436.55,0,1,-29350987.66,5,1.495737076
12,0,-29323093.29,-29327645,5181343.262,5176791.558,0.5042909449,0.5038479356,-4551.704078,-0.0004430092805,0.4545218691,0.4545218691,0,0,1,0,-34504436.55,0,1,-29350987.66,6,1.522506475
13,0,-29327645,-29387975.8,5176791.558,5116460.75,0.5038479356,0.4979760452,-60330.80726,-0.005871890408,0,21,1,42.13136869,0,0,-34504436.55,0,1,-29350987.66,7,1.548974276
14,0,-29332085.13,-29332085.13,5172351.422,5172351.422,0.5034157851,0.5034157851,0,0,0,0,0,0,1,0,-34504436.55,0,1,-29350987.66,8,1.567279339
15,0,-29332085.13,-29392452.18,5172351.422,5111984.377,0.5034157851,0.4975403677,-60367.04527,-0.00587541739,0,10,1,26.08931818,0,0,-34504436.55,0,1,-29350987.66,9,1.585788727
16,0,-29323853.44,-29325690.1,5180583.112,5178746.451,0.5042169609,0.504038202,-1836.660674,-0.000178758924,0.08369408369,0.08369408369,0.003222222222,0.003222222222,0,0,-34504436.55,0,1,-29350987.66,10,1.606626749
17,0,-29323853.44,-29375658.43,5180583.112,5128778.121,0.5042169609,0.499174873,-51804.99158,-0.005042087898,0.08369408369,10.91630592,1,26.04307576,0,0,-34504436.55,0,1,-29350987.66,11,1.62757349
18,0,-29326318.35,-29328901.63,5178118.206,5175534.922,0.503977056,0.5037256295,-2583.284264,-0.0002514264732,0.1376912378,0.1376912378,0,0,1,0,-34504436.55,0,1,-29350987.66,12,1.654200077
19,0,-29328901.63,-29379064.25,5175534.922,5125372.305,0.5037256295,0.498843391,-50162.61708,-0.004882238502,0,23,1,52.22853535,0,0,-34504436.55,0,1,-29350987.66,13,1.675693989
20,0,-29321247.82,-29324461.5,5183188.733,5179975.058,0.5044705613,0.50415778,-3213.675018,-0.0003127812865,0.3333333333,0.3333333333,0,0,1,0,-34504436.55,0,1,-29350987.66,14,1.694172382
21,0,-29324461.5,-29382711.07,5179975.058,5121725.488,0.50415778,0.4984884527,-58249.57011,-0.005669327289,0,24,1,56.20607071,0,0,-34504436.55,0,1,-29350987.66,15,1.712996721
22,0,-29319331.5,-30119928.5,5185105.057,4384508.055,0.5046570738,0.4267363883,-800597.002,-0.07792068547,0.9926470588,720.4963235,1.729444444,2614.652909,0,0,-34504436.55,0,1,-29350987.66,16,1.731641054
23,0,-28289638.96,-28322270.55,6214797.593,6182166.004,0.604875221,0.6016992464,-32631.58887,-0.003175974636,2.52395901,2.52395901,0.03963636364,0.07877777778,0,0,-34504436.55,0,1,-29350987.66,17,1.767616987
24,0,-28296861.28,-28286267.8,6207575.271,6218168.759,0.6041722852,0.6052033306,10593.48785,0.001031045373,0.5551338363,0.5551338363,0,0,1,0,-34504436.55,0,1,-29350987.66,18,1.803447008
25,0,-28286267.8,-28340540,6218168.759,6163896.556,0.6052033306,0.5999211134,-54272.20348,-0.005282217254,0,24,1,66.30410101,0,0,-34504436.55,0,1,-29350987.66,19,1.824411154
26,0,-28289580.94,-28291718.12,6214855.619,6212718.436,0.6048808686,0.6046728604,-2137.182824,-0.0002080082116,1.223048327,1.223048327,0,0,1,0,-34504436.55,0,1,-29350987.66,20,1.842937946
27,0,-28291718.12,-28347682.73,6212718.436,6156753.82,0.6046728604,0.5992259236,-55964.61656,-0.005446936816,0,17,1,45.17482323,0,0,-34504436.55,0,1,-29350987.66,21,1.861772537
28,0,-28286181.49,-28286967.51,6218255.059,6217469.044,0.6052117301,0.6051352286,-786.0155674,-7.650150032e-05,0.4498141264,0.4498141264,0,0,1,0,-34504436.55,0,1,-29350987.66,22,1.880114794
29,0,-28286967.51,-28342398.35,6217469.044,6162038.203,0.6051352286,0.5997402432,-55430.84045,-0.005394985333,0,21,1,51.24334343,0,0,-34504436.55,0,1,-29350987.66,23,1.898733377
30,0,-28289450.93,-28291256.82,6214985.624,6213179.737,0.6048935217,0.6047177579,-1805.887006,-0.0001757637776,1.033457249,1.033457249,0,0,1,0,-34504436.55,0,1,-29350987.66,24,1.917016029
31,0,-28291256.82,-28348812.97,6213179.737,6155623.586,0.6047177579,0.5991159199,-57556.15086,-0.005601838024,0,15,1,42.15634848,0,0,-34504436.55,0,1,-29350987.66,25,1.935647964
32,0,-28286506.21,-28286506.21,6217930.344,6217930.344,0.6051801261,0.6051801261,0,0,0,0,0,0,1,0,-34504436.55,0,1,-29350987.66,26,1.953837633
33,0,-28286506.21,-28334681.61,6217930.344,6169754.941,0.6051801261,0.6004912996,-48175.40287,-0.00468882647,0,28,1,72.38233333,0,0,-34504436.55,0,1,-29350987.66,27,1.972198486
34,0,-28288564.54,-28289857.25,6215872.011,6214579.307,0.6049797921,0.6048539756,-1292.703289,-0.0001258165171,0.7397769517,0.7397769517,0,0,1,0,-34504436.55,0,1,-29350987.66,28,1.992703915
35,0,-28289857.25,-28338578.18,6214579.307,6165858.375,0.6048539756,0.6001120538,-48720.93186,-0.004741921838,0,20,1,47.24971212,0,0,-34504436.55,0,1,-29350987.66,29,2.011588335
36,0,-28283274.53,-28284645.34,6221162.024,6219791.215,0.6054946597,0.6053612413,-1370.809009,-0.0001334184082,0.08344923505,0.08344923505,0.003636363636,0.003636363636,0,0,-34504436.55,0,1,-29350987.66,30,2.030407429
37,0,-28283079.71,-28330326.26,6221356.842,6174110.29,0.605513621,0.600915198,-47246.55116,-0.004598422981,0.08344923505,17.91655076,1,48.13927778,0,0,-34504436.55,0,1,-29350987.66,31,2.051906347
38,0,-28278715.22,-28270634.52,6225721.339,6233802.036,0.6059384098,0.6067248897,8080.696861,0.0007864798855,0.4944751381,0.4944751381,0.0216969697,0.0216969697,0,0,-34504436.55,0,1,-29350987.66,32,2.072867632
39,0,-28278715.22,-28332295.94,6225721.339,6172140.612,0.6059384098,0.6007234927,-53580.72689,-0.005214917064,0.4944751381,28.50552486,1,69.33182323,0,0,-34504436.55,0,1,-29350987.66,33,2.091269732
40,0,-28283794.51,-28284548.05,6220642.04,6219888.504,0.6054440506,0.6053707103,-753.5355853,-7.33402813e-05,0.4312267658,0.4312267658,0,0,1,0,-34504436.55,0,1,-29350987.66,34,2.111683846
41,0,-28284548.05,-28332087.82,6219888.504,6172348.735,0.6053707103,0.600743749,-47539.76856,-0.00462696131,0,30,1,74.3849798,0,0,-34504436.55,0,1,-29350987.66,35,2.130445004
42,0,-28286047.56,-28286976.49,6218388.995,6217460.068,0.6052247658,0.6051343549,-928.9274888,-9.041086401e-05,0.531598513,0.531598513,0,0,1,0,-34504436.55,0,1,-29350987.66,36,2.150906324
43,0,-28286976.49,-28333828.71,6217460.068,6170607.842,0.6051343549,0.6005743109,-46852.22575,-0.004560043988,0,21,1,51.2615404,0,0,-34504436.55,0,1,-29350987.66,37,2.169655561
44,0,-28282371.17,-28282687.18,6222065.38,6221749.375,0.6055825818,0.6055518256,-316.0049052,-3.075619664e-05,0.01933701657,0.01933701657,0.0008484848485,0.0008484848485,0,0,-34504436.55,0,1,-29350987.66,38,2.187972307
45,0,-28282371.17,-28320600.28,6222065.38,6183836.279,0.6055825818,0.6018618112,-38229.10083,-0.003720770543,0.01933701657,29.98066298,1,70.26393434,0,0,-34504436.55,0,1,-29350987.66,39,2.208392143
46,0,-28259194.6,-28267919.55,6245241.958,6236517.004,0.607838317,0.6069891327,-8724.953855,-0.0008491842755,0.9870627985,0.9870627985,0.02006060606,0.02006060606,0,0,-34504436.55,0,1,-29350987.66,40,2.228902102
47,0,-28261443.58,-28310888.62,6242992.973,6193547.937,0.6076194273,0.6028070297,-49445.03651,-0.004812397659,0.4571823204,12.54281768,1,36.12515657,0,0,-34504436.55,0,1,-29350987.66,41,2.247668028
48,0,-28248592.74,-28249003.98,6255843.814,6255432.571,0.6088701768,0.6088301513,-411.2427027,-4.002552247e-05,0.02503477051,0.02503477051,0.001090909091,0.001090909091,0,0,-34504436.55,0,1,-29350987.66,42,2.268452883
49,0,-28248592.74,-28285537.41,6255843.814,6218899.143,0.6088701768,0.6052744176,-36944.67093,-0.00359575926,0.02503477051,29.97496523,1,65.24542424,0,0,-34504436.55,0,1,-29350987.66,43,2.2893641
50,0,-28218946.09,-28236680.34,6285490.469,6267756.212,0.6117556331,0.6100295894,-17734.25649,-0.001726043713,3.063423653,3.063423653,0.01975757576,0.01975757576,0,0,-34504436.55,0,1,-29350987.66,44,2.310540199
51,0,-28230037.13,-28280128.78,6274399.423,6224307.776,0.6106761613,0.6058008303,-50091.64625,-0.004875331038,0.4502762431,13.54972376,1,38.04451515,0,0,-34504436.55,0,1,-29350987.66,45,2.329249144
52,0,-28217176.1,-28217176.1,6287260.453,6287260.453,0.6119279025,0.6119279025,0,0,0,0,0,0,1,0,-34504436.55,0,1,-29350987.66,46,2.349515676
53,0,-28217176.1,-28268507.64,6287260.453,6235928.915,0.6119279025,0.6069318951,-51331.53781,-0.004996007482,0,29,1,68.28607071,0,0,-34504436.55,0,1,-29350987.66,47,2.367900848
54,0,-28211814.48,-28222574.1,6292622.075,6281862.458,0.6124497397,0.6114025253,-10759.61662,-0.001047214391,2.535059761,2.535059761,0,0,1,0,-34504436.55,0,1,-29350987.66,48,2.386220455
55,0,-28222574.1,-28280776.17,6281862.458,6223660.389,0.6114025253,0.6057378212,-58202.06893,-0.005664704084,0,13,1,38.06193434,0,0,-34504436.55,0,1,-29350987.66,49,2.404930592
56,0,-28217823.49,-28217823.49,6286613.066,6286613.066,0.6118648935,0.6118648935,0,0,0,0,0,0,1,0,-34504436.55,0,1,-29350987.66,50,2.423148632
57,0,-28217823.49,-28270078.12,6286613.066,6234358.438,0.6118648935,0.6067790433,-52254.6277,-0.005085850183,0,27,1,68.24413636,0,0,-34504436.55,0,1,-29350987.66,51,2.441494465
58,0,-28211195.16,-28224144.57,6293241.399,6280291.981,0.6125100174,0.6112496736,-12949.41758,-0.001260343833,3.050996016,3.050996016,0,0,1,0,-34504436.55,0,1,-29350987.66,52,2.459760666
59,0,-28224144.57,-28280912.3,6280291.981,6223524.252,0.6112496736,0.6057245712,-56767.72925,-0.005525102349,0,16,1,41.07253535,0,0,-34504436.55,0,1,-29350987.66,53,2.478438616
60,0,-28219087.9,-28219087.9,6285348.653,6285348.653,0.6117418304,0.6117418304,0,0,0,0,0,0,1,0,-34504436.55,0,1,-29350987.66,54,2.496639967
61,0,-28219087.9,-28266595.84,6285348.653,6237840.715,0.6117418304,0.6071179672,-47507.93788,-0.004623863286,0,29,1,68.293,0,0,-34504436.55,0,1,-29350987.66,55,2.514977455
62,0,-28210908.8,-28220662.3,6293527.75,6283774.258,0.6125378875,0.6115885974,-9753.491851,-0.0009492900534,2.298007968,2.298007968,0,0,1,0,-34504436.55,0,1,-29350987.66,56,2.533238888
63,0,-28220662.3,-28262803.58,6283774.258,6241632.974,0.6115885974,0.607487061,-42141.28424,-0.004101536411,0,27,1,68.29645455,0,0,-34504436.55,0,1,-29350987.66,57,2.551953793
64,0,-28209093.28,-28216870.04,6295343.27,6287566.517,0.6127145888,0.6119576912,-7776.752605,-0.0007568975304,1.832270916,1.832270916,0,0,1,0,-34504436.55,0,1,-29350987.66,58,2.57021904
65,0,-28216870.04,-28282486.7,6287566.517,6221949.857,0.6119576912,0.6055713382,-65616.65993,-0.006386353068,0,18,1,41.09359596,0,0,-34504436.55,0,1,-29350987.66,59,2.58893466
66,0,-28220662.3,-30828842.19,6283774.258,3675594.361,0.6115885974,0.3577390764,-2608179.897,-0.253849521,0,723,1.390333333,2669.620152,0,0,-34504436.55,0,1,-29350987.66,60,2.607319832
67,0,-27623598.7,-27600393.37,6880837.859,6904043.189,0.6696997381,0.6719582717,23205.33051,0.002258533639,1.190555536,1.190555536,0.01488888889,0.01922222222,0,0,-34504436.55,0,1,-29350987.66,61,2.66197443
68,0,-27588752.01,-27520928.63,6915684.541,6983507.924,0.6730913038,0.6796924334,67823.3831,0.006601129518,0.4806445114,20.51935549,1,27.16857071,0,0,-34504436.55,0,1,-29350987.66,62,2.703069687
69,0,-27541558.78,-27543892.62,6962877.775,6960543.936,0.6776845375,0.6774573892,-2333.838563,-0.0002271483657,0.5873583781,0.5873583781,0,0,1,0,-34504436.55,0,1,-29350987.66,63,2.725822449
70,0,-27543892.62,-27591798.68,6960543.936,6912637.87,0.6774573892,0.6727947767,-47906.0663,-0.004662612419,0,23,1,55.2865404,0,0,-34504436.55,0,1,-29350987.66,64,2.744573116
71,0,-27540076.47,-27540680.66,6964360.089,6963755.897,0.6778288085,0.6777700036,-604.1917092,-5.880490686e-05,0.1520572451,0.1520572451,0,0,1,0,-34504436.55,0,1,-29350987.66,65,2.762774944
72,0,-27540680.66,-27609077.85,6963755.897,6895358.704,0.6777700036,0.6711130262,-68397.19277,-0.006656977395,0,10,1,28.02963636,0,0,-34504436.55,0,1,-29350987.66,66,2.78138113
73,0,-27544623,-27544695.73,6959813.554,6959740.823,0.6773863024,0.6773792236,-72.73075658,-7.078755471e-06,0.0134529148,0.0134529148,0.0003333333333,0.0003333333333,0,0,-34504436.55,0,1,-29350987.66,67,2.79971981
74,0,-27544453.21,-27572967.65,6959983.349,6931468.903,0.6774028282,0.6746275678,-28514.44586,-0.002775260414,0.008379888268,12.99162011,1,33.19085354,0,0,-34504436.55,0,1,-29350987.66,68,2.821426392
75,0,-27518052.04,-27529711.31,6986384.517,6974725.241,0.6799724071,0.6788376304,-11659.27609,-0.001134776651,0.8029325446,0.8029325446,0,0,1,0,-34504436.55,0,1,-29350987.66,69,2.843873739
76,0,-27529711.31,-27580445.9,6974725.241,6923990.651,0.6788376304,0.6738997228,-50734.59002,-0.004937907613,0,30,1,66.33111616,0,0,-34504436.55,0,1,-29350987.66,70,2.864744902
77,0,-27530813.85,-27534427.15,6973622.706,6970009.403,0.6787303226,0.6783786462,-3613.303359,-0.0003516764038,0.9093619559,0.9093619559,0,0,1,0,-34504436.55,0,1,-29350987.66,71,2.882964134
78,0,-27534427.15,-27589952.99,6970009.403,6914483.56,0.6783786462,0.6729744145,-55525.8428,-0.005404231744,0,19,1,43.18330808,0,0,-34504436.55,0,1,-29350987.66,72,2.901525974
79,0,-27529331.53,-27531215.19,6975105.02,6973221.364,0.6788745936,0.6786912607,-1883.656505,-0.0001833329449,0.4740608229,0.4740608229,0,0,1,0,-34504436.55,0,1,-29350987.66,73,2.919705868
80,0,-27531215.19,-27597843.09,6973221.364,6906593.467,0.6786912607,0.6722064858,-66627.89634,-0.006484774913,0,14,1,38.09831818,0,0,-34504436.55,0,1,-29350987.66,74,2.938307047
81,0,-27533812.01,-27535230.26,6970624.54,6969206.29,0.6784385164,0.6783004807,-1418.249753,-0.0001380357317,0.2623318386,0.2623318386,0.0065,0.0065,0,0,-34504436.55,0,1,-29350987.66,75,2.956438065
82,0,-27532313.85,-27502592.06,6972122.705,7001844.496,0.6785843302,0.6814770993,29721.79105,0.002892769179,0.1622746186,10.83772538,1,12.16023232,0,0,-34504436.55,0,1,-29350987.66,76,2.977874279
83,0,-27516988.47,-27513243.1,6987448.082,6991193.459,0.6800759219,0.6804404528,3745.376733,0.0003645308709,0.7779672186,0.7779672186,0.03406060606,0.03406060606,0,0,-34504436.55,0,1,-29350987.66,77,2.999313354
84,0,-27516988.47,-27513108.99,6987448.082,6991327.567,0.6800759219,0.6804535053,3879.484791,0.0003775833702,0.7779672186,11.22203278,1,13.028,0,0,-34504436.55,0,1,-29350987.66,78,3.019993782
85,0,-27526050.53,-27524915.72,6978386.026,6979520.831,0.6791939281,0.6793043766,1134.804505,0.0001104485087,0.9004533855,0.9004533855,0.028,0.0345,0,0,-34504436.55,0,1,-29350987.66,79,3.04096508
86,0,-27524552.36,-27483692.58,6979884.191,7020743.977,0.6793397419,0.6833165523,40859.78577,0.003976810439,0.8003961655,14.19960383,1,19.23972727,0,0,-34504436.55,0,1,-29350987.66,80,3.06209445
87,0,-27469118.12,-27502928.56,7035318.431,7001507.999,0.684735058,0.6814443487,-33810.43152,-0.0032907093,0.9019337017,0.9019337017,0.028,0.028,0,0,-34504436.55,0,1,-29350987.66,81,3.084062576
88,0,-27486185.33,-27426098.06,7018251.225,7078338.499,0.6830739371,0.6889221249,60087.27448,0.005848187795,0.9019337017,24.0980663,1,38.33289899,0,0,-34504436.55,0,1,-29350987.66,82,3.104648113
89,0,-27435378.91,-27439027.75,7069057.648,7065408.804,0.6880188362,0.6876637007,-3648.844047,-0.0003551355159,0.9183064997,0.9183064997,0,0,1,0,-34504436.55,0,1,-29350987.66,83,3.126649141
90,0,-27439027.75,-27480043.7,7065408.804,7024392.857,0.6876637007,0.6836716913,-41015.94706,-0.003992009341,0,28,1,65.37643939,0,0,-34504436.55,0,1,-29350987.66,84,3.14527607
91,0,-27433575.82,-27433954.92,7070860.737,7070481.636,0.6881943276,0.6881574304,-379.1006803,-3.689719646e-05,0.0954084675,0.0954084675,0,0,1,0,-34504436.55,0,1,-29350987.66,85,3.163382769
92,0,-27433954.92,-27500922.67,7070481.636,7003513.886,0.6881574304,0.6816395781,-66967.75012,-0.006517852279,0,13,1,35.09731818,0,0,-34504436.55,0,1,-29350987.66,86,3.181968212
93,0,-27437969.99,-27437969.99,7066466.562,7066466.562,0.6877666504,0.6877666504,0,0,0,0,0,0,1,0,-34504436.55,0,1,-29350987.66,87,3.200046539
94,0,-27437969.99,-27479240.58,7066466.562,7025195.97,0.6877666504,0.6837498568,-41270.59255,-0.004016793534,0,27,1,65.38986364,0,0,-34504436.55,0,1,-29350987.66,88,3.218316078
95,0,-27432538.03,-27433151.81,7071898.52,7071284.749,0.6882953332,0.6882355959,-613.7717935,-5.973731946e-05,0.04155124654,0.04155124654,0.001818181818,0.001818181818,0,0,-34504436.55,0,1,-29350987.66,89,3.236887217
96,0,-27432538.03,-27481137.16,7071898.52,7023299.394,0.6882953332,0.6835652666,-48599.12586,-0.004730066676,0.04155124654,17.95844875,1,44.12905051,0,0,-34504436.55,0,1,-29350987.66,90,3.257502079
97,0,-27429271.81,-27441369.1,7075164.749,7063067.454,0.6886132294,0.6874358213,-12097.29423,-0.00117740818,1.938880598,1.938880598,0,0,1,0,-34504436.55,0,1,-29350987.66,91,3.278482199
98,0,-27441369.1,-27499675.48,7063067.454,7004761.079,0.6874358213,0.6817609652,-58306.37564,-0.005674856071,0,17,1,41.18819192,0,0,-34504436.55,0,1,-29350987.66,92,3.299671173
99,0,-27437801.73,-27438157.14,7066634.822,7066279.416,0.6877830269,0.6877484357,-355.4068877,-3.459112168e-05,0.08944543828,0.08944543828,0,0,1,0,-34504436.55,0,1,-29350987.66,93,3.317830324
100,0,-27438157.14,-27489605.72,7066279.416,7014830.839,0.6877484357,0.6827410371,-51448.57679,-0.005007398679,0,30,1,66.32480808,0,0,-34504436.55,0,1,-29350987.66,94,3.336409807
101,0,-27439641.95,-27443586.96,7064794.607,7060849.59,0.6876039219,0.6872199605,-3945.016454,-0.0003839614507,0.9928443649,0.9928443649,0,0,1,0,-34504436.55,0,1,-29350987.66,95,3.354541302
102,0,-27443586.96,-27501878.65,7060849.59,7002557.906,0.6872199605,0.6815465343,-58291.68455,-0.005673426214,0,15,1,40.16112626,0,0,-34504436.55,0,1,-29350987.66,96,3.373133183
103,0,-27439571.89,-27439571.89,7064864.664,7064864.664,0.6876107405,0.6876107405,0,0,0,0,0,0,1,0,-34504436.55,0,1,-29350987.66,97,3.391254425
104,0,-27439571.89,-27507298.19,7064864.664,6997138.364,0.6876107405,0.6810190599,-67726.29985,-0.006591680578,0,11,1,30.0454899,0,0,-34504436.55,0,1,-29350987.66,98,3.40947032
105,0,-27443586.96,-29934457.92,7060849.59,4569978.632,0.6872199605,0.4447879104,-2490870.958,-0.2424320501,0,726,1.589222222,2483.094071,0,0,-34504436.55,0,1,-29350987.66,99,3.427704811
106,0,-26634557.85,-26590847.13,7869878.7,7913589.425,0.765961328,0.7702156154,43710.72545,0.004254287339,2.676826957,2.676826957,0.03727272727,0.06614141414,0,0,-34504436.55,0,1,-29350987.66,100,3.482469082
107,0,-26580490.32,-26575523.88,7923946.235,7928912.673,0.7712236253,0.7717069999,4966.437841,0.0004833745816,1.108899966,1.108899966,0.02757575758,0.05644444444,0,0,-34504436.55,0,1,-29350987.66,101,3.537323475
108,0,-26570280.15,-26559335.36,7934156.404,7945101.198,0.7722173629,0.7732826003,10944.79405,0.001065237383,0.8505199711,0.8505199711,0.01911111111,0.02886868687,0,0,-34504436.55,0,1,-29350987.66,102,3.557359934
109,0,-26564265.35,-26532440.03,7940171.202,7971996.523,0.7728027725,0.7759002745,31825.32118,0.003097502033,0.4789730097,26.52102699,1,59.46187374,0,0,-34504436.55,0,1,-29350987.66,103,3.575582981
110,0,-26569244.71,-26577954.97,7935191.84,7926481.58,0.77231814,0.7714703859,-8710.259737,-0.0008477541231,0.6066783583,0.6066783583,0.006,0.006,0,0,-34504436.55,0,1,-29350987.66,104,3.59689188
111,0,-26576283.37,-26617554.02,7928153.182,7886882.532,0.7716330799,0.7676162808,-41270.64968,-0.004016799094,0.1367403315,27.86325967,1,74.27400505,0,0,-34504436.55,0,1,-29350987.66,105,3.617539883
112,0,-26576889.87,-26580801.06,7927546.685,7923635.494,0.7715740507,0.7711933814,-3911.190952,-0.0003806692746,0.3715469613,0.3715469613,0,0,1,0,-34504436.55,0,1,-29350987.66,106,3.638104439
113,0,-26580801.06,-26637982.1,7923635.494,7866454.456,0.7711933814,0.7656280524,-57181.03847,-0.005565329001,0,16,1,50.19523232,0,0,-34504436.55,0,1,-29350987.66,107,3.65643096
114,0,-26574817.67,-26576257.11,7929618.882,7928179.447,0.7717757339,0.7716356363,-1439.434588,-0.0001400976141,0.1367403315,0.1367403315,0.006,0.006,0,0,-34504436.55,0,1,-29350987.66,108,3.67455864
115,0,-26574817.67,-26630627.13,7929618.882,7873809.424,0.7717757339,0.7663438985,-55809.45715,-0.005431835426,0.1367403315,13.86325967,1,40.06488889,0,0,-34504436.55,0,1,-29350987.66,109,3.694725037
116,0,-26576889.87,-28370237.65,7927546.685,6134198.901,0.7715740507,0.5970306934,-1793347.784,-0.1745433573,0.3715469613,751.628453,1,2583.372465,0,0,-34504436.55,0,1,-29350987.66,110,3.71484971
117,0,-25666642.48,-25682947.82,8837794.075,8821488.739,0.8601668139,0.8585798444,-16305.33593,-0.001586969411,2.88404203,2.88404203,0.01461111111,0.01461111111,0,0,-34504436.55,0,1,-29350987.66,111,3.755358934
118,0,-25675633.73,-25718436.17,8828802.824,8786000.386,0.8592917114,0.855125826,-42802.43862,-0.004165885394,0.3907875186,22.60921248,1,72.22626263,0,0,-34504436.55,0,1,-29350987.66,112,3.80096674
119,0,-25668453.27,-25668453.27,8835983.282,8835983.282,0.8599905726,0.8599905726,0,0,0,0,0,0,1,0,-34504436.55,0,1,-29350987.66,113,3.828648567
120,0,-25668453.27,-25728149.42,8835983.282,8776287.13,0.8599905726,0.854180452,-59696.15236,-0.005810120572,0,11,1,40.07204545,0,0,-34504436.55,0,1,-29350987.66,114,3.846882343
121,0,-25664231.54,-25664231.54,8840205.01,8840205.01,0.8604014659,0.8604014659,0,0,0,0,0,0,1,0,-34504436.55,0,1,-29350987.66,115,3.864984989
122,0,-25664231.54,-25731272.75,8840205.01,8773163.805,0.8604014659,0.8538764643,-67041.20555,-0.006525001565,0,14,1,51.10171717,0,0,-34504436.55,0,1,-29350987.66,116,3.883121252
123,0,-25668453.27,-28972498.32,8835983.282,5531938.239,0.8599905726,0.5384137319,-3304045.043,-0.3215768407,0,697,1.324333333,2400.878561,0,0,-34504436.55,0,1,-29350987.66,117,3.901316404
124,0,-25272604.03,-25264086.92,9231832.529,9240349.634,0.8985178773,0.899346832,8517.105123,0.0008289547272,0.7687902649,0.7687902649,0.03254545455,0.03254545455,0,0,-34504436.55,0,1,-29350987.66,118,3.93558526
125,0,-25271737.35,-25274401.46,9232699.208,9230035.093,0.8986022296,0.8983429361,-2664.114823,-0.000259293568,0.2582872928,0.2582872928,0,0,1,0,-34504436.55,0,1,-29350987.66,119,3.963667154
126,0,-25274401.46,-25334032.97,9230035.093,9170403.582,0.8983429361,0.8925391069,-59631.51158,-0.0058038292,0,10,1,38.02515152,0,0,-34504436.55,0,1,-29350987.66,120,3.983865499
127,0,-25270018.62,-25270018.62,9234417.934,9234417.934,0.8987695102,0.8987695102,0,0,0,0,0,0,1,0,-34504436.55,0,1,-29350987.66,121,4.001888514
128,0,-25270018.62,-25323555.29,9234417.934,9180881.264,0.8987695102,0.8935588811,-53536.66978,-0.005210629064,0,24,1,85.22949495,0,0,-34504436.55,0,1,-29350987.66,122,4.020040035
129,0,-25274401.46,-29191260.04,9230035.093,5313176.519,0.8983429361,0.5171220418,-3916858.575,-0.3812208942,0,665,1.406055556,2397.888207,0,0,-34504436.55,0,1,-29350987.66,123,4.038230658
130,0,-24236172.69,-24103100.33,10268263.87,10401336.23,0.9993919,1.012343597,133072.3601,0.01295169666,5.522174446,5.522174446,0.1697777778,0.3326868687,0,0,-34504436.55,0,1,-29350987.66,124,4.084901571
131,0,-23954359.56,-23954285.75,10550077,10550150.8,1.026820272,1.026827456,73.80843848,7.183644337e-06,0.9145035341,0.9145035341,0.01721212121,0.03905050505,0,0,-34504436.55,0,1,-29350987.66,125,4.124470234
132,0,-23954359.56,-24000845.74,10550077,10503590.82,1.026820272,1.022295855,-46486.17696,-0.004524417109,0.9145035341,23.08549647,1,66.02438889,0,0,-34504436.55,0,1,-29350987.66,126,4.140732527
133,0,-23941017.36,-23941017.36,10563419.19,10563419.19,1.028118844,1.028118844,0,0,0,0,0,0,1,0,-34504436.55,0,1,-29350987.66,127,4.16242528
134,0,-23941017.36,-23995166.16,10563419.19,10509270.39,1.028118844,1.022848638,-54148.79836,-0.005270206452,0,25,1,82.16122222,0,0,-34504436.55,0,1,-29350987.66,128,4.180685043
135,0,-23942698.02,-23942698.02,10561738.53,10561738.53,1.027955268,1.027955268,0,0,0,0,0,0,1,0,-34504436.55,0,1,-29350987.66,129,4.198818684
136,0,-23942698.02,-24009797.5,10561738.53,10494639.05,1.027955268,1.021424595,-67099.48019,-0.006530673333,0,12,1,39,0,0,-34504436.55,0,1,-29350987.66,130,4.217011929
137,0,-23941820.48,-23941820.48,10562616.08,10562616.08,1.028040679,1.028040679,0,0,0,0,0,0,1,0,-34504436.55,0,1,-29350987.66,131,4.235022783
138,0,-23941820.48,-24009108.98,10562616.08,10495327.57,1.028040679,1.021491608,-67288.5055,-0.00654907083,0,16,1,53,0,0,-34504436.55,0,1,-29350987.66,132,4.253145933
139,0,-23942698.02,-29067829.16,10561738.53,5436607.396,1.027955268,0.5291353501,-5125131.135,-0.4988199183,0,694,1.194277778,2553.350561,0,0,-34504436.55,0,1,-29350987.66,133,4.271327972
140,0,-24249470.31,-24413746.95,10254966.24,10090689.6,0.9980976661,0.9821089119,-164276.6436,-0.0159887542,5.703299753,5.703299753,0.1785454545,0.3046010101,0,0,-34504436.55,0,1,-29350987.66,134,4.326281786
141,0,-24305552.29,-24312633.85,10198884.27,10191802.71,0.992639307,0.9919500714,-7081.559717,-0.0006892356404,0.4806629834,0.4806629834,0.01563636364,0.01866666667,0,0,-34504436.55,0,1,-29350987.66,135,4.359112501
142,0,-24304703.35,-24222453.83,10199733.2,10281982.73,0.9927219325,1.000727133,82249.5232,0.008005200134,0.4806629834,12.51933702,1,17.05406061,0,0,-34504436.55,0,1,-29350987.66,136,4.379915953
143,0,-24229085.84,-24238604.72,10275350.71,10265831.84,1.00008165,0.9991551951,-9518.8728,-0.0009264549974,0.3301104972,0.3301104972,0.00303030303,0.00303030303,0,0,-34504436.55,0,1,-29350987.66,137,4.401456118
144,0,-24232256.2,-24214290.34,10272180.36,10290146.21,0.9997730853,1.00152167,17965.85391,0.001748584678,0.06906077348,15.93093923,1,54.03012121,0,0,-34504436.55,0,1,-29350987.66,138,4.419643402
145,0,-24145703.63,-24145703.63,10358732.92,10358732.92,1.008197093,1.008197093,0,0,0,0,0,0,1,0,-34504436.55,0,1,-29350987.66,139,4.439644575
146,0,-24145703.63,-24196980.82,10358732.92,10307455.74,1.008197093,1.003206376,-51277.18079,-0.00499071701,0,28,1,86.28767677,0,0,-34504436.55,0,1,-29350987.66,140,4.457828522
147,0,-24145413.73,-24145413.73,10359022.82,10359022.82,1.008225308,1.008225308,0,0,0,0,0,0,1,0,-34504436.55,0,1,-29350987.66,141,4.477868795
148,0,-24145413.73,-24196983.75,10359022.82,10307452.8,1.008225308,1.00320609,-51570.0231,-0.005019218832,0,30,1,88.2690404,0,0,-34504436.55,0,1,-29350987.66,142,4.496086836
149,0,-24145703.63,-28320516.24,10358732.92,6183920.313,1.008197093,0.6018699901,-4174812.607,-0.4063271024,0,668,1.081333333,2211.679172,0,0,-34504436.55,0,1,-29350987.66,143,4.514429808
150,0,-24184519.66,-24206502.11,10319916.9,10297934.44,1.004419198,1.002279685,-21982.45657,-0.002139513488,1.662422431,1.662422431,0.04339393939,0.04339393939,0,0,-34504436.55,0,1,-29350987.66,144,4.55967164
151,0,-24197854.13,-24190056.04,10306582.42,10314380.51,1.003121377,1.003880351,7798.090475,0.0007589743075,0.4447513812,0.4447513812,0.01,0.01,0,0,-34504436.55,0,1,-29350987.66,145,4.595423698
152,0,-24172215.71,-24164545.6,10332220.84,10339890.96,1.005616719,1.006363238,7670.114152,0.0007465185991,0.2279005525,23.77209945,1,60.16085354,0,0,-34504436.55,0,1,-29350987.66,146,4.614238024
153,0,-24110339.01,-24110339.01,10394097.54,10394097.54,1.011639068,1.011639068,0,0,0,0,0,0,1,0,-34504436.55,0,1,-29350987.66,147,4.634261608
154,0,-24110339.01,-24180553,10394097.54,10323883.55,1.011639068,1.004805265,-70213.99038,-0.006833803082,0,12,1,39.00763636,0,0,-34504436.55,0,1,-29350987.66,148,4.652452469
155,0,-24111313.52,-24111313.52,10393123.03,10393123.03,1.011544221,1.011544221,0,0,0,0,0,0,1,0,-34504436.55,0,1,-29350987.66,149,4.670474291
156,0,-24111313.52,-24159918.88,10393123.03,10344517.67,1.011544221,1.006813548,-48605.36199,-0.004730673627,0,28,1,78.25767172,0,0,-34504436.55,0,1,-29350987.66,150,4.688613892
157,0,-24110800.31,-24110800.31,10393636.24,10393636.24,1.011594171,1.011594171,0,0,0,0,0,0,1,0,-34504436.55,0,1,-29350987.66,151,4.706659555
158,0,-24110800.31,-24181014.3,10393636.24,10323422.25,1.011594171,1.004760368,-70213.99038,-0.006833803082,0,12,1,39.00454545,0,0,-34504436.55,0,1,-29350987.66,152,4.724863291
159,0,-24111774.82,-24111774.82,10392661.73,10392661.73,1.011499324,1.011499324,0,0,0,0,0,0,1,0,-34504436.55,0,1,-29350987.66,153,4.742980003
160,0,-24111774.82,-24170426.93,10392661.73,10334009.63,1.011499324,1.005790818,-58652.10586,-0.00570850538,0,20,1,55.0965101,0,0,-34504436.55,0,1,-29350987.66,154,4.761347294
161,0,-24110339.01,-27524087.65,10394097.54,6980348.9,1.011639068,0.6793849711,-3413748.643,-0.3322540974,0,716,1.110111111,2363.610081,0,0,-34504436.55,0,1,-29350987.66,155,4.779810905
162,0,-22993232.43,-22946699.39,11511204.12,11557737.16,1.120365069,1.124894048,46533.04407,0.004528978602,0.6452513966,0.6452513966,0.00496969697,0.00496969697,0,0,-34504436.55,0,1,-29350987.66,156,4.813094139
163,0,-22948923.48,-23030078.55,11555513.07,11474358,1.124677581,1.116778902,-81155.07236,-0.007898679176,0.1132596685,22.88674033,1,68.07028788,0,0,-34504436.55,0,1,-29350987.66,157,4.843671322
164,0,-22970719.32,-22970719.32,11533717.24,11533717.24,1.122556231,1.122556231,0,0,0,0,0,0,1,0,-34504436.55,0,1,-29350987.66,158,4.864326715
165,0,-22970719.32,-23028581.53,11533717.24,11475855.02,1.122556231,1.116924604,-57862.21515,-0.005631626718,0,14,1,52.03715152,0,0,-34504436.55,0,1,-29350987.66,159,4.882540464
166,0,-22966336.48,-22966336.48,11538100.08,11538100.08,1.122982805,1.122982805,0,0,0,0,0,0,1,0,-34504436.55,0,1,-29350987.66,160,4.900588989
167,0,-22966336.48,-23030641.71,11538100.08,11473794.84,1.122982805,1.116724091,-64305.23567,-0.006258714472,0,21,1,64.04722727,0,0,-34504436.55,0,1,-29350987.66,161,4.918807268
168,0,-22970719.32,-26363109.78,11533717.24,8141326.774,1.122556231,0.7923808873,-3392390.465,-0.3301753439,0,661,1.003555556,2346.063323,0,0,-34504436.55,0,1,-29350987.66,162,4.937011719
169,0,-22963835.68,-22965294.26,11540600.88,11539142.3,1.123226203,1.123084242,-1458.580244,-0.0001419610268,2.552449724,2.552449724,0.007888888889,0.009585858586,0,0,-34504436.55,0,1,-29350987.66,163,4.980584145
170,0,-22961549.07,-22992107.44,11542887.48,11512329.11,1.123448755,1.120474563,-30558.36884,-0.002974191811,0.2496695755,15.75033042,1,48.04214141,0,0,-34504436.55,0,1,-29350987.66,164,5.035670042
171,0,-22928364.52,-22928364.52,11576072.04,11576072.04,1.126678549,1.126678549,0,0,0,0,0,0,1,0,-34504436.55,0,1,-29350987.66,165,5.062540531
172,0,-22928364.52,-22998276.85,11576072.04,11506159.7,1.126678549,1.119874105,-69912.33342,-0.006804443346,0,18,1,60.01406061,0,0,-34504436.55,0,1,-29350987.66,166,5.080586433
173,0,-22934304.61,-22934304.61,11570131.94,11570131.94,1.12610041,1.12610041,0,0,0,0,0,0,1,0,-34504436.55,0,1,-29350987.66,167,5.098522425
174,0,-22934304.61,-22987762.93,11570131.94,11516673.62,1.12610041,1.120897406,-53458.31733,-0.005203003159,0,24,1,83.15112121,0,0,-34504436.55,0,1,-29350987.66,168,5.116588116
175,0,-22928364.52,-27262445.06,11576072.04,7241991.491,1.126678549,0.7048501802,-4334080.546,-0.4218283683,0,727,1.522666667,2522.980424,0,0,-34504436.55,0,1,-29350987.66,169,5.134794712
176,0,-22829788.39,-22819967.69,11674648.16,11684468.86,1.136272788,1.137228619,9820.704546,0.0009558317457,0.5017373176,0.5017373176,0.003757575758,0.003757575758,0,0,-34504436.55,0,1,-29350987.66,170,5.16765213
177,0,-22821180.71,-22897839.47,11683255.84,11606597.09,1.137110558,1.129649497,-76658.75695,-0.007461060775,0.08563535912,17.91436464,1,65.022,0,0,-34504436.55,0,1,-29350987.66,171,5.195995331
178,0,-22829856.19,-22822793.28,11674580.36,11681643.28,1.136266189,1.13695361,7062.914922,0.0006874209755,0.4986187845,0.4986187845,0.003757575758,0.003757575758,0,0,-34504436.55,0,1,-29350987.66,172,5.215964317
179,0,-22824006.3,-22896108.37,11680430.26,11608328.19,1.136835549,1.129817982,-72102.07183,-0.0070175667,0.08563535912,15.91436464,1,59.022,0,0,-34504436.55,0,1,-29350987.66,173,5.23609519
180,0,-22827030.6,-26171836.21,11677405.95,8332600.343,1.136541198,0.8109972044,-3344805.607,-0.3255439941,0.4986187845,703.4986188,1.452277778,2423.813672,0,0,-34504436.55,0,1,-29350987.66,174,5.256204367
181,0,-22839399.93,-22842897.65,11665036.62,11661538.91,1.135337314,1.134996887,-3497.714367,-0.0003404263323,0.33387224,0.33387224,0.01339393939,0.01412121212,0,0,-34504436.55,0,1,-29350987.66,175,5.290272236
182,0,-22837630.65,-22865329.44,11666805.91,11639107.11,1.135509515,1.13281364,-27698.79696,-0.002695874754,0.3218232044,26.6781768,1,86.25129293,0,0,-34504436.55,0,1,-29350987.66,176,5.318949461
183,0,-22810651.77,-22810651.77,11693784.79,11693784.79,1.138135322,1.138135322,0,0,0,0,0,0,1,0,-34504436.55,0,1,-29350987.66,177,5.339209795
184,0,-22810651.77,-22868513.98,11693784.79,11635922.57,1.138135322,1.132503695,-57862.21515,-0.005631626718,0,14,1,53.14017677,0,0,-34504436.55,0,1,-29350987.66,178,5.357394934
185,0,-22806268.93,-22806268.93,11698167.63,11698167.63,1.138561896,1.138561896,0,0,0,0,0,0,1,0,-34504436.55,0,1,-29350987.66,179,5.375398874
186,0,-22806268.93,-22872896.82,11698167.63,11631539.73,1.138561896,1.132077121,-66627.89634,-0.006484774913,0,14,1,53.11601515,0,0,-34504436.55,0,1,-29350987.66,180,5.393520355
187,0,-22810651.77,-28430138,11693784.79,6074298.557,1.138135322,0.5912006992,-5619486.23,-0.5469346225,0,757,1.084444444,2584.419449,0,0,-34504436.55,0,1,-29350987.66,181,5.411690235
188,0,-23756021.82,-23775975.49,10748414.73,10728461.07,1.046124132,1.044182077,-19953.66328,-0.001942054637,0.6862499698,0.6862499698,0.0007878787879,0.0007878787879,0,0,-34504436.55,0,1,-29350987.66,182,5.445163012
189,0,-23775479.04,-23808732.44,10728957.51,10695704.12,1.044230395,1.040993901,-33253.39834,-0.003236494249,0.01808066759,9.981919332,1,35,0,0,-34504436.55,0,1,-29350987.66,183,5.484499931
190,0,-23726147.7,-23735423.78,10778288.85,10769012.77,1.049031727,1.048128903,-9276.081437,-0.000902824545,0.4723756906,0.4723756906,0.02072727273,0.02072727273,0,0,-34504436.55,0,1,-29350987.66,184,5.505467176
191,0,-23727073,-23784719.62,10777363.56,10719716.93,1.04894167,1.043331026,-57646.62955,-0.005610644155,0.4723756906,24.52762431,1,89.18737374,0,0,-34504436.55,0,1,-29350987.66,185,5.525681257
192,0,-23726676.07,-23729713.85,10777760.49,10774722.71,1.048980302,1.04868464,-3037.781056,-0.0002956618393,0.1546961326,0.1546961326,0.006787878788,0.006787878788,0,0,-34504436.55,0,1,-29350987.66,186,5.545768261
193,0,-23726676.07,-23763260.85,10777760.49,10741175.71,1.048980302,1.045419571,-36584.7801,-0.003560731724,0.1546961326,19.84530387,1,69.22772727,0,0,-34504436.55,0,1,-29350987.66,187,5.566262484
194,0,-23695010.06,-23691334.43,10809426.5,10813102.12,1.052062299,1.05242004,3675.623659,0.000357741928,0.3563535912,0.3563535912,0,0,1,0,-34504436.55,0,1,-29350987.66,188,5.586490631
195,0,-23691334.43,-23757833.54,10813102.12,10746603.02,1.05242004,1.045947801,-66499.10448,-0.006472239831,0,20,1,69.1205303,0,0,-34504436.55,0,1,-29350987.66,189,5.604639053
196,0,-23696221.67,-23696221.67,10808214.89,10808214.89,1.051944375,1.051944375,0,0,0,0,0,0,1,0,-34504436.55,0,1,-29350987.66,190,5.622628689
197,0,-23696221.67,-23752647.59,10808214.89,10751788.97,1.051944375,1.04645254,-56425.91666,-0.005491834335,0,18,1,68.14077273,0,0,-34504436.55,0,1,-29350987.66,191,5.640765905
198,0,-23687793.88,-23687793.88,10816642.67,10816642.67,1.052764636,1.052764636,0,0,0,0,0,0,1,0,-34504436.55,0,1,-29350987.66,192,5.658761978
199,0,-23687793.88,-23750404.75,10816642.67,10754031.81,1.052764636,1.046670832,-62610.86378,-0.006093804263,0,28,1,107.2712222,0,0,-34504436.55,0,1,-29350987.66,193,5.676878929
200,0,-23699762.22,-23699762.22,10804674.33,10804674.33,1.051599779,1.051599779,0,0,0,0,0,0,1,0,-34504436.55,0,1,-29350987.66,194,5.69678092
201,0,-23699762.22,-23744533.21,10804674.33,10759903.34,1.051599779,1.047242298,-44770.98859,-0.004357480869,0,24,1,92.25887374,0,0,-34504436.55,0,1,-29350987.66,195,5.714962959
202,0,-23687793.88,-26584470.4,10816642.67,7919966.156,1.052764636,0.7708362512,-2896676.516,-0.2819283848,0,744,1.333555556,2538.106955,0,0,-34504436.55,0,1,-29350987.66,196,5.733175039
203,0,-22755260.02,-22792624.89,11749176.53,11711811.67,1.143526502,1.139889846,-37364.86483,-0.003636655986,2.383807487,2.383807487,0.01872727273,0.04036363636,0,0,-34504436.55,0,1,-29350987.66,197,5.779200315
204,0,-22778971.74,-22742885.2,11725464.81,11761551.35,1.141218682,1.144730921,36086.54071,0.003512238968,0.9198895028,27.0801105,1,84.3174798,0,0,-34504436.55,0,1,-29350987.66,198,5.818669081
205,0,-22771071.03,-22771071.03,11733365.52,11733365.52,1.141987644,1.141987644,0,0,0,0,0,0,1,0,-34504436.55,0,1,-29350987.66,199,5.839345932
206,0,-22771071.03,-22810994.45,11733365.52,11693442.1,1.141987644,1.138101969,-39923.41998,-0.003885675619,0,29,1,110.3736263,0,0,-34504436.55,0,1,-29350987.66,200,5.857609749
207,0,-22767829.2,-22767829.2,11736607.36,11736607.36,1.142303166,1.142303166,0,0,0,0,0,0,1,0,-34504436.55,0,1,-29350987.66,201,5.875674486
208,0,-22767829.2,-22834121.16,11736607.36,11670315.4,1.142303166,1.135851087,-66291.96018,-0.006452078843,0,13,1,56.08776768,0,0,-34504436.55,0,1,-29350987.66,202,5.893933773
209,0,-22771874.14,-22771874.14,11732562.41,11732562.41,1.141909479,1.141909479,0,0,0,0,0,0,1,0,-34504436.55,0,1,-29350987.66,203,5.911990404
210,0,-22771874.14,-22818726.37,11732562.41,11685710.19,1.141909479,1.137349435,-46852.22575,-0.004560043988,0,21,1,78.23094444,0,0,-34504436.55,0,1,-29350987.66,204,5.930116177
211,0,-22766213.68,-22767026.09,11738222.88,11737410.47,1.142460402,1.142381332,-812.4081579,-7.907024431e-05,0.04281767956,0.04281767956,0.001878787879,0.001878787879,0,0,-34504436.55,0,1,-29350987.66,205,5.948213816
212,0,-22766584.44,-22804469.72,11737852.11,11699966.83,1.142424316,1.138737009,-37885.27993,-0.003687307065,0.04281767956,27.95718232,1,98.23264141,0,0,-34504436.55,0,1,-29350987.66,206,5.968468428
213,0,-22761559.6,-22761559.6,11742876.95,11742876.95,1.142913375,1.142913375,0,0,0,0,0,0,1,0,-34504436.55,0,1,-29350987.66,207,5.98887825
214,0,-22761559.6,-22819115.75,11742876.95,11685320.8,1.142913375,1.137311537,-57556.15086,-0.005601838024,0,15,1,67.06055556,0,0,-34504436.55,0,1,-29350987.66,208,6.00706315
215,0,-22757514.66,-22757514.66,11746921.9,11746921.9,1.143307062,1.143307062,0,0,0,0,0,0,1,0,-34504436.55,0,1,-29350987.66,209,6.025067329
216,0,-22757514.66,-22823160.7,11746921.9,11681275.86,1.143307062,1.136917849,-65646.0421,-0.006389212783,0,15,1,67.04022727,0,0,-34504436.55,0,1,-29350987.66,210,6.043203115
217,0,-22761559.6,-26424740.16,11742876.95,8079696.396,1.142913375,0.7863825121,-3663180.555,-0.3565308628,0,709,1.019666667,2359.155571,0,0,-34504436.55,0,1,-29350987.66,211,6.061371088
218,0,-22111037.86,-22123758.19,12393398.69,12380678.36,1.206227501,1.204989454,-12720.32835,-0.001238046985,0.547429399,0.547429399,0.02290909091,0.02452020202,0,0,-34504436.55,0,1,-29350987.66,212,6.095142126
219,0,-22113957.51,-22104986.51,12390479.05,12399450.04,1.205943338,1.206816469,8970.996584,0.0008731311776,0.4779005525,0.4779005525,0,0,1,0,-34504436.55,0,1,-29350987.66,213,6.122341633
220,0,-22104986.51,-22165031.33,12399450.04,12339405.22,1.206816469,1.200972413,-60044.82079,-0.005844055853,0,10,1,42,0,0,-34504436.55,0,1,-29350987.66,214,6.140485287
221,0,-22096558.72,-22096558.72,12407877.83,12407877.83,1.20763673,1.20763673,0,0,0,0,0,0,1,0,-34504436.55,0,1,-29350987.66,215,6.160443306
222,0,-22096558.72,-22167011.69,12407877.83,12337424.87,1.20763673,1.200779668,-70452.96538,-0.006857062095,0,19,1,83,0,0,-34504436.55,0,1,-29350987.66,216,6.178571224
223,0,-22104986.51,-25573833.3,12399450.04,8930603.25,1.206816469,0.8691997661,-3468846.795,-0.3376167027,0,689,1,2385.593152,0,0,-34504436.55,0,1,-29350987.66,217,6.198788643
224,0,-21509037.74,-21512641.65,12995398.81,12991794.91,1.264819105,1.264468343,-3603.903569,-0.0003507615389,1.116235779,1.116235779,0.02842424242,0.02842424242,0,0,-34504436.55,0,1,-29350987.66,218,6.230317831
225,0,-21499374.89,-21492189.91,13005061.67,13012246.65,1.265759573,1.266458875,7184.981355,0.0006993014849,0.3513139696,0.3513139696,0,0,1,0,-34504436.55,0,1,-29350987.66,219,6.260625362
226,0,-21492189.91,-21549029.13,13012246.65,12955407.42,1.266458875,1.260926814,-56839.22587,-0.005532060988,0,18,1,80,0,0,-34504436.55,0,1,-29350987.66,220,6.281201124
227,0,-21483762.12,-21483762.12,13020674.43,13020674.43,1.267279136,1.267279136,0,0,0,0,0,0,1,0,-34504436.55,0,1,-29350987.66,221,6.29925251
228,0,-21483762.12,-21558587.15,13020674.43,12945849.4,1.267279136,1.259996549,-74825.03251,-0.00728258763,0,15,1,73,0,0,-34504436.55,0,1,-29350987.66,222,6.317377806
229,0,-21492189.91,-25900054.53,13012246.65,8604382.027,1.266458875,0.8374492334,-4407864.621,-0.4290096414,0,723,1,2334.676783,0,0,-34504436.55,0,1,-29350987.66,223,6.335504293
230,0,-20859386.31,-20875496.11,13645050.24,13628940.44,1.328048525,1.326480587,-16109.79879,-0.001567938128,1.240380564,1.240380564,0,0,1,0,-34504436.55,0,1,-29350987.66,224,6.373443842
231,0,-20875496.11,-20922198.49,13628940.44,13582238.06,1.326480587,1.321935128,-46702.37667,-0.004545459444,0,22,1,99.28378283,0,0,-34504436.55,0,1,-29350987.66,225,6.412122011
232,0,-20874014.83,-20871113.27,13630421.72,13633323.28,1.326624758,1.326907161,2901.557083,0.0002824034018,0.2458563536,0.2458563536,0.01078787879,0.01078787879,0,0,-34504436.55,0,1,-29350987.66,226,6.432168007
233,0,-20871854.28,-20928354.3,13632582.27,13576082.25,1.32683504,1.321335994,-56500.01672,-0.005499046363,0.2458563536,23.75414365,1,99.12642424,0,0,-34504436.55,0,1,-29350987.66,227,6.452457666
234,0,-20879307.04,-20887297.95,13625129.51,13617138.6,1.326109676,1.325331935,-7990.909257,-0.0007777410174,2.007933471,2.007933471,0.04066666667,0.04066666667,0,0,-34504436.55,0,1,-29350987.66,228,6.472767591
235,0,-20876360.06,-24868800.27,13628076.49,9635636.288,1.326396501,0.9378193806,-3992440.206,-0.3885771203,0.07320441989,702.0732044,1,2331.497076,0,0,-34504436.55,0,1,-29350987.66,229,6.493456602
236,0,-20605568.02,-20676296.22,13898868.54,13828140.34,1.35275221,1.34586836,-70728.20135,-0.006883850323,2.096260017,2.096260017,0.03442424242,0.03442424242,0,0,-34504436.55,0,1,-29350987.66,230,6.537173748
237,0,-20640810.1,-20605436.15,13863626.46,13899000.4,1.349322161,1.352765044,35373.94917,0.003442883698,0.6933701657,0.6933701657,0,0,1,0,-34504436.55,0,1,-29350987.66,231,6.570146322
238,0,-20605436.15,-20644166.65,13899000.4,13860269.9,1.352765044,1.348995473,-38730.50382,-0.003769571206,0,29,1,122.4066566,0,0,-34504436.55,0,1,-29350987.66,232,6.590292454
239,0,-20597809,-20600696.32,13906627.55,13903740.24,1.353507381,1.353226364,-2887.311608,-0.000281016915,0.2361878453,0.2361878453,0.01036363636,0.01036363636,0,0,-34504436.55,0,1,-29350987.66,233,6.608474731
240,0,-20597809,-20639703.8,13906627.55,13864732.75,1.353507381,1.349429834,-41894.79877,-0.004077546418,0.2361878453,25.76381215,1,107.2648434,0,0,-34504436.55,0,1,-29350987.66,234,6.628378153
241,0,-20596345.08,-20605079.16,13908091.48,13899357.4,1.353649862,1.35279979,-8734.079637,-0.0008500724717,0.6698895028,0.6698895028,0,0,1,0,-34504436.55,0,1,-29350987.66,235,6.648363113
242,0,-20605079.16,-20661457.08,13899357.4,13842979.47,1.35279979,1.347312626,-56377.92578,-0.005487163468,0,17,1,78.19985354,0,0,-34504436.55,0,1,-29350987.66,236,6.668636084
243,0,-20597809,-26606807.37,13906627.55,7897629.182,1.353507381,0.7686622332,-6008998.367,-0.5848451476,0.2361878453,717.2361878,1,2415.586626,0,0,-34504436.55,0,1,-29350987.66,237,6.686803102
244,0,-21079940.19,-21220077,13424496.36,13284359.56,1.306582408,1.292943141,-140136.8072,-0.01363926676,2.045239578,2.045239578,0.02860606061,0.05563636364,0,0,-34504436.55,0,1,-29350987.66,238,6.758046389
245,0,-21122855.13,-21108999.06,13381581.43,13395437.5,1.302405573,1.30375416,13856.07127,0.001348586828,1.041436464,1.041436464,0.02860606061,0.0296969697,0,0,-34504436.55,0,1,-29350987.66,239,6.803343296
246,0,-21072614.88,-21092552.99,13431821.67,13411883.57,1.307295367,1.305354827,-19938.10098,-0.001940539986,0.6160220994,0.6160220994,0.02593939394,0.02703030303,0,0,-34504436.55,0,1,-29350987.66,240,6.82421875
247,0,-21076109.81,-21088149.23,13428326.74,13416287.32,1.306955212,1.305783437,-12039.4187,-0.001171775257,0.6160220994,16.3839779,1,64.11738889,0,0,-34504436.55,0,1,-29350987.66,241,6.846924782
248,0,-21000489.73,-20996497.43,13503946.82,13507939.12,1.31431518,1.314703743,3992.295801,0.0003885630656,0.3287292818,0.3287292818,0.0136969697,0.0136969697,0,0,-34504436.55,0,1,-29350987.66,242,6.867655754
249,0,-20993211.45,-21056577.39,13511225.1,13447859.16,1.315023562,1.308856268,-63365.9399,-0.006167294482,0.3121546961,10.6878453,1,45.03109091,0,0,-34504436.55,0,1,-29350987.66,243,6.887815237
250,0,-20997216.26,-21000880.28,13507220.29,13503556.28,1.314633781,1.314277169,-3664.015316,-0.0003566121086,0.3480662983,0.3480662983,0.001090909091,0.001090909091,0,0,-34504436.55,0,1,-29350987.66,244,6.907825708
251,0,-21001182.21,-21050175.14,13503254.34,13454261.42,1.314247782,1.309479388,-48992.92527,-0.004768394474,0.02486187845,28.97513812,1,109.3584343,0,0,-34504436.55,0,1,-29350987.66,245,6.927997351
252,0,-21000883.92,-20996036.13,13503552.63,13508400.42,1.314276814,1.314748641,4847.787759,0.0004718265797,0.3991712707,0.3991712707,0.01678787879,0.01678787879,0,0,-34504436.55,0,1,-29350987.66,246,6.948419571
253,0,-20992791.48,-21045217.27,13511645.08,13459219.29,1.315064438,1.309961929,-52425.78758,-0.00510250887,0.3825966851,28.61740331,1,102.2439596,0,0,-34504436.55,0,1,-29350987.66,247,6.968641758
254,0,-20993131.69,-20996292.47,13511304.87,13508144.08,1.315031326,1.314723692,-3160.784753,-0.0003076335709,0.3895027624,0.3895027624,0.008848484848,0.008848484848,0,0,-34504436.55,0,1,-29350987.66,248,6.98903203
255,0,-20995109.09,-21044213.11,13509327.46,13460223.45,1.314838869,1.310059662,-49104.01556,-0.004779206695,0.2016574586,23.79834254,1,87.19624242,0,0,-34504436.55,0,1,-29350987.66,249,7.009146929
256,0,-20992632.1,-20991448.33,13511804.45,13512988.23,1.315079949,1.315195164,1183.772443,0.0001152144711,0.7472375691,0.7472375691,0.02454545455,0.02454545455,0,0,-34504436.55,0,1,-29350987.66,250,7.029165506
257,0,-20994609.51,-21044729.74,13509827.05,13459706.81,1.314887492,1.310009379,-50120.23557,-0.004878113585,0.5593922652,29.44060773,1,102.2196465,0,0,-34504436.55,0,1,-29350987.66,251,7.049234629
258,0,-20992849.63,-20998422.68,13511586.92,13506013.88,1.315058778,1.314516363,-5573.044807,-0.0005424145612,0.4834254144,0.4834254144,0.005939393939,0.00703030303,0,0,-34504436.55,0,1,-29350987.66,252,7.069258928
259,0,-21002591.84,-21070782.63,13501844.72,13433653.92,1.314110586,1.307473697,-68190.79449,-0.006636889017,0.1617333868,21.83826661,1,79.2185202,0,0,-34504436.55,0,1,-29350987.66,253,7.091737986
260,0,-21021614.81,-21025951.04,13482821.74,13478485.52,1.312259114,1.311837076,-4336.227165,-0.0004220372949,0.4171270718,0.4171270718,0.01678787879,0.01678787879,0,0,-34504436.55,0,1,-29350987.66,254,7.115793943
261,0,-21030597.53,-21085453.27,13473839.02,13418983.29,1.311384841,1.30604583,-54855.73449,-0.005339011291,0.3825966851,29.61740331,1,109.3157323,0,0,-34504436.55,0,1,-29350987.66,255,7.13616848
262,0,-21040809.6,-21040809.6,13463626.95,13463626.95,1.310390919,1.310390919,0,0,0,0,0,0,1,0,-34504436.55,0,1,-29350987.66,256,7.156091928
263,0,-21040809.6,-21087474.76,13463626.95,13416961.79,1.310390919,1.305849082,-46665.15925,-0.004541837139,0,21,1,80.23324747,0,0,-34504436.55,0,1,-29350987.66,257,7.174164534
264,0,-21035965.46,-21035965.46,13468471.09,13468471.09,1.31086239,1.31086239,0,0,0,0,0,0,1,0,-34504436.55,0,1,-29350987.66,258,7.192142725
265,0,-21035965.46,-21095110.21,13468471.09,13409326.34,1.31086239,1.305105937,-59144.74694,-0.005756453261,0,20,1,75.1759899,0,0,-34504436.55,0,1,-29350987.66,259,7.210223198
266,0,-21040809.6,-27133132.61,13463626.95,7371303.947,1.310390919,0.7174359321,-6092323.004,-0.5929549866,0,710,1.135611111,2453.19646,0,0,-34504436.55,0,1,-29350987.66,260,7.228348732
267,0,-20999967.11,-20993402.95,13504469.45,13511033.61,1.314366046,1.315004925,6564.163092,0.000638878345,0.3296089385,0.3296089385,0.003575757576,0.003575757576,0,0,-34504436.55,0,1,-29350987.66,261,7.266048193
268,0,-20989007.69,-20969611.37,13515428.87,13534825.19,1.315432707,1.317320517,19396.32213,0.001887809612,0.08149171271,21.91850829,1,84.04266667,0,0,-34504436.55,0,1,-29350987.66,262,7.294776678
269,0,-20899983.72,-20899983.72,13604452.83,13604452.83,1.324097252,1.324097252,0,0,0,0,0,0,1,0,-34504436.55,0,1,-29350987.66,263,7.31491375
270,0,-20899983.72,-20968445.56,13604452.83,13535991,1.324097252,1.317433983,-68461.83355,-0.006663268767,0,11,1,47,0,0,-34504436.55,0,1,-29350987.66,264,7.333113432
271,0,-20904366.56,-20904366.56,13600069.99,13600069.99,1.323670678,1.323670678,0,0,0,0,0,0,1,0,-34504436.55,0,1,-29350987.66,265,7.351140738
272,0,-20904366.56,-20951954.32,13600069.99,13552482.23,1.323670678,1.319039046,-47587.75944,-0.004631632178,0,21,1,84,0,0,-34504436.55,0,1,-29350987.66,266,7.369334221
273,0,-20900445.02,-20900445.02,13603991.53,13603991.53,1.324052354,1.324052354,0,0,0,0,0,0,1,0,-34504436.55,0,1,-29350987.66,267,7.387398481
274,0,-20900445.02,-20965910.85,13603991.53,13538525.7,1.324052354,1.317680681,-65465.83145,-0.0063716732,0,17,1,75,0,0,-34504436.55,0,1,-29350987.66,268,7.405583143
275,0,-20904827.86,-20904827.86,13599608.69,13599608.69,1.32362578,1.32362578,0,0,0,0,0,0,1,0,-34504436.55,0,1,-29350987.66,269,7.423573971
276,0,-20904827.86,-20947585.19,13599608.69,13556851.36,1.32362578,1.319464285,-42757.33043,-0.004161495094,0,25,1,112.0504444,0,0,-34504436.55,0,1,-29350987.66,270,7.441780329
277,0,-20899983.72,-25930419,13604452.83,8574017.552,1.324097252,0.8344939129,-5030435.281,-0.4896033389,0,700,1.224888889,2297.364278,0,0,-34504436.55,0,1,-29350987.66,271,7.461910963
278,0,-20690618,-20688444.81,13813818.56,13815991.74,1.344474446,1.344685958,2173.182181,0.0002115119652,0.5103947248,0.5103947248,0.001515151515,0.001515151515,0,0,-34504436.55,0,1,-29350987.66,272,7.492821455
279,0,-20688753.53,-20765220.31,13815683.02,13739216.25,1.344655911,1.337213536,-76466.77659,-0.007442375668,0.03453038674,12.96546961,1,56.08601515,0,0,-34504436.55,0,1,-29350987.66,273,7.523835659
280,0,-20701768.13,-20701768.13,13802668.42,13802668.42,1.343389223,1.343389223,0,0,0,0,0,0,1,0,-34504436.55,0,1,-29350987.66,274,7.543797731
281,0,-20701768.13,-20761464.29,13802668.42,13742972.27,1.343389223,1.337579103,-59696.15236,-0.005810120572,0,11,1,49.08862626,0,0,-34504436.55,0,1,-29350987.66,275,7.561959267
282,0,-20697385.29,-20697385.29,13807051.26,13807051.26,1.343815797,1.343815797,0,0,0,0,0,0,1,0,-34504436.55,0,1,-29350987.66,276,7.57996583
283,0,-20697385.29,-20765220.31,13807051.26,13739216.25,1.343815797,1.337213536,-67835.01389,-0.006602261522,0,12,1,56.08601515,0,0,-34504436.55,0,1,-29350987.66,277,7.598139524
284,0,-20701768.13,-25830355.16,13802668.42,8674081.392,1.343389223,0.8442329489,-5128587.028,-0.4991562743,0,659,1.174722222,2292.26351,0,0,-34504436.55,0,1,-29350987.66,278,7.616305351
285,0,-20432971.13,-20432193.33,14071465.43,14072243.23,1.369550759,1.369626461,777.801725,7.570206161e-05,0.03867403315,0.03867403315,0.0008484848485,0.0008484848485,0,0,-34504436.55,0,1,-29350987.66,279,7.648206949
286,0,-20432554.48,-20431513.87,14071882.08,14072922.69,1.369591311,1.369692591,1040.608899,0.0001012806175,0.01933701657,14.98066298,1,55,0,0,-34504436.55,0,1,-29350987.66,280,7.674667358
287,0,-20450869.86,-20450869.86,14053566.69,14053566.69,1.367808707,1.367808707,0,0,0,0,0,0,1,0,-34504436.55,0,1,-29350987.66,281,7.694634438
288,0,-20450869.86,-20489600.37,14053566.69,14014836.19,1.367808707,1.364039136,-38730.50382,-0.003769571206,0,29,1,123.1268889,0,0,-34504436.55,0,1,-29350987.66,282,7.712824821
289,0,-20450869.86,-27432250.34,14053566.69,7072186.217,1.367808707,0.6883233343,-6981380.475,-0.6794853725,0,691,1,2346.597136,0,0,-34504436.55,0,1,-29350987.66,283,7.733015776
290,0,-21109931.41,-21125070.48,13394505.14,13379366.07,1.303663416,1.302189957,-15139.07188,-0.001473459001,1.285868487,1.285868487,0.02872727273,0.03612121212,0,0,-34504436.55,0,1,-29350987.66,284,7.78151989
291,0,-21106710.07,-21129303.36,13397726.49,13375133.19,1.303976943,1.301777978,-22593.2943,-0.00219896524,1.206914547,10.79308545,1,7.034363636,0,0,-34504436.55,0,1,-29350987.66,285,7.836979866
292,0,-21124937.05,-21122958.4,13379499.51,13381478.15,1.302202944,1.302395522,1978.642698,0.0001925777825,0.2168508287,0.2168508287,0.007212121212,0.007212121212,0,0,-34504436.55,0,1,-29350987.66,286,7.866378307
293,0,-21125383.38,-21197926.29,13379053.17,13306510.26,1.302159503,1.29509903,-72542.91557,-0.007060473238,0.1643646409,9.835635359,1,41.07151515,0,0,-34504436.55,0,1,-29350987.66,287,7.886441469
294,0,-21126412.11,-21123340.42,13378024.45,13381096.13,1.302059379,1.30235834,3071.683221,0.0002989614769,0.2168508287,0.2168508287,0.007212121212,0.007212121212,0,0,-34504436.55,0,1,-29350987.66,288,7.906357288
295,0,-21125668.64,-21185735.63,13378767.91,13318700.92,1.302131739,1.296285525,-60066.99067,-0.005846213607,0.1643646409,21.83563536,1,90.26795455,0,0,-34504436.55,0,1,-29350987.66,289,7.92637229
296,0,-21126618.76,-21123547.08,13377817.79,13380889.48,1.302039266,1.302338227,3071.683221,0.0002989614769,0.2168508287,0.2168508287,0.007212121212,0.007212121212,0,0,-34504436.55,0,1,-29350987.66,290,7.946318626
297,0,-21125875.3,-21177179.54,13378561.26,13327257.01,1.302111626,1.297118274,-51304.24769,-0.004993351384,0.1643646409,27.83563536,1,120.3868081,0,0,-34504436.55,0,1,-29350987.66,291,7.966365814
298,0,-21126412.11,-24994142.4,13378024.45,9510294.15,1.302059379,0.9256200527,-3867730.299,-0.3764393263,0.2168508287,680.2168508,1.149444444,2254.216111,0,0,-34504436.55,0,1,-29350987.66,292,7.986517191
299,0,-20908195.11,-20915157.91,13596241.44,13589278.65,1.323298052,1.322620375,-6962.799051,-0.0006776768755,1.783948324,1.783948324,0.003393939394,0.003393939394,0,0,-34504436.55,0,1,-29350987.66,293,8.023159742
300,0,-20913756.44,-20955257.13,13590680.12,13549179.42,1.322756778,1.318717589,-41500.69337,-0.004039188839,0.0773480663,11.92265193,1,49,0,0,-34504436.55,0,1,-29350987.66,294,8.064380646
301,0,-20896216.2,-20896216.2,13608220.35,13608220.35,1.324463938,1.324463938,0,0,0,0,0,0,1,0,-34504436.55,0,1,-29350987.66,295,8.084509373
302,0,-20896216.2,-20936592.11,13608220.35,13567844.45,1.324463938,1.320534223,-40375.90543,-0.003929715224,0,29,1,128.0543333,0,0,-34504436.55,0,1,-29350987.66,296,8.102576256
303,0,-20897038.9,-20897038.9,13607397.65,13607397.65,1.324383866,1.324383866,0,0,0,0,0,0,1,0,-34504436.55,0,1,-29350987.66,297,8.120597363
304,0,-20897038.9,-20947095.74,13607397.65,13557340.81,1.324383866,1.319511922,-50056.84126,-0.00487194353,0,20,1,82,0,0,-34504436.55,0,1,-29350987.66,298,8.138688326
305,0,-20896216.2,-25385158.26,13608220.35,9119278.293,1.324463938,0.8875631733,-4488942.059,-0.4369007645,0,684,1.222444444,2287.323232,0,0,-34504436.55,0,1,-29350987.66,299,8.156771421
306,0,-20126547.09,-20135970.89,14377889.47,14368465.66,1.399374467,1.398457265,-9423.803181,-0.0009172020402,1.466883138,1.466883138,0.04612121212,0.04612121212,0,0,-34504436.55,0,1,-29350987.66,300,8.187333345
307,0,-20117961.41,-20118715.39,14386475.14,14385721.16,1.400210096,1.400136712,-753.9840177,-7.338392642e-05,0.05110497238,0.05110497238,0.002242424242,0.002242424242,0,0,-34504436.55,0,1,-29350987.66,301,8.2173419
308,0,-20117961.41,-20165651.98,14386475.14,14338784.57,1.400210096,1.395568457,-47690.57321,-0.004641638859,0.05110497238,10.94889503,1,44.05036364,0,0,-34504436.55,0,1,-29350987.66,302,8.233735323
309,0,-20104406.83,-20104406.83,14400029.72,14400029.72,1.401529339,1.401529339,0,0,0,0,0,0,1,0,-34504436.55,0,1,-29350987.66,303,8.253581762
310,0,-20104406.83,-20164254.3,14400029.72,14340182.25,1.401529339,1.395704491,-59847.47054,-0.005824848103,0,13,1,62.09583838,0,0,-34504436.55,0,1,-29350987.66,304,8.271667957
311,0,-20104200.18,-20104200.18,14400236.38,14400236.38,1.401549452,1.401549452,0,0,0,0,0,0,1,0,-34504436.55,0,1,-29350987.66,305,8.289649248
312,0,-20104200.18,-20151823.19,14400236.38,14352613.36,1.401549452,1.396914388,-47623.01805,-0.004635063835,0,23,1,97.27347475,0,0,-34504436.55,0,1,-29350987.66,306,8.30772543
313,0,-20104406.83,-26609391.74,14400029.72,7895044.815,1.401529339,0.7684107013,-6504984.909,-0.6331186375,0,692,1.145277778,2391.207823,0,0,-34504436.55,0,1,-29350987.66,307,8.325857401
314,0,-20834310.01,-20831492.93,13670126.55,13672943.62,1.330489158,1.330763339,2817.07905,0.0002741813048,0.9026548673,0.9026548673,0,0,1,0,-34504436.55,0,1,-29350987.66,308,8.358882427
315,0,-20831492.93,-20889695,13672943.62,13614741.56,1.330763339,1.325098635,-58202.06893,-0.005664704084,0,13,1,61.12392424,0,0,-34504436.55,0,1,-29350987.66,309,8.390601397
316,0,-20829617.57,-20830463.57,13674818.98,13673972.98,1.330945864,1.330863524,-846.0020003,-8.233987338e-05,0.05386740331,0.05386740331,0.002363636364,0.002363636364,0,0,-34504436.55,0,1,-29350987.66,310,8.410554409
317,0,-20829617.57,-20871758.15,13674818.98,13632678.4,1.330945864,1.326844396,-42140.58251,-0.004101468113,0.05386740331,17.9461326,1,79.14840909,0,0,-34504436.55,0,1,-29350987.66,311,8.430597067
318,0,-20830386.62,-25618015.46,13674049.93,8886421.094,1.330871014,0.8648995953,-4787628.841,-0.465971419,0.07044198895,729.070442,1.125222222,2498.201949,0,0,-34504436.55,0,1,-29350987.66,312,8.4509027
319,0,-20539114.28,-20521283.86,13965322.27,13983152.69,1.359220034,1.360955437,17830.41785,0.001735402928,0.9037339511,0.9037339511,0.01866666667,0.01866666667,0,0,-34504436.55,0,1,-29350987.66,313,8.486925364
320,0,-20526484.4,-20576643.89,13977952.15,13927792.67,1.360449278,1.355567344,-50159.48414,-0.004881933578,0.4254143646,24.57458564,1,98.13284343,0,0,-34504436.55,0,1,-29350987.66,314,8.515541315
321,0,-20531744.59,-20531744.59,13972691.96,13972691.96,1.359937313,1.359937313,0,0,0,0,0,0,1,0,-34504436.55,0,1,-29350987.66,315,8.535671234
322,0,-20531744.59,-20593134.63,13972691.96,13911301.93,1.359937313,1.353962329,-61390.03455,-0.00597498312,0,14,1,60,0,0,-34504436.55,0,1,-29350987.66,316,8.55388546
323,0,-20533508.5,-20533508.5,13970928.05,13970928.05,1.359765634,1.359765634,0,0,0,0,0,0,1,0,-34504436.55,0,1,-29350987.66,317,8.571902752
324,0,-20533508.5,-20579797.57,13970928.05,13924638.98,1.359765634,1.355260402,-46289.06746,-0.004505232791,0,22,1,87.09218182,0,0,-34504436.55,0,1,-29350987.66,318,8.590034485
325,0,-20531744.59,-25854857.8,13972691.96,8649578.753,1.359937313,0.8418481505,-5323113.207,-0.5180891621,0,674,1,2250.6155,0,0,-34504436.55,0,1,-29350987.66,319,8.608220577
326,0,-19672877.49,-19586109.39,14831559.06,14918327.17,1.443529323,1.451974309,86768.10466,0.008444985648,5.836142123,5.836142123,0.05763636364,0.08234848485,0,0,-34504436.55,0,1,-29350987.66,320,8.684393883
327,0,-19573834.18,-19568706.25,14930602.38,14935730.3,1.453169033,1.453668125,5127.923884,0.0004990917316,0.8738196538,0.8738196538,0.01412121212,0.0383030303,0,0,-34504436.55,0,1,-29350987.66,321,8.753297567
328,0,-19573834.18,-19634061.53,14930602.38,14870375.02,1.453169033,1.447307212,-60227.35531,-0.005861821613,0.8738196538,25.12618035,1,83.26131818,0,0,-34504436.55,0,1,-29350987.66,322,8.769503832
329,0,-19583355.11,-19577322.21,14921081.44,14927114.34,1.452242378,1.45282955,6032.903604,0.0005871718018,0.4447513812,0.4447513812,0.01042424242,0.01042424242,0,0,-34504436.55,0,1,-29350987.66,323,8.790563822
330,0,-19558725.01,-19537112.84,14945711.54,14967323.71,1.454639582,1.456743056,21612.17254,0.002103474401,0.2375690608,28.76243094,1,97.32114141,0,0,-34504436.55,0,1,-29350987.66,324,8.810934305
331,0,-19497022.43,-19497022.43,15007414.12,15007414.12,1.460644984,1.460644984,0,0,0,0,0,0,1,0,-34504436.55,0,1,-29350987.66,325,8.830886364
332,0,-19497022.43,-19543494.65,15007414.12,14960941.91,1.460644984,1.456121926,-46472.21633,-0.004523058346,0,25,1,104.2725,0,0,-34504436.55,0,1,-29350987.66,326,8.851588726
333,0,-19499040.99,-19499040.99,15005395.57,15005395.57,1.460448522,1.460448522,0,0,0,0,0,0,1,0,-34504436.55,0,1,-29350987.66,327,8.871493101
334,0,-19499040.99,-19537205.88,15005395.57,14967230.67,1.460448522,1.456734,-38164.89701,-0.003714521699,0,28,1,109.3591212,0,0,-34504436.55,0,1,-29350987.66,328,8.891961098
335,0,-19497022.43,-24715694.52,15007414.12,9788742.036,1.460644984,0.9527208913,-5218672.087,-0.5079240932,0,741,1,2314.700379,0,0,-34504436.55,0,1,-29350987.66,329,8.910212278
336,0,-19677209.39,-19697492.86,14827227.16,14806943.7,1.443107707,1.441133554,-20283.46304,-0.001974153463,1.277932961,1.277932961,0,0,1,0,-34504436.55,0,1,-29350987.66,330,8.947326899
337,0,-19697492.86,-19748693.64,14806943.7,14755742.91,1.441133554,1.436150272,-51200.78714,-0.004983281752,0,25,1,110.1508384,0,0,-34504436.55,0,1,-29350987.66,331,8.975656509
338,0,-19690510.95,-19690510.95,14813925.6,14813925.6,1.44181309,1.44181309,0,0,0,0,0,0,1,0,-34504436.55,0,1,-29350987.66,332,8.993754864
339,0,-19690510.95,-19746868.31,14813925.6,14757568.24,1.44181309,1.436327928,-56357.35826,-0.005485161668,0,26,1,113.1465808,0,0,-34504436.55,0,1,-29350987.66,333,9.015001059
340,0,-19693752.79,-19693752.79,14810683.77,14810683.77,1.441497568,1.441497568,0,0,0,0,0,0,1,0,-34504436.55,0,1,-29350987.66,334,9.032999754
341,0,-19693752.79,-19760793.99,14810683.77,14743642.56,1.441497568,1.434972566,-67041.20555,-0.006525001565,0,14,1,66,0,0,-34504436.55,0,1,-29350987.66,335,9.051127195
342,0,-19693752.79,-24971049.22,14810683.77,9533387.334,1.441497568,0.9278676713,-5277296.433,-0.5136298968,0,715,1,2287.801813,0,0,-34504436.55,0,1,-29350987.66,336,9.069218397
343,0,-19057513.28,-19235261.64,15446923.27,15269174.91,1.50342163,1.486121698,-177748.3608,-0.01729993253,10.20304879,10.20304879,0.0008484848485,0.0008484848485,0,0,-34504436.55,0,1,-29350987.66,337,9.119407654
344,0,-19235058.09,-19283478.55,15269378.47,15220958.01,1.486141509,1.481428832,-48420.46254,-0.004712677692,0.01933701657,29.98066298,1,85.19407576,0,0,-34504436.55,0,1,-29350987.66,338,9.155535221
345,0,-19229095.21,-19224936.85,15275341.34,15279499.71,1.486721865,1.487126592,4158.366589,0.0004047264407,0.3950276243,0.3950276243,0.01733333333,0.01733333333,0,0,-34504436.55,0,1,-29350987.66,339,9.175590515
346,0,-19229095.21,-19300332.01,15275341.34,15204104.54,1.486721865,1.479788514,-71236.80153,-0.006933351477,0.3950276243,18.60497238,1,68.15208081,0,0,-34504436.55,0,1,-29350987.66,340,9.193728447
347,0,-19236706.98,-19236706.98,15267729.58,15267729.58,1.485981026,1.485981026,0,0,0,0,0,0,1,0,-34504436.55,0,1,-29350987.66,341,9.213576555
348,0,-19236706.98,-19305517.48,15267729.58,15198919.08,1.485981026,1.479283822,-68810.50198,-0.006697204047,0,10,1,37.0209697,0,0,-34504436.55,0,1,-29350987.66,342,9.231653452
349,0,-19236545.86,-19236545.86,15267890.69,15267890.69,1.485996707,1.485996707,0,0,0,0,0,0,1,0,-34504436.55,0,1,-29350987.66,343,9.249613762
350,0,-19236545.86,-19289895.47,15267890.69,15214541.09,1.485996707,1.480804284,-53349.60329,-0.005192422215,0,24,1,90.29743434,0,0,-34504436.55,0,1,-29350987.66,344,9.267667532
351,0,-19228609.19,-19230673.84,15275827.36,15273762.72,1.486769169,1.486568221,-2064.643551,-0.0002009480929,0.1961325967,0.1961325967,0.008606060606,0.008606060606,0,0,-34504436.55,0,1,-29350987.66,345,9.285735369
352,0,-19228609.19,-19286048.73,15275827.36,15218387.83,1.486769169,1.481178681,-57439.53639,-0.005590488145,0.1961325967,9.803867403,1,38.02733333,0,0,-34504436.55,0,1,-29350987.66,346,9.305765152
353,0,-19224144.32,-19219985.95,15280292.24,15284450.6,1.487203727,1.487608454,4158.366589,0.0004047264407,0.3950276243,0.3950276243,0.01733333333,0.01733333333,0,0,-34504436.55,0,1,-29350987.66,347,9.325549364
354,0,-19224144.32,-19297074.51,15280292.24,15207362.04,1.487203727,1.480105561,-72930.19402,-0.007098166363,0.3950276243,11.60497238,1,40.08371212,0,0,-34504436.55,0,1,-29350987.66,348,9.343611956
355,0,-19228609.19,-25253338.36,15275827.36,9251098.194,1.486769169,0.9003929703,-6024729.168,-0.5863761985,0.1961325967,708.8038674,1,2260.627207,0,0,-34504436.55,0,1,-29350987.66,349,9.363632917
356,0,-19314530.8,-19316888.63,15189905.75,15187547.92,1.478406571,1.478177088,-2357.828738,-0.0002294832869,1.324186981,1.324186981,0,0,1,0,-34504436.55,0,1,-29350987.66,350,9.393609285
357,0,-19316888.63,-19376399.68,15187547.92,15128036.88,1.478177088,1.472384983,-59511.04467,-0.00579210437,0,24,1,107,0,0,-34504436.55,0,1,-29350987.66,351,9.425754547
358,0,-19316727.52,-19316727.52,15187709.04,15187709.04,1.478192768,1.478192768,0,0,0,0,0,0,1,0,-34504436.55,0,1,-29350987.66,352,9.445766211
359,0,-19316727.52,-19384562.53,15187709.04,15119874.02,1.478192768,1.471590507,-67835.01389,-0.006602261522,0,12,1,54,0,0,-34504436.55,0,1,-29350987.66,353,9.463939667
360,0,-19316888.63,-26130555.01,15187547.92,8373881.545,1.478177088,0.8150150305,-6813666.379,-0.6631620572,0,710,1.199,2334.562556,0,0,-34504436.55,0,1,-29350987.66,354,9.482069492
361,0,-20623824.12,-20538682.91,13880612.43,13965753.64,1.350975376,1.359262019,85141.20869,0.008286642751,2.011003237,2.011003237,0.01206060606,0.01206060606,0,0,-34504436.55,0,1,-29350987.66,355,9.523809433
362,0,-20533702.69,-20583041.57,13970733.87,13921394.98,1.359746735,1.354944669,-49338.88276,-0.004802065902,0.2748618785,19.72513812,1,88.15513636,0,0,-34504436.55,0,1,-29350987.66,356,9.587229967
363,0,-20524946.75,-20524946.75,13979489.81,13979489.81,1.360598935,1.360598935,0,0,0,0,0,0,1,0,-34504436.55,0,1,-29350987.66,357,9.607100725
364,0,-20524946.75,-20581646.9,13979489.81,13922789.66,1.360598935,1.35508041,-56700.15026,-0.005518525005,0,17,1,86.14926263,0,0,-34504436.55,0,1,-29350987.66,358,9.62519002
365,0,-20520563.91,-20520563.91,13983872.65,13983872.65,1.361025509,1.361025509,0,0,0,0,0,0,1,0,-34504436.55,0,1,-29350987.66,359,9.643062115
366,0,-20520563.91,-20588810.27,13983872.65,13915626.28,1.361025509,1.354383212,-68246.36429,-0.006642297527,0,19,1,88.11177778,0,0,-34504436.55,0,1,-29350987.66,360,9.661052704
367,0,-20524946.75,-25812920.09,13979489.81,8691516.468,1.360598935,0.8459298739,-5287973.341,-0.5146690613,0,691,1.153,2303.315419,0,0,-34504436.55,0,1,-29350987.66,361,9.679156303
368,0,-20915382.8,-20879011.44,13589053.76,13625425.12,1.322598487,1.326138447,36371.35992,0.003539959917,2.083690868,2.083690868,0.02624242424,0.04822727273,0,0,-34504436.55,0,1,-29350987.66,362,9.730501175
369,0,-20866929.85,-20844531.51,13637506.71,13659905.04,1.327314327,1.329494317,22398.33773,0.002179990463,0.9109762562,0.9109762562,0.01515151515,0.02198484848,0,0,-34504436.55,0,1,-29350987.66,363,9.784890175
370,0,-20851422.41,-20906197.89,13653014.15,13598238.66,1.328823639,1.323492437,-54775.48798,-0.005331201041,0.5148814166,23.48511858,1,94.1734899,0,0,-34504436.55,0,1,-29350987.66,364,9.805536509
371,0,-20837165.53,-20825654.13,13667271.03,13678782.43,1.330211235,1.33133162,11511.40382,0.001120384506,0.864532856,0.864532856,0.003333333333,0.003333333333,0,0,-34504436.55,0,1,-29350987.66,365,9.83320713
372,0,-20824974.95,-20875005.33,13679461.61,13629431.23,1.331397723,1.326528354,-50030.38377,-0.004869368468,0.07596685083,15.92403315,1,76.08964141,0,0,-34504436.55,0,1,-29350987.66,366,9.855095863
373,0,-20817924.78,-20821271.28,13686511.78,13683165.27,1.332083903,1.331758194,-3346.506,-0.0003257094903,0.3743093923,0.3743093923,0.003333333333,0.003333333333,0,0,-34504436.55,0,1,-29350987.66,367,9.874978542
374,0,-20820592.1,-20880792.64,13683844.45,13623643.92,1.331824297,1.325965086,-60200.53276,-0.005859211022,0.07596685083,11.92403315,1,48.02745455,0,0,-34504436.55,0,1,-29350987.66,368,9.894979954
375,0,-20822307.62,-26707735.16,13682128.93,7796701.393,1.331657329,0.7588391106,-5885427.542,-0.5728182185,0.3743093923,700.3743094,1.549666667,2351.137556,0,0,-34504436.55,0,1,-29350987.66,369,9.915072441
376,0,-21399254.83,-21407400.55,13105181.72,13097036.01,1.275504081,1.274711273,-8145.713725,-0.0007928078615,1.250353218,1.250353218,0.02987878788,0.02987878788,0,0,-34504436.55,0,1,-29350987.66,370,9.976959705
377,0,-21408573.84,-21475325.45,13095862.72,13029111.1,1.274597078,1.268100262,-66751.6138,-0.006496816114,0.6814454812,9.318554519,1,46.09223232,0,0,-34504436.55,0,1,-29350987.66,371,10.01295519
378,0,-21398265.47,-21393894.41,13106171.08,13110542.15,1.275600373,1.276025802,4371.068963,0.0004254283853,0.3149171271,0.3149171271,0,0,1,0,-34504436.55,0,1,-29350987.66,372,10.03328681
379,0,-21393894.41,-21446480.07,13110542.15,13057956.48,1.276025802,1.270907732,-52585.66683,-0.005118069634,0,22,1,100.2356364,0,0,-34504436.55,0,1,-29350987.66,373,10.05327034
380,0,-21384455.13,-21384455.13,13119981.43,13119981.43,1.27694451,1.27694451,0,0,0,0,0,0,1,0,-34504436.55,0,1,-29350987.66,374,10.0712657
381,0,-21384455.13,-21445081.71,13119981.43,13059354.84,1.27694451,1.271043832,-60626.58779,-0.005900678202,0,23,1,107.2353687,0,0,-34504436.55,0,1,-29350987.66,375,10.0894351
382,0,-21388837.97,-21388837.97,13115598.59,13115598.59,1.276517936,1.276517936,0,0,0,0,0,0,1,0,-34504436.55,0,1,-29350987.66,376,10.10928726
383,0,-21388837.97,-21441986.79,13115598.59,13062449.76,1.276517936,1.271345055,-53148.82512,-0.005172880831,0,21,1,91.21257576,0,0,-34504436.55,0,1,-29350987.66,377,10.12737846
384,0,-21384455.13,-26468603.41,13119981.43,8035833.14,1.27694451,0.7821133792,-5084148.288,-0.4948311306,0,687,1,2397.694283,0,0,-34504436.55,0,1,-29350987.66,378,10.14550233
385,0,-21242143.36,-21253436.57,13262293.19,13250999.98,1.290795461,1.289696313,-11293.21006,-0.001099148094,2.895007276,2.895007276,0.03612121212,0.03612121212,0,0,-34504436.55,0,1,-29350987.66,379,10.24207282
386,0,-21216031.37,-21206434.95,13288405.19,13298001.6,1.293336895,1.294270898,9596.417813,0.000934002316,1.186464088,23.81353591,1,96.34419192,0,0,-34504436.55,0,1,-29350987.66,380,10.29307079
387,0,-21078388.38,-21063198.44,13426048.17,13441238.11,1.306733443,1.308211853,15189.94014,0.001478409918,0.2886740331,0.2886740331,0.002545454545,0.002545454545,0,0,-34504436.55,0,1,-29350987.66,381,10.31389546
388,0,-21062043.59,-21109710.73,13442392.97,13394725.83,1.308324253,1.303684895,-47667.13868,-0.004639358018,0.05801104972,20.94198895,1,94.09667677,0,0,-34504436.55,0,1,-29350987.66,382,10.33423543
389,0,-21047673.79,-21047673.79,13456762.76,13456762.76,1.309722839,1.309722839,0,0,0,0,0,0,1,0,-34504436.55,0,1,-29350987.66,383,10.35460591
390,0,-21047673.79,-21093001.57,13456762.76,13411434.98,1.309722839,1.305311167,-45327.78074,-0.004411672461,0,29,1,130.2874545,0,0,-34504436.55,0,1,-29350987.66,384,10.3728435
391,0,-21042208.71,-21042208.71,13462227.84,13462227.84,1.310254746,1.310254746,0,0,0,0,0,0,1,0,-34504436.55,0,1,-29350987.66,385,10.39283848
392,0,-21042208.71,-21109572.14,13462227.84,13394864.41,1.310254746,1.303698383,-67363.43003,-0.006556363102,0,14,1,73.06159091,0,0,-34504436.55,0,1,-29350987.66,386,10.4110589
393,0,-21046591.55,-21046591.55,13457845,13457845,1.309828172,1.309828172,0,0,0,0,0,0,1,0,-34504436.55,0,1,-29350987.66,387,10.42910242
394,0,-21046591.55,-21106958.6,13457845,13397477.96,1.309828172,1.303952755,-60367.04527,-0.00587541739,0,10,1,47.01230303,0,0,-34504436.55,0,1,-29350987.66,388,10.44728374
395,0,-21042208.71,-26924860.23,13462227.84,7579576.324,1.310254746,0.7377067129,-5882651.521,-0.5725480332,0,721,1,2550.382914,0,0,-34504436.55,0,1,-29350987.66,389,10.46545506
396,0,-20839354.46,-20850046.12,13665082.1,13654390.44,1.32999819,1.32895759,-10691.66025,-0.001040600319,2.203126301,2.203126301,0.05315151515,0.07151515152,0,0,-34504436.55,0,1,-29350987.66,390,10.52843738
397,0,-20831320.67,-20806217.71,13673115.88,13698218.84,1.330780104,1.333223331,25102.96057,0.002443226605,1.217272177,1.217272177,0.03351515152,0.05187878788,0,0,-34504436.55,0,1,-29350987.66,391,10.61750913
398,0,-20787186.24,-20793993.07,13717250.32,13710443.48,1.335075631,1.334413134,-6806.834804,-0.0006624971521,0.6546961326,0.6546961326,0.01836363636,0.01836363636,0,0,-34504436.55,0,1,-29350987.66,392,10.65063286
399,0,-20784298.93,-20827523.77,13720137.63,13676912.78,1.335356648,1.33114965,-43224.84927,-0.004206997873,0.4185082873,27.58149171,1,117.252399,0,0,-34504436.55,0,1,-29350987.66,393,10.66897964
400,0,-20762206.83,-20756216.77,13742229.72,13748219.79,1.337506832,1.338089834,5990.067026,0.0005830025937,0.2983425414,0.2983425414,0.01260606061,0.01260606061,0,0,-34504436.55,0,1,-29350987.66,394,10.69003367
401,0,-20761984.98,-20826353.39,13742451.57,13678083.17,1.337528424,1.331263562,-64368.40464,-0.006264862595,0.2872928177,23.71270718,1,101.2127929,0,0,-34504436.55,0,1,-29350987.66,395,10.7110393
402,0,-20763592.21,-20771911.74,13740844.35,13732524.81,1.337371996,1.33656227,-8319.537536,-0.0008097258246,0.4143646409,0.4143646409,0.01818181818,0.01818181818,0,0,-34504436.55,0,1,-29350987.66,396,10.73178363
403,0,-20763592.21,-20808513.51,13740844.35,13695923.04,1.337371996,1.332999885,-44921.30302,-0.004372110706,0.4143646409,26.58563536,1,122.342904,0,0,-34504436.55,0,1,-29350987.66,397,10.75223446
404,0,-20761984.98,-24478094.1,13742451.57,10026342.45,1.337528424,0.9758461182,-3716109.122,-0.3616823062,0.2872928177,740.7127072,1,2356.861616,0,0,-34504436.55,0,1,-29350987.66,398,10.7726531
405,0,-20100616.55,-20122026.99,14403820,14382409.56,1.40189824,1.3998144,-21410.43969,-0.002083840101,1.945270661,1.945270661,0.02006060606,0.03117171717,0,0,-34504436.55,0,1,-29350987.66,399,10.80424547
406,0,-20106109.48,-20142420.62,14398327.07,14362015.93,1.401363623,1.397829524,-36311.14299,-0.00353409911,0.4616457462,18.53835425,1,92.02744444,0,0,-34504436.55,0,1,-29350987.66,400,10.85872388
407,0,-20087547.06,-20087547.06,14416889.49,14416889.49,1.40317027,1.40317027,0,0,0,0,0,0,1,0,-34504436.55,0,1,-29350987.66,401,10.87930059
408,0,-20087547.06,-20143785.92,14416889.49,14360650.64,1.40317027,1.397696642,-56238.85017,-0.005473627485,0,18,1,89.02333333,0,0,-34504436.55,0,1,-29350987.66,402,10.90005326
409,0,-20087547.06,-24581215.9,14416889.49,9923220.658,1.40317027,0.9658094569,-4493668.832,-0.4373608129,0,660,1.058944444,2177.021732,0,0,-34504436.55,0,1,-29350987.66,403,10.91810179
410,0,-20138489.35,-20139067.68,14365947.2,14365368.88,1.398212148,1.39815586,-578.3251163,-5.628735727e-05,0.0748502994,0.0748502994,0.001515151515,0.001515151515,0,0,-34504436.55,0,1,-29350987.66,404,10.95010996
411,0,-20138171,-20155253.05,14366265.55,14349183.51,1.398243132,1.396580567,-17082.0417,-0.001662564805,0.03491620112,25.9650838,1,118.0278889,0,0,-34504436.55,0,1,-29350987.66,405,10.9821136
412,0,-20112304.73,-20112304.73,14392131.82,14392131.82,1.40076065,1.40076065,0,0,0,0,0,0,1,0,-34504436.55,0,1,-29350987.66,406,11.00327086
413,0,-20112304.73,-20168543.58,14392131.82,14335892.97,1.40076065,1.395287023,-56238.85017,-0.005473627485,0,18,1,95,0,0,-34504436.55,0,1,-29350987.66,407,11.02136755
414,0,-20112304.73,-25043229.49,14392131.82,9461207.064,1.40076065,0.9208424937,-4930924.759,-0.4799181564,0,702,1.274722222,2267.431101,0,0,-34504436.55,0,1,-29350987.66,408,11.0394659
415,0,-19303898.79,-19295324.52,15200537.77,15209112.04,1.479441366,1.480275885,8574.268161,0.0008345183043,0.8053491828,0.8053491828,0.01642424242,0.01642424242,0,0,-34504436.55,0,1,-29350987.66,409,11.07717943
416,0,-19290045.47,-19337992.23,15214391.09,15166444.32,1.480789685,1.476123112,-47946.76575,-0.004666573624,0.3743093923,15.62569061,1,83,0,0,-34504436.55,0,1,-29350987.66,410,11.10663843
417,0,-19271781.8,-19271781.8,15232654.76,15232654.76,1.482567256,1.482567256,0,0,0,0,0,0,1,0,-34504436.55,0,1,-29350987.66,411,11.12663651
418,0,-19271781.8,-19325924.72,15232654.76,15178511.84,1.482567256,1.477297621,-54142.92192,-0.005269634509,0,23,1,114.0333889,0,0,-34504436.55,0,1,-29350987.66,412,11.14480567
419,0,-19276164.64,-19276164.64,15228271.92,15228271.92,1.482140682,1.482140682,0,0,0,0,0,0,1,0,-34504436.55,0,1,-29350987.66,413,11.16467619
420,0,-19276164.64,-19325621.1,15228271.92,15178815.45,1.482140682,1.477327172,-49456.46556,-0.004813510027,0,20,1,94.002,0,0,-34504436.55,0,1,-29350987.66,414,11.18284869
421,0,-19271781.8,-23821887.77,15232654.76,10682548.79,1.482567256,1.039713516,-4550105.972,-0.4428537397,0,678,1.2355,2195.066944,0,0,-34504436.55,0,1,-29350987.66,415,11.20100188
422,0,-19110535.28,-19111057.61,15393901.27,15393378.95,1.498261093,1.498210256,-522.3238135,-5.083684985e-05,1.4426774,1.4426774,0.0396969697,0.0396969697,0,0,-34504436.55,0,1,-29350987.66,416,11.23581862
423,0,-19100173.19,-19099026.59,15404263.36,15405409.97,1.499269617,1.499381214,1146.602507,0.0001115967872,0.0953038674,0.0953038674,0,0,1,0,-34504436.55,0,1,-29350987.66,417,11.26518607
424,0,-19099026.59,-19166390.02,15405409.97,15338046.54,1.499381214,1.49282485,-67363.43003,-0.006556363102,0,14,1,73,0,0,-34504436.55,0,1,-29350987.66,418,11.28333592
425,0,-19102708.15,-19103409.43,15401728.4,15401027.12,1.499022893,1.49895464,-701.2761396,-6.825396219e-05,0.04972375691,0.04972375691,0.002181818182,0.002181818182,0,0,-34504436.55,0,1,-29350987.66,419,11.30144906
426,0,-19102708.15,-19147175.55,15401728.4,15357261.01,1.499022893,1.494694961,-44467.39446,-0.004327932592,0.04972375691,12.95027624,1,58,0,0,-34504436.55,0,1,-29350987.66,420,11.32185149
427,0,-19084923.15,-19084923.15,15419513.41,15419513.41,1.500753877,1.500753877,0,0,0,0,0,0,1,0,-34504436.55,0,1,-29350987.66,421,11.34176064
428,0,-19084923.15,-19151980.51,15419513.41,15352456.04,1.500753877,1.494227302,-67057.36575,-0.006526574408,0,15,1,79,0,0,-34504436.55,0,1,-29350987.66,422,11.3599267
429,0,-19089305.99,-19089305.99,15415130.57,15415130.57,1.500327303,1.500327303,0,0,0,0,0,0,1,0,-34504436.55,0,1,-29350987.66,423,11.37794948
430,0,-19089305.99,-19135407.99,15415130.57,15369028.57,1.500327303,1.495840277,-46102.00097,-0.004487025942,0,22,1,102.0184444,0,0,-34504436.55,0,1,-29350987.66,424,11.39613485
431,0,-19084923.15,-24964539.73,15419513.41,9539896.82,1.500753877,0.928501228,-5879616.588,-0.5722526486,0,712,1.464,2243.830121,0,0,-34504436.55,0,1,-29350987.66,425,11.41619015
432,0,-20184927.87,-20173995.19,14319508.68,14330441.36,1.393692369,1.394756427,10932.68006,0.001064058349,0.7348833987,0.7348833987,0.01315151515,0.01545454545,0,0,-34504436.55,0,1,-29350987.66,426,11.45208883
433,0,-20170708.3,-20226950.97,14333728.25,14277485.58,1.395076334,1.389602335,-56242.66861,-0.005473999128,0.3522099448,22.64779006,1,97.18809596,0,0,-34504436.55,0,1,-29350987.66,427,11.48582554
434,0,-20174352.63,-20175285.24,14330083.92,14329151.31,1.394721638,1.394630869,-932.6086603,-9.07691459e-05,0.08563535912,0.08563535912,0.003757575758,0.003757575758,0,0,-34504436.55,0,1,-29350987.66,428,11.50581956
435,0,-20174352.63,-20203353,14330083.92,14301083.56,1.394721638,1.391899084,-29000.36189,-0.002822553759,0.08563535912,27.91436464,1,119.3313788,0,0,-34504436.55,0,1,-29350987.66,429,11.52405381
436,0,-20160482.29,-20159850.83,14343954.26,14344585.73,1.396071614,1.396133073,631.46225,6.145910021e-05,0.05248618785,0.05248618785,0.002303030303,0.002303030303,0,0,-34504436.55,0,1,-29350987.66,430,11.54398894
437,0,-20160482.29,-20239187.98,14343954.26,14265248.57,1.396071614,1.388411329,-78705.69015,-0.007660285152,0.05248618785,11.94751381,1,56.01448485,0,0,-34504436.55,0,1,-29350987.66,431,11.56219506
438,0,-20175395.52,-20176425.8,14329041.04,14328010.76,1.394620136,1.394519861,-1030.280513,-0.000100275374,0.08563535912,0.08563535912,0.003757575758,0.003757575758,0,0,-34504436.55,0,1,-29350987.66,432,11.58210588
439,0,-20175395.52,-20218484.81,14329041.04,14285951.74,1.394620136,1.390426331,-43089.29692,-0.004193804804,0.08563535912,19.91436464,1,93.15905051,0,0,-34504436.55,0,1,-29350987.66,433,11.60028529
440,0,-20160482.29,-24228528.27,14343954.26,10275908.28,1.396071614,1.000135918,-4068045.98,-0.3959356961,0.05248618785,696.0524862,1.253666667,2260.397121,0,0,-34504436.55,0,1,-29350987.66,434,11.62039661
441,0,-20196711.73,-20097648.53,14307724.82,14406788.02,1.392545467,1.402187112,99063.19577,0.009641645047,1.344972067,1.344972067,0.00503030303,0.00503030303,0,0,-34504436.55,0,1,-29350987.66,435,11.66175699
442,0,-20095711.71,-20134240.51,14408724.85,14370196.05,1.40237562,1.39862568,-38528.80035,-0.003749939765,0.114640884,29.88535912,1,111.3080909,0,0,-34504436.55,0,1,-29350987.66,436,11.6962235
443,0,-20089342.68,-20089342.68,14415093.87,14415093.87,1.402995505,1.402995505,0,0,0,0,0,0,1,0,-34504436.55,0,1,-29350987.66,437,11.71649194
444,0,-20089342.68,-20146523.72,14415093.87,14357912.83,1.402995505,1.397430176,-57181.03847,-0.005565329001,0,16,1,74.10324747,0,0,-34504436.55,0,1,-29350987.66,438,11.73468351
445,0,-20080753.79,-20080753.79,14423682.77,14423682.77,1.403831448,1.403831448,0,0,0,0,0,0,1,0,-34504436.55,0,1,-29350987.66,439,11.75270557
446,0,-20080753.79,-20155112.62,14423682.77,14349323.93,1.403831448,1.396594234,-74358.83539,-0.007237213491,0,16,1,74.06486869,0,0,-34504436.55,0,1,-29350987.66,440,11.77084589
447,0,-20089342.68,-24863289.29,14415093.87,9641147.264,1.402995505,0.938355754,-4773946.607,-0.4646397515,0,687,1,2183.50453,0,0,-34504436.55,0,1,-29350987.66,441,11.78901172
448,0,-19946896.58,-19930188.11,14557539.98,14574248.45,1.416859532,1.418485738,16708.47039,0.001626205772,0.7343283582,0.7343283582,0.01490909091,0.01490909091,0,0,-34504436.55,0,1,-29350987.66,442,11.82492423
449,0,-19926178.09,-19962202.34,14578258.46,14542234.22,1.418876026,1.41536985,-36024.24619,-0.003506175953,0.3397790055,22.66022099,1,89.27090909,0,0,-34504436.55,0,1,-29350987.66,443,11.8544488
450,0,-19914490.42,-19914003.43,14589946.13,14590433.13,1.420013566,1.420060964,486.9973192,4.739858486e-05,0.03453038674,0.03453038674,0.001515151515,0.001515151515,0,0,-34504436.55,0,1,-29350987.66,444,11.8745544
451,0,-19913581.31,-19963307.41,14590855.25,14541129.15,1.420102048,1.415262295,-49726.10108,-0.004839753174,0.03453038674,20.96546961,1,87.11638384,0,0,-34504436.55,0,1,-29350987.66,445,11.89472151
452,0,-19906161.63,-19906161.63,14598274.93,14598274.93,1.420824193,1.420824193,0,0,0,0,0,0,1,0,-34504436.55,0,1,-29350987.66,446,11.91481185
453,0,-19906161.63,-19963342.67,14598274.93,14541093.89,1.420824193,1.415258864,-57181.03847,-0.005565329001,0,16,1,77.07553535,0,0,-34504436.55,0,1,-29350987.66,447,11.93309879
454,0,-19901778.79,-19901778.79,14602657.77,14602657.77,1.421250767,1.421250767,0,0,0,0,0,0,1,0,-34504436.55,0,1,-29350987.66,448,11.95109677
455,0,-19901778.79,-19967725.51,14602657.77,14536711.05,1.421250767,1.41483229,-65946.71966,-0.006418477196,0,16,1,77.05137374,0,0,-34504436.55,0,1,-29350987.66,449,11.96930528
456,0,-19906161.63,-25498257.46,14598274.93,9006179.089,1.420824193,0.8765554285,-5592095.838,-0.5442687642,0,734,1.220944444,2440.300217,0,0,-34504436.55,0,1,-29350987.66,450,11.98746443
457,0,-19542758.74,-19540829.63,14961677.82,14963606.93,1.456193551,1.456381308,1929.109143,0.0001877567695,2.162208347,2.162208347,0.05387878788,0.09181818182,0,0,-34504436.55,0,1,-29350987.66,451,12.03787184
458,0,-19467117.07,-19461110.42,15037319.49,15043326.14,1.46355562,1.464140237,6006.650203,0.0005846166049,0.3642079371,0.3642079371,0.01,0.01,0,0,-34504436.55,0,1,-29350987.66,452,12.06963658
459,0,-19464200.5,-19513571.34,15040236.06,14990865.22,1.463839485,1.459034309,-49370.83999,-0.004805176243,0.2288488211,27.77115118,1,109.4017222,0,0,-34504436.55,0,1,-29350987.66,453,12.09034443
460,0,-19473289.44,-19470069.17,15031147.12,15034367.39,1.462954875,1.463268298,3220.269773,0.0003134231424,0.1906077348,0.1906077348,0.008363636364,0.008363636364,0,0,-34504436.55,0,1,-29350987.66,454,12.11100602
461,0,-19467277.89,-19520655.84,15037158.67,14983780.71,1.463539968,1.458344787,-53377.95187,-0.005195181332,0.1906077348,16.80939227,1,73.1160101,0,0,-34504436.55,0,1,-29350987.66,455,12.1312499
462,0,-19472548.24,-19478942.68,15031888.31,15025493.87,1.463027014,1.462404655,-6394.438404,-0.0006223593423,0.3370165746,0.3370165746,0,0,1,0,-34504436.55,0,1,-29350987.66,456,12.15140104
463,0,-19478942.68,-19528076.92,15025493.87,14976359.63,1.462404655,1.457622506,-49134.24107,-0.00478214849,0,20,1,82.25436364,0,0,-34504436.55,0,1,-29350987.66,457,12.17163706
464,0,-19478571.08,-19474398.73,15025865.48,15030037.83,1.462440822,1.46284691,4172.349532,0.0004060873757,0.1906077348,0.1906077348,0.008363636364,0.008363636364,0,0,-34504436.55,0,1,-29350987.66,458,12.18966055
465,0,-19472448.88,-19526019.92,15031987.68,14978416.63,1.463036685,1.45782271,-53571.0474,-0.005213974977,0.1906077348,20.80939227,1,86.17632323,0,0,-34504436.55,0,1,-29350987.66,459,12.20994353
466,0,-19476817.77,-19480937.67,15027618.79,15023498.88,1.462611469,1.462210485,-4119.906623,-0.0004009832004,0.3370165746,0.3370165746,0,0,1,0,-34504436.55,0,1,-29350987.66,460,12.23023009
467,0,-19480937.67,-19539213.2,15023498.88,14965223.36,1.462210485,1.456538632,-58275.52436,-0.005671853371,0,14,1,63.15081313,0,0,-34504436.55,0,1,-29350987.66,461,12.25049782
468,0,-19474063.61,-19476393.72,15030372.94,15028042.83,1.462879526,1.46265274,-2330.111123,-0.0002267855806,0.1906077348,0.1906077348,0.008363636364,0.008363636364,0,0,-34504436.55,0,1,-29350987.66,462,12.26867962
469,0,-19474063.61,-19530730.87,15030372.94,14973705.69,1.462879526,1.457364202,-56667.25661,-0.005515323525,0.1906077348,11.80939227,1,47.03484848,0,0,-34504436.55,0,1,-29350987.66,463,12.2888701
470,0,-19476817.77,-25653369.49,15027618.79,8851067.067,1.462611469,0.8614586506,-6176551.72,-0.6011528181,0.3370165746,668.3370166,1,2264.79246,0,0,-34504436.55,0,1,-29350987.66,464,12.30920506
471,0,-19667278.72,-19684738.37,14837157.83,14819698.18,1.444074242,1.442374925,-17459.64904,-0.001699316658,2.727403983,2.727403983,0.02539393939,0.04406060606,0,0,-34504436.55,0,1,-29350987.66,465,12.35245228
472,0,-19677543.77,-19704645.86,14826892.78,14799790.7,1.443075163,1.440437365,-27102.08774,-0.002637798105,0.8572566146,0.8572566146,0.01254545455,0.01866666667,0,0,-34504436.55,0,1,-29350987.66,466,12.40909863
473,0,-19685930.21,-19615119.22,14818506.34,14889317.33,1.442258925,1.449150833,70810.98988,0.006891907984,0.4359858964,12.5640141,1,31,0,0,-34504436.55,0,1,-29350987.66,467,12.42998981
474,0,-19628046.4,-19628046.4,14876390.15,14876390.15,1.447892654,1.447892654,0,0,0,0,0,0,1,0,-34504436.55,0,1,-29350987.66,468,12.45510769
475,0,-19628046.4,-19693512.23,14876390.15,14810924.32,1.447892654,1.441520981,-65465.83145,-0.0063716732,0,17,1,76.01905556,0,0,-34504436.55,0,1,-29350987.66,469,12.4733305
476,0,-19632590.35,-19632590.35,14871846.2,14871846.2,1.447450399,1.447450399,0,0,0,0,0,0,1,0,-34504436.55,0,1,-29350987.66,470,12.49137497
477,0,-19632590.35,-19672616.12,14871846.2,14831820.43,1.447450399,1.443554762,-40025.76788,-0.003895636958,0,27,1,113.2354343,0,0,-34504436.55,0,1,-29350987.66,471,12.50957775
478,0,-19621064.5,-19621064.5,14883372.06,14883372.06,1.44857219,1.44857219,0,0,0,0,0,0,1,0,-34504436.55,0,1,-29350987.66,472,12.52939248
479,0,-19621064.5,-19688899.51,14883372.06,14815537.04,1.44857219,1.441969929,-67835.01389,-0.006602261522,0,12,1,52,0,0,-34504436.55,0,1,-29350987.66,473,12.54749012
480,0,-19625608.45,-19625608.45,14878828.1,14878828.1,1.448129935,1.448129935,0,0,0,0,0,0,1,0,-34504436.55,0,1,-29350987.66,474,12.56541896
481,0,-19625608.45,-19684355.56,14878828.1,14820081,1.448129935,1.442412184,-58747.10821,-0.00571775179,0,12,1,52,0,0,-34504436.55,0,1,-29350987.66,475,12.58355927
482,0,-19621064.5,-24953233.62,14883372.06,9551202.934,1.44857219,0.9296016321,-5332169.123,-0.5189705583,0,682,1.033555556,2315.991192,0,0,-34504436.55,0,1,-29350987.66,476,12.60164404
483,0,-19765253.98,-19656097.1,14739182.58,14848339.46,1.434538484,1.44516253,109156.881,0.01062404552,2.409533602,2.409533602,0.01133333333,0.01133333333,0,0,-34504436.55,0,1,-29350987.66,477,12.64400673
484,0,-19658406.31,-19732740.86,14846030.25,14771695.69,1.444937778,1.437702928,-74334.55216,-0.007234850048,0.2582872928,13.74171271,1,62.00133333,0,0,-34504436.55,0,1,-29350987.66,478,12.67391825
485,0,-19670138.87,-19669767.4,14834297.68,14834669.15,1.443795869,1.443832023,371.4669906,3.615422299e-05,0.03038674033,0.03038674033,0.001333333333,0.001333333333,0,0,-34504436.55,0,1,-29350987.66,479,12.6939714
486,0,-19670138.87,-19731101.8,14834297.68,14773334.75,1.443795869,1.437862455,-60962.9299,-0.005933413783,0.03038674033,24.96961326,1,102.0689444,0,0,-34504436.55,0,1,-29350987.66,480,12.71217108
487,0,-19680689.92,-19680689.92,14823746.63,14823746.63,1.442768953,1.442768953,0,0,0,0,0,0,1,0,-34504436.55,0,1,-29350987.66,481,12.73206282
488,0,-19680689.92,-19748524.94,14823746.63,14755911.62,1.442768953,1.436166692,-67835.01389,-0.006602261522,0,12,1,57,0,0,-34504436.55,0,1,-29350987.66,482,12.75017667
489,0,-19681500.23,-19685233.88,14822936.32,14819202.68,1.442690088,1.442326699,-3733.646114,-0.0003633891506,0.2209944751,0.2209944751,0.009696969697,0.009696969697,0,0,-34504436.55,0,1,-29350987.66,483,12.7684083
490,0,-19681500.23,-19711180.69,14822936.32,14793255.87,1.442690088,1.439801342,-29680.45677,-0.002888746187,0.2209944751,23.77900552,1,94.14790909,0,0,-34504436.55,0,1,-29350987.66,484,12.78897667
491,0,-19660553.34,-19660553.34,14843883.21,14843883.21,1.444728811,1.444728811,0,0,0,0,0,0,1,0,-34504436.55,0,1,-29350987.66,485,12.80919814
492,0,-19660553.34,-19716150.68,14843883.21,14788285.87,1.444728811,1.439317621,-55597.33942,-0.005411190383,0,27,1,114.1979545,0,0,-34504436.55,0,1,-29350987.66,486,12.82737231
493,0,-19668339.13,-19668339.13,14836097.43,14836097.43,1.443971034,1.443971034,0,0,0,0,0,0,1,0,-34504436.55,0,1,-29350987.66,487,12.84533763
494,0,-19668339.13,-19717473.37,14836097.43,14786963.19,1.443971034,1.439188886,-49134.24107,-0.00478214849,0,20,1,85.0864899,0,0,-34504436.55,0,1,-29350987.66,488,12.86347866
495,0,-19660553.34,-26729146.8,14843883.21,7775289.751,1.444728811,0.7567551535,-7068593.461,-0.6879736577,0,755,1,2527.597828,0,0,-34504436.55,0,1,-29350987.66,489,12.88161445
496,0,-19750876.27,-19754140.68,14753560.28,14750295.88,1.435937841,1.435620122,-3264.409126,-0.0003177191473,1.62569764,1.62569764,0.018,0.018,0,0,-34504436.55,0,1,-29350987.66,490,12.92737412
497,0,-19748558.67,-19811867.73,14755877.89,14692568.83,1.436163409,1.43000165,-63309.06074,-0.006161758534,0.41029369,27.58970631,1,107.2232727,0,0,-34504436.55,0,1,-29350987.66,491,12.96861529
498,0,-19720604.93,-19716908.15,14783831.63,14787528.4,1.438884097,1.439243898,3696.776113,0.0003598006588,0.8474005601,0.8474005601,0.02133333333,0.03266666667,0,0,-34504436.55,0,1,-29350987.66,492,12.99076939
499,0,-19651971.76,-19562656.68,14852464.8,14941779.87,1.445564042,1.454256919,89315.07225,0.008692877484,0.7451906154,19.25480938,1,64.27160101,0,0,-34504436.55,0,1,-29350987.66,493,13.0166173
500,0,-19570916.16,-19575044.7,14933520.39,14929391.86,1.453453039,1.453051216,-4128.533973,-0.0004018228851,0.4102209945,0.4102209945,0.018,0.018,0,0,-34504436.55,0,1,-29350987.66,494,13.03753424
501,0,-19570916.16,-19649048.31,14933520.39,14855388.25,1.453453039,1.445848576,-78132.14631,-0.007604463148,0.4102209945,15.58977901,1,59.04497475,0,0,-34504436.55,0,1,-29350987.66,495,13.05750179
502,0,-19576156.64,-19575764.4,14928279.91,14928672.16,1.452942992,1.452981169,392.2457851,3.817658619e-05,0.8494475138,0.8494475138,0.02133333333,0.03278787879,0,0,-34504436.55,0,1,-29350987.66,496,13.07837391
503,0,-19516134.83,-19495588.08,14988301.72,15008848.48,1.458784809,1.460784588,20546.75383,0.001999779088,0.7472375691,28.25276243,1,100.2966313,0,0,-34504436.55,0,1,-29350987.66,497,13.0993154
504,0,-19442801.63,-19442801.63,15061634.92,15061634.92,1.465922199,1.465922199,0,0,0,0,0,0,1,0,-34504436.55,0,1,-29350987.66,498,13.1191678
505,0,-19442801.63,-19498398.97,15061634.92,15006037.58,1.465922199,1.460511008,-55597.33942,-0.005411190383,0,27,1,110.3048384,0,0,-34504436.55,0,1,-29350987.66,499,13.1372726
506,0,-19443139.53,-19443139.53,15061297.03,15061297.03,1.465889312,1.465889312,0,0,0,0,0,0,1,0,-34504436.55,0,1,-29350987.66,500,13.15522456
507,0,-19443139.53,-19502297.01,15061297.03,15002139.55,1.465889312,1.46013162,-59157.47921,-0.005757692471,0,24,1,104.2487626,0,0,-34504436.55,0,1,-29350987.66,501,13.17328262
508,0,-19442801.63,-25743985.98,15061634.92,8760450.577,1.465922199,0.8526391084,-6301184.345,-0.6132830903,0,722,1.128666667,2387.558965,0,0,-34504436.55,0,1,-29350987.66,502,13.19132638
509,0,-20163570,-20145692.13,14340866.56,14358744.43,1.395771093,1.397511114,17877.86767,0.001740021134,2.516828884,2.516828884,0.01606060606,0.02836363636,0,0,-34504436.55,0,1,-29350987.66,503,13.24255991
510,0,-20120717.02,-20161812.58,14383719.53,14342623.97,1.399941897,1.395942139,-41095.5613,-0.003999758053,0.6464088398,15.35359116,1,57.20959596,0,0,-34504436.55,0,1,-29350987.66,504,13.2988708
511,0,-20077726.8,-20065171.38,14426709.76,14439265.17,1.404126059,1.405348056,12555.41517,0.001221996278,0.7914364641,0.7914364641,0.01175757576,0.0163030303,0,0,-34504436.55,0,1,-29350987.66,505,13.32039499
512,0,-20062797.97,-20130006,14441638.59,14374430.55,1.405579056,1.399037817,-67208.03917,-0.006541239186,0.3715469613,17.62845304,1,79.19056061,0,0,-34504436.55,0,1,-29350987.66,506,13.34078622
513,0,-20053673.27,-20050507.41,14450763.29,14453929.14,1.406467146,1.406775273,3165.85484,0.0003081270334,1.437126001,1.437126001,0.01606060606,0.01660606061,0,0,-34504436.55,0,1,-29350987.66,507,13.36084843
514,0,-20055862.76,-20132573.82,14448573.79,14371862.73,1.406254047,1.398787896,-76711.05811,-0.007466151155,0.3784530387,29.62154696,1,107.3635808,0,0,-34504436.55,0,1,-29350987.66,508,13.38207793
515,0,-20057732.98,-25923398.36,14446703.58,8581038.198,1.406072022,0.83517722,-5865665.379,-0.5708948022,1.521885187,694.0635359,1.407166667,2354.791167,0,0,-34504436.55,0,1,-29350987.66,509,13.4023726
516,0,-21291290.79,-21322926.41,13213145.77,13181510.14,1.286012029,1.28293299,-31635.62427,-0.00307903917,1.620437243,1.620437243,0.02333333333,0.04248484848,0,0,-34504436.55,0,1,-29350987.66,510,13.44396734
517,0,-21262116.07,-21227389.69,13242320.48,13277046.86,1.288851553,1.29223141,34726.37738,0.003379856685,0.980570388,0.980570388,0.01048484848,0.01915151515,0,0,-34504436.55,0,1,-29350987.66,511,13.48930526
518,0,-21225724.71,-21280352,13278711.85,13224084.56,1.29239346,1.287076682,-54627.29353,-0.005316777538,0.4364640884,12.56353591,1,51.13169192,0,0,-34504436.55,0,1,-29350987.66,512,13.5129118
519,0,-21223854.78,-21204169.21,13280581.77,13300267.35,1.292575457,1.294491418,19685.57329,0.001915961914,1.182320442,1.182320442,0.02333333333,0.032,0,0,-34504436.55,0,1,-29350987.66,513,13.53368092
520,0,-21188007.49,-21182016.17,13316429.06,13322420.38,1.296064409,1.296647534,5991.31977,0.000583124521,0.7872928177,16.21270718,1,70.20193434,0,0,-34504436.55,0,1,-29350987.66,514,13.55386543
521,0,-21117952.26,-21119196.7,13386484.3,13385239.86,1.302882761,1.302761642,-1244.437506,-0.0001211188941,0.4364640884,0.4364640884,0.01048484848,0.01915151515,0,0,-34504436.55,0,1,-29350987.66,515,13.57486582
522,0,-21117952.26,-21171098.53,13386484.3,13333338.03,1.302882761,1.297710129,-53146.27012,-0.005172632158,0.4364640884,19.56353591,1,91.21820707,0,0,-34504436.55,0,1,-29350987.66,516,13.59497356
523,0,-21119211.24,-21112003.24,13385225.32,13392433.31,1.302760227,1.303461768,7207.996876,0.0007015415446,0.5317679558,0.5317679558,0.02333333333,0.02333333333,0,0,-34504436.55,0,1,-29350987.66,517,13.6155746
524,0,-21119211.24,-21179578.87,13385225.32,13324857.69,1.302760227,1.296884752,-60367.63172,-0.005875474467,0.5317679558,14.46823204,1,59.18265152,0,0,-34504436.55,0,1,-29350987.66,518,13.63540101
525,0,-21108069.51,-21101793.56,13396367.04,13402642.99,1.303844631,1.304455458,6275.951585,0.0006108272305,0.3950276243,0.3950276243,0.008666666667,0.008666666667,0,0,-34504436.55,0,1,-29350987.66,519,13.65545607
526,0,-21104707.61,-21175921.12,13399728.95,13328515.43,1.304171839,1.297240754,-71213.51475,-0.006931085015,0.1975138122,11.80248619,1,51.09060606,0,0,-34504436.55,0,1,-29350987.66,520,13.67387247
527,0,-21104157.73,-21097249.61,13400278.82,13407186.95,1.304225358,1.304897713,6908.123838,0.000672355434,0.4682320442,0.4682320442,0.008666666667,0.008666666667,0,0,-34504436.55,0,1,-29350987.66,521,13.6935215
528,0,-21100163.65,-21166246.06,13404272.9,13338190.49,1.304614094,1.298182411,-66082.40818,-0.006431683519,0.1975138122,29.80248619,1,118.3437727,0,0,-34504436.55,0,1,-29350987.66,522,13.71333694
529,0,-21107932.83,-21101024.71,13396503.72,13403411.85,1.303857934,1.304530289,6908.123838,0.000672355434,0.4682320442,0.4682320442,0.008666666667,0.008666666667,0,0,-34504436.55,0,1,-29350987.66,523,13.73309016
530,0,-21103938.75,-21174525.45,13400497.8,13329911.11,1.30424667,1.297376593,-70586.69509,-0.00687007777,0.1975138122,12.80248619,1,57.11834848,0,0,-34504436.55,0,1,-29350987.66,524,13.75301552
531,0,-21103388.88,-21096480.75,13401047.68,13407955.8,1.304300189,1.304972544,6908.123838,0.000672355434,0.4682320442,0.4682320442,0.008666666667,0.008666666667,0,0,-34504436.55,0,1,-29350987.66,525,13.77265835
532,0,-21099394.8,-21180949.86,13405041.75,13323486.69,1.304688925,1.296751316,-81555.05974,-0.007937609237,0.1975138122,9.802486188,1,44.03529293,0,0,-34504436.55,0,1,-29350987.66,526,13.79252458
533,0,-21107932.83,-26777063.84,13396503.72,7727372.716,1.303857934,0.7520914735,-5669131.007,-0.5517664605,0.4682320442,716.468232,1.209055556,2405.037318,0,0,-34504436.55,0,1,-29350987.66,527,13.81239939
534,0,-20688098.29,-20813926.48,13816338.27,13690510.08,1.344719685,1.332473051,-125828.1876,-0.0122466342,1.309261439,1.309261439,0.04709090909,0.04709090909,0,0,-34504436.55,0,1,-29350987.66,528,13.8622787
535,0,-20831484.34,-20912948.41,13672952.22,13591488.14,1.330764175,1.322835421,-81464.07425,-0.007928753781,1.07320442,28.92679558,1,111.0771515,0,0,-34504436.55,0,1,-29350987.66,529,13.89374232
536,0,-20894099.17,-20898712.14,13610337.39,13605724.41,1.324669985,1.324221013,-4612.972745,-0.0004489724511,0.25,0.25,0.0003636363636,0.0003636363636,0,0,-34504436.55,0,1,-29350987.66,530,13.91375875
537,0,-20898613.52,-20929604.95,13605823.03,13574831.6,1.324230611,1.32121427,-30991.4265,-0.003016340544,0.008287292818,29.99171271,1,112.1619394,0,0,-34504436.55,0,1,-29350987.66,531,13.93430185
538,0,-20883310.05,-20883310.05,13621126.5,13621126.5,1.325720071,1.325720071,0,0,0,0,0,0,1,0,-34504436.55,0,1,-29350987.66,532,13.95416355
539,0,-20883310.05,-20938177.73,13621126.5,13566258.82,1.325720071,1.320379897,-54867.68216,-0.005340174137,0,22,1,95.06833333,0,0,-34504436.55,0,1,-29350987.66,533,13.97223568
540,0,-20884612.17,-20884612.17,13619824.38,13619824.38,1.325593338,1.325593338,0,0,0,0,0,0,1,0,-34504436.55,0,1,-29350987.66,534,13.99044347
541,0,-20884612.17,-20933530.94,13619824.38,13570905.61,1.325593338,1.32083216,-48918.77182,-0.00476117725,0,25,1,114.130096,0,0,-34504436.55,0,1,-29350987.66,535,14.00848126
542,0,-20883310.05,-27310931.92,13621126.5,7193504.635,1.325720071,0.7001310405,-6427621.87,-0.6255890301,0,711,1.172,2362.234364,0,0,-34504436.55,0,1,-29350987.66,536,14.02847314
543,0,-22111519.89,-22118295.42,12392916.67,12386141.14,1.206180587,1.205521137,-6775.532103,-0.0006594505158,0.8924703632,0.8924703632,0.009515151515,0.01260606061,0,0,-34504436.55,0,1,-29350987.66,537,14.07288909
544,0,-22115782.94,-22188349.37,12388653.62,12316087.19,1.205765672,1.19870291,-72566.43088,-0.007062761942,0.2872928177,11.71270718,1,51.08422222,0,0,-34504436.55,0,1,-29350987.66,538,14.10909986
545,0,-22122269.24,-22122286.59,12382167.32,12382149.97,1.205134372,1.205132683,-17.35388719,-1.689023044e-06,0.00138121547,0.00138121547,6.060606061e-05,6.060606061e-05,0,0,-34504436.55,0,1,-29350987.66,539,14.12891245
546,0,-22122269.24,-22154238.72,12382167.32,12350197.84,1.205134372,1.202022839,-31969.48267,-0.003111533016,0.00138121547,22.99861878,1,97.25072222,0,0,-34504436.55,0,1,-29350987.66,540,14.1451633
547,0,-22103338.91,-22101936.59,12401097.64,12402499.97,1.206976827,1.207113312,1402.323066,0.0001364856155,0.07044198895,0.07044198895,0.003090909091,0.003090909091,0,0,-34504436.55,0,1,-29350987.66,541,14.16500211
548,0,-22103338.91,-22180399.22,12401097.64,12324037.33,1.206976827,1.199476683,-77060.30986,-0.007500143208,0.07044198895,26.92955801,1,111.3371313,0,0,-34504436.55,0,1,-29350987.66,542,14.18319893
549,0,-22130712.11,-22130712.11,12373724.45,12373724.45,1.204312642,1.204312642,0,0,0,0,0,0,1,0,-34504436.55,0,1,-29350987.66,543,14.20311308
550,0,-22130712.11,-22176491.88,12373724.45,12327944.67,1.204312642,1.199856978,-45779.77648,-0.004455664405,0,22,1,95.31487374,0,0,-34504436.55,0,1,-29350987.66,544,14.22119689
551,0,-22131301.05,-22122926.32,12373135.5,12381510.23,1.204255321,1.205070419,8374.730566,0.0008150976642,0.364640884,0.364640884,0.016,0.016,0,0,-34504436.55,0,1,-29350987.66,545,14.23910332
552,0,-22116967.37,-22169762.29,12387469.18,12334674.26,1.205650393,1.200511957,-52794.92138,-0.005138436008,0.364640884,19.63535912,1,94.16985859,0,0,-34504436.55,0,1,-29350987.66,546,14.25918341
553,0,-22112279.47,-22111128.31,12392157.09,12393308.25,1.206106658,1.206218699,1151.160726,0.0001120404306,0.07044198895,0.07044198895,0.003090909091,0.003090909091,0,0,-34504436.55,0,1,-29350987.66,547,14.27903295
554,0,-22112279.47,-22177907.12,12392157.09,12326529.43,1.206106658,1.199719235,-65627.65791,-0.006387423482,0.07044198895,23.92955801,1,101.311298,0,0,-34504436.55,0,1,-29350987.66,548,14.29713368
555,0,-22124542.99,-22126168.15,12379893.57,12378268.4,1.204913072,1.204754897,-1625.168084,-0.0001581747256,0.09944751381,0.09944751381,0.004363636364,0.004363636364,0,0,-34504436.55,0,1,-29350987.66,549,14.31691957
556,0,-22124542.99,-22166221.74,12379893.57,12338214.81,1.204913072,1.200856552,-41678.75521,-0.004056519282,0.09944751381,21.90055249,1,95.19125253,0,0,-34504436.55,0,1,-29350987.66,550,14.33685517
557,0,-22112279.47,-25622609.18,12392157.09,8881827.37,1.206106658,0.8644524963,-3510329.718,-0.3416541621,0.07044198895,716.070442,1.100222222,2287.447641,0,0,-34504436.55,0,1,-29350987.66,551,14.35680509
558,0,-21286875.92,-21291790.33,13217560.64,13212646.23,1.286441721,1.28596341,-4914.411697,-0.0004783109694,0.4129834254,0.4129834254,0,0,1,0,-34504436.55,0,1,-29350987.66,552,14.39609075
559,0,-21291790.33,-21344939.15,13212646.23,13159497.4,1.28596341,1.280790529,-53148.82512,-0.005172880831,0,21,1,89.21021717,0,0,-34504436.55,0,1,-29350987.66,553,14.424757
560,0,-21295193.27,-21295193.27,13209243.28,13209243.28,1.285632208,1.285632208,0,0,0,0,0,0,1,0,-34504436.55,0,1,-29350987.66,554,14.44274068
561,0,-21295193.27,-21341536.21,13209243.28,13162900.35,1.285632208,1.281121732,-46342.93477,-0.004510475602,0,21,1,89.22835354,0,0,-34504436.55,0,1,-29350987.66,555,14.46086788
562,0,-21291790.33,-26388255.78,13212646.23,8116180.77,1.28596341,0.7899334714,-5096465.456,-0.4960299387,0,656,1.321166667,2174.565348,0,0,-34504436.55,0,1,-29350987.66,556,14.47902608
563,0,-21682722.51,-21683482.06,12821714.04,12820954.5,1.247914674,1.247840749,-759.5436578,-7.392503634e-05,0.1277860327,0.1277860327,0.002606060606,0.002606060606,0,0,-34504436.55,0,1,-29350987.66,557,14.50729251
564,0,-21681701,-21710290.5,12822735.55,12794146.05,1.248014096,1.245231531,-28589.50023,-0.002782565323,0.06005586592,16.93994413,1,81.18058081,0,0,-34504436.55,0,1,-29350987.66,558,14.53786278
565,0,-21653825.41,-21653825.41,12850611.15,12850611.15,1.250727178,1.250727178,0,0,0,0,0,0,1,0,-34504436.55,0,1,-29350987.66,559,14.55949974
566,0,-21653825.41,-21712423.16,12850611.15,12792013.4,1.250727178,1.245023963,-58597.74884,-0.005703214908,0,14,1,70.14232323,0,0,-34504436.55,0,1,-29350987.66,560,14.57765889
567,0,-21653825.41,-27042464.13,12850611.15,7461972.428,1.250727178,0.7262605344,-5388638.719,-0.5244666438,0,694,1.387888889,2264.980687,0,0,-34504436.55,0,1,-29350987.66,561,14.59589577
568,0,-20931138.65,-20919087.99,13573297.9,13585348.57,1.321064998,1.322237867,12050.66092,0.001172869442,0.8108108108,0.8108108108,0,0,1,0,-34504436.55,0,1,-29350987.66,562,14.63167191
569,0,-20919087.99,-20966021.99,13585348.57,13538414.56,1.322237867,1.317669864,-46934.00612,-0.004568003527,0,29,1,121.2280909,0,0,-34504436.55,0,1,-29350987.66,563,14.66181803
570,0,-20916151.03,-20916151.03,13588285.52,13588285.52,1.322523716,1.322523716,0,0,0,0,0,0,1,0,-34504436.55,0,1,-29350987.66,564,14.68174767
571,0,-20916151.03,-20975220.36,13588285.52,13529216.19,1.322523716,1.316774603,-59069.3327,-0.005749113327,0,12,1,55,0,0,-34504436.55,0,1,-29350987.66,565,14.69989705
572,0,-20912106.09,-20912106.09,13592330.47,13592330.47,1.322917404,1.322917404,0,0,0,0,0,0,1,0,-34504436.55,0,1,-29350987.66,566,14.71791077
573,0,-20912106.09,-20979676.66,13592330.47,13524759.89,1.322917404,1.31634088,-67570.57434,-0.00657652409,0,19,1,85.02855556,0,0,-34504436.55,0,1,-29350987.66,567,14.73604393
574,0,-20919392.86,-20919392.86,13585043.69,13585043.69,1.322208194,1.322208194,0,0,0,0,0,0,1,0,-34504436.55,0,1,-29350987.66,568,14.7539947
575,0,-20919392.86,-20975631.72,13585043.69,13528804.84,1.322208194,1.316734567,-56238.85017,-0.005473627485,0,18,1,85.04027778,0,0,-34504436.55,0,1,-29350987.66,569,14.77229619
576,0,-20915347.92,-20915347.92,13589088.64,13589088.64,1.322601882,1.322601882,0,0,0,0,0,0,1,0,-34504436.55,0,1,-29350987.66,570,14.7902739
577,0,-20915347.92,-20968021.73,13589088.64,13536414.82,1.322601882,1.317475233,-52673.81335,-0.005126648778,0,24,1,112.1560505,0,0,-34504436.55,0,1,-29350987.66,571,14.80840278
578,0,-20916151.03,-25357076.55,13588285.52,9147360.003,1.322523716,0.8902963162,-4440925.52,-0.4322274,0,678,1,2236.535899,0,0,-34504436.55,0,1,-29350987.66,572,14.82653618
579,0,-20574460.78,-20558492.17,13929975.78,13945944.38,1.355779823,1.357334018,15968.60276,0.001554195769,0.9980384997,0.9980384997,0.03666666667,0.03666666667,0,0,-34504436.55,0,1,-29350987.66,573,14.87627363
580,0,-20577226.43,-20651743.37,13927210.12,13852693.18,1.355510646,1.348258045,-74516.93924,-0.007252601459,0.876335175,20.12366483,1,80.06295455,0,0,-34504436.55,0,1,-29350987.66,574,14.92381525
581,0,-20623903.32,-20623903.32,13880533.24,13880533.24,1.350967667,1.350967667,0,0,0,0,0,0,1,0,-34504436.55,0,1,-29350987.66,575,14.94901133
582,0,-20623903.32,-20675893.51,13880533.24,13828543.05,1.350967667,1.345907555,-51990.18815,-0.005060112751,0,24,1,104,0,0,-34504436.55,0,1,-29350987.66,576,14.96714926
583,0,-20627606.45,-20627606.45,13876830.1,13876830.1,1.350607248,1.350607248,0,0,0,0,0,0,1,0,-34504436.55,0,1,-29350987.66,577,14.98511267
584,0,-20627606.45,-20687973.5,13876830.1,13816463.06,1.350607248,1.344731831,-60367.04527,-0.00587541739,0,10,1,49,0,0,-34504436.55,0,1,-29350987.66,578,15.00323391
585,0,-20627606.45,-25073980.94,13876830.1,9430455.615,1.350607248,0.9178495098,-4446374.487,-0.4327577383,0,686,1,2118.316455,0,0,-34504436.55,0,1,-29350987.66,579,15.02138782
586,0,-21975955.28,-21986995.31,12528481.27,12517441.25,1.219374849,1.218300343,-11040.0248,-0.001074506022,1.728433402,1.728433402,0.002545454545,0.002545454545,0,0,-34504436.55,0,1,-29350987.66,580,15.05496979
587,0,-21986384.64,-22022957.4,12518051.91,12481479.15,1.218359778,1.214800216,-36572.76128,-0.003559561954,0.05801104972,26.94198895,1,106.2839141,0,0,-34504436.55,0,1,-29350987.66,581,15.09354186
588,0,-21981241.23,-21977388.2,12523195.33,12527048.36,1.218860377,1.219235386,3853.031979,0.000375008765,0.3660220994,0.3660220994,0.01606060606,0.01606060606,0,0,-34504436.55,0,1,-29350987.66,582,15.11345696
589,0,-21981241.23,-22044628.83,12523195.33,12459807.72,1.218860377,1.212690974,-63387.60412,-0.006169403022,0.3660220994,12.6339779,1,57.13494444,0,0,-34504436.55,0,1,-29350987.66,583,15.13160443
590,0,-21987464.24,-21987914.97,12516972.32,12516521.58,1.218254703,1.218210834,-450.7320428,-4.386894986e-05,0.04281767956,0.04281767956,0.001878787879,0.001878787879,0,0,-34504436.55,0,1,-29350987.66,584,15.15153193
591,0,-21987464.24,-22032420.91,12516972.32,12472015.65,1.218254703,1.21387915,-44956.6699,-0.004375552902,0.04281767956,16.95718232,1,77.14813131,0,0,-34504436.55,0,1,-29350987.66,585,15.16961861
592,0,-21981241.23,-27344394.05,12523195.33,7160042.508,1.218860377,0.6968742311,-5363152.818,-0.5219861464,0.3660220994,722.3660221,1.292555556,2342.720768,0,0,-34504436.55,0,1,-29350987.66,586,15.18971848
593,0,-22045504.18,-22186744.5,12458932.37,12317692.05,1.212605778,1.198859108,-141240.3238,-0.01374667007,1.298848617,1.298848617,0.04842424242,0.04842424242,0,0,-34504436.55,0,1,-29350987.66,587,15.23392463
594,0,-22078649.37,-22088593.74,12425787.18,12415842.82,1.209379816,1.208411948,-9944.3618,-0.0009678670868,0.1035911602,0.1035911602,0.004545454545,0.004545454545,0,0,-34504436.55,0,1,-29350987.66,588,15.27115607
595,0,-22078649.37,-22049062.59,12425787.18,12455373.97,1.209379816,1.212259445,29586.78456,0.002879629237,0.1035911602,16.89640884,1,86.19399495,0,0,-34504436.55,0,1,-29350987.66,589,15.28742719
596,0,-21992597.5,-21992597.5,12511839.06,12511839.06,1.217755092,1.217755092,0,0,0,0,0,0,1,0,-34504436.55,0,1,-29350987.66,590,15.30734134
597,0,-21992597.5,-22050100.76,12511839.06,12454335.8,1.217755092,1.212158402,-57503.26295,-0.005596690538,0,16,1,87.18929798,0,0,-34504436.55,0,1,-29350987.66,591,15.32550454
598,0,-21992597.5,-27622818.21,12511839.06,6881618.349,1.217755092,0.6697757018,-5630220.709,-0.5479793903,0,702,1.023222222,2396.977525,0,0,-34504436.55,0,1,-29350987.66,592,15.34366465
599,0,-22482055.85,-22492280.79,12022380.71,12012155.76,1.170116979,1.169121804,-10224.9432,-0.0009951755765,0.9777117385,0.9777117385,0,0,1,0,-34504436.55,0,1,-29350987.66,593,15.37429023
600,0,-22492280.79,-22550572.48,12012155.76,11953864.08,1.169121804,1.163448378,-58291.68455,-0.005673426214,0,15,1,86.08594444,0,0,-34504436.55,0,1,-29350987.66,594,15.40240383
601,0,-22492280.79,-27530264.57,12012155.76,6974171.983,1.169121804,0.6787837828,-5037983.78,-0.490338021,0,748,1.599277778,2580.192369,0,0,-34504436.55,0,1,-29350987.66,595,15.42244625
602,0,-22199453.82,-22167751.44,12304982.73,12336685.11,1.197622133,1.200707669,31702.38162,0.003085536544,1.964809384,1.964809384,0.04060606061,0.04060606061,0,0,-34504436.55,0,1,-29350987.66,596,15.46679521
603,0,-22167705.34,-22226699.61,12336731.21,12277736.95,1.200712156,1.194970349,-58994.26415,-0.005741807039,0.9254143646,16.07458564,1,84.23715152,0,0,-34504436.55,0,1,-29350987.66,597,15.49637961
604,0,-22153933.47,-22153933.47,12350503.09,12350503.09,1.202052548,1.202052548,0,0,0,0,0,0,1,0,-34504436.55,0,1,-29350987.66,598,15.51660728
605,0,-22153933.47,-22198988.49,12350503.09,12305448.07,1.202052548,1.197667423,-45055.01625,-0.004385124777,0,23,1,117.2989444,0,0,-34504436.55,0,1,-29350987.66,599,15.53477931
606,0,-22153772.36,-22153772.36,12350664.2,12350664.2,1.202068229,1.202068229,0,0,0,0,0,0,1,0,-34504436.55,0,1,-29350987.66,600,15.55479121
607,0,-22153772.36,-22210011.21,12350664.2,12294425.35,1.202068229,1.196594601,-56238.85017,-0.005473627485,0,18,1,93.19028788,0,0,-34504436.55,0,1,-29350987.66,601,15.572999
608,0,-22153933.47,-27266211.52,12350503.09,7238225.03,1.202052548,0.7044835973,-5112278.055,-0.4975689509,0,728,1.225944444,2383.34952,0,0,-34504436.55,0,1,-29350987.66,602,15.59118295
609,0,-22763896.75,-22882511.17,11740539.8,11621925.39,1.142685904,1.131141374,-118614.4137,-0.0115445304,1.503142458,1.503142458,0.03727272727,0.03727272727,0,0,-34504436.55,0,1,-29350987.66,603,15.63832092
610,0,-22776768.63,-22758027.27,11727667.93,11746409.29,1.141433108,1.143257171,18741.36083,0.001824063391,0.1505524862,0.1505524862,0,0,1,0,-34504436.55,0,1,-29350987.66,604,15.67386103
611,0,-22758027.27,-22803404.51,11746409.29,11701032.05,1.143257171,1.138840685,-45377.24073,-0.004416486314,0,23,1,111.2000606,0,0,-34504436.55,0,1,-29350987.66,605,15.69209218
612,0,-22758188.38,-22758188.38,11746248.18,11746248.18,1.14324149,1.14324149,0,0,0,0,0,0,1,0,-34504436.55,0,1,-29350987.66,606,15.71213007
613,0,-22758188.38,-22814105,11746248.18,11690331.55,1.14324149,1.137799224,-55916.62568,-0.005442265948,0,18,1,89.07918182,0,0,-34504436.55,0,1,-29350987.66,607,15.73034286
614,0,-22758027.27,-27590553.77,11746409.29,6913882.782,1.143257171,0.6729159418,-4832526.507,-0.4703412291,0,717,1.435555556,2548.88847,0,0,-34504436.55,0,1,-29350987.66,608,15.74853921
615,0,-22416733.28,-22323577.52,12087703.27,12180859.03,1.176474709,1.185541394,93155.76065,0.009066684871,1.896353753,1.896353753,0,0,1,0,-34504436.55,0,1,-29350987.66,609,15.78003597
616,0,-22323577.52,-22382175.27,12180859.03,12122261.28,1.185541394,1.179838179,-58597.74884,-0.005703214908,0,14,1,77.14657071,0,0,-34504436.55,0,1,-29350987.66,610,15.81726766
617,0,-22323738.63,-22323738.63,12180697.92,12180697.92,1.185525713,1.185525713,0,0,0,0,0,0,1,0,-34504436.55,0,1,-29350987.66,611,15.83525968
618,0,-22323738.63,-22376413.43,12180697.92,12128023.13,1.185525713,1.180398969,-52674.79275,-0.005126744102,0,19,1,97.22261616,0,0,-34504436.55,0,1,-29350987.66,612,15.85342121
619,0,-22323577.52,-26462572.63,12180859.03,8041863.926,1.185541394,0.7827003449,-4138995.107,-0.4028410487,0,715,1,2509.850434,0,0,-34504436.55,0,1,-29350987.66,613,15.8715694
620,0,-22551575,-22540868.64,11952861.55,11963567.92,1.163350804,1.164392835,10706.36326,0.001042031337,1.836292021,1.836292021,0.04206060606,0.05921212121,0,0,-34504436.55,0,1,-29350987.66,614,15.92906594
621,0,-22545721.86,-22555512.74,11958714.69,11948923.82,1.163920479,1.162967551,-9790.878753,-0.0009529288542,0.4333573101,0.4333573101,0.01642424242,0.01715151515,0,0,-34504436.55,0,1,-29350987.66,615,15.97179866
622,0,-22546328.66,-22515903.79,11958107.89,11988532.76,1.163861421,1.166822619,30424.8687,0.002961198478,0.391920846,27.60807915,1,118.3768889,0,0,-34504436.55,0,1,-29350987.66,616,15.99262476
623,0,-22472051.96,-22472051.96,12032384.59,12032384.59,1.17109064,1.17109064,0,0,0,0,0,0,1,0,-34504436.55,0,1,-29350987.66,617,16.01325583
624,0,-22472051.96,-22532096.78,12032384.59,11972339.77,1.17109064,1.165246584,-60044.82079,-0.005844055853,0,10,1,48.0799697,0,0,-34504436.55,0,1,-29350987.66,618,16.03149104
625,0,-22471890.85,-22471890.85,12032545.7,12032545.7,1.17110632,1.17110632,0,0,0,0,0,0,1,0,-34504436.55,0,1,-29350987.66,619,16.04950333
626,0,-22471890.85,-22513812.75,12032545.7,11990623.81,1.17110632,1.167026136,-41921.89735,-0.004080183875,0,30,1,133.4160455,0,0,-34504436.55,0,1,-29350987.66,620,16.06773233
627,0,-22473555.84,-22473555.84,12030880.71,12030880.71,1.17094427,1.17094427,0,0,0,0,0,0,1,0,-34504436.55,0,1,-29350987.66,621,16.08581305
628,0,-22473555.84,-22532929.77,12030880.71,11971506.78,1.17094427,1.165165511,-59373.92787,-0.005778759035,0,11,1,54.0900101,0,0,-34504436.55,0,1,-29350987.66,622,16.10406327
629,0,-22473394.73,-22473394.73,12031041.82,12031041.82,1.170959951,1.170959951,0,0,0,0,0,0,1,0,-34504436.55,0,1,-29350987.66,623,16.12205672
630,0,-22473394.73,-22516152.06,12031041.82,11988284.49,1.170959951,1.166798456,-42757.33043,-0.004161495094,0,25,1,126.3741414,0,0,-34504436.55,0,1,-29350987.66,624,16.14028692
631,0,-22473555.84,-26871243.43,12030880.71,7633193.128,1.17094427,0.7429251413,-4397687.585,-0.4280191285,0,764,1.326111111,2601.583747,0,0,-34504436.55,0,1,-29350987.66,625,16.15850639
632,0,-22047259.3,-22015215.53,12457177.25,12489221.03,1.212434956,1.215553719,32043.77141,0.003118763406,4.004797578,4.004797578,0.05309090909,0.08488888889,0,0,-34504436.55,0,1,-29350987.66,626,16.19831252
633,0,-21988433.08,-21992051.96,12516003.47,12512384.6,1.218160407,1.217808188,-3618.875033,-0.0003522186849,0.4306460076,0.4306460076,0.009696969697,0.01521717172,0,0,-34504436.55,0,1,-29350987.66,627,16.25266171
634,0,-21988433.08,-22046197.91,12516003.47,12458238.64,1.218160407,1.212538259,-57764.82926,-0.005622148322,0.4306460076,14.56935399,1,61.1829899,0,0,-34504436.55,0,1,-29350987.66,628,16.26904964
635,0,-21978825.06,-21972189.94,12525611.5,12532246.61,1.219095539,1.219741323,6635.116682,0.000645784132,0.4185082873,0.4185082873,0.01654545455,0.01654545455,0,0,-34504436.55,0,1,-29350987.66,629,16.29165983
636,0,-21966862.61,-22013038.17,12537573.95,12491398.38,1.220259823,1.215765638,-46175.56259,-0.004494185564,0.3770718232,17.62292818,1,90.19694444,0,0,-34504436.55,0,1,-29350987.66,630,16.31208014
637,0,-21958222.89,-21958222.89,12546213.67,12546213.67,1.221100712,1.221100712,0,0,0,0,0,0,1,0,-34504436.55,0,1,-29350987.66,631,16.33202124
638,0,-21958222.89,-22014139.51,12546213.67,12490297.04,1.221100712,1.215658446,-55916.62568,-0.005442265948,0,18,1,94.19607071,0,0,-34504436.55,0,1,-29350987.66,632,16.35018086
639,0,-21958061.77,-21958061.77,12546374.78,12546374.78,1.221116393,1.221116393,0,0,0,0,0,0,1,0,-34504436.55,0,1,-29350987.66,633,16.36820197
640,0,-21958061.77,-21999492.01,12546374.78,12504944.54,1.221116393,1.217084061,-41430.23568,-0.004032331317,0,26,1,135.3823384,0,0,-34504436.55,0,1,-29350987.66,634,16.38638997
641,0,-21958222.89,-26982650.25,12546213.67,7521786.301,1.221100712,0.7320821126,-5024427.366,-0.4890185992,0,704,1,2358.669722,0,0,-34504436.55,0,1,-29350987.66,635,16.40452695
642,0,-21772829.22,-21698081.79,12731607.34,12806354.77,1.239144749,1.246419783,74747.42643,0.007275034369,3.735159081,3.735159081,0.01903030303,0.02193939394,0,0,-34504436.55,0,1,-29350987.66,636,16.4661994
643,0,-21703879.19,-21690900.64,12800557.36,12813535.91,1.245855532,1.247118712,12978.54933,0.001263179174,0.5031482453,11.49685175,1,39.32166162,0,0,-34504436.55,0,1,-29350987.66,637,16.50696516
644,0,-21712166.2,-21702430.47,12792270.36,12802006.08,1.245048973,1.245996533,9735.723477,0.0009475606891,0.6078968487,0.6078968487,0.01903030303,0.02193939394,0,0,-34504436.55,0,1,-29350987.66,638,16.5330019
645,0,-21707050.51,-21691546.33,12797386.04,12812890.22,1.245546873,1.247055867,15504.17658,0.001508993993,0.5031482453,20.49685175,1,80.46037879,0,0,-34504436.55,0,1,-29350987.66,639,16.56454206
646,0,-21701746.81,-21692944.83,12802689.75,12811491.72,1.246063074,1.246919754,8801.97311,0.0008566804228,0.911764252,0.911764252,0.01903030303,0.02193939394,0,0,-34504436.55,0,1,-29350987.66,640,16.59327745
647,0,-21698337.13,-21763759.98,12806099.42,12740676.57,1.246394931,1.240027441,-65422.8505,-0.00636748994,0.5031482453,18.49685175,1,81.41075758,0,0,-34504436.55,0,1,-29350987.66,641,16.62192822
648,0,-21596154.9,-21582014.28,12908281.65,12922422.28,1.256340146,1.257716428,14140.62472,0.00137628191,0.6078968487,0.6078968487,0.002909090909,0.002909090909,0,0,-34504436.55,0,1,-29350987.66,642,16.65173554
649,0,-21581967.2,-21630483.74,12922469.35,12873952.81,1.25772101,1.252998981,-48516.54077,-0.004722028816,0.06629834254,21.93370166,1,102.378399,0,0,-34504436.55,0,1,-29350987.66,643,16.67588663
650,0,-21593922.62,-21601970.34,12910513.93,12902466.22,1.25655741,1.25577414,-8047.713336,-0.0007832696576,0.7127071823,0.7127071823,0.01903030303,0.01903030303,0,0,-34504436.55,0,1,-29350987.66,644,16.69651175
651,0,-21605994.32,-21672838.12,12898442.24,12831598.43,1.255382493,1.248876705,-66843.80187,-0.006505788616,0.4364640884,12.56353591,1,56.20294444,0,0,-34504436.55,0,1,-29350987.66,645,16.71954179
652,0,-21609643.06,-21602131.45,12894793.49,12902305.11,1.255027367,1.25575846,7511.617321,0.0007310923838,0.5761288929,0.5761288929,0.01903030303,0.01903030303,0,0,-34504436.55,0,1,-29350987.66,646,16.74733114
653,0,-21606155.43,-21671291.64,12898281.12,12833144.92,1.255366813,1.249027221,-65136.208,-0.006339591534,0.4364640884,15.56353591,1,72.25970707,0,0,-34504436.55,0,1,-29350987.66,647,16.77315497
654,0,-21591409.81,-21579756.01,12913026.75,12924680.54,1.256801978,1.257936221,11653.79031,0.00113424273,0.5761288929,0.5761288929,0.002909090909,0.002909090909,0,0,-34504436.55,0,1,-29350987.66,648,16.80041313
655,0,-21580439.85,-21647940.12,12923996.7,12856496.44,1.257869664,1.251299983,-67500.26454,-0.006569680962,0.06629834254,12.93370166,1,62.19992424,0,0,-34504436.55,0,1,-29350987.66,649,16.82432127
656,0,-21594420.35,-26269181.92,12910016.2,8235254.634,1.256508967,0.8015227193,-4674761.569,-0.4549862477,0.6809392265,723.3190608,1,2365.922944,0,0,-34504436.55,0,1,-29350987.66,650,16.84449649
657,0,-22031069.25,-22127623.32,12473367.31,12376813.23,1.214010705,1.204613268,-96554.07197,-0.009397436481,2.186642931,2.186642931,0.05248484848,0.08418181818,0,0,-34504436.55,0,1,-29350987.66,651,16.91238046
658,0,-22009002.49,-22016545.38,12495434.06,12487891.18,1.216158423,1.215424287,-7542.886716,-0.0007341357785,0.9188617103,0.9188617103,0.02048484848,0.0403030303,0,0,-34504436.55,0,1,-29350987.66,652,16.96269655
659,0,-22009002.49,-21991917.47,12495434.06,12512519.08,1.216158423,1.217821277,17085.01651,0.001662854338,0.9188617103,27.08113829,1,114.366697,0,0,-34504436.55,0,1,-29350987.66,653,16.97916412
660,0,-21940495.47,-21936036.28,12563941.09,12568400.28,1.22282609,1.223260095,4459.186843,0.0004340047421,0.432320442,0.432320442,0.01896969697,0.01896969697,0,0,-34504436.55,0,1,-29350987.66,654,17.00089836
661,0,-21940495.47,-22004220.38,12563941.09,12500216.17,1.22282609,1.216623857,-63724.91466,-0.006202232858,0.432320442,12.56767956,1,59.16915657,0,0,-34504436.55,0,1,-29350987.66,655,17.02165222
662,0,-21941696.58,-21946511.93,12562739.97,12557924.62,1.222709188,1.222240518,-4815.351926,-0.0004686696577,0.4668508287,0.4668508287,0.02048484848,0.02048484848,0,0,-34504436.55,0,1,-29350987.66,656,17.04164219
663,0,-21941696.58,-21994415.62,12562739.97,12510020.93,1.222709188,1.217578137,-52719.04024,-0.005131050632,0.4668508287,11.53314917,1,53.07574242,0,0,-34504436.55,0,1,-29350987.66,657,17.06177425
664,0,-21940495.47,-26378210.85,12563941.09,8126225.708,1.22282609,0.7909111274,-4437715.381,-0.4319149629,0.432320442,686.5676796,1.026944444,2265.769374,0,0,-34504436.55,0,1,-29350987.66,658,17.08223224
665,0,-21452422.07,-21405371.11,13052014.48,13099065.44,1.270329408,1.274908794,47050.96146,0.004579386582,3.129254698,3.129254698,0.07818181818,0.07907070707,0,0,-34504436.55,0,1,-29350987.66,659,17.14330053
666,0,-21409284.02,-21405212.88,13095152.53,13099223.68,1.274527957,1.274924195,4071.145688,0.0003962373851,0.2420061898,0.2420061898,0.005151515152,0.00604040404,0,0,-34504436.55,0,1,-29350987.66,660,17.19803691
667,0,-21406149.83,-21465512.21,13098286.72,13038924.35,1.274833002,1.269055368,-59362.37422,-0.005777634539,0.1411774605,17.85882254,1,78.22701515,0,0,-34504436.55,0,1,-29350987.66,661,17.2183969
668,0,-21403060.92,-21401109.82,13101375.63,13103326.73,1.275133641,1.275323538,1951.099439,0.000189897046,0.2182320442,0.2182320442,0.005151515152,0.005151515152,0,0,-34504436.55,0,1,-29350987.66,662,17.24448752
669,0,-21402841.95,-21471780.08,13101594.61,13032656.47,1.275154953,1.268445327,-68938.13345,-0.006709626191,0.1174033149,18.88259669,1,85.24273737,0,0,-34504436.55,0,1,-29350987.66,663,17.26462078
670,0,-21404168.43,-21400948.71,13100268.13,13103487.84,1.275025849,1.275339218,3219.715535,0.0003133691993,0.2182320442,0.2182320442,0.005151515152,0.005151515152,0,0,-34504436.55,0,1,-29350987.66,664,17.28452086
671,0,-21402680.84,-21461079.58,13101755.72,13043356.97,1.275170634,1.269486787,-58398.7485,-0.005683846557,0.1174033149,23.88259669,1,110.3636162,0,0,-34504436.55,0,1,-29350987.66,665,17.30457187
672,0,-21404329.54,-24617530.94,13100107.02,9886905.609,1.275010169,0.9622749777,-3213201.407,-0.3127351908,0.2182320442,710.781768,1,2318.93003,0,0,-34504436.55,0,1,-29350987.66,666,17.32460809
673,0,-19468779.03,-19449095.54,15035657.52,15055341.01,1.463393864,1.465309624,19683.49195,0.001915759341,0.4916201117,0.4916201117,0.005333333333,0.005333333333,0,0,-34504436.55,0,1,-29350987.66,667,17.36039996
674,0,-19442024.88,-19446277.7,15062411.68,15058158.85,1.465997799,1.465583879,-4252.826601,-0.000413920066,0.1215469613,17.87845304,1,84.08606566,0,0,-34504436.55,0,1,-29350987.66,668,17.3935535
675,0,-19390923.26,-19390923.26,15113513.3,15113513.3,1.470971429,1.470971429,0,0,0,0,0,0,1,0,-34504436.55,0,1,-29350987.66,669,17.41339707
676,0,-19390923.26,-19433358.36,15113513.3,15071078.19,1.470971429,1.466841295,-42435.10595,-0.004130133557,0,25,1,119.2499091,0,0,-34504436.55,0,1,-29350987.66,670,17.43154049
677,0,-19390923.26,-24534071.44,15113513.3,9970365.116,1.470971429,0.9703979434,-5143148.181,-0.5005734854,0,671,1.288722222,2157.53448,0,0,-34504436.55,0,1,-29350987.66,671,17.45154214
678,0,-18878994.98,-18882731.16,15625441.57,15621705.39,1.520796499,1.520432863,-3736.180316,-0.0003636358,0.3669632836,0.3669632836,0.004060606061,0.004060606061,0,0,-34504436.55,0,1,-29350987.66,672,17.48447728
679,0,-18883575.55,-18935084.03,15620861,15569352.52,1.520350681,1.515337452,-51508.47715,-0.005013228674,0.09254143646,24.90745856,1,107,0,0,-34504436.55,0,1,-29350987.66,673,17.51518321
680,0,-18891855.61,-18891855.61,15612580.95,15612580.95,1.519544798,1.519544798,0,0,0,0,0,0,1,0,-34504436.55,0,1,-29350987.66,674,17.53511977
681,0,-18891855.61,-18948233.53,15612580.95,15556203.02,1.519544798,1.514057634,-56377.92578,-0.005487163468,0,17,1,78,0,0,-34504436.55,0,1,-29350987.66,675,17.55326271
682,0,-18891855.61,-23429592.15,15612580.95,11074844.4,1.519544798,1.077894952,-4537736.546,-0.4416498454,0,699,1.149388889,2217.24054,0,0,-34504436.55,0,1,-29350987.66,676,17.57138348
683,0,-18282454.54,-18161439.65,16221982.01,16342996.9,1.578856722,1.590634886,121014.8877,0.01177816426,2.923251171,2.923251171,0.005454545455,0.005454545455,0,0,-34504436.55,0,1,-29350987.66,677,17.60612917
684,0,-18159534.83,-18202336.65,16344901.73,16302099.91,1.590820279,1.586654455,-42801.81721,-0.004165824914,0.1243093923,13.87569061,1,59.07357071,0,0,-34504436.55,0,1,-29350987.66,678,17.63771653
685,0,-18146116.4,-18146116.4,16358320.15,16358320.15,1.592126271,1.592126271,0,0,0,0,0,0,1,0,-34504436.55,0,1,-29350987.66,679,17.65748405
686,0,-18146116.4,-18191171.42,16358320.15,16313265.13,1.592126271,1.587741146,-45055.01625,-0.004385124777,0,23,1,105.2655303,0,0,-34504436.55,0,1,-29350987.66,680,17.67552185
687,0,-18146116.4,-24116497.9,16358320.15,10387938.66,1.592126271,1.011039635,-5970381.493,-0.5810866358,0,711,1.423444444,2463.836778,0,0,-34504436.55,0,1,-29350987.66,681,17.69548893
688,0,-18181955.69,-18186643.4,16322480.87,16317793.15,1.588638097,1.58818185,-4687.711895,-0.00045624668,2.84624558,2.84624558,0.03460606061,0.06146969697,0,0,-34504436.55,0,1,-29350987.66,682,17.73381448
689,0,-18175017.31,-18167669.74,16329419.24,16336766.82,1.589313397,1.590028523,7347.575134,0.0007151264489,0.7354223277,0.7354223277,0.01715151515,0.02686363636,0,0,-34504436.55,0,1,-29350987.66,683,17.77756596
690,0,-18171007.69,-18198686.27,16333428.87,16305750.29,1.589703647,1.587009739,-27678.58132,-0.002693907202,0.5240963608,28.47590364,1,108.350596,0,0,-34504436.55,0,1,-29350987.66,684,17.79576325
691,0,-18154620.45,-18154620.45,16349816.1,16349816.1,1.591298587,1.591298587,0,0,0,0,0,0,1,0,-34504436.55,0,1,-29350987.66,685,17.820755
692,0,-18154620.45,-18209165.91,16349816.1,16295270.65,1.591298587,1.585989774,-54545.45768,-0.0053088126,0,22,1,96.24820202,0,0,-34504436.55,0,1,-29350987.66,686,17.83883715
693,0,-18159003.29,-18159003.29,16345433.26,16345433.26,1.590872013,1.590872013,0,0,0,0,0,0,1,0,-34504436.55,0,1,-29350987.66,687,17.85675573
694,0,-18159003.29,-18216972.75,16345433.26,16287463.8,1.590872013,1.585229948,-57969.46007,-0.005642064677,0,15,1,72.14116667,0,0,-34504436.55,0,1,-29350987.66,688,17.87477922
695,0,-18154620.45,-23947913.68,16349816.1,10556522.88,1.591298587,1.027447638,-5793293.228,-0.5638509491,0,692,1,2333.57248,0,0,-34504436.55,0,1,-29350987.66,689,17.89286804
696,0,-18296509.44,-18299069,16207927.11,16205367.56,1.577488784,1.577239666,-2559.559385,-0.0002491173728,1.602654967,1.602654967,0.01181818182,0.01181818182,0,0,-34504436.55,0,1,-29350987.66,690,17.94886351
697,0,-18295016.44,-18282445.09,16209420.11,16221991.47,1.577634095,1.578857642,12571.35096,0.00122354728,0.2697095436,17.73029046,1,58.09302525,0,0,-34504436.55,0,1,-29350987.66,691,17.9870646
698,0,-18308039.46,-18316624.85,16196397.1,16187811.71,1.576366588,1.575530987,-8585.38965,-0.0008356007391,0.5876890336,0.5876890336,0.01509090909,0.01509090909,0,0,-34504436.55,0,1,-29350987.66,692,18.00786519
699,0,-18312532.24,-18354309.83,16191904.31,16150126.72,1.575929313,1.571863174,-41777.59193,-0.004066138884,0.3439226519,26.65607735,1,109.3781364,0,0,-34504436.55,0,1,-29350987.66,693,18.02840328
700,0,-18312329.39,-18309107.91,16192107.16,16195328.65,1.575949055,1.576262597,3221.487267,0.0003135416388,0.270718232,0.270718232,0.01187878788,0.01187878788,0,0,-34504436.55,0,1,-29350987.66,694,18.04835296
701,0,-18306929.23,-18365403.63,16197507.33,16139032.92,1.576474644,1.570783434,-58474.40522,-0.005691210092,0.270718232,17.72928177,1,68.0724596,0,0,-34504436.55,0,1,-29350987.66,695,18.0684135
702,0,-18310024.84,-24046230.41,16194411.71,10458206.15,1.576173354,1.017878645,-5736205.567,-0.5582947084,0.5870165746,724.8991713,1.426555556,2282.09997,0,0,-34504436.55,0,1,-29350987.66,696,18.08862233
703,0,-18075363.25,-18107583.45,16429073.3,16396853.1,1.59901255,1.595876615,-32220.19913,-0.003135934804,0.9704852002,0.9704852002,0.01527272727,0.01527272727,0,0,-34504436.55,0,1,-29350987.66,697,18.13782883
704,0,-18111725.36,-18158441.45,16392711.19,16345995.11,1.59547349,1.590926696,-46716.08294,-0.004546793451,0.3480662983,27.6519337,1,109.3439697,0,0,-34504436.55,0,1,-29350987.66,698,18.17307997
705,0,-18115100.39,-18115100.39,16389336.17,16389336.17,1.595145005,1.595145005,0,0,0,0,0,0,1,0,-34504436.55,0,1,-29350987.66,699,18.19340611
706,0,-18115100.39,-18179782.7,16389336.17,16324653.86,1.595145005,1.58884959,-64682.30687,-0.006295414143,0,18,1,78.12680808,0,0,-34504436.55,0,1,-29350987.66,700,18.2115953
707,0,-18119483.23,-18119483.23,16384953.32,16384953.32,1.59471843,1.59471843,0,0,0,0,0,0,1,0,-34504436.55,0,1,-29350987.66,701,18.22955656
708,0,-18119483.23,-18161918.34,16384953.32,16342518.22,1.59471843,1.590588297,-42435.10595,-0.004130133557,0,25,1,108.3111364,0,0,-34504436.55,0,1,-29350987.66,702,18.24769163
709,0,-18115100.39,-24043235.9,16389336.17,10461200.66,1.595145005,1.018170095,-5928135.509,-0.5769749091,0,737,1,2328.371626,0,0,-34504436.55,0,1,-29350987.66,703,18.26585603
710,0,-17586722.7,-17160752.12,16917713.86,17343684.43,1.646571068,1.688030028,425970.5792,0.04145896055,6.160130769,6.160130769,0,0,1,0,-34504436.55,0,1,-29350987.66,704,18.29683208
711,0,-17160752.12,-17216990.97,17343684.43,17287445.58,1.688030028,1.682556401,-56238.85017,-0.005473627485,0,18,1,92,0,0,-34504436.55,0,1,-29350987.66,705,18.33076119
712,0,-17161099.11,-17161099.11,17343337.45,17343337.45,1.687996257,1.687996257,0,0,0,0,0,0,1,0,-34504436.55,0,1,-29350987.66,706,18.35052919
713,0,-17161099.11,-17198907.01,17343337.45,17305529.55,1.687996257,1.68431648,-37807.90363,-0.003679776167,0,29,1,131,0,0,-34504436.55,0,1,-29350987.66,707,18.36863613
714,0,-17160581,-17160581,17343855.55,17343855.55,1.688046683,1.688046683,0,0,0,0,0,0,1,0,-34504436.55,0,1,-29350987.66,708,18.3866117
715,0,-17160581,-17210037.47,17343855.55,17294399.09,1.688046683,1.683233173,-49456.46556,-0.004813510027,0,20,1,95,0,0,-34504436.55,0,1,-29350987.66,709,18.40470672
716,0,-17160742.11,-17160742.11,17343694.44,17343694.44,1.688031002,1.688031002,0,0,0,0,0,0,1,0,-34504436.55,0,1,-29350987.66,710,18.42263722
717,0,-17160742.11,-17219357.49,17343694.44,17285079.06,1.688031002,1.682326071,-58615.37814,-0.005704930736,0,13,1,67,0,0,-34504436.55,0,1,-29350987.66,711,18.4407351
718,0,-17160581,-24537467.34,17343855.55,9966969.216,1.688046683,0.9700674265,-7376886.339,-0.7179792564,0,745,1,2469.571707,0,0,-34504436.55,0,1,-29350987.66,712,18.45884824
719,0,-17468528.63,-17460755.9,17035907.92,17043680.65,1.658074686,1.658831192,7772.730817,0.000756506097,0.882615156,0.882615156,0.018,0.018,0,0,-34504436.55,0,1,-29350987.66,713,18.49320698
720,0,-17456559.48,-17488241.11,17047877.07,17016195.44,1.659239622,1.656156105,-31681.62877,-0.003083516706,0.4102209945,28.58977901,1,118.3584495,0,0,-34504436.55,0,1,-29350987.66,714,18.52517986
721,0,-17448396.05,-17448396.05,17056040.51,17056040.51,1.660034155,1.660034155,0,0,0,0,0,0,1,0,-34504436.55,0,1,-29350987.66,715,18.54520297
722,0,-17448396.05,-17508092.2,17056040.51,16996344.36,1.660034155,1.654224035,-59696.15236,-0.005810120572,0,11,1,55.07754545,0,0,-34504436.55,0,1,-29350987.66,716,18.56342006
723,0,-17448396.05,-22413166.48,17056040.51,12091270.07,1.660034155,1.176821859,-4964770.435,-0.4832122959,0,679,1,2162.019818,0,0,-34504436.55,0,1,-29350987.66,717,18.58158159
724,0,-17837932.21,-17850553.29,16666504.34,16653883.27,1.622121291,1.620892904,-12621.07402,-0.001228386737,1.294809011,1.294809011,0.01206060606,0.01206060606,0,0,-34504436.55,0,1,-29350987.66,718,18.6102109
725,0,-17847659.88,-17882161.92,16656776.67,16622274.63,1.621174515,1.617816492,-34502.04256,-0.003358022575,0.2748618785,27.72513812,1,119.3316616,0,0,-34504436.55,0,1,-29350987.66,719,18.63977218
726,0,-17842156.72,-17842156.72,16662279.83,16662279.83,1.621710127,1.621710127,0,0,0,0,0,0,1,0,-34504436.55,0,1,-29350987.66,720,18.6602304
727,0,-17842156.72,-17881070.86,16662279.83,16623365.69,1.621710127,1.617922683,-38914.14239,-0.003787444422,0,30,1,134.3767576,0,0,-34504436.55,0,1,-29350987.66,721,18.67845201
728,0,-17842513.72,-17842513.72,16661922.84,16661922.84,1.621675382,1.621675382,0,0,0,0,0,0,1,0,-34504436.55,0,1,-29350987.66,722,18.69648147
729,0,-17842513.72,-17902880.76,16661922.84,16601555.79,1.621675382,1.615799964,-60367.04527,-0.00587541739,0,10,1,51.01672727,0,0,-34504436.55,0,1,-29350987.66,723,18.71466708
730,0,-17842513.72,-24347494.22,16661922.84,10156942.33,1.621675382,0.9885571725,-6504980.51,-0.6331182093,0,722,1.032166667,2422.958409,0,0,-34504436.55,0,1,-29350987.66,724,18.73285699
731,0,-18229280.46,-18229786.51,16275156.09,16274650.05,1.584032061,1.583982808,-506.0483881,-4.925279159e-05,1.365609182,1.365609182,0.006424242424,0.006424242424,0,0,-34504436.55,0,1,-29350987.66,725,18.77003551
732,0,-18228044.28,-18273957.61,16276392.28,16230478.94,1.584152377,1.579683713,-45913.3355,-0.004468663467,0.1464088398,15.85359116,1,77.25537374,0,0,-34504436.55,0,1,-29350987.66,726,18.82028389
733,0,-18209466.99,-18207572.19,16294969.57,16296864.37,1.585960471,1.586144888,1894.798243,0.0001844173505,0.1837016575,0.1837016575,0,0,1,0,-34504436.55,0,1,-29350987.66,727,18.84005094
734,0,-18207572.19,-18246486.33,16296864.37,16257950.22,1.586144888,1.582357444,-38914.14239,-0.003787444422,0,30,1,138.4242727,0,0,-34504436.55,0,1,-29350987.66,728,18.85813141
735,0,-18207572.19,-23912841.3,16296864.37,10591595.26,1.586144888,1.03086117,-5705269.111,-0.555283718,0,643,1,2161.699611,0,0,-34504436.55,0,1,-29350987.66,729,18.87816
736,0,-18416007.36,-18396234.64,16088429.2,16108201.91,1.565858263,1.567782706,19772.71497,0.001924443259,2.849021799,2.849021799,0.01836363636,0.01836363636,0,0,-34504436.55,0,1,-29350987.66,730,18.91498852
737,0,-18399976.31,-18461413.98,16104460.25,16043022.58,1.567418537,1.561438918,-61437.66576,-0.005979618981,0.4185082873,18.58149171,1,91.23389899,0,0,-34504436.55,0,1,-29350987.66,731,18.96016884
738,0,-18405175.12,-18405175.12,16099261.43,16099261.43,1.566912545,1.566912545,0,0,0,0,0,0,1,0,-34504436.55,0,1,-29350987.66,732,18.97991776
739,0,-18405175.12,-18462678.39,16099261.43,16041758.17,1.566912545,1.561315855,-57503.26295,-0.005596690538,0,16,1,85.20955051,0,0,-34504436.55,0,1,-29350987.66,733,18.99795127
740,0,-18405175.12,-24574183.67,16099261.43,9930252.88,1.566912545,0.9664938906,-6169008.55,-0.6004186547,0,700,1.013666667,2471.937,0,0,-34504436.55,0,1,-29350987.66,734,19.01597166
741,0,-18363846,-18322688.49,16140590.55,16181748.07,1.570935036,1.574940823,41157.51318,0.00400578772,1.976131536,1.976131536,0.01387878788,0.01387878788,0,0,-34504436.55,0,1,-29350987.66,735,19.04757714
742,0,-18314671.77,-18354078.2,16189764.79,16150358.35,1.575721077,1.571885718,-39406.43431,-0.003835358321,0.316735823,17.68326418,1,88.19067172,0,0,-34504436.55,0,1,-29350987.66,736,19.08014774
743,0,-18292995.21,-18292995.21,16211441.34,16211441.34,1.577830817,1.577830817,0,0,0,0,0,0,1,0,-34504436.55,0,1,-29350987.66,737,19.10044265
744,0,-18292995.21,-18347138.13,16211441.34,16157298.42,1.577830817,1.572561183,-54142.92192,-0.005269634509,0,23,1,116.292202,0,0,-34504436.55,0,1,-29350987.66,738,19.11851072
745,0,-18297378.05,-18297378.05,16207058.5,16207058.5,1.577404243,1.577404243,0,0,0,0,0,0,1,0,-34504436.55,0,1,-29350987.66,739,19.13638711
746,0,-18297378.05,-18336222.16,16207058.5,16168214.39,1.577404243,1.573623615,-38844.11488,-0.003780628769,0,29,1,132.4131313,0,0,-34504436.55,0,1,-29350987.66,740,19.15450549
747,0,-18292235.56,-18291134.34,16212200.99,16213302.22,1.577904753,1.578011933,1101.222688,0.00010718005,0.09254143646,0.09254143646,0.004060606061,0.004060606061,0,0,-34504436.55,0,1,-29350987.66,741,19.17429543
748,0,-18290179.82,-18337215.35,16214256.74,16167221.2,1.578104835,1.573526949,-47035.53669,-0.004577885317,0.09254143646,21.90745856,1,99.1779697,0,0,-34504436.55,0,1,-29350987.66,742,19.19422913
749,0,-18285202.64,-18285202.64,16219233.92,16219233.92,1.578589255,1.578589255,0,0,0,0,0,0,1,0,-34504436.55,0,1,-29350987.66,743,19.21414018
750,0,-18285202.64,-18327768.5,16219233.92,16176668.06,1.578589255,1.574446395,-42565.85661,-0.004142859287,0,29,1,132.3107071,0,0,-34504436.55,0,1,-29350987.66,744,19.23226142
751,0,-18282680.67,-18282680.67,16221755.89,16221755.89,1.578834713,1.578834713,0,0,0,0,0,0,1,0,-34504436.55,0,1,-29350987.66,745,19.25020909
752,0,-18282680.67,-18350515.68,16221755.89,16153920.87,1.578834713,1.572232452,-67835.01389,-0.006602261522,0,12,1,60.0010303,0,0,-34504436.55,0,1,-29350987.66,746,19.26831245
753,0,-18287063.51,-18287063.51,16217373.05,16217373.05,1.578408139,1.578408139,0,0,0,0,0,0,1,0,-34504436.55,0,1,-29350987.66,747,19.28626204
754,0,-18287063.51,-18333165.51,16217373.05,16171271.04,1.578408139,1.573921113,-46102.00097,-0.004487025942,0,22,1,109.2083687,0,0,-34504436.55,0,1,-29350987.66,748,19.30440712
755,0,-18282680.67,-24242697.1,16221755.89,10261739.46,1.578834713,0.9987568911,-5960016.427,-0.5800778222,0,682,1.1395,2270.249985,0,0,-34504436.55,0,1,-29350987.66,749,19.32256913
756,0,-18424211.34,-18443459.45,16080225.22,16060977.1,1.565059784,1.5631864,-19248.11155,-0.001873384539,1.622585438,1.622585438,0.01654545455,0.03561111111,0,0,-34504436.55,0,1,-29350987.66,750,19.35718656
757,0,-18450066.41,-18525347.27,16054370.14,15979089.29,1.562543356,1.555216404,-75280.85751,-0.007326952269,0.6863238537,11.31367615,1,48,0,0,-34504436.55,0,1,-29350987.66,751,19.39259744
758,0,-18461841.23,-18461841.23,16042595.33,16042595.33,1.561397334,1.561397334,0,0,0,0,0,0,1,0,-34504436.55,0,1,-29350987.66,752,19.41336989
759,0,-18461841.23,-18500685.34,16042595.33,16003751.21,1.561397334,1.557616705,-38844.11488,-0.003780628769,0,29,1,135.1115303,0,0,-34504436.55,0,1,-29350987.66,753,19.43157244
760,0,-18455597.52,-18455597.52,16048839.04,16048839.04,1.562005023,1.562005023,0,0,0,0,0,0,1,0,-34504436.55,0,1,-29350987.66,754,19.4495635
761,0,-18455597.52,-18524059.35,16048839.04,15980377.2,1.562005023,1.555341755,-68461.83355,-0.006663268767,0,11,1,54,0,0,-34504436.55,0,1,-29350987.66,755,19.46769691
762,0,-18459980.36,-18459980.36,16044456.2,16044456.2,1.561578449,1.561578449,0,0,0,0,0,0,1,0,-34504436.55,0,1,-29350987.66,756,19.48562241
763,0,-18459980.36,-18519049.69,16044456.2,15985386.86,1.561578449,1.555829336,-59069.3327,-0.005749113327,0,12,1,61,0,0,-34504436.55,0,1,-29350987.66,757,19.50377822
764,0,-18455597.52,-24772108.83,16048839.04,9732327.727,1.562005023,0.9472301867,-6316511.31,-0.6147748366,0,743,1,2388.713434,0,0,-34504436.55,0,1,-29350987.66,758,19.52191854
765,0,-18081250.26,-18082747.45,16423186.29,16421689.1,1.598439577,1.598293859,-1497.188883,-0.0001457187371,0.2651933702,0.2651933702,0,0,1,0,-34504436.55,0,1,-29350987.66,759,19.55330777
766,0,-18082747.45,-18147751.98,16421689.1,16356684.57,1.598293859,1.591967083,-65004.53136,-0.00632677568,0,18,1,81.08366667,0,0,-34504436.55,0,1,-29350987.66,760,19.58415341
767,0,-18086668.99,-18086668.99,16417767.56,16417767.56,1.597912182,1.597912182,0,0,0,0,0,0,1,0,-34504436.55,0,1,-29350987.66,761,19.60409069
768,0,-18086668.99,-18134256.75,16417767.56,16370179.8,1.597912182,1.59328055,-47587.75944,-0.004631632178,0,21,1,93.16471717,0,0,-34504436.55,0,1,-29350987.66,762,19.62230945
769,0,-18082747.45,-24685006.86,16421689.1,9819429.699,1.598293859,0.9557076671,-6602259.404,-0.6425861915,0,666,1,2199.847455,0,0,-34504436.55,0,1,-29350987.66,763,19.64052224
770,0,-18959377.55,-18962125.09,15545059,15542311.46,1.512973007,1.512705593,-2747.541131,-0.0002674133025,0.7588165373,0.7588165373,0.009515151515,0.01612121212,0,0,-34504436.55,0,1,-29350987.66,764,19.68386102
771,0,-18962328.28,-19015898.59,15542108.27,15488537.96,1.512685817,1.507471914,-53570.30954,-0.005213903162,0.3678203578,22.63217964,1,90.2999899,0,0,-34504436.55,0,1,-29350987.66,765,19.71927214
772,0,-18952305.68,-18947544.25,15552130.87,15556892.3,1.513661299,1.51412472,4761.426604,0.0004634212017,0.3370165746,0.3370165746,0.009515151515,0.009515151515,0,0,-34504436.55,0,1,-29350987.66,766,19.73981977
773,0,-18950496.26,-19005432.74,15553940.29,15499003.81,1.513837407,1.508490537,-54936.48007,-0.005346870116,0.2168508287,23.78314917,1,103.3707879,0,0,-34504436.55,0,1,-29350987.66,767,19.75995922
774,0,-18951334.1,-18947834.01,15553102.46,15556602.54,1.513755862,1.514096519,3500.087592,0.0003406573141,0.3715469613,0.3715469613,0.009515151515,0.01103030303,0,0,-34504436.55,0,1,-29350987.66,768,19.77999473
775,0,-18949350.64,-19009858,15555085.91,15494578.56,1.513948908,1.508059834,-60507.35801,-0.005889073779,0.2513812155,14.74861878,1,60.12,0,0,-34504436.55,0,1,-29350987.66,769,19.80111003
776,0,-18951766.2,-18946992.37,15552670.36,15557444.18,1.513713806,1.514178434,4773.826152,0.0004646280278,0.3370165746,0.3370165746,0.009515151515,0.009515151515,0,0,-34504436.55,0,1,-29350987.66,770,19.8209424
777,0,-18950064.06,-19020280.53,15554372.5,15484156.02,1.513879473,1.507045428,-70216.47636,-0.006834045038,0.2168508287,10.78314917,1,49.11860606,0,0,-34504436.55,0,1,-29350987.66,771,19.84096003
778,0,-18947870.36,-18942609.53,15556566.2,15561827.02,1.514092982,1.514605008,5260.823471,0.0005120266126,0.3715469613,0.3715469613,0.009515151515,0.01103030303,0,0,-34504436.55,0,1,-29350987.66,772,19.86090064
779,0,-18946168.21,-19037101.83,15558268.34,15467334.73,1.514258648,1.505408241,-90933.61287,-0.00885040717,0.2513812155,10.74861878,1,48.03416667,0,0,-34504436.55,0,1,-29350987.66,773,19.8810451
780,0,-18959324.53,-18956712.97,15545112.02,15547723.58,1.512978167,1.513232345,2611.558055,0.000254178311,0.4903314917,0.4903314917,0.009515151515,0.01624242424,0,0,-34504436.55,0,1,-29350987.66,774,19.90113759
781,0,-18957622.39,-19011431.6,15546814.16,15493004.95,1.513143833,1.507906678,-53809.21201,-0.005237155115,0.3701657459,23.62983425,1,92.3184596,0,0,-34504436.55,0,1,-29350987.66,775,19.92118979
782,0,-18951766.2,-24002342.58,15552670.36,10502093.97,1.513713806,1.022150169,-5050576.383,-0.4915636367,0.3370165746,720.3370166,1,2321.575662,0,0,-34504436.55,0,1,-29350987.66,776,19.94126105
783,0,-18346563.39,-18455876.35,16157873.17,16048560.2,1.572617122,1.561977885,-109312.9649,-0.01063923689,4.705736161,4.705736161,0.06036363636,0.07945454545,0,0,-34504436.55,0,1,-29350987.66,777,19.9888103
784,0,-18362573.44,-18377595.13,16141863.11,16126841.43,1.571058892,1.569596857,-15021.68789,-0.001462034225,0.8107734807,0.8107734807,0.01909090909,0.03557575758,0,0,-34504436.55,0,1,-29350987.66,778,20.02259183
785,0,-18362573.44,-18377127.87,16141863.11,16127308.68,1.571058892,1.569642335,-14554.43127,-0.001416556967,0.8107734807,28.18922652,1,104.383697,0,0,-34504436.55,0,1,-29350987.66,779,20.03889966
786,0,-18329929.29,-18333747.15,16174507.26,16170689.4,1.574236088,1.573864503,-3817.855181,-0.0003715850696,0.2430939227,0.2430939227,0.01066666667,0.01066666667,0,0,-34504436.55,0,1,-29350987.66,780,20.05922055
787,0,-18330775.41,-18379318.61,16173661.14,16125117.94,1.574153737,1.569429114,-48543.20022,-0.004724623533,0.2430939227,11.75690608,1,53.08236364,0,0,-34504436.55,0,1,-29350987.66,781,20.07938576
788,0,-18317632.66,-18321522.51,16186803.9,16182914.05,1.575432898,1.575054306,-3889.850147,-0.0003785922119,0.4350828729,0.4350828729,0.01909090909,0.01909090909,0,0,-34504436.55,0,1,-29350987.66,782,20.09961367
789,0,-18317632.66,-18371519.63,16186803.9,16132916.92,1.575432898,1.570188175,-53886.9718,-0.005244723338,0.4350828729,13.56491713,1,64.1235202,0,0,-34504436.55,0,1,-29350987.66,783,20.11784649
790,0,-18315940.88,-18312582.03,16188495.67,16191854.53,1.575597556,1.575924467,3358.85473,0.0003269113703,0.3756906077,0.3756906077,0.01648484848,0.01648484848,0,0,-34504436.55,0,1,-29350987.66,784,20.13790393
791,0,-18315940.88,-18377761.36,16188495.67,16126675.2,1.575597556,1.569580678,-61820.47641,-0.006016877263,0.3756906077,18.62430939,1,84.2030101,0,0,-34504436.55,0,1,-29350987.66,785,20.15608859
792,0,-18317632.66,-23293837.66,16186803.9,11210598.89,1.575432898,1.091107696,-4976205.005,-0.4843252024,0.4350828729,698.4350829,1,2381.603864,0,0,-34504436.55,0,1,-29350987.66,786,20.176337
793,0,-18357553.98,-18409316.48,16146882.58,16095120.07,1.571547427,1.566509475,-51762.50473,-0.005037952728,3.185529644,3.185529644,0.01327272727,0.03793939394,0,0,-34504436.55,0,1,-29350987.66,787,20.21808696
794,0,-18411221.18,-18481106.2,16093215.38,16023330.35,1.566324094,1.559522308,-69885.02704,-0.006801785664,1.136742477,19.86325752,1,68.28960101,0,0,-34504436.55,0,1,-29350987.66,788,20.26146603
795,0,-18393115.54,-18411294.79,16111321.01,16093141.76,1.568086283,1.566316929,-18179.25072,-0.001769354212,0.3799412363,0.3799412363,0.01327272727,0.01666666667,0,0,-34504436.55,0,1,-29350987.66,789,20.28779173
796,0,-18387362.61,-18387140.86,16117073.95,16117295.7,1.568646206,1.568667789,221.7519634,2.158272508e-05,0.3799412363,16.62005876,1,54.0664798,0,0,-34504436.55,0,1,-29350987.66,790,20.30857325
797,0,-18320761.71,-18322784.23,16183674.84,16181652.33,1.575128353,1.574931505,-2022.515542,-0.0001968478485,1.016066738,1.016066738,0.01327272727,0.02509090909,0,0,-34504436.55,0,1,-29350987.66,791,20.32919621
798,0,-18300406.71,-18229293.59,16204029.85,16275142.96,1.577109469,1.584030783,71113.11491,0.006921313278,0.5721957314,15.42780427,1,42.12902525,0,0,-34504436.55,0,1,-29350987.66,792,20.35045862
799,0,-18246884.7,-18246884.7,16257551.86,16257551.86,1.582318672,1.582318672,0,0,0,0,0,0,1,0,-34504436.55,0,1,-29350987.66,793,20.37092781
800,0,-18246884.7,-18304387.96,16257551.86,16200048.59,1.582318672,1.576721981,-57503.26295,-0.005596690538,0,16,1,70.14191414,0,0,-34504436.55,0,1,-29350987.66,794,20.38909221
801,0,-18246884.7,-23651531.41,16257551.86,10852905.15,1.582318672,1.056293998,-5404646.711,-0.5260246733,0,681,1.1505,2231.17553,0,0,-34504436.55,0,1,-29350987.66,795,20.40727854
802,0,-17945063.65,-17851167.37,16559372.9,16653269.19,1.611694378,1.620833137,93896.28451,0.009138758744,2.459895488,2.459895488,0.01751515152,0.01751515152,0,0,-34504436.55,0,1,-29350987.66,796,20.44368267
803,0,-17858622.5,-17849375.79,16645814.05,16655060.76,1.620107542,1.621007508,9246.711761,0.0008999660465,0.3991712707,17.60082873,1,60.22879798,0,0,-34504436.55,0,1,-29350987.66,797,20.47345543
804,0,-17869843.9,-17869843.9,16634592.65,16634592.65,1.619015383,1.619015383,0,0,0,0,0,0,1,0,-34504436.55,0,1,-29350987.66,798,20.4939537
805,0,-17869843.9,-17916509.06,16634592.65,16587927.49,1.619015383,1.614473546,-46665.15925,-0.004541837139,0,21,1,88.28260101,0,0,-34504436.55,0,1,-29350987.66,799,20.51211429
806,0,-17866238.58,-17866602.07,16638197.98,16637834.48,1.619366283,1.619330905,-363.4935829,-3.537818537e-05,0.03453038674,0.03453038674,0.001515151515,0.001515151515,0,0,-34504436.55,0,1,-29350987.66,800,20.53027225
807,0,-17866238.58,-17903796.74,16638197.98,16600639.81,1.619366283,1.615710813,-37558.16774,-0.003655469816,0.03453038674,29.96546961,1,105.2883434,0,0,-34504436.55,0,1,-29350987.66,801,20.55040479
808,0,-17865102.79,-17862790.97,16639333.76,16641645.58,1.619476827,1.619701832,2311.819187,0.000225005259,0.2196132597,0.2196132597,0.009636363636,0.009636363636,0,0,-34504436.55,0,1,-29350987.66,802,20.57044888
809,0,-17865102.79,-17930031.61,16639333.76,16574404.95,1.619476827,1.61315742,-64928.81691,-0.006319406528,0.2196132597,12.78038674,1,52.11338889,0,0,-34504436.55,0,1,-29350987.66,803,20.58865762
810,0,-17873317.75,-17873317.75,16631118.81,16631118.81,1.61867728,1.61867728,0,0,0,0,0,0,1,0,-34504436.55,0,1,-29350987.66,804,20.60853839
811,0,-17873317.75,-17933013.9,16631118.81,16571422.65,1.61867728,1.612867159,-59696.15236,-0.005810120572,0,11,1,53.09693434,0,0,-34504436.55,0,1,-29350987.66,805,20.62669516
812,0,-17873317.75,-23925319.62,16631118.81,10579116.94,1.61867728,1.029646678,-6052001.872,-0.5890306023,0,691,1.0125,2299.261187,0,0,-34504436.55,0,1,-29350987.66,806,20.64480543
813,0,-18627133.22,-18598225.1,15877303.33,15906211.45,1.545309758,1.548123334,28908.11884,0.002813575907,3.551989781,3.551989781,0.01151515152,0.02145454545,0,0,-34504436.55,0,1,-29350987.66,807,20.69669843
814,0,-18548698.77,-18547662.65,15955737.79,15956773.9,1.552943644,1.553044487,1036.11622,0.000100843353,0.6635698633,25.33643014,1,106.2406616,0,0,-34504436.55,0,1,-29350987.66,808,20.73595119
815,0,-18504528.17,-18500145.41,15999908.39,16004291.15,1.55724269,1.557669256,4382.760465,0.0004265662984,0.341160221,0.341160221,0.01151515152,0.01496969697,0,0,-34504436.55,0,1,-29350987.66,809,20.75786591
816,0,-18501113.45,-18558701.83,16003323.11,15945734.72,1.557575039,1.551970064,-57588.38246,-0.005604975069,0.341160221,9.658839779,1,49.0484596,0,0,-34504436.55,0,1,-29350987.66,810,20.77896357
817,0,-18489562.89,-18491150.84,16014873.67,16013285.71,1.558699234,1.558544681,-1587.955286,-0.00015455287,0.1740331492,0.1740331492,0.007636363636,0.007636363636,0,0,-34504436.55,0,1,-29350987.66,811,20.79940605
818,0,-18489562.89,-18524249.96,16014873.67,15980186.6,1.558699234,1.555323203,-34687.06812,-0.003376030784,0.1740331492,25.82596685,1,114.3928939,0,0,-34504436.55,0,1,-29350987.66,812,20.81748819
819,0,-18480181.26,-18478784.57,16024255.3,16025651.98,1.559612332,1.559748269,1396.687236,0.0001359370901,0.3259668508,0.3259668508,0.01151515152,0.0143030303,0,0,-34504436.55,0,1,-29350987.66,813,20.83770657
820,0,-18480181.26,-18522962.82,16024255.3,15981473.74,1.559612332,1.555448478,-42781.56151,-0.004163853462,0.3259668508,24.67403315,1,105.2806616,0,0,-34504436.55,0,1,-29350987.66,814,20.85776329
821,0,-18492982.85,-24950148.08,16011453.7,9554288.475,1.558366375,0.9299019423,-6457165.227,-0.6284644327,0.1740331492,725.8259669,1.132055556,2248.227303,0,0,-34504436.55,0,1,-29350987.66,815,20.87809396
822,0,-17983520.29,-17988369.09,16520916.26,16516067.46,1.607951462,1.607479537,-4848.801378,-0.0004719252335,5.150291441,5.150291441,0.06703030303,0.06703030303,0,0,-34504436.55,0,1,-29350987.66,816,20.92836642
823,0,-17986813.07,-17996831.75,16517623.49,16507604.81,1.607630982,1.606655882,-10018.68197,-0.0009751005367,0.5414364641,0.5414364641,0.01703030303,0.02375757576,0,0,-34504436.55,0,1,-29350987.66,817,20.96008611
824,0,-17981965.79,-17979878.68,16522470.77,16524557.87,1.608102759,1.608305893,2087.104898,0.000203134216,0.5414364641,14.45856354,1,61.1080202,0,0,-34504436.55,0,1,-29350987.66,818,20.98096418
825,0,-17931421.13,-17938659.46,16573015.42,16565777.09,1.613022181,1.612317687,-7238.329796,-0.000704493794,0.4723756906,0.4723756906,0.01703030303,0.01703030303,0,0,-34504436.55,0,1,-29350987.66,819,21.00099993
826,0,-17932563.91,-17967229.6,16571872.64,16537206.95,1.612910956,1.609537006,-34665.69427,-0.003373950506,0.388121547,23.61187845,1,103.2967576,0,0,-34504436.55,0,1,-29350987.66,820,21.021281
827,0,-17931240.68,-24084451.57,16573195.88,10419984.99,1.613039744,1.014158648,-6153210.891,-0.5988810965,0.4723756906,697.5276243,1.158055556,2260.226116,0,0,-34504436.55,0,1,-29350987.66,821,21.04200077
828,0,-17413300.58,-17364118.21,17091135.97,17140318.35,1.663449935,1.668236768,49182.37511,0.00478683329,0.9163059163,0.9163059163,0,0,1,0,-34504436.55,0,1,-29350987.66,822,21.0852766
829,0,-17364118.21,-17422715.95,17140318.35,17081720.6,1.668236768,1.662533553,-58597.74884,-0.005703214908,0,14,1,69,0,0,-34504436.55,0,1,-29350987.66,823,21.11561227
830,0,-17364118.21,-24574119.04,17140318.35,9930317.513,1.668236768,0.9665001813,-7210000.836,-0.7017365865,0,717,1.433722222,2446.853657,0,0,-34504436.55,0,1,-29350987.66,824,21.13378954
831,0,-17835673.95,-17896888.98,16668762.6,16607547.57,1.622341084,1.616383134,-61215.02998,-0.005957950237,1.601206496,1.601206496,0,0,1,0,-34504436.55,0,1,-29350987.66,825,21.17265105
832,0,-17896888.98,-17956585.13,16607547.57,16547851.42,1.616383134,1.610573013,-59696.15236,-0.005810120572,0,11,1,51.02337879,0,0,-34504436.55,0,1,-29350987.66,826,21.20634985
833,0,-17896888.98,-23595437.76,16607547.57,10908998.8,1.616383134,1.061753494,-5698548.776,-0.5546296398,0,657,1,2181.499803,0,0,-34504436.55,0,1,-29350987.66,827,21.2245152
834,0,-18342255.84,-18376000.95,16162180.71,16128435.6,1.573036367,1.569752016,-33745.11259,-0.003284351925,1.626838906,1.626838906,0.024,0.03496969697,0,0,-34504436.55,0,1,-29350987.66,828,21.26474404
835,0,-18367723.91,-18396078.77,16136712.64,16108357.78,1.570557606,1.567797877,-28354.86145,-0.002759728347,0.9706472422,0.9706472422,0.02393939394,0.03490909091,0,0,-34504436.55,0,1,-29350987.66,829,21.3190167
836,0,-18400797.43,-18453960.52,16103639.13,16050476.03,1.567338619,1.562164349,-53163.09389,-0.005174269585,0.7985585975,28.2014414,1,111.5611717,0,0,-34504436.55,0,1,-29350987.66,830,21.34104228
837,0,-18429639.9,-18424956.82,16074796.65,16079479.74,1.564531432,1.564987228,4683.087151,0.0004557965618,0.5290055249,0.5290055249,0.01096969697,0.01096969697,0,0,-34504436.55,0,1,-29350987.66,831,21.36522365
838,0,-18426405.13,-18486781.43,16078031.43,16017655.13,1.564846267,1.558969949,-60376.30102,-0.005876318234,0.25,12.75,1,54.20693434,0,0,-34504436.55,0,1,-29350987.66,832,21.3856318
839,0,-18429815.87,-25293881.09,16074620.68,9210555.466,1.564514305,0.8964470185,-6864065.219,-0.6680672868,0.5290055249,725.3770718,1,2358.504091,0,0,-34504436.55,0,1,-29350987.66,833,21.40625072
840,0,-18180475.84,-18167898.05,16323960.72,16336538.51,1.588782128,1.590006302,12577.79012,0.001224173992,0.9917636888,0.9917636888,0.01842424242,0.02539393939,0,0,-34504436.55,0,1,-29350987.66,834,21.44381094
841,0,-18178696.96,-18244739.83,16325739.6,16259696.73,1.588955264,1.582527428,-66042.87241,-0.006427835572,0.5791692812,29.42083072,1,113.4670253,0,0,-34504436.55,0,1,-29350987.66,835,21.48145509
842,0,-18199052.66,-18206864.84,16305383.9,16297571.72,1.586974079,1.586213734,-7812.180633,-0.0007603456776,0.4488950276,0.4488950276,0.0196969697,0.0196969697,0,0,-34504436.55,0,1,-29350987.66,836,21.50185323
843,0,-18212316.5,-18263284.88,16292120.05,16241151.68,1.585683133,1.580722471,-50968.37579,-0.004960661567,0.4488950276,23.55110497,1,106.3071061,0,0,-34504436.55,0,1,-29350987.66,837,21.52189422
844,0,-18217499.78,-18219009.47,16286936.78,16285427.09,1.585178654,1.585031718,-1509.69169,-0.0001469356131,0.1243093923,0.1243093923,0.005454545455,0.005454545455,0,0,-34504436.55,0,1,-29350987.66,838,21.54222584
845,0,-18217499.78,-18250415.49,16286936.78,16254021.07,1.585178654,1.581975026,-32915.70983,-0.003203627626,0.1243093923,24.87569061,1,113.415101,0,0,-34504436.55,0,1,-29350987.66,839,21.56290698
846,0,-18198347.65,-25296628.85,16306088.9,9207807.701,1.587042696,0.8961795834,-7098281.199,-0.6908631126,0.4488950276,720.551105,1.511944444,2285.726919,0,0,-34504436.55,0,1,-29350987.66,840,21.583004
847,0,-18866934.07,-18896846.65,15637502.48,15607589.9,1.521970367,1.519059028,-29912.57942,-0.002911338273,3.758209141,3.758209141,0.01684848485,0.01975757576,0,0,-34504436.55,0,1,-29350987.66,841,21.62497401
848,0,-18895142.66,-18920245.36,15609293.89,15584191.19,1.519224874,1.516781673,-25102.69843,-0.002443201091,0.458014842,21.54198516,1,52.27027778,0,0,-34504436.55,0,1,-29350987.66,842,21.66947126
849,0,-18961159.85,-18954586.05,15543276.71,15549850.5,1.512799539,1.513439355,6573.79339,0.0006398156448,0.4060773481,0.4060773481,0.01781818182,0.01781818182,0,0,-34504436.55,0,1,-29350987.66,843,21.6934855
850,0,-18961159.85,-19026523.23,15543276.71,15477913.32,1.512799539,1.506437836,-65363.38943,-0.0063617027,0.4060773481,15.59392265,1,72.1725101,0,0,-34504436.55,0,1,-29350987.66,844,21.71157813
851,0,-18970020.73,-18970613.46,15534415.83,15533823.09,1.511937125,1.511879435,-592.73907,-5.769024182e-05,0.06629834254,0.06629834254,0.002909090909,0.002909090909,0,0,-34504436.55,0,1,-29350987.66,845,21.73141026
852,0,-18970020.73,-19017743.87,15534415.83,15486692.69,1.511937125,1.507292317,-47723.14018,-0.004644808545,0.06629834254,15.93370166,1,72.1935303,0,0,-34504436.55,0,1,-29350987.66,846,21.74950027
853,0,-18967825.21,-18961834.1,15536611.34,15542602.46,1.512150811,1.512733915,5991.116249,0.0005831047127,0.4060773481,0.4060773481,0.01781818182,0.01781818182,0,0,-34504436.55,0,1,-29350987.66,847,21.76938629
854,0,-18967825.21,-19022930.66,15536611.34,15481505.89,1.512150811,1.506787495,-55105.45174,-0.005363315828,0.4060773481,21.59392265,1,94.27912121,0,0,-34504436.55,0,1,-29350987.66,848,21.78753376
855,0,-18975448.48,-18976426.62,15528988.08,15528009.94,1.511408852,1.511313651,-978.1414283,-9.520076942e-05,0.06629834254,0.06629834254,0.002909090909,0.002909090909,0,0,-34504436.55,0,1,-29350987.66,849,21.80748248
856,0,-18975448.48,-19008338.14,15528988.08,15496098.41,1.511408852,1.508207759,-32889.66747,-0.003201092969,0.06629834254,21.93370166,1,94.30014141,0,0,-34504436.55,0,1,-29350987.66,850,21.82558799
857,0,-18967825.21,-25896913.16,15536611.34,8607523.392,1.512150811,0.8377549769,-6929087.95,-0.6743958339,0.4060773481,709.4060773,1.216166667,2429.747626,0,0,-34504436.55,0,1,-29350987.66,851,21.84558105
858,0,-20081574.39,-20252488.19,14422862.16,14251948.37,1.403751579,1.387116843,-170913.7951,-0.01663473637,4.440539913,4.440539913,0.06521212121,0.1070505051,0,0,-34504436.55,0,1,-29350987.66,852,21.90186501
859,0,-20120461.39,-20151221.37,14383975.16,14353215.18,1.399966777,1.396972962,-30759.98082,-0.002993814347,0.6339779006,0.6339779006,0.02133333333,0.02133333333,0,0,-34504436.55,0,1,-29350987.66,853,21.94382334
860,0,-20117701.19,-20120875.71,14386735.37,14383560.85,1.400235423,1.399926452,-3174.520447,-0.0003089704416,0.4861878453,29.51381215,1,118.4142071,0,0,-34504436.55,0,1,-29350987.66,854,21.96206331
861,0,-20082115.33,-20082115.33,14422321.22,14422321.22,1.403698931,1.403698931,0,0,0,0,0,0,1,0,-34504436.55,0,1,-29350987.66,855,21.98212171
862,0,-20082115.33,-20141052.93,14422321.22,14363383.62,1.403698931,1.397962639,-58937.60263,-0.005736292273,0,13,1,63.13676263,0,0,-34504436.55,0,1,-29350987.66,856,22.0003736
863,0,-20082276.44,-20082276.44,14422160.11,14422160.11,1.40368325,1.40368325,0,0,0,0,0,0,1,0,-34504436.55,0,1,-29350987.66,857,22.01832318
864,0,-20082276.44,-20134951.24,14422160.11,14369485.32,1.40368325,1.398556506,-52674.79275,-0.005126744102,0,19,1,85.23178283,0,0,-34504436.55,0,1,-29350987.66,858,22.03647089
865,0,-20082115.33,-24923010.76,14422321.22,9581425.793,1.403698931,0.9325431693,-4840895.431,-0.4711557616,0,658,1.017,2280.924576,0,0,-34504436.55,0,1,-29350987.66,859,22.05459309
866,0,-20007302.33,-20011925.58,14497134.22,14492510.98,1.410980347,1.410530375,-4623.247406,-0.0004499724656,1.624427712,1.624427712,0.03957575758,0.03957575758,0,0,-34504436.55,0,1,-29350987.66,860,22.08797359
867,0,-19997224.49,-19995626.06,14507212.06,14508810.5,1.411961206,1.412116779,1598.433717,0.0001555727171,0.09806629834,0.09806629834,0,0,1,0,-34504436.55,0,1,-29350987.66,861,22.11816382
868,0,-19995626.06,-20041405.83,14508810.5,14463030.72,1.412116779,1.407661114,-45779.77648,-0.004455664405,0,22,1,108.3077576,0,0,-34504436.55,0,1,-29350987.66,862,22.13823104
869,0,-19995626.06,-25016669.01,14508810.5,9487767.543,1.412116779,0.9234275781,-5021042.954,-0.4886892005,0,742,1.385444444,2525.021879,0,0,-34504436.55,0,1,-29350987.66,863,22.1582737
870,0,-19679561.23,-19776633.96,14824875.32,14727802.59,1.442878807,1.43343089,-97072.73168,-0.009447916709,8.546793684,8.546793684,0.01721212121,0.04290909091,0,0,-34504436.55,0,1,-29350987.66,864,22.19718838
871,0,-19781290.02,-19781630.43,14723146.53,14722806.12,1.432977725,1.432944593,-340.4124767,-3.313174227e-05,0.9784431046,10.0215569,1,27,0,0,-34504436.55,0,1,-29350987.66,865,22.24841857
872,0,-19793146.77,-19793146.77,14711289.78,14711289.78,1.431823728,1.431823728,0,0,0,0,0,0,1,0,-34504436.55,0,1,-29350987.66,866,22.2689898
873,0,-19793146.77,-19852520.7,14711289.78,14651915.85,1.431823728,1.426044969,-59373.92787,-0.005778759035,0,11,1,55,0,0,-34504436.55,0,1,-29350987.66,867,22.28702831
874,0,-19793146.77,-25771684.96,14711289.78,8732751.599,1.431823728,0.849943216,-5978538.181,-0.5818805117,0,733,1.172944444,2392.672374,0,0,-34504436.55,0,1,-29350987.66,868,22.30507922
875,0,-20907110.2,-20909840.69,13597326.36,13594595.86,1.323403645,1.32313789,-2730.498706,-0.0002657545935,0.7685185185,0.7685185185,0,0,1,0,-34504436.55,0,1,-29350987.66,869,22.33923125
876,0,-20909840.69,-20966218.62,13594595.86,13538217.93,1.32313789,1.317650727,-56377.92578,-0.005487163468,0,17,1,91,0,0,-34504436.55,0,1,-29350987.66,870,22.37173462
877,0,-20909840.69,-26663151.98,13594595.86,7841284.575,1.32313789,0.7631783126,-5753311.285,-0.5599595776,0,715,1.609111111,2442.166323,0,0,-34504436.55,0,1,-29350987.66,871,22.39179015
878,0,-20362462.07,-20371819.77,14141974.48,14132616.79,1.37641328,1.375502512,-9357.69304,-0.0009107676575,1.421774606,1.421774606,0.003878787879,0.003878787879,0,0,-34504436.55,0,1,-29350987.66,872,22.42824554
879,0,-20372627.83,-20443162.93,14131808.73,14061273.62,1.375423865,1.368558809,-70535.107,-0.006865056793,0.09509658247,9.904903418,1,41.01254545,0,0,-34504436.55,0,1,-29350987.66,873,22.49449849
880,0,-20380317.01,-20380317.01,14124119.54,14124119.54,1.374675491,1.374675491,0,0,0,0,0,0,1,0,-34504436.55,0,1,-29350987.66,874,22.52034354
881,0,-20380317.01,-20438592.54,14124119.54,14065844.02,1.374675491,1.369003637,-58275.52436,-0.005671853371,0,14,1,65.08937879,0,0,-34504436.55,0,1,-29350987.66,875,22.53840923
882,0,-20380317.01,-24913764.16,14124119.54,9590672.399,1.374675491,0.933443125,-4533447.145,-0.4412323656,0,689,1.047888889,2192.988313,0,0,-34504436.55,0,1,-29350987.66,876,22.55646062
883,0,-20321301.62,-20318360.49,14183134.93,14186076.07,1.380419353,1.380705609,2941.134944,0.0002862554448,0.2662848962,0.2662848962,0,0,1,0,-34504436.55,0,1,-29350987.66,877,22.59162164
884,0,-20318360.49,-20364703.42,14186076.07,14139733.13,1.380705609,1.376195133,-46342.93477,-0.004510475602,0,21,1,89,0,0,-34504436.55,0,1,-29350987.66,878,22.62547278
885,0,-20318360.49,-24971849.04,14186076.07,9532587.518,1.380705609,0.9277898267,-4653488.547,-0.4529157823,0,677,1,2252.70252,0,0,-34504436.55,0,1,-29350987.66,879,22.64549899
886,0,-20761076.71,-20768180.28,13743359.84,13736256.27,1.337616825,1.336925446,-7103.574642,-0.000691378314,0.3966712899,0.3966712899,0,0,1,0,-34504436.55,0,1,-29350987.66,880,22.68193531
887,0,-20768180.28,-20826927.39,13736256.27,13677509.16,1.336925446,1.331207695,-58747.10821,-0.00571775179,0,12,1,54,0,0,-34504436.55,0,1,-29350987.66,881,22.71597648
888,0,-20768180.28,-24750431.98,13736256.27,9754004.573,1.336925446,0.9493399557,-3982251.696,-0.3875854907,0,697,1.026333333,2241.967606,0,0,-34504436.55,0,1,-29350987.66,882,22.7341392
889,0,-20469726.97,-20450563.22,14034709.58,14053873.33,1.365973378,1.367838552,19163.75252,0.001865174025,0.8980446927,0.8980446927,0,0,1,0,-34504436.55,0,1,-29350987.66,883,22.76197767
890,0,-20450563.22,-20495618.24,14053873.33,14008818.32,1.367838552,1.363453427,-45055.01625,-0.004385124777,0,23,1,107.2905101,0,0,-34504436.55,0,1,-29350987.66,884,22.79180694
891,0,-20450563.22,-26584493.61,14053873.33,7919942.944,1.367838552,0.770833992,-6133930.391,-0.5970045597,0,717,1.238944444,2300.500848,0,0,-34504436.55,0,1,-29350987.66,885,22.81188512
892,0,-21097851.18,-21092557.11,13406585.37,13411879.44,1.304839163,1.305354426,5294.071476,0.0005152625819,1.139107612,1.139107612,0.02,0.02,0,0,-34504436.55,0,1,-29350987.66,886,22.85038495
893,0,-21095024.8,-21092828.6,13409411.76,13411607.95,1.30511425,1.305328002,2196.195395,0.0002137518004,0.455801105,18.5441989,1,88.02606061,0,0,-34504436.55,0,1,-29350987.66,887,22.88637519
894,0,-21027688.16,-21021697.04,13476748.39,13482739.51,1.311668005,1.31225111,5991.116249,0.0005831047127,0.4060773481,0.4060773481,0,0,1,0,-34504436.55,0,1,-29350987.66,888,22.90705419
895,0,-21021697.04,-21066752.06,13482739.51,13437684.49,1.31225111,1.307865985,-45055.01625,-0.004385124777,0,23,1,113,0,0,-34504436.55,0,1,-29350987.66,889,22.92721701
896,0,-21021697.04,-26608059.46,13482739.51,7896377.093,1.31225111,0.7685403696,-5586362.416,-0.5437107405,0,728,1.330555556,2266.035894,0,0,-34504436.55,0,1,-29350987.66,890,22.94538903
897,0,-21163967.99,-21165041.78,13340468.56,13339394.78,1.298404131,1.298299621,-1073.784859,-0.0001045095748,0.1069836553,0.1069836553,0,0,1,0,-34504436.55,0,1,-29350987.66,891,22.97578001
898,0,-21165041.78,-21214498.24,13339394.78,13289938.31,1.298299621,1.293486111,-49456.46556,-0.004813510027,0,20,1,91.05826263,0,0,-34504436.55,0,1,-29350987.66,892,23.00238061
899,0,-21165833.83,-21165833.83,13338602.72,13338602.72,1.298222532,1.298222532,0,0,0,0,0,0,1,0,-34504436.55,0,1,-29350987.66,893,23.02049279
900,0,-21165833.83,-21225465.35,13338602.72,13278971.21,1.298222532,1.292418703,-59631.51158,-0.0058038292,0,10,1,43,0,0,-34504436.55,0,1,-29350987.66,894,23.03874683
901,0,-21165466.07,-21165466.07,13338970.49,13338970.49,1.298258326,1.298258326,0,0,0,0,0,0,1,0,-34504436.55,0,1,-29350987.66,895,23.05682397
902,0,-21165466.07,-21210843.31,13338970.49,13293593.25,1.298258326,1.29384184,-45377.24073,-0.004416486314,0,23,1,110.1273889,0,0,-34504436.55,0,1,-29350987.66,896,23.07501817
903,0,-21165833.83,-26457812.66,13338602.72,8046623.897,1.298222532,0.7831636244,-5291978.823,-0.5150589078,0,734,1.398777778,2476.658232,0,0,-34504436.55,0,1,-29350987.66,897,23.09324694
904,0,-19847353.26,-19857019.92,14657083.29,14647416.63,1.426547906,1.425607068,-9666.657759,-0.0009408386453,0.6560232221,0.6560232221,0.02739393939,0.02739393939,0,0,-34504436.55,0,1,-29350987.66,898,23.12265706
905,0,-19863591.89,-19867546.7,14640844.67,14636889.86,1.42496743,1.424582515,-3954.810182,-0.0003849146569,0.3756906077,0.3756906077,0,0,1,0,-34504436.55,0,1,-29350987.66,899,23.15243173
906,0,-19867546.7,-19925838.38,14636889.86,14578598.17,1.424582515,1.418909089,-58291.68455,-0.005673426214,0,15,1,75,0,0,-34504436.55,0,1,-29350987.66,900,23.17262101
907,0,-19867753.35,-19867753.35,14636683.2,14636683.2,1.424562402,1.424562402,0,0,0,0,0,0,1,0,-34504436.55,0,1,-29350987.66,901,23.19075942
908,0,-19867753.35,-19912717.28,14636683.2,14591719.27,1.424562402,1.420186142,-44963.93152,-0.004376259662,0,23,1,109,0,0,-34504436.55,0,1,-29350987.66,902,23.20901275
909,0,-19867546.7,-26699896.43,14636889.86,7804540.121,1.424582515,0.7596020401,-6832349.737,-0.6649804752,0,686,1.497166667,2415.939833,0,0,-34504436.55,0,1,-29350987.66,903,23.22722888
910,0,-20237777.02,-20302074.87,14266659.53,14202361.69,1.388548655,1.38229066,-64297.8471,-0.006257995356,1.233490564,1.233490564,0.01533333333,0.02696969697,0,0,-34504436.55,0,1,-29350987.66,904,23.27176714
911,0,-20288007.82,-20293319.87,14216428.74,14211116.68,1.383659781,1.383142768,-5312.051627,-0.0005170125581,0.614640884,12.38535912,1,49.08157576,0,0,-34504436.55,0,1,-29350987.66,905,23.30580354
912,0,-20219057.64,-20218360.3,14285378.91,14286076.25,1.390370579,1.39043845,697.3404467,6.787090818e-05,0.06077348066,0.06077348066,0.000303030303,0.000303030303,0,0,-34504436.55,0,1,-29350987.66,906,23.32659531
913,0,-20218211.5,-20253033.62,14286225.06,14251402.94,1.390452932,1.387063757,-34822.12036,-0.003389175179,0.006906077348,13.99309392,1,61.18088384,0,0,-34504436.55,0,1,-29350987.66,907,23.34688401
914,0,-20200896.18,-20196652.27,14303540.38,14307784.29,1.392138202,1.392551254,4243.911083,0.0004130523345,0.3494475138,0.3494475138,0.01533333333,0.01533333333,0,0,-34504436.55,0,1,-29350987.66,908,23.36691284
915,0,-20199674.93,-20239866.86,14304761.63,14264569.7,1.392257064,1.388345255,-40191.93006,-0.003911809228,0.3494475138,28.65055249,1,124.2882172,0,0,-34504436.55,0,1,-29350987.66,909,23.38708138
916,0,-20207987.29,-20210818.88,14296449.26,14293617.67,1.391448036,1.391172443,-2831.587524,-0.0002755933888,0.2403314917,0.2403314917,0.008181818182,0.008181818182,0,0,-34504436.55,0,1,-29350987.66,910,23.4075079
917,0,-20213431.45,-20207256.54,14291005.1,14297180.02,1.390918166,1.391519159,6174.91485,0.0006009935043,0.1864640884,13.81353591,1,53.09943939,0,0,-34504436.55,0,1,-29350987.66,911,23.42834949
918,0,-20224668.9,-20224668.9,14279767.65,14279767.65,1.389824445,1.389824445,0,0,0,0,0,0,1,0,-34504436.55,0,1,-29350987.66,912,23.44830775
919,0,-20224668.9,-20270046.14,14279767.65,14234390.41,1.389824445,1.385407958,-45377.24073,-0.004416486314,0,23,1,117.2765303,0,0,-34504436.55,0,1,-29350987.66,913,23.46654224
920,0,-20224830.02,-20224830.02,14279606.54,14279606.54,1.389808764,1.389808764,0,0,0,0,0,0,1,0,-34504436.55,0,1,-29350987.66,914,23.48460793
921,0,-20224830.02,-20284203.94,14279606.54,14220232.61,1.389808764,1.384030005,-59373.92787,-0.005778759035,0,11,1,53.03779798,0,0,-34504436.55,0,1,-29350987.66,915,23.50282288
922,0,-20224668.9,-24441801.06,14279767.65,10062635.49,1.389824445,0.9793784554,-4217132.159,-0.4104459894,0,704,1,2365.75501,0,0,-34504436.55,0,1,-29350987.66,916,23.52102113
923,0,-20286970.1,-20318071.81,14217466.45,14186364.75,1.383760779,1.380733706,-31101.70192,-0.003027073455,1.549951314,1.549951314,0.03109090909,0.04775757576,0,0,-34504436.55,0,1,-29350987.66,917,23.56385803
924,0,-20317250.17,-20299395.27,14187186.39,14205041.28,1.380813674,1.38255146,17854.8972,0.001737785459,0.6755146764,0.6755146764,0.01666666667,0.01666666667,0,0,-34504436.55,0,1,-29350987.66,918,23.60473418
925,0,-20298173.6,-20371697.87,14206262.96,14132738.68,1.382670363,1.375514376,-73524.27378,-0.007155987091,0.3808219389,20.61917806,1,98.30861616,0,0,-34504436.55,0,1,-29350987.66,919,23.62535882
926,0,-20327439.91,-20331550.17,14176996.65,14172886.39,1.379821925,1.379421881,-4110.257374,-0.0004000440562,0.2914364641,0.2914364641,0,0,1,0,-34504436.55,0,1,-29350987.66,920,23.64803171
927,0,-20331550.17,-20390487.77,14172886.39,14113948.79,1.379421881,1.373685589,-58937.60263,-0.005736292273,0,13,1,68.13307071,0,0,-34504436.55,0,1,-29350987.66,921,23.66630888
928,0,-20331711.28,-20331711.28,14172725.28,14172725.28,1.3794062,1.3794062,0,0,0,0,0,0,1,0,-34504436.55,0,1,-29350987.66,922,23.68438339
929,0,-20331711.28,-20375972.98,14172725.28,14128463.58,1.3794062,1.375098288,-44261.69762,-0.004307912483,0,24,1,126.3433384,0,0,-34504436.55,0,1,-29350987.66,923,23.70258045
930,0,-20331550.17,-26353773.52,14172886.39,8150663.037,1.379421881,0.7932895693,-6022223.352,-0.5861323118,0,738,1.334111111,2458.569212,0,0,-34504436.55,0,1,-29350987.66,924,23.72078371
931,0,-20373993.48,-20367214.02,14130443.08,14137222.54,1.375290949,1.375950782,6779.45926,0.000659832739,1.862736166,1.862736166,0.01951515152,0.03309090909,0,0,-34504436.55,0,1,-29350987.66,925,23.77313542
932,0,-20380713.79,-20381317.46,14123722.77,14123119.09,1.374636873,1.374578119,-603.6725666,-5.875437963e-05,0.7390171401,0.7390171401,0.01951515152,0.02812121212,0,0,-34504436.55,0,1,-29350987.66,926,23.80806661
933,0,-20383138.72,-20443591.34,14121297.83,14060845.22,1.374400858,1.368517113,-60452.61618,-0.005883745854,0.6408839779,9.359116022,1,49.17722727,0,0,-34504436.55,0,1,-29350987.66,927,23.8283906
934,0,-20383651.6,-26680093.5,14120784.95,7824343.054,1.374350941,0.7615294245,-6296441.899,-0.6128215164,0.6906077348,693.6906077,1.1405,2459.390879,0,0,-34504436.55,0,1,-29350987.66,928,23.84884882
935,0,-20347068.58,-20348799.87,14157367.97,14155636.68,1.377911501,1.377742998,-1731.287058,-0.000168503097,0.09198606272,0.09198606272,0.002,0.002,0,0,-34504436.55,0,1,-29350987.66,929,23.8829422
936,0,-20348056.94,-20369328.36,14156379.62,14135108.2,1.377815306,1.375744997,-21271.4209,-0.002070309649,0.0455801105,28.95441989,1,131.3729848,0,0,-34504436.55,0,1,-29350987.66,930,23.91294169
937,0,-20339847.86,-20331506.85,14164588.7,14172929.7,1.378614282,1.379426097,8341.005168,0.0008118152311,0.479281768,0.479281768,0.02103030303,0.02103030303,0,0,-34504436.55,0,1,-29350987.66,931,23.93355131
938,0,-20339847.86,-20405830.5,14164588.7,14098606.05,1.378614282,1.372192308,-65982.64608,-0.006421973851,0.479281768,13.52071823,1,69.16009091,0,0,-34504436.55,0,1,-29350987.66,932,23.9518466
939,0,-20351239.46,-20348909.99,14153197.1,14155526.57,1.377505557,1.377732281,2329.47051,0.0002267232309,0.1160220994,0.1160220994,0.005090909091,0.005090909091,0,0,-34504436.55,0,1,-29350987.66,933,23.97204709
940,0,-20346890.84,-20371387.67,14157545.72,14133048.89,1.377928801,1.375544568,-24496.82936,-0.002384232929,0.1160220994,27.8839779,1,129.343803,0,0,-34504436.55,0,1,-29350987.66,934,23.99220061
941,0,-20332903.98,-20327960.41,14171532.57,14176476.14,1.379290116,1.379771265,4943.571356,0.0004811490272,0.479281768,0.479281768,0.02103030303,0.02103030303,0,0,-34504436.55,0,1,-29350987.66,935,24.01286888
942,0,-20332903.98,-20391037.89,14171532.57,14113398.66,1.379290116,1.373632046,-58133.90872,-0.005658070172,0.479281768,20.52071823,1,102.2837828,0,0,-34504436.55,0,1,-29350987.66,936,24.03108263
943,0,-20334764.88,-20337813.65,14169671.67,14166622.9,1.379108999,1.378812267,-3048.773113,-0.0002967316767,0.2955801105,0.2955801105,0.01296969697,0.01296969697,0,0,-34504436.55,0,1,-29350987.66,937,24.05115342
944,0,-20334764.88,-20369337.27,14169671.67,14135099.28,1.379108999,1.375744129,-34572.39047,-0.003364869412,0.2955801105,29.70441989,1,124.3335152,0,0,-34504436.55,0,1,-29350987.66,938,24.0713439
945,0,-20334764.86,-20329821.28,14169671.7,14174615.27,1.379109001,1.37959015,4943.571356,0.0004811490272,0.479281768,0.479281768,0.02103030303,0.02103030303,0,0,-34504436.55,0,1,-29350987.66,939,24.09129381
946,0,-20334764.86,-20377329.64,14169671.7,14127106.91,1.379109001,1.374966246,-42564.7857,-0.004142755057,0.479281768,29.52071823,1,124.4258333,0,0,-34504436.55,0,1,-29350987.66,940,24.10951376
947,0,-20334764.88,-25903482.15,14169671.67,8600954.409,1.379108999,0.8371156294,-5568717.264,-0.5419933691,0.2955801105,667.2955801,1,2228.895242,0,0,-34504436.55,0,1,-29350987.66,941,24.12987709
948,0,-21071228.77,-21082053.5,13433207.78,13422383.05,1.307430275,1.306376723,-10824.73146,-0.001053551904,2.273072733,2.273072733,0.03212121212,0.03787878788,0,0,-34504436.55,0,1,-29350987.66,942,24.17465901
949,0,-21079464.37,-21100858.09,13424972.19,13403578.46,1.306628719,1.304546506,-21393.72519,-0.002082213308,0.5262430939,0.5262430939,0.005757575758,0.007757575758,0,0,-34504436.55,0,1,-29350987.66,943,24.21653843
950,0,-21103637.43,-21167371.22,13400799.12,13337065.33,1.304275998,1.298072901,-63733.79467,-0.006203097134,0.1767955801,28.82320442,1,135.4313182,0,0,-34504436.55,0,1,-29350987.66,944,24.23739934
951,0,-20992447.69,-20994494.59,13511988.87,13509941.97,1.315097898,1.314898677,-2046.899398,-0.000199221086,0.7928176796,0.7928176796,0.01951515152,0.03412121212,0,0,-34504436.55,0,1,-29350987.66,945,24.2594161
952,0,-20991418.45,-20958284.17,13513018.11,13546152.38,1.315198072,1.318422972,33134.27519,0.003224900205,0.7776243094,25.22237569,1,115.3460051,0,0,-34504436.55,0,1,-29350987.66,946,24.28062272
953,0,-20977527.36,-20972708.61,13526909.2,13531727.94,1.316550067,1.317019067,4818.746915,0.0004690000859,0.3439226519,0.3439226519,0.002,0.002,0,0,-34504436.55,0,1,-29350987.66,947,24.30092597
954,0,-20972155.06,-21012558.09,13532281.5,13491878.47,1.317072944,1.313140589,-40403.02847,-0.003932355062,0.0455801105,24.95441989,1,131.3618131,0,0,-34504436.55,0,1,-29350987.66,948,24.32216668
955,0,-20960265.02,-20964946.82,13544171.53,13539489.73,1.31823018,1.317774509,-4681.797348,-0.0004556710276,0.4447513812,0.4447513812,0.01951515152,0.01951515152,0,0,-34504436.55,0,1,-29350987.66,949,24.34206271
956,0,-20970348.16,-21017122.12,13534088.39,13487314.44,1.317248806,1.31269638,-46773.95446,-0.004552425982,0.4447513812,29.55524862,1,143.3486616,0,0,-34504436.55,0,1,-29350987.66,950,24.36215496
957,0,-20973347.24,-26227939.75,13531089.31,8276496.802,1.316956911,0.8055367463,-5254592.511,-0.5114201643,0.0455801105,727.0455801,1.325166667,2517.829753,0,0,-34504436.55,0,1,-29350987.66,951,24.38264298
958,0,-20267254.14,-20119293.98,14237182.41,14385142.58,1.385679699,1.400080399,147960.165,0.01440070029,5.578085295,5.578085295,0.0983030303,0.1283636364,0,0,-34504436.55,0,1,-29350987.66,952,24.46765399
959,0,-20152963.23,-20153972.91,14351473.33,14350463.65,1.396803431,1.396705161,-1009.675948,-9.826996826e-05,0.4848066298,0.4848066298,0.01054545455,0.02127272727,0,0,-34504436.55,0,1,-29350987.66,953,24.51622128
960,0,-20152963.23,-20143533.65,14351473.33,14360902.9,1.396803431,1.397721195,9429.575226,0.0009177638231,0.4848066298,29.51519337,1,118.3717273,0,0,-34504436.55,0,1,-29350987.66,954,24.53267264
961,0,-20106779.87,-20109611.71,14397656.68,14394824.84,1.401298375,1.401022757,-2831.840209,-0.0002756179822,0.9571823204,0.9571823204,0.01054545455,0.02103030303,0,0,-34504436.55,0,1,-29350987.66,955,24.55448747
962,0,-20115876.26,-20209045.61,14388560.29,14295390.94,1.400413039,1.391345032,-93169.34641,-0.009068007149,0.4885380914,15.51146191,1,71.16683333,0,0,-34504436.55,0,1,-29350987.66,956,24.58040619
963,0,-20140177.79,-20135732.85,14364258.76,14368703.7,1.398047815,1.398480433,4444.940239,0.0004326181455,0.4309392265,0.4309392265,0.01054545455,0.01054545455,0,0,-34504436.55,0,1,-29350987.66,957,24.60515475
964,0,-20138211.76,-20209628.85,14366224.79,14294807.71,1.398239165,1.391288267,-71417.08668,-0.00695089831,0.2403314917,17.75966851,1,94.21989394,0,0,-34504436.55,0,1,-29350987.66,958,24.62522483
965,0,-20147523.92,-20150430.23,14356912.63,14354006.32,1.397332829,1.397049963,-2906.30708,-0.0002828657105,0.2817679558,0.2817679558,0.01236363636,0.01236363636,0,0,-34504436.55,0,1,-29350987.66,959,24.64523983
966,0,-20147523.92,-20182741.78,14356912.63,14321694.77,1.397332829,1.393905137,-35217.85633,-0.00342769146,0.2817679558,24.71823204,1,119.301697,0,0,-34504436.55,0,1,-29350987.66,960,24.66539097
967,0,-20138211.76,-25935332.79,14366224.79,8569103.763,1.398239165,0.8340156626,-5797121.032,-0.5642235025,0.2403314917,687.7596685,1.380333333,2384.451167,0,0,-34504436.55,0,1,-29350987.66,961,24.68604088
968,0,-19702305.17,-19694588.17,14802131.38,14809848.38,1.44066518,1.441416262,7717.000754,0.0007510819888,2.104030252,2.104030252,0.009277777778,0.01358080808,0,0,-34504436.55,0,1,-29350987.66,962,24.7211647
969,0,-19687449.12,-19725979.4,14816987.43,14778457.16,1.442111092,1.438361009,-38530.27235,-0.003750083032,0.3296890445,10.67031096,1,51.0230303,0,0,-34504436.55,0,1,-29350987.66,963,24.7781961
970,0,-19662768.15,-19670975.28,14841668.4,14833461.28,1.444513248,1.443714463,-8207.125294,-0.0007987849406,0.6726519337,0.6726519337,0.008666666667,0.008666666667,0,0,-34504436.55,0,1,-29350987.66,964,24.79887843
971,0,-19667840.12,-19735788.48,14836596.43,14768648.08,1.444019602,1.437406309,-67948.35672,-0.006613292979,0.1975252745,17.80247473,1,85.26169192,0,0,-34504436.55,0,1,-29350987.66,965,24.81958199
972,0,-19673994.92,-19688328.04,14830441.63,14816108.51,1.443420566,1.442025549,-14333.12061,-0.001395017193,0.8522099448,0.8522099448,0.004303030303,0.004303030303,0,0,-34504436.55,0,1,-29350987.66,966,24.84006453
973,0,-19686825.35,-19737363.9,14817611.21,14767072.66,1.442171803,1.437252976,-50538.54931,-0.004918827319,0.09806629834,14.9019337,1,74.06106566,0,0,-34504436.55,0,1,-29350987.66,967,24.86032915
974,0,-19685942.63,-19693687.16,14818493.92,14810749.4,1.442257717,1.441503956,-7744.523924,-0.0007537607702,0.4751381215,0.4751381215,0,0,1,0,-34504436.55,0,1,-29350987.66,968,24.88031149
975,0,-19693687.16,-19733712.92,14810749.4,14770723.63,1.441503956,1.437608319,-40025.76788,-0.003895636958,0,27,1,130.4013434,0,0,-34504436.55,0,1,-29350987.66,969,24.90024185
976,0,-19687705.88,-19689304.32,14816730.67,14815132.24,1.442086103,1.44193053,-1598.433717,-0.0001555727171,0.09806629834,0.09806629834,0.004303030303,0.004303030303,0,0,-34504436.55,0,1,-29350987.66,970,24.92020535
977,0,-19687705.88,-19744616.4,14816730.67,14759820.16,1.442086103,1.436547103,-56910.51478,-0.00553899941,0.09806629834,9.901933702,1,50.0230303,0,0,-34504436.55,0,1,-29350987.66,971,24.93823981
978,0,-19685430.22,-19692710.88,14819006.33,14811725.67,1.442307588,1.441598975,-7280.65921,-0.0007086136407,0.4751381215,0.4751381215,0,0,1,0,-34504436.55,0,1,-29350987.66,972,24.95821047
979,0,-19692710.88,-19730448.76,14811725.67,14773987.8,1.441598975,1.437926014,-37737.87612,-0.003672960513,0,30,1,133.4231919,0,0,-34504436.55,0,1,-29350987.66,973,24.97815466
980,0,-19686694.62,-19688197.32,14817741.93,14816239.24,1.442184527,1.442038272,-1502.694197,-0.0001462545596,0.09806629834,0.09806629834,0.004303030303,0.004303030303,0,0,-34504436.55,0,1,-29350987.66,974,24.99619079
981,0,-19686694.62,-19737859.99,14817741.93,14766576.56,1.442184527,1.437204692,-51165.36897,-0.004979834564,0.09806629834,13.9019337,1,68.04218182,0,0,-34504436.55,0,1,-29350987.66,975,25.01423073
982,0,-19685811.91,-19693556.43,14818624.65,14810880.12,1.44227044,1.441516679,-7744.523924,-0.0007537607702,0.4751381215,0.4751381215,0,0,1,0,-34504436.55,0,1,-29350987.66,976,25.03425002
983,0,-19693556.43,-19752303.54,14810880.12,14752133.02,1.441516679,1.435798927,-58747.10821,-0.00571775179,0,12,1,63.10563636,0,0,-34504436.55,0,1,-29350987.66,977,25.05429149
984,0,-19687575.16,-19689173.59,14816861.4,14815262.96,1.442098826,1.441943253,-1598.433717,-0.0001555727171,0.09806629834,0.09806629834,0.004303030303,0.004303030303,0,0,-34504436.55,0,1,-29350987.66,978,25.07232738
985,0,-19687575.16,-19738088.68,14816861.4,14766347.87,1.442098826,1.437182434,-50513.52632,-0.004916391876,0.09806629834,15.9019337,1,83.0794697,0,0,-34504436.55,0,1,-29350987.66,979,25.09037781
986,0,-19685299.5,-19692580.16,14819137.06,14811856.4,1.442320312,1.441611698,-7280.65921,-0.0007086136407,0.4751381215,0.4751381215,0,0,1,0,-34504436.55,0,1,-29350987.66,980,25.11036921
987,0,-19692580.16,-19752624.98,14811856.4,14751811.58,1.441611698,1.435767642,-60044.82079,-0.005844055853,0,10,1,49.06191414,0,0,-34504436.55,0,1,-29350987.66,981,25.13037801
988,0,-19686694.62,-24911993.51,14817741.93,9592443.047,1.442184527,0.9336154591,-5225298.885,-0.5085690677,0.09806629834,704.0980663,1.035944444,2350.947944,0,0,-34504436.55,0,1,-29350987.66,982,25.14853573
989,0,-19050289.04,-19085044.66,15454147.51,15419391.89,1.504124753,1.500742049,-34755.62426,-0.003382703232,3.794879195,3.794879195,0.001393939394,0.001393939394,0,0,-34504436.55,0,1,-29350987.66,983,25.18315411
990,0,-19085369.64,-19156793.14,15419066.91,15347643.42,1.50071042,1.493758898,-71423.49888,-0.006951522399,0.0317679558,10.96823204,1,56.08265657,0,0,-34504436.55,0,1,-29350987.66,984,25.21570635
991,0,-19093126.77,-19095274.31,15411309.79,15409162.24,1.499955433,1.499746416,-2147.543539,-0.0002090166016,0.1367403315,0.1367403315,0.006,0.006,0,0,-34504436.55,0,1,-29350987.66,985,25.23551702
992,0,-19093126.77,-19133659.08,15411309.79,15370777.48,1.499955433,1.496010495,-40532.30965,-0.00394493777,0.1367403315,19.86325967,1,99.16159596,0,0,-34504436.55,0,1,-29350987.66,986,25.25356627
993,0,-19080067.97,-19079569.04,15424368.59,15424867.51,1.501226422,1.501274982,498.9242566,4.85594125e-05,0.0317679558,0.0317679558,0.001393939394,0.001393939394,0,0,-34504436.55,0,1,-29350987.66,987,25.27351761
994,0,-19080067.97,-19136093.4,15424368.59,15368343.16,1.501226422,1.495773567,-56025.43016,-0.005452855695,0.0317679558,26.96823204,1,126.3983081,0,0,-34504436.55,0,1,-29350987.66,988,25.29161406
995,0,-19093126.77,-24785378.6,15411309.79,9719057.951,1.499955433,0.9459386629,-5692251.835,-0.5540167697,0.1367403315,682.1367403,1,2115.203525,0,0,-34504436.55,0,1,-29350987.66,989,25.31174541
996,0,-20373593.21,-20378292.07,14130843.35,14126144.48,1.375329907,1.374872574,-4698.866843,-0.0004573323712,4.1413094,4.1413094,0.056,0.056,0,0,-34504436.55,0,1,-29350987.66,990,25.37229109
997,0,-20388057.04,-20392395.52,14116379.51,14112041.04,1.373922167,1.373499911,-4338.471796,-0.0004222557609,0.2762430939,0.2762430939,0.01212121212,0.01212121212,0,0,-34504436.55,0,1,-29350987.66,991,25.41044831
998,0,-20388057.04,-20413161.26,14116379.51,14091275.29,1.373922167,1.371478818,-25104.21871,-0.002443349058,0.2762430939,29.72375691,1,137.3849141,0,0,-34504436.55,0,1,-29350987.66,992,25.42671418
999,0,-20381614.41,-20376690.25,14122822.14,14127746.31,1.374549217,1.375028477,4924.165489,0.0004792602886,0.3135359116,0.3135359116,0.01375757576,0.01375757576,0,0,-34504436.55,0,1,-29350987.66,993,25.44718647
1000,0,-20381614.41,-20436911.86,14122822.14,14067524.7,1.374549217,1.369167215,-55297.44552,-0.005382002242,0.3135359116,22.68646409,1,114.3262929,0,0,-34504436.55,0,1,-29350987.66,994,25.46536326
1001,0,-20388057.04,-25512755.74,14116379.51,8991680.811,1.373922167,0.8751443368,-5124698.7,-0.4987778302,0.2762430939,698.2762431,1.018,2398.956,0,0,-34504436.55,0,1,-29350987.66,995,25.4855864
1002,0,-19835916.48,-19840267.84,14668520.08,14664168.71,1.427661029,1.427237518,-4351.367159,-0.0004235108437,1.569845901,1.569845901,0.02490909091,0.04042424242,0,0,-34504436.55,0,1,-29350987.66,996,25.53971887
1003,0,-19807654.87,-19805718.78,14696781.68,14698717.77,1.43041168,1.430600116,1936.087024,0.0001884359143,1.05643389,26.94356611,1,123.4392172,0,0,-34504436.55,0,1,-29350987.66,997,25.5890727
1004,0,-19749737.31,-19743365.24,14754699.24,14761071.32,1.436048694,1.436668877,6372.076751,0.0006201829223,0.4979310583,0.4979310583,0.01521212121,0.01521212121,0,0,-34504436.55,0,1,-29350987.66,998,25.61021137
1005,0,-19746464.77,-19800029.61,14757971.79,14704406.94,1.436367205,1.431153833,-53564.84642,-0.005213371447,0.3466850829,27.65331492,1,130.3837525,0,0,-34504436.55,0,1,-29350987.66,999,25.62861514
1006,0,-19752490.48,-19752680.82,14751946.08,14751755.74,1.435780733,1.435762207,-190.3398244,-1.852543733e-05,0.5745856354,0.5745856354,0.02521212121,0.02521212121,0,0,-34504436.55,0,1,-29350987.66,1000,25.64879441
1007,0,-19752490.48,-19821283.64,14751946.08,14683152.91,1.435780733,1.429085217,-68793.16141,-0.00669551632,0.5745856354,9.425414365,1,52.12221212,0,0,-34504436.55,0,1,-29350987.66,1001,25.6688695
1008,0,-19749489.74,-19743740.34,14754946.82,14760696.22,1.43607279,1.436632369,5749.399607,0.0005595788609,0.6035911602,0.6035911602,0.01521212121,0.01521212121,0,0,-34504436.55,0,1,-29350987.66,1002,25.68899822
1009,0,-19746839.87,-19812725.64,14757596.69,14691710.92,1.436330697,1.429918152,-65885.77038,-0.00641254511,0.3466850829,10.65331492,1,50.09321212,0,0,-34504436.55,0,1,-29350987.66,1003,25.70710468
1010,0,-19743771.01,-19739357.5,14760665.55,14765079.06,1.436629384,1.437058943,4413.508452,0.0004295589455,0.455801105,0.455801105,0.01521212121,0.01654545455,0,0,-34504436.55,0,1,-29350987.66,1004,25.72713685
1011,0,-19741979.8,-19799821.47,14762456.76,14704615.08,1.436803719,1.431174091,-57841.67533,-0.005629627614,0.3770718232,9.622928177,1,51.06909091,0,0,-34504436.55,0,1,-29350987.66,1005,25.7480917
1012,0,-19739351.68,-26042649.66,14765084.88,8461786.897,1.437059509,0.8235707025,-6303297.978,-0.6134888064,1.11878453,707.4254144,1.143888889,2478.675384,0,0,-34504436.55,0,1,-29350987.66,1006,25.76848054
1013,0,-20200598.35,-20266169.25,14303838.2,14238267.31,1.392167189,1.38578529,-65570.89136,-0.006381898495,3.50709628,3.50709628,0.04890909091,0.07192424242,0,0,-34504436.55,0,1,-29350987.66,1007,25.82394171
1014,0,-20171489.74,-20162273.07,14332946.82,14342163.49,1.395000279,1.395897321,9216.670839,0.000897042217,0.9047602827,0.9047602827,0.01187878788,0.02810606061,0,0,-34504436.55,0,1,-29350987.66,1008,25.91357946
1015,0,-20159507.71,-20299544.26,14344928.85,14204892.29,1.396166468,1.382536959,-140036.5514,-0.01362950904,0.7057277067,15.29427229,1,43.08299495,0,0,-34504436.55,0,1,-29350987.66,1009,25.93463516
1016,0,-20244762.15,-20265286.78,14259674.41,14239149.77,1.387868805,1.385871179,-20524.63425,-0.001997626229,1.379834254,1.379834254,0.005090909091,0.008424242424,0,0,-34504436.55,0,1,-29350987.66,1010,25.96777701
1017,0,-20266348.15,-20275371.55,14238088.4,14229065,1.385767878,1.384889646,-9023.404489,-0.0008782319461,0.1919889503,10.80801105,1,23.16584848,0,0,-34504436.55,0,1,-29350987.66,1011,25.98899984
1018,0,-20302038.38,-20287400.81,14202398.17,14217035.75,1.38229421,1.38371886,14637.57608,0.001424649304,0.9571823204,0.9571823204,0.01193939394,0.02733333333,0,0,-34504436.55,0,1,-29350987.66,1012,26.00983381
1019,0,-20292599.58,-20371767.58,14211836.97,14132668.98,1.383212872,1.375507592,-79167.99783,-0.007705280738,0.6229281768,21.37707182,1,91.19536869,0,0,-34504436.55,0,1,-29350987.66,1013,26.02997494
1020,0,-20320008.56,-20315900.04,14184427.99,14188536.51,1.380545205,1.38094508,4108.519233,0.000399874886,0.4502762431,0.4502762431,0.005090909091,0.005090909091,0,0,-34504436.55,0,1,-29350987.66,1014,26.05003142
1021,0,-20316958.68,-20381402.41,14187477.87,14123034.14,1.380842044,1.374569851,-64443.73041,-0.006272193919,0.1160220994,17.8839779,1,89.22019192,0,0,-34504436.55,0,1,-29350987.66,1015,26.06982231
1022,0,-20319592.72,-20311517.2,14184843.83,14192919.35,1.380585678,1.381371654,8075.518229,0.0007859758585,0.6850828729,0.6850828729,0.0103030303,0.01539393939,0,0,-34504436.55,0,1,-29350987.66,1016,26.08980107
1023,0,-20310153.92,-20366400.43,14194282.64,14138036.12,1.38150434,1.376029966,-56246.51698,-0.005474373683,0.3508287293,22.64917127,1,98.23743434,0,0,-34504436.55,0,1,-29350987.66,1017,26.11001825
1024,0,-20320008.56,-25375782.11,14184427.99,9128654.449,1.380545205,0.8884757379,-5055773.542,-0.4920694669,0.4502762431,730.5497238,1.049,2370.015909,0,0,-34504436.55,0,1,-29350987.66,1018,26.13030767
1025,0,-19258377.07,-19263187.85,15246059.49,15241248.7,1.483871914,1.483403689,-4810.785866,-0.0004682252512,0.8290027073,0.8290027073,0.02327272727,0.02327272727,0,0,-34504436.55,0,1,-29350987.66,1019,26.1707468
1026,0,-19252100.8,-19242284.14,15252335.75,15262152.41,1.484482772,1.48543821,9816.659572,0.0009554380556,0.4696132597,0.4696132597,0,0,1,0,-34504436.55,0,1,-29350987.66,1020,26.20296144
1027,0,-19242284.14,-19306751.96,15262152.41,15197684.59,1.48543821,1.479163672,-64467.81702,-0.006274538227,0,17,1,90.14807576,0,0,-34504436.55,0,1,-29350987.66,1021,26.22094512
1028,0,-19246329.09,-19246329.09,15258107.46,15258107.46,1.485044523,1.485044523,0,0,0,0,0,0,1,0,-34504436.55,0,1,-29350987.66,1022,26.23909736
1029,0,-19246329.09,-19292672.02,15258107.46,15211764.53,1.485044523,1.480534047,-46342.93477,-0.004510475602,0,21,1,100.2471414,0,0,-34504436.55,0,1,-29350987.66,1023,26.2571497
1030,0,-19242284.14,-24224605.67,15262152.41,10279830.88,1.48543821,1.000517697,-4982321.527,-0.4849205126,0,701,1,2204.659101,0,0,-34504436.55,0,1,-29350987.66,1024,26.27710819
1031,0,-19472146.36,-19548767.45,15032290.2,14955669.11,1.463066129,1.455608734,-76621.08999,-0.007457394718,3.801813614,3.801813614,0.03577777778,0.07717171717,0,0,-34504436.55,0,1,-29350987.66,1025,26.32055354
1032,0,-19518049.79,-19510152.91,14986386.77,14994283.65,1.458598429,1.459367019,7896.883352,0.0007685896429,0.4571823204,0.4571823204,0.01393939394,0.01557575758,0,0,-34504436.55,0,1,-29350987.66,1026,26.36273241
1033,0,-19510777.84,-19465216.58,14993658.71,15039219.98,1.459306195,1.463740592,45561.26649,0.004434397215,0.3549723757,10.64502762,1,44.03121212,0,0,-34504436.55,0,1,-29350987.66,1027,26.38385677
1034,0,-19389813.88,-19385459.3,15114622.67,15118977.25,1.471079402,1.471503226,4354.579125,0.0004238234586,0.2886740331,0.2886740331,0,0,1,0,-34504436.55,0,1,-29350987.66,1028,26.40425634
1035,0,-19385459.3,-19452923.12,15118977.25,15051513.43,1.471503226,1.464937092,-67463.81912,-0.006566133794,0,11,1,56.00369697,0,0,-34504436.55,0,1,-29350987.66,1029,26.42425942
1036,0,-19389504.25,-19389504.25,15114932.31,15114932.31,1.471109538,1.471109538,0,0,0,0,0,0,1,0,-34504436.55,0,1,-29350987.66,1030,26.44225478
1037,0,-19389504.25,-19435284.03,15114932.31,15069152.53,1.471109538,1.466653874,-45779.77648,-0.004455664405,0,22,1,110.2079747,0,0,-34504436.55,0,1,-29350987.66,1031,26.46035194
1038,0,-19385459.3,-25101328.26,15118977.25,9403108.295,1.471503226,0.9151878436,-5715868.956,-0.5563153822,0,668,1,2264.945566,0,0,-34504436.55,0,1,-29350987.66,1032,26.47846723
1039,0,-19567096.98,-19505541.25,14937339.57,14998895.31,1.453824753,1.459815864,61555.73885,0.005991110826,4.024158039,4.024158039,0.02927272727,0.05533333333,0,0,-34504436.55,0,1,-29350987.66,1033,26.52013111
1040,0,-19469075.76,-19524514.91,15035360.79,14979921.65,1.463364984,1.457969191,-55439.14697,-0.005395793792,0.9267955801,0.9267955801,0.02606060606,0.02606060606,0,0,-34504436.55,0,1,-29350987.66,1034,26.55774713
1041,0,-19506450.65,-19351549.06,14997985.9,15152887.5,1.459727352,1.47480365,154901.5964,0.01507629749,0.5939226519,14.40607735,1,52.10382323,0,0,-34504436.55,0,1,-29350987.66,1035,26.57780409
1042,0,-19377846.47,-19381915.72,15126590.09,15122520.83,1.47224417,1.471848116,-4069.252033,-0.0003960530791,0.3328729282,0.3328729282,0.007878787879,0.007878787879,0,0,-34504436.55,0,1,-29350987.66,1036,26.59780979
1043,0,-19384448.11,-19452939.68,15119988.45,15051496.88,1.471601644,1.464935481,-68491.57285,-0.006666163241,0.179558011,13.82044199,1,74.07611111,0,0,-34504436.55,0,1,-29350987.66,1037,26.61795712
1044,0,-19384993.54,-24871805.99,15119443.01,9632630.563,1.471548557,0.9375268387,-5486812.448,-0.5340217187,0.2182320442,687.218232,1.396833333,2363.662045,0,0,-34504436.55,0,1,-29350987.66,1038,26.63836741
1045,0,-19181288.65,-19194167.39,15323147.9,15310269.16,1.491374793,1.490121328,-12878.74221,-0.001253465125,1.395293236,1.395293236,0.01278787879,0.01278787879,0,0,-34504436.55,0,1,-29350987.66,1039,26.68119574
1046,0,-19202689.22,-19277159.1,15301747.33,15227277.45,1.489291914,1.482043892,-74469.87795,-0.007248021067,0.2918395574,21.70816044,1,105,0,0,-34504436.55,0,1,-29350987.66,1040,26.71294904
1047,0,-19223367.78,-19223367.78,15281068.77,15281068.77,1.487279306,1.487279306,0,0,0,0,0,0,1,0,-34504436.55,0,1,-29350987.66,1041,26.73342633
1048,0,-19223367.78,-19281983.16,15281068.77,15222453.39,1.487279306,1.481574375,-58615.37814,-0.005704930736,0,13,1,75,0,0,-34504436.55,0,1,-29350987.66,1042,26.75159287
1049,0,-19223367.78,-24252672.77,15281068.77,10251763.78,1.487279306,0.9977859761,-5029304.989,-0.4894933296,0,686,1,2260.646727,0,0,-34504436.55,0,1,-29350987.66,1043,26.76984715
1050,0,-19888112.2,-19894243.38,14616324.35,14610193.17,1.422580911,1.421984174,-6131.181006,-0.000596736967,1.706739903,1.706739903,0.03872727273,0.05084848485,0,0,-34504436.55,0,1,-29350987.66,1044,26.81158161
1051,0,-19887249.65,-19882343.6,14617186.91,14622092.95,1.422664862,1.423142359,4906.044335,0.0004774965889,0.8439226519,0.8439226519,0.01503030303,0.02715151515,0,0,-34504436.55,0,1,-29350987.66,1045,26.84225559
1052,0,-19887249.65,-19966518.86,14617186.91,14537917.69,1.422664862,1.41494973,-79269.21818,-0.007715132335,0.8439226519,10.15607735,1,45.04224242,0,0,-34504436.55,0,1,-29350987.66,1046,26.85848093
1053,0,-19912326.51,-19916931.11,14592110.04,14587505.44,1.420224175,1.419776018,-4604.602807,-0.0004481578199,0.3052486188,0.3052486188,0.01212121212,0.01212121212,0,0,-34504436.55,0,1,-29350987.66,1047,26.87894344
1054,0,-19919839.06,-19980270.78,14584597.49,14524165.78,1.419492992,1.413611281,-60431.71446,-0.005881711526,0.2762430939,19.72375691,1,101.2725859,0,0,-34504436.55,0,1,-29350987.66,1048,26.89906931
1055,0,-19926513.73,-19927457.89,14577922.82,14576978.67,1.418843359,1.418751465,-944.1582317,-9.18932452e-05,0.3425414365,0.3425414365,0.01503030303,0.01503030303,0,0,-34504436.55,0,1,-29350987.66,1049,26.91908073
1056,0,-19926513.73,-19978964.13,14577922.82,14525472.43,1.418843359,1.413738454,-52450.39847,-0.005104904205,0.3425414365,27.65745856,1,126.1736566,0,0,-34504436.55,0,1,-29350987.66,1050,26.93950963
1057,0,-19921264.88,-25121791.53,14583171.67,9382645.028,1.41935422,0.9131961902,-5200526.644,-0.5061580294,0.3936464088,743.8411602,1.353888889,2446.614919,0,0,-34504436.55,0,1,-29350987.66,1051,26.95959115
1058,0,-20022174.36,-19957186.95,14482262.19,14547249.61,1.409532879,1.415857989,64987.41061,0.006325109348,1.985821419,1.985821419,0.02151515152,0.02151515152,0,0,-34504436.55,0,1,-29350987.66,1052,26.99014711
1059,0,-19950114,-20021131.93,14554322.56,14483304.62,1.416546387,1.409634337,-71017.93759,-0.006912049838,0.4903314917,17.50966851,1,87.2420404,0,0,-34504436.55,0,1,-29350987.66,1053,27.02527666
1060,0,-19959572,-19965150.67,14544864.55,14539285.89,1.415625856,1.415082894,-5578.663538,-0.0005429614223,0.5386740331,0.5386740331,0.02363636364,0.02363636364,0,0,-34504436.55,0,1,-29350987.66,1054,27.04577661
1061,0,-19962862.09,-20019232.74,14541574.46,14485203.81,1.415305637,1.409819181,-56370.65487,-0.005486455804,0.5386740331,23.46132597,1,109.1636616,0,0,-34504436.55,0,1,-29350987.66,1055,27.06586695
1062,0,-19977295.3,-19977295.3,14527141.26,14527141.26,1.413900879,1.413900879,0,0,0,0,0,0,1,0,-34504436.55,0,1,-29350987.66,1056,27.08594298
1063,0,-19977295.3,-20028040.66,14527141.26,14476395.89,1.413900879,1.408961923,-50745.36348,-0.004938956175,0,24,1,122.2741667,0,0,-34504436.55,0,1,-29350987.66,1057,27.1041317
1064,0,-19977295.3,-25847972.13,14527141.26,8656464.422,1.413900879,0.8425183204,-5870676.835,-0.5713825583,0,695,1.348333333,2468.601242,0,0,-34504436.55,0,1,-29350987.66,1058,27.12419415
1065,0,-19694229.3,-19694229.3,14810207.25,14810207.25,1.44145119,1.44145119,0,0,0,0,0,0,1,0,-34504436.55,0,1,-29350987.66,1059,27.15212369
1066,0,-19694229.3,-19750145.93,14810207.25,14754290.63,1.44145119,1.436008924,-55916.62568,-0.005442265948,0,18,1,92.10792929,0,0,-34504436.55,0,1,-29350987.66,1060,27.17480254
1067,0,-19694229.3,-25781377.11,14810207.25,8723059.445,1.44145119,0.8489998959,-6087147.809,-0.5924512941,0,711,1.336388889,2307.720116,0,0,-34504436.55,0,1,-29350987.66,1061,27.19305444
1068,0,-19756030.18,-19755791.8,14748406.37,14748644.75,1.43543622,1.435459421,238.3824697,2.320134275e-05,0.005586592179,0.005586592179,0,0,1,0,-34504436.55,0,1,-29350987.66,1062,27.22227883
1069,0,-19755791.8,-19813761.26,14748644.75,14690675.29,1.435459421,1.429817356,-57969.46007,-0.005642064677,0,15,1,79.06206061,0,0,-34504436.55,0,1,-29350987.66,1063,27.25287175
1070,0,-19755791.8,-24718418.35,14748644.75,9786018.206,1.435459421,0.9524557858,-4962626.548,-0.4830036353,0,699,1.080666667,2257.043152,0,0,-34504436.55,0,1,-29350987.66,1064,27.27104473
1071,0,-19808206.06,-19811297.42,14696230.5,14693139.14,1.430358034,1.430057158,-3091.356132,-0.0003008762064,0.2199535963,0.2199535963,0.007818181818,0.007818181818,0,0,-34504436.55,0,1,-29350987.66,1065,27.30575275
1072,0,-19809356.99,-19850843.8,14695079.57,14653592.75,1.430246016,1.426208178,-41486.81596,-0.004037838175,0.1781767956,23.8218232,1,112.034303,0,0,-34504436.55,0,1,-29350987.66,1066,27.33343792
1073,0,-19814721.4,-19817941.12,14689715.15,14686495.44,1.429723907,1.429410538,-3219.715535,-0.0003133691993,0.2182320442,0.2182320442,0.007818181818,0.007818181818,0,0,-34504436.55,0,1,-29350987.66,1067,27.35365868
1074,0,-19815312.36,-19860368.52,14689124.19,14644068.03,1.42966639,1.425281154,-45056.16035,-0.00438523613,0.1781767956,16.8218232,1,89.03430303,0,0,-34504436.55,0,1,-29350987.66,1068,27.37399578
1075,0,-19814721.4,-25791965.7,14689715.15,8712470.856,1.429723907,0.8479693273,-5977244.295,-0.58175458,0.2182320442,705.781768,1.129166667,2308.166197,0,0,-34504436.55,0,1,-29350987.66,1069,27.39422011
1076,0,-19499196.06,-19498925.84,15005240.49,15005510.72,1.460433429,1.46045973,270.2271317,2.630072718e-05,1.040976651,1.040976651,0,0,1,0,-34504436.55,0,1,-29350987.66,1070,27.42599225
1077,0,-19498925.84,-19544140.01,15005510.72,14960296.55,1.46045973,1.456059115,-45214.16968,-0.004400614898,0,29,1,137.3568535,0,0,-34504436.55,0,1,-29350987.66,1071,27.46085548
1078,0,-19498618.28,-19498618.28,15005818.27,15005818.27,1.460489663,1.460489663,0,0,0,0,0,0,1,0,-34504436.55,0,1,-29350987.66,1072,27.47906518
1079,0,-19498618.28,-19557365.39,15005818.27,14947071.16,1.460489663,1.454771911,-58747.10821,-0.00571775179,0,12,1,64.10224242,0,0,-34504436.55,0,1,-29350987.66,1073,27.49741006
1080,0,-19498618.28,-24633862.45,15005818.27,9870574.109,1.460489663,0.9606854618,-5135244.163,-0.4998042014,0,737,1.120055556,2451.401561,0,0,-34504436.55,0,1,-29350987.66,1074,27.51568651
1081,0,-18955035.29,-18964574.76,15549401.26,15539861.79,1.513395631,1.512467171,-9539.46727,-0.0009284594207,1.65374773,1.65374773,0,0,1,0,-34504436.55,0,1,-29350987.66,1075,27.55570722
1082,0,-18964574.76,-19009650.35,15539861.79,15494786.21,1.512467171,1.508080045,-45075.58377,-0.004387126578,0,30,1,129,0,0,-34504436.55,0,1,-29350987.66,1076,27.59625673
1083,0,-18959881.44,-18959881.44,15544555.12,15544555.12,1.512923964,1.512923964,0,0,0,0,0,0,1,0,-34504436.55,0,1,-29350987.66,1077,27.61619043
1084,0,-18959881.44,-19014505.25,15544555.12,15489931.31,1.512923964,1.507607526,-54623.81013,-0.005316438505,0,30,1,128,0,0,-34504436.55,0,1,-29350987.66,1078,27.63436413
1085,0,-18964655.55,-18964655.55,15539781,15539781,1.512459308,1.512459308,0,0,0,0,0,0,1,0,-34504436.55,0,1,-29350987.66,1079,27.65227938
1086,0,-18964655.55,-19021033.48,15539781,15483403.08,1.512459308,1.506972145,-56377.92578,-0.005487163468,0,17,1,90,0,0,-34504436.55,0,1,-29350987.66,1080,27.67041898
1087,0,-18960272.71,-18960272.71,15544163.84,15544163.84,1.512885882,1.512885882,0,0,0,0,0,0,1,0,-34504436.55,0,1,-29350987.66,1081,27.68840289
1088,0,-18960272.71,-19015547.83,15544163.84,15488888.73,1.512885882,1.507506053,-55275.11494,-0.005379828846,0,27,1,126,0,0,-34504436.55,0,1,-29350987.66,1082,27.70649791
1089,0,-18964194.25,-18964194.25,15540242.3,15540242.3,1.512504206,1.512504206,0,0,0,0,0,0,1,0,-34504436.55,0,1,-29350987.66,1083,27.72438073
1090,0,-18964194.25,-19021375.29,15540242.3,15483061.26,1.512504206,1.506938877,-57181.03847,-0.005565329001,0,16,1,87,0,0,-34504436.55,0,1,-29350987.66,1084,27.74247551
1091,0,-18959811.41,-18959811.41,15544625.14,15544625.14,1.51293078,1.51293078,0,0,0,0,0,0,1,0,-34504436.55,0,1,-29350987.66,1085,27.76042676
1092,0,-18959811.41,-19017091.37,15544625.14,15487345.19,1.51293078,1.507355823,-57279.95845,-0.005574956707,0,26,1,124,0,0,-34504436.55,0,1,-29350987.66,1086,27.77846122
1093,0,-18964655.55,-25306854.94,15539781,9197581.614,1.512459308,0.8951842966,-6342199.389,-0.6172750117,0,713,1.253166667,2288.411167,0,0,-34504436.55,0,1,-29350987.66,1087,27.79656196
1094,0,-18139565.19,-18142266.59,16364871.36,16362169.97,1.592763889,1.592500967,-2701.395055,-0.0002629219869,0.7765793529,0.7765793529,0,0,1,0,-34504436.55,0,1,-29350987.66,1088,27.82966399
1095,0,-18142266.59,-18195275.85,16362169.97,16309160.71,1.592500967,1.587341669,-53009.2598,-0.005159297187,0,29,1,136,0,0,-34504436.55,0,1,-29350987.66,1089,27.85740376
1096,0,-18145807.14,-18145807.14,16358629.41,16358629.41,1.592156371,1.592156371,0,0,0,0,0,0,1,0,-34504436.55,0,1,-29350987.66,1090,27.87738013
1097,0,-18145807.14,-18193239.17,16358629.41,16311197.38,1.592156371,1.587539895,-47432.03393,-0.00461647569,0,27,1,134,0,0,-34504436.55,0,1,-29350987.66,1091,27.89562583
1098,0,-18142266.59,-25125036.45,16362169.97,9379400.102,1.592500967,0.9128803673,-6982769.865,-0.6796205994,0,682,1.095111111,2403.052566,0,0,-34504436.55,0,1,-29350987.66,1092,27.91389108
1099,0,-19207075.06,-19199269.79,15297361.49,15305166.76,1.488865048,1.48962472,7805.265715,0.0007596726609,0.702467344,0.702467344,0.02933333333,0.02933333333,0,0,-34504436.55,0,1,-29350987.66,1093,27.94278169
1100,0,-19116051.28,-19074785.89,15388385.28,15429650.66,1.497724231,1.501740517,41265.38163,0.004016286365,0.3314917127,0.3314917127,0,0,1,0,-34504436.55,0,1,-29350987.66,1094,27.97031307
1101,0,-19074785.89,-19130785.77,15429650.66,15373650.79,1.501740517,1.496290149,-55999.87517,-0.005450368473,0,25,1,126.0915,0,0,-34504436.55,0,1,-29350987.66,1095,27.98848605
1102,0,-19077865.15,-19077865.15,15426571.41,15426571.41,1.501440819,1.501440819,0,0,0,0,0,0,1,0,-34504436.55,0,1,-29350987.66,1096,28.0084939
1103,0,-19077865.15,-19136140.67,15426571.41,15368295.88,1.501440819,1.495768966,-58275.52436,-0.005671853371,0,14,1,81,0,0,-34504436.55,0,1,-29350987.66,1097,28.02674031
1104,0,-19077865.15,-26678150.95,15426571.41,7826285.601,1.501440819,0.7617184891,-7600285.808,-0.7397223303,0,713,1.003888889,2401.013434,0,0,-34504436.55,0,1,-29350987.66,1098,28.04495192
1105,0,-20558457.11,-20565372.76,13945979.44,13939063.8,1.357337431,1.356664343,-6915.645117,-0.0006730874668,0.8031912769,0.8031912769,0,0,1,0,-34504436.55,0,1,-29350987.66,1099,28.07915473
1106,0,-20565372.76,-20611370.94,13939063.8,13893065.61,1.356664343,1.352187422,-45998.18396,-0.004476921617,0,30,1,119.3364495,0,0,-34504436.55,0,1,-29350987.66,1100,28.11527634
1107,0,-20561450.64,-20561450.64,13942985.91,13942985.91,1.357046076,1.357046076,0,0,0,0,0,0,1,0,-34504436.55,0,1,-29350987.66,1101,28.13522935
1108,0,-20561450.64,-20614874.68,13942985.91,13889561.88,1.357046076,1.351846409,-53424.03813,-0.005199666825,0,21,1,86.20383838,0,0,-34504436.55,0,1,-29350987.66,1102,28.15344691
1109,0,-20561288.06,-20561288.06,13943148.49,13943148.49,1.3570619,1.3570619,0,0,0,0,0,0,1,0,-34504436.55,0,1,-29350987.66,1103,28.17142582
1110,0,-20561288.06,-20617828.57,13943148.49,13886607.99,1.3570619,1.351558912,-56540.50713,-0.005502987222,0,20,1,83.16788889,0,0,-34504436.55,0,1,-29350987.66,1104,28.1895864
1111,0,-20561450.64,-26011116.41,13942985.91,8493320.147,1.357046076,0.8266397777,-5449665.766,-0.5304062981,0,661,1.5065,2192.101162,0,0,-34504436.55,0,1,-29350987.66,1105,28.20777392
1112,0,-19691202.77,-19783495.58,14813233.79,14720940.97,1.441745757,1.432763061,-92292.81672,-0.008982696069,2.02070046,2.02070046,0.03563636364,0.03745454545,0,0,-34504436.55,0,1,-29350987.66,1106,28.25514078
1113,0,-19716749.69,-19614464.49,14787686.87,14889972.06,1.439259321,1.449214557,102285.1949,0.009955236508,0.8535911602,12.14640884,1,34,0,0,-34504436.55,0,1,-29350987.66,1107,28.29544139
1114,0,-19618950.89,-19618950.89,14885485.66,14885485.66,1.448777904,1.448777904,0,0,0,0,0,0,1,0,-34504436.55,0,1,-29350987.66,1108,28.31558013
1115,0,-19618950.89,-19686331.95,14885485.66,14818104.6,1.448777904,1.442219825,-67381.05934,-0.006558078931,0,13,1,63,0,0,-34504436.55,0,1,-29350987.66,1109,28.33377337
1116,0,-19623333.73,-19623333.73,14881102.82,14881102.82,1.44835133,1.44835133,0,0,0,0,0,0,1,0,-34504436.55,0,1,-29350987.66,1110,28.35177565
1117,0,-19623333.73,-19662421.23,14881102.82,14842015.32,1.44835133,1.444547013,-39087.4972,-0.003804316738,0,28,1,115.1460152,0,0,-34504436.55,0,1,-29350987.66,1111,28.36981773
1118,0,-19596356.98,-19596356.98,14908079.57,14908079.57,1.450976929,1.450976929,0,0,0,0,0,0,1,0,-34504436.55,0,1,-29350987.66,1112,28.38784409
1119,0,-19596356.98,-19665476,14908079.57,14838960.56,1.450976929,1.444249698,-69119.01479,-0.006727231051,0,22,1,87.03662121,0,0,-34504436.55,0,1,-29350987.66,1113,28.40601158
1120,0,-19607565.3,-19607565.3,14896871.25,14896871.25,1.449886043,1.449886043,0,0,0,0,0,0,1,0,-34504436.55,0,1,-29350987.66,1114,28.42583108
1121,0,-19607565.3,-19664746.34,14896871.25,14839690.21,1.449886043,1.444320714,-57181.03847,-0.005565329001,0,16,1,78.00833333,0,0,-34504436.55,0,1,-29350987.66,1115,28.44392443
1122,0,-19599137.52,-19599137.52,14905299.04,14905299.04,1.450706305,1.450706305,0,0,0,0,0,0,1,0,-34504436.55,0,1,-29350987.66,1116,28.46186185
1123,0,-19599137.52,-19673174.13,14905299.04,14831262.43,1.450706305,1.443500453,-74036.6109,-0.007205851954,0,16,1,78,0,0,-34504436.55,0,1,-29350987.66,1117,28.47994924
1124,0,-19607565.3,-26265961.78,14896871.25,8238474.771,1.449886043,0.8018361295,-6658396.482,-0.6480499136,0,701,1.048055556,2288.545354,0,0,-34504436.55,0,1,-29350987.66,1118,28.49811053
1125,0,-20222890.05,-20200668.24,14281546.51,14303768.31,1.389997578,1.392160386,22221.80551,0.002162808895,1.075576919,1.075576919,0.03084848485,0.03812121212,0,0,-34504436.55,0,1,-29350987.66,1119,28.53861094
1126,0,-20191524.59,-20217010.21,14312911.97,14287426.34,1.393050322,1.390569852,-25485.62329,-0.002480470488,0.4627071823,0.4627071823,0.007272727273,0.01442424242,0,0,-34504436.55,0,1,-29350987.66,1120,28.57676554
1127,0,-20196570.88,-20081527.65,14307865.67,14422908.91,1.392559175,1.403756129,115043.2338,0.01119695379,0.3287292818,16.67127072,1,54.13717677,0,0,-34504436.55,0,1,-29350987.66,1121,28.59747505
1128,0,-20104571.71,-20109424.65,14399864.84,14395011.91,1.401513291,1.401040964,-4852.932472,-0.0004723273055,0.296961326,0.296961326,0.01115151515,0.01115151515,0,0,-34504436.55,0,1,-29350987.66,1122,28.61733437
1129,0,-20105271.44,-20145517.03,14399165.12,14358919.53,1.401445188,1.397528156,-40245.58802,-0.003917031662,0.2541436464,29.74585635,1,110.3068889,0,0,-34504436.55,0,1,-29350987.66,1123,28.63732386
1130,0,-20108151.44,-20113004.37,14396285.11,14391432.18,1.401164882,1.400692555,-4852.932472,-0.0004723273055,0.296961326,0.296961326,0,0,1,0,-34504436.55,0,1,-29350987.66,1124,28.65727711
1131,0,-20113004.37,-20181139.09,14391432.18,14323297.47,1.400692555,1.394061125,-68134.71204,-0.006631430611,0,10,1,43.04313131,0,0,-34504436.55,0,1,-29350987.66,1125,28.6754446
1132,0,-20112666.48,-20112666.48,14391770.08,14391770.08,1.400725442,1.400725442,0,0,0,0,0,0,1,0,-34504436.55,0,1,-29350987.66,1126,28.69340801
1133,0,-20112666.48,-20180047.54,14391770.08,14324389.02,1.400725442,1.394167363,-67381.05934,-0.006558078931,0,13,1,62.10243939,0,0,-34504436.55,0,1,-29350987.66,1127,28.71287298
1134,0,-20113004.37,-25726871.37,14391432.18,8777565.187,1.400692555,0.854304843,-5613866.994,-0.5463877122,0,699,1.090888889,2304.094949,0,0,-34504436.55,0,1,-29350987.66,1128,28.73110628
1135,0,-20444257.96,-20460534.58,14060178.59,14043901.97,1.368452231,1.366868057,-16276.62234,-0.001584174768,1.07128702,1.07128702,0.02903030303,0.02903030303,0,0,-34504436.55,0,1,-29350987.66,1129,28.78283405
1136,0,-20453329.43,-20449644.12,14051107.13,14054792.43,1.367569322,1.367928006,3685.308416,0.0003586845282,0.3383977901,0.3383977901,0.0123030303,0.0123030303,0,0,-34504436.55,0,1,-29350987.66,1130,28.81564546
1137,0,-20452150.91,-20516860.13,14052285.64,13987576.43,1.367684024,1.361385992,-64709.21302,-0.00629803287,0.2803867403,14.71961326,1,63.18784848,0,0,-34504436.55,0,1,-29350987.66,1131,28.83566856
1138,0,-20446547.61,-20458584.6,14057888.94,14045851.95,1.368229384,1.367057845,-12036.9887,-0.001171538749,0.6616022099,0.6616022099,0.02903030303,0.02903030303,0,0,-34504436.55,0,1,-29350987.66,1132,28.85562801
1139,0,-20446547.61,-20476287.25,14057888.94,14028149.31,1.368229384,1.365334878,-29739.63308,-0.002894505712,0.6616022099,20.33839779,1,85.29358081,0,0,-34504436.55,0,1,-29350987.66,1133,28.87377119
1140,0,-20442506.25,-20439452.71,14061930.31,14064983.85,1.368622722,1.368919918,3053.541259,0.0002971957519,0.2803867403,0.2803867403,0.0123030303,0.0123030303,0,0,-34504436.55,0,1,-29350987.66,1134,28.89360619
1141,0,-20442506.25,-20504894.5,14061930.31,13999542.05,1.368622722,1.362550584,-62388.25527,-0.006072138172,0.2803867403,18.71961326,1,83.25550505,0,0,-34504436.55,0,1,-29350987.66,1135,28.91166806
1142,0,-20445385.56,-20441402.69,14059050.99,14063033.87,1.368342484,1.36873013,3982.871026,0.000387645769,0.4378453039,0.4378453039,0.0123030303,0.0123030303,0,0,-34504436.55,0,1,-29350987.66,1136,28.93161774
1143,0,-20443909.48,-20507524.21,14060527.07,13996912.35,1.368486148,1.36229464,-63614.72712,-0.006191508501,0.2803867403,16.71961326,1,75.22140909,0,0,-34504436.55,0,1,-29350987.66,1137,28.95232844
1144,0,-20445385.56,-25974057.52,14059050.99,8530379.035,1.368342484,0.8302466536,-5528671.959,-0.5380958306,0.4378453039,716.4378453,1.048888889,2305.968404,0,0,-34504436.55,0,1,-29350987.66,1138,28.97241735
1145,0,-21277955.97,-21296463.68,13226480.58,13207972.88,1.287309883,1.285508562,-18507.701,-0.001801321695,1.446817971,1.446817971,0.0236969697,0.03727272727,0,0,-34504436.55,0,1,-29350987.66,1139,29.03103566
1146,0,-21298442.67,-21281968.47,13205993.89,13222468.08,1.28531595,1.286919354,16474.19574,0.001603404236,0.7831770746,0.7831770746,0.01357575758,0.02587878788,0,0,-34504436.55,0,1,-29350987.66,1140,29.07500648
1147,0,-21267553.39,-21273614.03,13236883.17,13230822.52,1.288322348,1.287732477,-6060.64125,-0.0005898714577,0.5932359023,27.4067641,1,122.3439444,0,0,-34504436.55,0,1,-29350987.66,1141,29.0953846
1148,0,-21221083.08,-21211233.33,13283353.47,13293203.23,1.292845221,1.29380388,9849.757863,0.0009586594535,0.611878453,0.611878453,0.0123030303,0.01848484848,0,0,-34504436.55,0,1,-29350987.66,1142,29.12056398
1149,0,-21213980.3,-21279253.38,13290456.26,13225183.17,1.293536522,1.287183609,-65273.08534,-0.006352913562,0.453038674,21.54696133,1,102.310404,0,0,-34504436.55,0,1,-29350987.66,1143,29.14125848
1150,0,-21246511.51,-21266228.59,13257925.04,13238207.97,1.290370317,1.288451289,-19717.07829,-0.00191902824,0.8545865613,0.8545865613,0.01357575758,0.02587878788,0,0,-34504436.55,0,1,-29350987.66,1144,29.16240478
1151,0,-21252277.67,-21264632.27,13252158.89,13239804.28,1.289809108,1.288606655,-12354.60733,-0.001202452007,0.5932359023,23.4067641,1,109.2633889,0,0,-34504436.55,0,1,-29350987.66,1145,29.18650103
1152,0,-21213310.54,-21208216.15,13291126.01,13296220.4,1.293601708,1.294097537,5094.393836,0.0004958283116,0.611878453,0.611878453,0.0123030303,0.01848484848,0,0,-34504436.55,0,1,-29350987.66,1146,29.20838928
1153,0,-21211420.39,-21282268.48,13293016.17,13222168.07,1.293785674,1.286890154,-70848.09688,-0.006895519542,0.453038674,17.54696133,1,85.25467677,0,0,-34504436.55,0,1,-29350987.66,1147,29.22848868
1154,0,-21247094.68,-25761603.18,13257341.87,8742833.371,1.290313558,0.850924457,-4514508.5,-0.4393891009,0.8545865613,718.3636455,1.100777778,2421.246126,0,0,-34504436.55,0,1,-29350987.66,1148,29.25017738
1155,0,-20607255.63,-20636799.99,13897180.93,13867636.56,1.352587958,1.349712457,-29544.36184,-0.002875500309,2.122916017,2.122916017,0.03703030303,0.06684848485,0,0,-34504436.55,0,1,-29350987.66,1149,29.30486894
1156,0,-20617773.95,-20610964.76,13886662.6,13893471.79,1.351564228,1.352226954,6809.193426,0.0006627267126,0.476519337,0.476519337,0,0,1,0,-34504436.55,0,1,-29350987.66,1150,29.34451866
1157,0,-20610964.76,-20650990.53,13893471.79,13853446.03,1.352226954,1.348331317,-40025.76788,-0.003895636958,0,27,1,137.3596061,0,0,-34504436.55,0,1,-29350987.66,1151,29.3645947
1158,0,-20610964.76,-24529678.67,13893471.79,9974757.883,1.352226954,0.9708254836,-3918713.91,-0.3814014708,0,699,1.147,2220.235848,0,0,-34504436.55,0,1,-29350987.66,1152,29.38472629
1159,0,-19279494.26,-19263641.63,15224942.29,15240794.92,1.481816615,1.483359523,15852.62657,0.001542908012,1.00355182,1.00355182,0.003090909091,0.003090909091,0,0,-34504436.55,0,1,-29350987.66,1153,29.41547632
1160,0,-19264368.21,-19330744.96,15240068.34,15173691.59,1.483288807,1.476828476,-66376.75052,-0.006460331336,0.07044198895,14.92955801,1,67,0,0,-34504436.55,0,1,-29350987.66,1154,29.44743729
1161,0,-19273956.18,-19273956.18,15230480.38,15230480.38,1.482355627,1.482355627,0,0,0,0,0,0,1,0,-34504436.55,0,1,-29350987.66,1155,29.4673481
1162,0,-19273956.18,-19330334.1,15230480.38,15174102.45,1.482355627,1.476868464,-56377.92578,-0.005487163468,0,17,1,83.01555556,0,0,-34504436.55,0,1,-29350987.66,1156,29.48547173
1163,0,-19273956.18,-24601015.16,15230480.38,9903421.399,1.482355627,0.9638824302,-5327058.98,-0.5184731971,0,699,1.198777778,2317.332657,0,0,-34504436.55,0,1,-29350987.66,1157,29.50358272
1164,0,-19274021.96,-19304058.01,15230414.6,15200378.55,1.482349225,1.47942587,-30036.04737,-0.002923355189,2.479155368,2.479155368,0.05278787879,0.05567676768,0,0,-34504436.55,0,1,-29350987.66,1158,29.5358665
1165,0,-19329378.01,-19325947.72,15175058.54,15178488.83,1.476961518,1.477295382,3430.287367,0.0003338637821,0.203038674,0.203038674,0.008909090909,0.008909090909,0,0,-34504436.55,0,1,-29350987.66,1159,29.57105231
1166,0,-19329378.01,-19397873.72,15175058.54,15106562.84,1.476961518,1.470294953,-68495.70421,-0.006666565339,0.203038674,16.79696133,1,82.14419192,0,0,-34504436.55,0,1,-29350987.66,1160,29.58731961
1167,0,-19342842.47,-19342842.47,15161594.08,15161594.08,1.475651046,1.475651046,0,0,0,0,0,0,1,0,-34504436.55,0,1,-29350987.66,1161,29.60718155
1168,0,-19342842.47,-19401589.58,15161594.08,15102846.97,1.475651046,1.469933295,-58747.10821,-0.00571775179,0,12,1,58.07202525,0,0,-34504436.55,0,1,-29350987.66,1162,29.62527347
1169,0,-19342842.47,-24759249.62,15161594.08,9745186.935,1.475651046,0.9484817507,-5416407.147,-0.5271692957,0,723,1.055777778,2355.04499,0,0,-34504436.55,0,1,-29350987.66,1163,29.64335084
1170,0,-18977585.2,-18997207.08,15526851.36,15507229.48,1.511200889,1.509291126,-19621.8809,-0.001909762847,1.875601251,1.875601251,0.03,0.03055555556,0,0,-34504436.55,0,1,-29350987.66,1164,29.68238139
1171,0,-19010801.07,-19017602.32,15493635.49,15486834.23,1.507968047,1.507306093,-6801.252982,-0.0006619538833,0.3301487581,0.3301487581,0.0005555555556,0.0005555555556,0,0,-34504436.55,0,1,-29350987.66,1165,29.72683835
1172,0,-19017252.05,-19049101.48,15487184.51,15455335.07,1.507340185,1.504240336,-31849.43289,-0.003099848784,0.01385041551,14.98614958,1,73.09009596,0,0,-34504436.55,0,1,-29350987.66,1166,29.74718881
1173,0,-18992312.69,-18992312.69,15512123.86,15512123.86,1.509767488,1.509767488,0,0,0,0,0,0,1,0,-34504436.55,0,1,-29350987.66,1167,29.76749754
1174,0,-18992312.69,-19048229.32,15512123.86,15456207.23,1.509767488,1.504325222,-55916.62568,-0.005442265948,0,18,1,90.14630808,0,0,-34504436.55,0,1,-29350987.66,1168,29.78555322
1175,0,-18992312.69,-25936045.32,15512123.86,8568391.238,1.509767488,0.8339463138,-6943732.622,-0.6758211738,0,717,1.046444444,2487.008455,0,0,-34504436.55,0,1,-29350987.66,1169,29.80362034
1176,0,-19750695.38,-19750703.31,14753741.18,14753733.25,1.435955447,1.435954675,-7.932102017,-7.720174131e-07,2.351722987,2.351722987,0.02444444444,0.02444444444,0,0,-34504436.55,0,1,-29350987.66,1170,29.84903288
1177,0,-19750021.51,-19809436.38,14754415.04,14695000.18,1.436021033,1.43023829,-59414.86621,-0.005782743491,0.6537890045,16.346211,1,78.19075758,0,0,-34504436.55,0,1,-29350987.66,1171,29.90479136
1178,0,-19765199.65,-19751466.92,14739236.9,14752969.64,1.434543771,1.435880354,13732.73847,0.001336583065,0.5869449781,0.5869449781,0.02472727273,0.02472727273,0,0,-34504436.55,0,1,-29350987.66,1172,29.93510914
1179,0,-19765199.65,-19839002.92,14739236.9,14665433.64,1.434543771,1.427360631,-73803.26444,-0.007183140757,0.5869449781,14.41305502,1,60.13475253,0,0,-34504436.55,0,1,-29350987.66,1173,29.95565987
1180,0,-19770219.78,-19762873.32,14734216.77,14741563.24,1.434055171,1.434770189,7346.463368,0.0007150182426,0.5809438563,0.5809438563,0,0,1,0,-34504436.55,0,1,-29350987.66,1174,29.98509741
1181,0,-19762873.32,-19812007.56,14741563.24,14692428.99,1.434770189,1.429988041,-49134.24107,-0.00478214849,0,20,1,92.25199495,0,0,-34504436.55,0,1,-29350987.66,1175,30.00820088
1182,0,-19762873.32,-24114768.09,14741563.24,10389668.46,1.434770189,1.011207994,-4351894.773,-0.4235621954,0,686,1,2212.756384,0,0,-34504436.55,0,1,-29350987.66,1176,30.02822137
1183,0,-18734507.25,-18772922.87,15769929.3,15731513.68,1.534859234,1.53112031,-38415.62025,-0.003738924147,1.21249438,1.21249438,0.007878787879,0.0123030303,0,0,-34504436.55,0,1,-29350987.66,1177,30.07724786
1184,0,-18758166.48,-18701862.56,15746270.07,15802573.99,1.532556523,1.538036484,56303.92513,0.005479961116,0.2831491713,9.716850829,1,28.06319192,0,0,-34504436.55,0,1,-29350987.66,1178,30.11209965
1185,0,-18721358.36,-18732082.69,15783078.2,15772353.86,1.536138993,1.535095212,-10724.33545,-0.001043780538,0.5329693454,0.5329693454,0,0,1,0,-34504436.55,0,1,-29350987.66,1179,30.13289499
1186,0,-18732082.69,-18790829.8,15772353.86,15713606.75,1.535095212,1.52937746,-58747.10821,-0.00571775179,0,12,1,58.12591414,0,0,-34504436.55,0,1,-29350987.66,1180,30.15377975
1187,0,-18732082.69,-24978211.72,15772353.86,9526224.831,1.535095212,0.9271705576,-6246129.032,-0.6079246544,0,713,1.231055556,2381.437359,0,0,-34504436.55,0,1,-29350987.66,1181,30.17189169
1188,0,-18549057.2,-18567767.73,15955379.35,15936668.83,1.552908758,1.551087696,-18710.5276,-0.001821062448,1.679213231,1.679213231,0.04054545455,0.05533333333,0,0,-34504436.55,0,1,-29350987.66,1182,30.21120787
1189,0,-18565353.75,-18557171.6,15939082.8,15947264.95,1.551322643,1.552118998,8182.152016,0.0007963543358,0.4129834254,0.4129834254,0.01478787879,0.01478787879,0,0,-34504436.55,0,1,-29350987.66,1183,30.24649644
1190,0,-18564548.8,-18622921.46,15939887.75,15881515.09,1.551400988,1.545719681,-58372.66139,-0.005681307545,0.3370165746,29.66298343,1,128.352601,0,0,-34504436.55,0,1,-29350987.66,1184,30.2647047
1191,0,-18579267.98,-18579267.98,15925168.58,15925168.58,1.549968397,1.549968397,0,0,0,0,0,0,1,0,-34504436.55,0,1,-29350987.66,1185,30.28539133
1192,0,-18579267.98,-18630393.35,15925168.58,15874043.21,1.549968397,1.544992455,-51125.3729,-0.004975941818,0,23,1,107.2342576,0,0,-34504436.55,0,1,-29350987.66,1186,30.30349684
1193,0,-18579061.32,-18579061.32,15925375.23,15925375.23,1.54998851,1.54998851,0,0,0,0,0,0,1,0,-34504436.55,0,1,-29350987.66,1187,30.32149982
1194,0,-18579061.32,-18637030.78,15925375.23,15867405.77,1.54998851,1.544346446,-57969.46007,-0.005642064677,0,15,1,81.13549495,0,0,-34504436.55,0,1,-29350987.66,1188,30.33955026
1195,0,-18579267.98,-24455762.99,15925168.58,10048673.56,1.549968397,0.9780195656,-5876495.016,-0.5719488315,0,748,1,2503.881864,0,0,-34504436.55,0,1,-29350987.66,1189,30.35758758
1196,0,-18373593.45,-18354497.93,16130843.1,16149938.62,1.569986333,1.571844866,19095.51867,0.001858532945,4.310161296,4.310161296,0.03927272727,0.08545454545,0,0,-34504436.55,0,1,-29350987.66,1190,30.40392137
1197,0,-18304603.33,-18310907.88,16199833.23,16193528.68,1.57670102,1.576087409,-6304.548056,-0.0006136104743,0.7182320442,0.7182320442,0.01460606061,0.01460606061,0,0,-34504436.55,0,1,-29350987.66,1191,30.44961905
1198,0,-18302501.52,-18337504.07,16201935.03,16166932.49,1.576905585,1.573498849,-35002.54475,-0.003406735566,0.3328729282,22.66712707,1,97.23926263,0,0,-34504436.55,0,1,-29350987.66,1192,30.46804714
1199,0,-18285447.28,-18285447.28,16218989.28,16218989.28,1.578565444,1.578565444,0,0,0,0,0,0,1,0,-34504436.55,0,1,-29350987.66,1193,30.48867393
1200,0,-18285447.28,-18337710.72,16218989.28,16166725.83,1.578565444,1.573478736,-52263.44235,-0.005086708097,0,22,1,97.24709596,0,0,-34504436.55,0,1,-29350987.66,1194,30.50696349
1201,0,-18285653.93,-18285653.93,16218782.62,16218782.62,1.578545331,1.578545331,0,0,0,0,0,0,1,0,-34504436.55,0,1,-29350987.66,1195,30.52506566
1202,0,-18285653.93,-18332832.3,16218782.62,16171604.25,1.578545331,1.573953544,-47178.36785,-0.004591786821,0,26,1,118.3285455,0,0,-34504436.55,0,1,-29350987.66,1196,30.54327321
1203,0,-18285447.28,-24313862.35,16218989.28,10190574.2,1.578565444,0.9918305029,-6028415.074,-0.5867349411,0,696,1,2343.543242,0,0,-34504436.55,0,1,-29350987.66,1197,30.56154466
1204,0,-17902494.53,-17878986.65,16601942.03,16625449.9,1.615837556,1.618125536,23507.87473,0.00228797973,1.666378066,1.666378066,0.04072727273,0.04072727273,0,0,-34504436.55,0,1,-29350987.66,1198,30.597543
1205,0,-17774775.69,-17766711.75,16729660.86,16737724.81,1.628268204,1.629053053,8063.943328,0.0007848492939,0.07182320442,0.07182320442,0,0,1,0,-34504436.55,0,1,-29350987.66,1199,30.62455392
1206,0,-17766711.75,-17825870.21,16737724.81,16678566.35,1.629053053,1.623295265,-59158.45862,-0.005757787795,0,19,1,94,0,0,-34504436.55,0,1,-29350987.66,1200,30.64279795
1207,0,-17766711.75,-24038623.33,16737724.81,10465813.23,1.629053053,1.018619029,-6271911.582,-0.6104340242,0,735,1.063,2422.284197,0,0,-34504436.55,0,1,-29350987.66,1201,30.66100168
1208,0,-17921525.75,-17911423.81,16582910.8,16593012.75,1.61398528,1.614968485,10101.9463,0.0009832045067,0.6296596739,0.6296596739,0.006363636364,0.01212121212,0,0,-34504436.55,0,1,-29350987.66,1202,30.70230937
1209,0,-17906191.73,-17927732.77,16598244.83,16576703.79,1.615477714,1.613381163,-21541.04116,-0.00209655131,0.2766065717,21.72339343,1,94.03309091,0,0,-34504436.55,0,1,-29350987.66,1203,30.74222517
1210,0,-17875955.6,-17879302.46,16628480.95,16625134.09,1.618420542,1.618094798,-3346.861724,-0.0003257441123,0.2458563536,0.2458563536,0.006363636364,0.006363636364,0,0,-34504436.55,0,1,-29350987.66,1204,30.76335239
1211,0,-17880798.36,-17945083.1,16623638.2,16559353.45,1.617949206,1.611692485,-64284.74651,-0.006256720299,0.1450276243,25.85497238,1,118,0,0,-34504436.55,0,1,-29350987.66,1205,30.78370285
1212,0,-17893157.55,-17893157.55,16611279,16611279,1.616746307,1.616746307,0,0,0,0,0,0,1,0,-34504436.55,0,1,-29350987.66,1206,30.80378866
1213,0,-17893157.55,-17939666.99,16611279,16564769.57,1.616746307,1.612219626,-46509.43375,-0.004526680651,0,27,1,127,0,0,-34504436.55,0,1,-29350987.66,1207,30.82205963
1214,0,-17889617,-17889617,16614819.55,16614819.55,1.617090902,1.617090902,0,0,0,0,0,0,1,0,-34504436.55,0,1,-29350987.66,1208,30.84023023
1215,0,-17889617,-17948961.55,16614819.55,16555475.01,1.617090902,1.611315003,-59344.5457,-0.005775899321,0,22,1,104,0,0,-34504436.55,0,1,-29350987.66,1209,30.85846972
1216,0,-17893157.55,-24443351.95,16611279,10061084.6,1.616746307,0.9792275101,-6550194.396,-0.6375187967,0,679,1,2319.780485,0,0,-34504436.55,0,1,-29350987.66,1210,30.87669301
1217,0,-17599313.29,-17613800.47,16905123.27,16890636.08,1.645345648,1.643935636,-14487.18196,-0.001410011712,0.8978699576,0.8978699576,0.002606060606,0.002606060606,0,0,-34504436.55,0,1,-29350987.66,1211,30.90648866
1218,0,-17614639.58,-17685309.48,16889796.98,16819127.08,1.643853967,1.636975791,-70669.90083,-0.006878176037,0.05939226519,22.94060773,1,95.02757576,0,0,-34504436.55,0,1,-29350987.66,1212,30.93445444
1219,0,-17640584.49,-17634076.78,16863852.06,16870359.77,1.641328795,1.641962178,6507.707694,0.0006333836414,0.4143646409,0.4143646409,0.01818181818,0.01818181818,0,0,-34504436.55,0,1,-29350987.66,1213,30.95484829
1220,0,-17640584.49,-17705924.92,16863852.06,16798511.63,1.641328795,1.634969327,-65340.42861,-0.006359467964,0.4143646409,16.58563536,1,83.03427778,0,0,-34504436.55,0,1,-29350987.66,1214,30.97316003
1221,0,-17649782.05,-17649782.05,16854654.5,16854654.5,1.640433613,1.640433613,0,0,0,0,0,0,1,0,-34504436.55,0,1,-29350987.66,1215,30.99327874
1222,0,-17649782.05,-17699501.98,16854654.5,16804934.58,1.640433613,1.63559446,-49719.92569,-0.004839152135,0,30,1,121.1539293,0,0,-34504436.55,0,1,-29350987.66,1216,31.01153207
1223,0,-17647129.82,-17647129.82,16857306.73,16857306.73,1.640691749,1.640691749,0,0,0,0,0,0,1,0,-34504436.55,0,1,-29350987.66,1217,31.03148627
1224,0,-17647129.82,-17705745.2,16857306.73,16798691.35,1.640691749,1.634986819,-58615.37814,-0.005704930736,0,13,1,68,0,0,-34504436.55,0,1,-29350987.66,1218,31.04971457
1225,0,-17647129.82,-22670669.74,16857306.73,11833766.81,1.640691749,1.151759524,-5023539.918,-0.4889322255,0,704,1,2323.737823,0,0,-34504436.55,0,1,-29350987.66,1219,31.06784892
1226,0,-17292367.96,-17316047.6,17212068.6,17188388.96,1.675220092,1.672915395,-23679.64365,-0.002304697695,1.153417015,1.153417015,0.05012121212,0.05012121212,0,0,-34504436.55,0,1,-29350987.66,1220,31.10293865
1227,0,-17301835.84,-17299601.53,17202600.71,17204835.03,1.6742986,1.674516061,2234.312975,0.0002174617169,0.1422651934,0.1422651934,0.006242424242,0.006242424242,0,0,-34504436.55,0,1,-29350987.66,1221,31.1301291
1228,0,-17301835.84,-17369858.13,17202600.71,17134578.42,1.6742986,1.667678111,-68022.28904,-0.00662048868,0.1422651934,18.85773481,1,87,0,0,-34504436.55,0,1,-29350987.66,1222,31.14642358
1229,0,-17315306.8,-17315306.8,17189129.76,17189129.76,1.672987496,1.672987496,0,0,0,0,0,0,1,0,-34504436.55,0,1,-29350987.66,1223,31.16651821
1230,0,-17315306.8,-17364956.7,17189129.76,17139479.86,1.672987496,1.668155159,-49649.89819,-0.004832336482,0,29,1,118.0461111,0,0,-34504436.55,0,1,-29350987.66,1224,31.18465281
1231,0,-17312584.54,-17312584.54,17191852.02,17191852.02,1.673252448,1.673252448,0,0,0,0,0,0,1,0,-34504436.55,0,1,-29350987.66,1225,31.2027216
1232,0,-17312584.54,-17368035.95,17191852.02,17136400.61,1.673252448,1.667855461,-55451.40797,-0.005396987134,0,28,1,118.0412778,0,0,-34504436.55,0,1,-29350987.66,1226,31.22092819
1233,0,-17315663.79,-17315663.79,17188772.76,17188772.76,1.67295275,1.67295275,0,0,0,0,0,0,1,0,-34504436.55,0,1,-29350987.66,1227,31.23889232
1234,0,-17315663.79,-17364529.67,17188772.76,17139906.88,1.67295275,1.66819672,-48865.88391,-0.004756029764,0,30,1,118.048,0,0,-34504436.55,0,1,-29350987.66,1228,31.25704837
1235,0,-17312157.52,-17312157.52,17192279.04,17192279.04,1.673294009,1.673294009,0,0,0,0,0,0,1,0,-34504436.55,0,1,-29350987.66,1229,31.27509117
1236,0,-17312157.52,-17374856.53,17192279.04,17129580.03,1.673294009,1.667191626,-62699.01029,-0.006102383407,0,20,1,83,0,0,-34504436.55,0,1,-29350987.66,1230,31.29325986
1237,0,-17315236.77,-17315236.77,17189199.78,17189199.78,1.672994311,1.672994311,0,0,0,0,0,0,1,0,-34504436.55,0,1,-29350987.66,1231,31.31129456
1238,0,-17315236.77,-17364886.67,17189199.78,17139549.89,1.672994311,1.668161975,-49649.89819,-0.004832336482,0,29,1,118.0434444,0,0,-34504436.55,0,1,-29350987.66,1232,31.32945967
1239,0,-17312514.51,-17312514.51,17191922.04,17191922.04,1.673259264,1.673259264,0,0,0,0,0,0,1,0,-34504436.55,0,1,-29350987.66,1233,31.34741092
1240,0,-17312514.51,-17367187.29,17191922.04,17137249.26,1.673259264,1.667938059,-54672.78042,-0.005321204696,0,26,1,115.0381111,0,0,-34504436.55,0,1,-29350987.66,1234,31.36560225
1241,0,-17315593.76,-17315593.76,17188842.79,17188842.79,1.672959566,1.672959566,0,0,0,0,0,0,1,0,-34504436.55,0,1,-29350987.66,1235,31.38358545
1242,0,-17315593.76,-17368055.05,17188842.79,17136381.51,1.672959566,1.667853602,-52461.2823,-0.005105963509,0,23,1,101.0035556,0,0,-34504436.55,0,1,-29350987.66,1236,31.40173292
1243,0,-17312514.51,-22609194.84,17191922.04,11895241.72,1.673259264,1.157742767,-5296680.327,-0.5155164968,0,740,1.054888889,2501.005313,0,0,-34504436.55,0,1,-29350987.66,1237,31.4199326
1244,0,-17101839.07,-17089199.72,17402597.48,17415236.84,1.69376393,1.694994096,12639.35443,0.001230165937,0.2024965326,0.2024965326,0,0,1,0,-34504436.55,0,1,-29350987.66,1238,31.449404
1245,0,-17089199.72,-17147815.1,17415236.84,17356621.46,1.694994096,1.689289166,-58615.37814,-0.005704930736,0,13,1,58.1034798,0,0,-34504436.55,0,1,-29350987.66,1239,31.48094082
1246,0,-17089199.72,-22920528.62,17415236.84,11583907.93,1.694994096,1.127441202,-5831328.903,-0.5675528939,0,723,1.428388889,2571.902631,0,0,-34504436.55,0,1,-29350987.66,1240,31.50111198
1247,0,-16525957.45,-16310343.46,17978479.11,18194093.1,1.749813467,1.770798794,215613.9889,0.02098532691,4.553302631,4.553302631,0.03866666667,0.03866666667,0,0,-34504436.55,0,1,-29350987.66,1241,31.55237079
1248,0,-16322771.63,-16324446.9,18181664.93,18179989.66,1.769589182,1.769426131,-1675.270778,-0.0001630511319,0.1187845304,0.1187845304,0,0,1,0,-34504436.55,0,1,-29350987.66,1242,31.58986473
1249,0,-16324446.9,-16381627.94,18179989.66,18122808.62,1.769426131,1.763860802,-57181.03847,-0.005565329001,0,16,1,74.19973737,0,0,-34504436.55,0,1,-29350987.66,1243,31.60998511
1250,0,-16324446.9,-23373810.57,18179989.66,11130625.98,1.769426131,1.083324074,-7049363.674,-0.6861020566,0,743,1.243944444,2567.548116,0,0,-34504436.55,0,1,-29350987.66,1244,31.63010502
1251,0,-16518472.98,-16483921.07,17985963.58,18020515.48,1.750541917,1.753904793,34551.90524,0.003362875622,3.346827055,3.346827055,0.05078787879,0.05078787879,0,0,-34504436.55,0,1,-29350987.66,1245,31.67331052
1252,0,-16478576.7,-16469167.44,18025859.86,18035269.12,1.754424952,1.755340738,9409.257861,0.00091578637,0.770718232,0.770718232,0.01345454545,0.02036363636,0,0,-34504436.55,0,1,-29350987.66,1246,31.71240067
1253,0,-16452987.61,-16477246.59,18051448.94,18027189.97,1.756915492,1.754554408,-24258.97895,-0.002361083371,0.4640883978,27.5359116,1,89.10320202,0,0,-34504436.55,0,1,-29350987.66,1247,31.73254204
1254,0,-16421868.91,-16421868.91,18082567.64,18082567.64,1.759944219,1.759944219,0,0,0,0,0,0,1,0,-34504436.55,0,1,-29350987.66,1248,31.7525835
1255,0,-16421868.91,-16481242.84,18082567.64,18023193.71,1.759944219,1.75416546,-59373.92787,-0.005778759035,0,11,1,44,0,0,-34504436.55,0,1,-29350987.66,1249,31.77080345
1256,0,-16421707.8,-16421707.8,18082728.75,18082728.75,1.7599599,1.7599599,0,0,0,0,0,0,1,0,-34504436.55,0,1,-29350987.66,1250,31.78878903
1257,0,-16421707.8,-16475620.56,18082728.75,18028815.99,1.7599599,1.754712667,-53912.76158,-0.005247233411,0,27,1,102.1749495,0,0,-34504436.55,0,1,-29350987.66,1251,31.80684924
1258,0,-16421868.91,-23024668.56,18082567.64,11479768,1.759944219,1.117305447,-6602799.643,-0.642638772,0,753,1,2550.112369,0,0,-34504436.55,0,1,-29350987.66,1252,31.82501888
1259,0,-15946080.2,-15945771.22,18558356.36,18558665.34,1.806251891,1.806281963,308.9803822,3.007251229e-05,0.3366671746,0.3366671746,0.009636363636,0.009636363636,0,0,-34504436.55,0,1,-29350987.66,1253,31.86777377
1260,0,-15945682.11,-16013301.4,18558754.44,18491135.16,1.806290635,1.799709371,-67619.28394,-0.006581264909,0.2196132597,10.78038674,1,43.03854545,0,0,-34504436.55,0,1,-29350987.66,1254,31.90440226
1261,0,-15955060.95,-15957834.74,18549375.6,18546601.81,1.80537781,1.805107841,-2773.79483,-0.0002699685285,0.2430939227,0.2430939227,0,0,1,0,-34504436.55,0,1,-29350987.66,1255,31.92470694
1262,0,-15957834.74,-16017501.51,18546601.81,18486935.04,1.805107841,1.799300581,-59666.77018,-0.005807260858,0,22,1,86,0,0,-34504436.55,0,1,-29350987.66,1256,31.94341564
1263,0,-15957995.86,-15957995.86,18546440.7,18546440.7,1.805092161,1.805092161,0,0,0,0,0,0,1,0,-34504436.55,0,1,-29350987.66,1257,31.96140194
1264,0,-15957995.86,-16017903.56,18546440.7,18486532.99,1.805092161,1.79926145,-59907.70399,-0.005830710518,0,21,1,81,0,0,-34504436.55,0,1,-29350987.66,1258,31.97965527
1265,0,-15957834.74,-23518811.31,18546601.81,10985625.24,1.805107841,1.06921141,-7560976.57,-0.7358964319,0,700,1.024888889,2384.193197,0,0,-34504436.55,0,1,-29350987.66,1259,31.99786806
1266,0,-16291535,-16287524.34,18212901.55,18216912.21,1.772629387,1.773019738,4010.662563,0.00039035067,0.4275502171,0.4275502171,0.007393939394,0.007393939394,0,0,-34504436.55,0,1,-29350987.66,1260,32.03282189
1267,0,-16286017.8,-16336286.92,18218418.76,18168149.63,1.773166367,1.768273763,-50269.12588,-0.004892604815,0.1685082873,22.83149171,1,91.26073232,0,0,-34504436.55,0,1,-29350987.66,1261,32.06088495
1268,0,-16278644.99,-16278583.86,18225791.56,18225852.69,1.773883949,1.773889899,61.13383927,5.950048089e-06,0.004143646409,0.004143646409,0.0001818181818,0.0001818181818,0,0,-34504436.55,0,1,-29350987.66,1262,32.08134365
1269,0,-16278644.99,-16352406.83,18225791.56,18152029.73,1.773883949,1.766704841,-73761.83207,-0.007179108218,0.004143646409,12.99585635,1,60.176,0,0,-34504436.55,0,1,-29350987.66,1263,32.09953642
1270,0,-16290851.38,-16293337.49,18213585.17,18211099.06,1.772695923,1.772453954,-2486.109464,-0.0002419686223,0.1685082873,0.1685082873,0.007393939394,0.007393939394,0,0,-34504436.55,0,1,-29350987.66,1264,32.11959052
1271,0,-16290851.38,-16338064.54,18213585.17,18166372.01,1.772695923,1.76810075,-47213.15935,-0.004595173015,0.1685082873,19.83149171,1,86.24084343,0,0,-34504436.55,0,1,-29350987.66,1265,32.1377542
1272,0,-16278644.99,-22714671.45,18225791.56,11789765.1,1.773883949,1.147476915,-6436026.457,-0.6264070338,0.004143646409,690.0041436,1.156,2210.249212,0,0,-34504436.55,0,1,-29350987.66,1266,32.15790629
1273,0,-15942037.32,-15934315.39,18562399.24,18570121.16,1.806645377,1.807396938,7721.923881,0.000751561148,0.3016759777,0.3016759777,0.006545454545,0.006545454545,0,0,-34504436.55,0,1,-29350987.66,1267,32.18718076
1274,0,-15932202.39,-15974562.69,18572234.17,18529873.86,1.807602593,1.80347974,-42360.30395,-0.004122853211,0.1491712707,19.85082873,1,90,0,0,-34504436.55,0,1,-29350987.66,1268,32.21387839
1275,0,-15920150.43,-15920150.43,18584286.12,18584286.12,1.808775588,1.808775588,0,0,0,0,0,0,1,0,-34504436.55,0,1,-29350987.66,1269,32.23392653
1276,0,-15920150.43,-15978748.18,18584286.12,18525688.37,1.808775588,1.803072374,-58597.74884,-0.005703214908,0,14,1,70,0,0,-34504436.55,0,1,-29350987.66,1270,32.25218964
1277,0,-15920150.43,-23400175.68,18584286.12,11104260.87,1.808775588,1.080758005,-7480025.248,-0.7280175834,0,753,1.3755,2491.719197,0,0,-34504436.55,0,1,-29350987.66,1271,32.27035427
1278,0,-16654186.24,-16569797.05,17850250.32,17934639.5,1.737333187,1.745546636,84389.18165,0.008213449293,1.114382907,1.114382907,0,0,1,0,-34504436.55,0,1,-29350987.66,1272,32.32003021
1279,0,-16569797.05,-16619087.02,17934639.5,17885349.53,1.745546636,1.740749331,-49289.96658,-0.004797304978,0,28,1,112,0,0,-34504436.55,0,1,-29350987.66,1273,32.36027479
1280,0,-16566555.22,-16566555.22,17937881.33,17937881.33,1.745862158,1.745862158,0,0,0,0,0,0,1,0,-34504436.55,0,1,-29350987.66,1274,32.3803196
1281,0,-16566555.22,-16625152.97,17937881.33,17879283.59,1.745862158,1.740158943,-58597.74884,-0.005703214908,0,14,1,65,0,0,-34504436.55,0,1,-29350987.66,1275,32.39854407
1282,0,-16566555.22,-24825853.59,17937881.33,9678582.961,1.745862158,0.9419993041,-8259298.373,-0.8038628537,0,701,1.036944444,2530.60551,0,0,-34504436.55,0,1,-29350987.66,1276,32.4167583
1283,0,-16448521.31,-16464127.72,18055915.24,18040308.83,1.757350188,1.755831244,-15606.4099,-0.001518944181,0.8414357265,0.8414357265,0.01957575758,0.01957575758,0,0,-34504436.55,0,1,-29350987.66,1277,32.46030474
1284,0,-16457835.72,-16514885.33,18046600.84,17989551.22,1.756443634,1.750891097,-57049.61142,-0.00555253744,0.4461325967,15.5538674,1,61,0,0,-34504436.55,0,1,-29350987.66,1278,32.49693489
1285,0,-16457575.32,-16457575.32,18046861.23,18046861.23,1.756468978,1.756468978,0,0,0,0,0,0,1,0,-34504436.55,0,1,-29350987.66,1279,32.51698637
1286,0,-16457575.32,-16517242.09,18046861.23,17987194.46,1.756468978,1.750661717,-59666.77018,-0.005807260858,0,22,1,75,0,0,-34504436.55,0,1,-29350987.66,1280,32.5352149
1287,0,-16456772.21,-16456772.21,18047664.35,18047664.35,1.756547143,1.756547143,0,0,0,0,0,0,1,0,-34504436.55,0,1,-29350987.66,1281,32.55324626
1288,0,-16456772.21,-16523153.78,18047664.35,17981282.77,1.756547143,1.750086343,-66381.5758,-0.006460800972,0,15,1,60,0,0,-34504436.55,0,1,-29350987.66,1282,32.57147479
1289,0,-16460817.15,-16460817.15,18043619.4,18043619.4,1.756153456,1.756153456,0,0,0,0,0,0,1,0,-34504436.55,0,1,-29350987.66,1283,32.58952594
1290,0,-16460817.15,-16519754.76,18043619.4,17984681.8,1.756153456,1.750417164,-58937.60263,-0.005736292273,0,13,1,50,0,0,-34504436.55,0,1,-29350987.66,1284,32.60774469
1291,0,-16456772.21,-22605095.92,18047664.35,11899340.63,1.756547143,1.158141707,-6148323.713,-0.5984054362,0,731,1,2395.771419,0,0,-34504436.55,0,1,-29350987.66,1285,32.62594032
1292,0,-16656509.79,-16670283.5,17847926.76,17834153.05,1.737107039,1.735766468,-13773.71096,-0.001340570845,1.223505192,1.223505192,0.01424242424,0.01424242424,0,0,-34504436.55,0,1,-29350987.66,1286,32.66337347
1293,0,-16661605.45,-16698636.87,17842831.11,17805799.69,1.736611088,1.733006885,-37031.42223,-0.003604202609,0.3282122905,29.67178771,1,106.2788939,0,0,-34504436.55,0,1,-29350987.66,1287,32.70688391
1294,0,-16647084.97,-16647084.97,17857351.59,17857351.59,1.738024341,1.738024341,0,0,0,0,0,0,1,0,-34504436.55,0,1,-29350987.66,1288,32.73051596
1295,0,-16647084.97,-16694514.06,17857351.59,17809922.49,1.738024341,1.733408151,-47429.09572,-0.004616189719,0,27,1,110.3341263,0,0,-34504436.55,0,1,-29350987.66,1289,32.74895
1296,0,-16643843.13,-16643843.13,17860593.42,17860593.42,1.738339862,1.738339862,0,0,0,0,0,0,1,0,-34504436.55,0,1,-29350987.66,1290,32.76696634
1297,0,-16643843.13,-16704073.06,17860593.42,17800363.49,1.738339862,1.73247779,-60229.92847,-0.005862072055,0,21,1,82.17828788,0,0,-34504436.55,0,1,-29350987.66,1291,32.7851162
1298,0,-16647084.97,-23187747.58,17857351.59,11316688.98,1.738024341,1.101433256,-6540662.612,-0.636591085,0,716,1.173277778,2347.271581,0,0,-34504436.55,0,1,-29350987.66,1292,32.80328751
1299,0,-17276948.22,-17276948.22,17227488.33,17227488.33,1.676720868,1.676720868,0,0,0,0,0,0,1,0,-34504436.55,0,1,-29350987.66,1293,32.84013939
1300,0,-17276948.22,-17336017.56,17227488.33,17168419,1.676720868,1.670971754,-59069.3327,-0.005749113327,0,12,1,51.10743434,0,0,-34504436.55,0,1,-29350987.66,1294,32.868572
1301,0,-17276948.22,-23285014.2,17227488.33,11219422.36,1.676720868,1.091966468,-6008065.974,-0.5847543994,0,675,1.143388889,2198.175631,0,0,-34504436.55,0,1,-29350987.66,1295,32.88668895
1302,0,-16493530.72,-16396693.95,18010905.83,18107742.6,1.752969502,1.762394453,96836.76977,0.009424950955,2.394585025,2.394585025,0.02860606061,0.04575757576,0,0,-34504436.55,0,1,-29350987.66,1296,32.92025375
1303,0,-16395328.93,-16384000.68,18109107.62,18120435.88,1.762527308,1.763629867,11328.25517,0.001102558973,0.7389502762,0.7389502762,0.01715151515,0.01715151515,0,0,-34504436.55,0,1,-29350987.66,1297,32.95119619
1304,0,-16390910.83,-16457749.83,18113525.72,18046686.72,1.762957314,1.756451993,-66839.00156,-0.00650532141,0.3908839779,15.60911602,1,67.14399495,0,0,-34504436.55,0,1,-29350987.66,1298,32.97181296
1305,0,-16401840.06,-16401840.06,18102596.49,18102596.49,1.761893592,1.761893592,0,0,0,0,0,0,1,0,-34504436.55,0,1,-29350987.66,1299,32.99173546
1306,0,-16401840.06,-16454700.94,18102596.49,18049735.61,1.761893592,1.756748736,-52860.87984,-0.005144855628,0,22,1,84.22476768,0,0,-34504436.55,0,1,-29350987.66,1300,33.00989962
1307,0,-16405219.5,-16405219.5,18099217.05,18099217.05,1.761564677,1.761564677,0,0,0,0,0,0,1,0,-34504436.55,0,1,-29350987.66,1301,33.02976894
1308,0,-16405219.5,-16463817.25,18099217.05,18040619.3,1.761564677,1.755861462,-58597.74884,-0.005703214908,0,14,1,64.1034899,0,0,-34504436.55,0,1,-29350987.66,1302,33.04791832
1309,0,-16405380.62,-16405380.62,18099055.94,18099055.94,1.761548996,1.761548996,0,0,0,0,0,0,1,0,-34504436.55,0,1,-29350987.66,1303,33.065938
1310,0,-16405380.62,-16449788.73,18099055.94,18054647.82,1.761548996,1.757226833,-44408.11877,-0.004322163394,0,29,1,107.2916818,0,0,-34504436.55,0,1,-29350987.66,1304,33.08404803
1311,0,-16402761.19,-16402761.19,18101675.36,18101675.36,1.76180394,1.76180394,0,0,0,0,0,0,1,0,-34504436.55,0,1,-29350987.66,1305,33.10201836
1312,0,-16402761.19,-16454426.22,18101675.36,18050010.33,1.76180394,1.756775474,-51665.02545,-0.005028465243,0,24,1,96.26025253,0,0,-34504436.55,0,1,-29350987.66,1306,33.12016439
1313,0,-16406462.86,-16406462.86,18097973.7,18097973.7,1.761443663,1.761443663,0,0,0,0,0,0,1,0,-34504436.55,0,1,-29350987.66,1307,33.13814044
1314,0,-16406462.86,-16451517.88,18097973.7,18052918.68,1.761443663,1.757058538,-45055.01625,-0.004385124777,0,23,1,91.25080808,0,0,-34504436.55,0,1,-29350987.66,1308,33.15627503
1315,0,-16402761.19,-23851351.65,18101675.36,10653084.9,1.76180394,1.036845849,-7448590.457,-0.724958091,0,774,1.753,2506.452758,0,0,-34504436.55,0,1,-29350987.66,1309,33.17438531
1316,0,-17617234.96,-17610527.55,16887201.6,16893909.01,1.643601363,1.644254184,6707.412183,0.0006528205248,0.5925,0.5925,0,0,1,0,-34504436.55,0,1,-29350987.66,1310,33.20951319
1317,0,-17610527.55,-17656629.55,16893909.01,16847807.01,1.644254184,1.639767158,-46102.00097,-0.004487025942,0,22,1,93.2785202,0,0,-34504436.55,0,1,-29350987.66,1311,33.24231482
1318,0,-17610688.66,-17610688.66,16893747.9,16893747.9,1.644238503,1.644238503,0,0,0,0,0,0,1,0,-34504436.55,0,1,-29350987.66,1312,33.26222539
1319,0,-17610688.66,-17654950.36,16893747.9,16849486.2,1.644238503,1.639930591,-44261.69762,-0.004307912483,0,24,1,105.3210303,0,0,-34504436.55,0,1,-29350987.66,1313,33.28038955
1320,0,-17610527.55,-24022328.52,16893909.01,10482108.04,1.644254184,1.020204974,-6411800.973,-0.6240492104,0,693,1.791888889,2294.529768,0,0,-34504436.55,0,1,-29350987.66,1314,33.30040336
1321,0,-17834264.97,-17864914.74,16670171.59,16639521.81,1.622478218,1.61949513,-30649.77373,-0.002983088087,0.3217893218,0.3217893218,0.01236363636,0.01351515152,0,0,-34504436.55,0,1,-29350987.66,1315,33.3363421
1322,0,-17868707.59,-17922253.4,16635728.97,16582183.15,1.619125979,1.613914459,-53545.81968,-0.005211519608,0.3080110497,17.69198895,1,76.13547475,0,0,-34504436.55,0,1,-29350987.66,1316,33.36618185
1323,0,-17865949.42,-17865949.42,16638487.13,16638487.13,1.619394426,1.619394426,0,0,0,0,0,0,1,0,-34504436.55,0,1,-29350987.66,1317,33.38659644
1324,0,-17865949.42,-17915083.67,16638487.13,16589352.89,1.619394426,1.614612277,-49134.24107,-0.00478214849,0,20,1,83.19465657,0,0,-34504436.55,0,1,-29350987.66,1318,33.40473914
1325,0,-17865788.31,-17865788.31,16638648.24,16638648.24,1.619410107,1.619410107,0,0,0,0,0,0,1,0,-34504436.55,0,1,-29350987.66,1319,33.42274284
1326,0,-17865788.31,-17908545.64,16638648.24,16595890.91,1.619410107,1.615248612,-42757.33043,-0.004161495094,0,25,1,108.3152929,0,0,-34504436.55,0,1,-29350987.66,1320,33.44091082
1327,0,-17865949.42,-24263665.68,16638487.13,10240770.87,1.619394426,0.9967160559,-6397716.257,-0.6226783699,0,719,1.176222222,2457.237313,0,0,-34504436.55,0,1,-29350987.66,1321,33.4609344
1328,0,-17918189.43,-17928435.12,16586247.12,16576001.44,1.614309998,1.613312804,-10245.68513,-0.0009971943518,1.19277315,1.19277315,0,0,1,0,-34504436.55,0,1,-29350987.66,1322,33.50317073
1329,0,-17928435.12,-17974214.89,16576001.44,16530221.66,1.613312804,1.60885714,-45779.77648,-0.004455664405,0,22,1,91.30928788,0,0,-34504436.55,0,1,-29350987.66,1323,33.53123379
1330,0,-17928274.01,-17928274.01,16576162.55,16576162.55,1.613328485,1.613328485,0,0,0,0,0,0,1,0,-34504436.55,0,1,-29350987.66,1324,33.55123568
1331,0,-17928274.01,-17970839.86,16576162.55,16533596.69,1.613328485,1.609185626,-42565.85661,-0.004142859287,0,29,1,118.3994141,0,0,-34504436.55,0,1,-29350987.66,1325,33.56938815
1332,0,-17930295.99,-17930295.99,16574140.57,16574140.57,1.613131689,1.613131689,0,0,0,0,0,0,1,0,-34504436.55,0,1,-29350987.66,1326,33.58932686
1333,0,-17930295.99,-17989669.92,16574140.57,16514766.64,1.613131689,1.60735293,-59373.92787,-0.005778759035,0,11,1,49.08223737,0,0,-34504436.55,0,1,-29350987.66,1327,33.60755515
1334,0,-17930134.88,-17930134.88,16574301.68,16574301.68,1.61314737,1.61314737,0,0,0,0,0,0,1,0,-34504436.55,0,1,-29350987.66,1328,33.6255815
1335,0,-17930134.88,-17976236.88,16574301.68,16528199.68,1.61314737,1.608660344,-46102.00097,-0.004487025942,0,22,1,91.29707576,0,0,-34504436.55,0,1,-29350987.66,1329,33.64373708
1336,0,-17930295.99,-23515060.02,16574140.57,10989376.53,1.613131689,1.069576516,-5584764.035,-0.5435551728,0,676,1,2235.58804,0,0,-34504436.55,0,1,-29350987.66,1330,33.66192102
1337,0,-16340579.56,-16334743.96,18163856.99,18169692.59,1.767855968,1.768423936,5835.597927,0.0005679683904,1.871380085,1.871380085,0.05757575758,0.05757575758,0,0,-34504436.55,0,1,-29350987.66,1331,33.69403005
1338,0,-16317577.92,-16320863.9,18186858.64,18183572.65,1.770094677,1.769774858,-3285.98199,-0.0003198187958,0.3121546961,0.3121546961,0.0136969697,0.0136969697,0,0,-34504436.55,0,1,-29350987.66,1332,33.72517061
1339,0,-16317577.92,-16365519.2,18186858.64,18138917.36,1.770094677,1.765428637,-47941.27922,-0.00466603963,0.3121546961,14.6878453,1,57.08982828,0,0,-34504436.55,0,1,-29350987.66,1333,33.74147058
1340,0,-16310337.13,-16310337.13,18194099.43,18194099.43,1.77079941,1.77079941,0,0,0,0,0,0,1,0,-34504436.55,0,1,-29350987.66,1334,33.76190829
1341,0,-16310337.13,-16352223.77,18194099.43,18152212.79,1.77079941,1.766722658,-41886.63875,-0.004076752218,0,28,1,108.3294747,0,0,-34504436.55,0,1,-29350987.66,1335,33.7800808
1342,0,-16310337.13,-24789940.15,18194099.43,9714496.403,1.77079941,0.9454946956,-8479603.025,-0.8253047146,0,753,1.332055556,2647.970551,0,0,-34504436.55,0,1,-29350987.66,1336,33.8001852
1343,0,-17027469.49,-17055319.88,17476967.06,17449116.67,1.70100219,1.69829156,-27850.3911,-0.002710629143,1.150837989,1.150837989,0.04860606061,0.04860606061,0,0,-34504436.55,0,1,-29350987.66,1337,33.84121251
1344,0,-17035109.16,-17035930.45,17469327.4,17468506.11,1.700258635,1.7001787,-821.2906467,-7.993476119e-05,0.1077348066,0.1077348066,0.004727272727,0.004727272727,0,0,-34504436.55,0,1,-29350987.66,1338,33.87896156
1345,0,-17035109.16,-17069256.36,17469327.4,17435180.2,1.700258635,1.696935148,-34147.20004,-0.003323486382,0.1077348066,28.89226519,1,100.2341162,0,0,-34504436.55,0,1,-29350987.66,1339,33.89523578
1346,0,-17043455.18,-17044596.35,17460981.37,17459840.21,1.699446331,1.699335263,-1141.165,-0.0001110675643,0.0773480663,0.0773480663,0,0,1,0,-34504436.55,0,1,-29350987.66,1340,33.91552329
1347,0,-17044596.35,-17089651.37,17459840.21,17414785.19,1.699335263,1.694950138,-45055.01625,-0.004385124777,0,23,1,95.13935859,0,0,-34504436.55,0,1,-29350987.66,1341,33.93367577
1348,0,-17044596.35,-23482593.81,17459840.21,11021842.74,1.699335263,1.072736395,-6437997.461,-0.6265988681,0,710,1.110222222,2506.112707,0,0,-34504436.55,0,1,-29350987.66,1342,33.95185709
1349,0,-16562609.91,-16640302.08,17941826.64,17864134.48,1.746246148,1.738684507,-77692.16582,-0.007561640627,0.7886740331,0.7886740331,0.03460606061,0.03460606061,0,0,-34504436.55,0,1,-29350987.66,1343,33.99458623
1350,0,-16540803.24,-16514142.43,17963633.31,17990294.12,1.748368552,1.750963402,26660.80919,0.002594849246,0.2113259669,0.2113259669,0,0,1,0,-34504436.55,0,1,-29350987.66,1344,34.02446198
1351,0,-16514142.43,-16581655.22,17990294.12,17922781.33,1.750963402,1.744392502,-67512.7894,-0.006570899985,0,12,1,53,0,0,-34504436.55,0,1,-29350987.66,1345,34.04265761
1352,0,-16522324.25,-16522324.25,17982112.31,17982112.31,1.75016708,1.75016708,0,0,0,0,0,0,1,0,-34504436.55,0,1,-29350987.66,1346,34.06264544
1353,0,-16522324.25,-16563432.26,17982112.31,17941004.3,1.75016708,1.74616611,-41108.0112,-0.00400096978,0,26,1,109.2507121,0,0,-34504436.55,0,1,-29350987.66,1347,34.08079433
1354,0,-16517941.41,-16517941.41,17986495.15,17986495.15,1.750593654,1.750593654,0,0,0,0,0,0,1,0,-34504436.55,0,1,-29350987.66,1348,34.10079026
1355,0,-16517941.41,-16569142.19,17986495.15,17935294.36,1.750593654,1.745610372,-51200.78714,-0.004983281752,0,25,1,107.2065606,0,0,-34504436.55,0,1,-29350987.66,1349,34.11900496
1356,0,-16522324.25,-24374208.98,17982112.31,10130227.58,1.75016708,0.9859570732,-7851884.728,-0.7642100066,0,715,1,2510.650364,0,0,-34504436.55,0,1,-29350987.66,1350,34.13720036
1357,0,-17294565.8,-17260534.95,17209870.75,17243901.61,1.67500618,1.678318343,34030.8571,0.00331216293,2.420285166,2.420285166,0.06733333333,0.06733333333,0,0,-34504436.55,0,1,-29350987.66,1351,34.17900991
1358,0,-17185830.93,-17192698.3,17318605.62,17311738.25,1.685589152,1.684920763,-6867.367945,-0.0006683887353,0.4654696133,0.4654696133,0,0,1,0,-34504436.55,0,1,-29350987.66,1352,34.21105647
1359,0,-17192698.3,-17251313.68,17311738.25,17253122.88,1.684920763,1.679215832,-58615.37814,-0.005704930736,0,13,1,60.08630808,0,0,-34504436.55,0,1,-29350987.66,1353,34.23114371
1360,0,-17188315.46,-17188315.46,17316121.1,17316121.1,1.685347337,1.685347337,0,0,0,0,0,0,1,0,-34504436.55,0,1,-29350987.66,1354,34.25108457
1361,0,-17188315.46,-17256455.07,17316121.1,17247981.49,1.685347337,1.67871543,-68139.60907,-0.00663190723,0,11,1,47.02117677,0,0,-34504436.55,0,1,-29350987.66,1355,34.26928449
1362,0,-17192698.3,-23536054.29,17311738.25,10968382.26,1.684920763,1.067533181,-6343355.993,-0.6173875819,0,682,1.0155,2274.975818,0,0,-34504436.55,0,1,-29350987.66,1356,34.28743553
1363,0,-18236419.07,-18235416.56,16268017.48,16269019.99,1.583337273,1.583434845,1002.510883,9.757260522e-05,0.2126348228,0.2126348228,0,0,1,0,-34504436.55,0,1,-29350987.66,1357,34.3182869
1364,0,-18235416.56,-18277660.19,16269019.99,16226776.36,1.583434845,1.579323347,-42243.63213,-0.00411149775,0,29,1,120.3847273,0,0,-34504436.55,0,1,-29350987.66,1358,34.34776449
1365,0,-18235416.56,-24078857.63,16269019.99,10425578.92,1.583434845,1.014703095,-5843441.071,-0.5687317497,0,713,1.085,2451.167828,0,0,-34504436.55,0,1,-29350987.66,1359,34.36786509
1366,0,-18523403.19,-18523479.12,15981033.36,15980957.44,1.555405617,1.555398228,-75.92399185,-7.389547392e-06,0.1993274943,0.1993274943,0.001878787879,0.001878787879,0,0,-34504436.55,0,1,-29350987.66,1360,34.39892769
1367,0,-18520445.05,-18510166.38,15983991.5,15994270.17,1.555693528,1.556693932,10278.66703,0.001000404422,0.04281767956,12.95718232,1,54,0,0,-34504436.55,0,1,-29350987.66,1361,34.43760991
1368,0,-18452619.05,-18452619.05,16051817.51,16051817.51,1.562294912,1.562294912,0,0,0,0,0,0,1,0,-34504436.55,0,1,-29350987.66,1362,34.45743394
1369,0,-18452619.05,-18508996.97,16051817.51,15995439.58,1.562294912,1.556807749,-56377.92578,-0.005487163468,0,17,1,84,0,0,-34504436.55,0,1,-29350987.66,1363,34.47555304
1370,0,-18452619.05,-25851572.62,16051817.51,8652863.938,1.562294912,0.8421678918,-7398953.568,-0.7201270207,0,708,1.084833333,2443.420717,0,0,-34504436.55,0,1,-29350987.66,1364,34.4936502
1371,0,-18941282.56,-18929500.36,15563154,15574936.19,1.51473416,1.515880901,11782.19692,0.001146740317,1.154763106,1.154763106,0.03678787879,0.03678787879,0,0,-34504436.55,0,1,-29350987.66,1365,34.53724909
1372,0,-18849017.33,-18833504.12,15655419.23,15670932.43,1.523714172,1.525224044,15513.20441,0.001509872655,0.1616022099,0.1616022099,0,0,1,0,-34504436.55,0,1,-29350987.66,1366,34.57017756
1373,0,-18833504.12,-18892119.5,15670932.43,15612317.06,1.525224044,1.519519113,-58615.37814,-0.005704930736,0,13,1,66,0,0,-34504436.55,0,1,-29350987.66,1367,34.58832121
1374,0,-18833504.12,-24977788.49,15670932.43,9526648.062,1.525224044,0.9272117499,-6144284.372,-0.5980122943,0,745,1.096722222,2583.203465,0,0,-34504436.55,0,1,-29350987.66,1368,34.60831904
1375,0,-18289773.74,-18261687.74,16214662.81,16242748.81,1.578144357,1.580877918,28085.99974,0.002733560513,0.4402332362,0.4402332362,0,0,1,0,-34504436.55,0,1,-29350987.66,1369,34.63852262
1376,0,-18261687.74,-18305949.44,16242748.81,16198487.11,1.580877918,1.576570005,-44261.69762,-0.004307912483,0,24,1,111,0,0,-34504436.55,0,1,-29350987.66,1370,34.67038417
1377,0,-18261687.74,-24636724.67,16242748.81,9867711.885,1.580877918,0.9604068866,-6375036.926,-0.6204710309,0,688,1.227222222,2410.341949,0,0,-34504436.55,0,1,-29350987.66,1371,34.68849826
1378,0,-18659609.7,-18667838.27,15844826.85,15836598.28,1.542148879,1.541348008,-8228.565799,-0.0008008717068,1.222718259,1.222718259,0.004727272727,0.004727272727,0,0,-34504436.55,0,1,-29350987.66,1372,34.73828363
1379,0,-18666342.9,-18637814.17,15838093.65,15866622.38,1.541493549,1.544270199,28528.72958,0.002776650623,0.1077348066,10.89226519,1,35.0344596,0,0,-34504436.55,0,1,-29350987.66,1373,34.79119492
1380,0,-18653958.21,-18653958.21,15850478.35,15850478.35,1.542698929,1.542698929,0,0,0,0,0,0,1,0,-34504436.55,0,1,-29350987.66,1374,34.81087422
1381,0,-18653958.21,-18711927.67,15850478.35,15792508.89,1.542698929,1.537056865,-57969.46007,-0.005642064677,0,15,1,79.1134899,0,0,-34504436.55,0,1,-29350987.66,1375,34.82890534
1382,0,-18653958.21,-23752062.53,15850478.35,10752374.03,1.542698929,1.046509483,-5098104.32,-0.4961894464,0,699,1,2252.24301,0,0,-34504436.55,0,1,-29350987.66,1376,34.84695864
1383,0,-20233592.38,-20231555.11,14270844.18,14272881.45,1.388955939,1.389154223,2037.269242,0.0001982838,1.940754006,1.940754006,0.02624242424,0.05526767677,0,0,-34504436.55,0,1,-29350987.66,1377,34.90849209
1384,0,-20228427.66,-20221325.46,14276008.9,14283111.09,1.389458612,1.390149856,7102.195596,0.0006912440939,0.7956929884,0.7956929884,0.01472222222,0.02902525253,0,0,-34504436.55,0,1,-29350987.66,1378,34.96245885
1385,0,-20224316.02,-20284513.76,14280120.54,14219922.79,1.389858791,1.383999851,-60197.74879,-0.005858940063,0.3937592868,14.60624071,1,73.13257576,0,0,-34504436.55,0,1,-29350987.66,1379,34.98058438
1386,0,-20228920.34,-20228920.34,14275516.21,14275516.21,1.38941066,1.38941066,0,0,0,0,0,0,1,0,-34504436.55,0,1,-29350987.66,1380,35.00619507
1387,0,-20228920.34,-20286889.8,14275516.21,14217546.75,1.38941066,1.383768595,-57969.46007,-0.005642064677,0,15,1,82.14789394,0,0,-34504436.55,0,1,-29350987.66,1381,35.02417827
1388,0,-20228920.34,-24426832.75,14275516.21,10077603.8,1.38941066,0.9808352947,-4197912.407,-0.408575365,0,707,1.131944444,2413.18746,0,0,-34504436.55,0,1,-29350987.66,1382,35.04218054
1389,0,-19371676.28,-19346132.01,15132760.27,15158304.55,1.472844703,1.475330882,25544.27209,0.002486178672,2.164452156,2.164452156,0.012,0.01812121212,0,0,-34504436.55,0,1,-29350987.66,1383,35.08338284
1390,0,-19351197.28,-19435823.83,15153239.28,15068612.72,1.474837888,1.466601336,-84626.55673,-0.008236552589,0.4604537283,10.53954627,1,55.06440909,0,0,-34504436.55,0,1,-29350987.66,1384,35.12724972
1391,0,-19369922.17,-19369922.17,15134514.39,15134514.39,1.473015428,1.473015428,0,0,0,0,0,0,1,0,-34504436.55,0,1,-29350987.66,1385,35.15330172
1392,0,-19369922.17,-19428669.27,15134514.39,15075767.28,1.473015428,1.467297676,-58747.10821,-0.00571775179,0,12,1,63.13324242,0,0,-34504436.55,0,1,-29350987.66,1386,35.17123294
1393,0,-19369922.17,-25922191.85,15134514.39,8582244.707,1.473015428,0.8352946474,-6552269.681,-0.6377207804,0,668,1.43,2230.846121,0,0,-34504436.55,0,1,-29350987.66,1387,35.18920708
1394,0,-19704663.84,-19622113.04,14799772.71,14882323.52,1.440435614,1.448470138,82550.80797,0.008034523645,6.234629851,6.234629851,0.06127272727,0.1284343434,0,0,-34504436.55,0,1,-29350987.66,1388,35.24722457
1395,0,-19497128.96,-19437944.46,15007307.6,15066492.1,1.460634616,1.466394939,59184.50153,0.005760322506,0.9267955801,0.9267955801,0.01739393939,0.01951515152,0,0,-34504436.55,0,1,-29350987.66,1389,35.29642916
1396,0,-19443007.49,-19496529.72,15061429.06,15007906.83,1.465902163,1.460692939,-53522.23058,-0.005209223722,0.4447513812,12.55524862,1,55.07573232,0,0,-34504436.55,0,1,-29350987.66,1390,35.31663108
1397,0,-19442510.06,-19438311.49,15061926.49,15066125.06,1.465950577,1.466359216,4198.568413,0.0004086392129,0.4696132597,0.4696132597,0.02060606061,0.02060606061,0,0,-34504436.55,0,1,-29350987.66,1391,35.33635998
1398,0,-19442510.06,-19493594.91,15061926.49,15010841.64,1.465950577,1.460978579,-51084.84733,-0.004971997536,0.4696132597,21.53038674,1,100.2444141,0,0,-34504436.55,0,1,-29350987.66,1392,35.35439229
1399,0,-19446819.77,-19447251.97,15057616.79,15057184.58,1.465531121,1.465489055,-432.2055719,-4.206580132e-05,0.04834254144,0.04834254144,0.002121212121,0.002121212121,0,0,-34504436.55,0,1,-29350987.66,1393,35.37414598
1400,0,-19446819.77,-19494689.42,15057616.79,15009747.13,1.465531121,1.460872052,-47869.65038,-0.004659068122,0.04834254144,17.95165746,1,91.18416162,0,0,-34504436.55,0,1,-29350987.66,1394,35.3921752
1401,0,-19443961.42,-24995082.33,15060475.14,9509354.22,1.465809319,0.925528571,-5551120.915,-0.5402807477,0.4696132597,723.4696133,1.167388889,2472.351414,0,0,-34504436.55,0,1,-29350987.66,1395,35.41197371
1402,0,-18788194.06,-18787454.45,15716242.49,15716982.1,1.529633992,1.529705977,739.6088881,7.198482058e-05,2.681907291,2.681907291,0.01951515152,0.01951515152,0,0,-34504436.55,0,1,-29350987.66,1396,35.45794654
1403,0,-18782867.05,-18832733.33,15721569.51,15671703.22,1.530152461,1.525299063,-49866.28726,-0.004853397246,0.4447513812,14.55524862,1,74.10284848,0,0,-34504436.55,0,1,-29350987.66,1397,35.49683595
1404,0,-18777139.91,-18777139.91,15727296.64,15727296.64,1.530709873,1.530709873,0,0,0,0,0,0,1,0,-34504436.55,0,1,-29350987.66,1398,35.51663399
1405,0,-18777139.91,-18833056.54,15727296.64,15671380.02,1.530709873,1.525267607,-55916.62568,-0.005442265948,0,18,1,95.1584899,0,0,-34504436.55,0,1,-29350987.66,1399,35.53471994
1406,0,-18777139.91,-24480882.16,15727296.64,10023554.39,1.530709873,0.9755747614,-5703742.248,-0.5551351112,0,669,1,2171.896571,0,0,-34504436.55,0,1,-29350987.66,1400,35.55462337
1407,0,-19012391.81,-19017265.18,15492044.75,15487171.37,1.507813223,1.507338906,-4873.373901,-0.0004743168335,0.2617728532,0.2617728532,0,0,1,0,-34504436.55,0,1,-29350987.66,1401,35.59562635
1408,0,-19017265.18,-19058373.19,15487171.37,15446063.36,1.507338906,1.503337936,-41108.0112,-0.00400096978,0,26,1,129,0,0,-34504436.55,0,1,-29350987.66,1402,35.62495923
1409,0,-19007825.9,-19007825.9,15496610.65,15496610.65,1.508257614,1.508257614,0,0,0,0,0,0,1,0,-34504436.55,0,1,-29350987.66,1403,35.64480472
1410,0,-19007825.9,-19054399.49,15496610.65,15450037.07,1.508257614,1.50372469,-46573.58482,-0.004532924361,0,29,1,133,0,0,-34504436.55,0,1,-29350987.66,1404,35.66292
1411,0,-19012208.74,-19012208.74,15492227.81,15492227.81,1.50783104,1.50783104,0,0,0,0,0,0,1,0,-34504436.55,0,1,-29350987.66,1405,35.68088531
1412,0,-19012208.74,-19064883.54,15492227.81,15439553.02,1.50783104,1.502704296,-52674.79275,-0.005126744102,0,19,1,93,0,0,-34504436.55,0,1,-29350987.66,1406,35.69901252
1413,0,-19007825.9,-23429716.71,15496610.65,11074719.84,1.508257614,1.077882829,-4421890.81,-0.4303747854,0,697,1,2332.309106,0,0,-34504436.55,0,1,-29350987.66,1407,35.71709156
1414,0,-18618791.89,-18533665.41,15885644.66,15970771.15,1.546121605,1.554406814,85126.4829,0.008285209516,3.074607968,3.074607968,0.005696969697,0.01072727273,0,0,-34504436.55,0,1,-29350987.66,1408,35.76471496
1415,0,-18533635.29,-18518696.31,15970801.27,15985740.24,1.554409746,1.55586373,14938.97557,0.001453983982,0.2444751381,14.75552486,1,50,0,0,-34504436.55,0,1,-29350987.66,1409,35.81376481
1416,0,-18536587.99,-18536587.99,15967848.56,15967848.56,1.554122364,1.554122364,0,0,0,0,0,0,1,0,-34504436.55,0,1,-29350987.66,1410,35.83356023
1417,0,-18536587.99,-18575179.91,15967848.56,15929256.64,1.554122364,1.550366281,-38591.91791,-0.003756082885,0,30,1,133,0,0,-34504436.55,0,1,-29350987.66,1411,35.85165286
1418,0,-18536587.99,-26942725.57,15967848.56,7561710.984,1.554122364,0.7359679111,-8406137.577,-0.8181544529,0,761,1.550277778,2682.030702,0,0,-34504436.55,0,1,-29350987.66,1412,35.87154412
1419,0,-18798064.23,-18808547.24,15706372.33,15695889.31,1.528673346,1.527653053,-10483.01734,-0.001020293475,2.781624824,2.781624824,0.01872727273,0.04084343434,0,0,-34504436.55,0,1,-29350987.66,1413,35.91276908
1420,0,-18798151.73,-18760506.74,15706284.82,15743929.81,1.528664829,1.532328749,37644.99075,0.003663920145,0.9969748713,27.00302513,1,110,0,0,-34504436.55,0,1,-29350987.66,1414,35.96213412
1421,0,-18714955.17,-18714955.17,15789481.39,15789481.39,1.536762203,1.536762203,0,0,0,0,0,0,1,0,-34504436.55,0,1,-29350987.66,1415,35.9892199
1422,0,-18714955.17,-18770986.38,15789481.39,15733450.17,1.536762203,1.531308785,-56031.21615,-0.005453418836,0,21,1,96,0,0,-34504436.55,0,1,-29350987.66,1416,36.00732112
1423,0,-18719338.01,-18719338.01,15785098.55,15785098.55,1.536335629,1.536335629,0,0,0,0,0,0,1,0,-34504436.55,0,1,-29350987.66,1417,36.02528238
1424,0,-18719338.01,-18760286.38,15785098.55,15744150.18,1.536335629,1.532350197,-40948.36807,-0.003985431997,0,27,1,128,0,0,-34504436.55,0,1,-29350987.66,1418,36.04337096
1425,0,-18714955.17,-24519585.19,15789481.39,9984851.36,1.536762203,0.9718078638,-5804630.027,-0.5649543396,0,725,1,2398.005111,0,0,-34504436.55,0,1,-29350987.66,1419,36.06147075
1426,0,-18895601.29,-18899815,15608835.27,15604621.56,1.519180237,1.518770124,-4213.712788,-0.0004101131881,0.4739293952,0.4739293952,0.01557575758,0.01993939394,0,0,-34504436.55,0,1,-29350987.66,1420,36.09829545
1427,0,-18885797.52,-18862959.31,15618639.04,15641477.24,1.520134421,1.522357223,22838.20528,0.002222801991,0.4544198895,24.54558011,1,112,0,0,-34504436.55,0,1,-29350987.66,1421,36.12640929
1428,0,-18813700.69,-18813700.69,15690735.87,15690735.87,1.527151477,1.527151477,0,0,0,0,0,0,1,0,-34504436.55,0,1,-29350987.66,1422,36.14635634
1429,0,-18813700.69,-18867298.08,15690735.87,15637138.47,1.527151477,1.521934938,-53597.39294,-0.005216539141,0,19,1,91,0,0,-34504436.55,0,1,-29350987.66,1423,36.16453743
1430,0,-18809317.85,-18809317.85,15695118.71,15695118.71,1.527578051,1.527578051,0,0,0,0,0,0,1,0,-34504436.55,0,1,-29350987.66,1424,36.18251204
1431,0,-18809317.85,-18865349.06,15695118.71,15639087.49,1.527578051,1.522124633,-56031.21615,-0.005453418836,0,21,1,101,0,0,-34504436.55,0,1,-29350987.66,1425,36.20060587
1432,0,-18813700.69,-24642245.18,15690735.87,9862191.371,1.527151477,0.9598695848,-5828544.496,-0.5672818925,0,672,1.224277778,2348.324702,0,0,-34504436.55,0,1,-29350987.66,1426,36.21880293
1433,0,-19306270.95,-19310554.17,15198165.6,15193882.38,1.479210488,1.47879361,-4283.218716,-0.0004168780766,0.2380611514,0.2380611514,0.009818181818,0.01,0,0,-34504436.55,0,1,-29350987.66,1427,36.24923015
1434,0,-19306069.62,-19290778.14,15198366.93,15213658.41,1.479230083,1.480718375,15291.47825,0.001488292442,0.2279005525,13.77209945,1,59.04887374,0,0,-34504436.55,0,1,-29350987.66,1428,36.27989745
1435,0,-19229504.17,-19229504.17,15274932.39,15274932.39,1.486682062,1.486682062,0,0,0,0,0,0,1,0,-34504436.55,0,1,-29350987.66,1429,36.29983497
1436,0,-19229504.17,-19298314.67,15274932.39,15206121.89,1.486682062,1.479984858,-68810.50198,-0.006697204047,0,10,1,48.01127273,0,0,-34504436.55,0,1,-29350987.66,1430,36.31803608
1437,0,-19233887.01,-19233887.01,15270549.55,15270549.55,1.486255488,1.486255488,0,0,0,0,0,0,1,0,-34504436.55,0,1,-29350987.66,1431,36.33600903
1438,0,-19233887.01,-19292162.53,15270549.55,15212274.02,1.486255488,1.480583635,-58275.52436,-0.005671853371,0,14,1,76.09032828,0,0,-34504436.55,0,1,-29350987.66,1432,36.35418272
1439,0,-19229504.17,-24704132.48,15274932.39,9800304.079,1.486682062,0.9538462044,-5474628.309,-0.5328358581,0,738,1.272,2400.461273,0,0,-34504436.55,0,1,-29350987.66,1433,36.37235355
1440,0,-19308649.5,-19255379.37,15195787.06,15249057.19,1.478978988,1.484163675,53270.13064,0.005184687282,2.671147294,2.671147294,0.05993939394,0.1035151515,0,0,-34504436.55,0,1,-29350987.66,1434,36.42657566
1441,0,-19249721.06,-19244412.36,15254715.49,15260024.2,1.484714388,1.485231075,5308.70417,0.0005166867561,0.3729281768,0.3729281768,0.01606060606,0.01606060606,0,0,-34504436.55,0,1,-29350987.66,1435,36.46161222
1442,0,-19249583.58,-19309986.16,15254852.98,15194450.39,1.484727769,1.478848893,-60402.58452,-0.005878876361,0.3660220994,27.6339779,1,127.3128586,0,0,-34504436.55,0,1,-29350987.66,1436,36.47974443
1443,0,-19264322.94,-19264322.94,15240113.62,15240113.62,1.483293213,1.483293213,0,0,0,0,0,0,1,0,-34504436.55,0,1,-29350987.66,1437,36.49974418
1444,0,-19264322.94,-19303767.43,15240113.62,15200669.13,1.483293213,1.479454151,-39444.49059,-0.003839062271,0,29,1,134.3629545,0,0,-34504436.55,0,1,-29350987.66,1438,36.51792669
1445,0,-19258540.53,-19258540.53,15245896.03,15245896.03,1.483856005,1.483856005,0,0,0,0,0,0,1,0,-34504436.55,0,1,-29350987.66,1439,36.53593993
1446,0,-19258540.53,-19325921.58,15245896.03,15178514.97,1.483856005,1.477297926,-67381.05934,-0.006558078931,0,13,1,72.07962121,0,0,-34504436.55,0,1,-29350987.66,1440,36.5540657
1447,0,-19262923.37,-19262923.37,15241513.19,15241513.19,1.483429431,1.483429431,0,0,0,0,0,0,1,0,-34504436.55,0,1,-29350987.66,1441,36.57205582
1448,0,-19262923.37,-19322297.29,15241513.19,15182139.26,1.483429431,1.477650672,-59373.92787,-0.005778759035,0,11,1,58.06281313,0,0,-34504436.55,0,1,-29350987.66,1442,36.59020877
1449,0,-19258540.53,-24777049.1,15245896.03,9727387.458,1.483856005,0.9467493591,-5518508.571,-0.5371066462,0,659,1.053666667,2259.011485,0,0,-34504436.55,0,1,-29350987.66,1443,36.60829186
1450,0,-18957558.73,-18875730.97,15546877.83,15628705.58,1.513150029,1.52111418,81827.75533,0.007964150215,1.610449085,1.610449085,0.02339393939,0.02339393939,0,0,-34504436.55,0,1,-29350987.66,1444,36.6393075
1451,0,-18870964.36,-18866790.49,15633472.19,15637646.06,1.521578105,1.521984341,4173.870952,0.0004062354528,0.4668508287,0.4668508287,0,0,1,0,-34504436.55,0,1,-29350987.66,1445,36.66729426
1452,0,-18866790.49,-18931934.1,15637646.06,15572502.46,1.521984341,1.515644029,-65143.60697,-0.006340311663,0,17,1,87.05090404,0,0,-34504436.55,0,1,-29350987.66,1446,36.68537211
1453,0,-18866790.49,-24885243.5,15637646.06,9619193.057,1.521984341,0.9362189901,-6018453.005,-0.5857653507,0,706,1.076277778,2497.003066,0,0,-34504436.55,0,1,-29350987.66,1447,36.70536661
1454,0,-19164155.96,-19162897.04,15340280.6,15341539.51,1.493042288,1.493164815,1258.913488,0.0001225278158,1.88737113,1.88737113,0.032,0.032,0,0,-34504436.55,0,1,-29350987.66,1448,36.74559164
1455,0,-19095682.09,-19070731.08,15408754.47,15433705.48,1.499706728,1.502135165,24951.0072,0.002428437253,0.270718232,0.270718232,0,0,1,0,-34504436.55,0,1,-29350987.66,1449,36.78686166
1456,0,-19070731.08,-19138870.69,15433705.48,15365565.87,1.502135165,1.495503258,-68139.60907,-0.00663190723,0,11,1,57.03830303,0,0,-34504436.55,0,1,-29350987.66,1450,36.80490637
1457,0,-19070731.08,-24554529.08,15433705.48,9949907.476,1.502135165,0.9684068376,-5483797.999,-0.5337283278,0,706,1.400944444,2347.72349,0,0,-34504436.55,0,1,-29350987.66,1451,36.82292628
1458,0,-20149594.6,-20166239.18,14354841.96,14338197.38,1.397131293,1.395511306,-16644.57696,-0.001619987138,1.078694712,1.078694712,0.02018181818,0.02648484848,0,0,-34504436.55,0,1,-29350987.66,1452,36.86611748
1459,0,-20154184.98,-20195713.55,14350251.58,14308723.01,1.39668452,1.392642618,-41528.56969,-0.004041901991,0.6035911602,10.39640884,1,46.00042424,0,0,-34504436.55,0,1,-29350987.66,1453,36.90376019
1460,0,-20124101.94,-20124101.94,14380334.61,14380334.61,1.399612448,1.399612448,0,0,0,0,0,0,1,0,-34504436.55,0,1,-29350987.66,1454,36.92395043
1461,0,-20124101.94,-20189245.55,14380334.61,14315191,1.399612448,1.393272137,-65143.60697,-0.006340311663,0,17,1,83.12046465,0,0,-34504436.55,0,1,-29350987.66,1455,36.94202185
1462,0,-20122372.29,-20122372.29,14382064.27,14382064.27,1.399780793,1.399780793,0,0,0,0,0,0,1,0,-34504436.55,0,1,-29350987.66,1456,36.96181488
1463,0,-20122372.29,-20178523.97,14382064.27,14325912.58,1.399780793,1.394315649,-56151.68306,-0.005465143665,0,22,1,102.2088384,0,0,-34504436.55,0,1,-29350987.66,1457,36.97992802
1464,0,-20122714.1,-20122714.1,14381722.45,14381722.45,1.399747525,1.399747525,0,0,0,0,0,0,1,0,-34504436.55,0,1,-29350987.66,1458,36.99960876
1465,0,-20122714.1,-20188660.82,14381722.45,14315775.73,1.399747525,1.393329048,-65946.71966,-0.006418477196,0,16,1,82.11796465,0,0,-34504436.55,0,1,-29350987.66,1459,37.01773739
1466,0,-20122714.1,-25198899.05,14381722.45,9305537.509,1.399747525,0.9056914522,-5076184.944,-0.4940560725,0,734,1.1535,2582.413949,0,0,-34504436.55,0,1,-29350987.66,1460,37.03582907
1467,0,-19919888.41,-19911265.8,14584548.14,14593170.76,1.419488189,1.420327413,8622.614101,0.0008392237289,1.907280319,1.907280319,0.01424242424,0.01424242424,0,0,-34504436.55,0,1,-29350987.66,1461,37.07572317
1468,0,-19906760.53,-19951208.39,14597676.03,14553228.16,1.420765903,1.416439871,-44447.86361,-0.004326031688,0.3245856354,24.67541436,1,119.1956869,0,0,-34504436.55,0,1,-29350987.66,1462,37.1120441
1469,0,-19897385.74,-19897385.74,14607050.82,14607050.82,1.421678335,1.421678335,0,0,0,0,0,0,1,0,-34504436.55,0,1,-29350987.66,1463,37.13237214
1470,0,-19897385.74,-19964426.94,14607050.82,14540009.61,1.421678335,1.415153333,-67041.20555,-0.006525001565,0,14,1,76.05259596,0,0,-34504436.55,0,1,-29350987.66,1464,37.150527
1471,0,-19897385.74,-25900043.48,14607050.82,8604393.07,1.421678335,0.8374503082,-6002657.749,-0.5842280264,0,760,1.356555556,2540.646495,0,0,-34504436.55,0,1,-29350987.66,1465,37.16866374
1472,0,-20736557.6,-20734658.5,13767878.96,13769778.06,1.340003227,1.340188062,1899.097902,0.0001848358287,0.4924026591,0.4924026591,0.01016666667,0.01077272727,0,0,-34504436.55,0,1,-29350987.66,1466,37.20306802
1473,0,-20736680.06,-20768079.97,13767756.49,13736356.58,1.339991307,1.33693521,-31399.90743,-0.003056097269,0.2857289452,27.71427105,1,132.178404,0,0,-34504436.55,0,1,-29350987.66,1467,37.24817085
1474,0,-20717744.98,-20717744.98,13786691.58,13786691.58,1.341834225,1.341834225,0,0,0,0,0,0,1,0,-34504436.55,0,1,-29350987.66,1468,37.27377939
1475,0,-20717744.98,-20765102.58,13786691.58,13739333.98,1.341834225,1.337224994,-47357.5991,-0.00460923108,0,30,1,139.2233737,0,0,-34504436.55,0,1,-29350987.66,1469,37.29190135
1476,0,-20717353.71,-20717353.71,13787082.85,13787082.85,1.341872307,1.341872307,0,0,0,0,0,0,1,0,-34504436.55,0,1,-29350987.66,1470,37.30984664
1477,0,-20717353.71,-20771303.69,13787082.85,13733132.87,1.341872307,1.336621451,-53949.979,-0.005250855717,0,24,1,120.1404091,0,0,-34504436.55,0,1,-29350987.66,1471,37.32799029
1478,0,-20717815.01,-20717815.01,13786621.55,13786621.55,1.34182741,1.34182741,0,0,0,0,0,0,1,0,-34504436.55,0,1,-29350987.66,1472,37.34593368
1479,0,-20717815.01,-20784856.21,13786621.55,13719580.34,1.34182741,1.335302408,-67041.20555,-0.006525001565,0,14,1,77,0,0,-34504436.55,0,1,-29350987.66,1473,37.36399508
1480,0,-20717815.01,-26494289.33,13786621.55,8010147.22,1.34182741,0.7796134142,-5776474.328,-0.5622139955,0,689,1.216388889,2303.350571,0,0,-34504436.55,0,1,-29350987.66,1474,37.38211513
1481,0,-21122920.35,-21083222.11,13381516.21,13421214.45,1.302399226,1.306262985,39698.24242,0.003863759487,1.665114247,1.665114247,0.0156969697,0.0156969697,0,0,-34504436.55,0,1,-29350987.66,1475,37.41571999
1482,0,-21078256.73,-21133856.38,13426179.83,13370580.17,1.306746257,1.301334841,-55599.65867,-0.005411416112,0.3577348066,15.64226519,1,85.07882828,0,0,-34504436.55,0,1,-29350987.66,1476,37.44434118
1483,0,-21069342.05,-21069342.05,13435094.51,13435094.51,1.307613907,1.307613907,0,0,0,0,0,0,1,0,-34504436.55,0,1,-29350987.66,1477,37.46450543
1484,0,-21069342.05,-21119994.37,13435094.51,13384442.19,1.307613907,1.302684006,-50652.31994,-0.004929900412,0,28,1,146.2987071,0,0,-34504436.55,0,1,-29350987.66,1478,37.48255277
1485,0,-21069342.05,-26688088.6,13435094.51,7816347.95,1.307613907,0.7607512751,-5618746.559,-0.5468626316,0,736,1.1075,2364.406253,0,0,-34504436.55,0,1,-29350987.66,1479,37.50058866
1486,0,-20612344.43,-20656041.39,13892092.12,13848395.16,1.352092673,1.347839726,-43696.96142,-0.00425294771,1.392554371,1.392554371,0.02193939394,0.03716161616,0,0,-34504436.55,0,1,-29350987.66,1480,37.53813648
1487,0,-20600064.08,-20569620.84,13904372.47,13934815.71,1.353287898,1.356250885,30443.24471,0.002962986983,0.8789764869,0.8789764869,0.01522222222,0.01522222222,0,0,-34504436.55,0,1,-29350987.66,1481,37.57369471
1488,0,-20556853.81,-20578612.61,13947582.75,13925823.95,1.357493477,1.355375732,-21758.7982,-0.002117745215,0.3789764869,27.62102351,1,137.0558333,0,0,-34504436.55,0,1,-29350987.66,1482,37.59179616
1489,0,-20535932.65,-20535932.65,13968503.91,13968503.91,1.359529697,1.359529697,0,0,0,0,0,0,1,0,-34504436.55,0,1,-29350987.66,1483,37.61215854
1490,0,-20535932.65,-20578176.28,13968503.91,13926260.27,1.359529697,1.355418199,-42243.63213,-0.00411149775,0,29,1,144.0743687,0,0,-34504436.55,0,1,-29350987.66,1484,37.6303494
1491,0,-20535932.65,-25594035.27,13968503.91,8910401.288,1.359529697,0.867233545,-5058102.618,-0.4922961517,0,726,1.401944444,2319.718611,0,0,-34504436.55,0,1,-29350987.66,1485,37.64846158
1492,0,-21404480.22,-21352881.08,13099956.33,13151555.48,1.274995503,1.280017556,51599.14752,0.005022053461,3.350461041,3.350461041,0.07357575758,0.07935353535,0,0,-34504436.55,0,1,-29350987.66,1486,37.69814205
1493,0,-21185967.24,-21159212.85,13318469.31,13345223.7,1.296262983,1.298866941,26754.38947,0.002603957249,0.3960127408,0.3960127408,0.002722222222,0.002722222222,0,0,-34504436.55,0,1,-29350987.66,1487,37.75416398
1494,0,-21158035.74,-21201660.91,13346400.82,13302775.65,1.298981507,1.294735547,-43625.16971,-0.004245960351,0.07280832095,13.92719168,1,73.11493939,0,0,-34504436.55,0,1,-29350987.66,1488,37.77238321
1495,0,-21133606.25,-21133606.25,13370830.31,13370830.31,1.301359186,1.301359186,0,0,0,0,0,0,1,0,-34504436.55,0,1,-29350987.66,1489,37.79842329
1496,0,-21133606.25,-21200987.31,13370830.31,13303449.25,1.301359186,1.294801107,-67381.05934,-0.006558078931,0,13,1,72.09077778,0,0,-34504436.55,0,1,-29350987.66,1490,37.81648779
1497,0,-21137989.09,-21137989.09,13366447.46,13366447.46,1.300932612,1.300932612,0,0,0,0,0,0,1,0,-34504436.55,0,1,-29350987.66,1491,37.83435607
1498,0,-21137989.09,-21179097.1,13366447.46,13325339.45,1.300932612,1.296931642,-41108.0112,-0.00400096978,0,26,1,133.3719798,0,0,-34504436.55,0,1,-29350987.66,1492,37.85241961
1499,0,-21133606.25,-25899633.76,13370830.31,8604802.798,1.301359186,0.8374901863,-4766027.507,-0.4638689995,0,745,1.179222222,2628.633455,0,0,-34504436.55,0,1,-29350987.66,1493,37.87231493
1500,0,-20392515.85,-20414430.09,14111920.7,14090006.46,1.373488199,1.371355325,-21914.23969,-0.00213287406,1.641975309,1.641975309,0,0,1,0,-34504436.55,0,1,-29350987.66,1494,37.92055917
1501,0,-20414430.09,-20464303.78,14090006.46,14040132.77,1.371355325,1.366501207,-49873.69239,-0.004854117975,0,26,1,135.3236212,0,0,-34504436.55,0,1,-29350987.66,1495,37.96595001
1502,0,-20418812.93,-20418812.93,14085623.62,14085623.62,1.370928751,1.370928751,0,0,0,0,0,0,1,0,-34504436.55,0,1,-29350987.66,1496,37.98391056
1503,0,-20418812.93,-20475190.86,14085623.62,14029245.7,1.370928751,1.365441587,-56377.92578,-0.005487163468,0,17,1,91.15670202,0,0,-34504436.55,0,1,-29350987.66,1497,38.00190377
1504,0,-20414430.09,-25613371.84,14090006.46,8891064.71,1.371355325,0.8653515502,-5198941.752,-0.5060037747,0,710,1.526277778,2481.992096,0,0,-34504436.55,0,1,-29350987.66,1498,38.01994014
1505,0,-19988416.99,-19992437.6,14516019.57,14511998.95,1.412818425,1.412427105,-4020.614195,-0.0003913192446,1.064814815,1.064814815,0.006909090909,0.01042424242,0,0,-34504436.55,0,1,-29350987.66,1499,38.05820704
1506,0,-19987497.34,-20009698.1,14516939.21,14494738.46,1.412907932,1.410747172,-22200.7583,-0.002160760408,0.2375690608,23.76243094,1,105.1983586,0,0,-34504436.55,0,1,-29350987.66,1500,38.09207988
1507,0,-19900282.63,-19852287.81,14604153.93,14652148.74,1.421396385,1.426067635,47994.8131,0.004671249988,0.4475138122,0.4475138122,0,0,1,0,-34504436.55,0,1,-29350987.66,1501,38.11201072
1508,0,-19852287.81,-19896549.51,14652148.74,14607887.04,1.426067635,1.421759723,-44261.69762,-0.004307912483,0,24,1,119.246899,0,0,-34504436.55,0,1,-29350987.66,1502,38.13347888
1509,0,-19847904.97,-19847904.97,14656531.58,14656531.58,1.426494209,1.426494209,0,0,0,0,0,0,1,0,-34504436.55,0,1,-29350987.66,1503,38.15133715
1510,0,-19847904.97,-19913851.69,14656531.58,14590584.86,1.426494209,1.420075732,-65946.71966,-0.006418477196,0,16,1,86.05889394,0,0,-34504436.55,0,1,-29350987.66,1504,38.16939473
1511,0,-19852287.81,-25658979.04,14652148.74,8845457.518,1.426067635,0.8609126831,-5806691.224,-0.5651549523,0,692,1.043888889,2319.997207,0,0,-34504436.55,0,1,-29350987.66,1505,38.18745923
1512,0,-20715501.73,-20708316.24,13788934.82,13796120.32,1.342052556,1.342751908,7185.499699,0.0006993519344,0.7400963298,0.7400963298,0.001393939394,0.001393939394,0,0,-34504436.55,0,1,-29350987.66,1506,38.23969412
1513,0,-20708835.39,-20778748.24,13795601.17,13725688.32,1.34270138,1.335896886,-69912.85105,-0.006804493726,0.0317679558,19.96823204,1,98.22105051,0,0,-34504436.55,0,1,-29350987.66,1507,38.28855038
1514,0,-20718943.63,-20720275.36,13785492.93,13784161.19,1.341717563,1.341587948,-1331.734957,-0.0001296154001,0.08149171271,0.08149171271,0.003575757576,0.003575757576,0,0,-34504436.55,0,1,-29350987.66,1508,38.30852604
1515,0,-20718943.63,-20766789.11,13785492.93,13737647.44,1.341717563,1.337060847,-47845.48221,-0.004656715877,0.08149171271,19.91850829,1,98.11418182,0,0,-34504436.55,0,1,-29350987.66,1509,38.32833195
1516,0,-20707866.24,-26814836.24,13796570.31,7689600.319,1.342795705,0.7484151531,-6106969.992,-0.5943805519,0.0317679558,686.031768,1,2510.052758,0,0,-34504436.55,0,1,-29350987.66,1510,38.34836769
1517,0,-20912051.03,-20925497.99,13592385.53,13578938.57,1.322922763,1.321613994,-13446.96165,-0.001308768915,0.9599447514,0.9599447514,0.0396969697,0.0396969697,0,0,-34504436.55,0,1,-29350987.66,1511,38.40171409
1518,0,-20812877.88,-20801014.09,13691558.67,13703422.47,1.332575109,1.333729791,11863.79722,0.00115468233,0.0953038674,0.0953038674,0,0,1,0,-34504436.55,0,1,-29350987.66,1512,38.43864202
1519,0,-20801014.09,-20857392.01,13703422.47,13647044.54,1.333729791,1.328242627,-56377.92578,-0.005487163468,0,17,1,90.05263636,0,0,-34504436.55,0,1,-29350987.66,1513,38.45665026
1520,0,-20796631.25,-20796631.25,13707805.31,13707805.31,1.334156365,1.334156365,0,0,0,0,0,0,1,0,-34504436.55,0,1,-29350987.66,1514,38.47637677
1521,0,-20796631.25,-20845422.69,13707805.31,13659013.86,1.334156365,1.32940758,-48791.44907,-0.004748785153,0,27,1,138.238803,0,0,-34504436.55,0,1,-29350987.66,1515,38.4944849
1522,0,-20801014.09,-26387386.31,13703422.47,8117050.249,1.333729791,0.7900180962,-5586372.22,-0.5437116946,0,671,1.202944444,2236.886581,0,0,-34504436.55,0,1,-29350987.66,1516,38.51257586
1523,0,-20811503.69,-20731270.71,13692932.86,13773165.84,1.332708856,1.34051779,80232.97883,0.007808933449,3.40017255,3.40017255,0.05460606061,0.06909090909,0,0,-34504436.55,0,1,-29350987.66,1517,38.57237244
1524,0,-20751021.23,-20751348.53,13753415.32,13753088.02,1.338595506,1.338563651,-327.29654,-3.185519142e-05,0.5787292818,0.5787292818,0.01448484848,0.02521212121,0,0,-34504436.55,0,1,-29350987.66,1518,38.61725354
1525,0,-20751021.23,-20712940.57,13753415.32,13791495.99,1.338595506,1.34230183,38080.66613,0.003706323657,0.5787292818,22.42127072,1,74.13440404,0,0,-34504436.55,0,1,-29350987.66,1519,38.63350034
1526,0,-20733813.24,-20752372.54,13770623.31,13752064.01,1.34027033,1.338463986,-18559.30067,-0.001806343799,1.026243094,1.026243094,0.02072727273,0.0243030303,0,0,-34504436.55,0,1,-29350987.66,1520,38.65363407
1527,0,-20742956.54,-20750383.52,13761480.02,13754053.04,1.339380429,1.338657574,-7426.976233,-0.0007228544168,0.5538674033,17.4461326,1,58.20169697,0,0,-34504436.55,0,1,-29350987.66,1521,38.67546415
1528,0,-20768084.92,-20765684.77,13736351.64,13738751.78,1.336934729,1.33716833,2400.145172,0.0002336018703,0.5745856354,0.5745856354,0.01448484848,0.02521212121,0,0,-34504436.55,0,1,-29350987.66,1522,38.69595027
1529,0,-20768084.92,-20753381.5,13736351.64,13751055.05,1.336934729,1.338365786,14703.41568,0.001431057356,0.5745856354,21.42541436,1,68.20109596,0,0,-34504436.55,0,1,-29350987.66,1523,38.71604466
1530,0,-20774979.74,-20774251.17,13729456.81,13730185.39,1.336263667,1.336334578,728.5751069,7.091092223e-05,0.08149171271,0.08149171271,0.003575757576,0.003575757576,0,0,-34504436.55,0,1,-29350987.66,1524,38.73639345
1531,0,-20774979.74,-20847399.92,13729456.81,13657036.63,1.336263667,1.32921514,-72420.18037,-0.007048527639,0.08149171271,16.91850829,1,78.10464646,0,0,-34504436.55,0,1,-29350987.66,1525,38.75443554
1532,0,-20791049.49,-20787574.49,13713387.07,13716862.07,1.334699628,1.335037843,3474.998653,0.0003382154522,0.3301104972,0.3301104972,0.01448484848,0.01448484848,0,0,-34504436.55,0,1,-29350987.66,1526,38.77442288
1533,0,-20791049.49,-20840074.58,13713387.07,13664361.98,1.334699628,1.329928102,-49025.09166,-0.004771525172,0.3301104972,28.6698895,1,114.3765404,0,0,-34504436.55,0,1,-29350987.66,1527,38.79244566
1534,0,-20788120.62,-20783191.65,13716315.93,13721244.91,1.334984689,1.335464417,4928.972985,0.0004797281937,0.4682320442,0.4682320442,0.01448484848,0.01448484848,0,0,-34504436.55,0,1,-29350987.66,1528,38.81235099
1535,0,-20786666.65,-20844698.84,13717769.91,13659737.71,1.335126202,1.329478031,-58032.19636,-0.005648170689,0.3301104972,24.6698895,1,103.3240859,0,0,-34504436.55,0,1,-29350987.66,1529,38.83223128
1536,0,-20795527.73,-20798101.26,13708908.83,13706335.29,1.334263768,1.334013291,-2573.534567,-0.0002504775524,0.2444751381,0.2444751381,0.01072727273,0.01072727273,0,0,-34504436.55,0,1,-29350987.66,1530,38.85204077
1537,0,-20795527.73,-20845048.37,13708908.83,13659388.19,1.334263768,1.329444012,-49520.64118,-0.004819756127,0.2444751381,11.75552486,1,51.04781818,0,0,-34504436.55,0,1,-29350987.66,1531,38.87188387
1538,0,-20786666.65,-25346211.15,13717769.91,9158225.405,1.335126202,0.8913538266,-4559544.502,-0.4437723751,0.3301104972,677.6698895,1,2382.608732,0,0,-34504436.55,0,1,-29350987.66,1532,38.89172792
1539,0,-20656985.75,-20412227.66,13847450.8,14092208.89,1.347747813,1.371569684,244758.0933,0.02382187087,6.482868503,6.482868503,0.04363636364,0.04363636364,0,0,-34504436.55,0,1,-29350987.66,1533,38.95596981
1540,0,-20394920.68,-20394824.53,14109515.88,14109612.03,1.373254142,1.3732635,96.14991549,9.358100647e-06,0.005524861878,0.005524861878,0,0,1,0,-34504436.55,0,1,-29350987.66,1534,38.99367142
1541,0,-20394824.53,-20440604.3,14109612.03,14063832.25,1.3732635,1.368807835,-45779.77648,-0.004455664405,0,22,1,93.30192929,0,0,-34504436.55,0,1,-29350987.66,1535,39.01167393
1542,0,-20386124.09,-20390441.69,14118312.47,14113994.87,1.374110298,1.373690074,-4317.600229,-0.0004202243683,0.2817679558,0.2817679558,0.01236363636,0.01236363636,0,0,-34504436.55,0,1,-29350987.66,1536,39.02967763
1543,0,-20386124.09,-20441358,14118312.47,14063078.55,1.374110298,1.368734479,-55233.91433,-0.005375818864,0.2817679558,11.71823204,1,49.00975758,0,0,-34504436.55,0,1,-29350987.66,1537,39.04959011
1544,0,-20379501.28,-20379501.28,14124935.28,14124935.28,1.374754884,1.374754884,0,0,0,0,0,0,1,0,-34504436.55,0,1,-29350987.66,1538,39.06940103
1545,0,-20379501.28,-20435879.2,14124935.28,14068557.35,1.374754884,1.369267721,-56377.92578,-0.005487163468,0,17,1,77.1160303,0,0,-34504436.55,0,1,-29350987.66,1539,39.08734894
1546,0,-20375118.44,-20375118.44,14129318.12,14129318.12,1.375181458,1.375181458,0,0,0,0,0,0,1,0,-34504436.55,0,1,-29350987.66,1540,39.10518909
1547,0,-20375118.44,-20443258.05,14129318.12,14061178.51,1.375181458,1.368549551,-68139.60907,-0.00663190723,0,11,1,50.00993939,0,0,-34504436.55,0,1,-29350987.66,1541,39.1231575
1548,0,-20379501.28,-25289127.62,14124935.28,9215308.937,1.374754884,0.8969096654,-4909626.338,-0.4778452189,0,691,1.106888889,2256.059737,0,0,-34504436.55,0,1,-29350987.66,1542,39.14114976
1549,0,-19235586.79,-19302312.6,15268849.77,15202123.95,1.486090052,1.479595747,-66725.81617,-0.006494305276,3.195962024,3.195962024,0.09606060606,0.1167272727,0,0,-34504436.55,0,1,-29350987.66,1543,39.1802609
1550,0,-19304945,-19300677.73,15199491.55,15203758.83,1.47933954,1.479754866,4267.274796,0.0004153262832,0.1927877947,0.1927877947,0.008424242424,0.008424242424,0,0,-34504436.55,0,1,-29350987.66,1544,39.20996547
1551,0,-19304945,-19378577.12,15199491.55,15125859.44,1.47933954,1.472173057,-73632.11227,-0.00716648282,0.1927877947,16.80721221,1,79.13686869,0,0,-34504436.55,0,1,-29350987.66,1545,39.22615767
1552,0,-19322812.3,-19322812.3,15181624.26,15181624.26,1.477600548,1.477600548,0,0,0,0,0,0,1,0,-34504436.55,0,1,-29350987.66,1546,39.24710488
1553,0,-19322812.3,-19372268.76,15181624.26,15132167.79,1.477600548,1.472787038,-49456.46556,-0.004813510027,0,20,1,82.20372222,0,0,-34504436.55,0,1,-29350987.66,1547,39.26524019
1554,0,-19309405.2,-19303042.01,15195031.35,15201394.54,1.478905437,1.479524754,6363.187831,0.0006193177796,0.6590909091,0.6590909091,0.01581818182,0.01581818182,0,0,-34504436.55,0,1,-29350987.66,1548,39.28507113
1555,0,-19310828.08,-19376584.02,15193608.47,15127852.53,1.47876695,1.472367041,-65755.93987,-0.006399908938,0.3630041725,20.63699583,1,85.20522222,0,0,-34504436.55,0,1,-29350987.66,1549,39.30620241
1556,0,-19324952.3,-19324952.3,15179484.26,15179484.26,1.477392265,1.477392265,0,0,0,0,0,0,1,0,-34504436.55,0,1,-29350987.66,1550,39.32690787
1557,0,-19324952.3,-19385319.34,15179484.26,15119117.21,1.477392265,1.471516848,-60367.04527,-0.00587541739,0,10,1,43.03120202,0,0,-34504436.55,0,1,-29350987.66,1551,39.34505701
1558,0,-19324952.3,-23967742.78,15179484.26,10536693.77,1.477392265,1.025517706,-4642790.485,-0.4518745589,0,709,1.060777778,2315.199066,0,0,-34504436.55,0,1,-29350987.66,1552,39.36325765
1559,0,-19415823.31,-19368085.01,15088613.25,15136351.54,1.468547951,1.473194235,47738.29496,0.004646283532,2.602374541,2.602374541,0.03836363636,0.03836363636,0,0,-34504436.55,0,1,-29350987.66,1553,39.405442
1560,0,-19352243.4,-19349966.01,15152193.16,15154470.55,1.474736071,1.474957725,2277.388852,0.0002216542156,0.1256906077,0.1256906077,0,0,1,0,-34504436.55,0,1,-29350987.66,1554,39.44509101
1561,0,-19349966.01,-19399422.47,15154470.55,15105014.08,1.474957725,1.470144215,-49456.46556,-0.004813510027,0,20,1,82.10493434,0,0,-34504436.55,0,1,-29350987.66,1555,39.46320605
1562,0,-19350172.66,-19350172.66,15154263.89,15154263.89,1.474937612,1.474937612,0,0,0,0,0,0,1,0,-34504436.55,0,1,-29350987.66,1556,39.48118353
1563,0,-19350172.66,-19392516.68,15154263.89,15111919.87,1.474937612,1.470816343,-42344.02122,-0.004121268442,0,25,1,112.2116263,0,0,-34504436.55,0,1,-29350987.66,1557,39.49920487
1564,0,-19349966.01,-26587078.19,15154470.55,7917358.362,1.474957725,0.7705824393,-7237112.184,-0.704375286,0,732,1.363055556,2580.694874,0,0,-34504436.55,0,1,-29350987.66,1558,39.51728368
1565,0,-19411460.82,-19655863.58,15092975.74,14848572.98,1.468972544,1.445185258,-244402.76,-0.02378728692,5.76529325,5.76529325,0.0383030303,0.05915151515,0,0,-34504436.55,0,1,-29350987.66,1559,39.55963874
1566,0,-19645381.89,-19646923.1,14859054.66,14857513.46,1.446205422,1.446055419,-1541.206509,-0.0001500028945,0.8121546961,0.8121546961,0.02084848485,0.02703030303,0,0,-34504436.55,0,1,-29350987.66,1560,39.60314012
1567,0,-19641580.83,-19607441.36,14862855.72,14896995.19,1.446575372,1.449898106,34139.46856,0.003322733891,0.6160220994,28.3839779,1,104.471298,0,0,-34504436.55,0,1,-29350987.66,1561,39.62364388
1568,0,-19563934.03,-19557632.09,14940502.53,14946804.46,1.454132597,1.454745954,6301.937276,0.0006133563717,0.546961326,0.546961326,0.01842424242,0.01842424242,0,0,-34504436.55,0,1,-29350987.66,1562,39.64386129
1569,0,-19559092.18,-19594134.44,14945344.37,14910302.11,1.454603846,1.451193245,-35042.25826,-0.003410600811,0.4198895028,27.5801105,1,109.2947222,0,0,-34504436.55,0,1,-29350987.66,1563,39.6642127
1570,0,-19563111.25,-19569066.16,14941325.31,14935370.39,1.454212677,1.453633096,-5954.917742,-0.0005795815762,0.835863032,0.835863032,0.02084848485,0.02084848485,0,0,-34504436.55,0,1,-29350987.66,1564,39.68456674
1571,0,-19563458.66,-19596544.76,14940977.89,14907891.79,1.454178864,1.450958652,-33086.10478,-0.003220211864,0.4751381215,27.52486188,1,108.4568889,0,0,-34504436.55,0,1,-29350987.66,1565,39.70486808
1572,0,-19559092.18,-25592166.29,14945344.37,8912270.265,1.454603846,0.8674154493,-6033074.107,-0.5871883966,0.4198895028,743.8342541,1.084388889,2589.098025,0,0,-34504436.55,0,1,-29350987.66,1566,39.72483706
1573,0,-19465069.94,-19368066.69,15039366.62,15136369.87,1.463754864,1.473196018,97003.25071,0.00944115425,2.141203829,2.141203829,0.002060606061,0.002060606061,0,0,-34504436.55,0,1,-29350987.66,1567,39.76717353
1574,0,-19367329.15,-19408719.27,15137107.41,15095717.29,1.473267802,1.469239375,-41390.12026,-0.004028426955,0.04696132597,15.95303867,1,76.11896465,0,0,-34504436.55,0,1,-29350987.66,1568,39.80285716
1575,0,-19352315.88,-19352315.88,15152120.68,15152120.68,1.474729017,1.474729017,0,0,0,0,0,0,1,0,-34504436.55,0,1,-29350987.66,1569,39.82288957
1576,0,-19352315.88,-19396577.57,15152120.68,15107858.98,1.474729017,1.470421104,-44261.69762,-0.004307912483,0,24,1,112.2974192,0,0,-34504436.55,0,1,-29350987.66,1570,39.84093332
1577,0,-19352361.42,-19352361.42,15152075.14,15152075.14,1.474724584,1.474724584,0,0,0,0,0,0,1,0,-34504436.55,0,1,-29350987.66,1571,39.85882282
1578,0,-19352361.42,-19408186.96,15152075.14,15096249.6,1.474724584,1.469291183,-55825.54095,-0.005433400833,0,18,1,86.15620202,0,0,-34504436.55,0,1,-29350987.66,1572,39.87692523
1579,0,-19352315.88,-24338315.23,15152120.68,10166121.32,1.474729017,0.9894505476,-4985999.355,-0.4852784691,0,711,1,2380.642848,0,0,-34504436.55,0,1,-29350987.66,1573,39.89500952
1580,0,-18642445.4,-18618466.68,15861991.15,15885969.88,1.543819451,1.546153257,23978.72099,0.002333806361,1.87804878,1.87804878,0.008181818182,0.01618181818,0,0,-34504436.55,0,1,-29350987.66,1574,39.92642188
1581,0,-18618795.91,-18676872.11,15885640.64,15827564.45,1.546121213,1.54046876,-58076.19489,-0.005652452987,0.3687845304,14.63121547,1,59.10318687,0,0,-34504436.55,0,1,-29350987.66,1575,39.95577192
1582,0,-18622091.87,-18620891.75,15882344.69,15883544.8,1.545800424,1.545917229,1200.113673,0.000116804934,0.1132596685,0.1132596685,0.00496969697,0.00496969697,0,0,-34504436.55,0,1,-29350987.66,1576,39.97555685
1583,0,-18622091.87,-18688577.83,15882344.69,15815858.72,1.545800424,1.539329463,-66485.96566,-0.006470961052,0.1132596685,16.88674033,1,81.15814141,0,0,-34504436.55,0,1,-29350987.66,1577,39.99363017
1584,0,-18629775.26,-18631442.33,15874661.3,15872994.22,1.545052613,1.544890359,-1667.078634,-0.0001622538051,0.1864640884,0.1864640884,0.008181818182,0.008181818182,0,0,-34504436.55,0,1,-29350987.66,1578,40.0133729
1585,0,-18629775.26,-18680720.08,15874661.3,15823716.47,1.545052613,1.540094243,-50944.82679,-0.004958369585,0.1864640884,11.81353591,1,51.06164646,0,0,-34504436.55,0,1,-29350987.66,1579,40.0313971
1586,0,-18623580.83,-18622547.4,15880855.73,15881889.16,1.545655506,1.545756088,1033.431218,0.0001005820265,0.1132596685,0.1132596685,0.00496969697,0.00496969697,0,0,-34504436.55,0,1,-29350987.66,1580,40.0512495
1587,0,-18623580.83,-18680714.99,15880855.73,15823721.56,1.545655506,1.540094739,-57134.16661,-0.005560767046,0.1132596685,20.88674033,1,90.22813131,0,0,-34504436.55,0,1,-29350987.66,1581,40.0692358
1588,0,-18629924.91,-18631626.3,15874511.64,15872810.26,1.545038047,1.544872455,-1701.380664,-0.0001655923608,0.1864640884,0.1864640884,0.008181818182,0.008181818182,0,0,-34504436.55,0,1,-29350987.66,1582,40.08903813
1589,0,-18629924.91,-18681117.23,15874511.64,15823319.32,1.545038047,1.54005559,-51192.31732,-0.004982457399,0.1864640884,13.81353591,1,63.10411616,0,0,-34504436.55,0,1,-29350987.66,1583,40.10710669
1590,0,-18624480.91,-24972796.72,15879955.64,9531639.835,1.545567902,0.9276975903,-6348315.807,-0.6178703118,0.1132596685,704.1132597,1.002333333,2442.034414,0,0,-34504436.55,0,1,-29350987.66,1584,40.12706709
1591,0,-18319106.4,-18335938.13,16185330.15,16168498.42,1.575289461,1.573651259,-16831.72644,-0.001638202065,1.888604913,1.888604913,0,0,1,0,-34504436.55,0,1,-29350987.66,1585,40.16872168
1592,0,-18335938.13,-18388199.61,16168498.42,16116236.94,1.573651259,1.568564742,-52261.48354,-0.00508651745,0,19,1,83.2005101,0,0,-34504436.55,0,1,-29350987.66,1586,40.20094252
1593,0,-18335731.47,-18335731.47,16168705.08,16168705.08,1.573671373,1.573671373,0,0,0,0,0,0,1,0,-34504436.55,0,1,-29350987.66,1587,40.21882105
1594,0,-18335731.47,-18394007,16168705.08,16110429.56,1.573671373,1.567999519,-58275.52436,-0.005671853371,0,14,1,68.12618687,0,0,-34504436.55,0,1,-29350987.66,1588,40.2369163
1595,0,-18335938.13,-24017912.41,16168498.42,10486524.14,1.573651259,1.020634785,-5681974.284,-0.5530164739,0,712,1.253,2372.411364,0,0,-34504436.55,0,1,-29350987.66,1589,40.25495195
1596,0,-18142158.55,-18146161.88,16362278,16358274.67,1.592511482,1.592121845,-4003.330853,-0.0003896370876,0.2029850746,0.2029850746,0,0,1,0,-34504436.55,0,1,-29350987.66,1590,40.28753304
1597,0,-18146161.88,-18204495.68,16358274.67,16299940.87,1.592121845,1.58644432,-58333.799,-0.005677525138,0,12,1,58.10720707,0,0,-34504436.55,0,1,-29350987.66,1591,40.31685996
1598,0,-18145955.23,-18145955.23,16358481.33,16358481.33,1.592141958,1.592141958,0,0,0,0,0,0,1,0,-34504436.55,0,1,-29350987.66,1592,40.33667541
1599,0,-18145955.23,-18204230.75,16358481.33,16300205.8,1.592141958,1.586470105,-58275.52436,-0.005671853371,0,14,1,73.15343434,0,0,-34504436.55,0,1,-29350987.66,1593,40.35472584
1600,0,-18146161.88,-23906208.66,16358274.67,10598227.89,1.592121845,1.031506713,-5760046.784,-0.5606151317,0,696,1.111777778,2260.097414,0,0,-34504436.55,0,1,-29350987.66,1594,40.37281728
1601,0,-17519202.53,-17519202.53,16985234.03,16985234.03,1.653142686,1.653142686,0,0,0,0,0,0,1,0,-34504436.55,0,1,-29350987.66,1595,40.40164328
1602,0,-17519202.53,-17577064.74,16985234.03,16927371.81,1.653142686,1.647511059,-57862.21515,-0.005631626718,0,14,1,66.00266667,0,0,-34504436.55,0,1,-29350987.66,1596,40.42377663
1603,0,-17514451.92,-17514451.92,16989984.63,16989984.63,1.653605054,1.653605054,0,0,0,0,0,0,1,0,-34504436.55,0,1,-29350987.66,1597,40.44169211
1604,0,-17514451.92,-17572674.07,16989984.63,16931762.49,1.653605054,1.647938396,-58222.14675,-0.005666658222,0,20,1,79.08888889,0,0,-34504436.55,0,1,-29350987.66,1598,40.4598372
1605,0,-17519202.53,-24853599.63,16985234.03,9650836.929,1.653142686,0.9392988319,-7334397.098,-0.7138438539,0,702,1.222,2446.375273,0,0,-34504436.55,0,1,-29350987.66,1599,40.47984791
1606,0,-17628378.13,-17672214.08,16876058.42,16832222.47,1.642516818,1.638250343,-43835.95061,-0.004266475282,2.314155897,2.314155897,0.01824242424,0.01824242424,0,0,-34504436.55,0,1,-29350987.66,1600,40.51512957
1607,0,-17619763.73,-17610460.55,16884672.82,16893976,1.643355242,1.644260704,9303.181527,0.0009054621487,0.4157458564,10.58425414,1,50,0,0,-34504436.55,0,1,-29350987.66,1601,40.54559135
1608,0,-17545686.67,-17545686.67,16958749.88,16958749.88,1.650565031,1.650565031,0,0,0,0,0,0,1,0,-34504436.55,0,1,-29350987.66,1602,40.5654428
1609,0,-17545686.67,-17597209.68,16958749.88,16907226.87,1.650565031,1.645550388,-51523.01162,-0.005014643289,0,25,1,116,0,0,-34504436.55,0,1,-29350987.66,1603,40.58352184
1610,0,-17546054.44,-17546054.44,16958382.12,16958382.12,1.650529237,1.650529237,0,0,0,0,0,0,1,0,-34504436.55,0,1,-29350987.66,1604,40.60340095
1611,0,-17546054.44,-17592998.73,16958382.12,16911437.83,1.650529237,1.645960233,-46944.28988,-0.004569004427,0,30,1,126,0,0,-34504436.55,0,1,-29350987.66,1605,40.62152815
1612,0,-17541678.93,-17541678.93,16962757.62,16962757.62,1.650955097,1.650955097,0,0,0,0,0,0,1,0,-34504436.55,0,1,-29350987.66,1606,40.6414032
1613,0,-17541678.93,-17610811.66,16962757.62,16893624.89,1.650955097,1.644226532,-69132.72647,-0.006728565584,0,10,1,41,0,0,-34504436.55,0,1,-29350987.66,1607,40.65950251
1614,0,-17542046.7,-17542046.7,16962389.85,16962389.85,1.650919303,1.650919303,0,0,0,0,0,0,1,0,-34504436.55,0,1,-29350987.66,1608,40.6774106
1615,0,-17542046.7,-17610443.89,16962389.85,16893992.66,1.650919303,1.644262326,-68397.19277,-0.006656977395,0,10,1,41,0,0,-34504436.55,0,1,-29350987.66,1609,40.6954596
1616,0,-17541678.93,-23681532.54,16962757.62,10822904.01,1.650955097,1.053374041,-6139853.609,-0.597581056,0,709,1,2378.178111,0,0,-34504436.55,0,1,-29350987.66,1610,40.71361232
1617,0,-17655118.35,-17654512.13,16849318.2,16849924.42,1.63991424,1.639973242,606.2201724,5.900233359e-05,2.082779234,2.082779234,0.01927272727,0.03793939394,0,0,-34504436.55,0,1,-29350987.66,1611,40.75456762
1618,0,-17651486.92,-17697507.83,16852949.63,16806928.72,1.64026768,1.635788547,-46020.90934,-0.004479133438,0.864640884,29.13535912,1,103.3175556,0,0,-34504436.55,0,1,-29350987.66,1612,40.79820275
1619,0,-17651412.55,-17636779.39,16853024,16867657.17,1.640274919,1.641699139,14633.16243,0.001424219731,0.908839779,0.908839779,0.01927272727,0.02060606061,0,0,-34504436.55,0,1,-29350987.66,1613,40.81840968
1620,0,-17602994.67,-17625397.25,16901441.88,16879039.3,1.644987345,1.642806942,-22402.57906,-0.002180403265,0.4696132597,27.53038674,1,95.3640101,0,0,-34504436.55,0,1,-29350987.66,1614,40.83848476
1621,0,-17569559.61,-17576493.66,16934876.94,16927942.89,1.64824152,1.647566641,-6934.05049,-0.0006748788291,0.4254143646,0.4254143646,0.01866666667,0.01866666667,0,0,-34504436.55,0,1,-29350987.66,1615,40.85834646
1622,0,-17569559.61,-17625880.34,16934876.94,16878556.22,1.64824152,1.642759924,-56320.72695,-0.005481596407,0.4254143646,13.57458564,1,60.0535202,0,0,-34504436.55,0,1,-29350987.66,1616,40.87847996
1623,0,-17560529.61,-17560033.03,16943906.95,16944403.53,1.649120395,1.649168726,496.5791367,4.833116615e-05,0.03038674033,0.03038674033,0.001333333333,0.001333333333,0,0,-34504436.55,0,1,-29350987.66,1617,40.89849472
1624,0,-17560529.61,-17629416.09,16943906.95,16875020.47,1.649120395,1.642415796,-68886.47931,-0.006704598785,0.03038674033,23.96961326,1,94.32957576,0,0,-34504436.55,0,1,-29350987.66,1618,40.91653275
1625,0,-17569584,-17576536.11,16934852.55,16927900.45,1.648239147,1.64756251,-6952.107914,-0.0006766363261,0.4254143646,0.4254143646,0.01866666667,0.01866666667,0,0,-34504436.55,0,1,-29350987.66,1619,40.93630195
1626,0,-17569584,-17613476.17,16934852.55,16890960.39,1.648239147,1.6439672,-43892.16426,-0.004271946457,0.4254143646,22.57458564,1,87.21763636,0,0,-34504436.55,0,1,-29350987.66,1620,40.95616674
1627,0,-17560529.61,-23981575.83,16943906.95,10522860.72,1.649120395,1.02417136,-6421046.224,-0.6249490342,0.03038674033,704.0303867,1,2379.148707,0,0,-34504436.55,0,1,-29350987.66,1621,40.97602987
1628,0,-18044635.4,-18128528.32,16459801.16,16375908.23,1.602003237,1.593838088,-83892.92513,-0.008165149527,2.231111874,2.231111874,0.0203030303,0.03296969697,0,0,-34504436.55,0,1,-29350987.66,1622,41.02169657
1629,0,-18058767.41,-17923790.32,16445669.14,16580646.24,1.600627793,1.613764874,134977.0934,0.01313708097,0.9959174862,25.00408251,1,80.20218182,0,0,-34504436.55,0,1,-29350987.66,1623,41.059659
1630,0,-17942984.19,-17946036.54,16561452.36,16558400.01,1.611896769,1.611599689,-3052.348223,-0.0002970796358,0.351010101,0.351010101,0.008424242424,0.008424242424,0,0,-34504436.55,0,1,-29350987.66,1624,41.0807941
1631,0,-17942416.86,-17994166.89,16562019.69,16510269.66,1.611951986,1.606915247,-51750.02543,-0.005036738139,0.1919889503,11.80801105,1,55.05234343,0,0,-34504436.55,0,1,-29350987.66,1625,41.10150218
1632,0,-17926277,-17927021.87,16578159.56,16577414.69,1.61352285,1.613450353,-744.868705,-7.249674922e-05,0.0455801105,0.0455801105,0.002,0.002,0,0,-34504436.55,0,1,-29350987.66,1626,41.12150335
1633,0,-17926277,-17970616.01,16578159.56,16533820.55,1.61352285,1.609207413,-44339.00751,-0.004315436917,0.0455801105,20.95441989,1,91.14935354,0,0,-34504436.55,0,1,-29350987.66,1627,41.14144468
1634,0,-17914836.22,-17910841.01,16589600.34,16593595.54,1.614636361,1.615025207,3995.204872,0.0003888462004,0.2444751381,0.2444751381,0.01072727273,0.01072727273,0,0,-34504436.55,0,1,-29350987.66,1628,41.16130066
1635,0,-17914836.22,-17979901.85,16589600.34,16524534.71,1.614636361,1.608303639,-65065.62909,-0.006332722214,0.2444751381,23.75552486,1,101.2832424,0,0,-34504436.55,0,1,-29350987.66,1629,41.17939329
1636,0,-17926277,-24863692.67,16578159.56,9640743.887,1.61352285,0.9383164942,-6937415.668,-0.6752063559,0.0455801105,673.0455801,1,2223.832419,0,0,-34504436.55,0,1,-29350987.66,1630,41.19947386
1637,0,-18914771.47,-19113074.97,15589665.08,15391361.58,1.517314437,1.498013909,-198303.5005,-0.0193005278,1.57347449,1.57347449,0.05690909091,0.06072727273,0,0,-34504436.55,0,1,-29350987.66,1631,41.24938321
1638,0,-19095337.68,-19125105.99,15409098.87,15379330.56,1.499740249,1.496842952,-29768.31215,-0.002897296995,1.116022099,1.116022099,0.01303030303,0.01684848485,0,0,-34504436.55,0,1,-29350987.66,1632,41.28229094
1639,0,-19097960.43,-19102444.04,15406476.12,15401992.52,1.499484981,1.4990486,-4483.601735,-0.0004363810003,0.3844581563,16.61554184,1,78.04309091,0,0,-34504436.55,0,1,-29350987.66,1633,41.30338979
1640,0,-19032163.13,-19022402.38,15472273.43,15482034.17,1.505888916,1.506838911,9760.744378,0.000949995929,0.5759668508,0.5759668508,0.01303030303,0.01303030303,0,0,-34504436.55,0,1,-29350987.66,1634,41.32414699
1641,0,-18996941.91,-18996115.37,15507494.64,15508321.18,1.509316934,1.509397379,826.5397105,8.044564325e-05,0.296961326,25.70303867,1,114.1910758,0,0,-34504436.55,0,1,-29350987.66,1635,41.34430766
1642,0,-18930236.42,-18930236.42,15574200.14,15574200.14,1.515809261,1.515809261,0,0,0,0,0,0,1,0,-34504436.55,0,1,-29350987.66,1636,41.36438489
1643,0,-18930236.42,-18977916.24,15574200.14,15526520.31,1.515809261,1.511168669,-47679.82358,-0.004640592617,0,30,1,134.2306515,0,0,-34504436.55,0,1,-29350987.66,1637,41.38250756
1644,0,-18926228.68,-18926228.68,15578207.87,15578207.87,1.516199327,1.516199327,0,0,0,0,0,0,1,0,-34504436.55,0,1,-29350987.66,1638,41.40045857
1645,0,-18926228.68,-18993286.05,15578207.87,15511150.51,1.516199327,1.509672753,-67057.36575,-0.006526574408,0,15,1,80.00838889,0,0,-34504436.55,0,1,-29350987.66,1639,41.41858411
1646,0,-18926228.68,-23729665.73,15578207.87,10774770.83,1.516199327,1.048689324,-4803437.048,-0.4675100037,0,690,1.379222222,2265.705101,0,0,-34504436.55,0,1,-29350987.66,1640,41.43668365
1647,0,-17807030.63,-17557186.1,16697405.93,16947250.46,1.625128888,1.649445813,249844.5288,0.02431692462,2.775418994,2.775418994,0,0,1,0,-34504436.55,0,1,-29350987.66,1641,41.46834922
1648,0,-17557186.1,-17608195.41,16947250.46,16896241.14,1.649445813,1.644481167,-51009.31332,-0.004964645945,0,29,1,134,0,0,-34504436.55,0,1,-29350987.66,1642,41.49264574
1649,0,-17558284.91,-17558284.91,16946151.65,16946151.65,1.649338867,1.649338867,0,0,0,0,0,0,1,0,-34504436.55,0,1,-29350987.66,1643,41.5125494
1650,0,-17558284.91,-17625988.19,16946151.65,16878448.37,1.649338867,1.642749427,-67703.28382,-0.006589440468,0,13,1,71,0,0,-34504436.55,0,1,-29350987.66,1644,41.53072572
1651,0,-17558446.02,-17558446.02,16945990.54,16945990.54,1.649323187,1.649323187,0,0,0,0,0,0,1,0,-34504436.55,0,1,-29350987.66,1645,41.5486896
1652,0,-17558446.02,-17625958.81,16945990.54,16878477.75,1.649323187,1.642752287,-67512.7894,-0.006570899985,0,12,1,64,0,0,-34504436.55,0,1,-29350987.66,1646,41.56683016
1653,0,-17558284.91,-24777633.49,16946151.65,9726803.061,1.649338867,0.9466924808,-7219348.588,-0.7026463866,0,699,1.348388889,2392.60148,0,0,-34504436.55,0,1,-29350987.66,1647,41.58492422
1654,0,-18654317.04,-18977870.89,15850119.52,15526565.67,1.542664005,1.511173083,-323553.8491,-0.03149092195,4.674737078,4.674737078,0.06151515152,0.06151515152,0,0,-34504436.55,0,1,-29350987.66,1648,41.62373805
1655,0,-18801318.7,-18851711.24,15703117.85,15652725.32,1.528356594,1.523451978,-50392.53746,-0.004904616245,0.4024896266,0.4024896266,0.01763636364,0.01763636364,0,0,-34504436.55,0,1,-29350987.66,1649,41.65884519
1656,0,-18801318.7,-18778626.67,15703117.85,15725809.88,1.528356594,1.530565169,22692.02926,0.002208574938,0.4024896266,24.59751037,1,114.2677677,0,0,-34504436.55,0,1,-29350987.66,1650,41.67505765
1657,0,-18727131.57,-18727131.57,15777304.98,15777304.98,1.535577095,1.535577095,0,0,0,0,0,0,1,0,-34504436.55,0,1,-29350987.66,1651,41.6953094
1658,0,-18727131.57,-18785031.5,15777304.98,15719405.06,1.535577095,1.529941799,-57899.92227,-0.005635296685,0,20,1,93.1905,0,0,-34504436.55,0,1,-29350987.66,1652,41.71346879
1659,0,-18726509.16,-18726509.16,15777927.39,15777927.39,1.535637674,1.535637674,0,0,0,0,0,0,1,0,-34504436.55,0,1,-29350987.66,1653,41.73139691
1660,0,-18726509.16,-18778833.33,15777927.39,15725603.23,1.535637674,1.530545056,-52324.1655,-0.005092618174,0,30,1,140.317601,0,0,-34504436.55,0,1,-29350987.66,1654,41.74950933
1661,0,-18729062.47,-18729062.47,15775374.08,15775374.08,1.535389165,1.535389165,0,0,0,0,0,0,1,0,-34504436.55,0,1,-29350987.66,1655,41.767488
1662,0,-18729062.47,-18797202.08,15775374.08,15707234.47,1.535389165,1.528757257,-68139.60907,-0.00663190723,0,11,1,54.01684848,0,0,-34504436.55,0,1,-29350987.66,1656,41.78563952
1663,0,-18728901.36,-18728901.36,15775535.19,15775535.19,1.535404845,1.535404845,0,0,0,0,0,0,1,0,-34504436.55,0,1,-29350987.66,1657,41.80356431
1664,0,-18728901.36,-18796604.64,15775535.19,15707831.91,1.535404845,1.528815405,-67703.28382,-0.006589440468,0,13,1,68.05842929,0,0,-34504436.55,0,1,-29350987.66,1658,41.82170343
1665,0,-18729062.47,-23956747.06,15775374.08,10547689.49,1.535389165,1.0265879,-5227684.591,-0.5088012642,0,710,1.152777778,2210.127808,0,0,-34504436.55,0,1,-29350987.66,1659,41.8397913
1666,0,-18733338.43,-18798585.48,15771098.12,15705851.07,1.534972993,1.528622613,-65247.04824,-0.006350379418,1.023088023,1.023088023,0.01606060606,0.02690909091,0,0,-34504436.55,0,1,-29350987.66,1660,41.8695116
1667,0,-18791147.89,-18815055.69,15713288.67,15689380.86,1.529346501,1.527019597,-23907.80772,-0.002326904499,0.6132596685,23.38674033,1,112,0,0,-34504436.55,0,1,-29350987.66,1661,41.90134168
1668,0,-18759687.05,-18759687.05,15744749.51,15744749.51,1.532408529,1.532408529,0,0,0,0,0,0,1,0,-34504436.55,0,1,-29350987.66,1662,41.92128181
1669,0,-18759687.05,-18824691.58,15744749.51,15679744.98,1.532408529,1.526081753,-65004.53136,-0.00632677568,0,18,1,96,0,0,-34504436.55,0,1,-29350987.66,1663,41.93940401
1670,0,-18759386.86,-18759386.86,15745049.7,15745049.7,1.532437746,1.532437746,0,0,0,0,0,0,1,0,-34504436.55,0,1,-29350987.66,1664,41.95739579
1671,0,-18759386.86,-18826428.06,15745049.7,15678008.49,1.532437746,1.525912744,-67041.20555,-0.006525001565,0,14,1,81,0,0,-34504436.55,0,1,-29350987.66,1665,41.97547197
1672,0,-18759225.75,-18759225.75,15745210.81,15745210.81,1.532453427,1.532453427,0,0,0,0,0,0,1,0,-34504436.55,0,1,-29350987.66,1666,41.99340582
1673,0,-18759225.75,-18811671.36,15745210.81,15692765.2,1.532453427,1.527348988,-52445.61181,-0.005104438328,0,25,1,135,0,0,-34504436.55,0,1,-29350987.66,1667,42.01150894
1674,0,-18759848.16,-18759848.16,15744588.4,15744588.4,1.532392848,1.532392848,0,0,0,0,0,0,1,0,-34504436.55,0,1,-29350987.66,1668,42.02948499
1675,0,-18759848.16,-18825794.88,15744588.4,15678641.68,1.532392848,1.525974371,-65946.71966,-0.006418477196,0,16,1,93,0,0,-34504436.55,0,1,-29350987.66,1669,42.04758024
1676,0,-18759687.05,-25799108.83,15744749.51,8705327.727,1.532408529,0.8472740992,-7039421.782,-0.6851344299,0,735,1.574444444,2512.009354,0,0,-34504436.55,0,1,-29350987.66,1670,42.06571698
1677,0,-20444540.48,-20513966.42,14059896.08,13990470.13,1.368424735,1.36166763,-69425.94825,-0.006757104341,1.941936694,1.941936694,0.03303030303,0.06060606061,0,0,-34504436.55,0,1,-29350987.66,1671,42.10653591
1678,0,-20455553.34,-20532771.01,14048883.22,13971665.54,1.367352872,1.359837413,-77217.67585,-0.007515459361,1.041436464,1.041436464,0.0203030303,0.03684848485,0,0,-34504436.55,0,1,-29350987.66,1672,42.15430808
1679,0,-20476731.34,-20313325.32,14027705.21,14191111.23,1.365291655,1.381195673,163406.021,0.01590401804,0.8535911602,28.14640884,1,100.4680303,0,0,-34504436.55,0,1,-29350987.66,1673,42.17520857
1680,0,-20318633.2,-20311615.38,14185803.35,14192821.17,1.380679066,1.381362098,7017.820228,0.000683031989,0.4337016575,0.4337016575,0.01236363636,0.01236363636,0,0,-34504436.55,0,1,-29350987.66,1674,42.1963222
1681,0,-20317505.38,-20389470.46,14186931.18,14114966.09,1.380788835,1.373784601,-71965.08247,-0.007004233768,0.2817679558,24.71823204,1,132.2846515,0,0,-34504436.55,0,1,-29350987.66,1675,42.21830153
1682,0,-20326929.04,-20314234.8,14177507.51,14190201.75,1.379871647,1.381107155,12694.23769,0.001235507628,0.5718232044,0.5718232044,0.02090909091,0.02090909091,0,0,-34504436.55,0,1,-29350987.66,1676,42.23937511
1683,0,-20314378.44,-20366013.2,14190058.11,14138423.35,1.381093174,1.376067655,-51634.76232,-0.005025519786,0.476519337,29.52348066,1,147.4484596,0,0,-34504436.55,0,1,-29350987.66,1677,42.26163983
1684,0,-20292427.67,-20280246.58,14212008.89,14224189.98,1.383229605,1.384415168,12181.08584,0.001185563469,0.6602209945,0.6602209945,0.007272727273,0.007272727273,0,0,-34504436.55,0,1,-29350987.66,1678,42.28301334
1685,0,-20278441.53,-20326506.79,14225995.02,14177929.76,1.38459085,1.379912744,-48065.26349,-0.004678106799,0.1657458564,25.83425414,1,136.2879091,0,0,-34504436.55,0,1,-29350987.66,1679,42.30380869
1686,0,-20277014.63,-20271975.54,14227421.92,14232461.02,1.384729728,1.385220174,5039.09518,0.0004904461916,0.4627071823,0.4627071823,0.0203030303,0.0203030303,0,0,-34504436.55,0,1,-29350987.66,1680,42.32356334
1687,0,-20277014.63,-20331834.72,14227421.92,14172601.83,1.384729728,1.379394186,-54820.08875,-0.005335541954,0.4627071823,27.53729282,1,140.3318838,0,0,-34504436.55,0,1,-29350987.66,1681,42.34152913
1688,0,-20279672.58,-25735297.39,14224763.98,8769139.166,1.384471035,0.8534847534,-5455624.811,-0.5309862814,0.1657458564,714.1657459,1.011166667,2377.846258,0,0,-34504436.55,0,1,-29350987.66,1682,42.36164927
1689,0,-19562443.35,-19572435.22,14941993.21,14932001.33,1.454277683,1.453305191,-9991.876872,-0.0009724916445,0.7258772968,0.7258772968,0.02878787879,0.02878787879,0,0,-34504436.55,0,1,-29350987.66,1683,42.39510894
1690,0,-19583110.26,-19588706.22,14921326.3,14915730.33,1.452266209,1.451721564,-5595.964159,-0.0005446452611,0.3439226519,0.3439226519,0,0,1,0,-34504436.55,0,1,-29350987.66,1684,42.42463923
1691,0,-19588706.22,-19642526.92,14915730.33,14861909.64,1.451721564,1.446483291,-53820.69744,-0.005238272972,0,23,1,125,0,0,-34504436.55,0,1,-29350987.66,1685,42.44460297
1692,0,-19585303.27,-19585303.27,14919133.28,14919133.28,1.452052767,1.452052767,0,0,0,0,0,0,1,0,-34504436.55,0,1,-29350987.66,1686,42.46252322
1693,0,-19585303.27,-19639039.74,14919133.28,14865396.81,1.452052767,1.446822692,-53736.46855,-0.005230075124,0,28,1,148.0084444,0,0,-34504436.55,0,1,-29350987.66,1687,42.48057747
1694,0,-19588706.22,-24534590.06,14915730.33,9969846.496,1.451721564,0.9703474671,-4945883.839,-0.4813740971,0,613,1,1999.228449,0,0,-34504436.55,0,1,-29350987.66,1688,42.49866533
1695,0,-20591056.66,-20609270.01,13913379.89,13895166.55,1.354164574,1.352391902,-18213.34369,-0.001772672421,0.9812369701,0.9812369701,0.04278787879,0.04278787879,0,0,-34504436.55,0,1,-29350987.66,1689,42.53173804
1696,0,-20592443.51,-20592014.51,13911993.04,13912422.05,1.354029595,1.354071349,429.0040491,4.17542028e-05,0.02486187845,0.02486187845,0,0,1,0,-34504436.55,0,1,-29350987.66,1690,42.55814314
1697,0,-20592014.51,-20660476.34,13912422.05,13843960.21,1.354071349,1.34740808,-68461.83355,-0.006663268767,0,11,1,57,0,0,-34504436.55,0,1,-29350987.66,1691,42.57625127
1698,0,-20592175.62,-20592175.62,13912260.93,13912260.93,1.354055668,1.354055668,0,0,0,0,0,0,1,0,-34504436.55,0,1,-29350987.66,1692,42.59420371
1699,0,-20592175.62,-20656857.93,13912260.93,13847578.63,1.354055668,1.347760254,-64682.30687,-0.006295414143,0,18,1,93.0750303,0,0,-34504436.55,0,1,-29350987.66,1693,42.61227703
1700,0,-20592014.51,-26131107.83,13912422.05,8373328.726,1.354071349,0.8149612257,-5539093.319,-0.5391101231,0,713,1.585277778,2358.414758,0,0,-34504436.55,0,1,-29350987.66,1694,42.63235831
1701,0,-20608681.1,-20611295.85,13895755.46,13893140.71,1.352449219,1.35219473,-2614.751579,-0.0002544891311,0.946364802,0.946364802,0.02066666667,0.02066666667,0,0,-34504436.55,0,1,-29350987.66,1695,42.67048669
1702,0,-20619622.22,-20692393.98,13884814.34,13812042.58,1.351384339,1.344301593,-72771.75712,-0.00708274598,0.4709944751,17.52900552,1,98.1284697,0,0,-34504436.55,0,1,-29350987.66,1696,42.70720768
1703,0,-20628974.12,-20628974.12,13875462.43,13875462.43,1.350474135,1.350474135,0,0,0,0,0,0,1,0,-34504436.55,0,1,-29350987.66,1697,42.72705579
1704,0,-20628974.12,-20680174.91,13875462.43,13824261.64,1.350474135,1.345490853,-51200.78714,-0.004983281752,0,25,1,142.2938737,0,0,-34504436.55,0,1,-29350987.66,1698,42.74516153
1705,0,-20621992.22,-20621992.22,13882444.33,13882444.33,1.351153671,1.351153671,0,0,0,0,0,0,1,0,-34504436.55,0,1,-29350987.66,1699,42.76313877
1706,0,-20621992.22,-20687938.94,13882444.33,13816497.61,1.351153671,1.344735194,-65946.71966,-0.006418477196,0,16,1,93.13360606,0,0,-34504436.55,0,1,-29350987.66,1700,42.78129268
1707,0,-20621992.22,-26218744.59,13882444.33,8285691.962,1.351153671,0.8064316949,-5596752.372,-0.5447219764,0,735,1.031611111,2488.633429,0,0,-34504436.55,0,1,-29350987.66,1701,42.79955816
1708,0,-20711666.75,-20710077.71,13792769.8,13794358.84,1.342425808,1.342580467,1589.038145,0.0001546582627,1.753937713,1.753937713,0.02278787879,0.04412121212,0,0,-34504436.55,0,1,-29350987.66,1702,42.85200644
1709,0,-20664686.15,-20739212.93,13839750.41,13765223.63,1.346998347,1.339744788,-74526.77803,-0.007253559051,0.9668508287,0.9668508287,0.02133333333,0.02133333333,0,0,-34504436.55,0,1,-29350987.66,1703,42.89191628
1710,0,-20678690.37,-20600887.57,13825746.19,13903548.98,1.345635341,1.353207749,77802.79287,0.007572407762,0.4861878453,18.51381215,1,80.18842929,0,0,-34504436.55,0,1,-29350987.66,1704,42.91229701
1711,0,-20614729.03,-20614729.03,13889707.53,13889707.53,1.351860585,1.351860585,0,0,0,0,0,0,1,0,-34504436.55,0,1,-29350987.66,1705,42.93215585
1712,0,-20614729.03,-20672413.48,13889707.53,13832023.08,1.351860585,1.34624626,-57684.45301,-0.005614325445,0,25,1,141.2683889,0,0,-34504436.55,0,1,-29350987.66,1706,42.95028925
1713,0,-20614729.03,-25190374.07,13889707.53,9314062.489,1.351860585,0.9065211734,-4575645.04,-0.4453394118,0,715,1,2405.87899,0,0,-34504436.55,0,1,-29350987.66,1707,42.97027326
1714,0,-20554627.5,-20487996.65,13949809.05,14016439.91,1.35771016,1.364195223,66630.85489,0.006485062863,1.766200974,1.766200974,0.03381818182,0.06618686869,0,0,-34504436.55,0,1,-29350987.66,1708,43.00796223
1715,0,-20467961.52,-20461273.07,14036475.03,14043163.48,1.366145206,1.366796181,6688.447638,0.0006509747393,0.2693370166,0.2693370166,0.001757575758,0.001757575758,0,0,-34504436.55,0,1,-29350987.66,1709,43.03833365
1716,0,-20461834.29,-20458072.62,14042602.26,14046363.93,1.366741558,1.367107675,3761.670328,0.0003661166976,0.04005524862,24.95994475,1,118.2679495,0,0,-34504436.55,0,1,-29350987.66,1710,43.05851364
1717,0,-20475284.21,-20475284.21,14029152.35,14029152.35,1.365432502,1.365432502,0,0,0,0,0,0,1,0,-34504436.55,0,1,-29350987.66,1711,43.07826567
1718,0,-20475284.21,-20532133.23,14029152.35,13972303.33,1.365432502,1.359899488,-56849.01993,-0.005533014226,0,30,1,151.3024596,0,0,-34504436.55,0,1,-29350987.66,1712,43.096416
1719,0,-20475284.21,-25154212.96,14029152.35,9350223.596,1.365432502,0.9100406698,-4678928.75,-0.455391832,0,701,1.214277778,2293.392111,0,0,-34504436.55,0,1,-29350987.66,1713,43.11442685
1720,0,-20440121.14,-20440121.14,14064315.42,14064315.42,1.368854861,1.368854861,0,0,0,0,0,0,1,0,-34504436.55,0,1,-29350987.66,1714,43.14312935
1721,0,-20440121.14,-20505264.74,14064315.42,13999171.81,1.368854861,1.362514549,-65143.60697,-0.006340311663,0,17,1,95.0869697,0,0,-34504436.55,0,1,-29350987.66,1715,43.16824198
1722,0,-20440121.14,-25319755.65,14064315.42,9184680.905,1.368854861,0.8939286934,-4879634.512,-0.4749261677,0,695,1.058611111,2161.995702,0,0,-34504436.55,0,1,-29350987.66,1716,43.18634486
1723,0,-19743599.31,-19741463.82,14760837.24,14762972.73,1.436646095,1.436853938,2135.486518,0.0002078431132,1.075594819,1.075594819,0.01127272727,0.01945454545,0,0,-34504436.55,0,1,-29350987.66,1717,43.21746373
1724,0,-19748324.56,-19753656.11,14756112,14750780.44,1.436186195,1.435667284,-5331.557239,-0.0005189110048,0.4441287806,23.55587122,1,88.16515152,0,0,-34504436.55,0,1,-29350987.66,1718,43.24992657
1725,0,-19778330.88,-19779143.15,14726105.68,14725293.4,1.433265733,1.433186676,-812.2720589,-7.905699804e-05,0.07458563536,0.07458563536,0,0,1,0,-34504436.55,0,1,-29350987.66,1719,43.27008462
1726,0,-19779143.15,-19840735.43,14725293.4,14663701.12,1.433186676,1.427192008,-61592.28183,-0.005994667489,0,21,1,100.1038737,0,0,-34504436.55,0,1,-29350987.66,1720,43.28824377
1727,0,-19779143.15,-25143192.06,14725293.4,9361244.498,1.433186676,0.9111133146,-5364048.906,-0.522073361,0,655,1,2136.426369,0,0,-34504436.55,0,1,-29350987.66,1721,43.30631757
1728,0,-19736209.79,-19752930.9,14768226.76,14751505.66,1.437365303,1.435737868,-16721.10814,-0.001627435782,1.261183261,1.261183261,0.0183030303,0.03563636364,0,0,-34504436.55,0,1,-29350987.66,1722,43.33748102
1729,0,-19751819.78,-19806503.99,14752616.78,14697932.56,1.435846011,1.430523693,-54684.21656,-0.005322317755,0.8121546961,22.1878453,1,104.1861869,0,0,-34504436.55,0,1,-29350987.66,1723,43.36591697
1730,0,-19746527.73,-19746527.73,14757908.82,14757908.82,1.436361077,1.436361077,0,0,0,0,0,0,1,0,-34504436.55,0,1,-29350987.66,1724,43.38632965
1731,0,-19746527.73,-19814451.87,14757908.82,14689984.69,1.436361077,1.429750141,-67924.13981,-0.00661093599,0,19,1,95.12428788,0,0,-34504436.55,0,1,-29350987.66,1725,43.40437555
1732,0,-19750910.57,-19750910.57,14753525.98,14753525.98,1.435934503,1.435934503,0,0,0,0,0,0,1,0,-34504436.55,0,1,-29350987.66,1726,43.42232394
1733,0,-19750910.57,-19809186.09,14753525.98,14695250.46,1.435934503,1.430262649,-58275.52436,-0.005671853371,0,14,1,76.11478788,0,0,-34504436.55,0,1,-29350987.66,1727,43.44038749
1734,0,-19746527.73,-25881373.33,14757908.82,8623063.224,1.436361077,0.8392674412,-6134845.601,-0.5970936355,0,713,1.442944444,2367.513278,0,0,-34504436.55,0,1,-29350987.66,1728,43.4584682
1735,0,-19638831.95,-19678394.28,14865604.61,14826042.27,1.446842916,1.442992384,-39562.33285,-0.003850531649,2.247071138,2.247071138,0.03763636364,0.04696969697,0,0,-34504436.55,0,1,-29350987.66,1729,43.50037718
1736,0,-19663661.99,-19667503.82,14840774.56,14836932.74,1.444426252,1.444052334,-3841.82467,-0.0003739179774,0.3552665765,0.3552665765,0.009333333333,0.009333333333,0,0,-34504436.55,0,1,-29350987.66,1730,43.5353961
1737,0,-19662112.66,-19694868.17,14842323.89,14809568.38,1.444577046,1.44138901,-32755.51265,-0.003188035918,0.2130013831,19.78699862,1,94.13535354,0,0,-34504436.55,0,1,-29350987.66,1731,43.55539489
1738,0,-19649624.7,-19656204.52,14854811.85,14848232.04,1.445792476,1.445152075,-6579.815065,-0.0006404017237,0.4696132597,0.4696132597,0.009393939394,0.009393939394,0,0,-34504436.55,0,1,-29350987.66,1732,43.57578468
1739,0,-19659665.15,-19729916.35,14844771.41,14774520.2,1.444815258,1.437977832,-70251.20653,-0.006837425264,0.2140883978,12.7859116,1,64.02375758,0,0,-34504436.55,0,1,-29350987.66,1733,43.5958252
1740,0,-19672369.02,-19672369.02,14832067.54,14832067.54,1.443578812,1.443578812,0,0,0,0,0,0,1,0,-34504436.55,0,1,-29350987.66,1734,43.61568904
1741,0,-19672369.02,-19729550.06,14832067.54,14774886.5,1.443578812,1.438013483,-57181.03847,-0.005565329001,0,16,1,87.08675758,0,0,-34504436.55,0,1,-29350987.66,1735,43.63375401
1742,0,-19672369.02,-23902541.08,14832067.54,10601895.47,1.443578812,1.031863672,-4230172.064,-0.4117151402,0,700,1.234,2205.38097,0,0,-34504436.55,0,1,-29350987.66,1736,43.65184927
1743,0,-18366361.25,-18335108.07,16138075.31,16169328.48,1.570690231,1.573732047,31253.17732,0.003041816287,2.663543173,2.663543173,0.01939393939,0.01939393939,0,0,-34504436.55,0,1,-29350987.66,1737,43.68874836
1744,0,-18346095.24,-18420011.36,16158341.32,16084425.2,1.572662686,1.565468561,-73916.11972,-0.007194124762,0.4419889503,10.55801105,1,48.05793434,0,0,-34504436.55,0,1,-29350987.66,1738,43.72084093
1745,0,-18359966.54,-18359966.54,16144470.02,16144470.02,1.571312617,1.571312617,0,0,0,0,0,0,1,0,-34504436.55,0,1,-29350987.66,1739,43.74072146
1746,0,-18359966.54,-18417147.57,16144470.02,16087288.98,1.571312617,1.565747288,-57181.03847,-0.005565329001,0,16,1,84.17361111,0,0,-34504436.55,0,1,-29350987.66,1740,43.75885391
1747,0,-18359966.54,-25119986.33,16144470.02,9384450.229,1.571312617,0.9133718872,-6760019.789,-0.6579407298,0,737,1.166166667,2444.251015,0,0,-34504436.55,0,1,-29350987.66,1741,43.7769351
1748,0,-18743549.26,-18750843.25,15760887.29,15753593.3,1.533979191,1.53326928,-7293.992375,-0.000709911334,1.547058824,1.547058824,0.06375757576,0.0642020202,0,0,-34504436.55,0,1,-29350987.66,1742,43.81559706
1749,0,-18730405.86,-18733822.14,15774030.69,15770614.41,1.535258415,1.534925915,-3416.275701,-0.0003325000515,0.453038674,0.453038674,0.01987878788,0.01987878788,0,0,-34504436.55,0,1,-29350987.66,1743,43.84712338
1750,0,-18730405.86,-18783057.01,15774030.69,15721379.55,1.535258415,1.530133972,-52651.14427,-0.005124442437,0.453038674,20.54696133,1,94.14198485,0,0,-34504436.55,0,1,-29350987.66,1744,43.86335325
1751,0,-18724145.14,-18714913.62,15780291.41,15789522.94,1.535867759,1.536766248,9231.527914,0.0008984882297,0.796961326,0.796961326,0.02121212121,0.02121212121,0,0,-34504436.55,0,1,-29350987.66,1745,43.88368535
1752,0,-18704331.57,-18674470.53,15800104.98,15829966.03,1.537796179,1.540702502,29861.04417,0.002906322438,0.4834254144,12.51657459,1,43.09673737,0,0,-34504436.55,0,1,-29350987.66,1746,43.90464973
1753,0,-18693023.9,-18693023.9,15811412.66,15811412.66,1.538896735,1.538896735,0,0,0,0,0,0,1,0,-34504436.55,0,1,-29350987.66,1747,43.92439151
1754,0,-18693023.9,-18734553.54,15811412.66,15769883.01,1.538896735,1.534854728,-41529.64536,-0.004042006685,0,29,1,132.3641263,0,0,-34504436.55,0,1,-29350987.66,1748,43.94249201
1755,0,-18693023.9,-24203779.34,15811412.66,10300657.21,1.538896735,1.002544687,-5510755.441,-0.5363520477,0,695,1.024277778,2331.922035,0,0,-34504436.55,0,1,-29350987.66,1749,43.96056533
1756,0,-18393250.04,-18393275.92,16111186.52,16111160.63,1.568073193,1.568070673,-25.88768473,-2.519602414e-06,0.6637931034,0.6637931034,0,0,1,0,-34504436.55,0,1,-29350987.66,1750,43.98954105
1757,0,-18393275.92,-18447096.62,16111160.63,16057339.93,1.568070673,1.5628324,-53820.69744,-0.005238272972,0,23,1,112.0738232,0,0,-34504436.55,0,1,-29350987.66,1751,44.01663423
1758,0,-18393275.92,-23666100.31,16111160.63,10838336.25,1.568070673,1.054876033,-5272824.383,-0.5131946401,0,675,1,2314.543071,0,0,-34504436.55,0,1,-29350987.66,1752,44.03659868
1759,0,-17905746.03,-17900530.58,16598690.53,16603905.97,1.615521093,1.616028703,5215.445265,0.0005076100323,2.033147997,2.033147997,0.02478787879,0.03509090909,0,0,-34504436.55,0,1,-29350987.66,1753,44.06851673
1760,0,-17899349.64,-17922420.3,16605086.91,16582016.25,1.616143642,1.613898216,-23070.65771,-0.002245426174,0.6698895028,0.6698895028,0.0103030303,0.0103030303,0,0,-34504436.55,0,1,-29350987.66,1754,44.10210133
1761,0,-17908873.48,-17916118.57,16595563.07,16588317.98,1.615216703,1.614511552,-7245.087255,-0.0007051514854,0.2348066298,24.76519337,1,109.2563636,0,0,-34504436.55,0,1,-29350987.66,1755,44.12018204
1762,0,-17864726.8,-17864726.8,16639709.76,16639709.76,1.619513422,1.619513422,0,0,0,0,0,0,1,0,-34504436.55,0,1,-29350987.66,1756,44.14009237
1763,0,-17864726.8,-17918547.5,16639709.76,16585889.06,1.619513422,1.614275149,-53820.69744,-0.005238272972,0,23,1,106.239596,0,0,-34504436.55,0,1,-29350987.66,1757,44.15829945
1764,0,-17864726.8,-25072650.33,16639709.76,9431786.219,1.619513422,0.9179790152,-7207923.536,-0.7015344066,0,680,1.194722222,2333.251389,0,0,-34504436.55,0,1,-29350987.66,1758,44.17639303
1765,0,-17627890.54,-17644552.96,16876546.02,16859883.6,1.642564275,1.640942551,-16662.42197,-0.001621723961,1.056263822,1.056263822,0.005454545455,0.005454545455,0,0,-34504436.55,0,1,-29350987.66,1759,44.20631599
1766,0,-17643441.57,-17698229.22,16860994.98,16806207.34,1.64105072,1.635718336,-54787.645,-0.005332384262,0.1243093923,18.87569061,1,89.08024747,0,0,-34504436.55,0,1,-29350987.66,1760,44.23241735
1767,0,-17635612.48,-17635612.48,16868824.08,16868824.08,1.641812712,1.641812712,0,0,0,0,0,0,1,0,-34504436.55,0,1,-29350987.66,1761,44.25236845
1768,0,-17635612.48,-17704422.98,16868824.08,16800013.57,1.641812712,1.635115508,-68810.50198,-0.006697204047,0,10,1,45,0,0,-34504436.55,0,1,-29350987.66,1762,44.27056718
1769,0,-17635612.48,-23780548.45,16868824.08,10723888.11,1.641812712,1.043736999,-6144935.968,-0.598075713,0,711,1,2290.857485,0,0,-34504436.55,0,1,-29350987.66,1763,44.28865361
1770,0,-17850336.13,-17822033.21,16654100.43,16682403.34,1.62091404,1.623668713,28302.91519,0.00275467251,1.130042525,1.130042525,0.006424242424,0.006424242424,0,0,-34504436.55,0,1,-29350987.66,1764,44.32597542
1771,0,-17819444.96,-17853151.29,16684991.6,16651285.27,1.623920623,1.620640046,-33706.32833,-0.003280577122,0.1464088398,29.85359116,1,117.3230505,0,0,-34504436.55,0,1,-29350987.66,1765,44.36016369
1772,0,-17804354.94,-17804354.94,16700081.62,16700081.62,1.625389308,1.625389308,0,0,0,0,0,0,1,0,-34504436.55,0,1,-29350987.66,1766,44.38008285
1773,0,-17804354.94,-17857382.32,16700081.62,16647054.24,1.625389308,1.620228247,-53027.37881,-0.005161060678,0,24,1,110.2803182,0,0,-34504436.55,0,1,-29350987.66,1767,44.39819288
1774,0,-17804354.94,-23995369.43,16700081.62,10509067.13,1.625389308,1.022828854,-6191014.487,-0.6025604535,0,677,1.000777778,2227.916111,0,0,-34504436.55,0,1,-29350987.66,1768,44.41631794
1775,0,-17631606.36,-17628082.97,16872830.2,16876353.58,1.642202621,1.642545545,3523.383461,0.0003429246597,1.160774411,1.160774411,0.01303030303,0.01303030303,0,0,-34504436.55,0,1,-29350987.66,1769,44.44463944
1776,0,-17630737.95,-17696397.38,16873698.6,16808039.17,1.642287141,1.635896625,-65659.43176,-0.006390515975,0.296961326,11.70303867,1,51,0,0,-34504436.55,0,1,-29350987.66,1770,44.4814086
1777,0,-17632640.61,-17632640.61,16871795.94,16871795.94,1.642101958,1.642101958,0,0,0,0,0,0,1,0,-34504436.55,0,1,-29350987.66,1771,44.50128198
1778,0,-17632640.61,-17699375.76,16871795.94,16805060.8,1.642101958,1.635606745,-66735.14126,-0.006495212871,0,15,1,76,0,0,-34504436.55,0,1,-29350987.66,1772,44.51941562
1779,0,-17637023.45,-17637023.45,16867413.1,16867413.1,1.641675384,1.641675384,0,0,0,0,0,0,1,0,-34504436.55,0,1,-29350987.66,1773,44.53913832
1780,0,-17637023.45,-17682078.47,16867413.1,16822358.08,1.641675384,1.637290259,-45055.01625,-0.004385124777,0,23,1,100,0,0,-34504436.55,0,1,-29350987.66,1774,44.55724001
1781,0,-17632640.61,-25087925.75,16871795.94,9416510.809,1.642101958,0.9164922865,-7455285.132,-0.7256096718,0,716,1,2433.330848,0,0,-34504436.55,0,1,-29350987.66,1775,44.57718682
1782,0,-18432167.68,-18487295.43,16072268.87,16017141.13,1.564285408,1.558919922,-55127.74785,-0.005365485869,1.820105155,1.820105155,0.02412121212,0.02696969697,0,0,-34504436.55,0,1,-29350987.66,1776,44.61849332
1783,0,-18478151.6,-18473130.47,16026284.95,16031306.09,1.559809874,1.560298572,5021.135954,0.0004886982519,0.5151933702,0.5151933702,0.009939393939,0.01278787879,0,0,-34504436.55,0,1,-29350987.66,1777,44.65787482
1784,0,-18475682.16,-18519487.68,16028754.39,15984948.88,1.56005022,1.555786708,-43805.51354,-0.004263512896,0.2914364641,26.70856354,1,113.1680758,0,0,-34504436.55,0,1,-29350987.66,1778,44.67794657
1785,0,-18479903.87,-18477664.07,16024532.69,16026772.48,1.55963933,1.559857325,2239.794066,0.0002179951817,0.563696762,0.563696762,0.01151515152,0.01872727273,0,0,-34504436.55,0,1,-29350987.66,1779,44.69808078
1786,0,-18471796.11,-18508313.14,16032640.44,15996123.41,1.560428443,1.556874305,-36517.02979,-0.003554137707,0.4267955801,13.57320442,1,57.03612121,0,0,-34504436.55,0,1,-29350987.66,1780,44.71880126
1787,0,-18449724.95,-18446382.97,16054711.6,16058053.59,1.56257659,1.562901859,3341.983213,0.0003252692955,0.226519337,0.226519337,0.009939393939,0.009939393939,0,0,-34504436.55,0,1,-29350987.66,1781,44.73866057
1788,0,-18449724.95,-18530529.85,16054711.6,15973906.71,1.56257659,1.554711993,-80804.89838,-0.007864597364,0.226519337,9.773480663,1,45.01151515,0,0,-34504436.55,0,1,-29350987.66,1782,44.75669694
1789,0,-18461647.63,-18465519.44,16042788.92,16038917.11,1.561416177,1.56103934,-3871.80982,-0.0003768363789,0.2624309392,0.2624309392,0.01151515152,0.01151515152,0,0,-34504436.55,0,1,-29350987.66,1783,44.7764411
1790,0,-18461647.63,-18507143.73,16042788.92,15997292.82,1.561416177,1.556988122,-45496.10239,-0.004428054908,0.2624309392,17.73756906,1,82.11465657,0,0,-34504436.55,0,1,-29350987.66,1784,44.79450035
1791,0,-18449724.95,-23570453.21,16054711.6,10933983.35,1.56257659,1.064185196,-5120728.258,-0.4983913942,0.226519337,715.2265193,1.247777778,2409.464384,0,0,-34504436.55,0,1,-29350987.66,1785,44.81437087
1792,0,-17646961.01,-17714215.85,16857475.55,16790220.71,1.64070818,1.634162386,-67254.83871,-0.006545794101,4.778671054,4.778671054,0.06509090909,0.09736363636,0,0,-34504436.55,0,1,-29350987.66,1786,44.8628602
1793,0,-17593520.18,-17581046.5,16910916.38,16923390.05,1.645909481,1.647123522,12473.67634,0.001214040783,0.9254143646,0.9254143646,0.02696969697,0.02696969697,0,0,-34504436.55,0,1,-29350987.66,1787,44.90713048
1794,0,-17575747.12,-17568482.29,16928689.43,16935954.27,1.647639301,1.648346375,7264.839514,0.0007070739378,0.5814917127,0.5814917127,0.02121212121,0.02121212121,0,0,-34504436.55,0,1,-29350987.66,1788,44.92730355
1795,0,-17572256.03,-17634276.17,16932180.52,16870160.39,1.647979082,1.641942773,-62020.13271,-0.006036309456,0.4834254144,18.51657459,1,80.23587374,0,0,-34504436.55,0,1,-29350987.66,1789,44.94736767
1796,0,-17573133.78,-17585429.34,16931302.77,16919007.21,1.647893652,1.646696948,-12295.55586,-0.001196704633,1.080729422,1.080729422,0.01436363636,0.02181818182,0,0,-34504436.55,0,1,-29350987.66,1790,44.96741819
1797,0,-17584867.79,-17648451.9,16919568.76,16855984.65,1.646751603,1.640563074,-63584.11054,-0.006188528643,0.4972375691,18.50276243,1,76.15921212,0,0,-34504436.55,0,1,-29350987.66,1791,44.98812938
1798,0,-17593159.74,-17589386,16911276.81,16915050.56,1.645944561,1.646311854,3773.747188,0.0003672921169,0.4834254144,0.4834254144,0.02121212121,0.02121212121,0,0,-34504436.55,0,1,-29350987.66,1792,45.00835562
1799,0,-17593159.74,-17655968.3,16911276.81,16848468.26,1.645944561,1.639831516,-62808.55431,-0.006113045131,0.4834254144,17.51657459,1,76.21989899,0,0,-34504436.55,0,1,-29350987.66,1793,45.02822256
1800,0,-17599256.89,-17606333.05,16905179.66,16898103.5,1.645351137,1.644662427,-7076.16007,-0.0006887101024,0.5994475138,0.5994475138,0.01436363636,0.01436363636,0,0,-34504436.55,0,1,-29350987.66,1794,45.04823112
1801,0,-17610308.57,-17658508.35,16894127.98,16845928.21,1.644275496,1.639584298,-48199.77438,-0.004691198506,0.3273480663,29.67265193,1,109.329899,0,0,-34504436.55,0,1,-29350987.66,1795,45.06793928
1802,0,-17614094.84,-17614094.84,16890341.71,16890341.71,1.643906985,1.643906985,0,0,0,0,0,0,1,0,-34504436.55,0,1,-29350987.66,1796,45.08801842
1803,0,-17614094.84,-17681136.05,16890341.71,16823300.51,1.643906985,1.637381984,-67041.20555,-0.006525001565,0,14,1,66.06560101,0,0,-34504436.55,0,1,-29350987.66,1797,45.10597086
1804,0,-17615392.81,-17618477.68,16889043.74,16885958.87,1.643780656,1.643480411,-3084.867669,-0.0003002446958,0.3113924051,0.3113924051,0.007454545455,0.007454545455,0,0,-34504436.55,0,1,-29350987.66,1798,45.12380052
1805,0,-17620858.03,-17612216.59,16883578.53,16892219.97,1.643248737,1.644089793,8641.438543,0.0008410558784,0.1698895028,18.8301105,1,64.16913131,0,0,-34504436.55,0,1,-29350987.66,1799,45.14377332
1806,0,-17627854.4,-17628105.98,16876582.16,16876330.58,1.642567792,1.642543307,-251.5811642,-2.448594826e-05,0.0179558011,0.0179558011,0.0007878787879,0.0007878787879,0,0,-34504436.55,0,1,-29350987.66,1800,45.16359067
1807,0,-17627854.4,-17665540.48,16876582.16,16838896.08,1.642567792,1.638899873,-37686.08413,-0.003667919691,0.0179558011,27.9820442,1,107.2798636,0,0,-34504436.55,0,1,-29350987.66,1801,45.18383741
1808,0,-17615392.81,-26147816.73,16889043.74,8356619.824,1.643780656,0.8133349779,-8532423.917,-0.8304456782,0.3113924051,704.3113924,1.179555556,2482.613207,0,0,-34504436.55,0,1,-29350987.66,1802,45.20381093
1809,0,-18666052.84,-18758534.58,15838383.72,15745901.98,1.54152178,1.532520697,-92481.73756,-0.0090010834,5.732823547,5.732823547,0.04048484848,0.09151515152,0,0,-34504436.55,0,1,-29350987.66,1803,45.26533246
1810,0,-18726674.19,-18726242.38,15777762.36,15778194.17,1.535621612,1.535663639,431.8090578,4.202720931e-05,1.625579635,1.625579635,0.01793939394,0.03424242424,0,0,-34504436.55,0,1,-29350987.66,1804,45.32859826
1811,0,-18683340.55,-18668070.1,15821096.01,15836366.46,1.539839199,1.541325444,15270.44913,0.001486245715,0.7582872928,0.7582872928,0.01793939394,0.01909090909,0,0,-34504436.55,0,1,-29350987.66,1805,45.35566139
1812,0,-18664539.01,-18667977.99,15839897.55,15836458.57,1.541669119,1.541334409,-3438.97973,-0.0003347097944,0.4350828729,12.56491713,1,36.22505556,0,0,-34504436.55,0,1,-29350987.66,1806,45.37600327
1813,0,-18658619.03,-18654247.75,15845817.52,15850188.8,1.5422453,1.542670749,4371.279581,0.0004254488844,0.7375690608,0.7375690608,0.01515151515,0.02436363636,0,0,-34504436.55,0,1,-29350987.66,1807,45.3964889
1814,0,-18656064.51,-18701788.78,15848372.04,15802647.78,1.542493926,1.538043665,-45724.26234,-0.004450261311,0.5552486188,29.44475138,1,115.341404,0,0,-34504436.55,0,1,-29350987.66,1808,45.41454005
1815,0,-18657353.94,-18656672.43,15847082.61,15847764.12,1.542368429,1.542434759,681.5079446,6.632995885e-05,0.7303252309,0.7303252309,0.01515151515,0.01939393939,0,0,-34504436.55,0,1,-29350987.66,1809,45.43496895
1816,0,-18659665.03,-18718429.07,15844771.52,15786007.49,1.542143494,1.536424095,-58764.03447,-0.005719399193,0.4419889503,9.55801105,1,50.11656061,0,0,-34504436.55,0,1,-29350987.66,1810,45.45555234
1817,0,-18657428.2,-18665303.75,15847008.35,15839132.81,1.542361201,1.541594688,-7875.547465,-0.0007665130589,0.5566298343,0.5566298343,0.01793939394,0.02218181818,0,0,-34504436.55,0,1,-29350987.66,1811,45.47526288
1818,0,-18660867.22,-18634016.09,15843569.34,15870420.47,1.542026488,1.544639861,26851.13155,0.002613372984,0.5055248619,24.49447514,1,89.38611616,0,0,-34504436.55,0,1,-29350987.66,1812,45.49575472
1819,0,-18650523.34,-18646294.65,15853913.21,15858141.91,1.543033238,1.54344481,4228.696292,0.0004115715059,0.7375690608,0.7375690608,0.01515151515,0.02436363636,0,0,-34504436.55,0,1,-29350987.66,1813,45.5160718
1820,0,-18647968.83,-18708306.46,15856467.73,15796130.09,1.543281865,1.53740931,-60337.63628,-0.005872555065,0.5552486188,18.44475138,1,85.1615404,0,0,-34504436.55,0,1,-29350987.66,1814,45.53602648
1821,0,-18650962.36,-18649998.34,15853474.2,15854438.21,1.54299051,1.543084336,964.0152552,9.382589405e-05,0.6289335808,0.6289335808,0.01515151515,0.0163030303,0,0,-34504436.55,0,1,-29350987.66,1815,45.5559938
1822,0,-18654396.07,-18702832.59,15850040.49,15801603.96,1.542656313,1.537942072,-48436.52582,-0.004714241103,0.3715469613,12.62845304,1,56.19196465,0,0,-34504436.55,0,1,-29350987.66,1816,45.57648969
1823,0,-18658368.72,-18660612.96,15846067.83,15843823.6,1.542269662,1.542051234,-2244.235131,-0.0002184274227,0.6187845304,0.6187845304,0.01793939394,0.02715151515,0,0,-34504436.55,0,1,-29350987.66,1817,45.59636164
1824,0,-18658769.68,-18731154.25,15845666.87,15773282.3,1.542230637,1.535185575,-72384.57125,-0.007045061867,0.6187845304,10.38121547,1,53.02575758,0,0,-34504436.55,0,1,-29350987.66,1818,45.61619973
1825,0,-18655632.97,-18645615.5,15848803.58,15858821.05,1.542535927,1.54351091,10017.47085,0.000974982661,0.6063535912,0.6063535912,0.01515151515,0.02436363636,0,0,-34504436.55,0,1,-29350987.66,1819,45.63609576
1826,0,-18647432.26,-18693513.52,15857004.29,15810923.03,1.543334088,1.538849081,-46081.25572,-0.004485006844,0.5552486188,28.44475138,1,115.3352121,0,0,-34504436.55,0,1,-29350987.66,1820,45.655967
1827,0,-18651058.48,-18651138.79,15853378.07,15853297.77,1.542981154,1.542973338,-80.3042516,-7.815870301e-06,0.7303252309,0.7303252309,0.01515151515,0.01939393939,0,0,-34504436.55,0,1,-29350987.66,1821,45.67625427
1828,0,-18654211.88,-18702719.4,15850224.67,15801717.15,1.54267424,1.537953089,-48507.51921,-0.004721150764,0.4419889503,14.55801105,1,64.22449495,0,0,-34504436.55,0,1,-29350987.66,1822,45.69676638
1829,0,-18658585.5,-18661753.4,15845851.06,15842683.15,1.542248564,1.541940237,-3167.906713,-0.0003083267386,0.5483425414,0.5483425414,0.01793939394,0.02406060606,0,0,-34504436.55,0,1,-29350987.66,1823,45.71668792
1830,0,-18658585.5,-18732455.81,15845851.06,15771980.74,1.542248564,1.535058897,-73870.3162,-0.007189666786,0.5483425414,9.451657459,1,52.02266667,0,0,-34504436.55,0,1,-29350987.66,1824,45.73653817
1831,0,-18666223.21,-18654248.4,15838213.35,15850188.15,1.541505199,1.542670685,11974.80683,0.001165486698,0.9005524862,0.9005524862,0.01515151515,0.02127272727,0,0,-34504436.55,0,1,-29350987.66,1825,45.75661445
1832,0,-18657671.1,-18719876.51,15846765.45,15784560.05,1.54233756,1.536283218,-62205.40471,-0.006054341651,0.4848066298,20.51519337,1,96.18293939,0,0,-34504436.55,0,1,-29350987.66,1826,45.77664447
1833,0,-18662507.55,-18658631.24,15841929.01,15845805.31,1.541866837,1.542244111,3876.303624,0.0003772737529,0.6878453039,0.6878453039,0.01515151515,0.01939393939,0,0,-34504436.55,0,1,-29350987.66,1827,45.79649353
1834,0,-18617219.63,-18531238.15,15887216.92,15973198.41,1.54627463,1.554643055,85981.48707,0.008368425554,0.4419889503,14.55801105,1,47.1769596,0,0,-34504436.55,0,1,-29350987.66,1828,45.81695104
1835,0,-18534425.25,-18529764.5,15970011.31,15974672.05,1.55433286,1.554786482,4660.74478,0.0004536220185,0.3218232044,0.3218232044,0.006121212121,0.006121212121,0,0,-34504436.55,0,1,-29350987.66,1829,45.83678365
1836,0,-18531458.71,-18597982.46,15972977.84,15906454.09,1.554621588,1.548146949,-66523.75196,-0.006474638726,0.1395027624,21.86049724,1,97.15769697,0,0,-34504436.55,0,1,-29350987.66,1830,45.85666394
1837,0,-18534113.04,-18533686.04,15970323.51,15970750.51,1.554363247,1.554404806,427.0012812,4.155927695e-05,0.02624309392,0.02624309392,0.001151515152,0.001151515152,0,0,-34504436.55,0,1,-29350987.66,1831,45.87639165
1838,0,-18534113.04,-18610584.6,15970323.51,15893851.95,1.554363247,1.546920405,-76471.5621,-0.007442841434,0.02624309392,9.973756906,1,48.08514141,0,0,-34504436.55,0,1,-29350987.66,1832,45.89657688
1839,0,-18534819.44,-18529303.2,15969617.12,15975133.35,1.554294494,1.55483138,5516.236737,0.0005368855325,0.3922651934,0.3922651934,0.009212121212,0.009212121212,0,0,-34504436.55,0,1,-29350987.66,1833,45.91630292
1840,0,-18531852.9,-18608431.74,15972583.65,15896004.81,1.554583222,1.547129939,-76578.83972,-0.007453282574,0.2099447514,11.79005525,1,56.00678788,0,0,-34504436.55,0,1,-29350987.66,1834,45.93615866
1841,0,-18534113.04,-23129064.17,15970323.51,11375372.39,1.554363247,1.107144808,-4594951.123,-0.4472184386,0.02624309392,703.0262431,1,2289.671939,0,0,-34504436.55,0,1,-29350987.66,1835,45.95608521
1842,0,-16971460.91,-16959924.11,17532975.64,17544512.45,1.706453405,1.707576262,11536.80671,0.001122856924,1.091405184,1.091405184,0.01212121212,0.01212121212,0,0,-34504436.55,0,1,-29350987.66,1836,45.99102163
1843,0,-16954918.86,-16989388.94,17549517.7,17515047.61,1.708063414,1.704708502,-34470.08623,-0.003354912322,0.2762430939,28.72375691,1,120.2230556,0,0,-34504436.55,0,1,-29350987.66,1837,46.02196479
1844,0,-16946649.24,-16946649.24,17557787.31,17557787.31,1.708868281,1.708868281,0,0,0,0,0,0,1,0,-34504436.55,0,1,-29350987.66,1838,46.04211593
1845,0,-16946649.24,-16992992.18,17557787.31,17511444.38,1.708868281,1.704357806,-46342.93477,-0.004510475602,0,21,1,95.10829293,0,0,-34504436.55,0,1,-29350987.66,1839,46.06019115
1846,0,-16941805.1,-16941805.1,17562631.45,17562631.45,1.709339753,1.709339753,0,0,0,0,0,0,1,0,-34504436.55,0,1,-29350987.66,1840,46.07811952
1847,0,-16941805.1,-17009944.71,17562631.45,17494491.85,1.709339753,1.702707846,-68139.60907,-0.00663190723,0,11,1,55,0,0,-34504436.55,0,1,-29350987.66,1841,46.09619164
1848,0,-16946187.94,-16946187.94,17558248.61,17558248.61,1.708913179,1.708913179,0,0,0,0,0,0,1,0,-34504436.55,0,1,-29350987.66,1842,46.11412644
1849,0,-16946187.94,-16988218.55,17558248.61,17516218,1.708913179,1.704822414,-42030.61139,-0.004090764819,0,26,1,116.2097121,0,0,-34504436.55,0,1,-29350987.66,1843,46.13221073
1850,0,-16942266.4,-16942266.4,17562170.15,17562170.15,1.709294855,1.709294855,0,0,0,0,0,0,1,0,-34504436.55,0,1,-29350987.66,1844,46.15013456
1851,0,-16942266.4,-16992140.09,17562170.15,17512296.46,1.709294855,1.704440737,-49873.69239,-0.004854117975,0,26,1,116.1964747,0,0,-34504436.55,0,1,-29350987.66,1845,46.16820741
1852,0,-16946187.94,-23942087.69,17558248.61,10562348.86,1.708913179,1.028014671,-6995899.752,-0.680898508,0,718,1.412222222,2440.851192,0,0,-34504436.55,0,1,-29350987.66,1846,46.18631339
1853,0,-17877160.84,-18350566.66,16627275.71,16153869.89,1.618303238,1.57222749,-473405.8208,-0.04607574844,6.614268938,6.614268938,0.1171515152,0.252520202,0,0,-34504436.55,0,1,-29350987.66,1847,46.21500587
1854,0,-17999612.85,-18184311.45,16504823.71,16320125.1,1.606385202,1.588408815,-184698.6036,-0.01797638733,2.291648071,2.291648071,0.07363636364,0.07963636364,0,0,-34504436.55,0,1,-29350987.66,1848,46.25793839
1855,0,-17999049.68,-17773564.53,16505386.88,16730872.03,1.606440015,1.628386084,225485.1476,0.02194606927,1.828430919,17.17156908,1,71.24035859,0,0,-34504436.55,0,1,-29350987.66,1849,46.27868223
1856,0,-17715599.95,-17719722.65,16788836.61,16784713.91,1.634027674,1.633626418,-4122.702861,-0.0004012553533,0.2099447514,0.2099447514,0.006,0.006,0,0,-34504436.55,0,1,-29350987.66,1850,46.29953527
1857,0,-17722820.51,-17801178.73,16781616.04,16703257.83,1.633324909,1.625698443,-78358.21166,-0.007626465687,0.1367403315,10.86325967,1,53.05706061,0,0,-34504436.55,0,1,-29350987.66,1851,46.31965613
1858,0,-17738934.27,-17737994.91,16765502.28,16766441.64,1.631756585,1.631848012,939.3637179,9.142660368e-05,0.0773480663,0.0773480663,0.003393939394,0.003393939394,0,0,-34504436.55,0,1,-29350987.66,1852,46.33962917
1859,0,-17737180.68,-17793707.7,16767255.87,16710728.86,1.631927259,1.626425585,-56527.01343,-0.005501673905,0.0773480663,11.92265193,1,57.03933333,0,0,-34504436.55,0,1,-29350987.66,1853,46.35941887
1860,0,-17741098.25,-17742377.75,16763338.3,16762058.8,1.631545969,1.631421438,-1279.497412,-0.0001245312125,0.1215469613,0.1215469613,0,0,1,0,-34504436.55,0,1,-29350987.66,1854,46.37920833
1861,0,-17742377.75,-17801124.86,16762058.8,16703311.7,1.631421438,1.625703686,-58747.10821,-0.00571775179,0,12,1,61.10139394,0,0,-34504436.55,0,1,-29350987.66,1855,46.39899397
1862,0,-17738934.27,-25708950.95,16765502.28,8795485.603,1.631756585,0.8560490053,-7970016.677,-0.7757075797,0.0773480663,743.0773481,1.267388889,2473.544015,0,0,-34504436.55,0,1,-29350987.66,1856,46.41710854
1863,0,-18159748.95,-17902652.7,16344687.6,16601783.85,1.590799439,1.615822161,257096.2547,0.02502272223,5.107722702,5.107722702,0,0,1,0,-34504436.55,0,1,-29350987.66,1857,46.47299004
1864,0,-17902652.7,-17956602.68,16601783.85,16547833.88,1.615822161,1.610571305,-53949.979,-0.005250855717,0,24,1,110.1209848,0,0,-34504436.55,0,1,-29350987.66,1858,46.51215506
1865,0,-17907035.54,-17907035.54,16597401.01,16597401.01,1.615395587,1.615395587,0,0,0,0,0,0,1,0,-34504436.55,0,1,-29350987.66,1859,46.5319736
1866,0,-17907035.54,-17966409.47,16597401.01,16538027.09,1.615395587,1.609616828,-59373.92787,-0.005778759035,0,11,1,54,0,0,-34504436.55,0,1,-29350987.66,1860,46.55010557
1867,0,-17902652.7,-23838495.13,16601783.85,10665941.42,1.615822161,1.038097151,-5935842.43,-0.57772501,0,712,1,2558.831384,0,0,-34504436.55,0,1,-29350987.66,1861,46.56810522
1868,0,-17390687.33,-17237726.87,17113749.23,17266709.68,1.665650842,1.680538212,152960.4567,0.01488736981,8.996689809,8.996689809,0.08193939394,0.1703888889,0,0,-34504436.55,0,1,-29350987.66,1862,46.62682939
1869,0,-17252684.25,-17277494.48,17251752.3,17226942.07,1.679082436,1.676667701,-24810.23005,-0.002414735662,1.923001761,1.923001761,0.03854545455,0.06339393939,0,0,-34504436.55,0,1,-29350987.66,1863,46.68509769
1870,0,-17273388.49,-17321903.88,17231048.06,17182532.67,1.67706733,1.672345413,-48515.39005,-0.004721916818,1.492062535,19.50793747,1,79.16418687,0,0,-34504436.55,0,1,-29350987.66,1864,46.70740891
1871,0,-17245200.3,-17255177.42,17259236.26,17249259.13,1.679810837,1.678839781,-9977.121262,-0.0009710555071,0.7638121547,0.7638121547,0.02018181818,0.02018181818,0,0,-34504436.55,0,1,-29350987.66,1865,46.73275924
1872,0,-17248914.97,-17284385.69,17255521.59,17220050.86,1.679449294,1.675996992,-35470.72137,-0.003452302365,0.4599447514,25.54005525,1,115.3310253,0,0,-34504436.55,0,1,-29350987.66,1866,46.75328445
1873,0,-17240191.81,-17237178.92,17264244.74,17267257.63,1.680298304,1.680591543,3012.890081,0.000293239245,0.1602209945,0.1602209945,0.00703030303,0.00703030303,0,0,-34504436.55,0,1,-29350987.66,1867,46.77345109
1874,0,-17235220.28,-17277831.81,17269216.28,17226604.75,1.680782175,1.67663487,-42611.53291,-0.00414730488,0.1602209945,23.83977901,1,106.2063535,0,0,-34504436.55,0,1,-29350987.66,1868,46.79353285
1875,0,-17224293.32,-17218740.99,17280143.23,17285695.56,1.681845676,1.682386074,5552.32646,0.0005403980812,0.5082872928,0.5082872928,0.01781818182,0.01781818182,0,0,-34504436.55,0,1,-29350987.66,1869,46.81360531
1876,0,-17170669.8,-16969138.75,17333766.75,17535297.8,1.687064758,1.706679417,201531.0477,0.01961465924,0.4060773481,10.59392265,1,38.00842424,0,0,-34504436.55,0,1,-29350987.66,1870,46.83391213
1877,0,-16977599.35,-16977599.35,17526837.21,17526837.21,1.705855962,1.705855962,0,0,0,0,0,0,1,0,-34504436.55,0,1,-29350987.66,1871,46.85373163
1878,0,-16977599.35,-17029722.74,17526837.21,17474713.82,1.705855962,1.700782885,-52123.38733,-0.005073076791,0,25,1,118.2275,0,0,-34504436.55,0,1,-29350987.66,1872,46.87189627
1879,0,-16981982.19,-16981982.19,17522454.37,17522454.37,1.705429388,1.705429388,0,0,0,0,0,0,1,0,-34504436.55,0,1,-29350987.66,1873,46.88984251
1880,0,-16981982.19,-17038821.42,17522454.37,17465615.14,1.705429388,1.699897327,-56839.22587,-0.005532060988,0,18,1,89.09149495,0,0,-34504436.55,0,1,-29350987.66,1874,46.90790892
1881,0,-16977599.35,-22589430.06,17526837.21,11915006.5,1.705855962,1.159666438,-5611830.707,-0.546189524,0,680,1,2325.066429,0,0,-34504436.55,0,1,-29350987.66,1875,46.92594361
1882,0,-17973418.04,-17997585.01,16531018.52,16506851.55,1.608934696,1.606582568,-24166.9691,-0.002352128216,1.92497751,1.92497751,0.0123030303,0.0123030303,0,0,-34504436.55,0,1,-29350987.66,1876,46.98399949
1883,0,-18000477.07,-18046733.87,16503959.49,16457702.69,1.606301089,1.601798997,-46256.80116,-0.00450209237,0.2803867403,29.71961326,1,111.4101667,0,0,-34504436.55,0,1,-29350987.66,1877,47.01433301
1884,0,-18003572.45,-18008106.2,16500864.1,16496330.35,1.605999821,1.605558559,-4533.747658,-0.000441261614,0.4930939227,0.4930939227,0.02163636364,0.02163636364,0,0,-34504436.55,0,1,-29350987.66,1878,47.03449345
1885,0,-18003020.16,-18054269.49,16501416.39,16450167.07,1.606053574,1.601065568,-51249.32174,-0.004988005538,0.4930939227,12.50690608,1,57.07932828,0,0,-34504436.55,0,1,-29350987.66,1879,47.05476618
1886,0,-18000477.07,-25238513.3,16503959.49,9265923.255,1.606301089,0.9018358671,-7238036.233,-0.7044652219,0.2803867403,718.2803867,1.076611111,2522.826803,0,0,-34504436.55,0,1,-29350987.66,1880,47.07474756
1887,0,-17133852.48,-17044811.47,17370584.08,17459625.09,1.690648123,1.699314326,89041.00761,0.00866620326,2.719094747,2.719094747,0.0183030303,0.0183030303,0,0,-34504436.55,0,1,-29350987.66,1881,47.12637639
1888,0,-17038758.77,-17089208.46,17465677.79,17415228.09,1.699903425,1.694993245,-50449.69553,-0.004910179338,0.4217877095,12.57821229,1,56.07615657,0,0,-34504436.55,0,1,-29350987.66,1882,47.16728544
1889,0,-17030668.01,-17030668.01,17473768.55,17473768.55,1.700690884,1.700690884,0,0,0,0,0,0,1,0,-34504436.55,0,1,-29350987.66,1883,47.18787122
1890,0,-17030668.01,-17088530.22,17473768.55,17415906.33,1.700690884,1.695059257,-57862.21515,-0.005631626718,0,14,1,68.10671717,0,0,-34504436.55,0,1,-29350987.66,1884,47.205935
1891,0,-17030461.35,-17030461.35,17473975.2,17473975.2,1.700710997,1.700710997,0,0,0,0,0,0,1,0,-34504436.55,0,1,-29350987.66,1885,47.22376919
1892,0,-17030461.35,-17077726.89,17473975.2,17426709.67,1.700710997,1.696110727,-47265.53496,-0.004600270641,0,21,1,90.21842424,0,0,-34504436.55,0,1,-29350987.66,1886,47.2418046
1893,0,-17030668.01,-22667097.92,17473768.55,11837338.64,1.700690884,1.152107163,-5636429.909,-0.5485837206,0,700,1.007333333,2377.918606,0,0,-34504436.55,0,1,-29350987.66,1887,47.2598002
1894,0,-16882420.96,-16625534.01,17622015.59,17878902.54,1.715119506,1.740121856,256886.9464,0.02500235062,7.595225169,7.595225169,0,0,1,0,-34504436.55,0,1,-29350987.66,1888,47.29380584
1895,0,-16625534.01,-16668478.41,17878902.54,17835958.14,1.740121856,1.735942154,-42944.39693,-0.004179701944,0,25,1,97.32938889,0,0,-34504436.55,0,1,-29350987.66,1889,47.32421708
1896,0,-16625327.36,-16625327.36,17879109.19,17879109.19,1.74014197,1.74014197,0,0,0,0,0,0,1,0,-34504436.55,0,1,-29350987.66,1890,47.34401751
1897,0,-16625327.36,-16672592.9,17879109.19,17831843.66,1.74014197,1.735541699,-47265.53496,-0.004600270641,0,21,1,83.24486869,0,0,-34504436.55,0,1,-29350987.66,1891,47.36204767
1898,0,-16625534.01,-23531811.82,17878902.54,10972624.73,1.740121856,1.067946093,-6906277.81,-0.6721757634,0,685,1,2352.063611,0,0,-34504436.55,0,1,-29350987.66,1892,47.38012576
1899,0,-16018447.4,-16046300.03,18485989.15,18458136.52,1.799208519,1.796497672,-27852.62741,-0.002710846799,2.799423962,2.799423962,0.03109090909,0.03109090909,0,0,-34504436.55,0,1,-29350987.66,1893,47.41278338
1900,0,-16038991.52,-16035985.49,18465445.03,18468451.06,1.797208996,1.797501568,3006.033303,0.0002925718869,0.2914364641,0.2914364641,0,0,1,0,-34504436.55,0,1,-29350987.66,1894,47.44349957
1901,0,-16035985.49,-16081549.8,18468451.06,18422886.76,1.797501568,1.793066875,-45564.30723,-0.004434693164,0,23,1,94.2785404,0,0,-34504436.55,0,1,-29350987.66,1895,47.46342826
1902,0,-16035778.84,-16035778.84,18468657.72,18468657.72,1.797521681,1.797521681,0,0,0,0,0,0,1,0,-34504436.55,0,1,-29350987.66,1896,47.48323607
1903,0,-16035778.84,-16095152.76,18468657.72,18409283.79,1.797521681,1.791742922,-59373.92787,-0.005778759035,0,11,1,51.07560101,0,0,-34504436.55,0,1,-29350987.66,1897,47.50131011
1904,0,-16035985.49,-22835589.65,18468451.06,11668846.91,1.797501568,1.135708162,-6799604.157,-0.661793406,0,697,1,2266.668177,0,0,-34504436.55,0,1,-29350987.66,1898,47.51938748
1905,0,-16626808.44,-16626808.44,17877628.12,17877628.12,1.739997819,1.739997819,0,0,0,0,0,0,1,0,-34504436.55,0,1,-29350987.66,1899,47.54637575
1906,0,-16626808.44,-16667343.49,17877628.12,17837093.06,1.739997819,1.736052614,-40535.05886,-0.003945205345,0,27,1,127.0437778,0,0,-34504436.55,0,1,-29350987.66,1900,47.57337332
1907,0,-16626601.78,-16626601.78,17877834.77,17877834.77,1.740017933,1.740017933,0,0,0,0,0,0,1,0,-34504436.55,0,1,-29350987.66,1901,47.5932045
1908,0,-16626601.78,-16665402.31,17877834.77,17839034.24,1.740017933,1.736241546,-38800.53133,-0.003776386859,0,30,1,128.0692778,0,0,-34504436.55,0,1,-29350987.66,1902,47.61131668
1909,0,-16625017.59,-16625017.59,17879418.96,17879418.96,1.740172119,1.740172119,0,0,0,0,0,0,1,0,-34504436.55,0,1,-29350987.66,1903,47.62920189
1910,0,-16625017.59,-16665552.65,17879418.96,17838883.9,1.740172119,1.736226914,-40535.05886,-0.003945205345,0,27,1,127.0568889,0,0,-34504436.55,0,1,-29350987.66,1904,47.64727068
1911,0,-16624810.94,-16624810.94,17879625.62,17879625.62,1.740192232,1.740192232,0,0,0,0,0,0,1,0,-34504436.55,0,1,-29350987.66,1905,47.6651516
1912,0,-16624810.94,-16667193.16,17879625.62,17837243.4,1.740192232,1.736067246,-42382.21804,-0.004124986071,0,30,1,128.0561667,0,0,-34504436.55,0,1,-29350987.66,1906,47.683213
1913,0,-16626808.44,-23823933.47,17877628.12,10680503.08,1.739997819,1.039514411,-7197125.037,-0.7004834078,0,709,1.105333333,2368.164848,0,0,-34504436.55,0,1,-29350987.66,1907,47.7012713
1914,0,-17045147.8,-17051990.54,17459288.75,17452446.01,1.699281591,1.698615599,-6842.737904,-0.0006659915372,0.5893854749,0.5893854749,0,0,1,0,-34504436.55,0,1,-29350987.66,1908,47.73360276
1915,0,-17051990.54,-17108829.77,17452446.01,17395606.79,1.698615599,1.693083538,-56839.22587,-0.005532060988,0,18,1,89,0,0,-34504436.55,0,1,-29350987.66,1909,47.76259041
1916,0,-17051990.54,-23216971.88,17452446.01,11287464.68,1.698615599,1.098588906,-6164981.336,-0.6000266931,0,764,1.204111111,2513.35896,0,0,-34504436.55,0,1,-29350987.66,1910,47.7807157
1917,0,-16763235.98,-16756170.74,17741200.57,17748265.82,1.726719568,1.727407216,7065.24278,0.0006876475418,0.4281767956,0.4281767956,0,0,1,0,-34504436.55,0,1,-29350987.66,1911,47.80918002
1918,0,-16756170.74,-16794335.64,17748265.82,17710100.92,1.727407216,1.723692694,-38164.89701,-0.003714521699,0,28,1,130,0,0,-34504436.55,0,1,-29350987.66,1912,47.84143972
1919,0,-16754309.87,-16754309.87,17750126.69,17750126.69,1.727588331,1.727588331,0,0,0,0,0,0,1,0,-34504436.55,0,1,-29350987.66,1913,47.86125565
1920,0,-16754309.87,-16795417.88,17750126.69,17709018.68,1.727588331,1.723587361,-41108.0112,-0.00400096978,0,26,1,127,0,0,-34504436.55,0,1,-29350987.66,1914,47.87936616
1921,0,-16754309.87,-23774360.37,17750126.69,10730076.19,1.727588331,1.044339274,-7020050.498,-0.6832490572,0,745,1.455111111,2503.775854,0,0,-34504436.55,0,1,-29350987.66,1915,47.8974328
1922,0,-16947900.31,-16958139.34,17556536.24,17546297.21,1.708746517,1.70774997,-10239.02823,-0.000996546448,0.08938547486,0.08938547486,0.003878787879,0.003878787879,0,0,-34504436.55,0,1,-29350987.66,1916,47.92632914
1923,0,-16959664.69,-17031843.77,17544771.87,17472592.79,1.707601511,1.700576449,-72179.08116,-0.007025061881,0.08839779006,15.91160221,1,77.01484848,0,0,-34504436.55,0,1,-29350987.66,1917,47.95490885
1924,0,-16980580.19,-16975394.84,17523856.37,17529041.72,1.705565842,1.706070524,5185.353217,0.0005046812267,0.3383977901,0.3383977901,0.01484848485,0.01484848485,0,0,-34504436.55,0,1,-29350987.66,1918,47.97512937
1925,0,-16980580.19,-17036698.64,17523856.37,17467737.92,1.705565842,1.700103933,-56118.44931,-0.005461909084,0.3383977901,22.66160221,1,102,0,0,-34504436.55,0,1,-29350987.66,1919,47.99327922
1926,0,-16987476.25,-16987476.25,17516960.3,17516960.3,1.704894661,1.704894661,0,0,0,0,0,0,1,0,-34504436.55,0,1,-29350987.66,1920,48.01327062
1927,0,-16987476.25,-17036395.02,17516960.3,17468041.53,1.704894661,1.700133484,-48918.77182,-0.00476117725,0,25,1,118,0,0,-34504436.55,0,1,-29350987.66,1921,48.03136969
1928,0,-16990718.08,-16990718.08,17513718.47,17513718.47,1.704579139,1.704579139,0,0,0,0,0,0,1,0,-34504436.55,0,1,-29350987.66,1922,48.04936147
1929,0,-16990718.08,-17039852.33,17513718.47,17464584.23,1.704579139,1.699796991,-49134.24107,-0.00478214849,0,20,1,92,0,0,-34504436.55,0,1,-29350987.66,1923,48.06752467
1930,0,-16987476.25,-23697181.69,17516960.3,10807254.86,1.704894661,1.051850937,-6709705.443,-0.6530437238,0,685,1,2245.478929,0,0,-34504436.55,0,1,-29350987.66,1924,48.08566928
1931,0,-16351538.88,-16278543.22,18152897.67,18225893.33,1.766789316,1.773893855,72995.6624,0.007104538283,2.290005573,2.290005573,0.01448484848,0.02276262626,0,0,-34504436.55,0,1,-29350987.66,1925,48.11493278
1932,0,-16271642.69,-16315442.96,18232793.87,18188993.59,1.774565471,1.770302468,-43800.27465,-0.004263003004,0.3301104972,18.6698895,1,70,0,0,-34504436.55,0,1,-29350987.66,1926,48.1476748
1933,0,-16251442.07,-16251442.07,18252994.49,18252994.49,1.776531562,1.776531562,0,0,0,0,0,0,1,0,-34504436.55,0,1,-29350987.66,1927,48.16755295
1934,0,-16251442.07,-16304469.44,18252994.49,18199967.11,1.776531562,1.771370501,-53027.37881,-0.005161060678,0,24,1,98.08612626,0,0,-34504436.55,0,1,-29350987.66,1928,48.18568802
1935,0,-16252583.07,-16252583.07,18251853.48,18251853.48,1.77642051,1.77642051,0,0,0,0,0,0,1,0,-34504436.55,0,1,-29350987.66,1929,48.20363331
1936,0,-16252583.07,-16305409.67,18251853.48,18199026.88,1.77642051,1.77127899,-52826.60064,-0.005141519294,0,21,1,80.03205556,0,0,-34504436.55,0,1,-29350987.66,1930,48.22174883
1937,0,-16251442.07,-22611374.67,18252994.49,11893061.89,1.776531562,1.157530608,-6359932.603,-0.6190009539,0,702,1,2387.109758,0,0,-34504436.55,0,1,-29350987.66,1931,48.23989201
1938,0,-16871268.08,-16874247.63,17633168.47,17630188.93,1.716204995,1.715915002,-2979.543278,-0.0002899936598,1.848415331,1.848415331,0.01866666667,0.03735353535,0,0,-34504436.55,0,1,-29350987.66,1932,48.27087164
1939,0,-16867992.98,-16924971.26,17636443.58,17579465.3,1.716523756,1.710978161,-56978.28307,-0.005545595178,0.8417486226,18.15825138,1,80,0,0,-34504436.55,0,1,-29350987.66,1933,48.30470634
1940,0,-16859066.83,-16859827.65,17645369.73,17644608.9,1.717392522,1.717318472,-760.8239432,-7.404964424e-05,0.2288135593,0.2288135593,0.004909090909,0.004909090909,0,0,-34504436.55,0,1,-29350987.66,1934,48.32534266
1941,0,-16858496.32,-16913482.34,17645940.23,17590954.21,1.717448048,1.712096357,-54986.0171,-0.005351691466,0.111878453,14.88812155,1,68,0,0,-34504436.55,0,1,-29350987.66,1935,48.34606791
1942,0,-16847927.87,-16847927.87,17656508.68,17656508.68,1.718476657,1.718476657,0,0,0,0,0,0,1,0,-34504436.55,0,1,-29350987.66,1936,48.36585951
1943,0,-16847927.87,-16915440.66,17656508.68,17588995.89,1.718476657,1.711905757,-67512.7894,-0.006570899985,0,12,1,56,0,0,-34504436.55,0,1,-29350987.66,1937,48.3839035
1944,0,-16847927.87,-22759120.03,17656508.68,11745316.53,1.718476657,1.143150815,-5911192.153,-0.5753258423,0,691,1,2375.966045,0,0,-34504436.55,0,1,-29350987.66,1938,48.40195346
1945,0,-16889799.99,-16886471.5,17614636.57,17617965.05,1.714401318,1.714725274,3328.482554,0.0003239553003,0.3454160835,0.3454160835,0.006606060606,0.006606060606,0,0,-34504436.55,0,1,-29350987.66,1939,48.43649316
1946,0,-16883743.64,-16933338.42,17620692.91,17571098.13,1.714990772,1.7101638,-49594.77821,-0.004826971752,0.1505524862,13.84944751,1,57,0,0,-34504436.55,0,1,-29350987.66,1940,48.47010851
1947,0,-16868352.5,-16868352.5,17636084.06,17636084.06,1.716488764,1.716488764,0,0,0,0,0,0,1,0,-34504436.55,0,1,-29350987.66,1941,48.49006319
1948,0,-16868352.5,-16914926.08,17636084.06,17589510.47,1.716488764,1.71195584,-46573.58482,-0.004532924361,0,29,1,123.0154444,0,0,-34504436.55,0,1,-29350987.66,1942,48.50812864
1949,0,-16863987.77,-16863987.77,17640448.79,17640448.79,1.716913576,1.716913576,0,0,0,0,0,0,1,0,-34504436.55,0,1,-29350987.66,1943,48.52595091
1950,0,-16863987.77,-16915067.11,17640448.79,17589369.45,1.716913576,1.711942114,-51079.34083,-0.004971461598,0,30,1,123.0031111,0,0,-34504436.55,0,1,-29350987.66,1944,48.5440352
1951,0,-16866205.63,-16866205.63,17638230.92,17638230.92,1.716697715,1.716697715,0,0,0,0,0,0,1,0,-34504436.55,0,1,-29350987.66,1945,48.56189442
1952,0,-16866205.63,-16912849.24,17638230.92,17591587.31,1.716697715,1.712157975,-46643.61233,-0.004539740015,0,30,1,123.0181111,0,0,-34504436.55,0,1,-29350987.66,1946,48.57992029
1953,0,-16863987.77,-23141395.3,17640448.79,11363041.26,1.716913576,1.105944641,-6277407.531,-0.6109689351,0,711,1.262606061,2381.52347,0,0,-34504436.55,0,1,-29350987.66,1947,48.59794235
1954,0,-16444296.86,-16536792.83,18060139.69,17967643.72,1.757761347,1.748758878,-92495.97062,-0.009002468678,2.152257786,2.152257786,0.01915151515,0.04096969697,0,0,-34504436.55,0,1,-29350987.66,1948,48.63479662
1955,0,-16479421.01,-16465932.76,18025015.54,18038503.79,1.754342776,1.755655563,13488.24855,0.001312787295,0.864640884,0.864640884,0.01915151515,0.02709090909,0,0,-34504436.55,0,1,-29350987.66,1949,48.67245555
1956,0,-16461002.47,-16524339.11,18043434.08,17980097.44,1.75613542,1.749970977,-63336.64124,-0.006164442895,0.6174033149,19.38259669,1,88.15233838,0,0,-34504436.55,0,1,-29350987.66,1950,48.69240737
1957,0,-16465399.83,-16461384.97,18039036.73,18043051.59,1.755707433,1.756098192,4014.861988,0.0003907593925,0.3162983425,0.3162983425,0.01387878788,0.01387878788,0,0,-34504436.55,0,1,-29350987.66,1951,48.71249938
1958,0,-16465399.83,-16526419.06,18039036.73,17978017.5,1.755707433,1.749768539,-61019.22887,-0.005938893261,0.3162983425,23.68370166,1,98.25739394,0,0,-34504436.55,0,1,-29350987.66,1952,48.73051095
1959,0,-16475499.45,-16470997.52,18028937.11,18033439.03,1.754724455,1.755162619,4501.926653,0.000438164532,0.4364640884,0.4364640884,0.01915151515,0.01915151515,0,0,-34504436.55,0,1,-29350987.66,1953,48.75043249
1960,0,-16475499.45,-16542840.68,18028937.11,17961595.87,1.754724455,1.748170252,-67341.23462,-0.006554202862,0.4364640884,20.56353591,1,94.27115657,0,0,-34504436.55,0,1,-29350987.66,1954,48.76841831
1961,0,-16476549.3,-16481150.95,18027887.26,18023285.6,1.754622275,1.754174404,-4601.652876,-0.0004478707084,0.4461325967,0.4461325967,0.01957575758,0.01957575758,0,0,-34504436.55,0,1,-29350987.66,1955,48.78808331
1962,0,-16476549.3,-16541443.14,18027887.26,17962993.41,1.754622275,1.748306272,-64893.84414,-0.00631600269,0.4461325967,10.5538674,1,52.03068182,0,0,-34504436.55,0,1,-29350987.66,1956,48.80793738
1963,0,-16475499.45,-22587160.35,18028937.11,11917276.21,1.754724455,1.159887345,-6111660.899,-0.5948371096,0.4364640884,711.5635359,1,2395.882197,0,0,-34504436.55,0,1,-29350987.66,1957,48.82814407
1964,0,-17160617.44,-17146471.3,17343819.11,17357965.25,1.688043136,1.689419954,14146.13527,0.001376818242,0.8667509217,0.8667509217,0,0,1,0,-34504436.55,0,1,-29350987.66,1958,48.86525035
1965,0,-17146471.3,-17200292,17357965.25,17304144.55,1.689419954,1.684181681,-53820.69744,-0.005238272972,0,23,1,105.2581717,0,0,-34504436.55,0,1,-29350987.66,1959,48.89375877
1966,0,-17146310.19,-17146310.19,17358126.36,17358126.36,1.689435635,1.689435635,0,0,0,0,0,0,1,0,-34504436.55,0,1,-29350987.66,1960,48.91167831
1967,0,-17146310.19,-17213673.62,17358126.36,17290762.93,1.689435635,1.682879272,-67363.43003,-0.006556363102,0,14,1,70.09160606,0,0,-34504436.55,0,1,-29350987.66,1961,48.92970419
1968,0,-17146471.3,-24374368.48,17357965.25,10130068.07,1.689419954,0.9859415487,-7227897.177,-0.7034784057,0,683,1.2825,2348.516561,0,0,-34504436.55,0,1,-29350987.66,1962,48.94778824
1969,0,-17342838.56,-17344781.22,17161597.99,17159655.33,1.670307878,1.670118802,-1942.655506,-0.000189075213,0.645908127,0.645908127,0.001818181818,0.002181818182,0,0,-34504436.55,0,1,-29350987.66,1963,48.98166203
1970,0,-17344964.6,-17352343.25,17159471.95,17152093.31,1.670100954,1.669382804,-7378.644275,-0.0007181503532,0.04972375691,26.95027624,1,102.1284798,0,0,-34504436.55,0,1,-29350987.66,1964,49.01176357
1971,0,-17301872.61,-17301872.61,17202563.95,17202563.95,1.674295021,1.674295021,0,0,0,0,0,0,1,0,-34504436.55,0,1,-29350987.66,1965,49.03174782
1972,0,-17301872.61,-17356418.07,17202563.95,17148018.49,1.674295021,1.668986209,-54545.45768,-0.0053088126,0,22,1,92.0624596,0,0,-34504436.55,0,1,-29350987.66,1966,49.04995251
1973,0,-17301711.5,-17301711.5,17202725.06,17202725.06,1.674310702,1.674310702,0,0,0,0,0,0,1,0,-34504436.55,0,1,-29350987.66,1967,49.06782389
1974,0,-17301711.5,-17351907.41,17202725.06,17152529.14,1.674310702,1.669425223,-50195.91687,-0.004885479512,0,26,1,109.1578535,0,0,-34504436.55,0,1,-29350987.66,1968,49.08590412
1975,0,-17301872.61,-23275284.87,17202563.95,11229151.69,1.674295021,1.092913406,-5973412.262,-0.581381615,0,688,1.375333333,2208.66503,0,0,-34504436.55,0,1,-29350987.66,1969,49.10395813
1976,0,-17255956.46,-17237936.79,17248480.09,17266499.76,1.678763958,1.680517781,18019.67128,0.001753822628,0.9699859381,0.9699859381,0.02115151515,0.02115151515,0,0,-34504436.55,0,1,-29350987.66,1970,49.1387136
1977,0,-17230079.7,-17284492.98,17274356.85,17219943.57,1.681282498,1.675986549,-54413.2836,-0.005295948332,0.4820441989,19.5179558,1,78.15647475,0,0,-34504436.55,0,1,-29350987.66,1971,49.16975856
1978,0,-17221476.16,-17221476.16,17282960.4,17282960.4,1.682119865,1.682119865,0,0,0,0,0,0,1,0,-34504436.55,0,1,-29350987.66,1972,49.19001317
1979,0,-17221476.16,-17276907,17282960.4,17227529.56,1.682119865,1.67672488,-55430.84045,-0.005394985333,0,21,1,80.20972727,0,0,-34504436.55,0,1,-29350987.66,1973,49.20865798
1980,0,-17221637.27,-17221637.27,17282799.29,17282799.29,1.682104185,1.682104185,0,0,0,0,0,0,1,0,-34504436.55,0,1,-29350987.66,1974,49.2265625
1981,0,-17221637.27,-17274664.65,17282799.29,17229771.91,1.682104185,1.676943124,-53027.37881,-0.005161060678,0,24,1,92.27529798,0,0,-34504436.55,0,1,-29350987.66,1975,49.24462175
1982,0,-17221476.16,-24718258.38,17282960.4,9786178.172,1.682119865,0.952471355,-7496782.226,-0.7296485103,0,746,1.511833333,2491.003833,0,0,-34504436.55,0,1,-29350987.66,1976,49.26269317
1983,0,-16520340.29,-16473896.2,17984096.26,18030540.36,1.750360175,1.754880496,46444.09651,0.004520321494,2.998881207,2.998881207,0.07333333333,0.1000909091,0,0,-34504436.55,0,1,-29350987.66,1977,49.30612898
1984,0,-16485890.24,-16503863.54,18018546.31,18000573.01,1.753713137,1.751963827,-17973.30224,-0.001749309611,0.5511049724,0.5511049724,0.009757575758,0.01854545455,0,0,-34504436.55,0,1,-29350987.66,1978,49.34300303
1985,0,-16487654.53,-16476553.12,18016782.02,18027883.43,1.753541422,1.754621902,11101.41027,0.001080480561,0.4226519337,27.57734807,1,93.30880808,0,0,-34504436.55,0,1,-29350987.66,1979,49.36347985
1986,0,-16418141.01,-16413484.57,18086295.54,18090951.98,1.760307049,1.760760252,4656.436985,0.0004532027484,0.3287292818,0.3287292818,0.009757575758,0.009757575758,0,0,-34504436.55,0,1,-29350987.66,1980,49.38380957
1987,0,-16416634.52,-16499261.14,18087802.04,18005175.42,1.760453674,1.752411772,-82626.61924,-0.008041902222,0.2223756906,9.777624309,1,46.02945455,0,0,-34504436.55,0,1,-29350987.66,1981,49.40373731
1988,0,-16436899.25,-16443830.39,18067537.3,18060606.17,1.758481343,1.757806748,-6931.139076,-0.0006745954663,0.4309392265,0.4309392265,0.01666666667,0.01666666667,0,0,-34504436.55,0,1,-29350987.66,1982,49.42346907
1989,0,-16439179.06,-16493207.92,18065257.49,18011228.64,1.758259453,1.753000921,-54028.85693,-0.005258532766,0.3798342541,25.62016575,1,94.21260606,0,0,-34504436.55,0,1,-29350987.66,1983,49.44368887
1990,0,-16432244.45,-16427588.02,18072192.1,18076848.54,1.758934386,1.759387589,4656.436985,0.0004532027484,0.3287292818,0.3287292818,0.009757575758,0.009757575758,0,0,-34504436.55,0,1,-29350987.66,1984,49.46427631
1991,0,-16430737.96,-16493747.08,18073698.6,18010689.47,1.759081011,1.752948445,-63009.12268,-0.006132566095,0.2223756906,24.77762431,1,95.20805556,0,0,-34504436.55,0,1,-29350987.66,1985,49.48419666
1992,0,-16452561.75,-16457933.83,18051874.81,18046502.72,1.75695694,1.756434085,-5372.083388,-0.0005228553429,0.3287292818,0.3287292818,0,0,1,0,-34504436.55,0,1,-29350987.66,1986,49.50391865
1993,0,-16457933.83,-16527066.56,18046502.72,17977370,1.756434085,1.749705519,-69132.72647,-0.006728565584,0,10,1,43.00551515,0,0,-34504436.55,0,1,-29350987.66,1987,49.52198029
1994,0,-16458094.94,-16458094.94,18046341.61,18046341.61,1.756418404,1.756418404,0,0,0,0,0,0,1,0,-34504436.55,0,1,-29350987.66,1988,49.53986382
1995,0,-16458094.94,-16508320.24,18046341.61,17996116.31,1.756418404,1.751530065,-50225.29905,-0.004888339227,0,30,1,107.3118687,0,0,-34504436.55,0,1,-29350987.66,1989,49.55786109
1996,0,-16459794.7,-16459794.7,18044641.85,18044641.85,1.75625297,1.75625297,0,0,0,0,0,0,1,0,-34504436.55,0,1,-29350987.66,1990,49.57762313
1997,0,-16459794.7,-16526063.65,18044641.85,17978372.91,1.75625297,1.749803131,-66268.94414,-0.006449838733,0,16,1,71.09070202,0,0,-34504436.55,0,1,-29350987.66,1991,49.59563136
1998,0,-16459955.81,-16459955.81,18044480.74,18044480.74,1.756237289,1.756237289,0,0,0,0,0,0,1,0,-34504436.55,0,1,-29350987.66,1992,49.6135087
1999,0,-16459955.81,-16527336.87,18044480.74,17977099.68,1.756237289,1.74967921,-67381.05934,-0.006558078931,0,13,1,56.03205556,0,0,-34504436.55,0,1,-29350987.66,1993,49.63152146
