it,alpha,cz_lp,cz_round,d_lp,d_round,d_lp_n,d_round_n,delta,delta_n,frac,dist,viol_max,viol_sum,feas,improving,ub,ub_eff,ub_free,z_best,stall,t
0,0,212.5,210,-787.75,-790.25,-0.5,-0.5015867978,-2.5,-0.001586797842,1.5,1.5,1,3,0,0,1000.25,0,1,0,0,0.0001857280731
1,0,212.5,1172,-787.75,171.75,-0.5,0.1090130117,959.5,0.6090130117,1.5,16.5,1,1,0,0,1000.25,0,1,0,1,0.005518913269
2,0,1194,1194,193.75,193.75,0.1229768328,0.1229768328,0,0,0,0,0,0,1,1,1000.25,0,1,1194,0,0.009728193283
3,0,1046.775,1056,46.525,55.75,0.02953030784,0.03538559188,9.225,0.005855284037,0.1336956522,0.1336956522,0,0,1,1,1000.25,1046.775,0,1056,0,0.01366496086
4,0,929.475,918,-70.775,-82.25,-0.04492224691,-0.052205649,-11.475,-0.007283402095,0.1663043478,0.1663043478,0,0,1,1,1000.25,929.475,0,918,0,0.01744794846
5,0,812.175,781,-188.075,-219.25,-0.1193748017,-0.1391621707,-31.175,-0.01978736909,0.4584558824,0.4584558824,0,0,1,1,1000.25,812.175,0,781,0,0.02151918411
6,0,695.725,713,-304.525,-287.25,-0.1932878451,-0.182323072,17.275,0.01096477309,0.2540441176,0.2540441176,0,0,1,1,1000.25,695.725,0,713,0,0.02545189857
7,0,637.925,645,-362.325,-355.25,-0.2299746112,-0.2254839733,7.075,0.004490637893,0.1040441176,0.1040441176,0,0,1,1,1000.25,637.925,0,645,0,0.02925252914
8,0,580.125,577,-420.125,-423.25,-0.2666613773,-0.2686448746,-3.125,-0.001983497302,0.04595588235,0.04595588235,0,0,1,1,1000.25,580.125,0,577,0,0.03299736977
9,0,522.325,509,-477.925,-491.25,-0.3033481434,-0.3118057759,-13.325,-0.008457632498,0.1959558824,0.1959558824,0,0,1,1,1000.25,522.325,0,509,0,0.03696870804
10,0,464.525,441,-535.725,-559.25,-0.3400349096,-0.3549666772,-23.525,-0.01493176769,0.3459558824,0.3459558824,0,0,1,1,1000.25,464.525,0,441,0,0.04094910622
11,0,406.725,373,-593.525,-627.25,-0.3767216757,-0.3981275785,-33.725,-0.02140590289,0.4959558824,0.4959558824,0,0,1,1,1000.25,406.725,0,373,0,0.04492592812
12,0,348.925,1602,-651.325,601.75,-0.4134084418,0.3819422406,1253.075,0.7953506823,0.5310661765,22.46893382,0,0,1,0,1000.25,348.925,0,373,1,0.04900693893
13,0,348.925,373,-651.325,-627.25,-0.4134084418,-0.3981275785,24.075,0.01528086322,0.3540441176,0.3540441176,0,0,1,0,1000.25,348.925,0,373,2,0.05311274529
14,0,348.925,1602,-651.325,601.75,-0.4134084418,0.3819422406,1253.075,0.7953506823,0.3540441176,22.64595588,0,0,1,0,1000.25,348.925,0,373,3,0.05690908432
15,0,348.925,372,-651.325,-628.25,-0.4134084418,-0.3987622977,23.075,0.01464614408,0.5127777778,0.5127777778,0,0,1,1,1000.25,348.925,0,372,0,0.0608921051
16,0,348.075,1127,-652.175,126.75,-0.413947953,0.08045065059,778.925,0.4943986036,0.5316666667,15.46833333,0,0,1,0,1000.25,348.075,0,372,1,0.06469607353
17,0,348.075,373,-652.175,-627.25,-0.413947953,-0.3981275785,24.925,0.01582037448,0.3665441176,0.3665441176,0,0,1,0,1000.25,348.075,0,372,2,0.06877636909
18,0,348.075,1262,-652.175,261.75,-0.413947953,0.1661377341,913.925,0.5800856871,0.3665441176,17.63345588,0,0,1,0,1000.25,348.075,0,372,3,0.0725736618
19,0,347.5,373,-652.75,-627.25,-0.4143129165,-0.3981275785,25.5,0.01618533799,0.5625,0.5625,0,0,1,0,1000.25,347.5,0,372,4,0.07655215263
20,0,346.7875,1466,-653.4625,465.75,-0.4147651539,0.295620438,1119.2125,0.7103855919,0.5782169118,20.42178309,0,0,1,0,1000.25,346.7875,0,372,5,0.08037042618
21,0,215.69,215,-784.56,-785.25,-0.497975246,-0.4984132022,-0.69,-0.0004379562044,0.03136363636,0.03136363636,0,0,1,1,1000.25,215.69,0,215,0,0.084430933
22,0,212.55,213,-787.7,-787.25,-0.499968264,-0.4996826404,0.45,0.0002856236116,1.35,1.35,0,0,1,1,1000.25,212.55,0,213,0,0.08990740776
23,0,212.51,625,-787.74,-375.25,-0.4999936528,-0.2381783561,412.49,0.2618152967,1.47,8.53,1,3,0,0,1000.25,212.51,0,213,1,0.09514260292
24,0,212.51,213,-787.74,-787.25,-0.4999936528,-0.4996826404,0.49,0.000311012377,1.47,1.47,0,0,1,0,1000.25,212.51,0,213,2,0.102281332
25,0,212.51,693,-787.74,-307.25,-0.4999936528,-0.1950174548,480.49,0.304976198,1.47,9.53,1,3,0,0,1000.25,212.51,0,213,3,0.1073160172
26,0,212.51,21837,-787.74,20836.75,-0.4999936528,13.22548397,21624.49,13.72547763,1.47,414.53,0,0,1,0,1000.25,212.51,0,213,4,0.1140964031
27,0,212.51,20966,-787.74,19965.75,-0.4999936528,12.67264361,20753.49,13.17263726,1.51,398.51,0,0,1,0,1000.25,212.51,0,213,5,0.1235244274
28,0,212.51,212,-787.74,-788.25,-0.4999936528,-0.5003173596,-0.51,-0.0003237067598,1.496666667,1.496666667,1,1,0,0,1000.25,212.51,0,213,6,0.1325273514
29,0,212.51,20698,-787.74,19697.75,-0.4999936528,12.50253888,20485.49,13.00253253,1.47,392.49,0,0,1,0,1000.25,212.51,0,213,7,0.1378126144
30,0,212.51,21295,-787.74,20294.75,-0.4999936528,12.8814662,21082.49,13.38145985,1.47,421.51,0,0,1,0,1000.25,212.51,0,213,8,0.1425783634
31,0,212.51,21724,-787.74,20723.75,-0.4999936528,13.15376071,21511.49,13.65375436,1.51,412.51,0,0,1,0,1000.25,212.51,0,213,9,0.1519374847
32,0,212.51,21222,-787.74,20221.75,-0.4999936528,12.8351317,21009.49,13.33512536,1.51,411.51,0,0,1,0,1000.25,212.51,0,213,10,0.1617202759
33,0,212.51,22473,-787.74,21472.75,-0.4999936528,13.62916534,22260.49,14.129159,1.47,435.51,0,0,1,0,1000.25,212.51,0,213,11,0.1706075668
34,0,212.51,20279,-787.74,19278.75,-0.4999936528,12.23659156,20066.49,12.73658521,1.51,394.51,0,0,1,0,1000.25,212.51,0,213,12,0.1799592972
35,0,212.51,20851,-787.74,19850.75,-0.4999936528,12.5996509,20638.49,13.09964456,1.51,393.49,0,0,1,0,1000.25,212.51,0,213,13,0.1887202263
36,0,212.51,17877,-787.74,16876.75,-0.4999936528,10.71199619,17664.49,11.21198984,1.47,356.53,0,0,1,0,1000.25,212.51,0,213,14,0.1936635971
37,0,212.51,19621,-787.74,18620.75,-0.4999936528,11.81894637,19408.49,12.31894002,1.51,390.49,0,0,1,0,1000.25,212.51,0,213,15,0.2029972076
38,0,212.51,21466,-787.74,20465.75,-0.4999936528,12.99000317,21253.49,13.48999683,1.47,404.53,0,0,1,0,1000.25,212.51,0,213,16,0.2077171803
39,0,212.51,20400,-787.74,19399.75,-0.4999936528,12.31339257,20187.49,12.81338623,1.47,391.49,0,0,1,0,1000.25,212.51,0,213,17,0.215066433
40,0,212.51,19414,-787.74,18413.75,-0.4999936528,11.6875595,19201.49,12.18755316,1.47,375.51,0,0,1,0,1000.25,212.51,0,213,18,0.2199611664
41,0,212.51,19772,-787.74,18771.75,-0.4999936528,11.91478896,19559.49,12.41478261,1.47,381.51,0,0,1,0,1000.25,212.51,0,213,19,0.2268359661
42,0,212.51,20501,-787.74,19500.75,-0.4999936528,12.37749921,20288.49,12.87749286,1.47,414.53,0,0,1,0,1000.25,212.51,0,213,20,0.2367010117
43,0,212.51,20338,-787.74,19337.75,-0.4999936528,12.27403999,20125.49,12.77403364,1.47,388.53,0,0,1,0,1000.25,212.51,0,213,21,0.2447328568
44,0,212.51,20778,-787.74,19777.75,-0.4999936528,12.55331641,20565.49,13.05331006,1.51,377.51,0,0,1,0,1000.25,212.51,0,213,22,0.2525951862
45,0,212.51,21526,-787.74,20525.75,-0.4999936528,13.02808632,21313.49,13.52807997,1.47,412.53,0,0,1,0,1000.25,212.51,0,213,23,0.2599184513
46,0,212.51,22077,-787.74,21076.75,-0.4999936528,13.37781657,21864.49,13.87781022,1.51,419.51,0,0,1,0,1000.25,212.51,0,213,24,0.2681865692
47,0,212.51,19222,-787.74,18221.75,-0.4999936528,11.56569343,19009.49,12.06568708,1.51,367.51,0,0,1,0,1000.25,212.51,0,213,25,0.2755038738
48,0,212.51,22651,-787.74,21650.75,-0.4999936528,13.74214535,22438.49,14.242139,1.47,437.49,0,0,1,0,1000.25,212.51,0,213,26,0.2844433784
49,0,212.51,21365,-787.74,20364.75,-0.4999936528,12.92589654,21152.49,13.42589019,1.47,422.49,0,0,1,0,1000.25,212.51,0,213,27,0.2890834808
50,0,212.51,20965,-787.74,19964.75,-0.4999936528,12.67200889,20752.49,13.17200254,1.47,395.51,0,0,1,0,1000.25,212.51,0,213,28,0.2942428589
51,0,212.51,22236,-787.74,21235.75,-0.4999936528,13.47873691,22023.49,13.97873056,1.47,443.53,0,0,1,0,1000.25,212.51,0,213,29,0.3030340672
52,0,212.51,19980,-787.74,18979.75,-0.4999936528,12.04681054,19767.49,12.54680419,1.51,388.49,0,0,1,0,1000.25,212.51,0,213,30,0.3103466034
53,0,212.51,20104,-787.74,19103.75,-0.4999936528,12.12551571,19891.49,12.62550936,1.47,395.51,0,0,1,0,1000.25,212.51,0,213,31,0.3150861263
54,0,212.51,214,-787.74,-786.25,-0.4999936528,-0.4990479213,1.49,0.0009457315138,1.49,1.49,0,0,1,0,1000.25,212.51,0,213,32,0.3226692677
55,0,212.51,1916,-787.74,915.75,-0.4999936528,0.5812440495,1703.49,1.081237702,1.49,27.51,1,2,0,0,1000.25,212.51,0,213,33,0.3266916275
56,0,212.51,19061,-787.74,18060.75,-0.4999936528,11.46350365,18848.49,11.9634973,1.47,387.53,0,0,1,0,1000.25,212.51,0,213,34,0.3334450722
57,0,212.51,20816,-787.74,19815.75,-0.4999936528,12.57743573,20603.49,13.07742939,1.51,402.49,0,0,1,0,1000.25,212.51,0,213,35,0.3426787853
58,0,212.51,21007,-787.74,20006.75,-0.4999936528,12.69866709,20794.49,13.19866074,1.47,428.53,0,0,1,0,1000.25,212.51,0,213,36,0.3473269939
59,0,212.51,19483,-787.74,18482.75,-0.4999936528,11.73135513,19270.49,12.23134878,1.515,384.515,0,0,1,0,1000.25,212.51,0,213,37,0.3546459675
60,0,212.51,20265,-787.74,19264.75,-0.4999936528,12.22770549,20052.49,12.72769914,1.47,401.51,0,0,1,0,1000.25,212.51,0,213,38,0.3622603416
61,0,212.51,21869,-787.74,20868.75,-0.4999936528,13.24579499,21656.49,13.74578864,1.51,425.51,0,0,1,0,1000.25,212.51,0,213,39,0.3718123436
62,0,212.51,20284,-787.74,19283.75,-0.4999936528,12.23976515,20071.49,12.73975881,1.47,391.51,0,0,1,0,1000.25,212.51,0,213,40,0.3800430298
63,0,212.51,19948,-787.74,18947.75,-0.4999936528,12.02649952,19735.49,12.52649318,1.47,399.49,0,0,1,0,1000.25,212.51,0,213,41,0.3891239166
64,0,212.51,20480,-787.74,19479.75,-0.4999936528,12.3641701,20267.49,12.86416376,1.52,403.5,0,0,1,0,1000.25,212.51,0,213,42,0.3935580254
65,0,212.51,21053,-787.74,20052.75,-0.4999936528,12.72786417,20840.49,13.22785782,1.47,398.51,0,0,1,0,1000.25,212.51,0,213,43,0.3992400169
66,0,212.51,19212,-787.74,18211.75,-0.4999936528,11.55934624,18999.49,12.05933989,1.51,378.49,0,0,1,0,1000.25,212.51,0,213,44,0.4084265232
67,0,212.51,19918,-787.74,18917.75,-0.4999936528,12.00745795,19705.49,12.5074516,1.51,365.51,0,0,1,0,1000.25,212.51,0,213,45,0.4126536846
68,0,212.51,20724,-787.74,19723.75,-0.4999936528,12.51904157,20511.49,13.01903523,1.51,403.51,0,0,1,0,1000.25,212.51,0,213,46,0.4217252731
69,0,212.51,20162,-787.74,19161.75,-0.4999936528,12.16232942,19949.49,12.66232307,1.514,387.506,0,0,1,0,1000.25,212.51,0,213,47,0.4315078259
70,0,212.51,18253,-787.74,17252.75,-0.4999936528,10.95065059,18040.49,11.45064424,1.51,371.51,0,0,1,0,1000.25,212.51,0,213,48,0.4397244453
71,0,212.51,21507,-787.74,20506.75,-0.4999936528,13.01602666,21294.49,13.51602031,1.51,407.51,0,0,1,0,1000.25,212.51,0,213,49,0.4494366646
72,0,212.51,19647,-787.74,18646.75,-0.4999936528,11.83544906,19434.49,12.33544272,1.51,371.51,0,0,1,0,1000.25,212.51,0,213,0,0.4581439495
73,0,212.51,21279,-787.74,20278.75,-0.4999936528,12.8713107,21066.49,13.37130435,1.47,407.51,0,0,1,0,1000.25,212.51,0,213,1,0.4664633274
74,0,212.51,19494,-787.74,18493.75,-0.4999936528,11.73833704,19281.49,12.23833069,1.51,374.51,0,0,1,0,1000.25,212.51,0,213,2,0.4753651619
75,0,212.51,20986,-787.74,19985.75,-0.4999936528,12.68533799,20773.49,13.18533164,1.51,406.51,0,0,1,0,1000.25,212.51,0,213,3,0.4840185642
76,0,212.51,21381,-787.74,20380.75,-0.4999936528,12.93605205,21168.49,13.4360457,1.47,411.51,0,0,1,0,1000.25,212.51,0,213,4,0.4926877022
77,0,212.51,19758,-787.74,18757.75,-0.4999936528,11.90590289,19545.49,12.40589654,1.51,382.49,0,0,1,0,1000.25,212.51,0,213,5,0.5020656586
78,0,212.51,21099,-787.74,20098.75,-0.4999936528,12.75706125,20886.49,13.2570549,1.51,390.51,0,0,1,0,1000.25,212.51,0,213,6,0.5063860416
79,0,212.51,22005,-787.74,21004.75,-0.4999936528,13.33211679,21792.49,13.83211044,1.47,421.49,0,0,1,0,1000.25,212.51,0,213,7,0.5137832165
80,0,212.51,21176,-787.74,20175.75,-0.4999936528,12.80593462,20963.49,13.30592828,1.47,417.51,0,0,1,0,1000.25,212.51,0,213,8,0.5185232162
81,0,212.51,21185,-787.74,20184.75,-0.4999936528,12.8116471,20972.49,13.31164075,1.51,406.51,0,0,1,0,1000.25,212.51,0,213,9,0.5259087086
82,0,212.51,21402,-787.74,20401.75,-0.4999936528,12.94938115,21189.49,13.4493748,1.47,403.49,0,0,1,0,1000.25,212.51,0,213,10,0.5326740742
83,0,212.51,20697,-787.74,19696.75,-0.4999936528,12.50190416,20484.49,13.00189781,1.51,395.5,0,0,1,0,1000.25,212.51,0,213,11,0.5369675159
84,0,212.51,21029,-787.74,20028.75,-0.4999936528,12.71263091,20816.49,13.21262456,1.47,409.49,0,0,1,0,1000.25,212.51,0,213,12,0.5429546833
85,0,212.51,18890,-787.74,17889.75,-0.4999936528,11.35496668,18677.49,11.85496033,1.51,381.51,0,0,1,0,1000.25,212.51,0,213,13,0.5473985672
86,0,212.51,22994,-787.74,21993.75,-0.4999936528,13.95985401,22781.49,14.45984767,1.51,427.51,0,0,1,0,1000.25,212.51,0,213,14,0.554869175
87,0,212.51,19553,-787.74,18552.75,-0.4999936528,11.77578546,19340.49,12.27577912,1.47,374.51,0,0,1,0,1000.25,212.51,0,213,15,0.5614972115
88,0,212.51,19612,-787.74,18611.75,-0.4999936528,11.81323389,19399.49,12.31322755,1.49,386.4966667,0,0,1,0,1000.25,212.51,0,213,16,0.5677723885
89,0,212.51,19489,-787.74,18488.75,-0.4999936528,11.73516344,19276.49,12.23515709,1.51,378.51,0,0,1,0,1000.25,212.51,0,213,17,0.572861433
90,0,212.51,21388,-787.74,20387.75,-0.4999936528,12.94049508,21175.49,13.44048873,1.496666667,404.5033333,0,0,1,0,1000.25,212.51,0,213,18,0.5788991451
91,0,212.51,21338,-787.74,20337.75,-0.4999936528,12.90875912,21125.49,13.40875278,1.47,416.53,0,0,1,0,1000.25,212.51,0,213,19,0.5865437984
92,0,212.51,19612,-787.74,18611.75,-0.4999936528,11.81323389,19399.49,12.31322755,1.47,394.51,0,0,1,0,1000.25,212.51,0,213,20,0.5959527493
93,0,212.51,20741,-787.74,19740.75,-0.4999936528,12.5298318,20528.49,13.02982545,1.49,413.5033333,0,0,1,0,1000.25,212.51,0,213,21,0.6016459465
94,0,212.51,20247,-787.74,19246.75,-0.4999936528,12.21628055,20034.49,12.7162742,1.51,408.51,0,0,1,0,1000.25,212.51,0,213,22,0.6091740131
95,0,212.51,20840,-787.74,19839.75,-0.4999936528,12.59266899,20627.49,13.09266265,1.47,390.51,0,0,1,0,1000.25,212.51,0,213,23,0.6180343628
96,0,212.51,18239,-787.74,17238.75,-0.4999936528,10.94176452,18026.49,11.44175817,1.49,358.5033333,0,0,1,0,1000.25,212.51,0,213,24,0.6258430481
97,0,212.51,21002,-787.74,20001.75,-0.4999936528,12.69549349,20789.49,13.19548715,1.47,409.51,0,0,1,0,1000.25,212.51,0,213,25,0.6356966496
98,0,212.51,18870,-787.74,17869.75,-0.4999936528,11.34227229,18657.49,11.84226595,1.47,386.49,0,0,1,0,1000.25,212.51,0,213,26,0.645544529
99,0,212.51,20786,-787.74,19785.75,-0.4999936528,12.55839416,20573.49,13.05838781,1.47,397.51,0,0,1,0,1000.25,212.51,0,213,27,0.6504218578
100,0,212.51,20537,-787.74,19536.75,-0.4999936528,12.4003491,20324.49,12.90034275,1.52,391.52,0,0,1,0,1000.25,212.51,0,213,28,0.6588733196
101,0,212.51,19998,-787.74,18997.75,-0.4999936528,12.05823548,19785.49,12.55822913,1.47,399.49,0,0,1,0,1000.25,212.51,0,213,29,0.6657247543
102,0,212.51,19744,-787.74,18743.75,-0.4999936528,11.89701682,19531.49,12.39701047,1.47,401.49,0,0,1,0,1000.25,212.51,0,213,30,0.6705579758
103,0,212.51,20275,-787.74,19274.75,-0.4999936528,12.23405268,20062.49,12.73404633,1.47,388.53,0,0,1,0,1000.25,212.51,0,213,31,0.6755268574
104,0,212.51,20242,-787.74,19241.75,-0.4999936528,12.21310695,20029.49,12.7131006,1.47,392.53,0,0,1,0,1000.25,212.51,0,213,32,0.6824858189
105,0,212.51,21997,-787.74,20996.75,-0.4999936528,13.32703904,21784.49,13.82703269,1.51,419.51,0,0,1,0,1000.25,212.51,0,213,33,0.6905007362
106,0,212.51,20534,-787.74,19533.75,-0.4999936528,12.39844494,20321.49,12.89843859,1.49,405.51,0,0,1,0,1000.25,212.51,0,213,34,0.6969213486
107,0,212.51,19001,-787.74,18000.75,-0.4999936528,11.4254205,18788.49,11.92541415,1.47,375.51,1,1,0,0,1000.25,212.51,0,213,35,0.7043237686
108,0,212.51,21159,-787.74,20158.75,-0.4999936528,12.7951444,20946.49,13.29513805,1.47,394.51,0,0,1,0,1000.25,212.51,0,213,36,0.7111814022
109,0,212.51,19835,-787.74,18834.75,-0.4999936528,11.95477626,19622.49,12.45476991,1.51,380.51,0,0,1,0,1000.25,212.51,0,213,37,0.7176394463
110,0,212.51,21963,-787.74,20962.75,-0.4999936528,13.30545858,21750.49,13.80545224,1.51,403.51,0,0,1,0,1000.25,212.51,0,213,38,0.7302522659
111,0,212.51,20888,-787.74,19887.75,-0.4999936528,12.62313551,20675.49,13.12312917,1.51,423.49,0,0,1,0,1000.25,212.51,0,213,39,0.7390348911
112,0,212.51,22282,-787.74,21281.75,-0.4999936528,13.50793399,22069.49,14.00792764,1.52,433.52,0,0,1,0,1000.25,212.51,0,213,40,0.7442171574
113,0,212.51,19375,-787.74,18374.75,-0.4999936528,11.66280546,19162.49,12.16279911,1.47,387.53,0,0,1,0,1000.25,212.51,0,213,41,0.7525699139
114,0,212.51,20190,-787.74,19189.75,-0.4999936528,12.18010156,19977.49,12.68009521,1.47,400.51,0,0,1,0,1000.25,212.51,0,213,42,0.762075901
115,0,212.51,20931,-787.74,19930.75,-0.4999936528,12.65042844,20718.49,13.15042209,1.51,391.51,0,0,1,0,1000.25,212.51,0,213,43,0.768456459
116,0,212.51,23084,-787.74,22083.75,-0.4999936528,14.01697874,22871.49,14.51697239,1.47,429.51,0,0,1,0,1000.25,212.51,0,213,44,0.7749555111
117,0,212.51,20366,-787.74,19365.75,-0.4999936528,12.29181212,20153.49,12.79180578,1.51,378.51,0,0,1,0,1000.25,212.51,0,213,45,0.7845423222
118,0,212.51,20824,-787.74,19823.75,-0.4999936528,12.58251349,20611.49,13.08250714,1.51,411.51,0,0,1,0,1000.25,212.51,0,213,46,0.79448843
119,0,212.51,20860,-787.74,19859.75,-0.4999936528,12.60536338,20647.49,13.10535703,1.47,395.51,0,0,1,0,1000.25,212.51,0,213,47,0.8013145924
120,0,212.51,20485,-787.74,19484.75,-0.4999936528,12.3673437,20272.49,12.86733735,1.51,398.51,0,0,1,0,1000.25,212.51,0,213,48,0.8105576038
121,0,212.51,17971,-787.74,16970.75,-0.4999936528,10.77165979,17758.49,11.27165344,1.51,366.51,0,0,1,0,1000.25,212.51,0,213,49,0.8204226494
122,0,212.51,20632,-787.74,19631.75,-0.4999936528,12.46064741,20419.49,12.96064107,1.52,400.5,0,0,1,0,1000.25,212.51,0,213,0,0.8277006149
123,0,212.51,21640,-787.74,20639.75,-0.4999936528,13.1004443,21427.49,13.60043796,1.51,403.51,0,0,1,0,1000.25,212.51,0,213,1,0.8330318928
124,0,212.51,18457,-787.74,17456.75,-0.4999936528,11.08013329,18244.49,11.58012694,1.47,357.53,0,0,1,0,1000.25,212.51,0,213,2,0.8401153088
125,0,212.51,20198,-787.74,19197.75,-0.4999936528,12.18517931,19985.49,12.68517296,1.47,385.53,0,0,1,0,1000.25,212.51,0,213,3,0.8482275009
126,0,212.51,19809,-787.74,18808.75,-0.4999936528,11.93827356,19596.49,12.43826722,1.47,388.53,0,0,1,0,1000.25,212.51,0,213,4,0.856071949
127,0,212.51,20567,-787.74,19566.75,-0.4999936528,12.41939067,20354.49,12.91938432,1.47,396.51,0,0,1,0,1000.25,212.51,0,213,5,0.8641870022
128,0,212.51,21867,-787.74,20866.75,-0.4999936528,13.24452555,21654.49,13.7445192,1.496666667,413.5166667,0,0,1,0,1000.25,212.51,0,213,6,0.8712677956
129,0,212.51,19097,-787.74,18096.75,-0.4999936528,11.48635354,18884.49,11.98634719,1.47,401.49,1,1,0,0,1000.25,212.51,0,213,7,0.8798387051
130,0,212.51,20608,-787.74,19607.75,-0.4999936528,12.44541415,20395.49,12.94540781,1.47,401.47,0,0,1,0,1000.25,212.51,0,213,8,0.8851583004
131,0,212.51,20877,-787.74,19876.75,-0.4999936528,12.6161536,20664.49,13.11614725,1.47,400.49,0,0,1,0,1000.25,212.51,0,213,9,0.8905727863
132,0,212.51,22178,-787.74,21177.75,-0.4999936528,13.4419232,21965.49,13.94191685,1.51,423.49,0,0,1,0,1000.25,212.51,0,213,10,0.8954029083
133,0,212.51,20539,-787.74,19538.75,-0.4999936528,12.40161853,20326.49,12.90161219,1.51,410.51,0,0,1,0,1000.25,212.51,0,213,11,0.8998434544
134,0,212.51,21645,-787.74,20644.75,-0.4999936528,13.1036179,21432.49,13.60361155,1.51,420.51,0,0,1,0,1000.25,212.51,0,213,12,0.908608675
135,0,212.51,20802,-787.74,19801.75,-0.4999936528,12.56854967,20589.49,13.06854332,1.496666667,405.51,0,0,1,0,1000.25,212.51,0,213,13,0.9177865982
136,0,212.51,21137,-787.74,20136.75,-0.4999936528,12.78118058,20924.49,13.28117423,1.47,404.53,0,0,1,0,1000.25,212.51,0,213,14,0.9251260757
137,0,212.51,20816,-787.74,19815.75,-0.4999936528,12.57743573,20603.49,13.07742939,1.515,403.495,0,0,1,0,1000.25,212.51,0,213,15,0.9316031933
138,0,212.51,21588,-787.74,20587.75,-0.4999936528,13.06743891,21375.49,13.56743256,1.49,417.5033333,0,0,1,0,1000.25,212.51,0,213,16,0.9359202385
139,0,212.51,23311,-787.74,22310.75,-0.4999936528,14.16105998,23098.49,14.66105363,1.47,442.51,0,0,1,0,1000.25,212.51,0,213,17,0.945972681
140,0,212.51,20737,-787.74,19736.75,-0.4999936528,12.52729292,20524.49,13.02728658,1.47,392.53,0,0,1,0,1000.25,212.51,0,213,18,0.954420805
141,0,212.51,20772,-787.74,19771.75,-0.4999936528,12.54950809,20559.49,13.04950175,1.51,410.51,0,0,1,0,1000.25,212.51,0,213,19,0.9637496471
142,0,212.51,21310,-787.74,20309.75,-0.4999936528,12.89098699,21097.49,13.39098064,1.51,410.51,0,0,1,0,1000.25,212.51,0,213,20,0.9725782871
143,0,212.51,20549,-787.74,19548.75,-0.4999936528,12.40796573,20336.49,12.90795938,1.47,392.53,0,0,1,0,1000.25,212.51,0,213,21,0.981805563
144,0,212.51,21427,-787.74,20426.75,-0.4999936528,12.96524913,21214.49,13.46524278,1.496666667,416.5166667,0,0,1,0,1000.25,212.51,0,213,22,0.9919006824
145,0,212.51,18955,-787.74,17954.75,-0.4999936528,11.39622342,18742.49,11.89621707,1.47,367.53,0,0,1,0,1000.25,212.51,0,213,23,1.002125263
146,0,212.51,21390,-787.74,20389.75,-0.4999936528,12.94176452,21177.49,13.44175817,1.51,408.49,0,0,1,0,1000.25,212.51,0,213,24,1.011518717
147,0,212.51,20670,-787.74,19669.75,-0.4999936528,12.48476674,20457.49,12.98476039,1.515,399.505,0,0,1,0,1000.25,212.51,0,213,25,1.016000509
148,0,212.51,19282,-787.74,18281.75,-0.4999936528,11.60377658,19069.49,12.10377023,1.51,384.49,0,0,1,0,1000.25,212.51,0,213,26,1.022964239
149,0,212.51,19905,-787.74,18904.75,-0.4999936528,11.9992066,19692.49,12.49920025,1.51,378.51,0,0,1,0,1000.25,212.51,0,213,27,1.026987791
150,0,212.51,21482,-787.74,20481.75,-0.4999936528,13.00015868,21269.49,13.50015233,1.51,404.51,0,0,1,0,1000.25,212.51,0,213,28,1.034233332
151,0,212.51,21194,-787.74,20193.75,-0.4999936528,12.81735957,20981.49,13.31735322,1.47,407.53,0,0,1,0,1000.25,212.51,0,213,29,1.043191195
152,0,212.51,20323,-787.74,19322.75,-0.4999936528,12.2645192,20110.49,12.76451285,1.51,387.51,0,0,1,0,1000.25,212.51,0,213,30,1.05041337
153,0,212.51,20715,-787.74,19714.75,-0.4999936528,12.5133291,20502.49,13.01332275,1.47,391.51,0,0,1,0,1000.25,212.51,0,213,31,1.058829784
154,0,212.51,20954,-787.74,19953.75,-0.4999936528,12.66502698,20741.49,13.16502063,1.47,407.51,0,0,1,0,1000.25,212.51,0,213,32,1.066264868
155,0,212.51,20328,-787.74,19327.75,-0.4999936528,12.2676928,20115.49,12.76768645,1.49,382.51,0,0,1,0,1000.25,212.51,0,213,33,1.074155331
156,0,212.51,21542,-787.74,20541.75,-0.4999936528,13.03824183,21329.49,13.53823548,1.47,422.51,0,0,1,0,1000.25,212.51,0,213,34,1.082900047
157,0,212.51,21471,-787.74,20470.75,-0.4999936528,12.99317677,21258.49,13.49317042,1.51,415.51,0,0,1,0,1000.25,212.51,0,213,35,1.089500189
158,0,212.51,22585,-787.74,21584.75,-0.4999936528,13.70025389,22372.49,14.20024754,1.47,436.47,0,0,1,0,1000.25,212.51,0,213,36,1.09742713
159,0,212.51,22995,-787.74,21994.75,-0.4999936528,13.96048873,22782.49,14.46048239,1.47,425.51,0,0,1,0,1000.25,212.51,0,213,37,1.102328062
160,0,212.51,19371,-787.74,18370.75,-0.4999936528,11.66026658,19158.49,12.16026023,1.496666667,366.4966667,0,0,1,0,1000.25,212.51,0,213,38,1.108649969
161,0,212.51,20394,-787.74,19393.75,-0.4999936528,12.30958426,20181.49,12.80957791,1.47,396.53,0,0,1,0,1000.25,212.51,0,213,39,1.113425016
162,0,212.51,21903,-787.74,20902.75,-0.4999936528,13.26737544,21690.49,13.76736909,1.51,412.51,0,0,1,0,1000.25,212.51,0,213,40,1.119612694
163,0,212.51,20094,-787.74,19093.75,-0.4999936528,12.11916852,19881.49,12.61916217,1.47,397.47,0,0,1,0,1000.25,212.51,0,213,41,1.127255201
164,0,212.51,18750,-787.74,17749.75,-0.4999936528,11.266106,18537.49,11.76609965,1.47,359.53,0,0,1,0,1000.25,212.51,0,213,42,1.131400108
165,0,212.51,20611,-787.74,19610.75,-0.4999936528,12.44731831,20398.49,12.94731196,1.52,388.5,0,0,1,0,1000.25,212.51,0,213,43,1.138479471
166,0,212.51,19187,-787.74,18186.75,-0.4999936528,11.54347826,18974.49,12.04347191,1.51,392.51,0,0,1,0,1000.25,212.51,0,213,44,1.143834829
167,0,212.51,21185,-787.74,20184.75,-0.4999936528,12.8116471,20972.49,13.31164075,1.47,416.49,0,0,1,0,1000.25,212.51,0,213,45,1.150779724
168,0,212.51,18140,-787.74,17139.75,-0.4999936528,10.87892732,17927.49,11.37892098,1.47,358.47,0,0,1,0,1000.25,212.51,0,213,46,1.155139923
169,0,212.51,21376,-787.74,20375.75,-0.4999936528,12.93287845,21163.49,13.4328721,1.47,412.49,0,0,1,0,1000.25,212.51,0,213,47,1.159662247
170,0,212.51,19864,-787.74,18863.75,-0.4999936528,11.97318312,19651.49,12.47317677,1.47,412.53,0,0,1,0,1000.25,212.51,0,213,48,1.164201498
171,0,212.51,20033,-787.74,19032.75,-0.4999936528,12.08045065,19820.49,12.5804443,1.51,379.51,0,0,1,0,1000.25,212.51,0,213,49,1.171063662
172,0,212.51,19707,-787.74,18706.75,-0.4999936528,11.87353221,19494.49,12.37352586,1.505,380.505,0,0,1,0,1000.25,212.51,0,213,0,1.179999828
173,0,212.51,21023,-787.74,20022.75,-0.4999936528,12.7088226,20810.49,13.20881625,1.51,429.51,0,0,1,0,1000.25,212.51,0,213,1,1.188818455
174,0,212.51,19437,-787.74,18436.75,-0.4999936528,11.70215805,19224.49,12.2021517,1.52,380.5,0,0,1,0,1000.25,212.51,0,213,2,1.194921017
175,0,212.51,211,-787.74,-789.25,-0.4999936528,-0.5009520787,-1.51,-0.0009584258965,1.578,1.578,1,1,0,0,1000.25,212.51,0,213,3,1.200735331
176,0,212.51,21833,-787.74,20832.75,-0.4999936528,13.2229451,21620.49,13.72293875,1.47,411.53,0,0,1,0,1000.25,212.51,0,213,4,1.207990408
177,0,212.51,19749,-787.74,18748.75,-0.4999936528,11.90019042,19536.49,12.40018407,1.496666667,385.51,0,0,1,0,1000.25,212.51,0,213,5,1.216989279
178,0,212.51,20419,-787.74,19418.75,-0.4999936528,12.32545224,20206.49,12.82544589,1.47,389.53,0,0,1,0,1000.25,212.51,0,213,6,1.223722696
179,0,212.51,19785,-787.74,18784.75,-0.4999936528,11.9230403,19572.49,12.42303396,1.51,385.51,0,0,1,0,1000.25,212.51,0,213,7,1.232791662
180,0,212.51,21790,-787.74,20789.75,-0.4999936528,13.19565217,21577.49,13.69564583,1.51,407.49,0,0,1,0,1000.25,212.51,0,213,8,1.239505529
181,0,212.51,21637,-787.74,20636.75,-0.4999936528,13.09854015,21424.49,13.5985338,1.47,401.51,0,0,1,0,1000.25,212.51,0,213,9,1.24452281
182,0,212.51,20710,-787.74,19709.75,-0.4999936528,12.51015551,20497.49,13.01014916,1.515,407.505,0,0,1,0,1000.25,212.51,0,213,10,1.253501654
183,0,212.51,19979,-787.74,18978.75,-0.4999936528,12.04617582,19766.49,12.54616947,1.52,396.52,0,0,1,0,1000.25,212.51,0,213,11,1.262494087
184,0,212.51,20675,-787.74,19674.75,-0.4999936528,12.48794034,20462.49,12.98793399,1.47,394.49,0,0,1,0,1000.25,212.51,0,213,12,1.270399094
185,0,212.51,19971,-787.74,18970.75,-0.4999936528,12.04109806,19758.49,12.54109172,1.47,396.51,0,0,1,0,1000.25,212.51,0,213,13,1.275334358
186,0,212.51,19083,-787.74,18082.75,-0.4999936528,11.47746747,18870.49,11.97746112,1.51,369.51,0,0,1,0,1000.25,212.51,0,213,14,1.285276651
187,0,212.51,20333,-787.74,19332.75,-0.4999936528,12.27086639,20120.49,12.77086004,1.47,387.51,0,0,1,0,1000.25,212.51,0,213,15,1.294685125
188,0,212.51,21211,-787.74,20210.75,-0.4999936528,12.82814979,20998.49,13.32814345,1.49,425.5033333,0,0,1,0,1000.25,212.51,0,213,16,1.304166079
189,0,212.51,20704,-787.74,19703.75,-0.4999936528,12.50634719,20491.49,13.00634084,1.47,401.53,0,0,1,0,1000.25,212.51,0,213,17,1.312115908
190,0,212.51,21616,-787.74,20615.75,-0.4999936528,13.08521104,21403.49,13.5852047,1.47,414.53,0,0,1,0,1000.25,212.51,0,213,18,1.31906271
191,0,212.51,20217,-787.74,19216.75,-0.4999936528,12.19723897,20004.49,12.69723262,1.47,384.53,1,1,0,0,1000.25,212.51,0,213,19,1.326431751
192,0,212.51,21241,-787.74,20240.75,-0.4999936528,12.84719137,21028.49,13.34718502,1.555,409.545,0,0,1,0,1000.25,212.51,0,213,20,1.333511591
193,0,212.51,19467,-787.74,18466.75,-0.4999936528,11.72119962,19254.49,12.22119327,1.51,382.51,0,0,1,0,1000.25,212.51,0,213,21,1.341132164
194,0,212.51,20137,-787.74,19136.75,-0.4999936528,12.14646144,19924.49,12.64645509,1.47,375.53,0,0,1,0,1000.25,212.51,0,213,22,1.350658894
195,0,212.51,21965,-787.74,20964.75,-0.4999936528,13.30672802,21752.49,13.80672168,1.496666667,433.5166667,0,0,1,0,1000.25,212.51,0,213,23,1.357079744
196,0,212.51,20721,-787.74,19720.75,-0.4999936528,12.51713742,20508.49,13.01713107,1.47,397.53,0,0,1,0,1000.25,212.51,0,213,24,1.366621494
197,0,212.51,21793,-787.74,20792.75,-0.4999936528,13.19755633,21580.49,13.69754998,1.51,424.51,0,0,1,0,1000.25,212.51,0,213,25,1.373520613
198,0,212.51,20745,-787.74,19744.75,-0.4999936528,12.53237068,20532.49,13.03236433,1.51,410.51,0,0,1,0,1000.25,212.51,0,213,26,1.379862309
199,0,212.51,21327,-787.74,20326.75,-0.4999936528,12.90177721,21114.49,13.40177087,1.47,402.53,0,0,1,0,1000.25,212.51,0,213,27,1.387528181
200,0,212.51,21906,-787.74,20905.75,-0.4999936528,13.26927959,21693.49,13.76927325,1.51,401.51,0,0,1,0,1000.25,212.51,0,213,28,1.397323847
201,0,212.51,18969,-787.74,17968.75,-0.4999936528,11.40510949,18756.49,11.90510314,1.47,365.49,0,0,1,0,1000.25,212.51,0,213,29,1.406864882
202,0,212.51,19551,-787.74,18550.75,-0.4999936528,11.77451603,19338.49,12.27450968,1.55,372.53,0,0,1,0,1000.25,212.51,0,213,30,1.411418438
203,0,212.51,21164,-787.74,20163.75,-0.4999936528,12.79831799,20951.49,13.29831165,1.496666667,409.51,0,0,1,0,1000.25,212.51,0,213,31,1.420865536
204,0,212.51,20362,-787.74,19361.75,-0.4999936528,12.28927325,20149.49,12.7892669,1.47,398.53,0,0,1,0,1000.25,212.51,0,213,32,1.42915988
205,0,212.51,20348,-787.74,19347.75,-0.4999936528,12.28038718,20135.49,12.78038083,1.51,395.49,0,0,1,0,1000.25,212.51,0,213,33,1.436466694
206,0,212.51,21988,-787.74,20987.75,-0.4999936528,13.32132656,21775.49,13.82132022,1.51,419.51,0,0,1,0,1000.25,212.51,0,213,34,1.441165924
207,0,212.51,20932,-787.74,19931.75,-0.4999936528,12.65106315,20719.49,13.15105681,1.47,401.51,0,0,1,0,1000.25,212.51,0,213,35,1.448664427
208,0,212.51,21682,-787.74,20681.75,-0.4999936528,13.12710251,21469.49,13.62709616,1.51,419.49,0,0,1,0,1000.25,212.51,0,213,36,1.455171347
209,0,212.51,21371,-787.74,20370.75,-0.4999936528,12.92970486,21158.49,13.42969851,1.52,423.52,0,0,1,0,1000.25,212.51,0,213,37,1.460538626
210,0,212.51,21032,-787.74,20031.75,-0.4999936528,12.71453507,20819.49,13.21452872,1.49,404.5033333,0,0,1,0,1000.25,212.51,0,213,38,1.469437361
211,0,212.51,18309,-787.74,17308.75,-0.4999936528,10.98619486,18096.49,11.48618851,1.47,372.49,0,0,1,0,1000.25,212.51,0,213,39,1.47732687
212,0,212.51,20278,-787.74,19277.75,-0.4999936528,12.23595684,20065.49,12.73595049,1.47,394.53,0,0,1,0,1000.25,212.51,0,213,40,1.481921434
213,0,212.51,21146,-787.74,20145.75,-0.4999936528,12.78689305,20933.49,13.2868867,1.496666667,404.51,0,0,1,0,1000.25,212.51,0,213,41,1.491066217
214,0,212.51,21654,-787.74,20653.75,-0.4999936528,13.10933037,21441.49,13.60932402,1.47,417.51,0,0,1,0,1000.25,212.51,0,213,42,1.498260736
215,0,212.51,21717,-787.74,20716.75,-0.4999936528,13.14931768,21504.49,13.64931133,1.51,416.51,0,0,1,0,1000.25,212.51,0,213,43,1.507396698
216,0,212.51,19925,-787.74,18924.75,-0.4999936528,12.01190098,19712.49,12.51189464,1.47,385.53,0,0,1,0,1000.25,212.51,0,213,44,1.514822006
217,0,212.51,21045,-787.74,20044.75,-0.4999936528,12.72278642,20832.49,13.22278007,1.47,399.53,0,0,1,0,1000.25,212.51,0,213,45,1.522372961
218,0,212.51,19497,-787.74,18496.75,-0.4999936528,11.74024119,19284.49,12.24023485,1.51,374.51,0,0,1,0,1000.25,212.51,0,213,46,1.53149128
219,0,212.51,20760,-787.74,19759.75,-0.4999936528,12.54189146,20547.49,13.04188512,1.47,393.49,0,0,1,0,1000.25,212.51,0,213,47,1.540525436
220,0,212.51,19846,-787.74,18845.75,-0.4999936528,11.96175817,19633.49,12.46175182,1.47,406.49,0,0,1,0,1000.25,212.51,0,213,48,1.545619965
221,0,212.51,20560,-787.74,19559.75,-0.4999936528,12.41494764,20347.49,12.91494129,1.47,403.51,0,0,1,0,1000.25,212.51,0,213,49,1.549954891
222,0,212.51,20120,-787.74,19119.75,-0.4999936528,12.13567122,19907.49,12.63566487,1.51,389.51,0,0,1,0,1000.25,212.51,0,213,0,1.556769133
223,0,212.51,19754,-787.74,18753.75,-0.4999936528,11.90336401,19541.49,12.40335766,1.47,388.49,0,0,1,0,1000.25,212.51,0,213,1,1.567234993
224,0,212.51,20752,-787.74,19751.75,-0.4999936528,12.53681371,20539.49,13.03680736,1.51,403.49,0,0,1,0,1000.25,212.51,0,213,2,1.572055817
225,0,212.51,20282,-787.74,19281.75,-0.4999936528,12.23849572,20069.49,12.73848937,1.496666667,368.5166667,0,0,1,0,1000.25,212.51,0,213,3,1.576538086
226,0,212.51,20491,-787.74,19490.75,-0.4999936528,12.37115202,20278.49,12.87114567,1.47,408.49,0,0,1,0,1000.25,212.51,0,213,4,1.585767508
227,0,212.51,20834,-787.74,19833.75,-0.4999936528,12.58886068,20621.49,13.08885433,1.47,408.53,0,0,1,0,1000.25,212.51,0,213,5,1.590340614
228,0,212.51,21419,-787.74,20418.75,-0.4999936528,12.96017137,21206.49,13.46016503,1.496666667,398.51,0,0,1,0,1000.25,212.51,0,213,6,1.599357605
229,0,212.51,19580,-787.74,18579.75,-0.4999936528,11.79292288,19367.49,12.29291653,1.47,375.51,0,0,1,0,1000.25,212.51,0,213,7,1.606425762
230,0,212.51,21843,-787.74,20842.75,-0.4999936528,13.22929229,21630.49,13.72928594,1.496666667,428.5166667,0,0,1,0,1000.25,212.51,0,213,8,1.615369558
231,0,212.51,20490,-787.74,19489.75,-0.4999936528,12.3705173,20277.49,12.87051095,1.47,404.53,0,0,1,0,1000.25,212.51,0,213,9,1.624678135
232,0,212.51,21534,-787.74,20533.75,-0.4999936528,13.03316407,21321.49,13.53315773,1.496666667,408.51,0,0,1,0,1000.25,212.51,0,213,10,1.633165121
233,0,212.51,19235,-787.74,18234.75,-0.4999936528,11.57394478,19022.49,12.07393843,1.51,372.51,0,0,1,0,1000.25,212.51,0,213,11,1.643497229
234,0,212.51,21209,-787.74,20208.75,-0.4999936528,12.82688036,20996.49,13.32687401,1.51,404.49,0,0,1,0,1000.25,212.51,0,213,12,1.652345419
235,0,212.51,20569,-787.74,19568.75,-0.4999936528,12.42066011,20356.49,12.92065376,1.49,381.5033333,0,0,1,0,1000.25,212.51,0,213,13,1.656778097
236,0,212.51,20648,-787.74,19647.75,-0.4999936528,12.47080292,20435.49,12.97079657,1.51,379.51,0,0,1,0,1000.25,212.51,0,213,14,1.662726402
237,0,212.51,19107,-787.74,18106.75,-0.4999936528,11.49270073,18894.49,11.99269438,1.496666667,365.51,0,0,1,0,1000.25,212.51,0,213,15,1.671925306
238,0,212.51,21123,-787.74,20122.75,-0.4999936528,12.77229451,20910.49,13.27228816,1.52,405.5,0,0,1,0,1000.25,212.51,0,213,16,1.679775238
239,0,212.51,22151,-787.74,21150.75,-0.4999936528,13.42478578,21938.49,13.92477944,1.47,420.51,0,0,1,0,1000.25,212.51,0,213,17,1.685516357
240,0,212.51,22470,-787.74,21469.75,-0.4999936528,13.62726119,22257.49,14.12725484,1.51,425.51,0,0,1,0,1000.25,212.51,0,213,18,1.693180084
241,0,212.51,19400,-787.74,18399.75,-0.4999936528,11.67867344,19187.49,12.17866709,1.51,380.49,0,0,1,0,1000.25,212.51,0,213,19,1.700073957
242,0,212.51,21480,-787.74,20479.75,-0.4999936528,12.99888924,21267.49,13.49888289,1.47,414.51,0,0,1,0,1000.25,212.51,0,213,20,1.705513477
243,0,212.51,19693,-787.74,18692.75,-0.4999936528,11.86464614,19480.49,12.3646398,1.51,387.51,0,0,1,0,1000.25,212.51,0,213,21,1.713548422
244,0,212.51,20522,-787.74,19521.75,-0.4999936528,12.39082831,20309.49,12.89082196,1.47,400.51,0,0,1,0,1000.25,212.51,0,213,22,1.721391439
245,0,212.51,19900,-787.74,18899.75,-0.4999936528,11.99603301,19687.49,12.49602666,1.47,398.51,0,0,1,0,1000.25,212.51,0,213,23,1.73055172
246,0,212.51,20096,-787.74,19095.75,-0.4999936528,12.12043796,19883.49,12.62043161,1.47,395.51,0,0,1,0,1000.25,212.51,0,213,24,1.740649223
247,0,212.51,20857,-787.74,19856.75,-0.4999936528,12.60345922,20644.49,13.10345287,1.51,400.51,0,0,1,0,1000.25,212.51,0,213,25,1.749589682
248,0,212.51,21130,-787.74,20129.75,-0.4999936528,12.77673754,20917.49,13.2767312,1.51,422.51,0,0,1,0,1000.25,212.51,0,213,26,1.758335829
249,0,212.51,21615,-787.74,20614.75,-0.4999936528,13.08457632,21402.49,13.58456998,1.51,419.49,0,0,1,0,1000.25,212.51,0,213,27,1.7674191
250,0,212.51,20530,-787.74,19529.75,-0.4999936528,12.39590606,20317.49,12.89589971,1.52,405.48,0,0,1,0,1000.25,212.51,0,213,28,1.772066355
251,0,212.51,18531,-787.74,17530.75,-0.4999936528,11.12710251,18318.49,11.62709616,1.47,372.49,0,0,1,0,1000.25,212.51,0,213,29,1.776545286
252,0,212.51,20592,-787.74,19591.75,-0.4999936528,12.43525865,20379.49,12.9352523,1.51,400.51,0,0,1,0,1000.25,212.51,0,213,30,1.781252861
253,0,212.51,19986,-787.74,18985.75,-0.4999936528,12.05061885,19773.49,12.5506125,1.47,395.51,0,0,1,0,1000.25,212.51,0,213,31,1.791376352
254,0,212.51,21371,-787.74,20370.75,-0.4999936528,12.92970486,21158.49,13.42969851,1.51,417.51,0,0,1,0,1000.25,212.51,0,213,32,1.799481392
255,0,212.51,21285,-787.74,20284.75,-0.4999936528,12.87511901,21072.49,13.37511266,1.47,396.51,0,0,1,0,1000.25,212.51,0,213,33,1.807205915
256,0,212.51,20042,-787.74,19041.75,-0.4999936528,12.08616312,19829.49,12.58615678,1.496666667,356.5166667,0,0,1,0,1000.25,212.51,0,213,34,1.816053629
257,0,212.51,21686,-787.74,20685.75,-0.4999936528,13.12964138,21473.49,13.62963504,1.47,402.51,0,0,1,0,1000.25,212.51,0,213,35,1.824955225
258,0,212.51,19237,-787.74,18236.75,-0.4999936528,11.57521422,19024.49,12.07520787,1.51,379.51,0,0,1,0,1000.25,212.51,0,213,36,1.833886623
259,0,212.51,20302,-787.74,19301.75,-0.4999936528,12.2511901,20089.49,12.75118375,1.51,399.49,0,0,1,0,1000.25,212.51,0,213,37,1.842982769
260,0,212.51,21589,-787.74,20588.75,-0.4999936528,13.06807363,21376.49,13.56806728,1.51,413.51,0,0,1,0,1000.25,212.51,0,213,38,1.847256899
261,0,212.51,19696,-787.74,18695.75,-0.4999936528,11.8665503,19483.49,12.36654395,1.496666667,394.5166667,0,0,1,0,1000.25,212.51,0,213,39,1.856555223
262,0,212.51,21795,-787.74,20794.75,-0.4999936528,13.19882577,21582.49,13.69881942,1.47,404.51,0,0,1,0,1000.25,212.51,0,213,40,1.866269112
263,0,212.51,20424,-787.74,19423.75,-0.4999936528,12.32862583,20211.49,12.82861949,1.47,399.51,0,0,1,0,1000.25,212.51,0,213,41,1.873807669
264,0,212.51,20787,-787.74,19786.75,-0.4999936528,12.55902888,20574.49,13.05902253,1.47,398.53,0,0,1,0,1000.25,212.51,0,213,42,1.883077145
265,0,212.51,20584,-787.74,19583.75,-0.4999936528,12.43018089,20371.49,12.93017455,1.516666667,397.5133333,0,0,1,0,1000.25,212.51,0,213,43,1.892495394
266,0,212.51,19774,-787.74,18773.75,-0.4999936528,11.91605839,19561.49,12.41605205,1.47,386.49,0,0,1,0,1000.25,212.51,0,213,44,1.900902748
267,0,212.51,23008,-787.74,22007.75,-0.4999936528,13.96874008,22795.49,14.46873374,1.51,432.51,0,0,1,0,1000.25,212.51,0,213,45,1.905818462
268,0,212.51,20801,-787.74,19800.75,-0.4999936528,12.56791495,20588.49,13.0679086,1.47,395.49,0,0,1,0,1000.25,212.51,0,213,46,1.915268421
269,0,212.51,22060,-787.74,21059.75,-0.4999936528,13.36702634,21847.49,13.86701999,1.47,416.53,0,0,1,0,1000.25,212.51,0,213,47,1.919972897
270,0,212.51,19955,-787.74,18954.75,-0.4999936528,12.03094256,19742.49,12.53093621,1.51,389.49,0,0,1,0,1000.25,212.51,0,213,48,1.929068565
271,0,212.51,19887,-787.74,18886.75,-0.4999936528,11.98778166,19674.49,12.48777531,1.52,382.52,0,0,1,0,1000.25,212.51,0,213,49,1.93338728
272,0,212.51,20129,-787.74,19128.75,-0.4999936528,12.14138369,19916.49,12.64137734,1.47,388.53,0,0,1,0,1000.25,212.51,0,213,0,1.941338062
273,0,212.51,21320,-787.74,20319.75,-0.4999936528,12.89733418,21107.49,13.39732783,1.47,425.53,0,0,1,0,1000.25,212.51,0,213,1,1.948461771
274,0,212.51,20911,-787.74,19910.75,-0.4999936528,12.63773405,20698.49,13.13772771,1.52,389.52,0,0,1,0,1000.25,212.51,0,213,2,1.955809116
275,0,212.51,21657,-787.74,20656.75,-0.4999936528,13.11123453,21444.49,13.61122818,1.47,437.53,0,0,1,0,1000.25,212.51,0,213,3,1.965555668
276,0,212.51,20133,-787.74,19132.75,-0.4999936528,12.14392256,19920.49,12.64391622,1.52,392.52,0,0,1,0,1000.25,212.51,0,213,4,1.972748995
277,0,212.51,19832,-787.74,18831.75,-0.4999936528,11.9528721,19619.49,12.45286576,1.49,395.5033333,0,0,1,0,1000.25,212.51,0,213,5,1.980069399
278,0,212.51,21588,-787.74,20587.75,-0.4999936528,13.06743891,21375.49,13.56743256,1.47,418.51,0,0,1,0,1000.25,212.51,0,213,6,1.989075422
279,0,212.51,21247,-787.74,20246.75,-0.4999936528,12.85099968,21034.49,13.35099334,1.49,413.51,0,0,1,0,1000.25,212.51,0,213,7,1.995741129
280,0,212.51,19802,-787.74,18801.75,-0.4999936528,11.93383053,19589.49,12.43382418,1.47,388.53,0,0,1,0,1000.25,212.51,0,213,8,2.004319668
281,0,212.51,20711,-787.74,19710.75,-0.4999936528,12.51079023,20498.49,13.01078388,1.496666667,386.51,0,0,1,0,1000.25,212.51,0,213,9,2.010939121
282,0,212.51,20530,-787.74,19529.75,-0.4999936528,12.39590606,20317.49,12.89589971,1.47,388.53,0,0,1,0,1000.25,212.51,0,213,10,2.018381119
283,0,212.51,20588,-787.74,19587.75,-0.4999936528,12.43271977,20375.49,12.93271342,1.496666667,406.5166667,0,0,1,0,1000.25,212.51,0,213,11,2.027297497
284,0,212.51,23277,-787.74,22276.75,-0.4999936528,14.13947953,23064.49,14.63947318,1.47,440.51,0,0,1,0,1000.25,212.51,0,213,12,2.036551952
285,0,212.51,20568,-787.74,19567.75,-0.4999936528,12.42002539,20355.49,12.92001904,1.47,412.51,0,0,1,0,1000.25,212.51,0,213,13,2.045216322
286,0,212.51,21910,-787.74,20909.75,-0.4999936528,13.27181847,21697.49,13.77181212,1.47,412.47,0,0,1,0,1000.25,212.51,0,213,14,2.053818941
287,0,212.51,21159,-787.74,20158.75,-0.4999936528,12.7951444,20946.49,13.29513805,1.47,394.51,0,0,1,0,1000.25,212.51,0,213,15,2.058122158
288,0,212.51,21946,-787.74,20945.75,-0.4999936528,13.29466836,21733.49,13.79466201,1.47,437.51,0,0,1,0,1000.25,212.51,0,213,16,2.067159653
289,0,212.51,23925,-787.74,22924.75,-0.4999936528,14.55077753,23712.49,15.05077118,1.49,439.51,0,0,1,0,1000.25,212.51,0,213,17,2.073925495
290,0,212.51,20071,-787.74,19070.75,-0.4999936528,12.10456998,19858.49,12.60456363,1.47,391.49,0,0,1,0,1000.25,212.51,0,213,18,2.081333637
291,0,212.51,19907,-787.74,18906.75,-0.4999936528,12.00047604,19694.49,12.50046969,1.515,402.505,0,0,1,0,1000.25,212.51,0,213,19,2.086144686
292,0,212.51,20453,-787.74,19452.75,-0.4999936528,12.34703269,20240.49,12.84702634,1.47,399.51,0,0,1,0,1000.25,212.51,0,213,20,2.095303774
293,0,212.51,21393,-787.74,20392.75,-0.4999936528,12.94366868,21180.49,13.44366233,1.51,391.51,0,0,1,0,1000.25,212.51,0,213,21,2.104629278
294,0,212.51,21447,-787.74,20446.75,-0.4999936528,12.97794351,21234.49,13.47793716,1.51,409.51,0,0,1,0,1000.25,212.51,0,213,22,2.114582777
295,0,212.51,20912,-787.74,19911.75,-0.4999936528,12.63836877,20699.49,13.13836242,1.47,419.51,0,0,1,0,1000.25,212.51,0,213,23,2.124345779
296,0,212.51,20917,-787.74,19916.75,-0.4999936528,12.64154237,20704.49,13.14153602,1.51,406.51,0,0,1,0,1000.25,212.51,0,213,24,2.1342628
297,0,212.51,20773,-787.74,19772.75,-0.4999936528,12.55014281,20560.49,13.05013646,1.496666667,401.5166667,0,0,1,0,1000.25,212.51,0,213,25,2.140753746
298,0,212.51,21655,-787.74,20654.75,-0.4999936528,13.10996509,21442.49,13.60995874,1.47,412.51,0,0,1,0,1000.25,212.51,0,213,26,2.150184155
299,0,212.51,20771,-787.74,19770.75,-0.4999936528,12.54887337,20558.49,13.04886703,1.51,408.51,0,0,1,0,1000.25,212.51,0,213,27,2.156986237
300,0,212.51,21037,-787.74,20036.75,-0.4999936528,12.71770866,20824.49,13.21770232,1.51,409.51,0,0,1,0,1000.25,212.51,0,213,28,2.166302681
301,0,212.51,19254,-787.74,18253.75,-0.4999936528,11.58600444,19041.49,12.0859981,1.47,376.51,0,0,1,0,1000.25,212.51,0,213,29,2.173933983
302,0,212.51,22263,-787.74,21262.75,-0.4999936528,13.49587433,22050.49,13.99586798,1.51,417.51,0,0,1,0,1000.25,212.51,0,213,30,2.181171656
303,0,212.51,21049,-787.74,20048.75,-0.4999936528,12.72532529,20836.49,13.22531895,1.47,410.49,0,0,1,0,1000.25,212.51,0,213,31,2.190028191
304,0,212.51,21854,-787.74,20853.75,-0.4999936528,13.2362742,21641.49,13.73626785,1.47,441.53,0,0,1,0,1000.25,212.51,0,213,32,2.194896936
305,0,212.51,20204,-787.74,19203.75,-0.4999936528,12.18898762,19991.49,12.68898128,1.496666667,389.51,0,0,1,0,1000.25,212.51,0,213,33,2.203460217
306,0,212.51,21263,-787.74,20262.75,-0.4999936528,12.86115519,21050.49,13.36114884,1.47,403.51,0,0,1,0,1000.25,212.51,0,213,34,2.211161852
307,0,212.51,20185,-787.74,19184.75,-0.4999936528,12.17692796,19972.49,12.67692161,1.49,404.51,0,0,1,0,1000.25,212.51,0,213,35,2.217970848
308,0,212.51,19184,-787.74,18183.75,-0.4999936528,11.5415741,18971.49,12.04156776,1.515,365.505,0,0,1,0,1000.25,212.51,0,213,36,2.226048946
309,0,212.51,21411,-787.74,20410.75,-0.4999936528,12.95509362,21198.49,13.45508727,1.51,404.51,0,0,1,0,1000.25,212.51,0,213,37,2.233660936
310,0,212.51,21870,-787.74,20869.75,-0.4999936528,13.2464297,21657.49,13.74642336,1.47,432.51,0,0,1,0,1000.25,212.51,0,213,38,2.242767572
311,0,212.51,22130,-787.74,21129.75,-0.4999936528,13.41145668,21917.49,13.91145033,1.51,420.49,0,0,1,0,1000.25,212.51,0,213,39,2.252446175
312,0,212.51,20448,-787.74,19447.75,-0.4999936528,12.34385909,20235.49,12.84385275,1.51,380.51,0,0,1,0,1000.25,212.51,0,213,40,2.256804943
313,0,212.51,21739,-787.74,20738.75,-0.4999936528,13.1632815,21526.49,13.66327515,1.51,419.49,0,0,1,0,1000.25,212.51,0,213,41,2.265769243
314,0,212.51,21172,-787.74,20171.75,-0.4999936528,12.80339575,20959.49,13.3033894,1.47,396.51,0,0,1,0,1000.25,212.51,0,213,42,2.270418644
315,0,212.51,19312,-787.74,18311.75,-0.4999936528,11.62281815,19099.49,12.12281181,1.47,383.53,0,0,1,0,1000.25,212.51,0,213,43,2.280042171
316,0,212.51,21075,-787.74,20074.75,-0.4999936528,12.74182799,20862.49,13.24182164,1.51,401.51,0,0,1,0,1000.25,212.51,0,213,44,2.289062262
317,0,212.51,21544,-787.74,20543.75,-0.4999936528,13.03951127,21331.49,13.53950492,1.47,403.51,0,0,1,0,1000.25,212.51,0,213,45,2.296732664
318,0,212.51,21553,-787.74,20552.75,-0.4999936528,13.04522374,21340.49,13.54521739,1.51,411.51,0,0,1,0,1000.25,212.51,0,213,46,2.303313971
319,0,212.51,19279,-787.74,18278.75,-0.4999936528,11.60187242,19066.49,12.10186607,1.51,387.51,0,0,1,0,1000.25,212.51,0,213,47,2.312622786
320,0,212.51,22123,-787.74,21122.75,-0.4999936528,13.40701365,21910.49,13.9070073,1.47,422.51,0,0,1,0,1000.25,212.51,0,213,48,2.318804741
321,0,212.51,21351,-787.74,20350.75,-0.4999936528,12.91701047,21138.49,13.41700413,1.49,415.5033333,0,0,1,0,1000.25,212.51,0,213,49,2.325982332
322,0,212.51,22124,-787.74,21123.75,-0.4999936528,13.40764837,21911.49,13.90764202,1.47,424.53,0,0,1,0,1000.25,212.51,0,213,0,2.33300066
323,0,212.51,18178,-787.74,17177.75,-0.4999936528,10.90304665,17965.49,11.4030403,1.51,356.51,0,0,1,0,1000.25,212.51,0,213,1,2.342757702
324,0,212.51,19810,-787.74,18809.75,-0.4999936528,11.93890828,19597.49,12.43890194,1.51,375.51,0,0,1,0,1000.25,212.51,0,213,2,2.351951122
325,0,212.51,21534,-787.74,20533.75,-0.4999936528,13.03316407,21321.49,13.53315773,1.505,423.495,0,0,1,0,1000.25,212.51,0,213,3,2.358625412
326,0,212.51,20236,-787.74,19235.75,-0.4999936528,12.20929864,20023.49,12.70929229,1.47,391.51,0,0,1,0,1000.25,212.51,0,213,4,2.364754915
327,0,212.51,21235,-787.74,20234.75,-0.4999936528,12.84338305,21022.49,13.34337671,1.51,412.51,0,0,1,0,1000.25,212.51,0,213,5,2.373557568
328,0,212.51,19247,-787.74,18246.75,-0.4999936528,11.58156141,19034.49,12.08155506,1.47,362.53,0,0,1,0,1000.25,212.51,0,213,6,2.381981134
329,0,212.51,18944,-787.74,17943.75,-0.4999936528,11.38924151,18731.49,11.88923516,1.51,372.51,0,0,1,0,1000.25,212.51,0,213,7,2.391171932
330,0,212.51,21946,-787.74,20945.75,-0.4999936528,13.29466836,21733.49,13.79466201,1.47,446.51,0,0,1,0,1000.25,212.51,0,213,8,2.398533821
331,0,212.51,20100,-787.74,19099.75,-0.4999936528,12.12297683,19887.49,12.62297049,1.51,371.51,0,0,1,0,1000.25,212.51,0,213,9,2.406053305
332,0,212.51,19903,-787.74,18902.75,-0.4999936528,11.99793716,19690.49,12.49793082,1.47,381.49,0,0,1,0,1000.25,212.51,0,213,10,2.412918806
333,0,212.51,20688,-787.74,19687.75,-0.4999936528,12.49619169,20475.49,12.99618534,1.496666667,394.5166667,0,0,1,0,1000.25,212.51,0,213,11,2.417487144
334,0,212.51,23497,-787.74,22496.75,-0.4999936528,14.27911774,23284.49,14.77911139,1.47,432.51,0,0,1,0,1000.25,212.51,0,213,12,2.427644968
335,0,212.51,21165,-787.74,20164.75,-0.4999936528,12.79895271,20952.49,13.29894637,1.49,407.4966667,0,0,1,0,1000.25,212.51,0,213,13,2.436498165
336,0,212.51,20742,-787.74,19741.75,-0.4999936528,12.53046652,20529.49,13.03046017,1.47,411.53,0,0,1,0,1000.25,212.51,0,213,14,2.441713572
337,0,212.51,21639,-787.74,20638.75,-0.4999936528,13.09980958,21426.49,13.59980324,1.496666667,413.5166667,0,0,1,0,1000.25,212.51,0,213,15,2.450210333
338,0,212.51,19402,-787.74,18401.75,-0.4999936528,11.67994288,19189.49,12.17993653,1.47,391.53,0,0,1,0,1000.25,212.51,0,213,16,2.457978487
339,0,212.51,20150,-787.74,19149.75,-0.4999936528,12.15471279,19937.49,12.65470644,1.47,384.51,0,0,1,0,1000.25,212.51,0,213,17,2.4648242
340,0,212.51,19790,-787.74,18789.75,-0.4999936528,11.9262139,19577.49,12.42620755,1.51,393.51,0,0,1,0,1000.25,212.51,0,213,18,2.471128225
341,0,212.51,22528,-787.74,21527.75,-0.4999936528,13.6640749,22315.49,14.16406855,1.47,436.53,0,0,1,0,1000.25,212.51,0,213,19,2.477345467
342,0,212.51,18996,-787.74,17995.75,-0.4999936528,11.42224691,18783.49,11.92224056,1.47,360.51,0,0,1,0,1000.25,212.51,0,213,20,2.487119436
343,0,212.51,19712,-787.74,18711.75,-0.4999936528,11.87670581,19499.49,12.37669946,1.51,379.49,0,0,1,0,1000.25,212.51,0,213,21,2.494320154
344,0,212.51,20365,-787.74,19364.75,-0.4999936528,12.2911774,20152.49,12.79117106,1.47,404.51,0,0,1,0,1000.25,212.51,0,213,22,2.499274969
345,0,212.51,19932,-787.74,18931.75,-0.4999936528,12.01634402,19719.49,12.51633767,1.49,400.5033333,0,0,1,0,1000.25,212.51,0,213,23,2.505485773
346,0,212.51,20577,-787.74,19576.75,-0.4999936528,12.42573786,20364.49,12.92573151,1.47,405.53,0,0,1,0,1000.25,212.51,0,213,24,2.512248516
347,0,212.51,20991,-787.74,19990.75,-0.4999936528,12.68851158,20778.49,13.18850524,1.51,406.49,0,0,1,0,1000.25,212.51,0,213,25,2.521517038
348,0,212.51,23353,-787.74,22352.75,-0.4999936528,14.18771818,23140.49,14.68771184,1.51,439.51,0,0,1,0,1000.25,212.51,0,213,26,2.526050806
349,0,212.51,22274,-787.74,21273.75,-0.4999936528,13.50285624,22061.49,14.00284989,1.47,429.51,0,0,1,0,1000.25,212.51,0,213,27,2.533168077
350,0,212.51,20507,-787.74,19506.75,-0.4999936528,12.38130752,20294.49,12.88130117,1.51,401.49,0,0,1,0,1000.25,212.51,0,213,28,2.542442322
351,0,212.51,21615,-787.74,20614.75,-0.4999936528,13.08457632,21402.49,13.58456998,1.51,400.49,0,0,1,0,1000.25,212.51,0,213,29,2.546980143
352,0,212.51,22424,-787.74,21423.75,-0.4999936528,13.59806411,22211.49,14.09805776,1.51,414.51,0,0,1,0,1000.25,212.51,0,213,30,2.551087856
353,0,212.51,19642,-787.74,18641.75,-0.4999936528,11.83227547,19429.49,12.33226912,1.47,398.51,0,0,1,0,1000.25,212.51,0,213,31,2.559910536
354,0,212.51,19848,-787.74,18847.75,-0.4999936528,11.96302761,19635.49,12.46302126,1.52,405.48,0,0,1,0,1000.25,212.51,0,213,32,2.569232464
355,0,212.51,22125,-787.74,21124.75,-0.4999936528,13.40828308,21912.49,13.90827674,1.47,425.53,0,0,1,0,1000.25,212.51,0,213,33,2.573857307
356,0,212.51,20053,-787.74,19052.75,-0.4999936528,12.09314503,19840.49,12.59313869,1.496666667,400.4966667,0,0,1,0,1000.25,212.51,0,213,34,2.582008123
357,0,212.51,21088,-787.74,20087.75,-0.4999936528,12.75007934,20875.49,13.25007299,1.47,431.53,0,0,1,0,1000.25,212.51,0,213,35,2.587031841
358,0,212.51,20237,-787.74,19236.75,-0.4999936528,12.20993335,20024.49,12.70992701,1.47,397.51,0,0,1,0,1000.25,212.51,0,213,36,2.594765663
359,0,212.51,19943,-787.74,18942.75,-0.4999936528,12.02332593,19730.49,12.52331958,1.52,394.5,0,0,1,0,1000.25,212.51,0,213,37,2.601393938
360,0,212.51,20691,-787.74,19690.75,-0.4999936528,12.49809584,20478.49,12.9980895,1.47,399.51,0,0,1,0,1000.25,212.51,0,213,38,2.60725975
361,0,212.51,18764,-787.74,17763.75,-0.4999936528,11.27499207,18551.49,11.77498572,1.47,366.51,0,0,1,0,1000.25,212.51,0,213,39,2.614329815
362,0,212.51,21404,-787.74,20403.75,-0.4999936528,12.95065059,21191.49,13.45064424,1.49,414.5033333,0,0,1,0,1000.25,212.51,0,213,40,2.623872995
363,0,212.51,21137,-787.74,20136.75,-0.4999936528,12.78118058,20924.49,13.28117423,1.47,396.53,0,0,1,0,1000.25,212.51,0,213,41,2.632330418
364,0,212.51,18633,-787.74,17632.75,-0.4999936528,11.19184386,18420.49,11.69183751,1.47,359.53,0,0,1,0,1000.25,212.51,0,213,42,2.63993454
365,0,212.51,19854,-787.74,18853.75,-0.4999936528,11.96683593,19641.49,12.46682958,1.47,382.51,0,0,1,0,1000.25,212.51,0,213,43,2.647764206
366,0,212.51,20287,-787.74,19286.75,-0.4999936528,12.24166931,20074.49,12.74166296,1.47,390.51,0,0,1,0,1000.25,212.51,0,213,44,2.656494141
367,0,212.51,20116,-787.74,19115.75,-0.4999936528,12.13313234,19903.49,12.63312599,1.49,394.5033333,0,0,1,0,1000.25,212.51,0,213,45,2.66332984
368,0,212.51,20155,-787.74,19154.75,-0.4999936528,12.15788639,19942.49,12.65788004,1.47,389.53,0,0,1,0,1000.25,212.51,0,213,46,2.67041707
369,0,212.51,20902,-787.74,19901.75,-0.4999936528,12.63202158,20689.49,13.13201523,1.496666667,409.51,0,0,1,0,1000.25,212.51,0,213,47,2.678615332
370,0,212.51,22342,-787.74,21341.75,-0.4999936528,13.54601714,22129.49,14.04601079,1.47,424.51,0,0,1,0,1000.25,212.51,0,213,48,2.686306715
371,0,212.51,21356,-787.74,20355.75,-0.4999936528,12.92018407,21143.49,13.42017772,1.47,404.53,0,0,1,0,1000.25,212.51,0,213,49,2.696502686
372,0,212.51,22696,-787.74,21695.75,-0.4999936528,13.77070771,22483.49,14.27070136,1.51,432.51,0,0,1,0,1000.25,212.51,0,213,0,2.70385313
373,0,212.51,20511,-787.74,19510.75,-0.4999936528,12.3838464,20298.49,12.88384005,1.51,395.51,0,0,1,0,1000.25,212.51,0,213,1,2.712833881
374,0,212.51,21170,-787.74,20169.75,-0.4999936528,12.80212631,20957.49,13.30211996,1.47,404.49,0,0,1,0,1000.25,212.51,0,213,2,2.720948696
375,0,212.51,21490,-787.74,20489.75,-0.4999936528,13.00523643,21277.49,13.50523009,1.51,415.49,0,0,1,0,1000.25,212.51,0,213,3,2.725195169
376,0,212.51,19033,-787.74,18032.75,-0.4999936528,11.44573151,18820.49,11.94572517,1.51,385.51,0,0,1,0,1000.25,212.51,0,213,4,2.729433775
377,0,212.51,21234,-787.74,20233.75,-0.4999936528,12.84274833,21021.49,13.34274199,1.47,408.49,0,0,1,0,1000.25,212.51,0,213,5,2.73892355
378,0,212.51,20286,-787.74,19285.75,-0.4999936528,12.24103459,20073.49,12.74102825,1.47,402.51,0,0,1,0,1000.25,212.51,0,213,6,2.74369669
379,0,212.51,20391,-787.74,19390.75,-0.4999936528,12.3076801,20178.49,12.80767375,1.47,396.49,0,0,1,0,1000.25,212.51,0,213,7,2.752980947
380,0,212.51,21005,-787.74,20004.75,-0.4999936528,12.69739765,20792.49,13.1973913,1.51,394.51,0,0,1,0,1000.25,212.51,0,213,8,2.757515192
381,0,212.51,19801,-787.74,18800.75,-0.4999936528,11.93319581,19588.49,12.43318946,1.47,393.53,0,0,1,0,1000.25,212.51,0,213,9,2.76450491
382,0,212.51,20035,-787.74,19034.75,-0.4999936528,12.08172009,19822.49,12.58171374,1.47,382.51,0,0,1,0,1000.25,212.51,0,213,10,2.773954153
383,0,212.51,20622,-787.74,19621.75,-0.4999936528,12.45430022,20409.49,12.95429387,1.47,406.51,0,0,1,0,1000.25,212.51,0,213,11,2.781684399
384,0,212.51,21553,-787.74,20552.75,-0.4999936528,13.04522374,21340.49,13.54521739,1.47,414.51,0,0,1,0,1000.25,212.51,0,213,12,2.792073488
385,0,212.51,20161,-787.74,19160.75,-0.4999936528,12.1616947,19948.49,12.66168835,1.47,384.53,0,0,1,0,1000.25,212.51,0,213,13,2.801348209
386,0,212.51,19483,-787.74,18482.75,-0.4999936528,11.73135513,19270.49,12.23134878,1.51,385.49,0,0,1,0,1000.25,212.51,0,213,14,2.811351776
387,0,212.51,20999,-787.74,19998.75,-0.4999936528,12.69358934,20786.49,13.19358299,1.51,398.51,0,0,1,0,1000.25,212.51,0,213,15,2.815645695
388,0,212.51,19579,-787.74,18578.75,-0.4999936528,11.79228816,19366.49,12.29228182,1.47,385.53,0,0,1,0,1000.25,212.51,0,213,16,2.822528362
389,0,212.51,21151,-787.74,20150.75,-0.4999936528,12.79006665,20938.49,13.2900603,1.51,394.49,0,0,1,0,1000.25,212.51,0,213,17,2.832248688
390,0,212.51,19649,-787.74,18648.75,-0.4999936528,11.8367185,19436.49,12.33671215,1.47,376.51,0,0,1,0,1000.25,212.51,0,213,18,2.837103128
391,0,212.51,21762,-787.74,20761.75,-0.4999936528,13.17788004,21549.49,13.67787369,1.49,417.5033333,0,0,1,0,1000.25,212.51,0,213,19,2.846643686
392,0,212.51,19814,-787.74,18813.75,-0.4999936528,11.94144716,19601.49,12.44144081,1.47,396.53,0,0,1,0,1000.25,212.51,0,213,20,2.857172728
393,0,212.51,20996,-787.74,19995.75,-0.4999936528,12.69168518,20783.49,13.19167883,1.496666667,422.5033333,0,0,1,0,1000.25,212.51,0,213,21,2.865091801
394,0,212.51,21420,-787.74,20419.75,-0.4999936528,12.96080609,21207.49,13.46079975,1.47,406.49,0,0,1,0,1000.25,212.51,0,213,22,2.873333454
395,0,212.51,20712,-787.74,19711.75,-0.4999936528,12.51142494,20499.49,13.0114186,1.47,405.51,0,0,1,0,1000.25,212.51,0,213,23,2.878074646
396,0,212.51,18643,-787.74,17642.75,-0.4999936528,11.19819105,18430.49,11.6981847,1.51,373.49,0,0,1,0,1000.25,212.51,0,213,24,2.887104988
397,0,212.51,18374,-787.74,17373.75,-0.4999936528,11.0274516,18161.49,11.52744526,1.52,350.515,0,0,1,0,1000.25,212.51,0,213,25,2.891902208
398,0,212.51,19735,-787.74,18734.75,-0.4999936528,11.89130435,19522.49,12.391298,1.47,379.53,0,0,1,0,1000.25,212.51,0,213,26,2.901325703
399,0,212.51,21888,-787.74,20887.75,-0.4999936528,13.25785465,21675.49,13.7578483,1.51,416.49,0,0,1,0,1000.25,212.51,0,213,27,2.910404444
400,0,212.51,22101,-787.74,21100.75,-0.4999936528,13.39304983,21888.49,13.89304348,1.51,412.51,0,0,1,0,1000.25,212.51,0,213,28,2.914625406
401,0,212.51,21054,-787.74,20053.75,-0.4999936528,12.72849889,20841.49,13.22849254,1.47,406.51,0,0,1,0,1000.25,212.51,0,213,29,2.923615456
402,0,212.51,21314,-787.74,20313.75,-0.4999936528,12.89352586,21101.49,13.39351952,1.47,407.49,0,0,1,0,1000.25,212.51,0,213,30,2.933043242
403,0,212.51,21198,-787.74,20197.75,-0.4999936528,12.81989844,20985.49,13.3198921,1.51,409.51,0,0,1,0,1000.25,212.51,0,213,31,2.937649488
404,0,212.51,19603,-787.74,18602.75,-0.4999936528,11.80752142,19390.49,12.30751507,1.51,385.51,0,0,1,0,1000.25,212.51,0,213,32,2.943398952
405,0,212.51,21045,-787.74,20044.75,-0.4999936528,12.72278642,20832.49,13.22278007,1.496666667,410.5033333,0,0,1,0,1000.25,212.51,0,213,33,2.952615499
406,0,212.51,19529,-787.74,18528.75,-0.4999936528,11.76055221,19316.49,12.26054586,1.47,388.51,0,0,1,0,1000.25,212.51,0,213,34,2.96000433
407,0,212.51,19021,-787.74,18020.75,-0.4999936528,11.43811488,18808.49,11.93810854,1.52,364.52,0,0,1,0,1000.25,212.51,0,213,35,2.968978405
408,0,212.51,18877,-787.74,17876.75,-0.4999936528,11.34671533,18664.49,11.84670898,1.47,377.47,0,0,1,0,1000.25,212.51,0,213,36,2.976148605
409,0,212.51,21179,-787.74,20178.75,-0.4999936528,12.80783878,20966.49,13.30783243,1.47,408.49,0,0,1,0,1000.25,212.51,0,213,37,2.980614901
410,0,212.51,21135,-787.74,20134.75,-0.4999936528,12.77991114,20922.49,13.27990479,1.47,404.49,0,0,1,0,1000.25,212.51,0,213,38,2.985198259
411,0,212.51,19077,-787.74,18076.75,-0.4999936528,11.47365916,18864.49,11.97365281,1.47,361.51,0,0,1,0,1000.25,212.51,0,213,39,2.989796638
412,0,212.51,22279,-787.74,21278.75,-0.4999936528,13.50602983,22066.49,14.00602348,1.51,438.51,0,0,1,0,1000.25,212.51,0,213,40,2.999088049
413,0,212.51,21832,-787.74,20831.75,-0.4999936528,13.22231038,21619.49,13.72230403,1.47,417.51,0,0,1,0,1000.25,212.51,0,213,41,3.005255222
414,0,212.51,20211,-787.74,19210.75,-0.4999936528,12.19343066,19998.49,12.69342431,1.49,397.5033333,0,0,1,0,1000.25,212.51,0,213,42,3.01133132
415,0,212.51,19908,-787.74,18907.75,-0.4999936528,12.00111076,19695.49,12.50110441,1.47,392.51,0,0,1,0,1000.25,212.51,0,213,43,3.017894268
416,0,212.51,20295,-787.74,19294.75,-0.4999936528,12.24674706,20082.49,12.74674072,1.496666667,385.51,0,0,1,0,1000.25,212.51,0,213,44,3.027026892
417,0,212.51,21186,-787.74,20185.75,-0.4999936528,12.81228182,20973.49,13.31227547,1.47,392.53,0,0,1,0,1000.25,212.51,0,213,45,3.03435874
418,0,212.51,20211,-787.74,19210.75,-0.4999936528,12.19343066,19998.49,12.69342431,1.47,392.49,0,0,1,0,1000.25,212.51,0,213,46,3.041071653
419,0,212.51,20009,-787.74,19008.75,-0.4999936528,12.06521739,19796.49,12.56521104,1.47,382.49,0,0,1,0,1000.25,212.51,0,213,47,3.045588255
420,0,212.51,20889,-787.74,19888.75,-0.4999936528,12.62377023,20676.49,13.12376388,1.47,400.49,0,0,1,0,1000.25,212.51,0,213,48,3.050683498
421,0,212.51,19773,-787.74,18772.75,-0.4999936528,11.91542368,19560.49,12.41541733,1.47,380.51,0,0,1,0,1000.25,212.51,0,213,49,3.054948568
422,0,212.51,19970,-787.74,18969.75,-0.4999936528,12.04046334,19757.49,12.540457,1.49,388.5033333,0,0,1,0,1000.25,212.51,0,213,0,3.061180115
423,0,212.51,21381,-787.74,20380.75,-0.4999936528,12.93605205,21168.49,13.4360457,1.47,405.51,0,0,1,0,1000.25,212.51,0,213,1,3.068356037
424,0,212.51,20451,-787.74,19450.75,-0.4999936528,12.34576325,20238.49,12.8457569,1.496666667,407.5166667,0,0,1,0,1000.25,212.51,0,213,2,3.077317476
425,0,212.51,19401,-787.74,18400.75,-0.4999936528,11.67930816,19188.49,12.17930181,1.47,386.49,0,0,1,0,1000.25,212.51,0,213,3,3.086719751
426,0,212.51,19444,-787.74,18443.75,-0.4999936528,11.70660108,19231.49,12.20659473,1.47,402.49,0,0,1,0,1000.25,212.51,0,213,4,3.091498375
427,0,212.51,20667,-787.74,19666.75,-0.4999936528,12.48286258,20454.49,12.98285624,1.47,399.53,0,0,1,0,1000.25,212.51,0,213,5,3.096283913
428,0,212.51,18950,-787.74,17949.75,-0.4999936528,11.39304983,18737.49,11.89304348,1.51,380.51,0,0,1,0,1000.25,212.51,0,213,6,3.105354548
429,0,212.51,20750,-787.74,19749.75,-0.4999936528,12.53554427,20537.49,13.03553792,1.47,410.51,0,0,1,0,1000.25,212.51,0,213,7,3.115133762
430,0,212.51,20617,-787.74,19616.75,-0.4999936528,12.45112663,20404.49,12.95112028,1.51,417.49,0,0,1,0,1000.25,212.51,0,213,8,3.124344587
431,0,212.51,22677,-787.74,21676.75,-0.4999936528,13.75864805,22464.49,14.2586417,1.47,411.51,0,0,1,0,1000.25,212.51,0,213,9,3.130142689
432,0,212.51,20228,-787.74,19227.75,-0.4999936528,12.20422088,20015.49,12.70421454,1.47,401.53,0,0,1,0,1000.25,212.51,0,213,10,3.139390945
433,0,212.51,22144,-787.74,21143.75,-0.4999936528,13.42034275,21931.49,13.9203364,1.51,440.49,0,0,1,0,1000.25,212.51,0,213,11,3.146505117
434,0,212.51,20617,-787.74,19616.75,-0.4999936528,12.45112663,20404.49,12.95112028,1.55,396.53,0,0,1,0,1000.25,212.51,0,213,12,3.151488543
435,0,212.51,21242,-787.74,20241.75,-0.4999936528,12.84782609,21029.49,13.34781974,1.47,403.51,0,0,1,0,1000.25,212.51,0,213,13,3.159568548
436,0,212.51,20931,-787.74,19930.75,-0.4999936528,12.65042844,20718.49,13.15042209,1.49,383.5033333,0,0,1,0,1000.25,212.51,0,213,14,3.166800737
437,0,212.51,21662,-787.74,20661.75,-0.4999936528,13.11440812,21449.49,13.61440178,1.47,402.53,0,0,1,0,1000.25,212.51,0,213,15,3.173451185
438,0,212.51,21628,-787.74,20627.75,-0.4999936528,13.09282767,21415.49,13.59282133,1.47,404.53,0,0,1,0,1000.25,212.51,0,213,16,3.180885077
439,0,212.51,19024,-787.74,18023.75,-0.4999936528,11.44001904,18811.49,11.94001269,1.496666667,355.4966667,0,0,1,0,1000.25,212.51,0,213,17,3.188835144
440,0,212.51,21743,-787.74,20742.75,-0.4999936528,13.16582037,21530.49,13.66581403,1.47,425.51,0,0,1,0,1000.25,212.51,0,213,18,3.194210052
441,0,212.51,19932,-787.74,18931.75,-0.4999936528,12.01634402,19719.49,12.51633767,1.47,404.49,0,0,1,0,1000.25,212.51,0,213,19,3.203572035
442,0,212.51,21257,-787.74,20256.75,-0.4999936528,12.85734687,21044.49,13.35734053,1.51,394.51,0,0,1,0,1000.25,212.51,0,213,20,3.208452225
443,0,212.51,19890,-787.74,18889.75,-0.4999936528,11.98968581,19677.49,12.48967947,1.47,390.53,0,0,1,0,1000.25,212.51,0,213,21,3.217454195
444,0,212.51,22033,-787.74,21032.75,-0.4999936528,13.34988892,21820.49,13.84988258,1.51,406.51,0,0,1,0,1000.25,212.51,0,213,22,3.224217415
445,0,212.51,18927,-787.74,17926.75,-0.4999936528,11.37845129,18714.49,11.87844494,1.47,385.51,0,0,1,0,1000.25,212.51,0,213,23,3.230876923
446,0,212.51,23804,-787.74,22803.75,-0.4999936528,14.47397652,23591.49,14.97397017,1.47,443.49,0,0,1,0,1000.25,212.51,0,213,24,3.237711906
447,0,212.51,21467,-787.74,20466.75,-0.4999936528,12.99063789,21254.49,13.49063155,1.51,422.49,0,0,1,0,1000.25,212.51,0,213,25,3.242620945
448,0,212.51,21643,-787.74,20642.75,-0.4999936528,13.10234846,21430.49,13.60234211,1.51,414.51,0,0,1,0,1000.25,212.51,0,213,26,3.246847153
449,0,212.51,21673,-787.74,20672.75,-0.4999936528,13.12139003,21460.49,13.62138369,1.47,418.47,0,0,1,0,1000.25,212.51,0,213,27,3.254703045
450,0,212.51,20492,-787.74,19491.75,-0.4999936528,12.37178673,20279.49,12.87178039,1.47,384.53,0,0,1,0,1000.25,212.51,0,213,28,3.25890851
451,0,212.51,20556,-787.74,19555.75,-0.4999936528,12.41240876,20343.49,12.91240241,1.51,392.49,0,0,1,0,1000.25,212.51,0,213,29,3.268078327
452,0,212.51,19869,-787.74,18868.75,-0.4999936528,11.97635671,19656.49,12.47635036,1.47,393.51,0,0,1,0,1000.25,212.51,0,213,30,3.273487568
453,0,212.51,20144,-787.74,19143.75,-0.4999936528,12.15090447,19931.49,12.65089813,1.49,395.5033333,0,0,1,0,1000.25,212.51,0,213,31,3.283263922
454,0,212.51,20431,-787.74,19430.75,-0.4999936528,12.33306887,20218.49,12.83306252,1.47,394.51,0,0,1,0,1000.25,212.51,0,213,32,3.290285349
455,0,212.51,20395,-787.74,19394.75,-0.4999936528,12.31021898,20182.49,12.81021263,1.51,398.51,0,0,1,0,1000.25,212.51,0,213,33,3.299428225
456,0,212.51,20909,-787.74,19908.75,-0.4999936528,12.63646461,20696.49,13.13645827,1.51,400.51,0,0,1,0,1000.25,212.51,0,213,34,3.309475183
457,0,212.51,20232,-787.74,19231.75,-0.4999936528,12.20675976,20019.49,12.70675341,1.47,383.53,0,0,1,0,1000.25,212.51,0,213,35,3.319387197
458,0,212.51,21211,-787.74,20210.75,-0.4999936528,12.82814979,20998.49,13.32814345,1.47,425.49,0,0,1,0,1000.25,212.51,0,213,36,3.32669878
459,0,212.51,20861,-787.74,19860.75,-0.4999936528,12.6059981,20648.49,13.10599175,1.47,396.51,0,0,1,0,1000.25,212.51,0,213,37,3.331362009
460,0,212.51,20813,-787.74,19812.75,-0.4999936528,12.57553158,20600.49,13.07552523,1.47,388.49,0,0,1,0,1000.25,212.51,0,213,38,3.341761827
461,0,212.51,19547,-787.74,18546.75,-0.4999936528,11.77197715,19334.49,12.2719708,1.47,374.51,0,0,1,0,1000.25,212.51,0,213,39,3.346688986
462,0,212.51,22280,-787.74,21279.75,-0.4999936528,13.50666455,22067.49,14.0066582,1.51,434.51,0,0,1,0,1000.25,212.51,0,213,40,3.352698326
463,0,212.51,20861,-787.74,19860.75,-0.4999936528,12.6059981,20648.49,13.10599175,1.51,406.51,0,0,1,0,1000.25,212.51,0,213,41,3.361257792
464,0,212.51,19684,-787.74,18683.75,-0.4999936528,11.85893367,19471.49,12.35892732,1.51,379.51,0,0,1,0,1000.25,212.51,0,213,42,3.371262074
465,0,212.51,21837,-787.74,20836.75,-0.4999936528,13.22548397,21624.49,13.72547763,1.47,422.53,0,0,1,0,1000.25,212.51,0,213,43,3.37853241
466,0,212.51,19209,-787.74,18208.75,-0.4999936528,11.55744208,18996.49,12.05743573,1.47,385.53,0,0,1,0,1000.25,212.51,0,213,44,3.385935307
467,0,212.51,20461,-787.74,19460.75,-0.4999936528,12.35211044,20248.49,12.85210409,1.51,405.49,0,0,1,0,1000.25,212.51,0,213,45,3.393841028
468,0,212.51,21007,-787.74,20006.75,-0.4999936528,12.69866709,20794.49,13.19866074,1.47,403.53,0,0,1,0,1000.25,212.51,0,213,46,3.39893651
469,0,212.51,20619,-787.74,19618.75,-0.4999936528,12.45239606,20406.49,12.95238972,1.51,408.51,0,0,1,0,1000.25,212.51,0,213,47,3.408322334
470,0,212.51,19006,-787.74,18005.75,-0.4999936528,11.4285941,18793.49,11.92858775,1.47,373.51,0,0,1,0,1000.25,212.51,0,213,48,3.418807507
471,0,212.51,20988,-787.74,19987.75,-0.4999936528,12.68660743,20775.49,13.18660108,1.47,399.51,0,0,1,0,1000.25,212.51,0,213,49,3.425017595
472,0,212.51,20276,-787.74,19275.75,-0.4999936528,12.2346874,20063.49,12.73468105,1.51,391.51,0,0,1,0,1000.25,212.51,0,213,0,3.432496548
473,0,212.51,20336,-787.74,19335.75,-0.4999936528,12.27277055,20123.49,12.7727642,1.51,406.51,0,0,1,0,1000.25,212.51,0,213,1,3.441114426
474,0,212.51,20325,-787.74,19324.75,-0.4999936528,12.26578864,20112.49,12.76578229,1.515,407.505,0,0,1,0,1000.25,212.51,0,213,2,3.448540926
475,0,212.51,21952,-787.74,20951.75,-0.4999936528,13.29847667,21739.49,13.79847033,1.47,403.51,0,0,1,0,1000.25,212.51,0,213,3,3.459226131
476,0,212.51,20155,-787.74,19154.75,-0.4999936528,12.15788639,19942.49,12.65788004,1.496666667,388.5033333,0,0,1,0,1000.25,212.51,0,213,4,3.468754053
477,0,212.51,21488,-787.74,20487.75,-0.4999936528,13.00396699,21275.49,13.50396065,1.51,398.51,0,0,1,0,1000.25,212.51,0,213,5,3.476277351
478,0,212.51,21650,-787.74,20649.75,-0.4999936528,13.10679149,21437.49,13.60678515,1.51,395.49,0,0,1,0,1000.25,212.51,0,213,6,3.485836267
479,0,212.51,19430,-787.74,18429.75,-0.4999936528,11.69771501,19217.49,12.19770866,1.51,384.49,0,0,1,0,1000.25,212.51,0,213,7,3.490026712
480,0,212.51,20055,-787.74,19054.75,-0.4999936528,12.09441447,19842.49,12.59440812,1.47,397.51,0,0,1,0,1000.25,212.51,0,213,8,3.494896173
481,0,212.51,20704,-787.74,19703.75,-0.4999936528,12.50634719,20491.49,13.00634084,1.51,397.49,0,0,1,0,1000.25,212.51,0,213,9,3.504176617
482,0,212.51,20170,-787.74,19169.75,-0.4999936528,12.16740717,19957.49,12.66740083,1.51,378.51,0,0,1,0,1000.25,212.51,0,213,10,3.508502722
483,0,212.51,20572,-787.74,19571.75,-0.4999936528,12.42256427,20359.49,12.92255792,1.51,387.51,0,0,1,0,1000.25,212.51,0,213,11,3.517674923
484,0,212.51,19494,-787.74,18493.75,-0.4999936528,11.73833704,19281.49,12.23833069,1.49,388.51,0,0,1,0,1000.25,212.51,0,213,12,3.525903702
485,0,212.51,19329,-787.74,18328.75,-0.4999936528,11.63360838,19116.49,12.13360203,1.47,380.51,0,0,1,0,1000.25,212.51,0,213,13,3.53253746
486,0,212.51,18597,-787.74,17596.75,-0.4999936528,11.16899397,18384.49,11.66898762,1.496666667,373.51,0,0,1,0,1000.25,212.51,0,213,14,3.538685799
487,0,212.51,20818,-787.74,19817.75,-0.4999936528,12.57870517,20605.49,13.07869883,1.47,414.53,0,0,1,0,1000.25,212.51,0,213,15,3.545803547
488,0,212.51,21409,-787.74,20408.75,-0.4999936528,12.95382418,21196.49,13.45381784,1.47,412.47,0,0,1,0,1000.25,212.51,0,213,16,3.55373621
489,0,212.51,20530,-787.74,19529.75,-0.4999936528,12.39590606,20317.49,12.89589971,1.47,394.51,0,0,1,0,1000.25,212.51,0,213,17,3.558942795
490,0,212.51,18946,-787.74,17945.75,-0.4999936528,11.39051095,18733.49,11.8905046,1.51,373.51,0,0,1,0,1000.25,212.51,0,213,18,3.568696499
491,0,212.51,19380,-787.74,18379.75,-0.4999936528,11.66597905,19167.49,12.16597271,1.47,380.53,0,0,1,0,1000.25,212.51,0,213,19,3.57783103
492,0,212.51,20529,-787.74,19528.75,-0.4999936528,12.39527134,20316.49,12.895265,1.496666667,396.51,0,0,1,0,1000.25,212.51,0,213,20,3.586916924
493,0,212.51,20952,-787.74,19951.75,-0.4999936528,12.66375754,20739.49,13.16375119,1.47,393.51,0,0,1,0,1000.25,212.51,0,213,21,3.595589876
494,0,212.51,19515,-787.74,18514.75,-0.4999936528,11.75166614,19302.49,12.25165979,1.51,391.49,0,0,1,0,1000.25,212.51,0,213,22,3.603534937
495,0,212.51,21499,-787.74,20498.75,-0.4999936528,13.01094891,21286.49,13.51094256,1.47,416.49,0,0,1,0,1000.25,212.51,0,213,23,3.608686686
496,0,212.51,19442,-787.74,18441.75,-0.4999936528,11.70533164,19229.49,12.20532529,1.47,381.53,0,0,1,0,1000.25,212.51,0,213,24,3.6134727
497,0,212.51,20760,-787.74,19759.75,-0.4999936528,12.54189146,20547.49,13.04188512,1.496666667,395.51,0,0,1,0,1000.25,212.51,0,213,25,3.620863914
498,0,212.51,19521,-787.74,18520.75,-0.4999936528,11.75547445,19308.49,12.25546811,1.47,375.53,0,0,1,0,1000.25,212.51,0,213,26,3.627923727
499,0,212.51,20366,-787.74,19365.75,-0.4999936528,12.29181212,20153.49,12.79180578,1.47,400.53,0,0,1,0,1000.25,212.51,0,213,27,3.635931969
500,0,212.51,21384,-787.74,20383.75,-0.4999936528,12.9379562,21171.49,13.43794986,1.496666667,414.5166667,0,0,1,0,1000.25,212.51,0,213,28,3.642713308
501,0,212.51,21057,-787.74,20056.75,-0.4999936528,12.73040305,20844.49,13.2303967,1.47,408.53,0,0,1,0,1000.25,212.51,0,213,29,3.651429176
502,0,212.51,22044,-787.74,21043.75,-0.4999936528,13.35687083,21831.49,13.85686449,1.51,424.51,1,1,0,0,1000.25,212.51,0,213,30,3.660735607
503,0,212.51,21551,-787.74,20550.75,-0.4999936528,13.0439543,21338.49,13.54394795,1.47,414.53,0,0,1,0,1000.25,212.51,0,213,31,3.670003414
504,0,212.51,19044,-787.74,18043.75,-0.4999936528,11.45271342,18831.49,11.95270708,1.47,370.47,0,0,1,0,1000.25,212.51,0,213,32,3.678111076
505,0,212.51,21307,-787.74,20306.75,-0.4999936528,12.88908283,21094.49,13.38907648,1.47,412.49,0,0,1,0,1000.25,212.51,0,213,33,3.683046579
506,0,212.51,20922,-787.74,19921.75,-0.4999936528,12.64471596,20709.49,13.14470962,1.496666667,398.4966667,0,0,1,0,1000.25,212.51,0,213,34,3.687347174
507,0,212.51,20179,-787.74,19178.75,-0.4999936528,12.17311964,19966.49,12.6731133,1.52,394.52,0,0,1,0,1000.25,212.51,0,213,35,3.692667484
508,0,212.51,21201,-787.74,20200.75,-0.4999936528,12.8218026,20988.49,13.32179626,1.47,414.47,0,0,1,0,1000.25,212.51,0,213,36,3.702815056
509,0,212.51,20066,-787.74,19065.75,-0.4999936528,12.10139638,19853.49,12.60139003,1.47,403.51,0,0,1,0,1000.25,212.51,0,213,37,3.707500935
510,0,212.51,20333,-787.74,19332.75,-0.4999936528,12.27086639,20120.49,12.77086004,1.51,379.51,0,0,1,0,1000.25,212.51,0,213,38,3.717334986
511,0,212.51,20830,-787.74,19829.75,-0.4999936528,12.5863218,20617.49,13.08631546,1.496666667,402.51,0,0,1,0,1000.25,212.51,0,213,39,3.725581169
512,0,212.51,20548,-787.74,19547.75,-0.4999936528,12.40733101,20335.49,12.90732466,1.47,389.49,0,0,1,0,1000.25,212.51,0,213,40,3.732349873
513,0,212.51,20687,-787.74,19686.75,-0.4999936528,12.49555697,20474.49,12.99555062,1.51,400.49,0,0,1,0,1000.25,212.51,0,213,41,3.736749649
514,0,212.51,21437,-787.74,20436.75,-0.4999936528,12.97159632,21224.49,13.47158997,1.47,408.53,0,0,1,0,1000.25,212.51,0,213,42,3.742136955
515,0,212.51,20946,-787.74,19945.75,-0.4999936528,12.65994922,20733.49,13.15994288,1.47,397.51,0,0,1,0,1000.25,212.51,0,213,43,3.749126673
516,0,212.51,21090,-787.74,20089.75,-0.4999936528,12.75134878,20877.49,13.25134243,1.49,401.51,0,0,1,0,1000.25,212.51,0,213,44,3.758252382
517,0,212.51,21167,-787.74,20166.75,-0.4999936528,12.80022215,20954.49,13.3002158,1.51,410.51,0,0,1,0,1000.25,212.51,0,213,45,3.766793966
518,0,212.51,22309,-787.74,21308.75,-0.4999936528,13.52507141,22096.49,14.02506506,1.47,433.53,0,0,1,0,1000.25,212.51,0,213,46,3.772770405
519,0,212.51,21441,-787.74,20440.75,-0.4999936528,12.9741352,21228.49,13.47412885,1.51,415.51,0,0,1,0,1000.25,212.51,0,213,47,3.779841661
520,0,212.51,20096,-787.74,19095.75,-0.4999936528,12.12043796,19883.49,12.62043161,1.51,379.49,0,0,1,0,1000.25,212.51,0,213,48,3.789946079
521,0,212.51,19755,-787.74,18754.75,-0.4999936528,11.90399873,19542.49,12.40399238,1.51,389.51,0,0,1,0,1000.25,212.51,0,213,49,3.794229746
522,0,212.51,22572,-787.74,21571.75,-0.4999936528,13.69200254,22359.49,14.19199619,1.51,420.51,0,0,1,0,1000.25,212.51,0,213,0,3.803402424
523,0,212.51,20369,-787.74,19368.75,-0.4999936528,12.29371628,20156.49,12.79370993,1.51,387.51,0,0,1,0,1000.25,212.51,0,213,1,3.81284523
524,0,212.51,20052,-787.74,19051.75,-0.4999936528,12.09251031,19839.49,12.59250397,1.51,379.51,0,0,1,0,1000.25,212.51,0,213,2,3.819747686
525,0,212.51,22014,-787.74,21013.75,-0.4999936528,13.33782926,21801.49,13.83782291,1.47,419.51,0,0,1,0,1000.25,212.51,0,213,3,3.830090761
526,0,212.51,21224,-787.74,20223.75,-0.4999936528,12.83640114,21011.49,13.3363948,1.47,402.51,0,0,1,0,1000.25,212.51,0,213,4,3.839402914
527,0,212.51,19360,-787.74,18359.75,-0.4999936528,11.65328467,19147.49,12.15327832,1.496666667,387.5033333,0,0,1,0,1000.25,212.51,0,213,5,3.846125364
528,0,212.51,20506,-787.74,19505.75,-0.4999936528,12.3806728,20293.49,12.88066646,1.47,382.53,0,0,1,0,1000.25,212.51,0,213,6,3.855974436
529,0,212.51,20980,-787.74,19979.75,-0.4999936528,12.68152967,20767.49,13.18152333,1.52,408.5,0,0,1,0,1000.25,212.51,0,213,7,3.86396122
530,0,212.51,20254,-787.74,19253.75,-0.4999936528,12.22072358,20041.49,12.72071723,1.47,383.51,0,0,1,0,1000.25,212.51,0,213,8,3.869991302
531,0,212.51,19163,-787.74,18162.75,-0.4999936528,11.528245,18950.49,12.02823865,1.47,386.51,0,0,1,0,1000.25,212.51,0,213,9,3.876255274
532,0,212.51,23124,-787.74,22123.75,-0.4999936528,14.0423675,22911.49,14.54236116,1.51,435.51,0,0,1,0,1000.25,212.51,0,213,10,3.885453939
533,0,212.51,21529,-787.74,20528.75,-0.4999936528,13.02999048,21316.49,13.52998413,1.47,410.49,0,0,1,0,1000.25,212.51,0,213,11,3.892273426
534,0,212.51,21180,-787.74,20179.75,-0.4999936528,12.8084735,20967.49,13.30846715,1.51,404.51,0,0,1,0,1000.25,212.51,0,213,12,3.896634817
535,0,212.51,21102,-787.74,20101.75,-0.4999936528,12.75896541,20889.49,13.25895906,1.51,399.49,0,0,1,0,1000.25,212.51,0,213,13,3.903483868
536,0,212.51,20001,-787.74,19000.75,-0.4999936528,12.06013964,19788.49,12.56013329,1.51,393.51,0,0,1,0,1000.25,212.51,0,213,14,3.908387184
537,0,212.51,20156,-787.74,19155.75,-0.4999936528,12.1585211,19943.49,12.65851476,1.51,385.51,0,0,1,0,1000.25,212.51,0,213,15,3.917103052
538,0,212.51,19530,-787.74,18529.75,-0.4999936528,11.76118692,19317.49,12.26118058,1.47,390.49,0,0,1,0,1000.25,212.51,0,213,16,3.923975706
539,0,212.51,20604,-787.74,19603.75,-0.4999936528,12.44287528,20391.49,12.94286893,1.47,402.51,0,0,1,0,1000.25,212.51,0,213,17,3.929004908
540,0,212.51,23889,-787.74,22888.75,-0.4999936528,14.52792764,23676.49,15.02792129,1.55,451.51,0,0,1,0,1000.25,212.51,0,213,18,3.935506105
541,0,212.51,20121,-787.74,19120.75,-0.4999936528,12.13630593,19908.49,12.63629959,1.47,376.49,0,0,1,0,1000.25,212.51,0,213,19,3.942494631
542,0,212.51,20241,-787.74,19240.75,-0.4999936528,12.21247223,20028.49,12.71246588,1.51,405.49,0,0,1,0,1000.25,212.51,0,213,20,3.947182894
543,0,212.51,20757,-787.74,19756.75,-0.4999936528,12.53998731,20544.49,13.03998096,1.555,400.525,0,0,1,0,1000.25,212.51,0,213,21,3.952471733
544,0,212.51,21469,-787.74,20468.75,-0.4999936528,12.99190733,21256.49,13.49190098,1.47,424.51,0,0,1,0,1000.25,212.51,0,213,22,3.960026026
545,0,212.51,19504,-787.74,18503.75,-0.4999936528,11.74468423,19291.49,12.24467788,1.47,369.53,0,0,1,0,1000.25,212.51,0,213,23,3.966890335
546,0,212.51,18836,-787.74,17835.75,-0.4999936528,11.32069184,18623.49,11.8206855,1.47,384.53,0,0,1,0,1000.25,212.51,0,213,24,3.976861477
547,0,212.51,21103,-787.74,20102.75,-0.4999936528,12.75960013,20890.49,13.25959378,1.496666667,414.5166667,0,0,1,0,1000.25,212.51,0,213,25,3.985523462
548,0,212.51,21413,-787.74,20412.75,-0.4999936528,12.95636306,21200.49,13.45635671,1.47,418.51,0,0,1,0,1000.25,212.51,0,213,26,3.994883299
549,0,212.51,20538,-787.74,19537.75,-0.4999936528,12.40098381,20325.49,12.90097747,1.47,396.53,0,0,1,0,1000.25,212.51,0,213,27,4.001531363
550,0,212.51,20018,-787.74,19017.75,-0.4999936528,12.07092986,19805.49,12.57092352,1.51,384.51,0,0,1,0,1000.25,212.51,0,213,28,4.008451939
551,0,212.51,19770,-787.74,18769.75,-0.4999936528,11.91351952,19557.49,12.41351317,1.51,388.51,0,0,1,0,1000.25,212.51,0,213,29,4.017718792
552,0,212.51,19755,-787.74,18754.75,-0.4999936528,11.90399873,19542.49,12.40399238,1.47,371.51,0,0,1,0,1000.25,212.51,0,213,30,4.025895357
553,0,212.51,21240,-787.74,20239.75,-0.4999936528,12.84655665,21027.49,13.3465503,1.47,415.51,0,0,1,0,1000.25,212.51,0,213,31,4.035000563
554,0,212.51,19150,-787.74,18149.75,-0.4999936528,11.51999365,18937.49,12.01998731,1.49,366.51,0,0,1,0,1000.25,212.51,0,213,32,4.044297457
555,0,212.51,19699,-787.74,18698.75,-0.4999936528,11.86845446,19486.49,12.36844811,1.47,378.51,0,0,1,0,1000.25,212.51,0,213,33,4.052236795
556,0,212.51,19614,-787.74,18613.75,-0.4999936528,11.81450333,19401.49,12.31449699,1.47,383.49,0,0,1,0,1000.25,212.51,0,213,34,4.061530352
557,0,212.51,21353,-787.74,20352.75,-0.4999936528,12.91827991,21140.49,13.41827356,1.512857143,408.5157143,0,0,1,0,1000.25,212.51,0,213,35,4.066150427
558,0,212.51,21668,-787.74,20667.75,-0.4999936528,13.11821644,21455.49,13.61821009,1.51,408.51,0,0,1,0,1000.25,212.51,0,213,36,4.073488951
559,0,212.51,20542,-787.74,19541.75,-0.4999936528,12.40352269,20329.49,12.90351634,1.47,406.53,0,0,1,0,1000.25,212.51,0,213,37,4.08058691
560,0,212.51,20839,-787.74,19838.75,-0.4999936528,12.59203427,20626.49,13.09202793,1.51,402.49,0,0,1,0,1000.25,212.51,0,213,38,4.089818478
561,0,212.51,21902,-787.74,20901.75,-0.4999936528,13.26674072,21689.49,13.76673437,1.47,407.53,0,0,1,0,1000.25,212.51,0,213,39,4.094863892
562,0,212.51,21271,-787.74,20270.75,-0.4999936528,12.86623294,21058.49,13.36622659,1.47,392.49,0,0,1,0,1000.25,212.51,0,213,40,4.101860523
563,0,212.51,22396,-787.74,21395.75,-0.4999936528,13.58029197,22183.49,14.08028562,1.47,437.49,0,0,1,0,1000.25,212.51,0,213,41,4.10619092
564,0,212.51,18450,-787.74,17449.75,-0.4999936528,11.07569026,18237.49,11.57568391,1.47,369.53,0,0,1,0,1000.25,212.51,0,213,42,4.110576153
565,0,212.51,20140,-787.74,19139.75,-0.4999936528,12.1483656,19927.49,12.64835925,1.51,388.51,0,0,1,0,1000.25,212.51,0,213,43,4.120056152
566,0,212.51,19511,-787.74,18510.75,-0.4999936528,11.74912726,19298.49,12.24912091,1.51,386.51,0,0,1,0,1000.25,212.51,0,213,44,4.127075195
567,0,212.51,22471,-787.74,21470.75,-0.4999936528,13.62789591,22258.49,14.12788956,1.47,418.49,0,0,1,0,1000.25,212.51,0,213,45,4.136318684
568,0,212.51,20337,-787.74,19336.75,-0.4999936528,12.27340527,20124.49,12.77339892,1.47,394.51,0,0,1,0,1000.25,212.51,0,213,46,4.141157627
569,0,212.51,20267,-787.74,19266.75,-0.4999936528,12.22897493,20054.49,12.72896858,1.496666667,412.51,0,0,1,0,1000.25,212.51,0,213,47,4.150354385
570,0,212.51,21441,-787.74,20440.75,-0.4999936528,12.9741352,21228.49,13.47412885,1.47,398.53,0,0,1,0,1000.25,212.51,0,213,48,4.160191298
571,0,212.51,21688,-787.74,20687.75,-0.4999936528,13.13091082,21475.49,13.63090447,1.496666667,421.5033333,0,0,1,0,1000.25,212.51,0,213,49,4.169267893
572,0,212.51,18493,-787.74,17492.75,-0.4999936528,11.10298318,18280.49,11.60297683,1.555,379.545,0,0,1,0,1000.25,212.51,0,213,0,4.177509308
573,0,212.51,22629,-787.74,21628.75,-0.4999936528,13.72818153,22416.49,14.22817518,1.49,420.4966667,0,0,1,0,1000.25,212.51,0,213,1,4.186683178
574,0,212.51,20705,-787.74,19704.75,-0.4999936528,12.50698191,20492.49,13.00697556,1.47,418.53,0,0,1,0,1000.25,212.51,0,213,2,4.192480326
575,0,212.51,20997,-787.74,19996.75,-0.4999936528,12.6923199,20784.49,13.19231355,1.51,411.51,0,0,1,0,1000.25,212.51,0,213,3,4.201501369
576,0,212.51,20532,-787.74,19531.75,-0.4999936528,12.3971755,20319.49,12.89716915,1.47,387.49,0,0,1,0,1000.25,212.51,0,213,4,4.208487749
577,0,212.51,19991,-787.74,18990.75,-0.4999936528,12.05379245,19778.49,12.5537861,1.515,383.505,0,0,1,0,1000.25,212.51,0,213,5,4.21292901
578,0,212.51,21359,-787.74,20358.75,-0.4999936528,12.92208823,21146.49,13.42208188,1.47,411.53,0,0,1,0,1000.25,212.51,0,213,6,4.222037315
579,0,212.51,20700,-787.74,19699.75,-0.4999936528,12.50380831,20487.49,13.00380197,1.47,392.53,0,0,1,0,1000.25,212.51,0,213,7,4.230463266
580,0,212.51,18385,-787.74,17384.75,-0.4999936528,11.03443351,18172.49,11.53442717,1.496666667,369.5033333,1,1,0,0,1000.25,212.51,0,213,8,4.240147114
581,0,212.51,22195,-787.74,21194.75,-0.4999936528,13.45271342,21982.49,13.95270708,1.47,413.49,0,0,1,0,1000.25,212.51,0,213,9,4.246890545
582,0,212.51,20967,-787.74,19966.75,-0.4999936528,12.67327832,20754.49,13.17327198,1.51,393.51,0,0,1,0,1000.25,212.51,0,213,10,4.251727343
583,0,212.51,18958,-787.74,17957.75,-0.4999936528,11.39812758,18745.49,11.89812123,1.47,383.51,0,0,1,0,1000.25,212.51,0,213,11,4.25861764
584,0,212.51,21006,-787.74,20005.75,-0.4999936528,12.69803237,20793.49,13.19802602,1.51,416.51,0,0,1,0,1000.25,212.51,0,213,12,4.265999556
585,0,212.51,20833,-787.74,19832.75,-0.4999936528,12.58822596,20620.49,13.08821961,1.47,400.53,0,0,1,0,1000.25,212.51,0,213,13,4.274315119
586,0,212.51,21726,-787.74,20725.75,-0.4999936528,13.15503015,21513.49,13.6550238,1.51,418.51,0,0,1,0,1000.25,212.51,0,213,14,4.284578323
587,0,212.51,21546,-787.74,20545.75,-0.4999936528,13.0407807,21333.49,13.54077436,1.51,411.51,0,0,1,0,1000.25,212.51,0,213,15,4.294422388
588,0,212.51,20635,-787.74,19634.75,-0.4999936528,12.46255157,20422.49,12.96254522,1.47,399.49,1,1,0,0,1000.25,212.51,0,213,16,4.301425219
589,0,212.51,20154,-787.74,19153.75,-0.4999936528,12.15725167,19941.49,12.65724532,1.51,395.51,0,0,1,0,1000.25,212.51,0,213,17,4.306026459
590,0,212.51,20350,-787.74,19349.75,-0.4999936528,12.28165662,20137.49,12.78165027,1.47,392.51,0,0,1,0,1000.25,212.51,0,213,18,4.315756559
591,0,212.51,21326,-787.74,20325.75,-0.4999936528,12.90114249,21113.49,13.40113615,1.51,410.51,0,0,1,0,1000.25,212.51,0,213,19,4.325113773
592,0,212.51,21554,-787.74,20553.75,-0.4999936528,13.04585846,21341.49,13.54585211,1.51,431.51,0,0,1,0,1000.25,212.51,0,213,20,4.335736036
593,0,212.51,22079,-787.74,21078.75,-0.4999936528,13.379086,21866.49,13.87907966,1.47,434.53,0,0,1,0,1000.25,212.51,0,213,21,4.343609333
594,0,212.51,20593,-787.74,19592.75,-0.4999936528,12.43589337,20380.49,12.93588702,1.51,398.51,1,1,0,0,1000.25,212.51,0,213,22,4.351419687
595,0,212.51,22191,-787.74,21190.75,-0.4999936528,13.45017455,21978.49,13.9501682,1.47,433.49,0,0,1,0,1000.25,212.51,0,213,23,4.361004353
596,0,212.51,18967,-787.74,17966.75,-0.4999936528,11.40384005,18754.49,11.9038337,1.51,386.51,0,0,1,0,1000.25,212.51,0,213,24,4.365484715
597,0,212.51,21036,-787.74,20035.75,-0.4999936528,12.71707394,20823.49,13.2170676,1.51,393.49,0,0,1,0,1000.25,212.51,0,213,25,4.375313282
598,0,212.51,19767,-787.74,18766.75,-0.4999936528,11.91161536,19554.49,12.41160901,1.47,393.51,0,0,1,0,1000.25,212.51,0,213,26,4.380091429
599,0,212.51,20426,-787.74,19425.75,-0.4999936528,12.32989527,20213.49,12.82988892,1.496666667,399.51,0,0,1,0,1000.25,212.51,0,213,27,4.38756609
600,0,212.51,21019,-787.74,20018.75,-0.4999936528,12.70628372,20806.49,13.20627737,1.47,404.49,0,0,1,0,1000.25,212.51,0,213,28,4.394991636
601,0,212.51,20233,-787.74,19232.75,-0.4999936528,12.20739448,20020.49,12.70738813,1.51,383.51,0,0,1,0,1000.25,212.51,0,213,29,4.399432182
602,0,212.51,20655,-787.74,19654.75,-0.4999936528,12.47524595,20442.49,12.97523961,1.51,392.51,0,0,1,0,1000.25,212.51,0,213,30,4.405580997
603,0,212.51,20212,-787.74,19211.75,-0.4999936528,12.19406538,19999.49,12.69405903,1.47,395.49,0,0,1,0,1000.25,212.51,0,213,31,4.411993027
604,0,212.51,21877,-787.74,20876.75,-0.4999936528,13.25087274,21664.49,13.75086639,1.51,423.51,0,0,1,0,1000.25,212.51,0,213,32,4.416431427
605,0,212.51,20919,-787.74,19918.75,-0.4999936528,12.64281181,20706.49,13.14280546,1.47,403.51,0,0,1,0,1000.25,212.51,0,213,33,4.423972607
606,0,212.51,21817,-787.74,20816.75,-0.4999936528,13.21278959,21604.49,13.71278324,1.51,412.51,0,0,1,0,1000.25,212.51,0,213,34,4.433188677
607,0,212.51,21789,-787.74,20788.75,-0.4999936528,13.19501745,21576.49,13.69501111,1.47,422.53,0,0,1,0,1000.25,212.51,0,213,35,4.444065571
608,0,212.51,22077,-787.74,21076.75,-0.4999936528,13.37781657,21864.49,13.87781022,1.47,416.49,0,0,1,0,1000.25,212.51,0,213,36,4.450959444
609,0,212.51,21247,-787.74,20246.75,-0.4999936528,12.85099968,21034.49,13.35099334,1.47,407.47,0,0,1,0,1000.25,212.51,0,213,37,4.455336809
610,0,212.51,18813,-787.74,17812.75,-0.4999936528,11.3060933,18600.49,11.80608696,1.47,378.49,0,0,1,0,1000.25,212.51,0,213,38,4.460043192
611,0,212.51,21872,-787.74,20871.75,-0.4999936528,13.24769914,21659.49,13.7476928,1.51,393.49,0,0,1,0,1000.25,212.51,0,213,39,4.464755774
612,0,212.51,21702,-787.74,20701.75,-0.4999936528,13.13979689,21489.49,13.63979054,1.47,396.53,0,0,1,0,1000.25,212.51,0,213,40,4.46982789
613,0,212.51,20024,-787.74,19023.75,-0.4999936528,12.07473818,19811.49,12.57473183,1.47,399.51,0,0,1,0,1000.25,212.51,0,213,41,4.479674578
614,0,212.51,21592,-787.74,20591.75,-0.4999936528,13.06997778,21379.49,13.56997144,1.55,406.51,0,0,1,0,1000.25,212.51,0,213,42,4.488450766
615,0,212.51,21976,-787.74,20975.75,-0.4999936528,13.31370993,21763.49,13.81370359,1.51,418.51,0,0,1,0,1000.25,212.51,0,213,43,4.49768281
616,0,212.51,21689,-787.74,20688.75,-0.4999936528,13.13154554,21476.49,13.63153919,1.51,403.51,0,0,1,0,1000.25,212.51,0,213,44,4.507162094
617,0,212.51,20851,-787.74,19850.75,-0.4999936528,12.5996509,20638.49,13.09964456,1.496666667,398.5166667,0,0,1,0,1000.25,212.51,0,213,45,4.516526461
618,0,212.51,21845,-787.74,20844.75,-0.4999936528,13.23056173,21632.49,13.73055538,1.47,431.51,0,0,1,0,1000.25,212.51,0,213,46,4.525386095
619,0,212.51,19312,-787.74,18311.75,-0.4999936528,11.62281815,19099.49,12.12281181,1.555,382.505,0,0,1,0,1000.25,212.51,0,213,47,4.534706116
620,0,212.51,21759,-787.74,20758.75,-0.4999936528,13.17597588,21546.49,13.67596953,1.47,425.49,0,0,1,0,1000.25,212.51,0,213,48,4.544862032
621,0,212.51,20183,-787.74,19182.75,-0.4999936528,12.17565852,19970.49,12.67565217,1.47,376.51,0,0,1,0,1000.25,212.51,0,213,49,4.549680948
622,0,212.51,20522,-787.74,19521.75,-0.4999936528,12.39082831,20309.49,12.89082196,1.505,400.495,0,0,1,0,1000.25,212.51,0,213,0,4.558139324
623,0,212.51,20316,-787.74,19315.75,-0.4999936528,12.26007617,20103.49,12.76006982,1.52,401.52,0,0,1,0,1000.25,212.51,0,213,1,4.563313961
624,0,212.51,19497,-787.74,18496.75,-0.4999936528,11.74024119,19284.49,12.24023485,1.47,388.51,0,0,1,0,1000.25,212.51,0,213,2,4.57093811
625,0,212.51,21193,-787.74,20192.75,-0.4999936528,12.81672485,20980.49,13.3167185,1.55,424.51,0,0,1,0,1000.25,212.51,0,213,3,4.57767272
626,0,212.51,21576,-787.74,20575.75,-0.4999936528,13.05982228,21363.49,13.55981593,1.51,412.51,0,0,1,0,1000.25,212.51,0,213,4,4.587125778
627,0,212.51,20049,-787.74,19048.75,-0.4999936528,12.09060616,19836.49,12.59059981,1.52,391.52,0,0,1,0,1000.25,212.51,0,213,5,4.596160412
628,0,212.51,20535,-787.74,19534.75,-0.4999936528,12.39907966,20322.49,12.89907331,1.47,396.53,0,0,1,0,1000.25,212.51,0,213,6,4.603700161
629,0,212.51,19061,-787.74,18060.75,-0.4999936528,11.46350365,18848.49,11.9634973,1.51,362.51,0,0,1,0,1000.25,212.51,0,213,7,4.613448858
630,0,212.51,20131,-787.74,19130.75,-0.4999936528,12.14265313,19918.49,12.64264678,1.51,383.51,0,0,1,0,1000.25,212.51,0,213,8,4.62353301
631,0,212.51,21348,-787.74,20347.75,-0.4999936528,12.91510632,21135.49,13.41509997,1.52,417.5,0,0,1,0,1000.25,212.51,0,213,9,4.633505106
632,0,212.51,22235,-787.74,21234.75,-0.4999936528,13.47810219,22022.49,13.97809584,1.47,413.51,0,0,1,0,1000.25,212.51,0,213,10,4.639551401
633,0,212.51,20338,-787.74,19337.75,-0.4999936528,12.27403999,20125.49,12.77403364,1.47,390.53,0,0,1,0,1000.25,212.51,0,213,11,4.646106958
634,0,212.51,20555,-787.74,19554.75,-0.4999936528,12.41177404,20342.49,12.91176769,1.51,386.49,0,0,1,0,1000.25,212.51,0,213,12,4.653692245
635,0,212.51,20435,-787.74,19434.75,-0.4999936528,12.33560774,20222.49,12.8356014,1.51,402.51,0,0,1,0,1000.25,212.51,0,213,13,4.657869101
636,0,212.51,19829,-787.74,18828.75,-0.4999936528,11.95096795,19616.49,12.4509616,1.47,393.53,0,0,1,0,1000.25,212.51,0,213,14,4.665958881
637,0,212.51,20292,-787.74,19291.75,-0.4999936528,12.24484291,20079.49,12.74483656,1.55,403.55,0,0,1,0,1000.25,212.51,0,213,15,4.675424337
638,0,212.51,20023,-787.74,19022.75,-0.4999936528,12.07410346,19810.49,12.57409711,1.51,386.51,0,0,1,0,1000.25,212.51,0,213,16,4.682965755
639,0,212.51,22670,-787.74,21669.75,-0.4999936528,13.75420501,22457.49,14.25419867,1.47,436.51,0,0,1,0,1000.25,212.51,0,213,17,4.691656828
640,0,212.51,20065,-787.74,19064.75,-0.4999936528,12.10076166,19852.49,12.60075532,1.51,398.51,0,0,1,0,1000.25,212.51,0,213,18,4.698949337
641,0,212.51,21018,-787.74,20017.75,-0.4999936528,12.705649,20805.49,13.20564265,1.47,415.51,0,0,1,0,1000.25,212.51,0,213,19,4.705187321
642,0,212.51,19845,-787.74,18844.75,-0.4999936528,11.96112345,19632.49,12.46111711,1.496666667,381.5033333,0,0,1,0,1000.25,212.51,0,213,20,4.711636305
643,0,212.51,20258,-787.74,19257.75,-0.4999936528,12.22326246,20045.49,12.72325611,1.47,408.53,0,0,1,0,1000.25,212.51,0,213,21,4.720002413
644,0,212.51,22514,-787.74,21513.75,-0.4999936528,13.65518883,22301.49,14.15518248,1.51,419.51,0,0,1,0,1000.25,212.51,0,213,22,4.727534533
645,0,212.51,21205,-787.74,20204.75,-0.4999936528,12.82434148,20992.49,13.32433513,1.51,418.49,0,0,1,0,1000.25,212.51,0,213,23,4.736638784
646,0,212.51,21564,-787.74,20563.75,-0.4999936528,13.05220565,21351.49,13.5521993,1.47,410.53,0,0,1,0,1000.25,212.51,0,213,24,4.741408587
647,0,212.51,20268,-787.74,19267.75,-0.4999936528,12.22960965,20055.49,12.7296033,1.47,402.53,0,0,1,0,1000.25,212.51,0,213,25,4.749005556
648,0,212.51,20605,-787.74,19604.75,-0.4999936528,12.44351,20392.49,12.94350365,1.496666667,408.49,0,0,1,0,1000.25,212.51,0,213,26,4.756627321
649,0,212.51,21331,-787.74,20330.75,-0.4999936528,12.90431609,21118.49,13.40430974,1.51,425.51,0,0,1,0,1000.25,212.51,0,213,27,4.761009693
650,0,212.51,19794,-787.74,18793.75,-0.4999936528,11.92875278,19581.49,12.42874643,1.47,401.49,0,0,1,0,1000.25,212.51,0,213,28,4.768203259
651,0,212.51,19896,-787.74,18895.75,-0.4999936528,11.99349413,19683.49,12.49348778,1.47,392.51,0,0,1,0,1000.25,212.51,0,213,29,4.772745848
652,0,212.51,21548,-787.74,20547.75,-0.4999936528,13.04205014,21335.49,13.5420438,1.51,422.51,0,0,1,0,1000.25,212.51,0,213,30,4.78116107
653,0,212.51,22293,-787.74,21292.75,-0.4999936528,13.5149159,22080.49,14.01490955,1.47,430.53,0,0,1,0,1000.25,212.51,0,213,31,4.787795782
654,0,212.51,19560,-787.74,18559.75,-0.4999936528,11.7802285,19347.49,12.28022215,1.47,378.51,0,0,1,0,1000.25,212.51,0,213,32,4.79570365
655,0,212.51,21172,-787.74,20171.75,-0.4999936528,12.80339575,20959.49,13.3033894,1.47,416.53,0,0,1,0,1000.25,212.51,0,213,33,4.80530262
656,0,212.51,21775,-787.74,20774.75,-0.4999936528,13.18613139,21562.49,13.68612504,1.52,433.5,0,0,1,0,1000.25,212.51,0,213,34,4.811859846
657,0,212.51,21683,-787.74,20682.75,-0.4999936528,13.12773723,21470.49,13.62773088,1.555,412.545,0,0,1,0,1000.25,212.51,0,213,35,4.817647219
658,0,212.51,22036,-787.74,21035.75,-0.4999936528,13.35179308,21823.49,13.85178673,1.47,412.53,0,0,1,0,1000.25,212.51,0,213,36,4.827938557
659,0,212.51,22038,-787.74,21037.75,-0.4999936528,13.35306252,21825.49,13.85305617,1.47,418.49,0,0,1,0,1000.25,212.51,0,213,37,4.835191727
660,0,212.51,21752,-787.74,20751.75,-0.4999936528,13.17153285,21539.49,13.6715265,1.51,420.51,0,0,1,0,1000.25,212.51,0,213,38,4.839491844
661,0,212.51,19383,-787.74,18382.75,-0.4999936528,11.66788321,19170.49,12.16787686,1.514285714,390.5085714,0,0,1,0,1000.25,212.51,0,213,39,4.849471807
662,0,212.51,20191,-787.74,19190.75,-0.4999936528,12.18073627,19978.49,12.68072993,1.47,396.51,0,0,1,0,1000.25,212.51,0,213,40,4.856806517
663,0,212.51,20535,-787.74,19534.75,-0.4999936528,12.39907966,20322.49,12.89907331,1.47,388.51,0,0,1,0,1000.25,212.51,0,213,41,4.864026546
664,0,212.51,23009,-787.74,22008.75,-0.4999936528,13.9693748,22796.49,14.46936845,1.51,440.49,0,0,1,0,1000.25,212.51,0,213,42,4.87375617
665,0,212.51,20883,-787.74,19882.75,-0.4999936528,12.61996192,20670.49,13.11995557,1.47,418.53,0,0,1,0,1000.25,212.51,0,213,43,4.879073143
666,0,212.51,20386,-787.74,19385.75,-0.4999936528,12.30450651,20173.49,12.80450016,1.47,386.53,0,0,1,0,1000.25,212.51,0,213,44,4.88691473
667,0,212.51,19589,-787.74,18588.75,-0.4999936528,11.79863535,19376.49,12.29862901,1.496666667,376.51,0,0,1,0,1000.25,212.51,0,213,45,4.893267155
668,0,212.51,20605,-787.74,19604.75,-0.4999936528,12.44351,20392.49,12.94350365,1.47,397.49,0,0,1,0,1000.25,212.51,0,213,46,4.900441647
669,0,212.51,21131,-787.74,20130.75,-0.4999936528,12.77737226,20918.49,13.27736592,1.47,400.53,0,0,1,0,1000.25,212.51,0,213,47,4.905343294
670,0,212.51,22827,-787.74,21826.75,-0.4999936528,13.85385592,22614.49,14.35384957,1.55,414.53,0,0,1,0,1000.25,212.51,0,213,48,4.913320541
671,0,212.51,22148,-787.74,21147.75,-0.4999936528,13.42288162,21935.49,13.92287528,1.47,425.49,0,0,1,0,1000.25,212.51,0,213,49,4.922719955
672,0,212.51,20431,-787.74,19430.75,-0.4999936528,12.33306887,20218.49,12.83306252,1.47,372.53,0,0,1,0,1000.25,212.51,0,213,0,4.927626371
673,0,212.51,20200,-787.74,19199.75,-0.4999936528,12.18644875,19987.49,12.6864424,1.51,392.49,0,0,1,0,1000.25,212.51,0,213,1,4.936188459
674,0,212.51,20425,-787.74,19424.75,-0.4999936528,12.32926055,20212.49,12.82925421,1.51,395.51,0,0,1,0,1000.25,212.51,0,213,2,4.940582275
675,0,212.51,20607,-787.74,19606.75,-0.4999936528,12.44477944,20394.49,12.94477309,1.51,394.49,0,0,1,0,1000.25,212.51,0,213,3,4.949843168
676,0,212.51,18376,-787.74,17375.75,-0.4999936528,11.02872104,18163.49,11.52871469,1.47,377.49,0,0,1,0,1000.25,212.51,0,213,4,4.954442024
677,0,212.51,19426,-787.74,18425.75,-0.4999936528,11.69517613,19213.49,12.19516979,1.47,383.53,0,0,1,0,1000.25,212.51,0,213,5,4.959544659
678,0,212.51,20307,-787.74,19306.75,-0.4999936528,12.25436369,20094.49,12.75435735,1.496666667,389.51,0,0,1,0,1000.25,212.51,0,213,6,4.968168974
679,0,212.51,22638,-787.74,21637.75,-0.4999936528,13.733894,22425.49,14.23388765,1.47,435.53,0,0,1,0,1000.25,212.51,0,213,7,4.977748394
680,0,212.51,19530,-787.74,18529.75,-0.4999936528,11.76118692,19317.49,12.26118058,1.47,393.51,0,0,1,0,1000.25,212.51,0,213,8,4.985466242
681,0,212.51,20434,-787.74,19433.75,-0.4999936528,12.33497302,20221.49,12.83496668,1.47,384.51,0,0,1,0,1000.25,212.51,0,213,9,4.993843555
682,0,212.51,21822,-787.74,20821.75,-0.4999936528,13.21596319,21609.49,13.71595684,1.51,426.51,0,0,1,0,1000.25,212.51,0,213,10,5.002767563
683,0,212.51,20703,-787.74,19702.75,-0.4999936528,12.50571247,20490.49,13.00570613,1.47,392.51,0,0,1,0,1000.25,212.51,0,213,11,5.011147022
684,0,212.51,20396,-787.74,19395.75,-0.4999936528,12.3108537,20183.49,12.81084735,1.47,389.49,0,0,1,0,1000.25,212.51,0,213,12,5.020358324
685,0,212.51,19361,-787.74,18360.75,-0.4999936528,11.65391939,19148.49,12.15391304,1.51,394.51,0,0,1,0,1000.25,212.51,0,213,13,5.024820328
686,0,212.51,22081,-787.74,21080.75,-0.4999936528,13.38035544,21868.49,13.8803491,1.51,408.49,0,0,1,0,1000.25,212.51,0,213,14,5.034068584
687,0,212.51,20514,-787.74,19513.75,-0.4999936528,12.38575056,20301.49,12.88574421,1.47,405.53,0,0,1,0,1000.25,212.51,0,213,15,5.039345741
688,0,212.51,19535,-787.74,18534.75,-0.4999936528,11.76436052,19322.49,12.26435417,1.496666667,374.51,0,0,1,0,1000.25,212.51,0,213,16,5.047361851
689,0,212.51,22294,-787.74,21293.75,-0.4999936528,13.51555062,22081.49,14.01554427,1.47,435.53,1,1,0,0,1000.25,212.51,0,213,17,5.055209637
690,0,212.51,20638,-787.74,19637.75,-0.4999936528,12.46445573,20425.49,12.96444938,1.496666667,391.5166667,0,0,1,0,1000.25,212.51,0,213,18,5.06496644
691,0,212.51,19756,-787.74,18755.75,-0.4999936528,11.90463345,19543.49,12.4046271,1.47,385.53,0,0,1,0,1000.25,212.51,0,213,19,5.073811293
692,0,212.51,18980,-787.74,17979.75,-0.4999936528,11.4120914,18767.49,11.91208505,1.51,365.51,0,0,1,0,1000.25,212.51,0,213,20,5.083082676
693,0,212.51,20526,-787.74,19525.75,-0.4999936528,12.39336719,20313.49,12.89336084,1.47,412.51,0,0,1,0,1000.25,212.51,0,213,21,5.090657711
694,0,212.51,22308,-787.74,21307.75,-0.4999936528,13.52443669,22095.49,14.02443034,1.47,439.53,0,0,1,0,1000.25,212.51,0,213,22,5.099780798
695,0,212.51,22108,-787.74,21107.75,-0.4999936528,13.39749286,21895.49,13.89748651,1.47,414.49,0,0,1,0,1000.25,212.51,0,213,23,5.108539343
696,0,212.51,19599,-787.74,18598.75,-0.4999936528,11.80498255,19386.49,12.3049762,1.47,391.51,0,0,1,0,1000.25,212.51,0,213,24,5.113299847
697,0,212.51,24507,-787.74,23506.75,-0.4999936528,14.92018407,24294.49,15.42017772,1.496666667,457.5033333,0,0,1,0,1000.25,212.51,0,213,25,5.122375488
698,0,212.51,19844,-787.74,18843.75,-0.4999936528,11.96048873,19631.49,12.46048239,1.51,392.51,0,0,1,0,1000.25,212.51,0,213,26,5.131758213
699,0,212.51,19555,-787.74,18554.75,-0.4999936528,11.7770549,19342.49,12.27704856,1.515,389.515,0,0,1,0,1000.25,212.51,0,213,27,5.141143322
700,0,212.51,20837,-787.74,19836.75,-0.4999936528,12.59076484,20624.49,13.09075849,1.47,395.51,0,0,1,0,1000.25,212.51,0,213,28,5.149047375
701,0,212.51,21936,-787.74,20935.75,-0.4999936528,13.28832117,21723.49,13.78831482,1.47,415.51,0,0,1,0,1000.25,212.51,0,213,29,5.157647848
702,0,212.51,21382,-787.74,20381.75,-0.4999936528,12.93668677,21169.49,13.43668042,1.496666667,404.5033333,0,0,1,0,1000.25,212.51,0,213,30,5.166833639
703,0,212.51,22851,-787.74,21850.75,-0.4999936528,13.86908918,22638.49,14.36908283,1.47,455.53,0,0,1,0,1000.25,212.51,0,213,31,5.174765825
704,0,212.51,20841,-787.74,19840.75,-0.4999936528,12.59330371,20628.49,13.09329737,1.51,401.51,0,0,1,0,1000.25,212.51,0,213,32,5.184814215
705,0,212.51,20553,-787.74,19552.75,-0.4999936528,12.4105046,20340.49,12.91049825,1.47,398.53,0,0,1,0,1000.25,212.51,0,213,33,5.193696737
706,0,212.51,20831,-787.74,19830.75,-0.4999936528,12.58695652,20618.49,13.08695017,1.52,402.52,0,0,1,0,1000.25,212.51,0,213,34,5.200282812
707,0,212.51,22210,-787.74,21209.75,-0.4999936528,13.46223421,21997.49,13.96222786,1.47,421.51,0,0,1,0,1000.25,212.51,0,213,35,5.207589626
708,0,212.51,21520,-787.74,20519.75,-0.4999936528,13.02427801,21307.49,13.52427166,1.51,407.51,0,0,1,0,1000.25,212.51,0,213,36,5.213722229
709,0,212.51,20092,-787.74,19091.75,-0.4999936528,12.11789908,19879.49,12.61789273,1.51,383.51,0,0,1,0,1000.25,212.51,0,213,37,5.223163843
710,0,212.51,19812,-787.74,18811.75,-0.4999936528,11.94017772,19599.49,12.44017137,1.47,385.51,0,0,1,0,1000.25,212.51,0,213,38,5.229413986
711,0,212.51,20583,-787.74,19582.75,-0.4999936528,12.42954618,20370.49,12.92953983,1.47,390.51,0,0,1,0,1000.25,212.51,0,213,39,5.23650527
712,0,212.51,19623,-787.74,18622.75,-0.4999936528,11.8202158,19410.49,12.32020946,1.47,370.47,0,0,1,0,1000.25,212.51,0,213,40,5.244954109
713,0,212.51,21550,-787.74,20549.75,-0.4999936528,13.04331958,21337.49,13.54331323,1.47,410.49,0,0,1,0,1000.25,212.51,0,213,41,5.249038935
714,0,212.51,21823,-787.74,20822.75,-0.4999936528,13.21659791,21610.49,13.71659156,1.496666667,428.5166667,0,0,1,0,1000.25,212.51,0,213,42,5.253415585
715,0,212.51,20898,-787.74,19897.75,-0.4999936528,12.6294827,20685.49,13.12947636,1.47,398.51,0,0,1,0,1000.25,212.51,0,213,43,5.260989428
716,0,212.51,19653,-787.74,18652.75,-0.4999936528,11.83925738,19440.49,12.33925103,1.47,393.51,0,0,1,0,1000.25,212.51,0,213,44,5.2703197
717,0,212.51,21313,-787.74,20312.75,-0.4999936528,12.89289115,21100.49,13.3928848,1.496666667,407.5166667,0,0,1,0,1000.25,212.51,0,213,45,5.278424263
718,0,212.51,20666,-787.74,19665.75,-0.4999936528,12.48222786,20453.49,12.98222152,1.47,397.51,0,0,1,0,1000.25,212.51,0,213,46,5.286814451
719,0,212.51,21055,-787.74,20054.75,-0.4999936528,12.72913361,20842.49,13.22912726,1.49,407.51,0,0,1,0,1000.25,212.51,0,213,47,5.293387175
720,0,212.51,20946,-787.74,19945.75,-0.4999936528,12.65994922,20733.49,13.15994288,1.47,388.53,0,0,1,0,1000.25,212.51,0,213,48,5.30205512
721,0,212.51,21145,-787.74,20144.75,-0.4999936528,12.78625833,20932.49,13.28625198,1.51,410.51,0,0,1,0,1000.25,212.51,0,213,49,5.311228752
722,0,212.51,19938,-787.74,18937.75,-0.4999936528,12.02015233,19725.49,12.52014599,1.47,390.49,0,0,1,0,1000.25,212.51,0,213,0,5.317751408
723,0,212.51,19404,-787.74,18403.75,-0.4999936528,11.68121231,19191.49,12.18120597,1.496666667,380.51,0,0,1,0,1000.25,212.51,0,213,1,5.322706699
724,0,212.51,22777,-787.74,21776.75,-0.4999936528,13.82211996,22564.49,14.32211361,1.47,437.49,0,0,1,0,1000.25,212.51,0,213,2,5.331563473
725,0,212.51,20606,-787.74,19605.75,-0.4999936528,12.44414472,20393.49,12.94413837,1.51,416.51,0,0,1,0,1000.25,212.51,0,213,3,5.335933447
726,0,212.51,22081,-787.74,21080.75,-0.4999936528,13.38035544,21868.49,13.8803491,1.47,427.49,0,0,1,0,1000.25,212.51,0,213,4,5.344921827
727,0,212.51,20573,-787.74,19572.75,-0.4999936528,12.42319898,20360.49,12.92319264,1.47,413.51,0,0,1,0,1000.25,212.51,0,213,5,5.349539995
728,0,212.51,20660,-787.74,19659.75,-0.4999936528,12.47841955,20447.49,12.9784132,1.51,392.51,0,0,1,0,1000.25,212.51,0,213,6,5.356491327
729,0,212.51,20787,-787.74,19786.75,-0.4999936528,12.55902888,20574.49,13.05902253,1.47,398.51,0,0,1,0,1000.25,212.51,0,213,7,5.365833521
730,0,212.51,20112,-787.74,19111.75,-0.4999936528,12.13059346,19899.49,12.63058712,1.51,387.51,0,0,1,0,1000.25,212.51,0,213,8,5.37285471
731,0,212.51,21480,-787.74,20479.75,-0.4999936528,12.99888924,21267.49,13.49888289,1.51,399.49,0,0,1,0,1000.25,212.51,0,213,9,5.383022785
732,0,212.51,20609,-787.74,19608.75,-0.4999936528,12.44604887,20396.49,12.94604253,1.47,396.51,0,0,1,0,1000.25,212.51,0,213,10,5.388004303
733,0,212.51,20223,-787.74,19222.75,-0.4999936528,12.20104729,20010.49,12.70104094,1.49,391.51,0,0,1,0,1000.25,212.51,0,213,11,5.399641037
734,0,212.51,21793,-787.74,20792.75,-0.4999936528,13.19755633,21580.49,13.69754998,1.47,407.51,0,0,1,0,1000.25,212.51,0,213,12,5.408092737
735,0,212.51,19842,-787.74,18841.75,-0.4999936528,11.9592193,19629.49,12.45921295,1.51,393.51,0,0,1,0,1000.25,212.51,0,213,13,5.415130615
736,0,212.51,21253,-787.74,20252.75,-0.4999936528,12.854808,21040.49,13.35480165,1.51,423.51,0,0,1,0,1000.25,212.51,0,213,14,5.424319506
737,0,212.51,19825,-787.74,18824.75,-0.4999936528,11.94842907,19612.49,12.44842272,1.47,397.53,0,0,1,0,1000.25,212.51,0,213,15,5.432474136
738,0,212.51,20369,-787.74,19368.75,-0.4999936528,12.29371628,20156.49,12.79370993,1.496666667,386.49,0,0,1,0,1000.25,212.51,0,213,16,5.439982414
739,0,212.51,18577,-787.74,17576.75,-0.4999936528,11.15629959,18364.49,11.65629324,1.47,358.49,0,0,1,0,1000.25,212.51,0,213,17,5.44447875
740,0,212.51,20961,-787.74,19960.75,-0.4999936528,12.66947001,20748.49,13.16946366,1.51,408.51,0,0,1,0,1000.25,212.51,0,213,18,5.449581623
741,0,212.51,20614,-787.74,19613.75,-0.4999936528,12.44922247,20401.49,12.94921612,1.47,388.51,1,1,0,0,1000.25,212.51,0,213,19,5.459091663
742,0,212.51,21284,-787.74,20283.75,-0.4999936528,12.87448429,21071.49,13.37447794,1.47,418.51,0,0,1,0,1000.25,212.51,0,213,20,5.467305183
743,0,212.51,21264,-787.74,20263.75,-0.4999936528,12.86178991,21051.49,13.36178356,1.51,402.51,0,0,1,0,1000.25,212.51,0,213,21,5.47713232
744,0,212.51,21859,-787.74,20858.75,-0.4999936528,13.23944779,21646.49,13.73944145,1.51,414.51,0,0,1,0,1000.25,212.51,0,213,22,5.483281851
745,0,212.51,21685,-787.74,20684.75,-0.4999936528,13.12900666,21472.49,13.62900032,1.51,417.49,0,0,1,0,1000.25,212.51,0,213,23,5.492300272
746,0,212.51,21782,-787.74,20781.75,-0.4999936528,13.19057442,21569.49,13.69056807,1.51,408.51,0,0,1,0,1000.25,212.51,0,213,24,5.496520281
747,0,212.51,20749,-787.74,19748.75,-0.4999936528,12.53490955,20536.49,13.03490321,1.47,391.53,0,0,1,0,1000.25,212.51,0,213,25,5.50528574
748,0,212.51,20526,-787.74,19525.75,-0.4999936528,12.39336719,20313.49,12.89336084,1.47,399.51,0,0,1,0,1000.25,212.51,0,213,26,5.514658213
749,0,212.51,21716,-787.74,20715.75,-0.4999936528,13.14868296,21503.49,13.64867661,1.47,414.51,0,0,1,0,1000.25,212.51,0,213,27,5.524146795
750,0,212.51,22828,-787.74,21827.75,-0.4999936528,13.85449064,22615.49,14.35448429,1.49,427.5033333,0,0,1,0,1000.25,212.51,0,213,28,5.530719757
751,0,212.51,20385,-787.74,19384.75,-0.4999936528,12.30387179,20172.49,12.80386544,1.47,394.53,0,0,1,0,1000.25,212.51,0,213,29,5.537583113
752,0,212.51,20544,-787.74,19543.75,-0.4999936528,12.40479213,20331.49,12.90478578,1.51,388.51,0,0,1,0,1000.25,212.51,0,213,30,5.547397137
753,0,212.51,19438,-787.74,18437.75,-0.4999936528,11.70279276,19225.49,12.20278642,1.51,382.51,0,0,1,0,1000.25,212.51,0,213,31,5.553810358
754,0,212.51,19213,-787.74,18212.75,-0.4999936528,11.55998096,19000.49,12.05997461,1.47,395.51,0,0,1,0,1000.25,212.51,0,213,32,5.561603785
755,0,212.51,19542,-787.74,18541.75,-0.4999936528,11.76880355,19329.49,12.26879721,1.47,391.53,0,0,1,0,1000.25,212.51,0,213,33,5.570574045
756,0,212.51,20023,-787.74,19022.75,-0.4999936528,12.07410346,19810.49,12.57409711,1.51,381.51,0,0,1,0,1000.25,212.51,0,213,34,5.579677105
757,0,212.51,21743,-787.74,20742.75,-0.4999936528,13.16582037,21530.49,13.66581403,1.47,427.51,0,0,1,0,1000.25,212.51,0,213,35,5.586715221
758,0,212.51,20085,-787.74,19084.75,-0.4999936528,12.11345605,19872.49,12.6134497,1.47,396.53,0,0,1,0,1000.25,212.51,0,213,36,5.596362352
759,0,212.51,21127,-787.74,20126.75,-0.4999936528,12.77483339,20914.49,13.27482704,1.52,408.52,0,0,1,0,1000.25,212.51,0,213,37,5.60449028
760,0,212.51,20585,-787.74,19584.75,-0.4999936528,12.43081561,20372.49,12.93080927,1.47,384.53,0,0,1,0,1000.25,212.51,0,213,38,5.611874342
761,0,212.51,21369,-787.74,20368.75,-0.4999936528,12.92843542,21156.49,13.42842907,1.51,403.51,0,0,1,0,1000.25,212.51,0,213,39,5.618722916
762,0,212.51,21830,-787.74,20829.75,-0.4999936528,13.22104094,21617.49,13.72103459,1.51,428.51,0,0,1,0,1000.25,212.51,0,213,40,5.627339363
763,0,212.51,21012,-787.74,20011.75,-0.4999936528,12.70184069,20799.49,13.20183434,1.47,419.49,0,0,1,0,1000.25,212.51,0,213,41,5.634286404
764,0,212.51,19785,-787.74,18784.75,-0.4999936528,11.9230403,19572.49,12.42303396,1.47,385.51,0,0,1,0,1000.25,212.51,0,213,42,5.639095783
765,0,212.51,19370,-787.74,18369.75,-0.4999936528,11.65963186,19157.49,12.15962552,1.51,380.49,0,0,1,0,1000.25,212.51,0,213,43,5.645843983
766,0,212.51,20152,-787.74,19151.75,-0.4999936528,12.15598223,19939.49,12.65597588,1.47,391.53,0,0,1,0,1000.25,212.51,0,213,44,5.650734425
767,0,212.51,20353,-787.74,19352.75,-0.4999936528,12.28356077,20140.49,12.78355443,1.51,396.51,0,0,1,0,1000.25,212.51,0,213,45,5.658149481
768,0,212.51,21154,-787.74,20153.75,-0.4999936528,12.7919708,20941.49,13.29196446,1.47,413.51,0,0,1,0,1000.25,212.51,0,213,46,5.66672349
769,0,212.51,20313,-787.74,19312.75,-0.4999936528,12.25817201,20100.49,12.75816566,1.47,379.51,0,0,1,0,1000.25,212.51,0,213,47,5.676056862
770,0,212.51,20786,-787.74,19785.75,-0.4999936528,12.55839416,20573.49,13.05838781,1.51,416.49,0,0,1,0,1000.25,212.51,0,213,48,5.682768345
771,0,212.51,19692,-787.74,18691.75,-0.4999936528,11.86401142,19479.49,12.36400508,1.47,392.51,0,0,1,0,1000.25,212.51,0,213,49,5.687834024
772,0,212.51,21654,-787.74,20653.75,-0.4999936528,13.10933037,21441.49,13.60932402,1.51,426.49,0,0,1,0,1000.25,212.51,0,213,0,5.695641041
773,0,212.51,21650,-787.74,20649.75,-0.4999936528,13.10679149,21437.49,13.60678515,1.47,403.53,0,0,1,0,1000.25,212.51,0,213,1,5.700669289
774,0,212.51,21579,-787.74,20578.75,-0.4999936528,13.06172644,21366.49,13.56172009,1.47,410.53,0,0,1,0,1000.25,212.51,0,213,2,5.707175255
775,0,212.51,22722,-787.74,21721.75,-0.4999936528,13.78721041,22509.49,14.28720406,1.496666667,433.5033333,0,0,1,0,1000.25,212.51,0,213,3,5.714354277
776,0,212.51,19349,-787.74,18348.75,-0.4999936528,11.64630276,19136.49,12.14629641,1.496666667,393.49,0,0,1,0,1000.25,212.51,0,213,4,5.723098993
777,0,212.51,21582,-787.74,20581.75,-0.4999936528,13.06363059,21369.49,13.56362425,1.49,419.51,0,0,1,0,1000.25,212.51,0,213,5,5.728242397
778,0,212.51,21049,-787.74,20048.75,-0.4999936528,12.72532529,20836.49,13.22531895,1.47,413.49,0,0,1,0,1000.25,212.51,0,213,6,5.736000061
779,0,212.51,22951,-787.74,21950.75,-0.4999936528,13.93256109,22738.49,14.43255474,1.47,429.49,0,0,1,0,1000.25,212.51,0,213,7,5.740894318
780,0,212.51,19867,-787.74,18866.75,-0.4999936528,11.97508727,19654.49,12.47508093,1.51,381.51,0,0,1,0,1000.25,212.51,0,213,8,5.745770454
781,0,212.51,22633,-787.74,21632.75,-0.4999936528,13.73072041,22420.49,14.23071406,1.51,436.51,0,0,1,0,1000.25,212.51,0,213,9,5.754418373
782,0,212.51,20870,-787.74,19869.75,-0.4999936528,12.61171057,20657.49,13.11170422,1.51,399.51,0,0,1,0,1000.25,212.51,0,213,10,5.762063265
783,0,212.51,19381,-787.74,18380.75,-0.4999936528,11.66661377,19168.49,12.16660743,1.47,378.51,0,0,1,0,1000.25,212.51,0,213,11,5.771243572
784,0,212.51,21509,-787.74,20508.75,-0.4999936528,13.0172961,21296.49,13.51728975,1.47,420.47,0,0,1,0,1000.25,212.51,0,213,12,5.778121233
785,0,212.51,20077,-787.74,19076.75,-0.4999936528,12.10837829,19864.49,12.60837195,1.47,407.53,0,0,1,0,1000.25,212.51,0,213,13,5.782249451
786,0,212.51,20270,-787.74,19269.75,-0.4999936528,12.23087909,20057.49,12.73087274,1.52,399.52,0,0,1,0,1000.25,212.51,0,213,14,5.789069176
787,0,212.51,18944,-787.74,17943.75,-0.4999936528,11.38924151,18731.49,11.88923516,1.47,382.51,0,0,1,0,1000.25,212.51,0,213,15,5.797966003
788,0,212.51,20421,-787.74,19420.75,-0.4999936528,12.32672168,20208.49,12.82671533,1.51,389.51,0,0,1,0,1000.25,212.51,0,213,16,5.807434797
789,0,212.51,23284,-787.74,22283.75,-0.4999936528,14.14392256,23071.49,14.64391622,1.47,438.53,0,0,1,0,1000.25,212.51,0,213,17,5.815447092
790,0,212.51,20156,-787.74,19155.75,-0.4999936528,12.1585211,19943.49,12.65851476,1.51,397.51,0,0,1,0,1000.25,212.51,0,213,18,5.822984695
791,0,212.51,20388,-787.74,19387.75,-0.4999936528,12.30577594,20175.49,12.8057696,1.51,400.51,0,0,1,0,1000.25,212.51,0,213,19,5.830104589
792,0,212.51,19735,-787.74,18734.75,-0.4999936528,11.89130435,19522.49,12.391298,1.47,370.51,0,0,1,0,1000.25,212.51,0,213,20,5.838395596
793,0,212.51,20010,-787.74,19009.75,-0.4999936528,12.06585211,19797.49,12.56584576,1.49,390.4966667,0,0,1,0,1000.25,212.51,0,213,21,5.844966888
794,0,212.51,21943,-787.74,20942.75,-0.4999936528,13.2927642,21730.49,13.79275785,1.47,413.51,0,0,1,0,1000.25,212.51,0,213,22,5.850170374
795,0,212.51,19750,-787.74,18749.75,-0.4999936528,11.90082513,19537.49,12.40081879,1.47,388.53,0,0,1,0,1000.25,212.51,0,213,23,5.857618093
796,0,212.51,20679,-787.74,19678.75,-0.4999936528,12.49047921,20466.49,12.99047287,1.47,419.51,0,0,1,0,1000.25,212.51,0,213,24,5.864714861
797,0,212.51,21527,-787.74,20526.75,-0.4999936528,13.02872104,21314.49,13.52871469,1.515,405.505,0,0,1,0,1000.25,212.51,0,213,25,5.873839855
798,0,212.51,18655,-787.74,17654.75,-0.4999936528,11.20580768,18442.49,11.70580133,1.47,370.51,0,0,1,0,1000.25,212.51,0,213,26,5.883368254
799,0,212.51,17750,-787.74,16749.75,-0.4999936528,10.63138686,17537.49,11.13138051,1.51,338.51,0,0,1,0,1000.25,212.51,0,213,27,5.889930248
800,0,212.51,21475,-787.74,20474.75,-0.4999936528,12.99571565,21262.49,13.4957093,1.47,402.49,0,0,1,0,1000.25,212.51,0,213,28,5.89652276
801,0,212.51,20916,-787.74,19915.75,-0.4999936528,12.64090765,20703.49,13.1409013,1.47,406.51,0,0,1,0,1000.25,212.51,0,213,29,5.900981188
802,0,212.51,20719,-787.74,19718.75,-0.4999936528,12.51586798,20506.49,13.01586163,1.515,409.505,0,0,1,0,1000.25,212.51,0,213,30,5.91012454
803,0,212.51,19796,-787.74,18795.75,-0.4999936528,11.93002222,19583.49,12.43001587,1.47,398.49,0,0,1,0,1000.25,212.51,0,213,31,5.919179201
804,0,212.51,20549,-787.74,19548.75,-0.4999936528,12.40796573,20336.49,12.90795938,1.496666667,388.5033333,0,0,1,0,1000.25,212.51,0,213,32,5.923803806
805,0,212.51,20601,-787.74,19600.75,-0.4999936528,12.44097112,20388.49,12.94096477,1.51,404.51,0,0,1,0,1000.25,212.51,0,213,33,5.931763649
806,0,212.51,20736,-787.74,19735.75,-0.4999936528,12.5266582,20523.49,13.02665186,1.47,396.51,0,0,1,0,1000.25,212.51,0,213,34,5.939126968
807,0,212.51,20782,-787.74,19781.75,-0.4999936528,12.55585528,20569.49,13.05584894,1.51,397.51,0,0,1,0,1000.25,212.51,0,213,35,5.948983908
808,0,212.51,18809,-787.74,17808.75,-0.4999936528,11.30355443,18596.49,11.80354808,1.47,367.51,0,0,1,0,1000.25,212.51,0,213,36,5.957657099
809,0,212.51,21606,-787.74,20605.75,-0.4999936528,13.07886385,21393.49,13.57885751,1.496666667,414.49,0,0,1,0,1000.25,212.51,0,213,37,5.964409351
810,0,212.51,21213,-787.74,20212.75,-0.4999936528,12.82941923,21000.49,13.32941288,1.47,405.51,0,0,1,0,1000.25,212.51,0,213,38,5.969279528
811,0,212.51,19416,-787.74,18415.75,-0.4999936528,11.68882894,19203.49,12.1888226,1.47,377.51,0,0,1,0,1000.25,212.51,0,213,39,5.979512453
812,0,212.51,22149,-787.74,21148.75,-0.4999936528,13.42351634,21936.49,13.92351,1.47,418.51,0,0,1,0,1000.25,212.51,0,213,40,5.988976002
813,0,212.51,22014,-787.74,21013.75,-0.4999936528,13.33782926,21801.49,13.83782291,1.47,426.51,0,0,1,0,1000.25,212.51,0,213,41,5.998404741
814,0,212.51,21123,-787.74,20122.75,-0.4999936528,12.77229451,20910.49,13.27228816,1.51,399.51,0,0,1,0,1000.25,212.51,0,213,42,6.005736351
815,0,212.51,21235,-787.74,20234.75,-0.4999936528,12.84338305,21022.49,13.34337671,1.47,409.49,0,0,1,0,1000.25,212.51,0,213,43,6.012121439
816,0,212.51,21994,-787.74,20993.75,-0.4999936528,13.32513488,21781.49,13.82512853,1.496666667,435.5033333,0,0,1,0,1000.25,212.51,0,213,44,6.016653299
817,0,212.51,21806,-787.74,20805.75,-0.4999936528,13.20580768,21593.49,13.70580133,1.47,414.53,0,0,1,0,1000.25,212.51,0,213,45,6.025098801
818,0,212.51,21307,-787.74,20306.75,-0.4999936528,12.88908283,21094.49,13.38907648,1.51,387.51,0,0,1,0,1000.25,212.51,0,213,46,6.034258842
819,0,212.51,18280,-787.74,17279.75,-0.4999936528,10.967788,18067.49,11.46778166,1.47,349.53,0,0,1,0,1000.25,212.51,0,213,47,6.044008493
820,0,212.51,18294,-787.74,17293.75,-0.4999936528,10.97667407,18081.49,11.47666772,1.51,365.49,0,0,1,0,1000.25,212.51,0,213,48,6.053478479
821,0,212.51,20967,-787.74,19966.75,-0.4999936528,12.67327832,20754.49,13.17327198,1.514,406.514,0,0,1,0,1000.25,212.51,0,213,49,6.058547258
822,0,212.51,19857,-787.74,18856.75,-0.4999936528,11.96874008,19644.49,12.46873374,1.47,384.49,0,0,1,0,1000.25,212.51,0,213,0,6.066134214
823,0,212.51,21040,-787.74,20039.75,-0.4999936528,12.71961282,20827.49,13.21960647,1.51,399.5,0,0,1,0,1000.25,212.51,0,213,1,6.07082653
824,0,212.51,20076,-787.74,19075.75,-0.4999936528,12.10774357,19863.49,12.60773723,1.47,383.49,0,0,1,0,1000.25,212.51,0,213,2,6.076582193
825,0,212.51,21198,-787.74,20197.75,-0.4999936528,12.81989844,20985.49,13.3198921,1.47,409.53,0,0,1,0,1000.25,212.51,0,213,3,6.081686258
826,0,212.51,20935,-787.74,19934.75,-0.4999936528,12.65296731,20722.49,13.15296096,1.496666667,405.51,0,0,1,0,1000.25,212.51,0,213,4,6.091265917
827,0,212.51,22413,-787.74,21412.75,-0.4999936528,13.5910822,22200.49,14.09107585,1.51,417.51,0,0,1,0,1000.25,212.51,0,213,5,6.098837376
828,0,212.51,21549,-787.74,20548.75,-0.4999936528,13.04268486,21336.49,13.54267851,1.47,425.53,0,0,1,0,1000.25,212.51,0,213,6,6.107388735
829,0,212.51,21275,-787.74,20274.75,-0.4999936528,12.86877182,21062.49,13.36876547,1.496666667,398.51,0,0,1,0,1000.25,212.51,0,213,7,6.116914511
830,0,212.51,22478,-787.74,21477.75,-0.4999936528,13.63233894,22265.49,14.13233259,1.47,434.53,0,0,1,0,1000.25,212.51,0,213,8,6.124524355
831,0,212.51,20185,-787.74,19184.75,-0.4999936528,12.17692796,19972.49,12.67692161,1.496666667,399.51,0,0,1,0,1000.25,212.51,0,213,9,6.133396387
832,0,212.51,19695,-787.74,18694.75,-0.4999936528,11.86591558,19482.49,12.36590924,1.515,390.515,0,0,1,0,1000.25,212.51,0,213,10,6.140573978
833,0,212.51,18979,-787.74,17978.75,-0.4999936528,11.41145668,18766.49,11.91145033,1.51,364.51,0,0,1,0,1000.25,212.51,0,213,11,6.148298264
834,0,212.51,20652,-787.74,19651.75,-0.4999936528,12.4733418,20439.49,12.97333545,1.47,392.53,0,0,1,0,1000.25,212.51,0,213,12,6.157445669
835,0,212.51,21495,-787.74,20494.75,-0.4999936528,13.00841003,21282.49,13.50840368,1.51,408.51,0,0,1,0,1000.25,212.51,0,213,13,6.166971445
836,0,212.51,20289,-787.74,19288.75,-0.4999936528,12.24293875,20076.49,12.7429324,1.515,374.515,0,0,1,0,1000.25,212.51,0,213,14,6.177278519
837,0,212.51,19397,-787.74,18396.75,-0.4999936528,11.67676928,19184.49,12.17676293,1.47,378.51,0,0,1,0,1000.25,212.51,0,213,15,6.185943365
838,0,212.51,20025,-787.74,19024.75,-0.4999936528,12.0753729,19812.49,12.57536655,1.51,410.51,0,0,1,0,1000.25,212.51,0,213,16,6.195194721
839,0,212.51,20387,-787.74,19386.75,-0.4999936528,12.30514123,20174.49,12.80513488,1.47,397.47,0,0,1,0,1000.25,212.51,0,213,17,6.202934504
840,0,212.51,21357,-787.74,20356.75,-0.4999936528,12.92081879,21144.49,13.42081244,1.47,405.51,0,0,1,0,1000.25,212.51,0,213,18,6.207299709
841,0,212.51,22532,-787.74,21531.75,-0.4999936528,13.66661377,22319.49,14.16660743,1.47,417.51,0,0,1,0,1000.25,212.51,0,213,19,6.215317965
842,0,212.51,21190,-787.74,20189.75,-0.4999936528,12.81482069,20977.49,13.31481434,1.47,401.53,0,0,1,0,1000.25,212.51,0,213,20,6.224422455
843,0,212.51,21215,-787.74,20214.75,-0.4999936528,12.83068867,21002.49,13.33068232,1.47,411.53,0,0,1,0,1000.25,212.51,0,213,21,6.234819412
844,0,212.51,21036,-787.74,20035.75,-0.4999936528,12.71707394,20823.49,13.2170676,1.51,405.51,0,0,1,0,1000.25,212.51,0,213,22,6.242052317
845,0,212.51,21644,-787.74,20643.75,-0.4999936528,13.10298318,21431.49,13.60297683,1.47,438.51,0,0,1,0,1000.25,212.51,0,213,23,6.248753071
846,0,212.51,20042,-787.74,19041.75,-0.4999936528,12.08616312,19829.49,12.58615678,1.55,380.55,0,0,1,0,1000.25,212.51,0,213,24,6.256418943
847,0,212.51,21543,-787.74,20542.75,-0.4999936528,13.03887655,21330.49,13.5388702,1.496666667,406.51,0,0,1,0,1000.25,212.51,0,213,25,6.265376806
848,0,212.51,21398,-787.74,20397.75,-0.4999936528,12.94684227,21185.49,13.44683593,1.47,392.53,0,0,1,0,1000.25,212.51,0,213,26,6.27294898
849,0,212.51,20502,-787.74,19501.75,-0.4999936528,12.37813393,20289.49,12.87812758,1.496666667,410.49,0,0,1,0,1000.25,212.51,0,213,27,6.280082703
850,0,212.51,20630,-787.74,19629.75,-0.4999936528,12.45937798,20417.49,12.95937163,1.47,404.51,0,0,1,0,1000.25,212.51,0,213,28,6.285039186
851,0,212.51,20488,-787.74,19487.75,-0.4999936528,12.36924786,20275.49,12.86924151,1.496666667,402.5166667,0,0,1,0,1000.25,212.51,0,213,29,6.295406818
852,0,212.51,21204,-787.74,20203.75,-0.4999936528,12.82370676,20991.49,13.32370041,1.47,395.53,0,0,1,0,1000.25,212.51,0,213,30,6.304581165
853,0,212.51,19954,-787.74,18953.75,-0.4999936528,12.03030784,19741.49,12.53030149,1.51,396.51,0,0,1,0,1000.25,212.51,0,213,31,6.311390162
854,0,212.51,22110,-787.74,21109.75,-0.4999936528,13.3987623,21897.49,13.89875595,1.47,427.49,0,0,1,0,1000.25,212.51,0,213,32,6.318781376
855,0,212.51,21498,-787.74,20497.75,-0.4999936528,13.01031419,21285.49,13.51030784,1.47,401.51,0,0,1,0,1000.25,212.51,0,213,33,6.323164463
856,0,212.51,18763,-787.74,17762.75,-0.4999936528,11.27435735,18550.49,11.774351,1.47,375.51,0,0,1,0,1000.25,212.51,0,213,34,6.329852343
857,0,212.51,20617,-787.74,19616.75,-0.4999936528,12.45112663,20404.49,12.95112028,1.49,400.51,0,0,1,0,1000.25,212.51,0,213,35,6.33960247
858,0,212.51,20504,-787.74,19503.75,-0.4999936528,12.37940336,20291.49,12.87939702,1.47,396.51,1,1,0,0,1000.25,212.51,0,213,36,6.347846508
859,0,212.51,19279,-787.74,18278.75,-0.4999936528,11.60187242,19066.49,12.10186607,1.555,373.535,0,0,1,0,1000.25,212.51,0,213,37,6.356279135
860,0,212.51,20507,-787.74,19506.75,-0.4999936528,12.38130752,20294.49,12.88130117,1.47,379.51,0,0,1,0,1000.25,212.51,0,213,38,6.365928888
861,0,212.51,22116,-787.74,21115.75,-0.4999936528,13.40257061,21903.49,13.90256427,1.496666667,436.51,0,0,1,0,1000.25,212.51,0,213,39,6.372541666
862,0,212.51,20010,-787.74,19009.75,-0.4999936528,12.06585211,19797.49,12.56584576,1.47,393.53,0,0,1,0,1000.25,212.51,0,213,40,6.380123615
863,0,212.51,19999,-787.74,18998.75,-0.4999936528,12.0588702,19786.49,12.55886385,1.496666667,394.5166667,0,0,1,0,1000.25,212.51,0,213,41,6.386594057
864,0,212.51,20737,-787.74,19736.75,-0.4999936528,12.52729292,20524.49,13.02728658,1.47,401.53,0,0,1,0,1000.25,212.51,0,213,42,6.396637201
865,0,212.51,21375,-787.74,20374.75,-0.4999936528,12.93224373,21162.49,13.43223738,1.496666667,405.5166667,0,0,1,0,1000.25,212.51,0,213,43,6.404582262
866,0,212.51,21351,-787.74,20350.75,-0.4999936528,12.91701047,21138.49,13.41700413,1.47,417.51,0,0,1,0,1000.25,212.51,0,213,44,6.412158251
867,0,212.51,19813,-787.74,18812.75,-0.4999936528,11.94081244,19600.49,12.44080609,1.51,382.51,0,0,1,0,1000.25,212.51,0,213,45,6.418844223
868,0,212.51,21926,-787.74,20925.75,-0.4999936528,13.28197398,21713.49,13.78196763,1.47,412.51,0,0,1,0,1000.25,212.51,0,213,46,6.425575733
869,0,212.51,22265,-787.74,21264.75,-0.4999936528,13.49714376,22052.49,13.99713742,1.47,419.51,0,0,1,0,1000.25,212.51,0,213,47,6.432274342
870,0,212.51,18918,-787.74,17917.75,-0.4999936528,11.37273881,18705.49,11.87273247,1.47,379.49,0,0,1,0,1000.25,212.51,0,213,48,6.441100597
871,0,212.51,20898,-787.74,19897.75,-0.4999936528,12.6294827,20685.49,13.12947636,1.47,406.53,0,0,1,0,1000.25,212.51,0,213,49,6.445816517
872,0,212.51,21790,-787.74,20789.75,-0.4999936528,13.19565217,21577.49,13.69564583,1.51,406.51,0,0,1,0,1000.25,212.51,0,213,0,6.452949762
873,0,212.51,20863,-787.74,19862.75,-0.4999936528,12.60726753,20650.49,13.10726119,1.47,394.53,0,0,1,0,1000.25,212.51,0,213,1,6.459459782
874,0,212.51,20550,-787.74,19549.75,-0.4999936528,12.40860044,20337.49,12.9085941,1.51,410.51,0,0,1,0,1000.25,212.51,0,213,2,6.465703487
875,0,212.51,18956,-787.74,17955.75,-0.4999936528,11.39685814,18743.49,11.89685179,1.47,367.53,0,0,1,0,1000.25,212.51,0,213,3,6.471983671
876,0,212.51,20889,-787.74,19888.75,-0.4999936528,12.62377023,20676.49,13.12376388,1.47,390.51,0,0,1,0,1000.25,212.51,0,213,4,6.478261232
877,0,212.51,18898,-787.74,17897.75,-0.4999936528,11.36004443,18685.49,11.86003808,1.47,376.51,0,0,1,0,1000.25,212.51,0,213,5,6.487276554
878,0,212.51,21613,-787.74,20612.75,-0.4999936528,13.08330689,21400.49,13.58330054,1.51,420.49,0,0,1,0,1000.25,212.51,0,213,6,6.49630475
879,0,212.51,20718,-787.74,19717.75,-0.4999936528,12.51523326,20505.49,13.01522691,1.47,404.51,0,0,1,0,1000.25,212.51,0,213,7,6.501186609
880,0,212.51,21468,-787.74,20467.75,-0.4999936528,12.99127261,21255.49,13.49126626,1.47,419.47,0,0,1,0,1000.25,212.51,0,213,8,6.511148453
881,0,212.51,22176,-787.74,21175.75,-0.4999936528,13.44065376,21963.49,13.94064741,1.47,439.53,0,0,1,0,1000.25,212.51,0,213,9,6.515544653
882,0,212.51,20254,-787.74,19253.75,-0.4999936528,12.22072358,20041.49,12.72071723,1.496666667,388.5166667,0,0,1,0,1000.25,212.51,0,213,10,6.523690939
883,0,212.51,19854,-787.74,18853.75,-0.4999936528,11.96683593,19641.49,12.46682958,1.47,390.51,0,0,1,0,1000.25,212.51,0,213,11,6.533562183
884,0,212.51,20610,-787.74,19609.75,-0.4999936528,12.44668359,20397.49,12.94667725,1.51,405.51,0,0,1,0,1000.25,212.51,0,213,12,6.540262938
885,0,212.51,20985,-787.74,19984.75,-0.4999936528,12.68470327,20772.49,13.18469692,1.52,409.5,0,0,1,0,1000.25,212.51,0,213,13,6.549600601
886,0,212.51,18547,-787.74,17546.75,-0.4999936528,11.13725801,18334.49,11.63725167,1.47,357.51,0,0,1,0,1000.25,212.51,0,213,14,6.555016279
887,0,212.51,22016,-787.74,21015.75,-0.4999936528,13.3390987,21803.49,13.83909235,1.47,430.51,0,0,1,0,1000.25,212.51,0,213,15,6.564147949
888,0,212.51,21278,-787.74,20277.75,-0.4999936528,12.87067598,21065.49,13.37066963,1.52,410.52,0,0,1,0,1000.25,212.51,0,213,16,6.571590185
889,0,212.51,20142,-787.74,19141.75,-0.4999936528,12.14963504,19929.49,12.64962869,1.47,407.51,0,0,1,0,1000.25,212.51,0,213,17,6.57896328
890,0,212.51,19950,-787.74,18949.75,-0.4999936528,12.02776896,19737.49,12.52776262,1.51,389.49,0,0,1,0,1000.25,212.51,0,213,18,6.586017132
891,0,212.51,20178,-787.74,19177.75,-0.4999936528,12.17248493,19965.49,12.67247858,1.47,375.49,0,0,1,0,1000.25,212.51,0,213,19,6.590995312
892,0,212.51,21942,-787.74,20941.75,-0.4999936528,13.29212948,21729.49,13.79212314,1.51,441.49,0,0,1,0,1000.25,212.51,0,213,20,6.595793962
893,0,212.51,20294,-787.74,19293.75,-0.4999936528,12.24611235,20081.49,12.746106,1.51,384.49,0,0,1,0,1000.25,212.51,0,213,21,6.599910975
894,0,212.51,20877,-787.74,19876.75,-0.4999936528,12.6161536,20664.49,13.11614725,1.51,387.51,0,0,1,0,1000.25,212.51,0,213,22,6.603958845
895,0,212.51,19464,-787.74,18463.75,-0.4999936528,11.71929546,19251.49,12.21928911,1.47,383.49,0,0,1,0,1000.25,212.51,0,213,23,6.613984823
896,0,212.51,20009,-787.74,19008.75,-0.4999936528,12.06521739,19796.49,12.56521104,1.47,383.47,0,0,1,0,1000.25,212.51,0,213,24,6.618402243
897,0,212.51,21054,-787.74,20053.75,-0.4999936528,12.72849889,20841.49,13.22849254,1.47,401.49,0,0,1,0,1000.25,212.51,0,213,25,6.622985601
898,0,212.51,19712,-787.74,18711.75,-0.4999936528,11.87670581,19499.49,12.37669946,1.47,394.53,0,0,1,0,1000.25,212.51,0,213,26,6.627626657
899,0,212.51,22337,-787.74,21336.75,-0.4999936528,13.54284354,22124.49,14.04283719,1.47,427.53,0,0,1,0,1000.25,212.51,0,213,27,6.634451389
900,0,212.51,22668,-787.74,21667.75,-0.4999936528,13.75293558,22455.49,14.25292923,1.47,433.53,0,0,1,0,1000.25,212.51,0,213,28,6.642276287
901,0,212.51,20905,-787.74,19904.75,-0.4999936528,12.63392574,20692.49,13.13391939,1.496666667,392.51,0,0,1,0,1000.25,212.51,0,213,29,6.6512537
902,0,212.51,20741,-787.74,19740.75,-0.4999936528,12.5298318,20528.49,13.02982545,1.47,423.53,0,0,1,0,1000.25,212.51,0,213,30,6.659030199
903,0,212.51,20354,-787.74,19353.75,-0.4999936528,12.28419549,20141.49,12.78418915,1.47,397.51,0,0,1,0,1000.25,212.51,0,213,31,6.665648699
904,0,212.51,21012,-787.74,20011.75,-0.4999936528,12.70184069,20799.49,13.20183434,1.47,401.53,0,0,1,0,1000.25,212.51,0,213,32,6.672977209
905,0,212.51,20096,-787.74,19095.75,-0.4999936528,12.12043796,19883.49,12.62043161,1.51,405.51,0,0,1,0,1000.25,212.51,0,213,33,6.682506323
906,0,212.51,19711,-787.74,18710.75,-0.4999936528,11.87607109,19498.49,12.37606474,1.47,391.53,0,0,1,0,1000.25,212.51,0,213,34,6.690560102
907,0,212.51,23093,-787.74,22092.75,-0.4999936528,14.02269121,22880.49,14.52268486,1.51,437.51,0,0,1,0,1000.25,212.51,0,213,35,6.700517654
908,0,212.51,20057,-787.74,19056.75,-0.4999936528,12.09568391,19844.49,12.59567756,1.496666667,376.51,0,0,1,0,1000.25,212.51,0,213,36,6.70742178
909,0,212.51,20524,-787.74,19523.75,-0.4999936528,12.39209775,20311.49,12.8920914,1.47,400.51,0,0,1,0,1000.25,212.51,0,213,37,6.714850903
910,0,212.51,20540,-787.74,19539.75,-0.4999936528,12.40225325,20327.49,12.90224691,1.51,407.51,0,0,1,0,1000.25,212.51,0,213,38,6.72245121
911,0,212.51,19938,-787.74,18937.75,-0.4999936528,12.02015233,19725.49,12.52014599,1.47,388.49,0,0,1,0,1000.25,212.51,0,213,39,6.731059074
912,0,212.51,21742,-787.74,20741.75,-0.4999936528,13.16518566,21529.49,13.66517931,1.47,406.51,0,0,1,0,1000.25,212.51,0,213,40,6.735570192
913,0,212.51,20503,-787.74,19502.75,-0.4999936528,12.37876864,20290.49,12.8787623,1.49,399.5033333,0,0,1,0,1000.25,212.51,0,213,41,6.743945122
914,0,212.51,19310,-787.74,18309.75,-0.4999936528,11.62154871,19097.49,12.12154237,1.51,379.51,0,0,1,0,1000.25,212.51,0,213,42,6.751608849
915,0,212.51,20574,-787.74,19573.75,-0.4999936528,12.4238337,20361.49,12.92382736,1.47,396.53,0,0,1,0,1000.25,212.51,0,213,43,6.758367062
916,0,212.51,21863,-787.74,20862.75,-0.4999936528,13.24198667,21650.49,13.74198032,1.47,414.51,0,0,1,0,1000.25,212.51,0,213,44,6.765061617
917,0,212.51,22675,-787.74,21674.75,-0.4999936528,13.75737861,22462.49,14.25737226,1.47,430.53,0,0,1,0,1000.25,212.51,0,213,45,6.775317192
918,0,212.51,21941,-787.74,20940.75,-0.4999936528,13.29149476,21728.49,13.79148842,1.51,416.51,0,0,1,0,1000.25,212.51,0,213,46,6.784808397
919,0,212.51,21345,-787.74,20344.75,-0.4999936528,12.91320216,21132.49,13.41319581,1.47,402.51,0,0,1,0,1000.25,212.51,0,213,47,6.791045666
920,0,212.51,21909,-787.74,20908.75,-0.4999936528,13.27118375,21696.49,13.7711774,1.47,425.53,0,0,1,0,1000.25,212.51,0,213,48,6.800353289
921,0,212.51,21020,-787.74,20019.75,-0.4999936528,12.70691844,20807.49,13.20691209,1.51,400.51,0,0,1,0,1000.25,212.51,0,213,49,6.809213877
922,0,212.51,21356,-787.74,20355.75,-0.4999936528,12.92018407,21143.49,13.42017772,1.47,408.53,0,0,1,0,1000.25,212.51,0,213,0,6.818651676
923,0,212.51,21930,-787.74,20929.75,-0.4999936528,13.28451285,21717.49,13.78450651,1.496666667,418.51,0,0,1,0,1000.25,212.51,0,213,1,6.827702999
924,0,212.51,20723,-787.74,19722.75,-0.4999936528,12.51840685,20510.49,13.01840051,1.47,385.49,0,0,1,0,1000.25,212.51,0,213,2,6.8353405
925,0,212.51,19582,-787.74,18581.75,-0.4999936528,11.79419232,19369.49,12.29418597,1.51,384.51,0,0,1,0,1000.25,212.51,0,213,3,6.840013027
926,0,212.51,20379,-787.74,19378.75,-0.4999936528,12.30006347,20166.49,12.80005712,1.47,404.49,0,0,1,0,1000.25,212.51,0,213,4,6.84704423
927,0,212.51,21604,-787.74,20603.75,-0.4999936528,13.07759441,21391.49,13.57758807,1.515,403.515,0,0,1,0,1000.25,212.51,0,213,5,6.851611137
928,0,212.51,21590,-787.74,20589.75,-0.4999936528,13.06870835,21377.49,13.568702,1.51,410.49,0,0,1,0,1000.25,212.51,0,213,6,6.86006093
929,0,212.51,21196,-787.74,20195.75,-0.4999936528,12.81862901,20983.49,13.31862266,1.47,414.49,0,0,1,0,1000.25,212.51,0,213,7,6.864943743
930,0,212.51,20813,-787.74,19812.75,-0.4999936528,12.57553158,20600.49,13.07552523,1.47,404.51,0,0,1,0,1000.25,212.51,0,213,8,6.869853497
931,0,212.51,19485,-787.74,18484.75,-0.4999936528,11.73262456,19272.49,12.23261822,1.47,373.53,0,0,1,0,1000.25,212.51,0,213,9,6.878661156
932,0,212.51,20097,-787.74,19096.75,-0.4999936528,12.12107268,19884.49,12.62106633,1.47,423.49,0,0,1,0,1000.25,212.51,0,213,10,6.887995481
933,0,212.51,21257,-787.74,20256.75,-0.4999936528,12.85734687,21044.49,13.35734053,1.47,406.51,0,0,1,0,1000.25,212.51,0,213,11,6.89283824
934,0,212.51,20002,-787.74,19001.75,-0.4999936528,12.06077436,19789.49,12.56076801,1.55,388.55,0,0,1,0,1000.25,212.51,0,213,12,6.902926922
935,0,212.51,21506,-787.74,20505.75,-0.4999936528,13.01539194,21293.49,13.51538559,1.51,415.51,0,0,1,0,1000.25,212.51,0,213,13,6.910204172
936,0,212.51,21793,-787.74,20792.75,-0.4999936528,13.19755633,21580.49,13.69754998,1.51,418.49,0,0,1,0,1000.25,212.51,0,213,14,6.918702364
937,0,212.51,21644,-787.74,20643.75,-0.4999936528,13.10298318,21431.49,13.60297683,1.51,421.51,0,0,1,0,1000.25,212.51,0,213,15,6.922761202
938,0,212.51,20947,-787.74,19946.75,-0.4999936528,12.66058394,20734.49,13.16057759,1.47,392.49,0,0,1,0,1000.25,212.51,0,213,16,6.929929256
939,0,212.51,20148,-787.74,19147.75,-0.4999936528,12.15344335,19935.49,12.653437,1.51,377.51,0,0,1,0,1000.25,212.51,0,213,17,6.934499264
940,0,212.51,19565,-787.74,18564.75,-0.4999936528,11.78340209,19352.49,12.28339575,1.51,399.49,0,0,1,0,1000.25,212.51,0,213,18,6.940581322
941,0,212.51,20954,-787.74,19953.75,-0.4999936528,12.66502698,20741.49,13.16502063,1.47,410.51,0,0,1,0,1000.25,212.51,0,213,19,6.945963383
942,0,212.51,22289,-787.74,21288.75,-0.4999936528,13.51237702,22076.49,14.01237068,1.49,420.51,0,0,1,0,1000.25,212.51,0,213,20,6.953294277
943,0,212.51,20183,-787.74,19182.75,-0.4999936528,12.17565852,19970.49,12.67565217,1.47,393.51,0,0,1,0,1000.25,212.51,0,213,21,6.961001396
944,0,212.51,21593,-787.74,20592.75,-0.4999936528,13.0706125,21380.49,13.57060616,1.496666667,417.51,0,0,1,0,1000.25,212.51,0,213,22,6.968242168
945,0,212.51,20762,-787.74,19761.75,-0.4999936528,12.5431609,20549.49,13.04315455,1.52,406.52,0,0,1,0,1000.25,212.51,0,213,23,6.976529121
946,0,212.51,20297,-787.74,19296.75,-0.4999936528,12.2480165,20084.49,12.74801016,1.496666667,392.4966667,0,0,1,0,1000.25,212.51,0,213,24,6.984275818
947,0,212.51,21323,-787.74,20322.75,-0.4999936528,12.89923834,21110.49,13.39923199,1.47,405.51,0,0,1,0,1000.25,212.51,0,213,25,6.989467621
948,0,212.51,22099,-787.74,21098.75,-0.4999936528,13.39178039,21886.49,13.89177404,1.52,424.52,0,0,1,0,1000.25,212.51,0,213,26,6.998796225
949,0,212.51,21845,-787.74,20844.75,-0.4999936528,13.23056173,21632.49,13.73055538,1.47,415.53,0,0,1,0,1000.25,212.51,0,213,27,7.008096218
950,0,212.51,22152,-787.74,21151.75,-0.4999936528,13.4254205,21939.49,13.92541415,1.55,414.53,0,0,1,0,1000.25,212.51,0,213,28,7.016779184
951,0,212.51,20377,-787.74,19376.75,-0.4999936528,12.29879403,20164.49,12.79878769,1.47,398.49,0,0,1,0,1000.25,212.51,0,213,29,7.024419546
952,0,212.51,20795,-787.74,19794.75,-0.4999936528,12.56410663,20582.49,13.06410029,1.47,410.51,0,0,1,0,1000.25,212.51,0,213,30,7.02899456
953,0,212.51,22335,-787.74,21334.75,-0.4999936528,13.5415741,22122.49,14.04156776,1.47,421.51,0,0,1,0,1000.25,212.51,0,213,31,7.03832674
954,0,212.51,21591,-787.74,20590.75,-0.4999936528,13.06934307,21378.49,13.56933672,1.51,415.51,0,0,1,0,1000.25,212.51,0,213,32,7.047570705
955,0,212.51,21195,-787.74,20194.75,-0.4999936528,12.81799429,20982.49,13.31798794,1.49,393.4966667,0,0,1,0,1000.25,212.51,0,213,33,7.053643465
956,0,212.51,21335,-787.74,20334.75,-0.4999936528,12.90685497,21122.49,13.40684862,1.51,408.51,0,0,1,0,1000.25,212.51,0,213,34,7.058762312
957,0,212.51,20227,-787.74,19226.75,-0.4999936528,12.20358616,20014.49,12.70357982,1.47,402.53,0,0,1,0,1000.25,212.51,0,213,35,7.068234682
958,0,212.51,20666,-787.74,19665.75,-0.4999936528,12.48222786,20453.49,12.98222152,1.47,400.51,0,0,1,0,1000.25,212.51,0,213,36,7.077304125
959,0,212.51,19728,-787.74,18727.75,-0.4999936528,11.88686131,19515.49,12.38685497,1.47,376.53,0,0,1,0,1000.25,212.51,0,213,37,7.084097385
960,0,212.51,19113,-787.74,18112.75,-0.4999936528,11.49650904,18900.49,11.9965027,1.51,384.49,0,0,1,0,1000.25,212.51,0,213,38,7.0937953
961,0,212.51,20866,-787.74,19865.75,-0.4999936528,12.60917169,20653.49,13.10916534,1.49,401.5033333,0,0,1,0,1000.25,212.51,0,213,39,7.098291874
962,0,212.51,20836,-787.74,19835.75,-0.4999936528,12.59013012,20623.49,13.09012377,1.47,389.51,0,0,1,0,1000.25,212.51,0,213,40,7.108936548
963,0,212.51,18363,-787.74,17362.75,-0.4999936528,11.02046969,18150.49,11.52046334,1.49,365.5033333,0,0,1,0,1000.25,212.51,0,213,41,7.115318298
964,0,212.51,19456,-787.74,18455.75,-0.4999936528,11.71421771,19243.49,12.21421136,1.47,388.51,0,0,1,0,1000.25,212.51,0,213,42,7.122748375
965,0,212.51,19849,-787.74,18848.75,-0.4999936528,11.96366233,19636.49,12.46365598,1.47,382.51,0,0,1,0,1000.25,212.51,0,213,43,7.129873276
966,0,212.51,22386,-787.74,21385.75,-0.4999936528,13.57394478,22173.49,14.07393843,1.51,418.51,0,0,1,0,1000.25,212.51,0,213,44,7.137589931
967,0,212.51,20260,-787.74,19259.75,-0.4999936528,12.22453189,20047.49,12.72452555,1.51,382.51,0,0,1,0,1000.25,212.51,0,213,45,7.146964312
968,0,212.51,21419,-787.74,20418.75,-0.4999936528,12.96017137,21206.49,13.46016503,1.51,424.51,0,0,1,0,1000.25,212.51,0,213,46,7.156445503
969,0,212.51,19478,-787.74,18477.75,-0.4999936528,11.72818153,19265.49,12.22817518,1.47,381.51,0,0,1,0,1000.25,212.51,0,213,47,7.164297581
970,0,212.51,22277,-787.74,21276.75,-0.4999936528,13.50476039,22064.49,14.00475405,1.51,413.51,0,0,1,0,1000.25,212.51,0,213,48,7.171230078
971,0,212.51,21449,-787.74,20448.75,-0.4999936528,12.97921295,21236.49,13.4792066,1.47,399.49,0,0,1,0,1000.25,212.51,0,213,49,7.17874527
972,0,212.51,20288,-787.74,19287.75,-0.4999936528,12.24230403,20075.49,12.74229768,1.496666667,384.51,0,0,1,0,1000.25,212.51,0,213,0,7.184155941
973,0,212.51,21306,-787.74,20305.75,-0.4999936528,12.88844811,21093.49,13.38844176,1.47,414.51,0,0,1,0,1000.25,212.51,0,213,1,7.191550493
974,0,212.51,20377,-787.74,19376.75,-0.4999936528,12.29879403,20164.49,12.79878769,1.513333333,400.5066667,0,0,1,0,1000.25,212.51,0,213,2,7.201578856
975,0,212.51,21653,-787.74,20652.75,-0.4999936528,13.10869565,21440.49,13.6086893,1.51,406.51,0,0,1,0,1000.25,212.51,0,213,3,7.209279299
976,0,212.51,20201,-787.74,19200.75,-0.4999936528,12.18708347,19988.49,12.68707712,1.47,399.53,0,0,1,0,1000.25,212.51,0,213,4,7.215496063
977,0,212.51,20504,-787.74,19503.75,-0.4999936528,12.37940336,20291.49,12.87939702,1.47,410.49,0,0,1,0,1000.25,212.51,0,213,5,7.222893
978,0,212.51,21083,-787.74,20082.75,-0.4999936528,12.74690574,20870.49,13.2468994,1.51,398.51,0,0,1,0,1000.25,212.51,0,213,6,7.227409601
979,0,212.51,19766,-787.74,18765.75,-0.4999936528,11.91098064,19553.49,12.41097429,1.55,386.55,0,0,1,0,1000.25,212.51,0,213,7,7.23665309
980,0,212.51,20174,-787.74,19173.75,-0.4999936528,12.16994605,19961.49,12.6699397,1.51,381.51,0,0,1,0,1000.25,212.51,0,213,8,7.245105982
981,0,212.51,22145,-787.74,21144.75,-0.4999936528,13.42097747,21932.49,13.92097112,1.47,405.53,0,0,1,0,1000.25,212.51,0,213,9,7.251453161
982,0,212.51,21048,-787.74,20047.75,-0.4999936528,12.72469057,20835.49,13.22468423,1.51,409.49,0,0,1,0,1000.25,212.51,0,213,10,7.260346651
983,0,212.51,19926,-787.74,18925.75,-0.4999936528,12.0125357,19713.49,12.51252936,1.47,388.51,0,0,1,0,1000.25,212.51,0,213,11,7.264759779
984,0,212.51,21867,-787.74,20866.75,-0.4999936528,13.24452555,21654.49,13.7445192,1.47,423.53,0,0,1,0,1000.25,212.51,0,213,12,7.273478746
985,0,212.51,21845,-787.74,20844.75,-0.4999936528,13.23056173,21632.49,13.73055538,1.51,423.51,0,0,1,0,1000.25,212.51,0,213,13,7.282449007
986,0,212.51,20682,-787.74,19681.75,-0.4999936528,12.49238337,20469.49,12.99237702,1.555,406.535,0,0,1,0,1000.25,212.51,0,213,14,7.291833401
987,0,212.51,20107,-787.74,19106.75,-0.4999936528,12.12741987,19894.49,12.62741352,1.47,393.49,0,0,1,0,1000.25,212.51,0,213,15,7.300385475
988,0,212.51,20529,-787.74,19528.75,-0.4999936528,12.39527134,20316.49,12.895265,1.47,411.53,1,1,0,0,1000.25,212.51,0,213,16,7.305156231
989,0,212.51,21998,-787.74,20997.75,-0.4999936528,13.32767375,21785.49,13.82766741,1.47,423.51,0,0,1,0,1000.25,212.51,0,213,17,7.312961102
990,0,212.51,20868,-787.74,19867.75,-0.4999936528,12.61044113,20655.49,13.11043478,1.51,406.51,0,0,1,0,1000.25,212.51,0,213,18,7.322108746
991,0,212.51,20503,-787.74,19502.75,-0.4999936528,12.37876864,20290.49,12.8787623,1.47,407.49,0,0,1,0,1000.25,212.51,0,213,19,7.32871604
992,0,212.51,20786,-787.74,19785.75,-0.4999936528,12.55839416,20573.49,13.05838781,1.55,403.49,0,0,1,0,1000.25,212.51,0,213,20,7.333194017
993,0,212.51,21080,-787.74,20079.75,-0.4999936528,12.74500159,20867.49,13.24499524,1.496666667,403.51,0,0,1,0,1000.25,212.51,0,213,21,7.337870359
994,0,212.51,19594,-787.74,18593.75,-0.4999936528,11.80180895,19381.49,12.3018026,1.52,390.52,0,0,1,0,1000.25,212.51,0,213,22,7.347481251
995,0,212.51,20912,-787.74,19911.75,-0.4999936528,12.63836877,20699.49,13.13836242,1.47,418.51,0,0,1,0,1000.25,212.51,0,213,23,7.355116844
996,0,212.51,18377,-787.74,17376.75,-0.4999936528,11.02935576,18164.49,11.52934941,1.51,357.49,0,0,1,0,1000.25,212.51,0,213,24,7.363844872
997,0,212.51,22560,-787.74,21559.75,-0.4999936528,13.68438591,22347.49,14.18437956,1.47,441.53,0,0,1,0,1000.25,212.51,0,213,25,7.36841917
998,0,212.51,19900,-787.74,18899.75,-0.4999936528,11.99603301,19687.49,12.49602666,1.47,394.49,0,0,1,0,1000.25,212.51,0,213,26,7.375604868
999,0,212.51,19527,-787.74,18526.75,-0.4999936528,11.75928277,19314.49,12.25927642,1.47,380.53,0,0,1,0,1000.25,212.51,0,213,27,7.379796505
1000,0,212.51,21461,-787.74,20460.75,-0.4999936528,12.98682958,21248.49,13.48682323,1.51,408.51,0,0,1,0,1000.25,212.51,0,213,28,7.388899088
1001,0,212.51,21989,-787.74,20988.75,-0.4999936528,13.32196128,21776.49,13.82195493,1.47,424.51,0,0,1,0,1000.25,212.51,0,213,29,7.396557331
1002,0,212.51,20477,-787.74,19476.75,-0.4999936528,12.36226595,20264.49,12.8622596,1.51,396.51,0,0,1,0,1000.25,212.51,0,213,30,7.405473471
1003,0,212.51,21757,-787.74,20756.75,-0.4999936528,13.17470644,21544.49,13.6747001,1.49,414.5033333,0,0,1,0,1000.25,212.51,0,213,31,7.411857605
1004,0,212.51,21839,-787.74,20838.75,-0.4999936528,13.22675341,21626.49,13.72674706,1.47,424.51,0,0,1,0,1000.25,212.51,0,213,32,7.420235395
1005,0,212.51,21260,-787.74,20259.75,-0.4999936528,12.85925103,21047.49,13.35924468,1.51,417.51,0,0,1,0,1000.25,212.51,0,213,33,7.429925203
1006,0,212.51,20585,-787.74,19584.75,-0.4999936528,12.43081561,20372.49,12.93080927,1.496666667,388.4966667,0,0,1,0,1000.25,212.51,0,213,34,7.439702988
1007,0,212.51,20567,-787.74,19566.75,-0.4999936528,12.41939067,20354.49,12.91938432,1.47,399.53,0,0,1,0,1000.25,212.51,0,213,35,7.444778919
1008,0,212.51,20376,-787.74,19375.75,-0.4999936528,12.29815931,20163.49,12.79815297,1.47,403.53,0,0,1,0,1000.25,212.51,0,213,36,7.453168154
1009,0,212.51,19870,-787.74,18869.75,-0.4999936528,11.97699143,19657.49,12.47698508,1.51,402.51,0,0,1,0,1000.25,212.51,0,213,37,7.462476015
1010,0,212.51,20809,-787.74,19808.75,-0.4999936528,12.5729927,20596.49,13.07298635,1.51,399.51,0,0,1,0,1000.25,212.51,0,213,38,7.471576452
1011,0,212.51,20024,-787.74,19023.75,-0.4999936528,12.07473818,19811.49,12.57473183,1.47,387.53,0,0,1,0,1000.25,212.51,0,213,39,7.481636047
1012,0,212.51,21177,-787.74,20176.75,-0.4999936528,12.80656934,20964.49,13.306563,1.51,409.51,0,0,1,0,1000.25,212.51,0,213,40,7.489426613
1013,0,212.51,19370,-787.74,18369.75,-0.4999936528,11.65963186,19157.49,12.15962552,1.51,380.51,0,0,1,0,1000.25,212.51,0,213,41,7.498146057
1014,0,212.51,19084,-787.74,18083.75,-0.4999936528,11.47810219,18871.49,11.97809584,1.49,377.5033333,0,0,1,0,1000.25,212.51,0,213,42,7.504525423
1015,0,212.51,22524,-787.74,21523.75,-0.4999936528,13.66153602,22311.49,14.16152967,1.515,437.505,0,0,1,0,1000.25,212.51,0,213,43,7.514007568
1016,0,212.51,19915,-787.74,18914.75,-0.4999936528,12.00555379,19702.49,12.50554745,1.51,376.51,0,0,1,0,1000.25,212.51,0,213,44,7.524663687
1017,0,212.51,21205,-787.74,20204.75,-0.4999936528,12.82434148,20992.49,13.32433513,1.49,400.5033333,1,1,0,0,1000.25,212.51,0,213,45,7.532395363
1018,0,212.51,20069,-787.74,19068.75,-0.4999936528,12.10330054,19856.49,12.60329419,1.47,396.51,0,0,1,0,1000.25,212.51,0,213,46,7.539843082
1019,0,212.51,20753,-787.74,19752.75,-0.4999936528,12.53744843,20540.49,13.03744208,1.47,402.51,0,0,1,0,1000.25,212.51,0,213,47,7.547802687
1020,0,212.51,19864,-787.74,18863.75,-0.4999936528,11.97318312,19651.49,12.47317677,1.47,391.53,0,0,1,0,1000.25,212.51,0,213,48,7.55611062
1021,0,212.51,22550,-787.74,21549.75,-0.4999936528,13.67803872,22337.49,14.17803237,1.51,430.51,0,0,1,0,1000.25,212.51,0,213,49,7.565440893
1022,0,212.51,20749,-787.74,19748.75,-0.4999936528,12.53490955,20536.49,13.03490321,1.51,414.49,0,0,1,0,1000.25,212.51,0,213,0,7.571918726
1023,0,212.51,20391,-787.74,19390.75,-0.4999936528,12.3076801,20178.49,12.80767375,1.47,386.53,0,0,1,0,1000.25,212.51,0,213,1,7.576635361
1024,0,212.51,20058,-787.74,19057.75,-0.4999936528,12.09631863,19845.49,12.59631228,1.496666667,390.51,0,0,1,0,1000.25,212.51,0,213,2,7.585877895
1025,0,212.51,20453,-787.74,19452.75,-0.4999936528,12.34703269,20240.49,12.84702634,1.47,407.53,0,0,1,0,1000.25,212.51,0,213,3,7.593347549
1026,0,212.51,21440,-787.74,20439.75,-0.4999936528,12.97350048,21227.49,13.47349413,1.496666667,399.5166667,0,0,1,0,1000.25,212.51,0,213,4,7.603182316
1027,0,212.51,19855,-787.74,18854.75,-0.4999936528,11.96747064,19642.49,12.4674643,1.47,375.51,0,0,1,0,1000.25,212.51,0,213,5,7.613288641
1028,0,212.51,20916,-787.74,19915.75,-0.4999936528,12.64090765,20703.49,13.1409013,1.51,400.51,0,0,1,0,1000.25,212.51,0,213,6,7.619638205
1029,0,212.51,20048,-787.74,19047.75,-0.4999936528,12.08997144,19835.49,12.58996509,1.47,390.49,0,0,1,0,1000.25,212.51,0,213,7,7.62788415
1030,0,212.51,20725,-787.74,19724.75,-0.4999936528,12.51967629,20512.49,13.01966995,1.496666667,393.5166667,0,0,1,0,1000.25,212.51,0,213,8,7.632144928
1031,0,212.51,20158,-787.74,19157.75,-0.4999936528,12.15979054,19945.49,12.6597842,1.47,393.53,0,0,1,0,1000.25,212.51,0,213,9,7.641210318
1032,0,212.51,20935,-787.74,19934.75,-0.4999936528,12.65296731,20722.49,13.15296096,1.51,402.51,0,0,1,0,1000.25,212.51,0,213,10,7.651152134
1033,0,212.51,20043,-787.74,19042.75,-0.4999936528,12.08679784,19830.49,12.58679149,1.505,380.505,0,0,1,0,1000.25,212.51,0,213,11,7.66085887
1034,0,212.51,20754,-787.74,19753.75,-0.4999936528,12.53808315,20541.49,13.0380768,1.47,403.53,0,0,1,0,1000.25,212.51,0,213,12,7.669350147
1035,0,212.51,21554,-787.74,20553.75,-0.4999936528,13.04585846,21341.49,13.54585211,1.51,399.51,0,0,1,0,1000.25,212.51,0,213,13,7.678601503
1036,0,212.51,19812,-787.74,18811.75,-0.4999936528,11.94017772,19599.49,12.44017137,1.47,379.53,0,0,1,0,1000.25,212.51,0,213,14,7.686981916
1037,0,212.51,18660,-787.74,17659.75,-0.4999936528,11.20898128,18447.49,11.70897493,1.51,381.51,0,0,1,0,1000.25,212.51,0,213,15,7.696385622
1038,0,212.51,20946,-787.74,19945.75,-0.4999936528,12.65994922,20733.49,13.15994288,1.47,399.53,0,0,1,0,1000.25,212.51,0,213,16,7.703768492
1039,0,212.51,19526,-787.74,18525.75,-0.4999936528,11.75864805,19313.49,12.2586417,1.51,378.51,0,0,1,0,1000.25,212.51,0,213,17,7.71010685
1040,0,212.51,20749,-787.74,19748.75,-0.4999936528,12.53490955,20536.49,13.03490321,1.47,409.47,0,0,1,0,1000.25,212.51,0,213,18,7.71632719
1041,0,212.51,20506,-787.74,19505.75,-0.4999936528,12.3806728,20293.49,12.88066646,1.47,384.51,0,0,1,0,1000.25,212.51,0,213,19,7.721025229
1042,0,212.51,21573,-787.74,20572.75,-0.4999936528,13.05791812,21360.49,13.55791177,1.505,415.505,0,0,1,0,1000.25,212.51,0,213,20,7.730807543
1043,0,212.51,21127,-787.74,20126.75,-0.4999936528,12.77483339,20914.49,13.27482704,1.47,404.49,0,0,1,0,1000.25,212.51,0,213,21,7.738016844
1044,0,212.51,20982,-787.74,19981.75,-0.4999936528,12.68279911,20769.49,13.18279276,1.47,414.53,0,0,1,0,1000.25,212.51,0,213,22,7.742969036
1045,0,212.51,22738,-787.74,21737.75,-0.4999936528,13.79736592,22525.49,14.29735957,1.51,426.49,0,0,1,0,1000.25,212.51,0,213,23,7.750537634
1046,0,212.51,20222,-787.74,19221.75,-0.4999936528,12.20041257,20009.49,12.70040622,1.47,381.53,0,0,1,0,1000.25,212.51,0,213,24,7.756266832
1047,0,212.51,18244,-787.74,17243.75,-0.4999936528,10.94493811,18031.49,11.44493177,1.47,369.51,1,1,0,0,1000.25,212.51,0,213,25,7.763807297
1048,0,212.51,22821,-787.74,21820.75,-0.4999936528,13.8500476,22608.49,14.35004126,1.496666667,424.5166667,0,0,1,0,1000.25,212.51,0,213,26,7.770061731
1049,0,212.51,18512,-787.74,17511.75,-0.4999936528,11.11504284,18299.49,11.6150365,1.47,365.53,0,0,1,0,1000.25,212.51,0,213,27,7.778980017
1050,0,212.51,21984,-787.74,20983.75,-0.4999936528,13.31878769,21771.49,13.81878134,1.47,429.51,0,0,1,0,1000.25,212.51,0,213,28,7.787702084
1051,0,212.51,19812,-787.74,18811.75,-0.4999936528,11.94017772,19599.49,12.44017137,1.52,380.52,0,0,1,0,1000.25,212.51,0,213,29,7.793850183
1052,0,212.51,21921,-787.74,20920.75,-0.4999936528,13.27880038,21708.49,13.77879403,1.47,421.49,0,0,1,0,1000.25,212.51,0,213,30,7.801619053
1053,0,212.51,21311,-787.74,20310.75,-0.4999936528,12.89162171,21098.49,13.39161536,1.496666667,414.51,0,0,1,0,1000.25,212.51,0,213,31,7.806087017
1054,0,212.51,21413,-787.74,20412.75,-0.4999936528,12.95636306,21200.49,13.45635671,1.47,406.49,0,0,1,0,1000.25,212.51,0,213,32,7.815227985
1055,0,212.51,21063,-787.74,20062.75,-0.4999936528,12.73421136,20850.49,13.23420501,1.51,415.4966667,0,0,1,0,1000.25,212.51,0,213,33,7.81967783
1056,0,212.51,21671,-787.74,20670.75,-0.4999936528,13.1201206,21458.49,13.62011425,1.47,405.53,0,0,1,0,1000.25,212.51,0,213,34,7.82495594
1057,0,212.51,21736,-787.74,20735.75,-0.4999936528,13.16137734,21523.49,13.66137099,1.51,429.51,0,0,1,0,1000.25,212.51,0,213,35,7.832565069
1058,0,212.51,21457,-787.74,20456.75,-0.4999936528,12.9842907,21244.49,13.48428435,1.47,394.51,0,0,1,0,1000.25,212.51,0,213,36,7.841249704
1059,0,212.51,21509,-787.74,20508.75,-0.4999936528,13.0172961,21296.49,13.51728975,1.51,429.49,0,0,1,0,1000.25,212.51,0,213,37,7.850395679
1060,0,212.51,20526,-787.74,19525.75,-0.4999936528,12.39336719,20313.49,12.89336084,1.47,390.51,0,0,1,0,1000.25,212.51,0,213,38,7.854883909
1061,0,212.51,18687,-787.74,17686.75,-0.4999936528,11.22611869,18474.49,11.72611235,1.51,374.51,0,0,1,0,1000.25,212.51,0,213,39,7.863572598
1062,0,212.51,23461,-787.74,22460.75,-0.4999936528,14.25626785,23248.49,14.7562615,1.47,432.51,0,0,1,0,1000.25,212.51,0,213,40,7.870458841
1063,0,212.51,19075,-787.74,18074.75,-0.4999936528,11.47238972,18862.49,11.97238337,1.47,371.51,0,0,1,0,1000.25,212.51,0,213,41,7.881216049
1064,0,212.51,21865,-787.74,20864.75,-0.4999936528,13.24325611,21652.49,13.74324976,1.51,415.51,0,0,1,0,1000.25,212.51,0,213,42,7.890602827
1065,0,212.51,19412,-787.74,18411.75,-0.4999936528,11.68629007,19199.49,12.18628372,1.51,376.51,0,0,1,0,1000.25,212.51,0,213,43,7.899867296
1066,0,212.51,19637,-787.74,18636.75,-0.4999936528,11.82910187,19424.49,12.32909553,1.51,387.51,0,0,1,0,1000.25,212.51,0,213,44,7.908408642
1067,0,212.51,22425,-787.74,21424.75,-0.4999936528,13.59869883,22212.49,14.09869248,1.47,428.53,0,0,1,0,1000.25,212.51,0,213,45,7.916989088
1068,0,212.51,19530,-787.74,18529.75,-0.4999936528,11.76118692,19317.49,12.26118058,1.51,370.51,0,0,1,0,1000.25,212.51,0,213,46,7.925846577
1069,0,212.51,21121,-787.74,20120.75,-0.4999936528,12.77102507,20908.49,13.27101872,1.496666667,413.5166667,0,0,1,0,1000.25,212.51,0,213,47,7.933891296
1070,0,212.51,22918,-787.74,21917.75,-0.4999936528,13.91161536,22705.49,14.41160901,1.47,423.53,0,0,1,0,1000.25,212.51,0,213,48,7.943395376
1071,0,212.51,21004,-787.74,20003.75,-0.4999936528,12.69676293,20791.49,13.19675659,1.51,408.51,0,0,1,0,1000.25,212.51,0,213,49,7.952517748
1072,0,212.51,19355,-787.74,18354.75,-0.4999936528,11.65011108,19142.49,12.15010473,1.51,374.51,0,0,1,0,1000.25,212.51,0,213,0,7.961489439
1073,0,212.51,22026,-787.74,21025.75,-0.4999936528,13.34544589,21813.49,13.84543954,1.55,423.55,0,0,1,0,1000.25,212.51,0,213,1,7.967768908
1074,0,212.51,20355,-787.74,19354.75,-0.4999936528,12.28483021,20142.49,12.78482387,1.47,390.53,0,0,1,0,1000.25,212.51,0,213,2,7.975227833
1075,0,212.51,19937,-787.74,18936.75,-0.4999936528,12.01951761,19724.49,12.51951127,1.51,382.49,0,0,1,0,1000.25,212.51,0,213,3,7.982616425
1076,0,212.51,22525,-787.74,21524.75,-0.4999936528,13.66217074,22312.49,14.16216439,1.51,420.51,0,0,1,0,1000.25,212.51,0,213,4,7.986804485
1077,0,212.51,22554,-787.74,21553.75,-0.4999936528,13.68057759,22341.49,14.18057125,1.496666667,415.5166667,0,0,1,0,1000.25,212.51,0,213,5,7.995616436
1078,0,212.51,21188,-787.74,20187.75,-0.4999936528,12.81355125,20975.49,13.31354491,1.47,402.47,0,0,1,0,1000.25,212.51,0,213,6,8.00470686
1079,0,212.51,22769,-787.74,21768.75,-0.4999936528,13.81704221,22556.49,14.31703586,1.47,437.51,0,0,1,0,1000.25,212.51,0,213,7,8.008951902
1080,0,212.51,19013,-787.74,18012.75,-0.4999936528,11.43303713,18800.49,11.93303078,1.47,376.51,0,0,1,0,1000.25,212.51,0,213,8,8.016212225
1081,0,212.51,20189,-787.74,19188.75,-0.4999936528,12.17946684,19976.49,12.67946049,1.49,387.4966667,0,0,1,0,1000.25,212.51,0,213,9,8.023356438
1082,0,212.51,19329,-787.74,18328.75,-0.4999936528,11.63360838,19116.49,12.13360203,1.52,391.512,0,0,1,0,1000.25,212.51,0,213,10,8.028786182
1083,0,212.51,21017,-787.74,20016.75,-0.4999936528,12.70501428,20804.49,13.20500793,1.47,422.53,0,0,1,0,1000.25,212.51,0,213,11,8.037417173
1084,0,212.51,20917,-787.74,19916.75,-0.4999936528,12.64154237,20704.49,13.14153602,1.51,411.51,0,0,1,0,1000.25,212.51,0,213,12,8.044476748
1085,0,212.51,21002,-787.74,20001.75,-0.4999936528,12.69549349,20789.49,13.19548715,1.51,402.51,0,0,1,0,1000.25,212.51,0,213,13,8.05167532
1086,0,212.51,20855,-787.74,19854.75,-0.4999936528,12.60218978,20642.49,13.10218343,1.47,395.51,0,0,1,0,1000.25,212.51,0,213,14,8.058074474
1087,0,212.51,21184,-787.74,20183.75,-0.4999936528,12.81101238,20971.49,13.31100603,1.51,407.49,0,0,1,0,1000.25,212.51,0,213,15,8.066947937
1088,0,212.51,21328,-787.74,20327.75,-0.4999936528,12.90241193,21115.49,13.40240559,1.47,416.53,0,0,1,0,1000.25,212.51,0,213,16,8.071820259
1089,0,212.51,21979,-787.74,20978.75,-0.4999936528,13.31561409,21766.49,13.81560774,1.51,417.49,0,0,1,0,1000.25,212.51,0,213,17,8.081957817
1090,0,212.51,21052,-787.74,20051.75,-0.4999936528,12.72722945,20839.49,13.2272231,1.47,420.51,0,0,1,0,1000.25,212.51,0,213,18,8.086605787
1091,0,212.51,22245,-787.74,21244.75,-0.4999936528,13.48444938,22032.49,13.98444303,1.51,418.51,0,0,1,0,1000.25,212.51,0,213,19,8.093859434
1092,0,212.51,20221,-787.74,19220.75,-0.4999936528,12.19977785,20008.49,12.6997715,1.47,386.49,0,0,1,0,1000.25,212.51,0,213,20,8.102973223
1093,0,212.51,20802,-787.74,19801.75,-0.4999936528,12.56854967,20589.49,13.06854332,1.47,389.51,0,0,1,0,1000.25,212.51,0,213,21,8.107659101
1094,0,212.51,21289,-787.74,20288.75,-0.4999936528,12.87765789,21076.49,13.37765154,1.51,422.51,0,0,1,0,1000.25,212.51,0,213,22,8.116419792
1095,0,212.51,21907,-787.74,20906.75,-0.4999936528,13.26991431,21694.49,13.76990797,1.47,423.51,0,0,1,0,1000.25,212.51,0,213,23,8.126277924
1096,0,212.51,19606,-787.74,18605.75,-0.4999936528,11.80942558,19393.49,12.30941923,1.51,386.51,0,0,1,0,1000.25,212.51,0,213,24,8.135743618
1097,0,212.51,19118,-787.74,18117.75,-0.4999936528,11.49968264,18905.49,11.99967629,1.47,372.53,0,0,1,0,1000.25,212.51,0,213,25,8.142557621
1098,0,212.51,21918,-787.74,20917.75,-0.4999936528,13.27689622,21705.49,13.77688988,1.51,418.51,0,0,1,0,1000.25,212.51,0,213,26,8.151998043
1099,0,212.51,20850,-787.74,19849.75,-0.4999936528,12.59901619,20637.49,13.09900984,1.47,408.51,0,0,1,0,1000.25,212.51,0,213,27,8.160132408
1100,0,212.51,20868,-787.74,19867.75,-0.4999936528,12.61044113,20655.49,13.11043478,1.496666667,390.5033333,0,0,1,0,1000.25,212.51,0,213,28,8.167760849
1101,0,212.51,20685,-787.74,19684.75,-0.4999936528,12.49428753,20472.49,12.99428118,1.51,400.51,0,0,1,0,1000.25,212.51,0,213,29,8.177518606
1102,0,212.51,20578,-787.74,19577.75,-0.4999936528,12.42637258,20365.49,12.92636623,1.47,383.51,0,0,1,0,1000.25,212.51,0,213,30,8.187325001
1103,0,212.51,21577,-787.74,20576.75,-0.4999936528,13.060457,21364.49,13.56045065,1.47,404.51,0,0,1,0,1000.25,212.51,0,213,31,8.196416378
1104,0,212.51,19887,-787.74,18886.75,-0.4999936528,11.98778166,19674.49,12.48777531,1.47,384.47,0,0,1,0,1000.25,212.51,0,213,32,8.20599103
1105,0,212.51,20836,-787.74,19835.75,-0.4999936528,12.59013012,20623.49,13.09012377,1.47,413.53,0,0,1,0,1000.25,212.51,0,213,33,8.210360289
1106,0,212.51,21411,-787.74,20410.75,-0.4999936528,12.95509362,21198.49,13.45508727,1.512857143,418.5071429,0,0,1,0,1000.25,212.51,0,213,34,8.219643831
1107,0,212.51,21374,-787.74,20373.75,-0.4999936528,12.93160901,21161.49,13.43160267,1.47,411.47,0,0,1,0,1000.25,212.51,0,213,35,8.228487968
1108,0,212.51,19477,-787.74,18476.75,-0.4999936528,11.72754681,19264.49,12.22754046,1.47,379.51,0,0,1,0,1000.25,212.51,0,213,36,8.233793974
1109,0,212.51,21121,-787.74,20120.75,-0.4999936528,12.77102507,20908.49,13.27101872,1.55,404.53,0,0,1,0,1000.25,212.51,0,213,37,8.241072893
1110,0,212.51,19411,-787.74,18410.75,-0.4999936528,11.68565535,19198.49,12.185649,1.47,399.53,0,0,1,0,1000.25,212.51,0,213,38,8.249457121
1111,0,212.51,21005,-787.74,20004.75,-0.4999936528,12.69739765,20792.49,13.1973913,1.52,402.5,0,0,1,0,1000.25,212.51,0,213,39,8.25722599
1112,0,212.51,18255,-787.74,17254.75,-0.4999936528,10.95192003,18042.49,11.45191368,1.47,370.53,0,0,1,0,1000.25,212.51,0,213,40,8.262687206
1113,0,212.51,20359,-787.74,19358.75,-0.4999936528,12.28736909,20146.49,12.78736274,1.51,406.49,0,0,1,0,1000.25,212.51,0,213,41,8.270807981
1114,0,212.51,20062,-787.74,19061.75,-0.4999936528,12.09885751,19849.49,12.59885116,1.51,391.49,0,0,1,0,1000.25,212.51,0,213,42,8.275927305
1115,0,212.51,21126,-787.74,20125.75,-0.4999936528,12.77419867,20913.49,13.27419232,1.47,397.53,0,0,1,0,1000.25,212.51,0,213,43,8.281494379
1116,0,212.51,19762,-787.74,18761.75,-0.4999936528,11.90844176,19549.49,12.40843542,1.51,379.51,0,0,1,0,1000.25,212.51,0,213,44,8.288887978
1117,0,212.51,19096,-787.74,18095.75,-0.4999936528,11.48571882,18883.49,11.98571247,1.55,373.51,0,0,1,0,1000.25,212.51,0,213,45,8.298779488
1118,0,212.51,20502,-787.74,19501.75,-0.4999936528,12.37813393,20289.49,12.87812758,1.47,403.51,0,0,1,0,1000.25,212.51,0,213,46,8.309070826
1119,0,212.51,21570,-787.74,20569.75,-0.4999936528,13.05601396,21357.49,13.55600762,1.47,402.53,0,0,1,0,1000.25,212.51,0,213,47,8.317816496
1120,0,212.51,21421,-787.74,20420.75,-0.4999936528,12.96144081,21208.49,13.46143447,1.47,410.51,0,0,1,0,1000.25,212.51,0,213,48,8.327136517
1121,0,212.51,20607,-787.74,19606.75,-0.4999936528,12.44477944,20394.49,12.94477309,1.51,393.51,0,0,1,0,1000.25,212.51,0,213,49,8.337041855
1122,0,212.51,20309,-787.74,19308.75,-0.4999936528,12.25563313,20096.49,12.75562679,1.47,405.53,0,0,1,0,1000.25,212.51,0,213,0,8.344542742
1123,0,212.51,20760,-787.74,19759.75,-0.4999936528,12.54189146,20547.49,13.04188512,1.52,401.5,0,0,1,0,1000.25,212.51,0,213,1,8.354917765
1124,0,212.51,19684,-787.74,18683.75,-0.4999936528,11.85893367,19471.49,12.35892732,1.47,398.53,0,0,1,0,1000.25,212.51,0,213,2,8.360603333
1125,0,212.51,19658,-787.74,18657.75,-0.4999936528,11.84243097,19445.49,12.34242463,1.51,382.49,0,0,1,0,1000.25,212.51,0,213,3,8.369748592
1126,0,212.51,21472,-787.74,20471.75,-0.4999936528,12.99381149,21259.49,13.49380514,1.51,408.51,0,0,1,0,1000.25,212.51,0,213,4,8.374106407
1127,0,212.51,20160,-787.74,19159.75,-0.4999936528,12.16105998,19947.49,12.66105363,1.496666667,402.5166667,0,0,1,0,1000.25,212.51,0,213,5,8.384097576
1128,0,212.51,20201,-787.74,19200.75,-0.4999936528,12.18708347,19988.49,12.68707712,1.47,385.49,0,0,1,0,1000.25,212.51,0,213,6,8.393685579
1129,0,212.51,21628,-787.74,20627.75,-0.4999936528,13.09282767,21415.49,13.59282133,1.516666667,407.51,0,0,1,0,1000.25,212.51,0,213,7,8.397978306
1130,0,212.51,20807,-787.74,19806.75,-0.4999936528,12.57172326,20594.49,13.07171692,1.47,400.53,0,0,1,0,1000.25,212.51,0,213,8,8.404966593
1131,0,212.51,22410,-787.74,21409.75,-0.4999936528,13.58917804,22197.49,14.08917169,1.496666667,442.51,0,0,1,0,1000.25,212.51,0,213,9,8.412515879
1132,0,212.51,20764,-787.74,19763.75,-0.4999936528,12.54443034,20551.49,13.04442399,1.47,384.47,0,0,1,0,1000.25,212.51,0,213,10,8.420217514
1133,0,212.51,20247,-787.74,19246.75,-0.4999936528,12.21628055,20034.49,12.7162742,1.47,383.53,0,0,1,0,1000.25,212.51,0,213,11,8.425497055
1134,0,212.51,18571,-787.74,17570.75,-0.4999936528,11.15249127,18358.49,11.65248493,1.496666667,360.51,0,0,1,0,1000.25,212.51,0,213,12,8.433551073
1135,0,212.51,20676,-787.74,19675.75,-0.4999936528,12.48857506,20463.49,12.98856871,1.47,410.51,0,0,1,0,1000.25,212.51,0,213,13,8.441302299
1136,0,212.51,20585,-787.74,19584.75,-0.4999936528,12.43081561,20372.49,12.93080927,1.496666667,402.51,0,0,1,0,1000.25,212.51,0,213,14,8.450314283
1137,0,212.51,21441,-787.74,20440.75,-0.4999936528,12.9741352,21228.49,13.47412885,1.47,407.51,0,0,1,0,1000.25,212.51,0,213,15,8.457585573
1138,0,212.51,20816,-787.74,19815.75,-0.4999936528,12.57743573,20603.49,13.07742939,1.55,392.55,0,0,1,0,1000.25,212.51,0,213,16,8.464654207
1139,0,212.51,20730,-787.74,19729.75,-0.4999936528,12.52284989,20517.49,13.02284354,1.47,395.53,0,0,1,0,1000.25,212.51,0,213,17,8.473944187
1140,0,212.51,21021,-787.74,20020.75,-0.4999936528,12.70755316,20808.49,13.20754681,1.496666667,393.51,0,0,1,0,1000.25,212.51,0,213,18,8.483597517
1141,0,212.51,20803,-787.74,19802.75,-0.4999936528,12.56918439,20590.49,13.06917804,1.47,396.49,0,0,1,0,1000.25,212.51,0,213,19,8.492651701
1142,0,212.51,20612,-787.74,19611.75,-0.4999936528,12.44795303,20399.49,12.94794668,1.47,412.51,0,0,1,0,1000.25,212.51,0,213,20,8.496623278
1143,0,212.51,20471,-787.74,19470.75,-0.4999936528,12.35845763,20258.49,12.85845129,1.496666667,396.51,0,0,1,0,1000.25,212.51,0,213,21,8.502679586
1144,0,212.51,22940,-787.74,21939.75,-0.4999936528,13.92557918,22727.49,14.42557283,1.47,434.49,0,0,1,0,1000.25,212.51,0,213,22,8.510965586
1145,0,212.51,20541,-787.74,19540.75,-0.4999936528,12.40288797,20328.49,12.90288162,1.51,404.51,0,0,1,0,1000.25,212.51,0,213,23,8.515464544
1146,0,212.51,20188,-787.74,19187.75,-0.4999936528,12.17883212,19975.49,12.67882577,1.47,398.51,0,0,1,0,1000.25,212.51,0,213,24,8.525343657
1147,0,212.51,22661,-787.74,21660.75,-0.4999936528,13.74849254,22448.49,14.24848619,1.49,434.5033333,0,0,1,0,1000.25,212.51,0,213,25,8.532359838
1148,0,212.51,20686,-787.74,19685.75,-0.4999936528,12.49492225,20473.49,12.9949159,1.51,403.49,0,0,1,0,1000.25,212.51,0,213,26,8.54240346
1149,0,212.51,20573,-787.74,19572.75,-0.4999936528,12.42319898,20360.49,12.92319264,1.51,405.49,0,0,1,0,1000.25,212.51,0,213,27,8.546793461
1150,0,212.51,19147,-787.74,18146.75,-0.4999936528,11.5180895,18934.49,12.01808315,1.47,378.53,0,0,1,0,1000.25,212.51,0,213,28,8.55150938
1151,0,212.51,20957,-787.74,19956.75,-0.4999936528,12.66693113,20744.49,13.16692479,1.47,396.49,0,0,1,0,1000.25,212.51,0,213,29,8.55959177
1152,0,212.51,19915,-787.74,18914.75,-0.4999936528,12.00555379,19702.49,12.50554745,1.47,391.51,0,0,1,0,1000.25,212.51,0,213,30,8.564575672
1153,0,212.51,21491,-787.74,20490.75,-0.4999936528,13.00587115,21278.49,13.5058648,1.51,410.51,0,0,1,0,1000.25,212.51,0,213,31,8.573561668
1154,0,212.51,19252,-787.74,18251.75,-0.4999936528,11.584735,19039.49,12.08472866,1.47,367.51,0,0,1,0,1000.25,212.51,0,213,32,8.582879782
1155,0,212.51,21817,-787.74,20816.75,-0.4999936528,13.21278959,21604.49,13.71278324,1.55,419.55,0,0,1,0,1000.25,212.51,0,213,33,8.590924263
1156,0,212.51,21391,-787.74,20390.75,-0.4999936528,12.94239924,21178.49,13.44239289,1.47,407.49,0,0,1,0,1000.25,212.51,0,213,34,8.598543882
1157,0,212.51,19857,-787.74,18856.75,-0.4999936528,11.96874008,19644.49,12.46873374,1.51,379.51,0,0,1,0,1000.25,212.51,0,213,35,8.602829695
1158,0,212.51,20963,-787.74,19962.75,-0.4999936528,12.67073945,20750.49,13.1707331,1.47,403.49,0,0,1,0,1000.25,212.51,0,213,36,8.609597683
1159,0,212.51,19952,-787.74,18951.75,-0.4999936528,12.0290384,19739.49,12.52903205,1.51,390.49,0,0,1,0,1000.25,212.51,0,213,37,8.61375308
1160,0,212.51,21275,-787.74,20274.75,-0.4999936528,12.86877182,21062.49,13.36876547,1.515,424.515,0,0,1,0,1000.25,212.51,0,213,38,8.618384123
1161,0,212.51,21082,-787.74,20081.75,-0.4999936528,12.74627103,20869.49,13.24626468,1.47,411.51,0,0,1,0,1000.25,212.51,0,213,39,8.6264503
1162,0,212.51,20085,-787.74,19084.75,-0.4999936528,12.11345605,19872.49,12.6134497,1.51,398.51,0,0,1,0,1000.25,212.51,0,213,40,8.633577347
1163,0,212.51,19717,-787.74,18716.75,-0.4999936528,11.8798794,19504.49,12.37987306,1.51,386.49,0,0,1,0,1000.25,212.51,0,213,41,8.640874863
1164,0,212.51,20633,-787.74,19632.75,-0.4999936528,12.46128213,20420.49,12.96127579,1.51,393.49,0,0,1,0,1000.25,212.51,0,213,42,8.645788193
1165,0,212.51,21181,-787.74,20180.75,-0.4999936528,12.80910822,20968.49,13.30910187,1.51,416.5,0,0,1,0,1000.25,212.51,0,213,43,8.64993906
1166,0,212.51,23318,-787.74,22317.75,-0.4999936528,14.16550301,23105.49,14.66549667,1.47,441.53,0,0,1,0,1000.25,212.51,0,213,44,8.655804873
1167,0,212.51,20579,-787.74,19578.75,-0.4999936528,12.4270073,20366.49,12.92700095,1.51,395.51,0,0,1,0,1000.25,212.51,0,213,45,8.662688494
1168,0,212.51,21125,-787.74,20124.75,-0.4999936528,12.77356395,20912.49,13.2735576,1.47,411.53,0,0,1,0,1000.25,212.51,0,213,46,8.671652079
1169,0,212.51,20539,-787.74,19538.75,-0.4999936528,12.40161853,20326.49,12.90161219,1.51,401.51,0,0,1,0,1000.25,212.51,0,213,47,8.679141283
1170,0,212.51,20045,-787.74,19044.75,-0.4999936528,12.08806728,19832.49,12.58806093,1.51,392.51,0,0,1,0,1000.25,212.51,0,213,48,8.688270092
1171,0,212.51,21553,-787.74,20552.75,-0.4999936528,13.04522374,21340.49,13.54521739,1.51,408.51,0,0,1,0,1000.25,212.51,0,213,49,8.697937727
1172,0,212.51,19559,-787.74,18558.75,-0.4999936528,11.77959378,19346.49,12.27958743,1.47,404.53,0,0,1,0,1000.25,212.51,0,213,0,8.707601309
1173,0,212.51,20095,-787.74,19094.75,-0.4999936528,12.11980324,19882.49,12.61979689,1.51,410.51,0,0,1,0,1000.25,212.51,0,213,1,8.715273857
1174,0,212.51,20732,-787.74,19731.75,-0.4999936528,12.52411933,20519.49,13.02411298,1.51,386.51,0,0,1,0,1000.25,212.51,0,213,2,8.721393585
1175,0,212.51,20713,-787.74,19712.75,-0.4999936528,12.51205966,20500.49,13.01205332,1.47,412.49,0,0,1,0,1000.25,212.51,0,213,3,8.730316401
1176,0,212.51,21106,-787.74,20105.75,-0.4999936528,12.76150428,20893.49,13.26149794,1.51,414.49,0,0,1,0,1000.25,212.51,0,213,4,8.734877825
1177,0,212.51,19511,-787.74,18510.75,-0.4999936528,11.74912726,19298.49,12.24912091,1.51,364.51,0,0,1,0,1000.25,212.51,0,213,5,8.739861727
1178,0,212.51,20186,-787.74,19185.75,-0.4999936528,12.17756268,19973.49,12.67755633,1.51,392.51,0,0,1,0,1000.25,212.51,0,213,6,8.74914813
1179,0,212.51,20788,-787.74,19787.75,-0.4999936528,12.5596636,20575.49,13.05965725,1.47,427.51,0,0,1,0,1000.25,212.51,0,213,7,8.757983923
1180,0,212.51,20060,-787.74,19059.75,-0.4999936528,12.09758807,19847.49,12.59758172,1.496666667,389.51,0,0,1,0,1000.25,212.51,0,213,8,8.76567626
1181,0,212.51,19724,-787.74,18723.75,-0.4999936528,11.88432244,19511.49,12.38431609,1.47,399.51,0,0,1,0,1000.25,212.51,0,213,9,8.772693634
1182,0,212.51,19725,-787.74,18724.75,-0.4999936528,11.88495716,19512.49,12.38495081,1.47,383.53,0,0,1,0,1000.25,212.51,0,213,10,8.781920195
1183,0,212.51,20192,-787.74,19191.75,-0.4999936528,12.18137099,19979.49,12.68136465,1.496666667,388.4966667,0,0,1,0,1000.25,212.51,0,213,11,8.788790464
1184,0,212.51,21411,-787.74,20410.75,-0.4999936528,12.95509362,21198.49,13.45508727,1.51,403.51,0,0,1,0,1000.25,212.51,0,213,12,8.793692827
1185,0,212.51,22675,-787.74,21674.75,-0.4999936528,13.75737861,22462.49,14.25737226,1.47,439.53,0,0,1,0,1000.25,212.51,0,213,13,8.800693274
1186,0,212.51,22857,-787.74,21856.75,-0.4999936528,13.87289749,22644.49,14.37289115,1.51,433.51,0,0,1,0,1000.25,212.51,0,213,14,8.806792736
1187,0,212.51,19764,-787.74,18763.75,-0.4999936528,11.9097112,19551.49,12.40970486,1.51,384.51,0,0,1,0,1000.25,212.51,0,213,15,8.816389084
1188,0,212.51,20549,-787.74,19548.75,-0.4999936528,12.40796573,20336.49,12.90795938,1.51,392.51,0,0,1,0,1000.25,212.51,0,213,16,8.825045586
1189,0,212.51,22432,-787.74,21431.75,-0.4999936528,13.60314186,22219.49,14.10313551,1.47,420.51,0,0,1,0,1000.25,212.51,0,213,17,8.833869219
1190,0,212.51,21198,-787.74,20197.75,-0.4999936528,12.81989844,20985.49,13.3198921,1.47,399.53,0,0,1,0,1000.25,212.51,0,213,18,8.840828419
1191,0,212.51,19473,-787.74,18472.75,-0.4999936528,11.72500793,19260.49,12.22500159,1.51,387.49,0,0,1,0,1000.25,212.51,0,213,19,8.849603653
1192,0,212.51,19610,-787.74,18609.75,-0.4999936528,11.81196446,19397.49,12.31195811,1.51,387.51,0,0,1,0,1000.25,212.51,0,213,20,8.854005575
1193,0,212.51,20960,-787.74,19959.75,-0.4999936528,12.66883529,20747.49,13.16882894,1.47,400.51,0,0,1,0,1000.25,212.51,0,213,21,8.863365889
1194,0,212.51,21589,-787.74,20588.75,-0.4999936528,13.06807363,21376.49,13.56806728,1.51,422.51,0,0,1,0,1000.25,212.51,0,213,22,8.870854616
1195,0,212.51,21030,-787.74,20029.75,-0.4999936528,12.71326563,20817.49,13.21325928,1.47,397.53,0,0,1,0,1000.25,212.51,0,213,23,8.877715111
1196,0,212.51,20473,-787.74,19472.75,-0.4999936528,12.35972707,20260.49,12.85972072,1.47,398.51,0,0,1,0,1000.25,212.51,0,213,24,8.88652873
1197,0,212.51,22388,-787.74,21387.75,-0.4999936528,13.57521422,22175.49,14.07520787,1.47,411.51,0,0,1,0,1000.25,212.51,0,213,25,8.895307541
1198,0,212.51,18284,-787.74,17283.75,-0.4999936528,10.97032688,18071.49,11.47032053,1.47,349.51,0,0,1,0,1000.25,212.51,0,213,26,8.904403925
1199,0,212.51,21505,-787.74,20504.75,-0.4999936528,13.01475722,21292.49,13.51475087,1.47,421.53,0,0,1,0,1000.25,212.51,0,213,27,8.913665771
1200,0,212.51,20273,-787.74,19272.75,-0.4999936528,12.23278324,20060.49,12.7327769,1.52,400.52,0,0,1,0,1000.25,212.51,0,213,28,8.923257589
1201,0,212.51,20616,-787.74,19615.75,-0.4999936528,12.45049191,20403.49,12.95048556,1.49,409.5033333,0,0,1,0,1000.25,212.51,0,213,29,8.93114543
1202,0,212.51,20312,-787.74,19311.75,-0.4999936528,12.25753729,20099.49,12.75753094,1.47,402.49,0,0,1,0,1000.25,212.51,0,213,30,8.938122749
1203,0,212.51,21143,-787.74,20142.75,-0.4999936528,12.78498889,20930.49,13.28498255,1.47,394.51,0,0,1,0,1000.25,212.51,0,213,31,8.942886114
1204,0,212.51,20358,-787.74,19357.75,-0.4999936528,12.28673437,20145.49,12.78672802,1.47,390.51,0,0,1,0,1000.25,212.51,0,213,32,8.951436281
1205,0,212.51,20049,-787.74,19048.75,-0.4999936528,12.09060616,19836.49,12.59059981,1.51,398.51,0,0,1,0,1000.25,212.51,0,213,33,8.961101294
1206,0,212.51,19400,-787.74,18399.75,-0.4999936528,11.67867344,19187.49,12.17866709,1.47,363.53,0,0,1,0,1000.25,212.51,0,213,34,8.96929574
1207,0,212.51,19436,-787.74,18435.75,-0.4999936528,11.70152333,19223.49,12.20151698,1.51,379.49,0,0,1,0,1000.25,212.51,0,213,35,8.976820707
1208,0,212.51,22543,-787.74,21542.75,-0.4999936528,13.67359568,22330.49,14.17358934,1.47,423.49,0,0,1,0,1000.25,212.51,0,213,36,8.981570005
1209,0,212.51,20053,-787.74,19052.75,-0.4999936528,12.09314503,19840.49,12.59313869,1.51,385.51,0,0,1,0,1000.25,212.51,0,213,37,8.985911846
1210,0,212.51,20495,-787.74,19494.75,-0.4999936528,12.37369089,20282.49,12.87368454,1.47,409.49,1,1,0,0,1000.25,212.51,0,213,38,8.992956877
1211,0,212.51,21501,-787.74,20500.75,-0.4999936528,13.01221834,21288.49,13.512212,1.555,411.525,0,0,1,0,1000.25,212.51,0,213,39,8.997950792
1212,0,212.51,19616,-787.74,18615.75,-0.4999936528,11.81577277,19403.49,12.31576642,1.47,384.53,0,0,1,0,1000.25,212.51,0,213,40,9.006322622
1213,0,212.51,19748,-787.74,18747.75,-0.4999936528,11.8995557,19535.49,12.39954935,1.47,394.49,0,0,1,0,1000.25,212.51,0,213,41,9.013279438
1214,0,212.51,18707,-787.74,17706.75,-0.4999936528,11.23881308,18494.49,11.73880673,1.496666667,361.49,0,0,1,0,1000.25,212.51,0,213,42,9.018168926
1215,0,212.51,20531,-787.74,19530.75,-0.4999936528,12.39654078,20318.49,12.89653443,1.496666667,386.51,0,0,1,0,1000.25,212.51,0,213,43,9.022186041
1216,0,212.51,20406,-787.74,19405.75,-0.4999936528,12.31720089,20193.49,12.81719454,1.47,410.51,0,0,1,0,1000.25,212.51,0,213,44,9.030387163
1217,0,212.51,21055,-787.74,20054.75,-0.4999936528,12.72913361,20842.49,13.22912726,1.51,427.51,0,0,1,0,1000.25,212.51,0,213,45,9.039019823
1218,0,212.51,19970,-787.74,18969.75,-0.4999936528,12.04046334,19757.49,12.540457,1.51,393.51,0,0,1,0,1000.25,212.51,0,213,46,9.048082352
1219,0,212.51,20540,-787.74,19539.75,-0.4999936528,12.40225325,20327.49,12.90224691,1.51,383.49,0,0,1,0,1000.25,212.51,0,213,47,9.055942535
1220,0,212.51,20418,-787.74,19417.75,-0.4999936528,12.32481752,20205.49,12.82481117,1.47,387.51,0,0,1,0,1000.25,212.51,0,213,48,9.061245203
1221,0,212.51,20625,-787.74,19624.75,-0.4999936528,12.45620438,20412.49,12.95619803,1.47,395.53,0,0,1,0,1000.25,212.51,0,213,49,9.070133209
1222,0,212.51,19980,-787.74,18979.75,-0.4999936528,12.04681054,19767.49,12.54680419,1.47,376.51,0,0,1,0,1000.25,212.51,0,213,0,9.079712391
1223,0,212.51,20476,-787.74,19475.75,-0.4999936528,12.36163123,20263.49,12.86162488,1.47,386.51,0,0,1,0,1000.25,212.51,0,213,1,9.088837147
1224,0,212.51,22741,-787.74,21740.75,-0.4999936528,13.79927007,22528.49,14.29926373,1.49,432.5033333,0,0,1,0,1000.25,212.51,0,213,2,9.09532094
1225,0,212.51,21183,-787.74,20182.75,-0.4999936528,12.81037766,20970.49,13.31037131,1.51,421.49,0,0,1,0,1000.25,212.51,0,213,3,9.102967024
1226,0,212.51,21034,-787.74,20033.75,-0.4999936528,12.71580451,20821.49,13.21579816,1.52,405.52,0,0,1,0,1000.25,212.51,0,213,4,9.1074965
1227,0,212.51,21063,-787.74,20062.75,-0.4999936528,12.73421136,20850.49,13.23420501,1.51,412.51,0,0,1,0,1000.25,212.51,0,213,5,9.116849184
1228,0,212.51,19408,-787.74,18407.75,-0.4999936528,11.68375119,19195.49,12.18374484,1.47,392.47,0,0,1,0,1000.25,212.51,0,213,6,9.124705076
1229,0,212.51,20378,-787.74,19377.75,-0.4999936528,12.29942875,20165.49,12.79942241,1.47,395.51,0,0,1,0,1000.25,212.51,0,213,7,9.129297018
1230,0,212.51,18759,-787.74,17758.75,-0.4999936528,11.27181847,18546.49,11.77181212,1.49,366.4966667,0,0,1,0,1000.25,212.51,0,213,8,9.136008263
1231,0,212.51,19269,-787.74,18268.75,-0.4999936528,11.59552523,19056.49,12.09551888,1.47,357.49,0,0,1,0,1000.25,212.51,0,213,9,9.141044378
1232,0,212.51,20401,-787.74,19400.75,-0.4999936528,12.31402729,20188.49,12.81402095,1.496666667,399.51,0,0,1,0,1000.25,212.51,0,213,10,9.145207167
1233,0,212.51,19997,-787.74,18996.75,-0.4999936528,12.05760076,19784.49,12.55759441,1.47,382.53,0,0,1,0,1000.25,212.51,0,213,11,9.15276289
1234,0,212.51,22598,-787.74,21597.75,-0.4999936528,13.70850524,22385.49,14.20849889,1.47,412.53,0,0,1,0,1000.25,212.51,0,213,12,9.159569502
1235,0,212.51,22175,-787.74,21174.75,-0.4999936528,13.44001904,21962.49,13.94001269,1.496666667,409.51,0,0,1,0,1000.25,212.51,0,213,13,9.165956736
1236,0,212.51,20310,-787.74,19309.75,-0.4999936528,12.25626785,20097.49,12.7562615,1.47,386.49,0,0,1,0,1000.25,212.51,0,213,14,9.175091505
1237,0,212.51,21920,-787.74,20919.75,-0.4999936528,13.27816566,21707.49,13.77815931,1.47,424.53,0,0,1,0,1000.25,212.51,0,213,15,9.180310726
1238,0,212.51,19992,-787.74,18991.75,-0.4999936528,12.05442717,19779.49,12.55442082,1.496666667,396.5033333,0,0,1,0,1000.25,212.51,0,213,16,9.187732697
1239,0,212.51,19201,-787.74,18200.75,-0.4999936528,11.55236433,18988.49,12.05235798,1.47,383.51,0,0,1,0,1000.25,212.51,0,213,17,9.195774078
1240,0,212.51,20312,-787.74,19311.75,-0.4999936528,12.25753729,20099.49,12.75753094,1.47,412.51,0,0,1,0,1000.25,212.51,0,213,18,9.204703331
1241,0,212.51,21568,-787.74,20567.75,-0.4999936528,13.05474453,21355.49,13.55473818,1.47,410.51,0,0,1,0,1000.25,212.51,0,213,19,9.213982821
1242,0,212.51,21334,-787.74,20333.75,-0.4999936528,12.90622025,21121.49,13.4062139,1.496666667,427.51,0,0,1,0,1000.25,212.51,0,213,20,9.220307827
1243,0,212.51,23901,-787.74,22900.75,-0.4999936528,14.53554427,23688.49,15.03553792,1.51,447.49,0,0,1,0,1000.25,212.51,0,213,21,9.228033543
1244,0,212.51,19017,-787.74,18016.75,-0.4999936528,11.43557601,18804.49,11.93556966,1.47,375.53,0,0,1,0,1000.25,212.51,0,213,22,9.232847929
1245,0,212.51,20698,-787.74,19697.75,-0.4999936528,12.50253888,20485.49,13.00253253,1.52,387.5,0,0,1,0,1000.25,212.51,0,213,23,9.240574837
1246,0,212.51,20284,-787.74,19283.75,-0.4999936528,12.23976515,20071.49,12.73975881,1.47,407.53,0,0,1,0,1000.25,212.51,0,213,24,9.246201277
1247,0,212.51,22155,-787.74,21154.75,-0.4999936528,13.42732466,21942.49,13.92731831,1.47,410.53,0,0,1,0,1000.25,212.51,0,213,25,9.253047228
1248,0,212.51,22025,-787.74,21024.75,-0.4999936528,13.34481117,21812.49,13.84480482,1.496666667,413.5166667,0,0,1,0,1000.25,212.51,0,213,26,9.260477304
1249,0,212.51,18736,-787.74,17735.75,-0.4999936528,11.25721993,18523.49,11.75721358,1.47,374.51,0,0,1,0,1000.25,212.51,0,213,27,9.270229816
1250,0,212.51,20083,-787.74,19082.75,-0.4999936528,12.11218661,19870.49,12.61218026,1.51,389.51,0,0,1,0,1000.25,212.51,0,213,28,9.279402018
1251,0,212.51,20476,-787.74,19475.75,-0.4999936528,12.36163123,20263.49,12.86162488,1.51,387.51,1,1,0,0,1000.25,212.51,0,213,29,9.28841877
1252,0,212.51,18869,-787.74,17868.75,-0.4999936528,11.34163758,18656.49,11.84163123,1.47,382.53,0,0,1,0,1000.25,212.51,0,213,30,9.297217846
1253,0,212.51,21130,-787.74,20129.75,-0.4999936528,12.77673754,20917.49,13.2767312,1.51,404.51,0,0,1,0,1000.25,212.51,0,213,31,9.306487799
1254,0,212.51,20581,-787.74,19580.75,-0.4999936528,12.42827674,20368.49,12.92827039,1.51,406.51,0,0,1,0,1000.25,212.51,0,213,32,9.314071894
1255,0,212.51,20946,-787.74,19945.75,-0.4999936528,12.65994922,20733.49,13.15994288,1.51,396.51,1,1,0,0,1000.25,212.51,0,213,33,9.320983887
1256,0,212.51,21485,-787.74,20484.75,-0.4999936528,13.00206284,21272.49,13.50205649,1.47,415.51,0,0,1,0,1000.25,212.51,0,213,34,9.330467939
1257,0,212.51,21722,-787.74,20721.75,-0.4999936528,13.15249127,21509.49,13.65248493,1.49,420.4966667,0,0,1,0,1000.25,212.51,0,213,35,9.339452982
1258,0,212.51,20512,-787.74,19511.75,-0.4999936528,12.38448112,20299.49,12.88447477,1.47,397.51,0,0,1,0,1000.25,212.51,0,213,36,9.345258236
1259,0,212.51,20865,-787.74,19864.75,-0.4999936528,12.60853697,20652.49,13.10853063,1.47,396.53,0,0,1,0,1000.25,212.51,0,213,37,9.351849794
1260,0,212.51,19357,-787.74,18356.75,-0.4999936528,11.65138051,19144.49,12.15137417,1.51,384.49,0,0,1,0,1000.25,212.51,0,213,38,9.361063242
1261,0,212.51,21211,-787.74,20210.75,-0.4999936528,12.82814979,20998.49,13.32814345,1.47,409.53,0,0,1,0,1000.25,212.51,0,213,39,9.365635633
1262,0,212.51,22883,-787.74,21882.75,-0.4999936528,13.88940019,22670.49,14.38939384,1.51,432.49,0,0,1,0,1000.25,212.51,0,213,40,9.374457359
1263,0,212.51,21851,-787.74,20850.75,-0.4999936528,13.23437004,21638.49,13.73436369,1.51,416.51,0,0,1,0,1000.25,212.51,0,213,41,9.378485918
1264,0,212.51,22300,-787.74,21299.75,-0.4999936528,13.51935893,22087.49,14.01935259,1.51,422.51,0,0,1,0,1000.25,212.51,0,213,42,9.385621309
1265,0,212.51,20549,-787.74,19548.75,-0.4999936528,12.40796573,20336.49,12.90795938,1.47,390.53,0,0,1,0,1000.25,212.51,0,213,43,9.395100832
1266,0,212.51,19710,-787.74,18709.75,-0.4999936528,11.87543637,19497.49,12.37543002,1.496666667,392.51,0,0,1,0,1000.25,212.51,0,213,44,9.402272701
1267,0,212.51,20242,-787.74,19241.75,-0.4999936528,12.21310695,20029.49,12.7131006,1.47,393.51,0,0,1,0,1000.25,212.51,0,213,45,9.411873579
1268,0,212.51,20445,-787.74,19444.75,-0.4999936528,12.34195493,20232.49,12.84194859,1.51,392.51,0,0,1,0,1000.25,212.51,0,213,46,9.420605898
1269,0,212.51,21090,-787.74,20089.75,-0.4999936528,12.75134878,20877.49,13.25134243,1.47,406.49,0,0,1,0,1000.25,212.51,0,213,47,9.42679286
1270,0,212.51,19713,-787.74,18712.75,-0.4999936528,11.87734053,19500.49,12.37733418,1.47,372.51,0,0,1,0,1000.25,212.51,0,213,48,9.431659698
1271,0,212.51,21585,-787.74,20584.75,-0.4999936528,13.06553475,21372.49,13.5655284,1.47,393.51,0,0,1,0,1000.25,212.51,0,213,49,9.4407866
1272,0,212.51,20521,-787.74,19520.75,-0.4999936528,12.39019359,20308.49,12.89018724,1.51,409.49,0,0,1,0,1000.25,212.51,0,213,0,9.450622797
1273,0,212.51,21290,-787.74,20289.75,-0.4999936528,12.87829261,21077.49,13.37828626,1.47,411.53,0,0,1,0,1000.25,212.51,0,213,1,9.455620527
1274,0,212.51,21756,-787.74,20755.75,-0.4999936528,13.17407172,21543.49,13.67406538,1.47,415.51,0,0,1,0,1000.25,212.51,0,213,2,9.462990522
1275,0,212.51,21568,-787.74,20567.75,-0.4999936528,13.05474453,21355.49,13.55473818,1.47,412.51,0,0,1,0,1000.25,212.51,0,213,3,9.473679781
1276,0,212.51,21207,-787.74,20206.75,-0.4999936528,12.82561092,20994.49,13.32560457,1.51,408.49,0,0,1,0,1000.25,212.51,0,213,4,9.480448961
1277,0,212.51,20910,-787.74,19909.75,-0.4999936528,12.63709933,20697.49,13.13709299,1.47,399.51,0,0,1,0,1000.25,212.51,0,213,5,9.485187054
1278,0,212.51,20040,-787.74,19039.75,-0.4999936528,12.08489368,19827.49,12.58488734,1.52,379.52,0,0,1,0,1000.25,212.51,0,213,6,9.492287874
1279,0,212.51,19389,-787.74,18388.75,-0.4999936528,11.67169153,19176.49,12.17168518,1.47,396.51,0,0,1,0,1000.25,212.51,0,213,7,9.501894236
1280,0,212.51,20555,-787.74,19554.75,-0.4999936528,12.41177404,20342.49,12.91176769,1.51,383.51,0,0,1,0,1000.25,212.51,0,213,8,9.508672237
1281,0,212.51,21104,-787.74,20103.75,-0.4999936528,12.76023485,20891.49,13.2602285,1.55,411.53,0,0,1,0,1000.25,212.51,0,213,9,9.517790079
1282,0,212.51,21576,-787.74,20575.75,-0.4999936528,13.05982228,21363.49,13.55981593,1.496666667,417.5166667,0,0,1,0,1000.25,212.51,0,213,10,9.524991751
1283,0,212.51,21963,-787.74,20962.75,-0.4999936528,13.30545858,21750.49,13.80545224,1.47,406.51,0,0,1,0,1000.25,212.51,0,213,11,9.532484055
1284,0,212.51,20336,-787.74,19335.75,-0.4999936528,12.27277055,20123.49,12.7727642,1.51,398.51,0,0,1,0,1000.25,212.51,0,213,12,9.541659832
1285,0,212.51,20859,-787.74,19858.75,-0.4999936528,12.60472866,20646.49,13.10472231,1.47,408.51,0,0,1,0,1000.25,212.51,0,213,13,9.552411079
1286,0,212.51,20584,-787.74,19583.75,-0.4999936528,12.43018089,20371.49,12.93017455,1.52,383.52,0,0,1,0,1000.25,212.51,0,213,14,9.561828613
1287,0,212.51,19556,-787.74,18555.75,-0.4999936528,11.77768962,19343.49,12.27768328,1.47,381.53,0,0,1,0,1000.25,212.51,0,213,15,9.569571257
1288,0,212.51,20799,-787.74,19798.75,-0.4999936528,12.56664551,20586.49,13.06663916,1.51,413.49,0,0,1,0,1000.25,212.51,0,213,16,9.576843023
1289,0,212.51,20540,-787.74,19539.75,-0.4999936528,12.40225325,20327.49,12.90224691,1.47,397.53,0,0,1,0,1000.25,212.51,0,213,17,9.581878185
1290,0,212.51,20384,-787.74,19383.75,-0.4999936528,12.30323707,20171.49,12.80323072,1.51,406.51,0,0,1,0,1000.25,212.51,0,213,18,9.58896637
1291,0,212.51,19979,-787.74,18978.75,-0.4999936528,12.04617582,19766.49,12.54616947,1.52,396.52,0,0,1,0,1000.25,212.51,0,213,19,9.597762585
1292,0,212.51,20833,-787.74,19832.75,-0.4999936528,12.58822596,20620.49,13.08821961,1.47,411.53,0,0,1,0,1000.25,212.51,0,213,20,9.605063677
1293,0,212.51,22830,-787.74,21829.75,-0.4999936528,13.85576008,22617.49,14.35575373,1.47,418.51,0,0,1,0,1000.25,212.51,0,213,21,9.613952875
1294,0,212.51,21697,-787.74,20696.75,-0.4999936528,13.13662329,21484.49,13.63661695,1.51,414.51,0,0,1,0,1000.25,212.51,0,213,22,9.622435331
1295,0,212.51,22538,-787.74,21537.75,-0.4999936528,13.67042209,22325.49,14.17041574,1.47,434.53,0,0,1,0,1000.25,212.51,0,213,23,9.631281853
1296,0,212.51,20385,-787.74,19384.75,-0.4999936528,12.30387179,20172.49,12.80386544,1.496666667,405.51,0,0,1,0,1000.25,212.51,0,213,24,9.640445948
1297,0,212.51,20490,-787.74,19489.75,-0.4999936528,12.3705173,20277.49,12.87051095,1.47,386.51,0,0,1,0,1000.25,212.51,0,213,25,9.647497654
1298,0,212.51,20702,-787.74,19701.75,-0.4999936528,12.50507775,20489.49,13.00507141,1.55,400.55,0,0,1,0,1000.25,212.51,0,213,26,9.65396452
1299,0,212.51,21764,-787.74,20763.75,-0.4999936528,13.17914948,21551.49,13.67914313,1.47,427.51,0,0,1,0,1000.25,212.51,0,213,27,9.661557198
1300,0,212.51,19411,-787.74,18410.75,-0.4999936528,11.68565535,19198.49,12.185649,1.47,378.51,0,0,1,0,1000.25,212.51,0,213,28,9.668709278
1301,0,212.51,20616,-787.74,19615.75,-0.4999936528,12.45049191,20403.49,12.95048556,1.49,398.5033333,0,0,1,0,1000.25,212.51,0,213,29,9.675117493
1302,0,212.51,18779,-787.74,17778.75,-0.4999936528,11.28451285,18566.49,11.78450651,1.505,375.505,0,0,1,0,1000.25,212.51,0,213,30,9.682440042
1303,0,212.51,20745,-787.74,19744.75,-0.4999936528,12.53237068,20532.49,13.03236433,1.47,396.49,0,0,1,0,1000.25,212.51,0,213,31,9.68956089
1304,0,212.51,19235,-787.74,18234.75,-0.4999936528,11.57394478,19022.49,12.07393843,1.47,389.53,0,0,1,0,1000.25,212.51,0,213,32,9.694046259
1305,0,212.51,20894,-787.74,19893.75,-0.4999936528,12.62694383,20681.49,13.12693748,1.47,406.51,0,0,1,0,1000.25,212.51,0,213,33,9.700565338
1306,0,212.51,19023,-787.74,18022.75,-0.4999936528,11.43938432,18810.49,11.93937798,1.51,373.51,1,1,0,0,1000.25,212.51,0,213,34,9.706571817
1307,0,212.51,21842,-787.74,20841.75,-0.4999936528,13.22865757,21629.49,13.72865122,1.51,418.51,0,0,1,0,1000.25,212.51,0,213,35,9.716937065
1308,0,212.51,20238,-787.74,19237.75,-0.4999936528,12.21056807,20025.49,12.71056173,1.51,384.51,0,0,1,0,1000.25,212.51,0,213,36,9.726638079
1309,0,212.51,21297,-787.74,20296.75,-0.4999936528,12.88273564,21084.49,13.38272929,1.496666667,400.5033333,0,0,1,0,1000.25,212.51,0,213,37,9.734790087
1310,0,212.51,22071,-787.74,21070.75,-0.4999936528,13.37400825,21858.49,13.8740019,1.505,401.5016667,0,0,1,0,1000.25,212.51,0,213,38,9.742808342
1311,0,212.51,20292,-787.74,19291.75,-0.4999936528,12.24484291,20079.49,12.74483656,1.51,400.51,0,0,1,0,1000.25,212.51,0,213,39,9.74972868
1312,0,212.51,20751,-787.74,19750.75,-0.4999936528,12.53617899,20538.49,13.03617264,1.47,412.51,0,0,1,0,1000.25,212.51,0,213,40,9.757454872
1313,0,212.51,20888,-787.74,19887.75,-0.4999936528,12.62313551,20675.49,13.12312917,1.47,404.49,0,0,1,0,1000.25,212.51,0,213,41,9.765573502
1314,0,212.51,20481,-787.74,19480.75,-0.4999936528,12.36480482,20268.49,12.86479848,1.51,399.505,0,0,1,0,1000.25,212.51,0,213,42,9.770181179
1315,0,212.51,18420,-787.74,17419.75,-0.4999936528,11.05664868,18207.49,11.55664234,1.51,364.51,0,0,1,0,1000.25,212.51,0,213,43,9.777660847
1316,0,212.51,21626,-787.74,20625.75,-0.4999936528,13.09155824,21413.49,13.59155189,1.51,422.51,0,0,1,0,1000.25,212.51,0,213,44,9.786490917
1317,0,212.51,21463,-787.74,20462.75,-0.4999936528,12.98809902,21250.49,13.48809267,1.47,401.47,0,0,1,0,1000.25,212.51,0,213,45,9.795599937
1318,0,212.51,19260,-787.74,18259.75,-0.4999936528,11.58981276,19047.49,12.08980641,1.47,385.51,0,0,1,0,1000.25,212.51,0,213,46,9.800721645
1319,0,212.51,21044,-787.74,20043.75,-0.4999936528,12.7221517,20831.49,13.22214535,1.49,420.4966667,0,0,1,0,1000.25,212.51,0,213,47,9.806943655
1320,0,212.51,21996,-787.74,20995.75,-0.4999936528,13.32640432,21783.49,13.82639797,1.47,420.51,0,0,1,0,1000.25,212.51,0,213,48,9.812031269
1321,0,212.51,20494,-787.74,19493.75,-0.4999936528,12.37305617,20281.49,12.87304983,1.51,407.51,0,0,1,0,1000.25,212.51,0,213,49,9.821041584
1322,0,212.51,21273,-787.74,20272.75,-0.4999936528,12.86750238,21060.49,13.36749603,1.47,418.53,0,0,1,0,1000.25,212.51,0,213,0,9.831136703
1323,0,212.51,21527,-787.74,20526.75,-0.4999936528,13.02872104,21314.49,13.52871469,1.47,423.49,0,0,1,0,1000.25,212.51,0,213,1,9.83818841
1324,0,212.51,20673,-787.74,19672.75,-0.4999936528,12.4866709,20460.49,12.98666455,1.47,404.51,0,0,1,0,1000.25,212.51,0,213,2,9.842963696
1325,0,212.51,20469,-787.74,19468.75,-0.4999936528,12.35718819,20256.49,12.85718185,1.49,404.51,0,0,1,0,1000.25,212.51,0,213,3,9.849171877
1326,0,212.51,20664,-787.74,19663.75,-0.4999936528,12.48095843,20451.49,12.98095208,1.47,396.53,0,0,1,0,1000.25,212.51,0,213,4,9.856744528
1327,0,212.51,20362,-787.74,19361.75,-0.4999936528,12.28927325,20149.49,12.7892669,1.51,395.49,0,0,1,0,1000.25,212.51,0,213,5,9.862842083
1328,0,212.51,19855,-787.74,18854.75,-0.4999936528,11.96747064,19642.49,12.4674643,1.51,393.51,0,0,1,0,1000.25,212.51,0,213,6,9.867287874
1329,0,212.51,20621,-787.74,19620.75,-0.4999936528,12.4536655,20408.49,12.95365916,1.51,389.51,0,0,1,0,1000.25,212.51,0,213,7,9.874628305
1330,0,212.51,20722,-787.74,19721.75,-0.4999936528,12.51777214,20509.49,13.01776579,1.47,407.47,0,0,1,0,1000.25,212.51,0,213,8,9.881658792
1331,0,212.51,21355,-787.74,20354.75,-0.4999936528,12.91954935,21142.49,13.419543,1.47,415.53,0,0,1,0,1000.25,212.51,0,213,9,9.886330366
1332,0,212.51,19181,-787.74,18180.75,-0.4999936528,11.53966995,18968.49,12.0396636,1.47,375.51,0,0,1,0,1000.25,212.51,0,213,10,9.893326521
1333,0,212.51,22389,-787.74,21388.75,-0.4999936528,13.57584894,22176.49,14.07584259,1.51,425.51,0,0,1,0,1000.25,212.51,0,213,11,9.901204348
1334,0,212.51,20112,-787.74,19111.75,-0.4999936528,12.13059346,19899.49,12.63058712,1.51,388.51,0,0,1,0,1000.25,212.51,0,213,12,9.907092094
1335,0,212.51,20309,-787.74,19308.75,-0.4999936528,12.25563313,20096.49,12.75562679,1.47,382.51,0,0,1,0,1000.25,212.51,0,213,13,9.916625977
1336,0,212.51,19335,-787.74,18334.75,-0.4999936528,11.63741669,19122.49,12.13741035,1.51,374.51,0,0,1,0,1000.25,212.51,0,213,14,9.924603462
1337,0,212.51,22209,-787.74,21208.75,-0.4999936528,13.46159949,21996.49,13.96159315,1.51,410.49,0,0,1,0,1000.25,212.51,0,213,15,9.932008982
1338,0,212.51,22580,-787.74,21579.75,-0.4999936528,13.69708029,22367.49,14.19707394,1.47,414.51,0,0,1,0,1000.25,212.51,0,213,16,9.936762094
1339,0,212.51,20578,-787.74,19577.75,-0.4999936528,12.42637258,20365.49,12.92636623,1.47,411.53,0,0,1,0,1000.25,212.51,0,213,17,9.944743395
1340,0,212.51,20197,-787.74,19196.75,-0.4999936528,12.18454459,19984.49,12.68453824,1.51,390.49,0,0,1,0,1000.25,212.51,0,213,18,9.95433712
1341,0,212.51,19361,-787.74,18360.75,-0.4999936528,11.65391939,19148.49,12.15391304,1.47,379.49,0,0,1,0,1000.25,212.51,0,213,19,9.959279299
1342,0,212.51,20441,-787.74,19440.75,-0.4999936528,12.33941606,20228.49,12.83940971,1.47,397.49,0,0,1,0,1000.25,212.51,0,213,20,9.964035273
1343,0,212.51,19087,-787.74,18086.75,-0.4999936528,11.48000635,18874.49,11.98,1.51,388.51,0,0,1,0,1000.25,212.51,0,213,21,9.968502522
1344,0,212.51,19522,-787.74,18521.75,-0.4999936528,11.75610917,19309.49,12.25610282,1.51,376.51,0,0,1,0,1000.25,212.51,0,213,22,9.978975058
1345,0,212.51,20275,-787.74,19274.75,-0.4999936528,12.23405268,20062.49,12.73404633,1.51,390.51,0,0,1,0,1000.25,212.51,0,213,23,9.987770557
1346,0,212.51,22090,-787.74,21089.75,-0.4999936528,13.38606791,21877.49,13.88606157,1.51,409.51,0,0,1,0,1000.25,212.51,0,213,24,9.996669054
1347,0,212.51,19422,-787.74,18421.75,-0.4999936528,11.69263726,19209.49,12.19263091,1.47,381.51,0,0,1,0,1000.25,212.51,0,213,25,10.00656652
1348,0,212.51,20850,-787.74,19849.75,-0.4999936528,12.59901619,20637.49,13.09900984,1.49,392.5033333,0,0,1,0,1000.25,212.51,0,213,26,10.01425028
1349,0,212.51,21371,-787.74,20370.75,-0.4999936528,12.92970486,21158.49,13.42969851,1.47,417.53,0,0,1,0,1000.25,212.51,0,213,27,10.02215624
1350,0,212.51,20759,-787.74,19758.75,-0.4999936528,12.54125674,20546.49,13.0412504,1.51,398.51,0,0,1,0,1000.25,212.51,0,213,28,10.02884102
1351,0,212.51,20301,-787.74,19300.75,-0.4999936528,12.25055538,20088.49,12.75054903,1.47,393.53,0,0,1,0,1000.25,212.51,0,213,29,10.03648615
1352,0,212.51,20881,-787.74,19880.75,-0.4999936528,12.61869248,20668.49,13.11868613,1.51,400.51,0,0,1,0,1000.25,212.51,0,213,30,10.04418468
1353,0,212.51,20587,-787.74,19586.75,-0.4999936528,12.43208505,20374.49,12.93207871,1.496666667,389.5033333,0,0,1,0,1000.25,212.51,0,213,31,10.05026174
1354,0,212.51,22483,-787.74,21482.75,-0.4999936528,13.63551254,22270.49,14.13550619,1.47,433.49,0,0,1,0,1000.25,212.51,0,213,32,10.05732775
1355,0,212.51,19955,-787.74,18954.75,-0.4999936528,12.03094256,19742.49,12.53093621,1.51,402.51,0,0,1,0,1000.25,212.51,0,213,33,10.0616467
1356,0,212.51,22521,-787.74,21520.75,-0.4999936528,13.65963186,22308.49,14.15962552,1.47,436.51,0,0,1,0,1000.25,212.51,0,213,34,10.06872606
1357,0,212.51,21297,-787.74,20296.75,-0.4999936528,12.88273564,21084.49,13.38272929,1.52,403.52,0,0,1,0,1000.25,212.51,0,213,35,10.07853913
1358,0,212.51,21890,-787.74,20889.75,-0.4999936528,13.25912409,21677.49,13.75911774,1.51,414.51,0,0,1,0,1000.25,212.51,0,213,36,10.08810377
1359,0,212.51,20856,-787.74,19855.75,-0.4999936528,12.6028245,20643.49,13.10281815,1.47,399.53,0,0,1,0,1000.25,212.51,0,213,37,10.09508395
1360,0,212.51,20114,-787.74,19113.75,-0.4999936528,12.1318629,19901.49,12.63185655,1.51,398.51,0,0,1,0,1000.25,212.51,0,213,38,10.10411024
1361,0,212.51,19955,-787.74,18954.75,-0.4999936528,12.03094256,19742.49,12.53093621,1.51,401.51,0,0,1,0,1000.25,212.51,0,213,39,10.11226058
1362,0,212.51,20804,-787.74,19803.75,-0.4999936528,12.56981911,20591.49,13.06981276,1.47,394.53,0,0,1,0,1000.25,212.51,0,213,40,10.12212586
1363,0,212.51,21718,-787.74,20717.75,-0.4999936528,13.1499524,21505.49,13.64994605,1.51,409.51,0,0,1,0,1000.25,212.51,0,213,41,10.13157725
1364,0,212.51,19119,-787.74,18118.75,-0.4999936528,11.50031736,18906.49,12.00031101,1.51,392.51,1,1,0,0,1000.25,212.51,0,213,42,10.14089751
1365,0,212.51,21750,-787.74,20749.75,-0.4999936528,13.17026341,21537.49,13.67025706,1.49,419.5033333,0,0,1,0,1000.25,212.51,0,213,43,10.1505065
1366,0,212.51,22242,-787.74,21241.75,-0.4999936528,13.48254522,22029.49,13.98253888,1.47,426.53,0,0,1,0,1000.25,212.51,0,213,44,10.1586051
1367,0,212.51,20772,-787.74,19771.75,-0.4999936528,12.54950809,20559.49,13.04950175,1.496666667,399.4966667,0,0,1,0,1000.25,212.51,0,213,45,10.16762567
1368,0,212.51,21250,-787.74,20249.75,-0.4999936528,12.85290384,21037.49,13.35289749,1.47,420.53,0,0,1,0,1000.25,212.51,0,213,46,10.17242575
1369,0,212.51,22687,-787.74,21686.75,-0.4999936528,13.76499524,22474.49,14.26498889,1.51,431.51,0,0,1,0,1000.25,212.51,0,213,47,10.17994308
1370,0,212.51,21330,-787.74,20329.75,-0.4999936528,12.90368137,21117.49,13.40367502,1.51,408.51,0,0,1,0,1000.25,212.51,0,213,48,10.18889737
1371,0,212.51,20324,-787.74,19323.75,-0.4999936528,12.26515392,20111.49,12.76514757,1.55,398.55,0,0,1,0,1000.25,212.51,0,213,49,10.19840956
1372,0,212.51,21998,-787.74,20997.75,-0.4999936528,13.32767375,21785.49,13.82766741,1.47,411.49,0,0,1,0,1000.25,212.51,0,213,0,10.2059238
1373,0,212.51,19682,-787.74,18681.75,-0.4999936528,11.85766423,19469.49,12.35765789,1.47,375.51,0,0,1,0,1000.25,212.51,0,213,1,10.21083069
1374,0,212.51,20999,-787.74,19998.75,-0.4999936528,12.69358934,20786.49,13.19358299,1.51,413.49,0,0,1,0,1000.25,212.51,0,213,2,10.21700263
1375,0,212.51,22018,-787.74,21017.75,-0.4999936528,13.34036814,21805.49,13.84036179,1.47,419.49,0,0,1,0,1000.25,212.51,0,213,3,10.22181582
1376,0,212.51,20128,-787.74,19127.75,-0.4999936528,12.14074897,19915.49,12.64074262,1.47,409.53,0,0,1,0,1000.25,212.51,0,213,4,10.22681284
1377,0,212.51,21631,-787.74,20630.75,-0.4999936528,13.09473183,21418.49,13.59472548,1.555,422.535,0,0,1,0,1000.25,212.51,0,213,5,10.2362113
1378,0,212.51,19725,-787.74,18724.75,-0.4999936528,11.88495716,19512.49,12.38495081,1.47,398.53,0,0,1,0,1000.25,212.51,0,213,6,10.24576116
1379,0,212.51,20765,-787.74,19764.75,-0.4999936528,12.54506506,20552.49,13.04505871,1.51,408.51,0,0,1,0,1000.25,212.51,0,213,7,10.25301909
1380,0,212.51,21669,-787.74,20668.75,-0.4999936528,13.11885116,21456.49,13.61884481,1.51,417.49,0,0,1,0,1000.25,212.51,0,213,8,10.26254201
1381,0,212.51,20997,-787.74,19996.75,-0.4999936528,12.6923199,20784.49,13.19231355,1.51,409.51,0,0,1,0,1000.25,212.51,0,213,9,10.26725817
1382,0,212.51,20600,-787.74,19599.75,-0.4999936528,12.4403364,20387.49,12.94033005,1.47,386.53,0,0,1,0,1000.25,212.51,0,213,10,10.27470589
1383,0,212.51,20958,-787.74,19957.75,-0.4999936528,12.66756585,20745.49,13.1675595,1.51,400.49,0,0,1,0,1000.25,212.51,0,213,11,10.28189778
1384,0,212.51,20993,-787.74,19992.75,-0.4999936528,12.68978102,20780.49,13.18977467,1.47,395.53,0,0,1,0,1000.25,212.51,0,213,12,10.28725266
1385,0,212.51,20724,-787.74,19723.75,-0.4999936528,12.51904157,20511.49,13.01903523,1.51,400.5,0,0,1,0,1000.25,212.51,0,213,13,10.29373884
1386,0,212.51,20350,-787.74,19349.75,-0.4999936528,12.28165662,20137.49,12.78165027,1.52,385.5,0,0,1,0,1000.25,212.51,0,213,14,10.3000164
1387,0,212.51,23482,-787.74,22481.75,-0.4999936528,14.26959695,23269.49,14.76959061,1.51,434.51,0,0,1,0,1000.25,212.51,0,213,15,10.30533981
1388,0,212.51,20932,-787.74,19931.75,-0.4999936528,12.65106315,20719.49,13.15105681,1.52,427.5,0,0,1,0,1000.25,212.51,0,213,16,10.31602192
1389,0,212.51,19091,-787.74,18090.75,-0.4999936528,11.48254522,18878.49,11.98253888,1.51,378.49,0,0,1,0,1000.25,212.51,0,213,17,10.3217833
1390,0,212.51,20542,-787.74,19541.75,-0.4999936528,12.40352269,20329.49,12.90351634,1.47,399.51,0,0,1,0,1000.25,212.51,0,213,18,10.32636642
1391,0,212.51,21613,-787.74,20612.75,-0.4999936528,13.08330689,21400.49,13.58330054,1.51,401.51,0,0,1,0,1000.25,212.51,0,213,19,10.33572221
1392,0,212.51,20097,-787.74,19096.75,-0.4999936528,12.12107268,19884.49,12.62106633,1.496666667,386.5166667,0,0,1,0,1000.25,212.51,0,213,20,10.34497237
1393,0,212.51,20032,-787.74,19031.75,-0.4999936528,12.07981593,19819.49,12.57980958,1.47,379.51,0,0,1,0,1000.25,212.51,0,213,21,10.35386539
1394,0,212.51,20521,-787.74,19520.75,-0.4999936528,12.39019359,20308.49,12.89018724,1.49,377.5033333,0,0,1,0,1000.25,212.51,0,213,22,10.36269379
1395,0,212.51,22687,-787.74,21686.75,-0.4999936528,13.76499524,22474.49,14.26498889,1.55,411.55,0,0,1,0,1000.25,212.51,0,213,23,10.3705368
1396,0,212.51,20762,-787.74,19761.75,-0.4999936528,12.5431609,20549.49,13.04315455,1.47,407.51,0,0,1,0,1000.25,212.51,0,213,24,10.37817192
1397,0,212.51,19522,-787.74,18521.75,-0.4999936528,11.75610917,19309.49,12.25610282,1.47,379.53,0,0,1,0,1000.25,212.51,0,213,25,10.38421631
1398,0,212.51,21394,-787.74,20393.75,-0.4999936528,12.9443034,21181.49,13.44429705,1.52,409.5,0,0,1,0,1000.25,212.51,0,213,26,10.39378572
1399,0,212.51,20043,-787.74,19042.75,-0.4999936528,12.08679784,19830.49,12.58679149,1.47,380.51,0,0,1,0,1000.25,212.51,0,213,27,10.39926124
1400,0,212.51,22981,-787.74,21980.75,-0.4999936528,13.95160267,22768.49,14.45159632,1.47,459.51,0,0,1,0,1000.25,212.51,0,213,28,10.40638995
1401,0,212.51,20892,-787.74,19891.75,-0.4999936528,12.62567439,20679.49,13.12566804,1.51,398.51,0,0,1,0,1000.25,212.51,0,213,29,10.4155755
1402,0,212.51,22007,-787.74,21006.75,-0.4999936528,13.33338623,21794.49,13.83337988,1.51,418.51,0,0,1,0,1000.25,212.51,0,213,30,10.42527437
1403,0,212.51,20142,-787.74,19141.75,-0.4999936528,12.14963504,19929.49,12.64962869,1.49,393.5033333,0,0,1,0,1000.25,212.51,0,213,31,10.43254089
1404,0,212.51,21637,-787.74,20636.75,-0.4999936528,13.09854015,21424.49,13.5985338,1.496666667,406.51,0,0,1,0,1000.25,212.51,0,213,32,10.43954945
1405,0,212.51,20292,-787.74,19291.75,-0.4999936528,12.24484291,20079.49,12.74483656,1.47,395.53,0,0,1,0,1000.25,212.51,0,213,33,10.44658971
1406,0,212.51,20036,-787.74,19035.75,-0.4999936528,12.08235481,19823.49,12.58234846,1.496666667,399.5166667,0,0,1,0,1000.25,212.51,0,213,34,10.45446038
1407,0,212.51,19920,-787.74,18919.75,-0.4999936528,12.00872739,19707.49,12.50872104,1.47,397.47,0,0,1,0,1000.25,212.51,0,213,35,10.46320057
1408,0,212.51,19031,-787.74,18030.75,-0.4999936528,11.44446208,18818.49,11.94445573,1.47,378.51,0,0,1,0,1000.25,212.51,0,213,36,10.4674685
1409,0,212.51,17583,-787.74,16582.75,-0.4999936528,10.52538877,17370.49,11.02538242,1.49,353.4966667,0,0,1,0,1000.25,212.51,0,213,37,10.47627068
1410,0,212.51,21566,-787.74,20565.75,-0.4999936528,13.05347509,21353.49,13.55346874,1.47,404.49,0,0,1,0,1000.25,212.51,0,213,38,10.48134494
1411,0,212.51,20688,-787.74,19687.75,-0.4999936528,12.49619169,20475.49,12.99618534,1.47,401.53,0,0,1,0,1000.25,212.51,0,213,39,10.48613715
1412,0,212.51,21553,-787.74,20552.75,-0.4999936528,13.04522374,21340.49,13.54521739,1.51,411.49,0,0,1,0,1000.25,212.51,0,213,40,10.49429655
1413,0,212.51,20947,-787.74,19946.75,-0.4999936528,12.66058394,20734.49,13.16057759,1.47,410.53,0,0,1,0,1000.25,212.51,0,213,41,10.49869919
1414,0,212.51,21824,-787.74,20823.75,-0.4999936528,13.21723262,21611.49,13.71722628,1.51,422.51,0,0,1,0,1000.25,212.51,0,213,42,10.50750208
1415,0,212.51,20226,-787.74,19225.75,-0.4999936528,12.20295144,20013.49,12.7029451,1.47,384.49,0,0,1,0,1000.25,212.51,0,213,43,10.51651955
1416,0,212.51,21138,-787.74,20137.75,-0.4999936528,12.7818153,20925.49,13.28180895,1.51,403.51,0,0,1,0,1000.25,212.51,0,213,44,10.52095318
1417,0,212.51,21248,-787.74,20247.75,-0.4999936528,12.8516344,21035.49,13.35162805,1.51,387.51,0,0,1,0,1000.25,212.51,0,213,45,10.52681661
1418,0,212.51,21151,-787.74,20150.75,-0.4999936528,12.79006665,20938.49,13.2900603,1.51,393.49,1,1,0,0,1000.25,212.51,0,213,46,10.53402114
1419,0,212.51,18864,-787.74,17863.75,-0.4999936528,11.33846398,18651.49,11.83845763,1.47,374.49,0,0,1,0,1000.25,212.51,0,213,47,10.53837299
1420,0,212.51,21051,-787.74,20050.75,-0.4999936528,12.72659473,20838.49,13.22658838,1.47,403.51,0,0,1,0,1000.25,212.51,0,213,48,10.54345632
1421,0,212.51,19354,-787.74,18353.75,-0.4999936528,11.64947636,19141.49,12.14947001,1.47,385.53,0,0,1,0,1000.25,212.51,0,213,49,10.55279255
1422,0,212.51,21968,-787.74,20967.75,-0.4999936528,13.30863218,21755.49,13.80862583,1.51,424.49,0,0,1,0,1000.25,212.51,0,213,0,10.56258893
1423,0,212.51,20122,-787.74,19121.75,-0.4999936528,12.13694065,19909.49,12.63693431,1.51,393.51,0,0,1,0,1000.25,212.51,0,213,1,10.56678843
1424,0,212.51,18403,-787.74,17402.75,-0.4999936528,11.04585846,18190.49,11.54585211,1.47,358.49,0,0,1,0,1000.25,212.51,0,213,2,10.5753355
1425,0,212.51,19132,-787.74,18131.75,-0.4999936528,11.50856871,18919.49,12.00856236,1.47,384.49,0,0,1,0,1000.25,212.51,0,213,3,10.57976961
1426,0,212.51,21071,-787.74,20070.75,-0.4999936528,12.73928911,20858.49,13.23928277,1.51,388.51,0,0,1,0,1000.25,212.51,0,213,4,10.5844965
1427,0,212.51,19767,-787.74,18766.75,-0.4999936528,11.91161536,19554.49,12.41160901,1.51,383.51,0,0,1,0,1000.25,212.51,0,213,5,10.59045744
1428,0,212.51,19974,-787.74,18973.75,-0.4999936528,12.04300222,19761.49,12.54299587,1.52,394.52,0,0,1,0,1000.25,212.51,0,213,6,10.59925914
1429,0,212.51,19271,-787.74,18270.75,-0.4999936528,11.59679467,19058.49,12.09678832,1.47,377.51,0,0,1,0,1000.25,212.51,0,213,7,10.60777545
1430,0,212.51,19903,-787.74,18902.75,-0.4999936528,11.99793716,19690.49,12.49793082,1.51,387.51,0,0,1,0,1000.25,212.51,0,213,8,10.61492682
1431,0,212.51,19593,-787.74,18592.75,-0.4999936528,11.80117423,19380.49,12.30116788,1.47,399.51,0,0,1,0,1000.25,212.51,0,213,9,10.62212205
1432,0,212.51,20942,-787.74,19941.75,-0.4999936528,12.65741035,20729.49,13.157404,1.51,423.49,0,0,1,0,1000.25,212.51,0,213,10,10.63111329
1433,0,212.51,22354,-787.74,21353.75,-0.4999936528,13.55363377,22141.49,14.05362742,1.51,421.51,0,0,1,0,1000.25,212.51,0,213,11,10.63599586
1434,0,212.51,21811,-787.74,20810.75,-0.4999936528,13.20898128,21598.49,13.70897493,1.47,407.49,0,0,1,0,1000.25,212.51,0,213,12,10.64613581
1435,0,212.51,18679,-787.74,17678.75,-0.4999936528,11.22104094,18466.49,11.72103459,1.47,377.53,0,0,1,0,1000.25,212.51,0,213,13,10.65089798
1436,0,212.51,20858,-787.74,19857.75,-0.4999936528,12.60409394,20645.49,13.10408759,1.496666667,398.51,0,0,1,0,1000.25,212.51,0,213,14,10.66010356
1437,0,212.51,20449,-787.74,19448.75,-0.4999936528,12.34449381,20236.49,12.84448746,1.47,397.53,0,0,1,0,1000.25,212.51,0,213,15,10.66755962
1438,0,212.51,22592,-787.74,21591.75,-0.4999936528,13.70469692,22379.49,14.20469057,1.55,433.53,0,0,1,0,1000.25,212.51,0,213,16,10.67658186
1439,0,212.51,20809,-787.74,19808.75,-0.4999936528,12.5729927,20596.49,13.07298635,1.47,402.49,0,0,1,0,1000.25,212.51,0,213,17,10.68387866
1440,0,212.51,19625,-787.74,18624.75,-0.4999936528,11.82148524,19412.49,12.3214789,1.496666667,376.5166667,0,0,1,0,1000.25,212.51,0,213,18,10.6881566
1441,0,212.51,21399,-787.74,20398.75,-0.4999936528,12.94747699,21186.49,13.44747064,1.47,412.49,0,0,1,0,1000.25,212.51,0,213,19,10.69763231
1442,0,212.51,21543,-787.74,20542.75,-0.4999936528,13.03887655,21330.49,13.5388702,1.51,423.51,0,0,1,0,1000.25,212.51,0,213,20,10.70207834
1443,0,212.51,20295,-787.74,19294.75,-0.4999936528,12.24674706,20082.49,12.74674072,1.47,397.49,0,0,1,0,1000.25,212.51,0,213,21,10.70933938
1444,0,212.51,20577,-787.74,19576.75,-0.4999936528,12.42573786,20364.49,12.92573151,1.47,386.53,0,0,1,0,1000.25,212.51,0,213,22,10.71427774
1445,0,212.51,21280,-787.74,20279.75,-0.4999936528,12.87194541,21067.49,13.37193907,1.47,413.53,0,0,1,0,1000.25,212.51,0,213,23,10.72104287
1446,0,212.51,20783,-787.74,19782.75,-0.4999936528,12.55649,20570.49,13.05648366,1.496666667,406.5033333,0,0,1,0,1000.25,212.51,0,213,24,10.72900558
1447,0,212.51,22088,-787.74,21087.75,-0.4999936528,13.38479848,21875.49,13.88479213,1.49,415.51,0,0,1,0,1000.25,212.51,0,213,25,10.73655486
1448,0,212.51,20036,-787.74,19035.75,-0.4999936528,12.08235481,19823.49,12.58234846,1.51,380.51,0,0,1,0,1000.25,212.51,0,213,26,10.74354529
1449,0,212.51,20110,-787.74,19109.75,-0.4999936528,12.12932402,19897.49,12.62931768,1.47,411.51,0,0,1,0,1000.25,212.51,0,213,27,10.75190878
1450,0,212.51,20042,-787.74,19041.75,-0.4999936528,12.08616312,19829.49,12.58615678,1.47,381.51,0,0,1,0,1000.25,212.51,0,213,28,10.76117992
1451,0,212.51,22105,-787.74,21104.75,-0.4999936528,13.3955887,21892.49,13.89558235,1.51,406.51,0,0,1,0,1000.25,212.51,0,213,29,10.76782775
1452,0,212.51,21242,-787.74,20241.75,-0.4999936528,12.84782609,21029.49,13.34781974,1.47,401.51,1,1,0,0,1000.25,212.51,0,213,30,10.77699375
1453,0,212.51,19342,-787.74,18341.75,-0.4999936528,11.64185973,19129.49,12.14185338,1.51,399.51,0,0,1,0,1000.25,212.51,0,213,31,10.78308463
1454,0,212.51,22195,-787.74,21194.75,-0.4999936528,13.45271342,21982.49,13.95270708,1.51,404.51,0,0,1,0,1000.25,212.51,0,213,32,10.79195476
1455,0,212.51,20124,-787.74,19123.75,-0.4999936528,12.13821009,19911.49,12.63820374,1.47,386.51,0,0,1,0,1000.25,212.51,0,213,33,10.79931402
1456,0,212.51,21514,-787.74,20513.75,-0.4999936528,13.02046969,21301.49,13.52046334,1.49,404.51,0,0,1,0,1000.25,212.51,0,213,34,10.80577254
1457,0,212.51,21958,-787.74,20957.75,-0.4999936528,13.30228499,21745.49,13.80227864,1.47,427.51,0,0,1,0,1000.25,212.51,0,213,35,10.81346822
1458,0,212.51,21188,-787.74,20187.75,-0.4999936528,12.81355125,20975.49,13.31354491,1.51,402.51,0,0,1,0,1000.25,212.51,0,213,36,10.82325935
1459,0,212.51,19803,-787.74,18802.75,-0.4999936528,11.93446525,19590.49,12.4344589,1.51,406.51,0,0,1,0,1000.25,212.51,0,213,37,10.83208656
1460,0,212.51,20749,-787.74,19748.75,-0.4999936528,12.53490955,20536.49,13.03490321,1.47,402.53,0,0,1,0,1000.25,212.51,0,213,38,10.84174776
1461,0,212.51,21219,-787.74,20218.75,-0.4999936528,12.83322755,21006.49,13.3332212,1.47,417.53,0,0,1,0,1000.25,212.51,0,213,39,10.85226727
1462,0,212.51,19432,-787.74,18431.75,-0.4999936528,11.69898445,19219.49,12.1989781,1.51,373.49,0,0,1,0,1000.25,212.51,0,213,40,10.8587575
1463,0,212.51,20318,-787.74,19317.75,-0.4999936528,12.2613456,20105.49,12.76133926,1.47,403.53,0,0,1,0,1000.25,212.51,0,213,41,10.86369109
1464,0,212.51,20117,-787.74,19116.75,-0.4999936528,12.13376706,19904.49,12.63376071,1.47,375.49,0,0,1,0,1000.25,212.51,0,213,42,10.87238359
1465,0,212.51,22581,-787.74,21580.75,-0.4999936528,13.69771501,22368.49,14.19770866,1.51,431.51,0,0,1,0,1000.25,212.51,0,213,43,10.87667537
1466,0,212.51,21142,-787.74,20141.75,-0.4999936528,12.78435417,20929.49,13.28434783,1.51,425.51,0,0,1,0,1000.25,212.51,0,213,44,10.88437247
1467,0,212.51,20557,-787.74,19556.75,-0.4999936528,12.41304348,20344.49,12.91303713,1.47,397.51,0,0,1,0,1000.25,212.51,0,213,45,10.89455128
1468,0,212.51,19304,-787.74,18303.75,-0.4999936528,11.6177404,19091.49,12.11773405,1.47,369.51,0,0,1,0,1000.25,212.51,0,213,46,10.90241456
1469,0,212.51,19922,-787.74,18921.75,-0.4999936528,12.00999683,19709.49,12.50999048,1.505,388.505,0,0,1,0,1000.25,212.51,0,213,47,10.91004014
1470,0,212.51,20988,-787.74,19987.75,-0.4999936528,12.68660743,20775.49,13.18660108,1.47,424.51,0,0,1,0,1000.25,212.51,0,213,48,10.9185884
1471,0,212.51,21111,-787.74,20110.75,-0.4999936528,12.76467788,20898.49,13.26467153,1.51,406.51,0,0,1,0,1000.25,212.51,0,213,49,10.92766643
1472,0,212.51,19480,-787.74,18479.75,-0.4999936528,11.72945097,19267.49,12.22944462,1.51,370.51,0,0,1,0,1000.25,212.51,0,213,0,10.93723917
1473,0,212.51,20186,-787.74,19185.75,-0.4999936528,12.17756268,19973.49,12.67755633,1.51,406.51,0,0,1,0,1000.25,212.51,0,213,1,10.94566894
1474,0,212.51,19656,-787.74,18655.75,-0.4999936528,11.84116154,19443.49,12.34115519,1.51,391.49,0,0,1,0,1000.25,212.51,0,213,2,10.95457339
1475,0,212.51,20850,-787.74,19849.75,-0.4999936528,12.59901619,20637.49,13.09900984,1.55,399.55,0,0,1,0,1000.25,212.51,0,213,3,10.95880055
1476,0,212.51,20884,-787.74,19883.75,-0.4999936528,12.62059664,20671.49,13.12059029,1.496666667,388.51,0,0,1,0,1000.25,212.51,0,213,4,10.96634746
1477,0,212.51,20451,-787.74,19450.75,-0.4999936528,12.34576325,20238.49,12.8457569,1.51,381.51,0,0,1,0,1000.25,212.51,0,213,5,10.97366929
1478,0,212.51,20320,-787.74,19319.75,-0.4999936528,12.26261504,20107.49,12.7626087,1.55,406.51,0,0,1,0,1000.25,212.51,0,213,6,10.98315001
1479,0,212.51,21711,-787.74,20710.75,-0.4999936528,13.14550936,21498.49,13.64550301,1.49,396.5033333,0,0,1,0,1000.25,212.51,0,213,7,10.98984599
1480,0,212.51,19693,-787.74,18692.75,-0.4999936528,11.86464614,19480.49,12.3646398,1.47,375.51,0,0,1,0,1000.25,212.51,0,213,8,10.99748254
1481,0,212.51,19112,-787.74,18111.75,-0.4999936528,11.49587433,18899.49,11.99586798,1.515,370.515,1,1,0,0,1000.25,212.51,0,213,9,11.00509834
1482,0,212.51,19722,-787.74,18721.75,-0.4999936528,11.883053,19509.49,12.38304665,1.47,388.49,0,0,1,0,1000.25,212.51,0,213,10,11.01471233
1483,0,212.51,19712,-787.74,18711.75,-0.4999936528,11.87670581,19499.49,12.37669946,1.51,390.49,0,0,1,0,1000.25,212.51,0,213,11,11.01958919
1484,0,212.51,21862,-787.74,20861.75,-0.4999936528,13.24135195,21649.49,13.7413456,1.47,425.51,0,0,1,0,1000.25,212.51,0,213,12,11.02423191
1485,0,212.51,19556,-787.74,18555.75,-0.4999936528,11.77768962,19343.49,12.27768328,1.47,384.51,0,0,1,0,1000.25,212.51,0,213,13,11.03403068
1486,0,212.51,23547,-787.74,22546.75,-0.4999936528,14.3108537,23334.49,14.81084735,1.496666667,448.5166667,0,0,1,0,1000.25,212.51,0,213,14,11.04298282
1487,0,212.51,22301,-787.74,21300.75,-0.4999936528,13.51999365,22088.49,14.01998731,1.47,415.53,0,0,1,0,1000.25,212.51,0,213,15,11.05194855
1488,0,212.51,20458,-787.74,19457.75,-0.4999936528,12.35020628,20245.49,12.85019994,1.496666667,385.51,0,0,1,0,1000.25,212.51,0,213,16,11.05976057
1489,0,212.51,20465,-787.74,19464.75,-0.4999936528,12.35464932,20252.49,12.85464297,1.47,398.51,0,0,1,0,1000.25,212.51,0,213,17,11.06877494
1490,0,212.51,21682,-787.74,20681.75,-0.4999936528,13.12710251,21469.49,13.62709616,1.51,411.49,0,0,1,0,1000.25,212.51,0,213,18,11.07820702
1491,0,212.51,22518,-787.74,21517.75,-0.4999936528,13.65772771,22305.49,14.15772136,1.47,429.49,0,0,1,0,1000.25,212.51,0,213,19,11.08327365
1492,0,212.51,19720,-787.74,18719.75,-0.4999936528,11.88178356,19507.49,12.38177721,1.51,385.51,0,0,1,0,1000.25,212.51,0,213,20,11.0881505
1493,0,212.51,21295,-787.74,20294.75,-0.4999936528,12.8814662,21082.49,13.38145985,1.51,397.51,0,0,1,0,1000.25,212.51,0,213,21,11.09786201
1494,0,212.51,20264,-787.74,19263.75,-0.4999936528,12.22707077,20051.49,12.72706442,1.47,408.51,0,0,1,0,1000.25,212.51,0,213,22,11.10553503
1495,0,212.51,21932,-787.74,20931.75,-0.4999936528,13.28578229,21719.49,13.78577594,1.51,422.51,1,1,0,0,1000.25,212.51,0,213,23,11.11302662
1496,0,212.51,19770,-787.74,18769.75,-0.4999936528,11.91351952,19557.49,12.41351317,1.47,402.53,0,0,1,0,1000.25,212.51,0,213,24,11.12041473
1497,0,212.51,19502,-787.74,18501.75,-0.4999936528,11.74341479,19289.49,12.24340844,1.47,371.49,0,0,1,0,1000.25,212.51,0,213,25,11.12783551
1498,0,212.51,21846,-787.74,20845.75,-0.4999936528,13.23119645,21633.49,13.7311901,1.47,408.51,0,0,1,0,1000.25,212.51,0,213,26,11.13281798
1499,0,212.51,22133,-787.74,21132.75,-0.4999936528,13.41336084,21920.49,13.91335449,1.51,417.49,0,0,1,0,1000.25,212.51,0,213,27,11.13966918
1500,0,212.51,22973,-787.74,21972.75,-0.4999936528,13.94652491,22760.49,14.44651857,1.51,440.49,0,0,1,0,1000.25,212.51,0,213,28,11.14416242
1501,0,212.51,20247,-787.74,19246.75,-0.4999936528,12.21628055,20034.49,12.7162742,1.51,390.51,0,0,1,0,1000.25,212.51,0,213,29,11.14871716
1502,0,212.51,19885,-787.74,18884.75,-0.4999936528,11.98651222,19672.49,12.48650587,1.47,399.53,0,0,1,0,1000.25,212.51,0,213,30,11.15592146
1503,0,212.51,22510,-787.74,21509.75,-0.4999936528,13.65264995,22297.49,14.15264361,1.51,425.51,0,0,1,0,1000.25,212.51,0,213,31,11.16301656
1504,0,212.51,19542,-787.74,18541.75,-0.4999936528,11.76880355,19329.49,12.26879721,1.55,387.53,0,0,1,0,1000.25,212.51,0,213,32,11.17189574
1505,0,212.51,21359,-787.74,20358.75,-0.4999936528,12.92208823,21146.49,13.42208188,1.47,413.49,0,0,1,0,1000.25,212.51,0,213,33,11.17995167
1506,0,212.51,20623,-787.74,19622.75,-0.4999936528,12.45493494,20410.49,12.95492859,1.47,396.49,0,0,1,0,1000.25,212.51,0,213,34,11.18477058
1507,0,212.51,20424,-787.74,19423.75,-0.4999936528,12.32862583,20211.49,12.82861949,1.51,386.51,0,0,1,0,1000.25,212.51,0,213,35,11.189044
1508,0,212.51,21930,-787.74,20929.75,-0.4999936528,13.28451285,21717.49,13.78450651,1.51,421.49,0,0,1,0,1000.25,212.51,0,213,36,11.19775724
1509,0,212.51,19947,-787.74,18946.75,-0.4999936528,12.0258648,19734.49,12.52585846,1.51,403.49,0,0,1,0,1000.25,212.51,0,213,37,11.2020216
1510,0,212.51,20408,-787.74,19407.75,-0.4999936528,12.31847033,20195.49,12.81846398,1.47,396.49,0,0,1,0,1000.25,212.51,0,213,38,11.20787787
1511,0,212.51,20616,-787.74,19615.75,-0.4999936528,12.45049191,20403.49,12.95048556,1.51,415.51,0,0,1,0,1000.25,212.51,0,213,39,11.21265125
1512,0,212.51,23077,-787.74,22076.75,-0.4999936528,14.0125357,22864.49,14.51252936,1.51,443.51,0,0,1,0,1000.25,212.51,0,213,40,11.22099638
1513,0,212.51,19372,-787.74,18371.75,-0.4999936528,11.6609013,19159.49,12.16089495,1.47,388.53,0,0,1,0,1000.25,212.51,0,213,41,11.228441
1514,0,212.51,19842,-787.74,18841.75,-0.4999936528,11.9592193,19629.49,12.45921295,1.496666667,389.5166667,0,0,1,0,1000.25,212.51,0,213,42,11.23762155
1515,0,212.51,20473,-787.74,19472.75,-0.4999936528,12.35972707,20260.49,12.85972072,1.47,404.51,0,0,1,0,1000.25,212.51,0,213,43,11.24517059
1516,0,212.51,20549,-787.74,19548.75,-0.4999936528,12.40796573,20336.49,12.90795938,1.496666667,413.51,0,0,1,0,1000.25,212.51,0,213,44,11.25253463
1517,0,212.51,20670,-787.74,19669.75,-0.4999936528,12.48476674,20457.49,12.98476039,1.47,383.51,0,0,1,0,1000.25,212.51,0,213,45,11.25956821
1518,0,212.51,22546,-787.74,21545.75,-0.4999936528,13.67549984,22333.49,14.17549349,1.496666667,431.51,0,0,1,0,1000.25,212.51,0,213,46,11.26558924
1519,0,212.51,19765,-787.74,18764.75,-0.4999936528,11.91034592,19552.49,12.41033957,1.47,392.51,0,0,1,0,1000.25,212.51,0,213,47,11.27285933
1520,0,212.51,22093,-787.74,21092.75,-0.4999936528,13.38797207,21880.49,13.88796573,1.47,398.49,0,0,1,0,1000.25,212.51,0,213,48,11.28200102
1521,0,212.51,21559,-787.74,20558.75,-0.4999936528,13.04903205,21346.49,13.54902571,1.47,405.49,0,0,1,0,1000.25,212.51,0,213,49,11.28673577
1522,0,212.51,20102,-787.74,19101.75,-0.4999936528,12.12424627,19889.49,12.62423992,1.47,357.51,0,0,1,0,1000.25,212.51,0,213,0,11.29162025
1523,0,212.51,21302,-787.74,20301.75,-0.4999936528,12.88590924,21089.49,13.38590289,1.51,409.51,0,0,1,0,1000.25,212.51,0,213,1,11.29860258
1524,0,212.51,20463,-787.74,19462.75,-0.4999936528,12.35337988,20250.49,12.85337353,1.51,395.49,0,0,1,0,1000.25,212.51,0,213,2,11.30801725
1525,0,212.51,20966,-787.74,19965.75,-0.4999936528,12.67264361,20753.49,13.17263726,1.51,394.51,0,0,1,0,1000.25,212.51,0,213,3,11.31249547
1526,0,212.51,20563,-787.74,19562.75,-0.4999936528,12.41685179,20350.49,12.91684545,1.47,399.51,0,0,1,0,1000.25,212.51,0,213,4,11.31881166
1527,0,212.51,22537,-787.74,21536.75,-0.4999936528,13.66978737,22324.49,14.16978102,1.51,440.49,0,0,1,0,1000.25,212.51,0,213,5,11.32754827
1528,0,212.51,20841,-787.74,19840.75,-0.4999936528,12.59330371,20628.49,13.09329737,1.47,392.53,0,0,1,0,1000.25,212.51,0,213,6,11.33252215
1529,0,212.51,19789,-787.74,18788.75,-0.4999936528,11.92557918,19576.49,12.42557283,1.51,371.51,0,0,1,0,1000.25,212.51,0,213,7,11.33974051
1530,0,212.51,20990,-787.74,19989.75,-0.4999936528,12.68787686,20777.49,13.18787052,1.47,406.53,0,0,1,0,1000.25,212.51,0,213,8,11.35033679
1531,0,212.51,21381,-787.74,20380.75,-0.4999936528,12.93605205,21168.49,13.4360457,1.47,421.51,0,0,1,0,1000.25,212.51,0,213,9,11.36002803
1532,0,212.51,21819,-787.74,20818.75,-0.4999936528,13.21405903,21606.49,13.71405268,1.49,406.5033333,0,0,1,0,1000.25,212.51,0,213,10,11.3692286
1533,0,212.51,20621,-787.74,19620.75,-0.4999936528,12.4536655,20408.49,12.95365916,1.496666667,401.5033333,0,0,1,0,1000.25,212.51,0,213,11,11.37750626
1534,0,212.51,20977,-787.74,19976.75,-0.4999936528,12.67962552,20764.49,13.17961917,1.51,403.51,0,0,1,0,1000.25,212.51,0,213,12,11.38514876
1535,0,212.51,20921,-787.74,19920.75,-0.4999936528,12.64408124,20708.49,13.1440749,1.496666667,392.5033333,0,0,1,0,1000.25,212.51,0,213,13,11.39478779
1536,0,212.51,20294,-787.74,19293.75,-0.4999936528,12.24611235,20081.49,12.746106,1.47,377.49,0,0,1,0,1000.25,212.51,0,213,14,11.40339923
1537,0,212.51,19634,-787.74,18633.75,-0.4999936528,11.82719772,19421.49,12.32719137,1.47,379.51,0,0,1,0,1000.25,212.51,0,213,15,11.40826964
1538,0,212.51,21350,-787.74,20349.75,-0.4999936528,12.91637575,21137.49,13.41636941,1.51,401.51,0,0,1,0,1000.25,212.51,0,213,16,11.41741991
1539,0,212.51,19418,-787.74,18417.75,-0.4999936528,11.69009838,19205.49,12.19009203,1.47,393.53,0,0,1,0,1000.25,212.51,0,213,17,11.42465377
1540,0,212.51,22215,-787.74,21214.75,-0.4999936528,13.46540781,22002.49,13.96540146,1.52,415.52,0,0,1,0,1000.25,212.51,0,213,18,11.43448782
1541,0,212.51,21934,-787.74,20933.75,-0.4999936528,13.28705173,21721.49,13.78704538,1.51,445.51,0,0,1,0,1000.25,212.51,0,213,19,11.44155002
1542,0,212.51,22312,-787.74,21311.75,-0.4999936528,13.52697556,22099.49,14.02696922,1.51,419.51,0,0,1,0,1000.25,212.51,0,213,20,11.45136952
1543,0,212.51,21350,-787.74,20349.75,-0.4999936528,12.91637575,21137.49,13.41636941,1.47,408.51,0,0,1,0,1000.25,212.51,0,213,21,11.46007395
1544,0,212.51,22560,-787.74,21559.75,-0.4999936528,13.68438591,22347.49,14.18437956,1.51,424.51,0,0,1,0,1000.25,212.51,0,213,22,11.46632218
1545,0,212.51,21570,-787.74,20569.75,-0.4999936528,13.05601396,21357.49,13.55600762,1.47,414.51,0,0,1,0,1000.25,212.51,0,213,23,11.47538376
1546,0,212.51,21912,-787.74,20911.75,-0.4999936528,13.27308791,21699.49,13.77308156,1.515,414.515,0,0,1,0,1000.25,212.51,0,213,24,11.48411298
1547,0,212.51,22199,-787.74,21198.75,-0.4999936528,13.4552523,21986.49,13.95524595,1.51,417.51,0,0,1,0,1000.25,212.51,0,213,25,11.49135208
1548,0,212.51,20571,-787.74,19570.75,-0.4999936528,12.42192955,20358.49,12.9219232,1.47,402.51,0,0,1,0,1000.25,212.51,0,213,26,11.49771452
1549,0,212.51,19751,-787.74,18750.75,-0.4999936528,11.90145985,19538.49,12.40145351,1.47,388.49,0,0,1,0,1000.25,212.51,0,213,27,11.50710988
1550,0,212.51,21643,-787.74,20642.75,-0.4999936528,13.10234846,21430.49,13.60234211,1.47,405.53,0,0,1,0,1000.25,212.51,0,213,28,11.51190996
1551,0,212.51,22161,-787.74,21160.75,-0.4999936528,13.43113297,21948.49,13.93112663,1.47,421.49,0,0,1,0,1000.25,212.51,0,213,29,11.51961017
1552,0,212.51,22081,-787.74,21080.75,-0.4999936528,13.38035544,21868.49,13.8803491,1.51,412.51,0,0,1,0,1000.25,212.51,0,213,30,11.5241425
1553,0,212.51,20743,-787.74,19742.75,-0.4999936528,12.53110124,20530.49,13.03109489,1.47,411.53,0,0,1,0,1000.25,212.51,0,213,31,11.53214145
1554,0,212.51,20750,-787.74,19749.75,-0.4999936528,12.53554427,20537.49,13.03553792,1.47,400.49,0,0,1,0,1000.25,212.51,0,213,32,11.53946877
1555,0,212.51,20811,-787.74,19810.75,-0.4999936528,12.57426214,20598.49,13.07425579,1.51,404.51,0,0,1,0,1000.25,212.51,0,213,33,11.5442369
1556,0,212.51,19825,-787.74,18824.75,-0.4999936528,11.94842907,19612.49,12.44842272,1.47,387.53,1,1,0,0,1000.25,212.51,0,213,34,11.55160022
1557,0,212.51,20049,-787.74,19048.75,-0.4999936528,12.09060616,19836.49,12.59059981,1.47,392.49,0,0,1,0,1000.25,212.51,0,213,35,11.56098032
1558,0,212.51,21080,-787.74,20079.75,-0.4999936528,12.74500159,20867.49,13.24499524,1.47,420.53,0,0,1,0,1000.25,212.51,0,213,36,11.56555915
1559,0,212.51,21582,-787.74,20581.75,-0.4999936528,13.06363059,21369.49,13.56362425,1.47,413.53,0,0,1,0,1000.25,212.51,0,213,37,11.57371902
1560,0,212.51,22897,-787.74,21896.75,-0.4999936528,13.89828626,22684.49,14.39827991,1.47,440.53,0,0,1,0,1000.25,212.51,0,213,38,11.58035183
1561,0,212.51,19720,-787.74,18719.75,-0.4999936528,11.88178356,19507.49,12.38177721,1.51,391.51,0,0,1,0,1000.25,212.51,0,213,39,11.58817053
1562,0,212.51,21224,-787.74,20223.75,-0.4999936528,12.83640114,21011.49,13.3363948,1.47,415.53,0,0,1,0,1000.25,212.51,0,213,40,11.59672022
1563,0,212.51,20240,-787.74,19239.75,-0.4999936528,12.21183751,20027.49,12.71183116,1.496666667,382.51,0,0,1,0,1000.25,212.51,0,213,41,11.60441399
1564,0,212.51,20155,-787.74,19154.75,-0.4999936528,12.15788639,19942.49,12.65788004,1.47,403.49,0,0,1,0,1000.25,212.51,0,213,42,11.61174655
1565,0,212.51,22762,-787.74,21761.75,-0.4999936528,13.81259917,22549.49,14.31259283,1.47,416.53,0,0,1,0,1000.25,212.51,0,213,43,11.61683941
1566,0,212.51,20418,-787.74,19417.75,-0.4999936528,12.32481752,20205.49,12.82481117,1.51,405.51,0,0,1,0,1000.25,212.51,0,213,44,11.62568259
1567,0,212.51,20693,-787.74,19692.75,-0.4999936528,12.49936528,20480.49,12.99935893,1.47,389.49,0,0,1,0,1000.25,212.51,0,213,45,11.63352895
1568,0,212.51,21723,-787.74,20722.75,-0.4999936528,13.15312599,21510.49,13.65311964,1.47,416.51,0,0,1,0,1000.25,212.51,0,213,46,11.6382618
1569,0,212.51,20219,-787.74,19218.75,-0.4999936528,12.19850841,20006.49,12.69850206,1.51,399.51,0,0,1,0,1000.25,212.51,0,213,47,11.64734483
1570,0,212.51,20468,-787.74,19467.75,-0.4999936528,12.35655348,20255.49,12.85654713,1.47,382.51,0,0,1,0,1000.25,212.51,0,213,48,11.65723348
1571,0,212.51,21863,-787.74,20862.75,-0.4999936528,13.24198667,21650.49,13.74198032,1.47,415.53,0,0,1,0,1000.25,212.51,0,213,49,11.66813827
1572,0,212.51,20539,-787.74,19538.75,-0.4999936528,12.40161853,20326.49,12.90161219,1.51,390.49,0,0,1,0,1000.25,212.51,0,213,0,11.67731142
1573,0,212.51,20945,-787.74,19944.75,-0.4999936528,12.6593145,20732.49,13.15930816,1.51,402.51,0,0,1,0,1000.25,212.51,0,213,1,11.68159652
1574,0,212.51,21448,-787.74,20447.75,-0.4999936528,12.97857823,21235.49,13.47857188,1.496666667,409.5033333,0,0,1,0,1000.25,212.51,0,213,2,11.69110537
1575,0,212.51,21138,-787.74,20137.75,-0.4999936528,12.7818153,20925.49,13.28180895,1.51,419.51,0,0,1,0,1000.25,212.51,0,213,3,11.7006259
1576,0,212.51,18914,-787.74,17913.75,-0.4999936528,11.37019994,18701.49,11.87019359,1.47,381.51,0,0,1,0,1000.25,212.51,0,213,4,11.71008825
1577,0,212.51,19263,-787.74,18262.75,-0.4999936528,11.59171692,19050.49,12.09171057,1.49,396.5033333,0,0,1,0,1000.25,212.51,0,213,5,11.71956182
1578,0,212.51,19981,-787.74,18980.75,-0.4999936528,12.04744526,19768.49,12.54743891,1.51,385.49,0,0,1,0,1000.25,212.51,0,213,6,11.72947621
1579,0,212.51,21792,-787.74,20791.75,-0.4999936528,13.19692161,21579.49,13.69691526,1.52,422.52,0,0,1,0,1000.25,212.51,0,213,7,11.73496222
1580,0,212.51,21068,-787.74,20067.75,-0.4999936528,12.73738496,20855.49,13.23737861,1.51,403.51,0,0,1,0,1000.25,212.51,0,213,8,11.74279571
1581,0,212.51,20309,-787.74,19308.75,-0.4999936528,12.25563313,20096.49,12.75562679,1.49,394.5033333,0,0,1,0,1000.25,212.51,0,213,9,11.75124502
1582,0,212.51,21502,-787.74,20501.75,-0.4999936528,13.01285306,21289.49,13.51284672,1.47,428.51,0,0,1,0,1000.25,212.51,0,213,10,11.75758982
1583,0,212.51,20980,-787.74,19979.75,-0.4999936528,12.68152967,20767.49,13.18152333,1.496666667,410.5166667,0,0,1,0,1000.25,212.51,0,213,11,11.76751995
1584,0,212.51,20203,-787.74,19202.75,-0.4999936528,12.1883529,19990.49,12.68834656,1.47,392.49,0,0,1,0,1000.25,212.51,0,213,12,11.77758908
1585,0,212.51,19762,-787.74,18761.75,-0.4999936528,11.90844176,19549.49,12.40843542,1.47,374.51,0,0,1,0,1000.25,212.51,0,213,13,11.78253031
1586,0,212.51,20361,-787.74,19360.75,-0.4999936528,12.28863853,20148.49,12.78863218,1.47,387.49,0,0,1,0,1000.25,212.51,0,213,14,11.79157233
1587,0,212.51,21198,-787.74,20197.75,-0.4999936528,12.81989844,20985.49,13.3198921,1.496666667,400.5166667,0,0,1,0,1000.25,212.51,0,213,15,11.79589128
1588,0,212.51,22028,-787.74,21027.75,-0.4999936528,13.34671533,21815.49,13.84670898,1.47,423.51,0,0,1,0,1000.25,212.51,0,213,16,11.80424523
1589,0,212.51,22255,-787.74,21254.75,-0.4999936528,13.49079657,22042.49,13.99079023,1.515,416.515,0,0,1,0,1000.25,212.51,0,213,17,11.81056404
1590,0,212.51,19445,-787.74,18444.75,-0.4999936528,11.7072358,19232.49,12.20722945,1.52,380.52,0,0,1,0,1000.25,212.51,0,213,18,11.81785393
1591,0,212.51,21347,-787.74,20346.75,-0.4999936528,12.9144716,21134.49,13.41446525,1.47,413.53,0,0,1,0,1000.25,212.51,0,213,19,11.82508373
1592,0,212.51,21193,-787.74,20192.75,-0.4999936528,12.81672485,20980.49,13.3167185,1.47,406.51,0,0,1,0,1000.25,212.51,0,213,20,11.83414674
1593,0,212.51,20990,-787.74,19989.75,-0.4999936528,12.68787686,20777.49,13.18787052,1.51,408.51,0,0,1,0,1000.25,212.51,0,213,21,11.84289718
1594,0,212.51,21781,-787.74,20780.75,-0.4999936528,13.1899397,21568.49,13.68993335,1.496666667,418.5033333,0,0,1,0,1000.25,212.51,0,213,22,11.85498166
1595,0,212.51,20310,-787.74,19309.75,-0.4999936528,12.25626785,20097.49,12.7562615,1.47,399.51,0,0,1,0,1000.25,212.51,0,213,23,11.86316323
1596,0,212.51,19306,-787.74,18305.75,-0.4999936528,11.61900984,19093.49,12.11900349,1.47,390.53,0,0,1,0,1000.25,212.51,0,213,24,11.8701179
1597,0,212.51,21192,-787.74,20191.75,-0.4999936528,12.81609013,20979.49,13.31608378,1.51,387.51,0,0,1,0,1000.25,212.51,0,213,25,11.87981963
1598,0,212.51,23102,-787.74,22101.75,-0.4999936528,14.02840368,22889.49,14.52839733,1.51,435.51,0,0,1,0,1000.25,212.51,0,213,26,11.88876319
1599,0,212.51,21799,-787.74,20798.75,-0.4999936528,13.20136465,21586.49,13.7013583,1.47,411.53,0,0,1,0,1000.25,212.51,0,213,27,11.8977828
1600,0,212.51,20346,-787.74,19345.75,-0.4999936528,12.27911774,20133.49,12.77911139,1.47,389.51,0,0,1,0,1000.25,212.51,0,213,28,11.90542912
1601,0,212.51,20184,-787.74,19183.75,-0.4999936528,12.17629324,19971.49,12.67628689,1.47,400.53,0,0,1,0,1000.25,212.51,0,213,29,11.91240168
1602,0,212.51,21073,-787.74,20072.75,-0.4999936528,12.74055855,20860.49,13.24055221,1.51,401.51,0,0,1,0,1000.25,212.51,0,213,30,11.92212439
1603,0,212.51,22754,-787.74,21753.75,-0.4999936528,13.80752142,22541.49,14.30751507,1.496666667,432.51,0,0,1,0,1000.25,212.51,0,213,31,11.92976427
1604,0,212.51,20462,-787.74,19461.75,-0.4999936528,12.35274516,20249.49,12.85273881,1.47,393.53,0,0,1,0,1000.25,212.51,0,213,32,11.93669486
1605,0,212.51,21261,-787.74,20260.75,-0.4999936528,12.85988575,21048.49,13.3598794,1.496666667,403.4966667,0,0,1,0,1000.25,212.51,0,213,33,11.94451165
1606,0,212.51,20394,-787.74,19393.75,-0.4999936528,12.30958426,20181.49,12.80957791,1.47,393.51,0,0,1,0,1000.25,212.51,0,213,34,11.94992995
1607,0,212.51,19166,-787.74,18165.75,-0.4999936528,11.53014916,18953.49,12.03014281,1.51,391.51,0,0,1,0,1000.25,212.51,0,213,35,11.95926309
1608,0,212.51,20780,-787.74,19779.75,-0.4999936528,12.55458585,20567.49,13.0545795,1.47,415.51,0,0,1,0,1000.25,212.51,0,213,36,11.96867466
1609,0,212.51,22247,-787.74,21246.75,-0.4999936528,13.48571882,22034.49,13.98571247,1.51,427.51,0,0,1,0,1000.25,212.51,0,213,37,11.97862077
1610,0,212.51,21784,-787.74,20783.75,-0.4999936528,13.19184386,21571.49,13.69183751,1.51,410.51,0,0,1,0,1000.25,212.51,0,213,38,11.99207735
1611,0,212.51,19758,-787.74,18757.75,-0.4999936528,11.90590289,19545.49,12.40589654,1.51,382.51,0,0,1,0,1000.25,212.51,0,213,39,11.99780607
1612,0,212.51,19786,-787.74,18785.75,-0.4999936528,11.92367502,19573.49,12.42366868,1.47,375.53,0,0,1,0,1000.25,212.51,0,213,40,12.00642061
1613,0,212.51,20925,-787.74,19924.75,-0.4999936528,12.64662012,20712.49,13.14661377,1.47,422.53,0,0,1,0,1000.25,212.51,0,213,41,12.01265168
1614,0,212.51,20892,-787.74,19891.75,-0.4999936528,12.62567439,20679.49,13.12566804,1.555,407.535,0,0,1,0,1000.25,212.51,0,213,42,12.01912856
1615,0,212.51,20090,-787.74,19089.75,-0.4999936528,12.11662964,19877.49,12.61662329,1.51,385.51,0,0,1,0,1000.25,212.51,0,213,43,12.02626586
1616,0,212.51,21174,-787.74,20173.75,-0.4999936528,12.80466519,20961.49,13.30465884,1.47,409.49,0,0,1,0,1000.25,212.51,0,213,44,12.03324747
1617,0,212.51,20263,-787.74,19262.75,-0.4999936528,12.22643605,20050.49,12.7264297,1.47,378.53,0,0,1,0,1000.25,212.51,0,213,45,12.03787374
1618,0,212.51,21292,-787.74,20291.75,-0.4999936528,12.87956204,21079.49,13.3795557,1.496666667,416.4966667,0,0,1,0,1000.25,212.51,0,213,46,12.04611754
1619,0,212.51,18991,-787.74,17990.75,-0.4999936528,11.41907331,18778.49,11.91906696,1.526190476,392.5138095,0,0,1,0,1000.25,212.51,0,213,47,12.0522728
1620,0,212.51,21491,-787.74,20490.75,-0.4999936528,13.00587115,21278.49,13.5058648,1.515,403.515,0,0,1,0,1000.25,212.51,0,213,48,12.06127667
1621,0,212.51,21794,-787.74,20793.75,-0.4999936528,13.19819105,21581.49,13.6981847,1.47,416.53,0,0,1,0,1000.25,212.51,0,213,49,12.06885552
1622,0,212.51,19503,-787.74,18502.75,-0.4999936528,11.74404951,19290.49,12.24404316,1.51,371.51,0,0,1,0,1000.25,212.51,0,213,0,12.07623172
1623,0,212.51,20483,-787.74,19482.75,-0.4999936528,12.36607426,20270.49,12.86606791,1.47,397.51,0,0,1,0,1000.25,212.51,0,213,1,12.08560085
1624,0,212.51,21954,-787.74,20953.75,-0.4999936528,13.29974611,21741.49,13.79973977,1.47,403.51,0,0,1,0,1000.25,212.51,0,213,2,12.09501314
1625,0,212.51,20089,-787.74,19088.75,-0.4999936528,12.11599492,19876.49,12.61598858,1.496666667,399.5166667,0,0,1,0,1000.25,212.51,0,213,3,12.10379267
1626,0,212.51,21499,-787.74,20498.75,-0.4999936528,13.01094891,21286.49,13.51094256,1.47,409.51,0,0,1,0,1000.25,212.51,0,213,4,12.11273789
1627,0,212.51,21632,-787.74,20631.75,-0.4999936528,13.09536655,21419.49,13.5953602,1.49,413.4966667,0,0,1,0,1000.25,212.51,0,213,5,12.12084627
1628,0,212.51,19960,-787.74,18959.75,-0.4999936528,12.03411615,19747.49,12.53410981,1.47,395.51,0,0,1,0,1000.25,212.51,0,213,6,12.12609982
1629,0,212.51,19900,-787.74,18899.75,-0.4999936528,11.99603301,19687.49,12.49602666,1.47,380.51,0,0,1,0,1000.25,212.51,0,213,7,12.13565063
1630,0,212.51,22644,-787.74,21643.75,-0.4999936528,13.73770232,22431.49,14.23769597,1.49,422.5033333,0,0,1,0,1000.25,212.51,0,213,8,12.14360261
1631,0,212.51,21904,-787.74,20903.75,-0.4999936528,13.26801016,21691.49,13.76800381,1.47,422.53,0,0,1,0,1000.25,212.51,0,213,9,12.15219688
1632,0,212.51,21922,-787.74,20921.75,-0.4999936528,13.2794351,21709.49,13.77942875,1.47,412.51,0,0,1,0,1000.25,212.51,0,213,10,12.15971017
1633,0,212.51,19624,-787.74,18623.75,-0.4999936528,11.82085052,19411.49,12.32084418,1.51,390.51,0,0,1,0,1000.25,212.51,0,213,11,12.16593409
1634,0,212.51,19570,-787.74,18569.75,-0.4999936528,11.78657569,19357.49,12.28656934,1.55,395.53,0,0,1,0,1000.25,212.51,0,213,12,12.17504239
1635,0,212.51,19192,-787.74,18191.75,-0.4999936528,11.54665186,18979.49,12.04664551,1.51,385.51,0,0,1,0,1000.25,212.51,0,213,13,12.18225312
1636,0,212.51,21577,-787.74,20576.75,-0.4999936528,13.060457,21364.49,13.56045065,1.47,399.51,0,0,1,0,1000.25,212.51,0,213,14,12.19188762
1637,0,212.51,19283,-787.74,18282.75,-0.4999936528,11.6044113,19070.49,12.10440495,1.47,381.51,0,0,1,0,1000.25,212.51,0,213,15,12.20046639
1638,0,212.51,20023,-787.74,19022.75,-0.4999936528,12.07410346,19810.49,12.57409711,1.47,381.51,0,0,1,0,1000.25,212.51,0,213,16,12.2095437
1639,0,212.51,20093,-787.74,19092.75,-0.4999936528,12.1185338,19880.49,12.61852745,1.51,412.51,0,0,1,0,1000.25,212.51,0,213,17,12.21800709
1640,0,212.51,20328,-787.74,19327.75,-0.4999936528,12.2676928,20115.49,12.76768645,1.51,418.51,0,0,1,0,1000.25,212.51,0,213,18,12.22710514
1641,0,212.51,21187,-787.74,20186.75,-0.4999936528,12.81291653,20974.49,13.31291019,1.49,400.4966667,0,0,1,0,1000.25,212.51,0,213,19,12.23555756
1642,0,212.51,18997,-787.74,17996.75,-0.4999936528,11.42288162,18784.49,11.92287528,1.47,367.51,0,0,1,0,1000.25,212.51,0,213,20,12.24072695
1643,0,212.51,21504,-787.74,20503.75,-0.4999936528,13.0141225,21291.49,13.51411615,1.51,398.51,0,0,1,0,1000.25,212.51,0,213,21,12.24689341
1644,0,212.51,22506,-787.74,21505.75,-0.4999936528,13.65011108,22293.49,14.15010473,1.51,434.51,0,0,1,0,1000.25,212.51,0,213,22,12.25562072
1645,0,212.51,21083,-787.74,20082.75,-0.4999936528,12.74690574,20870.49,13.2468994,1.47,411.51,0,0,1,0,1000.25,212.51,0,213,23,12.26430464
1646,0,212.51,19764,-787.74,18763.75,-0.4999936528,11.9097112,19551.49,12.40970486,1.51,404.51,0,0,1,0,1000.25,212.51,0,213,24,12.27426004
1647,0,212.51,20409,-787.74,19408.75,-0.4999936528,12.31910505,20196.49,12.8190987,1.51,392.49,0,0,1,0,1000.25,212.51,0,213,25,12.28371739
1648,0,212.51,21800,-787.74,20799.75,-0.4999936528,13.20199937,21587.49,13.70199302,1.47,419.53,0,0,1,0,1000.25,212.51,0,213,26,12.28834486
1649,0,212.51,19816,-787.74,18815.75,-0.4999936528,11.9427166,19603.49,12.44271025,1.496666667,395.51,0,0,1,0,1000.25,212.51,0,213,27,12.29555178
1650,0,212.51,21175,-787.74,20174.75,-0.4999936528,12.8052999,20962.49,13.30529356,1.47,415.53,0,0,1,0,1000.25,212.51,0,213,28,12.30417848
1651,0,212.51,22295,-787.74,21294.75,-0.4999936528,13.51618534,22082.49,14.01617899,1.51,425.51,0,0,1,0,1000.25,212.51,0,213,29,12.31196523
1652,0,212.51,19804,-787.74,18803.75,-0.4999936528,11.93509997,19591.49,12.43509362,1.51,403.51,0,0,1,0,1000.25,212.51,0,213,30,12.32053542
1653,0,212.51,22001,-787.74,21000.75,-0.4999936528,13.32957791,21788.49,13.82957156,1.47,414.49,0,0,1,0,1000.25,212.51,0,213,31,12.33022594
1654,0,212.51,20648,-787.74,19647.75,-0.4999936528,12.47080292,20435.49,12.97079657,1.52,411.5,0,0,1,0,1000.25,212.51,0,213,32,12.33466411
1655,0,212.51,19529,-787.74,18528.75,-0.4999936528,11.76055221,19316.49,12.26054586,1.51,375.51,0,0,1,0,1000.25,212.51,0,213,33,12.3403306
1656,0,212.51,21216,-787.74,20215.75,-0.4999936528,12.83132339,21003.49,13.33131704,1.51,415.49,0,0,1,0,1000.25,212.51,0,213,34,12.34903097
1657,0,212.51,21167,-787.74,20166.75,-0.4999936528,12.80022215,20954.49,13.3002158,1.51,389.51,0,0,1,0,1000.25,212.51,0,213,35,12.3535192
1658,0,212.51,20335,-787.74,19334.75,-0.4999936528,12.27213583,20122.49,12.77212948,1.51,400.51,1,1,0,0,1000.25,212.51,0,213,36,12.35994506
1659,0,212.51,20676,-787.74,19675.75,-0.4999936528,12.48857506,20463.49,12.98856871,1.47,396.49,0,0,1,0,1000.25,212.51,0,213,37,12.36636043
1660,0,212.51,18209,-787.74,17208.75,-0.4999936528,10.92272295,17996.49,11.4227166,1.51,371.51,0,0,1,0,1000.25,212.51,0,213,38,12.37080312
1661,0,212.51,21715,-787.74,20714.75,-0.4999936528,13.14804824,21502.49,13.64804189,1.47,422.51,0,0,1,0,1000.25,212.51,0,213,39,12.37925172
1662,0,212.51,19339,-787.74,18338.75,-0.4999936528,11.63995557,19126.49,12.13994922,1.47,371.47,0,0,1,0,1000.25,212.51,0,213,40,12.38674378
1663,0,212.51,20648,-787.74,19647.75,-0.4999936528,12.47080292,20435.49,12.97079657,1.47,394.49,0,0,1,0,1000.25,212.51,0,213,41,12.39109445
1664,0,212.51,21515,-787.74,20514.75,-0.4999936528,13.02110441,21302.49,13.52109806,1.51,418.49,0,0,1,0,1000.25,212.51,0,213,42,12.39585805
1665,0,212.51,21957,-787.74,20956.75,-0.4999936528,13.30165027,21744.49,13.80164392,1.47,421.49,0,0,1,0,1000.25,212.51,0,213,43,12.40113831
1666,0,212.51,19818,-787.74,18817.75,-0.4999936528,11.94398604,19605.49,12.44397969,1.47,390.53,0,0,1,0,1000.25,212.51,0,213,44,12.40608454
1667,0,212.51,19876,-787.74,18875.75,-0.4999936528,11.98079975,19663.49,12.4807934,1.496666667,398.49,0,0,1,0,1000.25,212.51,0,213,45,12.41509438
1668,0,212.51,20029,-787.74,19028.75,-0.4999936528,12.07791177,19816.49,12.57790543,1.51,381.51,0,0,1,0,1000.25,212.51,0,213,46,12.41955423
1669,0,212.51,20490,-787.74,19489.75,-0.4999936528,12.3705173,20277.49,12.87051095,1.51,382.51,0,0,1,0,1000.25,212.51,0,213,47,12.42858291
1670,0,212.51,19918,-787.74,18917.75,-0.4999936528,12.00745795,19705.49,12.5074516,1.51,386.49,0,0,1,0,1000.25,212.51,0,213,48,12.43836999
1671,0,212.51,20227,-787.74,19226.75,-0.4999936528,12.20358616,20014.49,12.70357982,1.51,393.51,0,0,1,0,1000.25,212.51,0,213,49,12.44264483
1672,0,212.51,20133,-787.74,19132.75,-0.4999936528,12.14392256,19920.49,12.64391622,1.51,400.51,0,0,1,0,1000.25,212.51,0,213,0,12.45181942
1673,0,212.51,21138,-787.74,20137.75,-0.4999936528,12.7818153,20925.49,13.28180895,1.47,406.51,0,0,1,0,1000.25,212.51,0,213,1,12.46157932
1674,0,212.51,20347,-787.74,19346.75,-0.4999936528,12.27975246,20134.49,12.77974611,1.51,411.49,0,0,1,0,1000.25,212.51,0,213,2,12.46907282
1675,0,212.51,22046,-787.74,21045.75,-0.4999936528,13.35814027,21833.49,13.85813393,1.51,435.51,0,0,1,0,1000.25,212.51,0,213,3,12.47340751
1676,0,212.51,19270,-787.74,18269.75,-0.4999936528,11.59615995,19057.49,12.0961536,1.47,382.53,0,0,1,0,1000.25,212.51,0,213,4,12.47967315
1677,0,212.51,21555,-787.74,20554.75,-0.4999936528,13.04649318,21342.49,13.54648683,1.51,412.51,0,0,1,0,1000.25,212.51,0,213,5,12.48654008
1678,0,212.51,18801,-787.74,17800.75,-0.4999936528,11.29847667,18588.49,11.79847033,1.47,377.51,0,0,1,0,1000.25,212.51,0,213,6,12.49556971
1679,0,212.51,22754,-787.74,21753.75,-0.4999936528,13.80752142,22541.49,14.30751507,1.51,424.51,0,0,1,0,1000.25,212.51,0,213,7,12.50206423
1680,0,212.51,21081,-787.74,20080.75,-0.4999936528,12.74563631,20868.49,13.24562996,1.47,407.51,0,0,1,0,1000.25,212.51,0,213,8,12.51080108
1681,0,212.51,21090,-787.74,20089.75,-0.4999936528,12.75134878,20877.49,13.25134243,1.51,400.51,0,0,1,0,1000.25,212.51,0,213,9,12.51993465
1682,0,212.51,21141,-787.74,20140.75,-0.4999936528,12.78371945,20928.49,13.28371311,1.47,386.53,0,0,1,0,1000.25,212.51,0,213,10,12.52943373
1683,0,212.51,19475,-787.74,18474.75,-0.4999936528,11.72627737,19262.49,12.22627103,1.496666667,380.5166667,0,0,1,0,1000.25,212.51,0,213,11,12.53619671
1684,0,212.51,19480,-787.74,18479.75,-0.4999936528,11.72945097,19267.49,12.22944462,1.47,387.49,0,0,1,0,1000.25,212.51,0,213,12,12.54553723
1685,0,212.51,20334,-787.74,19333.75,-0.4999936528,12.27150111,20121.49,12.77149476,1.47,412.49,0,0,1,0,1000.25,212.51,0,213,13,12.55037665
1686,0,212.51,19711,-787.74,18710.75,-0.4999936528,11.87607109,19498.49,12.37606474,1.51,383.51,0,0,1,0,1000.25,212.51,0,213,14,12.55545044
1687,0,212.51,21999,-787.74,20998.75,-0.4999936528,13.32830847,21786.49,13.82830213,1.51,416.51,0,0,1,0,1000.25,212.51,0,213,15,12.56184649
1688,0,212.51,18655,-787.74,17654.75,-0.4999936528,11.20580768,18442.49,11.70580133,1.52,371.52,0,0,1,0,1000.25,212.51,0,213,16,12.56785917
1689,0,212.51,21974,-787.74,20973.75,-0.4999936528,13.3124405,21761.49,13.81243415,1.47,411.53,0,0,1,0,1000.25,212.51,0,213,17,12.57535768
1690,0,212.51,20750,-787.74,19749.75,-0.4999936528,12.53554427,20537.49,13.03553792,1.47,401.51,0,0,1,0,1000.25,212.51,0,213,18,12.58160257
1691,0,212.51,19506,-787.74,18505.75,-0.4999936528,11.74595367,19293.49,12.24594732,1.49,383.4966667,0,0,1,0,1000.25,212.51,0,213,19,12.58790231
1692,0,212.51,20282,-787.74,19281.75,-0.4999936528,12.23849572,20069.49,12.73848937,1.47,389.51,0,0,1,0,1000.25,212.51,0,213,20,12.59303069
1693,0,212.51,21029,-787.74,20028.75,-0.4999936528,12.71263091,20816.49,13.21262456,1.51,410.51,0,0,1,0,1000.25,212.51,0,213,21,12.6019454
1694,0,212.51,22750,-787.74,21749.75,-0.4999936528,13.80498255,22537.49,14.3049762,1.51,434.51,0,0,1,0,1000.25,212.51,0,213,22,12.6082015
1695,0,212.51,18689,-787.74,17688.75,-0.4999936528,11.22738813,18476.49,11.72738178,1.51,357.49,0,0,1,0,1000.25,212.51,0,213,23,12.61745644
1696,0,212.51,21109,-787.74,20108.75,-0.4999936528,12.76340844,20896.49,13.26340209,1.47,415.49,0,0,1,0,1000.25,212.51,0,213,24,12.62192631
1697,0,212.51,20879,-787.74,19878.75,-0.4999936528,12.61742304,20666.49,13.11741669,1.47,404.53,0,0,1,0,1000.25,212.51,0,213,25,12.62669635
1698,0,212.51,21465,-787.74,20464.75,-0.4999936528,12.98936845,21252.49,13.48936211,1.47,407.51,0,0,1,0,1000.25,212.51,0,213,26,12.6354928
1699,0,212.51,19860,-787.74,18859.75,-0.4999936528,11.97064424,19647.49,12.47063789,1.47,397.51,0,0,1,0,1000.25,212.51,0,213,27,12.64448452
1700,0,212.51,20575,-787.74,19574.75,-0.4999936528,12.42446842,20362.49,12.92446208,1.51,396.51,0,0,1,0,1000.25,212.51,0,213,28,12.65362358
1701,0,212.51,20935,-787.74,19934.75,-0.4999936528,12.65296731,20722.49,13.15296096,1.51,406.51,0,0,1,0,1000.25,212.51,0,213,29,12.65986109
1702,0,212.51,20493,-787.74,19492.75,-0.4999936528,12.37242145,20280.49,12.87241511,1.51,400.51,0,0,1,0,1000.25,212.51,0,213,30,12.66851234
1703,0,212.51,20016,-787.74,19015.75,-0.4999936528,12.06966043,19803.49,12.56965408,1.51,405.51,0,0,1,0,1000.25,212.51,0,213,31,12.67601156
1704,0,212.51,21172,-787.74,20171.75,-0.4999936528,12.80339575,20959.49,13.3033894,1.47,406.53,0,0,1,0,1000.25,212.51,0,213,32,12.68549824
1705,0,212.51,21250,-787.74,20249.75,-0.4999936528,12.85290384,21037.49,13.35289749,1.496666667,408.5033333,0,0,1,0,1000.25,212.51,0,213,33,12.69514179
1706,0,212.51,20635,-787.74,19634.75,-0.4999936528,12.46255157,20422.49,12.96254522,1.47,386.49,0,0,1,0,1000.25,212.51,0,213,34,12.70286751
1707,0,212.51,20465,-787.74,19464.75,-0.4999936528,12.35464932,20252.49,12.85464297,1.47,393.53,0,0,1,0,1000.25,212.51,0,213,35,12.70765877
1708,0,212.51,19950,-787.74,18949.75,-0.4999936528,12.02776896,19737.49,12.52776262,1.51,406.51,0,0,1,0,1000.25,212.51,0,213,36,12.71396351
1709,0,212.51,22354,-787.74,21353.75,-0.4999936528,13.55363377,22141.49,14.05362742,1.47,419.51,0,0,1,0,1000.25,212.51,0,213,37,12.72199297
1710,0,212.51,20043,-787.74,19042.75,-0.4999936528,12.08679784,19830.49,12.58679149,1.51,380.51,0,0,1,0,1000.25,212.51,0,213,38,12.73145056
1711,0,212.51,22380,-787.74,21379.75,-0.4999936528,13.57013646,22167.49,14.07013012,1.47,422.51,0,0,1,0,1000.25,212.51,0,213,39,12.74146986
1712,0,212.51,21734,-787.74,20733.75,-0.4999936528,13.1601079,21521.49,13.66010156,1.47,421.49,0,0,1,0,1000.25,212.51,0,213,40,12.74952149
1713,0,212.51,20583,-787.74,19582.75,-0.4999936528,12.42954618,20370.49,12.92953983,1.47,404.53,0,0,1,0,1000.25,212.51,0,213,41,12.75410151
1714,0,212.51,22126,-787.74,21125.75,-0.4999936528,13.4089178,21913.49,13.90891146,1.496666667,422.49,0,0,1,0,1000.25,212.51,0,213,42,12.76248622
1715,0,212.51,20279,-787.74,19278.75,-0.4999936528,12.23659156,20066.49,12.73658521,1.51,378.51,0,0,1,0,1000.25,212.51,0,213,43,12.76712418
1716,0,212.51,20155,-787.74,19154.75,-0.4999936528,12.15788639,19942.49,12.65788004,1.51,381.49,0,0,1,0,1000.25,212.51,0,213,44,12.77691531
1717,0,212.51,20619,-787.74,19618.75,-0.4999936528,12.45239606,20406.49,12.95238972,1.47,413.53,0,0,1,0,1000.25,212.51,0,213,45,12.78232598
1718,0,212.51,19585,-787.74,18584.75,-0.4999936528,11.79609648,19372.49,12.29609013,1.47,397.51,0,0,1,0,1000.25,212.51,0,213,46,12.78955698
1719,0,212.51,21201,-787.74,20200.75,-0.4999936528,12.8218026,20988.49,13.32179626,1.496666667,406.51,0,0,1,0,1000.25,212.51,0,213,47,12.79885578
1720,0,212.51,19788,-787.74,18787.75,-0.4999936528,11.92494446,19575.49,12.42493811,1.47,383.51,0,0,1,0,1000.25,212.51,0,213,48,12.80609536
1721,0,212.51,19379,-787.74,18378.75,-0.4999936528,11.66534434,19166.49,12.16533799,1.51,376.51,0,0,1,0,1000.25,212.51,0,213,49,12.81262541
1722,0,212.51,21456,-787.74,20455.75,-0.4999936528,12.98365598,21243.49,13.48364964,1.47,419.51,0,0,1,0,1000.25,212.51,0,213,0,12.81960106
1723,0,212.51,18478,-787.74,17477.75,-0.4999936528,11.09346239,18265.49,11.59345605,1.505,365.505,0,0,1,0,1000.25,212.51,0,213,1,12.82901502
1724,0,212.51,21414,-787.74,20413.75,-0.4999936528,12.95699778,21201.49,13.45699143,1.47,414.51,0,0,1,0,1000.25,212.51,0,213,2,12.83614302
1725,0,212.51,17681,-787.74,16680.75,-0.4999936528,10.58759124,17468.49,11.08758489,1.52,363.52,0,0,1,0,1000.25,212.51,0,213,3,12.84532857
1726,0,212.51,20502,-787.74,19501.75,-0.4999936528,12.37813393,20289.49,12.87812758,1.51,409.51,0,0,1,0,1000.25,212.51,0,213,4,12.8527472
1727,0,212.51,20634,-787.74,19633.75,-0.4999936528,12.46191685,20421.49,12.9619105,1.51,408.49,0,0,1,0,1000.25,212.51,0,213,5,12.85891223
1728,0,212.51,22520,-787.74,21519.75,-0.4999936528,13.65899714,22307.49,14.1589908,1.47,418.51,0,0,1,0,1000.25,212.51,0,213,6,12.86349058
1729,0,212.51,22341,-787.74,21340.75,-0.4999936528,13.54538242,22128.49,14.04537607,1.47,409.49,0,0,1,0,1000.25,212.51,0,213,7,12.87206435
1730,0,212.51,20424,-787.74,19423.75,-0.4999936528,12.32862583,20211.49,12.82861949,1.52,391.5,0,0,1,0,1000.25,212.51,0,213,8,12.87632751
1731,0,212.51,20262,-787.74,19261.75,-0.4999936528,12.22580133,20049.49,12.72579499,1.47,380.49,0,0,1,0,1000.25,212.51,0,213,9,12.88225818
1732,0,212.51,21435,-787.74,20434.75,-0.4999936528,12.97032688,21222.49,13.47032053,1.47,418.47,0,0,1,0,1000.25,212.51,0,213,10,12.8869648
1733,0,212.51,19657,-787.74,18656.75,-0.4999936528,11.84179626,19444.49,12.34178991,1.47,386.51,0,0,1,0,1000.25,212.51,0,213,11,12.89208984
1734,0,212.51,19102,-787.74,18101.75,-0.4999936528,11.48952713,18889.49,11.98952079,1.47,382.51,0,0,1,0,1000.25,212.51,0,213,12,12.90125346
1735,0,212.51,21037,-787.74,20036.75,-0.4999936528,12.71770866,20824.49,13.21770232,1.47,398.49,0,0,1,0,1000.25,212.51,0,213,13,12.90862012
1736,0,212.51,19854,-787.74,18853.75,-0.4999936528,11.96683593,19641.49,12.46682958,1.51,378.51,0,0,1,0,1000.25,212.51,0,213,14,12.91344881
1737,0,212.51,20313,-787.74,19312.75,-0.4999936528,12.25817201,20100.49,12.75816566,1.51,391.51,0,0,1,0,1000.25,212.51,0,213,15,12.92237949
1738,0,212.51,20571,-787.74,19570.75,-0.4999936528,12.42192955,20358.49,12.9219232,1.47,397.51,0,0,1,0,1000.25,212.51,0,213,16,12.93063307
1739,0,212.51,20925,-787.74,19924.75,-0.4999936528,12.64662012,20712.49,13.14661377,1.47,395.53,0,0,1,0,1000.25,212.51,0,213,17,12.940588
1740,0,212.51,20515,-787.74,19514.75,-0.4999936528,12.38638527,20302.49,12.88637893,1.51,404.51,0,0,1,0,1000.25,212.51,0,213,18,12.94987535
1741,0,212.51,21040,-787.74,20039.75,-0.4999936528,12.71961282,20827.49,13.21960647,1.51,401.51,0,0,1,0,1000.25,212.51,0,213,19,12.96030235
1742,0,212.51,21050,-787.74,20049.75,-0.4999936528,12.72596001,20837.49,13.22595367,1.496666667,394.5166667,0,0,1,0,1000.25,212.51,0,213,20,12.96672392
1743,0,212.51,20565,-787.74,19564.75,-0.4999936528,12.41812123,20352.49,12.91811488,1.47,418.51,0,0,1,0,1000.25,212.51,0,213,21,12.97650051
1744,0,212.51,21320,-787.74,20319.75,-0.4999936528,12.89733418,21107.49,13.39732783,1.47,401.51,0,0,1,0,1000.25,212.51,0,213,22,12.9844892
1745,0,212.51,21095,-787.74,20094.75,-0.4999936528,12.75452237,20882.49,13.25451603,1.49,398.5033333,0,0,1,0,1000.25,212.51,0,213,23,12.99368525
1746,0,212.51,21778,-787.74,20777.75,-0.4999936528,13.18803554,21565.49,13.6880292,1.51,417.51,0,0,1,0,1000.25,212.51,0,213,24,13.00038075
1747,0,212.51,22195,-787.74,21194.75,-0.4999936528,13.45271342,21982.49,13.95270708,1.51,429.51,0,0,1,0,1000.25,212.51,0,213,25,13.00735021
1748,0,212.51,19193,-787.74,18192.75,-0.4999936528,11.54728658,18980.49,12.04728023,1.47,381.49,0,0,1,0,1000.25,212.51,0,213,26,13.01692367
1749,0,212.51,22066,-787.74,21065.75,-0.4999936528,13.37083466,21853.49,13.87082831,1.496666667,419.49,0,0,1,0,1000.25,212.51,0,213,27,13.02177048
1750,0,212.51,18847,-787.74,17846.75,-0.4999936528,11.32767375,18634.49,11.82766741,1.47,364.49,0,0,1,0,1000.25,212.51,0,213,28,13.02628231
1751,0,212.51,20297,-787.74,19296.75,-0.4999936528,12.2480165,20084.49,12.74801016,1.51,388.51,0,0,1,0,1000.25,212.51,0,213,29,13.0307436
1752,0,212.51,21020,-787.74,20019.75,-0.4999936528,12.70691844,20807.49,13.20691209,1.51,409.51,0,0,1,0,1000.25,212.51,0,213,30,13.03963566
1753,0,212.51,21754,-787.74,20753.75,-0.4999936528,13.17280228,21541.49,13.67279594,1.496666667,412.51,0,0,1,0,1000.25,212.51,0,213,31,13.04828215
1754,0,212.51,18666,-787.74,17665.75,-0.4999936528,11.21278959,18453.49,11.71278324,1.47,371.53,1,1,0,0,1000.25,212.51,0,213,32,13.05683184
1755,0,212.51,19175,-787.74,18174.75,-0.4999936528,11.53586163,18962.49,12.03585528,1.47,382.51,0,0,1,0,1000.25,212.51,0,213,33,13.06334114
1756,0,212.51,20044,-787.74,19043.75,-0.4999936528,12.08743256,19831.49,12.58742621,1.47,391.49,1,1,0,0,1000.25,212.51,0,213,34,13.07258296
1757,0,212.51,20725,-787.74,19724.75,-0.4999936528,12.51967629,20512.49,13.01966995,1.51,395.51,0,0,1,0,1000.25,212.51,0,213,35,13.07699299
1758,0,212.51,21278,-787.74,20277.75,-0.4999936528,12.87067598,21065.49,13.37066963,1.47,413.49,0,0,1,0,1000.25,212.51,0,213,36,13.0849998
1759,0,212.51,21061,-787.74,20060.75,-0.4999936528,12.73294192,20848.49,13.23293558,1.52,413.5,0,0,1,0,1000.25,212.51,0,213,37,13.09039402
1760,0,212.51,21368,-787.74,20367.75,-0.4999936528,12.9278007,21155.49,13.42779435,1.47,422.51,0,0,1,0,1000.25,212.51,0,213,38,13.09573627
1761,0,212.51,21614,-787.74,20613.75,-0.4999936528,13.08394161,21401.49,13.58393526,1.47,419.51,0,0,1,0,1000.25,212.51,0,213,39,13.10576105
1762,0,212.51,21558,-787.74,20557.75,-0.4999936528,13.04839733,21345.49,13.54839099,1.51,424.51,0,0,1,0,1000.25,212.51,0,213,40,13.11325693
1763,0,212.51,21320,-787.74,20319.75,-0.4999936528,12.89733418,21107.49,13.39732783,1.51,403.51,0,0,1,0,1000.25,212.51,0,213,41,13.12242699
1764,0,212.51,20735,-787.74,19734.75,-0.4999936528,12.52602348,20522.49,13.02601714,1.47,406.53,0,0,1,0,1000.25,212.51,0,213,42,13.13032055
1765,0,212.51,21920,-787.74,20919.75,-0.4999936528,13.27816566,21707.49,13.77815931,1.496666667,423.51,0,0,1,0,1000.25,212.51,0,213,43,13.13838243
1766,0,212.51,19302,-787.74,18301.75,-0.4999936528,11.61647096,19089.49,12.11646461,1.47,366.53,0,0,1,0,1000.25,212.51,0,213,44,13.14621544
1767,0,212.51,18027,-787.74,17026.75,-0.4999936528,10.80720406,17814.49,11.30719772,1.47,371.51,0,0,1,0,1000.25,212.51,0,213,45,13.15597844
1768,0,212.51,20647,-787.74,19646.75,-0.4999936528,12.4701682,20434.49,12.97016185,1.51,401.51,0,0,1,0,1000.25,212.51,0,213,46,13.16491985
1769,0,212.51,21164,-787.74,20163.75,-0.4999936528,12.79831799,20951.49,13.29831165,1.47,418.53,0,0,1,0,1000.25,212.51,0,213,47,13.17524862
1770,0,212.51,21689,-787.74,20688.75,-0.4999936528,13.13154554,21476.49,13.63153919,1.51,418.49,0,0,1,0,1000.25,212.51,0,213,48,13.18349385
1771,0,212.51,20344,-787.74,19343.75,-0.4999936528,12.2778483,20131.49,12.77784195,1.47,369.51,0,0,1,0,1000.25,212.51,0,213,49,13.18879342
1772,0,212.51,20667,-787.74,19666.75,-0.4999936528,12.48286258,20454.49,12.98285624,1.496666667,394.51,0,0,1,0,1000.25,212.51,0,213,0,13.19816804
1773,0,212.51,20331,-787.74,19330.75,-0.4999936528,12.26959695,20118.49,12.76959061,1.51,394.51,0,0,1,0,1000.25,212.51,0,213,1,13.20711231
1774,0,212.51,19797,-787.74,18796.75,-0.4999936528,11.93065693,19584.49,12.43065059,1.47,393.53,0,0,1,0,1000.25,212.51,0,213,2,13.21697497
1775,0,212.51,20138,-787.74,19137.75,-0.4999936528,12.14709616,19925.49,12.64708981,1.496666667,401.4966667,0,0,1,0,1000.25,212.51,0,213,3,13.22617602
1776,0,212.51,21347,-787.74,20346.75,-0.4999936528,12.9144716,21134.49,13.41446525,1.47,413.49,0,0,1,0,1000.25,212.51,0,213,4,13.2316153
1777,0,212.51,20648,-787.74,19647.75,-0.4999936528,12.47080292,20435.49,12.97079657,1.47,390.51,0,0,1,0,1000.25,212.51,0,213,5,13.23607445
1778,0,212.51,21020,-787.74,20019.75,-0.4999936528,12.70691844,20807.49,13.20691209,1.49,402.4966667,0,0,1,0,1000.25,212.51,0,213,6,13.24394965
1779,0,212.51,19443,-787.74,18442.75,-0.4999936528,11.70596636,19230.49,12.20596001,1.496666667,364.5033333,0,0,1,0,1000.25,212.51,0,213,7,13.24966407
1780,0,212.51,21266,-787.74,20265.75,-0.4999936528,12.86305935,21053.49,13.363053,1.51,410.51,0,0,1,0,1000.25,212.51,0,213,8,13.25840998
1781,0,212.51,21013,-787.74,20012.75,-0.4999936528,12.7024754,20800.49,13.20246906,1.51,402.51,0,0,1,0,1000.25,212.51,0,213,9,13.26584673
1782,0,212.51,19488,-787.74,18487.75,-0.4999936528,11.73452872,19275.49,12.23452237,1.496666667,373.4966667,0,0,1,0,1000.25,212.51,0,213,10,13.27235985
1783,0,212.51,19851,-787.74,18850.75,-0.4999936528,11.96493177,19638.49,12.46492542,1.52,403.52,0,0,1,0,1000.25,212.51,0,213,11,13.2778759
1784,0,212.51,21476,-787.74,20475.75,-0.4999936528,12.99635036,21263.49,13.49634402,1.47,413.53,0,0,1,0,1000.25,212.51,0,213,12,13.28588629
1785,0,212.51,20624,-787.74,19623.75,-0.4999936528,12.45556966,20411.49,12.95556331,1.51,390.51,0,0,1,0,1000.25,212.51,0,213,13,13.2948494
1786,0,212.51,21066,-787.74,20065.75,-0.4999936528,12.73611552,20853.49,13.23610917,1.51,405.49,0,0,1,0,1000.25,212.51,0,213,14,13.30214548
1787,0,212.51,20681,-787.74,19680.75,-0.4999936528,12.49174865,20468.49,12.9917423,1.47,407.49,0,0,1,0,1000.25,212.51,0,213,15,13.30741382
1788,0,212.51,20254,-787.74,19253.75,-0.4999936528,12.22072358,20041.49,12.72071723,1.47,408.53,0,0,1,0,1000.25,212.51,0,213,16,13.31225944
1789,0,212.51,21032,-787.74,20031.75,-0.4999936528,12.71453507,20819.49,13.21452872,1.52,412.5,0,0,1,0,1000.25,212.51,0,213,17,13.3222928
1790,0,212.51,20680,-787.74,19679.75,-0.4999936528,12.49111393,20467.49,12.99110758,1.47,403.49,0,0,1,0,1000.25,212.51,0,213,18,13.32785463
1791,0,212.51,21152,-787.74,20151.75,-0.4999936528,12.79070136,20939.49,13.29069502,1.47,415.51,0,0,1,0,1000.25,212.51,0,213,19,13.33244467
1792,0,212.51,21996,-787.74,20995.75,-0.4999936528,13.32640432,21783.49,13.82639797,1.47,413.51,0,0,1,0,1000.25,212.51,0,213,20,13.34207129
1793,0,212.51,20077,-787.74,19076.75,-0.4999936528,12.10837829,19864.49,12.60837195,1.47,393.53,0,0,1,0,1000.25,212.51,0,213,21,13.34919357
1794,0,212.51,19626,-787.74,18625.75,-0.4999936528,11.82211996,19413.49,12.32211361,1.496666667,386.51,0,0,1,0,1000.25,212.51,0,213,22,13.3586762
1795,0,212.51,21478,-787.74,20477.75,-0.4999936528,12.9976198,21265.49,13.49761346,1.52,421.5,0,0,1,0,1000.25,212.51,0,213,23,13.36706591
1796,0,212.51,20850,-787.74,19849.75,-0.4999936528,12.59901619,20637.49,13.09900984,1.47,396.51,0,0,1,0,1000.25,212.51,0,213,24,13.37258863
1797,0,212.51,21866,-787.74,20865.75,-0.4999936528,13.24389083,21653.49,13.74388448,1.49,403.51,0,0,1,0,1000.25,212.51,0,213,25,13.38157248
1798,0,212.51,21990,-787.74,20989.75,-0.4999936528,13.322596,21777.49,13.82258965,1.47,422.49,0,0,1,0,1000.25,212.51,0,213,26,13.38989806
1799,0,212.51,21188,-787.74,20187.75,-0.4999936528,12.81355125,20975.49,13.31354491,1.47,394.51,0,0,1,0,1000.25,212.51,0,213,27,13.39513826
1800,0,212.51,22305,-787.74,21304.75,-0.4999936528,13.52253253,22092.49,14.02252618,1.47,418.51,0,0,1,0,1000.25,212.51,0,213,28,13.40323281
1801,0,212.51,20750,-787.74,19749.75,-0.4999936528,12.53554427,20537.49,13.03553792,1.51,408.51,0,0,1,0,1000.25,212.51,0,213,29,13.41293168
1802,0,212.51,20375,-787.74,19374.75,-0.4999936528,12.2975246,20162.49,12.79751825,1.47,391.51,0,0,1,0,1000.25,212.51,0,213,30,13.42257023
1803,0,212.51,20489,-787.74,19488.75,-0.4999936528,12.36988258,20276.49,12.86987623,1.47,388.53,0,0,1,0,1000.25,212.51,0,213,31,13.43185306
1804,0,212.51,20568,-787.74,19567.75,-0.4999936528,12.42002539,20355.49,12.92001904,1.47,396.51,0,0,1,0,1000.25,212.51,0,213,32,13.4390347
1805,0,212.51,21002,-787.74,20001.75,-0.4999936528,12.69549349,20789.49,13.19548715,1.496666667,410.5033333,0,0,1,0,1000.25,212.51,0,213,33,13.44789124
1806,0,212.51,22220,-787.74,21219.75,-0.4999936528,13.4685814,22007.49,13.96857506,1.47,420.51,0,0,1,0,1000.25,212.51,0,213,34,13.45688081
1807,0,212.51,20066,-787.74,19065.75,-0.4999936528,12.10139638,19853.49,12.60139003,1.51,400.51,0,0,1,0,1000.25,212.51,0,213,35,13.46361279
1808,0,212.51,20390,-787.74,19389.75,-0.4999936528,12.30704538,20177.49,12.80703904,1.47,401.53,0,0,1,0,1000.25,212.51,0,213,36,13.47071981
1809,0,212.51,21307,-787.74,20306.75,-0.4999936528,12.88908283,21094.49,13.38907648,1.47,411.51,0,0,1,0,1000.25,212.51,0,213,37,13.47857475
1810,0,212.51,21711,-787.74,20710.75,-0.4999936528,13.14550936,21498.49,13.64550301,1.47,409.51,0,0,1,0,1000.25,212.51,0,213,38,13.4845953
1811,0,212.51,22026,-787.74,21025.75,-0.4999936528,13.34544589,21813.49,13.84543954,1.51,413.51,0,0,1,0,1000.25,212.51,0,213,39,13.49215174
1812,0,212.51,22696,-787.74,21695.75,-0.4999936528,13.77070771,22483.49,14.27070136,1.47,437.51,0,0,1,0,1000.25,212.51,0,213,40,13.49852347
1813,0,212.51,21615,-787.74,20614.75,-0.4999936528,13.08457632,21402.49,13.58456998,1.47,415.51,0,0,1,0,1000.25,212.51,0,213,41,13.50753045
1814,0,212.51,20876,-787.74,19875.75,-0.4999936528,12.61551888,20663.49,13.11551254,1.51,392.51,0,0,1,0,1000.25,212.51,0,213,42,13.51659417
1815,0,212.51,21380,-787.74,20379.75,-0.4999936528,12.93541733,21167.49,13.43541098,1.47,425.47,0,0,1,0,1000.25,212.51,0,213,43,13.52419591
1816,0,212.51,19331,-787.74,18330.75,-0.4999936528,11.63487782,19118.49,12.13487147,1.47,377.51,0,0,1,0,1000.25,212.51,0,213,44,13.52824235
1817,0,212.51,18614,-787.74,17613.75,-0.4999936528,11.1797842,18401.49,11.67977785,1.47,375.53,0,0,1,0,1000.25,212.51,0,213,45,13.53690219
1818,0,212.51,19842,-787.74,18841.75,-0.4999936528,11.9592193,19629.49,12.45921295,1.51,384.49,0,0,1,0,1000.25,212.51,0,213,46,13.54622984
1819,0,212.51,20605,-787.74,19604.75,-0.4999936528,12.44351,20392.49,12.94350365,1.47,401.51,0,0,1,0,1000.25,212.51,0,213,47,13.55064511
1820,0,212.51,20099,-787.74,19098.75,-0.4999936528,12.12234211,19886.49,12.62233577,1.51,399.51,0,0,1,0,1000.25,212.51,0,213,48,13.5603435
1821,0,212.51,20680,-787.74,19679.75,-0.4999936528,12.49111393,20467.49,12.99110758,1.47,401.51,0,0,1,0,1000.25,212.51,0,213,49,13.56678796
1822,0,212.51,20934,-787.74,19933.75,-0.4999936528,12.65233259,20721.49,13.15232625,1.52,398.5,0,0,1,0,1000.25,212.51,0,213,0,13.57282925
1823,0,212.51,19240,-787.74,18239.75,-0.4999936528,11.57711838,19027.49,12.07711203,1.47,364.51,0,0,1,0,1000.25,212.51,0,213,1,13.57820606
1824,0,212.51,18807,-787.74,17806.75,-0.4999936528,11.30228499,18594.49,11.80227864,1.47,366.51,0,0,1,0,1000.25,212.51,0,213,2,13.58708119
1825,0,212.51,21068,-787.74,20067.75,-0.4999936528,12.73738496,20855.49,13.23737861,1.49,398.51,0,0,1,0,1000.25,212.51,0,213,3,13.5961628
1826,0,212.51,21224,-787.74,20223.75,-0.4999936528,12.83640114,21011.49,13.3363948,1.47,412.49,0,0,1,0,1000.25,212.51,0,213,4,13.60307455
1827,0,212.51,21221,-787.74,20220.75,-0.4999936528,12.83449699,21008.49,13.33449064,1.47,405.51,0,0,1,0,1000.25,212.51,0,213,5,13.60748267
1828,0,212.51,20127,-787.74,19126.75,-0.4999936528,12.14011425,19914.49,12.6401079,1.51,391.51,0,0,1,0,1000.25,212.51,0,213,6,13.61640906
1829,0,212.51,22175,-787.74,21174.75,-0.4999936528,13.44001904,21962.49,13.94001269,1.47,412.49,0,0,1,0,1000.25,212.51,0,213,7,13.62627816
1830,0,212.51,20545,-787.74,19544.75,-0.4999936528,12.40542685,20332.49,12.9054205,1.51,389.51,0,0,1,0,1000.25,212.51,0,213,8,13.63068366
1831,0,212.51,21566,-787.74,20565.75,-0.4999936528,13.05347509,21353.49,13.55346874,1.47,403.53,0,0,1,0,1000.25,212.51,0,213,9,13.6398685
1832,0,212.51,21605,-787.74,20604.75,-0.4999936528,13.07822913,21392.49,13.57822279,1.47,417.49,0,0,1,0,1000.25,212.51,0,213,10,13.6470325
1833,0,212.51,21363,-787.74,20362.75,-0.4999936528,12.9246271,21150.49,13.42462076,1.47,424.51,0,0,1,0,1000.25,212.51,0,213,11,13.65189576
1834,0,212.51,19555,-787.74,18554.75,-0.4999936528,11.7770549,19342.49,12.27704856,1.496666667,383.51,0,0,1,0,1000.25,212.51,0,213,12,13.65825462
1835,0,212.51,20274,-787.74,19273.75,-0.4999936528,12.23341796,20061.49,12.73341162,1.47,393.53,0,0,1,0,1000.25,212.51,0,213,13,13.6650486
1836,0,212.51,20914,-787.74,19913.75,-0.4999936528,12.63963821,20701.49,13.13963186,1.47,407.51,0,0,1,0,1000.25,212.51,0,213,14,13.67303419
1837,0,212.51,20639,-787.74,19638.75,-0.4999936528,12.46509045,20426.49,12.9650841,1.51,399.51,0,0,1,0,1000.25,212.51,0,213,15,13.68028069
1838,0,212.51,20769,-787.74,19768.75,-0.4999936528,12.54760394,20556.49,13.04759759,1.47,417.51,0,0,1,0,1000.25,212.51,0,213,16,13.68962169
1839,0,212.51,17997,-787.74,16996.75,-0.4999936528,10.78816249,17784.49,11.28815614,1.47,359.49,0,0,1,0,1000.25,212.51,0,213,17,13.69851136
1840,0,212.51,20784,-787.74,19783.75,-0.4999936528,12.55712472,20571.49,13.05711838,1.47,394.51,0,0,1,0,1000.25,212.51,0,213,18,13.70316076
1841,0,212.51,20308,-787.74,19307.75,-0.4999936528,12.25499841,20095.49,12.75499207,1.47,406.53,0,0,1,0,1000.25,212.51,0,213,19,13.71223617
1842,0,212.51,19076,-787.74,18075.75,-0.4999936528,11.47302444,18863.49,11.97301809,1.55,383.55,0,0,1,0,1000.25,212.51,0,213,20,13.72132373
1843,0,212.51,20551,-787.74,19550.75,-0.4999936528,12.40923516,20338.49,12.90922882,1.51,388.51,0,0,1,0,1000.25,212.51,0,213,21,13.72864771
1844,0,212.51,20659,-787.74,19658.75,-0.4999936528,12.47778483,20446.49,12.97777848,1.51,405.51,0,0,1,0,1000.25,212.51,0,213,22,13.73770142
1845,0,212.51,21358,-787.74,20357.75,-0.4999936528,12.92145351,21145.49,13.42144716,1.51,406.51,0,0,1,0,1000.25,212.51,0,213,23,13.74487138
1846,0,212.51,19224,-787.74,18223.75,-0.4999936528,11.56696287,19011.49,12.06695652,1.47,391.49,0,0,1,0,1000.25,212.51,0,213,24,13.75403476
1847,0,212.51,19070,-787.74,18069.75,-0.4999936528,11.46921612,18857.49,11.96920977,1.47,362.53,0,0,1,0,1000.25,212.51,0,213,25,13.7585299
1848,0,212.51,22093,-787.74,21092.75,-0.4999936528,13.38797207,21880.49,13.88796573,1.496666667,427.49,0,0,1,0,1000.25,212.51,0,213,26,13.76535368
1849,0,212.51,20908,-787.74,19907.75,-0.4999936528,12.6358299,20695.49,13.13582355,1.47,410.53,0,0,1,0,1000.25,212.51,0,213,27,13.7697928
1850,0,212.51,19904,-787.74,18903.75,-0.4999936528,11.99857188,19691.49,12.49856553,1.513333333,396.5133333,0,0,1,0,1000.25,212.51,0,213,28,13.77933359
1851,0,212.51,21245,-787.74,20244.75,-0.4999936528,12.84973024,21032.49,13.3497239,1.47,414.51,0,0,1,0,1000.25,212.51,0,213,29,13.78708124
1852,0,212.51,20357,-787.74,19356.75,-0.4999936528,12.28609965,20144.49,12.7860933,1.47,393.51,0,0,1,0,1000.25,212.51,0,213,30,13.79363728
1853,0,212.51,19027,-787.74,18026.75,-0.4999936528,11.4419232,18814.49,11.94191685,1.496666667,396.5033333,0,0,1,0,1000.25,212.51,0,213,31,13.80245447
1854,0,212.51,20224,-787.74,19223.75,-0.4999936528,12.20168201,20011.49,12.70167566,1.51,378.51,0,0,1,0,1000.25,212.51,0,213,32,13.8089056
1855,0,212.51,20962,-787.74,19961.75,-0.4999936528,12.67010473,20749.49,13.17009838,1.51,407.51,0,0,1,0,1000.25,212.51,0,213,33,13.81631351
1856,0,212.51,21060,-787.74,20059.75,-0.4999936528,12.7323072,20847.49,13.23230086,1.47,407.49,0,0,1,0,1000.25,212.51,0,213,34,13.82602906
1857,0,212.51,20209,-787.74,19208.75,-0.4999936528,12.19216122,19996.49,12.69215487,1.47,401.51,0,0,1,0,1000.25,212.51,0,213,35,13.83085489
1858,0,212.51,19974,-787.74,18973.75,-0.4999936528,12.04300222,19761.49,12.54299587,1.47,394.53,0,0,1,0,1000.25,212.51,0,213,36,13.83743715
1859,0,212.51,20255,-787.74,19254.75,-0.4999936528,12.2213583,20042.49,12.72135195,1.51,389.51,0,0,1,0,1000.25,212.51,0,213,37,13.84683156
1860,0,212.51,21441,-787.74,20440.75,-0.4999936528,12.9741352,21228.49,13.47412885,1.51,413.51,0,0,1,0,1000.25,212.51,0,213,38,13.85582995
1861,0,212.51,18747,-787.74,17746.75,-0.4999936528,11.26420184,18534.49,11.76419549,1.47,371.49,0,0,1,0,1000.25,212.51,0,213,39,13.86546755
1862,0,212.51,20877,-787.74,19876.75,-0.4999936528,12.6161536,20664.49,13.11614725,1.52,400.52,0,0,1,0,1000.25,212.51,0,213,40,13.86979938
1863,0,212.51,21122,-787.74,20121.75,-0.4999936528,12.77165979,20909.49,13.27165344,1.47,411.51,0,0,1,0,1000.25,212.51,0,213,41,13.87742209
1864,0,212.51,20757,-787.74,19756.75,-0.4999936528,12.53998731,20544.49,13.03998096,1.49,382.5033333,0,0,1,0,1000.25,212.51,0,213,42,13.88409853
1865,0,212.51,19446,-787.74,18445.75,-0.4999936528,11.70787052,19233.49,12.20786417,1.51,400.51,0,0,1,0,1000.25,212.51,0,213,43,13.89186239
1866,0,212.51,18902,-787.74,17901.75,-0.4999936528,11.36258331,18689.49,11.86257696,1.47,382.49,0,0,1,0,1000.25,212.51,0,213,44,13.9014473
1867,0,212.51,19542,-787.74,18541.75,-0.4999936528,11.76880355,19329.49,12.26879721,1.47,394.51,0,0,1,0,1000.25,212.51,0,213,45,13.90645075
1868,0,212.51,19897,-787.74,18896.75,-0.4999936528,11.99412885,19684.49,12.4941225,1.51,388.5,0,0,1,0,1000.25,212.51,0,213,46,13.91539979
1869,0,212.51,20376,-787.74,19375.75,-0.4999936528,12.29815931,20163.49,12.79815297,1.47,389.51,0,0,1,0,1000.25,212.51,0,213,47,13.92160368
1870,0,212.51,21868,-787.74,20867.75,-0.4999936528,13.24516027,21655.49,13.74515392,1.51,416.51,0,0,1,0,1000.25,212.51,0,213,48,13.92936015
1871,0,212.51,20287,-787.74,19286.75,-0.4999936528,12.24166931,20074.49,12.74166296,1.47,384.51,0,0,1,0,1000.25,212.51,0,213,49,13.93992782
1872,0,212.51,20117,-787.74,19116.75,-0.4999936528,12.13376706,19904.49,12.63376071,1.47,391.51,0,0,1,0,1000.25,212.51,0,213,0,13.94780564
1873,0,212.51,21858,-787.74,20857.75,-0.4999936528,13.23881308,21645.49,13.73880673,1.47,413.51,0,0,1,0,1000.25,212.51,0,213,1,13.95726848
1874,0,212.51,19818,-787.74,18817.75,-0.4999936528,11.94398604,19605.49,12.44397969,1.47,399.51,0,0,1,0,1000.25,212.51,0,213,2,13.9636991
1875,0,212.51,20973,-787.74,19972.75,-0.4999936528,12.67708664,20760.49,13.17708029,1.555,398.545,0,0,1,0,1000.25,212.51,0,213,3,13.97346616
1876,0,212.51,20101,-787.74,19100.75,-0.4999936528,12.12361155,19888.49,12.6236052,1.47,394.51,0,0,1,0,1000.25,212.51,0,213,4,13.98188996
1877,0,212.51,21887,-787.74,20886.75,-0.4999936528,13.25721993,21674.49,13.75721358,1.55,411.55,0,0,1,0,1000.25,212.51,0,213,5,13.99104714
1878,0,212.51,20527,-787.74,19526.75,-0.4999936528,12.3940019,20314.49,12.89399556,1.51,413.51,0,0,1,0,1000.25,212.51,0,213,6,14.0002749
1879,0,212.51,20802,-787.74,19801.75,-0.4999936528,12.56854967,20589.49,13.06854332,1.47,412.51,0,0,1,0,1000.25,212.51,0,213,7,14.00740767
1880,0,212.51,21205,-787.74,20204.75,-0.4999936528,12.82434148,20992.49,13.32433513,1.49,413.4966667,0,0,1,0,1000.25,212.51,0,213,8,14.01695681
1881,0,212.51,21383,-787.74,20382.75,-0.4999936528,12.93732149,21170.49,13.43731514,1.47,397.49,0,0,1,0,1000.25,212.51,0,213,9,14.02222538
1882,0,212.51,21455,-787.74,20454.75,-0.4999936528,12.98302126,21242.49,13.48301492,1.52,438.52,0,0,1,0,1000.25,212.51,0,213,10,14.02705455
1883,0,212.51,20768,-787.74,19767.75,-0.4999936528,12.54696922,20555.49,13.04696287,1.47,404.53,0,0,1,0,1000.25,212.51,0,213,11,14.03439283
1884,0,212.51,20730,-787.74,19729.75,-0.4999936528,12.52284989,20517.49,13.02284354,1.51,410.51,0,0,1,0,1000.25,212.51,0,213,12,14.04302764
1885,0,212.51,19499,-787.74,18498.75,-0.4999936528,11.74151063,19286.49,12.24150428,1.51,396.51,0,0,1,0,1000.25,212.51,0,213,13,14.05026269
1886,0,212.51,21673,-787.74,20672.75,-0.4999936528,13.12139003,21460.49,13.62138369,1.47,414.51,0,0,1,0,1000.25,212.51,0,213,14,14.05705476
1887,0,212.51,19290,-787.74,18289.75,-0.4999936528,11.60885433,19077.49,12.10884798,1.51,362.49,0,0,1,0,1000.25,212.51,0,213,15,14.06331015
1888,0,212.51,19443,-787.74,18442.75,-0.4999936528,11.70596636,19230.49,12.20596001,1.47,382.51,0,0,1,0,1000.25,212.51,0,213,16,14.06781554
1889,0,212.51,19906,-787.74,18905.75,-0.4999936528,11.99984132,19693.49,12.49983497,1.47,385.51,0,0,1,0,1000.25,212.51,0,213,17,14.07694554
1890,0,212.51,19531,-787.74,18530.75,-0.4999936528,11.76182164,19318.49,12.2618153,1.47,381.53,0,0,1,0,1000.25,212.51,0,213,18,14.08486891
1891,0,212.51,20555,-787.74,19554.75,-0.4999936528,12.41177404,20342.49,12.91176769,1.47,398.51,0,0,1,0,1000.25,212.51,0,213,19,14.09216714
1892,0,212.51,20286,-787.74,19285.75,-0.4999936528,12.24103459,20073.49,12.74102825,1.47,386.51,0,0,1,0,1000.25,212.51,0,213,20,14.09896517
1893,0,212.51,21213,-787.74,20212.75,-0.4999936528,12.82941923,21000.49,13.32941288,1.49,406.5033333,0,0,1,0,1000.25,212.51,0,213,21,14.1054275
1894,0,212.51,21205,-787.74,20204.75,-0.4999936528,12.82434148,20992.49,13.32433513,1.47,400.49,0,0,1,0,1000.25,212.51,0,213,22,14.11351609
1895,0,212.51,20524,-787.74,19523.75,-0.4999936528,12.39209775,20311.49,12.8920914,1.47,408.53,0,0,1,0,1000.25,212.51,0,213,23,14.11868906
1896,0,212.51,20714,-787.74,19713.75,-0.4999936528,12.51269438,20501.49,13.01268804,1.496666667,407.5166667,0,0,1,0,1000.25,212.51,0,213,24,14.12655449
1897,0,212.51,20272,-787.74,19271.75,-0.4999936528,12.23214852,20059.49,12.73214218,1.47,381.51,0,0,1,0,1000.25,212.51,0,213,25,14.13671875
1898,0,212.51,19200,-787.74,18199.75,-0.4999936528,11.55172961,18987.49,12.05172326,1.505555556,367.5077778,0,0,1,0,1000.25,212.51,0,213,26,14.14752102
1899,0,212.51,20526,-787.74,19525.75,-0.4999936528,12.39336719,20313.49,12.89336084,1.51,387.51,0,0,1,0,1000.25,212.51,0,213,27,14.15604019
1900,0,212.51,19680,-787.74,18679.75,-0.4999936528,11.8563948,19467.49,12.35638845,1.47,375.53,0,0,1,0,1000.25,212.51,0,213,28,14.16334033
1901,0,212.51,20935,-787.74,19934.75,-0.4999936528,12.65296731,20722.49,13.15296096,1.51,396.49,0,0,1,0,1000.25,212.51,0,213,29,14.17253661
1902,0,212.51,20299,-787.74,19298.75,-0.4999936528,12.24928594,20086.49,12.74927959,1.51,386.51,0,0,1,0,1000.25,212.51,0,213,30,14.1768539
1903,0,212.51,21396,-787.74,20395.75,-0.4999936528,12.94557283,21183.49,13.44556649,1.47,417.51,0,0,1,0,1000.25,212.51,0,213,31,14.18440342
1904,0,212.51,22414,-787.74,21413.75,-0.4999936528,13.59171692,22201.49,14.09171057,1.496666667,424.5166667,0,0,1,0,1000.25,212.51,0,213,32,14.19204402
1905,0,212.51,20686,-787.74,19685.75,-0.4999936528,12.49492225,20473.49,12.9949159,1.47,397.51,0,0,1,0,1000.25,212.51,0,213,33,14.20218205
1906,0,212.51,21462,-787.74,20461.75,-0.4999936528,12.9874643,21249.49,13.48745795,1.51,407.51,0,0,1,0,1000.25,212.51,0,213,34,14.21117687
1907,0,212.51,22462,-787.74,21461.75,-0.4999936528,13.62218343,22249.49,14.12217709,1.496666667,407.5033333,0,0,1,0,1000.25,212.51,0,213,35,14.22006106
1908,0,212.51,19232,-787.74,18231.75,-0.4999936528,11.57204062,19019.49,12.07203427,1.47,372.51,0,0,1,0,1000.25,212.51,0,213,36,14.22876596
1909,0,212.51,22291,-787.74,21290.75,-0.4999936528,13.51364646,22078.49,14.01364011,1.51,426.49,0,0,1,0,1000.25,212.51,0,213,37,14.23598361
1910,0,212.51,21800,-787.74,20799.75,-0.4999936528,13.20199937,21587.49,13.70199302,1.47,409.53,0,0,1,0,1000.25,212.51,0,213,38,14.2410531
1911,0,212.51,21790,-787.74,20789.75,-0.4999936528,13.19565217,21577.49,13.69564583,1.51,412.49,0,0,1,0,1000.25,212.51,0,213,39,14.25026727
1912,0,212.51,20442,-787.74,19441.75,-0.4999936528,12.34005078,20229.49,12.84004443,1.51,408.49,0,0,1,0,1000.25,212.51,0,213,40,14.25446367
1913,0,212.51,21684,-787.74,20683.75,-0.4999936528,13.12837195,21471.49,13.6283656,1.47,421.51,0,0,1,0,1000.25,212.51,0,213,41,14.2588923
1914,0,212.51,19737,-787.74,18736.75,-0.4999936528,11.89257379,19524.49,12.39256744,1.47,397.49,0,0,1,0,1000.25,212.51,0,213,42,14.26633501
1915,0,212.51,20169,-787.74,19168.75,-0.4999936528,12.16677245,19956.49,12.66676611,1.51,393.49,0,0,1,0,1000.25,212.51,0,213,43,14.27072787
1916,0,212.51,21033,-787.74,20032.75,-0.4999936528,12.71516979,20820.49,13.21516344,1.51,414.49,0,0,1,0,1000.25,212.51,0,213,44,14.27523685
1917,0,212.51,20703,-787.74,19702.75,-0.4999936528,12.50571247,20490.49,13.00570613,1.51,401.51,0,0,1,0,1000.25,212.51,0,213,45,14.27995491
1918,0,212.51,20728,-787.74,19727.75,-0.4999936528,12.52158045,20515.49,13.0215741,1.47,394.53,0,0,1,0,1000.25,212.51,0,213,46,14.28655982
1919,0,212.51,19789,-787.74,18788.75,-0.4999936528,11.92557918,19576.49,12.42557283,1.51,395.49,0,0,1,0,1000.25,212.51,0,213,47,14.293957
1920,0,212.51,20339,-787.74,19338.75,-0.4999936528,12.27467471,20126.49,12.77466836,1.47,397.49,0,0,1,0,1000.25,212.51,0,213,48,14.29857159
1921,0,212.51,20282,-787.74,19281.75,-0.4999936528,12.23849572,20069.49,12.73848937,1.47,407.53,0,0,1,0,1000.25,212.51,0,213,49,14.30300641
1922,0,212.51,20473,-787.74,19472.75,-0.4999936528,12.35972707,20260.49,12.85972072,1.51,389.51,0,0,1,0,1000.25,212.51,0,213,0,14.31186986
1923,0,212.51,21629,-787.74,20628.75,-0.4999936528,13.09346239,21416.49,13.59345605,1.55,401.51,0,0,1,0,1000.25,212.51,0,213,1,14.31939769
1924,0,212.51,19753,-787.74,18752.75,-0.4999936528,11.90272929,19540.49,12.40272295,1.47,390.49,0,0,1,0,1000.25,212.51,0,213,2,14.32686782
1925,0,212.51,20452,-787.74,19451.75,-0.4999936528,12.34639797,20239.49,12.84639162,1.47,401.53,0,0,1,0,1000.25,212.51,0,213,3,14.33200192
1926,0,212.51,22299,-787.74,21298.75,-0.4999936528,13.51872421,22086.49,14.01871787,1.496666667,426.5033333,0,0,1,0,1000.25,212.51,0,213,4,14.33868051
1927,0,212.51,19950,-787.74,18949.75,-0.4999936528,12.02776896,19737.49,12.52776262,1.49,388.51,0,0,1,0,1000.25,212.51,0,213,5,14.34576964
1928,0,212.51,20877,-787.74,19876.75,-0.4999936528,12.6161536,20664.49,13.11614725,1.47,391.51,0,0,1,0,1000.25,212.51,0,213,6,14.3521986
1929,0,212.51,21825,-787.74,20824.75,-0.4999936528,13.21786734,21612.49,13.717861,1.51,419.51,0,0,1,0,1000.25,212.51,0,213,7,14.35830665
1930,0,212.51,22213,-787.74,21212.75,-0.4999936528,13.46413837,22000.49,13.96413202,1.47,419.51,0,0,1,0,1000.25,212.51,0,213,8,14.3649354
1931,0,212.51,21539,-787.74,20538.75,-0.4999936528,13.03633767,21326.49,13.53633132,1.47,417.49,0,0,1,0,1000.25,212.51,0,213,9,14.37149835
1932,0,212.51,20658,-787.74,19657.75,-0.4999936528,12.47715011,20445.49,12.97714376,1.51,402.51,0,0,1,0,1000.25,212.51,0,213,10,14.37587142
1933,0,212.51,21549,-787.74,20548.75,-0.4999936528,13.04268486,21336.49,13.54267851,1.47,408.51,0,0,1,0,1000.25,212.51,0,213,11,14.38341427
1934,0,212.51,20267,-787.74,19266.75,-0.4999936528,12.22897493,20054.49,12.72896858,1.506666667,381.5066667,0,0,1,0,1000.25,212.51,0,213,12,14.39261627
1935,0,212.51,20273,-787.74,19272.75,-0.4999936528,12.23278324,20060.49,12.7327769,1.51,414.49,0,0,1,0,1000.25,212.51,0,213,13,14.39953923
1936,0,212.51,20875,-787.74,19874.75,-0.4999936528,12.61488416,20662.49,13.11487782,1.51,400.51,0,0,1,0,1000.25,212.51,0,213,14,14.40415788
1937,0,212.51,19818,-787.74,18817.75,-0.4999936528,11.94398604,19605.49,12.44397969,1.55,372.53,0,0,1,0,1000.25,212.51,0,213,15,14.41320896
1938,0,212.51,20637,-787.74,19636.75,-0.4999936528,12.46382101,20424.49,12.96381466,1.47,401.53,0,0,1,0,1000.25,212.51,0,213,16,14.42021871
1939,0,212.51,20565,-787.74,19564.75,-0.4999936528,12.41812123,20352.49,12.91811488,1.496666667,401.51,0,0,1,0,1000.25,212.51,0,213,17,14.42663503
1940,0,212.51,21482,-787.74,20481.75,-0.4999936528,13.00015868,21269.49,13.50015233,1.51,411.51,0,0,1,0,1000.25,212.51,0,213,18,14.43400931
1941,0,212.51,22205,-787.74,21204.75,-0.4999936528,13.45906062,21992.49,13.95905427,1.47,415.47,0,0,1,0,1000.25,212.51,0,213,19,14.44076204
1942,0,212.51,21602,-787.74,20601.75,-0.4999936528,13.07632498,21389.49,13.57631863,1.47,405.47,0,0,1,0,1000.25,212.51,0,213,20,14.4453733
1943,0,212.51,22073,-787.74,21072.75,-0.4999936528,13.37527769,21860.49,13.87527134,1.47,422.51,0,0,1,0,1000.25,212.51,0,213,21,14.44954944
1944,0,212.51,21151,-787.74,20150.75,-0.4999936528,12.79006665,20938.49,13.2900603,1.51,395.51,0,0,1,0,1000.25,212.51,0,213,22,14.45881295
1945,0,212.51,20835,-787.74,19834.75,-0.4999936528,12.5894954,20622.49,13.08948905,1.51,408.49,0,0,1,0,1000.25,212.51,0,213,23,14.46807981
1946,0,212.51,19997,-787.74,18996.75,-0.4999936528,12.05760076,19784.49,12.55759441,1.47,388.53,0,0,1,0,1000.25,212.51,0,213,24,14.47276402
1947,0,212.51,17529,-787.74,16528.75,-0.4999936528,10.49111393,17316.49,10.99110758,1.51,355.51,0,0,1,0,1000.25,212.51,0,213,25,14.47971272
1948,0,212.51,21483,-787.74,20482.75,-0.4999936528,13.0007934,21270.49,13.50078705,1.51,413.51,0,0,1,0,1000.25,212.51,0,213,26,14.48855639
1949,0,212.51,20028,-787.74,19027.75,-0.4999936528,12.07727705,19815.49,12.57727071,1.51,401.51,0,0,1,0,1000.25,212.51,0,213,27,14.49767423
1950,0,212.51,20172,-787.74,19171.75,-0.4999936528,12.16867661,19959.49,12.66867026,1.47,395.53,0,0,1,0,1000.25,212.51,0,213,28,14.50564027
1951,0,212.51,22892,-787.74,21891.75,-0.4999936528,13.89511266,22679.49,14.39510632,1.47,433.53,0,0,1,0,1000.25,212.51,0,213,29,14.51548934
1952,0,212.51,20359,-787.74,19358.75,-0.4999936528,12.28736909,20146.49,12.78736274,1.496666667,399.51,0,0,1,0,1000.25,212.51,0,213,30,14.52384639
1953,0,212.51,20768,-787.74,19767.75,-0.4999936528,12.54696922,20555.49,13.04696287,1.51,386.49,0,0,1,0,1000.25,212.51,0,213,31,14.5310092
1954,0,212.51,20350,-787.74,19349.75,-0.4999936528,12.28165662,20137.49,12.78165027,1.51,374.51,0,0,1,0,1000.25,212.51,0,213,32,14.5357821
1955,0,212.51,21391,-787.74,20390.75,-0.4999936528,12.94239924,21178.49,13.44239289,1.47,400.51,0,0,1,0,1000.25,212.51,0,213,33,14.5453496
1956,0,212.51,20920,-787.74,19919.75,-0.4999936528,12.64344652,20707.49,13.14344018,1.51,405.49,0,0,1,0,1000.25,212.51,0,213,34,14.55161405
1957,0,212.51,21772,-787.74,20771.75,-0.4999936528,13.18422723,21559.49,13.68422088,1.51,398.51,0,0,1,0,1000.25,212.51,0,213,35,14.55593443
1958,0,212.51,20851,-787.74,19850.75,-0.4999936528,12.5996509,20638.49,13.09964456,1.47,391.49,0,0,1,0,1000.25,212.51,0,213,36,14.56503296
1959,0,212.51,22530,-787.74,21529.75,-0.4999936528,13.66534434,22317.49,14.16533799,1.51,415.49,0,0,1,0,1000.25,212.51,0,213,37,14.56950378
1960,0,212.51,17933,-787.74,16932.75,-0.4999936528,10.74754046,17720.49,11.24753412,1.47,362.49,0,0,1,0,1000.25,212.51,0,213,38,14.57420111
1961,0,212.51,22659,-787.74,21658.75,-0.4999936528,13.7472231,22446.49,14.24721676,1.47,417.51,0,0,1,0,1000.25,212.51,0,213,39,14.57894588
1962,0,212.51,19998,-787.74,18997.75,-0.4999936528,12.05823548,19785.49,12.55822913,1.51,383.49,0,0,1,0,1000.25,212.51,0,213,40,14.58749747
1963,0,212.51,19656,-787.74,18655.75,-0.4999936528,11.84116154,19443.49,12.34115519,1.47,385.51,0,0,1,0,1000.25,212.51,0,213,41,14.5924294
1964,0,212.51,20129,-787.74,19128.75,-0.4999936528,12.14138369,19916.49,12.64137734,1.47,376.53,0,0,1,0,1000.25,212.51,0,213,42,14.60101962
1965,0,212.51,20099,-787.74,19098.75,-0.4999936528,12.12234211,19886.49,12.62233577,1.51,406.51,0,0,1,0,1000.25,212.51,0,213,43,14.60967755
1966,0,212.51,19807,-787.74,18806.75,-0.4999936528,11.93700413,19594.49,12.43699778,1.515,392.505,0,0,1,0,1000.25,212.51,0,213,44,14.61735249
1967,0,212.51,20542,-787.74,19541.75,-0.4999936528,12.40352269,20329.49,12.90351634,1.518,398.506,0,0,1,0,1000.25,212.51,0,213,45,14.62693238
1968,0,212.51,21911,-787.74,20910.75,-0.4999936528,13.27245319,21698.49,13.77244684,1.47,423.51,0,0,1,0,1000.25,212.51,0,213,46,14.63535094
1969,0,212.51,21413,-787.74,20412.75,-0.4999936528,12.95636306,21200.49,13.45635671,1.47,402.51,0,0,1,0,1000.25,212.51,0,213,47,14.64245915
1970,0,212.51,18175,-787.74,17174.75,-0.4999936528,10.90114249,17962.49,11.40113615,1.51,371.51,0,0,1,0,1000.25,212.51,0,213,48,14.65213156
1971,0,212.51,20010,-787.74,19009.75,-0.4999936528,12.06585211,19797.49,12.56584576,1.47,403.53,0,0,1,0,1000.25,212.51,0,213,49,14.65937352
1972,0,212.51,21937,-787.74,20936.75,-0.4999936528,13.28895589,21724.49,13.78894954,1.47,427.53,0,0,1,0,1000.25,212.51,0,213,0,14.66710138
1973,0,212.51,19864,-787.74,18863.75,-0.4999936528,11.97318312,19651.49,12.47317677,1.51,388.51,0,0,1,0,1000.25,212.51,0,213,1,14.67450643
1974,0,212.51,19420,-787.74,18419.75,-0.4999936528,11.69136782,19207.49,12.19136147,1.51,372.49,0,0,1,0,1000.25,212.51,0,213,2,14.6808455
1975,0,212.51,20055,-787.74,19054.75,-0.4999936528,12.09441447,19842.49,12.59440812,1.47,390.51,0,0,1,0,1000.25,212.51,0,213,3,14.68576622
1976,0,212.51,21148,-787.74,20147.75,-0.4999936528,12.78816249,20935.49,13.28815614,1.51,424.51,0,0,1,0,1000.25,212.51,0,213,4,14.69484591
1977,0,212.51,19787,-787.74,18786.75,-0.4999936528,11.92430974,19574.49,12.4243034,1.47,385.51,0,0,1,0,1000.25,212.51,0,213,5,14.70260262
1978,0,212.51,21461,-787.74,20460.75,-0.4999936528,12.98682958,21248.49,13.48682323,1.51,405.49,0,0,1,0,1000.25,212.51,0,213,6,14.70918417
1979,0,212.51,20166,-787.74,19165.75,-0.4999936528,12.1648683,19953.49,12.66486195,1.47,397.49,0,0,1,0,1000.25,212.51,0,213,7,14.71434593
1980,0,212.51,22683,-787.74,21682.75,-0.4999936528,13.76245636,22470.49,14.26245002,1.51,436.51,0,0,1,0,1000.25,212.51,0,213,8,14.71856236
1981,0,212.51,21186,-787.74,20185.75,-0.4999936528,12.81228182,20973.49,13.31227547,1.47,407.51,0,0,1,0,1000.25,212.51,0,213,9,14.72475171
1982,0,212.51,20333,-787.74,19332.75,-0.4999936528,12.27086639,20120.49,12.77086004,1.49,397.4966667,0,0,1,0,1000.25,212.51,0,213,10,14.73403883
1983,0,212.51,19171,-787.74,18170.75,-0.4999936528,11.53332275,18958.49,12.03331641,1.47,371.51,0,0,1,0,1000.25,212.51,0,213,11,14.73949337
1984,0,212.51,19769,-787.74,18768.75,-0.4999936528,11.9128848,19556.49,12.41287845,1.47,387.51,0,0,1,0,1000.25,212.51,0,213,12,14.74590874
1985,0,212.51,20846,-787.74,19845.75,-0.4999936528,12.59647731,20633.49,13.09647096,1.51,419.49,0,0,1,0,1000.25,212.51,0,213,13,14.75556493
1986,0,212.51,20379,-787.74,19378.75,-0.4999936528,12.30006347,20166.49,12.80005712,1.47,407.49,0,0,1,0,1000.25,212.51,0,213,14,14.76004076
1987,0,212.51,19641,-787.74,18640.75,-0.4999936528,11.83164075,19428.49,12.3316344,1.496666667,391.5166667,0,0,1,0,1000.25,212.51,0,213,15,14.76451898
1988,0,212.51,19226,-787.74,18225.75,-0.4999936528,11.56823231,19013.49,12.06822596,1.47,383.51,0,0,1,0,1000.25,212.51,0,213,16,14.77258873
1989,0,212.51,21460,-787.74,20459.75,-0.4999936528,12.98619486,21247.49,13.48618851,1.51,407.51,0,0,1,0,1000.25,212.51,0,213,17,14.7818296
1990,0,212.51,19656,-787.74,18655.75,-0.4999936528,11.84116154,19443.49,12.34115519,1.47,371.53,0,0,1,0,1000.25,212.51,0,213,18,14.78849387
1991,0,212.51,20978,-787.74,19977.75,-0.4999936528,12.68026023,20765.49,13.18025389,1.47,393.49,0,0,1,0,1000.25,212.51,0,213,19,14.79686928
1992,0,212.51,22106,-787.74,21105.75,-0.4999936528,13.39622342,21893.49,13.89621707,1.47,424.51,0,0,1,0,1000.25,212.51,0,213,20,14.80204105
1993,0,212.51,19852,-787.74,18851.75,-0.4999936528,11.96556649,19639.49,12.46556014,1.496666667,391.51,0,0,1,0,1000.25,212.51,0,213,21,14.81090713
1994,0,212.51,21447,-787.74,20446.75,-0.4999936528,12.97794351,21234.49,13.47793716,1.47,412.47,0,0,1,0,1000.25,212.51,0,213,22,14.8201468
1995,0,212.51,20345,-787.74,19344.75,-0.4999936528,12.27848302,20132.49,12.77847667,1.47,393.51,0,0,1,0,1000.25,212.51,0,213,23,14.825454
1996,0,212.51,19448,-787.74,18447.75,-0.4999936528,11.70913996,19235.49,12.20913361,1.49,368.4966667,0,0,1,0,1000.25,212.51,0,213,24,14.83489203
1997,0,212.51,18966,-787.74,17965.75,-0.4999936528,11.40320533,18753.49,11.90319898,1.47,376.51,0,0,1,0,1000.25,212.51,0,213,25,14.84028125
1998,0,212.51,19123,-787.74,18122.75,-0.4999936528,11.50285624,18910.49,12.00284989,1.47,385.47,0,0,1,0,1000.25,212.51,0,213,26,14.84950352
1999,0,212.51,21250,-787.74,20249.75,-0.4999936528,12.85290384,21037.49,13.35289749,1.47,387.53,0,0,1,0,1000.25,212.51,0,213,27,14.85395527
