it,alpha,cz_lp,cz_round,d_lp,d_round,d_lp_n,d_round_n,delta,delta_n,frac,dist,viol_max,viol_sum,feas,improving,ub,ub_eff,ub_free,z_best,stall,t
0,0,133.1396011,103,-96.21509972,-126.3547009,-0.25,-0.3283130746,-30.13960114,-0.07831307463,15.97150997,15.97150997,1,26,0,0,229.3547009,0,1,0,0,0.0001590251923
1,0,229.3547009,174,0,-55.35470085,0,-0.1438305968,-55.35470085,-0.1438305968,5.886973587,5.886973587,1,13,0,0,229.3547009,229.3547009,0,0,1,0.006920099258
2,0,229.3547009,186,0,-43.35470085,0,-0.1126504597,-43.35470085,-0.1126504597,3.541872501,3.541872501,1,4,0,0,229.3547009,229.3547009,0,0,2,0.01054692268
3,0,229.3547009,227,0,-2.354700855,0,-0.006118324623,-2.354700855,-0.006118324623,0.07135457135,0.07135457135,0,0,1,1,229.3547009,229.3547009,0,227,0,0.01348733902
4,0,227,231,-2.354700855,1.645299145,-0.006118324623,0.00427505441,4,0.01039337903,0,18,1,17,0,0,229.3547009,229.3547009,0,227,1,0.01601338387
5,0,229.3547009,242,0,12.64529915,0,0.03285684675,12.64529915,0.03285684675,4.140009996,4.140009996,1,4,0,0,229.3547009,229.3547009,0,227,2,0.01859855652
6,0,229.3547009,246,0,16.64529915,0,0.04325022578,16.64529915,0.04325022578,2.951625333,2.951625333,1,2,0,0,229.3547009,229.3547009,0,227,3,0.02106547356
7,0,229.3547009,251,0,21.64529915,0,0.05624194957,21.64529915,0.05624194957,2.129045818,2.129045818,0,0,1,0,229.3547009,229.3547009,0,227,4,0.02324795723
8,0,229.3547009,208,0,-21.35470085,0,-0.05548687503,-21.35470085,-0.05548687503,1.48986285,1.48986285,0,0,1,1,229.3547009,229.3547009,0,208,0,0.0253777504
9,0,208,196,-21.35470085,-33.35470085,-0.05548687503,-0.08666701213,-12,-0.0311801371,0,23,1,17,0,0,229.3547009,229.3547009,0,208,1,0.02772831917
10,0,229.3547009,205,0,-24.35470085,0,-0.0632819093,-24.35470085,-0.0632819093,1.328438228,1.328438228,0,0,1,1,229.3547009,229.3547009,0,205,0,0.03007674217
11,0,205,199,-24.35470085,-30.35470085,-0.0632819093,-0.07887197785,-6,-0.01559006855,0,23,1,15,0,0,229.3547009,229.3547009,0,205,1,0.03256750107
12,0,229.3547009,227,0,-2.354700855,0,-0.006118324623,-2.354700855,-0.006118324623,0.2077677225,0.2077677225,0,0,1,0,229.3547009,229.3547009,0,205,2,0.03508138657
13,0,227,223,-2.354700855,-6.354700855,-0.006118324623,-0.01651170366,-4,-0.01039337903,0,16,1,4,0,0,229.3547009,229.3547009,0,205,3,0.03756666183
14,0,229.3547009,225,0,-4.354700855,0,-0.01131501414,-4.354700855,-0.01131501414,0.1707725825,0.1707725825,0,0,1,0,229.3547009,229.3547009,0,205,4,0.03956365585
15,0,225,225,-4.354700855,-4.354700855,-0.01131501414,-0.01131501414,0,0,0,18,1,8,0,0,229.3547009,229.3547009,0,205,5,0.04207372665
16,0,227,227,-2.354700855,-2.354700855,-0.006118324623,-0.006118324623,0,0,0,0,0,0,1,0,229.3547009,229.3547009,0,205,6,0.04407763481
17,0,227,221,-2.354700855,-8.354700855,-0.006118324623,-0.02170839317,-6,-0.01559006855,0,21,1,8,0,0,229.3547009,229.3547009,0,205,7,0.04623436928
18,0,229.3547009,227,0,-2.354700855,0,-0.006118324623,-2.354700855,-0.006118324623,0.1284382284,0.1284382284,0,0,1,0,229.3547009,229.3547009,0,205,8,0.0483379364
19,0,227,223,-2.354700855,-6.354700855,-0.006118324623,-0.01651170366,-4,-0.01039337903,0,10,1,9,0,0,229.3547009,229.3547009,0,205,9,0.05061554909
20,0,229.3547009,227,0,-2.354700855,0,-0.006118324623,-2.354700855,-0.006118324623,0.181130835,0.181130835,0,0,1,0,229.3547009,229.3547009,0,205,10,0.05274391174
21,0,227,226,-2.354700855,-3.354700855,-0.006118324623,-0.008716669381,-1,-0.002598344758,0,11,1,3,0,0,229.3547009,229.3547009,0,205,11,0.05530428886
22,0,229.3547009,228,0,-1.354700855,0,-0.003519979865,-1.354700855,-0.003519979865,0.0787616776,0.0787616776,0,0,1,0,229.3547009,229.3547009,0,205,12,0.05728960037
23,0,228,224,-1.354700855,-5.354700855,-0.003519979865,-0.0139133589,-4,-0.01039337903,0,23,1,14,0,0,229.3547009,229.3547009,0,205,13,0.05964374542
24,0,229.3547009,230,0,0.6452991453,0,0.001676709652,0.6452991453,0.001676709652,0.1229141229,0.1229141229,0,0,1,0,229.3547009,229.3547009,0,205,14,0.06197404861
25,0,229.3547009,2402,0,2172.645299,0,5.645281524,2172.645299,5.645281524,0.07591754651,23.92408245,0,0,1,0,229.3547009,229.3547009,0,205,15,0.06414031982
26,0,229.3547009,213,0,-16.35470085,0,-0.04249515124,-16.35470085,-0.04249515124,0.1651989985,0.1651989985,0,0,1,0,229.3547009,229.3547009,0,205,16,0.06634283066
27,0,213,203,-16.35470085,-26.35470085,-0.04249515124,-0.06847859882,-10,-0.02598344758,0,25,1,14,0,0,229.3547009,229.3547009,0,205,17,0.06834626198
28,0,229.3547009,231,0,1.645299145,0,0.00427505441,1.645299145,0.00427505441,0.2597840756,0.2597840756,0,0,1,0,229.3547009,229.3547009,0,205,18,0.0708231926
29,0,229.3547009,1687,0,1457.645299,0,3.787465022,1457.645299,3.787465022,0.2109357879,19.78906421,0,0,1,0,229.3547009,229.3547009,0,205,19,0.0731856823
30,0,229.3547009,192,0,-37.35470085,0,-0.09706039116,-37.35470085,-0.09706039116,0.3773202107,0.3773202107,0,0,1,1,229.3547009,229.3547009,0,192,0,0.07554769516
31,0,192,186,-37.35470085,-43.35470085,-0.09706039116,-0.1126504597,-6,-0.01559006855,0,25,1,18,0,0,229.3547009,229.3547009,0,192,1,0.07786130905
32,0,229.3547009,193,2.842170943e-14,-36.35470085,7.384939972e-17,-0.0944620464,-36.35470085,-0.0944620464,2.840346263,2.840346263,1,2,0,0,229.3547009,229.3547009,0,192,2,0.08032941818
33,0,229.3547009,215,0,-14.35470085,0,-0.03729846172,-14.35470085,-0.03729846172,0.6241174285,0.6241174285,0,0,1,0,229.3547009,229.3547009,0,192,3,0.0833671093
34,0,215,209,-14.35470085,-20.35470085,-0.03729846172,-0.05288853027,-6,-0.01559006855,0,16,1,6,0,0,229.3547009,229.3547009,0,192,4,0.0855846405
35,0,229.3547009,211,0,-18.35470085,0,-0.04769184075,-18.35470085,-0.04769184075,2.407137907,2.407137907,1,1,0,0,229.3547009,229.3547009,0,192,5,0.08758234978
36,0,218,218,-11.35470085,-11.35470085,-0.02950342745,-0.02950342745,0,0,0,0,0,0,1,0,229.3547009,229.3547009,0,192,6,0.08992195129
37,0,218,211,-11.35470085,-18.35470085,-0.02950342745,-0.04769184075,-7,-0.01818841331,0,28,1,14,0,0,229.3547009,229.3547009,0,192,7,0.09186387062
38,0,229.3547009,229,0,-0.3547008547,0,-0.0009216351065,-0.3547008547,-0.0009216351065,0.1477920228,0.1477920228,0,0,1,0,229.3547009,229.3547009,0,192,8,0.09418988228
39,0,229,223,-0.3547008547,-6.354700855,-0.0009216351065,-0.01651170366,-6,-0.01559006855,0,16,1,5,0,0,229.3547009,229.3547009,0,192,9,0.09660434723
40,0,229.3547009,227,0,-2.354700855,0,-0.006118324623,-2.354700855,-0.006118324623,0.2180278569,0.2180278569,0,0,1,0,229.3547009,229.3547009,0,192,10,0.09858846664
41,0,227,223,-2.354700855,-6.354700855,-0.006118324623,-0.01651170366,-4,-0.01039337903,0,15,1,8,0,0,229.3547009,229.3547009,0,192,11,0.1011250019
42,0,229.3547009,227,0,-2.354700855,0,-0.006118324623,-2.354700855,-0.006118324623,0.07711902363,0.07711902363,0,0,1,0,229.3547009,229.3547009,0,192,12,0.1033604145
43,0,227,222,-2.354700855,-7.354700855,-0.006118324623,-0.01911004841,-5,-0.01299172379,0,28,1,11,0,0,229.3547009,229.3547009,0,192,13,0.105782032
44,0,229.3547009,230,0,0.6452991453,0,0.001676709652,0.6452991453,0.001676709652,0.02933177933,0.02933177933,0,0,1,0,229.3547009,229.3547009,0,192,14,0.1078500748
45,0,229.3547009,2987,0,2757.645299,0,7.165313208,2757.645299,7.165313208,0.02933177933,28.97066822,0,0,1,0,229.3547009,229.3547009,0,192,15,0.1098306179
46,0,229.3547009,208,0,-21.35470085,0,-0.05548687503,-21.35470085,-0.05548687503,0.2179051108,0.2179051108,0,0,1,0,229.3547009,229.3547009,0,192,16,0.1119828224
47,0,208,206,-21.35470085,-23.35470085,-0.05548687503,-0.06068356454,-2,-0.005196689516,0,14,1,13,0,0,229.3547009,229.3547009,0,192,17,0.1142494678
48,0,229.3547009,209,0,-20.35470085,0,-0.05288853027,-20.35470085,-0.05288853027,2.095549105,2.095549105,1,2,0,0,229.3547009,229.3547009,0,192,18,0.1163651943
49,0,229.3547009,243,0,13.64529915,0,0.03545519151,13.64529915,0.03545519151,0.826987827,0.826987827,0,0,1,0,229.3547009,229.3547009,0,192,19,0.1189625263
50,0,229.3547009,2399,0,2169.645299,0,5.63748649,2169.645299,5.63748649,0.826987827,23.17301217,0,0,1,0,229.3547009,229.3547009,0,192,20,0.120994091
51,0,229.3547009,210,0,-19.35470085,0,-0.05029018551,-19.35470085,-0.05029018551,0.1955020288,0.1955020288,0,0,1,0,229.3547009,229.3547009,0,192,21,0.123090744
52,0,210,206,-19.35470085,-23.35470085,-0.05029018551,-0.06068356454,-4,-0.01039337903,0,15,1,10,0,0,229.3547009,229.3547009,0,192,22,0.1250662804
53,0,229.3547009,230,0,0.6452991453,0,0.001676709652,0.6452991453,0.001676709652,0.1328557064,0.1328557064,0,0,1,0,229.3547009,229.3547009,0,192,23,0.1271588802
54,0,229.3547009,2010,0,1780.645299,0,4.626730379,1780.645299,4.626730379,0.04963839579,18.9503616,0,0,1,0,229.3547009,229.3547009,0,192,24,0.1293051243
55,0,229.3547009,217,0,-12.35470085,0,-0.0321017722,-12.35470085,-0.0321017722,0.1247949581,0.1247949581,0,0,1,0,229.3547009,229.3547009,0,192,25,0.1314930916
56,0,217,217,-12.35470085,-12.35470085,-0.0321017722,-0.0321017722,0,0,0,17,1,6,0,0,229.3547009,229.3547009,0,192,26,0.1335914135
57,0,219,219,-10.35470085,-10.35470085,-0.02690508269,-0.02690508269,0,0,0,0,0,0,1,0,229.3547009,229.3547009,0,192,27,0.1356194019
58,0,219,217,-10.35470085,-12.35470085,-0.02690508269,-0.0321017722,-2,-0.005196689516,0,18,1,6,0,0,229.3547009,229.3547009,0,192,28,0.1379389763
59,0,219,219,-10.35470085,-10.35470085,-0.02690508269,-0.02690508269,0,0,0,0,0,0,1,0,229.3547009,229.3547009,0,192,29,0.1400339603
60,0,219,219,-10.35470085,-10.35470085,-0.02690508269,-0.02690508269,0,0,0,19,1,5,0,0,229.3547009,229.3547009,0,192,30,0.1420061588
61,0,221,221,-8.354700855,-8.354700855,-0.02170839317,-0.02170839317,0,0,0,0,0,0,1,0,229.3547009,229.3547009,0,192,31,0.1440138817
62,0,221,209,-8.354700855,-20.35470085,-0.02170839317,-0.05288853027,-12,-0.0311801371,0,23,1,10,0,0,229.3547009,229.3547009,0,192,32,0.1461317539
63,0,229.3547009,215,0,-14.35470085,0,-0.03729846172,-14.35470085,-0.03729846172,0.782983683,0.782983683,0,0,1,0,229.3547009,229.3547009,0,192,33,0.1482434273
64,0,215,217,-14.35470085,-12.35470085,-0.03729846172,-0.0321017722,2,0.005196689516,0,14,1,4,0,0,229.3547009,229.3547009,0,192,34,0.1504135132
65,0,229.3547009,221,0,-8.354700855,0,-0.02170839317,-8.354700855,-0.02170839317,1.113960114,1.113960114,0,0,1,0,229.3547009,229.3547009,0,192,35,0.1524572372
66,0,221,213,-8.354700855,-16.35470085,-0.02170839317,-0.04249515124,-8,-0.02078675807,0,16,1,5,0,0,229.3547009,229.3547009,0,192,36,0.1551203728
67,0,229.3547009,215,0,-14.35470085,0,-0.03729846172,-14.35470085,-0.03729846172,0.8737643999,0.8737643999,0,0,1,0,229.3547009,229.3547009,0,192,37,0.1571052074
68,0,215,217,-14.35470085,-12.35470085,-0.03729846172,-0.0321017722,2,0.005196689516,0,29,1,8,0,0,229.3547009,229.3547009,0,192,38,0.1597099304
69,0,229.3547009,236,0,6.645299145,0,0.0172667782,6.645299145,0.0172667782,0.9165929856,0.9165929856,0,0,1,0,229.3547009,229.3547009,0,192,39,0.1619899273
70,0,229.3547009,228,0,-1.354700855,0,-0.003519979865,-1.354700855,-0.003519979865,0.1693376068,0.1693376068,0,0,1,0,229.3547009,229.3547009,0,192,40,0.1642923355
71,0,228,228,-1.354700855,-1.354700855,-0.003519979865,-0.003519979865,0,0,0,13,1,3,0,0,229.3547009,229.3547009,0,192,41,0.1667883396
72,0,229,229,-0.3547008547,-0.3547008547,-0.0009216351065,-0.0009216351065,0,0,0,0,0,0,1,0,229.3547009,229.3547009,0,192,42,0.1689927578
73,0,229,221,-0.3547008547,-8.354700855,-0.0009216351065,-0.02170839317,-8,-0.02078675807,0,18,1,5,0,0,229.3547009,229.3547009,0,192,43,0.1709260941
74,0,229.3547009,231,0,1.645299145,0,0.00427505441,1.645299145,0.00427505441,0.3290598291,0.3290598291,0,0,1,0,229.3547009,229.3547009,0,192,44,0.173186779
75,0,229.3547009,1797,0,1567.645299,0,4.073282946,1567.645299,4.073282946,0.2269378131,19.77306219,0,0,1,0,229.3547009,229.3547009,0,192,45,0.1753950119
76,0,229.3547009,202,0,-27.35470085,0,-0.07107694358,-27.35470085,-0.07107694358,0.2763101096,0.2763101096,0,0,1,0,229.3547009,229.3547009,0,192,46,0.1777443886
77,0,202,192,-27.35470085,-37.35470085,-0.07107694358,-0.09706039116,-10,-0.02598344758,0,26,1,8,0,0,229.3547009,229.3547009,0,192,47,0.1797335148
78,0,229.3547009,236,0,6.645299145,0,0.0172667782,6.645299145,0.0172667782,1.384437322,1.384437322,0,0,1,0,229.3547009,229.3547009,0,192,48,0.1817593575
79,0,229.3547009,808,0,578.6452991,0,1.50351998,578.6452991,1.50351998,0.9493284493,9.050671551,0,0,1,0,229.3547009,229.3547009,0,192,49,0.1840429306
80,0,229.3547009,208,0,-21.35470085,0,-0.05548687503,-21.35470085,-0.05548687503,0.2135470085,0.2135470085,0,0,1,0,229.3547009,229.3547009,0,192,50,0.1862695217
81,0,208,221,-21.35470085,-8.354700855,-0.05548687503,-0.02170839317,13,0.03377848186,0,28,1,1,0,0,229.3547009,229.3547009,0,192,51,0.1882359982
82,0,229.3547009,222,0,-7.354700855,0,-0.01911004841,-7.354700855,-0.01911004841,0.5657462196,0.5657462196,0,0,1,0,229.3547009,229.3547009,0,192,52,0.1902105808
83,0,222,218,-7.354700855,-11.35470085,-0.01911004841,-0.02950342745,-4,-0.01039337903,0,21,0,0,1,0,229.3547009,229.3547009,0,192,53,0.1922981739
84,0,218,218,-11.35470085,-11.35470085,-0.02950342745,-0.02950342745,0,0,0,23,0,0,1,0,229.3547009,229.3547009,0,192,54,0.1942429543
85,0,218,214,-11.35470085,-15.35470085,-0.02950342745,-0.03989680648,-4,-0.01039337903,0,19,1,1,0,0,229.3547009,229.3547009,0,192,55,0.1961827278
86,0,229.3547009,216,0,-13.35470085,0,-0.03470011696,-13.35470085,-0.03470011696,0.9892371003,0.9892371003,0,0,1,0,229.3547009,229.3547009,0,192,56,0.1981368065
87,0,216,220,-13.35470085,-9.354700855,-0.03470011696,-0.02430673793,4,0.01039337903,0,25,1,1,0,0,229.3547009,229.3547009,0,192,57,0.2002160549
88,0,222,222,-7.354700855,-7.354700855,-0.01911004841,-0.01911004841,0,0,0,0,0,0,1,0,229.3547009,229.3547009,0,192,58,0.2021355629
89,0,222,224,-7.354700855,-5.354700855,-0.01911004841,-0.0139133589,2,0.005196689516,0,16,0,0,1,0,229.3547009,229.3547009,0,192,59,0.2041070461
90,0,224,224,-5.354700855,-5.354700855,-0.0139133589,-0.0139133589,0,0,0,10,0,0,1,0,229.3547009,229.3547009,0,192,60,0.2060625553
91,0,224,214,-5.354700855,-15.35470085,-0.0139133589,-0.03989680648,-10,-0.02598344758,0,22,1,3,0,0,229.3547009,229.3547009,0,192,61,0.2079823017
92,0,216,216,-13.35470085,-13.35470085,-0.03470011696,-0.03470011696,0,0,0,0,0,0,1,0,229.3547009,229.3547009,0,192,62,0.2099168301
93,0,216,218,-13.35470085,-11.35470085,-0.03470011696,-0.02950342745,2,0.005196689516,0,20,1,1,0,0,229.3547009,229.3547009,0,192,63,0.2119131088
94,0,225,225,-4.354700855,-4.354700855,-0.01131501414,-0.01131501414,0,0,0,0,0,0,1,0,229.3547009,229.3547009,0,192,64,0.2138595581
95,0,225,229,-4.354700855,-0.3547008547,-0.01131501414,-0.0009216351065,4,0.01039337903,0,15,0,0,1,0,229.3547009,229.3547009,0,192,65,0.216091156
96,0,229,223,-0.3547008547,-6.354700855,-0.0009216351065,-0.01651170366,-6,-0.01559006855,0,16,0,0,1,0,229.3547009,229.3547009,0,192,66,0.2182786465
97,0,223,225,-6.354700855,-4.354700855,-0.01651170366,-0.01131501414,2,0.005196689516,0,26,1,1,0,0,229.3547009,229.3547009,0,192,67,0.2204422951
98,0,227,227,-2.354700855,-2.354700855,-0.006118324623,-0.006118324623,0,0,0,0,0,0,1,0,229.3547009,229.3547009,0,192,68,0.2225656509
99,0,227,225,-2.354700855,-4.354700855,-0.006118324623,-0.01131501414,-2,-0.005196689516,0,12,1,2,0,0,229.3547009,229.3547009,0,192,69,0.2246551514
100,0,226,226,-3.354700855,-3.354700855,-0.008716669381,-0.008716669381,0,0,0,0,0,0,1,0,229.3547009,229.3547009,0,192,70,0.2267436981
101,0,226,222,-3.354700855,-7.354700855,-0.008716669381,-0.01911004841,-4,-0.01039337903,0,24,1,3,0,0,229.3547009,229.3547009,0,192,71,0.2290477753
102,0,229.3547009,224,0,-5.354700855,0,-0.0139133589,-5.354700855,-0.0139133589,0.3346688034,0.3346688034,0,0,1,0,229.3547009,229.3547009,0,192,72,0.2311680317
103,0,224,224,-5.354700855,-5.354700855,-0.0139133589,-0.0139133589,0,0,0,14,1,1,0,0,229.3547009,229.3547009,0,192,73,0.2334752083
104,0,229.3547009,225,0,-4.354700855,0,-0.01131501414,-4.354700855,-0.01131501414,0.4147334147,0.4147334147,0,0,1,0,229.3547009,229.3547009,0,192,74,0.235512495
105,0,225,223,-4.354700855,-6.354700855,-0.01131501414,-0.01651170366,-2,-0.005196689516,0,18,1,2,0,0,229.3547009,229.3547009,0,192,75,0.2376766205
106,0,227,227,-2.354700855,-2.354700855,-0.006118324623,-0.006118324623,0,0,0,0,0,0,1,0,229.3547009,229.3547009,0,192,76,0.2396659851
107,0,227,226,-2.354700855,-3.354700855,-0.006118324623,-0.008716669381,-1,-0.002598344758,0,11,1,1,0,0,229.3547009,229.3547009,0,192,77,0.2419798374
108,0,229.3547009,227,0,-2.354700855,0,-0.006118324623,-2.354700855,-0.006118324623,0.36226167,0.36226167,0,0,1,0,229.3547009,229.3547009,0,192,78,0.2441556454
109,0,227,227,-2.354700855,-2.354700855,-0.006118324623,-0.006118324623,0,0,0,13,1,2,0,0,229.3547009,229.3547009,0,192,79,0.2464978695
110,0,228,228,-1.354700855,-1.354700855,-0.003519979865,-0.003519979865,0,0,0,0,0,0,1,0,229.3547009,229.3547009,0,192,80,0.2485928535
111,0,228,217,-1.354700855,-12.35470085,-0.003519979865,-0.0321017722,-11,-0.02858179234,0,30,1,1,0,0,229.3547009,229.3547009,0,192,81,0.251055479
112,0,229.3547009,236,0,6.645299145,0,0.0172667782,6.645299145,0.0172667782,0.7817998994,0.7817998994,0,0,1,0,229.3547009,229.3547009,0,192,82,0.2531819344
113,0,229.3547009,1114,0,884.6452991,0,2.298613476,884.6452991,2.298613476,0.6328856329,10.36711437,0,0,1,0,229.3547009,229.3547009,0,192,83,0.2553319931
114,0,229.3547009,215,0,-14.35470085,0,-0.03729846172,-14.35470085,-0.03729846172,0.1449969783,0.1449969783,0,0,1,0,229.3547009,229.3547009,0,192,84,0.2575592995
115,0,215,211,-14.35470085,-18.35470085,-0.03729846172,-0.04769184075,-4,-0.01039337903,0,15,1,5,0,0,229.3547009,229.3547009,0,192,85,0.2596673965
116,0,229.3547009,236,0,6.645299145,0,0.0172667782,6.645299145,0.0172667782,0.9967948718,0.9967948718,0,0,1,0,229.3547009,229.3547009,0,192,86,0.2618858814
117,0,229.3547009,2487,0,2257.645299,0,5.866140829,2257.645299,5.866140829,0.898013398,27.1019866,0,0,1,0,229.3547009,229.3547009,0,192,87,0.2640485764
118,0,229.3547009,199,0,-30.35470085,0,-0.07887197785,-30.35470085,-0.07887197785,0.3066131399,0.3066131399,0,0,1,0,229.3547009,229.3547009,0,192,88,0.2664504051
119,0,199,193,-30.35470085,-36.35470085,-0.07887197785,-0.0944620464,-6,-0.01559006855,0,13,1,8,0,0,229.3547009,229.3547009,0,192,89,0.2687749863
120,0,229.3547009,195,0,-34.35470085,0,-0.08926535688,-34.35470085,-0.08926535688,1.343324907,1.343324907,1,1,0,0,229.3547009,229.3547009,0,192,90,0.2708771229
121,0,229.3547009,212,0,-17.35470085,0,-0.045093496,-17.35470085,-0.045093496,0.6941880342,0.6941880342,0,0,1,0,229.3547009,229.3547009,0,192,91,0.2734947205
122,0,212,217,-17.35470085,-12.35470085,-0.045093496,-0.0321017722,5,0.01299172379,0,28,1,3,0,0,229.3547009,229.3547009,0,192,92,0.2756001949
123,0,229.3547009,221,0,-8.354700855,0,-0.02170839317,-8.354700855,-0.02170839317,1.474358974,1.474358974,0,0,1,0,229.3547009,229.3547009,0,192,93,0.2776367664
124,0,221,213,-8.354700855,-16.35470085,-0.02170839317,-0.04249515124,-8,-0.02078675807,0,20,1,7,0,0,229.3547009,229.3547009,0,192,94,0.2801654339
125,0,215,215,-14.35470085,-14.35470085,-0.03729846172,-0.03729846172,0,0,0,0,0,0,1,0,229.3547009,229.3547009,0,192,95,0.2821407318
126,0,215,217,-14.35470085,-12.35470085,-0.03729846172,-0.0321017722,2,0.005196689516,0,21,1,3,0,0,229.3547009,229.3547009,0,192,96,0.284594059
127,0,229.3547009,10323,0,10093.6453,0,26.22677035,10093.6453,26.22677035,1.474358974,203.508547,0,0,1,0,229.3547009,229.3547009,0,192,97,0.2867500782
128,0,229.3547009,228,0,-1.354700855,0,-0.003519979865,-1.354700855,-0.003519979865,0.1935286935,0.1935286935,0,0,1,0,229.3547009,229.3547009,0,192,98,0.288848877
129,0,228,229,-1.354700855,-0.3547008547,-0.003519979865,-0.0009216351065,1,0.002598344758,0,28,1,2,0,0,229.3547009,229.3547009,0,192,99,0.2911779881
130,0,229.3547009,231,0,1.645299145,0,0.00427505441,1.645299145,0.00427505441,0.1828110161,0.1828110161,0,0,1,0,229.3547009,229.3547009,0,192,100,0.2932271957
131,0,229.3547009,3001,0,2771.645299,0,7.201690034,2771.645299,7.201690034,0.1828110161,28.81718898,0,0,1,0,229.3547009,229.3547009,0,192,101,0.295224905
132,0,229.3547009,222,0,-7.354700855,0,-0.01911004841,-7.354700855,-0.01911004841,0.07504796791,0.07504796791,0,0,1,0,229.3547009,229.3547009,0,192,102,0.2974071503
133,0,222,218,-7.354700855,-11.35470085,-0.01911004841,-0.02950342745,-4,-0.01039337903,0,25,1,7,0,0,229.3547009,229.3547009,0,192,103,0.2996878624
134,0,229.3547009,229,0,-0.3547008547,0,-0.0009216351065,-0.3547008547,-0.0009216351065,0.06316590563,0.06316590563,0,0,1,0,229.3547009,229.3547009,0,192,104,0.3017969131
135,0,229,227,-0.3547008547,-2.354700855,-0.0009216351065,-0.006118324623,-2,-0.005196689516,0,24,1,2,0,0,229.3547009,229.3547009,0,192,105,0.3042638302
136,0,229.3547009,229,0,-0.3547008547,0,-0.0009216351065,-0.3547008547,-0.0009216351065,0.07094017094,0.07094017094,0,0,1,0,229.3547009,229.3547009,0,192,106,0.3062295914
137,0,229,227,-0.3547008547,-2.354700855,-0.0009216351065,-0.006118324623,-2,-0.005196689516,0,20,1,5,0,0,229.3547009,229.3547009,0,192,107,0.308349371
138,0,229.3547009,229,0,-0.3547008547,0,-0.0009216351065,-0.3547008547,-0.0009216351065,0.01620460758,0.01620460758,0,0,1,0,229.3547009,229.3547009,0,192,108,0.3103859425
139,0,229,227,-0.3547008547,-2.354700855,-0.0009216351065,-0.006118324623,-2,-0.005196689516,0,18,1,3,0,0,229.3547009,229.3547009,0,192,109,0.3130114079
140,0,229.3547009,231,0,1.645299145,0,0.00427505441,1.645299145,0.00427505441,0.1828110161,0.1828110161,0,0,1,0,229.3547009,229.3547009,0,192,110,0.3150734901
141,0,229.3547009,1916,0,1686.645299,0,4.382485972,1686.645299,4.382485972,0.1828110161,17.81718898,0,0,1,0,229.3547009,229.3547009,0,192,111,0.3170375824
142,0,229.3547009,222,0,-7.354700855,0,-0.01911004841,-7.354700855,-0.01911004841,0.07428990762,0.07428990762,0,0,1,0,229.3547009,229.3547009,0,192,112,0.3191840649
143,0,222,216,-7.354700855,-13.35470085,-0.01911004841,-0.03470011696,-6,-0.01559006855,0,20,1,6,0,0,229.3547009,229.3547009,0,192,113,0.3211808205
144,0,229.3547009,219,0,-10.35470085,0,-0.02690508269,-10.35470085,-0.02690508269,0.9413364413,0.9413364413,0,0,1,0,229.3547009,229.3547009,0,192,114,0.3232865334
145,0,219,219,-10.35470085,-10.35470085,-0.02690508269,-0.02690508269,0,0,0,20,1,5,0,0,229.3547009,229.3547009,0,192,115,0.3258459568
146,0,223,223,-6.354700855,-6.354700855,-0.01651170366,-0.01651170366,0,0,0,0,0,0,1,0,229.3547009,229.3547009,0,192,116,0.3278877735
147,0,223,221,-6.354700855,-8.354700855,-0.01651170366,-0.02170839317,-2,-0.005196689516,0,12,1,2,0,0,229.3547009,229.3547009,0,192,117,0.329990387
148,0,222,222,-7.354700855,-7.354700855,-0.01911004841,-0.01911004841,0,0,0,0,0,0,1,0,229.3547009,229.3547009,0,192,118,0.3319067955
149,0,222,222,-7.354700855,-7.354700855,-0.01911004841,-0.01911004841,0,0,0,18,1,4,0,0,229.3547009,229.3547009,0,192,119,0.3338518143
150,0,229.3547009,225,0,-4.354700855,0,-0.01131501414,-4.354700855,-0.01131501414,0.5123177476,0.5123177476,0,0,1,0,229.3547009,229.3547009,0,192,120,0.3358035088
151,0,225,223,-4.354700855,-6.354700855,-0.01131501414,-0.01651170366,-2,-0.005196689516,0,14,1,3,0,0,229.3547009,229.3547009,0,192,121,0.3383073807
152,0,224,224,-5.354700855,-5.354700855,-0.0139133589,-0.0139133589,0,0,0,0,0,0,1,0,229.3547009,229.3547009,0,192,122,0.3402175903
153,0,224,215,-5.354700855,-14.35470085,-0.0139133589,-0.03729846172,-9,-0.02338510282,0,30,1,9,0,0,229.3547009,229.3547009,0,192,123,0.3422529697
154,0,229.3547009,229,0,-0.3547008547,0,-0.0009216351065,-0.3547008547,-0.0009216351065,0.01906993842,0.01906993842,0,0,1,0,229.3547009,229.3547009,0,192,124,0.344430685
155,0,229,225,-0.3547008547,-4.354700855,-0.0009216351065,-0.01131501414,-4,-0.01039337903,0,21,1,5,0,0,229.3547009,229.3547009,0,192,125,0.3468677998
156,0,229.3547009,230,0,0.6452991453,0,0.001676709652,0.6452991453,0.001676709652,0.09218559219,0.09218559219,0,0,1,0,229.3547009,229.3547009,0,192,126,0.3491261005
157,0,229.3547009,2313,0,2083.645299,0,5.414028841,2083.645299,5.414028841,0.09218559219,21.90781441,0,0,1,0,229.3547009,229.3547009,0,192,127,0.3512971401
158,0,229.3547009,223,0,-6.354700855,0,-0.01651170366,-6.354700855,-0.01651170366,0.06418889752,0.06418889752,0,0,1,0,229.3547009,229.3547009,0,192,128,0.3535411358
159,0,223,217,-6.354700855,-12.35470085,-0.01651170366,-0.0321017722,-6,-0.01559006855,0,29,1,8,0,0,229.3547009,229.3547009,0,192,129,0.3555209637
160,0,229.3547009,227,0,-2.354700855,0,-0.006118324623,-2.354700855,-0.006118324623,0.1593406593,0.1593406593,0,0,1,0,229.3547009,229.3547009,0,192,130,0.357625246
161,0,227,231,-2.354700855,1.645299145,-0.006118324623,0.00427505441,4,0.01039337903,0,17,1,2,0,0,229.3547009,229.3547009,0,192,131,0.3601989746
162,0,229.3547009,232,0,2.645299145,0,0.006873399168,2.645299145,0.006873399168,0.2939221273,0.2939221273,0,0,1,0,229.3547009,229.3547009,0,192,132,0.3622968197
163,0,229.3547009,1320,0,1090.645299,0,2.833872496,1090.645299,2.833872496,0.2939221273,11.70607787,0,0,1,0,229.3547009,229.3547009,0,192,133,0.3642673492
164,0,229.3547009,223,0,-6.354700855,0,-0.01651170366,-6.354700855,-0.01651170366,0.06418889752,0.06418889752,0,0,1,0,229.3547009,229.3547009,0,192,134,0.3664224148
165,0,223,223,-6.354700855,-6.354700855,-0.01651170366,-0.01651170366,0,0,0,12,1,3,0,0,229.3547009,229.3547009,0,192,135,0.3684239388
166,0,224,224,-5.354700855,-5.354700855,-0.0139133589,-0.0139133589,0,0,0,0,0,0,1,0,229.3547009,229.3547009,0,192,136,0.3703417778
167,0,224,215,-5.354700855,-14.35470085,-0.0139133589,-0.03729846172,-9,-0.02338510282,0,30,1,5,0,0,229.3547009,229.3547009,0,192,137,0.3722887039
168,0,229.3547009,227,0,-2.354700855,0,-0.006118324623,-2.354700855,-0.006118324623,0.2841880342,0.2841880342,0,0,1,0,229.3547009,229.3547009,0,192,138,0.3743748665
169,0,227,231,-2.354700855,1.645299145,-0.006118324623,0.00427505441,4,0.01039337903,0,18,1,5,0,0,229.3547009,229.3547009,0,192,139,0.3765263557
170,0,229.3547009,227,0,-2.354700855,0,-0.006118324623,-2.354700855,-0.006118324623,0.2943376068,0.2943376068,0,0,1,0,229.3547009,229.3547009,0,192,140,0.3786375523
171,0,227,224,-2.354700855,-5.354700855,-0.006118324623,-0.0139133589,-3,-0.007795034274,0,11,1,6,0,0,229.3547009,229.3547009,0,192,141,0.3809196949
172,0,229.3547009,227,0,-2.354700855,0,-0.006118324623,-2.354700855,-0.006118324623,0.3270417854,0.3270417854,0,0,1,0,229.3547009,229.3547009,0,192,142,0.3829619884
173,0,227,224,-2.354700855,-5.354700855,-0.006118324623,-0.0139133589,-3,-0.007795034274,0,11,1,6,0,0,229.3547009,229.3547009,0,192,143,0.3851447105
174,0,229.3547009,10880,0,10650.6453,0,27.67404838,10650.6453,27.67404838,0.1412820513,215.047094,0,0,1,0,229.3547009,229.3547009,0,192,144,0.3872237206
175,0,229.3547009,225,0,-4.354700855,0,-0.01131501414,-4.354700855,-0.01131501414,0.7917637918,0.7917637918,0,0,1,0,229.3547009,229.3547009,0,192,145,0.3897407055
176,0,225,218,-4.354700855,-11.35470085,-0.01131501414,-0.02950342745,-7,-0.01818841331,0,28,1,12,0,0,229.3547009,229.3547009,0,192,146,0.3923733234
177,0,229.3547009,225,0,-4.354700855,0,-0.01131501414,-4.354700855,-0.01131501414,1.571699905,1.571699905,1,3,0,0,229.3547009,229.3547009,0,192,147,0.3947312832
178,0,229.3547009,2019,0,1789.645299,0,4.650115482,1789.645299,4.650115482,1.571699905,20.42830009,0,0,1,0,229.3547009,229.3547009,0,192,148,0.3968751431
179,0,229.3547009,226,0,-3.354700855,0,-0.008716669381,-3.354700855,-0.008716669381,0.03388586722,0.03388586722,0,0,1,0,229.3547009,229.3547009,0,192,149,0.3991730213
180,0,226,230,-3.354700855,0.6452991453,-0.008716669381,0.001676709652,4,0.01039337903,0,29,1,5,0,0,229.3547009,229.3547009,0,192,150,0.4016747475
181,0,229.3547009,225,0,-4.354700855,0,-0.01131501414,-4.354700855,-0.01131501414,0.3958818959,0.3958818959,0,0,1,0,229.3547009,229.3547009,0,192,151,0.403840065
182,0,225,221,-4.354700855,-8.354700855,-0.01131501414,-0.02170839317,-4,-0.01039337903,0,24,1,8,0,0,229.3547009,229.3547009,0,192,152,0.4061017036
183,0,229.3547009,227,0,-2.354700855,0,-0.006118324623,-2.354700855,-0.006118324623,0.153092006,0.153092006,0,0,1,0,229.3547009,229.3547009,0,192,153,0.4082639217
184,0,227,221,-2.354700855,-8.354700855,-0.006118324623,-0.02170839317,-6,-0.01559006855,0,26,1,3,0,0,229.3547009,229.3547009,0,192,154,0.4110105038
185,0,229.3547009,226,0,-3.354700855,0,-0.008716669381,-3.354700855,-0.008716669381,0.304972805,0.304972805,0,0,1,0,229.3547009,229.3547009,0,192,155,0.4130759239
186,0,226,218,-3.354700855,-11.35470085,-0.008716669381,-0.02950342745,-8,-0.02078675807,0,18,1,5,0,0,229.3547009,229.3547009,0,192,156,0.4152112007
187,0,229.3547009,233,0,3.645299145,0,0.009471743926,3.645299145,0.009471743926,0.6075498575,0.6075498575,0,0,1,0,229.3547009,229.3547009,0,192,157,0.4171667099
188,0,229.3547009,2212,0,1982.645299,0,5.15159602,1982.645299,5.15159602,0.6075498575,21.39245014,0,0,1,0,229.3547009,229.3547009,0,192,158,0.4193894863
189,0,229.3547009,221,0,-8.354700855,0,-0.02170839317,-8.354700855,-0.02170839317,0.08439091772,0.08439091772,0,0,1,0,229.3547009,229.3547009,0,192,159,0.4216754436
190,0,221,225,-8.354700855,-4.354700855,-0.02170839317,-0.01131501414,4,0.01039337903,0,23,1,3,0,0,229.3547009,229.3547009,0,192,160,0.4236733913
191,0,229.3547009,228,0,-1.354700855,0,-0.003519979865,-1.354700855,-0.003519979865,0.1042077581,0.1042077581,0,0,1,0,229.3547009,229.3547009,0,192,161,0.4257075787
192,0,228,222,-1.354700855,-7.354700855,-0.003519979865,-0.01911004841,-6,-0.01559006855,0,15,1,5,0,0,229.3547009,229.3547009,0,192,162,0.4282188416
193,0,223,223,-6.354700855,-6.354700855,-0.01651170366,-0.01651170366,0,0,0,0,0,0,1,0,229.3547009,229.3547009,0,192,163,0.4302113056
194,0,223,229,-6.354700855,-0.3547008547,-0.01651170366,-0.0009216351065,6,0.01559006855,0,14,1,1,0,0,229.3547009,229.3547009,0,192,164,0.4322042465
195,0,229.3547009,230,0,0.6452991453,0,0.001676709652,0.6452991453,0.001676709652,0.09218559219,0.09218559219,0,0,1,0,229.3547009,229.3547009,0,192,165,0.4342639446
196,0,229.3547009,2115,0,1885.645299,0,4.899556579,1885.645299,4.899556579,0.09218559219,19.90781441,0,0,1,0,229.3547009,229.3547009,0,192,166,0.4362699986
197,0,229.3547009,223,0,-6.354700855,0,-0.01651170366,-6.354700855,-0.01651170366,0.06418889752,0.06418889752,0,0,1,0,229.3547009,229.3547009,0,192,167,0.4384872913
198,0,223,209,-6.354700855,-20.35470085,-0.01651170366,-0.05288853027,-14,-0.03637682661,0,23,1,7,0,0,229.3547009,229.3547009,0,192,168,0.4404735565
199,0,229.3547009,214,0,-15.35470085,0,-0.03989680648,-15.35470085,-0.03989680648,1.244975745,1.244975745,0,0,1,0,229.3547009,229.3547009,0,192,169,0.4425535202
200,0,214,214,-15.35470085,-15.35470085,-0.03989680648,-0.03989680648,0,0,0,19,1,6,0,0,229.3547009,229.3547009,0,192,170,0.4450948238
201,0,229.3547009,230,0,0.6452991453,0,0.001676709652,0.6452991453,0.001676709652,0.175990676,0.175990676,0,0,1,0,229.3547009,229.3547009,0,192,171,0.4472718239
202,0,229.3547009,2611,0,2381.645299,0,6.188335579,2381.645299,6.188335579,0.1075498575,24.89245014,0,0,1,0,229.3547009,229.3547009,0,192,172,0.449488163
203,0,229.3547009,224,0,-5.354700855,0,-0.0139133589,-5.354700855,-0.0139133589,0.05408788742,0.05408788742,0,0,1,0,229.3547009,229.3547009,0,192,173,0.4518835545
204,0,224,218,-5.354700855,-11.35470085,-0.0139133589,-0.02950342745,-6,-0.01559006855,0,20,1,4,0,0,229.3547009,229.3547009,0,192,174,0.4539051056
205,0,229.3547009,220,0,-9.354700855,0,-0.02430673793,-9.354700855,-0.02430673793,0.3543447293,0.3543447293,0,0,1,0,229.3547009,229.3547009,0,192,175,0.4559504986
206,0,220,224,-9.354700855,-5.354700855,-0.02430673793,-0.0139133589,4,0.01039337903,0,17,1,4,0,0,229.3547009,229.3547009,0,192,176,0.4581215382
207,0,229.3547009,228,0,-1.354700855,0,-0.003519979865,-1.354700855,-0.003519979865,0.2709401709,0.2709401709,0,0,1,0,229.3547009,229.3547009,0,192,177,0.4601697922
208,0,228,226,-1.354700855,-3.354700855,-0.003519979865,-0.008716669381,-2,-0.005196689516,0,12,1,4,0,0,229.3547009,229.3547009,0,192,178,0.4623706341
209,0,229.3547009,228,0,-1.354700855,0,-0.003519979865,-1.354700855,-0.003519979865,0.05131442631,0.05131442631,0,0,1,0,229.3547009,229.3547009,0,192,179,0.464369297
210,0,228,220,-1.354700855,-9.354700855,-0.003519979865,-0.02430673793,-8,-0.02078675807,0,17,1,4,0,0,229.3547009,229.3547009,0,192,180,0.4665560722
211,0,229.3547009,223,0,-6.354700855,0,-0.01651170366,-6.354700855,-0.01651170366,0.5152460152,0.5152460152,0,0,1,0,229.3547009,229.3547009,0,192,181,0.4685690403
212,0,223,225,-6.354700855,-4.354700855,-0.01651170366,-0.01131501414,2,0.005196689516,0,17,1,4,0,0,229.3547009,229.3547009,0,192,182,0.4706852436
213,0,229.3547009,227,0,-2.354700855,0,-0.006118324623,-2.354700855,-0.006118324623,0.08919321419,0.08919321419,0,0,1,0,229.3547009,229.3547009,0,192,183,0.4727306366
214,0,227,217,-2.354700855,-12.35470085,-0.006118324623,-0.0321017722,-10,-0.02598344758,0,19,1,4,0,0,229.3547009,229.3547009,0,192,184,0.4749155045
215,0,229.3547009,219,0,-10.35470085,0,-0.02690508269,-10.35470085,-0.02690508269,0.5752611586,0.5752611586,0,0,1,0,229.3547009,229.3547009,0,192,185,0.4769523144
216,0,219,223,-10.35470085,-6.354700855,-0.02690508269,-0.01651170366,4,0.01039337903,0,16,1,4,0,0,229.3547009,229.3547009,0,192,186,0.4790859222
217,0,229.3547009,225,0,-4.354700855,0,-0.01131501414,-4.354700855,-0.01131501414,0.16495079,0.16495079,0,0,1,0,229.3547009,229.3547009,0,192,187,0.4810872078
218,0,225,219,-4.354700855,-10.35470085,-0.01131501414,-0.02690508269,-6,-0.01559006855,0,15,1,4,0,0,229.3547009,229.3547009,0,192,188,0.4832456112
219,0,229.3547009,221,0,-8.354700855,0,-0.02170839317,-8.354700855,-0.02170839317,0.4641500475,0.4641500475,0,0,1,0,229.3547009,229.3547009,0,192,189,0.4852552414
220,0,221,221,-8.354700855,-8.354700855,-0.02170839317,-0.02170839317,0,0,0,16,1,4,0,0,229.3547009,229.3547009,0,192,190,0.4873962402
221,0,229.3547009,223,0,-6.354700855,0,-0.01651170366,-6.354700855,-0.01651170366,0.2407083657,0.2407083657,0,0,1,0,229.3547009,229.3547009,0,192,191,0.489449501
222,0,223,216,-6.354700855,-13.35470085,-0.01651170366,-0.03470011696,-7,-0.01818841331,0,30,1,7,0,0,229.3547009,229.3547009,0,192,192,0.4915809631
223,0,229.3547009,225,0,-4.354700855,0,-0.01131501414,-4.354700855,-0.01131501414,0.9331501832,0.9331501832,0,0,1,0,229.3547009,229.3547009,0,192,193,0.4937391281
224,0,225,221,-4.354700855,-8.354700855,-0.01131501414,-0.02170839317,-4,-0.01039337903,0,10,1,5,0,0,229.3547009,229.3547009,0,192,194,0.4961471558
225,0,229.3547009,226,0,-3.354700855,0,-0.008716669381,-3.354700855,-0.008716669381,0.2620860043,0.2620860043,0,0,1,0,229.3547009,229.3547009,0,192,195,0.4981970787
226,0,226,220,-3.354700855,-9.354700855,-0.008716669381,-0.02430673793,-6,-0.01559006855,0,23,1,5,0,0,229.3547009,229.3547009,0,192,196,0.5004942417
227,0,229.3547009,224,0,-5.354700855,0,-0.0139133589,-5.354700855,-0.0139133589,0.9232242853,0.9232242853,0,0,1,0,229.3547009,229.3547009,0,192,197,0.502613306
228,0,224,220,-5.354700855,-9.354700855,-0.0139133589,-0.02430673793,-4,-0.01039337903,0,12,1,3,0,0,229.3547009,229.3547009,0,192,198,0.5047795773
229,0,223,223,-6.354700855,-6.354700855,-0.01651170366,-0.01651170366,0,0,0,0,0,0,1,0,229.3547009,229.3547009,0,192,199,0.5067434311
230,0,223,221,-6.354700855,-8.354700855,-0.01651170366,-0.02170839317,-2,-0.005196689516,0,14,1,3,0,0,229.3547009,229.3547009,0,192,200,0.5088708401
231,0,222,222,-7.354700855,-7.354700855,-0.01911004841,-0.01911004841,0,0,0,0,0,0,1,0,229.3547009,229.3547009,0,192,201,0.5108232498
232,0,222,220,-7.354700855,-9.354700855,-0.01911004841,-0.02430673793,-2,-0.005196689516,0,17,1,4,0,0,229.3547009,229.3547009,0,192,202,0.5128033161
233,0,229.3547009,224,0,-5.354700855,0,-0.0139133589,-5.354700855,-0.0139133589,0.5181968569,0.5181968569,0,0,1,0,229.3547009,229.3547009,0,192,203,0.5148506165
234,0,224,222,-5.354700855,-7.354700855,-0.0139133589,-0.01911004841,-2,-0.005196689516,0,21,1,4,0,0,229.3547009,229.3547009,0,192,204,0.5170760155
235,0,225,225,-4.354700855,-4.354700855,-0.01131501414,-0.01131501414,0,0,0,0,0,0,1,0,229.3547009,229.3547009,0,192,205,0.5190441608
236,0,225,211,-4.354700855,-18.35470085,-0.01131501414,-0.04769184075,-14,-0.03637682661,0,29,1,6,0,0,229.3547009,229.3547009,0,192,206,0.5210547447
237,0,229.3547009,237,0,7.645299145,0,0.01986512296,7.645299145,0.01986512296,1.146794872,1.146794872,0,0,1,0,229.3547009,229.3547009,0,192,207,0.5231466293
238,0,229.3547009,229,0,-0.3547008547,0,-0.0009216351065,-0.3547008547,-0.0009216351065,0.04433760684,0.04433760684,0,0,1,0,229.3547009,229.3547009,0,192,208,0.5252974033
239,0,229,235,-0.3547008547,5.645299145,-0.0009216351065,0.01466843344,6,0.01559006855,0,29,1,4,0,0,229.3547009,229.3547009,0,192,209,0.5276587009
240,0,229.3547009,9331,0,9101.645299,0,23.64921235,9101.645299,23.64921235,0.5806267806,188.2903134,0,0,1,0,229.3547009,229.3547009,0,192,210,0.5298538208
241,0,229.3547009,229,0,-0.3547008547,0,-0.0009216351065,-0.3547008547,-0.0009216351065,0.05067155067,0.05067155067,0,0,1,0,229.3547009,229.3547009,0,192,211,0.5324885845
242,0,229,223,-0.3547008547,-6.354700855,-0.0009216351065,-0.01651170366,-6,-0.01559006855,0,20,1,7,0,0,229.3547009,229.3547009,0,192,212,0.5350451469
243,0,229.3547009,226,0,-3.354700855,0,-0.008716669381,-3.354700855,-0.008716669381,0.3354700855,0.3354700855,0,0,1,0,229.3547009,229.3547009,0,192,213,0.537268877
244,0,226,228,-3.354700855,-1.354700855,-0.008716669381,-0.003519979865,2,0.005196689516,0,25,1,7,0,0,229.3547009,229.3547009,0,192,214,0.5395541191
245,0,229.3547009,231,0,1.645299145,0,0.00427505441,1.645299145,0.00427505441,0.1175213675,0.1175213675,0,0,1,0,229.3547009,229.3547009,0,192,215,0.5416703224
246,0,229.3547009,1413,0,1183.645299,0,3.075518559,1183.645299,3.075518559,0.1175213675,12.88247863,0,0,1,0,229.3547009,229.3547009,0,192,216,0.5436832905
247,0,229.3547009,217,0,-12.35470085,0,-0.0321017722,-12.35470085,-0.0321017722,0.1247949581,0.1247949581,0,0,1,0,229.3547009,229.3547009,0,192,217,0.5459182262
248,0,217,205,-12.35470085,-24.35470085,-0.0321017722,-0.0632819093,-12,-0.0311801371,0,27,1,13,0,0,229.3547009,229.3547009,0,192,218,0.5479595661
249,0,229.3547009,222,0,-7.354700855,0,-0.01911004841,-7.354700855,-0.01911004841,1.751119251,1.751119251,0,0,1,0,229.3547009,229.3547009,0,192,219,0.5503094196
250,0,222,222,-7.354700855,-7.354700855,-0.01911004841,-0.01911004841,0,0,0,24,1,8,0,0,229.3547009,229.3547009,0,192,220,0.552781105
251,0,229.3547009,225,2.842170943e-14,-4.354700855,7.384939972e-17,-0.01131501414,-4.354700855,-0.01131501414,0.1917873433,0.1917873433,0,0,1,0,229.3547009,229.3547009,0,192,221,0.5550014973
252,0,225,211,-4.354700855,-18.35470085,-0.01131501414,-0.04769184075,-14,-0.03637682661,0,29,1,11,0,0,229.3547009,229.3547009,0,192,222,0.5577325821
253,0,229.3547009,222,0,-7.354700855,0,-0.01911004841,-7.354700855,-0.01911004841,1.11716975,1.11716975,0,0,1,0,229.3547009,229.3547009,0,192,223,0.5599937439
254,0,222,216,-7.354700855,-13.35470085,-0.01911004841,-0.03470011696,-6,-0.01559006855,0,17,1,12,0,0,229.3547009,229.3547009,0,192,224,0.5623013973
255,0,229.3547009,224,0,-5.354700855,0,-0.0139133589,-5.354700855,-0.0139133589,0.9852649573,0.9852649573,0,0,1,0,229.3547009,229.3547009,0,192,225,0.56442523
256,0,224,216,-5.354700855,-13.35470085,-0.0139133589,-0.03470011696,-8,-0.02078675807,0,13,1,9,0,0,229.3547009,229.3547009,0,192,226,0.5668423176
257,0,229.3547009,219,0,-10.35470085,0,-0.02690508269,-10.35470085,-0.02690508269,0.4297405493,0.4297405493,0,0,1,0,229.3547009,229.3547009,0,192,227,0.5689649582
258,0,219,218,-10.35470085,-11.35470085,-0.02690508269,-0.02950342745,-1,-0.002598344758,0,11,1,10,0,0,229.3547009,229.3547009,0,192,228,0.5716941357
259,0,229.3547009,222,0,-7.354700855,0,-0.01911004841,-7.354700855,-0.01911004841,0.7071827745,0.7071827745,0,0,1,0,229.3547009,229.3547009,0,192,229,0.5739135742
260,0,222,222,-7.354700855,-7.354700855,-0.01911004841,-0.01911004841,0,0,0,15,1,8,0,0,229.3547009,229.3547009,0,192,230,0.5763709545
261,0,229.3547009,226,0,-3.354700855,0,-0.008716669381,-3.354700855,-0.008716669381,0.5870726496,0.5870726496,0,0,1,0,229.3547009,229.3547009,0,192,231,0.5785341263
262,0,226,222,-3.354700855,-7.354700855,-0.008716669381,-0.01911004841,-4,-0.01039337903,0,21,1,8,0,0,229.3547009,229.3547009,0,192,232,0.5812859535
263,0,229.3547009,226,0,-3.354700855,0,-0.008716669381,-3.354700855,-0.008716669381,0.7741617357,0.7741617357,0,0,1,0,229.3547009,229.3547009,0,192,233,0.5835559368
264,0,226,226,-3.354700855,-3.354700855,-0.008716669381,-0.008716669381,0,0,0,15,1,7,0,0,229.3547009,229.3547009,0,192,234,0.5858125687
265,0,229.3547009,230,0,0.6452991453,0,0.001676709652,0.6452991453,0.001676709652,0.09218559219,0.09218559219,0,0,1,0,229.3547009,229.3547009,0,192,235,0.5880157948
266,0,229.3547009,1917,0,1687.645299,0,4.385084317,1687.645299,4.385084317,0.09218559219,17.90781441,0,0,1,0,229.3547009,229.3547009,0,192,236,0.5902273655
267,0,229.3547009,223,0,-6.354700855,0,-0.01651170366,-6.354700855,-0.01651170366,0.06418889752,0.06418889752,0,0,1,0,229.3547009,229.3547009,0,192,237,0.5925037861
268,0,223,209,-6.354700855,-20.35470085,-0.01651170366,-0.05288853027,-14,-0.03637682661,0,20,1,11,0,0,229.3547009,229.3547009,0,192,238,0.5945093632
269,0,229.3547009,212,0,-17.35470085,0,-0.045093496,-17.35470085,-0.045093496,1.314513478,1.314513478,1,1,0,0,229.3547009,229.3547009,0,192,239,0.5966382027
270,0,229.3547009,213,0,-16.35470085,0,-0.04249515124,-16.35470085,-0.04249515124,0.8387026079,0.8387026079,0,0,1,0,229.3547009,229.3547009,0,192,240,0.598952055
271,0,213,219,-16.35470085,-10.35470085,-0.04249515124,-0.02690508269,6,0.01559006855,0,18,1,7,0,0,229.3547009,229.3547009,0,192,241,0.6010401249
272,0,229.3547009,223,0,-6.354700855,0,-0.01651170366,-6.354700855,-0.01651170366,0.9532051282,0.9532051282,0,0,1,0,229.3547009,229.3547009,0,192,242,0.6031002998
273,0,223,222,-6.354700855,-7.354700855,-0.01651170366,-0.01911004841,-1,-0.002598344758,0,11,1,7,0,0,229.3547009,229.3547009,0,192,243,0.6054410934
274,0,229.3547009,225,0,-4.354700855,0,-0.01131501414,-4.354700855,-0.01131501414,0.3754052461,0.3754052461,0,0,1,0,229.3547009,229.3547009,0,192,244,0.6075456142
275,0,225,213,-4.354700855,-16.35470085,-0.01131501414,-0.04249515124,-12,-0.0311801371,0,15,1,7,0,0,229.3547009,229.3547009,0,192,245,0.6102588177
276,0,229.3547009,236,0,6.645299145,0,0.0172667782,6.645299145,0.0172667782,0.9967948718,0.9967948718,0,0,1,0,229.3547009,229.3547009,0,192,246,0.6123726368
277,0,229.3547009,1910,0,1680.645299,0,4.366895903,1680.645299,4.366895903,0.9967948718,19.00320513,0,0,1,0,229.3547009,229.3547009,0,192,247,0.6145720482
278,0,229.3547009,216,0,-13.35470085,0,-0.03470011696,-13.35470085,-0.03470011696,0.1348959682,0.1348959682,0,0,1,0,229.3547009,229.3547009,0,192,248,0.6169269085
279,0,216,220,-13.35470085,-9.354700855,-0.03470011696,-0.02430673793,4,0.01039337903,0,16,1,8,0,0,229.3547009,229.3547009,0,192,249,0.619001627
280,0,229.3547009,223,0,-6.354700855,0,-0.01651170366,-6.354700855,-0.01651170366,0.8429705215,0.8429705215,0,0,1,0,229.3547009,229.3547009,0,192,250,0.6210846901
281,0,223,218,-6.354700855,-11.35470085,-0.01651170366,-0.02950342745,-5,-0.01299172379,0,11,1,7,0,0,229.3547009,229.3547009,0,192,251,0.6237399578
282,0,229.3547009,221,0,-8.354700855,0,-0.02170839317,-8.354700855,-0.02170839317,1.46207265,1.46207265,0,0,1,0,229.3547009,229.3547009,0,192,252,0.6258130074
283,0,221,216,-8.354700855,-13.35470085,-0.02170839317,-0.03470011696,-5,-0.01299172379,0,28,1,11,0,0,229.3547009,229.3547009,0,192,253,0.6280908585
284,0,229.3547009,223,0,-6.354700855,0,-0.01651170366,-6.354700855,-0.01651170366,1.361721612,1.361721612,0,0,1,0,229.3547009,229.3547009,0,192,254,0.6302452087
285,0,223,223,-6.354700855,-6.354700855,-0.01651170366,-0.01651170366,0,0,0,18,1,8,0,0,229.3547009,229.3547009,0,192,255,0.6329755783
286,0,229.3547009,228,0,-1.354700855,0,-0.003519979865,-1.354700855,-0.003519979865,0.2370726496,0.2370726496,0,0,1,0,229.3547009,229.3547009,0,192,256,0.6351685524
287,0,228,220,-1.354700855,-9.354700855,-0.003519979865,-0.02430673793,-8,-0.02078675807,0,15,1,9,0,0,229.3547009,229.3547009,0,192,257,0.6380732059
288,0,223,223,-6.354700855,-6.354700855,-0.01651170366,-0.01651170366,0,0,0,0,0,0,1,0,229.3547009,229.3547009,0,192,258,0.6402275562
289,0,223,219,-6.354700855,-10.35470085,-0.01651170366,-0.02690508269,-4,-0.01039337903,0,22,1,6,0,0,229.3547009,229.3547009,0,192,259,0.6424264908
290,0,229.3547009,222,0,-7.354700855,0,-0.01911004841,-7.354700855,-0.01911004841,1.103205128,1.103205128,0,0,1,0,229.3547009,229.3547009,0,192,260,0.6444730759
291,0,222,215,-7.354700855,-14.35470085,-0.01911004841,-0.03729846172,-7,-0.01818841331,0,28,1,11,0,0,229.3547009,229.3547009,0,192,261,0.6472334862
292,0,229.3547009,221,0,-8.354700855,0,-0.02170839317,-8.354700855,-0.02170839317,1.193528694,1.193528694,0,0,1,0,229.3547009,229.3547009,0,192,262,0.649520874
293,0,221,215,-8.354700855,-14.35470085,-0.02170839317,-0.03729846172,-6,-0.01559006855,0,26,1,9,0,0,229.3547009,229.3547009,0,192,263,0.6519052982
294,0,229.3547009,221,0,-8.354700855,0,-0.02170839317,-8.354700855,-0.02170839317,1.253205128,1.253205128,0,0,1,0,229.3547009,229.3547009,0,192,264,0.6540470123
295,0,221,215,-8.354700855,-14.35470085,-0.02170839317,-0.03729846172,-6,-0.01559006855,0,26,1,11,0,0,229.3547009,229.3547009,0,192,265,0.6563930511
296,0,229.3547009,221,2.842170943e-14,-8.354700855,7.384939972e-17,-0.02170839317,-8.354700855,-0.02170839317,1.670940171,1.670940171,0,0,1,0,229.3547009,229.3547009,0,192,266,0.6586582661
297,0,221,219,-8.354700855,-10.35470085,-0.02170839317,-0.02690508269,-2,-0.005196689516,0,20,1,7,0,0,229.3547009,229.3547009,0,192,267,0.6610949039
298,0,229.3547009,232,0,2.645299145,0,0.006873399168,2.645299145,0.006873399168,0.5569050832,0.5569050832,0,0,1,0,229.3547009,229.3547009,0,192,268,0.6632425785
299,0,229.3547009,227,0,-2.354700855,0,-0.006118324623,-2.354700855,-0.006118324623,0.4709401709,0.4709401709,0,0,1,0,229.3547009,229.3547009,0,192,269,0.6654369831
300,0,227,227,-2.354700855,-2.354700855,-0.006118324623,-0.006118324623,0,0,0,20,1,5,0,0,229.3547009,229.3547009,0,192,270,0.6680383682
301,0,229.3547009,230,0,0.6452991453,0,0.001676709652,0.6452991453,0.001676709652,0.02933177933,0.02933177933,0,0,1,0,229.3547009,229.3547009,0,192,271,0.6701667309
302,0,229.3547009,2397,0,2167.645299,0,5.632289801,2167.645299,5.632289801,0.02933177933,22.97066822,0,0,1,0,229.3547009,229.3547009,0,192,272,0.6721315384
303,0,229.3547009,208,0,-21.35470085,0,-0.05548687503,-21.35470085,-0.05548687503,0.215704049,0.215704049,0,0,1,0,229.3547009,229.3547009,0,192,273,0.6743505001
304,0,208,199,-21.35470085,-30.35470085,-0.05548687503,-0.07887197785,-9,-0.02338510282,0,28,1,10,0,0,229.3547009,229.3547009,0,192,274,0.6763758659
305,0,229.3547009,226,0,-3.354700855,0,-0.008716669381,-3.354700855,-0.008716669381,0.272002772,0.272002772,0,0,1,0,229.3547009,229.3547009,0,192,275,0.6786000729
306,0,226,230,-3.354700855,0.6452991453,-0.008716669381,0.001676709652,4,0.01039337903,0,12,1,3,0,0,229.3547009,229.3547009,0,192,276,0.6813907623
307,0,229.3547009,231,0,1.645299145,0,0.00427505441,1.645299145,0.00427505441,0.07478632479,0.07478632479,0,0,1,0,229.3547009,229.3547009,0,192,277,0.6834750175
308,0,229.3547009,2596,0,2366.645299,0,6.149360407,2366.645299,6.149360407,0.07478632479,24.92521368,0,0,1,0,229.3547009,229.3547009,0,192,278,0.6854691505
309,0,229.3547009,209,0,-20.35470085,0,-0.05288853027,-20.35470085,-0.05288853027,0.2056030389,0.2056030389,0,0,1,0,229.3547009,229.3547009,0,192,279,0.6875784397
310,0,209,195,-20.35470085,-34.35470085,-0.05288853027,-0.08926535688,-14,-0.03637682661,0,29,1,12,0,0,229.3547009,229.3547009,0,192,280,0.6896026134
311,0,229.3547009,223,0,-6.354700855,0,-0.01651170366,-6.354700855,-0.01651170366,2.184428419,2.184428419,0,0,1,0,229.3547009,229.3547009,0,192,281,0.6918332577
312,0,223,225,-6.354700855,-4.354700855,-0.01651170366,-0.01131501414,2,0.005196689516,0,13,1,12,0,0,229.3547009,229.3547009,0,192,282,0.6945166588
313,0,229.3547009,229,0,-0.3547008547,0,-0.0009216351065,-0.3547008547,-0.0009216351065,0.03027934125,0.03027934125,0,0,1,0,229.3547009,229.3547009,0,192,283,0.6968407631
314,0,229,221,-0.3547008547,-8.354700855,-0.0009216351065,-0.02170839317,-8,-0.02078675807,0,10,1,13,0,0,229.3547009,229.3547009,0,192,284,0.6992044449
315,0,229.3547009,225,0,-4.354700855,0,-0.01131501414,-4.354700855,-0.01131501414,0.3190257036,0.3190257036,0,0,1,0,229.3547009,229.3547009,0,192,285,0.7014021873
316,0,225,221,-4.354700855,-8.354700855,-0.01131501414,-0.02170839317,-4,-0.01039337903,0,14,1,13,0,0,229.3547009,229.3547009,0,192,286,0.7038710117
317,0,229.3547009,227,0,-2.354700855,0,-0.006118324623,-2.354700855,-0.006118324623,0.1503000546,0.1503000546,0,0,1,0,229.3547009,229.3547009,0,192,287,0.706045866
318,0,227,223,-2.354700855,-6.354700855,-0.006118324623,-0.01651170366,-4,-0.01039337903,0,16,1,11,0,0,229.3547009,229.3547009,0,192,288,0.7085351944
319,0,229.3547009,227,0,-2.354700855,0,-0.006118324623,-2.354700855,-0.006118324623,0.3210955711,0.3210955711,0,0,1,0,229.3547009,229.3547009,0,192,289,0.710668087
320,0,227,231,-2.354700855,1.645299145,-0.006118324623,0.00427505441,4,0.01039337903,0,12,1,5,0,0,229.3547009,229.3547009,0,192,290,0.7130932808
321,0,229.3547009,233,0,3.645299145,0,0.009471743926,3.645299145,0.009471743926,0.1656954157,0.1656954157,0,0,1,0,229.3547009,229.3547009,0,192,291,0.7150814533
322,0,229.3547009,2696,0,2466.645299,0,6.409194883,2466.645299,6.409194883,0.1656954157,25.83430458,0,0,1,0,229.3547009,229.3547009,0,192,292,0.7170801163
323,0,229.3547009,211,0,-18.35470085,0,-0.04769184075,-18.35470085,-0.04769184075,0.1872928659,0.1872928659,0,0,1,0,229.3547009,229.3547009,0,192,293,0.7191596031
324,0,211,195,-18.35470085,-34.35470085,-0.04769184075,-0.08926535688,-16,-0.04157351613,0,24,1,14,0,0,229.3547009,229.3547009,0,192,294,0.721146822
325,0,229.3547009,206,0,-23.35470085,0,-0.06068356454,-23.35470085,-0.06068356454,0.9697453642,0.9697453642,0,0,1,0,229.3547009,229.3547009,0,192,295,0.7235443592
326,0,206,210,-23.35470085,-19.35470085,-0.06068356454,-0.05029018551,4,0.01039337903,0,15,1,6,0,0,229.3547009,229.3547009,0,192,296,0.7258834839
327,0,229.3547009,212,0,-17.35470085,0,-0.045093496,-17.35470085,-0.045093496,1.419351304,1.419351304,1,1,0,0,229.3547009,229.3547009,0,192,297,0.7280089855
328,0,229.3547009,213,0,-16.35470085,0,-0.04249515124,-16.35470085,-0.04249515124,0.6413608178,0.6413608178,0,0,1,0,229.3547009,229.3547009,0,192,298,0.7302696705
329,0,213,206,-16.35470085,-23.35470085,-0.04249515124,-0.06068356454,-7,-0.01818841331,0,11,1,9,0,0,229.3547009,229.3547009,0,192,299,0.7324001789
330,0,229.3547009,208,0,-21.35470085,0,-0.05548687503,-21.35470085,-0.05548687503,2.038505146,2.038505146,1,2,0,0,229.3547009,229.3547009,0,192,300,0.7345123291
331,0,220,220,-9.354700855,-9.354700855,-0.02430673793,-0.02430673793,0,0,0,0,0,0,1,0,229.3547009,229.3547009,0,192,301,0.7371838093
332,0,220,227,-9.354700855,-2.354700855,-0.02430673793,-0.006118324623,7,0.01818841331,0,30,1,8,0,0,229.3547009,229.3547009,0,192,302,0.7391998768
333,0,229.3547009,233,0,3.645299145,0,0.009471743926,3.645299145,0.009471743926,0.3037749288,0.3037749288,0,0,1,0,229.3547009,229.3547009,0,192,303,0.7412641048
334,0,229.3547009,2608,0,2378.645299,0,6.180540545,2378.645299,6.180540545,0.3037749288,24.69622507,0,0,1,0,229.3547009,229.3547009,0,192,304,0.7432656288
335,0,229.3547009,221,0,-8.354700855,0,-0.02170839317,-8.354700855,-0.02170839317,0.08439091772,0.08439091772,0,0,1,0,229.3547009,229.3547009,0,192,305,0.7454328537
336,0,221,214,-8.354700855,-15.35470085,-0.02170839317,-0.03989680648,-7,-0.01818841331,0,11,1,10,0,0,229.3547009,229.3547009,0,192,306,0.7474274635
337,0,229.3547009,217,0,-12.35470085,0,-0.0321017722,-12.35470085,-0.0321017722,1.065060419,1.065060419,0,0,1,0,229.3547009,229.3547009,0,192,307,0.7494423389
338,0,217,213,-12.35470085,-16.35470085,-0.0321017722,-0.04249515124,-4,-0.01039337903,0,23,1,7,0,0,229.3547009,229.3547009,0,192,308,0.7516262531
339,0,229.3547009,218,0,-11.35470085,0,-0.02950342745,-11.35470085,-0.02950342745,1.577041785,1.577041785,0,0,1,0,229.3547009,229.3547009,0,192,309,0.7537119389
340,0,218,210,-11.35470085,-19.35470085,-0.02950342745,-0.05029018551,-8,-0.02078675807,0,24,1,12,0,0,229.3547009,229.3547009,0,192,310,0.7560501099
341,0,229.3547009,214,0,-15.35470085,0,-0.03989680648,-15.35470085,-0.03989680648,2.133265857,2.133265857,1,1,0,0,229.3547009,229.3547009,0,192,311,0.7581665516
342,0,229.3547009,215,0,-14.35470085,0,-0.03729846172,-14.35470085,-0.03729846172,0.8971688034,0.8971688034,0,0,1,0,229.3547009,229.3547009,0,192,312,0.7608444691
343,0,215,219,-14.35470085,-10.35470085,-0.03729846172,-0.02690508269,4,0.01039337903,0,17,1,7,0,0,229.3547009,229.3547009,0,192,313,0.762976408
344,0,229.3547009,222,0,-7.354700855,0,-0.01911004841,-7.354700855,-0.01911004841,0.942910366,0.942910366,0,0,1,0,229.3547009,229.3547009,0,192,314,0.7649817467
345,0,222,215,-7.354700855,-14.35470085,-0.01911004841,-0.03729846172,-7,-0.01818841331,0,11,1,10,0,0,229.3547009,229.3547009,0,192,315,0.7673325539
346,0,229.3547009,218,0,-11.35470085,0,-0.02950342745,-11.35470085,-0.02950342745,0.5469007292,0.5469007292,0,0,1,0,229.3547009,229.3547009,0,192,316,0.7694990635
347,0,218,208,-11.35470085,-21.35470085,-0.02950342745,-0.05548687503,-10,-0.02598344758,0,27,1,10,0,0,229.3547009,229.3547009,0,192,317,0.7718219757
348,0,229.3547009,231,0,1.645299145,0,0.00427505441,1.645299145,0.00427505441,0.3525641026,0.3525641026,0,0,1,0,229.3547009,229.3547009,0,192,318,0.7739708424
349,0,229.3547009,1122,0,892.6452991,0,2.319400234,892.6452991,2.319400234,0.2056623932,9.794337607,0,0,1,0,229.3547009,229.3547009,0,192,319,0.7760899067
350,0,229.3547009,223,0,-6.354700855,0,-0.01651170366,-6.354700855,-0.01651170366,0.06418889752,0.06418889752,0,0,1,0,229.3547009,229.3547009,0,192,320,0.7783508301
351,0,223,217,-6.354700855,-12.35470085,-0.01651170366,-0.0321017722,-6,-0.01559006855,0,14,1,11,0,0,229.3547009,229.3547009,0,192,321,0.7804715633
352,0,229.3547009,222,0,-7.354700855,0,-0.01911004841,-7.354700855,-0.01911004841,0.9193376068,0.9193376068,0,0,1,0,229.3547009,229.3547009,0,192,322,0.7826015949
353,0,222,218,-7.354700855,-11.35470085,-0.01911004841,-0.02950342745,-4,-0.01039337903,0,14,1,9,0,0,229.3547009,229.3547009,0,192,323,0.78515625
354,0,229.3547009,222,0,-7.354700855,0,-0.01911004841,-7.354700855,-0.01911004841,1.751119251,1.751119251,0,0,1,0,229.3547009,229.3547009,0,192,324,0.7872662544
355,0,222,218,-7.354700855,-11.35470085,-0.01911004841,-0.02950342745,-4,-0.01039337903,0,14,1,10,0,0,229.3547009,229.3547009,0,192,325,0.7894933224
356,0,229.3547009,10635,0,10405.6453,0,27.03745392,10405.6453,27.03745392,0.6304029304,214.3695971,0,0,1,0,229.3547009,229.3547009,0,192,326,0.7916543484
357,0,229.3547009,204,0,-25.35470085,0,-0.06588025406,-25.35470085,-0.06588025406,2.022353715,2.022353715,1,5,0,0,229.3547009,229.3547009,0,192,327,0.7940139771
358,0,229.3547009,642,0,412.6452991,0,1.07219475,412.6452991,1.07219475,2.022353715,7.977646285,0,0,1,0,229.3547009,229.3547009,0,192,328,0.7962582111
359,0,229.3547009,227,0,-2.354700855,0,-0.006118324623,-2.354700855,-0.006118324623,0.156980057,0.156980057,0,0,1,0,229.3547009,229.3547009,0,192,329,0.7989692688
360,0,227,223,-2.354700855,-6.354700855,-0.006118324623,-0.01651170366,-4,-0.01039337903,0,20,1,7,0,0,229.3547009,229.3547009,0,192,330,0.8012135029
361,0,229.3547009,232,0,2.645299145,0,0.006873399168,2.645299145,0.006873399168,0.2645299145,0.2645299145,0,0,1,0,229.3547009,229.3547009,0,192,331,0.8034822941
362,0,229.3547009,2411,0,2181.645299,0,5.668666627,2181.645299,5.668666627,0.2645299145,22.73547009,0,0,1,0,229.3547009,229.3547009,0,192,332,0.8055539131
363,0,229.3547009,222,0,-7.354700855,0,-0.01911004841,-7.354700855,-0.01911004841,0.07428990762,0.07428990762,0,0,1,0,229.3547009,229.3547009,0,192,333,0.8079943657
364,0,222,209,-7.354700855,-20.35470085,-0.01911004841,-0.05288853027,-13,-0.03377848186,0,30,1,11,0,0,229.3547009,229.3547009,0,192,334,0.810302496
365,0,229.3547009,224,0,-5.354700855,0,-0.0139133589,-5.354700855,-0.0139133589,2.192663818,2.192663818,1,1,0,0,229.3547009,229.3547009,0,192,335,0.8126261234
366,0,226,226,-3.354700855,-3.354700855,-0.008716669381,-0.008716669381,0,0,0,0,0,0,1,0,229.3547009,229.3547009,0,192,336,0.8148684502
367,0,226,220,-3.354700855,-9.354700855,-0.008716669381,-0.02430673793,-6,-0.01559006855,0,19,1,7,0,0,229.3547009,229.3547009,0,192,337,0.8168435097
368,0,229.3547009,223,0,-6.354700855,0,-0.01651170366,-6.354700855,-0.01651170366,0.4404248117,0.4404248117,0,0,1,0,229.3547009,229.3547009,0,192,338,0.8191232681
369,0,223,220,-6.354700855,-9.354700855,-0.01651170366,-0.02430673793,-3,-0.007795034274,0,11,1,11,0,0,229.3547009,229.3547009,0,192,339,0.8214912415
370,0,229.3547009,225,-2.842170943e-14,-4.354700855,-7.384939972e-17,-0.01131501414,-4.354700855,-0.01131501414,1.360844017,1.360844017,0,0,1,0,229.3547009,229.3547009,0,192,340,0.8236682415
371,0,225,219,-4.354700855,-10.35470085,-0.01131501414,-0.02690508269,-6,-0.01559006855,0,12,1,11,0,0,229.3547009,229.3547009,0,192,341,0.8262786865
372,0,229.3547009,223,0,-6.354700855,0,-0.01651170366,-6.354700855,-0.01651170366,1.803205128,1.803205128,1,1,0,0,229.3547009,229.3547009,0,192,342,0.8286633492
373,0,224,224,-5.354700855,-5.354700855,-0.0139133589,-0.0139133589,0,0,0,0,0,0,1,0,229.3547009,229.3547009,0,192,343,0.8309061527
374,0,224,221,-5.354700855,-8.354700855,-0.0139133589,-0.02170839317,-3,-0.007795034274,0,11,1,11,0,0,229.3547009,229.3547009,0,192,344,0.832849741
375,0,229.3547009,226,-2.842170943e-14,-3.354700855,-7.384939972e-17,-0.008716669381,-3.354700855,-0.008716669381,1.048344017,1.048344017,0,0,1,0,229.3547009,229.3547009,0,192,345,0.83502388
376,0,226,226,-3.354700855,-3.354700855,-0.008716669381,-0.008716669381,0,0,0,29,1,7,0,0,229.3547009,229.3547009,0,192,346,0.8373587132
377,0,229.3547009,227,0,-2.354700855,0,-0.006118324623,-2.354700855,-0.006118324623,0.3924501425,0.3924501425,0,0,1,0,229.3547009,229.3547009,0,192,347,0.8396751881
378,0,227,228,-2.354700855,-1.354700855,-0.006118324623,-0.003519979865,1,0.002598344758,0,11,1,5,0,0,229.3547009,229.3547009,0,192,348,0.8420183659
379,0,229.3547009,230,0,0.6452991453,0,0.001676709652,0.6452991453,0.001676709652,0.1075498575,0.1075498575,0,0,1,0,229.3547009,229.3547009,0,192,349,0.8442144394
380,0,229.3547009,2905,0,2675.645299,0,6.952248938,2675.645299,6.952248938,0.1075498575,27.89245014,0,0,1,0,229.3547009,229.3547009,0,192,350,0.8462128639
381,0,229.3547009,224,0,-5.354700855,0,-0.0139133589,-5.354700855,-0.0139133589,0.05463980464,0.05463980464,0,0,1,0,229.3547009,229.3547009,0,192,351,0.8486192226
382,0,224,207,-5.354700855,-22.35470085,-0.0139133589,-0.05808521979,-17,-0.04417186089,0,28,1,10,0,0,229.3547009,229.3547009,0,192,352,0.8506858349
383,0,229.3547009,226,0,-3.354700855,0,-0.008716669381,-3.354700855,-0.008716669381,1.31270903,1.31270903,0,0,1,0,229.3547009,229.3547009,0,192,353,0.8528411388
384,0,226,234,-3.354700855,4.645299145,-0.008716669381,0.01207008868,8,0.02078675807,0,15,1,2,0,0,229.3547009,229.3547009,0,192,354,0.8553078175
385,0,229.3547009,235,0,5.645299145,0,0.01466843344,5.645299145,0.01466843344,0.4704415954,0.4704415954,0,0,1,0,229.3547009,229.3547009,0,192,355,0.8573663235
386,0,229.3547009,3002,0,2772.645299,0,7.204288379,2772.645299,7.204288379,0.4704415954,28.5295584,0,0,1,0,229.3547009,229.3547009,0,192,356,0.859307766
387,0,229.3547009,223,0,-6.354700855,0,-0.01651170366,-6.354700855,-0.01651170366,0.06484388627,0.06484388627,0,0,1,0,229.3547009,229.3547009,0,192,357,0.8615217209
388,0,223,211,-6.354700855,-18.35470085,-0.01651170366,-0.04769184075,-12,-0.0311801371,0,22,1,7,0,0,229.3547009,229.3547009,0,192,358,0.8635222912
389,0,229.3547009,225,2.842170943e-14,-4.354700855,7.384939972e-17,-0.01131501414,-4.354700855,-0.01131501414,0.7023711056,0.7023711056,0,0,1,0,229.3547009,229.3547009,0,192,359,0.8656721115
390,0,225,226,-4.354700855,-3.354700855,-0.01131501414,-0.008716669381,1,0.002598344758,0,30,1,7,0,0,229.3547009,229.3547009,0,192,360,0.8684113026
391,0,229.3547009,233,0,3.645299145,0,0.009471743926,3.645299145,0.009471743926,0.2804076266,0.2804076266,0,0,1,0,229.3547009,229.3547009,0,192,361,0.8705587387
392,0,229.3547009,1317,0,1087.645299,0,2.826077462,1087.645299,2.826077462,0.2804076266,11.71959237,0,0,1,0,229.3547009,229.3547009,0,192,362,0.8725833893
393,0,229.3547009,220,0,-9.354700855,0,-0.02430673793,-9.354700855,-0.02430673793,0.09449192783,0.09449192783,0,0,1,0,229.3547009,229.3547009,0,192,363,0.8748152256
394,0,220,204,-9.354700855,-25.35470085,-0.02430673793,-0.06588025406,-16,-0.04157351613,0,26,1,12,0,0,229.3547009,229.3547009,0,192,364,0.8768074512
395,0,229.3547009,224,0,-5.354700855,0,-0.0139133589,-5.354700855,-0.0139133589,2.6915823,2.6915823,1,1,0,0,229.3547009,229.3547009,0,192,365,0.8791255951
396,0,225,225,-4.354700855,-4.354700855,-0.01131501414,-0.01131501414,0,0,0,0,0,0,1,0,229.3547009,229.3547009,0,192,366,0.8814258575
397,0,225,235,-4.354700855,5.645299145,-0.01131501414,0.01466843344,10,0.02598344758,0,19,1,3,0,0,229.3547009,229.3547009,0,192,367,0.88337183
398,0,229.3547009,228,0,-1.354700855,0,-0.003519979865,-1.354700855,-0.003519979865,0.4515669516,0.4515669516,0,0,1,0,229.3547009,229.3547009,0,192,368,0.8854942322
399,0,228,214,-1.354700855,-15.35470085,-0.003519979865,-0.03989680648,-14,-0.03637682661,0,20,1,6,0,0,229.3547009,229.3547009,0,192,369,0.8878335953
400,0,229.3547009,229,0,-0.3547008547,0,-0.0009216351065,-0.3547008547,-0.0009216351065,0.0214970215,0.0214970215,0,0,1,0,229.3547009,229.3547009,0,192,370,0.8898723125
401,0,229,235,-0.3547008547,5.645299145,-0.0009216351065,0.01466843344,6,0.01559006855,0,17,1,2,0,0,229.3547009,229.3547009,0,192,371,0.8922457695
402,0,229.3547009,236,0,6.645299145,0,0.0172667782,6.645299145,0.0172667782,0.4746642247,0.4746642247,0,0,1,0,229.3547009,229.3547009,0,192,372,0.8942217827
403,0,229.3547009,1817,0,1587.645299,0,4.125249841,1587.645299,4.125249841,0.4746642247,16.52533578,0,0,1,0,229.3547009,229.3547009,0,192,373,0.8961791992
404,0,229.3547009,222,0,-7.354700855,0,-0.01911004841,-7.354700855,-0.01911004841,0.07428990762,0.07428990762,0,0,1,0,229.3547009,229.3547009,0,192,374,0.8983590603
405,0,222,214,-7.354700855,-15.35470085,-0.01911004841,-0.03989680648,-8,-0.02078675807,0,15,1,7,0,0,229.3547009,229.3547009,0,192,375,0.9003605843
406,0,229.3547009,229,0,-0.3547008547,0,-0.0009216351065,-0.3547008547,-0.0009216351065,0.0214970215,0.0214970215,0,0,1,0,229.3547009,229.3547009,0,192,376,0.9023995399
407,0,229,241,-0.3547008547,11.64529915,-0.0009216351065,0.03025850199,12,0.0311801371,0,22,1,2,0,0,229.3547009,229.3547009,0,192,377,0.9045228958
408,0,229.3547009,228,0,-1.354700855,0,-0.003519979865,-1.354700855,-0.003519979865,0.09676434676,0.09676434676,0,0,1,0,229.3547009,229.3547009,0,192,378,0.9065308571
409,0,228,224,-1.354700855,-5.354700855,-0.003519979865,-0.0139133589,-4,-0.01039337903,0,13,1,4,0,0,229.3547009,229.3547009,0,192,379,0.9090065956
410,0,227,227,-2.354700855,-2.354700855,-0.006118324623,-0.006118324623,0,0,0,0,0,0,1,0,229.3547009,229.3547009,0,192,380,0.9110496044
411,0,227,213,-2.354700855,-16.35470085,-0.006118324623,-0.04249515124,-14,-0.03637682661,0,29,1,6,0,0,229.3547009,229.3547009,0,192,381,0.913018465
412,0,229.3547009,225,0,-4.354700855,0,-0.01131501414,-4.354700855,-0.01131501414,0.1280794369,0.1280794369,0,0,1,0,229.3547009,229.3547009,0,192,382,0.9150066376
413,0,225,233,-4.354700855,3.645299145,-0.01131501414,0.009471743926,8,0.02078675807,0,25,1,4,0,0,229.3547009,229.3547009,0,192,383,0.9172894955
414,0,229.3547009,228,0,-1.354700855,0,-0.003519979865,-1.354700855,-0.003519979865,0.5805860806,0.5805860806,0,0,1,0,229.3547009,229.3547009,0,192,384,0.9195411205
415,0,228,222,-1.354700855,-7.354700855,-0.003519979865,-0.01911004841,-6,-0.01559006855,0,27,1,5,0,0,229.3547009,229.3547009,0,192,385,0.9219236374
416,0,229.3547009,232,0,2.645299145,0,0.006873399168,2.645299145,0.006873399168,0.2404817405,0.2404817405,0,0,1,0,229.3547009,229.3547009,0,192,386,0.9240305424
417,0,229.3547009,2311,0,2081.645299,0,5.408832151,2081.645299,5.408832151,0.2404817405,21.75951826,0,0,1,0,229.3547009,229.3547009,0,192,387,0.9261276722
418,0,229.3547009,221,0,-8.354700855,0,-0.02170839317,-8.354700855,-0.02170839317,0.08439091772,0.08439091772,0,0,1,0,229.3547009,229.3547009,0,192,388,0.9282712936
419,0,221,233,-8.354700855,3.645299145,-0.02170839317,0.009471743926,12,0.0311801371,0,23,1,3,0,0,229.3547009,229.3547009,0,192,389,0.9302508831
420,0,229.3547009,225,0,-4.354700855,0,-0.01131501414,-4.354700855,-0.01131501414,0.4838556505,0.4838556505,0,0,1,0,229.3547009,229.3547009,0,192,390,0.9323055744
421,0,225,207,-4.354700855,-22.35470085,-0.01131501414,-0.05808521979,-18,-0.04677020565,0,25,1,5,0,0,229.3547009,229.3547009,0,192,391,0.9345784187
422,0,217,217,-12.35470085,-12.35470085,-0.0321017722,-0.0321017722,0,0,0,0,0,0,1,0,229.3547009,229.3547009,0,192,392,0.9365386963
423,0,217,229,-12.35470085,-0.3547008547,-0.0321017722,-0.0009216351065,12,0.0311801371,0,23,1,3,0,0,229.3547009,229.3547009,0,192,393,0.9385545254
424,0,229.3547009,230,0,0.6452991453,0,0.001676709652,0.6452991453,0.001676709652,0.07169990503,0.07169990503,0,0,1,0,229.3547009,229.3547009,0,192,394,0.9406192303
425,0,229.3547009,1915,0,1685.645299,0,4.379887627,1685.645299,4.379887627,0.07169990503,17.92830009,0,0,1,0,229.3547009,229.3547009,0,192,395,0.9425747395
426,0,229.3547009,221,0,-8.354700855,0,-0.02170839317,-8.354700855,-0.02170839317,0.08439091772,0.08439091772,0,0,1,0,229.3547009,229.3547009,0,192,396,0.9448280334
427,0,221,198,-8.354700855,-31.35470085,-0.02170839317,-0.08147032261,-23,-0.05976192944,0,30,1,12,0,0,229.3547009,229.3547009,0,192,397,0.9468343258
428,0,229.3547009,222,0,-7.354700855,0,-0.01911004841,-7.354700855,-0.01911004841,0.216314731,0.216314731,0,0,1,0,229.3547009,229.3547009,0,192,398,0.9490535259
429,0,222,232,-7.354700855,2.645299145,-0.01911004841,0.006873399168,10,0.02598344758,0,24,1,4,0,0,229.3547009,229.3547009,0,192,399,0.9513263702
430,0,229.3547009,227,0,-2.354700855,0,-0.006118324623,-2.354700855,-0.006118324623,1.009157509,1.009157509,0,0,1,0,229.3547009,229.3547009,0,192,400,0.9534902573
431,0,227,213,-2.354700855,-16.35470085,-0.006118324623,-0.04249515124,-14,-0.03637682661,0,25,1,6,0,0,229.3547009,229.3547009,0,192,401,0.9558501244
432,0,223,223,-6.354700855,-6.354700855,-0.01651170366,-0.01651170366,0,0,0,0,0,0,1,0,229.3547009,229.3547009,0,192,402,0.9578001499
433,0,223,220,-6.354700855,-9.354700855,-0.01651170366,-0.02430673793,-3,-0.007795034274,0,11,1,8,0,0,229.3547009,229.3547009,0,192,403,0.9598283768
434,0,229.3547009,222,0,-7.354700855,0,-0.01911004841,-7.354700855,-0.01911004841,1.302604803,1.302604803,1,1,0,0,229.3547009,229.3547009,0,192,404,0.9618451595
435,0,224,224,-5.354700855,-5.354700855,-0.0139133589,-0.0139133589,0,0,0,0,0,0,1,0,229.3547009,229.3547009,0,192,405,0.9640507698
436,0,224,232,-5.354700855,2.645299145,-0.0139133589,0.006873399168,8,0.02078675807,0,22,1,8,0,0,229.3547009,229.3547009,0,192,406,0.9659917355
437,0,229.3547009,224,0,-5.354700855,0,-0.0139133589,-5.354700855,-0.0139133589,0.4462250712,0.4462250712,0,0,1,0,229.3547009,229.3547009,0,192,407,0.9680495262
438,0,224,208,-5.354700855,-21.35470085,-0.0139133589,-0.05548687503,-16,-0.04157351613,0,22,1,9,0,0,229.3547009,229.3547009,0,192,408,0.9703333378
439,0,229.3547009,225,0,-4.354700855,0,-0.01131501414,-4.354700855,-0.01131501414,1.550082471,1.550082471,1,1,0,0,229.3547009,229.3547009,0,192,409,0.9729502201
440,0,227,227,-2.354700855,-2.354700855,-0.006118324623,-0.006118324623,0,0,0,0,0,0,1,0,229.3547009,229.3547009,0,192,410,0.9751431942
441,0,227,231,-2.354700855,1.645299145,-0.006118324623,0.00427505441,4,0.01039337903,0,14,1,7,0,0,229.3547009,229.3547009,0,192,411,0.977086544
442,0,229.3547009,233,0,3.645299145,0,0.009471743926,3.645299145,0.009471743926,0.243019943,0.243019943,0,0,1,0,229.3547009,229.3547009,0,192,412,0.9791312218
443,0,229.3547009,2506,0,2276.645299,0,5.915509379,2276.645299,5.915509379,0.243019943,23.75698006,0,0,1,0,229.3547009,229.3547009,0,192,413,0.9810767174
444,0,229.3547009,218,0,-11.35470085,0,-0.02950342745,-11.35470085,-0.02950342745,0.114693948,0.114693948,0,0,1,0,229.3547009,229.3547009,0,192,414,0.9832177162
445,0,218,217,-11.35470085,-12.35470085,-0.02950342745,-0.0321017722,-1,-0.002598344758,0,30,1,7,0,0,229.3547009,229.3547009,0,192,415,0.9852428436
446,0,229.3547009,231,0,1.645299145,0,0.00427505441,1.645299145,0.00427505441,0.1495726496,0.1495726496,0,0,1,0,229.3547009,229.3547009,0,192,416,0.9874675274
447,0,229.3547009,2901,0,2671.645299,0,6.941855559,2671.645299,6.941855559,0.1495726496,27.85042735,0,0,1,0,229.3547009,229.3547009,0,192,417,0.9895133972
448,0,229.3547009,220,0,-9.354700855,0,-0.02430673793,-9.354700855,-0.02430673793,0.09545613117,0.09545613117,0,0,1,0,229.3547009,229.3547009,0,192,418,0.9917354584
449,0,220,222,-9.354700855,-7.354700855,-0.02430673793,-0.01911004841,2,0.005196689516,0,15,1,7,0,0,229.3547009,229.3547009,0,192,419,0.9938204288
450,0,224,224,-5.354700855,-5.354700855,-0.0139133589,-0.0139133589,0,0,0,0,0,0,1,0,229.3547009,229.3547009,0,192,420,0.9957916737
451,0,224,216,-5.354700855,-13.35470085,-0.0139133589,-0.03470011696,-8,-0.02078675807,0,20,1,5,0,0,229.3547009,229.3547009,0,192,421,0.9979152679
452,0,229.3547009,218,0,-11.35470085,0,-0.02950342745,-11.35470085,-0.02950342745,0.3291217639,0.3291217639,0,0,1,0,229.3547009,229.3547009,0,192,422,0.9999837875
453,0,218,222,-11.35470085,-7.354700855,-0.02950342745,-0.01911004841,4,0.01039337903,0,16,1,6,0,0,229.3547009,229.3547009,0,192,423,1.002044201
454,0,224,224,-5.354700855,-5.354700855,-0.0139133589,-0.0139133589,0,0,0,0,0,0,1,0,229.3547009,229.3547009,0,192,424,1.004039049
455,0,224,214,-5.354700855,-15.35470085,-0.0139133589,-0.03989680648,-10,-0.02598344758,0,19,1,6,0,0,229.3547009,229.3547009,0,192,425,1.006032467
456,0,229.3547009,239,0,9.645299145,0,0.02506181248,9.645299145,0.02506181248,0.8387216648,0.8387216648,0,0,1,0,229.3547009,229.3547009,0,192,426,1.008032322
457,0,229.3547009,2604,0,2374.645299,0,6.170147166,2374.645299,6.170147166,0.8387216648,25.16127834,0,0,1,0,229.3547009,229.3547009,0,192,427,1.010143518
458,0,229.3547009,216,0,-13.35470085,0,-0.03470011696,-13.35470085,-0.03470011696,0.1348959682,0.1348959682,0,0,1,0,229.3547009,229.3547009,0,192,428,1.012347221
459,0,216,216,-13.35470085,-13.35470085,-0.03470011696,-0.03470011696,0,0,0,12,1,8,0,0,229.3547009,229.3547009,0,192,429,1.014409542
460,0,229.3547009,220,0,-9.354700855,0,-0.02430673793,-9.354700855,-0.02430673793,0.2562931741,0.2562931741,0,0,1,0,229.3547009,229.3547009,0,192,430,1.016555071
461,0,220,218,-9.354700855,-11.35470085,-0.02430673793,-0.02950342745,-2,-0.005196689516,0,25,1,8,0,0,229.3547009,229.3547009,0,192,431,1.018917799
462,0,229.3547009,224,0,-5.354700855,0,-0.0139133589,-5.354700855,-0.0139133589,0.1940936344,0.1940936344,0,0,1,0,229.3547009,229.3547009,0,192,432,1.021044731
463,0,224,222,-5.354700855,-7.354700855,-0.0139133589,-0.01911004841,-2,-0.005196689516,0,18,1,2,0,0,229.3547009,229.3547009,0,192,433,1.023488522
464,0,229.3547009,223,0,-6.354700855,0,-0.01651170366,-6.354700855,-0.01651170366,0.7943376068,0.7943376068,0,0,1,0,229.3547009,229.3547009,0,192,434,1.025510311
465,0,223,214,-6.354700855,-15.35470085,-0.01651170366,-0.03989680648,-9,-0.02338510282,0,30,1,8,0,0,229.3547009,229.3547009,0,192,435,1.027723551
466,0,229.3547009,234,0,4.645299145,0,0.01207008868,4.645299145,0.01207008868,1.413786696,1.413786696,0,0,1,0,229.3547009,229.3547009,0,192,436,1.02984643
467,0,229.3547009,700,0,470.6452991,0,1.222898746,470.6452991,1.222898746,0.7432478632,10.25675214,1,1,0,0,229.3547009,229.3547009,0,192,437,1.032126665
468,0,229.3547009,204,0,-25.35470085,0,-0.06588025406,-25.35470085,-0.06588025406,0.2535470085,0.2535470085,0,0,1,0,229.3547009,229.3547009,0,192,438,1.034451485
469,0,204,200,-25.35470085,-29.35470085,-0.06588025406,-0.07627363309,-4,-0.01039337903,0,10,1,9,0,0,229.3547009,229.3547009,0,192,439,1.036715508
470,0,229.3547009,217,0,-12.35470085,0,-0.0321017722,-12.35470085,-0.0321017722,0.6748366013,0.6748366013,0,0,1,0,229.3547009,229.3547009,0,192,440,1.038865566
471,0,217,223,-12.35470085,-6.354700855,-0.0321017722,-0.01651170366,6,0.01559006855,0,29,1,4,0,0,229.3547009,229.3547009,0,192,441,1.041566849
472,0,229.3547009,227,0,-2.354700855,0,-0.006118324623,-2.354700855,-0.006118324623,0.7358440171,0.7358440171,0,0,1,0,229.3547009,229.3547009,0,192,442,1.04358983
473,0,227,223,-2.354700855,-6.354700855,-0.006118324623,-0.01651170366,-4,-0.01039337903,0,17,1,7,0,0,229.3547009,229.3547009,0,192,443,1.045740128
474,0,226,224,-3.354700855,-5.354700855,-0.008716669381,-0.0139133589,-2,-0.005196689516,1.5,1.5,1,4,0,0,229.3547009,229.3547009,0,192,444,1.047759295
475,0,226,2714,-3.354700855,2484.645299,-0.008716669381,6.455965089,2488,6.464681758,1.5,26.5,0,0,1,0,229.3547009,229.3547009,0,192,445,1.049764872
476,0,229.3547009,228,0,-1.354700855,0,-0.003519979865,-1.354700855,-0.003519979865,0.01382347811,0.01382347811,0,0,1,0,229.3547009,229.3547009,0,192,446,1.051765203
477,0,228,228,-1.354700855,-1.354700855,-0.003519979865,-0.003519979865,0,0,0,12,1,5,0,0,229.3547009,229.3547009,0,192,447,1.053769588
478,0,229.3547009,230,0,0.6452991453,0,0.001676709652,0.6452991453,0.001676709652,0.04301994302,0.04301994302,0,0,1,0,229.3547009,229.3547009,0,192,448,1.05580163
479,0,229.3547009,2602,0,2372.645299,0,6.164950476,2372.645299,6.164950476,0.04301994302,24.95698006,0,0,1,0,229.3547009,229.3547009,0,192,449,1.05777359
480,0,229.3547009,215,0,-14.35470085,0,-0.03729846172,-14.35470085,-0.03729846172,0.1449969783,0.1449969783,0,0,1,0,229.3547009,229.3547009,0,192,450,1.059906721
481,0,215,205,-14.35470085,-24.35470085,-0.03729846172,-0.0632819093,-10,-0.02598344758,0,23,1,3,0,0,229.3547009,229.3547009,0,192,451,1.061890125
482,0,218,2123,-11.35470085,1893.645299,-0.02950342745,4.920343337,1905,4.949846764,1.5,20.5,0,0,1,0,229.3547009,229.3547009,0,192,452,1.063863754
483,0,229.3547009,231,0,1.645299145,0,0.00427505441,1.645299145,0.00427505441,0.09678230266,0.09678230266,0,0,1,0,229.3547009,229.3547009,0,192,453,1.065851927
484,0,229.3547009,2699,0,2469.645299,0,6.416989918,2469.645299,6.416989918,0.09678230266,25.9032177,0,0,1,0,229.3547009,229.3547009,0,192,454,1.067782164
485,0,229.3547009,214,0,-15.35470085,0,-0.03989680648,-15.35470085,-0.03989680648,0.156680621,0.156680621,0,0,1,0,229.3547009,229.3547009,0,192,455,1.069879532
486,0,214,220,-15.35470085,-9.354700855,-0.03989680648,-0.02430673793,6,0.01559006855,0,26,1,1,0,0,229.3547009,229.3547009,0,192,456,1.0718503
487,0,222,222,-7.354700855,-7.354700855,-0.01911004841,-0.01911004841,0,0,0,0,0,0,1,0,229.3547009,229.3547009,0,192,457,1.073774576
488,0,222,220,-7.354700855,-9.354700855,-0.01911004841,-0.02430673793,-2,-0.005196689516,0,16,1,1,0,0,229.3547009,229.3547009,0,192,458,1.075733662
489,0,229.3547009,230,0,0.6452991453,0,0.001676709652,0.6452991453,0.001676709652,0.1613247863,0.1613247863,0,0,1,0,229.3547009,229.3547009,0,192,459,1.077675343
490,0,229.3547009,2611,0,2381.645299,0,6.188335579,2381.645299,6.188335579,0.1075498575,24.89245014,0,0,1,0,229.3547009,229.3547009,0,192,460,1.079846621
491,0,229.3547009,224,0,-5.354700855,0,-0.0139133589,-5.354700855,-0.0139133589,0.05408788742,0.05408788742,0,0,1,0,229.3547009,229.3547009,0,192,461,1.082110405
492,0,224,218,-5.354700855,-11.35470085,-0.0139133589,-0.02950342745,-6,-0.01559006855,0,26,1,4,0,0,229.3547009,229.3547009,0,192,462,1.084094524
493,0,229.3547009,221,0,-8.354700855,0,-0.02170839317,-8.354700855,-0.02170839317,1.288850039,1.288850039,1,1,0,0,229.3547009,229.3547009,0,192,463,1.08612895
494,0,227,227,-2.354700855,-2.354700855,-0.006118324623,-0.006118324623,0,0,0,0,0,0,1,0,229.3547009,229.3547009,0,192,464,1.088377476
495,0,227,231,-2.354700855,1.645299145,-0.006118324623,0.00427505441,4,0.01039337903,0,22,1,2,0,0,229.3547009,229.3547009,0,192,465,1.090332985
496,0,229.3547009,232,0,2.645299145,0,0.006873399168,2.645299145,0.006873399168,0.2645299145,0.2645299145,0,0,1,0,229.3547009,229.3547009,0,192,466,1.092388391
497,0,229.3547009,2707,0,2477.645299,0,6.437776676,2477.645299,6.437776676,0.2645299145,25.73547009,0,0,1,0,229.3547009,229.3547009,0,192,467,1.09436202
498,0,229.3547009,222,0,-7.354700855,0,-0.01911004841,-7.354700855,-0.01911004841,0.07504796791,0.07504796791,0,0,1,0,229.3547009,229.3547009,0,192,468,1.096465826
499,0,222,222,-7.354700855,-7.354700855,-0.01911004841,-0.01911004841,0,0,0,10,1,1,0,0,229.3547009,229.3547009,0,192,469,1.098566055
500,0,229.3547009,232,0,2.645299145,0,0.006873399168,2.645299145,0.006873399168,0.5878442545,0.5878442545,0,0,1,0,229.3547009,229.3547009,0,192,470,1.10060668
501,0,229.3547009,227,0,-2.354700855,0,-0.006118324623,-2.354700855,-0.006118324623,0.4709401709,0.4709401709,0,0,1,0,229.3547009,229.3547009,0,192,471,1.102764368
502,0,227,227,-2.354700855,-2.354700855,-0.006118324623,-0.006118324623,0,0,0,17,1,4,0,0,229.3547009,229.3547009,0,192,472,1.105256081
503,0,229.3547009,233,0,3.645299145,0,0.009471743926,3.645299145,0.009471743926,0.4556623932,0.4556623932,0,0,1,0,229.3547009,229.3547009,0,192,473,1.107335806
504,0,229.3547009,1720,0,1490.645299,0,3.873210399,1490.645299,3.873210399,0.4556623932,15.54433761,0,0,1,0,229.3547009,229.3547009,0,192,474,1.109458447
505,0,229.3547009,225,0,-4.354700855,0,-0.01131501414,-4.354700855,-0.01131501414,0.04398687732,0.04398687732,0,0,1,0,229.3547009,229.3547009,0,192,475,1.111656904
506,0,225,223,-4.354700855,-6.354700855,-0.01131501414,-0.01651170366,-2,-0.005196689516,0,19,1,3,0,0,229.3547009,229.3547009,0,192,476,1.11363101
507,0,229.3547009,950,0,720.6452991,0,1.872484936,720.6452991,1.872484936,1.5,9.5,0,0,1,0,229.3547009,229.3547009,0,192,477,1.115662575
508,0,229.3547009,233,0,3.645299145,0,0.009471743926,3.645299145,0.009471743926,0.4050332384,0.4050332384,0,0,1,0,229.3547009,229.3547009,0,192,478,1.11768961
509,0,229.3547009,1519,0,1289.645299,0,3.350943103,1289.645299,3.350943103,0.4050332384,13.59496676,0,0,1,0,229.3547009,229.3547009,0,192,479,1.119631052
510,0,229.3547009,224,0,-5.354700855,0,-0.0139133589,-5.354700855,-0.0139133589,0.05408788742,0.05408788742,0,0,1,0,229.3547009,229.3547009,0,192,480,1.121848106
511,0,224,218,-5.354700855,-11.35470085,-0.0139133589,-0.02950342745,-6,-0.01559006855,0,21,1,5,0,0,229.3547009,229.3547009,0,192,481,1.123825788
512,0,229.3547009,223,0,-6.354700855,0,-0.01651170366,-6.354700855,-0.01651170366,0.7943376068,0.7943376068,0,0,1,0,229.3547009,229.3547009,0,192,482,1.126020432
513,0,223,221,-6.354700855,-8.354700855,-0.01651170366,-0.02170839317,-2,-0.005196689516,0,16,0,0,1,0,229.3547009,229.3547009,0,192,483,1.128479481
514,0,221,221,-8.354700855,-8.354700855,-0.02170839317,-0.02170839317,0,0,0,15,0,0,1,0,229.3547009,229.3547009,0,192,484,1.130442142
515,0,221,215,-8.354700855,-14.35470085,-0.02170839317,-0.03729846172,-6,-0.01559006855,0,24,1,1,0,0,229.3547009,229.3547009,0,192,485,1.132377386
516,0,229.3547009,217,0,-12.35470085,0,-0.0321017722,-12.35470085,-0.0321017722,0.9883760684,0.9883760684,0,0,1,0,229.3547009,229.3547009,0,192,486,1.134363174
517,0,217,219,-12.35470085,-10.35470085,-0.0321017722,-0.02690508269,2,0.005196689516,0,12,1,3,0,0,229.3547009,229.3547009,0,192,487,1.136461735
518,0,229.3547009,221,0,-8.354700855,0,-0.02170839317,-8.354700855,-0.02170839317,0.5883592151,0.5883592151,0,0,1,0,229.3547009,229.3547009,0,192,488,1.138480425
519,0,221,209,-8.354700855,-20.35470085,-0.02170839317,-0.05288853027,-12,-0.0311801371,0,21,1,6,0,0,229.3547009,229.3547009,0,192,489,1.140750885
520,0,229.3547009,226,0,-3.354700855,0,-0.008716669381,-3.354700855,-0.008716669381,0.1793957676,0.1793957676,0,0,1,0,229.3547009,229.3547009,0,192,490,1.142882347
521,0,226,227,-3.354700855,-2.354700855,-0.008716669381,-0.006118324623,1,0.002598344758,0,11,1,2,0,0,229.3547009,229.3547009,0,192,491,1.145091057
522,0,228,228,-1.354700855,-1.354700855,-0.003519979865,-0.003519979865,0,0,0,0,0,0,1,0,229.3547009,229.3547009,0,192,492,1.147062302
523,0,228,240,-1.354700855,10.64529915,-0.003519979865,0.02766015723,12,0.0311801371,0,25,1,3,0,0,229.3547009,229.3547009,0,192,493,1.149060011
524,0,229.3547009,227,0,-2.354700855,0,-0.006118324623,-2.354700855,-0.006118324623,0.156980057,0.156980057,0,0,1,0,229.3547009,229.3547009,0,192,494,1.151077509
525,0,227,221,-2.354700855,-8.354700855,-0.006118324623,-0.02170839317,-6,-0.01559006855,0,18,1,2,0,0,229.3547009,229.3547009,0,192,495,1.153283358
526,0,223,223,-6.354700855,-6.354700855,-0.01651170366,-0.01651170366,0,0,0,0,0,0,1,0,229.3547009,229.3547009,0,192,496,1.15522027
527,0,223,211,-6.354700855,-18.35470085,-0.01651170366,-0.04769184075,-12,-0.0311801371,0,27,1,5,0,0,229.3547009,229.3547009,0,192,497,1.157192945
528,0,229.3547009,217,0,-12.35470085,0,-0.0321017722,-12.35470085,-0.0321017722,2.206196581,2.206196581,0,0,1,0,229.3547009,229.3547009,0,192,498,1.159259319
529,0,217,214,-12.35470085,-15.35470085,-0.0321017722,-0.03989680648,-3,-0.007795034274,0,28,1,2,0,0,229.3547009,229.3547009,0,192,499,1.161426783
530,0,229.3547009,218,0,-11.35470085,0,-0.02950342745,-11.35470085,-0.02950342745,0.9206514207,0.9206514207,0,0,1,0,229.3547009,229.3547009,0,192,500,1.163371801
531,0,218,222,-11.35470085,-7.354700855,-0.02950342745,-0.01911004841,4,0.01039337903,0,13,1,1,0,0,229.3547009,229.3547009,0,192,501,1.165473461
532,0,223,223,-6.354700855,-6.354700855,-0.01651170366,-0.01651170366,0,0,0,0,0,0,1,0,229.3547009,229.3547009,0,192,502,1.167413712
533,0,223,209,-6.354700855,-20.35470085,-0.01651170366,-0.05288853027,-14,-0.03637682661,0,23,1,7,0,0,229.3547009,229.3547009,0,192,503,1.169430017
534,0,229.3547009,220,0,-9.354700855,0,-0.02430673793,-9.354700855,-0.02430673793,3.161324786,3.161324786,1,1,0,0,229.3547009,229.3547009,0,192,504,1.171571493
535,0,229.3547009,222,0,-7.354700855,0,-0.01911004841,-7.354700855,-0.01911004841,0.2372484147,0.2372484147,0,0,1,0,229.3547009,229.3547009,0,192,505,1.173769236
536,0,222,221,-7.354700855,-8.354700855,-0.01911004841,-0.02170839317,-1,-0.002598344758,0,30,1,5,0,0,229.3547009,229.3547009,0,192,506,1.176117659
537,0,229.3547009,225,0,-4.354700855,0,-0.01131501414,-4.354700855,-0.01131501414,0.8709401709,0.8709401709,0,0,1,0,229.3547009,229.3547009,0,192,507,1.178177595
538,0,225,219,-4.354700855,-10.35470085,-0.01131501414,-0.02690508269,-6,-0.01559006855,0,15,1,1,0,0,229.3547009,229.3547009,0,192,508,1.180728674
539,0,227,227,-2.354700855,-2.354700855,-0.006118324623,-0.006118324623,0,0,0,0,0,0,1,0,229.3547009,229.3547009,0,192,509,1.182677746
540,0,227,232,-2.354700855,2.645299145,-0.006118324623,0.006873399168,5,0.01299172379,0,30,1,4,0,0,229.3547009,229.3547009,0,192,510,1.184647083
541,0,229.3547009,225,0,-4.354700855,0,-0.01131501414,-4.354700855,-0.01131501414,0.4354700855,0.4354700855,0,0,1,0,229.3547009,229.3547009,0,192,511,1.186782122
542,0,225,217,-4.354700855,-12.35470085,-0.01131501414,-0.0321017722,-8,-0.02078675807,0,13,1,6,0,0,229.3547009,229.3547009,0,192,512,1.189007998
543,0,229.3547009,221,0,-8.354700855,0,-0.02170839317,-8.354700855,-0.02170839317,0.8354700855,0.8354700855,0,0,1,0,229.3547009,229.3547009,0,192,513,1.191061974
544,0,221,227,-8.354700855,-2.354700855,-0.02170839317,-0.006118324623,6,0.01559006855,0,24,1,2,0,0,229.3547009,229.3547009,0,192,514,1.193761826
545,0,229.3547009,229,-2.842170943e-14,-0.3547008547,-7.384939972e-17,-0.0009216351065,-0.3547008547,-0.0009216351065,0.02364672365,0.02364672365,0,0,1,0,229.3547009,229.3547009,0,192,515,1.19580245
546,0,229,219,-0.3547008547,-10.35470085,-0.0009216351065,-0.02690508269,-10,-0.02598344758,0,22,1,2,0,0,229.3547009,229.3547009,0,192,516,1.197909832
547,0,229.3547009,221,0,-8.354700855,0,-0.02170839317,-8.354700855,-0.02170839317,0.4475732601,0.4475732601,0,0,1,0,229.3547009,229.3547009,0,192,517,1.199892044
548,0,221,225,-8.354700855,-4.354700855,-0.02170839317,-0.01131501414,4,0.01039337903,0,21,1,1,0,0,229.3547009,229.3547009,0,192,518,1.201975822
549,0,229.3547009,227,0,-2.354700855,0,-0.006118324623,-2.354700855,-0.006118324623,0.5886752137,0.5886752137,0,0,1,0,229.3547009,229.3547009,0,192,519,1.20391202
550,0,227,229,-2.354700855,-0.3547008547,-0.006118324623,-0.0009216351065,2,0.005196689516,0,18,0,0,1,0,229.3547009,229.3547009,0,192,520,1.206212282
551,0,229,231,-0.3547008547,1.645299145,-0.0009216351065,0.00427505441,2,0.005196689516,0,12,1,2,0,0,229.3547009,229.3547009,0,192,521,1.208214521
552,0,229.3547009,233,0,3.645299145,0,0.009471743926,3.645299145,0.009471743926,0.4050332384,0.4050332384,0,0,1,0,229.3547009,229.3547009,0,192,522,1.210210562
553,0,229.3547009,1719,0,1489.645299,0,3.870612055,1489.645299,3.870612055,0.4050332384,15.59496676,0,0,1,0,229.3547009,229.3547009,0,192,523,1.212187052
554,0,229.3547009,224,0,-5.354700855,0,-0.0139133589,-5.354700855,-0.0139133589,0.05408788742,0.05408788742,0,0,1,0,229.3547009,229.3547009,0,192,524,1.214327574
555,0,224,218,-5.354700855,-11.35470085,-0.0139133589,-0.02950342745,-6,-0.01559006855,0,12,1,3,0,0,229.3547009,229.3547009,0,192,525,1.216308832
556,0,229.3547009,220,0,-9.354700855,0,-0.02430673793,-9.354700855,-0.02430673793,0.4585637674,0.4585637674,0,0,1,0,229.3547009,229.3547009,0,192,526,1.218325138
557,0,220,201,-9.354700855,-28.35470085,-0.02430673793,-0.07367528833,-19,-0.0493685504,0,30,1,9,0,0,229.3547009,229.3547009,0,192,527,1.220472574
558,0,229.3547009,218,0,-11.35470085,0,-0.02950342745,-11.35470085,-0.02950342745,2.601742275,2.601742275,1,1,0,0,229.3547009,229.3547009,0,192,528,1.222670794
559,0,229.3547009,220,0,-9.354700855,0,-0.02430673793,-9.354700855,-0.02430673793,0.479728249,0.479728249,0,0,1,0,229.3547009,229.3547009,0,192,529,1.224823236
560,0,220,218,-9.354700855,-11.35470085,-0.02430673793,-0.02950342745,-2,-0.005196689516,0,23,1,4,0,0,229.3547009,229.3547009,0,192,530,1.227003336
561,0,229.3547009,223,0,-6.354700855,0,-0.01651170366,-6.354700855,-0.01651170366,1.222057857,1.222057857,0,0,1,0,229.3547009,229.3547009,0,192,531,1.229038715
562,0,223,221,-6.354700855,-8.354700855,-0.01651170366,-0.02170839317,-2,-0.005196689516,0,16,1,2,0,0,229.3547009,229.3547009,0,192,532,1.231244802
563,0,229.3547009,223,0,-6.354700855,0,-0.01651170366,-6.354700855,-0.01651170366,0.4236467236,0.4236467236,0,0,1,0,229.3547009,229.3547009,0,192,533,1.233261108
564,0,223,219,-6.354700855,-10.35470085,-0.01651170366,-0.02690508269,-4,-0.01039337903,0,19,1,3,0,0,229.3547009,229.3547009,0,192,534,1.23535943
565,0,229.3547009,234,0,4.645299145,0,0.01207008868,4.645299145,0.01207008868,1.266899767,1.266899767,0,0,1,0,229.3547009,229.3547009,0,192,535,1.237412214
566,0,229.3547009,228,0,-1.354700855,0,-0.003519979865,-1.354700855,-0.003519979865,0.2257834758,0.2257834758,0,0,1,0,229.3547009,229.3547009,0,192,536,1.239506006
567,0,228,232,-1.354700855,2.645299145,-0.003519979865,0.006873399168,4,0.01039337903,0,10,1,1,0,0,229.3547009,229.3547009,0,192,537,1.24197793
568,0,229.3547009,233,0,3.645299145,0,0.009471743926,3.645299145,0.009471743926,0.4556623932,0.4556623932,0,0,1,0,229.3547009,229.3547009,0,192,538,1.2442348
569,0,229.3547009,1421,0,1191.645299,0,3.096305317,1191.645299,3.096305317,0.4556623932,12.54433761,0,0,1,0,229.3547009,229.3547009,0,192,539,1.246367455
570,0,229.3547009,225,0,-4.354700855,0,-0.01131501414,-4.354700855,-0.01131501414,0.04398687732,0.04398687732,0,0,1,0,229.3547009,229.3547009,0,192,540,1.248716831
571,0,225,217,-4.354700855,-12.35470085,-0.01131501414,-0.0321017722,-8,-0.02078675807,0,17,1,3,0,0,229.3547009,229.3547009,0,192,541,1.250884533
572,0,229.3547009,220,0,-9.354700855,0,-0.02430673793,-9.354700855,-0.02430673793,0.652653548,0.652653548,0,0,1,0,229.3547009,229.3547009,0,192,542,1.252990961
573,0,220,220,-9.354700855,-9.354700855,-0.02430673793,-0.02430673793,0,0,0,20,1,1,0,0,229.3547009,229.3547009,0,192,543,1.255384445
574,0,221,221,-8.354700855,-8.354700855,-0.02170839317,-0.02170839317,0,0,0,0,0,0,1,0,229.3547009,229.3547009,0,192,544,1.257411003
575,0,221,222,-8.354700855,-7.354700855,-0.02170839317,-0.01911004841,1,0.002598344758,0,28,1,8,0,0,229.3547009,229.3547009,0,192,545,1.25955081
576,0,229.3547009,228,0,-1.354700855,0,-0.003519979865,-1.354700855,-0.003519979865,0.08771444383,0.08771444383,0,0,1,0,229.3547009,229.3547009,0,192,546,1.26172328
577,0,228,212,-1.354700855,-17.35470085,-0.003519979865,-0.045093496,-16,-0.04157351613,0,29,1,6,0,0,229.3547009,229.3547009,0,192,547,1.264291763
578,0,229.3547009,219,0,-10.35470085,0,-0.02690508269,-10.35470085,-0.02690508269,0.8775170216,0.8775170216,0,0,1,0,229.3547009,229.3547009,0,192,548,1.266370296
579,0,219,215,-10.35470085,-14.35470085,-0.02690508269,-0.03729846172,-4,-0.01039337903,0,17,1,8,0,0,229.3547009,229.3547009,0,192,549,1.268763542
580,0,227,227,-2.354700855,-2.354700855,-0.006118324623,-0.006118324623,0,0,0,0,0,0,1,0,229.3547009,229.3547009,0,192,550,1.270892859
581,0,227,235,-2.354700855,5.645299145,-0.006118324623,0.01466843344,8,0.02078675807,0,22,1,1,0,0,229.3547009,229.3547009,0,192,551,1.27304697
582,0,229.3547009,228,0,-1.354700855,0,-0.003519979865,-1.354700855,-0.003519979865,0.1693376068,0.1693376068,0,0,1,0,229.3547009,229.3547009,0,192,552,1.275339603
583,0,228,218,-1.354700855,-11.35470085,-0.003519979865,-0.02950342745,-10,-0.02598344758,0,24,1,7,0,0,229.3547009,229.3547009,0,192,553,1.277693272
584,0,229.3547009,228,0,-1.354700855,0,-0.003519979865,-1.354700855,-0.003519979865,0.06773504274,0.06773504274,0,0,1,0,229.3547009,229.3547009,0,192,554,1.279792547
585,0,228,230,-1.354700855,0.6452991453,-0.003519979865,0.001676709652,2,0.005196689516,0,16,1,5,0,0,229.3547009,229.3547009,0,192,555,1.282559156
586,0,229.3547009,232,0,2.645299145,0,0.006873399168,2.645299145,0.006873399168,0.3306623932,0.3306623932,0,0,1,0,229.3547009,229.3547009,0,192,556,1.284852028
587,0,229.3547009,2017,0,1787.645299,0,4.644918792,1787.645299,4.644918792,0.3306623932,18.66933761,0,0,1,0,229.3547009,229.3547009,0,192,557,1.286831617
588,0,229.3547009,224,0,-5.354700855,0,-0.0139133589,-5.354700855,-0.0139133589,0.05408788742,0.05408788742,0,0,1,0,229.3547009,229.3547009,0,192,558,1.289030075
589,0,224,225,-5.354700855,-4.354700855,-0.0139133589,-0.01131501414,1,0.002598344758,0,30,1,5,0,0,229.3547009,229.3547009,0,192,559,1.291046858
590,0,229.3547009,229,0,-0.3547008547,0,-0.0009216351065,-0.3547008547,-0.0009216351065,0.01645519429,0.01645519429,0,0,1,0,229.3547009,229.3547009,0,192,560,1.293126106
591,0,229,229,-0.3547008547,-0.3547008547,-0.0009216351065,-0.0009216351065,0,0,0,22,1,2,0,0,229.3547009,229.3547009,0,192,561,1.295706749
592,0,229.3547009,232,0,2.645299145,0,0.006873399168,2.645299145,0.006873399168,0.1889499389,0.1889499389,0,0,1,0,229.3547009,229.3547009,0,192,562,1.297706366
593,0,229.3547009,2011,0,1781.645299,0,4.629328724,1781.645299,4.629328724,0.1889499389,18.81105006,0,0,1,0,229.3547009,229.3547009,0,192,563,1.299683809
594,0,229.3547009,218,0,-11.35470085,0,-0.02950342745,-11.35470085,-0.02950342745,0.114693948,0.114693948,0,0,1,0,229.3547009,229.3547009,0,192,564,1.301770687
595,0,218,203,-11.35470085,-26.35470085,-0.02950342745,-0.06847859882,-15,-0.03897517137,0,30,1,11,0,0,229.3547009,229.3547009,0,192,565,1.30373764
596,0,229.3547009,220,0,-9.354700855,0,-0.02430673793,-9.354700855,-0.02430673793,2.545315272,2.545315272,1,1,0,0,229.3547009,229.3547009,0,192,566,1.305884838
597,0,229.3547009,222,0,-7.354700855,0,-0.01911004841,-7.354700855,-0.01911004841,0.2101343101,0.2101343101,0,0,1,0,229.3547009,229.3547009,0,192,567,1.308526754
598,0,222,222,-7.354700855,-7.354700855,-0.01911004841,-0.01911004841,0,0,0,23,1,4,0,0,229.3547009,229.3547009,0,192,568,1.310619354
599,0,229.3547009,224,0,-5.354700855,0,-0.0139133589,-5.354700855,-0.0139133589,1.395881896,1.395881896,1,1,0,0,229.3547009,229.3547009,0,192,569,1.312655926
600,0,225,225,-4.354700855,-4.354700855,-0.01131501414,-0.01131501414,0,0,0,0,0,0,1,0,229.3547009,229.3547009,0,192,570,1.314862967
601,0,225,229,-4.354700855,-0.3547008547,-0.01131501414,-0.0009216351065,4,0.01039337903,0,29,1,4,0,0,229.3547009,229.3547009,0,192,571,1.31680274
602,0,229.3547009,231,0,1.645299145,0,0.00427505441,1.645299145,0.00427505441,0.1495726496,0.1495726496,0,0,1,0,229.3547009,229.3547009,0,192,572,1.318840265
603,0,229.3547009,2508,0,2278.645299,0,5.920706069,2278.645299,5.920706069,0.1495726496,23.85042735,0,0,1,0,229.3547009,229.3547009,0,192,573,1.320812702
604,0,229.3547009,220,0,-9.354700855,0,-0.02430673793,-9.354700855,-0.02430673793,0.09449192783,0.09449192783,0,0,1,0,229.3547009,229.3547009,0,192,574,1.322938442
605,0,220,222,-9.354700855,-7.354700855,-0.02430673793,-0.01911004841,2,0.005196689516,0,25,1,1,0,0,229.3547009,229.3547009,0,192,575,1.324892998
606,0,229.3547009,224,0,-5.354700855,0,-0.0139133589,-5.354700855,-0.0139133589,0.9735819736,0.9735819736,0,0,1,0,229.3547009,229.3547009,0,192,576,1.326817989
607,0,224,226,-5.354700855,-3.354700855,-0.0139133589,-0.008716669381,2,0.005196689516,0,15,0,0,1,0,229.3547009,229.3547009,0,192,577,1.328917027
608,0,226,216,-3.354700855,-13.35470085,-0.008716669381,-0.03470011696,-10,-0.02598344758,0,19,1,1,0,0,229.3547009,229.3547009,0,192,578,1.330851555
609,0,229,229,-0.3547008547,-0.3547008547,-0.0009216351065,-0.0009216351065,0,0,0,0,0,0,1,0,229.3547009,229.3547009,0,192,579,1.332779646
610,0,229,235,-0.3547008547,5.645299145,-0.0009216351065,0.01466843344,6,0.01559006855,0,27,1,3,0,0,229.3547009,229.3547009,0,192,580,1.334737539
611,0,229.3547009,226,0,-3.354700855,0,-0.008716669381,-3.354700855,-0.008716669381,0.2580539119,0.2580539119,0,0,1,0,229.3547009,229.3547009,0,192,581,1.336694717
612,0,226,218,-3.354700855,-11.35470085,-0.008716669381,-0.02950342745,-8,-0.02078675807,0,18,1,2,0,0,229.3547009,229.3547009,0,192,582,1.338868618
613,0,219,219,-10.35470085,-10.35470085,-0.02690508269,-0.02690508269,0,0,0,0,0,0,1,0,229.3547009,229.3547009,0,192,583,1.340826035
614,0,219,219,-10.35470085,-10.35470085,-0.02690508269,-0.02690508269,0,0,0,27,1,3,0,0,229.3547009,229.3547009,0,192,584,1.342882872
615,0,229.3547009,222,0,-7.354700855,0,-0.01911004841,-7.354700855,-0.01911004841,0.4178807304,0.4178807304,0,0,1,0,229.3547009,229.3547009,0,192,585,1.344854593
616,0,222,218,-7.354700855,-11.35470085,-0.01911004841,-0.02950342745,-4,-0.01039337903,0,22,1,2,0,0,229.3547009,229.3547009,0,192,586,1.346952915
617,0,219,219,-10.35470085,-10.35470085,-0.02690508269,-0.02690508269,0,0,0,0,0,0,1,0,229.3547009,229.3547009,0,192,587,1.348877192
618,0,219,219,-10.35470085,-10.35470085,-0.02690508269,-0.02690508269,0,0,0,25,1,4,0,0,229.3547009,229.3547009,0,192,588,1.350893497
619,0,222,222,-7.354700855,-7.354700855,-0.01911004841,-0.01911004841,0,0,0,0,0,0,1,0,229.3547009,229.3547009,0,192,589,1.352874756
620,0,222,210,-7.354700855,-19.35470085,-0.01911004841,-0.05029018551,-12,-0.0311801371,0,29,1,3,0,0,229.3547009,229.3547009,0,192,590,1.354919195
621,0,229.3547009,213,0,-16.35470085,0,-0.04249515124,-16.35470085,-0.04249515124,0.614838378,0.614838378,0,0,1,0,229.3547009,229.3547009,0,192,591,1.356979847
622,0,213,211,-16.35470085,-18.35470085,-0.04249515124,-0.04769184075,-2,-0.005196689516,0,14,1,6,0,0,229.3547009,229.3547009,0,192,592,1.359082699
623,0,229.3547009,213,0,-16.35470085,0,-0.04249515124,-16.35470085,-0.04249515124,0.6541880342,0.6541880342,0,0,1,0,229.3547009,229.3547009,0,192,593,1.361136436
624,0,213,217,-16.35470085,-12.35470085,-0.04249515124,-0.0321017722,4,0.01039337903,0,21,1,2,0,0,229.3547009,229.3547009,0,192,594,1.36332798
625,0,229.3547009,228,0,-1.354700855,0,-0.003519979865,-1.354700855,-0.003519979865,0.2257834758,0.2257834758,0,0,1,0,229.3547009,229.3547009,0,192,595,1.365284443
626,0,228,222,-1.354700855,-7.354700855,-0.003519979865,-0.01911004841,-6,-0.01559006855,0,19,0,0,1,0,229.3547009,229.3547009,0,192,596,1.367449522
627,0,222,222,-7.354700855,-7.354700855,-0.01911004841,-0.01911004841,0,0,0,12,1,2,0,0,229.3547009,229.3547009,0,192,597,1.369401693
628,0,229.3547009,224,0,-5.354700855,0,-0.0139133589,-5.354700855,-0.0139133589,0.356980057,0.356980057,0,0,1,0,229.3547009,229.3547009,0,192,598,1.371375084
629,0,224,226,-5.354700855,-3.354700855,-0.0139133589,-0.008716669381,2,0.005196689516,0,19,1,3,0,0,229.3547009,229.3547009,0,192,599,1.373470545
630,0,229.3547009,228,0,-1.354700855,0,-0.003519979865,-1.354700855,-0.003519979865,0.3565002249,0.3565002249,0,0,1,0,229.3547009,229.3547009,0,192,600,1.375501633
631,0,228,230,-1.354700855,0.6452991453,-0.003519979865,0.001676709652,2,0.005196689516,0,10,0,0,1,0,229.3547009,229.3547009,0,192,601,1.377747297
632,0,229.3547009,1221,0,991.6452991,0,2.576636365,991.6452991,2.576636365,0.09218559219,10.90781441,0,0,1,0,229.3547009,229.3547009,0,192,602,1.379879713
633,0,229.3547009,223,0,-6.354700855,0,-0.01651170366,-6.354700855,-0.01651170366,0.06418889752,0.06418889752,0,0,1,0,229.3547009,229.3547009,0,192,603,1.382161856
634,0,223,212,-6.354700855,-17.35470085,-0.01651170366,-0.045093496,-11,-0.02858179234,0,30,1,9,0,0,229.3547009,229.3547009,0,192,604,1.384178877
635,0,229.3547009,225,0,-4.354700855,0,-0.01131501414,-4.354700855,-0.01131501414,2.5211426,2.5211426,0,0,1,0,229.3547009,229.3547009,0,192,605,1.386377811
636,0,225,225,-4.354700855,-4.354700855,-0.01131501414,-0.01131501414,0,0,0,12,1,5,0,0,229.3547009,229.3547009,0,192,606,1.3891325
637,0,227,227,-2.354700855,-2.354700855,-0.006118324623,-0.006118324623,0,0,0,0,0,0,1,0,229.3547009,229.3547009,0,192,607,1.391199112
638,0,227,229,-2.354700855,-0.3547008547,-0.006118324623,-0.0009216351065,2,0.005196689516,0,23,1,2,0,0,229.3547009,229.3547009,0,192,608,1.393360376
639,0,229.3547009,231,0,1.645299145,0,0.00427505441,1.645299145,0.00427505441,0.2742165242,0.2742165242,0,0,1,0,229.3547009,229.3547009,0,192,609,1.395519018
640,0,229.3547009,2414,0,2184.645299,0,5.676461661,2184.645299,5.676461661,0.2742165242,22.72578348,0,0,1,0,229.3547009,229.3547009,0,192,610,1.397576332
641,0,229.3547009,225,0,-4.354700855,0,-0.01131501414,-4.354700855,-0.01131501414,0.04398687732,0.04398687732,0,0,1,0,229.3547009,229.3547009,0,192,611,1.399835825
642,0,225,219,-4.354700855,-10.35470085,-0.01131501414,-0.02690508269,-6,-0.01559006855,0,25,1,2,0,0,229.3547009,229.3547009,0,192,612,1.401854515
643,0,229.3547009,223,0,-6.354700855,0,-0.01651170366,-6.354700855,-0.01651170366,0.3286914235,0.3286914235,0,0,1,0,229.3547009,229.3547009,0,192,613,1.403865099
644,0,223,221,-6.354700855,-8.354700855,-0.01651170366,-0.02170839317,-2,-0.005196689516,0,10,1,2,0,0,229.3547009,229.3547009,0,192,614,1.405987978
645,0,229.3547009,223,0,-6.354700855,0,-0.01651170366,-6.354700855,-0.01651170366,0.4236467236,0.4236467236,0,0,1,0,229.3547009,229.3547009,0,192,615,1.407968283
646,0,223,221,-6.354700855,-8.354700855,-0.01651170366,-0.02170839317,-2,-0.005196689516,0,10,1,5,0,0,229.3547009,229.3547009,0,192,616,1.410072088
647,0,223,9600,-6.354700855,9370.645299,-0.01651170366,24.34816709,9377,24.3646788,0,191,0,0,1,0,229.3547009,229.3547009,0,192,617,1.412171125
648,0,229.3547009,230,0,0.6452991453,0,0.001676709652,0.6452991453,0.001676709652,0.09218559219,0.09218559219,0,0,1,0,229.3547009,229.3547009,0,192,618,1.414399385
649,0,229.3547009,2115,0,1885.645299,0,4.899556579,1885.645299,4.899556579,0.09218559219,19.90781441,0,0,1,0,229.3547009,229.3547009,0,192,619,1.41652298
650,0,229.3547009,223,0,-6.354700855,0,-0.01651170366,-6.354700855,-0.01651170366,0.06418889752,0.06418889752,0,0,1,0,229.3547009,229.3547009,0,192,620,1.418773651
651,0,223,217,-6.354700855,-12.35470085,-0.01651170366,-0.0321017722,-6,-0.01559006855,0,25,1,6,0,0,229.3547009,229.3547009,0,192,621,1.420813322
652,0,229.3547009,224,0,-5.354700855,0,-0.0139133589,-5.354700855,-0.0139133589,0.6226396343,0.6226396343,0,0,1,0,229.3547009,229.3547009,0,192,622,1.422887564
653,0,224,212,-5.354700855,-17.35470085,-0.0139133589,-0.045093496,-12,-0.0311801371,0,27,1,7,0,0,229.3547009,229.3547009,0,192,623,1.425123453
654,0,229.3547009,219,0,-10.35470085,0,-0.02690508269,-10.35470085,-0.02690508269,1.269506479,1.269506479,1,1,0,0,229.3547009,229.3547009,0,192,624,1.427227974
655,0,225,225,-4.354700855,-4.354700855,-0.01131501414,-0.01131501414,0,0,0,0,0,0,1,0,229.3547009,229.3547009,0,192,625,1.429593086
656,0,225,227,-4.354700855,-2.354700855,-0.01131501414,-0.006118324623,2,0.005196689516,0,19,1,3,0,0,229.3547009,229.3547009,0,192,626,1.431569338
657,0,229.3547009,230,0,0.6452991453,0,0.001676709652,0.6452991453,0.001676709652,0.08066239316,0.08066239316,0,0,1,0,229.3547009,229.3547009,0,192,627,1.433651686
658,0,229.3547009,1418,0,1188.645299,0,3.088510282,1188.645299,3.088510282,0.08066239316,12.91933761,0,0,1,0,229.3547009,229.3547009,0,192,628,1.435663223
659,0,229.3547009,222,0,-7.354700855,0,-0.01911004841,-7.354700855,-0.01911004841,0.07428990762,0.07428990762,0,0,1,0,229.3547009,229.3547009,0,192,629,1.43786335
660,0,222,218,-7.354700855,-11.35470085,-0.01911004841,-0.02950342745,-4,-0.01039337903,0,13,1,6,0,0,229.3547009,229.3547009,0,192,630,1.440008163
661,0,229.3547009,222,0,-7.354700855,0,-0.01911004841,-7.354700855,-0.01911004841,0.7354700855,0.7354700855,0,0,1,0,229.3547009,229.3547009,0,192,631,1.442065954
662,0,222,220,-7.354700855,-9.354700855,-0.01911004841,-0.02430673793,-2,-0.005196689516,0,12,1,5,0,0,229.3547009,229.3547009,0,192,632,1.44429493
663,0,229.3547009,10580,0,10350.6453,0,26.89454496,10350.6453,26.89454496,0.4476774433,201.0639539,0,0,1,0,229.3547009,229.3547009,0,192,633,1.446409225
664,0,229.3547009,231,0,1.645299145,0,0.00427505441,1.645299145,0.00427505441,0.2742165242,0.2742165242,0,0,1,0,229.3547009,229.3547009,0,192,634,1.44901824
665,0,229.3547009,2018,0,1788.645299,0,4.647517137,1788.645299,4.647517137,0.2742165242,18.72578348,0,0,1,0,229.3547009,229.3547009,0,192,635,1.451325893
666,0,229.3547009,225,0,-4.354700855,0,-0.01131501414,-4.354700855,-0.01131501414,0.04398687732,0.04398687732,0,0,1,0,229.3547009,229.3547009,0,192,636,1.453742981
667,0,225,221,-4.354700855,-8.354700855,-0.01131501414,-0.02170839317,-4,-0.01039337903,0,22,1,8,0,0,229.3547009,229.3547009,0,192,637,1.455855608
668,0,229.3547009,234,0,4.645299145,0,0.01207008868,4.645299145,0.01207008868,1.266899767,1.266899767,0,0,1,0,229.3547009,229.3547009,0,192,638,1.457985401
669,0,229.3547009,227,0,-2.354700855,0,-0.006118324623,-2.354700855,-0.006118324623,0.3363858364,0.3363858364,0,0,1,0,229.3547009,229.3547009,0,192,639,1.460115194
670,0,227,227,-2.354700855,-2.354700855,-0.006118324623,-0.006118324623,0,0,0,20,1,6,0,0,229.3547009,229.3547009,0,192,640,1.46237278
671,0,229.3547009,218,0,-11.35470085,0,-0.02950342745,-11.35470085,-0.02950342745,2.559116809,2.559116809,1,3,0,0,229.3547009,229.3547009,0,192,641,1.464585304
672,0,229.3547009,1596,0,1366.645299,0,3.551015649,1366.645299,3.551015649,1.5,15.5,0,0,1,0,229.3547009,229.3547009,0,192,642,1.466989994
673,0,229.3547009,228,0,-1.354700855,0,-0.003519979865,-1.354700855,-0.003519979865,0.01855754595,0.01855754595,0,0,1,0,229.3547009,229.3547009,0,192,643,1.469053984
674,0,228,222,-1.354700855,-7.354700855,-0.003519979865,-0.01911004841,-6,-0.01559006855,0,16,1,6,0,0,229.3547009,229.3547009,0,192,644,1.471112967
675,0,229.3547009,224,0,-5.354700855,0,-0.0139133589,-5.354700855,-0.0139133589,1.259929613,1.259929613,0,0,1,0,229.3547009,229.3547009,0,192,645,1.473275185
676,0,224,228,-5.354700855,-1.354700855,-0.0139133589,-0.003519979865,4,0.01039337903,0,22,0,0,1,0,229.3547009,229.3547009,0,192,646,1.475615501
677,0,228,228,-1.354700855,-1.354700855,-0.003519979865,-0.003519979865,0,0,0,18,0,0,1,0,229.3547009,229.3547009,0,192,647,1.47761631
678,0,228,230,-1.354700855,0.6452991453,-0.003519979865,0.001676709652,2,0.005196689516,0,13,1,1,0,0,229.3547009,229.3547009,0,192,648,1.479587078
679,0,229.3547009,231,0,1.645299145,0,0.00427505441,1.645299145,0.00427505441,0.2056623932,0.2056623932,0,0,1,0,229.3547009,229.3547009,0,192,649,1.481638432
680,0,229.3547009,2412,0,2182.645299,0,5.671264972,2182.645299,5.671264972,0.2056623932,22.79433761,0,0,1,0,229.3547009,229.3547009,0,192,650,1.483642578
681,0,229.3547009,223,0,-6.354700855,0,-0.01651170366,-6.354700855,-0.01651170366,0.06418889752,0.06418889752,0,0,1,0,229.3547009,229.3547009,0,192,651,1.485819101
682,0,223,219,-6.354700855,-10.35470085,-0.01651170366,-0.02690508269,-4,-0.01039337903,0,13,1,4,0,0,229.3547009,229.3547009,0,192,652,1.487824202
683,0,229.3547009,221,0,-8.354700855,0,-0.02170839317,-8.354700855,-0.02170839317,0.5032952322,0.5032952322,0,0,1,0,229.3547009,229.3547009,0,192,653,1.489778519
684,0,221,215,-8.354700855,-14.35470085,-0.02170839317,-0.03729846172,-6,-0.01559006855,0,20,1,4,0,0,229.3547009,229.3547009,0,192,654,1.49195981
685,0,228,2331,-1.354700855,2101.645299,-0.003519979865,5.460799047,2103,5.464319026,1.5,22.5,0,0,1,0,229.3547009,229.3547009,0,192,655,1.493956327
686,0,229.3547009,224,0,-5.354700855,0,-0.0139133589,-5.354700855,-0.0139133589,0.3149824032,0.3149824032,0,0,1,0,229.3547009,229.3547009,0,192,656,1.495961905
687,0,224,222,-5.354700855,-7.354700855,-0.0139133589,-0.01911004841,-2,-0.005196689516,0,17,0,0,1,0,229.3547009,229.3547009,0,192,657,1.49804306
688,0,222,221,-7.354700855,-8.354700855,-0.01911004841,-0.02170839317,-1,-0.002598344758,0,11,1,1,0,0,229.3547009,229.3547009,0,192,658,1.499985695
689,0,222,222,-7.354700855,-7.354700855,-0.01911004841,-0.01911004841,0,0,0,0,0,0,1,0,229.3547009,229.3547009,0,192,659,1.501962662
690,0,222,226,-7.354700855,-3.354700855,-0.01911004841,-0.008716669381,4,0.01039337903,0,18,1,1,0,0,229.3547009,229.3547009,0,192,660,1.50396204
691,0,229.3547009,227,0,-2.354700855,0,-0.006118324623,-2.354700855,-0.006118324623,0.3924501425,0.3924501425,0,0,1,0,229.3547009,229.3547009,0,192,661,1.505931139
692,0,227,227,-2.354700855,-2.354700855,-0.006118324623,-0.006118324623,0,0,0,10,0,0,1,0,229.3547009,229.3547009,0,192,662,1.50804615
693,0,227,227,-2.354700855,-2.354700855,-0.006118324623,-0.006118324623,0,0,0,10,0,0,1,0,229.3547009,229.3547009,0,192,663,1.509995461
694,0,227,219,-2.354700855,-10.35470085,-0.006118324623,-0.02690508269,-8,-0.02078675807,0,25,1,2,0,0,229.3547009,229.3547009,0,192,664,1.511955738
695,0,221,221,-8.354700855,-8.354700855,-0.02170839317,-0.02170839317,0,0,0,0,0,0,1,0,229.3547009,229.3547009,0,192,665,1.513888597
696,0,221,223,-8.354700855,-6.354700855,-0.02170839317,-0.01651170366,2,0.005196689516,0,12,1,2,0,0,229.3547009,229.3547009,0,192,666,1.515880346
697,0,224,224,-5.354700855,-5.354700855,-0.0139133589,-0.0139133589,0,0,0,0,0,0,1,0,229.3547009,229.3547009,0,192,667,1.51783371
698,0,224,222,-5.354700855,-7.354700855,-0.0139133589,-0.01911004841,-2,-0.005196689516,0,10,1,3,0,0,229.3547009,229.3547009,0,192,668,1.51982832
699,0,223,223,-6.354700855,-6.354700855,-0.01651170366,-0.01651170366,0,0,0,0,0,0,1,0,229.3547009,229.3547009,0,192,669,1.521771908
700,0,223,223,-6.354700855,-6.354700855,-0.01651170366,-0.01651170366,0,0,0,19,1,2,0,0,229.3547009,229.3547009,0,192,670,1.523751497
701,0,224,224,-5.354700855,-5.354700855,-0.0139133589,-0.0139133589,0,0,0,0,0,0,1,0,229.3547009,229.3547009,0,192,671,1.525682926
702,0,224,216,-5.354700855,-13.35470085,-0.0139133589,-0.03470011696,-8,-0.02078675807,0,29,1,4,0,0,229.3547009,229.3547009,0,192,672,1.527777195
703,0,229.3547009,236,2.842170943e-14,6.645299145,7.384939972e-17,0.0172667782,6.645299145,0.0172667782,2.215099715,2.215099715,0,0,1,0,229.3547009,229.3547009,0,192,673,1.529773951
704,0,229.3547009,228,0,-1.354700855,0,-0.003519979865,-1.354700855,-0.003519979865,0.1693376068,0.1693376068,0,0,1,0,229.3547009,229.3547009,0,192,674,1.531855583
705,0,228,230,-1.354700855,0.6452991453,-0.003519979865,0.001676709652,2,0.005196689516,0,13,1,3,0,0,229.3547009,229.3547009,0,192,675,1.534105539
706,0,229.3547009,231,0,1.645299145,0,0.00427505441,1.645299145,0.00427505441,0.4387464387,0.4387464387,0,0,1,0,229.3547009,229.3547009,0,192,676,1.536272764
707,0,229.3547009,2408,0,2178.645299,0,5.660871593,2178.645299,5.660871593,0.2742165242,23.72578348,0,0,1,0,229.3547009,229.3547009,0,192,677,1.538441896
708,0,229.3547009,219,0,-10.35470085,0,-0.02690508269,-10.35470085,-0.02690508269,0.1045929379,0.1045929379,0,0,1,0,229.3547009,229.3547009,0,192,678,1.540719748
709,0,219,219,-10.35470085,-10.35470085,-0.02690508269,-0.02690508269,0,0,0,15,1,5,0,0,229.3547009,229.3547009,0,192,679,1.542743206
710,0,229.3547009,221,-2.842170943e-14,-8.354700855,-7.384939972e-17,-0.02170839317,-8.354700855,-0.02170839317,1.524742618,1.524742618,1,1,0,0,229.3547009,229.3547009,0,192,680,1.544792414
711,0,229.3547009,222,0,-7.354700855,0,-0.01911004841,-7.354700855,-0.01911004841,0.204297246,0.204297246,0,0,1,0,229.3547009,229.3547009,0,192,681,1.547299862
712,0,222,219,-7.354700855,-10.35470085,-0.01911004841,-0.02690508269,-3,-0.007795034274,0,11,1,4,0,0,229.3547009,229.3547009,0,192,682,1.549423456
713,0,229.3547009,221,0,-8.354700855,0,-0.02170839317,-8.354700855,-0.02170839317,1.538881258,1.538881258,1,1,0,0,229.3547009,229.3547009,0,192,683,1.55142951
714,0,229.3547009,222,0,-7.354700855,0,-0.01911004841,-7.354700855,-0.01911004841,0.2298344017,0.2298344017,0,0,1,0,229.3547009,229.3547009,0,192,684,1.553949594
715,0,222,214,-7.354700855,-15.35470085,-0.01911004841,-0.03989680648,-8,-0.02078675807,0,29,1,9,0,0,229.3547009,229.3547009,0,192,685,1.556059361
716,0,229.3547009,227,0,-2.354700855,0,-0.006118324623,-2.354700855,-0.006118324623,0.9056541749,0.9056541749,0,0,1,0,229.3547009,229.3547009,0,192,686,1.558246613
717,0,227,225,-2.354700855,-4.354700855,-0.006118324623,-0.01131501414,-2,-0.005196689516,0,29,1,2,0,0,229.3547009,229.3547009,0,192,687,1.560574532
718,0,229.3547009,228,0,-1.354700855,0,-0.003519979865,-1.354700855,-0.003519979865,0.08128205128,0.08128205128,0,0,1,0,229.3547009,229.3547009,0,192,688,1.562624931
719,0,228,220,-1.354700855,-9.354700855,-0.003519979865,-0.02430673793,-8,-0.02078675807,0,26,1,4,0,0,229.3547009,229.3547009,0,192,689,1.564738512
720,0,223,223,-6.354700855,-6.354700855,-0.01651170366,-0.01651170366,0,0,0,0,0,0,1,0,229.3547009,229.3547009,0,192,690,1.56673336
721,0,223,223,-6.354700855,-6.354700855,-0.01651170366,-0.01651170366,0,0,0,15,1,2,0,0,229.3547009,229.3547009,0,192,691,1.568746805
722,0,229.3547009,226,0,-3.354700855,0,-0.008716669381,-3.354700855,-0.008716669381,0.7454890788,0.7454890788,0,0,1,0,229.3547009,229.3547009,0,192,692,1.570753574
723,0,226,228,-3.354700855,-1.354700855,-0.008716669381,-0.003519979865,2,0.005196689516,0,19,1,2,0,0,229.3547009,229.3547009,0,192,693,1.572935104
724,0,229,229,-0.3547008547,-0.3547008547,-0.0009216351065,-0.0009216351065,0,0,0,0,0,0,1,0,229.3547009,229.3547009,0,192,694,1.574873686
725,0,229,220,-0.3547008547,-9.354700855,-0.0009216351065,-0.02430673793,-9,-0.02338510282,0,28,1,3,0,0,229.3547009,229.3547009,0,192,695,1.576952696
726,0,229.3547009,224,0,-5.354700855,0,-0.0139133589,-5.354700855,-0.0139133589,0.8032051282,0.8032051282,0,0,1,0,229.3547009,229.3547009,0,192,696,1.579011917
727,0,224,224,-5.354700855,-5.354700855,-0.0139133589,-0.0139133589,0,0,0,17,1,3,0,0,229.3547009,229.3547009,0,192,697,1.5816679
728,0,229.3547009,227,0,-2.354700855,0,-0.006118324623,-2.354700855,-0.006118324623,0.1744222855,0.1744222855,0,0,1,0,229.3547009,229.3547009,0,192,698,1.583707571
729,0,227,225,-2.354700855,-4.354700855,-0.006118324623,-0.01131501414,-2,-0.005196689516,0,29,1,2,0,0,229.3547009,229.3547009,0,192,699,1.586186171
730,0,227,227,-2.354700855,-2.354700855,-0.006118324623,-0.006118324623,0,0,0,0,0,0,1,0,229.3547009,229.3547009,0,192,700,1.588149548
731,0,227,231,-2.354700855,1.645299145,-0.006118324623,0.00427505441,4,0.01039337903,0,24,0,0,1,0,229.3547009,229.3547009,0,192,701,1.590137482
732,0,229.3547009,2412,0,2182.645299,0,5.671264972,2182.645299,5.671264972,0.2056623932,22.79433761,0,0,1,0,229.3547009,229.3547009,0,192,702,1.592169523
733,0,229.3547009,223,0,-6.354700855,0,-0.01651170366,-6.354700855,-0.01651170366,0.06418889752,0.06418889752,0,0,1,0,229.3547009,229.3547009,0,192,703,1.59435463
734,0,223,223,-6.354700855,-6.354700855,-0.01651170366,-0.01651170366,0,0,0,20,1,2,0,0,229.3547009,229.3547009,0,192,704,1.596354008
735,0,229.3547009,231,0,1.645299145,0,0.00427505441,1.645299145,0.00427505441,0.235042735,0.235042735,0,0,1,0,229.3547009,229.3547009,0,192,705,1.598477364
736,0,229.3547009,2116,0,1886.645299,0,4.902154924,1886.645299,4.902154924,0.235042735,19.76495726,0,0,1,0,229.3547009,229.3547009,0,192,706,1.600614786
737,0,229.3547009,224,0,-5.354700855,0,-0.0139133589,-5.354700855,-0.0139133589,0.05408788742,0.05408788742,0,0,1,0,229.3547009,229.3547009,0,192,707,1.60279417
738,0,224,224,-5.354700855,-5.354700855,-0.0139133589,-0.0139133589,0,0,0,20,1,1,0,0,229.3547009,229.3547009,0,192,708,1.604787111
739,0,229.3547009,226,0,-3.354700855,0,-0.008716669381,-3.354700855,-0.008716669381,0.2795584046,0.2795584046,0,0,1,0,229.3547009,229.3547009,0,192,709,1.606737375
740,0,226,222,-3.354700855,-7.354700855,-0.008716669381,-0.01911004841,-4,-0.01039337903,0,16,1,2,0,0,229.3547009,229.3547009,0,192,710,1.608850002
741,0,229.3547009,224,0,-5.354700855,0,-0.0139133589,-5.354700855,-0.0139133589,0.3824786325,0.3824786325,0,0,1,0,229.3547009,229.3547009,0,192,711,1.610817432
742,0,224,214,-5.354700855,-15.35470085,-0.0139133589,-0.03989680648,-10,-0.02598344758,0,29,1,4,0,0,229.3547009,229.3547009,0,192,712,1.613002777
743,0,228,228,-1.354700855,-1.354700855,-0.003519979865,-0.003519979865,0,0,0,0,0,0,1,0,229.3547009,229.3547009,0,192,713,1.614961147
744,0,228,230,-1.354700855,0.6452991453,-0.003519979865,0.001676709652,2,0.005196689516,0,21,1,2,0,0,229.3547009,229.3547009,0,192,714,1.617017508
745,0,229.3547009,232,0,2.645299145,0,0.006873399168,2.645299145,0.006873399168,0.2204415954,0.2204415954,0,0,1,0,229.3547009,229.3547009,0,192,715,1.619055271
746,0,229.3547009,2803,0,2573.645299,0,6.687217772,2573.645299,6.687217772,0.2204415954,26.7795584,0,0,1,0,229.3547009,229.3547009,0,192,716,1.621018171
747,0,229.3547009,220,0,-9.354700855,0,-0.02430673793,-9.354700855,-0.02430673793,0.09545613117,0.09545613117,0,0,1,0,229.3547009,229.3547009,0,192,717,1.623170614
748,0,220,218,-9.354700855,-11.35470085,-0.02430673793,-0.02950342745,-2,-0.005196689516,0,27,1,7,0,0,229.3547009,229.3547009,0,192,718,1.625498772
749,0,229.3547009,225,0,-4.354700855,0,-0.01131501414,-4.354700855,-0.01131501414,1.451566952,1.451566952,0,0,1,0,229.3547009,229.3547009,0,192,719,1.627734184
750,0,225,222,-4.354700855,-7.354700855,-0.01131501414,-0.01911004841,-3,-0.007795034274,0,11,1,3,0,0,229.3547009,229.3547009,0,192,720,1.629997492
751,0,229.3547009,225,0,-4.354700855,0,-0.01131501414,-4.354700855,-0.01131501414,0.967711301,0.967711301,0,0,1,0,229.3547009,229.3547009,0,192,721,1.632038832
752,0,225,223,-4.354700855,-6.354700855,-0.01131501414,-0.01651170366,-2,-0.005196689516,0,22,1,4,0,0,229.3547009,229.3547009,0,192,722,1.634180784
753,0,229.3547009,226,0,-3.354700855,0,-0.008716669381,-3.354700855,-0.008716669381,0.5218423552,0.5218423552,0,0,1,0,229.3547009,229.3547009,0,192,723,1.636180878
754,0,226,222,-3.354700855,-7.354700855,-0.008716669381,-0.01911004841,-4,-0.01039337903,0,16,1,4,0,0,229.3547009,229.3547009,0,192,724,1.638884306
755,0,229.3547009,226,-2.842170943e-14,-3.354700855,-7.384939972e-17,-0.008716669381,-3.354700855,-0.008716669381,1.118233618,1.118233618,0,0,1,0,229.3547009,229.3547009,0,192,725,1.641014814
756,0,226,209,-3.354700855,-20.35470085,-0.008716669381,-0.05288853027,-17,-0.04417186089,0,30,1,5,0,0,229.3547009,229.3547009,0,192,726,1.64328289
757,0,226.5,211,-2.854700855,-18.35470085,-0.007417497002,-0.04769184075,-15.5,-0.04027434375,1.5,1.5,1,3,0,0,229.3547009,229.3547009,0,192,727,1.645258427
758,0,226.5,942,-2.854700855,712.6452991,-0.007417497002,1.851698177,715.5,1.859115674,1.5,8.5,0,0,1,0,229.3547009,229.3547009,0,192,728,1.647250891
759,0,229.3547009,227,0,-2.354700855,0,-0.006118324623,-2.354700855,-0.006118324623,0.156980057,0.156980057,0,0,1,0,229.3547009,229.3547009,0,192,729,1.649268627
760,0,227,227,-2.354700855,-2.354700855,-0.006118324623,-0.006118324623,0,0,0,14,1,3,0,0,229.3547009,229.3547009,0,192,730,1.651480198
761,0,229.3547009,230,0,0.6452991453,0,0.001676709652,0.6452991453,0.001676709652,0.04609279609,0.04609279609,0,0,1,0,229.3547009,229.3547009,0,192,731,1.653474569
762,0,229.3547009,1910,0,1680.645299,0,4.366895903,1680.645299,4.366895903,0.04609279609,17.9539072,0,0,1,0,229.3547009,229.3547009,0,192,732,1.655474901
763,0,229.3547009,216,0,-13.35470085,0,-0.03470011696,-13.35470085,-0.03470011696,0.1348959682,0.1348959682,0,0,1,0,229.3547009,229.3547009,0,192,733,1.657563448
764,0,216,216,-13.35470085,-13.35470085,-0.03470011696,-0.03470011696,0,0,0,29,1,8,0,0,229.3547009,229.3547009,0,192,734,1.659554482
765,0,229.3547009,224,0,-5.354700855,0,-0.0139133589,-5.354700855,-0.0139133589,1.46037296,1.46037296,0,0,1,0,229.3547009,229.3547009,0,192,735,1.661691189
766,0,224,214,-5.354700855,-15.35470085,-0.0139133589,-0.03989680648,-10,-0.02598344758,0,24,1,4,0,0,229.3547009,229.3547009,0,192,736,1.663969755
767,0,229.3547009,230,0,0.6452991453,0,0.001676709652,0.6452991453,0.001676709652,0.175990676,0.175990676,0,0,1,0,229.3547009,229.3547009,0,192,737,1.666039705
768,0,229.3547009,1220,0,990.6452991,0,2.57403802,990.6452991,2.57403802,0.08066239316,10.91933761,0,0,1,0,229.3547009,229.3547009,0,192,738,1.668172836
769,0,229.3547009,222,0,-7.354700855,0,-0.01911004841,-7.354700855,-0.01911004841,0.07428990762,0.07428990762,0,0,1,0,229.3547009,229.3547009,0,192,739,1.670369148
770,0,222,224,-7.354700855,-5.354700855,-0.01911004841,-0.0139133589,2,0.005196689516,0,16,0,0,1,0,229.3547009,229.3547009,0,192,740,1.672376633
771,0,224,224,-5.354700855,-5.354700855,-0.0139133589,-0.0139133589,0,0,0,19,0,0,1,0,229.3547009,229.3547009,0,192,741,1.674345732
772,0,224,222,-5.354700855,-7.354700855,-0.0139133589,-0.01911004841,-2,-0.005196689516,0,26,1,3,0,0,229.3547009,229.3547009,0,192,742,1.67627883
773,0,229.3547009,226,0,-3.354700855,0,-0.008716669381,-3.354700855,-0.008716669381,0.2123228389,0.2123228389,0,0,1,0,229.3547009,229.3547009,0,192,743,1.678289652
774,0,226,224,-3.354700855,-5.354700855,-0.008716669381,-0.0139133589,-2,-0.005196689516,0,14,0,0,1,0,229.3547009,229.3547009,0,192,744,1.680469275
775,0,224,220,-5.354700855,-9.354700855,-0.0139133589,-0.02430673793,-4,-0.01039337903,0,29,1,5,0,0,229.3547009,229.3547009,0,192,745,1.682420969
776,0,229.3547009,225,0,-4.354700855,0,-0.01131501414,-4.354700855,-0.01131501414,0.5310610798,0.5310610798,0,0,1,0,229.3547009,229.3547009,0,192,746,1.684468985
777,0,225,219,-4.354700855,-10.35470085,-0.01131501414,-0.02690508269,-6,-0.01559006855,0,29,1,4,0,0,229.3547009,229.3547009,0,192,747,1.687167645
778,0,229.3547009,224,0,-5.354700855,0,-0.0139133589,-5.354700855,-0.0139133589,1.46037296,1.46037296,0,0,1,0,229.3547009,229.3547009,0,192,748,1.689260006
779,0,224,222,-5.354700855,-7.354700855,-0.0139133589,-0.01911004841,-2,-0.005196689516,0,24,1,2,0,0,229.3547009,229.3547009,0,192,749,1.691496372
780,0,224,224,-5.354700855,-5.354700855,-0.0139133589,-0.0139133589,0,0,0,0,0,0,1,0,229.3547009,229.3547009,0,192,750,1.693443775
781,0,224,217,-5.354700855,-12.35470085,-0.0139133589,-0.0321017722,-7,-0.01818841331,0,28,1,5,0,0,229.3547009,229.3547009,0,192,751,1.695528507
782,0,229.3547009,233,0,3.645299145,0,0.009471743926,3.645299145,0.009471743926,0.3645299145,0.3645299145,0,0,1,0,229.3547009,229.3547009,0,192,752,1.697634459
783,0,229.3547009,3002,0,2772.645299,0,7.204288379,2772.645299,7.204288379,0.3645299145,28.63547009,0,0,1,0,229.3547009,229.3547009,0,192,753,1.69981432
784,0,229.3547009,223,0,-6.354700855,0,-0.01651170366,-6.354700855,-0.01651170366,0.06484388627,0.06484388627,0,0,1,0,229.3547009,229.3547009,0,192,754,1.701981783
785,0,223,236,-6.354700855,6.645299145,-0.01651170366,0.0172667782,13,0.03377848186,0,30,0,0,1,0,229.3547009,229.3547009,0,192,755,1.704386711
786,0,229.3547009,2903,0,2673.645299,0,6.947052248,2673.645299,6.947052248,0.4746642247,27.52533578,0,0,1,0,229.3547009,229.3547009,0,192,756,1.706965923
787,0,229.3547009,222,0,-7.354700855,0,-0.01911004841,-7.354700855,-0.01911004841,0.07504796791,0.07504796791,0,0,1,0,229.3547009,229.3547009,0,192,757,1.709038734
788,0,222,218,-7.354700855,-11.35470085,-0.01911004841,-0.02950342745,-4,-0.01039337903,0,27,1,2,0,0,229.3547009,229.3547009,0,192,758,1.711008072
789,0,229.3547009,232,0,2.645299145,0,0.006873399168,2.645299145,0.006873399168,0.7214452214,0.7214452214,0,0,1,0,229.3547009,229.3547009,0,192,759,1.713033915
790,0,229.3547009,2612,0,2382.645299,0,6.190933924,2382.645299,6.190933924,0.3778998779,24.62210012,0,0,1,0,229.3547009,229.3547009,0,192,760,1.715090752
791,0,229.3547009,225,0,-4.354700855,0,-0.01131501414,-4.354700855,-0.01131501414,0.04398687732,0.04398687732,0,0,1,0,229.3547009,229.3547009,0,192,761,1.717288017
792,0,225,227,-4.354700855,-2.354700855,-0.01131501414,-0.006118324623,2,0.005196689516,0,16,1,2,0,0,229.3547009,229.3547009,0,192,762,1.719262838
793,0,228,228,-1.354700855,-1.354700855,-0.003519979865,-0.003519979865,0,0,0,0,0,0,1,0,229.3547009,229.3547009,0,192,763,1.721201897
794,0,228,224,-1.354700855,-5.354700855,-0.003519979865,-0.0139133589,-4,-0.01039337903,0,12,1,2,0,0,229.3547009,229.3547009,0,192,764,1.723287582
795,0,225,225,-4.354700855,-4.354700855,-0.01131501414,-0.01131501414,0,0,0,0,0,0,1,0,229.3547009,229.3547009,0,192,765,1.72518754
796,0,225,227,-4.354700855,-2.354700855,-0.01131501414,-0.006118324623,2,0.005196689516,0,16,1,2,0,0,229.3547009,229.3547009,0,192,766,1.727125645
797,0,228,228,-1.354700855,-1.354700855,-0.003519979865,-0.003519979865,0,0,0,0,0,0,1,0,229.3547009,229.3547009,0,192,767,1.731052637
798,0,228,226,-1.354700855,-3.354700855,-0.003519979865,-0.008716669381,-2,-0.005196689516,0,23,1,3,0,0,229.3547009,229.3547009,0,192,768,1.733341932
799,0,229.3547009,230,0,0.6452991453,0,0.001676709652,0.6452991453,0.001676709652,0.1075498575,0.1075498575,0,0,1,0,229.3547009,229.3547009,0,192,769,1.735540152
800,0,229.3547009,1222,0,992.6452991,0,2.57923471,992.6452991,2.57923471,0.1075498575,10.89245014,0,0,1,0,229.3547009,229.3547009,0,192,770,1.737653494
801,0,229.3547009,224,0,-5.354700855,0,-0.0139133589,-5.354700855,-0.0139133589,0.05408788742,0.05408788742,0,0,1,0,229.3547009,229.3547009,0,192,771,1.739979744
802,0,224,226,-5.354700855,-3.354700855,-0.0139133589,-0.008716669381,2,0.005196689516,0,17,0,0,1,0,229.3547009,229.3547009,0,192,772,1.742185354
803,0,226,224,-3.354700855,-5.354700855,-0.008716669381,-0.0139133589,-2,-0.005196689516,0,10,1,1,0,0,229.3547009,229.3547009,0,192,773,1.74417758
804,0,225,225,-4.354700855,-4.354700855,-0.01131501414,-0.01131501414,0,0,0,0,0,0,1,0,229.3547009,229.3547009,0,192,774,1.746114731
805,0,225,219,-4.354700855,-10.35470085,-0.01131501414,-0.02690508269,-6,-0.01559006855,0,24,1,4,0,0,229.3547009,229.3547009,0,192,775,1.748080254
806,0,229.3547009,224,0,-5.354700855,0,-0.0139133589,-5.354700855,-0.0139133589,1.338675214,1.338675214,0,0,1,0,229.3547009,229.3547009,0,192,776,1.750120163
807,0,224,224,-5.354700855,-5.354700855,-0.0139133589,-0.0139133589,0,0,0,24,1,2,0,0,229.3547009,229.3547009,0,192,777,1.752300024
808,0,229.3547009,227,0,-2.354700855,0,-0.006118324623,-2.354700855,-0.006118324623,0.1038838612,0.1038838612,0,0,1,0,229.3547009,229.3547009,0,192,778,1.75434351
809,0,227,217,-2.354700855,-12.35470085,-0.006118324623,-0.0321017722,-10,-0.02598344758,0,26,1,5,0,0,229.3547009,229.3547009,0,192,779,1.756440401
810,0,229.3547009,224,0,-5.354700855,0,-0.0139133589,-5.354700855,-0.0139133589,1.338675214,1.338675214,0,0,1,0,229.3547009,229.3547009,0,192,780,1.758538723
811,0,224,222,-5.354700855,-7.354700855,-0.0139133589,-0.01911004841,-2,-0.005196689516,0,17,1,3,0,0,229.3547009,229.3547009,0,192,781,1.760878325
812,0,229.3547009,224,0,-5.354700855,0,-0.0139133589,-5.354700855,-0.0139133589,0.2369336661,0.2369336661,0,0,1,0,229.3547009,229.3547009,0,192,782,1.76297164
813,0,224,224,-5.354700855,-5.354700855,-0.0139133589,-0.0139133589,0,0,0,22,1,2,0,0,229.3547009,229.3547009,0,192,783,1.765269279
814,0,229.3547009,227,0,-2.354700855,0,-0.006118324623,-2.354700855,-0.006118324623,0.5886752137,0.5886752137,0,0,1,0,229.3547009,229.3547009,0,192,784,1.767352104
815,0,227,223,-2.354700855,-6.354700855,-0.006118324623,-0.01651170366,-4,-0.01039337903,0,21,0,0,1,0,229.3547009,229.3547009,0,192,785,1.769541025
816,0,223,221,-6.354700855,-8.354700855,-0.01651170366,-0.02170839317,-2,-0.005196689516,0,12,1,3,0,0,229.3547009,229.3547009,0,192,786,1.771484137
817,0,229.3547009,223,0,-6.354700855,0,-0.01651170366,-6.354700855,-0.01651170366,0.2811814537,0.2811814537,0,0,1,0,229.3547009,229.3547009,0,192,787,1.77352953
818,0,223,221,-6.354700855,-8.354700855,-0.01651170366,-0.02170839317,-2,-0.005196689516,0,16,1,3,0,0,229.3547009,229.3547009,0,192,788,1.775662422
819,0,229.3547009,223,0,-6.354700855,0,-0.01651170366,-6.354700855,-0.01651170366,0.2353592909,0.2353592909,0,0,1,0,229.3547009,229.3547009,0,192,789,1.777695894
820,0,223,223,-6.354700855,-6.354700855,-0.01651170366,-0.01651170366,0,0,0,10,1,2,0,0,229.3547009,229.3547009,0,192,790,1.77981329
821,0,224,224,-5.354700855,-5.354700855,-0.0139133589,-0.0139133589,0,0,0,0,0,0,1,0,229.3547009,229.3547009,0,192,791,1.781763077
822,0,224,220,-5.354700855,-9.354700855,-0.0139133589,-0.02430673793,-4,-0.01039337903,0,26,1,3,0,0,229.3547009,229.3547009,0,192,792,1.783851862
823,0,229.3547009,228,0,-1.354700855,0,-0.003519979865,-1.354700855,-0.003519979865,0.05724088118,0.05724088118,0,0,1,0,229.3547009,229.3547009,0,192,793,1.785922289
824,0,228,226,-1.354700855,-3.354700855,-0.003519979865,-0.008716669381,-2,-0.005196689516,0,21,0,0,1,0,229.3547009,229.3547009,0,192,794,1.788083792
825,0,226,223,-3.354700855,-6.354700855,-0.008716669381,-0.01651170366,-3,-0.007795034274,0,11,1,3,0,0,229.3547009,229.3547009,0,192,795,1.790039062
826,0,229.3547009,225,0,-4.354700855,0,-0.01131501414,-4.354700855,-0.01131501414,0.4948523699,0.4948523699,0,0,1,0,229.3547009,229.3547009,0,192,796,1.792102098
827,0,225,227,-4.354700855,-2.354700855,-0.01131501414,-0.006118324623,2,0.005196689516,0,20,1,1,0,0,229.3547009,229.3547009,0,192,797,1.794454575
828,0,228,228,-1.354700855,-1.354700855,-0.003519979865,-0.003519979865,0,0,0,0,0,0,1,0,229.3547009,229.3547009,0,192,798,1.796401024
829,0,228,226,-1.354700855,-3.354700855,-0.003519979865,-0.008716669381,-2,-0.005196689516,0,10,1,1,0,0,229.3547009,229.3547009,0,192,799,1.798380613
830,0,229.3547009,11737,0,11507.6453,0,29.90082984,11507.6453,29.90082984,0.1003482115,227,0,0,1,0,229.3547009,229.3547009,0,192,800,1.800393105
831,0,229.3547009,192,0,-37.35470085,0,-0.09706039116,-37.35470085,-0.09706039116,3.107549858,3.107549858,1,9,0,0,229.3547009,229.3547009,0,192,801,1.802894115
832,0,229.3547009,230,0,0.6452991453,0,0.001676709652,0.6452991453,0.001676709652,0.06452991453,0.06452991453,0,0,1,0,229.3547009,229.3547009,0,192,802,1.805280685
833,0,229.3547009,2508,0,2278.645299,0,5.920706069,2278.645299,5.920706069,0.06452991453,23.93547009,0,0,1,0,229.3547009,229.3547009,0,192,803,1.807389259
834,0,229.3547009,220,0,-9.354700855,0,-0.02430673793,-9.354700855,-0.02430673793,0.09449192783,0.09449192783,0,0,1,0,229.3547009,229.3547009,0,192,804,1.8096838
835,0,220,212,-9.354700855,-17.35470085,-0.02430673793,-0.045093496,-8,-0.02078675807,0,26,1,12,0,0,229.3547009,229.3547009,0,192,805,1.811760664
836,0,229.3547009,231,0,1.645299145,0,0.00427505441,1.645299145,0.00427505441,0.6169871795,0.6169871795,0,0,1,0,229.3547009,229.3547009,0,192,806,1.814097166
837,0,229.3547009,1919,0,1689.645299,0,4.390281006,1689.645299,4.390281006,0.2742165242,17.72578348,0,0,1,0,229.3547009,229.3547009,0,192,807,1.816334724
838,0,229.3547009,225,0,-4.354700855,0,-0.01131501414,-4.354700855,-0.01131501414,0.04398687732,0.04398687732,0,0,1,0,229.3547009,229.3547009,0,192,808,1.818595409
839,0,225,227,-4.354700855,-2.354700855,-0.01131501414,-0.006118324623,2,0.005196689516,0,20,1,10,0,0,229.3547009,229.3547009,0,192,809,1.821111679
840,0,229.3547009,230,0,0.6452991453,0,0.001676709652,0.6452991453,0.001676709652,0.09218559219,0.09218559219,0,0,1,0,229.3547009,229.3547009,0,192,810,1.823447943
841,0,229.3547009,1818,0,1588.645299,0,4.127848186,1588.645299,4.127848186,0.09218559219,16.90781441,0,0,1,0,229.3547009,229.3547009,0,192,811,1.825457335
842,0,229.3547009,223,0,-6.354700855,0,-0.01651170366,-6.354700855,-0.01651170366,0.06418889752,0.06418889752,0,0,1,0,229.3547009,229.3547009,0,192,812,1.827828407
843,0,223,199,-6.354700855,-30.35470085,-0.01651170366,-0.07887197785,-24,-0.0623602742,0,29,1,16,0,0,229.3547009,229.3547009,0,192,813,1.83023715
844,0,229.3547009,225,0,-4.354700855,0,-0.01131501414,-4.354700855,-0.01131501414,1.357309357,1.357309357,0,0,1,0,229.3547009,229.3547009,0,192,814,1.832745552
845,0,225,227,-4.354700855,-2.354700855,-0.01131501414,-0.006118324623,2,0.005196689516,0,21,1,9,0,0,229.3547009,229.3547009,0,192,815,1.835522652
846,0,229.3547009,233,0,3.645299145,0,0.009471743926,3.645299145,0.009471743926,1.093589744,1.093589744,0,0,1,0,229.3547009,229.3547009,0,192,816,1.837702751
847,0,229.3547009,226,0,-3.354700855,0,-0.008716669381,-3.354700855,-0.008716669381,0.4792429792,0.4792429792,0,0,1,0,229.3547009,229.3547009,0,192,817,1.839826584
848,0,226,216,-3.354700855,-13.35470085,-0.008716669381,-0.03470011696,-10,-0.02598344758,0,17,1,11,0,0,229.3547009,229.3547009,0,192,818,1.842057467
849,0,229.3547009,222,0,-7.354700855,0,-0.01911004841,-7.354700855,-0.01911004841,2.022542735,2.022542735,0,0,1,0,229.3547009,229.3547009,0,192,819,1.844325066
850,0,222,220,-7.354700855,-9.354700855,-0.01911004841,-0.02430673793,-2,-0.005196689516,0,13,1,9,0,0,229.3547009,229.3547009,0,192,820,1.846657515
851,0,229.3547009,225,0,-4.354700855,0,-0.01131501414,-4.354700855,-0.01131501414,1.385586636,1.385586636,0,0,1,0,229.3547009,229.3547009,0,192,821,1.848782063
852,0,225,220,-4.354700855,-9.354700855,-0.01131501414,-0.02430673793,-5,-0.01299172379,0,28,1,14,0,0,229.3547009,229.3547009,0,192,822,1.851147175
853,0,229.3547009,228,0,-1.354700855,0,-0.003519979865,-1.354700855,-0.003519979865,0.3548026048,0.3548026048,0,0,1,0,229.3547009,229.3547009,0,192,823,1.853460789
854,0,228,230,-1.354700855,0.6452991453,-0.003519979865,0.001676709652,2,0.005196689516,0,14,1,9,0,0,229.3547009,229.3547009,0,192,824,1.85612011
855,0,229.3547009,226,0,-3.354700855,0,-0.008716669381,-3.354700855,-0.008716669381,0.4792429792,0.4792429792,0,0,1,0,229.3547009,229.3547009,0,192,825,1.858408213
856,0,226,220,-3.354700855,-9.354700855,-0.008716669381,-0.02430673793,-6,-0.01559006855,0,14,1,7,0,0,229.3547009,229.3547009,0,192,826,1.860938787
857,0,229.3547009,223,0,-6.354700855,0,-0.01651170366,-6.354700855,-0.01651170366,0.3738059326,0.3738059326,0,0,1,0,229.3547009,229.3547009,0,192,827,1.86308074
858,0,223,219,-6.354700855,-10.35470085,-0.01651170366,-0.02690508269,-4,-0.01039337903,0,22,1,12,0,0,229.3547009,229.3547009,0,192,828,1.865787029
859,0,229.3547009,229,0,-0.3547008547,0,-0.0009216351065,-0.3547008547,-0.0009216351065,0.05361757106,0.05361757106,0,0,1,0,229.3547009,229.3547009,0,192,829,1.868015766
860,0,229,219,-0.3547008547,-10.35470085,-0.0009216351065,-0.02690508269,-10,-0.02598344758,0,27,1,10,0,0,229.3547009,229.3547009,0,192,830,1.870286465
861,0,229.3547009,225,0,-4.354700855,0,-0.01131501414,-4.354700855,-0.01131501414,0.4032130421,0.4032130421,0,0,1,0,229.3547009,229.3547009,0,192,831,1.872443199
862,0,225,221,-4.354700855,-8.354700855,-0.01131501414,-0.02170839317,-4,-0.01039337903,0,22,1,10,0,0,229.3547009,229.3547009,0,192,832,1.874830723
863,0,229.3547009,225,0,-4.354700855,0,-0.01131501414,-4.354700855,-0.01131501414,1.596723647,1.596723647,0,0,1,0,229.3547009,229.3547009,0,192,833,1.876986742
864,0,225,221,-4.354700855,-8.354700855,-0.01131501414,-0.02170839317,-4,-0.01039337903,0,26,1,9,0,0,229.3547009,229.3547009,0,192,834,1.879654169
865,0,229.3547009,226,0,-3.354700855,0,-0.008716669381,-3.354700855,-0.008716669381,0.3106204495,0.3106204495,0,0,1,0,229.3547009,229.3547009,0,192,835,1.88184309
866,0,226,226,-3.354700855,-3.354700855,-0.008716669381,-0.008716669381,0,0,0,15,1,10,0,0,229.3547009,229.3547009,0,192,836,1.884551287
867,0,229,229,-0.3547008547,-0.3547008547,-0.0009216351065,-0.0009216351065,0,0,0,0,0,0,1,0,229.3547009,229.3547009,0,192,837,1.886669397
868,0,229,221,-0.3547008547,-8.354700855,-0.0009216351065,-0.02170839317,-8,-0.02078675807,0,20,1,7,0,0,229.3547009,229.3547009,0,192,838,1.888880968
869,0,229.3547009,224,0,-5.354700855,0,-0.0139133589,-5.354700855,-0.0139133589,0.3149824032,0.3149824032,0,0,1,0,229.3547009,229.3547009,0,192,839,1.890936613
870,0,224,224,-5.354700855,-5.354700855,-0.0139133589,-0.0139133589,0,0,0,29,1,11,0,0,229.3547009,229.3547009,0,192,840,1.893537998
871,0,229.3547009,229,2.842170943e-14,-0.3547008547,7.384939972e-17,-0.0009216351065,-0.3547008547,-0.0009216351065,0.01785406987,0.01785406987,0,0,1,0,229.3547009,229.3547009,0,192,841,1.895908833
872,0,229,225,-0.3547008547,-4.354700855,-0.0009216351065,-0.01131501414,-4,-0.01039337903,0,24,1,8,0,0,229.3547009,229.3547009,0,192,842,1.898206234
873,0,229.3547009,231,0,1.645299145,0,0.00427505441,1.645299145,0.00427505441,0.1371082621,0.1371082621,0,0,1,0,229.3547009,229.3547009,0,192,843,1.900341511
874,0,229.3547009,1118,0,888.6452991,0,2.309006855,888.6452991,2.309006855,0.1371082621,9.862891738,0,0,1,0,229.3547009,229.3547009,0,192,844,1.902383327
875,0,229.3547009,219,0,-10.35470085,0,-0.02690508269,-10.35470085,-0.02690508269,0.1045929379,0.1045929379,0,0,1,0,229.3547009,229.3547009,0,192,845,1.904598236
876,0,219,221,-10.35470085,-8.354700855,-0.02690508269,-0.02170839317,2,0.005196689516,0,14,1,10,0,0,229.3547009,229.3547009,0,192,846,1.906859636
877,0,224,224,-5.354700855,-5.354700855,-0.0139133589,-0.0139133589,0,0,0,0,0,0,1,0,229.3547009,229.3547009,0,192,847,1.908869505
878,0,224,203,-5.354700855,-26.35470085,-0.0139133589,-0.06847859882,-21,-0.05456523992,0,28,1,14,0,0,229.3547009,229.3547009,0,192,848,1.911421776
879,0,229.3547009,230,0,0.6452991453,0,0.001676709652,0.6452991453,0.001676709652,0.2304639805,0.2304639805,0,0,1,0,229.3547009,229.3547009,0,192,849,1.913679361
880,0,229.3547009,2015,0,1785.645299,0,4.639722103,1785.645299,4.639722103,0.08066239316,18.91933761,0,0,1,0,229.3547009,229.3547009,0,192,850,1.91591239
881,0,229.3547009,222,0,-7.354700855,0,-0.01911004841,-7.354700855,-0.01911004841,0.07428990762,0.07428990762,0,0,1,0,229.3547009,229.3547009,0,192,851,1.918218136
882,0,222,230,-7.354700855,0.6452991453,-0.01911004841,0.001676709652,8,0.02078675807,0,27,1,11,0,0,229.3547009,229.3547009,0,192,852,1.920734167
883,0,229.3547009,222,0,-7.354700855,0,-0.01911004841,-7.354700855,-0.01911004841,1.696225071,1.696225071,1,3,0,0,229.3547009,229.3547009,0,192,853,1.922894716
884,0,227,1527,-2.354700855,1297.645299,-0.006118324623,3.371729861,1300,3.377848186,1.5,14.5,0,0,1,0,229.3547009,229.3547009,0,192,854,1.925101757
885,0,229.3547009,232,0,2.645299145,0,0.006873399168,2.645299145,0.006873399168,0.3306623932,0.3306623932,0,0,1,0,229.3547009,229.3547009,0,192,855,1.927132845
886,0,229.3547009,1420,0,1190.645299,0,3.093706972,1190.645299,3.093706972,0.3306623932,12.66933761,0,0,1,0,229.3547009,229.3547009,0,192,856,1.929090977
887,0,229.3547009,224,0,-5.354700855,0,-0.0139133589,-5.354700855,-0.0139133589,0.05408788742,0.05408788742,0,0,1,0,229.3547009,229.3547009,0,192,857,1.931224585
888,0,224,210,-5.354700855,-19.35470085,-0.0139133589,-0.05029018551,-14,-0.03637682661,0,24,1,7,0,0,229.3547009,229.3547009,0,192,858,1.933215618
889,0,229.3547009,216,0,-13.35470085,0,-0.03470011696,-13.35470085,-0.03470011696,1.430860806,1.430860806,0,0,1,0,229.3547009,229.3547009,0,192,859,1.935333967
890,0,216,214,-13.35470085,-15.35470085,-0.03470011696,-0.03989680648,-2,-0.005196689516,0,12,1,8,0,0,229.3547009,229.3547009,0,192,860,1.93776083
891,0,229.3547009,217,0,-12.35470085,0,-0.0321017722,-12.35470085,-0.0321017722,1.578667364,1.578667364,1,1,0,0,229.3547009,229.3547009,0,192,861,1.93991375
892,0,229.3547009,218,0,-11.35470085,0,-0.02950342745,-11.35470085,-0.02950342745,0.3389462942,0.3389462942,0,0,1,0,229.3547009,229.3547009,0,192,862,1.942098379
893,0,218,214,-11.35470085,-15.35470085,-0.02950342745,-0.03989680648,-4,-0.01039337903,0,17,1,6,0,0,229.3547009,229.3547009,0,192,863,1.944204569
894,0,229.3547009,221,0,-8.354700855,0,-0.02170839317,-8.354700855,-0.02170839317,1.518952062,1.518952062,1,1,0,0,229.3547009,229.3547009,0,192,864,1.946352005
895,0,223,223,-6.354700855,-6.354700855,-0.01651170366,-0.01651170366,0,0,0,0,0,0,1,0,229.3547009,229.3547009,0,192,865,1.948453426
896,0,223,219,-6.354700855,-10.35470085,-0.01651170366,-0.02690508269,-4,-0.01039337903,0,23,1,4,0,0,229.3547009,229.3547009,0,192,866,1.950429201
897,0,229.3547009,222,2.842170943e-14,-7.354700855,7.384939972e-17,-0.01911004841,-7.354700855,-0.01911004841,0.5850330225,0.5850330225,0,0,1,0,229.3547009,229.3547009,0,192,867,1.952448845
898,0,222,218,-7.354700855,-11.35470085,-0.01911004841,-0.02950342745,-4,-0.01039337903,0,26,1,6,0,0,229.3547009,229.3547009,0,192,868,1.954852104
899,0,229.3547009,233,0,3.645299145,0,0.009471743926,3.645299145,0.009471743926,1.366987179,1.366987179,0,0,1,0,229.3547009,229.3547009,0,192,869,1.957129955
900,0,229.3547009,228,0,-1.354700855,0,-0.003519979865,-1.354700855,-0.003519979865,0.2709401709,0.2709401709,0,0,1,0,229.3547009,229.3547009,0,192,870,1.959275723
901,0,228,226,-1.354700855,-3.354700855,-0.003519979865,-0.008716669381,-2,-0.005196689516,0,18,1,3,0,0,229.3547009,229.3547009,0,192,871,1.961864233
902,0,227,227,-2.354700855,-2.354700855,-0.006118324623,-0.006118324623,0,0,0,0,0,0,1,0,229.3547009,229.3547009,0,192,872,1.96377635
903,0,227,227,-2.354700855,-2.354700855,-0.006118324623,-0.006118324623,0,0,0,22,1,5,0,0,229.3547009,229.3547009,0,192,873,1.965736389
904,0,229.3547009,230,0,0.6452991453,0,0.001676709652,0.6452991453,0.001676709652,0.09218559219,0.09218559219,0,0,1,0,229.3547009,229.3547009,0,192,874,1.967993975
905,0,229.3547009,2412,0,2182.645299,0,5.671264972,2182.645299,5.671264972,0.09218559219,22.90781441,0,0,1,0,229.3547009,229.3547009,0,192,875,1.970113277
906,0,229.3547009,223,0,-6.354700855,0,-0.01651170366,-6.354700855,-0.01651170366,0.06418889752,0.06418889752,0,0,1,0,229.3547009,229.3547009,0,192,876,1.972483873
907,0,223,215,-6.354700855,-14.35470085,-0.01651170366,-0.03729846172,-8,-0.02078675807,0,15,1,8,0,0,229.3547009,229.3547009,0,192,877,1.975007534
908,0,228.5,216,-0.8547008547,-13.35470085,-0.002220807486,-0.03470011696,-12.5,-0.03247930948,1.5,1.5,1,4,0,0,229.3547009,229.3547009,0,192,878,1.97703433
909,0,228.5,2331,-0.8547008547,2101.645299,-0.002220807486,5.460799047,2102.5,5.463019854,1.5,22.5,0,0,1,0,229.3547009,229.3547009,0,192,879,1.979165316
910,0,229.3547009,229,0,-0.3547008547,0,-0.0009216351065,-0.3547008547,-0.0009216351065,0.02955840456,0.02955840456,0,0,1,0,229.3547009,229.3547009,0,192,880,1.981193781
911,0,229,237,-0.3547008547,7.645299145,-0.0009216351065,0.01986512296,8,0.02078675807,0,23,1,3,0,0,229.3547009,229.3547009,0,192,881,1.983403683
912,0,229.3547009,227,0,-2.354700855,0,-0.006118324623,-2.354700855,-0.006118324623,0.4281274281,0.4281274281,0,0,1,0,229.3547009,229.3547009,0,192,882,1.98552537
913,0,227,215,-2.354700855,-14.35470085,-0.006118324623,-0.03729846172,-12,-0.0311801371,0,21,1,8,0,0,229.3547009,229.3547009,0,192,883,1.98783803
914,0,229.3547009,217,0,-12.35470085,0,-0.0321017722,-12.35470085,-0.0321017722,1.5,1.5,1,1,0,0,229.3547009,229.3547009,0,192,884,1.989887714
915,0,229,229,-0.3547008547,-0.3547008547,-0.0009216351065,-0.0009216351065,0,0,0,0,0,0,1,0,229.3547009,229.3547009,0,192,885,1.991960526
916,0,229,227,-0.3547008547,-2.354700855,-0.0009216351065,-0.006118324623,-2,-0.005196689516,0,12,1,5,0,0,229.3547009,229.3547009,0,192,886,1.993920326
917,0,229.3547009,230,0,0.6452991453,0,0.001676709652,0.6452991453,0.001676709652,0.05377492877,0.05377492877,0,0,1,0,229.3547009,229.3547009,0,192,887,1.996008396
918,0,229.3547009,2703,0,2473.645299,0,6.427383297,2473.645299,6.427383297,0.05377492877,25.94622507,0,0,1,0,229.3547009,229.3547009,0,192,888,1.998003483
919,0,229.3547009,218,0,-11.35470085,0,-0.02950342745,-11.35470085,-0.02950342745,0.1158642944,0.1158642944,0,0,1,0,229.3547009,229.3547009,0,192,889,2.000226736
920,0,218,220,-11.35470085,-9.354700855,-0.02950342745,-0.02430673793,2,0.005196689516,0,27,1,9,0,0,229.3547009,229.3547009,0,192,890,2.002287865
921,0,229.3547009,225,0,-4.354700855,0,-0.01131501414,-4.354700855,-0.01131501414,0.1728055895,0.1728055895,0,0,1,0,229.3547009,229.3547009,0,192,891,2.004452944
922,0,225,219,-4.354700855,-10.35470085,-0.01131501414,-0.02690508269,-6,-0.01559006855,0,14,1,4,0,0,229.3547009,229.3547009,0,192,892,2.006719828
923,0,229,229,-0.3547008547,-0.3547008547,-0.0009216351065,-0.0009216351065,0,0,0,0,0,0,1,0,229.3547009,229.3547009,0,192,893,2.008662462
924,0,229,227,-0.3547008547,-2.354700855,-0.0009216351065,-0.006118324623,-2,-0.005196689516,0,27,1,8,0,0,229.3547009,229.3547009,0,192,894,2.010634661
925,0,229.3547009,232,0,2.645299145,0,0.006873399168,2.645299145,0.006873399168,0.2939221273,0.2939221273,0,0,1,0,229.3547009,229.3547009,0,192,895,2.012778759
926,0,229.3547009,1518,0,1288.645299,0,3.348344758,1288.645299,3.348344758,0.2939221273,13.70607787,0,0,1,0,229.3547009,229.3547009,0,192,896,2.014909267
927,0,229.3547009,223,0,-6.354700855,0,-0.01651170366,-6.354700855,-0.01651170366,0.06418889752,0.06418889752,0,0,1,0,229.3547009,229.3547009,0,192,897,2.017091274
928,0,223,219,-6.354700855,-10.35470085,-0.01651170366,-0.02690508269,-4,-0.01039337903,0,25,1,5,0,0,229.3547009,229.3547009,0,192,898,2.019431114
929,0,229.3547009,222,0,-7.354700855,0,-0.01911004841,-7.354700855,-0.01911004841,0.3960223537,0.3960223537,0,0,1,0,229.3547009,229.3547009,0,192,899,2.021613121
930,0,222,213,-7.354700855,-16.35470085,-0.01911004841,-0.04249515124,-9,-0.02338510282,0,28,1,9,0,0,229.3547009,229.3547009,0,192,900,2.023827791
931,0,229.3547009,217,0,-12.35470085,0,-0.0321017722,-12.35470085,-0.0321017722,0.679508547,0.679508547,0,0,1,0,229.3547009,229.3547009,0,192,901,2.02602458
932,0,217,211,-12.35470085,-18.35470085,-0.0321017722,-0.04769184075,-6,-0.01559006855,0,13,1,9,0,0,229.3547009,229.3547009,0,192,902,2.028771877
933,0,229.3547009,224,2.842170943e-14,-5.354700855,7.384939972e-17,-0.0139133589,-5.354700855,-0.0139133589,0.4627519257,0.4627519257,0,0,1,0,229.3547009,229.3547009,0,192,903,2.030929327
934,0,224,228,-5.354700855,-1.354700855,-0.0139133589,-0.003519979865,4,0.01039337903,0,27,1,9,0,0,229.3547009,229.3547009,0,192,904,2.033292294
935,0,229.3547009,233,0,3.645299145,0,0.009471743926,3.645299145,0.009471743926,0.3645299145,0.3645299145,0,0,1,0,229.3547009,229.3547009,0,192,905,2.035468102
936,0,229.3547009,2412,0,2182.645299,0,5.671264972,2182.645299,5.671264972,0.3645299145,22.63547009,0,0,1,0,229.3547009,229.3547009,0,192,906,2.037481308
937,0,229.3547009,223,0,-6.354700855,0,-0.01651170366,-6.354700855,-0.01651170366,0.06418889752,0.06418889752,0,0,1,0,229.3547009,229.3547009,0,192,907,2.039724112
938,0,223,220,-6.354700855,-9.354700855,-0.01651170366,-0.02430673793,-3,-0.007795034274,0,11,1,5,0,0,229.3547009,229.3547009,0,192,908,2.041881323
939,0,229.3547009,223,0,-6.354700855,0,-0.01651170366,-6.354700855,-0.01651170366,0.4332750583,0.4332750583,0,0,1,0,229.3547009,229.3547009,0,192,909,2.043954134
940,0,223,220,-6.354700855,-9.354700855,-0.01651170366,-0.02430673793,-3,-0.007795034274,0,11,1,6,0,0,229.3547009,229.3547009,0,192,910,2.046179771
941,0,229.3547009,9855,0,9625.645299,0,25.01074501,9625.645299,25.01074501,0.4332750583,196.144425,0,0,1,0,229.3547009,229.3547009,0,192,911,2.04822588
942,0,229.3547009,232,0,2.645299145,0,0.006873399168,2.645299145,0.006873399168,0.9619269619,0.9619269619,0,0,1,0,229.3547009,229.3547009,0,192,912,2.050632
943,0,229.3547009,227,0,-2.354700855,0,-0.006118324623,-2.354700855,-0.006118324623,0.4709401709,0.4709401709,0,0,1,0,229.3547009,229.3547009,0,192,913,2.052901506
944,0,227,213,-2.354700855,-16.35470085,-0.006118324623,-0.04249515124,-14,-0.03637682661,0,16,1,13,0,0,229.3547009,229.3547009,0,192,914,2.055287838
945,0,229.3547009,223,0,-6.354700855,0,-0.01651170366,-6.354700855,-0.01651170366,3.067277167,3.067277167,1,4,0,0,229.3547009,229.3547009,0,192,915,2.057644367
946,0,229.3547009,227,0,-2.354700855,0,-0.006118324623,-2.354700855,-0.006118324623,0.6540835708,0.6540835708,0,0,1,0,229.3547009,229.3547009,0,192,916,2.059956789
947,0,227,220,-2.354700855,-9.354700855,-0.006118324623,-0.02430673793,-7,-0.01818841331,0,30,1,13,0,0,229.3547009,229.3547009,0,192,917,2.062479019
948,0,229.3547009,223,0,-6.354700855,0,-0.01651170366,-6.354700855,-0.01651170366,1.765194682,1.765194682,0,0,1,0,229.3547009,229.3547009,0,192,918,2.064853191
949,0,223,218,-6.354700855,-11.35470085,-0.01651170366,-0.02950342745,-5,-0.01299172379,0,11,1,8,0,0,229.3547009,229.3547009,0,192,919,2.067600965
950,0,229.3547009,230,0,0.6452991453,0,0.001676709652,0.6452991453,0.001676709652,0.4609279609,0.4609279609,0,0,1,0,229.3547009,229.3547009,0,192,920,2.069956303
951,0,229.3547009,1619,0,1389.645299,0,3.610777579,1389.645299,3.610777579,0.1075498575,14.89245014,0,0,1,0,229.3547009,229.3547009,0,192,921,2.072165728
952,0,229.3547009,224,0,-5.354700855,0,-0.0139133589,-5.354700855,-0.0139133589,0.05408788742,0.05408788742,0,0,1,0,229.3547009,229.3547009,0,192,922,2.074619532
953,0,224,225,-5.354700855,-4.354700855,-0.0139133589,-0.01131501414,1,0.002598344758,0,11,1,2,0,0,229.3547009,229.3547009,0,192,923,2.077227592
954,0,229.3547009,227,0,-2.354700855,0,-0.006118324623,-2.354700855,-0.006118324623,0.1197305519,0.1197305519,0,0,1,0,229.3547009,229.3547009,0,192,924,2.079244375
955,0,227,215,-2.354700855,-14.35470085,-0.006118324623,-0.03729846172,-12,-0.0311801371,0,27,1,9,0,0,229.3547009,229.3547009,0,192,925,2.081408978
956,0,229.3547009,223,0,-6.354700855,0,-0.01651170366,-6.354700855,-0.01651170366,1.882874327,1.882874327,0,0,1,0,229.3547009,229.3547009,0,192,926,2.083665371
957,0,223,229,-6.354700855,-0.3547008547,-0.01651170366,-0.0009216351065,6,0.01559006855,0,18,1,2,0,0,229.3547009,229.3547009,0,192,927,2.086002111
958,0,229.3547009,231,0,1.645299145,0,0.00427505441,1.645299145,0.00427505441,0.2742165242,0.2742165242,0,0,1,0,229.3547009,229.3547009,0,192,928,2.088147163
959,0,229.3547009,2612,0,2382.645299,0,6.190933924,2382.645299,6.190933924,0.2742165242,24.72578348,0,0,1,0,229.3547009,229.3547009,0,192,929,2.090279818
960,0,229.3547009,225,0,-4.354700855,0,-0.01131501414,-4.354700855,-0.01131501414,0.04398687732,0.04398687732,0,0,1,0,229.3547009,229.3547009,0,192,930,2.092448711
961,0,225,217,-4.354700855,-12.35470085,-0.01131501414,-0.0321017722,-8,-0.02078675807,0,13,1,4,0,0,229.3547009,229.3547009,0,192,931,2.094437361
962,0,229.3547009,219,0,-10.35470085,0,-0.02690508269,-10.35470085,-0.02690508269,0.3944647945,0.3944647945,0,0,1,0,229.3547009,229.3547009,0,192,932,2.096484423
963,0,219,217,-10.35470085,-12.35470085,-0.02690508269,-0.0321017722,-2,-0.005196689516,0,22,1,5,0,0,229.3547009,229.3547009,0,192,933,2.098598719
964,0,229.3547009,229,0,-0.3547008547,0,-0.0009216351065,-0.3547008547,-0.0009216351065,0.1241452991,0.1241452991,0,0,1,0,229.3547009,229.3547009,0,192,934,2.10065484
965,0,229,216,-0.3547008547,-13.35470085,-0.0009216351065,-0.03470011696,-13,-0.03377848186,0,28,1,7,0,0,229.3547009,229.3547009,0,192,935,2.103335857
966,0,229.3547009,224,0,-5.354700855,0,-0.0139133589,-5.354700855,-0.0139133589,1.46037296,1.46037296,0,0,1,0,229.3547009,229.3547009,0,192,936,2.105519056
967,0,224,218,-5.354700855,-11.35470085,-0.0139133589,-0.02950342745,-6,-0.01559006855,0,23,1,4,0,0,229.3547009,229.3547009,0,192,937,2.107806921
968,0,229.3547009,222,0,-7.354700855,0,-0.01911004841,-7.354700855,-0.01911004841,1.103205128,1.103205128,0,0,1,0,229.3547009,229.3547009,0,192,938,2.109837294
969,0,222,218,-7.354700855,-11.35470085,-0.01911004841,-0.02950342745,-4,-0.01039337903,0,26,1,7,0,0,229.3547009,229.3547009,0,192,939,2.112011909
970,0,229.3547009,229,0,-0.3547008547,0,-0.0009216351065,-0.3547008547,-0.0009216351065,0.03879540598,0.03879540598,0,0,1,0,229.3547009,229.3547009,0,192,940,2.114138126
971,0,229,230,-0.3547008547,0.6452991453,-0.0009216351065,0.001676709652,1,0.002598344758,0,11,1,2,0,0,229.3547009,229.3547009,0,192,941,2.116409063
972,0,229.3547009,227,0,-2.354700855,0,-0.006118324623,-2.354700855,-0.006118324623,0.4709401709,0.4709401709,0,0,1,0,229.3547009,229.3547009,0,192,942,2.118512392
973,0,227,225,-2.354700855,-4.354700855,-0.006118324623,-0.01131501414,-2,-0.005196689516,0,13,1,2,0,0,229.3547009,229.3547009,0,192,943,2.120829582
974,0,226,226,-3.354700855,-3.354700855,-0.008716669381,-0.008716669381,0,0,0,0,0,0,1,0,229.3547009,229.3547009,0,192,944,2.122774363
975,0,226,216,-3.354700855,-13.35470085,-0.008716669381,-0.03470011696,-10,-0.02598344758,0,24,1,4,0,0,229.3547009,229.3547009,0,192,945,2.124791861
976,0,229.3547009,236,0,6.645299145,0,0.0172667782,6.645299145,0.0172667782,1.329059829,1.329059829,0,0,1,0,229.3547009,229.3547009,0,192,946,2.126865149
977,0,229.3547009,1318,0,1088.645299,0,2.828675807,1088.645299,2.828675807,1.329059829,12.67094017,0,0,1,0,229.3547009,229.3547009,0,192,947,2.129086494
978,0,229.3547009,221,0,-8.354700855,0,-0.02170839317,-8.354700855,-0.02170839317,0.08439091772,0.08439091772,0,0,1,0,229.3547009,229.3547009,0,192,948,2.131528616
979,0,221,219,-8.354700855,-10.35470085,-0.02170839317,-0.02690508269,-2,-0.005196689516,0,23,1,5,0,0,229.3547009,229.3547009,0,192,949,2.133660793
980,0,229.3547009,224,-2.842170943e-14,-5.354700855,-7.384939972e-17,-0.0139133589,-5.354700855,-0.0139133589,0.4389099061,0.4389099061,0,0,1,0,229.3547009,229.3547009,0,192,950,2.135771036
981,0,224,222,-5.354700855,-7.354700855,-0.0139133589,-0.01911004841,-2,-0.005196689516,0,20,1,2,0,0,229.3547009,229.3547009,0,192,951,2.138161898
982,0,229.3547009,225,0,-4.354700855,0,-0.01131501414,-4.354700855,-0.01131501414,0.8709401709,0.8709401709,0,0,1,0,229.3547009,229.3547009,0,192,952,2.14017415
983,0,225,221,-4.354700855,-8.354700855,-0.01131501414,-0.02170839317,-4,-0.01039337903,0,18,1,3,0,0,229.3547009,229.3547009,0,192,953,2.142302513
984,0,229.3547009,224,0,-5.354700855,0,-0.0139133589,-5.354700855,-0.0139133589,0.4389099061,0.4389099061,0,0,1,0,229.3547009,229.3547009,0,192,954,2.144320488
985,0,224,216,-5.354700855,-13.35470085,-0.0139133589,-0.03470011696,-8,-0.02078675807,0,23,1,4,0,0,229.3547009,229.3547009,0,192,955,2.146685123
986,0,229.3547009,236,0,6.645299145,0,0.0172667782,6.645299145,0.0172667782,1.329059829,1.329059829,0,0,1,0,229.3547009,229.3547009,0,192,956,2.148762703
987,0,229.3547009,1021,0,791.6452991,0,2.056967413,791.6452991,2.056967413,1.329059829,9.670940171,0,0,1,0,229.3547009,229.3547009,0,192,957,2.150920868
988,0,229.3547009,221,0,-8.354700855,0,-0.02170839317,-8.354700855,-0.02170839317,0.08354700855,0.08354700855,0,0,1,0,229.3547009,229.3547009,0,192,958,2.15334177
989,0,221,217,-8.354700855,-12.35470085,-0.02170839317,-0.0321017722,-4,-0.01039337903,0,18,1,3,0,0,229.3547009,229.3547009,0,192,959,2.155424118
990,0,229.3547009,220,0,-9.354700855,0,-0.02430673793,-9.354700855,-0.02430673793,0.7667787586,0.7667787586,0,0,1,0,229.3547009,229.3547009,0,192,960,2.157431126
991,0,220,222,-9.354700855,-7.354700855,-0.02430673793,-0.01911004841,2,0.005196689516,0,24,1,4,0,0,229.3547009,229.3547009,0,192,961,2.159773588
992,0,229.3547009,227,0,-2.354700855,0,-0.006118324623,-2.354700855,-0.006118324623,0.4709401709,0.4709401709,0,0,1,0,229.3547009,229.3547009,0,192,962,2.161827087
993,0,227,221,-2.354700855,-8.354700855,-0.006118324623,-0.02170839317,-6,-0.01559006855,0,21,1,5,0,0,229.3547009,229.3547009,0,192,963,2.164005518
994,0,229.3547009,8844,0,8614.645299,0,22.38381846,8614.645299,22.38381846,0.2749754799,188.9450049,0,0,1,0,229.3547009,229.3547009,0,192,964,2.166120529
995,0,229.3547009,232,0,2.645299145,0,0.006873399168,2.645299145,0.006873399168,1.058119658,1.058119658,0,0,1,0,229.3547009,229.3547009,0,192,965,2.168443441
996,0,229.3547009,227,0,-2.354700855,0,-0.006118324623,-2.354700855,-0.006118324623,0.4709401709,0.4709401709,0,0,1,0,229.3547009,229.3547009,0,192,966,2.170564651
997,0,227,223,-2.354700855,-6.354700855,-0.006118324623,-0.01651170366,-4,-0.01039337903,0,14,1,3,0,0,229.3547009,229.3547009,0,192,967,2.173029423
998,0,224,224,-5.354700855,-5.354700855,-0.0139133589,-0.0139133589,0,0,0,0,0,0,1,0,229.3547009,229.3547009,0,192,968,2.174990892
999,0,224,225,-5.354700855,-4.354700855,-0.0139133589,-0.01131501414,1,0.002598344758,0,11,1,2,0,0,229.3547009,229.3547009,0,192,969,2.177220345
1000,0,226,226,-3.354700855,-3.354700855,-0.008716669381,-0.008716669381,0,0,0,0,0,0,1,0,229.3547009,229.3547009,0,192,970,2.179193497
1001,0,226,226,-3.354700855,-3.354700855,-0.008716669381,-0.008716669381,0,0,0,19,1,4,0,0,229.3547009,229.3547009,0,192,971,2.181154251
1002,0,229.3547009,229,0,-0.3547008547,0,-0.0009216351065,-0.3547008547,-0.0009216351065,0.01700620536,0.01700620536,0,0,1,0,229.3547009,229.3547009,0,192,972,2.183208704
1003,0,229,219,-0.3547008547,-10.35470085,-0.0009216351065,-0.02690508269,-10,-0.02598344758,0,29,1,7,0,0,229.3547009,229.3547009,0,192,973,2.18581295
1004,0,229.3547009,231,0,1.645299145,0,0.00427505441,1.645299145,0.00427505441,0.1175213675,0.1175213675,0,0,1,0,229.3547009,229.3547009,0,192,974,2.187966585
1005,0,229.3547009,1712,0,1482.645299,0,3.852423641,1482.645299,3.852423641,0.1175213675,15.88247863,0,0,1,0,229.3547009,229.3547009,0,192,975,2.189997911
1006,0,229.3547009,217,0,-12.35470085,0,-0.0321017722,-12.35470085,-0.0321017722,0.1247949581,0.1247949581,0,0,1,0,229.3547009,229.3547009,0,192,976,2.192151546
1007,0,217,213,-12.35470085,-16.35470085,-0.0321017722,-0.04249515124,-4,-0.01039337903,0,12,1,3,0,0,229.3547009,229.3547009,0,192,977,2.194451809
1008,0,229.3547009,215,0,-14.35470085,0,-0.03729846172,-14.35470085,-0.03729846172,0.5451152223,0.5451152223,0,0,1,0,229.3547009,229.3547009,0,192,978,2.196553469
1009,0,215,215,-14.35470085,-14.35470085,-0.03729846172,-0.03729846172,0,0,0,14,1,2,0,0,229.3547009,229.3547009,0,192,979,2.198676825
1010,0,229.3547009,217,0,-12.35470085,0,-0.0321017722,-12.35470085,-0.0321017722,0.8423659674,0.8423659674,0,0,1,0,229.3547009,229.3547009,0,192,980,2.200647831
1011,0,217,217,-12.35470085,-12.35470085,-0.0321017722,-0.0321017722,0,0,0,26,1,7,0,0,229.3547009,229.3547009,0,192,981,2.202752352
1012,0,229.3547009,229,0,-0.3547008547,0,-0.0009216351065,-0.3547008547,-0.0009216351065,0.0738960114,0.0738960114,0,0,1,0,229.3547009,229.3547009,0,192,982,2.204914808
1013,0,229,225,-0.3547008547,-4.354700855,-0.0009216351065,-0.01131501414,-4,-0.01039337903,0,18,1,2,0,0,229.3547009,229.3547009,0,192,983,2.207631588
1014,0,229.3547009,227,0,-2.354700855,0,-0.006118324623,-2.354700855,-0.006118324623,0.1605477855,0.1605477855,0,0,1,0,229.3547009,229.3547009,0,192,984,2.209661722
1015,0,227,225,-2.354700855,-4.354700855,-0.006118324623,-0.01131501414,-2,-0.005196689516,0,19,1,3,0,0,229.3547009,229.3547009,0,192,985,2.211760283
1016,0,229.3547009,227,0,-2.354700855,0,-0.006118324623,-2.354700855,-0.006118324623,0.1038838612,0.1038838612,0,0,1,0,229.3547009,229.3547009,0,192,986,2.213868856
1017,0,227,225,-2.354700855,-4.354700855,-0.006118324623,-0.01131501414,-2,-0.005196689516,0,19,1,2,0,0,229.3547009,229.3547009,0,192,987,2.216284752
1018,0,229.3547009,10913,0,10683.6453,0,27.75979376,10683.6453,27.75979376,0.1605477855,229.0535159,0,0,1,0,229.3547009,229.3547009,0,192,988,2.218694925
1019,0,229.3547009,231,0,1.645299145,0,0.00427505441,1.645299145,0.00427505441,1.997863248,1.997863248,0,0,1,0,229.3547009,229.3547009,0,192,989,2.221683741
1020,0,229.3547009,1822,0,1592.645299,0,4.138241565,1592.645299,4.138241565,0.4113247863,16.58867521,0,0,1,0,229.3547009,229.3547009,0,192,990,2.224849701
1021,0,229.3547009,227,0,-2.354700855,0,-0.006118324623,-2.354700855,-0.006118324623,0.02378485712,0.02378485712,0,0,1,0,229.3547009,229.3547009,0,192,991,2.227953434
1022,0,227,231,-2.354700855,1.645299145,-0.006118324623,0.00427505441,4,0.01039337903,0,19,1,6,0,0,229.3547009,229.3547009,0,192,992,2.230370522
1023,0,229.3547009,227,0,-2.354700855,0,-0.006118324623,-2.354700855,-0.006118324623,0.2943376068,0.2943376068,0,0,1,0,229.3547009,229.3547009,0,192,993,2.232680082
1024,0,227,222,-2.354700855,-7.354700855,-0.006118324623,-0.01911004841,-5,-0.01299172379,0,11,1,6,0,0,229.3547009,229.3547009,0,192,994,2.235013008
1025,0,229.3547009,225,0,-4.354700855,0,-0.01131501414,-4.354700855,-0.01131501414,0.8064260842,0.8064260842,0,0,1,0,229.3547009,229.3547009,0,192,995,2.237115622
1026,0,225,213,-4.354700855,-16.35470085,-0.01131501414,-0.04249515124,-12,-0.0311801371,0,23,1,10,0,0,229.3547009,229.3547009,0,192,996,2.23979497
1027,0,229.3547009,218,0,-11.35470085,0,-0.02950342745,-11.35470085,-0.02950342745,3.16488604,3.16488604,1,2,0,0,229.3547009,229.3547009,0,192,997,2.241992235
1028,0,229.3547009,236,0,6.645299145,0,0.0172667782,6.645299145,0.0172667782,1.329059829,1.329059829,0,0,1,0,229.3547009,229.3547009,0,192,998,2.244200468
1029,0,229.3547009,229,0,-0.3547008547,0,-0.0009216351065,-0.3547008547,-0.0009216351065,0.05067155067,0.05067155067,0,0,1,0,229.3547009,229.3547009,0,192,999,2.246476412
1030,0,229,235,-0.3547008547,5.645299145,-0.0009216351065,0.01466843344,6,0.01559006855,0,22,1,3,0,0,229.3547009,229.3547009,0,192,1000,2.248941898
1031,0,229.3547009,237,0,7.645299145,0,0.01986512296,7.645299145,0.01986512296,0.4247388414,0.4247388414,0,0,1,0,229.3547009,229.3547009,0,192,1001,2.251253366
1032,0,229.3547009,1614,0,1384.645299,0,3.597785855,1384.645299,3.597785855,0.4247388414,14.57526116,0,0,1,0,229.3547009,229.3547009,0,192,1002,2.253326654
1033,0,229.3547009,219,0,-10.35470085,0,-0.02690508269,-10.35470085,-0.02690508269,0.1045929379,0.1045929379,0,0,1,0,229.3547009,229.3547009,0,192,1003,2.255745411
1034,0,219,209,-10.35470085,-20.35470085,-0.02690508269,-0.05288853027,-10,-0.02598344758,0,26,1,7,0,0,229.3547009,229.3547009,0,192,1004,2.257871866
1035,0,229.3547009,211,0,-18.35470085,0,-0.04769184075,-18.35470085,-0.04769184075,2.351035369,2.351035369,1,2,0,0,229.3547009,229.3547009,0,192,1005,2.260198355
1036,0,229,229,-0.3547008547,-0.3547008547,-0.0009216351065,-0.0009216351065,0,0,0,0,0,0,1,0,229.3547009,229.3547009,0,192,1006,2.262460232
1037,0,229,236,-0.3547008547,6.645299145,-0.0009216351065,0.0172667782,7,0.01818841331,0,30,1,5,0,0,229.3547009,229.3547009,0,192,1007,2.264543533
1038,0,229.3547009,222,0,-7.354700855,0,-0.01911004841,-7.354700855,-0.01911004841,0.4085944919,0.4085944919,0,0,1,0,229.3547009,229.3547009,0,192,1008,2.266690016
1039,0,222,210,-7.354700855,-19.35470085,-0.01911004841,-0.05029018551,-12,-0.0311801371,0,17,1,7,0,0,229.3547009,229.3547009,0,192,1009,2.26897645
1040,0,229.3547009,225,0,-4.354700855,0,-0.01131501414,-4.354700855,-0.01131501414,0.6403971845,0.6403971845,0,0,1,0,229.3547009,229.3547009,0,192,1010,2.271230459
1041,0,225,225,-4.354700855,-4.354700855,-0.01131501414,-0.01131501414,0,0,0,14,1,3,0,0,229.3547009,229.3547009,0,192,1011,2.273641825
1042,0,229.3547009,1522,0,1292.645299,0,3.358738137,1292.645299,3.358738137,1.720441595,15.2795584,0,0,1,0,229.3547009,229.3547009,0,192,1012,2.275888205
1043,0,229.3547009,227,0,-2.354700855,0,-0.006118324623,-2.354700855,-0.006118324623,0.02378485712,0.02378485712,0,0,1,0,229.3547009,229.3547009,0,192,1013,2.27823329
1044,0,227,225,-2.354700855,-4.354700855,-0.006118324623,-0.01131501414,-2,-0.005196689516,0,29,1,4,0,0,229.3547009,229.3547009,0,192,1014,2.28040719
1045,0,229.3547009,231,0,1.645299145,0,0.00427505441,1.645299145,0.00427505441,0.235042735,0.235042735,0,0,1,0,229.3547009,229.3547009,0,192,1015,2.282740116
1046,0,229.3547009,2413,0,2183.645299,0,5.673863317,2183.645299,5.673863317,0.235042735,22.76495726,0,0,1,0,229.3547009,229.3547009,0,192,1016,2.285104036
1047,0,229.3547009,224,0,-5.354700855,0,-0.0139133589,-5.354700855,-0.0139133589,0.05408788742,0.05408788742,0,0,1,0,229.3547009,229.3547009,0,192,1017,2.287523508
1048,0,224,225,-5.354700855,-4.354700855,-0.0139133589,-0.01131501414,1,0.002598344758,0,30,1,1,0,0,229.3547009,229.3547009,0,192,1018,2.289654255
1049,0,229.3547009,227,0,-2.354700855,0,-0.006118324623,-2.354700855,-0.006118324623,0.1681929182,0.1681929182,0,0,1,0,229.3547009,229.3547009,0,192,1019,2.291720152
1050,0,227,226,-2.354700855,-3.354700855,-0.006118324623,-0.008716669381,-1,-0.002598344758,0,11,1,2,0,0,229.3547009,229.3547009,0,192,1020,2.293892384
1051,0,228,228,-1.354700855,-1.354700855,-0.003519979865,-0.003519979865,0,0,0,0,0,0,1,0,229.3547009,229.3547009,0,192,1021,2.295887947
1052,0,228,228,-1.354700855,-1.354700855,-0.003519979865,-0.003519979865,0,0,0,10,0,0,1,0,229.3547009,229.3547009,0,192,1022,2.2979846
1053,0,228,228,-1.354700855,-1.354700855,-0.003519979865,-0.003519979865,0,0,0,22,1,2,0,0,229.3547009,229.3547009,0,192,1023,2.299959183
1054,0,229.3547009,227,0,-2.354700855,0,-0.006118324623,-2.354700855,-0.006118324623,0.2354700855,0.2354700855,0,0,1,0,229.3547009,229.3547009,0,192,1024,2.30201149
1055,0,227,229,-2.354700855,-0.3547008547,-0.006118324623,-0.0009216351065,2,0.005196689516,0,25,1,1,0,0,229.3547009,229.3547009,0,192,1025,2.304287195
1056,0,229.3547009,230,0,0.6452991453,0,0.001676709652,0.6452991453,0.001676709652,0.1018893387,0.1018893387,0,0,1,0,229.3547009,229.3547009,0,192,1026,2.306416988
1057,0,229.3547009,911,0,681.6452991,0,1.77114949,681.6452991,1.77114949,0.1018893387,9.898110661,0,0,1,0,229.3547009,229.3547009,0,192,1027,2.308457375
1058,0,229.3547009,211,0,-18.35470085,0,-0.04769184075,-18.35470085,-0.04769184075,0.1835470085,0.1835470085,0,0,1,0,229.3547009,229.3547009,0,192,1028,2.310803175
1059,0,211,203,-18.35470085,-26.35470085,-0.04769184075,-0.06847859882,-8,-0.02078675807,0,14,1,6,0,0,229.3547009,229.3547009,0,192,1029,2.313362837
1060,0,229.3547009,224,0,-5.354700855,0,-0.0139133589,-5.354700855,-0.0139133589,1.175422139,1.175422139,0,0,1,0,229.3547009,229.3547009,0,192,1030,2.315535307
1061,0,224,234,-5.354700855,4.645299145,-0.0139133589,0.01207008868,10,0.02598344758,0,22,1,1,0,0,229.3547009,229.3547009,0,192,1031,2.317897797
1062,0,229.3547009,235,0,5.645299145,0,0.01466843344,5.645299145,0.01466843344,0.4704415954,0.4704415954,0,0,1,0,229.3547009,229.3547009,0,192,1032,2.320029259
1063,0,229.3547009,2313,0,2083.645299,0,5.414028841,2083.645299,5.414028841,0.4704415954,21.5295584,0,0,1,0,229.3547009,229.3547009,0,192,1033,2.321997881
1064,0,229.3547009,223,0,-6.354700855,0,-0.01651170366,-6.354700855,-0.01651170366,0.06418889752,0.06418889752,0,0,1,0,229.3547009,229.3547009,0,192,1034,2.324210405
1065,0,223,211,-6.354700855,-18.35470085,-0.01651170366,-0.04769184075,-12,-0.0311801371,0,18,1,4,0,0,229.3547009,229.3547009,0,192,1035,2.326345921
1066,0,224,224,-5.354700855,-5.354700855,-0.0139133589,-0.0139133589,0,0,0,0,0,0,1,0,229.3547009,229.3547009,0,192,1036,2.328444719
1067,0,224,232,-5.354700855,2.645299145,-0.0139133589,0.006873399168,8,0.02078675807,0,21,1,1,0,0,229.3547009,229.3547009,0,192,1037,2.33061862
1068,0,229.3547009,233,0,3.645299145,0,0.009471743926,3.645299145,0.009471743926,0.3037749288,0.3037749288,0,0,1,0,229.3547009,229.3547009,0,192,1038,2.332605839
1069,0,229.3547009,2113,0,1883.645299,0,4.894359889,1883.645299,4.894359889,0.3037749288,19.69622507,0,0,1,0,229.3547009,229.3547009,0,192,1039,2.334559202
1070,0,229.3547009,221,0,-8.354700855,0,-0.02170839317,-8.354700855,-0.02170839317,0.08439091772,0.08439091772,0,0,1,0,229.3547009,229.3547009,0,192,1040,2.336730957
1071,0,221,213,-8.354700855,-16.35470085,-0.02170839317,-0.04249515124,-8,-0.02078675807,0,14,1,4,0,0,229.3547009,229.3547009,0,192,1041,2.338726044
1072,0,226,226,-3.354700855,-3.354700855,-0.008716669381,-0.008716669381,0,0,0,0,0,0,1,0,229.3547009,229.3547009,0,192,1042,2.340719938
1073,0,226,230,-3.354700855,0.6452991453,-0.008716669381,0.001676709652,4,0.01039337903,0,27,1,1,0,0,229.3547009,229.3547009,0,192,1043,2.342743635
1074,0,229.3547009,231,0,1.645299145,0,0.00427505441,1.645299145,0.00427505441,0.1371082621,0.1371082621,0,0,1,0,229.3547009,229.3547009,0,192,1044,2.344771624
1075,0,229.3547009,1814,0,1584.645299,0,4.117454807,1584.645299,4.117454807,0.1371082621,16.86289174,0,0,1,0,229.3547009,229.3547009,0,192,1045,2.346715927
1076,0,229.3547009,219,0,-10.35470085,0,-0.02690508269,-10.35470085,-0.02690508269,0.1045929379,0.1045929379,0,0,1,0,229.3547009,229.3547009,0,192,1046,2.348869085
1077,0,219,211,-10.35470085,-18.35470085,-0.02690508269,-0.04769184075,-8,-0.02078675807,0,24,1,4,0,0,229.3547009,229.3547009,0,192,1047,2.350841284
1078,0,224,224,-5.354700855,-5.354700855,-0.0139133589,-0.0139133589,0,0,0,0,0,0,1,0,229.3547009,229.3547009,0,192,1048,2.35278368
1079,0,224,230,-5.354700855,0.6452991453,-0.0139133589,0.001676709652,6,0.01559006855,0,22,1,1,0,0,229.3547009,229.3547009,0,192,1049,2.35492301
1080,0,229.3547009,231,0,1.645299145,0,0.00427505441,1.645299145,0.00427505441,0.1371082621,0.1371082621,0,0,1,0,229.3547009,229.3547009,0,192,1050,2.356903553
1081,0,229.3547009,2210,0,1980.645299,0,5.146399331,1980.645299,5.146399331,0.1371082621,20.86289174,0,0,1,0,229.3547009,229.3547009,0,192,1051,2.35885334
1082,0,229.3547009,219,0,-10.35470085,0,-0.02690508269,-10.35470085,-0.02690508269,0.1045929379,0.1045929379,0,0,1,0,229.3547009,229.3547009,0,192,1052,2.360965967
1083,0,219,209,-10.35470085,-20.35470085,-0.02690508269,-0.05288853027,-10,-0.02598344758,0,23,1,4,0,0,229.3547009,229.3547009,0,192,1053,2.362971306
1084,0,222,222,-7.354700855,-7.354700855,-0.01911004841,-0.01911004841,0,0,0,0,0,0,1,0,229.3547009,229.3547009,0,192,1054,2.364921331
1085,0,222,234,-7.354700855,4.645299145,-0.01911004841,0.01207008868,12,0.0311801371,0,25,1,1,0,0,229.3547009,229.3547009,0,192,1055,2.367117405
1086,0,229.3547009,235,0,5.645299145,0,0.01466843344,5.645299145,0.01466843344,0.4704415954,0.4704415954,0,0,1,0,229.3547009,229.3547009,0,192,1056,2.369197845
1087,0,229.3547009,2313,0,2083.645299,0,5.414028841,2083.645299,5.414028841,0.4704415954,21.5295584,0,0,1,0,229.3547009,229.3547009,0,192,1057,2.371118546
1088,0,229.3547009,223,0,-6.354700855,0,-0.01651170366,-6.354700855,-0.01651170366,0.06418889752,0.06418889752,0,0,1,0,229.3547009,229.3547009,0,192,1058,2.37327075
1089,0,223,217,-6.354700855,-12.35470085,-0.01651170366,-0.0321017722,-6,-0.01559006855,0,19,1,4,0,0,229.3547009,229.3547009,0,192,1059,2.375235796
1090,0,229.3547009,230,0,0.6452991453,0,0.001676709652,0.6452991453,0.001676709652,0.1075498575,0.1075498575,0,0,1,0,229.3547009,229.3547009,0,192,1060,2.37738204
1091,0,229.3547009,2116,0,1886.645299,0,4.902154924,1886.645299,4.902154924,0.1075498575,19.89245014,0,0,1,0,229.3547009,229.3547009,0,192,1061,2.379412174
1092,0,229.3547009,224,0,-5.354700855,0,-0.0139133589,-5.354700855,-0.0139133589,0.05408788742,0.05408788742,0,0,1,0,229.3547009,229.3547009,0,192,1062,2.381766319
1093,0,224,222,-5.354700855,-7.354700855,-0.0139133589,-0.01911004841,-2,-0.005196689516,0,24,1,1,0,0,229.3547009,229.3547009,0,192,1063,2.384000778
1094,0,223,223,-6.354700855,-6.354700855,-0.01651170366,-0.01651170366,0,0,0,0,0,0,1,0,229.3547009,229.3547009,0,192,1064,2.385886908
1095,0,223,215,-6.354700855,-14.35470085,-0.01651170366,-0.03729846172,-8,-0.02078675807,0,29,1,4,0,0,229.3547009,229.3547009,0,192,1065,2.387835979
1096,0,229.3547009,231,0,1.645299145,0,0.00427505441,1.645299145,0.00427505441,0.4935897436,0.4935897436,0,0,1,0,229.3547009,229.3547009,0,192,1066,2.389966965
1097,0,229.3547009,1320,0,1090.645299,0,2.833872496,1090.645299,2.833872496,0.2056623932,11.79433761,0,0,1,0,229.3547009,229.3547009,0,192,1067,2.391979694
1098,0,229.3547009,223,0,-6.354700855,0,-0.01651170366,-6.354700855,-0.01651170366,0.06418889752,0.06418889752,0,0,1,0,229.3547009,229.3547009,0,192,1068,2.394194365
1099,0,223,222,-6.354700855,-7.354700855,-0.01651170366,-0.01911004841,-1,-0.002598344758,0,28,1,1,0,0,229.3547009,229.3547009,0,192,1069,2.39649725
1100,0,229.3547009,225,0,-4.354700855,0,-0.01131501414,-4.354700855,-0.01131501414,0.967711301,0.967711301,0,0,1,0,229.3547009,229.3547009,0,192,1070,2.398511171
1101,0,225,222,-4.354700855,-7.354700855,-0.01131501414,-0.01911004841,-3,-0.007795034274,0,11,1,1,0,0,229.3547009,229.3547009,0,192,1071,2.400942564
1102,0,229.3547009,227,0,-2.354700855,0,-0.006118324623,-2.354700855,-0.006118324623,0.12075389,0.12075389,0,0,1,0,229.3547009,229.3547009,0,192,1072,2.402881145
1103,0,227,233,-2.354700855,3.645299145,-0.006118324623,0.009471743926,6,0.01559006855,0,26,0,0,1,0,229.3547009,229.3547009,0,192,1073,2.404942989
1104,0,229.3547009,3000,0,2770.645299,0,7.19909169,2770.645299,7.19909169,0.3037749288,28.69622507,0,0,1,0,229.3547009,229.3547009,0,192,1074,2.406968594
1105,0,229.3547009,221,0,-8.354700855,0,-0.02170839317,-8.354700855,-0.02170839317,0.08525204954,0.08525204954,0,0,1,0,229.3547009,229.3547009,0,192,1075,2.409138203
1106,0,221,217,-8.354700855,-12.35470085,-0.02170839317,-0.0321017722,-4,-0.01039337903,0,23,1,3,0,0,229.3547009,229.3547009,0,192,1076,2.411113024
1107,0,229,229,-0.3547008547,-0.3547008547,-0.0009216351065,-0.0009216351065,0,0,0,0,0,0,1,0,229.3547009,229.3547009,0,192,1077,2.41305232
1108,0,229,231,-0.3547008547,1.645299145,-0.0009216351065,0.00427505441,2,0.005196689516,0,24,0,0,1,0,229.3547009,229.3547009,0,192,1078,2.415086031
1109,0,229.3547009,1614,0,1384.645299,0,3.597785855,1384.645299,3.597785855,0.1371082621,14.86289174,0,0,1,0,229.3547009,229.3547009,0,192,1079,2.417094469
1110,0,229.3547009,219,0,-10.35470085,0,-0.02690508269,-10.35470085,-0.02690508269,0.1045929379,0.1045929379,0,0,1,0,229.3547009,229.3547009,0,192,1080,2.419225693
1111,0,219,217,-10.35470085,-12.35470085,-0.02690508269,-0.0321017722,-2,-0.005196689516,0,10,1,2,0,0,229.3547009,229.3547009,0,192,1081,2.421192408
1112,0,229,229,-0.3547008547,-0.3547008547,-0.0009216351065,-0.0009216351065,0,0,0,0,0,0,1,0,229.3547009,229.3547009,0,192,1082,2.423125744
1113,0,229,235,-0.3547008547,5.645299145,-0.0009216351065,0.01466843344,6,0.01559006855,0,14,0,0,1,0,229.3547009,229.3547009,0,192,1083,2.425201893
1114,0,229.3547009,224,0,-5.354700855,0,-0.0139133589,-5.354700855,-0.0139133589,0.9735819736,0.9735819736,0,0,1,0,229.3547009,229.3547009,0,192,1084,2.42735219
1115,0,224,212,-5.354700855,-17.35470085,-0.0139133589,-0.045093496,-12,-0.0311801371,0,26,1,4,0,0,229.3547009,229.3547009,0,192,1085,2.429625034
1116,0,229.3547009,225,0,-4.354700855,0,-0.01131501414,-4.354700855,-0.01131501414,0.7023711056,0.7023711056,0,0,1,0,229.3547009,229.3547009,0,192,1086,2.43157649
1117,0,225,227,-4.354700855,-2.354700855,-0.01131501414,-0.006118324623,2,0.005196689516,0,12,1,2,0,0,229.3547009,229.3547009,0,192,1087,2.43374157
1118,0,228,228,-1.354700855,-1.354700855,-0.003519979865,-0.003519979865,0,0,0,0,0,0,1,0,229.3547009,229.3547009,0,192,1088,2.435667515
1119,0,228,225,-1.354700855,-4.354700855,-0.003519979865,-0.01131501414,-3,-0.007795034274,0,11,1,1,0,0,229.3547009,229.3547009,0,192,1089,2.437730789
1120,0,226,226,-3.354700855,-3.354700855,-0.008716669381,-0.008716669381,0,0,0,0,0,0,1,0,229.3547009,229.3547009,0,192,1090,2.439655304
1121,0,226,232,-3.354700855,2.645299145,-0.008716669381,0.006873399168,6,0.01559006855,0,19,1,1,0,0,229.3547009,229.3547009,0,192,1091,2.441606998
1122,0,229.3547009,233,0,3.645299145,0,0.009471743926,3.645299145,0.009471743926,0.2804076266,0.2804076266,0,0,1,0,229.3547009,229.3547009,0,192,1092,2.443552256
1123,0,229.3547009,2112,0,1882.645299,0,4.891761544,1882.645299,4.891761544,0.2804076266,19.71959237,0,0,1,0,229.3547009,229.3547009,0,192,1093,2.445475101
1124,0,229.3547009,220,0,-9.354700855,0,-0.02430673793,-9.354700855,-0.02430673793,0.09449192783,0.09449192783,0,0,1,0,229.3547009,229.3547009,0,192,1094,2.447581768
1125,0,220,218,-9.354700855,-11.35470085,-0.02430673793,-0.02950342745,-2,-0.005196689516,0,10,1,1,0,0,229.3547009,229.3547009,0,192,1095,2.449551582
1126,0,229.3547009,224,0,-5.354700855,0,-0.0139133589,-5.354700855,-0.0139133589,0.5354700855,0.5354700855,0,0,1,0,229.3547009,229.3547009,0,192,1096,2.451513767
1127,0,224,225,-5.354700855,-4.354700855,-0.0139133589,-0.01131501414,1,0.002598344758,0,11,1,1,0,0,229.3547009,229.3547009,0,192,1097,2.453737736
1128,0,229.3547009,226,0,-3.354700855,0,-0.008716669381,-3.354700855,-0.008716669381,0.7454890788,0.7454890788,0,0,1,0,229.3547009,229.3547009,0,192,1098,2.455710888
1129,0,226,218,-3.354700855,-11.35470085,-0.008716669381,-0.02950342745,-8,-0.02078675807,0,17,1,1,0,0,229.3547009,229.3547009,0,192,1099,2.457801819
1130,0,228,228,-1.354700855,-1.354700855,-0.003519979865,-0.003519979865,0,0,0,0,0,0,1,0,229.3547009,229.3547009,0,192,1100,2.45973587
1131,0,228,236,-1.354700855,6.645299145,-0.003519979865,0.0172667782,8,0.02078675807,0,21,0,0,1,0,229.3547009,229.3547009,0,192,1101,2.461683989
1132,0,229.3547009,224,0,-5.354700855,0,-0.0139133589,-5.354700855,-0.0139133589,0.4462250712,0.4462250712,0,0,1,0,229.3547009,229.3547009,0,192,1102,2.463631868
1133,0,224,216,-5.354700855,-13.35470085,-0.0139133589,-0.03470011696,-8,-0.02078675807,0,15,1,3,0,0,229.3547009,229.3547009,0,192,1103,2.465770721
1134,0,228,228,-1.354700855,-1.354700855,-0.003519979865,-0.003519979865,0,0,0,0,0,0,1,0,229.3547009,229.3547009,0,192,1104,2.46770215
1135,0,228,233,-1.354700855,3.645299145,-0.003519979865,0.009471743926,5,0.01299172379,0,30,1,3,0,0,229.3547009,229.3547009,0,192,1105,2.469735861
1136,0,229.3547009,225,0,-4.354700855,0,-0.01131501414,-4.354700855,-0.01131501414,0.4354700855,0.4354700855,0,0,1,0,229.3547009,229.3547009,0,192,1106,2.471864223
1137,0,225,209,-4.354700855,-20.35470085,-0.01131501414,-0.05288853027,-16,-0.04157351613,0,23,1,7,0,0,229.3547009,229.3547009,0,192,1107,2.474081516
1138,0,229.3547009,231,0,1.645299145,0,0.00427505441,1.645299145,0.00427505441,0.6581196581,0.6581196581,0,0,1,0,229.3547009,229.3547009,0,192,1108,2.476299763
1139,0,229.3547009,1915,0,1685.645299,0,4.379887627,1685.645299,4.379887627,0.3290598291,18.67094017,0,0,1,0,229.3547009,229.3547009,0,192,1109,2.478516817
1140,0,229.3547009,221,0,-8.354700855,0,-0.02170839317,-8.354700855,-0.02170839317,0.08439091772,0.08439091772,0,0,1,0,229.3547009,229.3547009,0,192,1110,2.481035948
1141,0,221,229,-8.354700855,-0.3547008547,-0.02170839317,-0.0009216351065,8,0.02078675807,0,15,0,0,1,0,229.3547009,229.3547009,0,192,1111,2.483136415
1142,0,229,227,-0.3547008547,-2.354700855,-0.0009216351065,-0.006118324623,-2,-0.005196689516,0,12,0,0,1,0,229.3547009,229.3547009,0,192,1112,2.48514843
1143,0,227,227,-2.354700855,-2.354700855,-0.006118324623,-0.006118324623,0,0,0,27,1,2,0,0,229.3547009,229.3547009,0,192,1113,2.487083435
1144,0,229.3547009,231,0,1.645299145,0,0.00427505441,1.645299145,0.00427505441,0.1371082621,0.1371082621,0,0,1,0,229.3547009,229.3547009,0,192,1114,2.48912406
1145,0,229.3547009,2507,0,2277.645299,0,5.918107724,2277.645299,5.918107724,0.1371082621,23.86289174,0,0,1,0,229.3547009,229.3547009,0,192,1115,2.491091967
1146,0,229.3547009,219,0,-10.35470085,0,-0.02690508269,-10.35470085,-0.02690508269,0.1045929379,0.1045929379,0,0,1,0,229.3547009,229.3547009,0,192,1116,2.493255138
1147,0,219,217,-10.35470085,-12.35470085,-0.02690508269,-0.0321017722,-2,-0.005196689516,0,12,1,3,0,0,229.3547009,229.3547009,0,192,1117,2.49524045
1148,0,229,229,-0.3547008547,-0.3547008547,-0.0009216351065,-0.0009216351065,0,0,0,0,0,0,1,0,229.3547009,229.3547009,0,192,1118,2.497197151
1149,0,229,228,-0.3547008547,-1.354700855,-0.0009216351065,-0.003519979865,-1,-0.002598344758,0,30,1,1,0,0,229.3547009,229.3547009,0,192,1119,2.499330521
1150,0,229.3547009,230,0,0.6452991453,0,0.001676709652,0.6452991453,0.001676709652,0.05377492877,0.05377492877,0,0,1,0,229.3547009,229.3547009,0,192,1120,2.50135994
1151,0,229.3547009,2407,0,2177.645299,0,5.658273248,2177.645299,5.658273248,0.05377492877,22.94622507,0,0,1,0,229.3547009,229.3547009,0,192,1121,2.503320694
1152,0,229.3547009,218,0,-11.35470085,0,-0.02950342745,-11.35470085,-0.02950342745,0.114693948,0.114693948,0,0,1,0,229.3547009,229.3547009,0,192,1122,2.505424738
1153,0,218,210,-11.35470085,-19.35470085,-0.02950342745,-0.05029018551,-8,-0.02078675807,0,15,1,3,0,0,229.3547009,229.3547009,0,192,1123,2.507385254
1154,0,222,222,-7.354700855,-7.354700855,-0.01911004841,-0.01911004841,0,0,0,0,0,0,1,0,229.3547009,229.3547009,0,192,1124,2.509322166
1155,0,222,238,-7.354700855,8.645299145,-0.01911004841,0.02246346772,16,0.04157351613,0,23,0,0,1,0,229.3547009,229.3547009,0,192,1125,2.511396885
1156,0,229.3547009,226,0,-3.354700855,0,-0.008716669381,-3.354700855,-0.008716669381,0.2795584046,0.2795584046,0,0,1,0,229.3547009,229.3547009,0,192,1126,2.5133636
1157,0,226,224,-3.354700855,-5.354700855,-0.008716669381,-0.0139133589,-2,-0.005196689516,0,12,1,3,0,0,229.3547009,229.3547009,0,192,1127,2.515541315
1158,0,229.3547009,236,0,6.645299145,0,0.0172667782,6.645299145,0.0172667782,1.954499749,1.954499749,0,0,1,0,229.3547009,229.3547009,0,192,1128,2.517698765
1159,0,229.3547009,231,0,1.645299145,0,0.00427505441,1.645299145,0.00427505441,0.3290598291,0.3290598291,0,0,1,0,229.3547009,229.3547009,0,192,1129,2.519727707
1160,0,229.3547009,2809,0,2579.645299,0,6.702807841,2579.645299,6.702807841,0.3290598291,26.67094017,0,0,1,0,229.3547009,229.3547009,0,192,1130,2.521658421
1161,0,229.3547009,226,0,-3.354700855,0,-0.008716669381,-3.354700855,-0.008716669381,0.03423164137,0.03423164137,0,0,1,0,229.3547009,229.3547009,0,192,1131,2.52401185
1162,0,226,211,-3.354700855,-18.35470085,-0.008716669381,-0.04769184075,-15,-0.03897517137,0,28,1,4,0,0,229.3547009,229.3547009,0,192,1132,2.526598454
1163,0,229.3547009,229,0,-0.3547008547,0,-0.0009216351065,-0.3547008547,-0.0009216351065,0.01637080868,0.01637080868,0,0,1,0,229.3547009,229.3547009,0,192,1133,2.528675079
1164,0,229,237,-0.3547008547,7.645299145,-0.0009216351065,0.01986512296,8,0.02078675807,0,22,1,3,0,0,229.3547009,229.3547009,0,192,1134,2.530766726
1165,0,229.3547009,223,0,-6.354700855,0,-0.01651170366,-6.354700855,-0.01651170366,0.8472934473,0.8472934473,0,0,1,0,229.3547009,229.3547009,0,192,1135,2.532799006
1166,0,223,213,-6.354700855,-16.35470085,-0.01651170366,-0.04249515124,-10,-0.02598344758,0,26,1,4,0,0,229.3547009,229.3547009,0,192,1136,2.534995079
1167,0,229.3547009,231,0,1.645299145,0,0.00427505441,1.645299145,0.00427505441,0.3525641026,0.3525641026,0,0,1,0,229.3547009,229.3547009,0,192,1137,2.536995888
1168,0,229.3547009,2606,0,2376.645299,0,6.175343855,2376.645299,6.175343855,0.1371082621,24.86289174,0,0,1,0,229.3547009,229.3547009,0,192,1138,2.539056301
1169,0,229.3547009,219,0,-10.35470085,0,-0.02690508269,-10.35470085,-0.02690508269,0.1045929379,0.1045929379,0,0,1,0,229.3547009,229.3547009,0,192,1139,2.541178942
1170,0,219,228,-10.35470085,-1.354700855,-0.02690508269,-0.003519979865,9,0.02338510282,0,30,1,6,0,0,229.3547009,229.3547009,0,192,1140,2.543150425
1171,0,229.3547009,224,0,-5.354700855,0,-0.0139133589,-5.354700855,-0.0139133589,0.3149824032,0.3149824032,0,0,1,0,229.3547009,229.3547009,0,192,1141,2.545194626
1172,0,224,218,-5.354700855,-11.35470085,-0.0139133589,-0.02950342745,-6,-0.01559006855,0,20,1,3,0,0,229.3547009,229.3547009,0,192,1142,2.547410488
1173,0,229.3547009,219,0,-10.35470085,0,-0.02690508269,-10.35470085,-0.02690508269,1.467735043,1.467735043,1,1,0,0,229.3547009,229.3547009,0,192,1143,2.54938221
1174,0,229.3547009,220,0,-9.354700855,0,-0.02430673793,-9.354700855,-0.02430673793,0.5345543346,0.5345543346,0,0,1,0,229.3547009,229.3547009,0,192,1144,2.551713705
1175,0,220,214,-9.354700855,-15.35470085,-0.02430673793,-0.03989680648,-6,-0.01559006855,0,10,1,5,0,0,229.3547009,229.3547009,0,192,1145,2.553824902
1176,0,229.3547009,216,2.842170943e-14,-13.35470085,7.384939972e-17,-0.03470011696,-13.35470085,-0.03470011696,0.7959755476,0.7959755476,0,0,1,0,229.3547009,229.3547009,0,192,1146,2.555841208
1177,0,216,226,-13.35470085,-3.354700855,-0.03470011696,-0.008716669381,10,0.02598344758,0,18,1,2,0,0,229.3547009,229.3547009,0,192,1147,2.558050394
1178,0,229.3547009,231,0,1.645299145,0,0.00427505441,1.645299145,0.00427505441,0.2742165242,0.2742165242,0,0,1,0,229.3547009,229.3547009,0,192,1148,2.560192585
1179,0,229.3547009,1421,0,1191.645299,0,3.096305317,1191.645299,3.096305317,0.2742165242,12.72578348,0,0,1,0,229.3547009,229.3547009,0,192,1149,2.5623281
1180,0,229.3547009,225,0,-4.354700855,0,-0.01131501414,-4.354700855,-0.01131501414,0.04398687732,0.04398687732,0,0,1,0,229.3547009,229.3547009,0,192,1150,2.564575195
1181,0,225,213,-4.354700855,-16.35470085,-0.01131501414,-0.04249515124,-12,-0.0311801371,0,19,1,2,0,0,229.3547009,229.3547009,0,192,1151,2.566874027
1182,0,229.3547009,221,0,-8.354700855,0,-0.02170839317,-8.354700855,-0.02170839317,0.8354700855,0.8354700855,0,0,1,0,229.3547009,229.3547009,0,192,1152,2.568879366
1183,0,221,229,-8.354700855,-0.3547008547,-0.02170839317,-0.0009216351065,8,0.02078675807,0,17,0,0,1,0,229.3547009,229.3547009,0,192,1153,2.57111907
1184,0,229,218,-0.3547008547,-11.35470085,-0.0009216351065,-0.02950342745,-11,-0.02858179234,0,28,1,2,0,0,229.3547009,229.3547009,0,192,1154,2.573044062
1185,0,229.3547009,222,0,-7.354700855,0,-0.01911004841,-7.354700855,-0.01911004841,0.3804155615,0.3804155615,0,0,1,0,229.3547009,229.3547009,0,192,1155,2.574985027
1186,0,222,222,-7.354700855,-7.354700855,-0.01911004841,-0.01911004841,0,0,0,25,1,2,0,0,229.3547009,229.3547009,0,192,1156,2.577074528
1187,0,229.3547009,226,0,-3.354700855,0,-0.008716669381,-3.354700855,-0.008716669381,0.1735190097,0.1735190097,0,0,1,0,229.3547009,229.3547009,0,192,1157,2.579068899
1188,0,226,224,-3.354700855,-5.354700855,-0.008716669381,-0.0139133589,-2,-0.005196689516,0,20,0,0,1,0,229.3547009,229.3547009,0,192,1158,2.581148624
1189,0,224,220,-5.354700855,-9.354700855,-0.0139133589,-0.02430673793,-4,-0.01039337903,0,29,1,2,0,0,229.3547009,229.3547009,0,192,1159,2.583065033
1190,0,229.3547009,224,0,-5.354700855,0,-0.0139133589,-5.354700855,-0.0139133589,0.2769672856,0.2769672856,0,0,1,0,229.3547009,229.3547009,0,192,1160,2.585050583
1191,0,224,222,-5.354700855,-7.354700855,-0.0139133589,-0.01911004841,-2,-0.005196689516,0,12,0,0,1,0,229.3547009,229.3547009,0,192,1161,2.587121964
1192,0,222,225,-7.354700855,-4.354700855,-0.01911004841,-0.01131501414,3,0.007795034274,0,30,1,1,0,0,229.3547009,229.3547009,0,192,1162,2.589061975
1193,0,227,227,-2.354700855,-2.354700855,-0.006118324623,-0.006118324623,0,0,0,0,0,0,1,0,229.3547009,229.3547009,0,192,1163,2.591007948
1194,0,227,227,-2.354700855,-2.354700855,-0.006118324623,-0.006118324623,0,0,0,19,1,1,0,0,229.3547009,229.3547009,0,192,1164,2.592952728
1195,0,229,229,-0.3547008547,-0.3547008547,-0.0009216351065,-0.0009216351065,0,0,0,0,0,0,1,0,229.3547009,229.3547009,0,192,1165,2.594865561
1196,0,229,229,-0.3547008547,-0.3547008547,-0.0009216351065,-0.0009216351065,0,0,0,13,1,1,0,0,229.3547009,229.3547009,0,192,1166,2.596814394
1197,0,229.3547009,230,0,0.6452991453,0,0.001676709652,0.6452991453,0.001676709652,0.1075498575,0.1075498575,0,0,1,0,229.3547009,229.3547009,0,192,1167,2.598908663
1198,0,229.3547009,1123,0,893.6452991,0,2.321998579,893.6452991,2.321998579,0.1075498575,9.892450142,0,0,1,0,229.3547009,229.3547009,0,192,1168,2.600873947
1199,0,229.3547009,224,0,-5.354700855,0,-0.0139133589,-5.354700855,-0.0139133589,0.05408788742,0.05408788742,0,0,1,0,229.3547009,229.3547009,0,192,1169,2.603102684
1200,0,224,222,-5.354700855,-7.354700855,-0.0139133589,-0.01911004841,-2,-0.005196689516,0,19,1,3,0,0,229.3547009,229.3547009,0,192,1170,2.60507369
1201,0,229.3547009,224,0,-5.354700855,0,-0.0139133589,-5.354700855,-0.0139133589,1.070940171,1.070940171,0,0,1,0,229.3547009,229.3547009,0,192,1171,2.607014656
1202,0,224,214,-5.354700855,-15.35470085,-0.0139133589,-0.03989680648,-10,-0.02598344758,0,29,1,3,0,0,229.3547009,229.3547009,0,192,1172,2.609139919
1203,0,229.3547009,228,2.842170943e-14,-1.354700855,7.384939972e-17,-0.003519979865,-1.354700855,-0.003519979865,0.04956222639,0.04956222639,0,0,1,0,229.3547009,229.3547009,0,192,1173,2.611166954
1204,0,228,228,-1.354700855,-1.354700855,-0.003519979865,-0.003519979865,0,0,0,19,1,2,0,0,229.3547009,229.3547009,0,192,1174,2.613244295
1205,0,229.3547009,230,0,0.6452991453,0,0.001676709652,0.6452991453,0.001676709652,0.08066239316,0.08066239316,0,0,1,0,229.3547009,229.3547009,0,192,1175,2.615329504
1206,0,229.3547009,2903,0,2673.645299,0,6.947052248,2673.645299,6.947052248,0.08066239316,27.91933761,0,0,1,0,229.3547009,229.3547009,0,192,1176,2.617291927
1207,0,229.3547009,222,0,-7.354700855,0,-0.01911004841,-7.354700855,-0.01911004841,0.07504796791,0.07504796791,0,0,1,0,229.3547009,229.3547009,0,192,1177,2.619526148
1208,0,222,219,-7.354700855,-10.35470085,-0.01911004841,-0.02690508269,-3,-0.007795034274,0,11,1,2,0,0,229.3547009,229.3547009,0,192,1178,2.621820927
1209,0,220,220,-9.354700855,-9.354700855,-0.02430673793,-0.02430673793,0,0,0,0,0,0,1,0,229.3547009,229.3547009,0,192,1179,2.623798609
1210,0,220,220,-9.354700855,-9.354700855,-0.02430673793,-0.02430673793,0,0,0,13,1,1,0,0,229.3547009,229.3547009,0,192,1180,2.625855684
1211,0,221,221,-8.354700855,-8.354700855,-0.02170839317,-0.02170839317,0,0,0,0,0,0,1,0,229.3547009,229.3547009,0,192,1181,2.627739668
1212,0,221,223,-8.354700855,-6.354700855,-0.02170839317,-0.01651170366,2,0.005196689516,0,15,1,1,0,0,229.3547009,229.3547009,0,192,1182,2.62967968
1213,0,224,224,-5.354700855,-5.354700855,-0.0139133589,-0.0139133589,0,0,0,0,0,0,1,0,229.3547009,229.3547009,0,192,1183,2.631597757
1214,0,224,220,-5.354700855,-9.354700855,-0.0139133589,-0.02430673793,-4,-0.01039337903,0,15,1,1,0,0,229.3547009,229.3547009,0,192,1184,2.6335392
1215,0,229.3547009,11197,0,10967.6453,0,28.49772367,10967.6453,28.49772367,0.9829059829,212.017094,0,0,1,0,229.3547009,229.3547009,0,192,1185,2.635558128
1216,0,229.3547009,229,0,-0.3547008547,0,-0.0009216351065,-0.3547008547,-0.0009216351065,2.840883191,2.840883191,1,1,0,0,229.3547009,229.3547009,0,192,1186,2.63780427
1217,0,229.3547009,230,0,0.6452991453,0,0.001676709652,0.6452991453,0.001676709652,0.1075498575,0.1075498575,0,0,1,0,229.3547009,229.3547009,0,192,1187,2.639991999
1218,0,229.3547009,1222,0,992.6452991,0,2.57923471,992.6452991,2.57923471,0.1075498575,10.89245014,0,0,1,0,229.3547009,229.3547009,0,192,1188,2.642113924
1219,0,229.3547009,224,0,-5.354700855,0,-0.0139133589,-5.354700855,-0.0139133589,0.05408788742,0.05408788742,0,0,1,0,229.3547009,229.3547009,0,192,1189,2.644427061
1220,0,224,232,-5.354700855,2.645299145,-0.0139133589,0.006873399168,8,0.02078675807,0,22,1,3,0,0,229.3547009,229.3547009,0,192,1190,2.646535397
1221,0,229.3547009,227,0,-2.354700855,0,-0.006118324623,-2.354700855,-0.006118324623,0.2943376068,0.2943376068,0,0,1,0,229.3547009,229.3547009,0,192,1191,2.648649693
1222,0,227,221,-2.354700855,-8.354700855,-0.006118324623,-0.02170839317,-6,-0.01559006855,0,12,1,6,0,0,229.3547009,229.3547009,0,192,1192,2.650905132
1223,0,229.3547009,229,0,-0.3547008547,0,-0.0009216351065,-0.3547008547,-0.0009216351065,0.05911680912,0.05911680912,0,0,1,0,229.3547009,229.3547009,0,192,1193,2.65316534
1224,0,229,225,-0.3547008547,-4.354700855,-0.0009216351065,-0.01131501414,-4,-0.01039337903,0,15,1,4,0,0,229.3547009,229.3547009,0,192,1194,2.655614138
1225,0,229.3547009,230,0,0.6452991453,0,0.001676709652,0.6452991453,0.001676709652,0.05377492877,0.05377492877,0,0,1,0,229.3547009,229.3547009,0,192,1195,2.657770395
1226,0,229.3547009,3095,0,2865.645299,0,7.445934442,2865.645299,7.445934442,0.05377492877,29.94622507,0,0,1,0,229.3547009,229.3547009,0,192,1196,2.659866095
1227,0,229.3547009,218,0,-11.35470085,0,-0.02950342745,-11.35470085,-0.02950342745,0.1158642944,0.1158642944,0,0,1,0,229.3547009,229.3547009,0,192,1197,2.661987543
1228,0,218,217,-11.35470085,-12.35470085,-0.02950342745,-0.0321017722,-1,-0.002598344758,0,30,1,5,0,0,229.3547009,229.3547009,0,192,1198,2.664293766
1229,0,229.3547009,231,0,1.645299145,0,0.00427505441,1.645299145,0.00427505441,0.1265614727,0.1265614727,0,0,1,0,229.3547009,229.3547009,0,192,1199,2.666439056
1230,0,229.3547009,2801,0,2571.645299,0,6.682021083,2571.645299,6.682021083,0.1265614727,26.87343853,0,0,1,0,229.3547009,229.3547009,0,192,1200,2.668465614
1231,0,229.3547009,218,0,-11.35470085,0,-0.02950342745,-11.35470085,-0.02950342745,0.1158642944,0.1158642944,0,0,1,0,229.3547009,229.3547009,0,192,1201,2.670558691
1232,0,218,210,-11.35470085,-19.35470085,-0.02950342745,-0.05029018551,-8,-0.02078675807,0,18,1,6,0,0,229.3547009,229.3547009,0,192,1202,2.67262435
1233,0,222.5,211,-6.854700855,-18.35470085,-0.01781087603,-0.04769184075,-11.5,-0.02988096472,1.5,1.5,1,3,0,0,229.3547009,229.3547009,0,192,1203,2.674589157
1234,0,229.3547009,1071,0,841.6452991,0,2.186884651,841.6452991,2.186884651,1.5,10.5,0,0,1,0,229.3547009,229.3547009,0,192,1204,2.676613331
1235,0,229.3547009,234,0,4.645299145,0,0.01207008868,4.645299145,0.01207008868,0.4222999223,0.4222999223,0,0,1,0,229.3547009,229.3547009,0,192,1205,2.678691626
1236,0,229.3547009,2313,0,2083.645299,0,5.414028841,2083.645299,5.414028841,0.4222999223,21.57770008,0,0,1,0,229.3547009,229.3547009,0,192,1206,2.680619478
1237,0,229.3547009,223,0,-6.354700855,0,-0.01651170366,-6.354700855,-0.01651170366,0.06418889752,0.06418889752,0,0,1,0,229.3547009,229.3547009,0,192,1207,2.682798147
1238,0,223,223,-6.354700855,-6.354700855,-0.01651170366,-0.01651170366,0,0,0,13,1,3,0,0,229.3547009,229.3547009,0,192,1208,2.684752226
1239,0,229.3547009,226,0,-3.354700855,0,-0.008716669381,-3.354700855,-0.008716669381,0.5920060332,0.5920060332,0,0,1,0,229.3547009,229.3547009,0,192,1209,2.686759949
1240,0,226,226,-3.354700855,-3.354700855,-0.008716669381,-0.008716669381,0,0,0,20,1,5,0,0,229.3547009,229.3547009,0,192,1210,2.689108372
1241,0,229.3547009,229,0,-0.3547008547,0,-0.0009216351065,-0.3547008547,-0.0009216351065,0.08185404339,0.08185404339,0,0,1,0,229.3547009,229.3547009,0,192,1211,2.691150904
1242,0,229,229,-0.3547008547,-0.3547008547,-0.0009216351065,-0.0009216351065,0,0,0,13,1,2,0,0,229.3547009,229.3547009,0,192,1212,2.693283558
1243,0,229.3547009,231,0,1.645299145,0,0.00427505441,1.645299145,0.00427505441,0.1645299145,0.1645299145,0,0,1,0,229.3547009,229.3547009,0,192,1213,2.695293427
1244,0,229.3547009,1716,0,1486.645299,0,3.86281702,1486.645299,3.86281702,0.1645299145,15.83547009,0,0,1,0,229.3547009,229.3547009,0,192,1214,2.697266817
1245,0,229.3547009,221,0,-8.354700855,0,-0.02170839317,-8.354700855,-0.02170839317,0.08439091772,0.08439091772,0,0,1,0,229.3547009,229.3547009,0,192,1215,2.699430704
1246,0,221,209,-8.354700855,-20.35470085,-0.02170839317,-0.05288853027,-12,-0.0311801371,0,21,1,6,0,0,229.3547009,229.3547009,0,192,1216,2.70139122
1247,0,229.3547009,214,0,-15.35470085,0,-0.03989680648,-15.35470085,-0.03989680648,0.8225732601,0.8225732601,0,0,1,0,229.3547009,229.3547009,0,192,1217,2.703418016
1248,0,214,216,-15.35470085,-13.35470085,-0.03989680648,-0.03470011696,2,0.005196689516,0,25,1,5,0,0,229.3547009,229.3547009,0,192,1218,2.70571804
1249,0,229.3547009,222,0,-7.354700855,0,-0.01911004841,-7.354700855,-0.01911004841,0.5657462196,0.5657462196,0,0,1,0,229.3547009,229.3547009,0,192,1219,2.707760334
1250,0,222,208,-7.354700855,-21.35470085,-0.01911004841,-0.05548687503,-14,-0.03637682661,0,23,1,5,0,0,229.3547009,229.3547009,0,192,1220,2.710060596
1251,0,229.3547009,211,0,-18.35470085,0,-0.04769184075,-18.35470085,-0.04769184075,1.173547009,1.173547009,1,1,0,0,229.3547009,229.3547009,0,192,1221,2.712099791
1252,0,229.3547009,221,0,-8.354700855,0,-0.02170839317,-8.354700855,-0.02170839317,0.5761862658,0.5761862658,0,0,1,0,229.3547009,229.3547009,0,192,1222,2.714580059
1253,0,221,227,-8.354700855,-2.354700855,-0.02170839317,-0.006118324623,6,0.01559006855,0,16,1,2,0,0,229.3547009,229.3547009,0,192,1223,2.716710091
1254,0,229.3547009,229,0,-0.3547008547,0,-0.0009216351065,-0.3547008547,-0.0009216351065,0.0190018315,0.0190018315,0,0,1,0,229.3547009,229.3547009,0,192,1224,2.718691349
1255,0,229,219,-0.3547008547,-10.35470085,-0.0009216351065,-0.02690508269,-10,-0.02598344758,0,22,1,5,0,0,229.3547009,229.3547009,0,192,1225,2.720778704
1256,0,229.3547009,223,0,-6.354700855,0,-0.01651170366,-6.354700855,-0.01651170366,0.4475141447,0.4475141447,0,0,1,0,229.3547009,229.3547009,0,192,1226,2.722809315
1257,0,223,229,-6.354700855,-0.3547008547,-0.01651170366,-0.0009216351065,6,0.01559006855,0,18,1,2,0,0,229.3547009,229.3547009,0,192,1227,2.72496295
1258,0,229.3547009,231,0,1.645299145,0,0.00427505441,1.645299145,0.00427505441,0.1645299145,0.1645299145,0,0,1,0,229.3547009,229.3547009,0,192,1228,2.727097988
1259,0,229.3547009,1417,0,1187.645299,0,3.085911938,1187.645299,3.085911938,0.1645299145,12.83547009,0,0,1,0,229.3547009,229.3547009,0,192,1229,2.729131937
1260,0,229.3547009,221,0,-8.354700855,0,-0.02170839317,-8.354700855,-0.02170839317,0.08439091772,0.08439091772,0,0,1,0,229.3547009,229.3547009,0,192,1230,2.731336117
1261,0,221,219,-8.354700855,-10.35470085,-0.02170839317,-0.02690508269,-2,-0.005196689516,0,12,1,6,0,0,229.3547009,229.3547009,0,192,1231,2.733346701
1262,0,229.3547009,222,0,-7.354700855,0,-0.01911004841,-7.354700855,-0.01911004841,1.373805933,1.373805933,1,1,0,0,229.3547009,229.3547009,0,192,1232,2.73536849
1263,0,229.3547009,223,0,-6.354700855,0,-0.01651170366,-6.354700855,-0.01651170366,0.3344579397,0.3344579397,0,0,1,0,229.3547009,229.3547009,0,192,1233,2.73802352
1264,0,223,207,-6.354700855,-22.35470085,-0.01651170366,-0.05808521979,-16,-0.04157351613,0,25,1,7,0,0,229.3547009,229.3547009,0,192,1234,2.740198374
1265,0,229.3547009,212,0,-17.35470085,0,-0.045093496,-17.35470085,-0.045093496,1.592322429,1.592322429,1,1,0,0,229.3547009,229.3547009,0,192,1235,2.742355347
1266,0,224,224,-5.354700855,-5.354700855,-0.0139133589,-0.0139133589,0,0,0,0,0,0,1,0,229.3547009,229.3547009,0,192,1236,2.74489212
1267,0,224,224,-5.354700855,-5.354700855,-0.0139133589,-0.0139133589,0,0,0,14,1,8,0,0,229.3547009,229.3547009,0,192,1237,2.746849298
1268,0,229.3547009,229,0,-0.3547008547,0,-0.0009216351065,-0.3547008547,-0.0009216351065,0.1043237808,0.1043237808,0,0,1,0,229.3547009,229.3547009,0,192,1238,2.748914719
1269,0,229,225,-0.3547008547,-4.354700855,-0.0009216351065,-0.01131501414,-4,-0.01039337903,0,27,1,4,0,0,229.3547009,229.3547009,0,192,1239,2.751156807
1270,0,229.3547009,229,0,-0.3547008547,0,-0.0009216351065,-0.3547008547,-0.0009216351065,0.01542177629,0.01542177629,0,0,1,0,229.3547009,229.3547009,0,192,1240,2.753232002
1271,0,229,228,-0.3547008547,-1.354700855,-0.0009216351065,-0.003519979865,-1,-0.002598344758,0,30,1,4,0,0,229.3547009,229.3547009,0,192,1241,2.75549674
1272,0,229.3547009,230,0,0.6452991453,0,0.001676709652,0.6452991453,0.001676709652,0.08066239316,0.08066239316,0,0,1,0,229.3547009,229.3547009,0,192,1242,2.757637262
1273,0,229.3547009,2312,0,2082.645299,0,5.411430496,2082.645299,5.411430496,0.08066239316,21.91933761,0,0,1,0,229.3547009,229.3547009,0,192,1243,2.759621382
1274,0,229.3547009,222,0,-7.354700855,0,-0.01911004841,-7.354700855,-0.01911004841,0.07428990762,0.07428990762,0,0,1,0,229.3547009,229.3547009,0,192,1244,2.761874676
1275,0,222,222,-7.354700855,-7.354700855,-0.01911004841,-0.01911004841,0,0,0,21,1,4,0,0,229.3547009,229.3547009,0,192,1245,2.764015198
1276,0,229.3547009,225,0,-4.354700855,0,-0.01131501414,-4.354700855,-0.01131501414,0.6532051282,0.6532051282,0,0,1,0,229.3547009,229.3547009,0,192,1246,2.766051769
1277,0,225,220,-4.354700855,-9.354700855,-0.01131501414,-0.02430673793,-5,-0.01299172379,0,11,1,7,0,0,229.3547009,229.3547009,0,192,1247,2.768217325
1278,0,229.3547009,221,0,-8.354700855,0,-0.02170839317,-8.354700855,-0.02170839317,2.193564605,2.193564605,1,4,0,0,229.3547009,229.3547009,0,192,1248,2.770370245
1279,0,229.3547009,531,0,301.6452991,0,0.7837784819,301.6452991,0.7837784819,2.193564605,7.806435395,0,0,1,0,229.3547009,229.3547009,0,192,1249,2.77238512
1280,0,229.3547009,231,0,1.645299145,0,0.00427505441,1.645299145,0.00427505441,0.1645299145,0.1645299145,0,0,1,0,229.3547009,229.3547009,0,192,1250,2.774701595
1281,0,229.3547009,2608,0,2378.645299,0,6.180540545,2378.645299,6.180540545,0.1645299145,24.83547009,0,0,1,0,229.3547009,229.3547009,0,192,1251,2.776664019
1282,0,229.3547009,221,0,-8.354700855,0,-0.02170839317,-8.354700855,-0.02170839317,0.08439091772,0.08439091772,0,0,1,0,229.3547009,229.3547009,0,192,1252,2.77886796
1283,0,221,217,-8.354700855,-12.35470085,-0.02170839317,-0.0321017722,-4,-0.01039337903,0,17,1,6,0,0,229.3547009,229.3547009,0,192,1253,2.780875921
1284,0,229.3547009,231,0,1.645299145,0,0.00427505441,1.645299145,0.00427505441,0.5141559829,0.5141559829,0,0,1,0,229.3547009,229.3547009,0,192,1254,2.783184767
1285,0,229.3547009,1920,0,1690.645299,0,4.392879351,1690.645299,4.392879351,0.3290598291,17.67094017,0,0,1,0,229.3547009,229.3547009,0,192,1255,2.785269022
1286,0,229.3547009,226,0,-3.354700855,0,-0.008716669381,-3.354700855,-0.008716669381,0.03388586722,0.03388586722,0,0,1,0,229.3547009,229.3547009,0,192,1256,2.787764311
1287,0,226,225,-3.354700855,-4.354700855,-0.008716669381,-0.01131501414,-1,-0.002598344758,0,28,1,8,0,0,229.3547009,229.3547009,0,192,1257,2.789889336
1288,0,229.3547009,230,0,0.6452991453,0,0.001676709652,0.6452991453,0.001676709652,0.05377492877,0.05377492877,0,0,1,0,229.3547009,229.3547009,0,192,1258,2.792258263
1289,0,229.3547009,1813,0,1583.645299,0,4.114856462,1583.645299,4.114856462,0.05377492877,16.94622507,0,0,1,0,229.3547009,229.3547009,0,192,1259,2.794338465
1290,0,229.3547009,218,0,-11.35470085,0,-0.02950342745,-11.35470085,-0.02950342745,0.114693948,0.114693948,0,0,1,0,229.3547009,229.3547009,0,192,1260,2.796536446
1291,0,218,210,-11.35470085,-19.35470085,-0.02950342745,-0.05029018551,-8,-0.02078675807,0,18,1,7,0,0,229.3547009,229.3547009,0,192,1261,2.798555374
1292,0,229.3547009,212,0,-17.35470085,0,-0.045093496,-17.35470085,-0.045093496,2.210169405,2.210169405,1,1,0,0,229.3547009,229.3547009,0,192,1262,2.800680161
1293,0,224,224,-5.354700855,-5.354700855,-0.0139133589,-0.0139133589,0,0,0,0,0,0,1,0,229.3547009,229.3547009,0,192,1263,2.802761078
1294,0,224,222,-5.354700855,-7.354700855,-0.0139133589,-0.01911004841,-2,-0.005196689516,0,15,1,3,0,0,229.3547009,229.3547009,0,192,1264,2.804718971
1295,0,229.3547009,223,0,-6.354700855,0,-0.01651170366,-6.354700855,-0.01651170366,1.382478632,1.382478632,1,1,0,0,229.3547009,229.3547009,0,192,1265,2.80669117
1296,0,224,224,-5.354700855,-5.354700855,-0.0139133589,-0.0139133589,0,0,0,0,0,0,1,0,229.3547009,229.3547009,0,192,1266,2.808862925
1297,0,224,232,-5.354700855,2.645299145,-0.0139133589,0.006873399168,8,0.02078675807,0,22,1,5,0,0,229.3547009,229.3547009,0,192,1267,2.810837746
1298,0,229.3547009,227,0,-2.354700855,0,-0.006118324623,-2.354700855,-0.006118324623,0.3363858364,0.3363858364,0,0,1,0,229.3547009,229.3547009,0,192,1268,2.812982798
1299,0,227,228,-2.354700855,-1.354700855,-0.006118324623,-0.003519979865,1,0.002598344758,0,11,1,2,0,0,229.3547009,229.3547009,0,192,1269,2.81526041
1300,0,229,229,-0.3547008547,-0.3547008547,-0.0009216351065,-0.0009216351065,0,0,0,0,0,0,1,0,229.3547009,229.3547009,0,192,1270,2.81723547
1301,0,229,202,-0.3547008547,-27.35470085,-0.0009216351065,-0.07107694358,-27,-0.07015530847,0,30,1,11,0,0,229.3547009,229.3547009,0,192,1271,2.819252253
1302,0,229.3547009,206,0,-23.35470085,0,-0.06068356454,-23.35470085,-0.06068356454,2.729281884,2.729281884,1,5,0,0,229.3547009,229.3547009,0,192,1272,2.821440935
1303,0,229.3547009,211,0,-18.35470085,0,-0.04769184075,-18.35470085,-0.04769184075,2.188176638,2.188176638,1,1,0,0,229.3547009,229.3547009,0,192,1273,2.823719501
1304,0,229.3547009,212,0,-17.35470085,0,-0.045093496,-17.35470085,-0.045093496,0.9134053081,0.9134053081,0,0,1,0,229.3547009,229.3547009,0,192,1274,2.825873613
1305,0,212,214,-17.35470085,-15.35470085,-0.045093496,-0.03989680648,2,0.005196689516,0,13,1,5,0,0,229.3547009,229.3547009,0,192,1275,2.827976704
1306,0,229.3547009,217,0,-12.35470085,0,-0.0321017722,-12.35470085,-0.0321017722,1.354834402,1.354834402,1,1,0,0,229.3547009,229.3547009,0,192,1276,2.830021858
1307,0,219,219,-10.35470085,-10.35470085,-0.02690508269,-0.02690508269,0,0,0,0,0,0,1,0,229.3547009,229.3547009,0,192,1277,2.832249641
1308,0,219,221,-10.35470085,-8.354700855,-0.02690508269,-0.02170839317,2,0.005196689516,0,18,1,4,0,0,229.3547009,229.3547009,0,192,1278,2.834214926
1309,0,229.3547009,223,0,-6.354700855,0,-0.01651170366,-6.354700855,-0.01651170366,0.2425458341,0.2425458341,0,0,1,0,229.3547009,229.3547009,0,192,1279,2.836293936
1310,0,223,221,-6.354700855,-8.354700855,-0.01651170366,-0.02170839317,-2,-0.005196689516,0,12,1,4,0,0,229.3547009,229.3547009,0,192,1280,2.838453054
1311,0,223,223,-6.354700855,-6.354700855,-0.01651170366,-0.01651170366,0,0,0,0,0,0,1,0,229.3547009,229.3547009,0,192,1281,2.840458393
1312,0,223,221,-6.354700855,-8.354700855,-0.01651170366,-0.02170839317,-2,-0.005196689516,0,16,1,3,0,0,229.3547009,229.3547009,0,192,1282,2.842480898
1313,0,222,222,-7.354700855,-7.354700855,-0.01911004841,-0.01911004841,0,0,0,0,0,0,1,0,229.3547009,229.3547009,0,192,1283,2.844425201
1314,0,222,209,-7.354700855,-20.35470085,-0.01911004841,-0.05288853027,-13,-0.03377848186,0,30,1,7,0,0,229.3547009,229.3547009,0,192,1284,2.846492767
1315,0,229.3547009,221,0,-8.354700855,0,-0.02170839317,-8.354700855,-0.02170839317,2.595441595,2.595441595,1,5,0,0,229.3547009,229.3547009,0,192,1285,2.848706722
1316,0,229.3547009,1723,0,1493.645299,0,3.881005434,1493.645299,3.881005434,2.595441595,18.4045584,0,0,1,0,229.3547009,229.3547009,0,192,1286,2.850728273
1317,0,229.3547009,228,0,-1.354700855,0,-0.003519979865,-1.354700855,-0.003519979865,0.01368384702,0.01368384702,0,0,1,0,229.3547009,229.3547009,0,192,1287,2.852928638
1318,0,228,233,-1.354700855,3.645299145,-0.003519979865,0.009471743926,5,0.01299172379,0,30,1,3,0,0,229.3547009,229.3547009,0,192,1288,2.854925394
1319,0,229.3547009,224,0,-5.354700855,0,-0.0139133589,-5.354700855,-0.0139133589,0.4462250712,0.4462250712,0,0,1,0,229.3547009,229.3547009,0,192,1289,2.856975317
1320,0,224,222,-5.354700855,-7.354700855,-0.0139133589,-0.01911004841,-2,-0.005196689516,0,12,1,4,0,0,229.3547009,229.3547009,0,192,1290,2.859177351
1321,0,229.3547009,224,0,-5.354700855,0,-0.0139133589,-5.354700855,-0.0139133589,0.3770916095,0.3770916095,0,0,1,0,229.3547009,229.3547009,0,192,1291,2.861204386
1322,0,224,222,-5.354700855,-7.354700855,-0.0139133589,-0.01911004841,-2,-0.005196689516,0,14,1,2,0,0,229.3547009,229.3547009,0,192,1292,2.863364697
1323,0,229.3547009,224,2.842170943e-14,-5.354700855,7.384939972e-17,-0.0139133589,-5.354700855,-0.0139133589,0.4867909868,0.4867909868,0,0,1,0,229.3547009,229.3547009,0,192,1293,2.865403891
1324,0,224,214,-5.354700855,-15.35470085,-0.0139133589,-0.03989680648,-10,-0.02598344758,0,26,1,6,0,0,229.3547009,229.3547009,0,192,1294,2.867507696
1325,0,229.3547009,219,0,-10.35470085,0,-0.02690508269,-10.35470085,-0.02690508269,0.8628917379,0.8628917379,0,0,1,0,229.3547009,229.3547009,0,192,1295,2.869573832
1326,0,219,221,-10.35470085,-8.354700855,-0.02690508269,-0.02170839317,2,0.005196689516,0,21,1,1,0,0,229.3547009,229.3547009,0,192,1296,2.871784449
1327,0,229.3547009,222,0,-7.354700855,0,-0.01911004841,-7.354700855,-0.01911004841,0.7004477004,0.7004477004,0,0,1,0,229.3547009,229.3547009,0,192,1297,2.87373805
1328,0,222,220,-7.354700855,-9.354700855,-0.01911004841,-0.02430673793,-2,-0.005196689516,0,14,1,4,0,0,229.3547009,229.3547009,0,192,1298,2.875855923
1329,0,229.3547009,222,0,-7.354700855,0,-0.01911004841,-7.354700855,-0.01911004841,0.5179366799,0.5179366799,0,0,1,0,229.3547009,229.3547009,0,192,1299,2.877868891
1330,0,222,224,-7.354700855,-5.354700855,-0.01911004841,-0.0139133589,2,0.005196689516,0,24,1,2,0,0,229.3547009,229.3547009,0,192,1300,2.880022764
1331,0,229.3547009,226,0,-3.354700855,0,-0.008716669381,-3.354700855,-0.008716669381,0.1649852879,0.1649852879,0,0,1,0,229.3547009,229.3547009,0,192,1301,2.882030725
1332,0,226,226,-3.354700855,-3.354700855,-0.008716669381,-0.008716669381,0,0,0,13,1,5,0,0,229.3547009,229.3547009,0,192,1302,2.884145498
1333,0,228,228,-1.354700855,-1.354700855,-0.003519979865,-0.003519979865,0,0,0,0,0,0,1,0,229.3547009,229.3547009,0,192,1303,2.886100769
1334,0,228,224,-1.354700855,-5.354700855,-0.003519979865,-0.0139133589,-4,-0.01039337903,0,15,1,1,0,0,229.3547009,229.3547009,0,192,1304,2.888226271
1335,0,229.3547009,225,0,-4.354700855,0,-0.01131501414,-4.354700855,-0.01131501414,0.1404742211,0.1404742211,0,0,1,0,229.3547009,229.3547009,0,192,1305,2.890205145
1336,0,225,223,-4.354700855,-6.354700855,-0.01131501414,-0.01651170366,-2,-0.005196689516,0,10,1,3,0,0,229.3547009,229.3547009,0,192,1306,2.892290592
1337,0,224,224,-5.354700855,-5.354700855,-0.0139133589,-0.0139133589,0,0,0,0,0,0,1,0,229.3547009,229.3547009,0,192,1307,2.894254208
1338,0,224,228,-5.354700855,-1.354700855,-0.0139133589,-0.003519979865,4,0.01039337903,0,15,1,2,0,0,229.3547009,229.3547009,0,192,1308,2.896234035
1339,0,229.3547009,230,0,0.6452991453,0,0.001676709652,0.6452991453,0.001676709652,0.06452991453,0.06452991453,0,0,1,0,229.3547009,229.3547009,0,192,1309,2.898304701
1340,0,229.3547009,1914,0,1684.645299,0,4.377289282,1684.645299,4.377289282,0.06452991453,17.93547009,0,0,1,0,229.3547009,229.3547009,0,192,1310,2.900307178
1341,0,229.3547009,220,0,-9.354700855,0,-0.02430673793,-9.354700855,-0.02430673793,0.09449192783,0.09449192783,0,0,1,0,229.3547009,229.3547009,0,192,1311,2.902530909
1342,0,220,212,-9.354700855,-17.35470085,-0.02430673793,-0.045093496,-8,-0.02078675807,0,13,1,6,0,0,229.3547009,229.3547009,0,192,1312,2.90468359
1343,0,229.3547009,215,0,-14.35470085,0,-0.03729846172,-14.35470085,-0.03729846172,1.00482906,1.00482906,0,0,1,0,229.3547009,229.3547009,0,192,1313,2.906792164
1344,0,215,214,-14.35470085,-15.35470085,-0.03729846172,-0.03989680648,-1,-0.002598344758,0,11,1,4,0,0,229.3547009,229.3547009,0,192,1314,2.9094522
1345,0,229.3547009,217,0,-12.35470085,0,-0.0321017722,-12.35470085,-0.0321017722,0.6076082388,0.6076082388,0,0,1,0,229.3547009,229.3547009,0,192,1315,2.911464214
1346,0,217,213,-12.35470085,-16.35470085,-0.0321017722,-0.04249515124,-4,-0.01039337903,0,14,1,6,0,0,229.3547009,229.3547009,0,192,1316,2.913612604
1347,0,229.3547009,216,0,-13.35470085,0,-0.03470011696,-13.35470085,-0.03470011696,0.9348290598,0.9348290598,0,0,1,0,229.3547009,229.3547009,0,192,1317,2.915700912
1348,0,216,201,-13.35470085,-28.35470085,-0.03470011696,-0.07367528833,-15,-0.03897517137,0,28,1,8,0,0,229.3547009,229.3547009,0,192,1318,2.918334961
1349,0,229.3547009,212,0,-17.35470085,0,-0.045093496,-17.35470085,-0.045093496,1.255542201,1.255542201,1,1,0,0,229.3547009,229.3547009,0,192,1319,2.920531511
1350,0,229.3547009,213,0,-16.35470085,0,-0.04249515124,-16.35470085,-0.04249515124,0.4361253561,0.4361253561,0,0,1,0,229.3547009,229.3547009,0,192,1320,2.922845364
1351,0,213,210,-16.35470085,-19.35470085,-0.04249515124,-0.05029018551,-3,-0.007795034274,0,11,1,7,0,0,229.3547009,229.3547009,0,192,1321,2.925015211
1352,0,229.3547009,228,0,-1.354700855,0,-0.003519979865,-1.354700855,-0.003519979865,0.2066492829,0.2066492829,0,0,1,0,229.3547009,229.3547009,0,192,1322,2.927090883
1353,0,228,238,-1.354700855,8.645299145,-0.003519979865,0.02246346772,10,0.02598344758,0,29,1,2,0,0,229.3547009,229.3547009,0,192,1323,2.929385662
1354,0,229.3547009,226,0,-3.354700855,0,-0.008716669381,-3.354700855,-0.008716669381,0.2236467236,0.2236467236,0,0,1,0,229.3547009,229.3547009,0,192,1324,2.931386709
1355,0,226,223,-3.354700855,-6.354700855,-0.008716669381,-0.01651170366,-3,-0.007795034274,0,11,1,6,0,0,229.3547009,229.3547009,0,192,1325,2.933525085
1356,0,229.3547009,227,0,-2.354700855,0,-0.006118324623,-2.354700855,-0.006118324623,0.6925590749,0.6925590749,0,0,1,0,229.3547009,229.3547009,0,192,1326,2.935508251
1357,0,227,225,-2.354700855,-4.354700855,-0.006118324623,-0.01131501414,-2,-0.005196689516,0,16,1,3,0,0,229.3547009,229.3547009,0,192,1327,2.937731981
1358,0,229.3547009,227,0,-2.354700855,0,-0.006118324623,-2.354700855,-0.006118324623,0.102378298,0.102378298,0,0,1,0,229.3547009,229.3547009,0,192,1328,2.93979001
1359,0,227,229,-2.354700855,-0.3547008547,-0.006118324623,-0.0009216351065,2,0.005196689516,0,18,1,4,0,0,229.3547009,229.3547009,0,192,1329,2.941941261
1360,0,229.3547009,231,0,1.645299145,0,0.00427505441,1.645299145,0.00427505441,0.2056623932,0.2056623932,0,0,1,0,229.3547009,229.3547009,0,192,1330,2.944061279
1361,0,229.3547009,3002,0,2772.645299,0,7.204288379,2772.645299,7.204288379,0.2056623932,28.79433761,0,0,1,0,229.3547009,229.3547009,0,192,1331,2.946016788
1362,0,229.3547009,223,0,-6.354700855,0,-0.01651170366,-6.354700855,-0.01651170366,0.06484388627,0.06484388627,0,0,1,0,229.3547009,229.3547009,0,192,1332,2.948242188
1363,0,223,219,-6.354700855,-10.35470085,-0.01651170366,-0.02690508269,-4,-0.01039337903,0,19,1,3,0,0,229.3547009,229.3547009,0,192,1333,2.950545549
1364,0,229.3547009,221,0,-8.354700855,0,-0.02170839317,-8.354700855,-0.02170839317,0.3632478632,0.3632478632,0,0,1,0,229.3547009,229.3547009,0,192,1334,2.95252037
1365,0,221,213,-8.354700855,-16.35470085,-0.02170839317,-0.04249515124,-8,-0.02078675807,0,23,1,6,0,0,229.3547009,229.3547009,0,192,1335,2.954642057
1366,0,225.5,214,-3.854700855,-15.35470085,-0.01001584176,-0.03989680648,-11.5,-0.02988096472,1.5,1.5,1,3,0,0,229.3547009,229.3547009,0,192,1336,2.956636429
1367,0,229.3547009,1074,0,844.6452991,0,2.194679686,844.6452991,2.194679686,1.5,10.5,0,0,1,0,229.3547009,229.3547009,0,192,1337,2.958778143
1368,0,229.3547009,226,0,-3.354700855,0,-0.008716669381,-3.354700855,-0.008716669381,0.304972805,0.304972805,0,0,1,0,229.3547009,229.3547009,0,192,1338,2.960893154
1369,0,226,214,-3.354700855,-15.35470085,-0.008716669381,-0.03989680648,-12,-0.0311801371,0,29,1,4,0,0,229.3547009,229.3547009,0,192,1339,2.963086843
1370,0,229.3547009,220,0,-9.354700855,0,-0.02430673793,-9.354700855,-0.02430673793,0.8770032051,0.8770032051,0,0,1,0,229.3547009,229.3547009,0,192,1340,2.965085268
1371,0,220,218,-9.354700855,-11.35470085,-0.02430673793,-0.02950342745,-2,-0.005196689516,0,10,1,3,0,0,229.3547009,229.3547009,0,192,1341,2.967285633
1372,0,219,219,-10.35470085,-10.35470085,-0.02690508269,-0.02690508269,0,0,0,0,0,0,1,0,229.3547009,229.3547009,0,192,1342,2.969236135
1373,0,219,221,-10.35470085,-8.354700855,-0.02690508269,-0.02170839317,2,0.005196689516,0,27,1,3,0,0,229.3547009,229.3547009,0,192,1343,2.97123456
1374,0,229.3547009,225,0,-4.354700855,0,-0.01131501414,-4.354700855,-0.01131501414,0.6532051282,0.6532051282,0,0,1,0,229.3547009,229.3547009,0,192,1344,2.973232269
1375,0,225,219,-4.354700855,-10.35470085,-0.01131501414,-0.02690508269,-6,-0.01559006855,0,17,1,4,0,0,229.3547009,229.3547009,0,192,1345,2.975394011
1376,0,229.3547009,221,0,-8.354700855,0,-0.02170839317,-8.354700855,-0.02170839317,0.5790386731,0.5790386731,0,0,1,0,229.3547009,229.3547009,0,192,1346,2.977411747
1377,0,221,221,-8.354700855,-8.354700855,-0.02170839317,-0.02170839317,0,0,0,10,1,1,0,0,229.3547009,229.3547009,0,192,1347,2.979930401
1378,0,229.3547009,222,0,-7.354700855,0,-0.01911004841,-7.354700855,-0.01911004841,0.1793829477,0.1793829477,0,0,1,0,229.3547009,229.3547009,0,192,1348,2.982018471
1379,0,222,222,-7.354700855,-7.354700855,-0.01911004841,-0.01911004841,0,0,0,19,1,3,0,0,229.3547009,229.3547009,0,192,1349,2.984082937
1380,0,223,223,-6.354700855,-6.354700855,-0.01651170366,-0.01651170366,0,0,0,0,0,0,1,0,229.3547009,229.3547009,0,192,1350,2.98602438
1381,0,223,217,-6.354700855,-12.35470085,-0.01651170366,-0.0321017722,-6,-0.01559006855,0,29,1,3,0,0,229.3547009,229.3547009,0,192,1351,2.988002539
1382,0,229.3547009,230,0,0.6452991453,0,0.001676709652,0.6452991453,0.001676709652,0.151835093,0.151835093,0,0,1,0,229.3547009,229.3547009,0,192,1352,2.990166664
1383,0,229.3547009,1208,0,978.6452991,0,2.542857883,978.6452991,2.542857883,0.1290598291,13.87094017,0,0,1,0,229.3547009,229.3547009,0,192,1353,2.992509127
1384,0,229.3547009,210,0,-19.35470085,0,-0.05029018551,-19.35470085,-0.05029018551,0.1955020288,0.1955020288,0,0,1,0,229.3547009,229.3547009,0,192,1354,2.9948771
1385,0,210,202,-19.35470085,-27.35470085,-0.05029018551,-0.07107694358,-8,-0.02078675807,0,23,1,11,0,0,229.3547009,229.3547009,0,192,1355,2.996983528
1386,0,229.3547009,225,0,-4.354700855,0,-0.01131501414,-4.354700855,-0.01131501414,1.051134689,1.051134689,0,0,1,0,229.3547009,229.3547009,0,192,1356,2.999151945
1387,0,225,233,-4.354700855,3.645299145,-0.01131501414,0.009471743926,8,0.02078675807,0,26,1,3,0,0,229.3547009,229.3547009,0,192,1357,3.00155282
1388,0,229.3547009,235,0,5.645299145,0,0.01466843344,5.645299145,0.01466843344,0.4704415954,0.4704415954,0,0,1,0,229.3547009,229.3547009,0,192,1358,3.003617048
1389,0,229.3547009,1122,0,892.6452991,0,2.319400234,892.6452991,2.319400234,0.4704415954,9.529558405,0,0,1,0,229.3547009,229.3547009,0,192,1359,3.005576849
1390,0,229.3547009,223,0,-6.354700855,0,-0.01651170366,-6.354700855,-0.01651170366,0.06418889752,0.06418889752,0,0,1,0,229.3547009,229.3547009,0,192,1360,3.007742405
1391,0,223,221,-6.354700855,-8.354700855,-0.01651170366,-0.02170839317,-2,-0.005196689516,0,21,1,4,0,0,229.3547009,229.3547009,0,192,1361,3.009749174
1392,0,229.3547009,223,0,-6.354700855,0,-0.01651170366,-6.354700855,-0.01651170366,0.4448290598,0.4448290598,0,0,1,0,229.3547009,229.3547009,0,192,1362,3.011740923
1393,0,223,221,-6.354700855,-8.354700855,-0.01651170366,-0.02170839317,-2,-0.005196689516,0,19,1,3,0,0,229.3547009,229.3547009,0,192,1363,3.014361143
1394,0,229.3547009,223,0,-6.354700855,0,-0.01651170366,-6.354700855,-0.01651170366,0.2762913415,0.2762913415,0,0,1,0,229.3547009,229.3547009,0,192,1364,3.016424417
1395,0,223,217,-6.354700855,-12.35470085,-0.01651170366,-0.0321017722,-6,-0.01559006855,0,15,1,4,0,0,229.3547009,229.3547009,0,192,1365,3.018545389
1396,0,229.3547009,219,0,-10.35470085,0,-0.02690508269,-10.35470085,-0.02690508269,0.7248290598,0.7248290598,0,0,1,0,229.3547009,229.3547009,0,192,1366,3.020549297
1397,0,219,223,-10.35470085,-6.354700855,-0.02690508269,-0.01651170366,4,0.01039337903,0,22,1,3,0,0,229.3547009,229.3547009,0,192,1367,3.023213625
1398,0,229.3547009,225,0,-4.354700855,0,-0.01131501414,-4.354700855,-0.01131501414,0.1893348198,0.1893348198,0,0,1,0,229.3547009,229.3547009,0,192,1368,3.0251894
1399,0,225,208,-4.354700855,-21.35470085,-0.01131501414,-0.05548687503,-17,-0.04417186089,0,30,1,8,0,0,229.3547009,229.3547009,0,192,1369,3.027343035
1400,0,229.3547009,226,0,-3.354700855,0,-0.008716669381,-3.354700855,-0.008716669381,0.2430942648,0.2430942648,0,0,1,0,229.3547009,229.3547009,0,192,1370,3.029428005
1401,0,226,230,-3.354700855,0.6452991453,-0.008716669381,0.001676709652,4,0.01039337903,0,16,1,3,0,0,229.3547009,229.3547009,0,192,1371,3.031716108
1402,0,229.3547009,232,0,2.645299145,0,0.006873399168,2.645299145,0.006873399168,0.2204415954,0.2204415954,0,0,1,0,229.3547009,229.3547009,0,192,1372,3.033846855
1403,0,229.3547009,1715,0,1485.645299,0,3.860218676,1485.645299,3.860218676,0.2204415954,15.7795584,0,0,1,0,229.3547009,229.3547009,0,192,1373,3.035836935
1404,0,229.3547009,220,0,-9.354700855,0,-0.02430673793,-9.354700855,-0.02430673793,0.09449192783,0.09449192783,0,0,1,0,229.3547009,229.3547009,0,192,1374,3.038087368
1405,0,220,212,-9.354700855,-17.35470085,-0.02430673793,-0.045093496,-8,-0.02078675807,0,20,1,8,0,0,229.3547009,229.3547009,0,192,1375,3.040234804
1406,0,229.3547009,226,0,-3.354700855,0,-0.008716669381,-3.354700855,-0.008716669381,2.439102564,2.439102564,1,1,0,0,229.3547009,229.3547009,0,192,1376,3.04234767
1407,0,229.3547009,227,0,-2.354700855,0,-0.006118324623,-2.354700855,-0.006118324623,0.07982036796,0.07982036796,0,0,1,0,229.3547009,229.3547009,0,192,1377,3.044509172
1408,0,227,231,-2.354700855,1.645299145,-0.006118324623,0.00427505441,4,0.01039337903,0,23,1,5,0,0,229.3547009,229.3547009,0,192,1378,3.046605587
1409,0,229.3547009,234,0,4.645299145,0,0.01207008868,4.645299145,0.01207008868,0.3871082621,0.3871082621,0,0,1,0,229.3547009,229.3547009,0,192,1379,3.048695564
1410,0,229.3547009,2707,0,2477.645299,0,6.437776676,2477.645299,6.437776676,0.3871082621,25.61289174,0,0,1,0,229.3547009,229.3547009,0,192,1380,3.050809145
1411,0,229.3547009,222,0,-7.354700855,0,-0.01911004841,-7.354700855,-0.01911004841,0.07504796791,0.07504796791,0,0,1,0,229.3547009,229.3547009,0,192,1381,3.052968264
1412,0,222,214,-7.354700855,-15.35470085,-0.01911004841,-0.03989680648,-8,-0.02078675807,0,22,1,8,0,0,229.3547009,229.3547009,0,192,1382,3.055104971
1413,0,229.3547009,228,0,-1.354700855,0,-0.003519979865,-1.354700855,-0.003519979865,2.490826702,2.490826702,1,1,0,0,229.3547009,229.3547009,0,192,1383,3.057255745
1414,0,229.3547009,229,0,-0.3547008547,0,-0.0009216351065,-0.3547008547,-0.0009216351065,0.01202375779,0.01202375779,0,0,1,0,229.3547009,229.3547009,0,192,1384,3.059446096
1415,0,229,229,-0.3547008547,-0.3547008547,-0.0009216351065,-0.0009216351065,0,0,0,17,1,6,0,0,229.3547009,229.3547009,0,192,1385,3.061563015
1416,0,229.3547009,232,0,2.645299145,0,0.006873399168,2.645299145,0.006873399168,0.2204415954,0.2204415954,0,0,1,0,229.3547009,229.3547009,0,192,1386,3.063691854
1417,0,229.3547009,2803,0,2573.645299,0,6.687217772,2573.645299,6.687217772,0.2204415954,26.7795584,0,0,1,0,229.3547009,229.3547009,0,192,1387,3.065741301
1418,0,229.3547009,220,0,-9.354700855,0,-0.02430673793,-9.354700855,-0.02430673793,0.09545613117,0.09545613117,0,0,1,0,229.3547009,229.3547009,0,192,1388,3.067872524
1419,0,220,216,-9.354700855,-13.35470085,-0.02430673793,-0.03470011696,-4,-0.01039337903,0,14,1,7,0,0,229.3547009,229.3547009,0,192,1389,3.069959641
1420,0,229.3547009,231,0,1.645299145,0,0.00427505441,1.645299145,0.00427505441,0.2056623932,0.2056623932,0,0,1,0,229.3547009,229.3547009,0,192,1390,3.072210073
1421,0,229.3547009,3100,0,2870.645299,0,7.458926166,2870.645299,7.458926166,0.2056623932,29.79433761,0,0,1,0,229.3547009,229.3547009,0,192,1391,3.074301004
1422,0,229.3547009,223,0,-6.354700855,0,-0.01651170366,-6.354700855,-0.01651170366,0.06484388627,0.06484388627,0,0,1,0,229.3547009,229.3547009,0,192,1392,3.076564789
1423,0,223,225,-6.354700855,-4.354700855,-0.01651170366,-0.01131501414,2,0.005196689516,0,10,1,1,0,0,229.3547009,229.3547009,0,192,1393,3.078585863
1424,0,229.3547009,226,0,-3.354700855,0,-0.008716669381,-3.354700855,-0.008716669381,0.3194953195,0.3194953195,0,0,1,0,229.3547009,229.3547009,0,192,1394,3.080559492
1425,0,226,220,-3.354700855,-9.354700855,-0.008716669381,-0.02430673793,-6,-0.01559006855,0,17,1,3,0,0,229.3547009,229.3547009,0,192,1395,3.082676649
1426,0,229.3547009,222,0,-7.354700855,0,-0.01911004841,-7.354700855,-0.01911004841,0.4654873959,0.4654873959,0,0,1,0,229.3547009,229.3547009,0,192,1396,3.084686041
1427,0,222,221,-7.354700855,-8.354700855,-0.01911004841,-0.02170839317,-1,-0.002598344758,0,11,1,4,0,0,229.3547009,229.3547009,0,192,1397,3.086819887
1428,0,229.3547009,223,0,-6.354700855,0,-0.01651170366,-6.354700855,-0.01651170366,0.2341205578,0.2341205578,0,0,1,0,229.3547009,229.3547009,0,192,1398,3.088848591
1429,0,223,223,-6.354700855,-6.354700855,-0.01651170366,-0.01651170366,0,0,0,13,1,3,0,0,229.3547009,229.3547009,0,192,1399,3.09096694
1430,0,229.3547009,225,0,-4.354700855,0,-0.01131501414,-4.354700855,-0.01131501414,0.2756139781,0.2756139781,0,0,1,0,229.3547009,229.3547009,0,192,1400,3.092972517
1431,0,225,221,-4.354700855,-8.354700855,-0.01131501414,-0.02170839317,-4,-0.01039337903,0,29,1,6,0,0,229.3547009,229.3547009,0,192,1401,3.095093727
1432,0,229.3547009,232,0,2.645299145,0,0.006873399168,2.645299145,0.006873399168,0.2034845496,0.2034845496,0,0,1,0,229.3547009,229.3547009,0,192,1402,3.097207785
1433,0,229.3547009,2998,0,2768.645299,0,7.193895,2768.645299,7.193895,0.2034845496,28.79651545,0,0,1,0,229.3547009,229.3547009,0,192,1403,3.099213362
1434,0,229.3547009,219,0,-10.35470085,0,-0.02690508269,-10.35470085,-0.02690508269,0.1056602128,0.1056602128,0,0,1,0,229.3547009,229.3547009,0,192,1404,3.101385593
1435,0,219,217,-10.35470085,-12.35470085,-0.02690508269,-0.0321017722,-2,-0.005196689516,0,19,1,7,0,0,229.3547009,229.3547009,0,192,1405,3.103641272
1436,0,229.3547009,235,0,5.645299145,0,0.01466843344,5.645299145,0.01466843344,1.302761341,1.302761341,0,0,1,0,229.3547009,229.3547009,0,192,1406,3.105784416
1437,0,229.3547009,228,0,-1.354700855,0,-0.003519979865,-1.354700855,-0.003519979865,0.1935286935,0.1935286935,0,0,1,0,229.3547009,229.3547009,0,192,1407,3.107884407
1438,0,228,228,-1.354700855,-1.354700855,-0.003519979865,-0.003519979865,0,0,0,15,1,3,0,0,229.3547009,229.3547009,0,192,1408,3.110199451
1439,0,229.3547009,236,0,6.645299145,0,0.0172667782,6.645299145,0.0172667782,0.443019943,0.443019943,0,0,1,0,229.3547009,229.3547009,0,192,1409,3.112357616
1440,0,229.3547009,2113,0,1883.645299,0,4.894359889,1883.645299,4.894359889,0.443019943,19.55698006,0,0,1,0,229.3547009,229.3547009,0,192,1410,3.114328861
1441,0,229.3547009,221,0,-8.354700855,0,-0.02170839317,-8.354700855,-0.02170839317,0.08439091772,0.08439091772,0,0,1,0,229.3547009,229.3547009,0,192,1411,3.116413355
1442,0,221,219,-8.354700855,-10.35470085,-0.02170839317,-0.02690508269,-2,-0.005196689516,0,15,1,5,0,0,229.3547009,229.3547009,0,192,1412,3.118377447
1443,0,229.3547009,11054,0,10824.6453,0,28.12616037,10824.6453,28.12616037,1.302761341,209.3027613,0,0,1,0,229.3547009,229.3547009,0,192,1413,3.120463371
1444,0,229.3547009,241,0,11.64529915,0,0.03025850199,11.64529915,0.03025850199,5.300618921,5.300618921,0,0,1,0,229.3547009,229.3547009,0,192,1414,3.123193979
1445,0,229.3547009,233,0,3.645299145,0,0.009471743926,3.645299145,0.009471743926,1.041514042,1.041514042,0,0,1,0,229.3547009,229.3547009,0,192,1415,3.125966311
1446,0,229.3547009,1596,0,1366.645299,0,3.551015649,1366.645299,3.551015649,1.041514042,22.95848596,1,1,0,0,229.3547009,229.3547009,0,192,1416,3.127926111
1447,0,229.3547009,204,0,-25.35470085,0,-0.06588025406,-25.35470085,-0.06588025406,0.2561080894,0.2561080894,0,0,1,0,229.3547009,229.3547009,0,192,1417,3.130981684
1448,0,204,198,-25.35470085,-31.35470085,-0.06588025406,-0.08147032261,-6,-0.01559006855,0,14,1,11,0,0,229.3547009,229.3547009,0,192,1418,3.13324523
1449,0,229.3547009,228,0,-1.354700855,0,-0.003519979865,-1.354700855,-0.003519979865,3.799257269,3.799257269,1,4,0,0,229.3547009,229.3547009,0,192,1419,3.13546896
1450,0,229.3547009,231,0,1.645299145,0,0.00427505441,1.645299145,0.00427505441,0.1371082621,0.1371082621,0,0,1,0,229.3547009,229.3547009,0,192,1420,3.137739182
1451,0,229.3547009,2507,0,2277.645299,0,5.918107724,2277.645299,5.918107724,0.1371082621,23.86289174,0,0,1,0,229.3547009,229.3547009,0,192,1421,3.139853001
1452,0,229.3547009,219,0,-10.35470085,0,-0.02690508269,-10.35470085,-0.02690508269,0.1045929379,0.1045929379,0,0,1,0,229.3547009,229.3547009,0,192,1422,3.141997576
1453,0,219,223,-10.35470085,-6.354700855,-0.02690508269,-0.01651170366,4,0.01039337903,0,14,1,1,0,0,229.3547009,229.3547009,0,192,1423,3.143981218
1454,0,229.3547009,224,0,-5.354700855,0,-0.0139133589,-5.354700855,-0.0139133589,0.5354700855,0.5354700855,0,0,1,0,229.3547009,229.3547009,0,192,1424,3.145942688
1455,0,224,216,-5.354700855,-13.35470085,-0.0139133589,-0.03470011696,-8,-0.02078675807,0,25,1,5,0,0,229.3547009,229.3547009,0,192,1425,3.148042202
1456,0,229.3547009,229,2.842170943e-14,-0.3547008547,7.384939972e-17,-0.0009216351065,-0.3547008547,-0.0009216351065,0.1182336182,0.1182336182,0,0,1,0,229.3547009,229.3547009,0,192,1426,3.150068998
1457,0,229,230,-0.3547008547,0.6452991453,-0.0009216351065,0.001676709652,1,0.002598344758,0,11,0,0,1,0,229.3547009,229.3547009,0,192,1427,3.152633667
1458,0,229.3547009,1306,0,1076.645299,0,2.797495669,1076.645299,2.797495669,0.06145706146,12.93854294,0,0,1,0,229.3547009,229.3547009,0,192,1428,3.154691219
1459,0,229.3547009,209,0,-20.35470085,0,-0.05288853027,-20.35470085,-0.05288853027,0.2056030389,0.2056030389,0,0,1,0,229.3547009,229.3547009,0,192,1429,3.156841516
1460,0,209,209,-20.35470085,-20.35470085,-0.05288853027,-0.05288853027,0,0,0,17,1,5,0,0,229.3547009,229.3547009,0,192,1430,3.158833981
1461,0,229.3547009,233,0,3.645299145,0,0.009471743926,3.645299145,0.009471743926,2,2,1,1,0,0,229.3547009,229.3547009,0,192,1431,3.160821676
1462,0,229.3547009,226,0,-3.354700855,0,-0.008716669381,-3.354700855,-0.008716669381,0.4193376068,0.4193376068,0,0,1,0,229.3547009,229.3547009,0,192,1432,3.162942648
1463,0,226,227,-3.354700855,-2.354700855,-0.008716669381,-0.006118324623,1,0.002598344758,0,11,0,0,1,0,229.3547009,229.3547009,0,192,1433,3.165202141
1464,0,227,223,-2.354700855,-6.354700855,-0.006118324623,-0.01651170366,-4,-0.01039337903,0,29,1,1,0,0,229.3547009,229.3547009,0,192,1434,3.167133093
1465,0,225,225,-4.354700855,-4.354700855,-0.01131501414,-0.01131501414,0,0,0,0,0,0,1,0,229.3547009,229.3547009,0,192,1435,3.169052362
1466,0,225,229,-4.354700855,-0.3547008547,-0.01131501414,-0.0009216351065,4,0.01039337903,0,15,0,0,1,0,229.3547009,229.3547009,0,192,1436,3.171005011
1467,0,229,225,-0.3547008547,-4.354700855,-0.0009216351065,-0.01131501414,-4,-0.01039337903,0,17,1,1,0,0,229.3547009,229.3547009,0,192,1437,3.172947645
1468,0,229.3547009,227,0,-2.354700855,0,-0.006118324623,-2.354700855,-0.006118324623,0.1744222855,0.1744222855,0,0,1,0,229.3547009,229.3547009,0,192,1438,3.174890757
1469,0,227,229,-2.354700855,-0.3547008547,-0.006118324623,-0.0009216351065,2,0.005196689516,0,24,0,0,1,0,229.3547009,229.3547009,0,192,1439,3.176977873
1470,0,229,225,-0.3547008547,-4.354700855,-0.0009216351065,-0.01131501414,-4,-0.01039337903,0,25,1,1,0,0,229.3547009,229.3547009,0,192,1440,3.178908825
1471,0,227,10517,-2.354700855,10287.6453,-0.006118324623,26.73084924,10290,26.73696756,0,210,0,0,1,0,229.3547009,229.3547009,0,192,1441,3.180887222
1472,0,229.3547009,227,0,-2.354700855,0,-0.006118324623,-2.354700855,-0.006118324623,0.2943376068,0.2943376068,0,0,1,0,229.3547009,229.3547009,0,192,1442,3.183266401
1473,0,227,229,-2.354700855,-0.3547008547,-0.006118324623,-0.0009216351065,2,0.005196689516,0,27,1,2,0,0,229.3547009,229.3547009,0,192,1443,3.185811758
1474,0,229.3547009,232,2.842170943e-14,2.645299145,7.384939972e-17,0.006873399168,2.645299145,0.006873399168,0.8266559829,0.8266559829,0,0,1,0,229.3547009,229.3547009,0,192,1444,3.1877985
1475,0,229.3547009,1223,0,993.6452991,0,2.581833054,993.6452991,2.581833054,0.3778998779,10.62210012,0,0,1,0,229.3547009,229.3547009,0,192,1445,3.189946651
1476,0,229.3547009,225,0,-4.354700855,0,-0.01131501414,-4.354700855,-0.01131501414,0.04398687732,0.04398687732,0,0,1,0,229.3547009,229.3547009,0,192,1446,3.192232609
1477,0,225,221,-4.354700855,-8.354700855,-0.01131501414,-0.02170839317,-4,-0.01039337903,0,13,1,1,0,0,229.3547009,229.3547009,0,192,1447,3.194641352
1478,0,229.3547009,222,0,-7.354700855,0,-0.01911004841,-7.354700855,-0.01911004841,0.7004477004,0.7004477004,0,0,1,0,229.3547009,229.3547009,0,192,1448,3.196623564
1479,0,222,226,-7.354700855,-3.354700855,-0.01911004841,-0.008716669381,4,0.01039337903,0,14,1,1,0,0,229.3547009,229.3547009,0,192,1449,3.198729753
1480,0,229.3547009,227,0,-2.354700855,0,-0.006118324623,-2.354700855,-0.006118324623,0.6727716728,0.6727716728,0,0,1,0,229.3547009,229.3547009,0,192,1450,3.200649261
1481,0,227,223,-2.354700855,-6.354700855,-0.006118324623,-0.01651170366,-4,-0.01039337903,0,19,1,1,0,0,229.3547009,229.3547009,0,192,1451,3.2027421
1482,0,229.3547009,231,0,1.645299145,0,0.00427505441,1.645299145,0.00427505441,0.4700854701,0.4700854701,0,0,1,0,229.3547009,229.3547009,0,192,1452,3.204661846
1483,0,229.3547009,2116,0,1886.645299,0,4.902154924,1886.645299,4.902154924,0.235042735,19.76495726,0,0,1,0,229.3547009,229.3547009,0,192,1453,3.2067523
1484,0,229.3547009,224,0,-5.354700855,0,-0.0139133589,-5.354700855,-0.0139133589,0.05408788742,0.05408788742,0,0,1,0,229.3547009,229.3547009,0,192,1454,3.208943844
1485,0,224,226,-5.354700855,-3.354700855,-0.0139133589,-0.008716669381,2,0.005196689516,0,18,0,0,1,0,229.3547009,229.3547009,0,192,1455,3.210998297
1486,0,226,224,-3.354700855,-5.354700855,-0.008716669381,-0.0139133589,-2,-0.005196689516,0,18,0,0,1,0,229.3547009,229.3547009,0,192,1456,3.21297121
1487,0,224,226,-5.354700855,-3.354700855,-0.0139133589,-0.008716669381,2,0.005196689516,0,20,1,1,0,0,229.3547009,229.3547009,0,192,1457,3.214901209
1488,0,229.3547009,228,0,-1.354700855,0,-0.003519979865,-1.354700855,-0.003519979865,0.09031339031,0.09031339031,0,0,1,0,229.3547009,229.3547009,0,192,1458,3.216841936
1489,0,228,224,-1.354700855,-5.354700855,-0.003519979865,-0.0139133589,-4,-0.01039337903,0,13,0,0,1,0,229.3547009,229.3547009,0,192,1459,3.21893096
1490,0,224,226,-5.354700855,-3.354700855,-0.0139133589,-0.008716669381,2,0.005196689516,0,22,1,1,0,0,229.3547009,229.3547009,0,192,1460,3.220869064
1491,0,229.3547009,228,0,-1.354700855,0,-0.003519979865,-1.354700855,-0.003519979865,0.1231546232,0.1231546232,0,0,1,0,229.3547009,229.3547009,0,192,1461,3.22283721
1492,0,228,228,-1.354700855,-1.354700855,-0.003519979865,-0.003519979865,0,0,0,15,0,0,1,0,229.3547009,229.3547009,0,192,1462,3.224926949
1493,0,228,216,-1.354700855,-13.35470085,-0.003519979865,-0.03470011696,-12,-0.0311801371,0,25,1,2,0,0,229.3547009,229.3547009,0,192,1463,3.226850271
1494,0,229.3547009,220,0,-9.354700855,0,-0.02430673793,-9.354700855,-0.02430673793,0.8504273504,0.8504273504,0,0,1,0,229.3547009,229.3547009,0,192,1464,3.228798389
1495,0,220,221,-9.354700855,-8.354700855,-0.02430673793,-0.02170839317,1,0.002598344758,0,28,1,2,0,0,229.3547009,229.3547009,0,192,1465,3.230914593
1496,0,229.3547009,225,2.842170943e-14,-4.354700855,7.384939972e-17,-0.01131501414,-4.354700855,-0.01131501414,0.3958818959,0.3958818959,0,0,1,0,229.3547009,229.3547009,0,192,1466,3.23287344
1497,0,225,217,-4.354700855,-12.35470085,-0.01131501414,-0.0321017722,-8,-0.02078675807,0,23,1,2,0,0,229.3547009,229.3547009,0,192,1467,3.234959841
1498,0,229.3547009,234,0,4.645299145,0,0.01207008868,4.645299145,0.01207008868,0.9954212454,0.9954212454,0,0,1,0,229.3547009,229.3547009,0,192,1468,3.237003565
1499,0,229.3547009,227,0,-2.354700855,0,-0.006118324623,-2.354700855,-0.006118324623,0.3363858364,0.3363858364,0,0,1,0,229.3547009,229.3547009,0,192,1469,3.239107609
1500,0,227,229,-2.354700855,-0.3547008547,-0.006118324623,-0.0009216351065,2,0.005196689516,0,20,1,2,0,0,229.3547009,229.3547009,0,192,1470,3.24139142
1501,0,229.3547009,236,0,6.645299145,0,0.0172667782,6.645299145,0.0172667782,1.563599799,1.563599799,0,0,1,0,229.3547009,229.3547009,0,192,1471,3.243543863
1502,0,229.3547009,2410,0,2180.645299,0,5.666068282,2180.645299,5.666068282,0.886039886,23.11396011,0,0,1,0,229.3547009,229.3547009,0,192,1472,3.245625019
1503,0,229.3547009,221,0,-8.354700855,0,-0.02170839317,-8.354700855,-0.02170839317,0.08439091772,0.08439091772,0,0,1,0,229.3547009,229.3547009,0,192,1473,3.247914553
1504,0,221,225,-8.354700855,-4.354700855,-0.02170839317,-0.01131501414,4,0.01039337903,0,13,1,1,0,0,229.3547009,229.3547009,0,192,1474,3.25006032
1505,0,227,227,-2.354700855,-2.354700855,-0.006118324623,-0.006118324623,0,0,0,0,0,0,1,0,229.3547009,229.3547009,0,192,1475,3.252028942
1506,0,227,221,-2.354700855,-8.354700855,-0.006118324623,-0.02170839317,-6,-0.01559006855,0,14,0,0,1,0,229.3547009,229.3547009,0,192,1476,3.254003763
1507,0,221,221,-8.354700855,-8.354700855,-0.02170839317,-0.02170839317,0,0,0,25,1,2,0,0,229.3547009,229.3547009,0,192,1477,3.255933523
1508,0,229.3547009,225,2.842170943e-14,-4.354700855,7.384939972e-17,-0.01131501414,-4.354700855,-0.01131501414,0.3958818959,0.3958818959,0,0,1,0,229.3547009,229.3547009,0,192,1478,3.257908106
1509,0,225,213,-4.354700855,-16.35470085,-0.01131501414,-0.04249515124,-12,-0.0311801371,0,29,1,3,0,0,229.3547009,229.3547009,0,192,1479,3.259986401
1510,0,229.3547009,224,0,-5.354700855,0,-0.0139133589,-5.354700855,-0.0139133589,0.4462250712,0.4462250712,0,0,1,0,229.3547009,229.3547009,0,192,1480,3.261933088
1511,0,224,226,-5.354700855,-3.354700855,-0.0139133589,-0.008716669381,2,0.005196689516,0,20,1,1,0,0,229.3547009,229.3547009,0,192,1481,3.2640481
1512,0,228,228,-1.354700855,-1.354700855,-0.003519979865,-0.003519979865,0,0,0,0,0,0,1,0,229.3547009,229.3547009,0,192,1482,3.265968323
1513,0,228,228,-1.354700855,-1.354700855,-0.003519979865,-0.003519979865,0,0,0,21,0,0,1,0,229.3547009,229.3547009,0,192,1483,3.267926455
1514,0,228,230,-1.354700855,0.6452991453,-0.003519979865,0.001676709652,2,0.005196689516,0,18,0,0,1,0,229.3547009,229.3547009,0,192,1484,3.269858122
1515,0,229.3547009,1110,0,880.6452991,0,2.288220097,880.6452991,2.288220097,0.06792622582,10.93207377,0,0,1,0,229.3547009,229.3547009,0,192,1485,3.271866322
1516,0,229.3547009,211,0,-18.35470085,0,-0.04769184075,-18.35470085,-0.04769184075,0.1854010187,0.1854010187,0,0,1,0,229.3547009,229.3547009,0,192,1486,3.273993731
1517,0,211,205,-18.35470085,-24.35470085,-0.04769184075,-0.0632819093,-6,-0.01559006855,0,14,1,4,0,0,229.3547009,229.3547009,0,192,1487,3.27598381
1518,0,229.3547009,225,0,-4.354700855,0,-0.01131501414,-4.354700855,-0.01131501414,0.2009861933,0.2009861933,0,0,1,0,229.3547009,229.3547009,0,192,1488,3.277946711
1519,0,225,227,-4.354700855,-2.354700855,-0.01131501414,-0.006118324623,2,0.005196689516,0,10,1,2,0,0,229.3547009,229.3547009,0,192,1489,3.28004384
1520,0,229.3547009,228,0,-1.354700855,0,-0.003519979865,-1.354700855,-0.003519979865,0.09031339031,0.09031339031,0,0,1,0,229.3547009,229.3547009,0,192,1490,3.281998873
1521,0,228,225,-1.354700855,-4.354700855,-0.003519979865,-0.01131501414,-3,-0.007795034274,0,28,1,3,0,0,229.3547009,229.3547009,0,192,1491,3.284100533
1522,0,229.3547009,232,0,2.645299145,0,0.006873399168,2.645299145,0.006873399168,0.3112116642,0.3112116642,0,0,1,0,229.3547009,229.3547009,0,192,1492,3.28614521
1523,0,229.3547009,2008,0,1778.645299,0,4.62153369,1778.645299,4.62153369,0.3112116642,19.68878834,0,0,1,0,229.3547009,229.3547009,0,192,1493,3.288139105
1524,0,229.3547009,215,0,-14.35470085,0,-0.03729846172,-14.35470085,-0.03729846172,0.1449969783,0.1449969783,0,0,1,0,229.3547009,229.3547009,0,192,1494,3.290340185
1525,0,215,209,-14.35470085,-20.35470085,-0.03729846172,-0.05288853027,-6,-0.01559006855,0,27,1,3,0,0,229.3547009,229.3547009,0,192,1495,3.292303801
1526,0,210,210,-19.35470085,-19.35470085,-0.05029018551,-0.05029018551,0,0,0,0,0,0,1,0,229.3547009,229.3547009,0,192,1496,3.294237852
1527,0,210,214,-19.35470085,-15.35470085,-0.05029018551,-0.03989680648,4,0.01039337903,0,25,1,2,0,0,229.3547009,229.3547009,0,192,1497,3.296214581
1528,0,215,215,-14.35470085,-14.35470085,-0.03729846172,-0.03729846172,0,0,0,0,0,0,1,0,229.3547009,229.3547009,0,192,1498,3.29814291
1529,0,215,207,-14.35470085,-22.35470085,-0.03729846172,-0.05808521979,-8,-0.02078675807,0,22,1,3,0,0,229.3547009,229.3547009,0,192,1499,3.30011034
1530,0,208,208,-21.35470085,-21.35470085,-0.05548687503,-0.05548687503,0,0,0,0,0,0,1,0,229.3547009,229.3547009,0,192,1500,3.302042484
1531,0,208,218,-21.35470085,-11.35470085,-0.05548687503,-0.02950342745,10,0.02598344758,0,26,1,2,0,0,229.3547009,229.3547009,0,192,1501,3.304022789
1532,0,219,219,-10.35470085,-10.35470085,-0.02690508269,-0.02690508269,0,0,0,0,0,0,1,0,229.3547009,229.3547009,0,192,1502,3.305960894
1533,0,219,209,-10.35470085,-20.35470085,-0.02690508269,-0.05288853027,-10,-0.02598344758,0,25,1,3,0,0,229.3547009,229.3547009,0,192,1503,3.307936907
1534,0,210,210,-19.35470085,-19.35470085,-0.05029018551,-0.05029018551,0,0,0,0,0,0,1,0,229.3547009,229.3547009,0,192,1504,3.309860229
1535,0,210,216,-19.35470085,-13.35470085,-0.05029018551,-0.03470011696,6,0.01559006855,0,26,1,2,0,0,229.3547009,229.3547009,0,192,1505,3.31182909
1536,0,217,217,-12.35470085,-12.35470085,-0.0321017722,-0.0321017722,0,0,0,0,0,0,1,0,229.3547009,229.3547009,0,192,1506,3.313814163
1537,0,217,213,-12.35470085,-16.35470085,-0.0321017722,-0.04249515124,-4,-0.01039337903,0,29,1,3,0,0,229.3547009,229.3547009,0,192,1507,3.315833569
1538,0,214,214,-15.35470085,-15.35470085,-0.03989680648,-0.03989680648,0,0,0,0,0,0,1,0,229.3547009,229.3547009,0,192,1508,3.317854643
1539,0,214,218,-15.35470085,-11.35470085,-0.03989680648,-0.02950342745,4,0.01039337903,0,21,1,2,0,0,229.3547009,229.3547009,0,192,1509,3.319822788
1540,0,219,219,-10.35470085,-10.35470085,-0.02690508269,-0.02690508269,0,0,0,0,0,0,1,0,229.3547009,229.3547009,0,192,1510,3.32175231
1541,0,219,219,-10.35470085,-10.35470085,-0.02690508269,-0.02690508269,0,0,0,14,1,4,0,0,229.3547009,229.3547009,0,192,1511,3.323719978
1542,0,229.3547009,222,0,-7.354700855,0,-0.01911004841,-7.354700855,-0.01911004841,0.5447926559,0.5447926559,0,0,1,0,229.3547009,229.3547009,0,192,1512,3.325686693
1543,0,222,212,-7.354700855,-17.35470085,-0.01911004841,-0.045093496,-10,-0.02598344758,0,22,1,3,0,0,229.3547009,229.3547009,0,192,1513,3.328052759
1544,0,213,213,-16.35470085,-16.35470085,-0.04249515124,-0.04249515124,0,0,0,0,0,0,1,0,229.3547009,229.3547009,0,192,1514,3.330060005
1545,0,213,223,-16.35470085,-6.354700855,-0.04249515124,-0.01651170366,10,0.02598344758,0,25,1,4,0,0,229.3547009,229.3547009,0,192,1515,3.332066059
1546,0,229.3547009,225,0,-4.354700855,0,-0.01131501414,-4.354700855,-0.01131501414,0.5166594234,0.5166594234,0,0,1,0,229.3547009,229.3547009,0,192,1516,3.334061384
1547,0,225,209,-4.354700855,-20.35470085,-0.01131501414,-0.05288853027,-16,-0.04157351613,0,26,1,6,0,0,229.3547009,229.3547009,0,192,1517,3.336202383
1548,0,229.3547009,211,0,-18.35470085,0,-0.04769184075,-18.35470085,-0.04769184075,1.304468436,1.304468436,1,1,0,0,229.3547009,229.3547009,0,192,1518,3.338193655
1549,0,213,213,-16.35470085,-16.35470085,-0.04249515124,-0.04249515124,0,0,0,0,0,0,1,0,229.3547009,229.3547009,0,192,1519,3.340370655
1550,0,213,215,-16.35470085,-14.35470085,-0.04249515124,-0.03729846172,2,0.005196689516,0,13,1,4,0,0,229.3547009,229.3547009,0,192,1520,3.342363596
1551,0,229.3547009,218,0,-11.35470085,0,-0.02950342745,-11.35470085,-0.02950342745,0.8410889522,0.8410889522,0,0,1,0,229.3547009,229.3547009,0,192,1521,3.34441638
1552,0,218,210,-11.35470085,-19.35470085,-0.02950342745,-0.05029018551,-8,-0.02078675807,0,23,1,3,0,0,229.3547009,229.3547009,0,192,1522,3.346698761
1553,0,211,211,-18.35470085,-18.35470085,-0.04769184075,-0.04769184075,0,0,0,0,0,0,1,0,229.3547009,229.3547009,0,192,1523,3.348632336
1554,0,211,221,-18.35470085,-8.354700855,-0.04769184075,-0.02170839317,10,0.02598344758,0,25,1,3,0,0,229.3547009,229.3547009,0,192,1524,3.350619078
1555,0,222,222,-7.354700855,-7.354700855,-0.01911004841,-0.01911004841,0,0,0,0,0,0,1,0,229.3547009,229.3547009,0,192,1525,3.352596045
1556,0,222,220,-7.354700855,-9.354700855,-0.01911004841,-0.02430673793,-2,-0.005196689516,0,16,1,2,0,0,229.3547009,229.3547009,0,192,1526,3.354624033
1557,0,221,221,-8.354700855,-8.354700855,-0.02170839317,-0.02170839317,0,0,0,0,0,0,1,0,229.3547009,229.3547009,0,192,1527,3.356603861
1558,0,221,223,-8.354700855,-6.354700855,-0.02170839317,-0.01651170366,2,0.005196689516,0,17,1,3,0,0,229.3547009,229.3547009,0,192,1528,3.358813763
1559,0,224,224,-5.354700855,-5.354700855,-0.0139133589,-0.0139133589,0,0,0,0,0,0,1,0,229.3547009,229.3547009,0,192,1529,3.360813856
1560,0,224,216,-5.354700855,-13.35470085,-0.0139133589,-0.03470011696,-8,-0.02078675807,0,21,1,4,0,0,229.3547009,229.3547009,0,192,1530,3.362774849
1561,0,229.3547009,219,0,-10.35470085,0,-0.02690508269,-10.35470085,-0.02690508269,0.6091000503,0.6091000503,0,0,1,0,229.3547009,229.3547009,0,192,1531,3.364803314
1562,0,219,217,-10.35470085,-12.35470085,-0.02690508269,-0.0321017722,-2,-0.005196689516,0,27,1,3,0,0,229.3547009,229.3547009,0,192,1532,3.366991043
1563,0,218,218,-11.35470085,-11.35470085,-0.02950342745,-0.02950342745,0,0,0,0,0,0,1,0,229.3547009,229.3547009,0,192,1533,3.369017839
1564,0,218,209,-11.35470085,-20.35470085,-0.02950342745,-0.05288853027,-9,-0.02338510282,0,30,1,6,0,0,229.3547009,229.3547009,0,192,1534,3.371002436
1565,0,229.3547009,213,0,-16.35470085,0,-0.04249515124,-16.35470085,-0.04249515124,1.393710278,1.393710278,1,1,0,0,229.3547009,229.3547009,0,192,1535,3.373087645
1566,0,215,215,-14.35470085,-14.35470085,-0.03729846172,-0.03729846172,0,0,0,0,0,0,1,0,229.3547009,229.3547009,0,192,1536,3.375280142
1567,0,215,212,-14.35470085,-17.35470085,-0.03729846172,-0.045093496,-3,-0.007795034274,0,30,1,3,0,0,229.3547009,229.3547009,0,192,1537,3.37722373
1568,0,213,213,-16.35470085,-16.35470085,-0.04249515124,-0.04249515124,0,0,0,0,0,0,1,0,229.3547009,229.3547009,0,192,1538,3.379186869
1569,0,213,221,-16.35470085,-8.354700855,-0.04249515124,-0.02170839317,8,0.02078675807,0,25,1,4,0,0,229.3547009,229.3547009,0,192,1539,3.381207466
1570,0,225,225,-4.354700855,-4.354700855,-0.01131501414,-0.01131501414,0,0,0,0,0,0,1,0,229.3547009,229.3547009,0,192,1540,3.3833251
1571,0,225,219,-4.354700855,-10.35470085,-0.01131501414,-0.02690508269,-6,-0.01559006855,0,17,1,6,0,0,229.3547009,229.3547009,0,192,1541,3.385324955
1572,0,229.3547009,223,0,-6.354700855,0,-0.01651170366,-6.354700855,-0.01651170366,0.733234714,0.733234714,0,0,1,0,229.3547009,229.3547009,0,192,1542,3.387389421
1573,0,223,223,-6.354700855,-6.354700855,-0.01651170366,-0.01651170366,0,0,0,20,1,5,0,0,229.3547009,229.3547009,0,192,1543,3.389722347
1574,0,229.3547009,225,0,-4.354700855,0,-0.01131501414,-4.354700855,-0.01131501414,0.381991303,0.381991303,0,0,1,0,229.3547009,229.3547009,0,192,1544,3.391791344
1575,0,225,221,-4.354700855,-8.354700855,-0.01131501414,-0.02170839317,-4,-0.01039337903,0,20,1,5,0,0,229.3547009,229.3547009,0,192,1545,3.394554377
1576,0,229.3547009,224,0,-5.354700855,0,-0.0139133589,-5.354700855,-0.0139133589,0.5354700855,0.5354700855,0,0,1,0,229.3547009,229.3547009,0,192,1546,3.39673996
1577,0,224,224,-5.354700855,-5.354700855,-0.0139133589,-0.0139133589,0,0,0,17,1,3,0,0,229.3547009,229.3547009,0,192,1547,3.398830652
1578,0,229.3547009,227,0,-2.354700855,0,-0.006118324623,-2.354700855,-0.006118324623,0.27702363,0.27702363,0,0,1,0,229.3547009,229.3547009,0,192,1548,3.40083456
1579,0,227,219,-2.354700855,-10.35470085,-0.006118324623,-0.02690508269,-8,-0.02078675807,0,22,1,4,0,0,229.3547009,229.3547009,0,192,1549,3.402920485
1580,0,229.3547009,222,0,-7.354700855,0,-0.01911004841,-7.354700855,-0.01911004841,0.5447926559,0.5447926559,0,0,1,0,229.3547009,229.3547009,0,192,1550,3.4049685
1581,0,222,222,-7.354700855,-7.354700855,-0.01911004841,-0.01911004841,0,0,0,19,1,3,0,0,229.3547009,229.3547009,0,192,1551,3.407363892
1582,0,229.3547009,225,0,-4.354700855,0,-0.01131501414,-4.354700855,-0.01131501414,0.5123177476,0.5123177476,0,0,1,0,229.3547009,229.3547009,0,192,1552,3.409427643
1583,0,225,205,-4.354700855,-24.35470085,-0.01131501414,-0.0632819093,-20,-0.05196689516,0,29,1,5,0,0,229.3547009,229.3547009,0,192,1553,3.411538124
1584,0,229.3547009,207,0,-22.35470085,0,-0.05808521979,-22.35470085,-0.05808521979,1.50246355,1.50246355,1,1,0,0,229.3547009,229.3547009,0,192,1554,3.413606882
1585,0,229.3547009,244,0,14.64529915,0,0.03805353627,14.64529915,0.03805353627,0.8136277303,0.8136277303,0,0,1,0,229.3547009,229.3547009,0,192,1555,3.41618371
1586,0,229.3547009,2987,0,2757.645299,0,7.165313208,2757.645299,7.165313208,0.8136277303,29.18637227,0,0,1,0,229.3547009,229.3547009,0,192,1556,3.418206215
1587,0,229.3547009,208,0,-21.35470085,0,-0.05548687503,-21.35470085,-0.05548687503,0.2179051108,0.2179051108,0,0,1,0,229.3547009,229.3547009,0,192,1557,3.420351028
1588,0,208,201,-21.35470085,-28.35470085,-0.05548687503,-0.07367528833,-7,-0.01818841331,0,11,1,8,0,0,229.3547009,229.3547009,0,192,1558,3.422368765
1589,0,229.3547009,220,0,-9.354700855,0,-0.02430673793,-9.354700855,-0.02430673793,2.423740768,2.423740768,1,1,0,0,229.3547009,229.3547009,0,192,1559,3.424485922
1590,0,229.3547009,221,0,-8.354700855,0,-0.02170839317,-8.354700855,-0.02170839317,0.4914529915,0.4914529915,0,0,1,0,229.3547009,229.3547009,0,192,1560,3.427067041
1591,0,221,237,-8.354700855,7.645299145,-0.02170839317,0.01986512296,16,0.04157351613,0,27,1,2,0,0,229.3547009,229.3547009,0,192,1561,3.42942977
1592,0,229.3547009,221,0,-8.354700855,0,-0.02170839317,-8.354700855,-0.02170839317,1.474358974,1.474358974,0,0,1,0,229.3547009,229.3547009,0,192,1562,3.431484222
1593,0,221,209,-8.354700855,-20.35470085,-0.02170839317,-0.05288853027,-12,-0.0311801371,0,24,1,2,0,0,229.3547009,229.3547009,0,192,1563,3.433660746
1594,0,210,210,-19.35470085,-19.35470085,-0.05029018551,-0.05029018551,0,0,0,0,0,0,1,0,229.3547009,229.3547009,0,192,1564,3.435623407
1595,0,210,212,-19.35470085,-17.35470085,-0.05029018551,-0.045093496,2,0.005196689516,0,12,1,5,0,0,229.3547009,229.3547009,0,192,1565,3.437814951
1596,0,225,225,-4.354700855,-4.354700855,-0.01131501414,-0.01131501414,0,0,0,0,0,0,1,0,229.3547009,229.3547009,0,192,1566,3.439802885
1597,0,225,225,-4.354700855,-4.354700855,-0.01131501414,-0.01131501414,0,0,0,16,1,2,0,0,229.3547009,229.3547009,0,192,1567,3.441788197
1598,0,226,226,-3.354700855,-3.354700855,-0.008716669381,-0.008716669381,0,0,0,0,0,0,1,0,229.3547009,229.3547009,0,192,1568,3.443752289
1599,0,226,222,-3.354700855,-7.354700855,-0.008716669381,-0.01911004841,-4,-0.01039337903,0,19,1,5,0,0,229.3547009,229.3547009,0,192,1569,3.446009874
1600,0,229.3547009,225,0,-4.354700855,0,-0.01131501414,-4.354700855,-0.01131501414,0.08887144601,0.08887144601,0,0,1,0,229.3547009,229.3547009,0,192,1570,3.448093891
1601,0,225,229,-4.354700855,-0.3547008547,-0.01131501414,-0.0009216351065,4,0.01039337903,0,18,1,2,0,0,229.3547009,229.3547009,0,192,1571,3.450174332
1602,0,229.3547009,230,0,0.6452991453,0,0.001676709652,0.6452991453,0.001676709652,0.05377492877,0.05377492877,0,0,1,0,229.3547009,229.3547009,0,192,1572,3.452147007
1603,0,229.3547009,1117,0,887.6452991,0,2.30640851,887.6452991,2.30640851,0.05377492877,9.946225071,0,0,1,0,229.3547009,229.3547009,0,192,1573,3.454123259
1604,0,229.3547009,218,0,-11.35470085,0,-0.02950342745,-11.35470085,-0.02950342745,0.114693948,0.114693948,0,0,1,0,229.3547009,229.3547009,0,192,1574,3.456203699
1605,0,218,214,-11.35470085,-15.35470085,-0.02950342745,-0.03989680648,-4,-0.01039337903,0,17,1,5,0,0,229.3547009,229.3547009,0,192,1575,3.458259583
1606,0,227,227,-2.354700855,-2.354700855,-0.006118324623,-0.006118324623,0,0,0,0,0,0,1,0,229.3547009,229.3547009,0,192,1576,3.460366964
1607,0,227,225,-2.354700855,-4.354700855,-0.006118324623,-0.01131501414,-2,-0.005196689516,0,13,1,2,0,0,229.3547009,229.3547009,0,192,1577,3.462524891
1608,0,226,226,-3.354700855,-3.354700855,-0.008716669381,-0.008716669381,0,0,0,0,0,0,1,0,229.3547009,229.3547009,0,192,1578,3.464473486
1609,0,226,222,-3.354700855,-7.354700855,-0.008716669381,-0.01911004841,-4,-0.01039337903,0,27,1,4,0,0,229.3547009,229.3547009,0,192,1579,3.466433048
1610,0,223,223,-6.354700855,-6.354700855,-0.01651170366,-0.01651170366,0,0,0,0,0,0,1,0,229.3547009,229.3547009,0,192,1580,3.468391895
1611,0,223,223,-6.354700855,-6.354700855,-0.01651170366,-0.01651170366,0,0,0,26,1,3,0,0,229.3547009,229.3547009,0,192,1581,3.470419168
1612,0,226,10830,-3.354700855,10600.6453,-0.008716669381,27.54413115,10604,27.55284782,0,218,0,0,1,0,229.3547009,229.3547009,0,192,1582,3.472556114
1613,0,229.3547009,228,0,-1.354700855,0,-0.003519979865,-1.354700855,-0.003519979865,0.2257834758,0.2257834758,0,0,1,0,229.3547009,229.3547009,0,192,1583,3.474962711
1614,0,228,230,-1.354700855,0.6452991453,-0.003519979865,0.001676709652,2,0.005196689516,0,19,1,9,0,0,229.3547009,229.3547009,0,192,1584,3.477442026
1615,0,229.3547009,231,0,1.645299145,0,0.00427505441,1.645299145,0.00427505441,0.4700854701,0.4700854701,0,0,1,0,229.3547009,229.3547009,0,192,1585,3.479992151
1616,0,229.3547009,1821,0,1591.645299,0,4.13564322,1591.645299,4.13564322,0.3290598291,16.67094017,0,0,1,0,229.3547009,229.3547009,0,192,1586,3.482238293
1617,0,229.3547009,226,0,-3.354700855,0,-0.008716669381,-3.354700855,-0.008716669381,0.03388586722,0.03388586722,0,0,1,0,229.3547009,229.3547009,0,192,1587,3.484842062
1618,0,226,218,-3.354700855,-11.35470085,-0.008716669381,-0.02950342745,-8,-0.02078675807,0,27,1,12,0,0,229.3547009,229.3547009,0,192,1588,3.48693943
1619,0,229.3547009,225,0,-4.354700855,0,-0.01131501414,-4.354700855,-0.01131501414,1.187645688,1.187645688,0,0,1,0,229.3547009,229.3547009,0,192,1589,3.489138603
1620,0,225,223,-4.354700855,-6.354700855,-0.01131501414,-0.01651170366,-2,-0.005196689516,0,21,1,10,0,0,229.3547009,229.3547009,0,192,1590,3.491428137
1621,0,229.3547009,230,0,0.6452991453,0,0.001676709652,0.6452991453,0.001676709652,0.1075498575,0.1075498575,0,0,1,0,229.3547009,229.3547009,0,192,1591,3.493723631
1622,0,229.3547009,2709,0,2479.645299,0,6.442973365,2479.645299,6.442973365,0.1075498575,25.89245014,0,0,1,0,229.3547009,229.3547009,0,192,1592,3.495765924
1623,0,229.3547009,224,0,-5.354700855,0,-0.0139133589,-5.354700855,-0.0139133589,0.05463980464,0.05463980464,0,0,1,0,229.3547009,229.3547009,0,192,1593,3.498208046
1624,0,224,214,-5.354700855,-15.35470085,-0.0139133589,-0.03989680648,-10,-0.02598344758,0,14,1,12,0,0,229.3547009,229.3547009,0,192,1594,3.500579357
1625,0,229.3547009,232,0,2.645299145,0,0.006873399168,2.645299145,0.006873399168,0.7214452214,0.7214452214,0,0,1,0,229.3547009,229.3547009,0,192,1595,3.502885342
1626,0,229.3547009,1422,0,1192.645299,0,3.098903661,1192.645299,3.098903661,0.4408831909,12.55911681,0,0,1,0,229.3547009,229.3547009,0,192,1596,3.505107164
1627,0,229.3547009,226,0,-3.354700855,0,-0.008716669381,-3.354700855,-0.008716669381,0.03388586722,0.03388586722,0,0,1,0,229.3547009,229.3547009,0,192,1597,3.507543325
1628,0,226,222,-3.354700855,-7.354700855,-0.008716669381,-0.01911004841,-4,-0.01039337903,0,19,1,8,0,0,229.3547009,229.3547009,0,192,1598,3.509665728
1629,0,229.3547009,226,0,-3.354700855,0,-0.008716669381,-3.354700855,-0.008716669381,0.5591168091,0.5591168091,0,0,1,0,229.3547009,229.3547009,0,192,1599,3.511904001
1630,0,226,222,-3.354700855,-7.354700855,-0.008716669381,-0.01911004841,-4,-0.01039337903,0,29,1,13,0,0,229.3547009,229.3547009,0,192,1600,3.514212132
1631,0,229.3547009,227,0,-2.354700855,0,-0.006118324623,-2.354700855,-0.006118324623,0.5232668566,0.5232668566,0,0,1,0,229.3547009,229.3547009,0,192,1601,3.516829967
1632,0,227,223,-2.354700855,-6.354700855,-0.006118324623,-0.01651170366,-4,-0.01039337903,0,27,1,4,0,0,229.3547009,229.3547009,0,192,1602,3.51944232
1633,0,229.3547009,227,0,-2.354700855,0,-0.006118324623,-2.354700855,-0.006118324623,0.2825641026,0.2825641026,0,0,1,0,229.3547009,229.3547009,0,192,1603,3.521939278
1634,0,227,219,-2.354700855,-10.35470085,-0.006118324623,-0.02690508269,-8,-0.02078675807,0,13,1,9,0,0,229.3547009,229.3547009,0,192,1604,3.524245977
1635,0,229.3547009,222,0,-7.354700855,0,-0.01911004841,-7.354700855,-0.01911004841,0.3931758319,0.3931758319,0,0,1,0,229.3547009,229.3547009,0,192,1605,3.526584864
1636,0,222,230,-7.354700855,0.6452991453,-0.01911004841,0.001676709652,8,0.02078675807,0,22,1,6,0,0,229.3547009,229.3547009,0,192,1606,3.529016495
1637,0,229.3547009,226,0,-3.354700855,0,-0.008716669381,-3.354700855,-0.008716669381,0.4792429792,0.4792429792,0,0,1,0,229.3547009,229.3547009,0,192,1607,3.531151295
1638,0,226,214,-3.354700855,-15.35470085,-0.008716669381,-0.03989680648,-12,-0.0311801371,0,19,1,11,0,0,229.3547009,229.3547009,0,192,1608,3.533479929
1639,0,229.3547009,224,0,-5.354700855,0,-0.0139133589,-5.354700855,-0.0139133589,0.4462250712,0.4462250712,0,0,1,0,229.3547009,229.3547009,0,192,1609,3.53563571
1640,0,224,229,-5.354700855,-0.3547008547,-0.0139133589,-0.0009216351065,5,0.01299172379,0,30,1,6,0,0,229.3547009,229.3547009,0,192,1610,3.537974596
1641,0,229.3547009,226,0,-3.354700855,0,-0.008716669381,-3.354700855,-0.008716669381,0.4792429792,0.4792429792,0,0,1,0,229.3547009,229.3547009,0,192,1611,3.540181637
1642,0,226,219,-3.354700855,-10.35470085,-0.008716669381,-0.02690508269,-7,-0.01818841331,0,11,1,12,0,0,229.3547009,229.3547009,0,192,1612,3.542565584
1643,0,229.3547009,222,0,-7.354700855,0,-0.01911004841,-7.354700855,-0.01911004841,2.059116809,2.059116809,1,3,0,0,229.3547009,229.3547009,0,192,1613,3.544676304
1644,0,223,223,-6.354700855,-6.354700855,-0.01651170366,-0.01651170366,0,0,0,0,0,0,1,0,229.3547009,229.3547009,0,192,1614,3.547012091
1645,0,223,219,-6.354700855,-10.35470085,-0.01651170366,-0.02690508269,-4,-0.01039337903,0,23,1,7,0,0,229.3547009,229.3547009,0,192,1615,3.548957586
1646,0,229.3547009,226,0,-3.354700855,0,-0.008716669381,-3.354700855,-0.008716669381,0.129026956,0.129026956,0,0,1,0,229.3547009,229.3547009,0,192,1616,3.551099777
1647,0,226,223,-3.354700855,-6.354700855,-0.008716669381,-0.01651170366,-3,-0.007795034274,0,11,1,4,0,0,229.3547009,229.3547009,0,192,1617,3.553463936
1648,0,229.3547009,225,0,-4.354700855,0,-0.01131501414,-4.354700855,-0.01131501414,0.1674884944,0.1674884944,0,0,1,0,229.3547009,229.3547009,0,192,1618,3.555480719
1649,0,225,224,-4.354700855,-5.354700855,-0.01131501414,-0.0139133589,-1,-0.002598344758,0,11,1,4,0,0,229.3547009,229.3547009,0,192,1619,3.557594538
1650,0,229.3547009,9936,0,9706.645299,0,25.22121093,9706.645299,25.22121093,0.129026956,189.0774162,0,0,1,0,229.3547009,229.3547009,0,192,1620,3.55959177
1651,0,229.3547009,224,0,-5.354700855,0,-0.0139133589,-5.354700855,-0.0139133589,2.677350427,2.677350427,0,0,1,0,229.3547009,229.3547009,0,192,1621,3.561947346
1652,0,224,219,-5.354700855,-10.35470085,-0.0139133589,-0.02690508269,-5,-0.01299172379,0,28,1,7,0,0,229.3547009,229.3547009,0,192,1622,3.56447649
1653,0,229.3547009,227,0,-2.354700855,0,-0.006118324623,-2.354700855,-0.006118324623,0.7358440171,0.7358440171,0,0,1,0,229.3547009,229.3547009,0,192,1623,3.56674099
1654,0,227,224,-2.354700855,-5.354700855,-0.006118324623,-0.0139133589,-3,-0.007795034274,0,11,1,4,0,0,229.3547009,229.3547009,0,192,1624,3.569154501
1655,0,229.3547009,227,0,-2.354700855,0,-0.006118324623,-2.354700855,-0.006118324623,0.3532051282,0.3532051282,0,0,1,0,229.3547009,229.3547009,0,192,1625,3.571154833
1656,0,227,213,-2.354700855,-16.35470085,-0.006118324623,-0.04249515124,-14,-0.03637682661,0,25,1,5,0,0,229.3547009,229.3547009,0,192,1626,3.573691845
1657,0,229.3547009,237,0,7.645299145,0,0.01986512296,7.645299145,0.01986512296,1.274216524,1.274216524,0,0,1,0,229.3547009,229.3547009,0,192,1627,3.57586813
1658,0,229.3547009,230,0,0.6452991453,0,0.001676709652,0.6452991453,0.001676709652,0.1075498575,0.1075498575,0,0,1,0,229.3547009,229.3547009,0,192,1628,3.578121901
1659,0,229.3547009,3003,0,2773.645299,0,7.206886724,2773.645299,7.206886724,0.1075498575,28.89245014,0,0,1,0,229.3547009,229.3547009,0,192,1629,3.580188513
1660,0,229.3547009,224,0,-5.354700855,0,-0.0139133589,-5.354700855,-0.0139133589,0.05463980464,0.05463980464,0,0,1,0,229.3547009,229.3547009,0,192,1630,3.582541466
1661,0,224,224,-5.354700855,-5.354700855,-0.0139133589,-0.0139133589,0,0,0,12,1,3,0,0,229.3547009,229.3547009,0,192,1631,3.584560871
1662,0,229.3547009,226,2.842170943e-14,-3.354700855,7.384939972e-17,-0.008716669381,-3.354700855,-0.008716669381,0.1324224022,0.1324224022,0,0,1,0,229.3547009,229.3547009,0,192,1632,3.586584091
1663,0,226,222,-3.354700855,-7.354700855,-0.008716669381,-0.01911004841,-4,-0.01039337903,0,12,1,3,0,0,229.3547009,229.3547009,0,192,1633,3.588654757
1664,0,229.3547009,10020,0,9790.645299,0,25.43947189,9790.645299,25.43947189,0.2113697706,201.2113698,0,0,1,0,229.3547009,229.3547009,0,192,1634,3.590842009
1665,0,229.3547009,232,0,2.645299145,0,0.006873399168,2.645299145,0.006873399168,0.4408831909,0.4408831909,0,0,1,0,229.3547009,229.3547009,0,192,1635,3.593249083
1666,0,229.3547009,2613,0,2383.645299,0,6.193532268,2383.645299,6.193532268,0.4408831909,24.55911681,0,0,1,0,229.3547009,229.3547009,0,192,1636,3.595340967
1667,0,229.3547009,226,0,-3.354700855,0,-0.008716669381,-3.354700855,-0.008716669381,0.03388586722,0.03388586722,0,0,1,0,229.3547009,229.3547009,0,192,1637,3.597575426
1668,0,226,210,-3.354700855,-19.35470085,-0.008716669381,-0.05029018551,-16,-0.04157351613,0,21,1,8,0,0,229.3547009,229.3547009,0,192,1638,3.599598646
1669,0,229.3547009,215,0,-14.35470085,0,-0.03729846172,-14.35470085,-0.03729846172,2.892275439,2.892275439,1,2,0,0,229.3547009,229.3547009,0,192,1639,3.601707935
1670,0,229.3547009,218,0,-11.35470085,0,-0.02950342745,-11.35470085,-0.02950342745,0.9462250712,0.9462250712,0,0,1,0,229.3547009,229.3547009,0,192,1640,3.603986979
1671,0,218,222,-11.35470085,-7.354700855,-0.02950342745,-0.01911004841,4,0.01039337903,0,25,1,9,0,0,229.3547009,229.3547009,0,192,1641,3.606585264
1672,0,229.3547009,231,0,1.645299145,0,0.00427505441,1.645299145,0.00427505441,0.2742165242,0.2742165242,0,0,1,0,229.3547009,229.3547009,0,192,1642,3.608871698
1673,0,229.3547009,1620,0,1390.645299,0,3.613375923,1390.645299,3.613375923,0.2742165242,14.72578348,0,0,1,0,229.3547009,229.3547009,0,192,1643,3.610871792
1674,0,229.3547009,225,0,-4.354700855,0,-0.01131501414,-4.354700855,-0.01131501414,0.04398687732,0.04398687732,0,0,1,0,229.3547009,229.3547009,0,192,1644,3.613046408
1675,0,225,209,-4.354700855,-20.35470085,-0.01131501414,-0.05288853027,-16,-0.04157351613,0,18,1,10,0,0,229.3547009,229.3547009,0,192,1645,3.615141392
1676,0,229.3547009,231,-2.842170943e-14,1.645299145,-7.384939972e-17,0.00427505441,1.645299145,0.00427505441,1.848595849,1.848595849,1,1,0,0,229.3547009,229.3547009,0,192,1646,3.61736083
1677,0,229.3547009,232,0,2.645299145,0,0.006873399168,2.645299145,0.006873399168,0.3778998779,0.3778998779,0,0,1,0,229.3547009,229.3547009,0,192,1647,3.61958003
1678,0,229.3547009,2414,0,2184.645299,0,5.676461661,2184.645299,5.676461661,0.3778998779,22.62210012,0,0,1,0,229.3547009,229.3547009,0,192,1648,3.621592045
1679,0,229.3547009,225,0,-4.354700855,0,-0.01131501414,-4.354700855,-0.01131501414,0.04398687732,0.04398687732,0,0,1,0,229.3547009,229.3547009,0,192,1649,3.623760939
1680,0,225,231,-4.354700855,1.645299145,-0.01131501414,0.00427505441,6,0.01559006855,0,13,1,3,0,0,229.3547009,229.3547009,0,192,1650,3.625739574
1681,0,229.3547009,222,0,-7.354700855,0,-0.01911004841,-7.354700855,-0.01911004841,0.432629462,0.432629462,0,0,1,0,229.3547009,229.3547009,0,192,1651,3.627703905
1682,0,222,212,-7.354700855,-17.35470085,-0.01911004841,-0.045093496,-10,-0.02598344758,0,16,1,5,0,0,229.3547009,229.3547009,0,192,1652,3.629955769
1683,0,229.3547009,231,-2.842170943e-14,1.645299145,-7.384939972e-17,0.00427505441,1.645299145,0.00427505441,1.848595849,1.848595849,1,1,0,0,229.3547009,229.3547009,0,192,1653,3.632045746
1684,0,229.3547009,232,0,2.645299145,0,0.006873399168,2.645299145,0.006873399168,0.3778998779,0.3778998779,0,0,1,0,229.3547009,229.3547009,0,192,1654,3.634298563
1685,0,229.3547009,1223,0,993.6452991,0,2.581833054,993.6452991,2.581833054,0.3778998779,10.62210012,0,0,1,0,229.3547009,229.3547009,0,192,1655,3.636273146
1686,0,229.3547009,225,0,-4.354700855,0,-0.01131501414,-4.354700855,-0.01131501414,0.04398687732,0.04398687732,0,0,1,0,229.3547009,229.3547009,0,192,1656,3.638474941
1687,0,225,231,-4.354700855,1.645299145,-0.01131501414,0.00427505441,6,0.01559006855,0,15,1,4,0,0,229.3547009,229.3547009,0,192,1657,3.640589952
1688,0,229.3547009,224,0,-5.354700855,0,-0.0139133589,-5.354700855,-0.0139133589,0.3149824032,0.3149824032,0,0,1,0,229.3547009,229.3547009,0,192,1658,3.642647743
1689,0,224,212,-5.354700855,-17.35470085,-0.0139133589,-0.045093496,-12,-0.0311801371,0,15,1,5,0,0,229.3547009,229.3547009,0,192,1659,3.64498806
1690,0,229.3547009,9587,-2.842170943e-14,9357.645299,-7.384939972e-17,24.31438861,9357.645299,24.31438861,1.848595849,183.1514042,0,0,1,0,229.3547009,229.3547009,0,192,1660,3.647150755
1691,0,229.3547009,232,0,2.645299145,0,0.006873399168,2.645299145,0.006873399168,0.4069690993,0.4069690993,0,0,1,0,229.3547009,229.3547009,0,192,1661,3.649586678
1692,0,229.3547009,1801,0,1571.645299,0,4.083676325,1571.645299,4.083676325,0.4069690993,20.5930309,1,1,0,0,229.3547009,229.3547009,0,192,1662,3.65158391
1693,0,229.3547009,211,0,-18.35470085,0,-0.04769184075,-18.35470085,-0.04769184075,0.1854010187,0.1854010187,0,0,1,0,229.3547009,229.3547009,0,192,1663,3.653915644
1694,0,211,200,-18.35470085,-29.35470085,-0.04769184075,-0.07627363309,-11,-0.02858179234,0,30,1,8,0,0,229.3547009,229.3547009,0,192,1664,3.655989647
1695,0,229.3547009,217,0,-12.35470085,0,-0.0321017722,-12.35470085,-0.0321017722,1.732646983,1.732646983,1,1,0,0,229.3547009,229.3547009,0,192,1665,3.658227921
1696,0,229.3547009,218,0,-11.35470085,0,-0.02950342745,-11.35470085,-0.02950342745,0.6679235797,0.6679235797,0,0,1,0,229.3547009,229.3547009,0,192,1666,3.660883665
1697,0,218,220,-11.35470085,-9.354700855,-0.02950342745,-0.02430673793,2,0.005196689516,0,20,1,1,0,0,229.3547009,229.3547009,0,192,1667,3.66302824
1698,0,229.3547009,222,0,-7.354700855,0,-0.01911004841,-7.354700855,-0.01911004841,0.6128917379,0.6128917379,0,0,1,0,229.3547009,229.3547009,0,192,1668,3.664977074
1699,0,222,220,-7.354700855,-9.354700855,-0.01911004841,-0.02430673793,-2,-0.005196689516,0,24,1,2,0,0,229.3547009,229.3547009,0,192,1669,3.66705513
1700,0,229.3547009,224,0,-5.354700855,0,-0.0139133589,-5.354700855,-0.0139133589,0.5949667616,0.5949667616,0,0,1,0,229.3547009,229.3547009,0,192,1670,3.669130564
1701,0,224,225,-5.354700855,-4.354700855,-0.0139133589,-0.01131501414,1,0.002598344758,0,11,1,2,0,0,229.3547009,229.3547009,0,192,1671,3.671292305
1702,0,229,229,-0.3547008547,-0.3547008547,-0.0009216351065,-0.0009216351065,0,0,0,0,0,0,1,0,229.3547009,229.3547009,0,192,1672,3.673263073
1703,0,229,220,-0.3547008547,-9.354700855,-0.0009216351065,-0.02430673793,-9,-0.02338510282,0,30,1,1,0,0,229.3547009,229.3547009,0,192,1673,3.675336123
1704,0,229.3547009,222,0,-7.354700855,0,-0.01911004841,-7.354700855,-0.01911004841,0.6128917379,0.6128917379,0,0,1,0,229.3547009,229.3547009,0,192,1674,3.677307844
1705,0,222,214,-7.354700855,-15.35470085,-0.01911004841,-0.03989680648,-8,-0.02078675807,0,18,1,3,0,0,229.3547009,229.3547009,0,192,1675,3.679404497
1706,0,229.3547009,218,-2.842170943e-14,-11.35470085,-7.384939972e-17,-0.02950342745,-11.35470085,-0.02950342745,1.182781339,1.182781339,0,0,1,0,229.3547009,229.3547009,0,192,1676,3.681435347
1707,0,218,226,-11.35470085,-3.354700855,-0.02950342745,-0.008716669381,8,0.02078675807,0,24,1,2,0,0,229.3547009,229.3547009,0,192,1677,3.683646202
1708,0,229.3547009,230,0,0.6452991453,0,0.001676709652,0.6452991453,0.001676709652,0.3226495726,0.3226495726,0,0,1,0,229.3547009,229.3547009,0,192,1678,3.685813189
1709,0,229.3547009,2017,0,1787.645299,0,4.644918792,1787.645299,4.644918792,0.1075498575,18.89245014,0,0,1,0,229.3547009,229.3547009,0,192,1679,3.687850475
1710,0,229.3547009,224,0,-5.354700855,0,-0.0139133589,-5.354700855,-0.0139133589,0.05408788742,0.05408788742,0,0,1,0,229.3547009,229.3547009,0,192,1680,3.690032721
1711,0,224,214,-5.354700855,-15.35470085,-0.0139133589,-0.03989680648,-10,-0.02598344758,0,23,1,2,0,0,229.3547009,229.3547009,0,192,1681,3.69204092
1712,0,216,216,-13.35470085,-13.35470085,-0.03470011696,-0.03470011696,0,0,0,0,0,0,1,0,229.3547009,229.3547009,0,192,1682,3.693984509
1713,0,216,218,-13.35470085,-11.35470085,-0.03470011696,-0.02950342745,2,0.005196689516,0,25,1,1,0,0,229.3547009,229.3547009,0,192,1683,3.696130276
1714,0,229.3547009,220,0,-9.354700855,0,-0.02430673793,-9.354700855,-0.02430673793,0.7795584046,0.7795584046,0,0,1,0,229.3547009,229.3547009,0,192,1684,3.69816041
1715,0,220,210,-9.354700855,-19.35470085,-0.02430673793,-0.05029018551,-10,-0.02598344758,0,23,1,2,0,0,229.3547009,229.3547009,0,192,1685,3.700291872
1716,0,212,212,-17.35470085,-17.35470085,-0.045093496,-0.045093496,0,0,0,0,0,0,1,0,229.3547009,229.3547009,0,192,1686,3.702230692
1717,0,212,210,-17.35470085,-19.35470085,-0.045093496,-0.05029018551,-2,-0.005196689516,0,15,1,1,0,0,229.3547009,229.3547009,0,192,1687,3.704264641
1718,0,229.3547009,236,0,6.645299145,0,0.0172667782,6.645299145,0.0172667782,0.5537749288,0.5537749288,0,0,1,0,229.3547009,229.3547009,0,192,1688,3.706219196
1719,0,229.3547009,1210,0,980.6452991,0,2.548054573,980.6452991,2.548054573,0.5537749288,11.44622507,0,0,1,0,229.3547009,229.3547009,0,192,1689,3.708228827
1720,0,229.3547009,212,0,-17.35470085,0,-0.045093496,-17.35470085,-0.045093496,0.1753000086,0.1753000086,0,0,1,0,229.3547009,229.3547009,0,192,1690,3.710490704
1721,0,212,208,-17.35470085,-21.35470085,-0.045093496,-0.05548687503,-4,-0.01039337903,0,14,1,2,0,0,229.3547009,229.3547009,0,192,1691,3.712520838
1722,0,210,210,-19.35470085,-19.35470085,-0.05029018551,-0.05029018551,0,0,0,0,0,0,1,0,229.3547009,229.3547009,0,192,1692,3.714478731
1723,0,210,227,-19.35470085,-2.354700855,-0.05029018551,-0.006118324623,17,0.04417186089,0,30,1,2,0,0,229.3547009,229.3547009,0,192,1693,3.716555357
1724,0,229.3547009,231,0,1.645299145,0,0.00427505441,1.645299145,0.00427505441,0.8226495726,0.8226495726,0,0,1,0,229.3547009,229.3547009,0,192,1694,3.718645573
1725,0,229.3547009,3004,0,2774.645299,0,7.209485069,2774.645299,7.209485069,0.2742165242,28.72578348,0,0,1,0,229.3547009,229.3547009,0,192,1695,3.720664501
1726,0,229.3547009,225,0,-4.354700855,0,-0.01131501414,-4.354700855,-0.01131501414,0.04443572301,0.04443572301,0,0,1,0,229.3547009,229.3547009,0,192,1696,3.722940922
1727,0,225,197,-4.354700855,-32.35470085,-0.01131501414,-0.08406866737,-28,-0.07275365323,0,29,1,2,0,0,229.3547009,229.3547009,0,192,1697,3.725333929
1728,0,199,199,-30.35470085,-30.35470085,-0.07887197785,-0.07887197785,0,0,0,0,0,0,1,0,229.3547009,229.3547009,0,192,1698,3.727381229
1729,0,199,198,-30.35470085,-31.35470085,-0.07887197785,-0.08147032261,-1,-0.002598344758,0,11,0,0,1,0,229.3547009,229.3547009,0,192,1699,3.72946763
1730,0,198,224,-31.35470085,-5.354700855,-0.08147032261,-0.0139133589,26,0.06755696371,0,29,1,1,0,0,229.3547009,229.3547009,0,192,1700,3.731412649
1731,0,229.3547009,226,0,-3.354700855,0,-0.008716669381,-3.354700855,-0.008716669381,0.06846328275,0.06846328275,0,0,1,0,229.3547009,229.3547009,0,192,1701,3.733388662
1732,0,226,225,-3.354700855,-4.354700855,-0.008716669381,-0.01131501414,-1,-0.002598344758,0,11,0,0,1,0,229.3547009,229.3547009,0,192,1702,3.735421181
1733,0,225,219,-4.354700855,-10.35470085,-0.01131501414,-0.02690508269,-6,-0.01559006855,0,15,1,1,0,0,229.3547009,229.3547009,0,192,1703,3.73739934
1734,0,229.3547009,221,0,-8.354700855,0,-0.02170839317,-8.354700855,-0.02170839317,0.6962250712,0.6962250712,0,0,1,0,229.3547009,229.3547009,0,192,1704,3.739440918
1735,0,221,215,-8.354700855,-14.35470085,-0.02170839317,-0.03729846172,-6,-0.01559006855,0,19,1,2,0,0,229.3547009,229.3547009,0,192,1705,3.741620779
1736,0,229.3547009,233,0,3.645299145,0,0.009471743926,3.645299145,0.009471743926,0.7811355311,0.7811355311,0,0,1,0,229.3547009,229.3547009,0,192,1706,3.743621588
1737,0,229.3547009,227,0,-2.354700855,0,-0.006118324623,-2.354700855,-0.006118324623,0.3924501425,0.3924501425,0,0,1,0,229.3547009,229.3547009,0,192,1707,3.745669603
1738,0,227,227,-2.354700855,-2.354700855,-0.006118324623,-0.006118324623,0,0,0,16,0,0,1,0,229.3547009,229.3547009,0,192,1708,3.747965097
1739,0,227,233,-2.354700855,3.645299145,-0.006118324623,0.009471743926,6,0.01559006855,0,21,0,0,1,0,229.3547009,229.3547009,0,192,1709,3.749922276
1740,0,229.3547009,1215,0,985.6452991,0,2.561046296,985.6452991,2.561046296,0.4556623932,11.54433761,0,0,1,0,229.3547009,229.3547009,0,192,1710,3.751990557
1741,0,229.3547009,217,0,-12.35470085,0,-0.0321017722,-12.35470085,-0.0321017722,0.1247949581,0.1247949581,0,0,1,0,229.3547009,229.3547009,0,192,1711,3.754131794
1742,0,217,205,-12.35470085,-24.35470085,-0.0321017722,-0.0632819093,-12,-0.0311801371,0,24,1,2,0,0,229.3547009,229.3547009,0,192,1712,3.756121635
1743,0,229.3547009,231,0,1.645299145,0,0.00427505441,1.645299145,0.00427505441,0.4113247863,0.4113247863,0,0,1,0,229.3547009,229.3547009,0,192,1713,3.758108377
1744,0,229.3547009,2101,0,1871.645299,0,4.863179752,1871.645299,4.863179752,0.2243589744,21.77564103,0,0,1,0,229.3547009,229.3547009,0,192,1714,3.760161161
1745,0,229.3547009,209,0,-20.35470085,0,-0.05288853027,-20.35470085,-0.05288853027,0.2056030389,0.2056030389,0,0,1,0,229.3547009,229.3547009,0,192,1715,3.762309551
1746,0,209,207,-20.35470085,-22.35470085,-0.05288853027,-0.05808521979,-2,-0.005196689516,0,17,1,2,0,0,229.3547009,229.3547009,0,192,1716,3.76435256
1747,0,229.3547009,233,0,3.645299145,0,0.009471743926,3.645299145,0.009471743926,0.9113247863,0.9113247863,0,0,1,0,229.3547009,229.3547009,0,192,1717,3.766420603
1748,0,229.3547009,2598,0,2368.645299,0,6.154557097,2368.645299,6.154557097,0.4970862471,26.50291375,0,0,1,0,229.3547009,229.3547009,0,192,1718,3.768496513
1749,0,229.3547009,211,0,-18.35470085,0,-0.04769184075,-18.35470085,-0.04769184075,0.1854010187,0.1854010187,0,0,1,0,229.3547009,229.3547009,0,192,1719,3.770632982
1750,0,211,211,-18.35470085,-18.35470085,-0.04769184075,-0.04769184075,0,0,0,22,1,1,0,0,229.3547009,229.3547009,0,192,1720,3.772607803
1751,0,229.3547009,237,0,7.645299145,0,0.01986512296,7.645299145,0.01986512296,0.6371082621,0.6371082621,0,0,1,0,229.3547009,229.3547009,0,192,1721,3.774606466
1752,0,229.3547009,1310,0,1080.645299,0,2.807889048,1080.645299,2.807889048,0.6371082621,12.36289174,0,0,1,0,229.3547009,229.3547009,0,192,1722,3.7766397
1753,0,229.3547009,213,0,-16.35470085,0,-0.04249515124,-16.35470085,-0.04249515124,0.1651989985,0.1651989985,0,0,1,0,229.3547009,229.3547009,0,192,1723,3.779955149
1754,0,213,211,-16.35470085,-18.35470085,-0.04249515124,-0.04769184075,-2,-0.005196689516,0,19,1,1,0,0,229.3547009,229.3547009,0,192,1724,3.782321692
1755,0,229.3547009,237,0,7.645299145,0,0.01986512296,7.645299145,0.01986512296,0.6371082621,0.6371082621,0,0,1,0,229.3547009,229.3547009,0,192,1725,3.784271955
1756,0,229.3547009,2501,0,2271.645299,0,5.902517655,2271.645299,5.902517655,0.6371082621,24.36289174,0,0,1,0,229.3547009,229.3547009,0,192,1726,3.786265135
1757,0,229.3547009,213,0,-16.35470085,0,-0.04249515124,-16.35470085,-0.04249515124,0.1651989985,0.1651989985,0,0,1,0,229.3547009,229.3547009,0,192,1727,3.788468361
1758,0,213,200,-16.35470085,-29.35470085,-0.04249515124,-0.07627363309,-13,-0.03377848186,0,28,1,4,0,0,229.3547009,229.3547009,0,192,1728,3.7905128
1759,0,229.3547009,222,0,-7.354700855,0,-0.01911004841,-7.354700855,-0.01911004841,0.538148843,0.538148843,0,0,1,0,229.3547009,229.3547009,0,192,1729,3.792623997
1760,0,222,228,-7.354700855,-1.354700855,-0.01911004841,-0.003519979865,6,0.01559006855,0,15,1,1,0,0,229.3547009,229.3547009,0,192,1730,3.794762373
1761,0,229.3547009,229,0,-0.3547008547,0,-0.0009216351065,-0.3547008547,-0.0009216351065,0.1418803419,0.1418803419,0,0,1,0,229.3547009,229.3547009,0,192,1731,3.796719074
1762,0,229,225,-0.3547008547,-4.354700855,-0.0009216351065,-0.01131501414,-4,-0.01039337903,0,13,1,1,0,0,229.3547009,229.3547009,0,192,1732,3.79885745
1763,0,229.3547009,231,0,1.645299145,0,0.00427505441,1.645299145,0.00427505441,0.6581196581,0.6581196581,0,0,1,0,229.3547009,229.3547009,0,192,1733,3.800846338
1764,0,229.3547009,2700,0,2470.645299,0,6.419588262,2470.645299,6.419588262,0.2056623932,26.79433761,0,0,1,0,229.3547009,229.3547009,0,192,1734,3.802997112
1765,0,229.3547009,215,0,-14.35470085,0,-0.03729846172,-14.35470085,-0.03729846172,0.1464765393,0.1464765393,0,0,1,0,229.3547009,229.3547009,0,192,1735,3.805202723
1766,0,215,207,-14.35470085,-22.35470085,-0.03729846172,-0.05808521979,-8,-0.02078675807,0,27,1,1,0,0,229.3547009,229.3547009,0,192,1736,3.807207823
1767,0,229.3547009,233,0,3.645299145,0,0.009471743926,3.645299145,0.009471743926,0.3037749288,0.3037749288,0,0,1,0,229.3547009,229.3547009,0,192,1737,3.809206009
1768,0,229.3547009,2398,0,2168.645299,0,5.634888145,2168.645299,5.634888145,0.3037749288,23.69622507,0,0,1,0,229.3547009,229.3547009,0,192,1738,3.811192274
1769,0,229.3547009,209,0,-20.35470085,0,-0.05288853027,-20.35470085,-0.05288853027,0.2056030389,0.2056030389,0,0,1,0,229.3547009,229.3547009,0,192,1739,3.813305855
1770,0,209,209,-20.35470085,-20.35470085,-0.05288853027,-0.05288853027,0,0,0,17,1,1,0,0,229.3547009,229.3547009,0,192,1740,3.815319538
1771,0,229.3547009,235,0,5.645299145,0,0.01466843344,5.645299145,0.01466843344,0.4704415954,0.4704415954,0,0,1,0,229.3547009,229.3547009,0,192,1741,3.817320347
1772,0,229.3547009,1407,0,1177.645299,0,3.05992849,1177.645299,3.05992849,0.4704415954,13.5295584,0,0,1,0,229.3547009,229.3547009,0,192,1742,3.819376707
1773,0,229.3547009,211,0,-18.35470085,0,-0.04769184075,-18.35470085,-0.04769184075,0.1854010187,0.1854010187,0,0,1,0,229.3547009,229.3547009,0,192,1743,3.821499825
1774,0,211,211,-18.35470085,-18.35470085,-0.04769184075,-0.04769184075,0,0,0,19,1,1,0,0,229.3547009,229.3547009,0,192,1744,3.823481083
1775,0,229.3547009,237,0,7.645299145,0,0.01986512296,7.645299145,0.01986512296,0.6371082621,0.6371082621,0,0,1,0,229.3547009,229.3547009,0,192,1745,3.825434446
1776,0,229.3547009,1013,0,783.6452991,0,2.036180655,783.6452991,2.036180655,0.6371082621,9.362891738,0,0,1,0,229.3547009,229.3547009,0,192,1746,3.827444315
1777,0,229.3547009,213,0,-16.35470085,0,-0.04249515124,-16.35470085,-0.04249515124,0.1635470085,0.1635470085,0,0,1,0,229.3547009,229.3547009,0,192,1747,3.829598665
1778,0,213,209,-16.35470085,-20.35470085,-0.04249515124,-0.05288853027,-4,-0.01039337903,0,29,1,1,0,0,229.3547009,229.3547009,0,192,1748,3.831606865
1779,0,229.3547009,235,0,5.645299145,0,0.01466843344,5.645299145,0.01466843344,0.4704415954,0.4704415954,0,0,1,0,229.3547009,229.3547009,0,192,1749,3.8335495
1780,0,229.3547009,2892,0,2662.645299,0,6.918470456,2662.645299,6.918470456,0.4704415954,28.5295584,0,0,1,0,229.3547009,229.3547009,0,192,1750,3.835538149
1781,0,229.3547009,211,0,-18.35470085,0,-0.04769184075,-18.35470085,-0.04769184075,0.1872928659,0.1872928659,0,0,1,0,229.3547009,229.3547009,0,192,1751,3.837678671
1782,0,211,208,-18.35470085,-21.35470085,-0.04769184075,-0.05548687503,-3,-0.007795034274,0,28,1,1,0,0,229.3547009,229.3547009,0,192,1752,3.839659691
1783,0,229.3547009,234,0,4.645299145,0,0.01207008868,4.645299145,0.01207008868,0.3871082621,0.3871082621,0,0,1,0,229.3547009,229.3547009,0,192,1753,3.841694355
1784,0,229.3547009,1109,0,879.6452991,0,2.285621752,879.6452991,2.285621752,0.3871082621,10.61289174,0,0,1,0,229.3547009,229.3547009,0,192,1754,3.843724012
1785,0,229.3547009,210,0,-19.35470085,0,-0.05029018551,-19.35470085,-0.05029018551,0.1955020288,0.1955020288,0,0,1,0,229.3547009,229.3547009,0,192,1755,3.845913649
1786,0,210,206,-19.35470085,-23.35470085,-0.05029018551,-0.06068356454,-4,-0.01039337903,0,21,1,1,0,0,229.3547009,229.3547009,0,192,1756,3.847904921
1787,0,229.3547009,232,0,2.645299145,0,0.006873399168,2.645299145,0.006873399168,0.2204415954,0.2204415954,0,0,1,0,229.3547009,229.3547009,0,192,1757,3.849902391
1788,0,229.3547009,2889,0,2659.645299,0,6.910675422,2659.645299,6.910675422,0.2204415954,28.7795584,0,0,1,0,229.3547009,229.3547009,0,192,1758,3.851889372
1789,0,229.3547009,208,0,-21.35470085,0,-0.05548687503,-21.35470085,-0.05548687503,0.2179051108,0.2179051108,0,0,1,0,229.3547009,229.3547009,0,192,1759,3.854042768
1790,0,208,206,-21.35470085,-23.35470085,-0.05548687503,-0.06068356454,-2,-0.005196689516,0,22,1,1,0,0,229.3547009,229.3547009,0,192,1760,3.856096029
1791,0,229.3547009,232,0,2.645299145,0,0.006873399168,2.645299145,0.006873399168,0.2204415954,0.2204415954,0,0,1,0,229.3547009,229.3547009,0,192,1761,3.858089685
1792,0,229.3547009,2595,0,2365.645299,0,6.146762063,2365.645299,6.146762063,0.2204415954,25.7795584,0,0,1,0,229.3547009,229.3547009,0,192,1762,3.860086441
1793,0,229.3547009,208,0,-21.35470085,0,-0.05548687503,-21.35470085,-0.05548687503,0.215704049,0.215704049,0,0,1,0,229.3547009,229.3547009,0,192,1763,3.862227917
1794,0,208,204,-21.35470085,-25.35470085,-0.05548687503,-0.06588025406,-4,-0.01039337903,0,13,0,0,1,0,229.3547009,229.3547009,0,192,1764,3.864205837
1795,0,204,208,-25.35470085,-21.35470085,-0.06588025406,-0.05548687503,4,0.01039337903,0,23,1,2,0,0,229.3547009,229.3547009,0,192,1765,3.866149426
1796,0,229.3547009,239,0,9.645299145,0,0.02506181248,9.645299145,0.02506181248,1.071699905,1.071699905,0,0,1,0,229.3547009,229.3547009,0,192,1766,3.868168116
1797,0,229.3547009,2795,0,2565.645299,0,6.666431014,2565.645299,6.666431014,1.071699905,27.92830009,0,0,1,0,229.3547009,229.3547009,0,192,1767,3.870322466
1798,0,229.3547009,212,0,-17.35470085,0,-0.045093496,-17.35470085,-0.045093496,0.1770887842,0.1770887842,0,0,1,0,229.3547009,229.3547009,0,192,1768,3.872516394
1799,0,212,200,-17.35470085,-29.35470085,-0.045093496,-0.07627363309,-12,-0.0311801371,0,17,1,2,0,0,229.3547009,229.3547009,0,192,1769,3.874503851
1800,0,226,226,-3.354700855,-3.354700855,-0.008716669381,-0.008716669381,0,0,0,0,0,0,1,0,229.3547009,229.3547009,0,192,1770,3.876445532
1801,0,226,240,-3.354700855,10.64529915,-0.008716669381,0.02766015723,14,0.03637682661,0,18,0,0,1,0,229.3547009,229.3547009,0,192,1771,3.878498793
1802,0,229.3547009,2304,0,2074.645299,0,5.390643738,2074.645299,5.390643738,0.4094345825,21.59056542,0,0,1,0,229.3547009,229.3547009,0,192,1772,3.880541563
1803,0,229.3547009,214,0,-15.35470085,0,-0.03989680648,-15.35470085,-0.03989680648,0.1550979884,0.1550979884,0,0,1,0,229.3547009,229.3547009,0,192,1773,3.882761955
1804,0,214,202,-15.35470085,-27.35470085,-0.03989680648,-0.07107694358,-12,-0.0311801371,0,27,1,2,0,0,229.3547009,229.3547009,0,192,1774,3.884762764
1805,0,204,204,-25.35470085,-25.35470085,-0.06588025406,-0.06588025406,0,0,0,0,0,0,1,0,229.3547009,229.3547009,0,192,1775,3.88670969
1806,0,204,206,-25.35470085,-23.35470085,-0.06588025406,-0.06068356454,2,0.005196689516,0,14,1,1,0,0,229.3547009,229.3547009,0,192,1776,3.888784647
1807,0,229.3547009,232,0,2.645299145,0,0.006873399168,2.645299145,0.006873399168,0.2204415954,0.2204415954,0,0,1,0,229.3547009,229.3547009,0,192,1777,3.890773535
1808,0,229.3547009,1703,0,1473.645299,0,3.829038538,1473.645299,3.829038538,0.2204415954,16.7795584,0,0,1,0,229.3547009,229.3547009,0,192,1778,3.892747641
1809,0,229.3547009,208,0,-21.35470085,0,-0.05548687503,-21.35470085,-0.05548687503,0.215704049,0.215704049,0,0,1,0,229.3547009,229.3547009,0,192,1779,3.894895077
1810,0,208,206,-21.35470085,-23.35470085,-0.05548687503,-0.06068356454,-2,-0.005196689516,0,12,0,0,1,0,229.3547009,229.3547009,0,192,1780,3.89694953
1811,0,206,208,-23.35470085,-21.35470085,-0.06068356454,-0.05548687503,2,0.005196689516,0,12,0,0,1,0,229.3547009,229.3547009,0,192,1781,3.898927689
1812,0,208,206,-21.35470085,-23.35470085,-0.05548687503,-0.06068356454,-2,-0.005196689516,0,24,1,2,0,0,229.3547009,229.3547009,0,192,1782,3.900876522
1813,0,229.3547009,237,0,7.645299145,0,0.01986512296,7.645299145,0.01986512296,0.8494776828,0.8494776828,0,0,1,0,229.3547009,229.3547009,0,192,1783,3.902880192
1814,0,229.3547009,1010,0,780.6452991,0,2.028385621,780.6452991,2.028385621,0.8494776828,10.15052232,0,0,1,0,229.3547009,229.3547009,0,192,1784,3.905041933
1815,0,229.3547009,210,0,-19.35470085,0,-0.05029018551,-19.35470085,-0.05029018551,0.1935470085,0.1935470085,0,0,1,0,229.3547009,229.3547009,0,192,1785,3.907282114
1816,0,210,204,-19.35470085,-25.35470085,-0.05029018551,-0.06588025406,-6,-0.01559006855,0,18,1,2,0,0,229.3547009,229.3547009,0,192,1786,3.909390211
1817,0,229.3547009,230,0,0.6452991453,0,0.001676709652,0.6452991453,0.001676709652,0.1613247863,0.1613247863,0,0,1,0,229.3547009,229.3547009,0,192,1787,3.911538124
1818,0,229.3547009,1503,0,1273.645299,0,3.309369587,1273.645299,3.309369587,0.087995338,15.91200466,0,0,1,0,229.3547009,229.3547009,0,192,1788,3.913590193
1819,0,229.3547009,208,0,-21.35470085,0,-0.05548687503,-21.35470085,-0.05548687503,0.215704049,0.215704049,0,0,1,0,229.3547009,229.3547009,0,192,1789,3.915771961
1820,0,208,204,-21.35470085,-25.35470085,-0.05548687503,-0.06588025406,-4,-0.01039337903,0,15,1,1,0,0,229.3547009,229.3547009,0,192,1790,3.917757273
1821,0,229.3547009,230,0,0.6452991453,0,0.001676709652,0.6452991453,0.001676709652,0.05377492877,0.05377492877,0,0,1,0,229.3547009,229.3547009,0,192,1791,3.919806719
1822,0,229.3547009,2887,0,2657.645299,0,6.905478732,2657.645299,6.905478732,0.05377492877,28.94622507,0,0,1,0,229.3547009,229.3547009,0,192,1792,3.921984434
1823,0,229.3547009,206,0,-23.35470085,0,-0.06068356454,-23.35470085,-0.06068356454,0.238313274,0.238313274,0,0,1,0,229.3547009,229.3547009,0,192,1793,3.924217939
1824,0,206,210,-23.35470085,-19.35470085,-0.06068356454,-0.05029018551,4,0.01039337903,0,13,0,0,1,0,229.3547009,229.3547009,0,192,1794,3.926211596
1825,0,210,208,-19.35470085,-21.35470085,-0.05029018551,-0.05548687503,-2,-0.005196689516,0,12,0,0,1,0,229.3547009,229.3547009,0,192,1795,3.928152323
1826,0,208,211,-21.35470085,-18.35470085,-0.05548687503,-0.04769184075,3,0.007795034274,0,28,1,1,0,0,229.3547009,229.3547009,0,192,1796,3.930086136
1827,0,229.3547009,237,0,7.645299145,0,0.01986512296,7.645299145,0.01986512296,0.6371082621,0.6371082621,0,0,1,0,229.3547009,229.3547009,0,192,1797,3.932097197
1828,0,229.3547009,2006,0,1776.645299,0,4.616337,1776.645299,4.616337,0.6371082621,19.36289174,0,0,1,0,229.3547009,229.3547009,0,192,1798,3.934112787
1829,0,229.3547009,213,0,-16.35470085,0,-0.04249515124,-16.35470085,-0.04249515124,0.1651989985,0.1651989985,0,0,1,0,229.3547009,229.3547009,0,192,1799,3.936362505
1830,0,213,209,-16.35470085,-20.35470085,-0.04249515124,-0.05288853027,-4,-0.01039337903,0,27,1,1,0,0,229.3547009,229.3547009,0,192,1800,3.938412428
1831,0,229.3547009,235,0,5.645299145,0,0.01466843344,5.645299145,0.01466843344,0.4704415954,0.4704415954,0,0,1,0,229.3547009,229.3547009,0,192,1801,3.940360785
1832,0,229.3547009,1706,0,1476.645299,0,3.836833573,1476.645299,3.836833573,0.4704415954,16.5295584,0,0,1,0,229.3547009,229.3547009,0,192,1802,3.942338943
1833,0,229.3547009,211,0,-18.35470085,0,-0.04769184075,-18.35470085,-0.04769184075,0.1854010187,0.1854010187,0,0,1,0,229.3547009,229.3547009,0,192,1803,3.9444561
1834,0,211,209,-18.35470085,-20.35470085,-0.04769184075,-0.05288853027,-2,-0.005196689516,0,14,1,1,0,0,229.3547009,229.3547009,0,192,1804,3.946481228
1835,0,229.3547009,235,0,5.645299145,0,0.01466843344,5.645299145,0.01466843344,0.4704415954,0.4704415954,0,0,1,0,229.3547009,229.3547009,0,192,1805,3.948483229
1836,0,229.3547009,2499,0,2269.645299,0,5.897320966,2269.645299,5.897320966,0.4704415954,24.5295584,0,0,1,0,229.3547009,229.3547009,0,192,1806,3.950560808
1837,0,229.3547009,211,0,-18.35470085,0,-0.04769184075,-18.35470085,-0.04769184075,0.1854010187,0.1854010187,0,0,1,0,229.3547009,229.3547009,0,192,1807,3.952766895
1838,0,211,211,-18.35470085,-18.35470085,-0.04769184075,-0.04769184075,0,0,0,19,1,2,0,0,229.3547009,229.3547009,0,192,1808,3.954758883
1839,0,229.3547009,229,0,-0.3547008547,0,-0.0009216351065,-0.3547008547,-0.0009216351065,0.08867521368,0.08867521368,0,0,1,0,229.3547009,229.3547009,0,192,1809,3.956764221
1840,0,229,231,-0.3547008547,1.645299145,-0.0009216351065,0.00427505441,2,0.005196689516,0,24,0,0,1,0,229.3547009,229.3547009,0,192,1810,3.95895505
1841,0,229.3547009,1608,0,1378.645299,0,3.582195786,1378.645299,3.582195786,0.09140550807,14.90859449,0,0,1,0,229.3547009,229.3547009,0,192,1811,3.961069345
1842,0,229.3547009,213,0,-16.35470085,0,-0.04249515124,-16.35470085,-0.04249515124,0.1651989985,0.1651989985,0,0,1,0,229.3547009,229.3547009,0,192,1812,3.963197231
1843,0,213,212,-16.35470085,-17.35470085,-0.04249515124,-0.045093496,-1,-0.002598344758,0,11,0,0,1,0,229.3547009,229.3547009,0,192,1813,3.965217829
1844,0,212,212,-17.35470085,-17.35470085,-0.045093496,-0.045093496,0,0,0,16,1,1,0,0,229.3547009,229.3547009,0,192,1814,3.967159271
1845,0,229.3547009,238,0,8.645299145,0,0.02246346772,8.645299145,0.02246346772,0.7204415954,0.7204415954,0,0,1,0,229.3547009,229.3547009,0,192,1815,3.969124317
1846,0,229.3547009,1212,0,982.6452991,0,2.553251262,982.6452991,2.553251262,0.7204415954,11.2795584,0,0,1,0,229.3547009,229.3547009,0,192,1816,3.971102238
1847,0,229.3547009,214,0,-15.35470085,0,-0.03989680648,-15.35470085,-0.03989680648,0.1550979884,0.1550979884,0,0,1,0,229.3547009,229.3547009,0,192,1817,3.973258018
1848,0,214,208,-15.35470085,-21.35470085,-0.03989680648,-0.05548687503,-6,-0.01559006855,0,29,1,3,0,0,229.3547009,229.3547009,0,192,1818,3.975299597
1849,0,229.3547009,228,0,-1.354700855,0,-0.003519979865,-1.354700855,-0.003519979865,0.08160848522,0.08160848522,0,0,1,0,229.3547009,229.3547009,0,192,1819,3.977341175
1850,0,228,232,-1.354700855,2.645299145,-0.003519979865,0.006873399168,4,0.01039337903,0,20,0,0,1,0,229.3547009,229.3547009,0,192,1820,3.979480028
1851,0,229.3547009,1908,0,1678.645299,0,4.361699214,1678.645299,4.361699214,0.1469610636,17.85303894,0,0,1,0,229.3547009,229.3547009,0,192,1821,3.981445312
1852,0,229.3547009,214,0,-15.35470085,0,-0.03989680648,-15.35470085,-0.03989680648,0.1550979884,0.1550979884,0,0,1,0,229.3547009,229.3547009,0,192,1822,3.983540773
1853,0,214,212,-15.35470085,-17.35470085,-0.03989680648,-0.045093496,-2,-0.005196689516,0,25,1,2,0,0,229.3547009,229.3547009,0,192,1823,3.985529423
1854,0,229.3547009,230,0,0.6452991453,0,0.001676709652,0.6452991453,0.001676709652,0.1382783883,0.1382783883,0,0,1,0,229.3547009,229.3547009,0,192,1824,3.987539291
1855,0,229.3547009,3102,0,2872.645299,0,7.464122855,2872.645299,7.464122855,0.1290598291,29.87094017,0,0,1,0,229.3547009,229.3547009,0,192,1825,3.98982048
1856,0,229.3547009,225,0,-4.354700855,0,-0.01131501414,-4.354700855,-0.01131501414,0.04443572301,0.04443572301,0,0,1,0,229.3547009,229.3547009,0,192,1826,3.992154121
1857,0,225,233,-4.354700855,3.645299145,-0.01131501414,0.009471743926,8,0.02078675807,0,22,0,0,1,0,229.3547009,229.3547009,0,192,1827,3.994535685
1858,0,229.3547009,2305,0,2075.645299,0,5.393242083,2075.645299,5.393242083,0.2025166192,21.79748338,0,0,1,0,229.3547009,229.3547009,0,192,1828,3.996563673
1859,0,229.3547009,215,0,-14.35470085,0,-0.03729846172,-14.35470085,-0.03729846172,0.1449969783,0.1449969783,0,0,1,0,229.3547009,229.3547009,0,192,1829,3.99864316
1860,0,215,207,-14.35470085,-22.35470085,-0.03729846172,-0.05808521979,-8,-0.02078675807,0,22,1,2,0,0,229.3547009,229.3547009,0,192,1830,4.00073719
1861,0,229.3547009,233,0,3.645299145,0,0.009471743926,3.645299145,0.009471743926,0.9113247863,0.9113247863,0,0,1,0,229.3547009,229.3547009,0,192,1831,4.002821207
1862,0,229.3547009,1806,0,1576.645299,0,4.096668049,1576.645299,4.096668049,0.4970862471,18.50291375,0,0,1,0,229.3547009,229.3547009,0,192,1832,4.004909754
1863,0,229.3547009,211,0,-18.35470085,0,-0.04769184075,-18.35470085,-0.04769184075,0.1854010187,0.1854010187,0,0,1,0,229.3547009,229.3547009,0,192,1833,4.007073164
1864,0,211,209,-18.35470085,-20.35470085,-0.04769184075,-0.05288853027,-2,-0.005196689516,0,17,1,2,0,0,229.3547009,229.3547009,0,192,1834,4.009052277
1865,0,229.3547009,227,0,-2.354700855,0,-0.006118324623,-2.354700855,-0.006118324623,0.5886752137,0.5886752137,0,0,1,0,229.3547009,229.3547009,0,192,1835,4.011009693
1866,0,227,225,-2.354700855,-4.354700855,-0.006118324623,-0.01131501414,-2,-0.005196689516,0,10,0,0,1,0,229.3547009,229.3547009,0,192,1836,4.013170004
1867,0,225,226,-4.354700855,-3.354700855,-0.01131501414,-0.008716669381,1,0.002598344758,0,30,1,2,0,0,229.3547009,229.3547009,0,192,1837,4.015179873
1868,0,229.3547009,229,0,-0.3547008547,0,-0.0009216351065,-0.3547008547,-0.0009216351065,0.038003663,0.038003663,0,0,1,0,229.3547009,229.3547009,0,192,1838,4.017318964
1869,0,229,225,-0.3547008547,-4.354700855,-0.0009216351065,-0.01131501414,-4,-0.01039337903,0,13,1,2,0,0,229.3547009,229.3547009,0,192,1839,4.019486666
1870,0,226,226,-3.354700855,-3.354700855,-0.008716669381,-0.008716669381,0,0,0,0,0,0,1,0,229.3547009,229.3547009,0,192,1840,4.021438599
1871,0,226,225,-3.354700855,-4.354700855,-0.008716669381,-0.01131501414,-1,-0.002598344758,0,28,0,0,1,0,229.3547009,229.3547009,0,192,1841,4.023476124
1872,0,225,225,-4.354700855,-4.354700855,-0.01131501414,-0.01131501414,0,0,0,18,0,0,1,0,229.3547009,229.3547009,0,192,1842,4.025470018
1873,0,225,225,-4.354700855,-4.354700855,-0.01131501414,-0.01131501414,0,0,0,24,1,1,0,0,229.3547009,229.3547009,0,192,1843,4.027481079
1874,0,227,227,-2.354700855,-2.354700855,-0.006118324623,-0.006118324623,0,0,0,0,0,0,1,0,229.3547009,229.3547009,0,192,1844,4.029466152
1875,0,227,227,-2.354700855,-2.354700855,-0.006118324623,-0.006118324623,0,0,0,20,0,0,1,0,229.3547009,229.3547009,0,192,1845,4.03146553
1876,0,227,227,-2.354700855,-2.354700855,-0.006118324623,-0.006118324623,0,0,0,16,1,1,0,0,229.3547009,229.3547009,0,192,1846,4.033415079
1877,0,229.3547009,228,0,-1.354700855,0,-0.003519979865,-1.354700855,-0.003519979865,0.2084155161,0.2084155161,0,0,1,0,229.3547009,229.3547009,0,192,1847,4.035404444
1878,0,228,226,-1.354700855,-3.354700855,-0.003519979865,-0.008716669381,-2,-0.005196689516,0,16,1,2,0,0,229.3547009,229.3547009,0,192,1848,4.037501335
1879,0,227,10457,-2.354700855,10227.6453,-0.006118324623,26.57494855,10230,26.58106688,0,216,0,0,1,0,229.3547009,229.3547009,0,192,1849,4.039534569
1880,0,229.3547009,232,0,2.645299145,0,0.006873399168,2.645299145,0.006873399168,0.480963481,0.480963481,0,0,1,0,229.3547009,229.3547009,0,192,1850,4.042134047
1881,0,229.3547009,1120,0,890.6452991,0,2.314203544,890.6452991,2.314203544,0.480963481,10.51903652,0,0,1,0,229.3547009,229.3547009,0,192,1851,4.04485774
1882,0,229.3547009,221,0,-8.354700855,0,-0.02170839317,-8.354700855,-0.02170839317,0.08439091772,0.08439091772,0,0,1,0,229.3547009,229.3547009,0,192,1852,4.04744339
1883,0,221,219,-8.354700855,-10.35470085,-0.02170839317,-0.02690508269,-2,-0.005196689516,0,10,1,6,0,0,229.3547009,229.3547009,0,192,1853,4.049580097
1884,0,229.3547009,221,0,-8.354700855,0,-0.02170839317,-8.354700855,-0.02170839317,1.545551264,1.545551264,1,1,0,0,229.3547009,229.3547009,0,192,1854,4.051790476
1885,0,222,222,-7.354700855,-7.354700855,-0.01911004841,-0.01911004841,0,0,0,0,0,0,1,0,229.3547009,229.3547009,0,192,1855,4.054291964
1886,0,222,217,-7.354700855,-12.35470085,-0.01911004841,-0.0321017722,-5,-0.01299172379,0,11,1,8,0,0,229.3547009,229.3547009,0,192,1856,4.056326866
1887,0,229.3547009,218,0,-11.35470085,0,-0.02950342745,-11.35470085,-0.02950342745,2.856980057,2.856980057,1,5,0,0,229.3547009,229.3547009,0,192,1857,4.05849123
1888,0,229.3547009,220,0,-9.354700855,0,-0.02430673793,-9.354700855,-0.02430673793,1.563746439,1.563746439,1,1,0,0,229.3547009,229.3547009,0,192,1858,4.060661554
1889,0,228,228,-1.354700855,-1.354700855,-0.003519979865,-0.003519979865,0,0,0,0,0,0,1,0,229.3547009,229.3547009,0,192,1859,4.062796116
1890,0,228,227,-1.354700855,-2.354700855,-0.003519979865,-0.006118324623,-1,-0.002598344758,0,11,1,4,0,0,229.3547009,229.3547009,0,192,1860,4.064747334
1891,0,229.3547009,229,0,-0.3547008547,0,-0.0009216351065,-0.3547008547,-0.0009216351065,0.02815086148,0.02815086148,0,0,1,0,229.3547009,229.3547009,0,192,1861,4.06705904
1892,0,229,229,-0.3547008547,-0.3547008547,-0.0009216351065,-0.0009216351065,0,0,0,21,1,5,0,0,229.3547009,229.3547009,0,192,1862,4.069543362
1893,0,229.3547009,231,0,1.645299145,0,0.00427505441,1.645299145,0.00427505441,0.2742165242,0.2742165242,0,0,1,0,229.3547009,229.3547009,0,192,1863,4.071734905
1894,0,229.3547009,2710,0,2480.645299,0,6.44557171,2480.645299,6.44557171,0.2742165242,25.72578348,0,0,1,0,229.3547009,229.3547009,0,192,1864,4.073805094
1895,0,229.3547009,225,0,-4.354700855,0,-0.01131501414,-4.354700855,-0.01131501414,0.04443572301,0.04443572301,0,0,1,0,229.3547009,229.3547009,0,192,1865,4.076074362
1896,0,225,221,-4.354700855,-8.354700855,-0.01131501414,-0.02170839317,-4,-0.01039337903,0,23,1,5,0,0,229.3547009,229.3547009,0,192,1866,4.078429222
1897,0,229.3547009,225,-2.842170943e-14,-4.354700855,-7.384939972e-17,-0.01131501414,-4.354700855,-0.01131501414,0.3690424453,0.3690424453,0,0,1,0,229.3547009,229.3547009,0,192,1867,4.080609798
1898,0,225,225,-4.354700855,-4.354700855,-0.01131501414,-0.01131501414,0,0,0,19,1,4,0,0,229.3547009,229.3547009,0,192,1868,4.082943201
1899,0,229.3547009,227,0,-2.354700855,0,-0.006118324623,-2.354700855,-0.006118324623,0.7849002849,0.7849002849,0,0,1,0,229.3547009,229.3547009,0,192,1869,4.084989071
1900,0,227,225,-2.354700855,-4.354700855,-0.006118324623,-0.01131501414,-2,-0.005196689516,0,24,1,3,0,0,229.3547009,229.3547009,0,192,1870,4.08722043
1901,0,229.3547009,227,0,-2.354700855,0,-0.006118324623,-2.354700855,-0.006118324623,0.1868810202,0.1868810202,0,0,1,0,229.3547009,229.3547009,0,192,1871,4.089239597
1902,0,227,227,-2.354700855,-2.354700855,-0.006118324623,-0.006118324623,0,0,0,19,1,5,0,0,229.3547009,229.3547009,0,192,1872,4.091428757
1903,0,229,229,-0.3547008547,-0.3547008547,-0.0009216351065,-0.0009216351065,0,0,0,0,0,0,1,0,229.3547009,229.3547009,0,192,1873,4.093645573
1904,0,229,227,-0.3547008547,-2.354700855,-0.0009216351065,-0.006118324623,-2,-0.005196689516,0,22,1,5,0,0,229.3547009,229.3547009,0,192,1874,4.095768929
1905,0,229.3547009,229,0,-0.3547008547,0,-0.0009216351065,-0.3547008547,-0.0009216351065,0.05911680912,0.05911680912,0,0,1,0,229.3547009,229.3547009,0,192,1875,4.098037481
1906,0,229,231,-0.3547008547,1.645299145,-0.0009216351065,0.00427505441,2,0.005196689516,0,15,1,3,0,0,229.3547009,229.3547009,0,192,1876,4.100482464
1907,0,229.3547009,226,0,-3.354700855,0,-0.008716669381,-3.354700855,-0.008716669381,0.4792429792,0.4792429792,0,0,1,0,229.3547009,229.3547009,0,192,1877,4.10260725
1908,0,226,223,-3.354700855,-6.354700855,-0.008716669381,-0.01651170366,-3,-0.007795034274,0,11,1,6,0,0,229.3547009,229.3547009,0,192,1878,4.104981422
1909,0,229.3547009,230,-2.842170943e-14,0.6452991453,-7.384939972e-17,0.001676709652,0.6452991453,0.001676709652,2.256158874,2.256158874,1,1,0,0,229.3547009,229.3547009,0,192,1879,4.107364893
1910,0,229.3547009,231,0,1.645299145,0,0.00427505441,1.645299145,0.00427505441,0.2742165242,0.2742165242,0,0,1,0,229.3547009,229.3547009,0,192,1880,4.109910727
1911,0,229.3547009,1322,0,1092.645299,0,2.839069186,1092.645299,2.839069186,0.2742165242,11.72578348,0,0,1,0,229.3547009,229.3547009,0,192,1881,4.11188817
1912,0,229.3547009,225,0,-4.354700855,0,-0.01131501414,-4.354700855,-0.01131501414,0.04398687732,0.04398687732,0,0,1,0,229.3547009,229.3547009,0,192,1882,4.114311457
1913,0,225,223,-4.354700855,-6.354700855,-0.01131501414,-0.01651170366,-2,-0.005196689516,0,19,1,2,0,0,229.3547009,229.3547009,0,192,1883,4.116618395
1914,0,229.3547009,225,0,-4.354700855,0,-0.01131501414,-4.354700855,-0.01131501414,1.451566952,1.451566952,0,0,1,0,229.3547009,229.3547009,0,192,1884,4.118940353
1915,0,225,221,-4.354700855,-8.354700855,-0.01131501414,-0.02170839317,-4,-0.01039337903,0,12,1,4,0,0,229.3547009,229.3547009,0,192,1885,4.121495247
1916,0,229.3547009,224,0,-5.354700855,0,-0.0139133589,-5.354700855,-0.0139133589,0.187518707,0.187518707,0,0,1,0,229.3547009,229.3547009,0,192,1886,4.123603106
1917,0,224,226,-5.354700855,-3.354700855,-0.0139133589,-0.008716669381,2,0.005196689516,0,20,1,1,0,0,229.3547009,229.3547009,0,192,1887,4.125844955
1918,0,229.3547009,227,0,-2.354700855,0,-0.006118324623,-2.354700855,-0.006118324623,0.5232668566,0.5232668566,0,0,1,0,229.3547009,229.3547009,0,192,1888,4.127832651
1919,0,227,219,-2.354700855,-10.35470085,-0.006118324623,-0.02690508269,-8,-0.02078675807,0,22,1,4,0,0,229.3547009,229.3547009,0,192,1889,4.129936695
1920,0,223.6666667,220,-5.688034188,-9.354700855,-0.01477947382,-0.02430673793,-3.666666667,-0.009527264113,1.333333333,1.333333333,1,1,0,0,229.3547009,229.3547009,0,192,1890,4.131985188
1921,0,222,222,-7.354700855,-7.354700855,-0.01911004841,-0.01911004841,0,0,0,0,0,0,1,0,229.3547009,229.3547009,0,192,1891,4.133988619
1922,0,222,222,-7.354700855,-7.354700855,-0.01911004841,-0.01911004841,0,0,0,21,1,3,0,0,229.3547009,229.3547009,0,192,1892,4.136000395
1923,0,229.3547009,2155,0,1925.645299,0,5.003490369,1925.645299,5.003490369,1.5,21.5,0,0,1,0,229.3547009,229.3547009,0,192,1893,4.137995005
1924,0,229.3547009,231,0,1.645299145,0,0.00427505441,1.645299145,0.00427505441,0.2742165242,0.2742165242,0,0,1,0,229.3547009,229.3547009,0,192,1894,4.140183926
1925,0,229.3547009,1620,0,1390.645299,0,3.613375923,1390.645299,3.613375923,0.2742165242,14.72578348,0,0,1,0,229.3547009,229.3547009,0,192,1895,4.14212513
1926,0,229.3547009,225,0,-4.354700855,0,-0.01131501414,-4.354700855,-0.01131501414,0.04398687732,0.04398687732,0,0,1,0,229.3547009,229.3547009,0,192,1896,4.144413948
1927,0,225,225,-4.354700855,-4.354700855,-0.01131501414,-0.01131501414,0,0,0,16,1,2,0,0,229.3547009,229.3547009,0,192,1897,4.146430969
1928,0,229.3547009,227,0,-2.354700855,0,-0.006118324623,-2.354700855,-0.006118324623,0.2354700855,0.2354700855,0,0,1,0,229.3547009,229.3547009,0,192,1898,4.148442745
1929,0,227,211,-2.354700855,-18.35470085,-0.006118324623,-0.04769184075,-16,-0.04157351613,0,26,1,3,0,0,229.3547009,229.3547009,0,192,1899,4.150607347
1930,0,229.3547009,218,0,-11.35470085,0,-0.02950342745,-11.35470085,-0.02950342745,0.4333855288,0.4333855288,0,0,1,0,229.3547009,229.3547009,0,192,1900,4.152596712
1931,0,218,224,-11.35470085,-5.354700855,-0.02950342745,-0.0139133589,6,0.01559006855,0,18,1,2,0,0,229.3547009,229.3547009,0,192,1901,4.154687881
1932,0,225,225,-4.354700855,-4.354700855,-0.01131501414,-0.01131501414,0,0,0,0,0,0,1,0,229.3547009,229.3547009,0,192,1902,4.156620264
1933,0,225,225,-4.354700855,-4.354700855,-0.01131501414,-0.01131501414,0,0,0,26,0,0,1,0,229.3547009,229.3547009,0,192,1903,4.158626795
1934,0,225,231,-4.354700855,1.645299145,-0.01131501414,0.00427505441,6,0.01559006855,0,17,0,0,1,0,229.3547009,229.3547009,0,192,1904,4.16072154
1935,0,229.3547009,2018,0,1788.645299,0,4.647517137,1788.645299,4.647517137,0.2742165242,18.72578348,0,0,1,0,229.3547009,229.3547009,0,192,1905,4.162935019
1936,0,229.3547009,225,0,-4.354700855,0,-0.01131501414,-4.354700855,-0.01131501414,0.04398687732,0.04398687732,0,0,1,0,229.3547009,229.3547009,0,192,1906,4.16517663
1937,0,225,226,-4.354700855,-3.354700855,-0.01131501414,-0.008716669381,1,0.002598344758,0,11,1,1,0,0,229.3547009,229.3547009,0,192,1907,4.167174339
1938,0,229,229,-0.3547008547,-0.3547008547,-0.0009216351065,-0.0009216351065,0,0,0,0,0,0,1,0,229.3547009,229.3547009,0,192,1908,4.169117451
1939,0,229,223,-0.3547008547,-6.354700855,-0.0009216351065,-0.01651170366,-6,-0.01559006855,0,22,0,0,1,0,229.3547009,229.3547009,0,192,1909,4.171092033
1940,0,223,229,-6.354700855,-0.3547008547,-0.01651170366,-0.0009216351065,6,0.01559006855,0,18,1,1,0,0,229.3547009,229.3547009,0,192,1910,4.173071623
1941,0,229.3547009,230,0,0.6452991453,0,0.001676709652,0.6452991453,0.001676709652,0.3871794872,0.3871794872,0,0,1,0,229.3547009,229.3547009,0,192,1911,4.175310612
1942,0,229.3547009,2906,0,2676.645299,0,6.954847282,2676.645299,6.954847282,0.1290598291,27.87094017,0,0,1,0,229.3547009,229.3547009,0,192,1912,4.177689791
1943,0,229.3547009,225,0,-4.354700855,0,-0.01131501414,-4.354700855,-0.01131501414,0.04443572301,0.04443572301,0,0,1,0,229.3547009,229.3547009,0,192,1913,4.18027997
1944,0,225,204,-4.354700855,-25.35470085,-0.01131501414,-0.06588025406,-21,-0.05456523992,0,30,1,5,0,0,229.3547009,229.3547009,0,192,1914,4.182733297
1945,0,229.3547009,224,0,-5.354700855,0,-0.0139133589,-5.354700855,-0.0139133589,0.2868589744,0.2868589744,0,0,1,0,229.3547009,229.3547009,0,192,1915,4.18488884
1946,0,224,228,-5.354700855,-1.354700855,-0.0139133589,-0.003519979865,4,0.01039337903,0,13,1,2,0,0,229.3547009,229.3547009,0,192,1916,4.187054873
1947,0,229.3547009,230,0,0.6452991453,0,0.001676709652,0.6452991453,0.001676709652,0.1613247863,0.1613247863,0,0,1,0,229.3547009,229.3547009,0,192,1917,4.189193487
1948,0,229.3547009,2107,0,1877.645299,0,4.878769821,1877.645299,4.878769821,0.08603988604,20.91396011,0,0,1,0,229.3547009,229.3547009,0,192,1918,4.191323996
1949,0,229.3547009,215,0,-14.35470085,0,-0.03729846172,-14.35470085,-0.03729846172,0.1449969783,0.1449969783,0,0,1,0,229.3547009,229.3547009,0,192,1919,4.193483591
1950,0,215,213,-14.35470085,-16.35470085,-0.03729846172,-0.04249515124,-2,-0.005196689516,0,24,1,9,0,0,229.3547009,229.3547009,0,192,1920,4.19545579
1951,0,229.3547009,220,0,-9.354700855,0,-0.02430673793,-9.354700855,-0.02430673793,2.053470919,2.053470919,0,0,1,0,229.3547009,229.3547009,0,192,1921,4.197632074
1952,0,220,212,-9.354700855,-17.35470085,-0.02430673793,-0.045093496,-8,-0.02078675807,0,27,1,6,0,0,229.3547009,229.3547009,0,192,1922,4.200490236
1953,0,229.3547009,234,0,4.645299145,0,0.01207008868,4.645299145,0.01207008868,0.9954212454,0.9954212454,0,0,1,0,229.3547009,229.3547009,0,192,1923,4.202714443
1954,0,229.3547009,228,0,-1.354700855,0,-0.003519979865,-1.354700855,-0.003519979865,0.2257834758,0.2257834758,0,0,1,0,229.3547009,229.3547009,0,192,1924,4.204854012
1955,0,228,220,-1.354700855,-9.354700855,-0.003519979865,-0.02430673793,-8,-0.02078675807,0,14,1,1,0,0,229.3547009,229.3547009,0,192,1925,4.207290888
1956,0,229.3547009,221,0,-8.354700855,0,-0.02170839317,-8.354700855,-0.02170839317,0.2320750237,0.2320750237,0,0,1,0,229.3547009,229.3547009,0,192,1926,4.209357023
1957,0,221,229,-8.354700855,-0.3547008547,-0.02170839317,-0.0009216351065,8,0.02078675807,0,15,1,1,0,0,229.3547009,229.3547009,0,192,1927,4.211724043
1958,0,229.3547009,230,0,0.6452991453,0,0.001676709652,0.6452991453,0.001676709652,0.1075498575,0.1075498575,0,0,1,0,229.3547009,229.3547009,0,192,1928,4.213986635
1959,0,229.3547009,2807,0,2577.645299,0,6.697611151,2577.645299,6.697611151,0.1075498575,26.89245014,0,0,1,0,229.3547009,229.3547009,0,192,1929,4.216085434
1960,0,229.3547009,224,0,-5.354700855,0,-0.0139133589,-5.354700855,-0.0139133589,0.05463980464,0.05463980464,0,0,1,0,229.3547009,229.3547009,0,192,1930,4.21852088
1961,0,224,218,-5.354700855,-11.35470085,-0.0139133589,-0.02950342745,-6,-0.01559006855,0,25,1,5,0,0,229.3547009,229.3547009,0,192,1931,4.220584631
1962,0,229.3547009,223,0,-6.354700855,0,-0.01651170366,-6.354700855,-0.01651170366,0.3738059326,0.3738059326,0,0,1,0,229.3547009,229.3547009,0,192,1932,4.222616911
1963,0,223,225,-6.354700855,-4.354700855,-0.01651170366,-0.01131501414,2,0.005196689516,0,12,1,2,0,0,229.3547009,229.3547009,0,192,1933,4.224798679
1964,0,229.3547009,227,0,-2.354700855,0,-0.006118324623,-2.354700855,-0.006118324623,0.36226167,0.36226167,0,0,1,0,229.3547009,229.3547009,0,192,1934,4.226925135
1965,0,227,221,-2.354700855,-8.354700855,-0.006118324623,-0.02170839317,-6,-0.01559006855,0,22,1,5,0,0,229.3547009,229.3547009,0,192,1935,4.229088783
1966,0,229.3547009,231,0,1.645299145,0,0.00427505441,1.645299145,0.00427505441,0.5758547009,0.5758547009,0,0,1,0,229.3547009,229.3547009,0,192,1936,4.231281996
1967,0,229.3547009,2316,0,2086.645299,0,5.421823875,2086.645299,5.421823875,0.3290598291,21.67094017,0,0,1,0,229.3547009,229.3547009,0,192,1937,4.233470917
1968,0,229.3547009,226,0,-3.354700855,0,-0.008716669381,-3.354700855,-0.008716669381,0.03388586722,0.03388586722,0,0,1,0,229.3547009,229.3547009,0,192,1938,4.236248732
1969,0,226,219,-3.354700855,-10.35470085,-0.008716669381,-0.02690508269,-7,-0.01818841331,0,30,1,4,0,0,229.3547009,229.3547009,0,192,1939,4.238432407
1970,0,229.3547009,237,0,7.645299145,0,0.01986512296,7.645299145,0.01986512296,0.4497234791,0.4497234791,0,0,1,0,229.3547009,229.3547009,0,192,1940,4.240799189
1971,0,229.3547009,1515,0,1285.645299,0,3.340549724,1285.645299,3.340549724,0.4497234791,13.55027652,0,0,1,0,229.3547009,229.3547009,0,192,1941,4.242919922
1972,0,229.3547009,220,0,-9.354700855,0,-0.02430673793,-9.354700855,-0.02430673793,0.09449192783,0.09449192783,0,0,1,0,229.3547009,229.3547009,0,192,1942,4.245024681
1973,0,220,220,-9.354700855,-9.354700855,-0.02430673793,-0.02430673793,0,0,0,15,1,3,0,0,229.3547009,229.3547009,0,192,1943,4.24716258
1974,0,229.3547009,223,0,-6.354700855,0,-0.01651170366,-6.354700855,-0.01651170366,0.9532051282,0.9532051282,0,0,1,0,229.3547009,229.3547009,0,192,1944,4.249169111
1975,0,223,213,-6.354700855,-16.35470085,-0.01651170366,-0.04249515124,-10,-0.02598344758,0,19,1,4,0,0,229.3547009,229.3547009,0,192,1945,4.251470566
1976,0,229.3547009,238,0,8.645299145,0,0.02246346772,8.645299145,0.02246346772,1.296794872,1.296794872,0,0,1,0,229.3547009,229.3547009,0,192,1946,4.253671169
1977,0,229.3547009,230,0,0.6452991453,0,0.001676709652,0.6452991453,0.001676709652,0.09218559219,0.09218559219,0,0,1,0,229.3547009,229.3547009,0,192,1947,4.255913734
1978,0,229.3547009,1896,0,1666.645299,0,4.330519077,1666.645299,4.330519077,0.09218559219,20.90781441,0,0,1,0,229.3547009,229.3547009,0,192,1948,4.257873535
1979,0,229.3547009,202,0,-27.35470085,0,-0.07107694358,-27.35470085,-0.07107694358,0.2763101096,0.2763101096,0,0,1,0,229.3547009,229.3547009,0,192,1949,4.260217905
1980,0,202,208,-27.35470085,-21.35470085,-0.07107694358,-0.05548687503,6,0.01559006855,0,17,1,6,0,0,229.3547009,229.3547009,0,192,1950,4.262250423
1981,0,229.3547009,231,0,1.645299145,0,0.00427505441,1.645299145,0.00427505441,0.3463787674,0.3463787674,0,0,1,0,229.3547009,229.3547009,0,192,1951,4.264358282
1982,0,229.3547009,1807,0,1577.645299,0,4.099266393,1577.645299,4.099266393,0.3463787674,19.65362123,0,0,1,0,229.3547009,229.3547009,0,192,1952,4.266892195
1983,0,229.3547009,212,0,-17.35470085,0,-0.045093496,-17.35470085,-0.045093496,0.1753000086,0.1753000086,0,0,1,0,229.3547009,229.3547009,0,192,1953,4.269558907
1984,0,212,201,-17.35470085,-28.35470085,-0.045093496,-0.07367528833,-11,-0.02858179234,0,28,1,12,0,0,229.3547009,229.3547009,0,192,1954,4.272099018
1985,0,229.3547009,206,0,-23.35470085,0,-0.06068356454,-23.35470085,-0.06068356454,1.9932419,1.9932419,1,1,0,0,229.3547009,229.3547009,0,192,1955,4.27429533
1986,0,229.3547009,208,0,-21.35470085,0,-0.05548687503,-21.35470085,-0.05548687503,0.5024635495,0.5024635495,0,0,1,0,229.3547009,229.3547009,0,192,1956,4.276611328
1987,0,208,208,-21.35470085,-21.35470085,-0.05548687503,-0.05548687503,0,0,0,13,1,7,0,0,229.3547009,229.3547009,0,192,1957,4.278715611
1988,0,229.3547009,210,0,-19.35470085,0,-0.05029018551,-19.35470085,-0.05029018551,1.470633355,1.470633355,1,1,0,0,229.3547009,229.3547009,0,192,1958,4.280836105
1989,0,211,211,-18.35470085,-18.35470085,-0.04769184075,-0.04769184075,0,0,0,0,0,0,1,0,229.3547009,229.3547009,0,192,1959,4.283206224
1990,0,211,213,-18.35470085,-16.35470085,-0.04769184075,-0.04249515124,2,0.005196689516,0,19,1,6,0,0,229.3547009,229.3547009,0,192,1960,4.285140038
1991,0,229.3547009,215,0,-14.35470085,0,-0.03729846172,-14.35470085,-0.03729846172,2.178355958,2.178355958,1,1,0,0,229.3547009,229.3547009,0,192,1961,4.287223816
1992,0,223,223,-6.354700855,-6.354700855,-0.01651170366,-0.01651170366,0,0,0,0,0,0,1,0,229.3547009,229.3547009,0,192,1962,4.289394617
1993,0,223,213,-6.354700855,-16.35470085,-0.01651170366,-0.04249515124,-10,-0.02598344758,0,21,1,4,0,0,229.3547009,229.3547009,0,192,1963,4.29138875
1994,0,229,229,-0.3547008547,-0.3547008547,-0.0009216351065,-0.0009216351065,0,0,0,0,0,0,1,0,229.3547009,229.3547009,0,192,1964,4.293386221
1995,0,229,231,-0.3547008547,1.645299145,-0.0009216351065,0.00427505441,2,0.005196689516,0,16,1,3,0,0,229.3547009,229.3547009,0,192,1965,4.295537472
1996,0,229.3547009,233,0,3.645299145,0,0.009471743926,3.645299145,0.009471743926,0.7811355311,0.7811355311,0,0,1,0,229.3547009,229.3547009,0,192,1966,4.297594786
1997,0,229.3547009,2211,0,1981.645299,0,5.148997676,1981.645299,5.148997676,0.5608152531,21.43918475,0,0,1,0,229.3547009,229.3547009,0,192,1967,4.299877405
1998,0,229.3547009,220,0,-9.354700855,0,-0.02430673793,-9.354700855,-0.02430673793,0.09449192783,0.09449192783,0,0,1,0,229.3547009,229.3547009,0,192,1968,4.302367449
1999,0,220,218,-9.354700855,-11.35470085,-0.02430673793,-0.02950342745,-2,-0.005196689516,0,20,1,4,0,0,229.3547009,229.3547009,0,192,1969,4.304574251
