it,alpha,cz_lp,cz_round,d_lp,d_round,d_lp_n,d_round_n,delta,delta_n,frac,dist,viol_max,viol_sum,feas,improving,ub,ub_eff,ub_free,z_best,stall,t
0,0,45.19746214,4,-1781.851903,-1823.049366,-0.75,-0.7673404403,-41.19746214,-0.01734044033,31.01164958,31.01164958,1,796,0,0,1827.049366,0,1,0,0,0.001471042633
1,0,776.5732845,843,-1050.476081,-984.0493655,-0.442156309,-0.4141966135,66.42671546,0.02795969547,15.64258525,30.64058869,1,179,0,0,1827.049366,1827.049366,0,0,1,18.01470304
2,0,1401.561063,2148,-425.488303,320.9506345,-0.1790924524,0.1350914604,746.4389375,0.3141839128,10.49742386,25.96856582,1,3,0,0,1827.049366,1827.049366,0,0,2,25.15858817
3,0,1827.049366,1854,0,26.95063447,0,0.01134380237,26.95063447,0.01134380237,2.638203256,2.638203256,1,1,0,0,1827.049366,1827.049366,0,0,3,26.15340376
4,0,1827.049366,3671,0,1843.950634,0,0.7761380018,1843.950634,0.7761380018,1.325007378,21.67499262,0,0,1,1,1827.049366,1827.049366,0,3671,0,26.35911322
5,0,1827.049366,1871,0,43.95063447,0,0.0184992792,43.95063447,0.0184992792,0.4395063447,0.4395063447,0,0,1,1,1827.049366,1827.049366,0,1871,0,26.4800005
6,0,1827.049366,3271,0,1443.950634,0,0.6077738412,1443.950634,0.6077738412,0.4395063447,15.56049366,0,0,1,0,1827.049366,1827.049366,0,1871,1,26.54997826
7,0,1827.049366,1871,0,43.95063447,0,0.0184992792,43.95063447,0.0184992792,0.4395063447,0.4395063447,0,0,1,0,1827.049366,1827.049366,0,1871,2,26.61099482
8,0,1827.049366,3471,0,1643.950634,0,0.6919559215,1643.950634,0.6919559215,0.4395063447,17.56049366,0,0,1,0,1827.049366,1827.049366,0,1871,3,26.67741966
9,0,1827.049366,1871,0,43.95063447,0,0.0184992792,43.95063447,0.0184992792,0.4395063447,0.4395063447,0,0,1,0,1827.049366,1827.049366,0,1871,4,26.7318027
10,0,1827.049366,3771,0,1943.950634,0,0.818229042,1943.950634,0.818229042,0.4395063447,20.56049366,0,0,1,0,1827.049366,1827.049366,0,1871,5,26.78979754
11,0,1827.049366,104874,0,103046.9506,0,43.37353336,103046.9506,43.37353336,0.4395063447,2039.439506,0,0,1,0,1827.049366,1827.049366,0,1871,6,26.86542797
12,0,1827.049366,1825,0,-2.049365535,0,-0.00086259927,-2.049365535,-0.00086259927,0.1576435027,0.1576435027,0,0,1,1,1827.049366,1827.049366,0,1825,0,26.94650578
13,0,1825,1842,-2.049365535,14.95063447,-0.00086259927,0.006292877555,17,0.007155476825,0,27,0,0,1,0,1827.049366,1827.049366,0,1825,1,26.99526858
14,0,1827.049366,1829,0,1.950634465,0,0.0008210423359,1.950634465,0.0008210423359,0.150048805,0.150048805,0,0,1,0,1827.049366,1827.049366,0,1825,2,27.03820491
15,0,1827.049366,3816,0,1988.950634,0,0.83717001,1988.950634,0.83717001,0.150048805,20.84995119,0,0,1,0,1827.049366,1827.049366,0,1825,3,27.08087873
16,0,1827.049366,1816,0,-11.04936553,0,-0.004650792883,-11.04936553,-0.004650792883,0.1104936553,0.1104936553,0,0,1,1,1827.049366,1827.049366,0,1816,0,27.13026047
17,0,1816,1808,-11.04936553,-19.04936553,-0.004650792883,-0.008018076095,-8,-0.003367283212,0,10,0,0,1,1,1827.049366,1827.049366,0,1808,0,27.17283201
18,0,1808,1806,-19.04936553,-21.04936553,-0.008018076095,-0.008859896898,-2,-0.0008418208029,0,30,0,0,1,1,1827.049366,1827.049366,0,1806,0,27.21497583
19,0,1806,1808,-21.04936553,-19.04936553,-0.008859896898,-0.008018076095,2,0.0008418208029,0,28,0,0,1,0,1827.049366,1827.049366,0,1806,1,27.25772953
20,0,1808,1807,-19.04936553,-20.04936553,-0.008018076095,-0.008438986496,-1,-0.0004209104015,0,27,0,0,1,0,1827.049366,1827.049366,0,1806,2,27.30042052
21,0,1807,1808,-20.04936553,-19.04936553,-0.008438986496,-0.008018076095,1,0.0004209104015,0,29,0,0,1,0,1827.049366,1827.049366,0,1806,3,27.3427875
22,0,1808,1811,-19.04936553,-16.04936553,-0.008018076095,-0.00675534489,3,0.001262731204,0,21,0,0,1,0,1827.049366,1827.049366,0,1806,4,27.38512683
23,0,1811,1806,-16.04936553,-21.04936553,-0.00675534489,-0.008859896898,-5,-0.002104552007,0,23,0,0,1,0,1827.049366,1827.049366,0,1806,5,27.42762685
24,0,1806,1811,-21.04936553,-16.04936553,-0.008859896898,-0.00675534489,5,0.002104552007,0,23,0,0,1,0,1827.049366,1827.049366,0,1806,6,27.47015095
25,0,1811,1806,-16.04936553,-21.04936553,-0.00675534489,-0.008859896898,-5,-0.002104552007,0,25,0,0,1,0,1827.049366,1827.049366,0,1806,7,27.5127027
26,0,1806,1809,-21.04936553,-18.04936553,-0.008859896898,-0.007597165693,3,0.001262731204,0,27,0,0,1,0,1827.049366,1827.049366,0,1806,8,27.55462098
27,0,1809,1805,-18.04936553,-22.04936553,-0.007597165693,-0.009280807299,-4,-0.001683641606,0,20,0,0,1,1,1827.049366,1827.049366,0,1805,0,27.59624743
28,0,1805,1808,-22.04936553,-19.04936553,-0.009280807299,-0.008018076095,3,0.001262731204,0,23,0,0,1,0,1827.049366,1827.049366,0,1805,1,27.63785791
29,0,1808,1808,-19.04936553,-19.04936553,-0.008018076095,-0.008018076095,0,0,0,28,0,0,1,0,1827.049366,1827.049366,0,1805,2,27.68013573
30,0,1808,1811,-19.04936553,-16.04936553,-0.008018076095,-0.00675534489,3,0.001262731204,0,23,0,0,1,0,1827.049366,1827.049366,0,1805,3,27.72283292
31,0,1811,1806,-16.04936553,-21.04936553,-0.00675534489,-0.008859896898,-5,-0.002104552007,0,19,0,0,1,0,1827.049366,1827.049366,0,1805,4,27.7650876
32,0,1806,1810,-21.04936553,-17.04936553,-0.008859896898,-0.007176255292,4,0.001683641606,0,28,0,0,1,0,1827.049366,1827.049366,0,1805,5,27.80729461
33,0,1810,1804,-17.04936553,-23.04936553,-0.007176255292,-0.009701717701,-6,-0.002525462409,0,22,0,0,1,1,1827.049366,1827.049366,0,1804,0,27.8498292
34,0,1804,1810,-23.04936553,-17.04936553,-0.009701717701,-0.007176255292,6,0.002525462409,0,30,0,0,1,0,1827.049366,1827.049366,0,1804,1,27.89233422
35,0,1810,1803,-17.04936553,-24.04936553,-0.007176255292,-0.0101226281,-7,-0.00294637281,0,27,0,0,1,1,1827.049366,1827.049366,0,1803,0,27.9351387
36,0,1803,1809,-24.04936553,-18.04936553,-0.0101226281,-0.007597165693,6,0.002525462409,0,20,0,0,1,0,1827.049366,1827.049366,0,1803,1,27.97748303
37,0,1809,1804,-18.04936553,-23.04936553,-0.007597165693,-0.009701717701,-5,-0.002104552007,0,19,0,0,1,0,1827.049366,1827.049366,0,1803,2,28.01942468
38,0,1804,1809,-23.04936553,-18.04936553,-0.009701717701,-0.007597165693,5,0.002104552007,0,29,0,0,1,0,1827.049366,1827.049366,0,1803,3,28.06148195
39,0,1809,1806,-18.04936553,-21.04936553,-0.007597165693,-0.008859896898,-3,-0.001262731204,0,25,0,0,1,0,1827.049366,1827.049366,0,1803,4,28.10365868
40,0,1806,1812,-21.04936553,-15.04936553,-0.008859896898,-0.006334434489,6,0.002525462409,0,14,0,0,1,0,1827.049366,1827.049366,0,1803,5,28.14612222
41,0,1812,1804,-15.04936553,-23.04936553,-0.006334434489,-0.009701717701,-8,-0.003367283212,0,20,0,0,1,0,1827.049366,1827.049366,0,1803,6,28.18889141
42,0,1804,1810,-23.04936553,-17.04936553,-0.009701717701,-0.007176255292,6,0.002525462409,0,18,0,0,1,0,1827.049366,1827.049366,0,1803,7,28.23090076
43,0,1810,1802,-17.04936553,-25.04936553,-0.007176255292,-0.0105435385,-8,-0.003367283212,0,10,0,0,1,1,1827.049366,1827.049366,0,1802,0,28.27297068
44,0,1802,1812,-25.04936553,-15.04936553,-0.0105435385,-0.006334434489,10,0.004209104015,0,18,0,0,1,0,1827.049366,1827.049366,0,1802,1,28.31491208
45,0,1812,1803,-15.04936553,-24.04936553,-0.006334434489,-0.0101226281,-9,-0.003788193613,0,25,0,0,1,0,1827.049366,1827.049366,0,1802,2,28.35727549
46,0,1803,1812,-24.04936553,-15.04936553,-0.0101226281,-0.006334434489,9,0.003788193613,0,23,0,0,1,0,1827.049366,1827.049366,0,1802,3,28.40019488
47,0,1812,1801,-15.04936553,-26.04936553,-0.006334434489,-0.01096444891,-11,-0.004630014416,0,15,0,0,1,1,1827.049366,1827.049366,0,1801,0,28.44215536
48,0,1801,1813,-26.04936553,-14.04936553,-0.01096444891,-0.005913524087,12,0.005050924818,0,30,0,0,1,0,1827.049366,1827.049366,0,1801,1,28.48408341
49,0,1813,1800,-14.04936553,-27.04936553,-0.005913524087,-0.01138535931,-13,-0.005471835219,0,23,0,0,1,1,1827.049366,1827.049366,0,1800,0,28.52617121
50,0,1800,1815,-27.04936553,-12.04936553,-0.01138535931,-0.005071703285,15,0.006313656022,0,29,0,0,1,0,1827.049366,1827.049366,0,1800,1,28.56872702
51,0,1815,1806,-12.04936553,-21.04936553,-0.005071703285,-0.008859896898,-9,-0.003788193613,0,13,0,0,1,0,1827.049366,1827.049366,0,1800,2,28.61147261
52,0,1806,1810,-21.04936553,-17.04936553,-0.008859896898,-0.007176255292,4,0.001683641606,0,20,0,0,1,0,1827.049366,1827.049366,0,1800,3,28.65340281
53,0,1810,1802,-17.04936553,-25.04936553,-0.007176255292,-0.0105435385,-8,-0.003367283212,0,16,0,0,1,0,1827.049366,1827.049366,0,1800,4,28.69515967
54,0,1802,1813,-25.04936553,-14.04936553,-0.0105435385,-0.005913524087,11,0.004630014416,0,19,0,0,1,0,1827.049366,1827.049366,0,1800,5,28.73721027
55,0,1813,1803,-14.04936553,-24.04936553,-0.005913524087,-0.0101226281,-10,-0.004209104015,0,26,0,0,1,0,1827.049366,1827.049366,0,1800,6,28.77924824
56,0,1803,1813,-24.04936553,-14.04936553,-0.0101226281,-0.005913524087,10,0.004209104015,0,20,0,0,1,0,1827.049366,1827.049366,0,1800,7,28.82196403
57,0,1813,1806,-14.04936553,-21.04936553,-0.005913524087,-0.008859896898,-7,-0.00294637281,0,15,0,0,1,0,1827.049366,1827.049366,0,1800,8,28.86452579
58,0,1806,1810,-21.04936553,-17.04936553,-0.008859896898,-0.007176255292,4,0.001683641606,0,24,0,0,1,0,1827.049366,1827.049366,0,1800,9,28.90633607
59,0,1810,1804,-17.04936553,-23.04936553,-0.007176255292,-0.009701717701,-6,-0.002525462409,0,16,0,0,1,0,1827.049366,1827.049366,0,1800,10,28.94848299
60,0,1804,1812,-23.04936553,-15.04936553,-0.009701717701,-0.006334434489,8,0.003367283212,0,18,0,0,1,0,1827.049366,1827.049366,0,1800,11,28.99053431
61,0,1812,1804,-15.04936553,-23.04936553,-0.006334434489,-0.009701717701,-8,-0.003367283212,0,22,0,0,1,0,1827.049366,1827.049366,0,1800,12,29.03309083
62,0,1804,1811,-23.04936553,-16.04936553,-0.009701717701,-0.00675534489,7,0.00294637281,0,21,0,0,1,0,1827.049366,1827.049366,0,1800,13,29.07590199
63,0,1811,1804,-16.04936553,-23.04936553,-0.00675534489,-0.009701717701,-7,-0.00294637281,0,25,0,0,1,0,1827.049366,1827.049366,0,1800,14,29.11789727
64,0,1804,1812,-23.04936553,-15.04936553,-0.009701717701,-0.006334434489,8,0.003367283212,0,28,0,0,1,0,1827.049366,1827.049366,0,1800,15,29.15991163
65,0,1812,1805,-15.04936553,-22.04936553,-0.006334434489,-0.009280807299,-7,-0.00294637281,0,27,0,0,1,0,1827.049366,1827.049366,0,1800,16,29.2018857
66,0,1805,1811,-22.04936553,-16.04936553,-0.009280807299,-0.00675534489,6,0.002525462409,0,16,0,0,1,0,1827.049366,1827.049366,0,1800,17,29.24409103
67,0,1811,1806,-16.04936553,-21.04936553,-0.00675534489,-0.008859896898,-5,-0.002104552007,0,27,0,0,1,0,1827.049366,1827.049366,0,1800,18,29.28681898
68,0,1806,1813,-21.04936553,-14.04936553,-0.008859896898,-0.005913524087,7,0.00294637281,0,15,0,0,1,0,1827.049366,1827.049366,0,1800,19,29.32888532
69,0,1813,1803,-14.04936553,-24.04936553,-0.005913524087,-0.0101226281,-10,-0.004209104015,0,18,0,0,1,0,1827.049366,1827.049366,0,1800,20,29.37064171
70,0,1803,1811,-24.04936553,-16.04936553,-0.0101226281,-0.00675534489,8,0.003367283212,0,16,0,0,1,0,1827.049366,1827.049366,0,1800,21,29.41239166
71,0,1811,1804,-16.04936553,-23.04936553,-0.00675534489,-0.009701717701,-7,-0.00294637281,0,17,0,0,1,0,1827.049366,1827.049366,0,1800,22,29.45437264
72,0,1804,1810,-23.04936553,-17.04936553,-0.009701717701,-0.007176255292,6,0.002525462409,0,30,0,0,1,0,1827.049366,1827.049366,0,1800,23,29.49697733
73,0,1810,1801,-17.04936553,-26.04936553,-0.007176255292,-0.01096444891,-9,-0.003788193613,0,25,0,0,1,0,1827.049366,1827.049366,0,1800,24,29.53932762
74,0,1801,1811,-26.04936553,-16.04936553,-0.01096444891,-0.00675534489,10,0.004209104015,0,26,0,0,1,0,1827.049366,1827.049366,0,1800,25,29.58126235
75,0,1811,1802,-16.04936553,-25.04936553,-0.00675534489,-0.0105435385,-9,-0.003788193613,0,13,0,0,1,0,1827.049366,1827.049366,0,1800,26,29.62312174
76,0,1802,1811,-25.04936553,-16.04936553,-0.0105435385,-0.00675534489,9,0.003788193613,0,21,0,0,1,0,1827.049366,1827.049366,0,1800,27,29.6649065
77,0,1811,1801,-16.04936553,-26.04936553,-0.00675534489,-0.01096444891,-10,-0.004209104015,0,16,0,0,1,0,1827.049366,1827.049366,0,1800,28,29.70726895
78,0,1801,1813,-26.04936553,-14.04936553,-0.01096444891,-0.005913524087,12,0.005050924818,0,30,0,0,1,0,1827.049366,1827.049366,0,1800,29,29.74975872
79,0,1813,1802,-14.04936553,-25.04936553,-0.005913524087,-0.0105435385,-11,-0.004630014416,0,29,0,0,1,0,1827.049366,1827.049366,0,1800,30,29.79153275
80,0,1802,1812,-25.04936553,-15.04936553,-0.0105435385,-0.006334434489,10,0.004209104015,0,22,0,0,1,0,1827.049366,1827.049366,0,1800,31,29.83423853
81,0,1812,1803,-15.04936553,-24.04936553,-0.006334434489,-0.0101226281,-9,-0.003788193613,0,29,0,0,1,0,1827.049366,1827.049366,0,1800,32,29.8763113
82,0,1803,1811,-24.04936553,-16.04936553,-0.0101226281,-0.00675534489,8,0.003367283212,0,10,0,0,1,0,1827.049366,1827.049366,0,1800,33,29.9189868
83,0,1811,1805,-16.04936553,-22.04936553,-0.00675534489,-0.009280807299,-6,-0.002525462409,0,28,0,0,1,0,1827.049366,1827.049366,0,1800,34,29.96136165
84,0,1805,1810,-22.04936553,-17.04936553,-0.009280807299,-0.007176255292,5,0.002104552007,0,15,0,0,1,0,1827.049366,1827.049366,0,1800,35,30.00340152
85,0,1810,1802,-17.04936553,-25.04936553,-0.007176255292,-0.0105435385,-8,-0.003367283212,0,12,0,0,1,0,1827.049366,1827.049366,0,1800,36,30.04547238
86,0,1802,1814,-25.04936553,-13.04936553,-0.0105435385,-0.005492613686,12,0.005050924818,0,20,0,0,1,0,1827.049366,1827.049366,0,1800,37,30.08728242
87,0,1814,1803,-13.04936553,-24.04936553,-0.005492613686,-0.0101226281,-11,-0.004630014416,0,19,0,0,1,0,1827.049366,1827.049366,0,1800,38,30.12923908
88,0,1803,1810,-24.04936553,-17.04936553,-0.0101226281,-0.007176255292,7,0.00294637281,0,11,0,0,1,0,1827.049366,1827.049366,0,1800,39,30.17202497
89,0,1810,1803,-17.04936553,-24.04936553,-0.007176255292,-0.0101226281,-7,-0.00294637281,0,11,0,0,1,0,1827.049366,1827.049366,0,1800,40,30.21412849
90,0,1803,1811,-24.04936553,-16.04936553,-0.0101226281,-0.00675534489,8,0.003367283212,0,12,0,0,1,0,1827.049366,1827.049366,0,1800,41,30.25616574
91,0,1811,1805,-16.04936553,-22.04936553,-0.00675534489,-0.009280807299,-6,-0.002525462409,0,28,0,0,1,0,1827.049366,1827.049366,0,1800,42,30.29791307
92,0,1805,1810,-22.04936553,-17.04936553,-0.009280807299,-0.007176255292,5,0.002104552007,0,29,0,0,1,0,1827.049366,1827.049366,0,1800,43,30.33979344
93,0,1810,1803,-17.04936553,-24.04936553,-0.007176255292,-0.0101226281,-7,-0.00294637281,0,13,0,0,1,0,1827.049366,1827.049366,0,1800,44,30.3824017
94,0,1803,1811,-24.04936553,-16.04936553,-0.0101226281,-0.00675534489,8,0.003367283212,0,14,0,0,1,0,1827.049366,1827.049366,0,1800,45,30.42507195
95,0,1811,1803,-16.04936553,-24.04936553,-0.00675534489,-0.0101226281,-8,-0.003367283212,0,22,0,0,1,0,1827.049366,1827.049366,0,1800,46,30.46692324
96,0,1803,1812,-24.04936553,-15.04936553,-0.0101226281,-0.006334434489,9,0.003788193613,0,29,0,0,1,0,1827.049366,1827.049366,0,1800,47,30.50876164
97,0,1812,1803,-15.04936553,-24.04936553,-0.006334434489,-0.0101226281,-9,-0.003788193613,0,29,0,0,1,0,1827.049366,1827.049366,0,1800,48,30.55042243
98,0,1803,1811,-24.04936553,-16.04936553,-0.0101226281,-0.00675534489,8,0.003367283212,0,12,0,0,1,0,1827.049366,1827.049366,0,1800,49,30.59308648
99,0,1811,1804,-16.04936553,-23.04936553,-0.00675534489,-0.009701717701,-7,-0.00294637281,0,21,0,0,1,0,1827.049366,1827.049366,0,1800,50,30.63534212
100,0,1804,1809,-23.04936553,-18.04936553,-0.009701717701,-0.007597165693,5,0.002104552007,0,23,0,0,1,0,1827.049366,1827.049366,0,1800,51,30.67701745
101,0,1809,1803,-18.04936553,-24.04936553,-0.007597165693,-0.0101226281,-6,-0.002525462409,0,22,0,0,1,0,1827.049366,1827.049366,0,1800,52,30.71871948
102,0,1803,1811,-24.04936553,-16.04936553,-0.0101226281,-0.00675534489,8,0.003367283212,0,30,0,0,1,0,1827.049366,1827.049366,0,1800,53,30.76047659
103,0,1811,1802,-16.04936553,-25.04936553,-0.00675534489,-0.0105435385,-9,-0.003788193613,0,25,0,0,1,0,1827.049366,1827.049366,0,1800,54,30.80242062
104,0,1802,1811,-25.04936553,-16.04936553,-0.0105435385,-0.00675534489,9,0.003788193613,0,15,0,0,1,0,1827.049366,1827.049366,0,1800,55,30.84506822
105,0,1811,1803,-16.04936553,-24.04936553,-0.00675534489,-0.0101226281,-8,-0.003367283212,0,14,0,0,1,0,1827.049366,1827.049366,0,1800,56,30.88699627
106,0,1803,1810,-24.04936553,-17.04936553,-0.0101226281,-0.007176255292,7,0.00294637281,0,15,0,0,1,0,1827.049366,1827.049366,0,1800,57,30.92898822
107,0,1810,1802,-17.04936553,-25.04936553,-0.007176255292,-0.0105435385,-8,-0.003367283212,0,12,0,0,1,0,1827.049366,1827.049366,0,1800,58,30.97082782
108,0,1802,1809,-25.04936553,-18.04936553,-0.0105435385,-0.007597165693,7,0.00294637281,0,23,0,0,1,0,1827.049366,1827.049366,0,1800,59,31.0124321
109,0,1809,1803,-18.04936553,-24.04936553,-0.007597165693,-0.0101226281,-6,-0.002525462409,0,22,0,0,1,0,1827.049366,1827.049366,0,1800,60,31.05503368
110,0,1803,1808,-24.04936553,-19.04936553,-0.0101226281,-0.008018076095,5,0.002104552007,0,23,0,0,1,0,1827.049366,1827.049366,0,1800,61,31.09743977
111,0,1808,1800,-19.04936553,-27.04936553,-0.008018076095,-0.01138535931,-8,-0.003367283212,0,12,0,0,1,0,1827.049366,1827.049366,0,1800,62,31.14006448
112,0,1800,1805,-27.04936553,-22.04936553,-0.01138535931,-0.009280807299,5,0.002104552007,0,17,0,0,1,0,1827.049366,1827.049366,0,1800,63,31.18228364
113,0,1805,1808,-22.04936553,-19.04936553,-0.009280807299,-0.008018076095,3,0.001262731204,0,25,0,0,1,0,1827.049366,1827.049366,0,1800,64,31.22413564
114,0,1808,1816,-19.04936553,-11.04936553,-0.008018076095,-0.004650792883,8,0.003367283212,0,12,0,0,1,0,1827.049366,1827.049366,0,1800,65,31.26635098
115,0,1816,1798,-11.04936553,-29.04936553,-0.004650792883,-0.01222718011,-18,-0.007576387226,0,28,0,0,1,1,1827.049366,1827.049366,0,1798,0,31.30881715
116,0,1798,1816,-29.04936553,-11.04936553,-0.01222718011,-0.004650792883,18,0.007576387226,0,28,0,0,1,0,1827.049366,1827.049366,0,1798,1,31.35047913
117,0,1816,1798,-11.04936553,-29.04936553,-0.004650792883,-0.01222718011,-18,-0.007576387226,0,28,0,0,1,0,1827.049366,1827.049366,0,1798,2,31.39237404
118,0,1798,1816,-29.04936553,-11.04936553,-0.01222718011,-0.004650792883,18,0.007576387226,0,24,0,0,1,0,1827.049366,1827.049366,0,1798,3,31.43436551
119,0,1816,1798,-11.04936553,-29.04936553,-0.004650792883,-0.01222718011,-18,-0.007576387226,0,28,0,0,1,0,1827.049366,1827.049366,0,1798,4,31.47661376
120,0,1798,1811,-29.04936553,-16.04936553,-0.01222718011,-0.00675534489,13,0.005471835219,0,19,0,0,1,0,1827.049366,1827.049366,0,1798,5,31.51915717
121,0,1811,1802,-16.04936553,-25.04936553,-0.00675534489,-0.0105435385,-9,-0.003788193613,0,29,0,0,1,0,1827.049366,1827.049366,0,1798,6,31.56094456
122,0,1802,1810,-25.04936553,-17.04936553,-0.0105435385,-0.007176255292,8,0.003367283212,0,28,0,0,1,0,1827.049366,1827.049366,0,1798,7,31.60293007
123,0,1810,1797,-17.04936553,-30.04936553,-0.007176255292,-0.01264809051,-13,-0.005471835219,0,19,0,0,1,1,1827.049366,1827.049366,0,1797,0,31.64481664
124,0,1797,1808,-30.04936553,-19.04936553,-0.01264809051,-0.008018076095,11,0.004630014416,0,17,0,0,1,0,1827.049366,1827.049366,0,1797,1,31.68690133
125,0,1808,1801,-19.04936553,-26.04936553,-0.008018076095,-0.01096444891,-7,-0.00294637281,0,11,0,0,1,0,1827.049366,1827.049366,0,1797,2,31.72968197
126,0,1801,1813,-26.04936553,-14.04936553,-0.01096444891,-0.005913524087,12,0.005050924818,0,30,0,0,1,0,1827.049366,1827.049366,0,1797,3,31.77204943
127,0,1813,1803,-14.04936553,-24.04936553,-0.005913524087,-0.0101226281,-10,-0.004209104015,0,24,0,0,1,0,1827.049366,1827.049366,0,1797,4,31.81415939
128,0,1803,1814,-24.04936553,-13.04936553,-0.0101226281,-0.005492613686,11,0.004630014416,0,25,0,0,1,0,1827.049366,1827.049366,0,1797,5,31.85621452
129,0,1814,1810,-13.04936553,-17.04936553,-0.005492613686,-0.007176255292,-4,-0.001683641606,0,18,0,0,1,0,1827.049366,1827.049366,0,1797,6,31.89844155
130,0,1810,1817,-17.04936553,-10.04936553,-0.007176255292,-0.004229882482,7,0.00294637281,0,11,0,0,1,0,1827.049366,1827.049366,0,1797,7,31.94125104
131,0,1817,1809,-10.04936553,-18.04936553,-0.004229882482,-0.007597165693,-8,-0.003367283212,0,14,0,0,1,0,1827.049366,1827.049366,0,1797,8,31.98894763
132,0,1809,1811,-18.04936553,-16.04936553,-0.007597165693,-0.00675534489,2,0.0008418208029,0,22,0,0,1,0,1827.049366,1827.049366,0,1797,9,32.03189635
133,0,1811,1804,-16.04936553,-23.04936553,-0.00675534489,-0.009701717701,-7,-0.00294637281,0,27,0,0,1,0,1827.049366,1827.049366,0,1797,10,32.07413006
134,0,1804,1811,-23.04936553,-16.04936553,-0.009701717701,-0.00675534489,7,0.00294637281,0,15,0,0,1,0,1827.049366,1827.049366,0,1797,11,32.11656952
135,0,1811,1802,-16.04936553,-25.04936553,-0.00675534489,-0.0105435385,-9,-0.003788193613,0,17,0,0,1,0,1827.049366,1827.049366,0,1797,12,32.15942907
136,0,1802,1810,-25.04936553,-17.04936553,-0.0105435385,-0.007176255292,8,0.003367283212,0,20,0,0,1,0,1827.049366,1827.049366,0,1797,13,32.20223498
137,0,1810,1800,-17.04936553,-27.04936553,-0.007176255292,-0.01138535931,-10,-0.004209104015,0,22,0,0,1,0,1827.049366,1827.049366,0,1797,14,32.24431777
138,0,1800,1814,-27.04936553,-13.04936553,-0.01138535931,-0.005492613686,14,0.00589274562,0,26,0,0,1,0,1827.049366,1827.049366,0,1797,15,32.286798
139,0,1814,1806,-13.04936553,-21.04936553,-0.005492613686,-0.008859896898,-8,-0.003367283212,0,10,0,0,1,0,1827.049366,1827.049366,0,1797,16,32.32909584
140,0,1806,1815,-21.04936553,-12.04936553,-0.008859896898,-0.005071703285,9,0.003788193613,0,13,0,0,1,0,1827.049366,1827.049366,0,1797,17,32.37172818
141,0,1815,1807,-12.04936553,-20.04936553,-0.005071703285,-0.008438986496,-8,-0.003367283212,0,12,0,0,1,0,1827.049366,1827.049366,0,1797,18,32.41551852
142,0,1807,1815,-20.04936553,-12.04936553,-0.008438986496,-0.005071703285,8,0.003367283212,0,10,0,0,1,0,1827.049366,1827.049366,0,1797,19,32.45797133
143,0,1815,1808,-12.04936553,-19.04936553,-0.005071703285,-0.008018076095,-7,-0.00294637281,0,11,0,0,1,0,1827.049366,1827.049366,0,1797,20,32.50021076
144,0,1808,1809,-19.04936553,-18.04936553,-0.008018076095,-0.007597165693,1,0.0004209104015,0,23,0,0,1,0,1827.049366,1827.049366,0,1797,21,32.54254866
145,0,1809,1806,-18.04936553,-21.04936553,-0.007597165693,-0.008859896898,-3,-0.001262731204,0,19,0,0,1,0,1827.049366,1827.049366,0,1797,22,32.58521175
146,0,1806,1809,-21.04936553,-18.04936553,-0.008859896898,-0.007597165693,3,0.001262731204,0,27,0,0,1,0,1827.049366,1827.049366,0,1797,23,32.62815213
147,0,1809,1801,-18.04936553,-26.04936553,-0.007597165693,-0.01096444891,-8,-0.003367283212,0,10,0,0,1,0,1827.049366,1827.049366,0,1797,24,32.67055392
148,0,1801,1813,-26.04936553,-14.04936553,-0.01096444891,-0.005913524087,12,0.005050924818,0,22,0,0,1,0,1827.049366,1827.049366,0,1797,25,32.7128005
149,0,1813,1802,-14.04936553,-25.04936553,-0.005913524087,-0.0105435385,-11,-0.004630014416,0,13,0,0,1,0,1827.049366,1827.049366,0,1797,26,32.75499034
150,0,1802,1810,-25.04936553,-17.04936553,-0.0105435385,-0.007176255292,8,0.003367283212,0,20,0,0,1,0,1827.049366,1827.049366,0,1797,27,32.79767179
151,0,1810,1802,-17.04936553,-25.04936553,-0.007176255292,-0.0105435385,-8,-0.003367283212,0,20,0,0,1,0,1827.049366,1827.049366,0,1797,28,32.84046197
152,0,1802,1810,-25.04936553,-17.04936553,-0.0105435385,-0.007176255292,8,0.003367283212,0,20,0,0,1,0,1827.049366,1827.049366,0,1797,29,32.88285446
153,0,1810,1800,-17.04936553,-27.04936553,-0.007176255292,-0.01138535931,-10,-0.004209104015,0,16,0,0,1,0,1827.049366,1827.049366,0,1797,30,32.92513752
154,0,1800,1815,-27.04936553,-12.04936553,-0.01138535931,-0.005071703285,15,0.006313656022,0,29,0,0,1,0,1827.049366,1827.049366,0,1797,31,32.96731901
155,0,1815,1802,-12.04936553,-25.04936553,-0.005071703285,-0.0105435385,-13,-0.005471835219,0,21,0,0,1,0,1827.049366,1827.049366,0,1797,32,33.00976515
156,0,1802,1812,-25.04936553,-15.04936553,-0.0105435385,-0.006334434489,10,0.004209104015,0,30,0,0,1,0,1827.049366,1827.049366,0,1797,33,33.05221248
157,0,1812,1800,-15.04936553,-27.04936553,-0.006334434489,-0.01138535931,-12,-0.005050924818,0,22,0,0,1,0,1827.049366,1827.049366,0,1797,34,33.09507942
158,0,1800,1814,-27.04936553,-13.04936553,-0.01138535931,-0.005492613686,14,0.00589274562,0,30,0,0,1,0,1827.049366,1827.049366,0,1797,35,33.13721991
159,0,1814,1800,-13.04936553,-27.04936553,-0.005492613686,-0.01138535931,-14,-0.00589274562,0,28,0,0,1,0,1827.049366,1827.049366,0,1797,36,33.17957997
160,0,1800,1808,-27.04936553,-19.04936553,-0.01138535931,-0.008018076095,8,0.003367283212,0,10,0,0,1,0,1827.049366,1827.049366,0,1797,37,33.22179961
161,0,1808,1802,-19.04936553,-25.04936553,-0.008018076095,-0.0105435385,-6,-0.002525462409,0,12,0,0,1,0,1827.049366,1827.049366,0,1797,38,33.26437211
162,0,1802,1809,-25.04936553,-18.04936553,-0.0105435385,-0.007597165693,7,0.00294637281,0,19,0,0,1,0,1827.049366,1827.049366,0,1797,39,33.30747056
163,0,1809,1801,-18.04936553,-26.04936553,-0.007597165693,-0.01096444891,-8,-0.003367283212,0,10,0,0,1,0,1827.049366,1827.049366,0,1797,40,33.3496139
164,0,1801,1811,-26.04936553,-16.04936553,-0.01096444891,-0.00675534489,10,0.004209104015,0,12,0,0,1,0,1827.049366,1827.049366,0,1797,41,33.39188027
165,0,1811,1800,-16.04936553,-27.04936553,-0.00675534489,-0.01138535931,-11,-0.004630014416,0,13,0,0,1,0,1827.049366,1827.049366,0,1797,42,33.43420553
166,0,1800,1811,-27.04936553,-16.04936553,-0.01138535931,-0.00675534489,11,0.004630014416,0,19,0,0,1,0,1827.049366,1827.049366,0,1797,43,33.47664428
167,0,1811,1802,-16.04936553,-25.04936553,-0.00675534489,-0.0105435385,-9,-0.003788193613,0,21,0,0,1,0,1827.049366,1827.049366,0,1797,44,33.51930547
168,0,1802,1813,-25.04936553,-14.04936553,-0.0105435385,-0.005913524087,11,0.004630014416,0,15,0,0,1,0,1827.049366,1827.049366,0,1797,45,33.5614388
169,0,1813,1802,-14.04936553,-25.04936553,-0.005913524087,-0.0105435385,-11,-0.004630014416,0,15,0,0,1,0,1827.049366,1827.049366,0,1797,46,33.60370636
170,0,1802,1809,-25.04936553,-18.04936553,-0.0105435385,-0.007597165693,7,0.00294637281,0,23,0,0,1,0,1827.049366,1827.049366,0,1797,47,33.64610386
171,0,1809,1805,-18.04936553,-22.04936553,-0.007597165693,-0.009280807299,-4,-0.001683641606,0,26,0,0,1,0,1827.049366,1827.049366,0,1797,48,33.68826151
172,0,1805,1814,-22.04936553,-13.04936553,-0.009280807299,-0.005492613686,9,0.003788193613,0,11,0,0,1,0,1827.049366,1827.049366,0,1797,49,33.73130155
173,0,1814,1800,-13.04936553,-27.04936553,-0.005492613686,-0.01138535931,-14,-0.00589274562,0,30,0,0,1,0,1827.049366,1827.049366,0,1797,50,33.77419496
174,0,1800,1808,-27.04936553,-19.04936553,-0.01138535931,-0.008018076095,8,0.003367283212,0,12,0,0,1,0,1827.049366,1827.049366,0,1797,51,33.81588268
175,0,1808,1799,-19.04936553,-28.04936553,-0.008018076095,-0.01180626971,-9,-0.003788193613,0,11,0,0,1,0,1827.049366,1827.049366,0,1797,52,33.85766745
176,0,1799,1809,-28.04936553,-18.04936553,-0.01180626971,-0.007597165693,10,0.004209104015,0,20,0,0,1,0,1827.049366,1827.049366,0,1797,53,33.89948201
177,0,1809,1803,-18.04936553,-24.04936553,-0.007597165693,-0.0101226281,-6,-0.002525462409,0,24,0,0,1,0,1827.049366,1827.049366,0,1797,54,33.94199991
178,0,1803,1812,-24.04936553,-15.04936553,-0.0101226281,-0.006334434489,9,0.003788193613,0,17,0,0,1,0,1827.049366,1827.049366,0,1797,55,33.98481822
179,0,1812,1802,-15.04936553,-25.04936553,-0.006334434489,-0.0105435385,-10,-0.004209104015,0,28,0,0,1,0,1827.049366,1827.049366,0,1797,56,34.0265851
180,0,1802,1811,-25.04936553,-16.04936553,-0.0105435385,-0.00675534489,9,0.003788193613,0,21,0,0,1,0,1827.049366,1827.049366,0,1797,57,34.06820202
181,0,1811,1801,-16.04936553,-26.04936553,-0.00675534489,-0.01096444891,-10,-0.004209104015,0,12,0,0,1,0,1827.049366,1827.049366,0,1797,58,34.11021686
182,0,1801,1812,-26.04936553,-15.04936553,-0.01096444891,-0.006334434489,11,0.004630014416,0,21,0,0,1,0,1827.049366,1827.049366,0,1797,59,34.1522727
183,0,1812,1804,-15.04936553,-23.04936553,-0.006334434489,-0.009701717701,-8,-0.003367283212,0,24,0,0,1,0,1827.049366,1827.049366,0,1797,60,34.19482279
184,0,1804,1815,-23.04936553,-12.04936553,-0.009701717701,-0.005071703285,11,0.004630014416,0,15,0,0,1,0,1827.049366,1827.049366,0,1797,61,34.23668242
185,0,1815,1803,-12.04936553,-24.04936553,-0.005071703285,-0.0101226281,-12,-0.005050924818,0,22,0,0,1,0,1827.049366,1827.049366,0,1797,62,34.2783947
186,0,1803,1814,-24.04936553,-13.04936553,-0.0101226281,-0.005492613686,11,0.004630014416,0,13,0,0,1,0,1827.049366,1827.049366,0,1797,63,34.32030463
187,0,1814,1803,-13.04936553,-24.04936553,-0.005492613686,-0.0101226281,-11,-0.004630014416,0,23,0,0,1,0,1827.049366,1827.049366,0,1797,64,34.36201739
188,0,1803,1811,-24.04936553,-16.04936553,-0.0101226281,-0.00675534489,8,0.003367283212,0,26,0,0,1,0,1827.049366,1827.049366,0,1797,65,34.40443969
189,0,1811,1802,-16.04936553,-25.04936553,-0.00675534489,-0.0105435385,-9,-0.003788193613,0,25,0,0,1,0,1827.049366,1827.049366,0,1797,66,34.44691896
190,0,1802,1813,-25.04936553,-14.04936553,-0.0105435385,-0.005913524087,11,0.004630014416,0,21,0,0,1,0,1827.049366,1827.049366,0,1797,67,34.48866415
191,0,1813,1804,-14.04936553,-23.04936553,-0.005913524087,-0.009701717701,-9,-0.003788193613,0,11,0,0,1,0,1827.049366,1827.049366,0,1797,68,34.53051877
192,0,1804,1811,-23.04936553,-16.04936553,-0.009701717701,-0.00675534489,7,0.00294637281,0,21,0,0,1,0,1827.049366,1827.049366,0,1797,69,34.57231784
193,0,1811,1804,-16.04936553,-23.04936553,-0.00675534489,-0.009701717701,-7,-0.00294637281,0,13,0,0,1,0,1827.049366,1827.049366,0,1797,70,34.61427975
194,0,1804,1810,-23.04936553,-17.04936553,-0.009701717701,-0.007176255292,6,0.002525462409,0,26,0,0,1,0,1827.049366,1827.049366,0,1797,71,34.65689397
195,0,1810,1803,-17.04936553,-24.04936553,-0.007176255292,-0.0101226281,-7,-0.00294637281,0,17,0,0,1,0,1827.049366,1827.049366,0,1797,72,34.69916415
196,0,1803,1810,-24.04936553,-17.04936553,-0.0101226281,-0.007176255292,7,0.00294637281,0,17,0,0,1,0,1827.049366,1827.049366,0,1797,73,34.74084592
197,0,1810,1803,-17.04936553,-24.04936553,-0.007176255292,-0.0101226281,-7,-0.00294637281,0,27,0,0,1,0,1827.049366,1827.049366,0,1797,74,34.78261948
198,0,1803,1810,-24.04936553,-17.04936553,-0.0101226281,-0.007176255292,7,0.00294637281,0,15,0,0,1,0,1827.049366,1827.049366,0,1797,75,34.82477617
199,0,1810,1804,-17.04936553,-23.04936553,-0.007176255292,-0.009701717701,-6,-0.002525462409,0,18,0,0,1,0,1827.049366,1827.049366,0,1797,76,34.86707997
200,0,1804,1808,-23.04936553,-19.04936553,-0.009701717701,-0.008018076095,4,0.001683641606,0,26,0,0,1,0,1827.049366,1827.049366,0,1797,77,34.90944505
201,0,1808,1804,-19.04936553,-23.04936553,-0.008018076095,-0.009701717701,-4,-0.001683641606,0,26,0,0,1,0,1827.049366,1827.049366,0,1797,78,34.95126224
202,0,1804,1810,-23.04936553,-17.04936553,-0.009701717701,-0.007176255292,6,0.002525462409,0,14,0,0,1,0,1827.049366,1827.049366,0,1797,79,34.99384475
203,0,1810,1803,-17.04936553,-24.04936553,-0.007176255292,-0.0101226281,-7,-0.00294637281,0,29,0,0,1,0,1827.049366,1827.049366,0,1797,80,35.03585553
204,0,1803,1811,-24.04936553,-16.04936553,-0.0101226281,-0.00675534489,8,0.003367283212,0,10,0,0,1,0,1827.049366,1827.049366,0,1797,81,35.07811856
205,0,1811,1801,-16.04936553,-26.04936553,-0.00675534489,-0.01096444891,-10,-0.004209104015,0,14,0,0,1,0,1827.049366,1827.049366,0,1797,82,35.12072659
206,0,1801,1811,-26.04936553,-16.04936553,-0.01096444891,-0.00675534489,10,0.004209104015,0,16,0,0,1,0,1827.049366,1827.049366,0,1797,83,35.16348648
207,0,1811,1802,-16.04936553,-25.04936553,-0.00675534489,-0.0105435385,-9,-0.003788193613,0,21,0,0,1,0,1827.049366,1827.049366,0,1797,84,35.2063489
208,0,1802,1813,-25.04936553,-14.04936553,-0.0105435385,-0.005913524087,11,0.004630014416,0,25,0,0,1,0,1827.049366,1827.049366,0,1797,85,35.24915862
209,0,1813,1802,-14.04936553,-25.04936553,-0.005913524087,-0.0105435385,-11,-0.004630014416,0,17,0,0,1,0,1827.049366,1827.049366,0,1797,86,35.29220247
210,0,1802,1811,-25.04936553,-16.04936553,-0.0105435385,-0.00675534489,9,0.003788193613,0,27,0,0,1,0,1827.049366,1827.049366,0,1797,87,35.33564544
211,0,1811,1798,-16.04936553,-29.04936553,-0.00675534489,-0.01222718011,-13,-0.005471835219,0,21,0,0,1,0,1827.049366,1827.049366,0,1797,88,35.37859106
212,0,1798,1811,-29.04936553,-16.04936553,-0.01222718011,-0.00675534489,13,0.005471835219,0,23,0,0,1,0,1827.049366,1827.049366,0,1797,89,35.42142797
213,0,1811,1797,-16.04936553,-30.04936553,-0.00675534489,-0.01264809051,-14,-0.00589274562,0,22,0,0,1,0,1827.049366,1827.049366,0,1797,90,35.46444249
214,0,1797,1815,-30.04936553,-12.04936553,-0.01264809051,-0.005071703285,18,0.007576387226,0,26,0,0,1,0,1827.049366,1827.049366,0,1797,91,35.50817585
215,0,1815,1798,-12.04936553,-29.04936553,-0.005071703285,-0.01222718011,-17,-0.007155476825,0,29,0,0,1,0,1827.049366,1827.049366,0,1797,92,35.5619204
216,0,1798,1815,-29.04936553,-12.04936553,-0.01222718011,-0.005071703285,17,0.007155476825,0,29,0,0,1,0,1827.049366,1827.049366,0,1797,93,35.60707712
217,0,1815,1802,-12.04936553,-25.04936553,-0.005071703285,-0.0105435385,-13,-0.005471835219,0,21,0,0,1,0,1827.049366,1827.049366,0,1797,94,35.65120792
218,0,1802,1811,-25.04936553,-16.04936553,-0.0105435385,-0.00675534489,9,0.003788193613,0,25,0,0,1,0,1827.049366,1827.049366,0,1797,95,35.69178128
219,0,1811,1799,-16.04936553,-28.04936553,-0.00675534489,-0.01180626971,-12,-0.005050924818,0,18,0,0,1,0,1827.049366,1827.049366,0,1797,96,35.73139071
220,0,1799,1813,-28.04936553,-14.04936553,-0.01180626971,-0.005913524087,14,0.00589274562,0,24,0,0,1,0,1827.049366,1827.049366,0,1797,97,35.77093697
221,0,1813,1802,-14.04936553,-25.04936553,-0.005913524087,-0.0105435385,-11,-0.004630014416,0,21,0,0,1,0,1827.049366,1827.049366,0,1797,98,35.81029105
222,0,1802,1811,-25.04936553,-16.04936553,-0.0105435385,-0.00675534489,9,0.003788193613,0,27,0,0,1,0,1827.049366,1827.049366,0,1797,99,35.8506813
223,0,1811,1802,-16.04936553,-25.04936553,-0.00675534489,-0.0105435385,-9,-0.003788193613,0,29,0,0,1,0,1827.049366,1827.049366,0,1797,100,35.89008236
224,0,1802,1813,-25.04936553,-14.04936553,-0.0105435385,-0.005913524087,11,0.004630014416,0,17,0,0,1,0,1827.049366,1827.049366,0,1797,101,35.93023586
225,0,1813,1803,-14.04936553,-24.04936553,-0.005913524087,-0.0101226281,-10,-0.004209104015,0,16,0,0,1,0,1827.049366,1827.049366,0,1797,102,35.96942449
226,0,1803,1811,-24.04936553,-16.04936553,-0.0101226281,-0.00675534489,8,0.003367283212,0,28,0,0,1,0,1827.049366,1827.049366,0,1797,103,36.00852847
227,0,1811,1805,-16.04936553,-22.04936553,-0.00675534489,-0.009280807299,-6,-0.002525462409,0,26,0,0,1,0,1827.049366,1827.049366,0,1797,104,36.04764032
228,0,1805,1812,-22.04936553,-15.04936553,-0.009280807299,-0.006334434489,7,0.00294637281,0,11,0,0,1,0,1827.049366,1827.049366,0,1797,105,36.08656931
229,0,1812,1806,-15.04936553,-21.04936553,-0.006334434489,-0.008859896898,-6,-0.002525462409,0,22,0,0,1,0,1827.049366,1827.049366,0,1797,106,36.12550759
230,0,1806,1811,-21.04936553,-16.04936553,-0.008859896898,-0.00675534489,5,0.002104552007,0,17,0,0,1,0,1827.049366,1827.049366,0,1797,107,36.16447377
231,0,1811,1805,-16.04936553,-22.04936553,-0.00675534489,-0.009280807299,-6,-0.002525462409,0,12,0,0,1,0,1827.049366,1827.049366,0,1797,108,36.20443439
232,0,1805,1812,-22.04936553,-15.04936553,-0.009280807299,-0.006334434489,7,0.00294637281,0,13,0,0,1,0,1827.049366,1827.049366,0,1797,109,36.24547243
233,0,1812,1804,-15.04936553,-23.04936553,-0.006334434489,-0.009701717701,-8,-0.003367283212,0,24,0,0,1,0,1827.049366,1827.049366,0,1797,110,36.28714275
234,0,1804,1810,-23.04936553,-17.04936553,-0.009701717701,-0.007176255292,6,0.002525462409,0,28,0,0,1,0,1827.049366,1827.049366,0,1797,111,36.32937741
235,0,1810,1803,-17.04936553,-24.04936553,-0.007176255292,-0.0101226281,-7,-0.00294637281,0,19,0,0,1,0,1827.049366,1827.049366,0,1797,112,36.37093282
236,0,1803,1811,-24.04936553,-16.04936553,-0.0101226281,-0.00675534489,8,0.003367283212,0,30,0,0,1,0,1827.049366,1827.049366,0,1797,113,36.41116095
237,0,1811,1804,-16.04936553,-23.04936553,-0.00675534489,-0.009701717701,-7,-0.00294637281,0,17,0,0,1,0,1827.049366,1827.049366,0,1797,114,36.45147371
238,0,1804,1812,-23.04936553,-15.04936553,-0.009701717701,-0.006334434489,8,0.003367283212,0,20,0,0,1,0,1827.049366,1827.049366,0,1797,115,36.49276733
239,0,1812,1806,-15.04936553,-21.04936553,-0.006334434489,-0.008859896898,-6,-0.002525462409,0,14,0,0,1,0,1827.049366,1827.049366,0,1797,116,36.53427505
240,0,1806,1809,-21.04936553,-18.04936553,-0.008859896898,-0.007597165693,3,0.001262731204,0,29,0,0,1,0,1827.049366,1827.049366,0,1797,117,36.57460904
241,0,1809,1804,-18.04936553,-23.04936553,-0.007597165693,-0.009701717701,-5,-0.002104552007,0,25,0,0,1,0,1827.049366,1827.049366,0,1797,118,36.61455441
242,0,1804,1809,-23.04936553,-18.04936553,-0.009701717701,-0.007597165693,5,0.002104552007,0,25,0,0,1,0,1827.049366,1827.049366,0,1797,119,36.65484071
243,0,1809,1803,-18.04936553,-24.04936553,-0.007597165693,-0.0101226281,-6,-0.002525462409,0,14,0,0,1,0,1827.049366,1827.049366,0,1797,120,36.69520831
244,0,1803,1811,-24.04936553,-16.04936553,-0.0101226281,-0.00675534489,8,0.003367283212,0,24,0,0,1,0,1827.049366,1827.049366,0,1797,121,36.73583031
245,0,1811,1802,-16.04936553,-25.04936553,-0.00675534489,-0.0105435385,-9,-0.003788193613,0,21,0,0,1,0,1827.049366,1827.049366,0,1797,122,36.77754879
246,0,1802,1811,-25.04936553,-16.04936553,-0.0105435385,-0.00675534489,9,0.003788193613,0,21,0,0,1,0,1827.049366,1827.049366,0,1797,123,36.81822467
247,0,1811,1804,-16.04936553,-23.04936553,-0.00675534489,-0.009701717701,-7,-0.00294637281,0,15,0,0,1,0,1827.049366,1827.049366,0,1797,124,36.85792518
248,0,1804,1811,-23.04936553,-16.04936553,-0.009701717701,-0.00675534489,7,0.00294637281,0,13,0,0,1,0,1827.049366,1827.049366,0,1797,125,36.89797211
249,0,1811,1803,-16.04936553,-24.04936553,-0.00675534489,-0.0101226281,-8,-0.003367283212,0,30,0,0,1,0,1827.049366,1827.049366,0,1797,126,36.93829679
250,0,1803,1812,-24.04936553,-15.04936553,-0.0101226281,-0.006334434489,9,0.003788193613,0,25,0,0,1,0,1827.049366,1827.049366,0,1797,127,36.98007464
251,0,1812,1802,-15.04936553,-25.04936553,-0.006334434489,-0.0105435385,-10,-0.004209104015,0,30,0,0,1,0,1827.049366,1827.049366,0,1797,128,37.02293611
252,0,1802,1810,-25.04936553,-17.04936553,-0.0105435385,-0.007176255292,8,0.003367283212,0,20,0,0,1,0,1827.049366,1827.049366,0,1797,129,37.06348515
253,0,1810,1802,-17.04936553,-25.04936553,-0.007176255292,-0.0105435385,-8,-0.003367283212,0,10,0,0,1,0,1827.049366,1827.049366,0,1797,130,37.10347128
254,0,1802,1811,-25.04936553,-16.04936553,-0.0105435385,-0.00675534489,9,0.003788193613,0,15,0,0,1,0,1827.049366,1827.049366,0,1797,131,37.14370918
255,0,1811,1802,-16.04936553,-25.04936553,-0.00675534489,-0.0105435385,-9,-0.003788193613,0,15,0,0,1,0,1827.049366,1827.049366,0,1797,132,37.18385291
256,0,1802,1811,-25.04936553,-16.04936553,-0.0105435385,-0.00675534489,9,0.003788193613,0,11,0,0,1,0,1827.049366,1827.049366,0,1797,133,37.22527361
257,0,1811,1804,-16.04936553,-23.04936553,-0.00675534489,-0.009701717701,-7,-0.00294637281,0,29,0,0,1,0,1827.049366,1827.049366,0,1797,134,37.26639128
258,0,1804,1813,-23.04936553,-14.04936553,-0.009701717701,-0.005913524087,9,0.003788193613,0,15,0,0,1,0,1827.049366,1827.049366,0,1797,135,37.30646658
259,0,1813,1803,-14.04936553,-24.04936553,-0.005913524087,-0.0101226281,-10,-0.004209104015,0,18,0,0,1,0,1827.049366,1827.049366,0,1797,136,37.34665585
260,0,1803,1815,-24.04936553,-12.04936553,-0.0101226281,-0.005071703285,12,0.005050924818,0,20,0,0,1,0,1827.049366,1827.049366,0,1797,137,37.38677263
261,0,1815,1803,-12.04936553,-24.04936553,-0.005071703285,-0.0101226281,-12,-0.005050924818,0,20,0,0,1,0,1827.049366,1827.049366,0,1797,138,37.42768979
262,0,1803,1814,-24.04936553,-13.04936553,-0.0101226281,-0.005492613686,11,0.004630014416,0,21,0,0,1,0,1827.049366,1827.049366,0,1797,139,37.46944308
263,0,1814,1801,-13.04936553,-26.04936553,-0.005492613686,-0.01096444891,-13,-0.005471835219,0,29,0,0,1,0,1827.049366,1827.049366,0,1797,140,37.51007986
264,0,1801,1814,-26.04936553,-13.04936553,-0.01096444891,-0.005492613686,13,0.005471835219,0,29,0,0,1,0,1827.049366,1827.049366,0,1797,141,37.55007529
265,0,1814,1804,-13.04936553,-23.04936553,-0.005492613686,-0.009701717701,-10,-0.004209104015,0,24,0,0,1,0,1827.049366,1827.049366,0,1797,142,37.5902462
266,0,1804,1815,-23.04936553,-12.04936553,-0.009701717701,-0.005071703285,11,0.004630014416,0,21,0,0,1,0,1827.049366,1827.049366,0,1797,143,37.63137531
267,0,1815,1806,-12.04936553,-21.04936553,-0.005071703285,-0.008859896898,-9,-0.003788193613,0,11,0,0,1,0,1827.049366,1827.049366,0,1797,144,37.67302656
268,0,1806,1814,-21.04936553,-13.04936553,-0.008859896898,-0.005492613686,8,0.003367283212,0,22,0,0,1,0,1827.049366,1827.049366,0,1797,145,37.71453881
269,0,1814,1807,-13.04936553,-20.04936553,-0.005492613686,-0.008438986496,-7,-0.00294637281,0,19,0,0,1,0,1827.049366,1827.049366,0,1797,146,37.75526977
270,0,1807,1816,-20.04936553,-11.04936553,-0.008438986496,-0.004650792883,9,0.003788193613,0,11,0,0,1,0,1827.049366,1827.049366,0,1797,147,37.79634929
271,0,1816,1799,-11.04936553,-28.04936553,-0.004650792883,-0.01180626971,-17,-0.007155476825,0,27,0,0,1,0,1827.049366,1827.049366,0,1797,148,37.83753109
272,0,1799,1809,-28.04936553,-18.04936553,-0.01180626971,-0.007597165693,10,0.004209104015,0,14,0,0,1,0,1827.049366,1827.049366,0,1797,149,37.87893867
273,0,1809,1800,-18.04936553,-27.04936553,-0.007597165693,-0.01138535931,-9,-0.003788193613,0,11,0,0,1,0,1827.049366,1827.049366,0,1797,150,37.92091203
274,0,1800,1814,-27.04936553,-13.04936553,-0.01138535931,-0.005492613686,14,0.00589274562,0,28,0,0,1,0,1827.049366,1827.049366,0,1797,151,37.96229649
275,0,1814,1803,-13.04936553,-24.04936553,-0.005492613686,-0.0101226281,-11,-0.004630014416,0,23,0,0,1,0,1827.049366,1827.049366,0,1797,152,38.00308371
276,0,1803,1811,-24.04936553,-16.04936553,-0.0101226281,-0.00675534489,8,0.003367283212,0,14,0,0,1,0,1827.049366,1827.049366,0,1797,153,38.04397988
277,0,1811,1805,-16.04936553,-22.04936553,-0.00675534489,-0.009280807299,-6,-0.002525462409,0,24,0,0,1,0,1827.049366,1827.049366,0,1797,154,38.08514977
278,0,1805,1809,-22.04936553,-18.04936553,-0.009280807299,-0.007597165693,4,0.001683641606,0,30,0,0,1,0,1827.049366,1827.049366,0,1797,155,38.12690234
279,0,1809,1799,-18.04936553,-28.04936553,-0.007597165693,-0.01180626971,-10,-0.004209104015,0,12,0,0,1,0,1827.049366,1827.049366,0,1797,156,38.16873026
280,0,1799,1814,-28.04936553,-13.04936553,-0.01180626971,-0.005492613686,15,0.006313656022,0,29,0,0,1,0,1827.049366,1827.049366,0,1797,157,38.20981073
281,0,1814,1799,-13.04936553,-28.04936553,-0.005492613686,-0.01180626971,-15,-0.006313656022,0,29,0,0,1,0,1827.049366,1827.049366,0,1797,158,38.25102735
282,0,1799,1814,-28.04936553,-13.04936553,-0.01180626971,-0.005492613686,15,0.006313656022,0,29,0,0,1,0,1827.049366,1827.049366,0,1797,159,38.29278564
283,0,1814,1801,-13.04936553,-26.04936553,-0.005492613686,-0.01096444891,-13,-0.005471835219,0,19,0,0,1,0,1827.049366,1827.049366,0,1797,160,38.33535433
284,0,1801,1812,-26.04936553,-15.04936553,-0.01096444891,-0.006334434489,11,0.004630014416,0,23,0,0,1,0,1827.049366,1827.049366,0,1797,161,38.37738466
285,0,1812,1803,-15.04936553,-24.04936553,-0.006334434489,-0.0101226281,-9,-0.003788193613,0,11,0,0,1,0,1827.049366,1827.049366,0,1797,162,38.41882038
286,0,1803,1809,-24.04936553,-18.04936553,-0.0101226281,-0.007597165693,6,0.002525462409,0,26,0,0,1,0,1827.049366,1827.049366,0,1797,163,38.46015787
287,0,1809,1801,-18.04936553,-26.04936553,-0.007597165693,-0.01096444891,-8,-0.003367283212,0,24,0,0,1,0,1827.049366,1827.049366,0,1797,164,38.50152683
288,0,1801,1807,-26.04936553,-20.04936553,-0.01096444891,-0.008438986496,6,0.002525462409,0,18,0,0,1,0,1827.049366,1827.049366,0,1797,165,38.54282045
289,0,1807,1800,-20.04936553,-27.04936553,-0.008438986496,-0.01138535931,-7,-0.00294637281,0,19,0,0,1,0,1827.049366,1827.049366,0,1797,166,38.58469343
290,0,1800,1808,-27.04936553,-19.04936553,-0.01138535931,-0.008018076095,8,0.003367283212,0,12,0,0,1,0,1827.049366,1827.049366,0,1797,167,38.62686467
291,0,1808,1804,-19.04936553,-23.04936553,-0.008018076095,-0.009701717701,-4,-0.001683641606,0,28,0,0,1,0,1827.049366,1827.049366,0,1797,168,38.66803265
292,0,1804,1811,-23.04936553,-16.04936553,-0.009701717701,-0.00675534489,7,0.00294637281,0,23,0,0,1,0,1827.049366,1827.049366,0,1797,169,38.70916581
293,0,1811,1802,-16.04936553,-25.04936553,-0.00675534489,-0.0105435385,-9,-0.003788193613,0,11,0,0,1,0,1827.049366,1827.049366,0,1797,170,38.75056791
294,0,1802,1810,-25.04936553,-17.04936553,-0.0105435385,-0.007176255292,8,0.003367283212,0,10,0,0,1,0,1827.049366,1827.049366,0,1797,171,38.79212856
295,0,1810,1804,-17.04936553,-23.04936553,-0.007176255292,-0.009701717701,-6,-0.002525462409,0,22,0,0,1,0,1827.049366,1827.049366,0,1797,172,38.83433843
296,0,1804,1812,-23.04936553,-15.04936553,-0.009701717701,-0.006334434489,8,0.003367283212,0,16,0,0,1,0,1827.049366,1827.049366,0,1797,173,38.8757925
297,0,1812,1803,-15.04936553,-24.04936553,-0.006334434489,-0.0101226281,-9,-0.003788193613,0,19,0,0,1,0,1827.049366,1827.049366,0,1797,174,38.91712189
298,0,1803,1812,-24.04936553,-15.04936553,-0.0101226281,-0.006334434489,9,0.003788193613,0,19,0,0,1,0,1827.049366,1827.049366,0,1797,175,38.958709
299,0,1812,1802,-15.04936553,-25.04936553,-0.006334434489,-0.0105435385,-10,-0.004209104015,0,22,0,0,1,0,1827.049366,1827.049366,0,1797,176,39.0000968
300,0,1802,1812,-25.04936553,-15.04936553,-0.0105435385,-0.006334434489,10,0.004209104015,0,22,0,0,1,0,1827.049366,1827.049366,0,1797,177,39.04206061
301,0,1812,1800,-15.04936553,-27.04936553,-0.006334434489,-0.01138535931,-12,-0.005050924818,0,28,0,0,1,0,1827.049366,1827.049366,0,1797,178,39.08411932
302,0,1800,1810,-27.04936553,-17.04936553,-0.01138535931,-0.007176255292,10,0.004209104015,0,22,0,0,1,0,1827.049366,1827.049366,0,1797,179,39.12528801
303,0,1810,1802,-17.04936553,-25.04936553,-0.007176255292,-0.0105435385,-8,-0.003367283212,0,16,0,0,1,0,1827.049366,1827.049366,0,1797,180,39.16691089
304,0,1802,1807,-25.04936553,-20.04936553,-0.0105435385,-0.008438986496,5,0.002104552007,0,23,0,0,1,0,1827.049366,1827.049366,0,1797,181,39.20848584
305,0,1807,1803,-20.04936553,-24.04936553,-0.008438986496,-0.0101226281,-4,-0.001683641606,0,24,0,0,1,0,1827.049366,1827.049366,0,1797,182,39.25108933
306,0,1803,1810,-24.04936553,-17.04936553,-0.0101226281,-0.007176255292,7,0.00294637281,0,13,0,0,1,0,1827.049366,1827.049366,0,1797,183,39.29483628
307,0,1810,1802,-17.04936553,-25.04936553,-0.007176255292,-0.0105435385,-8,-0.003367283212,0,26,0,0,1,0,1827.049366,1827.049366,0,1797,184,39.3373735
308,0,1802,1809,-25.04936553,-18.04936553,-0.0105435385,-0.007597165693,7,0.00294637281,0,19,0,0,1,0,1827.049366,1827.049366,0,1797,185,39.37870669
309,0,1809,1803,-18.04936553,-24.04936553,-0.007597165693,-0.0101226281,-6,-0.002525462409,0,22,0,0,1,0,1827.049366,1827.049366,0,1797,186,39.420084
310,0,1803,1810,-24.04936553,-17.04936553,-0.0101226281,-0.007176255292,7,0.00294637281,0,23,0,0,1,0,1827.049366,1827.049366,0,1797,187,39.46145177
311,0,1810,1802,-17.04936553,-25.04936553,-0.007176255292,-0.0105435385,-8,-0.003367283212,0,26,0,0,1,0,1827.049366,1827.049366,0,1797,188,39.5033989
312,0,1802,1809,-25.04936553,-18.04936553,-0.0105435385,-0.007597165693,7,0.00294637281,0,11,0,0,1,0,1827.049366,1827.049366,0,1797,189,39.54522586
313,0,1809,1802,-18.04936553,-25.04936553,-0.007597165693,-0.0105435385,-7,-0.00294637281,0,15,0,0,1,0,1827.049366,1827.049366,0,1797,190,39.58621073
314,0,1802,1810,-25.04936553,-17.04936553,-0.0105435385,-0.007176255292,8,0.003367283212,0,20,0,0,1,0,1827.049366,1827.049366,0,1797,191,39.62752748
315,0,1810,1802,-17.04936553,-25.04936553,-0.007176255292,-0.0105435385,-8,-0.003367283212,0,28,0,0,1,0,1827.049366,1827.049366,0,1797,192,39.66872454
316,0,1802,1810,-25.04936553,-17.04936553,-0.0105435385,-0.007176255292,8,0.003367283212,0,10,0,0,1,0,1827.049366,1827.049366,0,1797,193,39.7103343
317,0,1810,1801,-17.04936553,-26.04936553,-0.007176255292,-0.01096444891,-9,-0.003788193613,0,13,0,0,1,0,1827.049366,1827.049366,0,1797,194,39.75247383
318,0,1801,1809,-26.04936553,-18.04936553,-0.01096444891,-0.007597165693,8,0.003367283212,0,18,0,0,1,0,1827.049366,1827.049366,0,1797,195,39.79384685
319,0,1809,1804,-18.04936553,-23.04936553,-0.007597165693,-0.009701717701,-5,-0.002104552007,0,23,0,0,1,0,1827.049366,1827.049366,0,1797,196,39.83488154
320,0,1804,1810,-23.04936553,-17.04936553,-0.009701717701,-0.007176255292,6,0.002525462409,0,30,0,0,1,0,1827.049366,1827.049366,0,1797,197,39.87604856
321,0,1810,1806,-17.04936553,-21.04936553,-0.007176255292,-0.008859896898,-4,-0.001683641606,0,22,0,0,1,0,1827.049366,1827.049366,0,1797,198,39.91718531
322,0,1806,1814,-21.04936553,-13.04936553,-0.008859896898,-0.005492613686,8,0.003367283212,0,18,0,0,1,0,1827.049366,1827.049366,0,1797,199,39.95925426
323,0,1814,1806,-13.04936553,-21.04936553,-0.005492613686,-0.008859896898,-8,-0.003367283212,0,10,0,0,1,0,1827.049366,1827.049366,0,1797,200,40.00083184
324,0,1806,1808,-21.04936553,-19.04936553,-0.008859896898,-0.008018076095,2,0.0008418208029,0,30,0,0,1,0,1827.049366,1827.049366,0,1797,201,40.04169631
325,0,1808,1800,-19.04936553,-27.04936553,-0.008018076095,-0.01138535931,-8,-0.003367283212,0,18,0,0,1,0,1827.049366,1827.049366,0,1797,202,40.08290505
326,0,1800,1808,-27.04936553,-19.04936553,-0.01138535931,-0.008018076095,8,0.003367283212,0,16,0,0,1,0,1827.049366,1827.049366,0,1797,203,40.12419033
327,0,1808,1804,-19.04936553,-23.04936553,-0.008018076095,-0.009701717701,-4,-0.001683641606,0,26,0,0,1,0,1827.049366,1827.049366,0,1797,204,40.16611362
328,0,1804,1808,-23.04936553,-19.04936553,-0.009701717701,-0.008018076095,4,0.001683641606,0,28,0,0,1,0,1827.049366,1827.049366,0,1797,205,40.20808744
329,0,1808,1805,-19.04936553,-22.04936553,-0.008018076095,-0.009280807299,-3,-0.001262731204,0,29,0,0,1,0,1827.049366,1827.049366,0,1797,206,40.24911213
330,0,1805,1814,-22.04936553,-13.04936553,-0.009280807299,-0.005492613686,9,0.003788193613,0,17,0,0,1,0,1827.049366,1827.049366,0,1797,207,40.2903049
331,0,1814,1799,-13.04936553,-28.04936553,-0.005492613686,-0.01180626971,-15,-0.006313656022,0,29,0,0,1,0,1827.049366,1827.049366,0,1797,208,40.3313818
332,0,1799,1814,-28.04936553,-13.04936553,-0.01180626971,-0.005492613686,15,0.006313656022,0,29,0,0,1,0,1827.049366,1827.049366,0,1797,209,40.37277269
333,0,1814,1799,-13.04936553,-28.04936553,-0.005492613686,-0.01180626971,-15,-0.006313656022,0,25,0,0,1,0,1827.049366,1827.049366,0,1797,210,40.41495538
334,0,1799,1807,-28.04936553,-20.04936553,-0.01180626971,-0.008438986496,8,0.003367283212,0,10,0,0,1,0,1827.049366,1827.049366,0,1797,211,40.45631266
335,0,1807,1798,-20.04936553,-29.04936553,-0.008438986496,-0.01222718011,-9,-0.003788193613,0,13,0,0,1,0,1827.049366,1827.049366,0,1797,212,40.49743199
336,0,1798,1807,-29.04936553,-20.04936553,-0.01222718011,-0.008438986496,9,0.003788193613,0,11,0,0,1,0,1827.049366,1827.049366,0,1797,213,40.53951645
337,0,1807,1797,-20.04936553,-30.04936553,-0.008438986496,-0.01264809051,-10,-0.004209104015,0,14,0,0,1,0,1827.049366,1827.049366,0,1797,214,40.58251238
338,0,1797,1811,-30.04936553,-16.04936553,-0.01264809051,-0.00675534489,14,0.00589274562,0,18,0,0,1,0,1827.049366,1827.049366,0,1797,215,40.6248126
339,0,1811,1798,-16.04936553,-29.04936553,-0.00675534489,-0.01222718011,-13,-0.005471835219,0,19,0,0,1,0,1827.049366,1827.049366,0,1797,216,40.66653776
340,0,1798,1810,-29.04936553,-17.04936553,-0.01222718011,-0.007176255292,12,0.005050924818,0,16,0,0,1,0,1827.049366,1827.049366,0,1797,217,40.70763993
341,0,1810,1800,-17.04936553,-27.04936553,-0.007176255292,-0.01138535931,-10,-0.004209104015,0,14,0,0,1,0,1827.049366,1827.049366,0,1797,218,40.74889469
342,0,1800,1815,-27.04936553,-12.04936553,-0.01138535931,-0.005071703285,15,0.006313656022,0,27,0,0,1,0,1827.049366,1827.049366,0,1797,219,40.79000664
343,0,1815,1806,-12.04936553,-21.04936553,-0.005071703285,-0.008859896898,-9,-0.003788193613,0,13,0,0,1,0,1827.049366,1827.049366,0,1797,220,40.83169937
344,0,1806,1808,-21.04936553,-19.04936553,-0.008859896898,-0.008018076095,2,0.0008418208029,0,30,0,0,1,0,1827.049366,1827.049366,0,1797,221,40.87379503
345,0,1808,1804,-19.04936553,-23.04936553,-0.008018076095,-0.009701717701,-4,-0.001683641606,0,26,0,0,1,0,1827.049366,1827.049366,0,1797,222,40.91500258
346,0,1804,1812,-23.04936553,-15.04936553,-0.009701717701,-0.006334434489,8,0.003367283212,0,20,0,0,1,0,1827.049366,1827.049366,0,1797,223,40.95649076
347,0,1812,1801,-15.04936553,-26.04936553,-0.006334434489,-0.01096444891,-11,-0.004630014416,0,23,0,0,1,0,1827.049366,1827.049366,0,1797,224,40.99775743
348,0,1801,1809,-26.04936553,-18.04936553,-0.01096444891,-0.007597165693,8,0.003367283212,0,14,0,0,1,0,1827.049366,1827.049366,0,1797,225,41.03915381
349,0,1809,1805,-18.04936553,-22.04936553,-0.007597165693,-0.009280807299,-4,-0.001683641606,0,30,0,0,1,0,1827.049366,1827.049366,0,1797,226,41.08126211
350,0,1805,1814,-22.04936553,-13.04936553,-0.009280807299,-0.005492613686,9,0.003788193613,0,13,0,0,1,0,1827.049366,1827.049366,0,1797,227,41.12275791
351,0,1814,1800,-13.04936553,-27.04936553,-0.005492613686,-0.01138535931,-14,-0.00589274562,0,28,0,0,1,0,1827.049366,1827.049366,0,1797,228,41.16379142
352,0,1800,1810,-27.04936553,-17.04936553,-0.01138535931,-0.007176255292,10,0.004209104015,0,20,0,0,1,0,1827.049366,1827.049366,0,1797,229,41.20488381
353,0,1810,1802,-17.04936553,-25.04936553,-0.007176255292,-0.0105435385,-8,-0.003367283212,0,26,0,0,1,0,1827.049366,1827.049366,0,1797,230,41.24608755
354,0,1802,1810,-25.04936553,-17.04936553,-0.0105435385,-0.007176255292,8,0.003367283212,0,22,0,0,1,0,1827.049366,1827.049366,0,1797,231,41.28813457
355,0,1810,1800,-17.04936553,-27.04936553,-0.007176255292,-0.01138535931,-10,-0.004209104015,0,18,0,0,1,0,1827.049366,1827.049366,0,1797,232,41.33001614
356,0,1800,1811,-27.04936553,-16.04936553,-0.01138535931,-0.00675534489,11,0.004630014416,0,15,0,0,1,0,1827.049366,1827.049366,0,1797,233,41.37119985
357,0,1811,1798,-16.04936553,-29.04936553,-0.00675534489,-0.01222718011,-13,-0.005471835219,0,19,0,0,1,0,1827.049366,1827.049366,0,1797,234,41.41231489
358,0,1798,1814,-29.04936553,-13.04936553,-0.01222718011,-0.005492613686,16,0.006734566423,0,22,0,0,1,0,1827.049366,1827.049366,0,1797,235,41.45339894
359,0,1814,1804,-13.04936553,-23.04936553,-0.005492613686,-0.009701717701,-10,-0.004209104015,0,16,0,0,1,0,1827.049366,1827.049366,0,1797,236,41.49506927
360,0,1804,1815,-23.04936553,-12.04936553,-0.009701717701,-0.005071703285,11,0.004630014416,0,15,0,0,1,0,1827.049366,1827.049366,0,1797,237,41.53699923
361,0,1815,1799,-12.04936553,-28.04936553,-0.005071703285,-0.01180626971,-16,-0.006734566423,0,30,0,0,1,0,1827.049366,1827.049366,0,1797,238,41.57806158
362,0,1799,1814,-28.04936553,-13.04936553,-0.01180626971,-0.005492613686,15,0.006313656022,0,19,0,0,1,0,1827.049366,1827.049366,0,1797,239,41.61908817
363,0,1814,1801,-13.04936553,-26.04936553,-0.005492613686,-0.01096444891,-13,-0.005471835219,0,27,0,0,1,0,1827.049366,1827.049366,0,1797,240,41.66014528
364,0,1801,1810,-26.04936553,-17.04936553,-0.01096444891,-0.007176255292,9,0.003788193613,0,13,0,0,1,0,1827.049366,1827.049366,0,1797,241,41.70135045
365,0,1810,1805,-17.04936553,-22.04936553,-0.007176255292,-0.009280807299,-5,-0.002104552007,0,29,0,0,1,0,1827.049366,1827.049366,0,1797,242,41.74345541
366,0,1805,1811,-22.04936553,-16.04936553,-0.009280807299,-0.00675534489,6,0.002525462409,0,16,0,0,1,0,1827.049366,1827.049366,0,1797,243,41.78489256
367,0,1811,1804,-16.04936553,-23.04936553,-0.00675534489,-0.009701717701,-7,-0.00294637281,0,29,0,0,1,0,1827.049366,1827.049366,0,1797,244,41.8261075
368,0,1804,1811,-23.04936553,-16.04936553,-0.009701717701,-0.00675534489,7,0.00294637281,0,15,0,0,1,0,1827.049366,1827.049366,0,1797,245,41.8672719
369,0,1811,1803,-16.04936553,-24.04936553,-0.00675534489,-0.0101226281,-8,-0.003367283212,0,14,0,0,1,0,1827.049366,1827.049366,0,1797,246,41.90940952
370,0,1803,1813,-24.04936553,-14.04936553,-0.0101226281,-0.005913524087,10,0.004209104015,0,18,0,0,1,0,1827.049366,1827.049366,0,1797,247,41.95231557
371,0,1813,1801,-14.04936553,-26.04936553,-0.005913524087,-0.01096444891,-12,-0.005050924818,0,24,0,0,1,0,1827.049366,1827.049366,0,1797,248,41.99576616
372,0,1801,1810,-26.04936553,-17.04936553,-0.01096444891,-0.007176255292,9,0.003788193613,0,17,0,0,1,0,1827.049366,1827.049366,0,1797,249,42.03858399
373,0,1810,1802,-17.04936553,-25.04936553,-0.007176255292,-0.0105435385,-8,-0.003367283212,0,18,0,0,1,0,1827.049366,1827.049366,0,1797,250,42.0809021
374,0,1802,1810,-25.04936553,-17.04936553,-0.0105435385,-0.007176255292,8,0.003367283212,0,10,0,0,1,0,1827.049366,1827.049366,0,1797,251,42.12334538
375,0,1810,1803,-17.04936553,-24.04936553,-0.007176255292,-0.0101226281,-7,-0.00294637281,0,25,0,0,1,0,1827.049366,1827.049366,0,1797,252,42.1655817
376,0,1803,1811,-24.04936553,-16.04936553,-0.0101226281,-0.00675534489,8,0.003367283212,0,14,0,0,1,0,1827.049366,1827.049366,0,1797,253,42.20784926
377,0,1811,1802,-16.04936553,-25.04936553,-0.00675534489,-0.0105435385,-9,-0.003788193613,0,17,0,0,1,0,1827.049366,1827.049366,0,1797,254,42.24952888
378,0,1802,1810,-25.04936553,-17.04936553,-0.0105435385,-0.007176255292,8,0.003367283212,0,10,0,0,1,0,1827.049366,1827.049366,0,1797,255,42.29127073
379,0,1810,1802,-17.04936553,-25.04936553,-0.007176255292,-0.0105435385,-8,-0.003367283212,0,16,0,0,1,0,1827.049366,1827.049366,0,1797,256,42.33296156
380,0,1802,1811,-25.04936553,-16.04936553,-0.0105435385,-0.00675534489,9,0.003788193613,0,21,0,0,1,0,1827.049366,1827.049366,0,1797,257,42.3746779
381,0,1811,1801,-16.04936553,-26.04936553,-0.00675534489,-0.01096444891,-10,-0.004209104015,0,20,0,0,1,0,1827.049366,1827.049366,0,1797,258,42.41691136
382,0,1801,1813,-26.04936553,-14.04936553,-0.01096444891,-0.005913524087,12,0.005050924818,0,30,0,0,1,0,1827.049366,1827.049366,0,1797,259,42.45869493
383,0,1813,1800,-14.04936553,-27.04936553,-0.005913524087,-0.01138535931,-13,-0.005471835219,0,27,0,0,1,0,1827.049366,1827.049366,0,1797,260,42.50027609
384,0,1800,1809,-27.04936553,-18.04936553,-0.01138535931,-0.007597165693,9,0.003788193613,0,11,0,0,1,0,1827.049366,1827.049366,0,1797,261,42.54188967
385,0,1809,1802,-18.04936553,-25.04936553,-0.007597165693,-0.0105435385,-7,-0.00294637281,0,19,0,0,1,0,1827.049366,1827.049366,0,1797,262,42.58345819
386,0,1802,1807,-25.04936553,-20.04936553,-0.0105435385,-0.008438986496,5,0.002104552007,0,23,0,0,1,0,1827.049366,1827.049366,0,1797,263,42.62560534
387,0,1807,1798,-20.04936553,-29.04936553,-0.008438986496,-0.01222718011,-9,-0.003788193613,0,17,0,0,1,0,1827.049366,1827.049366,0,1797,264,42.66784048
388,0,1798,1806,-29.04936553,-21.04936553,-0.01222718011,-0.008859896898,8,0.003367283212,0,12,0,0,1,0,1827.049366,1827.049366,0,1797,265,42.70919251
389,0,1806,1799,-21.04936553,-28.04936553,-0.008859896898,-0.01180626971,-7,-0.00294637281,0,13,0,0,1,0,1827.049366,1827.049366,0,1797,266,42.75209785
390,0,1799,1807,-28.04936553,-20.04936553,-0.01180626971,-0.008438986496,8,0.003367283212,0,12,0,0,1,0,1827.049366,1827.049366,0,1797,267,42.79497886
391,0,1807,1801,-20.04936553,-26.04936553,-0.008438986496,-0.01096444891,-6,-0.002525462409,0,20,0,0,1,0,1827.049366,1827.049366,0,1797,268,42.83801055
392,0,1801,1813,-26.04936553,-14.04936553,-0.01096444891,-0.005913524087,12,0.005050924818,0,28,0,0,1,0,1827.049366,1827.049366,0,1797,269,42.88131881
393,0,1813,1806,-14.04936553,-21.04936553,-0.005913524087,-0.008859896898,-7,-0.00294637281,0,15,0,0,1,0,1827.049366,1827.049366,0,1797,270,42.92433
394,0,1806,1813,-21.04936553,-14.04936553,-0.008859896898,-0.005913524087,7,0.00294637281,0,19,0,0,1,0,1827.049366,1827.049366,0,1797,271,42.96717405
395,0,1813,1800,-14.04936553,-27.04936553,-0.005913524087,-0.01138535931,-13,-0.005471835219,0,29,0,0,1,0,1827.049366,1827.049366,0,1797,272,43.01005483
396,0,1800,1809,-27.04936553,-18.04936553,-0.01138535931,-0.007597165693,9,0.003788193613,0,13,0,0,1,0,1827.049366,1827.049366,0,1797,273,43.05292535
397,0,1809,1801,-18.04936553,-26.04936553,-0.007597165693,-0.01096444891,-8,-0.003367283212,0,12,0,0,1,0,1827.049366,1827.049366,0,1797,274,43.09637928
398,0,1801,1811,-26.04936553,-16.04936553,-0.01096444891,-0.00675534489,10,0.004209104015,0,28,0,0,1,0,1827.049366,1827.049366,0,1797,275,43.13932109
399,0,1811,1804,-16.04936553,-23.04936553,-0.00675534489,-0.009701717701,-7,-0.00294637281,0,25,0,0,1,0,1827.049366,1827.049366,0,1797,276,43.1814568
400,0,1804,1810,-23.04936553,-17.04936553,-0.009701717701,-0.007176255292,6,0.002525462409,0,30,0,0,1,0,1827.049366,1827.049366,0,1797,277,43.22360444
401,0,1810,1803,-17.04936553,-24.04936553,-0.007176255292,-0.0101226281,-7,-0.00294637281,0,13,0,0,1,0,1827.049366,1827.049366,0,1797,278,43.26605916
402,0,1803,1810,-24.04936553,-17.04936553,-0.0101226281,-0.007176255292,7,0.00294637281,0,13,0,0,1,0,1827.049366,1827.049366,0,1797,279,43.30898595
403,0,1810,1802,-17.04936553,-25.04936553,-0.007176255292,-0.0105435385,-8,-0.003367283212,0,12,0,0,1,0,1827.049366,1827.049366,0,1797,280,43.35169148
404,0,1802,1814,-25.04936553,-13.04936553,-0.0105435385,-0.005492613686,12,0.005050924818,0,16,0,0,1,0,1827.049366,1827.049366,0,1797,281,43.39421344
405,0,1814,1803,-13.04936553,-24.04936553,-0.005492613686,-0.0101226281,-11,-0.004630014416,0,17,0,0,1,0,1827.049366,1827.049366,0,1797,282,43.43672204
406,0,1803,1813,-24.04936553,-14.04936553,-0.0101226281,-0.005913524087,10,0.004209104015,0,20,0,0,1,0,1827.049366,1827.049366,0,1797,283,43.47936845
407,0,1813,1804,-14.04936553,-23.04936553,-0.005913524087,-0.009701717701,-9,-0.003788193613,0,13,0,0,1,0,1827.049366,1827.049366,0,1797,284,43.52274013
408,0,1804,1813,-23.04936553,-14.04936553,-0.009701717701,-0.005913524087,9,0.003788193613,0,21,0,0,1,0,1827.049366,1827.049366,0,1797,285,43.56596327
409,0,1813,1806,-14.04936553,-21.04936553,-0.005913524087,-0.008859896898,-7,-0.00294637281,0,17,0,0,1,0,1827.049366,1827.049366,0,1797,286,43.60846114
410,0,1806,1810,-21.04936553,-17.04936553,-0.008859896898,-0.007176255292,4,0.001683641606,0,28,0,0,1,0,1827.049366,1827.049366,0,1797,287,43.65109992
411,0,1810,1803,-17.04936553,-24.04936553,-0.007176255292,-0.0101226281,-7,-0.00294637281,0,15,0,0,1,0,1827.049366,1827.049366,0,1797,288,43.6935811
412,0,1803,1813,-24.04936553,-14.04936553,-0.0101226281,-0.005913524087,10,0.004209104015,0,28,0,0,1,0,1827.049366,1827.049366,0,1797,289,43.73622179
413,0,1813,1805,-14.04936553,-22.04936553,-0.005913524087,-0.009280807299,-8,-0.003367283212,0,14,0,0,1,0,1827.049366,1827.049366,0,1797,290,43.77920032
414,0,1805,1814,-22.04936553,-13.04936553,-0.009280807299,-0.005492613686,9,0.003788193613,0,11,0,0,1,0,1827.049366,1827.049366,0,1797,291,43.82148242
415,0,1814,1802,-13.04936553,-25.04936553,-0.005492613686,-0.0105435385,-12,-0.005050924818,0,28,0,0,1,0,1827.049366,1827.049366,0,1797,292,43.86414695
416,0,1802,1812,-25.04936553,-15.04936553,-0.0105435385,-0.006334434489,10,0.004209104015,0,30,0,0,1,0,1827.049366,1827.049366,0,1797,293,43.90647292
417,0,1812,1804,-15.04936553,-23.04936553,-0.006334434489,-0.009701717701,-8,-0.003367283212,0,10,0,0,1,0,1827.049366,1827.049366,0,1797,294,43.94915247
418,0,1804,1811,-23.04936553,-16.04936553,-0.009701717701,-0.00675534489,7,0.00294637281,0,15,0,0,1,0,1827.049366,1827.049366,0,1797,295,43.99213028
419,0,1811,1805,-16.04936553,-22.04936553,-0.00675534489,-0.009280807299,-6,-0.002525462409,0,12,0,0,1,0,1827.049366,1827.049366,0,1797,296,44.03488851
420,0,1805,1806,-22.04936553,-21.04936553,-0.009280807299,-0.008859896898,1,0.0004209104015,0,23,0,0,1,0,1827.049366,1827.049366,0,1797,297,44.07722735
421,0,1806,1804,-21.04936553,-23.04936553,-0.008859896898,-0.009701717701,-2,-0.0008418208029,0,24,0,0,1,0,1827.049366,1827.049366,0,1797,298,44.11978936
422,0,1804,1805,-23.04936553,-22.04936553,-0.009701717701,-0.009280807299,1,0.0004209104015,0,25,0,0,1,0,1827.049366,1827.049366,0,1797,299,44.16242027
423,0,1805,1804,-22.04936553,-23.04936553,-0.009280807299,-0.009701717701,-1,-0.0004209104015,0,23,0,0,1,0,1827.049366,1827.049366,0,1797,300,44.20546937
424,0,1804,1807,-23.04936553,-20.04936553,-0.009701717701,-0.008438986496,3,0.001262731204,0,21,0,0,1,0,1827.049366,1827.049366,0,1797,301,44.24835896
425,0,1807,1801,-20.04936553,-26.04936553,-0.008438986496,-0.01096444891,-6,-0.002525462409,0,12,0,0,1,0,1827.049366,1827.049366,0,1797,302,44.2909863
426,0,1801,1809,-26.04936553,-18.04936553,-0.01096444891,-0.007597165693,8,0.003367283212,0,16,0,0,1,0,1827.049366,1827.049366,0,1797,303,44.33361077
427,0,1809,1802,-18.04936553,-25.04936553,-0.007597165693,-0.0105435385,-7,-0.00294637281,0,21,0,0,1,0,1827.049366,1827.049366,0,1797,304,44.376436
428,0,1802,1810,-25.04936553,-17.04936553,-0.0105435385,-0.007176255292,8,0.003367283212,0,16,0,0,1,0,1827.049366,1827.049366,0,1797,305,44.41947913
429,0,1810,1799,-17.04936553,-28.04936553,-0.007176255292,-0.01180626971,-11,-0.004630014416,0,23,0,0,1,0,1827.049366,1827.049366,0,1797,306,44.46267581
430,0,1799,1806,-28.04936553,-21.04936553,-0.01180626971,-0.008859896898,7,0.00294637281,0,17,0,0,1,0,1827.049366,1827.049366,0,1797,307,44.5051527
431,0,1806,1803,-21.04936553,-24.04936553,-0.008859896898,-0.0101226281,-3,-0.001262731204,0,23,0,0,1,0,1827.049366,1827.049366,0,1797,308,44.54810452
432,0,1803,1805,-24.04936553,-22.04936553,-0.0101226281,-0.009280807299,2,0.0008418208029,0,24,0,0,1,0,1827.049366,1827.049366,0,1797,309,44.59080052
433,0,1805,1798,-22.04936553,-29.04936553,-0.009280807299,-0.01222718011,-7,-0.00294637281,0,13,0,0,1,0,1827.049366,1827.049366,0,1797,310,44.63411641
434,0,1798,1806,-29.04936553,-21.04936553,-0.01222718011,-0.008859896898,8,0.003367283212,0,10,0,0,1,0,1827.049366,1827.049366,0,1797,311,44.67781281
435,0,1806,1807,-21.04936553,-20.04936553,-0.008859896898,-0.008438986496,1,0.0004209104015,0,29,0,0,1,0,1827.049366,1827.049366,0,1797,312,44.72079682
436,0,1807,1814,-20.04936553,-13.04936553,-0.008438986496,-0.005492613686,7,0.00294637281,0,21,0,0,1,0,1827.049366,1827.049366,0,1797,313,44.76393294
437,0,1814,1807,-13.04936553,-20.04936553,-0.005492613686,-0.008438986496,-7,-0.00294637281,0,19,0,0,1,0,1827.049366,1827.049366,0,1797,314,44.80662227
438,0,1807,1816,-20.04936553,-11.04936553,-0.008438986496,-0.004650792883,9,0.003788193613,0,11,0,0,1,0,1827.049366,1827.049366,0,1797,315,44.84955406
439,0,1816,1808,-11.04936553,-19.04936553,-0.004650792883,-0.008018076095,-8,-0.003367283212,0,16,0,0,1,0,1827.049366,1827.049366,0,1797,316,44.89320183
440,0,1808,1817,-19.04936553,-10.04936553,-0.008018076095,-0.004229882482,9,0.003788193613,0,11,0,0,1,0,1827.049366,1827.049366,0,1797,317,44.93558764
441,0,1817,1809,-10.04936553,-18.04936553,-0.004229882482,-0.007597165693,-8,-0.003367283212,0,14,0,0,1,0,1827.049366,1827.049366,0,1797,318,44.98388004
442,0,1809,1808,-18.04936553,-19.04936553,-0.007597165693,-0.008018076095,-1,-0.0004209104015,0,25,0,0,1,0,1827.049366,1827.049366,0,1797,319,45.03087807
443,0,1808,1808,-19.04936553,-19.04936553,-0.008018076095,-0.008018076095,0,0,0,24,0,0,1,0,1827.049366,1827.049366,0,1797,320,45.07426786
444,0,1808,1809,-19.04936553,-18.04936553,-0.008018076095,-0.007597165693,1,0.0004209104015,0,23,0,0,1,0,1827.049366,1827.049366,0,1797,321,45.11810184
445,0,1809,1801,-18.04936553,-26.04936553,-0.007597165693,-0.01096444891,-8,-0.003367283212,0,10,0,0,1,0,1827.049366,1827.049366,0,1797,322,45.16076612
446,0,1801,1816,-26.04936553,-11.04936553,-0.01096444891,-0.004650792883,15,0.006313656022,0,25,0,0,1,0,1827.049366,1827.049366,0,1797,323,45.20243764
447,0,1816,1800,-11.04936553,-27.04936553,-0.004650792883,-0.01138535931,-16,-0.006734566423,0,26,0,0,1,0,1827.049366,1827.049366,0,1797,324,45.2442565
448,0,1800,1813,-27.04936553,-14.04936553,-0.01138535931,-0.005913524087,13,0.005471835219,0,21,0,0,1,0,1827.049366,1827.049366,0,1797,325,45.28604484
449,0,1813,1800,-14.04936553,-27.04936553,-0.005913524087,-0.01138535931,-13,-0.005471835219,0,19,0,0,1,0,1827.049366,1827.049366,0,1797,326,45.32815194
450,0,1800,1808,-27.04936553,-19.04936553,-0.01138535931,-0.008018076095,8,0.003367283212,0,10,0,0,1,0,1827.049366,1827.049366,0,1797,327,45.37053704
451,0,1808,1806,-19.04936553,-21.04936553,-0.008018076095,-0.008859896898,-2,-0.0008418208029,0,28,0,0,1,0,1827.049366,1827.049366,0,1797,328,45.41221619
452,0,1806,1808,-21.04936553,-19.04936553,-0.008859896898,-0.008018076095,2,0.0008418208029,0,28,0,0,1,0,1827.049366,1827.049366,0,1797,329,45.45391941
453,0,1808,1807,-19.04936553,-20.04936553,-0.008018076095,-0.008438986496,-1,-0.0004209104015,0,23,0,0,1,0,1827.049366,1827.049366,0,1797,330,45.49584365
454,0,1807,1811,-20.04936553,-16.04936553,-0.008438986496,-0.00675534489,4,0.001683641606,0,18,0,0,1,0,1827.049366,1827.049366,0,1797,331,45.53820276
455,0,1811,1801,-16.04936553,-26.04936553,-0.00675534489,-0.01096444891,-10,-0.004209104015,0,12,0,0,1,0,1827.049366,1827.049366,0,1797,332,45.58081508
456,0,1801,1815,-26.04936553,-12.04936553,-0.01096444891,-0.005071703285,14,0.00589274562,0,26,0,0,1,0,1827.049366,1827.049366,0,1797,333,45.62260914
457,0,1815,1800,-12.04936553,-27.04936553,-0.005071703285,-0.01138535931,-15,-0.006313656022,0,21,0,0,1,0,1827.049366,1827.049366,0,1797,334,45.66425395
458,0,1800,1815,-27.04936553,-12.04936553,-0.01138535931,-0.005071703285,15,0.006313656022,0,19,0,0,1,0,1827.049366,1827.049366,0,1797,335,45.70612264
459,0,1815,1803,-12.04936553,-24.04936553,-0.005071703285,-0.0101226281,-12,-0.005050924818,0,24,0,0,1,0,1827.049366,1827.049366,0,1797,336,45.74812555
460,0,1803,1815,-24.04936553,-12.04936553,-0.0101226281,-0.005071703285,12,0.005050924818,0,14,0,0,1,0,1827.049366,1827.049366,0,1797,337,45.79048872
461,0,1815,1800,-12.04936553,-27.04936553,-0.005071703285,-0.01138535931,-15,-0.006313656022,0,27,0,0,1,0,1827.049366,1827.049366,0,1797,338,45.83247375
462,0,1800,1815,-27.04936553,-12.04936553,-0.01138535931,-0.005071703285,15,0.006313656022,0,27,0,0,1,0,1827.049366,1827.049366,0,1797,339,45.87451839
463,0,1815,1802,-12.04936553,-25.04936553,-0.005071703285,-0.0105435385,-13,-0.005471835219,0,25,0,0,1,0,1827.049366,1827.049366,0,1797,340,45.91636181
464,0,1802,1812,-25.04936553,-15.04936553,-0.0105435385,-0.006334434489,10,0.004209104015,0,22,0,0,1,0,1827.049366,1827.049366,0,1797,341,45.95819521
465,0,1812,1803,-15.04936553,-24.04936553,-0.006334434489,-0.0101226281,-9,-0.003788193613,0,27,0,0,1,0,1827.049366,1827.049366,0,1797,342,46.0006175
466,0,1803,1811,-24.04936553,-16.04936553,-0.0101226281,-0.00675534489,8,0.003367283212,0,30,0,0,1,0,1827.049366,1827.049366,0,1797,343,46.04290056
467,0,1811,1801,-16.04936553,-26.04936553,-0.00675534489,-0.01096444891,-10,-0.004209104015,0,16,0,0,1,0,1827.049366,1827.049366,0,1797,344,46.08451557
468,0,1801,1809,-26.04936553,-18.04936553,-0.01096444891,-0.007597165693,8,0.003367283212,0,10,0,0,1,0,1827.049366,1827.049366,0,1797,345,46.12624431
469,0,1809,1804,-18.04936553,-23.04936553,-0.007597165693,-0.009701717701,-5,-0.002104552007,0,23,0,0,1,0,1827.049366,1827.049366,0,1797,346,46.16816354
470,0,1804,1812,-23.04936553,-15.04936553,-0.009701717701,-0.006334434489,8,0.003367283212,0,10,0,0,1,0,1827.049366,1827.049366,0,1797,347,46.21046805
471,0,1812,1801,-15.04936553,-26.04936553,-0.006334434489,-0.01096444891,-11,-0.004630014416,0,15,0,0,1,0,1827.049366,1827.049366,0,1797,348,46.25319886
472,0,1801,1813,-26.04936553,-14.04936553,-0.01096444891,-0.005913524087,12,0.005050924818,0,14,0,0,1,0,1827.049366,1827.049366,0,1797,349,46.2948544
473,0,1813,1801,-14.04936553,-26.04936553,-0.005913524087,-0.01096444891,-12,-0.005050924818,0,14,0,0,1,0,1827.049366,1827.049366,0,1797,350,46.33673692
474,0,1801,1814,-26.04936553,-13.04936553,-0.01096444891,-0.005492613686,13,0.005471835219,0,29,0,0,1,0,1827.049366,1827.049366,0,1797,351,46.37879038
475,0,1814,1802,-13.04936553,-25.04936553,-0.005492613686,-0.0105435385,-12,-0.005050924818,0,14,0,0,1,0,1827.049366,1827.049366,0,1797,352,46.4219799
476,0,1802,1814,-25.04936553,-13.04936553,-0.0105435385,-0.005492613686,12,0.005050924818,0,22,0,0,1,0,1827.049366,1827.049366,0,1797,353,46.46485257
477,0,1814,1800,-13.04936553,-27.04936553,-0.005492613686,-0.01138535931,-14,-0.00589274562,0,30,0,0,1,0,1827.049366,1827.049366,0,1797,354,46.50704217
478,0,1800,1813,-27.04936553,-14.04936553,-0.01138535931,-0.005913524087,13,0.005471835219,0,29,0,0,1,0,1827.049366,1827.049366,0,1797,355,46.54931474
479,0,1813,1799,-14.04936553,-28.04936553,-0.005913524087,-0.01180626971,-14,-0.00589274562,0,18,0,0,1,0,1827.049366,1827.049366,0,1797,356,46.59128094
480,0,1799,1814,-28.04936553,-13.04936553,-0.01180626971,-0.005492613686,15,0.006313656022,0,19,0,0,1,0,1827.049366,1827.049366,0,1797,357,46.63339043
481,0,1814,1799,-13.04936553,-28.04936553,-0.005492613686,-0.01180626971,-15,-0.006313656022,0,19,0,0,1,0,1827.049366,1827.049366,0,1797,358,46.67597961
482,0,1799,1815,-28.04936553,-12.04936553,-0.01180626971,-0.005071703285,16,0.006734566423,0,26,0,0,1,0,1827.049366,1827.049366,0,1797,359,46.71843338
483,0,1815,1800,-12.04936553,-27.04936553,-0.005071703285,-0.01138535931,-15,-0.006313656022,0,19,0,0,1,0,1827.049366,1827.049366,0,1797,360,46.76040125
484,0,1800,1808,-27.04936553,-19.04936553,-0.01138535931,-0.008018076095,8,0.003367283212,0,10,0,0,1,0,1827.049366,1827.049366,0,1797,361,46.80237484
485,0,1808,1807,-19.04936553,-20.04936553,-0.008018076095,-0.008438986496,-1,-0.0004209104015,0,21,0,0,1,0,1827.049366,1827.049366,0,1797,362,46.84421587
486,0,1807,1807,-20.04936553,-20.04936553,-0.008438986496,-0.008438986496,0,0,0,22,0,0,1,0,1827.049366,1827.049366,0,1797,363,46.88648844
487,0,1807,1807,-20.04936553,-20.04936553,-0.008438986496,-0.008438986496,0,0,0,26,0,0,1,0,1827.049366,1827.049366,0,1797,364,46.92900753
488,0,1807,1807,-20.04936553,-20.04936553,-0.008438986496,-0.008438986496,0,0,0,30,0,0,1,0,1827.049366,1827.049366,0,1797,365,46.97059059
489,0,1807,1805,-20.04936553,-22.04936553,-0.008438986496,-0.009280807299,-2,-0.0008418208029,0,18,0,0,1,0,1827.049366,1827.049366,0,1797,366,47.01246214
490,0,1805,1807,-22.04936553,-20.04936553,-0.009280807299,-0.008438986496,2,0.0008418208029,0,18,0,0,1,0,1827.049366,1827.049366,0,1797,367,47.0543642
491,0,1807,1806,-20.04936553,-21.04936553,-0.008438986496,-0.008859896898,-1,-0.0004209104015,0,27,0,0,1,0,1827.049366,1827.049366,0,1797,368,47.09670162
492,0,1806,1807,-21.04936553,-20.04936553,-0.008859896898,-0.008438986496,1,0.0004209104015,0,27,0,0,1,0,1827.049366,1827.049366,0,1797,369,47.13942194
493,0,1807,1802,-20.04936553,-25.04936553,-0.008438986496,-0.0105435385,-5,-0.002104552007,0,13,0,0,1,0,1827.049366,1827.049366,0,1797,370,47.1812942
494,0,1802,1812,-25.04936553,-15.04936553,-0.0105435385,-0.006334434489,10,0.004209104015,0,22,0,0,1,0,1827.049366,1827.049366,0,1797,371,47.22308612
495,0,1812,1806,-15.04936553,-21.04936553,-0.006334434489,-0.008859896898,-6,-0.002525462409,0,14,0,0,1,0,1827.049366,1827.049366,0,1797,372,47.26488423
496,0,1806,1811,-21.04936553,-16.04936553,-0.008859896898,-0.00675534489,5,0.002104552007,0,17,0,0,1,0,1827.049366,1827.049366,0,1797,373,47.3067472
497,0,1811,1803,-16.04936553,-24.04936553,-0.00675534489,-0.0101226281,-8,-0.003367283212,0,10,0,0,1,0,1827.049366,1827.049366,0,1797,374,47.3493104
498,0,1803,1814,-24.04936553,-13.04936553,-0.0101226281,-0.005492613686,11,0.004630014416,0,15,0,0,1,0,1827.049366,1827.049366,0,1797,375,47.39156485
499,0,1814,1800,-13.04936553,-27.04936553,-0.005492613686,-0.01138535931,-14,-0.00589274562,0,26,0,0,1,0,1827.049366,1827.049366,0,1797,376,47.43368435
500,0,1800,1813,-27.04936553,-14.04936553,-0.01138535931,-0.005913524087,13,0.005471835219,0,19,0,0,1,0,1827.049366,1827.049366,0,1797,377,47.47570872
501,0,1813,1805,-14.04936553,-22.04936553,-0.005913524087,-0.009280807299,-8,-0.003367283212,0,10,0,0,1,0,1827.049366,1827.049366,0,1797,378,47.51778793
502,0,1805,1809,-22.04936553,-18.04936553,-0.009280807299,-0.007597165693,4,0.001683641606,0,16,0,0,1,0,1827.049366,1827.049366,0,1797,379,47.56023765
503,0,1809,1803,-18.04936553,-24.04936553,-0.007597165693,-0.0101226281,-6,-0.002525462409,0,14,0,0,1,0,1827.049366,1827.049366,0,1797,380,47.60283637
504,0,1803,1812,-24.04936553,-15.04936553,-0.0101226281,-0.006334434489,9,0.003788193613,0,23,0,0,1,0,1827.049366,1827.049366,0,1797,381,47.64473152
505,0,1812,1806,-15.04936553,-21.04936553,-0.006334434489,-0.008859896898,-6,-0.002525462409,0,20,0,0,1,0,1827.049366,1827.049366,0,1797,382,47.68697381
506,0,1806,1813,-21.04936553,-14.04936553,-0.008859896898,-0.005913524087,7,0.00294637281,0,15,0,0,1,0,1827.049366,1827.049366,0,1797,383,47.72926307
507,0,1813,1806,-14.04936553,-21.04936553,-0.005913524087,-0.008859896898,-7,-0.00294637281,0,19,0,0,1,0,1827.049366,1827.049366,0,1797,384,47.77181816
508,0,1806,1813,-21.04936553,-14.04936553,-0.008859896898,-0.005913524087,7,0.00294637281,0,11,0,0,1,0,1827.049366,1827.049366,0,1797,385,47.81474233
509,0,1813,1802,-14.04936553,-25.04936553,-0.005913524087,-0.0105435385,-11,-0.004630014416,0,23,0,0,1,0,1827.049366,1827.049366,0,1797,386,47.85674882
510,0,1802,1812,-25.04936553,-15.04936553,-0.0105435385,-0.006334434489,10,0.004209104015,0,22,0,0,1,0,1827.049366,1827.049366,0,1797,387,47.89885378
511,0,1812,1805,-15.04936553,-22.04936553,-0.006334434489,-0.009280807299,-7,-0.00294637281,0,15,0,0,1,0,1827.049366,1827.049366,0,1797,388,47.94100904
512,0,1805,1809,-22.04936553,-18.04936553,-0.009280807299,-0.007597165693,4,0.001683641606,0,26,0,0,1,0,1827.049366,1827.049366,0,1797,389,47.98306251
513,0,1809,1805,-18.04936553,-22.04936553,-0.007597165693,-0.009280807299,-4,-0.001683641606,0,30,0,0,1,0,1827.049366,1827.049366,0,1797,390,48.0254724
514,0,1805,1810,-22.04936553,-17.04936553,-0.009280807299,-0.007176255292,5,0.002104552007,0,17,0,0,1,0,1827.049366,1827.049366,0,1797,391,48.06738091
515,0,1810,1802,-17.04936553,-25.04936553,-0.007176255292,-0.0105435385,-8,-0.003367283212,0,14,0,0,1,0,1827.049366,1827.049366,0,1797,392,48.10927248
516,0,1802,1813,-25.04936553,-14.04936553,-0.0105435385,-0.005913524087,11,0.004630014416,0,17,0,0,1,0,1827.049366,1827.049366,0,1797,393,48.1513381
517,0,1813,1800,-14.04936553,-27.04936553,-0.005913524087,-0.01138535931,-13,-0.005471835219,0,29,0,0,1,0,1827.049366,1827.049366,0,1797,394,48.19350648
518,0,1800,1811,-27.04936553,-16.04936553,-0.01138535931,-0.00675534489,11,0.004630014416,0,23,0,0,1,0,1827.049366,1827.049366,0,1797,395,48.23635459
519,0,1811,1803,-16.04936553,-24.04936553,-0.00675534489,-0.0101226281,-8,-0.003367283212,0,30,0,0,1,0,1827.049366,1827.049366,0,1797,396,48.27897143
520,0,1803,1810,-24.04936553,-17.04936553,-0.0101226281,-0.007176255292,7,0.00294637281,0,11,0,0,1,0,1827.049366,1827.049366,0,1797,397,48.3210206
521,0,1810,1802,-17.04936553,-25.04936553,-0.007176255292,-0.0105435385,-8,-0.003367283212,0,10,0,0,1,0,1827.049366,1827.049366,0,1797,398,48.36306405
522,0,1802,1816,-25.04936553,-11.04936553,-0.0105435385,-0.004650792883,14,0.00589274562,0,22,0,0,1,0,1827.049366,1827.049366,0,1797,399,48.40545321
523,0,1816,1799,-11.04936553,-28.04936553,-0.004650792883,-0.01180626971,-17,-0.007155476825,0,25,0,0,1,0,1827.049366,1827.049366,0,1797,400,48.44812584
524,0,1799,1807,-28.04936553,-20.04936553,-0.01180626971,-0.008438986496,8,0.003367283212,0,10,0,0,1,0,1827.049366,1827.049366,0,1797,401,48.49067664
525,0,1807,1801,-20.04936553,-26.04936553,-0.008438986496,-0.01096444891,-6,-0.002525462409,0,14,0,0,1,0,1827.049366,1827.049366,0,1797,402,48.53247285
526,0,1801,1811,-26.04936553,-16.04936553,-0.01096444891,-0.00675534489,10,0.004209104015,0,22,0,0,1,0,1827.049366,1827.049366,0,1797,403,48.57452083
527,0,1811,1801,-16.04936553,-26.04936553,-0.00675534489,-0.01096444891,-10,-0.004209104015,0,22,0,0,1,0,1827.049366,1827.049366,0,1797,404,48.61649752
528,0,1801,1809,-26.04936553,-18.04936553,-0.01096444891,-0.007597165693,8,0.003367283212,0,18,0,0,1,0,1827.049366,1827.049366,0,1797,405,48.65872312
529,0,1809,1802,-18.04936553,-25.04936553,-0.007597165693,-0.0105435385,-7,-0.00294637281,0,21,0,0,1,0,1827.049366,1827.049366,0,1797,406,48.70132875
530,0,1802,1810,-25.04936553,-17.04936553,-0.0105435385,-0.007176255292,8,0.003367283212,0,20,0,0,1,0,1827.049366,1827.049366,0,1797,407,48.74348474
531,0,1810,1804,-17.04936553,-23.04936553,-0.007176255292,-0.009701717701,-6,-0.002525462409,0,14,0,0,1,0,1827.049366,1827.049366,0,1797,408,48.78541064
532,0,1804,1813,-23.04936553,-14.04936553,-0.009701717701,-0.005913524087,9,0.003788193613,0,27,0,0,1,0,1827.049366,1827.049366,0,1797,409,48.82740092
533,0,1813,1810,-14.04936553,-17.04936553,-0.005913524087,-0.007176255292,-3,-0.001262731204,0,17,0,0,1,0,1827.049366,1827.049366,0,1797,410,48.86947513
534,0,1810,1810,-17.04936553,-17.04936553,-0.007176255292,-0.007176255292,0,0,0,24,0,0,1,0,1827.049366,1827.049366,0,1797,411,48.91205955
535,0,1810,1808,-17.04936553,-19.04936553,-0.007176255292,-0.008018076095,-2,-0.0008418208029,0,22,0,0,1,0,1827.049366,1827.049366,0,1797,412,48.95446372
536,0,1808,1811,-19.04936553,-16.04936553,-0.008018076095,-0.00675534489,3,0.001262731204,0,21,0,0,1,0,1827.049366,1827.049366,0,1797,413,48.99681687
537,0,1811,1808,-16.04936553,-19.04936553,-0.00675534489,-0.008018076095,-3,-0.001262731204,0,23,0,0,1,0,1827.049366,1827.049366,0,1797,414,49.03876948
538,0,1808,1811,-19.04936553,-16.04936553,-0.008018076095,-0.00675534489,3,0.001262731204,0,25,0,0,1,0,1827.049366,1827.049366,0,1797,415,49.08136773
539,0,1811,1807,-16.04936553,-20.04936553,-0.00675534489,-0.008438986496,-4,-0.001683641606,0,22,0,0,1,0,1827.049366,1827.049366,0,1797,416,49.12338328
540,0,1807,1810,-20.04936553,-17.04936553,-0.008438986496,-0.007176255292,3,0.001262731204,0,19,0,0,1,0,1827.049366,1827.049366,0,1797,417,49.16584253
541,0,1810,1806,-17.04936553,-21.04936553,-0.007176255292,-0.008859896898,-4,-0.001683641606,0,20,0,0,1,0,1827.049366,1827.049366,0,1797,418,49.20853424
542,0,1806,1812,-21.04936553,-15.04936553,-0.008859896898,-0.006334434489,6,0.002525462409,0,24,0,0,1,0,1827.049366,1827.049366,0,1797,419,49.25054908
543,0,1812,1803,-15.04936553,-24.04936553,-0.006334434489,-0.0101226281,-9,-0.003788193613,0,29,0,0,1,0,1827.049366,1827.049366,0,1797,420,49.29922271
544,0,1803,1809,-24.04936553,-18.04936553,-0.0101226281,-0.007597165693,6,0.002525462409,0,12,0,0,1,0,1827.049366,1827.049366,0,1797,421,49.34128094
545,0,1809,1805,-18.04936553,-22.04936553,-0.007597165693,-0.009280807299,-4,-0.001683641606,0,28,0,0,1,0,1827.049366,1827.049366,0,1797,422,49.38329673
546,0,1805,1812,-22.04936553,-15.04936553,-0.009280807299,-0.006334434489,7,0.00294637281,0,11,0,0,1,0,1827.049366,1827.049366,0,1797,423,49.42614102
547,0,1812,1804,-15.04936553,-23.04936553,-0.006334434489,-0.009701717701,-8,-0.003367283212,0,26,0,0,1,0,1827.049366,1827.049366,0,1797,424,49.46824813
548,0,1804,1811,-23.04936553,-16.04936553,-0.009701717701,-0.00675534489,7,0.00294637281,0,29,0,0,1,0,1827.049366,1827.049366,0,1797,425,49.51037502
549,0,1811,1802,-16.04936553,-25.04936553,-0.00675534489,-0.0105435385,-9,-0.003788193613,0,23,0,0,1,0,1827.049366,1827.049366,0,1797,426,49.55238819
550,0,1802,1812,-25.04936553,-15.04936553,-0.0105435385,-0.006334434489,10,0.004209104015,0,24,0,0,1,0,1827.049366,1827.049366,0,1797,427,49.59454036
551,0,1812,1805,-15.04936553,-22.04936553,-0.006334434489,-0.009280807299,-7,-0.00294637281,0,15,0,0,1,0,1827.049366,1827.049366,0,1797,428,49.63738656
552,0,1805,1813,-22.04936553,-14.04936553,-0.009280807299,-0.005913524087,8,0.003367283212,0,10,0,0,1,0,1827.049366,1827.049366,0,1797,429,49.68029642
553,0,1813,1805,-14.04936553,-22.04936553,-0.005913524087,-0.009280807299,-8,-0.003367283212,0,14,0,0,1,0,1827.049366,1827.049366,0,1797,430,49.72231722
554,0,1805,1809,-22.04936553,-18.04936553,-0.009280807299,-0.007597165693,4,0.001683641606,0,26,0,0,1,0,1827.049366,1827.049366,0,1797,431,49.76448679
555,0,1809,1801,-18.04936553,-26.04936553,-0.007597165693,-0.01096444891,-8,-0.003367283212,0,12,0,0,1,0,1827.049366,1827.049366,0,1797,432,49.80647612
556,0,1801,1810,-26.04936553,-17.04936553,-0.01096444891,-0.007176255292,9,0.003788193613,0,11,0,0,1,0,1827.049366,1827.049366,0,1797,433,49.84880757
557,0,1810,1799,-17.04936553,-28.04936553,-0.007176255292,-0.01180626971,-11,-0.004630014416,0,19,0,0,1,0,1827.049366,1827.049366,0,1797,434,49.89130187
558,0,1799,1811,-28.04936553,-16.04936553,-0.01180626971,-0.00675534489,12,0.005050924818,0,20,0,0,1,0,1827.049366,1827.049366,0,1797,435,49.93321705
559,0,1811,1803,-16.04936553,-24.04936553,-0.00675534489,-0.0101226281,-8,-0.003367283212,0,10,0,0,1,0,1827.049366,1827.049366,0,1797,436,49.97529626
560,0,1803,1810,-24.04936553,-17.04936553,-0.0101226281,-0.007176255292,7,0.00294637281,0,11,0,0,1,0,1827.049366,1827.049366,0,1797,437,50.01727819
561,0,1810,1801,-17.04936553,-26.04936553,-0.007176255292,-0.01096444891,-9,-0.003788193613,0,17,0,0,1,0,1827.049366,1827.049366,0,1797,438,50.05951118
562,0,1801,1810,-26.04936553,-17.04936553,-0.01096444891,-0.007176255292,9,0.003788193613,0,21,0,0,1,0,1827.049366,1827.049366,0,1797,439,50.10233736
563,0,1810,1803,-17.04936553,-24.04936553,-0.007176255292,-0.0101226281,-7,-0.00294637281,0,15,0,0,1,0,1827.049366,1827.049366,0,1797,440,50.14460397
564,0,1803,1811,-24.04936553,-16.04936553,-0.0101226281,-0.00675534489,8,0.003367283212,0,30,0,0,1,0,1827.049366,1827.049366,0,1797,441,50.18700004
565,0,1811,1804,-16.04936553,-23.04936553,-0.00675534489,-0.009701717701,-7,-0.00294637281,0,23,0,0,1,0,1827.049366,1827.049366,0,1797,442,50.22964311
566,0,1804,1809,-23.04936553,-18.04936553,-0.009701717701,-0.007597165693,5,0.002104552007,0,19,0,0,1,0,1827.049366,1827.049366,0,1797,443,50.27250504
567,0,1809,1802,-18.04936553,-25.04936553,-0.007597165693,-0.0105435385,-7,-0.00294637281,0,15,0,0,1,0,1827.049366,1827.049366,0,1797,444,50.31593561
568,0,1802,1810,-25.04936553,-17.04936553,-0.0105435385,-0.007176255292,8,0.003367283212,0,12,0,0,1,0,1827.049366,1827.049366,0,1797,445,50.35930562
569,0,1810,1803,-17.04936553,-24.04936553,-0.007176255292,-0.0101226281,-7,-0.00294637281,0,27,0,0,1,0,1827.049366,1827.049366,0,1797,446,50.40199232
570,0,1803,1809,-24.04936553,-18.04936553,-0.0101226281,-0.007597165693,6,0.002525462409,0,24,0,0,1,0,1827.049366,1827.049366,0,1797,447,50.44485855
571,0,1809,1801,-18.04936553,-26.04936553,-0.007597165693,-0.01096444891,-8,-0.003367283212,0,12,0,0,1,0,1827.049366,1827.049366,0,1797,448,50.48769379
572,0,1801,1813,-26.04936553,-14.04936553,-0.01096444891,-0.005913524087,12,0.005050924818,0,30,0,0,1,0,1827.049366,1827.049366,0,1797,449,50.54353857
573,0,1813,1802,-14.04936553,-25.04936553,-0.005913524087,-0.0105435385,-11,-0.004630014416,0,23,0,0,1,0,1827.049366,1827.049366,0,1797,450,50.59132767
574,0,1802,1809,-25.04936553,-18.04936553,-0.0105435385,-0.007597165693,7,0.00294637281,0,15,0,0,1,0,1827.049366,1827.049366,0,1797,451,50.63446069
575,0,1809,1806,-18.04936553,-21.04936553,-0.007597165693,-0.008859896898,-3,-0.001262731204,0,23,0,0,1,0,1827.049366,1827.049366,0,1797,452,50.67732906
576,0,1806,1814,-21.04936553,-13.04936553,-0.008859896898,-0.005492613686,8,0.003367283212,0,12,0,0,1,0,1827.049366,1827.049366,0,1797,453,50.71916127
577,0,1814,1801,-13.04936553,-26.04936553,-0.005492613686,-0.01096444891,-13,-0.005471835219,0,27,0,0,1,0,1827.049366,1827.049366,0,1797,454,50.76027155
578,0,1801,1815,-26.04936553,-12.04936553,-0.01096444891,-0.005071703285,14,0.00589274562,0,28,0,0,1,0,1827.049366,1827.049366,0,1797,455,50.80194545
579,0,1815,1803,-12.04936553,-24.04936553,-0.005071703285,-0.0101226281,-12,-0.005050924818,0,22,0,0,1,0,1827.049366,1827.049366,0,1797,456,50.84417725
580,0,1803,1815,-24.04936553,-12.04936553,-0.0101226281,-0.005071703285,12,0.005050924818,0,26,0,0,1,0,1827.049366,1827.049366,0,1797,457,50.88661551
581,0,1815,1802,-12.04936553,-25.04936553,-0.005071703285,-0.0105435385,-13,-0.005471835219,0,25,0,0,1,0,1827.049366,1827.049366,0,1797,458,50.92937636
582,0,1802,1812,-25.04936553,-15.04936553,-0.0105435385,-0.006334434489,10,0.004209104015,0,30,0,0,1,0,1827.049366,1827.049366,0,1797,459,50.97179222
583,0,1812,1800,-15.04936553,-27.04936553,-0.006334434489,-0.01138535931,-12,-0.005050924818,0,20,0,0,1,0,1827.049366,1827.049366,0,1797,460,51.01441646
584,0,1800,1808,-27.04936553,-19.04936553,-0.01138535931,-0.008018076095,8,0.003367283212,0,10,0,0,1,0,1827.049366,1827.049366,0,1797,461,51.05687857
585,0,1808,1802,-19.04936553,-25.04936553,-0.008018076095,-0.0105435385,-6,-0.002525462409,0,18,0,0,1,0,1827.049366,1827.049366,0,1797,462,51.09911704
586,0,1802,1811,-25.04936553,-16.04936553,-0.0105435385,-0.00675534489,9,0.003788193613,0,13,0,0,1,0,1827.049366,1827.049366,0,1797,463,51.141294
587,0,1811,1800,-16.04936553,-27.04936553,-0.00675534489,-0.01138535931,-11,-0.004630014416,0,19,0,0,1,0,1827.049366,1827.049366,0,1797,464,51.18368626
588,0,1800,1813,-27.04936553,-14.04936553,-0.01138535931,-0.005913524087,13,0.005471835219,0,17,0,0,1,0,1827.049366,1827.049366,0,1797,465,51.22640562
589,0,1813,1799,-14.04936553,-28.04936553,-0.005913524087,-0.01180626971,-14,-0.00589274562,0,28,0,0,1,0,1827.049366,1827.049366,0,1797,466,51.26922512
590,0,1799,1814,-28.04936553,-13.04936553,-0.01180626971,-0.005492613686,15,0.006313656022,0,25,0,0,1,0,1827.049366,1827.049366,0,1797,467,51.31147456
591,0,1814,1800,-13.04936553,-27.04936553,-0.005492613686,-0.01138535931,-14,-0.00589274562,0,20,0,0,1,0,1827.049366,1827.049366,0,1797,468,51.35369444
592,0,1800,1813,-27.04936553,-14.04936553,-0.01138535931,-0.005913524087,13,0.005471835219,0,29,0,0,1,0,1827.049366,1827.049366,0,1797,469,51.3957963
593,0,1813,1805,-14.04936553,-22.04936553,-0.005913524087,-0.009280807299,-8,-0.003367283212,0,12,0,0,1,0,1827.049366,1827.049366,0,1797,470,51.43800378
594,0,1805,1809,-22.04936553,-18.04936553,-0.009280807299,-0.007597165693,4,0.001683641606,0,30,0,0,1,0,1827.049366,1827.049366,0,1797,471,51.4806118
595,0,1809,1808,-18.04936553,-19.04936553,-0.007597165693,-0.008018076095,-1,-0.0004209104015,0,19,0,0,1,0,1827.049366,1827.049366,0,1797,472,51.52274919
596,0,1808,1815,-19.04936553,-12.04936553,-0.008018076095,-0.005071703285,7,0.00294637281,0,13,0,0,1,0,1827.049366,1827.049366,0,1797,473,51.56480432
597,0,1815,1807,-12.04936553,-20.04936553,-0.005071703285,-0.008438986496,-8,-0.003367283212,0,10,0,0,1,0,1827.049366,1827.049366,0,1797,474,51.60686064
598,0,1807,1810,-20.04936553,-17.04936553,-0.008438986496,-0.007176255292,3,0.001262731204,0,19,0,0,1,0,1827.049366,1827.049366,0,1797,475,51.64883304
599,0,1810,1805,-17.04936553,-22.04936553,-0.007176255292,-0.009280807299,-5,-0.002104552007,0,29,0,0,1,0,1827.049366,1827.049366,0,1797,476,51.69150829
600,0,1805,1808,-22.04936553,-19.04936553,-0.009280807299,-0.008018076095,3,0.001262731204,0,19,0,0,1,0,1827.049366,1827.049366,0,1797,477,51.73414922
601,0,1808,1808,-19.04936553,-19.04936553,-0.008018076095,-0.008018076095,0,0,0,28,0,0,1,0,1827.049366,1827.049366,0,1797,478,51.77635813
602,0,1808,1815,-19.04936553,-12.04936553,-0.008018076095,-0.005071703285,7,0.00294637281,0,11,0,0,1,0,1827.049366,1827.049366,0,1797,479,51.81845307
603,0,1815,1810,-12.04936553,-17.04936553,-0.005071703285,-0.007176255292,-5,-0.002104552007,0,13,0,0,1,0,1827.049366,1827.049366,0,1797,480,51.86067653
604,0,1810,1813,-17.04936553,-14.04936553,-0.007176255292,-0.005913524087,3,0.001262731204,0,15,0,0,1,0,1827.049366,1827.049366,0,1797,481,51.9032228
605,0,1813,1810,-14.04936553,-17.04936553,-0.005913524087,-0.007176255292,-3,-0.001262731204,0,15,0,0,1,0,1827.049366,1827.049366,0,1797,482,51.9552474
606,0,1810,1817,-17.04936553,-10.04936553,-0.007176255292,-0.004229882482,7,0.00294637281,0,11,0,0,1,0,1827.049366,1827.049366,0,1797,483,51.99601865
607,0,1817,1804,-10.04936553,-23.04936553,-0.004229882482,-0.009701717701,-13,-0.005471835219,0,17,0,0,1,0,1827.049366,1827.049366,0,1797,484,52.03716493
608,0,1804,1812,-23.04936553,-15.04936553,-0.009701717701,-0.006334434489,8,0.003367283212,0,28,0,0,1,0,1827.049366,1827.049366,0,1797,485,52.07950068
609,0,1812,1802,-15.04936553,-25.04936553,-0.006334434489,-0.0105435385,-10,-0.004209104015,0,30,0,0,1,0,1827.049366,1827.049366,0,1797,486,52.12193465
610,0,1802,1811,-25.04936553,-16.04936553,-0.0105435385,-0.00675534489,9,0.003788193613,0,29,0,0,1,0,1827.049366,1827.049366,0,1797,487,52.16522455
611,0,1811,1802,-16.04936553,-25.04936553,-0.00675534489,-0.0105435385,-9,-0.003788193613,0,27,0,0,1,0,1827.049366,1827.049366,0,1797,488,52.20783877
612,0,1802,1812,-25.04936553,-15.04936553,-0.0105435385,-0.006334434489,10,0.004209104015,0,22,0,0,1,0,1827.049366,1827.049366,0,1797,489,52.25024152
613,0,1812,1800,-15.04936553,-27.04936553,-0.006334434489,-0.01138535931,-12,-0.005050924818,0,18,0,0,1,0,1827.049366,1827.049366,0,1797,490,52.29263163
614,0,1800,1813,-27.04936553,-14.04936553,-0.01138535931,-0.005913524087,13,0.005471835219,0,17,0,0,1,0,1827.049366,1827.049366,0,1797,491,52.33492279
615,0,1813,1801,-14.04936553,-26.04936553,-0.005913524087,-0.01096444891,-12,-0.005050924818,0,16,0,0,1,0,1827.049366,1827.049366,0,1797,492,52.37750793
616,0,1801,1810,-26.04936553,-17.04936553,-0.01096444891,-0.007176255292,9,0.003788193613,0,13,0,0,1,0,1827.049366,1827.049366,0,1797,493,52.42006183
617,0,1810,1804,-17.04936553,-23.04936553,-0.007176255292,-0.009701717701,-6,-0.002525462409,0,16,0,0,1,0,1827.049366,1827.049366,0,1797,494,52.46211457
618,0,1804,1809,-23.04936553,-18.04936553,-0.009701717701,-0.007597165693,5,0.002104552007,0,17,0,0,1,0,1827.049366,1827.049366,0,1797,495,52.50450516
619,0,1809,1806,-18.04936553,-21.04936553,-0.007597165693,-0.008859896898,-3,-0.001262731204,0,23,0,0,1,0,1827.049366,1827.049366,0,1797,496,52.54663706
620,0,1806,1810,-21.04936553,-17.04936553,-0.008859896898,-0.007176255292,4,0.001683641606,0,20,0,0,1,0,1827.049366,1827.049366,0,1797,497,52.58930564
621,0,1810,1804,-17.04936553,-23.04936553,-0.007176255292,-0.009701717701,-6,-0.002525462409,0,24,0,0,1,0,1827.049366,1827.049366,0,1797,498,52.63211226
622,0,1804,1811,-23.04936553,-16.04936553,-0.009701717701,-0.00675534489,7,0.00294637281,0,11,0,0,1,0,1827.049366,1827.049366,0,1797,499,52.67427444
623,0,1811,1803,-16.04936553,-24.04936553,-0.00675534489,-0.0101226281,-8,-0.003367283212,0,30,0,0,1,0,1827.049366,1827.049366,0,1797,500,52.71643782
624,0,1803,1809,-24.04936553,-18.04936553,-0.0101226281,-0.007597165693,6,0.002525462409,0,14,0,0,1,0,1827.049366,1827.049366,0,1797,501,52.75873423
625,0,1809,1802,-18.04936553,-25.04936553,-0.007597165693,-0.0105435385,-7,-0.00294637281,0,11,0,0,1,0,1827.049366,1827.049366,0,1797,502,52.80104756
626,0,1802,1810,-25.04936553,-17.04936553,-0.0105435385,-0.007176255292,8,0.003367283212,0,10,0,0,1,0,1827.049366,1827.049366,0,1797,503,52.84374118
627,0,1810,1803,-17.04936553,-24.04936553,-0.007176255292,-0.0101226281,-7,-0.00294637281,0,13,0,0,1,0,1827.049366,1827.049366,0,1797,504,52.88601708
628,0,1803,1811,-24.04936553,-16.04936553,-0.0101226281,-0.00675534489,8,0.003367283212,0,18,0,0,1,0,1827.049366,1827.049366,0,1797,505,52.9283514
629,0,1811,1805,-16.04936553,-22.04936553,-0.00675534489,-0.009280807299,-6,-0.002525462409,0,14,0,0,1,0,1827.049366,1827.049366,0,1797,506,52.97057724
630,0,1805,1809,-22.04936553,-18.04936553,-0.009280807299,-0.007597165693,4,0.001683641606,0,30,0,0,1,0,1827.049366,1827.049366,0,1797,507,53.01280689
631,0,1809,1805,-18.04936553,-22.04936553,-0.007597165693,-0.009280807299,-4,-0.001683641606,0,24,0,0,1,0,1827.049366,1827.049366,0,1797,508,53.05546093
632,0,1805,1811,-22.04936553,-16.04936553,-0.009280807299,-0.00675534489,6,0.002525462409,0,14,0,0,1,0,1827.049366,1827.049366,0,1797,509,53.0988183
633,0,1811,1804,-16.04936553,-23.04936553,-0.00675534489,-0.009701717701,-7,-0.00294637281,0,15,0,0,1,0,1827.049366,1827.049366,0,1797,510,53.1468854
634,0,1804,1810,-23.04936553,-17.04936553,-0.009701717701,-0.007176255292,6,0.002525462409,0,16,0,0,1,0,1827.049366,1827.049366,0,1797,511,53.1881578
635,0,1810,1807,-17.04936553,-20.04936553,-0.007176255292,-0.008438986496,-3,-0.001262731204,0,21,0,0,1,0,1827.049366,1827.049366,0,1797,512,53.22955394
636,0,1807,1806,-20.04936553,-21.04936553,-0.008438986496,-0.008859896898,-1,-0.0004209104015,0,25,0,0,1,0,1827.049366,1827.049366,0,1797,513,53.27134132
637,0,1806,1798,-21.04936553,-29.04936553,-0.008859896898,-0.01222718011,-8,-0.003367283212,0,10,0,0,1,0,1827.049366,1827.049366,0,1797,514,53.31321192
638,0,1798,1815,-29.04936553,-12.04936553,-0.01222718011,-0.005071703285,17,0.007155476825,0,25,0,0,1,0,1827.049366,1827.049366,0,1797,515,53.35445714
639,0,1815,1800,-12.04936553,-27.04936553,-0.005071703285,-0.01138535931,-15,-0.006313656022,0,23,0,0,1,0,1827.049366,1827.049366,0,1797,516,53.39592505
640,0,1800,1814,-27.04936553,-13.04936553,-0.01138535931,-0.005492613686,14,0.00589274562,0,22,0,0,1,0,1827.049366,1827.049366,0,1797,517,53.43800449
641,0,1814,1801,-13.04936553,-26.04936553,-0.005492613686,-0.01096444891,-13,-0.005471835219,0,23,0,0,1,0,1827.049366,1827.049366,0,1797,518,53.48036075
642,0,1801,1811,-26.04936553,-16.04936553,-0.01096444891,-0.00675534489,10,0.004209104015,0,18,0,0,1,0,1827.049366,1827.049366,0,1797,519,53.52236676
643,0,1811,1803,-16.04936553,-24.04936553,-0.00675534489,-0.0101226281,-8,-0.003367283212,0,30,0,0,1,0,1827.049366,1827.049366,0,1797,520,53.56384325
644,0,1803,1812,-24.04936553,-15.04936553,-0.0101226281,-0.006334434489,9,0.003788193613,0,29,0,0,1,0,1827.049366,1827.049366,0,1797,521,53.60509515
645,0,1812,1805,-15.04936553,-22.04936553,-0.006334434489,-0.009280807299,-7,-0.00294637281,0,11,0,0,1,0,1827.049366,1827.049366,0,1797,522,53.64604306
646,0,1805,1810,-22.04936553,-17.04936553,-0.009280807299,-0.007176255292,5,0.002104552007,0,25,0,0,1,0,1827.049366,1827.049366,0,1797,523,53.68727541
647,0,1810,1804,-17.04936553,-23.04936553,-0.007176255292,-0.009701717701,-6,-0.002525462409,0,30,0,0,1,0,1827.049366,1827.049366,0,1797,524,53.7293551
648,0,1804,1812,-23.04936553,-15.04936553,-0.009701717701,-0.006334434489,8,0.003367283212,0,22,0,0,1,0,1827.049366,1827.049366,0,1797,525,53.77947092
649,0,1812,1804,-15.04936553,-23.04936553,-0.006334434489,-0.009701717701,-8,-0.003367283212,0,10,0,0,1,0,1827.049366,1827.049366,0,1797,526,53.83231902
650,0,1804,1811,-23.04936553,-16.04936553,-0.009701717701,-0.00675534489,7,0.00294637281,0,23,0,0,1,0,1827.049366,1827.049366,0,1797,527,53.87376451
651,0,1811,1803,-16.04936553,-24.04936553,-0.00675534489,-0.0101226281,-8,-0.003367283212,0,24,0,0,1,0,1827.049366,1827.049366,0,1797,528,53.91456413
652,0,1803,1810,-24.04936553,-17.04936553,-0.0101226281,-0.007176255292,7,0.00294637281,0,25,0,0,1,0,1827.049366,1827.049366,0,1797,529,53.95704246
653,0,1810,1802,-17.04936553,-25.04936553,-0.007176255292,-0.0105435385,-8,-0.003367283212,0,28,0,0,1,0,1827.049366,1827.049366,0,1797,530,53.99943519
654,0,1802,1810,-25.04936553,-17.04936553,-0.0105435385,-0.007176255292,8,0.003367283212,0,22,0,0,1,0,1827.049366,1827.049366,0,1797,531,54.04167271
655,0,1810,1801,-17.04936553,-26.04936553,-0.007176255292,-0.01096444891,-9,-0.003788193613,0,11,0,0,1,0,1827.049366,1827.049366,0,1797,532,54.08407402
656,0,1801,1811,-26.04936553,-16.04936553,-0.01096444891,-0.00675534489,10,0.004209104015,0,24,0,0,1,0,1827.049366,1827.049366,0,1797,533,54.12654448
657,0,1811,1800,-16.04936553,-27.04936553,-0.00675534489,-0.01138535931,-11,-0.004630014416,0,27,0,0,1,0,1827.049366,1827.049366,0,1797,534,54.1693666
658,0,1800,1814,-27.04936553,-13.04936553,-0.01138535931,-0.005492613686,14,0.00589274562,0,30,0,0,1,0,1827.049366,1827.049366,0,1797,535,54.21209478
659,0,1814,1808,-13.04936553,-19.04936553,-0.005492613686,-0.008018076095,-6,-0.002525462409,0,18,0,0,1,0,1827.049366,1827.049366,0,1797,536,54.25438786
660,0,1808,1815,-19.04936553,-12.04936553,-0.008018076095,-0.005071703285,7,0.00294637281,0,17,0,0,1,0,1827.049366,1827.049366,0,1797,537,54.29686403
661,0,1815,1808,-12.04936553,-19.04936553,-0.005071703285,-0.008018076095,-7,-0.00294637281,0,15,0,0,1,0,1827.049366,1827.049366,0,1797,538,54.33922601
662,0,1808,1809,-19.04936553,-18.04936553,-0.008018076095,-0.007597165693,1,0.0004209104015,0,27,0,0,1,0,1827.049366,1827.049366,0,1797,539,54.38164401
663,0,1809,1803,-18.04936553,-24.04936553,-0.007597165693,-0.0101226281,-6,-0.002525462409,0,14,0,0,1,0,1827.049366,1827.049366,0,1797,540,54.42441511
664,0,1803,1812,-24.04936553,-15.04936553,-0.0101226281,-0.006334434489,9,0.003788193613,0,29,0,0,1,0,1827.049366,1827.049366,0,1797,541,54.46682739
665,0,1812,1802,-15.04936553,-25.04936553,-0.006334434489,-0.0105435385,-10,-0.004209104015,0,28,0,0,1,0,1827.049366,1827.049366,0,1797,542,54.50925279
666,0,1802,1812,-25.04936553,-15.04936553,-0.0105435385,-0.006334434489,10,0.004209104015,0,24,0,0,1,0,1827.049366,1827.049366,0,1797,543,54.5515511
667,0,1812,1803,-15.04936553,-24.04936553,-0.006334434489,-0.0101226281,-9,-0.003788193613,0,29,0,0,1,0,1827.049366,1827.049366,0,1797,544,54.5938375
668,0,1803,1812,-24.04936553,-15.04936553,-0.0101226281,-0.006334434489,9,0.003788193613,0,11,0,0,1,0,1827.049366,1827.049366,0,1797,545,54.63658571
669,0,1812,1804,-15.04936553,-23.04936553,-0.006334434489,-0.009701717701,-8,-0.003367283212,0,22,0,0,1,0,1827.049366,1827.049366,0,1797,546,54.67957783
670,0,1804,1814,-23.04936553,-13.04936553,-0.009701717701,-0.005492613686,10,0.004209104015,0,12,0,0,1,0,1827.049366,1827.049366,0,1797,547,54.72212172
671,0,1814,1808,-13.04936553,-19.04936553,-0.005492613686,-0.008018076095,-6,-0.002525462409,0,16,0,0,1,0,1827.049366,1827.049366,0,1797,548,54.76446486
672,0,1808,1812,-19.04936553,-15.04936553,-0.008018076095,-0.006334434489,4,0.001683641606,0,18,0,0,1,0,1827.049366,1827.049366,0,1797,549,54.80660558
673,0,1812,1802,-15.04936553,-25.04936553,-0.006334434489,-0.0105435385,-10,-0.004209104015,0,12,0,0,1,0,1827.049366,1827.049366,0,1797,550,54.84932327
674,0,1802,1811,-25.04936553,-16.04936553,-0.0105435385,-0.00675534489,9,0.003788193613,0,11,0,0,1,0,1827.049366,1827.049366,0,1797,551,54.89195251
675,0,1811,1804,-16.04936553,-23.04936553,-0.00675534489,-0.009701717701,-7,-0.00294637281,0,25,0,0,1,0,1827.049366,1827.049366,0,1797,552,54.93417001
676,0,1804,1809,-23.04936553,-18.04936553,-0.009701717701,-0.007597165693,5,0.002104552007,0,21,0,0,1,0,1827.049366,1827.049366,0,1797,553,54.98164678
677,0,1809,1806,-18.04936553,-21.04936553,-0.007597165693,-0.008859896898,-3,-0.001262731204,0,19,0,0,1,0,1827.049366,1827.049366,0,1797,554,55.02534199
678,0,1806,1815,-21.04936553,-12.04936553,-0.008859896898,-0.005071703285,9,0.003788193613,0,11,0,0,1,0,1827.049366,1827.049366,0,1797,555,55.06645584
679,0,1815,1799,-12.04936553,-28.04936553,-0.005071703285,-0.01180626971,-16,-0.006734566423,0,24,0,0,1,0,1827.049366,1827.049366,0,1797,556,55.10917592
680,0,1799,1812,-28.04936553,-15.04936553,-0.01180626971,-0.006334434489,13,0.005471835219,0,15,0,0,1,0,1827.049366,1827.049366,0,1797,557,55.15141129
681,0,1812,1804,-15.04936553,-23.04936553,-0.006334434489,-0.009701717701,-8,-0.003367283212,0,28,0,0,1,0,1827.049366,1827.049366,0,1797,558,55.19376493
682,0,1804,1813,-23.04936553,-14.04936553,-0.009701717701,-0.005913524087,9,0.003788193613,0,11,0,0,1,0,1827.049366,1827.049366,0,1797,559,55.23594165
683,0,1813,1805,-14.04936553,-22.04936553,-0.005913524087,-0.009280807299,-8,-0.003367283212,0,18,0,0,1,0,1827.049366,1827.049366,0,1797,560,55.27813816
684,0,1805,1813,-22.04936553,-14.04936553,-0.009280807299,-0.005913524087,8,0.003367283212,0,12,0,0,1,0,1827.049366,1827.049366,0,1797,561,55.32076979
685,0,1813,1802,-14.04936553,-25.04936553,-0.005913524087,-0.0105435385,-11,-0.004630014416,0,15,0,0,1,0,1827.049366,1827.049366,0,1797,562,55.36311746
686,0,1802,1812,-25.04936553,-15.04936553,-0.0105435385,-0.006334434489,10,0.004209104015,0,14,0,0,1,0,1827.049366,1827.049366,0,1797,563,55.40534019
687,0,1812,1805,-15.04936553,-22.04936553,-0.006334434489,-0.009280807299,-7,-0.00294637281,0,21,0,0,1,0,1827.049366,1827.049366,0,1797,564,55.44758415
688,0,1805,1814,-22.04936553,-13.04936553,-0.009280807299,-0.005492613686,9,0.003788193613,0,23,0,0,1,0,1827.049366,1827.049366,0,1797,565,55.48986173
689,0,1814,1803,-13.04936553,-24.04936553,-0.005492613686,-0.0101226281,-11,-0.004630014416,0,25,0,0,1,0,1827.049366,1827.049366,0,1797,566,55.53252149
690,0,1803,1814,-24.04936553,-13.04936553,-0.0101226281,-0.005492613686,11,0.004630014416,0,25,0,0,1,0,1827.049366,1827.049366,0,1797,567,55.57533193
691,0,1814,1808,-13.04936553,-19.04936553,-0.005492613686,-0.008018076095,-6,-0.002525462409,0,18,0,0,1,0,1827.049366,1827.049366,0,1797,568,55.61778545
692,0,1808,1816,-19.04936553,-11.04936553,-0.008018076095,-0.004650792883,8,0.003367283212,0,16,0,0,1,0,1827.049366,1827.049366,0,1797,569,55.65999913
693,0,1816,1800,-11.04936553,-27.04936553,-0.004650792883,-0.01138535931,-16,-0.006734566423,0,26,0,0,1,0,1827.049366,1827.049366,0,1797,570,55.70223832
694,0,1800,1810,-27.04936553,-17.04936553,-0.01138535931,-0.007176255292,10,0.004209104015,0,20,0,0,1,0,1827.049366,1827.049366,0,1797,571,55.74471974
695,0,1810,1807,-17.04936553,-20.04936553,-0.007176255292,-0.008438986496,-3,-0.001262731204,0,27,0,0,1,0,1827.049366,1827.049366,0,1797,572,55.78742719
696,0,1807,1809,-20.04936553,-18.04936553,-0.008438986496,-0.007597165693,2,0.0008418208029,0,28,0,0,1,0,1827.049366,1827.049366,0,1797,573,55.82968593
697,0,1809,1803,-18.04936553,-24.04936553,-0.007597165693,-0.0101226281,-6,-0.002525462409,0,24,0,0,1,0,1827.049366,1827.049366,0,1797,574,55.87200713
698,0,1803,1812,-24.04936553,-15.04936553,-0.0101226281,-0.006334434489,9,0.003788193613,0,29,0,0,1,0,1827.049366,1827.049366,0,1797,575,55.91455626
699,0,1812,1803,-15.04936553,-24.04936553,-0.006334434489,-0.0101226281,-9,-0.003788193613,0,13,0,0,1,0,1827.049366,1827.049366,0,1797,576,55.9575336
700,0,1803,1811,-24.04936553,-16.04936553,-0.0101226281,-0.00675534489,8,0.003367283212,0,12,0,0,1,0,1827.049366,1827.049366,0,1797,577,56.00062346
701,0,1811,1805,-16.04936553,-22.04936553,-0.00675534489,-0.009280807299,-6,-0.002525462409,0,26,0,0,1,0,1827.049366,1827.049366,0,1797,578,56.04293275
702,0,1805,1811,-22.04936553,-16.04936553,-0.009280807299,-0.00675534489,6,0.002525462409,0,22,0,0,1,0,1827.049366,1827.049366,0,1797,579,56.08511615
703,0,1811,1803,-16.04936553,-24.04936553,-0.00675534489,-0.0101226281,-8,-0.003367283212,0,10,0,0,1,0,1827.049366,1827.049366,0,1797,580,56.12753749
704,0,1803,1811,-24.04936553,-16.04936553,-0.0101226281,-0.00675534489,8,0.003367283212,0,30,0,0,1,0,1827.049366,1827.049366,0,1797,581,56.1804955
705,0,1811,1803,-16.04936553,-24.04936553,-0.00675534489,-0.0101226281,-8,-0.003367283212,0,18,0,0,1,0,1827.049366,1827.049366,0,1797,582,56.23324299
706,0,1803,1810,-24.04936553,-17.04936553,-0.0101226281,-0.007176255292,7,0.00294637281,0,11,0,0,1,0,1827.049366,1827.049366,0,1797,583,56.2757647
707,0,1810,1802,-17.04936553,-25.04936553,-0.007176255292,-0.0105435385,-8,-0.003367283212,0,26,0,0,1,0,1827.049366,1827.049366,0,1797,584,56.316818
708,0,1802,1812,-25.04936553,-15.04936553,-0.0105435385,-0.006334434489,10,0.004209104015,0,28,0,0,1,0,1827.049366,1827.049366,0,1797,585,56.35776496
709,0,1812,1806,-15.04936553,-21.04936553,-0.006334434489,-0.008859896898,-6,-0.002525462409,0,20,0,0,1,0,1827.049366,1827.049366,0,1797,586,56.39855337
710,0,1806,1811,-21.04936553,-16.04936553,-0.008859896898,-0.00675534489,5,0.002104552007,0,17,0,0,1,0,1827.049366,1827.049366,0,1797,587,56.44006848
711,0,1811,1806,-16.04936553,-21.04936553,-0.00675534489,-0.008859896898,-5,-0.002104552007,0,23,0,0,1,0,1827.049366,1827.049366,0,1797,588,56.48187447
712,0,1806,1812,-21.04936553,-15.04936553,-0.008859896898,-0.006334434489,6,0.002525462409,0,24,0,0,1,0,1827.049366,1827.049366,0,1797,589,56.5228579
713,0,1812,1809,-15.04936553,-18.04936553,-0.006334434489,-0.007597165693,-3,-0.001262731204,0,19,0,0,1,0,1827.049366,1827.049366,0,1797,590,56.56381536
714,0,1809,1813,-18.04936553,-14.04936553,-0.007597165693,-0.005913524087,4,0.001683641606,0,16,0,0,1,0,1827.049366,1827.049366,0,1797,591,56.60473275
715,0,1813,1806,-14.04936553,-21.04936553,-0.005913524087,-0.008859896898,-7,-0.00294637281,0,23,0,0,1,0,1827.049366,1827.049366,0,1797,592,56.64586139
716,0,1806,1812,-21.04936553,-15.04936553,-0.008859896898,-0.006334434489,6,0.002525462409,0,24,0,0,1,0,1827.049366,1827.049366,0,1797,593,56.68780208
717,0,1812,1807,-15.04936553,-20.04936553,-0.006334434489,-0.008438986496,-5,-0.002104552007,0,13,0,0,1,0,1827.049366,1827.049366,0,1797,594,56.72892165
718,0,1807,1809,-20.04936553,-18.04936553,-0.008438986496,-0.007597165693,2,0.0008418208029,0,26,0,0,1,0,1827.049366,1827.049366,0,1797,595,56.76996469
719,0,1809,1802,-18.04936553,-25.04936553,-0.007597165693,-0.0105435385,-7,-0.00294637281,0,11,0,0,1,0,1827.049366,1827.049366,0,1797,596,56.81091881
720,0,1802,1812,-25.04936553,-15.04936553,-0.0105435385,-0.006334434489,10,0.004209104015,0,24,0,0,1,0,1827.049366,1827.049366,0,1797,597,56.8525064
721,0,1812,1805,-15.04936553,-22.04936553,-0.006334434489,-0.009280807299,-7,-0.00294637281,0,11,0,0,1,0,1827.049366,1827.049366,0,1797,598,56.89554214
722,0,1805,1811,-22.04936553,-16.04936553,-0.009280807299,-0.00675534489,6,0.002525462409,0,26,0,0,1,0,1827.049366,1827.049366,0,1797,599,56.93805838
723,0,1811,1809,-16.04936553,-18.04936553,-0.00675534489,-0.007597165693,-2,-0.0008418208029,0,22,0,0,1,0,1827.049366,1827.049366,0,1797,600,56.98034739
724,0,1809,1805,-18.04936553,-22.04936553,-0.007597165693,-0.009280807299,-4,-0.001683641606,0,28,0,0,1,0,1827.049366,1827.049366,0,1797,601,57.02292323
725,0,1805,1806,-22.04936553,-21.04936553,-0.009280807299,-0.008859896898,1,0.0004209104015,0,25,0,0,1,0,1827.049366,1827.049366,0,1797,602,57.06522608
726,0,1806,1811,-21.04936553,-16.04936553,-0.008859896898,-0.00675534489,5,0.002104552007,0,19,0,0,1,0,1827.049366,1827.049366,0,1797,603,57.1077776
727,0,1811,1801,-16.04936553,-26.04936553,-0.00675534489,-0.01096444891,-10,-0.004209104015,0,26,0,0,1,0,1827.049366,1827.049366,0,1797,604,57.15052557
728,0,1801,1808,-26.04936553,-19.04936553,-0.01096444891,-0.008018076095,7,0.00294637281,0,11,0,0,1,0,1827.049366,1827.049366,0,1797,605,57.1929152
729,0,1808,1804,-19.04936553,-23.04936553,-0.008018076095,-0.009701717701,-4,-0.001683641606,0,24,0,0,1,0,1827.049366,1827.049366,0,1797,606,57.23519015
730,0,1804,1812,-23.04936553,-15.04936553,-0.009701717701,-0.006334434489,8,0.003367283212,0,20,0,0,1,0,1827.049366,1827.049366,0,1797,607,57.27780151
731,0,1812,1803,-15.04936553,-24.04936553,-0.006334434489,-0.0101226281,-9,-0.003788193613,0,13,0,0,1,0,1827.049366,1827.049366,0,1797,608,57.32055902
732,0,1803,1810,-24.04936553,-17.04936553,-0.0101226281,-0.007176255292,7,0.00294637281,0,25,0,0,1,0,1827.049366,1827.049366,0,1797,609,57.36340404
733,0,1810,1802,-17.04936553,-25.04936553,-0.007176255292,-0.0105435385,-8,-0.003367283212,0,14,0,0,1,0,1827.049366,1827.049366,0,1797,610,57.40557289
734,0,1802,1811,-25.04936553,-16.04936553,-0.0105435385,-0.00675534489,9,0.003788193613,0,25,0,0,1,0,1827.049366,1827.049366,0,1797,611,57.4475534
735,0,1811,1803,-16.04936553,-24.04936553,-0.00675534489,-0.0101226281,-8,-0.003367283212,0,10,0,0,1,0,1827.049366,1827.049366,0,1797,612,57.48945951
736,0,1803,1810,-24.04936553,-17.04936553,-0.0101226281,-0.007176255292,7,0.00294637281,0,29,0,0,1,0,1827.049366,1827.049366,0,1797,613,57.53186154
737,0,1810,1801,-17.04936553,-26.04936553,-0.007176255292,-0.01096444891,-9,-0.003788193613,0,19,0,0,1,0,1827.049366,1827.049366,0,1797,614,57.57509518
738,0,1801,1812,-26.04936553,-15.04936553,-0.01096444891,-0.006334434489,11,0.004630014416,0,17,0,0,1,0,1827.049366,1827.049366,0,1797,615,57.61755776
739,0,1812,1804,-15.04936553,-23.04936553,-0.006334434489,-0.009701717701,-8,-0.003367283212,0,12,0,0,1,0,1827.049366,1827.049366,0,1797,616,57.65987921
740,0,1804,1810,-23.04936553,-17.04936553,-0.009701717701,-0.007176255292,6,0.002525462409,0,24,0,0,1,0,1827.049366,1827.049366,0,1797,617,57.70235276
741,0,1810,1802,-17.04936553,-25.04936553,-0.007176255292,-0.0105435385,-8,-0.003367283212,0,28,0,0,1,0,1827.049366,1827.049366,0,1797,618,57.74486828
742,0,1802,1807,-25.04936553,-20.04936553,-0.0105435385,-0.008438986496,5,0.002104552007,0,17,0,0,1,0,1827.049366,1827.049366,0,1797,619,57.78782487
743,0,1807,1803,-20.04936553,-24.04936553,-0.008438986496,-0.0101226281,-4,-0.001683641606,0,26,0,0,1,0,1827.049366,1827.049366,0,1797,620,57.83053708
744,0,1803,1808,-24.04936553,-19.04936553,-0.0101226281,-0.008018076095,5,0.002104552007,0,27,0,0,1,0,1827.049366,1827.049366,0,1797,621,57.87306857
745,0,1808,1805,-19.04936553,-22.04936553,-0.008018076095,-0.009280807299,-3,-0.001262731204,0,25,0,0,1,0,1827.049366,1827.049366,0,1797,622,57.91548443
746,0,1805,1813,-22.04936553,-14.04936553,-0.009280807299,-0.005913524087,8,0.003367283212,0,12,0,0,1,0,1827.049366,1827.049366,0,1797,623,57.95797753
747,0,1813,1804,-14.04936553,-23.04936553,-0.005913524087,-0.009701717701,-9,-0.003788193613,0,19,0,0,1,0,1827.049366,1827.049366,0,1797,624,58.00091195
748,0,1804,1808,-23.04936553,-19.04936553,-0.009701717701,-0.008018076095,4,0.001683641606,0,26,0,0,1,0,1827.049366,1827.049366,0,1797,625,58.04391813
749,0,1808,1800,-19.04936553,-27.04936553,-0.008018076095,-0.01138535931,-8,-0.003367283212,0,22,0,0,1,0,1827.049366,1827.049366,0,1797,626,58.08643651
750,0,1800,1809,-27.04936553,-18.04936553,-0.01138535931,-0.007597165693,9,0.003788193613,0,21,0,0,1,0,1827.049366,1827.049366,0,1797,627,58.12888312
751,0,1809,1800,-18.04936553,-27.04936553,-0.007597165693,-0.01138535931,-9,-0.003788193613,0,21,0,0,1,0,1827.049366,1827.049366,0,1797,628,58.17132092
752,0,1800,1811,-27.04936553,-16.04936553,-0.01138535931,-0.00675534489,11,0.004630014416,0,27,0,0,1,0,1827.049366,1827.049366,0,1797,629,58.21416426
753,0,1811,1802,-16.04936553,-25.04936553,-0.00675534489,-0.0105435385,-9,-0.003788193613,0,19,0,0,1,0,1827.049366,1827.049366,0,1797,630,58.2574625
754,0,1802,1810,-25.04936553,-17.04936553,-0.0105435385,-0.007176255292,8,0.003367283212,0,20,0,0,1,0,1827.049366,1827.049366,0,1797,631,58.29995346
755,0,1810,1800,-17.04936553,-27.04936553,-0.007176255292,-0.01138535931,-10,-0.004209104015,0,26,0,0,1,0,1827.049366,1827.049366,0,1797,632,58.34237003
756,0,1800,1808,-27.04936553,-19.04936553,-0.01138535931,-0.008018076095,8,0.003367283212,0,24,0,0,1,0,1827.049366,1827.049366,0,1797,633,58.38476944
757,0,1808,1798,-19.04936553,-29.04936553,-0.008018076095,-0.01222718011,-10,-0.004209104015,0,18,0,0,1,0,1827.049366,1827.049366,0,1797,634,58.42712593
758,0,1798,1810,-29.04936553,-17.04936553,-0.01222718011,-0.007176255292,12,0.005050924818,0,20,0,0,1,0,1827.049366,1827.049366,0,1797,635,58.47023916
759,0,1810,1800,-17.04936553,-27.04936553,-0.007176255292,-0.01138535931,-10,-0.004209104015,0,16,0,0,1,0,1827.049366,1827.049366,0,1797,636,58.51282096
760,0,1800,1811,-27.04936553,-16.04936553,-0.01138535931,-0.00675534489,11,0.004630014416,0,27,0,0,1,0,1827.049366,1827.049366,0,1797,637,58.5553925
761,0,1811,1804,-16.04936553,-23.04936553,-0.00675534489,-0.009701717701,-7,-0.00294637281,0,13,0,0,1,0,1827.049366,1827.049366,0,1797,638,58.59768772
762,0,1804,1808,-23.04936553,-19.04936553,-0.009701717701,-0.008018076095,4,0.001683641606,0,28,0,0,1,0,1827.049366,1827.049366,0,1797,639,58.63982558
763,0,1808,1799,-19.04936553,-28.04936553,-0.008018076095,-0.01180626971,-9,-0.003788193613,0,11,0,0,1,0,1827.049366,1827.049366,0,1797,640,58.68280244
764,0,1799,1808,-28.04936553,-19.04936553,-0.01180626971,-0.008018076095,9,0.003788193613,0,11,0,0,1,0,1827.049366,1827.049366,0,1797,641,58.725878
765,0,1808,1805,-19.04936553,-22.04936553,-0.008018076095,-0.009280807299,-3,-0.001262731204,0,27,0,0,1,0,1827.049366,1827.049366,0,1797,642,58.76830316
766,0,1805,1810,-22.04936553,-17.04936553,-0.009280807299,-0.007176255292,5,0.002104552007,0,25,0,0,1,0,1827.049366,1827.049366,0,1797,643,58.81089544
767,0,1810,1805,-17.04936553,-22.04936553,-0.007176255292,-0.009280807299,-5,-0.002104552007,0,21,0,0,1,0,1827.049366,1827.049366,0,1797,644,58.8533814
768,0,1805,1811,-22.04936553,-16.04936553,-0.009280807299,-0.00675534489,6,0.002525462409,0,20,0,0,1,0,1827.049366,1827.049366,0,1797,645,58.89639449
769,0,1811,1806,-16.04936553,-21.04936553,-0.00675534489,-0.008859896898,-5,-0.002104552007,0,19,0,0,1,0,1827.049366,1827.049366,0,1797,646,58.93961501
770,0,1806,1809,-21.04936553,-18.04936553,-0.008859896898,-0.007597165693,3,0.001262731204,0,23,0,0,1,0,1827.049366,1827.049366,0,1797,647,58.98203373
771,0,1809,1805,-18.04936553,-22.04936553,-0.007597165693,-0.009280807299,-4,-0.001683641606,0,30,0,0,1,0,1827.049366,1827.049366,0,1797,648,59.02450562
772,0,1805,1809,-22.04936553,-18.04936553,-0.009280807299,-0.007597165693,4,0.001683641606,0,20,0,0,1,0,1827.049366,1827.049366,0,1797,649,59.06685328
773,0,1809,1801,-18.04936553,-26.04936553,-0.007597165693,-0.01096444891,-8,-0.003367283212,0,10,0,0,1,0,1827.049366,1827.049366,0,1797,650,59.1097846
774,0,1801,1812,-26.04936553,-15.04936553,-0.01096444891,-0.006334434489,11,0.004630014416,0,25,0,0,1,0,1827.049366,1827.049366,0,1797,651,59.1528759
775,0,1812,1805,-15.04936553,-22.04936553,-0.006334434489,-0.009280807299,-7,-0.00294637281,0,11,0,0,1,0,1827.049366,1827.049366,0,1797,652,59.19518328
776,0,1805,1808,-22.04936553,-19.04936553,-0.009280807299,-0.008018076095,3,0.001262731204,0,19,0,0,1,0,1827.049366,1827.049366,0,1797,653,59.23780131
777,0,1808,1800,-19.04936553,-27.04936553,-0.008018076095,-0.01138535931,-8,-0.003367283212,0,10,0,0,1,0,1827.049366,1827.049366,0,1797,654,59.2802372
778,0,1800,1810,-27.04936553,-17.04936553,-0.01138535931,-0.007176255292,10,0.004209104015,0,12,0,0,1,0,1827.049366,1827.049366,0,1797,655,59.32255864
779,0,1810,1804,-17.04936553,-23.04936553,-0.007176255292,-0.009701717701,-6,-0.002525462409,0,18,0,0,1,0,1827.049366,1827.049366,0,1797,656,59.3651135
780,0,1804,1810,-23.04936553,-17.04936553,-0.009701717701,-0.007176255292,6,0.002525462409,0,26,0,0,1,0,1827.049366,1827.049366,0,1797,657,59.40771866
781,0,1810,1804,-17.04936553,-23.04936553,-0.007176255292,-0.009701717701,-6,-0.002525462409,0,18,0,0,1,0,1827.049366,1827.049366,0,1797,658,59.45009184
782,0,1804,1811,-23.04936553,-16.04936553,-0.009701717701,-0.00675534489,7,0.00294637281,0,29,0,0,1,0,1827.049366,1827.049366,0,1797,659,59.49266291
783,0,1811,1802,-16.04936553,-25.04936553,-0.00675534489,-0.0105435385,-9,-0.003788193613,0,13,0,0,1,0,1827.049366,1827.049366,0,1797,660,59.53503776
784,0,1802,1813,-25.04936553,-14.04936553,-0.0105435385,-0.005913524087,11,0.004630014416,0,25,0,0,1,0,1827.049366,1827.049366,0,1797,661,59.57761431
785,0,1813,1803,-14.04936553,-24.04936553,-0.005913524087,-0.0101226281,-10,-0.004209104015,0,20,0,0,1,0,1827.049366,1827.049366,0,1797,662,59.62012291
786,0,1803,1814,-24.04936553,-13.04936553,-0.0101226281,-0.005492613686,11,0.004630014416,0,15,0,0,1,0,1827.049366,1827.049366,0,1797,663,59.66278291
787,0,1814,1804,-13.04936553,-23.04936553,-0.005492613686,-0.009701717701,-10,-0.004209104015,0,18,0,0,1,0,1827.049366,1827.049366,0,1797,664,59.70517302
788,0,1804,1813,-23.04936553,-14.04936553,-0.009701717701,-0.005913524087,9,0.003788193613,0,11,0,0,1,0,1827.049366,1827.049366,0,1797,665,59.74760818
789,0,1813,1803,-14.04936553,-24.04936553,-0.005913524087,-0.0101226281,-10,-0.004209104015,0,20,0,0,1,0,1827.049366,1827.049366,0,1797,666,59.78998637
790,0,1803,1810,-24.04936553,-17.04936553,-0.0101226281,-0.007176255292,7,0.00294637281,0,17,0,0,1,0,1827.049366,1827.049366,0,1797,667,59.83226967
791,0,1810,1801,-17.04936553,-26.04936553,-0.007176255292,-0.01096444891,-9,-0.003788193613,0,11,0,0,1,0,1827.049366,1827.049366,0,1797,668,59.87467766
792,0,1801,1813,-26.04936553,-14.04936553,-0.01096444891,-0.005913524087,12,0.005050924818,0,28,0,0,1,0,1827.049366,1827.049366,0,1797,669,59.91717148
793,0,1813,1799,-14.04936553,-28.04936553,-0.005913524087,-0.01180626971,-14,-0.00589274562,0,22,0,0,1,0,1827.049366,1827.049366,0,1797,670,59.95961094
794,0,1799,1815,-28.04936553,-12.04936553,-0.01180626971,-0.005071703285,16,0.006734566423,0,30,0,0,1,0,1827.049366,1827.049366,0,1797,671,60.00204325
795,0,1815,1799,-12.04936553,-28.04936553,-0.005071703285,-0.01180626971,-16,-0.006734566423,0,28,0,0,1,0,1827.049366,1827.049366,0,1797,672,60.04451537
796,0,1799,1809,-28.04936553,-18.04936553,-0.01180626971,-0.007597165693,10,0.004209104015,0,16,0,0,1,0,1827.049366,1827.049366,0,1797,673,60.08698201
797,0,1809,1803,-18.04936553,-24.04936553,-0.007597165693,-0.0101226281,-6,-0.002525462409,0,20,0,0,1,0,1827.049366,1827.049366,0,1797,674,60.12980247
798,0,1803,1812,-24.04936553,-15.04936553,-0.0101226281,-0.006334434489,9,0.003788193613,0,11,0,0,1,0,1827.049366,1827.049366,0,1797,675,60.1726675
799,0,1812,1800,-15.04936553,-27.04936553,-0.006334434489,-0.01138535931,-12,-0.005050924818,0,26,0,0,1,0,1827.049366,1827.049366,0,1797,676,60.21517277
800,0,1800,1814,-27.04936553,-13.04936553,-0.01138535931,-0.005492613686,14,0.00589274562,0,30,0,0,1,0,1827.049366,1827.049366,0,1797,677,60.25771236
801,0,1814,1802,-13.04936553,-25.04936553,-0.005492613686,-0.0105435385,-12,-0.005050924818,0,20,0,0,1,0,1827.049366,1827.049366,0,1797,678,60.30079389
802,0,1802,1812,-25.04936553,-15.04936553,-0.0105435385,-0.006334434489,10,0.004209104015,0,30,0,0,1,0,1827.049366,1827.049366,0,1797,679,60.3440783
803,0,1812,1804,-15.04936553,-23.04936553,-0.006334434489,-0.009701717701,-8,-0.003367283212,0,14,0,0,1,0,1827.049366,1827.049366,0,1797,680,60.38659883
804,0,1804,1810,-23.04936553,-17.04936553,-0.009701717701,-0.007176255292,6,0.002525462409,0,28,0,0,1,0,1827.049366,1827.049366,0,1797,681,60.42914462
805,0,1810,1805,-17.04936553,-22.04936553,-0.007176255292,-0.009280807299,-5,-0.002104552007,0,27,0,0,1,0,1827.049366,1827.049366,0,1797,682,60.47180343
806,0,1805,1808,-22.04936553,-19.04936553,-0.009280807299,-0.008018076095,3,0.001262731204,0,23,0,0,1,0,1827.049366,1827.049366,0,1797,683,60.51435757
807,0,1808,1800,-19.04936553,-27.04936553,-0.008018076095,-0.01138535931,-8,-0.003367283212,0,14,0,0,1,0,1827.049366,1827.049366,0,1797,684,60.55715847
808,0,1800,1810,-27.04936553,-17.04936553,-0.01138535931,-0.007176255292,10,0.004209104015,0,18,0,0,1,0,1827.049366,1827.049366,0,1797,685,60.60033679
809,0,1810,1801,-17.04936553,-26.04936553,-0.007176255292,-0.01096444891,-9,-0.003788193613,0,21,0,0,1,0,1827.049366,1827.049366,0,1797,686,60.64224601
810,0,1801,1809,-26.04936553,-18.04936553,-0.01096444891,-0.007597165693,8,0.003367283212,0,14,0,0,1,0,1827.049366,1827.049366,0,1797,687,60.68456221
811,0,1809,1805,-18.04936553,-22.04936553,-0.007597165693,-0.009280807299,-4,-0.001683641606,0,26,0,0,1,0,1827.049366,1827.049366,0,1797,688,60.72679901
812,0,1805,1808,-22.04936553,-19.04936553,-0.009280807299,-0.008018076095,3,0.001262731204,0,29,0,0,1,0,1827.049366,1827.049366,0,1797,689,60.76908302
813,0,1808,1800,-19.04936553,-27.04936553,-0.008018076095,-0.01138535931,-8,-0.003367283212,0,14,0,0,1,0,1827.049366,1827.049366,0,1797,690,60.81170535
814,0,1800,1812,-27.04936553,-15.04936553,-0.01138535931,-0.006334434489,12,0.005050924818,0,24,0,0,1,0,1827.049366,1827.049366,0,1797,691,60.85476255
815,0,1812,1803,-15.04936553,-24.04936553,-0.006334434489,-0.0101226281,-9,-0.003788193613,0,21,0,0,1,0,1827.049366,1827.049366,0,1797,692,60.89703631
816,0,1803,1809,-24.04936553,-18.04936553,-0.0101226281,-0.007597165693,6,0.002525462409,0,28,0,0,1,0,1827.049366,1827.049366,0,1797,693,60.93968773
817,0,1809,1803,-18.04936553,-24.04936553,-0.007597165693,-0.0101226281,-6,-0.002525462409,0,26,0,0,1,0,1827.049366,1827.049366,0,1797,694,60.98223639
818,0,1803,1812,-24.04936553,-15.04936553,-0.0101226281,-0.006334434489,9,0.003788193613,0,13,0,0,1,0,1827.049366,1827.049366,0,1797,695,61.0245471
819,0,1812,1803,-15.04936553,-24.04936553,-0.006334434489,-0.0101226281,-9,-0.003788193613,0,11,0,0,1,0,1827.049366,1827.049366,0,1797,696,61.06748676
820,0,1803,1810,-24.04936553,-17.04936553,-0.0101226281,-0.007176255292,7,0.00294637281,0,27,0,0,1,0,1827.049366,1827.049366,0,1797,697,61.11018586
821,0,1810,1802,-17.04936553,-25.04936553,-0.007176255292,-0.0105435385,-8,-0.003367283212,0,22,0,0,1,0,1827.049366,1827.049366,0,1797,698,61.15270352
822,0,1802,1810,-25.04936553,-17.04936553,-0.0105435385,-0.007176255292,8,0.003367283212,0,16,0,0,1,0,1827.049366,1827.049366,0,1797,699,61.19509697
823,0,1810,1802,-17.04936553,-25.04936553,-0.007176255292,-0.0105435385,-8,-0.003367283212,0,14,0,0,1,0,1827.049366,1827.049366,0,1797,700,61.23781419
824,0,1802,1812,-25.04936553,-15.04936553,-0.0105435385,-0.006334434489,10,0.004209104015,0,26,0,0,1,0,1827.049366,1827.049366,0,1797,701,61.28101349
825,0,1812,1802,-15.04936553,-25.04936553,-0.006334434489,-0.0105435385,-10,-0.004209104015,0,12,0,0,1,0,1827.049366,1827.049366,0,1797,702,61.32402706
826,0,1802,1812,-25.04936553,-15.04936553,-0.0105435385,-0.006334434489,10,0.004209104015,0,18,0,0,1,0,1827.049366,1827.049366,0,1797,703,61.36644745
827,0,1812,1800,-15.04936553,-27.04936553,-0.006334434489,-0.01138535931,-12,-0.005050924818,0,14,0,0,1,0,1827.049366,1827.049366,0,1797,704,61.40897703
828,0,1800,1815,-27.04936553,-12.04936553,-0.01138535931,-0.005071703285,15,0.006313656022,0,19,0,0,1,0,1827.049366,1827.049366,0,1797,705,61.45143151
829,0,1815,1806,-12.04936553,-21.04936553,-0.005071703285,-0.008859896898,-9,-0.003788193613,0,11,0,0,1,0,1827.049366,1827.049366,0,1797,706,61.49433947
830,0,1806,1808,-21.04936553,-19.04936553,-0.008859896898,-0.008018076095,2,0.0008418208029,0,30,0,0,1,0,1827.049366,1827.049366,0,1797,707,61.53741789
831,0,1808,1803,-19.04936553,-24.04936553,-0.008018076095,-0.0101226281,-5,-0.002104552007,0,17,0,0,1,0,1827.049366,1827.049366,0,1797,708,61.58009768
832,0,1803,1811,-24.04936553,-16.04936553,-0.0101226281,-0.00675534489,8,0.003367283212,0,12,0,0,1,0,1827.049366,1827.049366,0,1797,709,61.62251186
833,0,1811,1801,-16.04936553,-26.04936553,-0.00675534489,-0.01096444891,-10,-0.004209104015,0,20,0,0,1,0,1827.049366,1827.049366,0,1797,710,61.66508985
834,0,1801,1814,-26.04936553,-13.04936553,-0.01096444891,-0.005492613686,13,0.005471835219,0,29,0,0,1,0,1827.049366,1827.049366,0,1797,711,61.7076416
835,0,1814,1805,-13.04936553,-22.04936553,-0.005492613686,-0.009280807299,-9,-0.003788193613,0,11,0,0,1,0,1827.049366,1827.049366,0,1797,712,61.75060678
836,0,1805,1811,-22.04936553,-16.04936553,-0.009280807299,-0.00675534489,6,0.002525462409,0,24,0,0,1,0,1827.049366,1827.049366,0,1797,713,61.79345083
837,0,1811,1803,-16.04936553,-24.04936553,-0.00675534489,-0.0101226281,-8,-0.003367283212,0,22,0,0,1,0,1827.049366,1827.049366,0,1797,714,61.8357408
838,0,1803,1811,-24.04936553,-16.04936553,-0.0101226281,-0.00675534489,8,0.003367283212,0,20,0,0,1,0,1827.049366,1827.049366,0,1797,715,61.87815881
839,0,1811,1803,-16.04936553,-24.04936553,-0.00675534489,-0.0101226281,-8,-0.003367283212,0,14,0,0,1,0,1827.049366,1827.049366,0,1797,716,61.92048216
840,0,1803,1812,-24.04936553,-15.04936553,-0.0101226281,-0.006334434489,9,0.003788193613,0,15,0,0,1,0,1827.049366,1827.049366,0,1797,717,61.96337152
841,0,1812,1804,-15.04936553,-23.04936553,-0.006334434489,-0.009701717701,-8,-0.003367283212,0,14,0,0,1,0,1827.049366,1827.049366,0,1797,718,62.00631642
842,0,1804,1810,-23.04936553,-17.04936553,-0.009701717701,-0.007176255292,6,0.002525462409,0,28,0,0,1,0,1827.049366,1827.049366,0,1797,719,62.04860806
843,0,1810,1801,-17.04936553,-26.04936553,-0.007176255292,-0.01096444891,-9,-0.003788193613,0,11,0,0,1,0,1827.049366,1827.049366,0,1797,720,62.09107757
844,0,1801,1812,-26.04936553,-15.04936553,-0.01096444891,-0.006334434489,11,0.004630014416,0,23,0,0,1,0,1827.049366,1827.049366,0,1797,721,62.13370037
845,0,1812,1801,-15.04936553,-26.04936553,-0.006334434489,-0.01096444891,-11,-0.004630014416,0,17,0,0,1,0,1827.049366,1827.049366,0,1797,722,62.17618155
846,0,1801,1810,-26.04936553,-17.04936553,-0.01096444891,-0.007176255292,9,0.003788193613,0,11,0,0,1,0,1827.049366,1827.049366,0,1797,723,62.21932149
847,0,1810,1802,-17.04936553,-25.04936553,-0.007176255292,-0.0105435385,-8,-0.003367283212,0,22,0,0,1,0,1827.049366,1827.049366,0,1797,724,62.26236963
848,0,1802,1813,-25.04936553,-14.04936553,-0.0105435385,-0.005913524087,11,0.004630014416,0,29,0,0,1,0,1827.049366,1827.049366,0,1797,725,62.30503607
849,0,1813,1805,-14.04936553,-22.04936553,-0.005913524087,-0.009280807299,-8,-0.003367283212,0,14,0,0,1,0,1827.049366,1827.049366,0,1797,726,62.34754062
850,0,1805,1813,-22.04936553,-14.04936553,-0.009280807299,-0.005913524087,8,0.003367283212,0,24,0,0,1,0,1827.049366,1827.049366,0,1797,727,62.39001322
851,0,1813,1804,-14.04936553,-23.04936553,-0.005913524087,-0.009701717701,-9,-0.003788193613,0,25,0,0,1,0,1827.049366,1827.049366,0,1797,728,62.4330616
852,0,1804,1813,-23.04936553,-14.04936553,-0.009701717701,-0.005913524087,9,0.003788193613,0,25,0,0,1,0,1827.049366,1827.049366,0,1797,729,62.47641873
853,0,1813,1805,-14.04936553,-22.04936553,-0.005913524087,-0.009280807299,-8,-0.003367283212,0,10,0,0,1,0,1827.049366,1827.049366,0,1797,730,62.51880598
854,0,1805,1814,-22.04936553,-13.04936553,-0.009280807299,-0.005492613686,9,0.003788193613,0,19,0,0,1,0,1827.049366,1827.049366,0,1797,731,62.56139755
855,0,1814,1803,-13.04936553,-24.04936553,-0.005492613686,-0.0101226281,-11,-0.004630014416,0,27,0,0,1,0,1827.049366,1827.049366,0,1797,732,62.60394239
856,0,1803,1811,-24.04936553,-16.04936553,-0.0101226281,-0.00675534489,8,0.003367283212,0,14,0,0,1,0,1827.049366,1827.049366,0,1797,733,62.64663029
857,0,1811,1804,-16.04936553,-23.04936553,-0.00675534489,-0.009701717701,-7,-0.00294637281,0,21,0,0,1,0,1827.049366,1827.049366,0,1797,734,62.68980479
858,0,1804,1811,-23.04936553,-16.04936553,-0.009701717701,-0.00675534489,7,0.00294637281,0,19,0,0,1,0,1827.049366,1827.049366,0,1797,735,62.7322824
859,0,1811,1804,-16.04936553,-23.04936553,-0.00675534489,-0.009701717701,-7,-0.00294637281,0,19,0,0,1,0,1827.049366,1827.049366,0,1797,736,62.77475524
860,0,1804,1811,-23.04936553,-16.04936553,-0.009701717701,-0.00675534489,7,0.00294637281,0,13,0,0,1,0,1827.049366,1827.049366,0,1797,737,62.81732917
861,0,1811,1803,-16.04936553,-24.04936553,-0.00675534489,-0.0101226281,-8,-0.003367283212,0,30,0,0,1,0,1827.049366,1827.049366,0,1797,738,62.85995984
862,0,1803,1808,-24.04936553,-19.04936553,-0.0101226281,-0.008018076095,5,0.002104552007,0,27,0,0,1,0,1827.049366,1827.049366,0,1797,739,62.90291262
863,0,1808,1801,-19.04936553,-26.04936553,-0.008018076095,-0.01096444891,-7,-0.00294637281,0,23,0,0,1,0,1827.049366,1827.049366,0,1797,740,62.94585896
864,0,1801,1808,-26.04936553,-19.04936553,-0.01096444891,-0.008018076095,7,0.00294637281,0,19,0,0,1,0,1827.049366,1827.049366,0,1797,741,62.98838592
865,0,1808,1802,-19.04936553,-25.04936553,-0.008018076095,-0.0105435385,-6,-0.002525462409,0,24,0,0,1,0,1827.049366,1827.049366,0,1797,742,63.03116012
866,0,1802,1809,-25.04936553,-18.04936553,-0.0105435385,-0.007597165693,7,0.00294637281,0,25,0,0,1,0,1827.049366,1827.049366,0,1797,743,63.07363415
867,0,1809,1803,-18.04936553,-24.04936553,-0.007597165693,-0.0101226281,-6,-0.002525462409,0,24,0,0,1,0,1827.049366,1827.049366,0,1797,744,63.11642623
868,0,1803,1809,-24.04936553,-18.04936553,-0.0101226281,-0.007597165693,6,0.002525462409,0,12,0,0,1,0,1827.049366,1827.049366,0,1797,745,63.15987253
869,0,1809,1804,-18.04936553,-23.04936553,-0.007597165693,-0.009701717701,-5,-0.002104552007,0,19,0,0,1,0,1827.049366,1827.049366,0,1797,746,63.20240688
870,0,1804,1811,-23.04936553,-16.04936553,-0.009701717701,-0.00675534489,7,0.00294637281,0,17,0,0,1,0,1827.049366,1827.049366,0,1797,747,63.24498224
871,0,1811,1803,-16.04936553,-24.04936553,-0.00675534489,-0.0101226281,-8,-0.003367283212,0,18,0,0,1,0,1827.049366,1827.049366,0,1797,748,63.28785133
872,0,1803,1810,-24.04936553,-17.04936553,-0.0101226281,-0.007176255292,7,0.00294637281,0,17,0,0,1,0,1827.049366,1827.049366,0,1797,749,63.33059072
873,0,1810,1802,-17.04936553,-25.04936553,-0.007176255292,-0.0105435385,-8,-0.003367283212,0,10,0,0,1,0,1827.049366,1827.049366,0,1797,750,63.37356234
874,0,1802,1812,-25.04936553,-15.04936553,-0.0105435385,-0.006334434489,10,0.004209104015,0,30,0,0,1,0,1827.049366,1827.049366,0,1797,751,63.41690207
875,0,1812,1802,-15.04936553,-25.04936553,-0.006334434489,-0.0105435385,-10,-0.004209104015,0,12,0,0,1,0,1827.049366,1827.049366,0,1797,752,63.45948958
876,0,1802,1814,-25.04936553,-13.04936553,-0.0105435385,-0.005492613686,12,0.005050924818,0,24,0,0,1,0,1827.049366,1827.049366,0,1797,753,63.50203466
877,0,1814,1805,-13.04936553,-22.04936553,-0.005492613686,-0.009280807299,-9,-0.003788193613,0,13,0,0,1,0,1827.049366,1827.049366,0,1797,754,63.54462886
878,0,1805,1812,-22.04936553,-15.04936553,-0.009280807299,-0.006334434489,7,0.00294637281,0,15,0,0,1,0,1827.049366,1827.049366,0,1797,755,63.58754039
879,0,1812,1805,-15.04936553,-22.04936553,-0.006334434489,-0.009280807299,-7,-0.00294637281,0,27,0,0,1,0,1827.049366,1827.049366,0,1797,756,63.63080525
880,0,1805,1814,-22.04936553,-13.04936553,-0.009280807299,-0.005492613686,9,0.003788193613,0,13,0,0,1,0,1827.049366,1827.049366,0,1797,757,63.67329168
881,0,1814,1803,-13.04936553,-24.04936553,-0.005492613686,-0.0101226281,-11,-0.004630014416,0,27,0,0,1,0,1827.049366,1827.049366,0,1797,758,63.7159071
882,0,1803,1813,-24.04936553,-14.04936553,-0.0101226281,-0.005913524087,10,0.004209104015,0,16,0,0,1,0,1827.049366,1827.049366,0,1797,759,63.75874376
883,0,1813,1804,-14.04936553,-23.04936553,-0.005913524087,-0.009701717701,-9,-0.003788193613,0,27,0,0,1,0,1827.049366,1827.049366,0,1797,760,63.80150557
884,0,1804,1813,-23.04936553,-14.04936553,-0.009701717701,-0.005913524087,9,0.003788193613,0,25,0,0,1,0,1827.049366,1827.049366,0,1797,761,63.84496665
885,0,1813,1803,-14.04936553,-24.04936553,-0.005913524087,-0.0101226281,-10,-0.004209104015,0,26,0,0,1,0,1827.049366,1827.049366,0,1797,762,63.88771224
886,0,1803,1811,-24.04936553,-16.04936553,-0.0101226281,-0.00675534489,8,0.003367283212,0,30,0,0,1,0,1827.049366,1827.049366,0,1797,763,63.93038034
887,0,1811,1803,-16.04936553,-24.04936553,-0.00675534489,-0.0101226281,-8,-0.003367283212,0,18,0,0,1,0,1827.049366,1827.049366,0,1797,764,63.97310734
888,0,1803,1810,-24.04936553,-17.04936553,-0.0101226281,-0.007176255292,7,0.00294637281,0,25,0,0,1,0,1827.049366,1827.049366,0,1797,765,64.01578641
889,0,1810,1802,-17.04936553,-25.04936553,-0.007176255292,-0.0105435385,-8,-0.003367283212,0,28,0,0,1,0,1827.049366,1827.049366,0,1797,766,64.05989385
890,0,1802,1809,-25.04936553,-18.04936553,-0.0105435385,-0.007597165693,7,0.00294637281,0,21,0,0,1,0,1827.049366,1827.049366,0,1797,767,64.10341311
891,0,1809,1801,-18.04936553,-26.04936553,-0.007597165693,-0.01096444891,-8,-0.003367283212,0,24,0,0,1,0,1827.049366,1827.049366,0,1797,768,64.14689493
892,0,1801,1810,-26.04936553,-17.04936553,-0.01096444891,-0.007176255292,9,0.003788193613,0,25,0,0,1,0,1827.049366,1827.049366,0,1797,769,64.19060659
893,0,1810,1802,-17.04936553,-25.04936553,-0.007176255292,-0.0105435385,-8,-0.003367283212,0,18,0,0,1,0,1827.049366,1827.049366,0,1797,770,64.23396564
894,0,1802,1811,-25.04936553,-16.04936553,-0.0105435385,-0.00675534489,9,0.003788193613,0,19,0,0,1,0,1827.049366,1827.049366,0,1797,771,64.27782893
895,0,1811,1802,-16.04936553,-25.04936553,-0.00675534489,-0.0105435385,-9,-0.003788193613,0,19,0,0,1,0,1827.049366,1827.049366,0,1797,772,64.32201576
896,0,1802,1810,-25.04936553,-17.04936553,-0.0105435385,-0.007176255292,8,0.003367283212,0,18,0,0,1,0,1827.049366,1827.049366,0,1797,773,64.37294555
897,0,1810,1803,-17.04936553,-24.04936553,-0.007176255292,-0.0101226281,-7,-0.00294637281,0,29,0,0,1,0,1827.049366,1827.049366,0,1797,774,64.42423749
898,0,1803,1811,-24.04936553,-16.04936553,-0.0101226281,-0.00675534489,8,0.003367283212,0,30,0,0,1,0,1827.049366,1827.049366,0,1797,775,64.46843982
899,0,1811,1804,-16.04936553,-23.04936553,-0.00675534489,-0.009701717701,-7,-0.00294637281,0,21,0,0,1,0,1827.049366,1827.049366,0,1797,776,64.51721048
900,0,1804,1813,-23.04936553,-14.04936553,-0.009701717701,-0.005913524087,9,0.003788193613,0,11,0,0,1,0,1827.049366,1827.049366,0,1797,777,64.56047678
901,0,1813,1801,-14.04936553,-26.04936553,-0.005913524087,-0.01096444891,-12,-0.005050924818,0,30,0,0,1,0,1827.049366,1827.049366,0,1797,778,64.6023252
902,0,1801,1812,-26.04936553,-15.04936553,-0.01096444891,-0.006334434489,11,0.004630014416,0,27,0,0,1,0,1827.049366,1827.049366,0,1797,779,64.64443636
903,0,1812,1800,-15.04936553,-27.04936553,-0.006334434489,-0.01138535931,-12,-0.005050924818,0,26,0,0,1,0,1827.049366,1827.049366,0,1797,780,64.6873734
904,0,1800,1808,-27.04936553,-19.04936553,-0.01138535931,-0.008018076095,8,0.003367283212,0,10,0,0,1,0,1827.049366,1827.049366,0,1797,781,64.73063874
905,0,1808,1800,-19.04936553,-27.04936553,-0.008018076095,-0.01138535931,-8,-0.003367283212,0,16,0,0,1,0,1827.049366,1827.049366,0,1797,782,64.77426171
906,0,1800,1812,-27.04936553,-15.04936553,-0.01138535931,-0.006334434489,12,0.005050924818,0,24,0,0,1,0,1827.049366,1827.049366,0,1797,783,64.82333446
907,0,1812,1801,-15.04936553,-26.04936553,-0.006334434489,-0.01096444891,-11,-0.004630014416,0,27,0,0,1,0,1827.049366,1827.049366,0,1797,784,64.87175632
908,0,1801,1809,-26.04936553,-18.04936553,-0.01096444891,-0.007597165693,8,0.003367283212,0,16,0,0,1,0,1827.049366,1827.049366,0,1797,785,64.91563129
909,0,1809,1802,-18.04936553,-25.04936553,-0.007597165693,-0.0105435385,-7,-0.00294637281,0,13,0,0,1,0,1827.049366,1827.049366,0,1797,786,64.95937109
910,0,1802,1808,-25.04936553,-19.04936553,-0.0105435385,-0.008018076095,6,0.002525462409,0,14,0,0,1,0,1827.049366,1827.049366,0,1797,787,65.00202775
911,0,1808,1802,-19.04936553,-25.04936553,-0.008018076095,-0.0105435385,-6,-0.002525462409,0,16,0,0,1,0,1827.049366,1827.049366,0,1797,788,65.04410553
912,0,1802,1809,-25.04936553,-18.04936553,-0.0105435385,-0.007597165693,7,0.00294637281,0,15,0,0,1,0,1827.049366,1827.049366,0,1797,789,65.08635354
913,0,1809,1803,-18.04936553,-24.04936553,-0.007597165693,-0.0101226281,-6,-0.002525462409,0,22,0,0,1,0,1827.049366,1827.049366,0,1797,790,65.12873936
914,0,1803,1811,-24.04936553,-16.04936553,-0.0101226281,-0.00675534489,8,0.003367283212,0,28,0,0,1,0,1827.049366,1827.049366,0,1797,791,65.1711123
915,0,1811,1806,-16.04936553,-21.04936553,-0.00675534489,-0.008859896898,-5,-0.002104552007,0,21,0,0,1,0,1827.049366,1827.049366,0,1797,792,65.21374917
916,0,1806,1807,-21.04936553,-20.04936553,-0.008859896898,-0.008438986496,1,0.0004209104015,0,29,0,0,1,0,1827.049366,1827.049366,0,1797,793,65.25621009
917,0,1807,1805,-20.04936553,-22.04936553,-0.008438986496,-0.009280807299,-2,-0.0008418208029,0,24,0,0,1,0,1827.049366,1827.049366,0,1797,794,65.29853702
918,0,1805,1806,-22.04936553,-21.04936553,-0.009280807299,-0.008859896898,1,0.0004209104015,0,25,0,0,1,0,1827.049366,1827.049366,0,1797,795,65.34074473
919,0,1806,1806,-21.04936553,-21.04936553,-0.008859896898,-0.008859896898,0,0,0,28,0,0,1,0,1827.049366,1827.049366,0,1797,796,65.38289928
920,0,1806,1809,-21.04936553,-18.04936553,-0.008859896898,-0.007597165693,3,0.001262731204,0,23,0,0,1,0,1827.049366,1827.049366,0,1797,797,65.42568851
921,0,1809,1805,-18.04936553,-22.04936553,-0.007597165693,-0.009280807299,-4,-0.001683641606,0,20,0,0,1,0,1827.049366,1827.049366,0,1797,798,65.46802163
922,0,1805,1811,-22.04936553,-16.04936553,-0.009280807299,-0.00675534489,6,0.002525462409,0,14,0,0,1,0,1827.049366,1827.049366,0,1797,799,65.51051402
923,0,1811,1806,-16.04936553,-21.04936553,-0.00675534489,-0.008859896898,-5,-0.002104552007,0,17,0,0,1,0,1827.049366,1827.049366,0,1797,800,65.55268502
924,0,1806,1808,-21.04936553,-19.04936553,-0.008859896898,-0.008018076095,2,0.0008418208029,0,20,0,0,1,0,1827.049366,1827.049366,0,1797,801,65.59487677
925,0,1808,1802,-19.04936553,-25.04936553,-0.008018076095,-0.0105435385,-6,-0.002525462409,0,14,0,0,1,0,1827.049366,1827.049366,0,1797,802,65.63767052
926,0,1802,1811,-25.04936553,-16.04936553,-0.0105435385,-0.00675534489,9,0.003788193613,0,21,0,0,1,0,1827.049366,1827.049366,0,1797,803,65.68035483
927,0,1811,1802,-16.04936553,-25.04936553,-0.00675534489,-0.0105435385,-9,-0.003788193613,0,27,0,0,1,0,1827.049366,1827.049366,0,1797,804,65.72257042
928,0,1802,1810,-25.04936553,-17.04936553,-0.0105435385,-0.007176255292,8,0.003367283212,0,12,0,0,1,0,1827.049366,1827.049366,0,1797,805,65.76478553
929,0,1810,1802,-17.04936553,-25.04936553,-0.007176255292,-0.0105435385,-8,-0.003367283212,0,10,0,0,1,0,1827.049366,1827.049366,0,1797,806,65.81396461
930,0,1802,1812,-25.04936553,-15.04936553,-0.0105435385,-0.006334434489,10,0.004209104015,0,20,0,0,1,0,1827.049366,1827.049366,0,1797,807,65.85710263
931,0,1812,1803,-15.04936553,-24.04936553,-0.006334434489,-0.0101226281,-9,-0.003788193613,0,11,0,0,1,0,1827.049366,1827.049366,0,1797,808,65.89880276
932,0,1803,1814,-24.04936553,-13.04936553,-0.0101226281,-0.005492613686,11,0.004630014416,0,13,0,0,1,0,1827.049366,1827.049366,0,1797,809,65.94218731
933,0,1814,1798,-13.04936553,-29.04936553,-0.005492613686,-0.01222718011,-16,-0.006734566423,0,24,0,0,1,0,1827.049366,1827.049366,0,1797,810,65.98462963
934,0,1798,1807,-29.04936553,-20.04936553,-0.01222718011,-0.008438986496,9,0.003788193613,0,11,0,0,1,0,1827.049366,1827.049366,0,1797,811,66.02712679
935,0,1807,1801,-20.04936553,-26.04936553,-0.008438986496,-0.01096444891,-6,-0.002525462409,0,16,0,0,1,0,1827.049366,1827.049366,0,1797,812,66.06979394
936,0,1801,1810,-26.04936553,-17.04936553,-0.01096444891,-0.007176255292,9,0.003788193613,0,11,0,0,1,0,1827.049366,1827.049366,0,1797,813,66.11271429
937,0,1810,1799,-17.04936553,-28.04936553,-0.007176255292,-0.01180626971,-11,-0.004630014416,0,13,0,0,1,0,1827.049366,1827.049366,0,1797,814,66.15510488
938,0,1799,1811,-28.04936553,-16.04936553,-0.01180626971,-0.00675534489,12,0.005050924818,0,14,0,0,1,0,1827.049366,1827.049366,0,1797,815,66.19747734
939,0,1811,1803,-16.04936553,-24.04936553,-0.00675534489,-0.0101226281,-8,-0.003367283212,0,10,0,0,1,0,1827.049366,1827.049366,0,1797,816,66.24034333
940,0,1803,1810,-24.04936553,-17.04936553,-0.0101226281,-0.007176255292,7,0.00294637281,0,27,0,0,1,0,1827.049366,1827.049366,0,1797,817,66.28349733
941,0,1810,1804,-17.04936553,-23.04936553,-0.007176255292,-0.009701717701,-6,-0.002525462409,0,30,0,0,1,0,1827.049366,1827.049366,0,1797,818,66.32649493
942,0,1804,1808,-23.04936553,-19.04936553,-0.009701717701,-0.008018076095,4,0.001683641606,0,20,0,0,1,0,1827.049366,1827.049366,0,1797,819,66.36887813
943,0,1808,1806,-19.04936553,-21.04936553,-0.008018076095,-0.008859896898,-2,-0.0008418208029,0,24,0,0,1,0,1827.049366,1827.049366,0,1797,820,66.41125488
944,0,1806,1812,-21.04936553,-15.04936553,-0.008859896898,-0.006334434489,6,0.002525462409,0,12,0,0,1,0,1827.049366,1827.049366,0,1797,821,66.45368767
945,0,1812,1804,-15.04936553,-23.04936553,-0.006334434489,-0.009701717701,-8,-0.003367283212,0,20,0,0,1,0,1827.049366,1827.049366,0,1797,822,66.4961381
946,0,1804,1811,-23.04936553,-16.04936553,-0.009701717701,-0.00675534489,7,0.00294637281,0,29,0,0,1,0,1827.049366,1827.049366,0,1797,823,66.53910303
947,0,1811,1802,-16.04936553,-25.04936553,-0.00675534489,-0.0105435385,-9,-0.003788193613,0,15,0,0,1,0,1827.049366,1827.049366,0,1797,824,66.58175731
948,0,1802,1810,-25.04936553,-17.04936553,-0.0105435385,-0.007176255292,8,0.003367283212,0,18,0,0,1,0,1827.049366,1827.049366,0,1797,825,66.62405062
949,0,1810,1803,-17.04936553,-24.04936553,-0.007176255292,-0.0101226281,-7,-0.00294637281,0,19,0,0,1,0,1827.049366,1827.049366,0,1797,826,66.66638374
950,0,1803,1810,-24.04936553,-17.04936553,-0.0101226281,-0.007176255292,7,0.00294637281,0,19,0,0,1,0,1827.049366,1827.049366,0,1797,827,66.70877457
951,0,1810,1804,-17.04936553,-23.04936553,-0.007176255292,-0.009701717701,-6,-0.002525462409,0,12,0,0,1,0,1827.049366,1827.049366,0,1797,828,66.75151229
952,0,1804,1812,-23.04936553,-15.04936553,-0.009701717701,-0.006334434489,8,0.003367283212,0,24,0,0,1,0,1827.049366,1827.049366,0,1797,829,66.79429793
953,0,1812,1803,-15.04936553,-24.04936553,-0.006334434489,-0.0101226281,-9,-0.003788193613,0,29,0,0,1,0,1827.049366,1827.049366,0,1797,830,66.8366127
954,0,1803,1812,-24.04936553,-15.04936553,-0.0101226281,-0.006334434489,9,0.003788193613,0,23,0,0,1,0,1827.049366,1827.049366,0,1797,831,66.87881732
955,0,1812,1809,-15.04936553,-18.04936553,-0.006334434489,-0.007597165693,-3,-0.001262731204,0,15,0,0,1,0,1827.049366,1827.049366,0,1797,832,66.92119503
956,0,1809,1812,-18.04936553,-15.04936553,-0.007597165693,-0.006334434489,3,0.001262731204,0,15,0,0,1,0,1827.049366,1827.049366,0,1797,833,66.96827507
957,0,1812,1807,-15.04936553,-20.04936553,-0.006334434489,-0.008438986496,-5,-0.002104552007,0,19,0,0,1,0,1827.049366,1827.049366,0,1797,834,67.01221657
958,0,1807,1811,-20.04936553,-16.04936553,-0.008438986496,-0.00675534489,4,0.001683641606,0,16,0,0,1,0,1827.049366,1827.049366,0,1797,835,67.05363011
959,0,1811,1807,-16.04936553,-20.04936553,-0.00675534489,-0.008438986496,-4,-0.001683641606,0,18,0,0,1,0,1827.049366,1827.049366,0,1797,836,67.09491181
960,0,1807,1813,-20.04936553,-14.04936553,-0.008438986496,-0.005913524087,6,0.002525462409,0,12,0,0,1,0,1827.049366,1827.049366,0,1797,837,67.13620687
961,0,1813,1802,-14.04936553,-25.04936553,-0.005913524087,-0.0105435385,-11,-0.004630014416,0,25,0,0,1,0,1827.049366,1827.049366,0,1797,838,67.17760873
962,0,1802,1809,-25.04936553,-18.04936553,-0.0105435385,-0.007597165693,7,0.00294637281,0,11,0,0,1,0,1827.049366,1827.049366,0,1797,839,67.21938062
963,0,1809,1803,-18.04936553,-24.04936553,-0.007597165693,-0.0101226281,-6,-0.002525462409,0,18,0,0,1,0,1827.049366,1827.049366,0,1797,840,67.26144862
964,0,1803,1809,-24.04936553,-18.04936553,-0.0101226281,-0.007597165693,6,0.002525462409,0,18,0,0,1,0,1827.049366,1827.049366,0,1797,841,67.30270863
965,0,1809,1806,-18.04936553,-21.04936553,-0.007597165693,-0.008859896898,-3,-0.001262731204,0,29,0,0,1,0,1827.049366,1827.049366,0,1797,842,67.34391761
966,0,1806,1813,-21.04936553,-14.04936553,-0.008859896898,-0.005913524087,7,0.00294637281,0,11,0,0,1,0,1827.049366,1827.049366,0,1797,843,67.3851378
967,0,1813,1804,-14.04936553,-23.04936553,-0.005913524087,-0.009701717701,-9,-0.003788193613,0,21,0,0,1,0,1827.049366,1827.049366,0,1797,844,67.42663503
968,0,1804,1810,-23.04936553,-17.04936553,-0.009701717701,-0.007176255292,6,0.002525462409,0,30,0,0,1,0,1827.049366,1827.049366,0,1797,845,67.46891236
969,0,1810,1802,-17.04936553,-25.04936553,-0.007176255292,-0.0105435385,-8,-0.003367283212,0,16,0,0,1,0,1827.049366,1827.049366,0,1797,846,67.51070666
970,0,1802,1812,-25.04936553,-15.04936553,-0.0105435385,-0.006334434489,10,0.004209104015,0,30,0,0,1,0,1827.049366,1827.049366,0,1797,847,67.55202293
971,0,1812,1802,-15.04936553,-25.04936553,-0.006334434489,-0.0105435385,-10,-0.004209104015,0,28,0,0,1,0,1827.049366,1827.049366,0,1797,848,67.59331799
972,0,1802,1812,-25.04936553,-15.04936553,-0.0105435385,-0.006334434489,10,0.004209104015,0,24,0,0,1,0,1827.049366,1827.049366,0,1797,849,67.64463758
973,0,1812,1804,-15.04936553,-23.04936553,-0.006334434489,-0.009701717701,-8,-0.003367283212,0,22,0,0,1,0,1827.049366,1827.049366,0,1797,850,67.69706011
974,0,1804,1813,-23.04936553,-14.04936553,-0.009701717701,-0.005913524087,9,0.003788193613,0,15,0,0,1,0,1827.049366,1827.049366,0,1797,851,67.73853731
975,0,1813,1806,-14.04936553,-21.04936553,-0.005913524087,-0.008859896898,-7,-0.00294637281,0,13,0,0,1,0,1827.049366,1827.049366,0,1797,852,67.77946997
976,0,1806,1811,-21.04936553,-16.04936553,-0.008859896898,-0.00675534489,5,0.002104552007,0,15,0,0,1,0,1827.049366,1827.049366,0,1797,853,67.82134748
977,0,1811,1804,-16.04936553,-23.04936553,-0.00675534489,-0.009701717701,-7,-0.00294637281,0,13,0,0,1,0,1827.049366,1827.049366,0,1797,854,67.86373663
978,0,1804,1810,-23.04936553,-17.04936553,-0.009701717701,-0.007176255292,6,0.002525462409,0,28,0,0,1,0,1827.049366,1827.049366,0,1797,855,67.9066143
979,0,1810,1803,-17.04936553,-24.04936553,-0.007176255292,-0.0101226281,-7,-0.00294637281,0,23,0,0,1,0,1827.049366,1827.049366,0,1797,856,67.94931769
980,0,1803,1811,-24.04936553,-16.04936553,-0.0101226281,-0.00675534489,8,0.003367283212,0,22,0,0,1,0,1827.049366,1827.049366,0,1797,857,67.99185681
981,0,1811,1804,-16.04936553,-23.04936553,-0.00675534489,-0.009701717701,-7,-0.00294637281,0,21,0,0,1,0,1827.049366,1827.049366,0,1797,858,68.03426409
982,0,1804,1810,-23.04936553,-17.04936553,-0.009701717701,-0.007176255292,6,0.002525462409,0,22,0,0,1,0,1827.049366,1827.049366,0,1797,859,68.07661819
983,0,1810,1805,-17.04936553,-22.04936553,-0.007176255292,-0.009280807299,-5,-0.002104552007,0,25,0,0,1,0,1827.049366,1827.049366,0,1797,860,68.11947346
984,0,1805,1814,-22.04936553,-13.04936553,-0.009280807299,-0.005492613686,9,0.003788193613,0,19,0,0,1,0,1827.049366,1827.049366,0,1797,861,68.16247654
985,0,1814,1801,-13.04936553,-26.04936553,-0.005492613686,-0.01096444891,-13,-0.005471835219,0,29,0,0,1,0,1827.049366,1827.049366,0,1797,862,68.20516562
986,0,1801,1814,-26.04936553,-13.04936553,-0.01096444891,-0.005492613686,13,0.005471835219,0,25,0,0,1,0,1827.049366,1827.049366,0,1797,863,68.24752784
987,0,1814,1806,-13.04936553,-21.04936553,-0.005492613686,-0.008859896898,-8,-0.003367283212,0,10,0,0,1,0,1827.049366,1827.049366,0,1797,864,68.28986835
988,0,1806,1815,-21.04936553,-12.04936553,-0.008859896898,-0.005071703285,9,0.003788193613,0,13,0,0,1,0,1827.049366,1827.049366,0,1797,865,68.33229303
989,0,1815,1805,-12.04936553,-22.04936553,-0.005071703285,-0.009280807299,-10,-0.004209104015,0,14,0,0,1,0,1827.049366,1827.049366,0,1797,866,68.37504268
990,0,1805,1816,-22.04936553,-11.04936553,-0.009280807299,-0.004650792883,11,0.004630014416,0,17,0,0,1,0,1827.049366,1827.049366,0,1797,867,68.4173727
991,0,1816,1800,-11.04936553,-27.04936553,-0.004650792883,-0.01138535931,-16,-0.006734566423,0,28,0,0,1,0,1827.049366,1827.049366,0,1797,868,68.4598434
992,0,1800,1815,-27.04936553,-12.04936553,-0.01138535931,-0.005071703285,15,0.006313656022,0,23,0,0,1,0,1827.049366,1827.049366,0,1797,869,68.50208306
993,0,1815,1800,-12.04936553,-27.04936553,-0.005071703285,-0.01138535931,-15,-0.006313656022,0,29,0,0,1,0,1827.049366,1827.049366,0,1797,870,68.54442072
994,0,1800,1814,-27.04936553,-13.04936553,-0.01138535931,-0.005492613686,14,0.00589274562,0,30,0,0,1,0,1827.049366,1827.049366,0,1797,871,68.5871222
995,0,1814,1804,-13.04936553,-23.04936553,-0.005492613686,-0.009701717701,-10,-0.004209104015,0,14,0,0,1,0,1827.049366,1827.049366,0,1797,872,68.62938261
996,0,1804,1810,-23.04936553,-17.04936553,-0.009701717701,-0.007176255292,6,0.002525462409,0,20,0,0,1,0,1827.049366,1827.049366,0,1797,873,68.67181301
997,0,1810,1805,-17.04936553,-22.04936553,-0.007176255292,-0.009280807299,-5,-0.002104552007,0,27,0,0,1,0,1827.049366,1827.049366,0,1797,874,68.7140274
998,0,1805,1815,-22.04936553,-12.04936553,-0.009280807299,-0.005071703285,10,0.004209104015,0,14,0,0,1,0,1827.049366,1827.049366,0,1797,875,68.75630569
999,0,1815,1801,-12.04936553,-26.04936553,-0.005071703285,-0.01096444891,-14,-0.00589274562,0,20,0,0,1,0,1827.049366,1827.049366,0,1797,876,68.79908037
1000,0,1801,1814,-26.04936553,-13.04936553,-0.01096444891,-0.005492613686,13,0.005471835219,0,27,0,0,1,0,1827.049366,1827.049366,0,1797,877,68.85333705
1001,0,1814,1801,-13.04936553,-26.04936553,-0.005492613686,-0.01096444891,-13,-0.005471835219,0,25,0,0,1,0,1827.049366,1827.049366,0,1797,878,68.89632392
1002,0,1801,1809,-26.04936553,-18.04936553,-0.01096444891,-0.007597165693,8,0.003367283212,0,10,0,0,1,0,1827.049366,1827.049366,0,1797,879,68.93709493
1003,0,1809,1807,-18.04936553,-20.04936553,-0.007597165693,-0.008438986496,-2,-0.0008418208029,0,24,0,0,1,0,1827.049366,1827.049366,0,1797,880,68.97939396
1004,0,1807,1806,-20.04936553,-21.04936553,-0.008438986496,-0.008859896898,-1,-0.0004209104015,0,29,0,0,1,0,1827.049366,1827.049366,0,1797,881,69.02216482
1005,0,1806,1799,-21.04936553,-28.04936553,-0.008859896898,-0.01180626971,-7,-0.00294637281,0,15,0,0,1,0,1827.049366,1827.049366,0,1797,882,69.06485367
1006,0,1799,1807,-28.04936553,-20.04936553,-0.01180626971,-0.008438986496,8,0.003367283212,0,10,0,0,1,0,1827.049366,1827.049366,0,1797,883,69.10728645
1007,0,1807,1797,-20.04936553,-30.04936553,-0.008438986496,-0.01264809051,-10,-0.004209104015,0,14,0,0,1,0,1827.049366,1827.049366,0,1797,884,69.14970326
1008,0,1797,1808,-30.04936553,-19.04936553,-0.01264809051,-0.008018076095,11,0.004630014416,0,15,0,0,1,0,1827.049366,1827.049366,0,1797,885,69.19215298
1009,0,1808,1805,-19.04936553,-22.04936553,-0.008018076095,-0.009280807299,-3,-0.001262731204,0,29,0,0,1,0,1827.049366,1827.049366,0,1797,886,69.23465991
1010,0,1805,1809,-22.04936553,-18.04936553,-0.009280807299,-0.007597165693,4,0.001683641606,0,28,0,0,1,0,1827.049366,1827.049366,0,1797,887,69.27750063
1011,0,1809,1805,-18.04936553,-22.04936553,-0.007597165693,-0.009280807299,-4,-0.001683641606,0,26,0,0,1,0,1827.049366,1827.049366,0,1797,888,69.31976748
1012,0,1805,1815,-22.04936553,-12.04936553,-0.009280807299,-0.005071703285,10,0.004209104015,0,16,0,0,1,0,1827.049366,1827.049366,0,1797,889,69.36215949
1013,0,1815,1802,-12.04936553,-25.04936553,-0.005071703285,-0.0105435385,-13,-0.005471835219,0,19,0,0,1,0,1827.049366,1827.049366,0,1797,890,69.40432739
1014,0,1802,1812,-25.04936553,-15.04936553,-0.0105435385,-0.006334434489,10,0.004209104015,0,14,0,0,1,0,1827.049366,1827.049366,0,1797,891,69.44753408
1015,0,1812,1803,-15.04936553,-24.04936553,-0.006334434489,-0.0101226281,-9,-0.003788193613,0,25,0,0,1,0,1827.049366,1827.049366,0,1797,892,69.49059916
1016,0,1803,1813,-24.04936553,-14.04936553,-0.0101226281,-0.005913524087,10,0.004209104015,0,22,0,0,1,0,1827.049366,1827.049366,0,1797,893,69.5330236
1017,0,1813,1803,-14.04936553,-24.04936553,-0.005913524087,-0.0101226281,-10,-0.004209104015,0,16,0,0,1,0,1827.049366,1827.049366,0,1797,894,69.57519579
1018,0,1803,1812,-24.04936553,-15.04936553,-0.0101226281,-0.006334434489,9,0.003788193613,0,25,0,0,1,0,1827.049366,1827.049366,0,1797,895,69.61743665
1019,0,1812,1800,-15.04936553,-27.04936553,-0.006334434489,-0.01138535931,-12,-0.005050924818,0,18,0,0,1,0,1827.049366,1827.049366,0,1797,896,69.65996242
1020,0,1800,1816,-27.04936553,-11.04936553,-0.01138535931,-0.004650792883,16,0.006734566423,0,24,0,0,1,0,1827.049366,1827.049366,0,1797,897,69.70281625
1021,0,1816,1807,-11.04936553,-20.04936553,-0.004650792883,-0.008438986496,-9,-0.003788193613,0,13,0,0,1,0,1827.049366,1827.049366,0,1797,898,69.74532199
1022,0,1807,1806,-20.04936553,-21.04936553,-0.008438986496,-0.008859896898,-1,-0.0004209104015,0,29,0,0,1,0,1827.049366,1827.049366,0,1797,899,69.78776813
1023,0,1806,1807,-21.04936553,-20.04936553,-0.008859896898,-0.008438986496,1,0.0004209104015,0,27,0,0,1,0,1827.049366,1827.049366,0,1797,900,69.83020997
1024,0,1807,1810,-20.04936553,-17.04936553,-0.008438986496,-0.007176255292,3,0.001262731204,0,23,0,0,1,0,1827.049366,1827.049366,0,1797,901,69.87279272
1025,0,1810,1802,-17.04936553,-25.04936553,-0.007176255292,-0.0105435385,-8,-0.003367283212,0,16,0,0,1,0,1827.049366,1827.049366,0,1797,902,69.91551566
1026,0,1802,1813,-25.04936553,-14.04936553,-0.0105435385,-0.005913524087,11,0.004630014416,0,25,0,0,1,0,1827.049366,1827.049366,0,1797,903,69.95835662
1027,0,1813,1801,-14.04936553,-26.04936553,-0.005913524087,-0.01096444891,-12,-0.005050924818,0,22,0,0,1,0,1827.049366,1827.049366,0,1797,904,70.00209713
1028,0,1801,1813,-26.04936553,-14.04936553,-0.01096444891,-0.005913524087,12,0.005050924818,0,30,0,0,1,0,1827.049366,1827.049366,0,1797,905,70.05338573
1029,0,1813,1801,-14.04936553,-26.04936553,-0.005913524087,-0.01096444891,-12,-0.005050924818,0,26,0,0,1,0,1827.049366,1827.049366,0,1797,906,70.10773683
1030,0,1801,1811,-26.04936553,-16.04936553,-0.01096444891,-0.00675534489,10,0.004209104015,0,20,0,0,1,0,1827.049366,1827.049366,0,1797,907,70.15001178
1031,0,1811,1802,-16.04936553,-25.04936553,-0.00675534489,-0.0105435385,-9,-0.003788193613,0,13,0,0,1,0,1827.049366,1827.049366,0,1797,908,70.19156432
1032,0,1802,1811,-25.04936553,-16.04936553,-0.0105435385,-0.00675534489,9,0.003788193613,0,13,0,0,1,0,1827.049366,1827.049366,0,1797,909,70.23320103
1033,0,1811,1803,-16.04936553,-24.04936553,-0.00675534489,-0.0101226281,-8,-0.003367283212,0,30,0,0,1,0,1827.049366,1827.049366,0,1797,910,70.27558899
1034,0,1803,1812,-24.04936553,-15.04936553,-0.0101226281,-0.006334434489,9,0.003788193613,0,23,0,0,1,0,1827.049366,1827.049366,0,1797,911,70.31795287
1035,0,1812,1802,-15.04936553,-25.04936553,-0.006334434489,-0.0105435385,-10,-0.004209104015,0,12,0,0,1,0,1827.049366,1827.049366,0,1797,912,70.3607688
1036,0,1802,1814,-25.04936553,-13.04936553,-0.0105435385,-0.005492613686,12,0.005050924818,0,16,0,0,1,0,1827.049366,1827.049366,0,1797,913,70.40374541
1037,0,1814,1806,-13.04936553,-21.04936553,-0.005492613686,-0.008859896898,-8,-0.003367283212,0,10,0,0,1,0,1827.049366,1827.049366,0,1797,914,70.44655776
1038,0,1806,1808,-21.04936553,-19.04936553,-0.008859896898,-0.008018076095,2,0.0008418208029,0,24,0,0,1,0,1827.049366,1827.049366,0,1797,915,70.48895454
1039,0,1808,1805,-19.04936553,-22.04936553,-0.008018076095,-0.009280807299,-3,-0.001262731204,0,29,0,0,1,0,1827.049366,1827.049366,0,1797,916,70.53140855
1040,0,1805,1807,-22.04936553,-20.04936553,-0.009280807299,-0.008438986496,2,0.0008418208029,0,18,0,0,1,0,1827.049366,1827.049366,0,1797,917,70.57399464
1041,0,1807,1799,-20.04936553,-28.04936553,-0.008438986496,-0.01180626971,-8,-0.003367283212,0,10,0,0,1,0,1827.049366,1827.049366,0,1797,918,70.61703038
1042,0,1799,1814,-28.04936553,-13.04936553,-0.01180626971,-0.005492613686,15,0.006313656022,0,29,0,0,1,0,1827.049366,1827.049366,0,1797,919,70.65968728
1043,0,1814,1800,-13.04936553,-27.04936553,-0.005492613686,-0.01138535931,-14,-0.00589274562,0,30,0,0,1,0,1827.049366,1827.049366,0,1797,920,70.70231462
1044,0,1800,1815,-27.04936553,-12.04936553,-0.01138535931,-0.005071703285,15,0.006313656022,0,23,0,0,1,0,1827.049366,1827.049366,0,1797,921,70.74501324
1045,0,1815,1802,-12.04936553,-25.04936553,-0.005071703285,-0.0105435385,-13,-0.005471835219,0,17,0,0,1,0,1827.049366,1827.049366,0,1797,922,70.78744507
1046,0,1802,1815,-25.04936553,-12.04936553,-0.0105435385,-0.005071703285,13,0.005471835219,0,17,0,0,1,0,1827.049366,1827.049366,0,1797,923,70.83035111
1047,0,1815,1806,-12.04936553,-21.04936553,-0.005071703285,-0.008859896898,-9,-0.003788193613,0,11,0,0,1,0,1827.049366,1827.049366,0,1797,924,70.87280464
1048,0,1806,1810,-21.04936553,-17.04936553,-0.008859896898,-0.007176255292,4,0.001683641606,0,20,0,0,1,0,1827.049366,1827.049366,0,1797,925,70.91518116
1049,0,1810,1804,-17.04936553,-23.04936553,-0.007176255292,-0.009701717701,-6,-0.002525462409,0,30,0,0,1,0,1827.049366,1827.049366,0,1797,926,70.95763636
1050,0,1804,1809,-23.04936553,-18.04936553,-0.009701717701,-0.007597165693,5,0.002104552007,0,23,0,0,1,0,1827.049366,1827.049366,0,1797,927,71.00011897
1051,0,1809,1805,-18.04936553,-22.04936553,-0.007597165693,-0.009280807299,-4,-0.001683641606,0,18,0,0,1,0,1827.049366,1827.049366,0,1797,928,71.04315066
1052,0,1805,1813,-22.04936553,-14.04936553,-0.009280807299,-0.005913524087,8,0.003367283212,0,10,0,0,1,0,1827.049366,1827.049366,0,1797,929,71.0859921
1053,0,1813,1801,-14.04936553,-26.04936553,-0.005913524087,-0.01096444891,-12,-0.005050924818,0,26,0,0,1,0,1827.049366,1827.049366,0,1797,930,71.1283896
1054,0,1801,1814,-26.04936553,-13.04936553,-0.01096444891,-0.005492613686,13,0.005471835219,0,21,0,0,1,0,1827.049366,1827.049366,0,1797,931,71.17100382
1055,0,1814,1799,-13.04936553,-28.04936553,-0.005492613686,-0.01180626971,-15,-0.006313656022,0,27,0,0,1,0,1827.049366,1827.049366,0,1797,932,71.21339869
1056,0,1799,1815,-28.04936553,-12.04936553,-0.01180626971,-0.005071703285,16,0.006734566423,0,30,0,0,1,0,1827.049366,1827.049366,0,1797,933,71.25618839
1057,0,1815,1799,-12.04936553,-28.04936553,-0.005071703285,-0.01180626971,-16,-0.006734566423,0,30,0,0,1,0,1827.049366,1827.049366,0,1797,934,71.31172132
1058,0,1799,1813,-28.04936553,-14.04936553,-0.01180626971,-0.005913524087,14,0.00589274562,0,28,0,0,1,0,1827.049366,1827.049366,0,1797,935,71.35248017
1059,0,1813,1801,-14.04936553,-26.04936553,-0.005913524087,-0.01096444891,-12,-0.005050924818,0,18,0,0,1,0,1827.049366,1827.049366,0,1797,936,71.39389443
1060,0,1801,1810,-26.04936553,-17.04936553,-0.01096444891,-0.007176255292,9,0.003788193613,0,15,0,0,1,0,1827.049366,1827.049366,0,1797,937,71.43641186
1061,0,1810,1803,-17.04936553,-24.04936553,-0.007176255292,-0.0101226281,-7,-0.00294637281,0,29,0,0,1,0,1827.049366,1827.049366,0,1797,938,71.47904682
1062,0,1803,1811,-24.04936553,-16.04936553,-0.0101226281,-0.00675534489,8,0.003367283212,0,30,0,0,1,0,1827.049366,1827.049366,0,1797,939,71.52183771
1063,0,1811,1806,-16.04936553,-21.04936553,-0.00675534489,-0.008859896898,-5,-0.002104552007,0,19,0,0,1,0,1827.049366,1827.049366,0,1797,940,71.56430984
1064,0,1806,1813,-21.04936553,-14.04936553,-0.008859896898,-0.005913524087,7,0.00294637281,0,17,0,0,1,0,1827.049366,1827.049366,0,1797,941,71.60676789
1065,0,1813,1805,-14.04936553,-22.04936553,-0.005913524087,-0.009280807299,-8,-0.003367283212,0,10,0,0,1,0,1827.049366,1827.049366,0,1797,942,71.64916277
1066,0,1805,1814,-22.04936553,-13.04936553,-0.009280807299,-0.005492613686,9,0.003788193613,0,17,0,0,1,0,1827.049366,1827.049366,0,1797,943,71.69141769
1067,0,1814,1807,-13.04936553,-20.04936553,-0.005492613686,-0.008438986496,-7,-0.00294637281,0,15,0,0,1,0,1827.049366,1827.049366,0,1797,944,71.7344625
1068,0,1807,1813,-20.04936553,-14.04936553,-0.008438986496,-0.005913524087,6,0.002525462409,0,14,0,0,1,0,1827.049366,1827.049366,0,1797,945,71.77727771
1069,0,1813,1801,-14.04936553,-26.04936553,-0.005913524087,-0.01096444891,-12,-0.005050924818,0,24,0,0,1,0,1827.049366,1827.049366,0,1797,946,71.81961584
1070,0,1801,1812,-26.04936553,-15.04936553,-0.01096444891,-0.006334434489,11,0.004630014416,0,21,0,0,1,0,1827.049366,1827.049366,0,1797,947,71.86200881
1071,0,1812,1802,-15.04936553,-25.04936553,-0.006334434489,-0.0105435385,-10,-0.004209104015,0,28,0,0,1,0,1827.049366,1827.049366,0,1797,948,71.90430784
1072,0,1802,1813,-25.04936553,-14.04936553,-0.0105435385,-0.005913524087,11,0.004630014416,0,27,0,0,1,0,1827.049366,1827.049366,0,1797,949,71.9479413
1073,0,1813,1802,-14.04936553,-25.04936553,-0.005913524087,-0.0105435385,-11,-0.004630014416,0,29,0,0,1,0,1827.049366,1827.049366,0,1797,950,71.99093008
1074,0,1802,1808,-25.04936553,-19.04936553,-0.0105435385,-0.008018076095,6,0.002525462409,0,14,0,0,1,0,1827.049366,1827.049366,0,1797,951,72.03319335
1075,0,1808,1800,-19.04936553,-27.04936553,-0.008018076095,-0.01138535931,-8,-0.003367283212,0,12,0,0,1,0,1827.049366,1827.049366,0,1797,952,72.07548785
1076,0,1800,1813,-27.04936553,-14.04936553,-0.01138535931,-0.005913524087,13,0.005471835219,0,19,0,0,1,0,1827.049366,1827.049366,0,1797,953,72.1178689
1077,0,1813,1801,-14.04936553,-26.04936553,-0.005913524087,-0.01096444891,-12,-0.005050924818,0,20,0,0,1,0,1827.049366,1827.049366,0,1797,954,72.16037107
1078,0,1801,1812,-26.04936553,-15.04936553,-0.01096444891,-0.006334434489,11,0.004630014416,0,25,0,0,1,0,1827.049366,1827.049366,0,1797,955,72.2033
1079,0,1812,1803,-15.04936553,-24.04936553,-0.006334434489,-0.0101226281,-9,-0.003788193613,0,11,0,0,1,0,1827.049366,1827.049366,0,1797,956,72.24572182
1080,0,1803,1808,-24.04936553,-19.04936553,-0.0101226281,-0.008018076095,5,0.002104552007,0,19,0,0,1,0,1827.049366,1827.049366,0,1797,957,72.28820586
1081,0,1808,1805,-19.04936553,-22.04936553,-0.008018076095,-0.009280807299,-3,-0.001262731204,0,25,0,0,1,0,1827.049366,1827.049366,0,1797,958,72.33064651
1082,0,1805,1811,-22.04936553,-16.04936553,-0.009280807299,-0.00675534489,6,0.002525462409,0,18,0,0,1,0,1827.049366,1827.049366,0,1797,959,72.37313509
1083,0,1811,1802,-16.04936553,-25.04936553,-0.00675534489,-0.0105435385,-9,-0.003788193613,0,11,0,0,1,0,1827.049366,1827.049366,0,1797,960,72.4160049
1084,0,1802,1812,-25.04936553,-15.04936553,-0.0105435385,-0.006334434489,10,0.004209104015,0,24,0,0,1,0,1827.049366,1827.049366,0,1797,961,72.46576548
1085,0,1812,1800,-15.04936553,-27.04936553,-0.006334434489,-0.01138535931,-12,-0.005050924818,0,22,0,0,1,0,1827.049366,1827.049366,0,1797,962,72.51488614
1086,0,1800,1814,-27.04936553,-13.04936553,-0.01138535931,-0.005492613686,14,0.00589274562,0,30,0,0,1,0,1827.049366,1827.049366,0,1797,963,72.5619843
1087,0,1814,1803,-13.04936553,-24.04936553,-0.005492613686,-0.0101226281,-11,-0.004630014416,0,21,0,0,1,0,1827.049366,1827.049366,0,1797,964,72.60433221
1088,0,1803,1813,-24.04936553,-14.04936553,-0.0101226281,-0.005913524087,10,0.004209104015,0,20,0,0,1,0,1827.049366,1827.049366,0,1797,965,72.64647651
1089,0,1813,1805,-14.04936553,-22.04936553,-0.005913524087,-0.009280807299,-8,-0.003367283212,0,10,0,0,1,0,1827.049366,1827.049366,0,1797,966,72.68789172
1090,0,1805,1811,-22.04936553,-16.04936553,-0.009280807299,-0.00675534489,6,0.002525462409,0,22,0,0,1,0,1827.049366,1827.049366,0,1797,967,72.72885537
1091,0,1811,1805,-16.04936553,-22.04936553,-0.00675534489,-0.009280807299,-6,-0.002525462409,0,22,0,0,1,0,1827.049366,1827.049366,0,1797,968,72.77010751
1092,0,1805,1812,-22.04936553,-15.04936553,-0.009280807299,-0.006334434489,7,0.00294637281,0,21,0,0,1,0,1827.049366,1827.049366,0,1797,969,72.81138754
1093,0,1812,1805,-15.04936553,-22.04936553,-0.006334434489,-0.009280807299,-7,-0.00294637281,0,15,0,0,1,0,1827.049366,1827.049366,0,1797,970,72.85313535
1094,0,1805,1814,-22.04936553,-13.04936553,-0.009280807299,-0.005492613686,9,0.003788193613,0,17,0,0,1,0,1827.049366,1827.049366,0,1797,971,72.89495945
1095,0,1814,1803,-13.04936553,-24.04936553,-0.005492613686,-0.0101226281,-11,-0.004630014416,0,21,0,0,1,0,1827.049366,1827.049366,0,1797,972,72.93613625
1096,0,1803,1809,-24.04936553,-18.04936553,-0.0101226281,-0.007597165693,6,0.002525462409,0,14,0,0,1,0,1827.049366,1827.049366,0,1797,973,72.97734475
1097,0,1809,1805,-18.04936553,-22.04936553,-0.007597165693,-0.009280807299,-4,-0.001683641606,0,24,0,0,1,0,1827.049366,1827.049366,0,1797,974,73.01862431
1098,0,1805,1807,-22.04936553,-20.04936553,-0.009280807299,-0.008438986496,2,0.0008418208029,0,22,0,0,1,0,1827.049366,1827.049366,0,1797,975,73.0602653
1099,0,1807,1805,-20.04936553,-22.04936553,-0.008438986496,-0.009280807299,-2,-0.0008418208029,0,28,0,0,1,0,1827.049366,1827.049366,0,1797,976,73.10237265
1100,0,1805,1808,-22.04936553,-19.04936553,-0.009280807299,-0.008018076095,3,0.001262731204,0,19,0,0,1,0,1827.049366,1827.049366,0,1797,977,73.14398623
1101,0,1808,1800,-19.04936553,-27.04936553,-0.008018076095,-0.01138535931,-8,-0.003367283212,0,12,0,0,1,0,1827.049366,1827.049366,0,1797,978,73.18643856
1102,0,1800,1811,-27.04936553,-16.04936553,-0.01138535931,-0.00675534489,11,0.004630014416,0,27,0,0,1,0,1827.049366,1827.049366,0,1797,979,73.22941232
1103,0,1811,1804,-16.04936553,-23.04936553,-0.00675534489,-0.009701717701,-7,-0.00294637281,0,11,0,0,1,0,1827.049366,1827.049366,0,1797,980,73.27203631
1104,0,1804,1806,-23.04936553,-21.04936553,-0.009701717701,-0.008859896898,2,0.0008418208029,0,16,0,0,1,0,1827.049366,1827.049366,0,1797,981,73.31515408
1105,0,1806,1807,-21.04936553,-20.04936553,-0.008859896898,-0.008438986496,1,0.0004209104015,0,29,0,0,1,0,1827.049366,1827.049366,0,1797,982,73.3579452
1106,0,1807,1809,-20.04936553,-18.04936553,-0.008438986496,-0.007597165693,2,0.0008418208029,0,20,0,0,1,0,1827.049366,1827.049366,0,1797,983,73.40044975
1107,0,1809,1805,-18.04936553,-22.04936553,-0.007597165693,-0.009280807299,-4,-0.001683641606,0,24,0,0,1,0,1827.049366,1827.049366,0,1797,984,73.4429853
1108,0,1805,1808,-22.04936553,-19.04936553,-0.009280807299,-0.008018076095,3,0.001262731204,0,23,0,0,1,0,1827.049366,1827.049366,0,1797,985,73.48566556
1109,0,1808,1805,-19.04936553,-22.04936553,-0.008018076095,-0.009280807299,-3,-0.001262731204,0,23,0,0,1,0,1827.049366,1827.049366,0,1797,986,73.52876163
1110,0,1805,1808,-22.04936553,-19.04936553,-0.009280807299,-0.008018076095,3,0.001262731204,0,29,0,0,1,0,1827.049366,1827.049366,0,1797,987,73.57173419
1111,0,1808,1806,-19.04936553,-21.04936553,-0.008018076095,-0.008859896898,-2,-0.0008418208029,0,20,0,0,1,0,1827.049366,1827.049366,0,1797,988,73.61431837
1112,0,1806,1809,-21.04936553,-18.04936553,-0.008859896898,-0.007597165693,3,0.001262731204,0,15,0,0,1,0,1827.049366,1827.049366,0,1797,989,73.65679383
1113,0,1809,1804,-18.04936553,-23.04936553,-0.007597165693,-0.009701717701,-5,-0.002104552007,0,23,0,0,1,0,1827.049366,1827.049366,0,1797,990,73.69885826
1114,0,1804,1812,-23.04936553,-15.04936553,-0.009701717701,-0.006334434489,8,0.003367283212,0,10,0,0,1,0,1827.049366,1827.049366,0,1797,991,73.74121547
1115,0,1812,1801,-15.04936553,-26.04936553,-0.006334434489,-0.01096444891,-11,-0.004630014416,0,29,0,0,1,0,1827.049366,1827.049366,0,1797,992,73.78373837
1116,0,1801,1812,-26.04936553,-15.04936553,-0.01096444891,-0.006334434489,11,0.004630014416,0,23,0,0,1,0,1827.049366,1827.049366,0,1797,993,73.82569957
1117,0,1812,1801,-15.04936553,-26.04936553,-0.006334434489,-0.01096444891,-11,-0.004630014416,0,13,0,0,1,0,1827.049366,1827.049366,0,1797,994,73.86799884
1118,0,1801,1811,-26.04936553,-16.04936553,-0.01096444891,-0.00675534489,10,0.004209104015,0,16,0,0,1,0,1827.049366,1827.049366,0,1797,995,73.91042399
1119,0,1811,1802,-16.04936553,-25.04936553,-0.00675534489,-0.0105435385,-9,-0.003788193613,0,29,0,0,1,0,1827.049366,1827.049366,0,1797,996,73.95318103
1120,0,1802,1811,-25.04936553,-16.04936553,-0.0105435385,-0.00675534489,9,0.003788193613,0,21,0,0,1,0,1827.049366,1827.049366,0,1797,997,73.99622798
1121,0,1811,1802,-16.04936553,-25.04936553,-0.00675534489,-0.0105435385,-9,-0.003788193613,0,23,0,0,1,0,1827.049366,1827.049366,0,1797,998,74.03870106
1122,0,1802,1812,-25.04936553,-15.04936553,-0.0105435385,-0.006334434489,10,0.004209104015,0,20,0,0,1,0,1827.049366,1827.049366,0,1797,999,74.08109403
1123,0,1812,1802,-15.04936553,-25.04936553,-0.006334434489,-0.0105435385,-10,-0.004209104015,0,16,0,0,1,0,1827.049366,1827.049366,0,1797,1000,74.12337637
1124,0,1802,1810,-25.04936553,-17.04936553,-0.0105435385,-0.007176255292,8,0.003367283212,0,10,0,0,1,0,1827.049366,1827.049366,0,1797,1001,74.16586685
1125,0,1810,1802,-17.04936553,-25.04936553,-0.007176255292,-0.0105435385,-8,-0.003367283212,0,22,0,0,1,0,1827.049366,1827.049366,0,1797,1002,74.20886397
1126,0,1802,1809,-25.04936553,-18.04936553,-0.0105435385,-0.007597165693,7,0.00294637281,0,21,0,0,1,0,1827.049366,1827.049366,0,1797,1003,74.25104976
1127,0,1809,1804,-18.04936553,-23.04936553,-0.007597165693,-0.009701717701,-5,-0.002104552007,0,29,0,0,1,0,1827.049366,1827.049366,0,1797,1004,74.29291344
1128,0,1804,1809,-23.04936553,-18.04936553,-0.009701717701,-0.007597165693,5,0.002104552007,0,13,0,0,1,0,1827.049366,1827.049366,0,1797,1005,74.3349812
1129,0,1809,1805,-18.04936553,-22.04936553,-0.007597165693,-0.009280807299,-4,-0.001683641606,0,16,0,0,1,0,1827.049366,1827.049366,0,1797,1006,74.37707973
1130,0,1805,1809,-22.04936553,-18.04936553,-0.009280807299,-0.007597165693,4,0.001683641606,0,20,0,0,1,0,1827.049366,1827.049366,0,1797,1007,74.41980147
1131,0,1809,1805,-18.04936553,-22.04936553,-0.007597165693,-0.009280807299,-4,-0.001683641606,0,24,0,0,1,0,1827.049366,1827.049366,0,1797,1008,74.46319222
1132,0,1805,1810,-22.04936553,-17.04936553,-0.009280807299,-0.007176255292,5,0.002104552007,0,19,0,0,1,0,1827.049366,1827.049366,0,1797,1009,74.5054419
1133,0,1810,1803,-17.04936553,-24.04936553,-0.007176255292,-0.0101226281,-7,-0.00294637281,0,11,0,0,1,0,1827.049366,1827.049366,0,1797,1010,74.54777098
1134,0,1803,1813,-24.04936553,-14.04936553,-0.0101226281,-0.005913524087,10,0.004209104015,0,14,0,0,1,0,1827.049366,1827.049366,0,1797,1011,74.59019756
1135,0,1813,1802,-14.04936553,-25.04936553,-0.005913524087,-0.0105435385,-11,-0.004630014416,0,23,0,0,1,0,1827.049366,1827.049366,0,1797,1012,74.63310337
1136,0,1802,1813,-25.04936553,-14.04936553,-0.0105435385,-0.005913524087,11,0.004630014416,0,23,0,0,1,0,1827.049366,1827.049366,0,1797,1013,74.67626858
1137,0,1813,1801,-14.04936553,-26.04936553,-0.005913524087,-0.01096444891,-12,-0.005050924818,0,20,0,0,1,0,1827.049366,1827.049366,0,1797,1014,74.71860409
1138,0,1801,1811,-26.04936553,-16.04936553,-0.01096444891,-0.00675534489,10,0.004209104015,0,18,0,0,1,0,1827.049366,1827.049366,0,1797,1015,74.76094651
1139,0,1811,1801,-16.04936553,-26.04936553,-0.00675534489,-0.01096444891,-10,-0.004209104015,0,14,0,0,1,0,1827.049366,1827.049366,0,1797,1016,74.80337882
1140,0,1801,1813,-26.04936553,-14.04936553,-0.01096444891,-0.005913524087,12,0.005050924818,0,24,0,0,1,0,1827.049366,1827.049366,0,1797,1017,74.84578753
1141,0,1813,1801,-14.04936553,-26.04936553,-0.005913524087,-0.01096444891,-12,-0.005050924818,0,22,0,0,1,0,1827.049366,1827.049366,0,1797,1018,74.88875532
1142,0,1801,1813,-26.04936553,-14.04936553,-0.01096444891,-0.005913524087,12,0.005050924818,0,22,0,0,1,0,1827.049366,1827.049366,0,1797,1019,74.93118548
1143,0,1813,1802,-14.04936553,-25.04936553,-0.005913524087,-0.0105435385,-11,-0.004630014416,0,27,0,0,1,0,1827.049366,1827.049366,0,1797,1020,74.9738512
1144,0,1802,1815,-25.04936553,-12.04936553,-0.0105435385,-0.005071703285,13,0.005471835219,0,23,0,0,1,0,1827.049366,1827.049366,0,1797,1021,75.01599264
1145,0,1815,1801,-12.04936553,-26.04936553,-0.005071703285,-0.01096444891,-14,-0.00589274562,0,26,0,0,1,0,1827.049366,1827.049366,0,1797,1022,75.05847025
1146,0,1801,1811,-26.04936553,-16.04936553,-0.01096444891,-0.00675534489,10,0.004209104015,0,18,0,0,1,0,1827.049366,1827.049366,0,1797,1023,75.1012969
1147,0,1811,1803,-16.04936553,-24.04936553,-0.00675534489,-0.0101226281,-8,-0.003367283212,0,28,0,0,1,0,1827.049366,1827.049366,0,1797,1024,75.1437583
1148,0,1803,1809,-24.04936553,-18.04936553,-0.0101226281,-0.007597165693,6,0.002525462409,0,24,0,0,1,0,1827.049366,1827.049366,0,1797,1025,75.18609262
1149,0,1809,1800,-18.04936553,-27.04936553,-0.007597165693,-0.01138535931,-9,-0.003788193613,0,17,0,0,1,0,1827.049366,1827.049366,0,1797,1026,75.22845221
1150,0,1800,1809,-27.04936553,-18.04936553,-0.01138535931,-0.007597165693,9,0.003788193613,0,17,0,0,1,0,1827.049366,1827.049366,0,1797,1027,75.27060866
1151,0,1809,1799,-18.04936553,-28.04936553,-0.007597165693,-0.01180626971,-10,-0.004209104015,0,18,0,0,1,0,1827.049366,1827.049366,0,1797,1028,75.31343412
1152,0,1799,1814,-28.04936553,-13.04936553,-0.01180626971,-0.005492613686,15,0.006313656022,0,27,0,0,1,0,1827.049366,1827.049366,0,1797,1029,75.35621047
1153,0,1814,1804,-13.04936553,-23.04936553,-0.005492613686,-0.009701717701,-10,-0.004209104015,0,16,0,0,1,0,1827.049366,1827.049366,0,1797,1030,75.39833689
1154,0,1804,1814,-23.04936553,-13.04936553,-0.009701717701,-0.005492613686,10,0.004209104015,0,18,0,0,1,0,1827.049366,1827.049366,0,1797,1031,75.44054699
1155,0,1814,1799,-13.04936553,-28.04936553,-0.005492613686,-0.01180626971,-15,-0.006313656022,0,27,0,0,1,0,1827.049366,1827.049366,0,1797,1032,75.48301268
1156,0,1799,1810,-28.04936553,-17.04936553,-0.01180626971,-0.007176255292,11,0.004630014416,0,17,0,0,1,0,1827.049366,1827.049366,0,1797,1033,75.52573705
1157,0,1810,1803,-17.04936553,-24.04936553,-0.007176255292,-0.0101226281,-7,-0.00294637281,0,27,0,0,1,0,1827.049366,1827.049366,0,1797,1034,75.56849217
1158,0,1803,1810,-24.04936553,-17.04936553,-0.0101226281,-0.007176255292,7,0.00294637281,0,11,0,0,1,0,1827.049366,1827.049366,0,1797,1035,75.61101556
1159,0,1810,1804,-17.04936553,-23.04936553,-0.007176255292,-0.009701717701,-6,-0.002525462409,0,12,0,0,1,0,1827.049366,1827.049366,0,1797,1036,75.65358901
1160,0,1804,1811,-23.04936553,-16.04936553,-0.009701717701,-0.00675534489,7,0.00294637281,0,11,0,0,1,0,1827.049366,1827.049366,0,1797,1037,75.69648266
1161,0,1811,1802,-16.04936553,-25.04936553,-0.00675534489,-0.0105435385,-9,-0.003788193613,0,29,0,0,1,0,1827.049366,1827.049366,0,1797,1038,75.73946023
1162,0,1802,1809,-25.04936553,-18.04936553,-0.0105435385,-0.007597165693,7,0.00294637281,0,23,0,0,1,0,1827.049366,1827.049366,0,1797,1039,75.78270578
1163,0,1809,1803,-18.04936553,-24.04936553,-0.007597165693,-0.0101226281,-6,-0.002525462409,0,20,0,0,1,0,1827.049366,1827.049366,0,1797,1040,75.8252995
1164,0,1803,1811,-24.04936553,-16.04936553,-0.0101226281,-0.00675534489,8,0.003367283212,0,12,0,0,1,0,1827.049366,1827.049366,0,1797,1041,75.86747599
1165,0,1811,1803,-16.04936553,-24.04936553,-0.00675534489,-0.0101226281,-8,-0.003367283212,0,30,0,0,1,0,1827.049366,1827.049366,0,1797,1042,75.90962601
1166,0,1803,1813,-24.04936553,-14.04936553,-0.0101226281,-0.005913524087,10,0.004209104015,0,20,0,0,1,0,1827.049366,1827.049366,0,1797,1043,75.95208097
1167,0,1813,1804,-14.04936553,-23.04936553,-0.005913524087,-0.009701717701,-9,-0.003788193613,0,23,0,0,1,0,1827.049366,1827.049366,0,1797,1044,75.99487686
1168,0,1804,1810,-23.04936553,-17.04936553,-0.009701717701,-0.007176255292,6,0.002525462409,0,30,0,0,1,0,1827.049366,1827.049366,0,1797,1045,76.03770494
1169,0,1810,1804,-17.04936553,-23.04936553,-0.007176255292,-0.009701717701,-6,-0.002525462409,0,30,0,0,1,0,1827.049366,1827.049366,0,1797,1046,76.08027077
1170,0,1804,1812,-23.04936553,-15.04936553,-0.009701717701,-0.006334434489,8,0.003367283212,0,24,0,0,1,0,1827.049366,1827.049366,0,1797,1047,76.12280846
1171,0,1812,1801,-15.04936553,-26.04936553,-0.006334434489,-0.01096444891,-11,-0.004630014416,0,19,0,0,1,0,1827.049366,1827.049366,0,1797,1048,76.16524482
1172,0,1801,1810,-26.04936553,-17.04936553,-0.01096444891,-0.007176255292,9,0.003788193613,0,13,0,0,1,0,1827.049366,1827.049366,0,1797,1049,76.20811939
1173,0,1810,1805,-17.04936553,-22.04936553,-0.007176255292,-0.009280807299,-5,-0.002104552007,0,23,0,0,1,0,1827.049366,1827.049366,0,1797,1050,76.25113702
1174,0,1805,1811,-22.04936553,-16.04936553,-0.009280807299,-0.00675534489,6,0.002525462409,0,24,0,0,1,0,1827.049366,1827.049366,0,1797,1051,76.29339767
1175,0,1811,1804,-16.04936553,-23.04936553,-0.00675534489,-0.009701717701,-7,-0.00294637281,0,11,0,0,1,0,1827.049366,1827.049366,0,1797,1052,76.33587718
1176,0,1804,1811,-23.04936553,-16.04936553,-0.009701717701,-0.00675534489,7,0.00294637281,0,15,0,0,1,0,1827.049366,1827.049366,0,1797,1053,76.37827516
1177,0,1811,1804,-16.04936553,-23.04936553,-0.00675534489,-0.009701717701,-7,-0.00294637281,0,29,0,0,1,0,1827.049366,1827.049366,0,1797,1054,76.42066312
1178,0,1804,1811,-23.04936553,-16.04936553,-0.009701717701,-0.00675534489,7,0.00294637281,0,19,0,0,1,0,1827.049366,1827.049366,0,1797,1055,76.4637816
1179,0,1811,1803,-16.04936553,-24.04936553,-0.00675534489,-0.0101226281,-8,-0.003367283212,0,20,0,0,1,0,1827.049366,1827.049366,0,1797,1056,76.50623894
1180,0,1803,1810,-24.04936553,-17.04936553,-0.0101226281,-0.007176255292,7,0.00294637281,0,11,0,0,1,0,1827.049366,1827.049366,0,1797,1057,76.5486238
1181,0,1810,1801,-17.04936553,-26.04936553,-0.007176255292,-0.01096444891,-9,-0.003788193613,0,13,0,0,1,0,1827.049366,1827.049366,0,1797,1058,76.59103298
1182,0,1801,1813,-26.04936553,-14.04936553,-0.01096444891,-0.005913524087,12,0.005050924818,0,22,0,0,1,0,1827.049366,1827.049366,0,1797,1059,76.63332844
1183,0,1813,1801,-14.04936553,-26.04936553,-0.005913524087,-0.01096444891,-12,-0.005050924818,0,22,0,0,1,0,1827.049366,1827.049366,0,1797,1060,76.67618918
1184,0,1801,1813,-26.04936553,-14.04936553,-0.01096444891,-0.005913524087,12,0.005050924818,0,28,0,0,1,0,1827.049366,1827.049366,0,1797,1061,76.7189064
1185,0,1813,1802,-14.04936553,-25.04936553,-0.005913524087,-0.0105435385,-11,-0.004630014416,0,29,0,0,1,0,1827.049366,1827.049366,0,1797,1062,76.76110983
1186,0,1802,1814,-25.04936553,-13.04936553,-0.0105435385,-0.005492613686,12,0.005050924818,0,26,0,0,1,0,1827.049366,1827.049366,0,1797,1063,76.80348277
1187,0,1814,1800,-13.04936553,-27.04936553,-0.005492613686,-0.01138535931,-14,-0.00589274562,0,30,0,0,1,0,1827.049366,1827.049366,0,1797,1064,76.84600115
1188,0,1800,1812,-27.04936553,-15.04936553,-0.01138535931,-0.006334434489,12,0.005050924818,0,20,0,0,1,0,1827.049366,1827.049366,0,1797,1065,76.88871121
1189,0,1812,1801,-15.04936553,-26.04936553,-0.006334434489,-0.01096444891,-11,-0.004630014416,0,29,0,0,1,0,1827.049366,1827.049366,0,1797,1066,76.93177199
1190,0,1801,1811,-26.04936553,-16.04936553,-0.01096444891,-0.00675534489,10,0.004209104015,0,14,0,0,1,0,1827.049366,1827.049366,0,1797,1067,76.974087
1191,0,1811,1803,-16.04936553,-24.04936553,-0.00675534489,-0.0101226281,-8,-0.003367283212,0,30,0,0,1,0,1827.049366,1827.049366,0,1797,1068,77.01644588
1192,0,1803,1812,-24.04936553,-15.04936553,-0.0101226281,-0.006334434489,9,0.003788193613,0,17,0,0,1,0,1827.049366,1827.049366,0,1797,1069,77.05913329
1193,0,1812,1805,-15.04936553,-22.04936553,-0.006334434489,-0.009280807299,-7,-0.00294637281,0,11,0,0,1,0,1827.049366,1827.049366,0,1797,1070,77.10234666
1194,0,1805,1809,-22.04936553,-18.04936553,-0.009280807299,-0.007597165693,4,0.001683641606,0,30,0,0,1,0,1827.049366,1827.049366,0,1797,1071,77.14575291
1195,0,1809,1804,-18.04936553,-23.04936553,-0.007597165693,-0.009701717701,-5,-0.002104552007,0,25,0,0,1,0,1827.049366,1827.049366,0,1797,1072,77.18846178
1196,0,1804,1809,-23.04936553,-18.04936553,-0.009701717701,-0.007597165693,5,0.002104552007,0,29,0,0,1,0,1827.049366,1827.049366,0,1797,1073,77.23104191
1197,0,1809,1801,-18.04936553,-26.04936553,-0.007597165693,-0.01096444891,-8,-0.003367283212,0,10,0,0,1,0,1827.049366,1827.049366,0,1797,1074,77.27363729
1198,0,1801,1811,-26.04936553,-16.04936553,-0.01096444891,-0.00675534489,10,0.004209104015,0,28,0,0,1,0,1827.049366,1827.049366,0,1797,1075,77.31631041
1199,0,1811,1800,-16.04936553,-27.04936553,-0.00675534489,-0.01138535931,-11,-0.004630014416,0,17,0,0,1,0,1827.049366,1827.049366,0,1797,1076,77.35964108
1200,0,1800,1813,-27.04936553,-14.04936553,-0.01138535931,-0.005913524087,13,0.005471835219,0,27,0,0,1,0,1827.049366,1827.049366,0,1797,1077,77.40252399
1201,0,1813,1800,-14.04936553,-27.04936553,-0.005913524087,-0.01138535931,-13,-0.005471835219,0,29,0,0,1,0,1827.049366,1827.049366,0,1797,1078,77.44512701
1202,0,1800,1811,-27.04936553,-16.04936553,-0.01138535931,-0.00675534489,11,0.004630014416,0,13,0,0,1,0,1827.049366,1827.049366,0,1797,1079,77.48775554
1203,0,1811,1799,-16.04936553,-28.04936553,-0.00675534489,-0.01180626971,-12,-0.005050924818,0,22,0,0,1,0,1827.049366,1827.049366,0,1797,1080,77.53028584
1204,0,1799,1815,-28.04936553,-12.04936553,-0.01180626971,-0.005071703285,16,0.006734566423,0,28,0,0,1,0,1827.049366,1827.049366,0,1797,1081,77.57321525
1205,0,1815,1798,-12.04936553,-29.04936553,-0.005071703285,-0.01222718011,-17,-0.007155476825,0,29,0,0,1,0,1827.049366,1827.049366,0,1797,1082,77.61653686
1206,0,1798,1808,-29.04936553,-19.04936553,-0.01222718011,-0.008018076095,10,0.004209104015,0,12,0,0,1,0,1827.049366,1827.049366,0,1797,1083,77.65885496
1207,0,1808,1799,-19.04936553,-28.04936553,-0.008018076095,-0.01180626971,-9,-0.003788193613,0,11,0,0,1,0,1827.049366,1827.049366,0,1797,1084,77.70137739
1208,0,1799,1810,-28.04936553,-17.04936553,-0.01180626971,-0.007176255292,11,0.004630014416,0,25,0,0,1,0,1827.049366,1827.049366,0,1797,1085,77.74390626
1209,0,1810,1801,-17.04936553,-26.04936553,-0.007176255292,-0.01096444891,-9,-0.003788193613,0,23,0,0,1,0,1827.049366,1827.049366,0,1797,1086,77.78677416
1210,0,1801,1809,-26.04936553,-18.04936553,-0.01096444891,-0.007597165693,8,0.003367283212,0,18,0,0,1,0,1827.049366,1827.049366,0,1797,1087,77.83006454
1211,0,1809,1800,-18.04936553,-27.04936553,-0.007597165693,-0.01138535931,-9,-0.003788193613,0,11,0,0,1,0,1827.049366,1827.049366,0,1797,1088,77.8722837
1212,0,1800,1814,-27.04936553,-13.04936553,-0.01138535931,-0.005492613686,14,0.00589274562,0,30,0,0,1,0,1827.049366,1827.049366,0,1797,1089,77.91462994
1213,0,1814,1805,-13.04936553,-22.04936553,-0.005492613686,-0.009280807299,-9,-0.003788193613,0,15,0,0,1,0,1827.049366,1827.049366,0,1797,1090,77.95688081
1214,0,1805,1813,-22.04936553,-14.04936553,-0.009280807299,-0.005913524087,8,0.003367283212,0,18,0,0,1,0,1827.049366,1827.049366,0,1797,1091,77.99934745
1215,0,1813,1803,-14.04936553,-24.04936553,-0.005913524087,-0.0101226281,-10,-0.004209104015,0,16,0,0,1,0,1827.049366,1827.049366,0,1797,1092,78.04234767
1216,0,1803,1815,-24.04936553,-12.04936553,-0.0101226281,-0.005071703285,12,0.005050924818,0,26,0,0,1,0,1827.049366,1827.049366,0,1797,1093,78.08468604
1217,0,1815,1803,-12.04936553,-24.04936553,-0.005071703285,-0.0101226281,-12,-0.005050924818,0,24,0,0,1,0,1827.049366,1827.049366,0,1797,1094,78.12687135
1218,0,1803,1813,-24.04936553,-14.04936553,-0.0101226281,-0.005913524087,10,0.004209104015,0,28,0,0,1,0,1827.049366,1827.049366,0,1797,1095,78.16946054
1219,0,1813,1801,-14.04936553,-26.04936553,-0.005913524087,-0.01096444891,-12,-0.005050924818,0,24,0,0,1,0,1827.049366,1827.049366,0,1797,1096,78.21216059
1220,0,1801,1813,-26.04936553,-14.04936553,-0.01096444891,-0.005913524087,12,0.005050924818,0,24,0,0,1,0,1827.049366,1827.049366,0,1797,1097,78.25525975
1221,0,1813,1802,-14.04936553,-25.04936553,-0.005913524087,-0.0105435385,-11,-0.004630014416,0,17,0,0,1,0,1827.049366,1827.049366,0,1797,1098,78.29844666
1222,0,1802,1813,-25.04936553,-14.04936553,-0.0105435385,-0.005913524087,11,0.004630014416,0,17,0,0,1,0,1827.049366,1827.049366,0,1797,1099,78.34078145
1223,0,1813,1803,-14.04936553,-24.04936553,-0.005913524087,-0.0101226281,-10,-0.004209104015,0,16,0,0,1,0,1827.049366,1827.049366,0,1797,1100,78.38326931
1224,0,1803,1812,-24.04936553,-15.04936553,-0.0101226281,-0.006334434489,9,0.003788193613,0,17,0,0,1,0,1827.049366,1827.049366,0,1797,1101,78.425843
1225,0,1812,1804,-15.04936553,-23.04936553,-0.006334434489,-0.009701717701,-8,-0.003367283212,0,20,0,0,1,0,1827.049366,1827.049366,0,1797,1102,78.4687326
1226,0,1804,1814,-23.04936553,-13.04936553,-0.009701717701,-0.005492613686,10,0.004209104015,0,14,0,0,1,0,1827.049366,1827.049366,0,1797,1103,78.51186609
1227,0,1814,1805,-13.04936553,-22.04936553,-0.005492613686,-0.009280807299,-9,-0.003788193613,0,13,0,0,1,0,1827.049366,1827.049366,0,1797,1104,78.55434251
1228,0,1805,1814,-22.04936553,-13.04936553,-0.009280807299,-0.005492613686,9,0.003788193613,0,13,0,0,1,0,1827.049366,1827.049366,0,1797,1105,78.59682608
1229,0,1814,1803,-13.04936553,-24.04936553,-0.005492613686,-0.0101226281,-11,-0.004630014416,0,15,0,0,1,0,1827.049366,1827.049366,0,1797,1106,78.63936234
1230,0,1803,1811,-24.04936553,-16.04936553,-0.0101226281,-0.00675534489,8,0.003367283212,0,26,0,0,1,0,1827.049366,1827.049366,0,1797,1107,78.68194914
1231,0,1811,1803,-16.04936553,-24.04936553,-0.00675534489,-0.0101226281,-8,-0.003367283212,0,24,0,0,1,0,1827.049366,1827.049366,0,1797,1108,78.72514629
1232,0,1803,1815,-24.04936553,-12.04936553,-0.0101226281,-0.005071703285,12,0.005050924818,0,18,0,0,1,0,1827.049366,1827.049366,0,1797,1109,78.76783037
1233,0,1815,1804,-12.04936553,-23.04936553,-0.005071703285,-0.009701717701,-11,-0.004630014416,0,17,0,0,1,0,1827.049366,1827.049366,0,1797,1110,78.81035852
1234,0,1804,1814,-23.04936553,-13.04936553,-0.009701717701,-0.005492613686,10,0.004209104015,0,14,0,0,1,0,1827.049366,1827.049366,0,1797,1111,78.85275531
1235,0,1814,1804,-13.04936553,-23.04936553,-0.005492613686,-0.009701717701,-10,-0.004209104015,0,14,0,0,1,0,1827.049366,1827.049366,0,1797,1112,78.89494109
1236,0,1804,1814,-23.04936553,-13.04936553,-0.009701717701,-0.005492613686,10,0.004209104015,0,14,0,0,1,0,1827.049366,1827.049366,0,1797,1113,78.9375596
1237,0,1814,1806,-13.04936553,-21.04936553,-0.005492613686,-0.008859896898,-8,-0.003367283212,0,16,0,0,1,0,1827.049366,1827.049366,0,1797,1114,78.98080444
1238,0,1806,1807,-21.04936553,-20.04936553,-0.008859896898,-0.008438986496,1,0.0004209104015,0,25,0,0,1,0,1827.049366,1827.049366,0,1797,1115,79.02318621
1239,0,1807,1808,-20.04936553,-19.04936553,-0.008438986496,-0.008018076095,1,0.0004209104015,0,29,0,0,1,0,1827.049366,1827.049366,0,1797,1116,79.0657053
1240,0,1808,1810,-19.04936553,-17.04936553,-0.008018076095,-0.007176255292,2,0.0008418208029,0,24,0,0,1,0,1827.049366,1827.049366,0,1797,1117,79.10821867
1241,0,1810,1807,-17.04936553,-20.04936553,-0.007176255292,-0.008438986496,-3,-0.001262731204,0,23,0,0,1,0,1827.049366,1827.049366,0,1797,1118,79.15071821
1242,0,1807,1816,-20.04936553,-11.04936553,-0.008438986496,-0.004650792883,9,0.003788193613,0,11,0,0,1,0,1827.049366,1827.049366,0,1797,1119,79.19379115
1243,0,1816,1802,-11.04936553,-25.04936553,-0.004650792883,-0.0105435385,-14,-0.00589274562,0,20,0,0,1,0,1827.049366,1827.049366,0,1797,1120,79.23645926
1244,0,1802,1813,-25.04936553,-14.04936553,-0.0105435385,-0.005913524087,11,0.004630014416,0,17,0,0,1,0,1827.049366,1827.049366,0,1797,1121,79.27885747
1245,0,1813,1804,-14.04936553,-23.04936553,-0.005913524087,-0.009701717701,-9,-0.003788193613,0,13,0,0,1,0,1827.049366,1827.049366,0,1797,1122,79.32145357
1246,0,1804,1812,-23.04936553,-15.04936553,-0.009701717701,-0.006334434489,8,0.003367283212,0,18,0,0,1,0,1827.049366,1827.049366,0,1797,1123,79.36398864
1247,0,1812,1803,-15.04936553,-24.04936553,-0.006334434489,-0.0101226281,-9,-0.003788193613,0,27,0,0,1,0,1827.049366,1827.049366,0,1797,1124,79.40691924
1248,0,1803,1810,-24.04936553,-17.04936553,-0.0101226281,-0.007176255292,7,0.00294637281,0,17,0,0,1,0,1827.049366,1827.049366,0,1797,1125,79.45033336
1249,0,1810,1801,-17.04936553,-26.04936553,-0.007176255292,-0.01096444891,-9,-0.003788193613,0,15,0,0,1,0,1827.049366,1827.049366,0,1797,1126,79.49290776
1250,0,1801,1814,-26.04936553,-13.04936553,-0.01096444891,-0.005492613686,13,0.005471835219,0,29,0,0,1,0,1827.049366,1827.049366,0,1797,1127,79.53527594
1251,0,1814,1806,-13.04936553,-21.04936553,-0.005492613686,-0.008859896898,-8,-0.003367283212,0,10,0,0,1,0,1827.049366,1827.049366,0,1797,1128,79.57816529
1252,0,1806,1812,-21.04936553,-15.04936553,-0.008859896898,-0.006334434489,6,0.002525462409,0,20,0,0,1,0,1827.049366,1827.049366,0,1797,1129,79.6211791
1253,0,1812,1804,-15.04936553,-23.04936553,-0.006334434489,-0.009701717701,-8,-0.003367283212,0,12,0,0,1,0,1827.049366,1827.049366,0,1797,1130,79.66459394
1254,0,1804,1814,-23.04936553,-13.04936553,-0.009701717701,-0.005492613686,10,0.004209104015,0,14,0,0,1,0,1827.049366,1827.049366,0,1797,1131,79.70697951
1255,0,1814,1805,-13.04936553,-22.04936553,-0.005492613686,-0.009280807299,-9,-0.003788193613,0,17,0,0,1,0,1827.049366,1827.049366,0,1797,1132,79.74933577
1256,0,1805,1814,-22.04936553,-13.04936553,-0.009280807299,-0.005492613686,9,0.003788193613,0,13,0,0,1,0,1827.049366,1827.049366,0,1797,1133,79.79191065
1257,0,1814,1804,-13.04936553,-23.04936553,-0.005492613686,-0.009701717701,-10,-0.004209104015,0,22,0,0,1,0,1827.049366,1827.049366,0,1797,1134,79.83455777
1258,0,1804,1813,-23.04936553,-14.04936553,-0.009701717701,-0.005913524087,9,0.003788193613,0,17,0,0,1,0,1827.049366,1827.049366,0,1797,1135,79.87775826
1259,0,1813,1804,-14.04936553,-23.04936553,-0.005913524087,-0.009701717701,-9,-0.003788193613,0,13,0,0,1,0,1827.049366,1827.049366,0,1797,1136,79.92047286
1260,0,1804,1814,-23.04936553,-13.04936553,-0.009701717701,-0.005492613686,10,0.004209104015,0,24,0,0,1,0,1827.049366,1827.049366,0,1797,1137,79.96293592
1261,0,1814,1802,-13.04936553,-25.04936553,-0.005492613686,-0.0105435385,-12,-0.005050924818,0,28,0,0,1,0,1827.049366,1827.049366,0,1797,1138,80.00556087
1262,0,1802,1813,-25.04936553,-14.04936553,-0.0105435385,-0.005913524087,11,0.004630014416,0,29,0,0,1,0,1827.049366,1827.049366,0,1797,1139,80.04799008
1263,0,1813,1803,-14.04936553,-24.04936553,-0.005913524087,-0.0101226281,-10,-0.004209104015,0,14,0,0,1,0,1827.049366,1827.049366,0,1797,1140,80.09100485
1264,0,1803,1814,-24.04936553,-13.04936553,-0.0101226281,-0.005492613686,11,0.004630014416,0,17,0,0,1,0,1827.049366,1827.049366,0,1797,1141,80.13431287
1265,0,1814,1801,-13.04936553,-26.04936553,-0.005492613686,-0.01096444891,-13,-0.005471835219,0,25,0,0,1,0,1827.049366,1827.049366,0,1797,1142,80.17679143
1266,0,1801,1809,-26.04936553,-18.04936553,-0.01096444891,-0.007597165693,8,0.003367283212,0,10,0,0,1,0,1827.049366,1827.049366,0,1797,1143,80.21926713
1267,0,1809,1805,-18.04936553,-22.04936553,-0.007597165693,-0.009280807299,-4,-0.001683641606,0,22,0,0,1,0,1827.049366,1827.049366,0,1797,1144,80.26181555
1268,0,1805,1810,-22.04936553,-17.04936553,-0.009280807299,-0.007176255292,5,0.002104552007,0,29,0,0,1,0,1827.049366,1827.049366,0,1797,1145,80.3050766
1269,0,1810,1804,-17.04936553,-23.04936553,-0.007176255292,-0.009701717701,-6,-0.002525462409,0,16,0,0,1,0,1827.049366,1827.049366,0,1797,1146,80.34862256
1270,0,1804,1813,-23.04936553,-14.04936553,-0.009701717701,-0.005913524087,9,0.003788193613,0,11,0,0,1,0,1827.049366,1827.049366,0,1797,1147,80.39211702
1271,0,1813,1801,-14.04936553,-26.04936553,-0.005913524087,-0.01096444891,-12,-0.005050924818,0,30,0,0,1,0,1827.049366,1827.049366,0,1797,1148,80.4354229
1272,0,1801,1812,-26.04936553,-15.04936553,-0.01096444891,-0.006334434489,11,0.004630014416,0,15,0,0,1,0,1827.049366,1827.049366,0,1797,1149,80.4786973
1273,0,1812,1803,-15.04936553,-24.04936553,-0.006334434489,-0.0101226281,-9,-0.003788193613,0,11,0,0,1,0,1827.049366,1827.049366,0,1797,1150,80.52216458
1274,0,1803,1808,-24.04936553,-19.04936553,-0.0101226281,-0.008018076095,5,0.002104552007,0,21,0,0,1,0,1827.049366,1827.049366,0,1797,1151,80.56611228
1275,0,1808,1803,-19.04936553,-24.04936553,-0.008018076095,-0.0101226281,-5,-0.002104552007,0,23,0,0,1,0,1827.049366,1827.049366,0,1797,1152,80.60945082
1276,0,1803,1811,-24.04936553,-16.04936553,-0.0101226281,-0.00675534489,8,0.003367283212,0,16,0,0,1,0,1827.049366,1827.049366,0,1797,1153,80.65287852
1277,0,1811,1801,-16.04936553,-26.04936553,-0.00675534489,-0.01096444891,-10,-0.004209104015,0,24,0,0,1,0,1827.049366,1827.049366,0,1797,1154,80.70784569
1278,0,1801,1813,-26.04936553,-14.04936553,-0.01096444891,-0.005913524087,12,0.005050924818,0,22,0,0,1,0,1827.049366,1827.049366,0,1797,1155,80.75348401
1279,0,1813,1801,-14.04936553,-26.04936553,-0.005913524087,-0.01096444891,-12,-0.005050924818,0,22,0,0,1,0,1827.049366,1827.049366,0,1797,1156,80.79972434
1280,0,1801,1813,-26.04936553,-14.04936553,-0.01096444891,-0.005913524087,12,0.005050924818,0,22,0,0,1,0,1827.049366,1827.049366,0,1797,1157,80.84306288
1281,0,1813,1805,-14.04936553,-22.04936553,-0.005913524087,-0.009280807299,-8,-0.003367283212,0,18,0,0,1,0,1827.049366,1827.049366,0,1797,1158,80.88518071
1282,0,1805,1810,-22.04936553,-17.04936553,-0.009280807299,-0.007176255292,5,0.002104552007,0,21,0,0,1,0,1827.049366,1827.049366,0,1797,1159,80.92648864
1283,0,1810,1802,-17.04936553,-25.04936553,-0.007176255292,-0.0105435385,-8,-0.003367283212,0,16,0,0,1,0,1827.049366,1827.049366,0,1797,1160,80.9679606
1284,0,1802,1811,-25.04936553,-16.04936553,-0.0105435385,-0.00675534489,9,0.003788193613,0,19,0,0,1,0,1827.049366,1827.049366,0,1797,1161,81.01108146
1285,0,1811,1804,-16.04936553,-23.04936553,-0.00675534489,-0.009701717701,-7,-0.00294637281,0,21,0,0,1,0,1827.049366,1827.049366,0,1797,1162,81.05419064
1286,0,1804,1808,-23.04936553,-19.04936553,-0.009701717701,-0.008018076095,4,0.001683641606,0,24,0,0,1,0,1827.049366,1827.049366,0,1797,1163,81.09671044
1287,0,1808,1799,-19.04936553,-28.04936553,-0.008018076095,-0.01180626971,-9,-0.003788193613,0,11,0,0,1,0,1827.049366,1827.049366,0,1797,1164,81.13932395
1288,0,1799,1810,-28.04936553,-17.04936553,-0.01180626971,-0.007176255292,11,0.004630014416,0,17,0,0,1,0,1827.049366,1827.049366,0,1797,1165,81.18207479
1289,0,1810,1798,-17.04936553,-29.04936553,-0.007176255292,-0.01222718011,-12,-0.005050924818,0,18,0,0,1,0,1827.049366,1827.049366,0,1797,1166,81.22515416
1290,0,1798,1808,-29.04936553,-19.04936553,-0.01222718011,-0.008018076095,10,0.004209104015,0,16,0,0,1,0,1827.049366,1827.049366,0,1797,1167,81.26830626
1291,0,1808,1796,-19.04936553,-31.04936553,-0.008018076095,-0.01306900091,-12,-0.005050924818,0,14,0,0,1,1,1827.049366,1827.049366,0,1796,0,81.31096625
1292,0,1796,1816,-31.04936553,-11.04936553,-0.01306900091,-0.004650792883,20,0.008418208029,0,24,0,0,1,0,1827.049366,1827.049366,0,1796,1,81.35379791
1293,0,1816,1796,-11.04936553,-31.04936553,-0.004650792883,-0.01306900091,-20,-0.008418208029,0,28,0,0,1,0,1827.049366,1827.049366,0,1796,2,81.39643598
1294,0,1796,1812,-31.04936553,-15.04936553,-0.01306900091,-0.006334434489,16,0.006734566423,0,20,0,0,1,0,1827.049366,1827.049366,0,1796,3,81.43923259
1295,0,1812,1802,-15.04936553,-25.04936553,-0.006334434489,-0.0105435385,-10,-0.004209104015,0,30,0,0,1,0,1827.049366,1827.049366,0,1796,4,81.48240137
1296,0,1802,1812,-25.04936553,-15.04936553,-0.0105435385,-0.006334434489,10,0.004209104015,0,30,0,0,1,0,1827.049366,1827.049366,0,1796,5,81.52513552
1297,0,1812,1800,-15.04936553,-27.04936553,-0.006334434489,-0.01138535931,-12,-0.005050924818,0,14,0,0,1,0,1827.049366,1827.049366,0,1796,6,81.56799388
1298,0,1800,1810,-27.04936553,-17.04936553,-0.01138535931,-0.007176255292,10,0.004209104015,0,16,0,0,1,0,1827.049366,1827.049366,0,1796,7,81.61052799
1299,0,1810,1803,-17.04936553,-24.04936553,-0.007176255292,-0.0101226281,-7,-0.00294637281,0,27,0,0,1,0,1827.049366,1827.049366,0,1796,8,81.65305758
1300,0,1803,1809,-24.04936553,-18.04936553,-0.0101226281,-0.007597165693,6,0.002525462409,0,28,0,0,1,0,1827.049366,1827.049366,0,1796,9,81.69610405
1301,0,1809,1799,-18.04936553,-28.04936553,-0.007597165693,-0.01180626971,-10,-0.004209104015,0,16,0,0,1,0,1827.049366,1827.049366,0,1796,10,81.73905158
1302,0,1799,1811,-28.04936553,-16.04936553,-0.01180626971,-0.00675534489,12,0.005050924818,0,14,0,0,1,0,1827.049366,1827.049366,0,1796,11,81.78138781
1303,0,1811,1800,-16.04936553,-27.04936553,-0.00675534489,-0.01138535931,-11,-0.004630014416,0,27,0,0,1,0,1827.049366,1827.049366,0,1796,12,81.82408023
1304,0,1800,1815,-27.04936553,-12.04936553,-0.01138535931,-0.005071703285,15,0.006313656022,0,17,0,0,1,0,1827.049366,1827.049366,0,1796,13,81.86674738
1305,0,1815,1802,-12.04936553,-25.04936553,-0.005071703285,-0.0105435385,-13,-0.005471835219,0,15,0,0,1,0,1827.049366,1827.049366,0,1796,14,81.909863
1306,0,1802,1809,-25.04936553,-18.04936553,-0.0105435385,-0.007597165693,7,0.00294637281,0,27,0,0,1,0,1827.049366,1827.049366,0,1796,15,81.95260453
1307,0,1809,1798,-18.04936553,-29.04936553,-0.007597165693,-0.01222718011,-11,-0.004630014416,0,13,0,0,1,0,1827.049366,1827.049366,0,1796,16,81.99484158
1308,0,1798,1808,-29.04936553,-19.04936553,-0.01222718011,-0.008018076095,10,0.004209104015,0,12,0,0,1,0,1827.049366,1827.049366,0,1796,17,82.03744721
1309,0,1808,1799,-19.04936553,-28.04936553,-0.008018076095,-0.01180626971,-9,-0.003788193613,0,17,0,0,1,0,1827.049366,1827.049366,0,1796,18,82.08346677
1310,0,1799,1814,-28.04936553,-13.04936553,-0.01180626971,-0.005492613686,15,0.006313656022,0,29,0,0,1,0,1827.049366,1827.049366,0,1796,19,82.13153577
1311,0,1814,1805,-13.04936553,-22.04936553,-0.005492613686,-0.009280807299,-9,-0.003788193613,0,21,0,0,1,0,1827.049366,1827.049366,0,1796,20,82.17341304
1312,0,1805,1814,-22.04936553,-13.04936553,-0.009280807299,-0.005492613686,9,0.003788193613,0,17,0,0,1,0,1827.049366,1827.049366,0,1796,21,82.21585536
1313,0,1814,1805,-13.04936553,-22.04936553,-0.005492613686,-0.009280807299,-9,-0.003788193613,0,19,0,0,1,0,1827.049366,1827.049366,0,1796,22,82.25849652
1314,0,1805,1813,-22.04936553,-14.04936553,-0.009280807299,-0.005913524087,8,0.003367283212,0,22,0,0,1,0,1827.049366,1827.049366,0,1796,23,82.30115032
1315,0,1813,1804,-14.04936553,-23.04936553,-0.005913524087,-0.009701717701,-9,-0.003788193613,0,21,0,0,1,0,1827.049366,1827.049366,0,1796,24,82.34400725
1316,0,1804,1812,-23.04936553,-15.04936553,-0.009701717701,-0.006334434489,8,0.003367283212,0,10,0,0,1,0,1827.049366,1827.049366,0,1796,25,82.38719177
1317,0,1812,1806,-15.04936553,-21.04936553,-0.006334434489,-0.008859896898,-6,-0.002525462409,0,18,0,0,1,0,1827.049366,1827.049366,0,1796,26,82.43008184
1318,0,1806,1810,-21.04936553,-17.04936553,-0.008859896898,-0.007176255292,4,0.001683641606,0,26,0,0,1,0,1827.049366,1827.049366,0,1796,27,82.47272921
1319,0,1810,1803,-17.04936553,-24.04936553,-0.007176255292,-0.0101226281,-7,-0.00294637281,0,13,0,0,1,0,1827.049366,1827.049366,0,1796,28,82.51526594
1320,0,1803,1812,-24.04936553,-15.04936553,-0.0101226281,-0.006334434489,9,0.003788193613,0,15,0,0,1,0,1827.049366,1827.049366,0,1796,29,82.55811024
1321,0,1812,1802,-15.04936553,-25.04936553,-0.006334434489,-0.0105435385,-10,-0.004209104015,0,18,0,0,1,0,1827.049366,1827.049366,0,1796,30,82.60107636
1322,0,1802,1813,-25.04936553,-14.04936553,-0.0105435385,-0.005913524087,11,0.004630014416,0,21,0,0,1,0,1827.049366,1827.049366,0,1796,31,82.64377713
1323,0,1813,1802,-14.04936553,-25.04936553,-0.005913524087,-0.0105435385,-11,-0.004630014416,0,19,0,0,1,0,1827.049366,1827.049366,0,1796,32,82.68630195
1324,0,1802,1812,-25.04936553,-15.04936553,-0.0105435385,-0.006334434489,10,0.004209104015,0,16,0,0,1,0,1827.049366,1827.049366,0,1796,33,82.72888875
1325,0,1812,1805,-15.04936553,-22.04936553,-0.006334434489,-0.009280807299,-7,-0.00294637281,0,13,0,0,1,0,1827.049366,1827.049366,0,1796,34,82.77134967
1326,0,1805,1810,-22.04936553,-17.04936553,-0.009280807299,-0.007176255292,5,0.002104552007,0,17,0,0,1,0,1827.049366,1827.049366,0,1796,35,82.81429529
1327,0,1810,1803,-17.04936553,-24.04936553,-0.007176255292,-0.0101226281,-7,-0.00294637281,0,13,0,0,1,0,1827.049366,1827.049366,0,1796,36,82.85738254
1328,0,1803,1811,-24.04936553,-16.04936553,-0.0101226281,-0.00675534489,8,0.003367283212,0,28,0,0,1,0,1827.049366,1827.049366,0,1796,37,82.90001726
1329,0,1811,1802,-16.04936553,-25.04936553,-0.00675534489,-0.0105435385,-9,-0.003788193613,0,29,0,0,1,0,1827.049366,1827.049366,0,1796,38,82.94256735
1330,0,1802,1809,-25.04936553,-18.04936553,-0.0105435385,-0.007597165693,7,0.00294637281,0,13,0,0,1,0,1827.049366,1827.049366,0,1796,39,82.98512626
1331,0,1809,1804,-18.04936553,-23.04936553,-0.007597165693,-0.009701717701,-5,-0.002104552007,0,23,0,0,1,0,1827.049366,1827.049366,0,1796,40,83.02801919
1332,0,1804,1810,-23.04936553,-17.04936553,-0.009701717701,-0.007176255292,6,0.002525462409,0,24,0,0,1,0,1827.049366,1827.049366,0,1796,41,83.07125092
1333,0,1810,1805,-17.04936553,-22.04936553,-0.007176255292,-0.009280807299,-5,-0.002104552007,0,19,0,0,1,0,1827.049366,1827.049366,0,1796,42,83.11388993
1334,0,1805,1810,-22.04936553,-17.04936553,-0.009280807299,-0.007176255292,5,0.002104552007,0,15,0,0,1,0,1827.049366,1827.049366,0,1796,43,83.15659833
1335,0,1810,1803,-17.04936553,-24.04936553,-0.007176255292,-0.0101226281,-7,-0.00294637281,0,13,0,0,1,0,1827.049366,1827.049366,0,1796,44,83.19919491
1336,0,1803,1811,-24.04936553,-16.04936553,-0.0101226281,-0.00675534489,8,0.003367283212,0,20,0,0,1,0,1827.049366,1827.049366,0,1796,45,83.24195623
1337,0,1811,1804,-16.04936553,-23.04936553,-0.00675534489,-0.009701717701,-7,-0.00294637281,0,13,0,0,1,0,1827.049366,1827.049366,0,1796,46,83.29145837
1338,0,1804,1809,-23.04936553,-18.04936553,-0.009701717701,-0.007597165693,5,0.002104552007,0,27,0,0,1,0,1827.049366,1827.049366,0,1796,47,83.33311605
1339,0,1809,1802,-18.04936553,-25.04936553,-0.007597165693,-0.0105435385,-7,-0.00294637281,0,13,0,0,1,0,1827.049366,1827.049366,0,1796,48,83.37475443
1340,0,1802,1808,-25.04936553,-19.04936553,-0.0105435385,-0.008018076095,6,0.002525462409,0,12,0,0,1,0,1827.049366,1827.049366,0,1796,49,83.41659594
1341,0,1808,1805,-19.04936553,-22.04936553,-0.008018076095,-0.009280807299,-3,-0.001262731204,0,25,0,0,1,0,1827.049366,1827.049366,0,1796,50,83.45820117
1342,0,1805,1812,-22.04936553,-15.04936553,-0.009280807299,-0.006334434489,7,0.00294637281,0,11,0,0,1,0,1827.049366,1827.049366,0,1796,51,83.49953866
1343,0,1812,1801,-15.04936553,-26.04936553,-0.006334434489,-0.01096444891,-11,-0.004630014416,0,29,0,0,1,0,1827.049366,1827.049366,0,1796,52,83.54115319
1344,0,1801,1811,-26.04936553,-16.04936553,-0.01096444891,-0.00675534489,10,0.004209104015,0,16,0,0,1,0,1827.049366,1827.049366,0,1796,53,83.58334494
1345,0,1811,1802,-16.04936553,-25.04936553,-0.00675534489,-0.0105435385,-9,-0.003788193613,0,27,0,0,1,0,1827.049366,1827.049366,0,1796,54,83.62534976
1346,0,1802,1810,-25.04936553,-17.04936553,-0.0105435385,-0.007176255292,8,0.003367283212,0,10,0,0,1,0,1827.049366,1827.049366,0,1796,55,83.66719151
1347,0,1810,1803,-17.04936553,-24.04936553,-0.007176255292,-0.0101226281,-7,-0.00294637281,0,25,0,0,1,0,1827.049366,1827.049366,0,1796,56,83.70929193
1348,0,1803,1811,-24.04936553,-16.04936553,-0.0101226281,-0.00675534489,8,0.003367283212,0,18,0,0,1,0,1827.049366,1827.049366,0,1796,57,83.7514019
1349,0,1811,1801,-16.04936553,-26.04936553,-0.00675534489,-0.01096444891,-10,-0.004209104015,0,22,0,0,1,0,1827.049366,1827.049366,0,1796,58,83.79326916
1350,0,1801,1806,-26.04936553,-21.04936553,-0.01096444891,-0.008859896898,5,0.002104552007,0,15,0,0,1,0,1827.049366,1827.049366,0,1796,59,83.83511877
1351,0,1806,1805,-21.04936553,-22.04936553,-0.008859896898,-0.009280807299,-1,-0.0004209104015,0,19,0,0,1,0,1827.049366,1827.049366,0,1796,60,83.87709379
1352,0,1805,1810,-22.04936553,-17.04936553,-0.009280807299,-0.007176255292,5,0.002104552007,0,15,0,0,1,0,1827.049366,1827.049366,0,1796,61,83.93878603
1353,0,1810,1804,-17.04936553,-23.04936553,-0.007176255292,-0.009701717701,-6,-0.002525462409,0,28,0,0,1,0,1827.049366,1827.049366,0,1796,62,84.00323701
1354,0,1804,1811,-23.04936553,-16.04936553,-0.009701717701,-0.00675534489,7,0.00294637281,0,17,0,0,1,0,1827.049366,1827.049366,0,1796,63,84.04821205
1355,0,1811,1805,-16.04936553,-22.04936553,-0.00675534489,-0.009280807299,-6,-0.002525462409,0,22,0,0,1,0,1827.049366,1827.049366,0,1796,64,84.09076929
1356,0,1805,1809,-22.04936553,-18.04936553,-0.009280807299,-0.007597165693,4,0.001683641606,0,30,0,0,1,0,1827.049366,1827.049366,0,1796,65,84.13274813
1357,0,1809,1803,-18.04936553,-24.04936553,-0.007597165693,-0.0101226281,-6,-0.002525462409,0,18,0,0,1,0,1827.049366,1827.049366,0,1796,66,84.1750102
1358,0,1803,1809,-24.04936553,-18.04936553,-0.0101226281,-0.007597165693,6,0.002525462409,0,14,0,0,1,0,1827.049366,1827.049366,0,1796,67,84.21749687
1359,0,1809,1803,-18.04936553,-24.04936553,-0.007597165693,-0.0101226281,-6,-0.002525462409,0,16,0,0,1,0,1827.049366,1827.049366,0,1796,68,84.26019216
1360,0,1803,1808,-24.04936553,-19.04936553,-0.0101226281,-0.008018076095,5,0.002104552007,0,21,0,0,1,0,1827.049366,1827.049366,0,1796,69,84.30267024
1361,0,1808,1804,-19.04936553,-23.04936553,-0.008018076095,-0.009701717701,-4,-0.001683641606,0,24,0,0,1,0,1827.049366,1827.049366,0,1796,70,84.34502316
1362,0,1804,1811,-23.04936553,-16.04936553,-0.009701717701,-0.00675534489,7,0.00294637281,0,19,0,0,1,0,1827.049366,1827.049366,0,1796,71,84.38720608
1363,0,1811,1803,-16.04936553,-24.04936553,-0.00675534489,-0.0101226281,-8,-0.003367283212,0,20,0,0,1,0,1827.049366,1827.049366,0,1796,72,84.42963338
1364,0,1803,1809,-24.04936553,-18.04936553,-0.0101226281,-0.007597165693,6,0.002525462409,0,22,0,0,1,0,1827.049366,1827.049366,0,1796,73,84.47200489
1365,0,1809,1802,-18.04936553,-25.04936553,-0.007597165693,-0.0105435385,-7,-0.00294637281,0,17,0,0,1,0,1827.049366,1827.049366,0,1796,74,84.51485395
1366,0,1802,1810,-25.04936553,-17.04936553,-0.0105435385,-0.007176255292,8,0.003367283212,0,24,0,0,1,0,1827.049366,1827.049366,0,1796,75,84.55741858
1367,0,1810,1804,-17.04936553,-23.04936553,-0.007176255292,-0.009701717701,-6,-0.002525462409,0,30,0,0,1,0,1827.049366,1827.049366,0,1796,76,84.59966493
1368,0,1804,1810,-23.04936553,-17.04936553,-0.009701717701,-0.007176255292,6,0.002525462409,0,16,0,0,1,0,1827.049366,1827.049366,0,1796,77,84.64200592
1369,0,1810,1807,-17.04936553,-20.04936553,-0.007176255292,-0.008438986496,-3,-0.001262731204,0,23,0,0,1,0,1827.049366,1827.049366,0,1796,78,84.68432927
1370,0,1807,1811,-20.04936553,-16.04936553,-0.008438986496,-0.00675534489,4,0.001683641606,0,18,0,0,1,0,1827.049366,1827.049366,0,1796,79,84.72701788
1371,0,1811,1805,-16.04936553,-22.04936553,-0.00675534489,-0.009280807299,-6,-0.002525462409,0,24,0,0,1,0,1827.049366,1827.049366,0,1796,80,84.76957631
1372,0,1805,1809,-22.04936553,-18.04936553,-0.009280807299,-0.007597165693,4,0.001683641606,0,30,0,0,1,0,1827.049366,1827.049366,0,1796,81,84.81215119
1373,0,1809,1805,-18.04936553,-22.04936553,-0.007597165693,-0.009280807299,-4,-0.001683641606,0,28,0,0,1,0,1827.049366,1827.049366,0,1796,82,84.8544693
1374,0,1805,1810,-22.04936553,-17.04936553,-0.009280807299,-0.007176255292,5,0.002104552007,0,23,0,0,1,0,1827.049366,1827.049366,0,1796,83,84.8967855
1375,0,1810,1804,-17.04936553,-23.04936553,-0.007176255292,-0.009701717701,-6,-0.002525462409,0,30,0,0,1,0,1827.049366,1827.049366,0,1796,84,84.9391408
1376,0,1804,1808,-23.04936553,-19.04936553,-0.009701717701,-0.008018076095,4,0.001683641606,0,22,0,0,1,0,1827.049366,1827.049366,0,1796,85,84.98214459
1377,0,1808,1803,-19.04936553,-24.04936553,-0.008018076095,-0.0101226281,-5,-0.002104552007,0,17,0,0,1,0,1827.049366,1827.049366,0,1796,86,85.02471662
1378,0,1803,1810,-24.04936553,-17.04936553,-0.0101226281,-0.007176255292,7,0.00294637281,0,19,0,0,1,0,1827.049366,1827.049366,0,1796,87,85.06702948
1379,0,1810,1803,-17.04936553,-24.04936553,-0.007176255292,-0.0101226281,-7,-0.00294637281,0,29,0,0,1,0,1827.049366,1827.049366,0,1796,88,85.10934234
1380,0,1803,1810,-24.04936553,-17.04936553,-0.0101226281,-0.007176255292,7,0.00294637281,0,15,0,0,1,0,1827.049366,1827.049366,0,1796,89,85.15164328
1381,0,1810,1804,-17.04936553,-23.04936553,-0.007176255292,-0.009701717701,-6,-0.002525462409,0,14,0,0,1,0,1827.049366,1827.049366,0,1796,90,85.20004225
1382,0,1804,1810,-23.04936553,-17.04936553,-0.009701717701,-0.007176255292,6,0.002525462409,0,30,0,0,1,0,1827.049366,1827.049366,0,1796,91,85.24586558
1383,0,1810,1804,-17.04936553,-23.04936553,-0.007176255292,-0.009701717701,-6,-0.002525462409,0,30,0,0,1,0,1827.049366,1827.049366,0,1796,92,85.28658009
1384,0,1804,1810,-23.04936553,-17.04936553,-0.009701717701,-0.007176255292,6,0.002525462409,0,30,0,0,1,0,1827.049366,1827.049366,0,1796,93,85.32896376
1385,0,1810,1804,-17.04936553,-23.04936553,-0.007176255292,-0.009701717701,-6,-0.002525462409,0,30,0,0,1,0,1827.049366,1827.049366,0,1796,94,85.37145066
1386,0,1804,1811,-23.04936553,-16.04936553,-0.009701717701,-0.00675534489,7,0.00294637281,0,13,0,0,1,0,1827.049366,1827.049366,0,1796,95,85.41394138
1387,0,1811,1801,-16.04936553,-26.04936553,-0.00675534489,-0.01096444891,-10,-0.004209104015,0,16,0,0,1,0,1827.049366,1827.049366,0,1796,96,85.45668483
1388,0,1801,1812,-26.04936553,-15.04936553,-0.01096444891,-0.006334434489,11,0.004630014416,0,23,0,0,1,0,1827.049366,1827.049366,0,1796,97,85.49938798
1389,0,1812,1801,-15.04936553,-26.04936553,-0.006334434489,-0.01096444891,-11,-0.004630014416,0,23,0,0,1,0,1827.049366,1827.049366,0,1796,98,85.54180765
1390,0,1801,1808,-26.04936553,-19.04936553,-0.01096444891,-0.008018076095,7,0.00294637281,0,13,0,0,1,0,1827.049366,1827.049366,0,1796,99,85.58427382
1391,0,1808,1803,-19.04936553,-24.04936553,-0.008018076095,-0.0101226281,-5,-0.002104552007,0,15,0,0,1,0,1827.049366,1827.049366,0,1796,100,85.62677264
1392,0,1803,1809,-24.04936553,-18.04936553,-0.0101226281,-0.007597165693,6,0.002525462409,0,14,0,0,1,0,1827.049366,1827.049366,0,1796,101,85.66962767
1393,0,1809,1805,-18.04936553,-22.04936553,-0.007597165693,-0.009280807299,-4,-0.001683641606,0,30,0,0,1,0,1827.049366,1827.049366,0,1796,102,85.71246839
1394,0,1805,1813,-22.04936553,-14.04936553,-0.009280807299,-0.005913524087,8,0.003367283212,0,12,0,0,1,0,1827.049366,1827.049366,0,1796,103,85.75482345
1395,0,1813,1803,-14.04936553,-24.04936553,-0.005913524087,-0.0101226281,-10,-0.004209104015,0,28,0,0,1,0,1827.049366,1827.049366,0,1796,104,85.79705667
1396,0,1803,1815,-24.04936553,-12.04936553,-0.0101226281,-0.005071703285,12,0.005050924818,0,24,0,0,1,0,1827.049366,1827.049366,0,1796,105,85.83932734
1397,0,1815,1804,-12.04936553,-23.04936553,-0.005071703285,-0.009701717701,-11,-0.004630014416,0,21,0,0,1,0,1827.049366,1827.049366,0,1796,106,85.88177609
1398,0,1804,1813,-23.04936553,-14.04936553,-0.009701717701,-0.005913524087,9,0.003788193613,0,13,0,0,1,0,1827.049366,1827.049366,0,1796,107,85.92459226
1399,0,1813,1805,-14.04936553,-22.04936553,-0.005913524087,-0.009280807299,-8,-0.003367283212,0,20,0,0,1,0,1827.049366,1827.049366,0,1796,108,85.96701312
1400,0,1805,1814,-22.04936553,-13.04936553,-0.009280807299,-0.005492613686,9,0.003788193613,0,21,0,0,1,0,1827.049366,1827.049366,0,1796,109,86.00939918
1401,0,1814,1805,-13.04936553,-22.04936553,-0.005492613686,-0.009280807299,-9,-0.003788193613,0,13,0,0,1,0,1827.049366,1827.049366,0,1796,110,86.0517695
1402,0,1805,1809,-22.04936553,-18.04936553,-0.009280807299,-0.007597165693,4,0.001683641606,0,30,0,0,1,0,1827.049366,1827.049366,0,1796,111,86.09403801
1403,0,1809,1800,-18.04936553,-27.04936553,-0.007597165693,-0.01138535931,-9,-0.003788193613,0,15,0,0,1,0,1827.049366,1827.049366,0,1796,112,86.13668156
1404,0,1800,1810,-27.04936553,-17.04936553,-0.01138535931,-0.007176255292,10,0.004209104015,0,24,0,0,1,0,1827.049366,1827.049366,0,1796,113,86.1793468
1405,0,1810,1801,-17.04936553,-26.04936553,-0.007176255292,-0.01096444891,-9,-0.003788193613,0,21,0,0,1,0,1827.049366,1827.049366,0,1796,114,86.22169304
1406,0,1801,1809,-26.04936553,-18.04936553,-0.01096444891,-0.007597165693,8,0.003367283212,0,16,0,0,1,0,1827.049366,1827.049366,0,1796,115,86.26393843
1407,0,1809,1802,-18.04936553,-25.04936553,-0.007597165693,-0.0105435385,-7,-0.00294637281,0,23,0,0,1,0,1827.049366,1827.049366,0,1796,116,86.30627418
1408,0,1802,1811,-25.04936553,-16.04936553,-0.0105435385,-0.00675534489,9,0.003788193613,0,29,0,0,1,0,1827.049366,1827.049366,0,1796,117,86.34855509
1409,0,1811,1802,-16.04936553,-25.04936553,-0.00675534489,-0.0105435385,-9,-0.003788193613,0,19,0,0,1,0,1827.049366,1827.049366,0,1796,118,86.39761925
1410,0,1802,1809,-25.04936553,-18.04936553,-0.0105435385,-0.007597165693,7,0.00294637281,0,17,0,0,1,0,1827.049366,1827.049366,0,1796,119,86.45314932
1411,0,1809,1800,-18.04936553,-27.04936553,-0.007597165693,-0.01138535931,-9,-0.003788193613,0,13,0,0,1,0,1827.049366,1827.049366,0,1796,120,86.49526262
1412,0,1800,1808,-27.04936553,-19.04936553,-0.01138535931,-0.008018076095,8,0.003367283212,0,10,0,0,1,0,1827.049366,1827.049366,0,1796,121,86.53671479
1413,0,1808,1807,-19.04936553,-20.04936553,-0.008018076095,-0.008438986496,-1,-0.0004209104015,0,25,0,0,1,0,1827.049366,1827.049366,0,1796,122,86.5778079
1414,0,1807,1814,-20.04936553,-13.04936553,-0.008438986496,-0.005492613686,7,0.00294637281,0,13,0,0,1,0,1827.049366,1827.049366,0,1796,123,86.62058687
1415,0,1814,1807,-13.04936553,-20.04936553,-0.005492613686,-0.008438986496,-7,-0.00294637281,0,15,0,0,1,0,1827.049366,1827.049366,0,1796,124,86.66327
1416,0,1807,1814,-20.04936553,-13.04936553,-0.008438986496,-0.005492613686,7,0.00294637281,0,13,0,0,1,0,1827.049366,1827.049366,0,1796,125,86.7056284
1417,0,1814,1806,-13.04936553,-21.04936553,-0.005492613686,-0.008859896898,-8,-0.003367283212,0,14,0,0,1,0,1827.049366,1827.049366,0,1796,126,86.74797058
1418,0,1806,1814,-21.04936553,-13.04936553,-0.008859896898,-0.005492613686,8,0.003367283212,0,12,0,0,1,0,1827.049366,1827.049366,0,1796,127,86.79027891
1419,0,1814,1803,-13.04936553,-24.04936553,-0.005492613686,-0.0101226281,-11,-0.004630014416,0,19,0,0,1,0,1827.049366,1827.049366,0,1796,128,86.83290768
1420,0,1803,1810,-24.04936553,-17.04936553,-0.0101226281,-0.007176255292,7,0.00294637281,0,29,0,0,1,0,1827.049366,1827.049366,0,1796,129,86.87577033
1421,0,1810,1801,-17.04936553,-26.04936553,-0.007176255292,-0.01096444891,-9,-0.003788193613,0,27,0,0,1,0,1827.049366,1827.049366,0,1796,130,86.91813135
1422,0,1801,1811,-26.04936553,-16.04936553,-0.01096444891,-0.00675534489,10,0.004209104015,0,22,0,0,1,0,1827.049366,1827.049366,0,1796,131,86.96068645
1423,0,1811,1801,-16.04936553,-26.04936553,-0.00675534489,-0.01096444891,-10,-0.004209104015,0,28,0,0,1,0,1827.049366,1827.049366,0,1796,132,87.00306511
1424,0,1801,1809,-26.04936553,-18.04936553,-0.01096444891,-0.007597165693,8,0.003367283212,0,10,0,0,1,0,1827.049366,1827.049366,0,1796,133,87.04557467
1425,0,1809,1802,-18.04936553,-25.04936553,-0.007597165693,-0.0105435385,-7,-0.00294637281,0,17,0,0,1,0,1827.049366,1827.049366,0,1796,134,87.08842969
1426,0,1802,1810,-25.04936553,-17.04936553,-0.0105435385,-0.007176255292,8,0.003367283212,0,18,0,0,1,0,1827.049366,1827.049366,0,1796,135,87.13083863
1427,0,1810,1804,-17.04936553,-23.04936553,-0.007176255292,-0.009701717701,-6,-0.002525462409,0,30,0,0,1,0,1827.049366,1827.049366,0,1796,136,87.17307997
1428,0,1804,1810,-23.04936553,-17.04936553,-0.009701717701,-0.007176255292,6,0.002525462409,0,24,0,0,1,0,1827.049366,1827.049366,0,1796,137,87.21551299
1429,0,1810,1806,-17.04936553,-21.04936553,-0.007176255292,-0.008859896898,-4,-0.001683641606,0,28,0,0,1,0,1827.049366,1827.049366,0,1796,138,87.25819945
1430,0,1806,1815,-21.04936553,-12.04936553,-0.008859896898,-0.005071703285,9,0.003788193613,0,15,0,0,1,0,1827.049366,1827.049366,0,1796,139,87.30104566
1431,0,1815,1804,-12.04936553,-23.04936553,-0.005071703285,-0.009701717701,-11,-0.004630014416,0,19,0,0,1,0,1827.049366,1827.049366,0,1796,140,87.34381509
1432,0,1804,1816,-23.04936553,-11.04936553,-0.009701717701,-0.004650792883,12,0.005050924818,0,20,0,0,1,0,1827.049366,1827.049366,0,1796,141,87.38612437
1433,0,1816,1806,-11.04936553,-21.04936553,-0.004650792883,-0.008859896898,-10,-0.004209104015,0,18,0,0,1,0,1827.049366,1827.049366,0,1796,142,87.42837787
1434,0,1806,1814,-21.04936553,-13.04936553,-0.008859896898,-0.005492613686,8,0.003367283212,0,14,0,0,1,0,1827.049366,1827.049366,0,1796,143,87.47063088
1435,0,1814,1807,-13.04936553,-20.04936553,-0.005492613686,-0.008438986496,-7,-0.00294637281,0,15,0,0,1,0,1827.049366,1827.049366,0,1796,144,87.51313758
1436,0,1807,1812,-20.04936553,-15.04936553,-0.008438986496,-0.006334434489,5,0.002104552007,0,23,0,0,1,0,1827.049366,1827.049366,0,1796,145,87.55589676
1437,0,1812,1804,-15.04936553,-23.04936553,-0.006334434489,-0.009701717701,-8,-0.003367283212,0,26,0,0,1,0,1827.049366,1827.049366,0,1796,146,87.5983305
1438,0,1804,1813,-23.04936553,-14.04936553,-0.009701717701,-0.005913524087,9,0.003788193613,0,17,0,0,1,0,1827.049366,1827.049366,0,1796,147,87.64536405
1439,0,1813,1806,-14.04936553,-21.04936553,-0.005913524087,-0.008859896898,-7,-0.00294637281,0,15,0,0,1,0,1827.049366,1827.049366,0,1796,148,87.68839455
1440,0,1806,1810,-21.04936553,-17.04936553,-0.008859896898,-0.007176255292,4,0.001683641606,0,18,0,0,1,0,1827.049366,1827.049366,0,1796,149,87.72923303
1441,0,1810,1803,-17.04936553,-24.04936553,-0.007176255292,-0.0101226281,-7,-0.00294637281,0,15,0,0,1,0,1827.049366,1827.049366,0,1796,150,87.77205563
1442,0,1803,1811,-24.04936553,-16.04936553,-0.0101226281,-0.00675534489,8,0.003367283212,0,30,0,0,1,0,1827.049366,1827.049366,0,1796,151,87.81437731
1443,0,1811,1804,-16.04936553,-23.04936553,-0.00675534489,-0.009701717701,-7,-0.00294637281,0,15,0,0,1,0,1827.049366,1827.049366,0,1796,152,87.85670924
1444,0,1804,1808,-23.04936553,-19.04936553,-0.009701717701,-0.008018076095,4,0.001683641606,0,18,0,0,1,0,1827.049366,1827.049366,0,1796,153,87.89906096
1445,0,1808,1803,-19.04936553,-24.04936553,-0.008018076095,-0.0101226281,-5,-0.002104552007,0,17,0,0,1,0,1827.049366,1827.049366,0,1796,154,87.94149613
1446,0,1803,1812,-24.04936553,-15.04936553,-0.0101226281,-0.006334434489,9,0.003788193613,0,11,0,0,1,0,1827.049366,1827.049366,0,1796,155,87.98438096
1447,0,1812,1801,-15.04936553,-26.04936553,-0.006334434489,-0.01096444891,-11,-0.004630014416,0,21,0,0,1,0,1827.049366,1827.049366,0,1796,156,88.02708125
1448,0,1801,1813,-26.04936553,-14.04936553,-0.01096444891,-0.005913524087,12,0.005050924818,0,22,0,0,1,0,1827.049366,1827.049366,0,1796,157,88.06937194
1449,0,1813,1801,-14.04936553,-26.04936553,-0.005913524087,-0.01096444891,-12,-0.005050924818,0,22,0,0,1,0,1827.049366,1827.049366,0,1796,158,88.11184835
1450,0,1801,1812,-26.04936553,-15.04936553,-0.01096444891,-0.006334434489,11,0.004630014416,0,19,0,0,1,0,1827.049366,1827.049366,0,1796,159,88.1543448
1451,0,1812,1801,-15.04936553,-26.04936553,-0.006334434489,-0.01096444891,-11,-0.004630014416,0,19,0,0,1,0,1827.049366,1827.049366,0,1796,160,88.19712901
1452,0,1801,1812,-26.04936553,-15.04936553,-0.01096444891,-0.006334434489,11,0.004630014416,0,25,0,0,1,0,1827.049366,1827.049366,0,1796,161,88.23998618
1453,0,1812,1800,-15.04936553,-27.04936553,-0.006334434489,-0.01138535931,-12,-0.005050924818,0,24,0,0,1,0,1827.049366,1827.049366,0,1796,162,88.28222895
1454,0,1800,1810,-27.04936553,-17.04936553,-0.01138535931,-0.007176255292,10,0.004209104015,0,14,0,0,1,0,1827.049366,1827.049366,0,1796,163,88.32477713
1455,0,1810,1803,-17.04936553,-24.04936553,-0.007176255292,-0.0101226281,-7,-0.00294637281,0,17,0,0,1,0,1827.049366,1827.049366,0,1796,164,88.36723137
1456,0,1803,1809,-24.04936553,-18.04936553,-0.0101226281,-0.007597165693,6,0.002525462409,0,22,0,0,1,0,1827.049366,1827.049366,0,1796,165,88.41006851
1457,0,1809,1798,-18.04936553,-29.04936553,-0.007597165693,-0.01222718011,-11,-0.004630014416,0,13,0,0,1,0,1827.049366,1827.049366,0,1796,166,88.45285988
1458,0,1798,1813,-29.04936553,-14.04936553,-0.01222718011,-0.005913524087,15,0.006313656022,0,17,0,0,1,0,1827.049366,1827.049366,0,1796,167,88.49567318
1459,0,1813,1799,-14.04936553,-28.04936553,-0.005913524087,-0.01180626971,-14,-0.00589274562,0,16,0,0,1,0,1827.049366,1827.049366,0,1796,168,88.53829169
1460,0,1799,1813,-28.04936553,-14.04936553,-0.01180626971,-0.005913524087,14,0.00589274562,0,24,0,0,1,0,1827.049366,1827.049366,0,1796,169,88.58060455
1461,0,1813,1798,-14.04936553,-29.04936553,-0.005913524087,-0.01222718011,-15,-0.006313656022,0,23,0,0,1,0,1827.049366,1827.049366,0,1796,170,88.62315559
1462,0,1798,1806,-29.04936553,-21.04936553,-0.01222718011,-0.008859896898,8,0.003367283212,0,10,0,0,1,0,1827.049366,1827.049366,0,1796,171,88.66606402
1463,0,1806,1803,-21.04936553,-24.04936553,-0.008859896898,-0.0101226281,-3,-0.001262731204,0,15,0,0,1,0,1827.049366,1827.049366,0,1796,172,88.70836473
1464,0,1803,1809,-24.04936553,-18.04936553,-0.0101226281,-0.007597165693,6,0.002525462409,0,24,0,0,1,0,1827.049366,1827.049366,0,1796,173,88.75086117
1465,0,1809,1802,-18.04936553,-25.04936553,-0.007597165693,-0.0105435385,-7,-0.00294637281,0,11,0,0,1,0,1827.049366,1827.049366,0,1796,174,88.7931149
1466,0,1802,1809,-25.04936553,-18.04936553,-0.0105435385,-0.007597165693,7,0.00294637281,0,11,0,0,1,0,1827.049366,1827.049366,0,1796,175,88.84063649
1467,0,1809,1806,-18.04936553,-21.04936553,-0.007597165693,-0.008859896898,-3,-0.001262731204,0,17,0,0,1,0,1827.049366,1827.049366,0,1796,176,88.89685678
1468,0,1806,1807,-21.04936553,-20.04936553,-0.008859896898,-0.008438986496,1,0.0004209104015,0,25,0,0,1,0,1827.049366,1827.049366,0,1796,177,88.93923664
1469,0,1807,1803,-20.04936553,-24.04936553,-0.008438986496,-0.0101226281,-4,-0.001683641606,0,14,0,0,1,0,1827.049366,1827.049366,0,1796,178,88.98079371
1470,0,1803,1808,-24.04936553,-19.04936553,-0.0101226281,-0.008018076095,5,0.002104552007,0,27,0,0,1,0,1827.049366,1827.049366,0,1796,179,89.02185416
1471,0,1808,1800,-19.04936553,-27.04936553,-0.008018076095,-0.01138535931,-8,-0.003367283212,0,10,0,0,1,0,1827.049366,1827.049366,0,1796,180,89.06277204
1472,0,1800,1811,-27.04936553,-16.04936553,-0.01138535931,-0.00675534489,11,0.004630014416,0,15,0,0,1,0,1827.049366,1827.049366,0,1796,181,89.10444355
1473,0,1811,1798,-16.04936553,-29.04936553,-0.00675534489,-0.01222718011,-13,-0.005471835219,0,19,0,0,1,0,1827.049366,1827.049366,0,1796,182,89.14640021
1474,0,1798,1808,-29.04936553,-19.04936553,-0.01222718011,-0.008018076095,10,0.004209104015,0,12,0,0,1,0,1827.049366,1827.049366,0,1796,183,89.1873374
1475,0,1808,1801,-19.04936553,-26.04936553,-0.008018076095,-0.01096444891,-7,-0.00294637281,0,23,0,0,1,0,1827.049366,1827.049366,0,1796,184,89.22819924
1476,0,1801,1811,-26.04936553,-16.04936553,-0.01096444891,-0.00675534489,10,0.004209104015,0,12,0,0,1,0,1827.049366,1827.049366,0,1796,185,89.26903343
1477,0,1811,1800,-16.04936553,-27.04936553,-0.00675534489,-0.01138535931,-11,-0.004630014416,0,13,0,0,1,0,1827.049366,1827.049366,0,1796,186,89.31022549
1478,0,1800,1810,-27.04936553,-17.04936553,-0.01138535931,-0.007176255292,10,0.004209104015,0,26,0,0,1,0,1827.049366,1827.049366,0,1796,187,89.3521831
1479,0,1810,1799,-17.04936553,-28.04936553,-0.007176255292,-0.01180626971,-11,-0.004630014416,0,15,0,0,1,0,1827.049366,1827.049366,0,1796,188,89.39336133
1480,0,1799,1813,-28.04936553,-14.04936553,-0.01180626971,-0.005913524087,14,0.00589274562,0,22,0,0,1,0,1827.049366,1827.049366,0,1796,189,89.43406034
1481,0,1813,1803,-14.04936553,-24.04936553,-0.005913524087,-0.0101226281,-10,-0.004209104015,0,16,0,0,1,0,1827.049366,1827.049366,0,1796,190,89.47495937
1482,0,1803,1813,-24.04936553,-14.04936553,-0.0101226281,-0.005913524087,10,0.004209104015,0,12,0,0,1,0,1827.049366,1827.049366,0,1796,191,89.51576734
1483,0,1813,1800,-14.04936553,-27.04936553,-0.005913524087,-0.01138535931,-13,-0.005471835219,0,29,0,0,1,0,1827.049366,1827.049366,0,1796,192,89.55846953
1484,0,1800,1809,-27.04936553,-18.04936553,-0.01138535931,-0.007597165693,9,0.003788193613,0,13,0,0,1,0,1827.049366,1827.049366,0,1796,193,89.60116768
1485,0,1809,1799,-18.04936553,-28.04936553,-0.007597165693,-0.01180626971,-10,-0.004209104015,0,12,0,0,1,0,1827.049366,1827.049366,0,1796,194,89.64352608
1486,0,1799,1809,-28.04936553,-18.04936553,-0.01180626971,-0.007597165693,10,0.004209104015,0,12,0,0,1,0,1827.049366,1827.049366,0,1796,195,89.68593383
1487,0,1809,1806,-18.04936553,-21.04936553,-0.007597165693,-0.008859896898,-3,-0.001262731204,0,27,0,0,1,0,1827.049366,1827.049366,0,1796,196,89.72858882
1488,0,1806,1810,-21.04936553,-17.04936553,-0.008859896898,-0.007176255292,4,0.001683641606,0,22,0,0,1,0,1827.049366,1827.049366,0,1796,197,89.77175045
1489,0,1810,1805,-17.04936553,-22.04936553,-0.007176255292,-0.009280807299,-5,-0.002104552007,0,23,0,0,1,0,1827.049366,1827.049366,0,1796,198,89.81485939
1490,0,1805,1810,-22.04936553,-17.04936553,-0.009280807299,-0.007176255292,5,0.002104552007,0,19,0,0,1,0,1827.049366,1827.049366,0,1796,199,89.85763073
1491,0,1810,1803,-17.04936553,-24.04936553,-0.007176255292,-0.0101226281,-7,-0.00294637281,0,29,0,0,1,0,1827.049366,1827.049366,0,1796,200,89.89991236
1492,0,1803,1810,-24.04936553,-17.04936553,-0.0101226281,-0.007176255292,7,0.00294637281,0,17,0,0,1,0,1827.049366,1827.049366,0,1796,201,89.94239736
1493,0,1810,1800,-17.04936553,-27.04936553,-0.007176255292,-0.01138535931,-10,-0.004209104015,0,12,0,0,1,0,1827.049366,1827.049366,0,1796,202,89.98511147
1494,0,1800,1812,-27.04936553,-15.04936553,-0.01138535931,-0.006334434489,12,0.005050924818,0,22,0,0,1,0,1827.049366,1827.049366,0,1796,203,90.02760291
1495,0,1812,1800,-15.04936553,-27.04936553,-0.006334434489,-0.01138535931,-12,-0.005050924818,0,28,0,0,1,0,1827.049366,1827.049366,0,1796,204,90.06927371
1496,0,1800,1811,-27.04936553,-16.04936553,-0.01138535931,-0.00675534489,11,0.004630014416,0,19,0,0,1,0,1827.049366,1827.049366,0,1796,205,90.11101604
1497,0,1811,1799,-16.04936553,-28.04936553,-0.00675534489,-0.01180626971,-12,-0.005050924818,0,16,0,0,1,0,1827.049366,1827.049366,0,1796,206,90.15269399
1498,0,1799,1813,-28.04936553,-14.04936553,-0.01180626971,-0.005913524087,14,0.00589274562,0,26,0,0,1,0,1827.049366,1827.049366,0,1796,207,90.19459248
1499,0,1813,1799,-14.04936553,-28.04936553,-0.005913524087,-0.01180626971,-14,-0.00589274562,0,28,0,0,1,0,1827.049366,1827.049366,0,1796,208,90.23736691
1500,0,1799,1808,-28.04936553,-19.04936553,-0.01180626971,-0.008018076095,9,0.003788193613,0,11,0,0,1,0,1827.049366,1827.049366,0,1796,209,90.27978373
1501,0,1808,1800,-19.04936553,-27.04936553,-0.008018076095,-0.01138535931,-8,-0.003367283212,0,10,0,0,1,0,1827.049366,1827.049366,0,1796,210,90.32195568
1502,0,1800,1812,-27.04936553,-15.04936553,-0.01138535931,-0.006334434489,12,0.005050924818,0,26,0,0,1,0,1827.049366,1827.049366,0,1796,211,90.3641665
1503,0,1812,1798,-15.04936553,-29.04936553,-0.006334434489,-0.01222718011,-14,-0.00589274562,0,24,0,0,1,0,1827.049366,1827.049366,0,1796,212,90.40644383
1504,0,1798,1815,-29.04936553,-12.04936553,-0.01222718011,-0.005071703285,17,0.007155476825,0,29,0,0,1,0,1827.049366,1827.049366,0,1796,213,90.44918418
1505,0,1815,1807,-12.04936553,-20.04936553,-0.005071703285,-0.008438986496,-8,-0.003367283212,0,12,0,0,1,0,1827.049366,1827.049366,0,1796,214,90.49143553
1506,0,1807,1811,-20.04936553,-16.04936553,-0.008438986496,-0.00675534489,4,0.001683641606,0,22,0,0,1,0,1827.049366,1827.049366,0,1796,215,90.53362513
1507,0,1811,1803,-16.04936553,-24.04936553,-0.00675534489,-0.0101226281,-8,-0.003367283212,0,12,0,0,1,0,1827.049366,1827.049366,0,1796,216,90.57587028
1508,0,1803,1813,-24.04936553,-14.04936553,-0.0101226281,-0.005913524087,10,0.004209104015,0,24,0,0,1,0,1827.049366,1827.049366,0,1796,217,90.6182034
1509,0,1813,1803,-14.04936553,-24.04936553,-0.005913524087,-0.0101226281,-10,-0.004209104015,0,24,0,0,1,0,1827.049366,1827.049366,0,1796,218,90.66054583
1510,0,1803,1810,-24.04936553,-17.04936553,-0.0101226281,-0.007176255292,7,0.00294637281,0,11,0,0,1,0,1827.049366,1827.049366,0,1796,219,90.7032361
1511,0,1810,1805,-17.04936553,-22.04936553,-0.007176255292,-0.009280807299,-5,-0.002104552007,0,17,0,0,1,0,1827.049366,1827.049366,0,1796,220,90.74545288
1512,0,1805,1811,-22.04936553,-16.04936553,-0.009280807299,-0.00675534489,6,0.002525462409,0,12,0,0,1,0,1827.049366,1827.049366,0,1796,221,90.78763556
1513,0,1811,1804,-16.04936553,-23.04936553,-0.00675534489,-0.009701717701,-7,-0.00294637281,0,13,0,0,1,0,1827.049366,1827.049366,0,1796,222,90.82979441
1514,0,1804,1812,-23.04936553,-15.04936553,-0.009701717701,-0.006334434489,8,0.003367283212,0,18,0,0,1,0,1827.049366,1827.049366,0,1796,223,90.87240005
1515,0,1812,1802,-15.04936553,-25.04936553,-0.006334434489,-0.0105435385,-10,-0.004209104015,0,26,0,0,1,0,1827.049366,1827.049366,0,1796,224,90.91535211
1516,0,1802,1810,-25.04936553,-17.04936553,-0.0105435385,-0.007176255292,8,0.003367283212,0,18,0,0,1,0,1827.049366,1827.049366,0,1796,225,90.95768619
1517,0,1810,1804,-17.04936553,-23.04936553,-0.007176255292,-0.009701717701,-6,-0.002525462409,0,26,0,0,1,0,1827.049366,1827.049366,0,1796,226,90.99988317
1518,0,1804,1814,-23.04936553,-13.04936553,-0.009701717701,-0.005492613686,10,0.004209104015,0,22,0,0,1,0,1827.049366,1827.049366,0,1796,227,91.04185247
1519,0,1814,1806,-13.04936553,-21.04936553,-0.005492613686,-0.008859896898,-8,-0.003367283212,0,18,0,0,1,0,1827.049366,1827.049366,0,1796,228,91.08420539
1520,0,1806,1814,-21.04936553,-13.04936553,-0.008859896898,-0.005492613686,8,0.003367283212,0,10,0,0,1,0,1827.049366,1827.049366,0,1796,229,91.12722993
1521,0,1814,1803,-13.04936553,-24.04936553,-0.005492613686,-0.0101226281,-11,-0.004630014416,0,23,0,0,1,0,1827.049366,1827.049366,0,1796,230,91.16955376
1522,0,1803,1811,-24.04936553,-16.04936553,-0.0101226281,-0.00675534489,8,0.003367283212,0,20,0,0,1,0,1827.049366,1827.049366,0,1796,231,91.21196866
1523,0,1811,1805,-16.04936553,-22.04936553,-0.00675534489,-0.009280807299,-6,-0.002525462409,0,22,0,0,1,0,1827.049366,1827.049366,0,1796,232,91.25455451
1524,0,1805,1810,-22.04936553,-17.04936553,-0.009280807299,-0.007176255292,5,0.002104552007,0,25,0,0,1,0,1827.049366,1827.049366,0,1796,233,91.29729414
1525,0,1810,1804,-17.04936553,-23.04936553,-0.007176255292,-0.009701717701,-6,-0.002525462409,0,22,0,0,1,0,1827.049366,1827.049366,0,1796,234,91.34055758
1526,0,1804,1811,-23.04936553,-16.04936553,-0.009701717701,-0.00675534489,7,0.00294637281,0,25,0,0,1,0,1827.049366,1827.049366,0,1796,235,91.38344312
1527,0,1811,1804,-16.04936553,-23.04936553,-0.00675534489,-0.009701717701,-7,-0.00294637281,0,25,0,0,1,0,1827.049366,1827.049366,0,1796,236,91.42621112
1528,0,1804,1813,-23.04936553,-14.04936553,-0.009701717701,-0.005913524087,9,0.003788193613,0,15,0,0,1,0,1827.049366,1827.049366,0,1796,237,91.46887302
1529,0,1813,1803,-14.04936553,-24.04936553,-0.005913524087,-0.0101226281,-10,-0.004209104015,0,20,0,0,1,0,1827.049366,1827.049366,0,1796,238,91.51120996
1530,0,1803,1811,-24.04936553,-16.04936553,-0.0101226281,-0.00675534489,8,0.003367283212,0,24,0,0,1,0,1827.049366,1827.049366,0,1796,239,91.55422878
1531,0,1811,1803,-16.04936553,-24.04936553,-0.00675534489,-0.0101226281,-8,-0.003367283212,0,16,0,0,1,0,1827.049366,1827.049366,0,1796,240,91.59711242
1532,0,1803,1810,-24.04936553,-17.04936553,-0.0101226281,-0.007176255292,7,0.00294637281,0,21,0,0,1,0,1827.049366,1827.049366,0,1796,241,91.63963842
1533,0,1810,1803,-17.04936553,-24.04936553,-0.007176255292,-0.0101226281,-7,-0.00294637281,0,21,0,0,1,0,1827.049366,1827.049366,0,1796,242,91.68218756
1534,0,1803,1810,-24.04936553,-17.04936553,-0.0101226281,-0.007176255292,7,0.00294637281,0,29,0,0,1,0,1827.049366,1827.049366,0,1796,243,91.72466969
1535,0,1810,1801,-17.04936553,-26.04936553,-0.007176255292,-0.01096444891,-9,-0.003788193613,0,11,0,0,1,0,1827.049366,1827.049366,0,1796,244,91.76762128
1536,0,1801,1809,-26.04936553,-18.04936553,-0.01096444891,-0.007597165693,8,0.003367283212,0,10,0,0,1,0,1827.049366,1827.049366,0,1796,245,91.81094623
1537,0,1809,1802,-18.04936553,-25.04936553,-0.007597165693,-0.0105435385,-7,-0.00294637281,0,27,0,0,1,0,1827.049366,1827.049366,0,1796,246,91.85337996
1538,0,1802,1809,-25.04936553,-18.04936553,-0.0105435385,-0.007597165693,7,0.00294637281,0,15,0,0,1,0,1827.049366,1827.049366,0,1796,247,91.89604282
1539,0,1809,1801,-18.04936553,-26.04936553,-0.007597165693,-0.01096444891,-8,-0.003367283212,0,22,0,0,1,0,1827.049366,1827.049366,0,1796,248,91.93886805
1540,0,1801,1810,-26.04936553,-17.04936553,-0.01096444891,-0.007176255292,9,0.003788193613,0,23,0,0,1,0,1827.049366,1827.049366,0,1796,249,91.98162508
1541,0,1810,1802,-17.04936553,-25.04936553,-0.007176255292,-0.0105435385,-8,-0.003367283212,0,12,0,0,1,0,1827.049366,1827.049366,0,1796,250,92.02490973
1542,0,1802,1809,-25.04936553,-18.04936553,-0.0105435385,-0.007597165693,7,0.00294637281,0,21,0,0,1,0,1827.049366,1827.049366,0,1796,251,92.06750917
1543,0,1809,1802,-18.04936553,-25.04936553,-0.007597165693,-0.0105435385,-7,-0.00294637281,0,19,0,0,1,0,1827.049366,1827.049366,0,1796,252,92.11017871
1544,0,1802,1808,-25.04936553,-19.04936553,-0.0105435385,-0.008018076095,6,0.002525462409,0,26,0,0,1,0,1827.049366,1827.049366,0,1796,253,92.15281534
1545,0,1808,1800,-19.04936553,-27.04936553,-0.008018076095,-0.01138535931,-8,-0.003367283212,0,12,0,0,1,0,1827.049366,1827.049366,0,1796,254,92.19571328
1546,0,1800,1814,-27.04936553,-13.04936553,-0.01138535931,-0.005492613686,14,0.00589274562,0,30,0,0,1,0,1827.049366,1827.049366,0,1796,255,92.2390027
1547,0,1814,1804,-13.04936553,-23.04936553,-0.005492613686,-0.009701717701,-10,-0.004209104015,0,24,0,0,1,0,1827.049366,1827.049366,0,1796,256,92.28193569
1548,0,1804,1814,-23.04936553,-13.04936553,-0.009701717701,-0.005492613686,10,0.004209104015,0,18,0,0,1,0,1827.049366,1827.049366,0,1796,257,92.32486248
1549,0,1814,1800,-13.04936553,-27.04936553,-0.005492613686,-0.01138535931,-14,-0.00589274562,0,30,0,0,1,0,1827.049366,1827.049366,0,1796,258,92.3674624
1550,0,1800,1812,-27.04936553,-15.04936553,-0.01138535931,-0.006334434489,12,0.005050924818,0,28,0,0,1,0,1827.049366,1827.049366,0,1796,259,92.4101119
1551,0,1812,1801,-15.04936553,-26.04936553,-0.006334434489,-0.01096444891,-11,-0.004630014416,0,23,0,0,1,0,1827.049366,1827.049366,0,1796,260,92.4534924
1552,0,1801,1812,-26.04936553,-15.04936553,-0.01096444891,-0.006334434489,11,0.004630014416,0,23,0,0,1,0,1827.049366,1827.049366,0,1796,261,92.49639368
1553,0,1812,1804,-15.04936553,-23.04936553,-0.006334434489,-0.009701717701,-8,-0.003367283212,0,10,0,0,1,0,1827.049366,1827.049366,0,1796,262,92.53923178
1554,0,1804,1809,-23.04936553,-18.04936553,-0.009701717701,-0.007597165693,5,0.002104552007,0,19,0,0,1,0,1827.049366,1827.049366,0,1796,263,92.58185983
1555,0,1809,1804,-18.04936553,-23.04936553,-0.007597165693,-0.009701717701,-5,-0.002104552007,0,27,0,0,1,0,1827.049366,1827.049366,0,1796,264,92.62454247
1556,0,1804,1812,-23.04936553,-15.04936553,-0.009701717701,-0.006334434489,8,0.003367283212,0,14,0,0,1,0,1827.049366,1827.049366,0,1796,265,92.66772413
1557,0,1812,1801,-15.04936553,-26.04936553,-0.006334434489,-0.01096444891,-11,-0.004630014416,0,23,0,0,1,0,1827.049366,1827.049366,0,1796,266,92.71090722
1558,0,1801,1810,-26.04936553,-17.04936553,-0.01096444891,-0.007176255292,9,0.003788193613,0,13,0,0,1,0,1827.049366,1827.049366,0,1796,267,92.75329781
1559,0,1810,1803,-17.04936553,-24.04936553,-0.007176255292,-0.0101226281,-7,-0.00294637281,0,19,0,0,1,0,1827.049366,1827.049366,0,1796,268,92.79615283
1560,0,1803,1808,-24.04936553,-19.04936553,-0.0101226281,-0.008018076095,5,0.002104552007,0,25,0,0,1,0,1827.049366,1827.049366,0,1796,269,92.83906674
1561,0,1808,1804,-19.04936553,-23.04936553,-0.008018076095,-0.009701717701,-4,-0.001683641606,0,28,0,0,1,0,1827.049366,1827.049366,0,1796,270,92.88203716
1562,0,1804,1811,-23.04936553,-16.04936553,-0.009701717701,-0.00675534489,7,0.00294637281,0,19,0,0,1,0,1827.049366,1827.049366,0,1796,271,92.92534137
1563,0,1811,1802,-16.04936553,-25.04936553,-0.00675534489,-0.0105435385,-9,-0.003788193613,0,17,0,0,1,0,1827.049366,1827.049366,0,1796,272,92.96810508
1564,0,1802,1811,-25.04936553,-16.04936553,-0.0105435385,-0.00675534489,9,0.003788193613,0,17,0,0,1,0,1827.049366,1827.049366,0,1796,273,93.01074934
1565,0,1811,1803,-16.04936553,-24.04936553,-0.00675534489,-0.0101226281,-8,-0.003367283212,0,20,0,0,1,0,1827.049366,1827.049366,0,1796,274,93.0534265
1566,0,1803,1811,-24.04936553,-16.04936553,-0.0101226281,-0.00675534489,8,0.003367283212,0,30,0,0,1,0,1827.049366,1827.049366,0,1796,275,93.09626174
1567,0,1811,1805,-16.04936553,-22.04936553,-0.00675534489,-0.009280807299,-6,-0.002525462409,0,28,0,0,1,0,1827.049366,1827.049366,0,1796,276,93.1395514
1568,0,1805,1812,-22.04936553,-15.04936553,-0.009280807299,-0.006334434489,7,0.00294637281,0,25,0,0,1,0,1827.049366,1827.049366,0,1796,277,93.18254495
1569,0,1812,1802,-15.04936553,-25.04936553,-0.006334434489,-0.0105435385,-10,-0.004209104015,0,14,0,0,1,0,1827.049366,1827.049366,0,1796,278,93.22516322
1570,0,1802,1813,-25.04936553,-14.04936553,-0.0105435385,-0.005913524087,11,0.004630014416,0,17,0,0,1,0,1827.049366,1827.049366,0,1796,279,93.26787019
1571,0,1813,1802,-14.04936553,-25.04936553,-0.005913524087,-0.0105435385,-11,-0.004630014416,0,27,0,0,1,0,1827.049366,1827.049366,0,1796,280,93.31066084
1572,0,1802,1811,-25.04936553,-16.04936553,-0.0105435385,-0.00675534489,9,0.003788193613,0,15,0,0,1,0,1827.049366,1827.049366,0,1796,281,93.35397553
1573,0,1811,1803,-16.04936553,-24.04936553,-0.00675534489,-0.0101226281,-8,-0.003367283212,0,24,0,0,1,0,1827.049366,1827.049366,0,1796,282,93.39678025
1574,0,1803,1811,-24.04936553,-16.04936553,-0.0101226281,-0.00675534489,8,0.003367283212,0,18,0,0,1,0,1827.049366,1827.049366,0,1796,283,93.43953466
1575,0,1811,1803,-16.04936553,-24.04936553,-0.00675534489,-0.0101226281,-8,-0.003367283212,0,26,0,0,1,0,1827.049366,1827.049366,0,1796,284,93.48224568
1576,0,1803,1811,-24.04936553,-16.04936553,-0.0101226281,-0.00675534489,8,0.003367283212,0,26,0,0,1,0,1827.049366,1827.049366,0,1796,285,93.52512288
1577,0,1811,1803,-16.04936553,-24.04936553,-0.00675534489,-0.0101226281,-8,-0.003367283212,0,30,0,0,1,0,1827.049366,1827.049366,0,1796,286,93.56810522
1578,0,1803,1809,-24.04936553,-18.04936553,-0.0101226281,-0.007597165693,6,0.002525462409,0,28,0,0,1,0,1827.049366,1827.049366,0,1796,287,93.61120772
1579,0,1809,1801,-18.04936553,-26.04936553,-0.007597165693,-0.01096444891,-8,-0.003367283212,0,10,0,0,1,0,1827.049366,1827.049366,0,1796,288,93.65383267
1580,0,1801,1809,-26.04936553,-18.04936553,-0.01096444891,-0.007597165693,8,0.003367283212,0,22,0,0,1,0,1827.049366,1827.049366,0,1796,289,93.6966083
1581,0,1809,1803,-18.04936553,-24.04936553,-0.007597165693,-0.0101226281,-6,-0.002525462409,0,14,0,0,1,0,1827.049366,1827.049366,0,1796,290,93.73923898
1582,0,1803,1809,-24.04936553,-18.04936553,-0.0101226281,-0.007597165693,6,0.002525462409,0,14,0,0,1,0,1827.049366,1827.049366,0,1796,291,93.78237677
1583,0,1809,1801,-18.04936553,-26.04936553,-0.007597165693,-0.01096444891,-8,-0.003367283212,0,24,0,0,1,0,1827.049366,1827.049366,0,1796,292,93.82580447
1584,0,1801,1810,-26.04936553,-17.04936553,-0.01096444891,-0.007176255292,9,0.003788193613,0,23,0,0,1,0,1827.049366,1827.049366,0,1796,293,93.86847973
1585,0,1810,1802,-17.04936553,-25.04936553,-0.007176255292,-0.0105435385,-8,-0.003367283212,0,10,0,0,1,0,1827.049366,1827.049366,0,1796,294,93.91123176
1586,0,1802,1812,-25.04936553,-15.04936553,-0.0105435385,-0.006334434489,10,0.004209104015,0,14,0,0,1,0,1827.049366,1827.049366,0,1796,295,93.95411086
1587,0,1812,1801,-15.04936553,-26.04936553,-0.006334434489,-0.01096444891,-11,-0.004630014416,0,29,0,0,1,0,1827.049366,1827.049366,0,1796,296,93.99692535
1588,0,1801,1815,-26.04936553,-12.04936553,-0.01096444891,-0.005071703285,14,0.00589274562,0,24,0,0,1,0,1827.049366,1827.049366,0,1796,297,94.04017496
1589,0,1815,1807,-12.04936553,-20.04936553,-0.005071703285,-0.008438986496,-8,-0.003367283212,0,10,0,0,1,0,1827.049366,1827.049366,0,1796,298,94.08297539
1590,0,1807,1810,-20.04936553,-17.04936553,-0.008438986496,-0.007176255292,3,0.001262731204,0,17,0,0,1,0,1827.049366,1827.049366,0,1796,299,94.12564135
1591,0,1810,1808,-17.04936553,-19.04936553,-0.007176255292,-0.008018076095,-2,-0.0008418208029,0,18,0,0,1,0,1827.049366,1827.049366,0,1796,300,94.16842246
1592,0,1808,1816,-19.04936553,-11.04936553,-0.008018076095,-0.004650792883,8,0.003367283212,0,12,0,0,1,0,1827.049366,1827.049366,0,1796,301,94.21131945
1593,0,1816,1803,-11.04936553,-24.04936553,-0.004650792883,-0.0101226281,-13,-0.005471835219,0,17,0,0,1,0,1827.049366,1827.049366,0,1796,302,94.25464225
1594,0,1803,1813,-24.04936553,-14.04936553,-0.0101226281,-0.005913524087,10,0.004209104015,0,14,0,0,1,0,1827.049366,1827.049366,0,1796,303,94.29742718
1595,0,1813,1804,-14.04936553,-23.04936553,-0.005913524087,-0.009701717701,-9,-0.003788193613,0,13,0,0,1,0,1827.049366,1827.049366,0,1796,304,94.33997822
1596,0,1804,1813,-23.04936553,-14.04936553,-0.009701717701,-0.005913524087,9,0.003788193613,0,19,0,0,1,0,1827.049366,1827.049366,0,1796,305,94.38274527
1597,0,1813,1804,-14.04936553,-23.04936553,-0.005913524087,-0.009701717701,-9,-0.003788193613,0,19,0,0,1,0,1827.049366,1827.049366,0,1796,306,94.42542195
1598,0,1804,1813,-23.04936553,-14.04936553,-0.009701717701,-0.005913524087,9,0.003788193613,0,15,0,0,1,0,1827.049366,1827.049366,0,1796,307,94.468467
1599,0,1813,1805,-14.04936553,-22.04936553,-0.005913524087,-0.009280807299,-8,-0.003367283212,0,14,0,0,1,0,1827.049366,1827.049366,0,1796,308,94.51174283
1600,0,1805,1812,-22.04936553,-15.04936553,-0.009280807299,-0.006334434489,7,0.00294637281,0,25,0,0,1,0,1827.049366,1827.049366,0,1796,309,94.55454373
1601,0,1812,1805,-15.04936553,-22.04936553,-0.006334434489,-0.009280807299,-7,-0.00294637281,0,15,0,0,1,0,1827.049366,1827.049366,0,1796,310,94.59724021
1602,0,1805,1810,-22.04936553,-17.04936553,-0.009280807299,-0.007176255292,5,0.002104552007,0,17,0,0,1,0,1827.049366,1827.049366,0,1796,311,94.63993692
1603,0,1810,1804,-17.04936553,-23.04936553,-0.007176255292,-0.009701717701,-6,-0.002525462409,0,16,0,0,1,0,1827.049366,1827.049366,0,1796,312,94.68330574
1604,0,1804,1810,-23.04936553,-17.04936553,-0.009701717701,-0.007176255292,6,0.002525462409,0,28,0,0,1,0,1827.049366,1827.049366,0,1796,313,94.72687101
1605,0,1810,1801,-17.04936553,-26.04936553,-0.007176255292,-0.01096444891,-9,-0.003788193613,0,23,0,0,1,0,1827.049366,1827.049366,0,1796,314,94.76944041
1606,0,1801,1810,-26.04936553,-17.04936553,-0.01096444891,-0.007176255292,9,0.003788193613,0,23,0,0,1,0,1827.049366,1827.049366,0,1796,315,94.8122499
1607,0,1810,1801,-17.04936553,-26.04936553,-0.007176255292,-0.01096444891,-9,-0.003788193613,0,25,0,0,1,0,1827.049366,1827.049366,0,1796,316,94.85503888
1608,0,1801,1811,-26.04936553,-16.04936553,-0.01096444891,-0.00675534489,10,0.004209104015,0,26,0,0,1,0,1827.049366,1827.049366,0,1796,317,94.89814377
1609,0,1811,1803,-16.04936553,-24.04936553,-0.00675534489,-0.0101226281,-8,-0.003367283212,0,30,0,0,1,0,1827.049366,1827.049366,0,1796,318,94.94151759
1610,0,1803,1810,-24.04936553,-17.04936553,-0.0101226281,-0.007176255292,7,0.00294637281,0,21,0,0,1,0,1827.049366,1827.049366,0,1796,319,94.98430562
1611,0,1810,1805,-17.04936553,-22.04936553,-0.007176255292,-0.009280807299,-5,-0.002104552007,0,29,0,0,1,0,1827.049366,1827.049366,0,1796,320,95.02705026
1612,0,1805,1813,-22.04936553,-14.04936553,-0.009280807299,-0.005913524087,8,0.003367283212,0,10,0,0,1,0,1827.049366,1827.049366,0,1796,321,95.06973863
1613,0,1813,1802,-14.04936553,-25.04936553,-0.005913524087,-0.0105435385,-11,-0.004630014416,0,25,0,0,1,0,1827.049366,1827.049366,0,1796,322,95.11242723
1614,0,1802,1811,-25.04936553,-16.04936553,-0.0105435385,-0.00675534489,9,0.003788193613,0,17,0,0,1,0,1827.049366,1827.049366,0,1796,323,95.15574074
1615,0,1811,1803,-16.04936553,-24.04936553,-0.00675534489,-0.0101226281,-8,-0.003367283212,0,12,0,0,1,0,1827.049366,1827.049366,0,1796,324,95.19845128
1616,0,1803,1812,-24.04936553,-15.04936553,-0.0101226281,-0.006334434489,9,0.003788193613,0,27,0,0,1,0,1827.049366,1827.049366,0,1796,325,95.24138784
1617,0,1812,1806,-15.04936553,-21.04936553,-0.006334434489,-0.008859896898,-6,-0.002525462409,0,18,0,0,1,0,1827.049366,1827.049366,0,1796,326,95.28415084
1618,0,1806,1810,-21.04936553,-17.04936553,-0.008859896898,-0.007176255292,4,0.001683641606,0,26,0,0,1,0,1827.049366,1827.049366,0,1796,327,95.32678723
1619,0,1810,1802,-17.04936553,-25.04936553,-0.007176255292,-0.0105435385,-8,-0.003367283212,0,14,0,0,1,0,1827.049366,1827.049366,0,1796,328,95.36978889
1620,0,1802,1812,-25.04936553,-15.04936553,-0.0105435385,-0.006334434489,10,0.004209104015,0,18,0,0,1,0,1827.049366,1827.049366,0,1796,329,95.41331267
1621,0,1812,1803,-15.04936553,-24.04936553,-0.006334434489,-0.0101226281,-9,-0.003788193613,0,21,0,0,1,0,1827.049366,1827.049366,0,1796,330,95.4560163
1622,0,1803,1812,-24.04936553,-15.04936553,-0.0101226281,-0.006334434489,9,0.003788193613,0,27,0,0,1,0,1827.049366,1827.049366,0,1796,331,95.49883866
1623,0,1812,1803,-15.04936553,-24.04936553,-0.006334434489,-0.0101226281,-9,-0.003788193613,0,15,0,0,1,0,1827.049366,1827.049366,0,1796,332,95.54156184
1624,0,1803,1811,-24.04936553,-16.04936553,-0.0101226281,-0.00675534489,8,0.003367283212,0,22,0,0,1,0,1827.049366,1827.049366,0,1796,333,95.58481622
1625,0,1811,1804,-16.04936553,-23.04936553,-0.00675534489,-0.009701717701,-7,-0.00294637281,0,27,0,0,1,0,1827.049366,1827.049366,0,1796,334,95.62802052
1626,0,1804,1811,-23.04936553,-16.04936553,-0.009701717701,-0.00675534489,7,0.00294637281,0,19,0,0,1,0,1827.049366,1827.049366,0,1796,335,95.67063689
1627,0,1811,1803,-16.04936553,-24.04936553,-0.00675534489,-0.0101226281,-8,-0.003367283212,0,30,0,0,1,0,1827.049366,1827.049366,0,1796,336,95.71331239
1628,0,1803,1807,-24.04936553,-20.04936553,-0.0101226281,-0.008438986496,4,0.001683641606,0,24,0,0,1,0,1827.049366,1827.049366,0,1796,337,95.75610495
1629,0,1807,1801,-20.04936553,-26.04936553,-0.008438986496,-0.01096444891,-6,-0.002525462409,0,22,0,0,1,0,1827.049366,1827.049366,0,1796,338,95.79886961
1630,0,1801,1812,-26.04936553,-15.04936553,-0.01096444891,-0.006334434489,11,0.004630014416,0,29,0,0,1,0,1827.049366,1827.049366,0,1796,339,95.84216142
1631,0,1812,1805,-15.04936553,-22.04936553,-0.006334434489,-0.009280807299,-7,-0.00294637281,0,19,0,0,1,0,1827.049366,1827.049366,0,1796,340,95.88595796
1632,0,1805,1814,-22.04936553,-13.04936553,-0.009280807299,-0.005492613686,9,0.003788193613,0,17,0,0,1,0,1827.049366,1827.049366,0,1796,341,95.92978072
1633,0,1814,1800,-13.04936553,-27.04936553,-0.005492613686,-0.01138535931,-14,-0.00589274562,0,28,0,0,1,0,1827.049366,1827.049366,0,1796,342,95.97257304
1634,0,1800,1812,-27.04936553,-15.04936553,-0.01138535931,-0.006334434489,12,0.005050924818,0,24,0,0,1,0,1827.049366,1827.049366,0,1796,343,96.01513076
1635,0,1812,1804,-15.04936553,-23.04936553,-0.006334434489,-0.009701717701,-8,-0.003367283212,0,14,0,0,1,0,1827.049366,1827.049366,0,1796,344,96.05856156
1636,0,1804,1812,-23.04936553,-15.04936553,-0.009701717701,-0.006334434489,8,0.003367283212,0,16,0,0,1,0,1827.049366,1827.049366,0,1796,345,96.10128832
1637,0,1812,1803,-15.04936553,-24.04936553,-0.006334434489,-0.0101226281,-9,-0.003788193613,0,13,0,0,1,0,1827.049366,1827.049366,0,1796,346,96.14405513
1638,0,1803,1810,-24.04936553,-17.04936553,-0.0101226281,-0.007176255292,7,0.00294637281,0,25,0,0,1,0,1827.049366,1827.049366,0,1796,347,96.18671608
1639,0,1810,1804,-17.04936553,-23.04936553,-0.007176255292,-0.009701717701,-6,-0.002525462409,0,24,0,0,1,0,1827.049366,1827.049366,0,1796,348,96.22953653
1640,0,1804,1815,-23.04936553,-12.04936553,-0.009701717701,-0.005071703285,11,0.004630014416,0,15,0,0,1,0,1827.049366,1827.049366,0,1796,349,96.27274609
1641,0,1815,1799,-12.04936553,-28.04936553,-0.005071703285,-0.01180626971,-16,-0.006734566423,0,28,0,0,1,0,1827.049366,1827.049366,0,1796,350,96.31585979
1642,0,1799,1810,-28.04936553,-17.04936553,-0.01180626971,-0.007176255292,11,0.004630014416,0,15,0,0,1,0,1827.049366,1827.049366,0,1796,351,96.35835099
1643,0,1810,1802,-17.04936553,-25.04936553,-0.007176255292,-0.0105435385,-8,-0.003367283212,0,20,0,0,1,0,1827.049366,1827.049366,0,1796,352,96.40098405
1644,0,1802,1811,-25.04936553,-16.04936553,-0.0105435385,-0.00675534489,9,0.003788193613,0,29,0,0,1,0,1827.049366,1827.049366,0,1796,353,96.44352651
1645,0,1811,1801,-16.04936553,-26.04936553,-0.00675534489,-0.01096444891,-10,-0.004209104015,0,28,0,0,1,0,1827.049366,1827.049366,0,1796,354,96.48681045
1646,0,1801,1809,-26.04936553,-18.04936553,-0.01096444891,-0.007597165693,8,0.003367283212,0,20,0,0,1,0,1827.049366,1827.049366,0,1796,355,96.53094244
1647,0,1809,1800,-18.04936553,-27.04936553,-0.007597165693,-0.01138535931,-9,-0.003788193613,0,13,0,0,1,0,1827.049366,1827.049366,0,1796,356,96.57472897
1648,0,1800,1809,-27.04936553,-18.04936553,-0.01138535931,-0.007597165693,9,0.003788193613,0,11,0,0,1,0,1827.049366,1827.049366,0,1796,357,96.61832666
1649,0,1809,1799,-18.04936553,-28.04936553,-0.007597165693,-0.01180626971,-10,-0.004209104015,0,14,0,0,1,0,1827.049366,1827.049366,0,1796,358,96.66183019
1650,0,1799,1813,-28.04936553,-14.04936553,-0.01180626971,-0.005913524087,14,0.00589274562,0,24,0,0,1,0,1827.049366,1827.049366,0,1796,359,96.70543694
1651,0,1813,1804,-14.04936553,-23.04936553,-0.005913524087,-0.009701717701,-9,-0.003788193613,0,11,0,0,1,0,1827.049366,1827.049366,0,1796,360,96.74953628
1652,0,1804,1810,-23.04936553,-17.04936553,-0.009701717701,-0.007176255292,6,0.002525462409,0,20,0,0,1,0,1827.049366,1827.049366,0,1796,361,96.79317307
1653,0,1810,1802,-17.04936553,-25.04936553,-0.007176255292,-0.0105435385,-8,-0.003367283212,0,14,0,0,1,0,1827.049366,1827.049366,0,1796,362,96.84468937
1654,0,1802,1813,-25.04936553,-14.04936553,-0.0105435385,-0.005913524087,11,0.004630014416,0,19,0,0,1,0,1827.049366,1827.049366,0,1796,363,96.89672637
1655,0,1813,1805,-14.04936553,-22.04936553,-0.005913524087,-0.009280807299,-8,-0.003367283212,0,14,0,0,1,0,1827.049366,1827.049366,0,1796,364,96.94081235
1656,0,1805,1813,-22.04936553,-14.04936553,-0.009280807299,-0.005913524087,8,0.003367283212,0,12,0,0,1,0,1827.049366,1827.049366,0,1796,365,96.98715878
1657,0,1813,1798,-14.04936553,-29.04936553,-0.005913524087,-0.01222718011,-15,-0.006313656022,0,27,0,0,1,0,1827.049366,1827.049366,0,1796,366,97.02963638
1658,0,1798,1811,-29.04936553,-16.04936553,-0.01222718011,-0.00675534489,13,0.005471835219,0,25,0,0,1,0,1827.049366,1827.049366,0,1796,367,97.07104778
1659,0,1811,1799,-16.04936553,-28.04936553,-0.00675534489,-0.01180626971,-12,-0.005050924818,0,26,0,0,1,0,1827.049366,1827.049366,0,1796,368,97.11280394
1660,0,1799,1812,-28.04936553,-15.04936553,-0.01180626971,-0.006334434489,13,0.005471835219,0,23,0,0,1,0,1827.049366,1827.049366,0,1796,369,97.15574288
1661,0,1812,1799,-15.04936553,-28.04936553,-0.006334434489,-0.01180626971,-13,-0.005471835219,0,25,0,0,1,0,1827.049366,1827.049366,0,1796,370,97.19908285
1662,0,1799,1811,-28.04936553,-16.04936553,-0.01180626971,-0.00675534489,12,0.005050924818,0,24,0,0,1,0,1827.049366,1827.049366,0,1796,371,97.24172783
1663,0,1811,1799,-16.04936553,-28.04936553,-0.00675534489,-0.01180626971,-12,-0.005050924818,0,20,0,0,1,0,1827.049366,1827.049366,0,1796,372,97.28447938
1664,0,1799,1807,-28.04936553,-20.04936553,-0.01180626971,-0.008438986496,8,0.003367283212,0,10,0,0,1,0,1827.049366,1827.049366,0,1796,373,97.32739949
1665,0,1807,1803,-20.04936553,-24.04936553,-0.008438986496,-0.0101226281,-4,-0.001683641606,0,20,0,0,1,0,1827.049366,1827.049366,0,1796,374,97.37029362
1666,0,1803,1810,-24.04936553,-17.04936553,-0.0101226281,-0.007176255292,7,0.00294637281,0,11,0,0,1,0,1827.049366,1827.049366,0,1796,375,97.41359234
1667,0,1810,1805,-17.04936553,-22.04936553,-0.007176255292,-0.009280807299,-5,-0.002104552007,0,15,0,0,1,0,1827.049366,1827.049366,0,1796,376,97.45669365
1668,0,1805,1809,-22.04936553,-18.04936553,-0.009280807299,-0.007597165693,4,0.001683641606,0,30,0,0,1,0,1827.049366,1827.049366,0,1796,377,97.49938726
1669,0,1809,1809,-18.04936553,-18.04936553,-0.007597165693,-0.007597165693,0,0,0,24,0,0,1,0,1827.049366,1827.049366,0,1796,378,97.54236245
1670,0,1809,1809,-18.04936553,-18.04936553,-0.007597165693,-0.007597165693,0,0,0,24,0,0,1,0,1827.049366,1827.049366,0,1796,379,97.58517885
1671,0,1809,1809,-18.04936553,-18.04936553,-0.007597165693,-0.007597165693,0,0,0,24,0,0,1,0,1827.049366,1827.049366,0,1796,380,97.62829924
1672,0,1809,1806,-18.04936553,-21.04936553,-0.007597165693,-0.008859896898,-3,-0.001262731204,0,29,0,0,1,0,1827.049366,1827.049366,0,1796,381,97.67148709
1673,0,1806,1801,-21.04936553,-26.04936553,-0.008859896898,-0.01096444891,-5,-0.002104552007,0,13,0,0,1,0,1827.049366,1827.049366,0,1796,382,97.71432352
1674,0,1801,1806,-26.04936553,-21.04936553,-0.01096444891,-0.008859896898,5,0.002104552007,0,13,0,0,1,0,1827.049366,1827.049366,0,1796,383,97.75681758
1675,0,1806,1799,-21.04936553,-28.04936553,-0.008859896898,-0.01180626971,-7,-0.00294637281,0,11,0,0,1,0,1827.049366,1827.049366,0,1796,384,97.79977608
1676,0,1799,1808,-28.04936553,-19.04936553,-0.01180626971,-0.008018076095,9,0.003788193613,0,13,0,0,1,0,1827.049366,1827.049366,0,1796,385,97.84279442
1677,0,1808,1804,-19.04936553,-23.04936553,-0.008018076095,-0.009701717701,-4,-0.001683641606,0,22,0,0,1,0,1827.049366,1827.049366,0,1796,386,97.88615274
1678,0,1804,1814,-23.04936553,-13.04936553,-0.009701717701,-0.005492613686,10,0.004209104015,0,14,0,0,1,0,1827.049366,1827.049366,0,1796,387,97.92880344
1679,0,1814,1799,-13.04936553,-28.04936553,-0.005492613686,-0.01180626971,-15,-0.006313656022,0,19,0,0,1,0,1827.049366,1827.049366,0,1796,388,97.9714098
1680,0,1799,1808,-28.04936553,-19.04936553,-0.01180626971,-0.008018076095,9,0.003788193613,0,13,0,0,1,0,1827.049366,1827.049366,0,1796,389,98.01396918
1681,0,1808,1804,-19.04936553,-23.04936553,-0.008018076095,-0.009701717701,-4,-0.001683641606,0,22,0,0,1,0,1827.049366,1827.049366,0,1796,390,98.06195402
1682,0,1804,1808,-23.04936553,-19.04936553,-0.009701717701,-0.008018076095,4,0.001683641606,0,24,0,0,1,0,1827.049366,1827.049366,0,1796,391,98.10726619
1683,0,1808,1805,-19.04936553,-22.04936553,-0.008018076095,-0.009280807299,-3,-0.001262731204,0,25,0,0,1,0,1827.049366,1827.049366,0,1796,392,98.15004301
1684,0,1805,1813,-22.04936553,-14.04936553,-0.009280807299,-0.005913524087,8,0.003367283212,0,14,0,0,1,0,1827.049366,1827.049366,0,1796,393,98.19261241
1685,0,1813,1806,-14.04936553,-21.04936553,-0.005913524087,-0.008859896898,-7,-0.00294637281,0,11,0,0,1,0,1827.049366,1827.049366,0,1796,394,98.24401331
1686,0,1806,1808,-21.04936553,-19.04936553,-0.008859896898,-0.008018076095,2,0.0008418208029,0,22,0,0,1,0,1827.049366,1827.049366,0,1796,395,98.2862289
1687,0,1808,1806,-19.04936553,-21.04936553,-0.008018076095,-0.008859896898,-2,-0.0008418208029,0,18,0,0,1,0,1827.049366,1827.049366,0,1796,396,98.32918692
1688,0,1806,1813,-21.04936553,-14.04936553,-0.008859896898,-0.005913524087,7,0.00294637281,0,11,0,0,1,0,1827.049366,1827.049366,0,1796,397,98.3723948
1689,0,1813,1801,-14.04936553,-26.04936553,-0.005913524087,-0.01096444891,-12,-0.005050924818,0,24,0,0,1,0,1827.049366,1827.049366,0,1796,398,98.4154973
1690,0,1801,1812,-26.04936553,-15.04936553,-0.01096444891,-0.006334434489,11,0.004630014416,0,17,0,0,1,0,1827.049366,1827.049366,0,1796,399,98.45862961
1691,0,1812,1800,-15.04936553,-27.04936553,-0.006334434489,-0.01138535931,-12,-0.005050924818,0,26,0,0,1,0,1827.049366,1827.049366,0,1796,400,98.50183678
1692,0,1800,1810,-27.04936553,-17.04936553,-0.01138535931,-0.007176255292,10,0.004209104015,0,16,0,0,1,0,1827.049366,1827.049366,0,1796,401,98.54551148
1693,0,1810,1801,-17.04936553,-26.04936553,-0.007176255292,-0.01096444891,-9,-0.003788193613,0,19,0,0,1,0,1827.049366,1827.049366,0,1796,402,98.59437037
1694,0,1801,1810,-26.04936553,-17.04936553,-0.01096444891,-0.007176255292,9,0.003788193613,0,13,0,0,1,0,1827.049366,1827.049366,0,1796,403,98.64211726
1695,0,1810,1802,-17.04936553,-25.04936553,-0.007176255292,-0.0105435385,-8,-0.003367283212,0,10,0,0,1,0,1827.049366,1827.049366,0,1796,404,98.68627548
1696,0,1802,1810,-25.04936553,-17.04936553,-0.0105435385,-0.007176255292,8,0.003367283212,0,16,0,0,1,0,1827.049366,1827.049366,0,1796,405,98.72962642
1697,0,1810,1804,-17.04936553,-23.04936553,-0.007176255292,-0.009701717701,-6,-0.002525462409,0,30,0,0,1,0,1827.049366,1827.049366,0,1796,406,98.77229905
1698,0,1804,1812,-23.04936553,-15.04936553,-0.009701717701,-0.006334434489,8,0.003367283212,0,18,0,0,1,0,1827.049366,1827.049366,0,1796,407,98.81514406
1699,0,1812,1802,-15.04936553,-25.04936553,-0.006334434489,-0.0105435385,-10,-0.004209104015,0,30,0,0,1,0,1827.049366,1827.049366,0,1796,408,98.85743165
1700,0,1802,1812,-25.04936553,-15.04936553,-0.0105435385,-0.006334434489,10,0.004209104015,0,30,0,0,1,0,1827.049366,1827.049366,0,1796,409,98.89973187
1701,0,1812,1804,-15.04936553,-23.04936553,-0.006334434489,-0.009701717701,-8,-0.003367283212,0,10,0,0,1,0,1827.049366,1827.049366,0,1796,410,98.94220924
1702,0,1804,1812,-23.04936553,-15.04936553,-0.009701717701,-0.006334434489,8,0.003367283212,0,26,0,0,1,0,1827.049366,1827.049366,0,1796,411,98.9848175
1703,0,1812,1804,-15.04936553,-23.04936553,-0.006334434489,-0.009701717701,-8,-0.003367283212,0,10,0,0,1,0,1827.049366,1827.049366,0,1796,412,99.02756691
1704,0,1804,1811,-23.04936553,-16.04936553,-0.009701717701,-0.00675534489,7,0.00294637281,0,25,0,0,1,0,1827.049366,1827.049366,0,1796,413,99.07001042
1705,0,1811,1805,-16.04936553,-22.04936553,-0.00675534489,-0.009280807299,-6,-0.002525462409,0,14,0,0,1,0,1827.049366,1827.049366,0,1796,414,99.11249685
1706,0,1805,1810,-22.04936553,-17.04936553,-0.009280807299,-0.007176255292,5,0.002104552007,0,23,0,0,1,0,1827.049366,1827.049366,0,1796,415,99.15494108
1707,0,1810,1801,-17.04936553,-26.04936553,-0.007176255292,-0.01096444891,-9,-0.003788193613,0,11,0,0,1,0,1827.049366,1827.049366,0,1796,416,99.19728541
1708,0,1801,1816,-26.04936553,-11.04936553,-0.01096444891,-0.004650792883,15,0.006313656022,0,17,0,0,1,0,1827.049366,1827.049366,0,1796,417,99.24011421
1709,0,1816,1798,-11.04936553,-29.04936553,-0.004650792883,-0.01222718011,-18,-0.007576387226,0,30,0,0,1,0,1827.049366,1827.049366,0,1796,418,99.28256011
1710,0,1798,1816,-29.04936553,-11.04936553,-0.01222718011,-0.004650792883,18,0.007576387226,0,30,0,0,1,0,1827.049366,1827.049366,0,1796,419,99.32516217
1711,0,1816,1806,-11.04936553,-21.04936553,-0.004650792883,-0.008859896898,-10,-0.004209104015,0,12,0,0,1,0,1827.049366,1827.049366,0,1796,420,99.36787677
1712,0,1806,1809,-21.04936553,-18.04936553,-0.008859896898,-0.007597165693,3,0.001262731204,0,21,0,0,1,0,1827.049366,1827.049366,0,1796,421,99.41018677
1713,0,1809,1804,-18.04936553,-23.04936553,-0.007597165693,-0.009701717701,-5,-0.002104552007,0,29,0,0,1,0,1827.049366,1827.049366,0,1796,422,99.45456982
1714,0,1804,1812,-23.04936553,-15.04936553,-0.009701717701,-0.006334434489,8,0.003367283212,0,10,0,0,1,0,1827.049366,1827.049366,0,1796,423,99.50265813
1715,0,1812,1801,-15.04936553,-26.04936553,-0.006334434489,-0.01096444891,-11,-0.004630014416,0,17,0,0,1,0,1827.049366,1827.049366,0,1796,424,99.54398727
1716,0,1801,1808,-26.04936553,-19.04936553,-0.01096444891,-0.008018076095,7,0.00294637281,0,11,0,0,1,0,1827.049366,1827.049366,0,1796,425,99.58517599
1717,0,1808,1801,-19.04936553,-26.04936553,-0.008018076095,-0.01096444891,-7,-0.00294637281,0,11,0,0,1,0,1827.049366,1827.049366,0,1796,426,99.6267395
1718,0,1801,1812,-26.04936553,-15.04936553,-0.01096444891,-0.006334434489,11,0.004630014416,0,17,0,0,1,0,1827.049366,1827.049366,0,1796,427,99.66853547
1719,0,1812,1800,-15.04936553,-27.04936553,-0.006334434489,-0.01138535931,-12,-0.005050924818,0,18,0,0,1,0,1827.049366,1827.049366,0,1796,428,99.71059966
1720,0,1800,1812,-27.04936553,-15.04936553,-0.01138535931,-0.006334434489,12,0.005050924818,0,18,0,0,1,0,1827.049366,1827.049366,0,1796,429,99.75191545
1721,0,1812,1800,-15.04936553,-27.04936553,-0.006334434489,-0.01138535931,-12,-0.005050924818,0,28,0,0,1,0,1827.049366,1827.049366,0,1796,430,99.79339552
1722,0,1800,1813,-27.04936553,-14.04936553,-0.01138535931,-0.005913524087,13,0.005471835219,0,21,0,0,1,0,1827.049366,1827.049366,0,1796,431,99.83471894
1723,0,1813,1799,-14.04936553,-28.04936553,-0.005913524087,-0.01180626971,-14,-0.00589274562,0,22,0,0,1,0,1827.049366,1827.049366,0,1796,432,99.87626982
1724,0,1799,1815,-28.04936553,-12.04936553,-0.01180626971,-0.005071703285,16,0.006734566423,0,30,0,0,1,0,1827.049366,1827.049366,0,1796,433,99.91840124
1725,0,1815,1804,-12.04936553,-23.04936553,-0.005071703285,-0.009701717701,-11,-0.004630014416,0,17,0,0,1,0,1827.049366,1827.049366,0,1796,434,99.96051669
1726,0,1804,1810,-23.04936553,-17.04936553,-0.009701717701,-0.007176255292,6,0.002525462409,0,26,0,0,1,0,1827.049366,1827.049366,0,1796,435,100.0021896
1727,0,1810,1800,-17.04936553,-27.04936553,-0.007176255292,-0.01138535931,-10,-0.004209104015,0,16,0,0,1,0,1827.049366,1827.049366,0,1796,436,100.0433671
1728,0,1800,1810,-27.04936553,-17.04936553,-0.01138535931,-0.007176255292,10,0.004209104015,0,16,0,0,1,0,1827.049366,1827.049366,0,1796,437,100.0847058
1729,0,1810,1801,-17.04936553,-26.04936553,-0.007176255292,-0.01096444891,-9,-0.003788193613,0,15,0,0,1,0,1827.049366,1827.049366,0,1796,438,100.1364775
1730,0,1801,1809,-26.04936553,-18.04936553,-0.01096444891,-0.007597165693,8,0.003367283212,0,14,0,0,1,0,1827.049366,1827.049366,0,1796,439,100.1893079
1731,0,1809,1802,-18.04936553,-25.04936553,-0.007597165693,-0.0105435385,-7,-0.00294637281,0,11,0,0,1,0,1827.049366,1827.049366,0,1796,440,100.2309735
1732,0,1802,1813,-25.04936553,-14.04936553,-0.0105435385,-0.005913524087,11,0.004630014416,0,27,0,0,1,0,1827.049366,1827.049366,0,1796,441,100.2719979
1733,0,1813,1807,-14.04936553,-20.04936553,-0.005913524087,-0.008438986496,-6,-0.002525462409,0,16,0,0,1,0,1827.049366,1827.049366,0,1796,442,100.3140712
1734,0,1807,1815,-20.04936553,-12.04936553,-0.008438986496,-0.005071703285,8,0.003367283212,0,12,0,0,1,0,1827.049366,1827.049366,0,1796,443,100.356859
1735,0,1815,1808,-12.04936553,-19.04936553,-0.005071703285,-0.008018076095,-7,-0.00294637281,0,11,0,0,1,0,1827.049366,1827.049366,0,1796,444,100.3996227
1736,0,1808,1813,-19.04936553,-14.04936553,-0.008018076095,-0.005913524087,5,0.002104552007,0,15,0,0,1,0,1827.049366,1827.049366,0,1796,445,100.4421411
1737,0,1813,1808,-14.04936553,-19.04936553,-0.005913524087,-0.008018076095,-5,-0.002104552007,0,17,0,0,1,0,1827.049366,1827.049366,0,1796,446,100.484565
1738,0,1808,1807,-19.04936553,-20.04936553,-0.008018076095,-0.008438986496,-1,-0.0004209104015,0,29,0,0,1,0,1827.049366,1827.049366,0,1796,447,100.5271873
1739,0,1807,1802,-20.04936553,-25.04936553,-0.008438986496,-0.0105435385,-5,-0.002104552007,0,13,0,0,1,0,1827.049366,1827.049366,0,1796,448,100.5698807
1740,0,1802,1811,-25.04936553,-16.04936553,-0.0105435385,-0.00675534489,9,0.003788193613,0,25,0,0,1,0,1827.049366,1827.049366,0,1796,449,100.6128762
1741,0,1811,1807,-16.04936553,-20.04936553,-0.00675534489,-0.008438986496,-4,-0.001683641606,0,16,0,0,1,0,1827.049366,1827.049366,0,1796,450,100.6553063
1742,0,1807,1814,-20.04936553,-13.04936553,-0.008438986496,-0.005492613686,7,0.00294637281,0,11,0,0,1,0,1827.049366,1827.049366,0,1796,451,100.6978104
1743,0,1814,1800,-13.04936553,-27.04936553,-0.005492613686,-0.01138535931,-14,-0.00589274562,0,20,0,0,1,0,1827.049366,1827.049366,0,1796,452,100.7399716
1744,0,1800,1808,-27.04936553,-19.04936553,-0.01138535931,-0.008018076095,8,0.003367283212,0,10,0,0,1,0,1827.049366,1827.049366,0,1796,453,100.7823484
1745,0,1808,1801,-19.04936553,-26.04936553,-0.008018076095,-0.01096444891,-7,-0.00294637281,0,15,0,0,1,0,1827.049366,1827.049366,0,1796,454,100.8253126
1746,0,1801,1809,-26.04936553,-18.04936553,-0.01096444891,-0.007597165693,8,0.003367283212,0,16,0,0,1,0,1827.049366,1827.049366,0,1796,455,100.8678894
1747,0,1809,1806,-18.04936553,-21.04936553,-0.007597165693,-0.008859896898,-3,-0.001262731204,0,29,0,0,1,0,1827.049366,1827.049366,0,1796,456,100.9103165
1748,0,1806,1814,-21.04936553,-13.04936553,-0.008859896898,-0.005492613686,8,0.003367283212,0,10,0,0,1,0,1827.049366,1827.049366,0,1796,457,100.9527109
1749,0,1814,1807,-13.04936553,-20.04936553,-0.005492613686,-0.008438986496,-7,-0.00294637281,0,11,0,0,1,0,1827.049366,1827.049366,0,1796,458,100.9950459
1750,0,1807,1810,-20.04936553,-17.04936553,-0.008438986496,-0.007176255292,3,0.001262731204,0,25,0,0,1,0,1827.049366,1827.049366,0,1796,459,101.0380156
1751,0,1810,1804,-17.04936553,-23.04936553,-0.007176255292,-0.009701717701,-6,-0.002525462409,0,16,0,0,1,0,1827.049366,1827.049366,0,1796,460,101.0806363
1752,0,1804,1812,-23.04936553,-15.04936553,-0.009701717701,-0.006334434489,8,0.003367283212,0,10,0,0,1,0,1827.049366,1827.049366,0,1796,461,101.122988
1753,0,1812,1802,-15.04936553,-25.04936553,-0.006334434489,-0.0105435385,-10,-0.004209104015,0,30,0,0,1,0,1827.049366,1827.049366,0,1796,462,101.165611
1754,0,1802,1812,-25.04936553,-15.04936553,-0.0105435385,-0.006334434489,10,0.004209104015,0,30,0,0,1,0,1827.049366,1827.049366,0,1796,463,101.2082939
1755,0,1812,1803,-15.04936553,-24.04936553,-0.006334434489,-0.0101226281,-9,-0.003788193613,0,17,0,0,1,0,1827.049366,1827.049366,0,1796,464,101.2511404
1756,0,1803,1811,-24.04936553,-16.04936553,-0.0101226281,-0.00675534489,8,0.003367283212,0,10,0,0,1,0,1827.049366,1827.049366,0,1796,465,101.2939796
1757,0,1811,1806,-16.04936553,-21.04936553,-0.00675534489,-0.008859896898,-5,-0.002104552007,0,23,0,0,1,0,1827.049366,1827.049366,0,1796,466,101.3384223
1758,0,1806,1809,-21.04936553,-18.04936553,-0.008859896898,-0.007597165693,3,0.001262731204,0,27,0,0,1,0,1827.049366,1827.049366,0,1796,467,101.3865147
1759,0,1809,1803,-18.04936553,-24.04936553,-0.007597165693,-0.0101226281,-6,-0.002525462409,0,12,0,0,1,0,1827.049366,1827.049366,0,1796,468,101.4272988
1760,0,1803,1810,-24.04936553,-17.04936553,-0.0101226281,-0.007176255292,7,0.00294637281,0,23,0,0,1,0,1827.049366,1827.049366,0,1796,469,101.4694078
1761,0,1810,1805,-17.04936553,-22.04936553,-0.007176255292,-0.009280807299,-5,-0.002104552007,0,29,0,0,1,0,1827.049366,1827.049366,0,1796,470,101.5124121
1762,0,1805,1811,-22.04936553,-16.04936553,-0.009280807299,-0.00675534489,6,0.002525462409,0,16,0,0,1,0,1827.049366,1827.049366,0,1796,471,101.5548396
1763,0,1811,1804,-16.04936553,-23.04936553,-0.00675534489,-0.009701717701,-7,-0.00294637281,0,15,0,0,1,0,1827.049366,1827.049366,0,1796,472,101.5972123
1764,0,1804,1812,-23.04936553,-15.04936553,-0.009701717701,-0.006334434489,8,0.003367283212,0,10,0,0,1,0,1827.049366,1827.049366,0,1796,473,101.6396453
1765,0,1812,1805,-15.04936553,-22.04936553,-0.006334434489,-0.009280807299,-7,-0.00294637281,0,19,0,0,1,0,1827.049366,1827.049366,0,1796,474,101.6822348
1766,0,1805,1813,-22.04936553,-14.04936553,-0.009280807299,-0.005913524087,8,0.003367283212,0,10,0,0,1,0,1827.049366,1827.049366,0,1796,475,101.7252841
1767,0,1813,1805,-14.04936553,-22.04936553,-0.005913524087,-0.009280807299,-8,-0.003367283212,0,10,0,0,1,0,1827.049366,1827.049366,0,1796,476,101.7679257
1768,0,1805,1813,-22.04936553,-14.04936553,-0.009280807299,-0.005913524087,8,0.003367283212,0,10,0,0,1,0,1827.049366,1827.049366,0,1796,477,101.8103726
1769,0,1813,1803,-14.04936553,-24.04936553,-0.005913524087,-0.0101226281,-10,-0.004209104015,0,24,0,0,1,0,1827.049366,1827.049366,0,1796,478,101.8529751
1770,0,1803,1812,-24.04936553,-15.04936553,-0.0101226281,-0.006334434489,9,0.003788193613,0,23,0,0,1,0,1827.049366,1827.049366,0,1796,479,101.8956711
1771,0,1812,1804,-15.04936553,-23.04936553,-0.006334434489,-0.009701717701,-8,-0.003367283212,0,10,0,0,1,0,1827.049366,1827.049366,0,1796,480,101.9385605
1772,0,1804,1814,-23.04936553,-13.04936553,-0.009701717701,-0.005492613686,10,0.004209104015,0,12,0,0,1,0,1827.049366,1827.049366,0,1796,481,101.9811633
1773,0,1814,1802,-13.04936553,-25.04936553,-0.005492613686,-0.0105435385,-12,-0.005050924818,0,26,0,0,1,0,1827.049366,1827.049366,0,1796,482,102.0234704
1774,0,1802,1811,-25.04936553,-16.04936553,-0.0105435385,-0.00675534489,9,0.003788193613,0,11,0,0,1,0,1827.049366,1827.049366,0,1796,483,102.0658779
1775,0,1811,1803,-16.04936553,-24.04936553,-0.00675534489,-0.0101226281,-8,-0.003367283212,0,14,0,0,1,0,1827.049366,1827.049366,0,1796,484,102.1081786
1776,0,1803,1811,-24.04936553,-16.04936553,-0.0101226281,-0.00675534489,8,0.003367283212,0,10,0,0,1,0,1827.049366,1827.049366,0,1796,485,102.1510465
1777,0,1811,1805,-16.04936553,-22.04936553,-0.00675534489,-0.009280807299,-6,-0.002525462409,0,24,0,0,1,0,1827.049366,1827.049366,0,1796,486,102.1939099
1778,0,1805,1812,-22.04936553,-15.04936553,-0.009280807299,-0.006334434489,7,0.00294637281,0,17,0,0,1,0,1827.049366,1827.049366,0,1796,487,102.2361984
1779,0,1812,1803,-15.04936553,-24.04936553,-0.006334434489,-0.0101226281,-9,-0.003788193613,0,27,0,0,1,0,1827.049366,1827.049366,0,1796,488,102.2784584
1780,0,1803,1812,-24.04936553,-15.04936553,-0.0101226281,-0.006334434489,9,0.003788193613,0,25,0,0,1,0,1827.049366,1827.049366,0,1796,489,102.3207192
1781,0,1812,1802,-15.04936553,-25.04936553,-0.006334434489,-0.0105435385,-10,-0.004209104015,0,30,0,0,1,0,1827.049366,1827.049366,0,1796,490,102.3632445
1782,0,1802,1810,-25.04936553,-17.04936553,-0.0105435385,-0.007176255292,8,0.003367283212,0,12,0,0,1,0,1827.049366,1827.049366,0,1796,491,102.4061942
1783,0,1810,1804,-17.04936553,-23.04936553,-0.007176255292,-0.009701717701,-6,-0.002525462409,0,30,0,0,1,0,1827.049366,1827.049366,0,1796,492,102.4487069
1784,0,1804,1813,-23.04936553,-14.04936553,-0.009701717701,-0.005913524087,9,0.003788193613,0,15,0,0,1,0,1827.049366,1827.049366,0,1796,493,102.4910033
1785,0,1813,1804,-14.04936553,-23.04936553,-0.005913524087,-0.009701717701,-9,-0.003788193613,0,17,0,0,1,0,1827.049366,1827.049366,0,1796,494,102.5406165
1786,0,1804,1811,-23.04936553,-16.04936553,-0.009701717701,-0.00675534489,7,0.00294637281,0,25,0,0,1,0,1827.049366,1827.049366,0,1796,495,102.5964243
1787,0,1811,1803,-16.04936553,-24.04936553,-0.00675534489,-0.0101226281,-8,-0.003367283212,0,16,0,0,1,0,1827.049366,1827.049366,0,1796,496,102.6395984
1788,0,1803,1811,-24.04936553,-16.04936553,-0.0101226281,-0.00675534489,8,0.003367283212,0,14,0,0,1,0,1827.049366,1827.049366,0,1796,497,102.680865
1789,0,1811,1802,-16.04936553,-25.04936553,-0.00675534489,-0.0105435385,-9,-0.003788193613,0,17,0,0,1,0,1827.049366,1827.049366,0,1796,498,102.7216852
1790,0,1802,1809,-25.04936553,-18.04936553,-0.0105435385,-0.007597165693,7,0.00294637281,0,13,0,0,1,0,1827.049366,1827.049366,0,1796,499,102.7626898
1791,0,1809,1801,-18.04936553,-26.04936553,-0.007597165693,-0.01096444891,-8,-0.003367283212,0,12,0,0,1,0,1827.049366,1827.049366,0,1796,500,102.80351
1792,0,1801,1813,-26.04936553,-14.04936553,-0.01096444891,-0.005913524087,12,0.005050924818,0,30,0,0,1,0,1827.049366,1827.049366,0,1796,501,102.8457518
1793,0,1813,1801,-14.04936553,-26.04936553,-0.005913524087,-0.01096444891,-12,-0.005050924818,0,26,0,0,1,0,1827.049366,1827.049366,0,1796,502,102.887248
1794,0,1801,1813,-26.04936553,-14.04936553,-0.01096444891,-0.005913524087,12,0.005050924818,0,26,0,0,1,0,1827.049366,1827.049366,0,1796,503,102.9280756
1795,0,1813,1806,-14.04936553,-21.04936553,-0.005913524087,-0.008859896898,-7,-0.00294637281,0,11,0,0,1,0,1827.049366,1827.049366,0,1796,504,102.969223
1796,0,1806,1808,-21.04936553,-19.04936553,-0.008859896898,-0.008018076095,2,0.0008418208029,0,26,0,0,1,0,1827.049366,1827.049366,0,1796,505,103.0102897
1797,0,1808,1805,-19.04936553,-22.04936553,-0.008018076095,-0.009280807299,-3,-0.001262731204,0,29,0,0,1,0,1827.049366,1827.049366,0,1796,506,103.0520911
1798,0,1805,1809,-22.04936553,-18.04936553,-0.009280807299,-0.007597165693,4,0.001683641606,0,30,0,0,1,0,1827.049366,1827.049366,0,1796,507,103.0941153
1799,0,1809,1807,-18.04936553,-20.04936553,-0.007597165693,-0.008438986496,-2,-0.0008418208029,0,22,0,0,1,0,1827.049366,1827.049366,0,1796,508,103.1364071
1800,0,1807,1811,-20.04936553,-16.04936553,-0.008438986496,-0.00675534489,4,0.001683641606,0,16,0,0,1,0,1827.049366,1827.049366,0,1796,509,103.1777177
1801,0,1811,1803,-16.04936553,-24.04936553,-0.00675534489,-0.0101226281,-8,-0.003367283212,0,30,0,0,1,0,1827.049366,1827.049366,0,1796,510,103.2189252
1802,0,1803,1810,-24.04936553,-17.04936553,-0.0101226281,-0.007176255292,7,0.00294637281,0,27,0,0,1,0,1827.049366,1827.049366,0,1796,511,103.2615402
1803,0,1810,1806,-17.04936553,-21.04936553,-0.007176255292,-0.008859896898,-4,-0.001683641606,0,14,0,0,1,0,1827.049366,1827.049366,0,1796,512,103.3045642
1804,0,1806,1810,-21.04936553,-17.04936553,-0.008859896898,-0.007176255292,4,0.001683641606,0,16,0,0,1,0,1827.049366,1827.049366,0,1796,513,103.3470709
1805,0,1810,1803,-17.04936553,-24.04936553,-0.007176255292,-0.0101226281,-7,-0.00294637281,0,29,0,0,1,0,1827.049366,1827.049366,0,1796,514,103.3895223
1806,0,1803,1811,-24.04936553,-16.04936553,-0.0101226281,-0.00675534489,8,0.003367283212,0,10,0,0,1,0,1827.049366,1827.049366,0,1796,515,103.431978
1807,0,1811,1800,-16.04936553,-27.04936553,-0.00675534489,-0.01138535931,-11,-0.004630014416,0,17,0,0,1,0,1827.049366,1827.049366,0,1796,516,103.4744051
1808,0,1800,1812,-27.04936553,-15.04936553,-0.01138535931,-0.006334434489,12,0.005050924818,0,20,0,0,1,0,1827.049366,1827.049366,0,1796,517,103.5173042
1809,0,1812,1799,-15.04936553,-28.04936553,-0.006334434489,-0.01180626971,-13,-0.005471835219,0,21,0,0,1,0,1827.049366,1827.049366,0,1796,518,103.5600586
1810,0,1799,1809,-28.04936553,-18.04936553,-0.01180626971,-0.007597165693,10,0.004209104015,0,12,0,0,1,0,1827.049366,1827.049366,0,1796,519,103.6024196
1811,0,1809,1805,-18.04936553,-22.04936553,-0.007597165693,-0.009280807299,-4,-0.001683641606,0,28,0,0,1,0,1827.049366,1827.049366,0,1796,520,103.6448281
1812,0,1805,1811,-22.04936553,-16.04936553,-0.009280807299,-0.00675534489,6,0.002525462409,0,26,0,0,1,0,1827.049366,1827.049366,0,1796,521,103.6871312
1813,0,1811,1804,-16.04936553,-23.04936553,-0.00675534489,-0.009701717701,-7,-0.00294637281,0,27,0,0,1,0,1827.049366,1827.049366,0,1796,522,103.7291987
1814,0,1804,1814,-23.04936553,-13.04936553,-0.009701717701,-0.005492613686,10,0.004209104015,0,12,0,0,1,0,1827.049366,1827.049366,0,1796,523,103.7717144
1815,0,1814,1803,-13.04936553,-24.04936553,-0.005492613686,-0.0101226281,-11,-0.004630014416,0,13,0,0,1,0,1827.049366,1827.049366,0,1796,524,103.8134422
1816,0,1803,1811,-24.04936553,-16.04936553,-0.0101226281,-0.00675534489,8,0.003367283212,0,28,0,0,1,0,1827.049366,1827.049366,0,1796,525,103.8552451
1817,0,1811,1802,-16.04936553,-25.04936553,-0.00675534489,-0.0105435385,-9,-0.003788193613,0,21,0,0,1,0,1827.049366,1827.049366,0,1796,526,103.8971756
1818,0,1802,1812,-25.04936553,-15.04936553,-0.0105435385,-0.006334434489,10,0.004209104015,0,22,0,0,1,0,1827.049366,1827.049366,0,1796,527,103.939522
1819,0,1812,1803,-15.04936553,-24.04936553,-0.006334434489,-0.0101226281,-9,-0.003788193613,0,11,0,0,1,0,1827.049366,1827.049366,0,1796,528,103.9822247
1820,0,1803,1811,-24.04936553,-16.04936553,-0.0101226281,-0.00675534489,8,0.003367283212,0,14,0,0,1,0,1827.049366,1827.049366,0,1796,529,104.0243206
1821,0,1811,1803,-16.04936553,-24.04936553,-0.00675534489,-0.0101226281,-8,-0.003367283212,0,16,0,0,1,0,1827.049366,1827.049366,0,1796,530,104.0662789
1822,0,1803,1810,-24.04936553,-17.04936553,-0.0101226281,-0.007176255292,7,0.00294637281,0,23,0,0,1,0,1827.049366,1827.049366,0,1796,531,104.1083043
1823,0,1810,1804,-17.04936553,-23.04936553,-0.007176255292,-0.009701717701,-6,-0.002525462409,0,28,0,0,1,0,1827.049366,1827.049366,0,1796,532,104.1502647
1824,0,1804,1812,-23.04936553,-15.04936553,-0.009701717701,-0.006334434489,8,0.003367283212,0,12,0,0,1,0,1827.049366,1827.049366,0,1796,533,104.1927538
1825,0,1812,1802,-15.04936553,-25.04936553,-0.006334434489,-0.0105435385,-10,-0.004209104015,0,26,0,0,1,0,1827.049366,1827.049366,0,1796,534,104.234992
1826,0,1802,1811,-25.04936553,-16.04936553,-0.0105435385,-0.00675534489,9,0.003788193613,0,25,0,0,1,0,1827.049366,1827.049366,0,1796,535,104.2768474
1827,0,1811,1803,-16.04936553,-24.04936553,-0.00675534489,-0.0101226281,-8,-0.003367283212,0,16,0,0,1,0,1827.049366,1827.049366,0,1796,536,104.3189647
1828,0,1803,1811,-24.04936553,-16.04936553,-0.0101226281,-0.00675534489,8,0.003367283212,0,14,0,0,1,0,1827.049366,1827.049366,0,1796,537,104.3614354
1829,0,1811,1802,-16.04936553,-25.04936553,-0.00675534489,-0.0105435385,-9,-0.003788193613,0,13,0,0,1,0,1827.049366,1827.049366,0,1796,538,104.4044766
1830,0,1802,1812,-25.04936553,-15.04936553,-0.0105435385,-0.006334434489,10,0.004209104015,0,22,0,0,1,0,1827.049366,1827.049366,0,1796,539,104.4478073
1831,0,1812,1801,-15.04936553,-26.04936553,-0.006334434489,-0.01096444891,-11,-0.004630014416,0,19,0,0,1,0,1827.049366,1827.049366,0,1796,540,104.489635
1832,0,1801,1812,-26.04936553,-15.04936553,-0.01096444891,-0.006334434489,11,0.004630014416,0,19,0,0,1,0,1827.049366,1827.049366,0,1796,541,104.5319407
1833,0,1812,1803,-15.04936553,-24.04936553,-0.006334434489,-0.0101226281,-9,-0.003788193613,0,27,0,0,1,0,1827.049366,1827.049366,0,1796,542,104.5740201
1834,0,1803,1810,-24.04936553,-17.04936553,-0.0101226281,-0.007176255292,7,0.00294637281,0,29,0,0,1,0,1827.049366,1827.049366,0,1796,543,104.6161475
1835,0,1810,1801,-17.04936553,-26.04936553,-0.007176255292,-0.01096444891,-9,-0.003788193613,0,11,0,0,1,0,1827.049366,1827.049366,0,1796,544,104.6590979
1836,0,1801,1809,-26.04936553,-18.04936553,-0.01096444891,-0.007597165693,8,0.003367283212,0,16,0,0,1,0,1827.049366,1827.049366,0,1796,545,104.7012401
1837,0,1809,1800,-18.04936553,-27.04936553,-0.007597165693,-0.01138535931,-9,-0.003788193613,0,25,0,0,1,0,1827.049366,1827.049366,0,1796,546,104.7432861
1838,0,1800,1808,-27.04936553,-19.04936553,-0.01138535931,-0.008018076095,8,0.003367283212,0,20,0,0,1,0,1827.049366,1827.049366,0,1796,547,104.7854075
1839,0,1808,1799,-19.04936553,-28.04936553,-0.008018076095,-0.01180626971,-9,-0.003788193613,0,13,0,0,1,0,1827.049366,1827.049366,0,1796,548,104.8275671
1840,0,1799,1810,-28.04936553,-17.04936553,-0.01180626971,-0.007176255292,11,0.004630014416,0,25,0,0,1,0,1827.049366,1827.049366,0,1796,549,104.8702652
1841,0,1810,1801,-17.04936553,-26.04936553,-0.007176255292,-0.01096444891,-9,-0.003788193613,0,27,0,0,1,0,1827.049366,1827.049366,0,1796,550,104.9129062
1842,0,1801,1811,-26.04936553,-16.04936553,-0.01096444891,-0.00675534489,10,0.004209104015,0,26,0,0,1,0,1827.049366,1827.049366,0,1796,551,104.9549243
1843,0,1811,1802,-16.04936553,-25.04936553,-0.00675534489,-0.0105435385,-9,-0.003788193613,0,29,0,0,1,0,1827.049366,1827.049366,0,1796,552,104.9970512
1844,0,1802,1814,-25.04936553,-13.04936553,-0.0105435385,-0.005492613686,12,0.005050924818,0,24,0,0,1,0,1827.049366,1827.049366,0,1796,553,105.0391457
1845,0,1814,1804,-13.04936553,-23.04936553,-0.005492613686,-0.009701717701,-10,-0.004209104015,0,16,0,0,1,0,1827.049366,1827.049366,0,1796,554,105.0819175
1846,0,1804,1814,-23.04936553,-13.04936553,-0.009701717701,-0.005492613686,10,0.004209104015,0,22,0,0,1,0,1827.049366,1827.049366,0,1796,555,105.1246436
1847,0,1814,1803,-13.04936553,-24.04936553,-0.005492613686,-0.0101226281,-11,-0.004630014416,0,19,0,0,1,0,1827.049366,1827.049366,0,1796,556,105.1667945
1848,0,1803,1812,-24.04936553,-15.04936553,-0.0101226281,-0.006334434489,9,0.003788193613,0,13,0,0,1,0,1827.049366,1827.049366,0,1796,557,105.2089996
1849,0,1812,1804,-15.04936553,-23.04936553,-0.006334434489,-0.009701717701,-8,-0.003367283212,0,10,0,0,1,0,1827.049366,1827.049366,0,1796,558,105.2510588
1850,0,1804,1811,-23.04936553,-16.04936553,-0.009701717701,-0.00675534489,7,0.00294637281,0,27,0,0,1,0,1827.049366,1827.049366,0,1796,559,105.2934415
1851,0,1811,1802,-16.04936553,-25.04936553,-0.00675534489,-0.0105435385,-9,-0.003788193613,0,29,0,0,1,0,1827.049366,1827.049366,0,1796,560,105.3363252
1852,0,1802,1811,-25.04936553,-16.04936553,-0.0105435385,-0.00675534489,9,0.003788193613,0,15,0,0,1,0,1827.049366,1827.049366,0,1796,561,105.3784704
1853,0,1811,1803,-16.04936553,-24.04936553,-0.00675534489,-0.0101226281,-8,-0.003367283212,0,20,0,0,1,0,1827.049366,1827.049366,0,1796,562,105.4205027
1854,0,1803,1810,-24.04936553,-17.04936553,-0.0101226281,-0.007176255292,7,0.00294637281,0,11,0,0,1,0,1827.049366,1827.049366,0,1796,563,105.4628034
1855,0,1810,1804,-17.04936553,-23.04936553,-0.007176255292,-0.009701717701,-6,-0.002525462409,0,22,0,0,1,0,1827.049366,1827.049366,0,1796,564,105.5050092
1856,0,1804,1808,-23.04936553,-19.04936553,-0.009701717701,-0.008018076095,4,0.001683641606,0,16,0,0,1,0,1827.049366,1827.049366,0,1796,565,105.5471745
1857,0,1808,1803,-19.04936553,-24.04936553,-0.008018076095,-0.0101226281,-5,-0.002104552007,0,25,0,0,1,0,1827.049366,1827.049366,0,1796,566,105.5898566
1858,0,1803,1805,-24.04936553,-22.04936553,-0.0101226281,-0.009280807299,2,0.0008418208029,0,22,0,0,1,0,1827.049366,1827.049366,0,1796,567,105.6335025
1859,0,1805,1800,-22.04936553,-27.04936553,-0.009280807299,-0.01138535931,-5,-0.002104552007,0,15,0,0,1,0,1827.049366,1827.049366,0,1796,568,105.6756189
1860,0,1800,1808,-27.04936553,-19.04936553,-0.01138535931,-0.008018076095,8,0.003367283212,0,22,0,0,1,0,1827.049366,1827.049366,0,1796,569,105.7178364
1861,0,1808,1802,-19.04936553,-25.04936553,-0.008018076095,-0.0105435385,-6,-0.002525462409,0,16,0,0,1,0,1827.049366,1827.049366,0,1796,570,105.759994
1862,0,1802,1808,-25.04936553,-19.04936553,-0.0105435385,-0.008018076095,6,0.002525462409,0,26,0,0,1,0,1827.049366,1827.049366,0,1796,571,105.8025184
1863,0,1808,1804,-19.04936553,-23.04936553,-0.008018076095,-0.009701717701,-4,-0.001683641606,0,20,0,0,1,0,1827.049366,1827.049366,0,1796,572,105.8456619
1864,0,1804,1810,-23.04936553,-17.04936553,-0.009701717701,-0.007176255292,6,0.002525462409,0,14,0,0,1,0,1827.049366,1827.049366,0,1796,573,105.8878016
1865,0,1810,1802,-17.04936553,-25.04936553,-0.007176255292,-0.0105435385,-8,-0.003367283212,0,22,0,0,1,0,1827.049366,1827.049366,0,1796,574,105.9300287
1866,0,1802,1810,-25.04936553,-17.04936553,-0.0105435385,-0.007176255292,8,0.003367283212,0,20,0,0,1,0,1827.049366,1827.049366,0,1796,575,105.9721093
1867,0,1810,1802,-17.04936553,-25.04936553,-0.007176255292,-0.0105435385,-8,-0.003367283212,0,22,0,0,1,0,1827.049366,1827.049366,0,1796,576,106.0144765
1868,0,1802,1809,-25.04936553,-18.04936553,-0.0105435385,-0.007597165693,7,0.00294637281,0,21,0,0,1,0,1827.049366,1827.049366,0,1796,577,106.0572133
1869,0,1809,1800,-18.04936553,-27.04936553,-0.007597165693,-0.01138535931,-9,-0.003788193613,0,25,0,0,1,0,1827.049366,1827.049366,0,1796,578,106.099303
1870,0,1800,1806,-27.04936553,-21.04936553,-0.01138535931,-0.008859896898,6,0.002525462409,0,22,0,0,1,0,1827.049366,1827.049366,0,1796,579,106.1412413
1871,0,1806,1804,-21.04936553,-23.04936553,-0.008859896898,-0.009701717701,-2,-0.0008418208029,0,26,0,0,1,0,1827.049366,1827.049366,0,1796,580,106.1832862
1872,0,1804,1812,-23.04936553,-15.04936553,-0.009701717701,-0.006334434489,8,0.003367283212,0,20,0,0,1,0,1827.049366,1827.049366,0,1796,581,106.2253451
1873,0,1812,1798,-15.04936553,-29.04936553,-0.006334434489,-0.01222718011,-14,-0.00589274562,0,26,0,0,1,0,1827.049366,1827.049366,0,1796,582,106.2680464
1874,0,1798,1806,-29.04936553,-21.04936553,-0.01222718011,-0.008859896898,8,0.003367283212,0,12,0,0,1,0,1827.049366,1827.049366,0,1796,583,106.3105235
1875,0,1806,1804,-21.04936553,-23.04936553,-0.008859896898,-0.009701717701,-2,-0.0008418208029,0,26,0,0,1,0,1827.049366,1827.049366,0,1796,584,106.3524745
1876,0,1804,1813,-23.04936553,-14.04936553,-0.009701717701,-0.005913524087,9,0.003788193613,0,15,0,0,1,0,1827.049366,1827.049366,0,1796,585,106.3947203
1877,0,1813,1801,-14.04936553,-26.04936553,-0.005913524087,-0.01096444891,-12,-0.005050924818,0,22,0,0,1,0,1827.049366,1827.049366,0,1796,586,106.4369614
1878,0,1801,1810,-26.04936553,-17.04936553,-0.01096444891,-0.007176255292,9,0.003788193613,0,19,0,0,1,0,1827.049366,1827.049366,0,1796,587,106.4795616
1879,0,1810,1802,-17.04936553,-25.04936553,-0.007176255292,-0.0105435385,-8,-0.003367283212,0,28,0,0,1,0,1827.049366,1827.049366,0,1796,588,106.5223978
1880,0,1802,1811,-25.04936553,-16.04936553,-0.0105435385,-0.00675534489,9,0.003788193613,0,27,0,0,1,0,1827.049366,1827.049366,0,1796,589,106.5647056
1881,0,1811,1802,-16.04936553,-25.04936553,-0.00675534489,-0.0105435385,-9,-0.003788193613,0,25,0,0,1,0,1827.049366,1827.049366,0,1796,590,106.6068034
1882,0,1802,1810,-25.04936553,-17.04936553,-0.0105435385,-0.007176255292,8,0.003367283212,0,24,0,0,1,0,1827.049366,1827.049366,0,1796,591,106.6488192
1883,0,1810,1802,-17.04936553,-25.04936553,-0.007176255292,-0.0105435385,-8,-0.003367283212,0,28,0,0,1,0,1827.049366,1827.049366,0,1796,592,106.6911669
1884,0,1802,1811,-25.04936553,-16.04936553,-0.0105435385,-0.00675534489,9,0.003788193613,0,15,0,0,1,0,1827.049366,1827.049366,0,1796,593,106.7340422
1885,0,1811,1800,-16.04936553,-27.04936553,-0.00675534489,-0.01138535931,-11,-0.004630014416,0,21,0,0,1,0,1827.049366,1827.049366,0,1796,594,106.7761142
1886,0,1800,1808,-27.04936553,-19.04936553,-0.01138535931,-0.008018076095,8,0.003367283212,0,10,0,0,1,0,1827.049366,1827.049366,0,1796,595,106.8184092
1887,0,1808,1804,-19.04936553,-23.04936553,-0.008018076095,-0.009701717701,-4,-0.001683641606,0,26,0,0,1,0,1827.049366,1827.049366,0,1796,596,106.8608353
1888,0,1804,1809,-23.04936553,-18.04936553,-0.009701717701,-0.007597165693,5,0.002104552007,0,29,0,0,1,0,1827.049366,1827.049366,0,1796,597,106.9038157
1889,0,1809,1804,-18.04936553,-23.04936553,-0.007597165693,-0.009701717701,-5,-0.002104552007,0,25,0,0,1,0,1827.049366,1827.049366,0,1796,598,106.9468229
1890,0,1804,1809,-23.04936553,-18.04936553,-0.009701717701,-0.007597165693,5,0.002104552007,0,23,0,0,1,0,1827.049366,1827.049366,0,1796,599,106.9895103
1891,0,1809,1803,-18.04936553,-24.04936553,-0.007597165693,-0.0101226281,-6,-0.002525462409,0,18,0,0,1,0,1827.049366,1827.049366,0,1796,600,107.0316834
1892,0,1803,1808,-24.04936553,-19.04936553,-0.0101226281,-0.008018076095,5,0.002104552007,0,17,0,0,1,0,1827.049366,1827.049366,0,1796,601,107.0738053
1893,0,1808,1803,-19.04936553,-24.04936553,-0.008018076095,-0.0101226281,-5,-0.002104552007,0,17,0,0,1,0,1827.049366,1827.049366,0,1796,602,107.1161313
1894,0,1803,1810,-24.04936553,-17.04936553,-0.0101226281,-0.007176255292,7,0.00294637281,0,15,0,0,1,0,1827.049366,1827.049366,0,1796,603,107.1583745
1895,0,1810,1802,-17.04936553,-25.04936553,-0.007176255292,-0.0105435385,-8,-0.003367283212,0,16,0,0,1,0,1827.049366,1827.049366,0,1796,604,107.2004852
1896,0,1802,1811,-25.04936553,-16.04936553,-0.0105435385,-0.00675534489,9,0.003788193613,0,29,0,0,1,0,1827.049366,1827.049366,0,1796,605,107.242866
1897,0,1811,1802,-16.04936553,-25.04936553,-0.00675534489,-0.0105435385,-9,-0.003788193613,0,21,0,0,1,0,1827.049366,1827.049366,0,1796,606,107.2850425
1898,0,1802,1810,-25.04936553,-17.04936553,-0.0105435385,-0.007176255292,8,0.003367283212,0,26,0,0,1,0,1827.049366,1827.049366,0,1796,607,107.3271387
1899,0,1810,1801,-17.04936553,-26.04936553,-0.007176255292,-0.01096444891,-9,-0.003788193613,0,25,0,0,1,0,1827.049366,1827.049366,0,1796,608,107.3691666
1900,0,1801,1812,-26.04936553,-15.04936553,-0.01096444891,-0.006334434489,11,0.004630014416,0,29,0,0,1,0,1827.049366,1827.049366,0,1796,609,107.4109755
1901,0,1812,1803,-15.04936553,-24.04936553,-0.006334434489,-0.0101226281,-9,-0.003788193613,0,25,0,0,1,0,1827.049366,1827.049366,0,1796,610,107.4530113
1902,0,1803,1812,-24.04936553,-15.04936553,-0.0101226281,-0.006334434489,9,0.003788193613,0,27,0,0,1,0,1827.049366,1827.049366,0,1796,611,107.4952331
1903,0,1812,1804,-15.04936553,-23.04936553,-0.006334434489,-0.009701717701,-8,-0.003367283212,0,18,0,0,1,0,1827.049366,1827.049366,0,1796,612,107.537215
1904,0,1804,1809,-23.04936553,-18.04936553,-0.009701717701,-0.007597165693,5,0.002104552007,0,29,0,0,1,0,1827.049366,1827.049366,0,1796,613,107.5792437
1905,0,1809,1802,-18.04936553,-25.04936553,-0.007597165693,-0.0105435385,-7,-0.00294637281,0,17,0,0,1,0,1827.049366,1827.049366,0,1796,614,107.6212895
1906,0,1802,1811,-25.04936553,-16.04936553,-0.0105435385,-0.00675534489,9,0.003788193613,0,29,0,0,1,0,1827.049366,1827.049366,0,1796,615,107.6633406
1907,0,1811,1804,-16.04936553,-23.04936553,-0.00675534489,-0.009701717701,-7,-0.00294637281,0,17,0,0,1,0,1827.049366,1827.049366,0,1796,616,107.7053697
1908,0,1804,1809,-23.04936553,-18.04936553,-0.009701717701,-0.007597165693,5,0.002104552007,0,29,0,0,1,0,1827.049366,1827.049366,0,1796,617,107.7475324
1909,0,1809,1802,-18.04936553,-25.04936553,-0.007597165693,-0.0105435385,-7,-0.00294637281,0,13,0,0,1,0,1827.049366,1827.049366,0,1796,618,107.7895041
1910,0,1802,1809,-25.04936553,-18.04936553,-0.0105435385,-0.007597165693,7,0.00294637281,0,25,0,0,1,0,1827.049366,1827.049366,0,1796,619,107.8314703
1911,0,1809,1802,-18.04936553,-25.04936553,-0.007597165693,-0.0105435385,-7,-0.00294637281,0,15,0,0,1,0,1827.049366,1827.049366,0,1796,620,107.8736854
1912,0,1802,1811,-25.04936553,-16.04936553,-0.0105435385,-0.00675534489,9,0.003788193613,0,11,0,0,1,0,1827.049366,1827.049366,0,1796,621,107.9164069
1913,0,1811,1801,-16.04936553,-26.04936553,-0.00675534489,-0.01096444891,-10,-0.004209104015,0,14,0,0,1,0,1827.049366,1827.049366,0,1796,622,107.9592378
1914,0,1801,1812,-26.04936553,-15.04936553,-0.01096444891,-0.006334434489,11,0.004630014416,0,13,0,0,1,0,1827.049366,1827.049366,0,1796,623,108.0014236
1915,0,1812,1802,-15.04936553,-25.04936553,-0.006334434489,-0.0105435385,-10,-0.004209104015,0,30,0,0,1,0,1827.049366,1827.049366,0,1796,624,108.0435953
1916,0,1802,1813,-25.04936553,-14.04936553,-0.0105435385,-0.005913524087,11,0.004630014416,0,19,0,0,1,0,1827.049366,1827.049366,0,1796,625,108.0856838
1917,0,1813,1801,-14.04936553,-26.04936553,-0.005913524087,-0.01096444891,-12,-0.005050924818,0,16,0,0,1,0,1827.049366,1827.049366,0,1796,626,108.1283634
1918,0,1801,1811,-26.04936553,-16.04936553,-0.01096444891,-0.00675534489,10,0.004209104015,0,12,0,0,1,0,1827.049366,1827.049366,0,1796,627,108.1705863
1919,0,1811,1805,-16.04936553,-22.04936553,-0.00675534489,-0.009280807299,-6,-0.002525462409,0,28,0,0,1,0,1827.049366,1827.049366,0,1796,628,108.2130854
1920,0,1805,1813,-22.04936553,-14.04936553,-0.009280807299,-0.005913524087,8,0.003367283212,0,14,0,0,1,0,1827.049366,1827.049366,0,1796,629,108.2558353
1921,0,1813,1805,-14.04936553,-22.04936553,-0.005913524087,-0.009280807299,-8,-0.003367283212,0,16,0,0,1,0,1827.049366,1827.049366,0,1796,630,108.298449
1922,0,1805,1813,-22.04936553,-14.04936553,-0.009280807299,-0.005913524087,8,0.003367283212,0,14,0,0,1,0,1827.049366,1827.049366,0,1796,631,108.3410432
1923,0,1813,1805,-14.04936553,-22.04936553,-0.005913524087,-0.009280807299,-8,-0.003367283212,0,16,0,0,1,0,1827.049366,1827.049366,0,1796,632,108.3841598
1924,0,1805,1809,-22.04936553,-18.04936553,-0.009280807299,-0.007597165693,4,0.001683641606,0,26,0,0,1,0,1827.049366,1827.049366,0,1796,633,108.4270792
1925,0,1809,1802,-18.04936553,-25.04936553,-0.007597165693,-0.0105435385,-7,-0.00294637281,0,15,0,0,1,0,1827.049366,1827.049366,0,1796,634,108.4695354
1926,0,1802,1812,-25.04936553,-15.04936553,-0.0105435385,-0.006334434489,10,0.004209104015,0,26,0,0,1,0,1827.049366,1827.049366,0,1796,635,108.5119133
1927,0,1812,1805,-15.04936553,-22.04936553,-0.006334434489,-0.009280807299,-7,-0.00294637281,0,19,0,0,1,0,1827.049366,1827.049366,0,1796,636,108.5543373
1928,0,1805,1814,-22.04936553,-13.04936553,-0.009280807299,-0.005492613686,9,0.003788193613,0,13,0,0,1,0,1827.049366,1827.049366,0,1796,637,108.5972495
1929,0,1814,1802,-13.04936553,-25.04936553,-0.005492613686,-0.0105435385,-12,-0.005050924818,0,18,0,0,1,0,1827.049366,1827.049366,0,1796,638,108.6404564
1930,0,1802,1813,-25.04936553,-14.04936553,-0.0105435385,-0.005913524087,11,0.004630014416,0,21,0,0,1,0,1827.049366,1827.049366,0,1796,639,108.6831269
1931,0,1813,1801,-14.04936553,-26.04936553,-0.005913524087,-0.01096444891,-12,-0.005050924818,0,16,0,0,1,0,1827.049366,1827.049366,0,1796,640,108.7255566
1932,0,1801,1812,-26.04936553,-15.04936553,-0.01096444891,-0.006334434489,11,0.004630014416,0,19,0,0,1,0,1827.049366,1827.049366,0,1796,641,108.7681146
1933,0,1812,1802,-15.04936553,-25.04936553,-0.006334434489,-0.0105435385,-10,-0.004209104015,0,22,0,0,1,0,1827.049366,1827.049366,0,1796,642,108.8108842
1934,0,1802,1814,-25.04936553,-13.04936553,-0.0105435385,-0.005492613686,12,0.005050924818,0,18,0,0,1,0,1827.049366,1827.049366,0,1796,643,108.8538291
1935,0,1814,1805,-13.04936553,-22.04936553,-0.005492613686,-0.009280807299,-9,-0.003788193613,0,13,0,0,1,0,1827.049366,1827.049366,0,1796,644,108.8963518
1936,0,1805,1813,-22.04936553,-14.04936553,-0.009280807299,-0.005913524087,8,0.003367283212,0,14,0,0,1,0,1827.049366,1827.049366,0,1796,645,108.9388463
1937,0,1813,1801,-14.04936553,-26.04936553,-0.005913524087,-0.01096444891,-12,-0.005050924818,0,26,0,0,1,0,1827.049366,1827.049366,0,1796,646,108.9813998
1938,0,1801,1812,-26.04936553,-15.04936553,-0.01096444891,-0.006334434489,11,0.004630014416,0,19,0,0,1,0,1827.049366,1827.049366,0,1796,647,109.0240152
1939,0,1812,1803,-15.04936553,-24.04936553,-0.006334434489,-0.0101226281,-9,-0.003788193613,0,29,0,0,1,0,1827.049366,1827.049366,0,1796,648,109.0670412
1940,0,1803,1811,-24.04936553,-16.04936553,-0.0101226281,-0.00675534489,8,0.003367283212,0,30,0,0,1,0,1827.049366,1827.049366,0,1796,649,109.1101255
1941,0,1811,1802,-16.04936553,-25.04936553,-0.00675534489,-0.0105435385,-9,-0.003788193613,0,27,0,0,1,0,1827.049366,1827.049366,0,1796,650,109.1526787
1942,0,1802,1813,-25.04936553,-14.04936553,-0.0105435385,-0.005913524087,11,0.004630014416,0,19,0,0,1,0,1827.049366,1827.049366,0,1796,651,109.1950686
1943,0,1813,1804,-14.04936553,-23.04936553,-0.005913524087,-0.009701717701,-9,-0.003788193613,0,13,0,0,1,0,1827.049366,1827.049366,0,1796,652,109.2375085
1944,0,1804,1810,-23.04936553,-17.04936553,-0.009701717701,-0.007176255292,6,0.002525462409,0,22,0,0,1,0,1827.049366,1827.049366,0,1796,653,109.2804034
1945,0,1810,1805,-17.04936553,-22.04936553,-0.007176255292,-0.009280807299,-5,-0.002104552007,0,23,0,0,1,0,1827.049366,1827.049366,0,1796,654,109.3236244
1946,0,1805,1808,-22.04936553,-19.04936553,-0.009280807299,-0.008018076095,3,0.001262731204,0,29,0,0,1,0,1827.049366,1827.049366,0,1796,655,109.3663142
1947,0,1808,1803,-19.04936553,-24.04936553,-0.008018076095,-0.0101226281,-5,-0.002104552007,0,21,0,0,1,0,1827.049366,1827.049366,0,1796,656,109.4087071
1948,0,1803,1810,-24.04936553,-17.04936553,-0.0101226281,-0.007176255292,7,0.00294637281,0,27,0,0,1,0,1827.049366,1827.049366,0,1796,657,109.4513083
1949,0,1810,1805,-17.04936553,-22.04936553,-0.007176255292,-0.009280807299,-5,-0.002104552007,0,21,0,0,1,0,1827.049366,1827.049366,0,1796,658,109.4939127
1950,0,1805,1810,-22.04936553,-17.04936553,-0.009280807299,-0.007176255292,5,0.002104552007,0,21,0,0,1,0,1827.049366,1827.049366,0,1796,659,109.5368803
1951,0,1810,1800,-17.04936553,-27.04936553,-0.007176255292,-0.01138535931,-10,-0.004209104015,0,14,0,0,1,0,1827.049366,1827.049366,0,1796,660,109.5801561
1952,0,1800,1813,-27.04936553,-14.04936553,-0.01138535931,-0.005913524087,13,0.005471835219,0,29,0,0,1,0,1827.049366,1827.049366,0,1796,661,109.6225846
1953,0,1813,1801,-14.04936553,-26.04936553,-0.005913524087,-0.01096444891,-12,-0.005050924818,0,16,0,0,1,0,1827.049366,1827.049366,0,1796,662,109.6654539
1954,0,1801,1812,-26.04936553,-15.04936553,-0.01096444891,-0.006334434489,11,0.004630014416,0,27,0,0,1,0,1827.049366,1827.049366,0,1796,663,109.7082043
1955,0,1812,1802,-15.04936553,-25.04936553,-0.006334434489,-0.0105435385,-10,-0.004209104015,0,26,0,0,1,0,1827.049366,1827.049366,0,1796,664,109.7511823
1956,0,1802,1813,-25.04936553,-14.04936553,-0.0105435385,-0.005913524087,11,0.004630014416,0,19,0,0,1,0,1827.049366,1827.049366,0,1796,665,109.7942991
1957,0,1813,1800,-14.04936553,-27.04936553,-0.005913524087,-0.01138535931,-13,-0.005471835219,0,29,0,0,1,0,1827.049366,1827.049366,0,1796,666,109.836925
1958,0,1800,1813,-27.04936553,-14.04936553,-0.01138535931,-0.005913524087,13,0.005471835219,0,25,0,0,1,0,1827.049366,1827.049366,0,1796,667,109.8796713
1959,0,1813,1800,-14.04936553,-27.04936553,-0.005913524087,-0.01138535931,-13,-0.005471835219,0,23,0,0,1,0,1827.049366,1827.049366,0,1796,668,109.9223933
1960,0,1800,1813,-27.04936553,-14.04936553,-0.01138535931,-0.005913524087,13,0.005471835219,0,27,0,0,1,0,1827.049366,1827.049366,0,1796,669,109.965009
1961,0,1813,1803,-14.04936553,-24.04936553,-0.005913524087,-0.0101226281,-10,-0.004209104015,0,12,0,0,1,0,1827.049366,1827.049366,0,1796,670,110.0080795
1962,0,1803,1812,-24.04936553,-15.04936553,-0.0101226281,-0.006334434489,9,0.003788193613,0,19,0,0,1,0,1827.049366,1827.049366,0,1796,671,110.0511072
1963,0,1812,1800,-15.04936553,-27.04936553,-0.006334434489,-0.01138535931,-12,-0.005050924818,0,24,0,0,1,0,1827.049366,1827.049366,0,1796,672,110.093596
1964,0,1800,1811,-27.04936553,-16.04936553,-0.01138535931,-0.00675534489,11,0.004630014416,0,13,0,0,1,0,1827.049366,1827.049366,0,1796,673,110.1362641
1965,0,1811,1801,-16.04936553,-26.04936553,-0.00675534489,-0.01096444891,-10,-0.004209104015,0,12,0,0,1,0,1827.049366,1827.049366,0,1796,674,110.1789989
1966,0,1801,1812,-26.04936553,-15.04936553,-0.01096444891,-0.006334434489,11,0.004630014416,0,25,0,0,1,0,1827.049366,1827.049366,0,1796,675,110.2223713
1967,0,1812,1802,-15.04936553,-25.04936553,-0.006334434489,-0.0105435385,-10,-0.004209104015,0,22,0,0,1,0,1827.049366,1827.049366,0,1796,676,110.2655509
1968,0,1802,1811,-25.04936553,-16.04936553,-0.0105435385,-0.00675534489,9,0.003788193613,0,11,0,0,1,0,1827.049366,1827.049366,0,1796,677,110.3080325
1969,0,1811,1802,-16.04936553,-25.04936553,-0.00675534489,-0.0105435385,-9,-0.003788193613,0,27,0,0,1,0,1827.049366,1827.049366,0,1796,678,110.3505833
1970,0,1802,1810,-25.04936553,-17.04936553,-0.0105435385,-0.007176255292,8,0.003367283212,0,10,0,0,1,0,1827.049366,1827.049366,0,1796,679,110.3932252
1971,0,1810,1802,-17.04936553,-25.04936553,-0.007176255292,-0.0105435385,-8,-0.003367283212,0,24,0,0,1,0,1827.049366,1827.049366,0,1796,680,110.4357774
1972,0,1802,1808,-25.04936553,-19.04936553,-0.0105435385,-0.008018076095,6,0.002525462409,0,20,0,0,1,0,1827.049366,1827.049366,0,1796,681,110.4787962
1973,0,1808,1804,-19.04936553,-23.04936553,-0.008018076095,-0.009701717701,-4,-0.001683641606,0,22,0,0,1,0,1827.049366,1827.049366,0,1796,682,110.5215969
1974,0,1804,1809,-23.04936553,-18.04936553,-0.009701717701,-0.007597165693,5,0.002104552007,0,25,0,0,1,0,1827.049366,1827.049366,0,1796,683,110.5640957
1975,0,1809,1804,-18.04936553,-23.04936553,-0.007597165693,-0.009701717701,-5,-0.002104552007,0,27,0,0,1,0,1827.049366,1827.049366,0,1796,684,110.6066277
1976,0,1804,1808,-23.04936553,-19.04936553,-0.009701717701,-0.008018076095,4,0.001683641606,0,28,0,0,1,0,1827.049366,1827.049366,0,1796,685,110.6493804
1977,0,1808,1803,-19.04936553,-24.04936553,-0.008018076095,-0.0101226281,-5,-0.002104552007,0,21,0,0,1,0,1827.049366,1827.049366,0,1796,686,110.6926353
1978,0,1803,1810,-24.04936553,-17.04936553,-0.0101226281,-0.007176255292,7,0.00294637281,0,11,0,0,1,0,1827.049366,1827.049366,0,1796,687,110.7357647
1979,0,1810,1800,-17.04936553,-27.04936553,-0.007176255292,-0.01138535931,-10,-0.004209104015,0,18,0,0,1,0,1827.049366,1827.049366,0,1796,688,110.779207
1980,0,1800,1811,-27.04936553,-16.04936553,-0.01138535931,-0.00675534489,11,0.004630014416,0,27,0,0,1,0,1827.049366,1827.049366,0,1796,689,110.8231823
1981,0,1811,1804,-16.04936553,-23.04936553,-0.00675534489,-0.009701717701,-7,-0.00294637281,0,11,0,0,1,0,1827.049366,1827.049366,0,1796,690,110.8670146
1982,0,1804,1807,-23.04936553,-20.04936553,-0.009701717701,-0.008438986496,3,0.001262731204,0,27,0,0,1,0,1827.049366,1827.049366,0,1796,691,110.9114933
1983,0,1807,1805,-20.04936553,-22.04936553,-0.008438986496,-0.009280807299,-2,-0.0008418208029,0,22,0,0,1,0,1827.049366,1827.049366,0,1796,692,110.9559419
1984,0,1805,1809,-22.04936553,-18.04936553,-0.009280807299,-0.007597165693,4,0.001683641606,0,30,0,0,1,0,1827.049366,1827.049366,0,1796,693,110.9995985
1985,0,1809,1807,-18.04936553,-20.04936553,-0.007597165693,-0.008438986496,-2,-0.0008418208029,0,28,0,0,1,0,1827.049366,1827.049366,0,1796,694,111.0432074
1986,0,1807,1808,-20.04936553,-19.04936553,-0.008438986496,-0.008018076095,1,0.0004209104015,0,29,0,0,1,0,1827.049366,1827.049366,0,1796,695,111.0917542
1987,0,1808,1805,-19.04936553,-22.04936553,-0.008018076095,-0.009280807299,-3,-0.001262731204,0,19,0,0,1,0,1827.049366,1827.049366,0,1796,696,111.1470585
1988,0,1805,1808,-22.04936553,-19.04936553,-0.009280807299,-0.008018076095,3,0.001262731204,0,19,0,0,1,0,1827.049366,1827.049366,0,1796,697,111.1937675
1989,0,1808,1803,-19.04936553,-24.04936553,-0.008018076095,-0.0101226281,-5,-0.002104552007,0,15,0,0,1,0,1827.049366,1827.049366,0,1796,698,111.2380972
1990,0,1803,1809,-24.04936553,-18.04936553,-0.0101226281,-0.007597165693,6,0.002525462409,0,18,0,0,1,0,1827.049366,1827.049366,0,1796,699,111.2804832
1991,0,1809,1802,-18.04936553,-25.04936553,-0.007597165693,-0.0105435385,-7,-0.00294637281,0,11,0,0,1,0,1827.049366,1827.049366,0,1796,700,111.3230238
1992,0,1802,1813,-25.04936553,-14.04936553,-0.0105435385,-0.005913524087,11,0.004630014416,0,27,0,0,1,0,1827.049366,1827.049366,0,1796,701,111.364676
1993,0,1813,1805,-14.04936553,-22.04936553,-0.005913524087,-0.009280807299,-8,-0.003367283212,0,10,0,0,1,0,1827.049366,1827.049366,0,1796,702,111.4072964
1994,0,1805,1810,-22.04936553,-17.04936553,-0.009280807299,-0.007176255292,5,0.002104552007,0,29,0,0,1,0,1827.049366,1827.049366,0,1796,703,111.450664
1995,0,1810,1805,-17.04936553,-22.04936553,-0.007176255292,-0.009280807299,-5,-0.002104552007,0,25,0,0,1,0,1827.049366,1827.049366,0,1796,704,111.4936123
1996,0,1805,1811,-22.04936553,-16.04936553,-0.009280807299,-0.00675534489,6,0.002525462409,0,24,0,0,1,0,1827.049366,1827.049366,0,1796,705,111.5364931
1997,0,1811,1802,-16.04936553,-25.04936553,-0.00675534489,-0.0105435385,-9,-0.003788193613,0,17,0,0,1,0,1827.049366,1827.049366,0,1796,706,111.5795608
1998,0,1802,1812,-25.04936553,-15.04936553,-0.0105435385,-0.006334434489,10,0.004209104015,0,30,0,0,1,0,1827.049366,1827.049366,0,1796,707,111.6226876
1999,0,1812,1799,-15.04936553,-28.04936553,-0.006334434489,-0.01180626971,-13,-0.005471835219,0,23,0,0,1,0,1827.049366,1827.049366,0,1796,708,111.6660831
