it,alpha,cz_lp,cz_round,d_lp,d_round,d_lp_n,d_round_n,delta,delta_n,frac,dist,viol_max,viol_sum,feas,improving,ub,ub_eff,ub_free,z_best,stall,t
0,0,403.8464741,318,-32.36514441,-118.2116185,-0.75,-2.739326999,-85.84647413,-1.989326999,170.4015855,170.4015855,1,975,0,0,436.2116185,0,1,0,0,0.001173257828
1,0,422.7530438,370,-13.4585747,-66.21161853,-0.3118765947,-1.534326968,-52.75304383,-1.222450374,85.89549513,85.89549513,1,378,0,0,436.2116185,436.2116185,0,0,1,0.4595313072
2,0,429.5,394,-6.711618531,-42.21161853,-0.1555288565,-0.9781731081,-35.5,-0.8226442517,35.5,35.5,1,192,0,0,436.2116185,436.2116185,0,0,2,0.5425050259
3,0,429.5,401,-6.711618531,-35.21161853,-0.1555288565,-0.8159615655,-28.5,-0.6604327091,28.5,28.5,1,165,0,0,436.2116185,436.2116185,0,0,3,0.5622963905
4,0,429.5,419,-6.711618531,-17.21161853,-0.1555288565,-0.3988461703,-10.5,-0.2433173139,28.5,28.5,1,83,0,0,436.2116185,436.2116185,0,0,4,0.5705039501
5,0,436.2116185,426,0,-10.21161853,0,-0.2366346277,-10.21161853,-0.2366346277,10.21161853,10.21161853,1,57,0,0,436.2116185,436.2116185,0,0,5,0.581731081
6,0,436,449,-0.2116185313,12.78838147,-0.004903852629,0.296346155,13,0.3012500077,10,13,0,0,1,1,436.2116185,436.2116185,0,449,0,0.5934407711
7,0,436.2116185,432,0,-4.211618531,0,-0.09759616268,-4.211618531,-0.09759616268,4.211618531,4.211618531,1,10,0,0,436.2116185,436.2116185,0,449,1,0.6144278049
8,0,436,453,-0.2116185313,16.78838147,-0.004903852629,0.3890384651,17,0.3939423177,4,19,0,0,1,0,436.2116185,436.2116185,0,449,2,0.6319532394
9,0,436.2116185,435,0,-1.211618531,0,-0.02807693014,-1.211618531,-0.02807693014,1.788381469,1.788381469,1,5,0,0,436.2116185,436.2116185,0,449,3,0.6486670971
10,0,436.2116185,441,0,4.788381469,0,0.1109615349,4.788381469,0.1109615349,1.788381469,14.21161853,0,0,1,1,436.2116185,436.2116185,0,441,0,0.6568145752
11,0,436.2116185,435,0,-1.211618531,0,-0.02807693014,-1.211618531,-0.02807693014,1.788381469,1.788381469,1,5,0,0,436.2116185,436.2116185,0,441,1,0.674144268
12,0,436.2116185,443,0,6.788381469,0,0.15730769,6.788381469,0.15730769,1.788381469,16.21161853,0,0,1,0,436.2116185,436.2116185,0,441,2,0.6823756695
13,0,436.2116185,436,0,-0.2116185313,0,-0.004903852629,-0.2116185313,-0.004903852629,0.2116185313,0.2116185313,0,0,1,1,436.2116185,436.2116185,0,436,0,0.7058928013
14,0,436,435,-0.2116185313,-1.211618531,-0.004903852629,-0.02807693014,-1,-0.02317307751,0,21,1,7,0,0,436.2116185,436.2116185,0,436,1,0.7440626621
15,0,436.2116185,436,0,-0.2116185313,0,-0.004903852629,-0.2116185313,-0.004903852629,0.2116185313,0.2116185313,0,0,1,0,436.2116185,436.2116185,0,436,2,0.7601773739
16,0,436,432,-0.2116185313,-4.211618531,-0.004903852629,-0.09759616268,-4,-0.09269231005,0,10,1,5,0,0,436.2116185,436.2116185,0,436,3,0.7904491425
17,0,436.2116185,436,0,-0.2116185313,0,-0.004903852629,-0.2116185313,-0.004903852629,0.2116185313,0.2116185313,0,0,1,0,436.2116185,436.2116185,0,436,4,0.8033494949
18,0,436,431,-0.2116185313,-5.211618531,-0.004903852629,-0.1207692402,-5,-0.1158653876,0,11,1,6,0,0,436.2116185,436.2116185,0,436,5,0.8270955086
19,0,436,436,-0.2116185313,-0.2116185313,-0.004903852629,-0.004903852629,0,0,0,0,0,0,1,0,436.2116185,436.2116185,0,436,6,0.8325591087
20,0,436,435,-0.2116185313,-1.211618531,-0.004903852629,-0.02807693014,-1,-0.02317307751,0,23,1,5,0,0,436.2116185,436.2116185,0,436,7,0.840077877
21,0,436.2116185,436,0,-0.2116185313,0,-0.004903852629,-0.2116185313,-0.004903852629,0.2116185313,0.2116185313,0,0,1,0,436.2116185,436.2116185,0,436,8,0.8545897007
22,0,436,432,-0.2116185313,-4.211618531,-0.004903852629,-0.09759616268,-4,-0.09269231005,0,24,1,6,0,0,436.2116185,436.2116185,0,436,9,0.8780868053
23,0,436.2116185,436,0,-0.2116185313,0,-0.004903852629,-0.2116185313,-0.004903852629,0.2116185313,0.2116185313,0,0,1,0,436.2116185,436.2116185,0,436,10,0.88843894
24,0,436,433,-0.2116185313,-3.211618531,-0.004903852629,-0.07442308516,-3,-0.06951923254,0,25,1,5,0,0,436.2116185,436.2116185,0,436,11,0.9025993347
25,0,436.2116185,436,0,-0.2116185313,0,-0.004903852629,-0.2116185313,-0.004903852629,0.2116185313,0.2116185313,0,0,1,0,436.2116185,436.2116185,0,436,12,0.9146432877
26,0,436,434,-0.2116185313,-2.211618531,-0.004903852629,-0.05125000765,-2,-0.04634615502,0,20,1,4,0,0,436.2116185,436.2116185,0,436,13,0.9407794476
27,0,436.2116185,436,0,-0.2116185313,0,-0.004903852629,-0.2116185313,-0.004903852629,0.2116185313,0.2116185313,0,0,1,0,436.2116185,436.2116185,0,436,14,0.9523088932
28,0,436,433,-0.2116185313,-3.211618531,-0.004903852629,-0.07442308516,-3,-0.06951923254,0,25,1,5,0,0,436.2116185,436.2116185,0,436,15,0.9687006474
29,0,436.2116185,436,0,-0.2116185313,0,-0.004903852629,-0.2116185313,-0.004903852629,0.2116185313,0.2116185313,0,0,1,0,436.2116185,436.2116185,0,436,16,0.9834504128
30,0,436,432,-0.2116185313,-4.211618531,-0.004903852629,-0.09759616268,-4,-0.09269231005,0,16,1,5,0,0,436.2116185,436.2116185,0,436,17,1.009747028
31,0,436.2116185,436,0,-0.2116185313,0,-0.004903852629,-0.2116185313,-0.004903852629,0.2116185313,0.2116185313,0,0,1,0,436.2116185,436.2116185,0,436,18,1.015853882
32,0,436,432,-0.2116185313,-4.211618531,-0.004903852629,-0.09759616268,-4,-0.09269231005,0,28,1,11,0,0,436.2116185,436.2116185,0,436,19,1.022650957
33,0,436.2116185,436,0,-0.2116185313,0,-0.004903852629,-0.2116185313,-0.004903852629,0.2116185313,0.2116185313,0,0,1,0,436.2116185,436.2116185,0,436,20,1.037531614
34,0,436,434,-0.2116185313,-2.211618531,-0.004903852629,-0.05125000765,-2,-0.04634615502,0,16,1,5,0,0,436.2116185,436.2116185,0,436,21,1.062903404
35,0,436.2116185,436,0,-0.2116185313,0,-0.004903852629,-0.2116185313,-0.004903852629,0.2116185313,0.2116185313,0,0,1,0,436.2116185,436.2116185,0,436,22,1.077466249
36,0,436,431,-0.2116185313,-5.211618531,-0.004903852629,-0.1207692402,-5,-0.1158653876,0,15,1,8,0,0,436.2116185,436.2116185,0,436,23,1.105004787
37,0,436,436,-0.2116185313,-0.2116185313,-0.004903852629,-0.004903852629,0,0,0,0,0,0,1,0,436.2116185,436.2116185,0,436,24,1.110249519
38,0,436,430,-0.2116185313,-6.211618531,-0.004903852629,-0.1439423177,-6,-0.1390384651,0,28,1,11,0,0,436.2116185,436.2116185,0,436,25,1.116373777
39,0,436.2116185,436,0,-0.2116185313,0,-0.004903852629,-0.2116185313,-0.004903852629,0.2116185313,0.2116185313,0,0,1,0,436.2116185,436.2116185,0,436,26,1.12751317
40,0,436,429,-0.2116185313,-7.211618531,-0.004903852629,-0.1671153952,-7,-0.1622115426,0,29,1,8,0,0,436.2116185,436.2116185,0,436,27,1.142590284
41,0,436,436,-0.2116185313,-0.2116185313,-0.004903852629,-0.004903852629,0,0,0,0,0,0,1,0,436.2116185,436.2116185,0,436,28,1.148227215
42,0,436,430,-0.2116185313,-6.211618531,-0.004903852629,-0.1439423177,-6,-0.1390384651,0,14,1,7,0,0,436.2116185,436.2116185,0,436,29,1.154858828
43,0,436,436,-0.2116185313,-0.2116185313,-0.004903852629,-0.004903852629,0,0,0,0,0,0,1,0,436.2116185,436.2116185,0,436,30,1.160234213
44,0,436,432,-0.2116185313,-4.211618531,-0.004903852629,-0.09759616268,-4,-0.09269231005,0,24,1,9,0,0,436.2116185,436.2116185,0,436,31,1.166477203
45,0,436.2116185,436,0,-0.2116185313,0,-0.004903852629,-0.2116185313,-0.004903852629,0.2116185313,0.2116185313,0,0,1,0,436.2116185,436.2116185,0,436,32,1.17753911
46,0,436,433,-0.2116185313,-3.211618531,-0.004903852629,-0.07442308516,-3,-0.06951923254,0,15,1,5,0,0,436.2116185,436.2116185,0,436,33,1.193738699
47,0,436.2116185,436,0,-0.2116185313,0,-0.004903852629,-0.2116185313,-0.004903852629,0.2116185313,0.2116185313,0,0,1,0,436.2116185,436.2116185,0,436,34,1.199960709
48,0,436,433,-0.2116185313,-3.211618531,-0.004903852629,-0.07442308516,-3,-0.06951923254,0,19,1,5,0,0,436.2116185,436.2116185,0,436,35,1.207002878
49,0,436.2116185,436,0,-0.2116185313,0,-0.004903852629,-0.2116185313,-0.004903852629,0.2116185313,0.2116185313,0,0,1,0,436.2116185,436.2116185,0,436,36,1.212397814
50,0,436,433,-0.2116185313,-3.211618531,-0.004903852629,-0.07442308516,-3,-0.06951923254,0,17,1,6,0,0,436.2116185,436.2116185,0,436,37,1.219723225
51,0,436.2116185,436,0,-0.2116185313,0,-0.004903852629,-0.2116185313,-0.004903852629,0.2116185313,0.2116185313,0,0,1,0,436.2116185,436.2116185,0,436,38,1.232227802
52,0,436,434,-0.2116185313,-2.211618531,-0.004903852629,-0.05125000765,-2,-0.04634615502,0,18,1,8,0,0,436.2116185,436.2116185,0,436,39,1.251070261
53,0,436.2116185,436,0,-0.2116185313,0,-0.004903852629,-0.2116185313,-0.004903852629,0.2116185313,0.2116185313,0,0,1,0,436.2116185,436.2116185,0,436,40,1.265309334
54,0,436,431,-0.2116185313,-5.211618531,-0.004903852629,-0.1207692402,-5,-0.1158653876,0,19,1,5,0,0,436.2116185,436.2116185,0,436,41,1.287486792
55,0,436,436,-0.2116185313,-0.2116185313,-0.004903852629,-0.004903852629,0,0,0,0,0,0,1,0,436.2116185,436.2116185,0,436,42,1.294291258
56,0,436,431,-0.2116185313,-5.211618531,-0.004903852629,-0.1207692402,-5,-0.1158653876,0,23,1,7,0,0,436.2116185,436.2116185,0,436,43,1.301319122
57,0,436.2116185,436,0,-0.2116185313,0,-0.004903852629,-0.2116185313,-0.004903852629,0.2116185313,0.2116185313,0,0,1,0,436.2116185,436.2116185,0,436,44,1.313202858
58,0,436,432,-0.2116185313,-4.211618531,-0.004903852629,-0.09759616268,-4,-0.09269231005,0,14,1,6,0,0,436.2116185,436.2116185,0,436,45,1.330163956
59,0,436.2116185,436,0,-0.2116185313,0,-0.004903852629,-0.2116185313,-0.004903852629,0.2116185313,0.2116185313,0,0,1,0,436.2116185,436.2116185,0,436,46,1.341471672
60,0,436,432,-0.2116185313,-4.211618531,-0.004903852629,-0.09759616268,-4,-0.09269231005,0,16,1,7,0,0,436.2116185,436.2116185,0,436,47,1.355985403
61,0,436.2116185,436,0,-0.2116185313,0,-0.004903852629,-0.2116185313,-0.004903852629,0.2116185313,0.2116185313,0,0,1,0,436.2116185,436.2116185,0,436,48,1.361095428
62,0,436,429,-0.2116185313,-7.211618531,-0.004903852629,-0.1671153952,-7,-0.1622115426,0,29,1,12,0,0,436.2116185,436.2116185,0,436,49,1.367384195
63,0,436.2116185,436,0,-0.2116185313,0,-0.004903852629,-0.2116185313,-0.004903852629,0.2116185313,0.2116185313,0,0,1,0,436.2116185,436.2116185,0,436,50,1.373049021
64,0,436,431,-0.2116185313,-5.211618531,-0.004903852629,-0.1207692402,-5,-0.1158653876,0,13,1,6,0,0,436.2116185,436.2116185,0,436,51,1.379289389
65,0,436,436,-0.2116185313,-0.2116185313,-0.004903852629,-0.004903852629,0,0,0,0,0,0,1,0,436.2116185,436.2116185,0,436,52,1.38485837
66,0,436,430,-0.2116185313,-6.211618531,-0.004903852629,-0.1439423177,-6,-0.1390384651,0,18,1,8,0,0,436.2116185,436.2116185,0,436,53,1.390933037
67,0,436,436,-0.2116185313,-0.2116185313,-0.004903852629,-0.004903852629,0,0,0,0,0,0,1,0,436.2116185,436.2116185,0,436,54,1.395979166
68,0,436,432,-0.2116185313,-4.211618531,-0.004903852629,-0.09759616268,-4,-0.09269231005,0,20,1,7,0,0,436.2116185,436.2116185,0,436,55,1.402254105
69,0,436.2116185,436,0,-0.2116185313,0,-0.004903852629,-0.2116185313,-0.004903852629,0.2116185313,0.2116185313,0,0,1,0,436.2116185,436.2116185,0,436,56,1.414602518
70,0,436,430,-0.2116185313,-6.211618531,-0.004903852629,-0.1439423177,-6,-0.1390384651,0,26,1,6,0,0,436.2116185,436.2116185,0,436,57,1.431427717
71,0,436,436,-0.2116185313,-0.2116185313,-0.004903852629,-0.004903852629,0,0,0,0,0,0,1,0,436.2116185,436.2116185,0,436,58,1.437800407
72,0,436,430,-0.2116185313,-6.211618531,-0.004903852629,-0.1439423177,-6,-0.1390384651,0,10,1,6,0,0,436.2116185,436.2116185,0,436,59,1.444596291
73,0,435,435,-1.211618531,-1.211618531,-0.02807693014,-0.02807693014,0,0,0,0,0,0,1,1,436.2116185,436.2116185,0,435,0,1.450792789
74,0,435,431,-1.211618531,-5.211618531,-0.02807693014,-0.1207692402,-4,-0.09269231005,0,28,1,9,0,0,436.2116185,436.2116185,0,435,1,1.457693815
75,0,436.2116185,436,0,-0.2116185313,0,-0.004903852629,-0.2116185313,-0.004903852629,0.2116185313,0.2116185313,0,0,1,0,436.2116185,436.2116185,0,435,2,1.467895269
76,0,436,431,-0.2116185313,-5.211618531,-0.004903852629,-0.1207692402,-5,-0.1158653876,0,21,1,5,0,0,436.2116185,436.2116185,0,435,3,1.482075453
77,0,436,436,-0.2116185313,-0.2116185313,-0.004903852629,-0.004903852629,0,0,0,0,0,0,1,0,436.2116185,436.2116185,0,435,4,1.487139463
78,0,436,431,-0.2116185313,-5.211618531,-0.004903852629,-0.1207692402,-5,-0.1158653876,0,23,1,7,0,0,436.2116185,436.2116185,0,435,5,1.493232965
79,0,436.2116185,530,0,93.78838147,0,2.173365433,93.78838147,2.173365433,0.2116185313,281.7883815,1,184,0,0,436.2116185,436.2116185,0,435,6,1.50363946
80,0,436.2116185,434,0,-2.211618531,0,-0.05125000765,-2.211618531,-0.05125000765,8.378979136,8.378979136,1,5,0,0,436.2116185,436.2116185,0,435,7,1.580944777
81,0,435.5,450,-0.7116185313,13.78838147,-0.01649039138,0.3195192325,14.5,0.3360096239,1.5,20.5,1,1,0,0,436.2116185,436.2116185,0,435,8,1.708488941
82,0,436.2116185,435,0,-1.211618531,0,-0.02807693014,-1.211618531,-0.02807693014,1.788381469,1.788381469,1,5,0,0,436.2116185,436.2116185,0,435,9,1.737827063
83,0,436.2116185,453,0,16.78838147,0,0.3890384651,16.78838147,0.3890384651,1.788381469,24.21161853,1,1,0,0,436.2116185,436.2116185,0,435,10,1.758846521
84,0,436.2116185,435,0,-1.211618531,0,-0.02807693014,-1.211618531,-0.02807693014,1.788381469,1.788381469,1,5,0,0,436.2116185,436.2116185,0,435,11,1.798715591
85,0,436.2116185,439,0,2.788381469,0,0.06461537991,2.788381469,0.06461537991,1.788381469,8.211618531,0,0,1,0,436.2116185,436.2116185,0,435,12,1.826762438
86,0,436.2116185,436,0,-0.2116185313,0,-0.004903852629,-0.2116185313,-0.004903852629,0.2116185313,0.2116185313,0,0,1,0,436.2116185,436.2116185,0,435,13,1.850598812
87,0,436,436,-0.2116185313,-0.2116185313,-0.004903852629,-0.004903852629,0,0,0,26,1,9,0,0,436.2116185,436.2116185,0,435,14,1.87648654
88,0,436.2116185,436,0,-0.2116185313,0,-0.004903852629,-0.2116185313,-0.004903852629,0.2116185313,0.2116185313,0,0,1,0,436.2116185,436.2116185,0,435,15,1.897876024
89,0,436,436,-0.2116185313,-0.2116185313,-0.004903852629,-0.004903852629,0,0,0,28,1,8,0,0,436.2116185,436.2116185,0,435,16,1.940069675
90,0,436.2116185,436,0,-0.2116185313,0,-0.004903852629,-0.2116185313,-0.004903852629,0.2116185313,0.2116185313,0,0,1,0,436.2116185,436.2116185,0,435,17,1.968605757
91,0,436,436,-0.2116185313,-0.2116185313,-0.004903852629,-0.004903852629,0,0,0,28,1,8,0,0,436.2116185,436.2116185,0,435,18,2.018718243
92,0,436.2116185,544,0,107.7883815,0,2.497788519,107.7883815,2.497788519,0.2116185313,278.2116185,1,149,0,0,436.2116185,436.2116185,0,435,19,2.033644199
93,0,436.2116185,435,0,-1.211618531,0,-0.02807693014,-1.211618531,-0.02807693014,20.88202655,20.88202655,1,38,0,0,436.2116185,436.2116185,0,435,20,2.128493547
94,0,436.2116185,435,0,-1.211618531,0,-0.02807693014,-1.211618531,-0.02807693014,7.134558192,7.134558192,1,26,0,0,436.2116185,436.2116185,0,435,21,2.276982546
95,0,436.2116185,439,0,2.788381469,0,0.06461537991,2.788381469,0.06461537991,5.139892558,18.86010744,1,5,0,0,436.2116185,436.2116185,0,435,22,2.392985106
96,0,436.2116185,435,0,-1.211618531,0,-0.02807693014,-1.211618531,-0.02807693014,2.365144406,2.365144406,1,24,0,0,436.2116185,436.2116185,0,435,23,2.559018135
97,0,436.2116185,454,0,17.78838147,0,0.4122115426,17.78838147,0.4122115426,1.788381469,25.21161853,1,1,0,0,436.2116185,436.2116185,0,435,24,2.591374874
98,0,436.2116185,435,0,-1.211618531,0,-0.02807693014,-1.211618531,-0.02807693014,1.788381469,1.788381469,1,24,0,0,436.2116185,436.2116185,0,435,25,2.634436846
99,0,436.2116185,446,0,9.788381469,0,0.2268269225,9.788381469,0.2268269225,1.788381469,15.21161853,1,1,0,0,436.2116185,436.2116185,0,435,26,2.657826185
100,0,436.2116185,435,0,-1.211618531,0,-0.02807693014,-1.211618531,-0.02807693014,1.788381469,1.788381469,1,24,0,0,436.2116185,436.2116185,0,435,27,2.707961559
101,0,436.2116185,455,0,18.78838147,0,0.4353846201,18.78838147,0.4353846201,1.788381469,26.21161853,1,2,0,0,436.2116185,436.2116185,0,435,28,2.745531321
102,0,436.2116185,435,0,-1.211618531,0,-0.02807693014,-1.211618531,-0.02807693014,2.365144406,2.365144406,1,24,0,0,436.2116185,436.2116185,0,435,29,2.789565563
103,0,436.2116185,446,0,9.788381469,0,0.2268269225,9.788381469,0.2268269225,2.076762937,26.92323706,1,7,0,0,436.2116185,436.2116185,0,435,30,2.823338985
104,0,436.2116185,435,0,-1.211618531,0,-0.02807693014,-1.211618531,-0.02807693014,1.788381469,1.788381469,1,24,0,0,436.2116185,436.2116185,0,435,31,2.925450563
105,0,436.2116185,447,0,10.78838147,0,0.25,10.78838147,0.25,1.788381469,28.21161853,1,4,0,0,436.2116185,436.2116185,0,435,32,2.969957352
106,0,436.2116185,435,0,-1.211618531,0,-0.02807693014,-1.211618531,-0.02807693014,1.788381469,1.788381469,1,24,0,0,436.2116185,436.2116185,0,435,33,3.017986298
107,0,436.2116185,445,0,8.788381469,0,0.203653845,8.788381469,0.203653845,1.788381469,18.21161853,1,2,0,0,436.2116185,436.2116185,0,435,34,3.046551228
108,0,436.2116185,436,0,-0.2116185313,0,-0.004903852629,-0.2116185313,-0.004903852629,0.2116185313,0.2116185313,0,0,1,0,436.2116185,436.2116185,0,435,35,3.082255125
109,0,436,433,-0.2116185313,-3.211618531,-0.004903852629,-0.07442308516,-3,-0.06951923254,0,15,1,7,0,0,436.2116185,436.2116185,0,435,36,3.129591465
110,0,436.2116185,436,0,-0.2116185313,0,-0.004903852629,-0.2116185313,-0.004903852629,0.2116185313,0.2116185313,0,0,1,0,436.2116185,436.2116185,0,435,37,3.142806768
111,0,436,435,-0.2116185313,-1.211618531,-0.004903852629,-0.02807693014,-1,-0.02317307751,0,23,1,8,0,0,436.2116185,436.2116185,0,435,38,3.164003372
112,0,436.2116185,436,0,-0.2116185313,0,-0.004903852629,-0.2116185313,-0.004903852629,0.6348555939,0.6348555939,0,0,1,0,436.2116185,436.2116185,0,435,39,3.181824684
113,0,436,433,-0.2116185313,-3.211618531,-0.004903852629,-0.07442308516,-3,-0.06951923254,0,15,1,7,0,0,436.2116185,436.2116185,0,435,40,3.223680735
114,0,436.2116185,436,0,-0.2116185313,0,-0.004903852629,-0.2116185313,-0.004903852629,0.2116185313,0.2116185313,0,0,1,0,436.2116185,436.2116185,0,435,41,3.238236904
115,0,436,435,-0.2116185313,-1.211618531,-0.004903852629,-0.02807693014,-1,-0.02317307751,0,29,1,10,0,0,436.2116185,436.2116185,0,435,42,3.267033339
116,0,436.2116185,436,0,-0.2116185313,0,-0.004903852629,-0.2116185313,-0.004903852629,0.2116185313,0.2116185313,0,0,1,0,436.2116185,436.2116185,0,435,43,3.281736851
117,0,436,432,-0.2116185313,-4.211618531,-0.004903852629,-0.09759616268,-4,-0.09269231005,0,14,1,6,0,0,436.2116185,436.2116185,0,435,44,3.314283133
118,0,436.2116185,436,0,-0.2116185313,0,-0.004903852629,-0.2116185313,-0.004903852629,0.2116185313,0.2116185313,0,0,1,0,436.2116185,436.2116185,0,435,45,3.327459812
119,0,436,435,-0.2116185313,-1.211618531,-0.004903852629,-0.02807693014,-1,-0.02317307751,0,29,1,12,0,0,436.2116185,436.2116185,0,435,46,3.349996328
120,0,436.2116185,436,0,-0.2116185313,0,-0.004903852629,-0.2116185313,-0.004903852629,0.2116185313,0.2116185313,0,0,1,0,436.2116185,436.2116185,0,435,47,3.370829582
121,0,436,435,-0.2116185313,-1.211618531,-0.004903852629,-0.02807693014,-1,-0.02317307751,0,19,1,6,0,0,436.2116185,436.2116185,0,435,48,3.414535284
122,0,436.2116185,436,0,-0.2116185313,0,-0.004903852629,-0.2116185313,-0.004903852629,0.2116185313,0.2116185313,0,0,1,0,436.2116185,436.2116185,0,435,49,3.429938316
123,0,436,435,-0.2116185313,-1.211618531,-0.004903852629,-0.02807693014,-1,-0.02317307751,0,25,1,6,0,0,436.2116185,436.2116185,0,435,50,3.460993052
124,0,436.2116185,436,0,-0.2116185313,0,-0.004903852629,-0.2116185313,-0.004903852629,0.2116185313,0.2116185313,0,0,1,0,436.2116185,436.2116185,0,435,51,3.479777575
125,0,436,435,-0.2116185313,-1.211618531,-0.004903852629,-0.02807693014,-1,-0.02317307751,0,25,1,6,0,0,436.2116185,436.2116185,0,435,52,3.520109177
126,0,436.2116185,540,0,103.7883815,0,2.405096209,103.7883815,2.405096209,0.2116185313,276.2116185,1,177,0,0,436.2116185,436.2116185,0,435,53,3.538165331
127,0,436.2116185,423,0,-13.21161853,0,-0.3061538603,-13.21161853,-0.3061538603,19.94190734,19.94190734,1,67,0,0,436.2116185,436.2116185,0,435,54,3.657800674
128,0,436.2116185,432,0,-4.211618531,0,-0.09759616268,-4.211618531,-0.09759616268,7.672196156,7.672196156,1,30,0,0,436.2116185,436.2116185,0,435,55,3.841798306
129,0,436.2116185,435,0,-1.211618531,0,-0.02807693014,-1.211618531,-0.02807693014,2.365144406,2.365144406,1,13,0,0,436.2116185,436.2116185,0,435,56,3.909574986
130,0,436.2116185,434,0,-2.211618531,0,-0.05125000765,-2.211618531,-0.05125000765,2.076762937,12.92323706,1,37,0,0,436.2116185,436.2116185,0,435,57,3.963972807
131,0,436.2116185,436,0,-0.2116185313,0,-0.004903852629,-0.2116185313,-0.004903852629,0.2116185313,0.2116185313,0,0,1,0,436.2116185,436.2116185,0,435,58,4.079632521
132,0,436,435,-0.2116185313,-1.211618531,-0.004903852629,-0.02807693014,-1,-0.02317307751,0,19,1,5,0,0,436.2116185,436.2116185,0,435,59,4.10123086
133,0,436.2116185,436,0,-0.2116185313,0,-0.004903852629,-0.2116185313,-0.004903852629,0.2116185313,0.2116185313,0,0,1,0,436.2116185,436.2116185,0,435,60,4.117228985
134,0,436,435,-0.2116185313,-1.211618531,-0.004903852629,-0.02807693014,-1,-0.02317307751,0,27,1,9,0,0,436.2116185,436.2116185,0,435,61,4.149326563
135,0,436.2116185,436,0,-0.2116185313,0,-0.004903852629,-0.2116185313,-0.004903852629,0.2116185313,0.2116185313,0,0,1,0,436.2116185,436.2116185,0,435,62,4.161654711
136,0,436,434,-0.2116185313,-2.211618531,-0.004903852629,-0.05125000765,-2,-0.04634615502,0,18,1,5,0,0,436.2116185,436.2116185,0,435,63,4.188540697
137,0,436.2116185,436,0,-0.2116185313,0,-0.004903852629,-0.2116185313,-0.004903852629,0.2116185313,0.2116185313,0,0,1,0,436.2116185,436.2116185,0,435,64,4.199640512
138,0,436,435,-0.2116185313,-1.211618531,-0.004903852629,-0.02807693014,-1,-0.02317307751,0,27,1,9,0,0,436.2116185,436.2116185,0,435,65,4.221487761
139,0,436.2116185,436,0,-0.2116185313,0,-0.004903852629,-0.2116185313,-0.004903852629,0.2116185313,0.2116185313,0,0,1,0,436.2116185,436.2116185,0,435,66,4.240504742
140,0,436,434,-0.2116185313,-2.211618531,-0.004903852629,-0.05125000765,-2,-0.04634615502,0,22,1,5,0,0,436.2116185,436.2116185,0,435,67,4.276833534
141,0,436.2116185,436,0,-0.2116185313,0,-0.004903852629,-0.2116185313,-0.004903852629,0.2116185313,0.2116185313,0,0,1,0,436.2116185,436.2116185,0,435,68,4.289030552
142,0,436,433,-0.2116185313,-3.211618531,-0.004903852629,-0.07442308516,-3,-0.06951923254,0,25,1,6,0,0,436.2116185,436.2116185,0,435,69,4.312835217
143,0,436.2116185,436,0,-0.2116185313,0,-0.004903852629,-0.2116185313,-0.004903852629,0.2116185313,0.2116185313,0,0,1,0,436.2116185,436.2116185,0,435,70,4.322621822
144,0,436,433,-0.2116185313,-3.211618531,-0.004903852629,-0.07442308516,-3,-0.06951923254,0,29,1,10,0,0,436.2116185,436.2116185,0,435,71,4.341039658
145,0,436.2116185,436,0,-0.2116185313,0,-0.004903852629,-0.2116185313,-0.004903852629,0.2116185313,0.2116185313,0,0,1,0,436.2116185,436.2116185,0,435,72,4.353484869
146,0,436,432,-0.2116185313,-4.211618531,-0.004903852629,-0.09759616268,-4,-0.09269231005,0,14,1,6,0,0,436.2116185,436.2116185,0,435,73,4.381774187
147,0,436.2116185,436,0,-0.2116185313,0,-0.004903852629,-0.2116185313,-0.004903852629,0.2116185313,0.2116185313,0,0,1,0,436.2116185,436.2116185,0,435,74,4.391591787
148,0,436,435,-0.2116185313,-1.211618531,-0.004903852629,-0.02807693014,-1,-0.02317307751,0,21,1,7,0,0,436.2116185,436.2116185,0,435,75,4.405601263
149,0,436.2116185,436,0,-0.2116185313,0,-0.004903852629,-0.2116185313,-0.004903852629,0.2116185313,0.2116185313,0,0,1,0,436.2116185,436.2116185,0,435,76,4.416893482
150,0,436,435,-0.2116185313,-1.211618531,-0.004903852629,-0.02807693014,-1,-0.02317307751,0,19,1,5,0,0,436.2116185,436.2116185,0,435,77,4.437655687
151,0,436.2116185,436,0,-0.2116185313,0,-0.004903852629,-0.2116185313,-0.004903852629,0.2116185313,0.2116185313,0,0,1,0,436.2116185,436.2116185,0,435,78,4.449337482
152,0,436,432,-0.2116185313,-4.211618531,-0.004903852629,-0.09759616268,-4,-0.09269231005,0,12,1,5,0,0,436.2116185,436.2116185,0,435,79,4.473025322
153,0,436.2116185,436,0,-0.2116185313,0,-0.004903852629,-0.2116185313,-0.004903852629,0.2116185313,0.2116185313,0,0,1,0,436.2116185,436.2116185,0,435,80,4.480858326
154,0,436,435,-0.2116185313,-1.211618531,-0.004903852629,-0.02807693014,-1,-0.02317307751,0,19,1,6,0,0,436.2116185,436.2116185,0,435,81,4.493923187
155,0,436.2116185,436,0,-0.2116185313,0,-0.004903852629,-0.2116185313,-0.004903852629,0.2116185313,0.2116185313,0,0,1,0,436.2116185,436.2116185,0,435,82,4.505058527
156,0,436,432,-0.2116185313,-4.211618531,-0.004903852629,-0.09759616268,-4,-0.09269231005,0,10,1,5,0,0,436.2116185,436.2116185,0,435,83,4.524830103
157,0,436.2116185,541,0,104.7883815,0,2.428269286,104.7883815,2.428269286,0.2116185313,260.7883815,1,155,0,0,436.2116185,436.2116185,0,435,84,4.532662392
158,0,436.2116185,413,0,-23.21161853,0,-0.5378846354,-23.21161853,-0.5378846354,32.23028881,32.23028881,1,199,0,0,436.2116185,436.2116185,0,435,85,4.621739626
159,0,435.75,419,-0.4616185313,-17.21161853,-0.01069712201,-0.3988461703,-16.75,-0.3881490483,17.25,17.25,1,123,0,0,436.2116185,436.2116185,0,435,86,4.849365711
160,0,436,424,-0.2116185313,-12.21161853,-0.004903852629,-0.2829807828,-12,-0.2780769301,14,14,1,95,0,0,436.2116185,436.2116185,0,435,87,4.865442514
161,0,436.2116185,428,0,-8.211618531,0,-0.1902884727,-8.211618531,-0.1902884727,8.788381469,8.788381469,1,73,0,0,436.2116185,436.2116185,0,435,88,4.8855021
162,0,436.2116185,445,0,8.788381469,0,0.203653845,8.788381469,0.203653845,8.788381469,10.28838147,0,0,1,0,436.2116185,436.2116185,0,435,89,4.906536818
163,0,436.2116185,436,0,-0.2116185313,0,-0.004903852629,-0.2116185313,-0.004903852629,0.6348555939,0.6348555939,0,0,1,0,436.2116185,436.2116185,0,435,90,4.939846992
164,0,436,431,-0.2116185313,-5.211618531,-0.004903852629,-0.1207692402,-5,-0.1158653876,0,11,1,6,0,0,436.2116185,436.2116185,0,435,91,4.995203495
165,0,436,436,-0.2116185313,-0.2116185313,-0.004903852629,-0.004903852629,0,0,0,0,0,0,1,0,436.2116185,436.2116185,0,435,92,5.000376701
166,0,436,431,-0.2116185313,-5.211618531,-0.004903852629,-0.1207692402,-5,-0.1158653876,0,11,1,6,0,0,436.2116185,436.2116185,0,435,93,5.005903244
167,0,436,523,-0.2116185313,86.78838147,-0.004903852629,2.011153891,87,2.016057744,0,291,1,239,0,0,436.2116185,436.2116185,0,435,94,5.010499477
168,0,436.2116185,432,0,-4.211618531,0,-0.09759616268,-4.211618531,-0.09759616268,29.60256082,29.60256082,1,56,0,0,436.2116185,436.2116185,0,435,95,5.121724367
169,0,436.2116185,433,0,-3.211618531,0,-0.07442308516,-3.211618531,-0.07442308516,11.36514441,11.36514441,1,46,0,0,436.2116185,436.2116185,0,435,96,5.366529942
170,0,436.2116185,430,0,-6.211618531,0,-0.1439423177,-6.211618531,-0.1439423177,9.038381469,9.038381469,1,50,0,0,436.2116185,436.2116185,0,435,97,5.45532918
171,0,436.2116185,432,0,-4.211618531,0,-0.09759616268,-4.211618531,-0.09759616268,6.565144406,6.565144406,1,39,0,0,436.2116185,436.2116185,0,435,98,5.558667421
172,0,436.2116185,440,0,3.788381469,0,0.08778845742,3.788381469,0.08778845742,6.365144406,14.38838147,1,11,0,0,436.2116185,436.2116185,0,435,99,5.615478516
173,0,436.2116185,429,0,-7.211618531,0,-0.1671153952,-7.211618531,-0.1671153952,7.788381469,7.788381469,1,38,0,0,436.2116185,436.2116185,0,435,100,5.748595238
174,0,436,433,-0.2116185313,-3.211618531,-0.004903852629,-0.07442308516,-3,-0.06951923254,3,3,1,20,0,0,436.2116185,436.2116185,0,435,101,5.798202276
175,0,436,445,-0.2116185313,8.788381469,-0.004903852629,0.203653845,9,0.2085576976,3,9,0,0,1,0,436.2116185,436.2116185,0,435,102,5.813763857
176,0,436.2116185,435,0,-1.211618531,0,-0.02807693014,-1.211618531,-0.02807693014,2.365144406,2.365144406,1,17,0,0,436.2116185,436.2116185,0,435,103,5.847142458
177,0,436.2116185,448,0,11.78838147,0,0.2731730775,11.78838147,0.2731730775,2.365144406,20.63485559,1,2,0,0,436.2116185,436.2116185,0,435,104,5.913034916
178,0,436.2116185,435,0,-1.211618531,0,-0.02807693014,-1.211618531,-0.02807693014,1.788381469,1.788381469,1,17,0,0,436.2116185,436.2116185,0,435,105,6.039518356
179,0,436.2116185,448,0,11.78838147,0,0.2731730775,11.78838147,0.2731730775,1.788381469,13.21161853,0,0,1,0,436.2116185,436.2116185,0,435,106,6.05841732
180,0,436.2116185,435,0,-1.211618531,0,-0.02807693014,-1.211618531,-0.02807693014,1.788381469,1.788381469,1,17,0,0,436.2116185,436.2116185,0,435,107,6.105173588
181,0,436.2116185,446,0,9.788381469,0,0.2268269225,9.788381469,0.2268269225,1.788381469,23.21161853,1,3,0,0,436.2116185,436.2116185,0,435,108,6.123598099
182,0,436.2116185,435,0,-1.211618531,0,-0.02807693014,-1.211618531,-0.02807693014,2.365144406,2.365144406,1,17,0,0,436.2116185,436.2116185,0,435,109,6.153968334
183,0,436.2116185,438,0,1.788381469,0,0.04144230239,1.788381469,0.04144230239,2.172890094,14.82710991,1,5,0,0,436.2116185,436.2116185,0,435,110,6.220560551
184,0,436.2116185,435,0,-1.211618531,0,-0.02807693014,-1.211618531,-0.02807693014,2.365144406,2.365144406,1,17,0,0,436.2116185,436.2116185,0,435,111,6.358788013
185,0,436.2116185,438,0,1.788381469,0,0.04144230239,1.788381469,0.04144230239,2.365144406,10.63485559,1,1,0,0,436.2116185,436.2116185,0,435,112,6.441247463
186,0,436.2116185,436,0,-0.2116185313,0,-0.004903852629,-0.2116185313,-0.004903852629,0.2116185313,0.2116185313,0,0,1,0,436.2116185,436.2116185,0,435,113,6.566632986
187,0,436,434,-0.2116185313,-2.211618531,-0.004903852629,-0.05125000765,-2,-0.04634615502,0,16,1,4,0,0,436.2116185,436.2116185,0,435,114,6.602543592
188,0,436.2116185,436,0,-0.2116185313,0,-0.004903852629,-0.2116185313,-0.004903852629,0.2116185313,0.2116185313,0,0,1,0,436.2116185,436.2116185,0,435,115,6.612975836
189,0,436,432,-0.2116185313,-4.211618531,-0.004903852629,-0.09759616268,-4,-0.09269231005,0,14,1,4,0,0,436.2116185,436.2116185,0,435,116,6.637690306
190,0,436,436,-0.2116185313,-0.2116185313,-0.004903852629,-0.004903852629,0,0,0,0,0,0,1,0,436.2116185,436.2116185,0,435,117,6.642218828
191,0,436,434,-0.2116185313,-2.211618531,-0.004903852629,-0.05125000765,-2,-0.04634615502,0,22,1,4,0,0,436.2116185,436.2116185,0,435,118,6.647902489
192,0,436.2116185,436,0,-0.2116185313,0,-0.004903852629,-0.2116185313,-0.004903852629,0.2116185313,0.2116185313,0,0,1,0,436.2116185,436.2116185,0,435,119,6.657570362
193,0,436,434,-0.2116185313,-2.211618531,-0.004903852629,-0.05125000765,-2,-0.04634615502,0,28,1,7,0,0,436.2116185,436.2116185,0,435,120,6.672252417
194,0,436.2116185,436,0,-0.2116185313,0,-0.004903852629,-0.2116185313,-0.004903852629,0.6348555939,0.6348555939,0,0,1,0,436.2116185,436.2116185,0,435,121,6.683286428
195,0,436,433,-0.2116185313,-3.211618531,-0.004903852629,-0.07442308516,-3,-0.06951923254,0,25,1,5,0,0,436.2116185,436.2116185,0,435,122,6.720068216
196,0,436.2116185,436,0,-0.2116185313,0,-0.004903852629,-0.2116185313,-0.004903852629,0.2116185313,0.2116185313,0,0,1,0,436.2116185,436.2116185,0,435,123,6.729708672
197,0,436,431,-0.2116185313,-5.211618531,-0.004903852629,-0.1207692402,-5,-0.1158653876,0,27,1,10,0,0,436.2116185,436.2116185,0,435,124,6.743350506
198,0,436.2116185,534,0,97.78838147,0,2.266057744,97.78838147,2.266057744,0.2116185313,285.7883815,1,168,0,0,436.2116185,436.2116185,0,435,125,6.752950907
199,0,436.2116185,436,5.684341886e-14,-0.2116185313,1.317236951e-15,-0.004903852629,-0.2116185313,-0.004903852629,3.427639563,3.427639563,1,3,0,0,436.2116185,436.2116185,0,435,126,6.838932276
200,0,436.2116185,439,0,2.788381469,0,0.06461537991,2.788381469,0.06461537991,2.698477739,12.30152226,0,0,1,0,436.2116185,436.2116185,0,435,127,7.042273521
201,0,436.2116185,436,0,-0.2116185313,0,-0.004903852629,-0.2116185313,-0.004903852629,0.2116185313,0.2116185313,0,0,1,0,436.2116185,436.2116185,0,435,128,7.168179274
202,0,436,435,-0.2116185313,-1.211618531,-0.004903852629,-0.02807693014,-1,-0.02317307751,0,19,1,5,0,0,436.2116185,436.2116185,0,435,129,7.208967924
203,0,436.2116185,436,0,-0.2116185313,0,-0.004903852629,-0.2116185313,-0.004903852629,0.6348555939,0.6348555939,0,0,1,0,436.2116185,436.2116185,0,435,130,7.220565557
204,0,436,434,-0.2116185313,-2.211618531,-0.004903852629,-0.05125000765,-2,-0.04634615502,0,26,1,10,0,0,436.2116185,436.2116185,0,435,131,7.258836746
205,0,436.2116185,436,0,-0.2116185313,0,-0.004903852629,-0.2116185313,-0.004903852629,0.2116185313,0.2116185313,0,0,1,0,436.2116185,436.2116185,0,435,132,7.272166014
206,0,436,434,-0.2116185313,-2.211618531,-0.004903852629,-0.05125000765,-2,-0.04634615502,0,18,1,5,0,0,436.2116185,436.2116185,0,435,133,7.305520058
207,0,436.2116185,436,0,-0.2116185313,0,-0.004903852629,-0.2116185313,-0.004903852629,0.2116185313,0.2116185313,0,0,1,0,436.2116185,436.2116185,0,435,134,7.317580223
208,0,436,434,-0.2116185313,-2.211618531,-0.004903852629,-0.05125000765,-2,-0.04634615502,0,24,1,7,0,0,436.2116185,436.2116185,0,435,135,7.34523797
209,0,436.2116185,436,0,-0.2116185313,0,-0.004903852629,-0.2116185313,-0.004903852629,0.2116185313,0.2116185313,0,0,1,0,436.2116185,436.2116185,0,435,136,7.357692719
210,0,436,435,-0.2116185313,-1.211618531,-0.004903852629,-0.02807693014,-1,-0.02317307751,0,19,1,5,0,0,436.2116185,436.2116185,0,435,137,7.384489775
211,0,436.2116185,436,0,-0.2116185313,0,-0.004903852629,-0.2116185313,-0.004903852629,0.2116185313,0.2116185313,0,0,1,0,436.2116185,436.2116185,0,435,138,7.396243095
212,0,436,434,-0.2116185313,-2.211618531,-0.004903852629,-0.05125000765,-2,-0.04634615502,0,24,1,7,0,0,436.2116185,436.2116185,0,435,139,7.413361788
213,0,436.2116185,436,0,-0.2116185313,0,-0.004903852629,-0.2116185313,-0.004903852629,0.2116185313,0.2116185313,0,0,1,0,436.2116185,436.2116185,0,435,140,7.426932335
214,0,436,434,-0.2116185313,-2.211618531,-0.004903852629,-0.05125000765,-2,-0.04634615502,0,18,1,5,0,0,436.2116185,436.2116185,0,435,141,7.459678888
215,0,436.2116185,549,0,112.7883815,0,2.613653906,112.7883815,2.613653906,0.2116185313,283.2116185,1,162,0,0,436.2116185,436.2116185,0,435,142,7.470673084
216,0,436.2116185,427,0,-9.211618531,0,-0.2134615502,-9.211618531,-0.2134615502,11.5,11.5,1,47,0,0,436.2116185,436.2116185,0,435,143,7.596742153
217,0,436.2116185,430,0,-6.211618531,0,-0.1439423177,-6.211618531,-0.1439423177,6.788381469,6.788381469,1,27,0,0,436.2116185,436.2116185,0,435,144,7.740911245
218,0,436.2116185,431,0,-5.211618531,0,-0.1207692402,-5.211618531,-0.1207692402,5.788381469,5.788381469,1,20,0,0,436.2116185,436.2116185,0,435,145,7.765887737
219,0,436.2116185,432,0,-4.211618531,0,-0.09759616268,-4.211618531,-0.09759616268,5.211618531,5.211618531,1,18,0,0,436.2116185,436.2116185,0,435,146,7.782607317
220,0,436.2116185,434,0,-2.211618531,0,-0.05125000765,-2.211618531,-0.05125000765,3.365144406,3.365144406,1,4,0,0,436.2116185,436.2116185,0,435,147,7.817906618
221,0,436.2116185,435,0,-1.211618531,0,-0.02807693014,-1.211618531,-0.02807693014,2.076762937,2.076762937,1,3,0,0,436.2116185,436.2116185,0,435,148,7.868425846
222,0,436.2116185,445,0,8.788381469,0,0.203653845,8.788381469,0.203653845,2.076762937,21.92323706,1,3,0,0,436.2116185,436.2116185,0,435,149,7.893333912
223,0,436.2116185,435,0,-1.211618531,0,-0.02807693014,-1.211618531,-0.02807693014,1.788381469,1.788381469,1,3,0,0,436.2116185,436.2116185,0,435,150,7.984700203
224,0,436.2116185,444,0,7.788381469,0,0.1804807675,7.788381469,0.1804807675,1.788381469,27.21161853,1,10,0,0,436.2116185,436.2116185,0,435,151,8.008367777
225,0,436.2116185,432,5.684341886e-14,-4.211618531,1.317236951e-15,-0.09759616268,-4.211618531,-0.09759616268,4.950667871,4.950667871,1,17,0,0,436.2116185,436.2116185,0,435,152,8.0735991
226,0,435.5,433,-0.7116185313,-3.211618531,-0.01649039138,-0.07442308516,-2.5,-0.05793269378,2.5,2.5,1,13,0,0,436.2116185,436.2116185,0,435,153,8.133102894
227,0,435.5,450,-0.7116185313,13.78838147,-0.01649039138,0.3195192325,14.5,0.3360096239,2.5,26.5,1,7,0,0,436.2116185,436.2116185,0,435,154,8.149786234
228,0,436.2116185,435,0,-1.211618531,0,-0.02807693014,-1.211618531,-0.02807693014,1.788381469,1.788381469,1,3,0,0,436.2116185,436.2116185,0,435,155,8.181817293
229,0,436.2116185,443,0,6.788381469,0,0.15730769,6.788381469,0.15730769,1.788381469,20.21161853,1,9,0,0,436.2116185,436.2116185,0,435,156,8.228446007
230,0,436.2116185,436,0,-0.2116185313,0,-0.004903852629,-0.2116185313,-0.004903852629,0.2116185313,0.2116185313,0,0,1,0,436.2116185,436.2116185,0,435,157,8.266380548
231,0,436,434,-0.2116185313,-2.211618531,-0.004903852629,-0.05125000765,-2,-0.04634615502,0,30,1,11,0,0,436.2116185,436.2116185,0,435,158,8.317041397
232,0,436.2116185,436,0,-0.2116185313,0,-0.004903852629,-0.2116185313,-0.004903852629,0.2116185313,0.2116185313,0,0,1,0,436.2116185,436.2116185,0,435,159,8.330711126
233,0,436,434,-0.2116185313,-2.211618531,-0.004903852629,-0.05125000765,-2,-0.04634615502,0,20,1,5,0,0,436.2116185,436.2116185,0,435,160,8.361270666
234,0,436.2116185,436,0,-0.2116185313,0,-0.004903852629,-0.2116185313,-0.004903852629,0.2116185313,0.2116185313,0,0,1,0,436.2116185,436.2116185,0,435,161,8.378739357
235,0,436,434,-0.2116185313,-2.211618531,-0.004903852629,-0.05125000765,-2,-0.04634615502,0,30,1,10,0,0,436.2116185,436.2116185,0,435,162,8.42589879
236,0,436.2116185,436,0,-0.2116185313,0,-0.004903852629,-0.2116185313,-0.004903852629,1.058092656,1.058092656,0,0,1,0,436.2116185,436.2116185,0,435,163,8.447448969
237,0,436,433,-0.2116185313,-3.211618531,-0.004903852629,-0.07442308516,-3,-0.06951923254,0,29,1,12,0,0,436.2116185,436.2116185,0,435,164,8.506010771
238,0,436.2116185,436,0,-0.2116185313,0,-0.004903852629,-0.2116185313,-0.004903852629,0.2116185313,0.2116185313,0,0,1,0,436.2116185,436.2116185,0,435,165,8.520415783
239,0,436,434,-0.2116185313,-2.211618531,-0.004903852629,-0.05125000765,-2,-0.04634615502,0,16,1,6,0,0,436.2116185,436.2116185,0,435,166,8.560734272
240,0,436.2116185,436,0,-0.2116185313,0,-0.004903852629,-0.2116185313,-0.004903852629,0.2116185313,0.2116185313,0,0,1,0,436.2116185,436.2116185,0,435,167,8.571608305
241,0,436,436,-0.2116185313,-0.2116185313,-0.004903852629,-0.004903852629,0,0,0,26,1,7,0,0,436.2116185,436.2116185,0,435,168,8.60358572
242,0,436.2116185,436,0,-0.2116185313,0,-0.004903852629,-0.2116185313,-0.004903852629,0.2116185313,0.2116185313,0,0,1,0,436.2116185,436.2116185,0,435,169,8.624872684
243,0,436,432,-0.2116185313,-4.211618531,-0.004903852629,-0.09759616268,-4,-0.09269231005,0,10,1,5,0,0,436.2116185,436.2116185,0,435,170,8.663465023
244,0,436.2116185,436,0,-0.2116185313,0,-0.004903852629,-0.2116185313,-0.004903852629,0.2116185313,0.2116185313,0,0,1,0,436.2116185,436.2116185,0,435,171,8.672768593
245,0,436,435,-0.2116185313,-1.211618531,-0.004903852629,-0.02807693014,-1,-0.02317307751,0,27,1,9,0,0,436.2116185,436.2116185,0,435,172,8.686555147
246,0,436.2116185,436,0,-0.2116185313,0,-0.004903852629,-0.2116185313,-0.004903852629,0.2116185313,0.2116185313,0,0,1,0,436.2116185,436.2116185,0,435,173,8.700380564
247,0,436,433,-0.2116185313,-3.211618531,-0.004903852629,-0.07442308516,-3,-0.06951923254,0,17,1,6,0,0,436.2116185,436.2116185,0,435,174,8.73799634
248,0,436.2116185,436,0,-0.2116185313,0,-0.004903852629,-0.2116185313,-0.004903852629,0.2116185313,0.2116185313,0,0,1,0,436.2116185,436.2116185,0,435,175,8.748031616
249,0,436,436,-0.2116185313,-0.2116185313,-0.004903852629,-0.004903852629,0,0,0,28,1,9,0,0,436.2116185,436.2116185,0,435,176,8.762414932
250,0,436.2116185,436,0,-0.2116185313,0,-0.004903852629,-0.2116185313,-0.004903852629,0.2116185313,0.2116185313,0,0,1,0,436.2116185,436.2116185,0,435,177,8.789408922
251,0,436,432,-0.2116185313,-4.211618531,-0.004903852629,-0.09759616268,-4,-0.09269231005,0,10,1,5,0,0,436.2116185,436.2116185,0,435,178,8.852053165
252,0,436.2116185,560,0,123.7883815,0,2.868557759,123.7883815,2.868557759,0.2116185313,284.2116185,1,111,0,0,436.2116185,436.2116185,0,435,179,8.861740112
253,0,436.2116185,430,0,-6.211618531,0,-0.1439423177,-6.211618531,-0.1439423177,17.26008063,17.26008063,1,54,0,0,436.2116185,436.2116185,0,435,180,8.945389986
254,0,436.2116185,430,0,-6.211618531,0,-0.1439423177,-6.211618531,-0.1439423177,6.211618531,6.211618531,1,53,0,0,436.2116185,436.2116185,0,435,181,9.073191166
255,0,436,442,-0.2116185313,5.788381469,-0.004903852629,0.1341346124,6,0.1390384651,6,6,0,0,1,0,436.2116185,436.2116185,0,435,182,9.086938858
256,0,436.2116185,432,0,-4.211618531,0,-0.09759616268,-4.211618531,-0.09759616268,5.365144406,5.365144406,1,47,0,0,436.2116185,436.2116185,0,435,183,9.098981142
257,0,436.2116185,433,0,-3.211618531,0,-0.07442308516,-3.211618531,-0.07442308516,4.481329719,4.481329719,1,43,0,0,436.2116185,436.2116185,0,435,184,9.162286282
258,0,436,447,-0.2116185313,10.78838147,-0.004903852629,0.25,11,0.2549038526,3,19,1,6,0,0,436.2116185,436.2116185,0,435,185,9.288204432
259,0,436.2116185,432,0,-4.211618531,0,-0.09759616268,-4.211618531,-0.09759616268,5.365144406,5.365144406,1,55,0,0,436.2116185,436.2116185,0,435,186,9.35701704
260,0,436.2116185,441,0,4.788381469,0,0.1109615349,4.788381469,0.1109615349,5.365144406,21.63485559,1,5,0,0,436.2116185,436.2116185,0,435,187,9.479864597
261,0,436.2116185,433,0,-3.211618531,0,-0.07442308516,-3.211618531,-0.07442308516,3.211618531,3.211618531,1,43,0,0,436.2116185,436.2116185,0,435,188,9.661078691
262,0,436,442,-0.2116185313,5.788381469,-0.004903852629,0.1341346124,6,0.1390384651,3,16,1,5,0,0,436.2116185,436.2116185,0,435,189,9.679924011
263,0,436.2116185,435,0,-1.211618531,0,-0.02807693014,-1.211618531,-0.02807693014,2.365144406,2.365144406,1,27,0,0,436.2116185,436.2116185,0,435,190,9.703180075
264,0,436.2116185,442,0,5.788381469,0,0.1341346124,5.788381469,0.1341346124,1.788381469,21.21161853,1,5,0,0,436.2116185,436.2116185,0,435,191,9.73374033
265,0,436.2116185,436,0,-0.2116185313,0,-0.004903852629,-0.2116185313,-0.004903852629,0.6348555939,0.6348555939,0,0,1,0,436.2116185,436.2116185,0,435,192,9.77550292
266,0,436,432,-0.2116185313,-4.211618531,-0.004903852629,-0.09759616268,-4,-0.09269231005,0,12,1,6,0,0,436.2116185,436.2116185,0,435,193,9.830655813
267,0,436.2116185,436,0,-0.2116185313,0,-0.004903852629,-0.2116185313,-0.004903852629,0.2116185313,0.2116185313,0,0,1,0,436.2116185,436.2116185,0,435,194,9.842391014
268,0,436,433,-0.2116185313,-3.211618531,-0.004903852629,-0.07442308516,-3,-0.06951923254,0,29,1,13,0,0,436.2116185,436.2116185,0,435,195,9.865904808
269,0,436.2116185,436,0,-0.2116185313,0,-0.004903852629,-0.2116185313,-0.004903852629,0.2116185313,0.2116185313,0,0,1,0,436.2116185,436.2116185,0,435,196,9.880093336
270,0,436,433,-0.2116185313,-3.211618531,-0.004903852629,-0.07442308516,-3,-0.06951923254,0,19,1,7,0,0,436.2116185,436.2116185,0,435,197,9.910575867
271,0,436.2116185,436,0,-0.2116185313,0,-0.004903852629,-0.2116185313,-0.004903852629,0.2116185313,0.2116185313,0,0,1,0,436.2116185,436.2116185,0,435,198,9.924429655
272,0,436,431,-0.2116185313,-5.211618531,-0.004903852629,-0.1207692402,-5,-0.1158653876,0,29,1,13,0,0,436.2116185,436.2116185,0,435,199,9.963662624
273,0,436.2116185,436,0,-0.2116185313,0,-0.004903852629,-0.2116185313,-0.004903852629,0.2116185313,0.2116185313,0,0,1,0,436.2116185,436.2116185,0,435,200,9.975314617
274,0,436,433,-0.2116185313,-3.211618531,-0.004903852629,-0.07442308516,-3,-0.06951923254,0,15,1,5,0,0,436.2116185,436.2116185,0,435,201,9.996752024
275,0,436.2116185,436,0,-0.2116185313,0,-0.004903852629,-0.2116185313,-0.004903852629,0.2116185313,0.2116185313,0,0,1,0,436.2116185,436.2116185,0,435,202,10.00657606
276,0,436,433,-0.2116185313,-3.211618531,-0.004903852629,-0.07442308516,-3,-0.06951923254,0,25,1,9,0,0,436.2116185,436.2116185,0,435,203,10.02062345
277,0,436.2116185,436,0,-0.2116185313,0,-0.004903852629,-0.2116185313,-0.004903852629,0.2116185313,0.2116185313,0,0,1,0,436.2116185,436.2116185,0,435,204,10.03191328
278,0,436,434,-0.2116185313,-2.211618531,-0.004903852629,-0.05125000765,-2,-0.04634615502,0,18,1,5,0,0,436.2116185,436.2116185,0,435,205,10.05994153
279,0,436.2116185,436,0,-0.2116185313,0,-0.004903852629,-0.2116185313,-0.004903852629,0.2116185313,0.2116185313,0,0,1,0,436.2116185,436.2116185,0,435,206,10.07310581
280,0,436,431,-0.2116185313,-5.211618531,-0.004903852629,-0.1207692402,-5,-0.1158653876,0,27,1,12,0,0,436.2116185,436.2116185,0,435,207,10.09896898
281,0,436.2116185,436,0,-0.2116185313,0,-0.004903852629,-0.2116185313,-0.004903852629,0.2116185313,0.2116185313,0,0,1,0,436.2116185,436.2116185,0,435,208,10.11167359
282,0,436,435,-0.2116185313,-1.211618531,-0.004903852629,-0.02807693014,-1,-0.02317307751,0,19,1,5,0,0,436.2116185,436.2116185,0,435,209,10.13895273
283,0,436.2116185,436,0,-0.2116185313,0,-0.004903852629,-0.2116185313,-0.004903852629,0.2116185313,0.2116185313,0,0,1,0,436.2116185,436.2116185,0,435,210,10.14931059
284,0,436,433,-0.2116185313,-3.211618531,-0.004903852629,-0.07442308516,-3,-0.06951923254,0,23,1,6,0,0,436.2116185,436.2116185,0,435,211,10.16575813
285,0,436.2116185,436,0,-0.2116185313,0,-0.004903852629,-0.2116185313,-0.004903852629,0.2116185313,0.2116185313,0,0,1,0,436.2116185,436.2116185,0,435,212,10.17786717
286,0,436,431,-0.2116185313,-5.211618531,-0.004903852629,-0.1207692402,-5,-0.1158653876,0,29,1,13,0,0,436.2116185,436.2116185,0,435,213,10.20185208
287,0,436.2116185,436,0,-0.2116185313,0,-0.004903852629,-0.2116185313,-0.004903852629,0.2116185313,0.2116185313,0,0,1,0,436.2116185,436.2116185,0,435,214,10.21318626
288,0,436,432,-0.2116185313,-4.211618531,-0.004903852629,-0.09759616268,-4,-0.09269231005,0,26,1,9,0,0,436.2116185,436.2116185,0,435,215,10.23483753
289,0,436.2116185,436,0,-0.2116185313,0,-0.004903852629,-0.2116185313,-0.004903852629,0.2116185313,0.2116185313,0,0,1,0,436.2116185,436.2116185,0,435,216,10.24461317
290,0,436,431,-0.2116185313,-5.211618531,-0.004903852629,-0.1207692402,-5,-0.1158653876,0,27,1,12,0,0,436.2116185,436.2116185,0,435,217,10.25847006
291,0,436.2116185,541,0,104.7883815,0,2.428269286,104.7883815,2.428269286,0.2116185313,287.2116185,1,151,0,0,436.2116185,436.2116185,0,435,218,10.26821852
292,0,436.2116185,433,0,-3.211618531,0,-0.07442308516,-3.211618531,-0.07442308516,15.38381469,15.38381469,1,30,0,0,436.2116185,436.2116185,0,435,219,10.36881208
293,0,436.2116185,432,0,-4.211618531,0,-0.09759616268,-4.211618531,-0.09759616268,8.076762937,8.076762937,1,35,0,0,436.2116185,436.2116185,0,435,220,10.53400755
294,0,436.2116185,431,0,-5.211618531,0,-0.1207692402,-5.211618531,-0.1207692402,7.698477739,7.698477739,1,36,0,0,436.2116185,436.2116185,0,435,221,10.58713293
295,0,436.2116185,432,0,-4.211618531,0,-0.09759616268,-4.211618531,-0.09759616268,6.076762937,6.076762937,1,19,0,0,436.2116185,436.2116185,0,435,222,10.67051673
296,0,436.2116185,433,0,-3.211618531,0,-0.07442308516,-3.211618531,-0.07442308516,4.941907344,4.941907344,1,18,0,0,436.2116185,436.2116185,0,435,223,10.76650548
297,0,436.2116185,448,0,11.78838147,0,0.2731730775,11.78838147,0.2731730775,4.365144406,20.63485559,1,7,0,0,436.2116185,436.2116185,0,435,224,10.81332612
298,0,436.2116185,433,0,-3.211618531,0,-0.07442308516,-3.211618531,-0.07442308516,3.788381469,3.788381469,1,18,0,0,436.2116185,436.2116185,0,435,225,10.96634269
299,0,436.2116185,439,0,2.788381469,0,0.06461537991,2.788381469,0.06461537991,3.788381469,10.21161853,1,5,0,0,436.2116185,436.2116185,0,435,226,10.99857664
300,0,436.2116185,435,0,-1.211618531,0,-0.02807693014,-1.211618531,-0.02807693014,1.788381469,1.788381469,1,7,0,0,436.2116185,436.2116185,0,435,227,11.05876875
301,0,436.2116185,442,0,5.788381469,0,0.1341346124,5.788381469,0.1341346124,1.788381469,13.21161853,1,5,0,0,436.2116185,436.2116185,0,435,228,11.09862971
302,0,436.2116185,436,0,-0.2116185313,0,-0.004903852629,-0.2116185313,-0.004903852629,0.2116185313,0.2116185313,0,0,1,0,436.2116185,436.2116185,0,435,229,11.15153694
303,0,436,435,-0.2116185313,-1.211618531,-0.004903852629,-0.02807693014,-1,-0.02317307751,0,25,1,6,0,0,436.2116185,436.2116185,0,435,230,11.20931816
304,0,436.2116185,436,0,-0.2116185313,0,-0.004903852629,-0.2116185313,-0.004903852629,0.2116185313,0.2116185313,0,0,1,0,436.2116185,436.2116185,0,435,231,11.22568035
305,0,436,433,-0.2116185313,-3.211618531,-0.004903852629,-0.07442308516,-3,-0.06951923254,0,19,1,7,0,0,436.2116185,436.2116185,0,435,232,11.25426888
306,0,436.2116185,436,0,-0.2116185313,0,-0.004903852629,-0.2116185313,-0.004903852629,0.2116185313,0.2116185313,0,0,1,0,436.2116185,436.2116185,0,435,233,11.26730728
307,0,436,435,-0.2116185313,-1.211618531,-0.004903852629,-0.02807693014,-1,-0.02317307751,0,21,1,5,0,0,436.2116185,436.2116185,0,435,234,11.29349327
308,0,436.2116185,436,0,-0.2116185313,0,-0.004903852629,-0.2116185313,-0.004903852629,0.2116185313,0.2116185313,0,0,1,0,436.2116185,436.2116185,0,435,235,11.30793238
309,0,436,435,-0.2116185313,-1.211618531,-0.004903852629,-0.02807693014,-1,-0.02317307751,0,25,1,6,0,0,436.2116185,436.2116185,0,435,236,11.33337545
310,0,436.2116185,436,0,-0.2116185313,0,-0.004903852629,-0.2116185313,-0.004903852629,0.2116185313,0.2116185313,0,0,1,0,436.2116185,436.2116185,0,435,237,11.35156512
311,0,436,433,-0.2116185313,-3.211618531,-0.004903852629,-0.07442308516,-3,-0.06951923254,0,13,1,5,0,0,436.2116185,436.2116185,0,435,238,11.38931561
312,0,436.2116185,436,0,-0.2116185313,0,-0.004903852629,-0.2116185313,-0.004903852629,0.6348555939,0.6348555939,0,0,1,0,436.2116185,436.2116185,0,435,239,11.44733572
313,0,436,433,-0.2116185313,-3.211618531,-0.004903852629,-0.07442308516,-3,-0.06951923254,0,25,1,8,0,0,436.2116185,436.2116185,0,435,240,11.5886786
314,0,436.2116185,436,0,-0.2116185313,0,-0.004903852629,-0.2116185313,-0.004903852629,0.2116185313,0.2116185313,0,0,1,0,436.2116185,436.2116185,0,435,241,11.60482526
315,0,436,435,-0.2116185313,-1.211618531,-0.004903852629,-0.02807693014,-1,-0.02317307751,0,19,1,6,0,0,436.2116185,436.2116185,0,435,242,11.63973927
316,0,436.2116185,436,0,-0.2116185313,0,-0.004903852629,-0.2116185313,-0.004903852629,0.2116185313,0.2116185313,0,0,1,0,436.2116185,436.2116185,0,435,243,11.65296197
317,0,436,433,-0.2116185313,-3.211618531,-0.004903852629,-0.07442308516,-3,-0.06951923254,0,19,1,5,0,0,436.2116185,436.2116185,0,435,244,11.68467379
318,0,436.2116185,436,0,-0.2116185313,0,-0.004903852629,-0.2116185313,-0.004903852629,0.2116185313,0.2116185313,0,0,1,0,436.2116185,436.2116185,0,435,245,11.70003724
319,0,436,432,-0.2116185313,-4.211618531,-0.004903852629,-0.09759616268,-4,-0.09269231005,0,10,1,4,0,0,436.2116185,436.2116185,0,435,246,11.74021387
320,0,436,436,-0.2116185313,-0.2116185313,-0.004903852629,-0.004903852629,0,0,0,0,0,0,1,0,436.2116185,436.2116185,0,435,247,11.74663591
321,0,436,432,-0.2116185313,-4.211618531,-0.004903852629,-0.09759616268,-4,-0.09269231005,0,14,1,5,0,0,436.2116185,436.2116185,0,435,248,11.7535665
322,0,436.2116185,436,0,-0.2116185313,0,-0.004903852629,-0.2116185313,-0.004903852629,0.2116185313,0.2116185313,0,0,1,0,436.2116185,436.2116185,0,435,249,11.76672077
323,0,436,432,-0.2116185313,-4.211618531,-0.004903852629,-0.09759616268,-4,-0.09269231005,0,28,1,15,0,0,436.2116185,436.2116185,0,435,250,11.79123449
324,0,436.2116185,436,0,-0.2116185313,0,-0.004903852629,-0.2116185313,-0.004903852629,0.2116185313,0.2116185313,0,0,1,0,436.2116185,436.2116185,0,435,251,11.80749345
325,0,436,433,-0.2116185313,-3.211618531,-0.004903852629,-0.07442308516,-3,-0.06951923254,0,15,1,5,0,0,436.2116185,436.2116185,0,435,252,11.84833598
326,0,436.2116185,436,0,-0.2116185313,0,-0.004903852629,-0.2116185313,-0.004903852629,0.2116185313,0.2116185313,0,0,1,0,436.2116185,436.2116185,0,435,253,11.8650403
327,0,436,432,-0.2116185313,-4.211618531,-0.004903852629,-0.09759616268,-4,-0.09269231005,0,10,1,5,0,0,436.2116185,436.2116185,0,435,254,11.91823745
328,0,436.2116185,436,0,-0.2116185313,0,-0.004903852629,-0.2116185313,-0.004903852629,0.2116185313,0.2116185313,0,0,1,0,436.2116185,436.2116185,0,435,255,11.92833996
329,0,436,432,-0.2116185313,-4.211618531,-0.004903852629,-0.09759616268,-4,-0.09269231005,0,20,1,6,0,0,436.2116185,436.2116185,0,435,256,11.96149468
330,0,436.2116185,436,0,-0.2116185313,0,-0.004903852629,-0.2116185313,-0.004903852629,0.2116185313,0.2116185313,0,0,1,0,436.2116185,436.2116185,0,435,257,11.97982287
331,0,436,432,-0.2116185313,-4.211618531,-0.004903852629,-0.09759616268,-4,-0.09269231005,0,14,1,7,0,0,436.2116185,436.2116185,0,435,258,12.01255441
332,0,436.2116185,436,0,-0.2116185313,0,-0.004903852629,-0.2116185313,-0.004903852629,0.2116185313,0.2116185313,0,0,1,0,436.2116185,436.2116185,0,435,259,12.02636552
333,0,436,433,-0.2116185313,-3.211618531,-0.004903852629,-0.07442308516,-3,-0.06951923254,0,27,1,11,0,0,436.2116185,436.2116185,0,435,260,12.06321764
334,0,436.2116185,436,0,-0.2116185313,0,-0.004903852629,-0.2116185313,-0.004903852629,0.2116185313,0.2116185313,0,0,1,0,436.2116185,436.2116185,0,435,261,12.07708168
335,0,436,435,-0.2116185313,-1.211618531,-0.004903852629,-0.02807693014,-1,-0.02317307751,0,17,1,4,0,0,436.2116185,436.2116185,0,435,262,12.10963202
336,0,436.2116185,436,0,-0.2116185313,0,-0.004903852629,-0.2116185313,-0.004903852629,0.2116185313,0.2116185313,0,0,1,0,436.2116185,436.2116185,0,435,263,12.12409186
337,0,436,432,-0.2116185313,-4.211618531,-0.004903852629,-0.09759616268,-4,-0.09269231005,0,10,1,4,0,0,436.2116185,436.2116185,0,435,264,12.16155052
338,0,436,436,-0.2116185313,-0.2116185313,-0.004903852629,-0.004903852629,0,0,0,0,0,0,1,0,436.2116185,436.2116185,0,435,265,12.16716051
339,0,436,433,-0.2116185313,-3.211618531,-0.004903852629,-0.07442308516,-3,-0.06951923254,0,27,1,11,0,0,436.2116185,436.2116185,0,435,266,12.17459178
340,0,436.2116185,436,0,-0.2116185313,0,-0.004903852629,-0.2116185313,-0.004903852629,0.2116185313,0.2116185313,0,0,1,0,436.2116185,436.2116185,0,435,267,12.1895268
341,0,436,432,-0.2116185313,-4.211618531,-0.004903852629,-0.09759616268,-4,-0.09269231005,0,28,1,14,0,0,436.2116185,436.2116185,0,435,268,12.22845078
342,0,436.2116185,436,0,-0.2116185313,0,-0.004903852629,-0.2116185313,-0.004903852629,0.2116185313,0.2116185313,0,0,1,0,436.2116185,436.2116185,0,435,269,12.24343133
343,0,436,432,-0.2116185313,-4.211618531,-0.004903852629,-0.09759616268,-4,-0.09269231005,0,12,1,5,0,0,436.2116185,436.2116185,0,435,270,12.27548051
344,0,436.2116185,436,0,-0.2116185313,0,-0.004903852629,-0.2116185313,-0.004903852629,0.2116185313,0.2116185313,0,0,1,0,436.2116185,436.2116185,0,435,271,12.28539252
345,0,436,435,-0.2116185313,-1.211618531,-0.004903852629,-0.02807693014,-1,-0.02317307751,0,21,1,6,0,0,436.2116185,436.2116185,0,435,272,12.31981707
346,0,436.2116185,436,0,-0.2116185313,0,-0.004903852629,-0.2116185313,-0.004903852629,0.2116185313,0.2116185313,0,0,1,0,436.2116185,436.2116185,0,435,273,12.33257461
347,0,436,433,-0.2116185313,-3.211618531,-0.004903852629,-0.07442308516,-3,-0.06951923254,0,25,1,6,0,0,436.2116185,436.2116185,0,435,274,12.35411
348,0,436.2116185,436,0,-0.2116185313,0,-0.004903852629,-0.2116185313,-0.004903852629,0.2116185313,0.2116185313,0,0,1,0,436.2116185,436.2116185,0,435,275,12.3742888
349,0,436,431,-0.2116185313,-5.211618531,-0.004903852629,-0.1207692402,-5,-0.1158653876,0,27,1,12,0,0,436.2116185,436.2116185,0,435,276,12.42861462
350,0,436.2116185,534,0,97.78838147,0,2.266057744,97.78838147,2.266057744,0.2116185313,294.2116185,1,205,0,0,436.2116185,436.2116185,0,435,277,12.44115925
351,0,436.2116185,434,5.684341886e-14,-2.211618531,1.317236951e-15,-0.05125000765,-2.211618531,-0.05125000765,11.61015386,11.61015386,1,11,0,0,436.2116185,436.2116185,0,435,278,12.5865984
352,0,436.2116185,433,0,-3.211618531,0,-0.07442308516,-3.211618531,-0.07442308516,5.698477739,5.698477739,1,12,0,0,436.2116185,436.2116185,0,435,279,12.78427005
353,0,436.2116185,442,0,5.788381469,0,0.1341346124,5.788381469,0.1341346124,5.243429604,15.7565704,0,0,1,0,436.2116185,436.2116185,0,435,280,12.84834576
354,0,436.2116185,437,0,0.7883814687,0,0.01826922488,0.7883814687,0.01826922488,1.576762937,1.576762937,0,0,1,0,436.2116185,436.2116185,0,435,281,12.94813943
355,0,436.2116185,437,0,0.7883814687,0,0.01826922488,0.7883814687,0.01826922488,1.576762937,8.423237063,1,1,0,0,436.2116185,436.2116185,0,435,282,13.00702381
356,0,436.2116185,436,0,-0.2116185313,0,-0.004903852629,-0.2116185313,-0.004903852629,1.788381469,1.788381469,1,1,0,0,436.2116185,436.2116185,0,435,283,13.09092093
357,0,436.2116185,448,0,11.78838147,0,0.2731730775,11.78838147,0.2731730775,1.788381469,22.21161853,1,4,0,0,436.2116185,436.2116185,0,435,284,13.09565473
358,0,436.2116185,437,0,0.7883814687,0,0.01826922488,0.7883814687,0.01826922488,1.576762937,1.576762937,0,0,1,0,436.2116185,436.2116185,0,435,285,13.1942265
359,0,436.2116185,440,0,3.788381469,0,0.08778845742,3.788381469,0.08778845742,1.576762937,13.42323706,1,4,0,0,436.2116185,436.2116185,0,435,286,13.2505753
360,0,436.2116185,436,0,-0.2116185313,0,-0.004903852629,-0.2116185313,-0.004903852629,0.2116185313,0.2116185313,0,0,1,0,436.2116185,436.2116185,0,435,287,13.359236
361,0,436,431,-0.2116185313,-5.211618531,-0.004903852629,-0.1207692402,-5,-0.1158653876,0,11,1,7,0,0,436.2116185,436.2116185,0,435,288,13.39373755
362,0,436.2116185,436,0,-0.2116185313,0,-0.004903852629,-0.2116185313,-0.004903852629,0.6348555939,0.6348555939,0,0,1,0,436.2116185,436.2116185,0,435,289,13.41263485
363,0,436,434,-0.2116185313,-2.211618531,-0.004903852629,-0.05125000765,-2,-0.04634615502,0,18,1,5,0,0,436.2116185,436.2116185,0,435,290,13.46294332
364,0,436.2116185,436,0,-0.2116185313,0,-0.004903852629,-0.2116185313,-0.004903852629,0.2116185313,0.2116185313,0,0,1,0,436.2116185,436.2116185,0,435,291,13.47679973
365,0,436,435,-0.2116185313,-1.211618531,-0.004903852629,-0.02807693014,-1,-0.02317307751,0,29,1,9,0,0,436.2116185,436.2116185,0,435,292,13.50237656
366,0,436.2116185,436,0,-0.2116185313,0,-0.004903852629,-0.2116185313,-0.004903852629,0.2116185313,0.2116185313,0,0,1,0,436.2116185,436.2116185,0,435,293,13.51877475
367,0,436,432,-0.2116185313,-4.211618531,-0.004903852629,-0.09759616268,-4,-0.09269231005,0,14,1,6,0,0,436.2116185,436.2116185,0,435,294,13.55198216
368,0,436.2116185,436,0,-0.2116185313,0,-0.004903852629,-0.2116185313,-0.004903852629,0.6348555939,0.6348555939,0,0,1,0,436.2116185,436.2116185,0,435,295,13.56475687
369,0,436,432,-0.2116185313,-4.211618531,-0.004903852629,-0.09759616268,-4,-0.09269231005,0,14,1,6,0,0,436.2116185,436.2116185,0,435,296,13.59591174
370,0,436.2116185,436,0,-0.2116185313,0,-0.004903852629,-0.2116185313,-0.004903852629,0.2116185313,0.2116185313,0,0,1,0,436.2116185,436.2116185,0,435,297,13.60831285
371,0,436,434,-0.2116185313,-2.211618531,-0.004903852629,-0.05125000765,-2,-0.04634615502,0,28,1,12,0,0,436.2116185,436.2116185,0,435,298,13.625705
372,0,436.2116185,436,0,-0.2116185313,0,-0.004903852629,-0.2116185313,-0.004903852629,1.058092656,1.058092656,0,0,1,0,436.2116185,436.2116185,0,435,299,13.64164829
373,0,436,436,-0.2116185313,-0.2116185313,-0.004903852629,-0.004903852629,0,0,0,30,1,7,0,0,436.2116185,436.2116185,0,435,300,13.68405747
374,0,436.2116185,436,0,-0.2116185313,0,-0.004903852629,-0.2116185313,-0.004903852629,0.2116185313,0.2116185313,0,0,1,0,436.2116185,436.2116185,0,435,301,13.704669
375,0,436,433,-0.2116185313,-3.211618531,-0.004903852629,-0.07442308516,-3,-0.06951923254,0,15,1,6,0,0,436.2116185,436.2116185,0,435,302,13.75350046
376,0,436.2116185,436,0,-0.2116185313,0,-0.004903852629,-0.2116185313,-0.004903852629,0.2116185313,0.2116185313,0,0,1,0,436.2116185,436.2116185,0,435,303,13.76606202
377,0,436,435,-0.2116185313,-1.211618531,-0.004903852629,-0.02807693014,-1,-0.02317307751,0,29,1,10,0,0,436.2116185,436.2116185,0,435,304,13.78290129
378,0,436.2116185,436,0,-0.2116185313,0,-0.004903852629,-0.2116185313,-0.004903852629,0.2116185313,0.2116185313,0,0,1,0,436.2116185,436.2116185,0,435,305,13.79871559
379,0,436,433,-0.2116185313,-3.211618531,-0.004903852629,-0.07442308516,-3,-0.06951923254,0,19,1,7,0,0,436.2116185,436.2116185,0,435,306,13.84071112
380,0,436.2116185,436,0,-0.2116185313,0,-0.004903852629,-0.2116185313,-0.004903852629,0.2116185313,0.2116185313,0,0,1,0,436.2116185,436.2116185,0,435,307,13.85454559
381,0,436,434,-0.2116185313,-2.211618531,-0.004903852629,-0.05125000765,-2,-0.04634615502,0,26,1,9,0,0,436.2116185,436.2116185,0,435,308,13.88634396
382,0,436.2116185,436,0,-0.2116185313,0,-0.004903852629,-0.2116185313,-0.004903852629,0.2116185313,0.2116185313,0,0,1,0,436.2116185,436.2116185,0,435,309,13.90156674
383,0,436,432,-0.2116185313,-4.211618531,-0.004903852629,-0.09759616268,-4,-0.09269231005,0,10,1,5,0,0,436.2116185,436.2116185,0,435,310,13.93470359
384,0,436.2116185,436,0,-0.2116185313,0,-0.004903852629,-0.2116185313,-0.004903852629,0.2116185313,0.2116185313,0,0,1,0,436.2116185,436.2116185,0,435,311,13.94440818
385,0,436,435,-0.2116185313,-1.211618531,-0.004903852629,-0.02807693014,-1,-0.02317307751,0,19,1,5,0,0,436.2116185,436.2116185,0,435,312,13.9609561
386,0,436.2116185,436,0,-0.2116185313,0,-0.004903852629,-0.2116185313,-0.004903852629,0.2116185313,0.2116185313,0,0,1,0,436.2116185,436.2116185,0,435,313,13.97918773
387,0,436,434,-0.2116185313,-2.211618531,-0.004903852629,-0.05125000765,-2,-0.04634615502,0,30,1,10,0,0,436.2116185,436.2116185,0,435,314,14.01892352
388,0,436.2116185,436,0,-0.2116185313,0,-0.004903852629,-0.2116185313,-0.004903852629,0.2116185313,0.2116185313,0,0,1,0,436.2116185,436.2116185,0,435,315,14.03522706
389,0,436,436,-0.2116185313,-0.2116185313,-0.004903852629,-0.004903852629,0,0,0,22,1,5,0,0,436.2116185,436.2116185,0,435,316,14.07136345
390,0,436.2116185,436,0,-0.2116185313,0,-0.004903852629,-0.2116185313,-0.004903852629,0.2116185313,0.2116185313,0,0,1,0,436.2116185,436.2116185,0,435,317,14.0931921
391,0,436,434,-0.2116185313,-2.211618531,-0.004903852629,-0.05125000765,-2,-0.04634615502,0,20,1,5,0,0,436.2116185,436.2116185,0,435,318,14.1318891
392,0,436.2116185,538,0,101.7883815,0,2.358750054,101.7883815,2.358750054,0.2116185313,270.2116185,1,152,0,0,436.2116185,436.2116185,0,435,319,14.14781284
393,0,436.2116185,425,0,-11.21161853,0,-0.2598077053,-11.21161853,-0.2598077053,34.12540113,34.12540113,1,59,0,0,436.2116185,436.2116185,0,435,320,14.3201139
394,0,436.2116185,432,0,-4.211618531,0,-0.09759616268,-4.211618531,-0.09759616268,5.365144406,5.365144406,1,39,0,0,436.2116185,436.2116185,0,435,321,14.49673152
395,0,436.2116185,450,0,13.78838147,0,0.3195192325,13.78838147,0.3195192325,5.365144406,22.63485559,1,2,0,0,436.2116185,436.2116185,0,435,322,14.5881989
396,0,436.2116185,432,0,-4.211618531,0,-0.09759616268,-4.211618531,-0.09759616268,4.788381469,4.788381469,1,39,0,0,436.2116185,436.2116185,0,435,323,14.74041939
397,0,436.2116185,447,0,10.78838147,0,0.25,10.78838147,0.25,4.788381469,20.21161853,1,2,0,0,436.2116185,436.2116185,0,435,324,14.79064012
398,0,436.2116185,433,0,-3.211618531,0,-0.07442308516,-3.211618531,-0.07442308516,3.211618531,3.211618531,1,13,0,0,436.2116185,436.2116185,0,435,325,14.8566165
399,0,436,450,-0.2116185313,13.78838147,-0.004903852629,0.3195192325,14,0.3244230852,3,24,1,3,0,0,436.2116185,436.2116185,0,435,326,14.92571712
400,0,436.2116185,435,0,-1.211618531,0,-0.02807693014,-1.211618531,-0.02807693014,2.365144406,2.365144406,1,7,0,0,436.2116185,436.2116185,0,435,327,14.96513152
401,0,436.2116185,438,0,1.788381469,0,0.04144230239,1.788381469,0.04144230239,2.365144406,10.63485559,1,1,0,0,436.2116185,436.2116185,0,435,328,15.02423096
402,0,436.2116185,435,0,-1.211618531,0,-0.02807693014,-1.211618531,-0.02807693014,1.788381469,1.788381469,1,7,0,0,436.2116185,436.2116185,0,435,329,15.19464588
403,0,436.2116185,441,0,4.788381469,0,0.1109615349,4.788381469,0.1109615349,1.788381469,10.21161853,0,0,1,0,436.2116185,436.2116185,0,435,330,15.19964647
404,0,436.2116185,435,0,-1.211618531,0,-0.02807693014,-1.211618531,-0.02807693014,1.788381469,1.788381469,1,7,0,0,436.2116185,436.2116185,0,435,331,15.24394727
405,0,436.2116185,446,0,9.788381469,0,0.2268269225,9.788381469,0.2268269225,1.788381469,19.21161853,1,2,0,0,436.2116185,436.2116185,0,435,332,15.27559543
406,0,436.2116185,435,0,-1.211618531,0,-0.02807693014,-1.211618531,-0.02807693014,1.788381469,1.788381469,1,7,0,0,436.2116185,436.2116185,0,435,333,15.31932116
407,0,436.2116185,451,0,14.78838147,0,0.34269231,14.78838147,0.34269231,1.788381469,28.21161853,1,3,0,0,436.2116185,436.2116185,0,435,334,15.37253475
408,0,436.2116185,435,0,-1.211618531,0,-0.02807693014,-1.211618531,-0.02807693014,1.788381469,1.788381469,1,7,0,0,436.2116185,436.2116185,0,435,335,15.44767046
409,0,436.2116185,447,0,10.78838147,0,0.25,10.78838147,0.25,1.788381469,24.21161853,1,5,0,0,436.2116185,436.2116185,0,435,336,15.492836
410,0,436.2116185,435,0,-1.211618531,0,-0.02807693014,-1.211618531,-0.02807693014,1.788381469,1.788381469,1,7,0,0,436.2116185,436.2116185,0,435,337,15.53586936
411,0,436.2116185,446,0,9.788381469,0,0.2268269225,9.788381469,0.2268269225,1.788381469,21.21161853,1,3,0,0,436.2116185,436.2116185,0,435,338,15.58618283
412,0,436.2116185,435,0,-1.211618531,0,-0.02807693014,-1.211618531,-0.02807693014,1.788381469,1.788381469,1,7,0,0,436.2116185,436.2116185,0,435,339,15.6426003
413,0,436.2116185,447,0,10.78838147,0,0.25,10.78838147,0.25,1.788381469,20.21161853,1,2,0,0,436.2116185,436.2116185,0,435,340,15.68461323
414,0,436.2116185,436,0,-0.2116185313,0,-0.004903852629,-0.2116185313,-0.004903852629,0.2116185313,0.2116185313,0,0,1,0,436.2116185,436.2116185,0,435,341,15.74207115
415,0,436,436,-0.2116185313,-0.2116185313,-0.004903852629,-0.004903852629,0,0,0,22,1,5,0,0,436.2116185,436.2116185,0,435,342,15.79663587
416,0,436.2116185,436,0,-0.2116185313,0,-0.004903852629,-0.2116185313,-0.004903852629,0.2116185313,0.2116185313,0,0,1,0,436.2116185,436.2116185,0,435,343,15.81813717
417,0,436,432,-0.2116185313,-4.211618531,-0.004903852629,-0.09759616268,-4,-0.09269231005,0,10,1,5,0,0,436.2116185,436.2116185,0,435,344,15.85308027
418,0,436.2116185,436,0,-0.2116185313,0,-0.004903852629,-0.2116185313,-0.004903852629,0.2116185313,0.2116185313,0,0,1,0,436.2116185,436.2116185,0,435,345,15.86448145
419,0,436,435,-0.2116185313,-1.211618531,-0.004903852629,-0.02807693014,-1,-0.02317307751,0,23,1,6,0,0,436.2116185,436.2116185,0,435,346,15.88066125
420,0,436.2116185,436,0,-0.2116185313,0,-0.004903852629,-0.2116185313,-0.004903852629,0.2116185313,0.2116185313,0,0,1,0,436.2116185,436.2116185,0,435,347,15.89919353
421,0,436,434,-0.2116185313,-2.211618531,-0.004903852629,-0.05125000765,-2,-0.04634615502,0,24,1,7,0,0,436.2116185,436.2116185,0,435,348,15.93683195
422,0,436.2116185,436,0,-0.2116185313,0,-0.004903852629,-0.2116185313,-0.004903852629,0.2116185313,0.2116185313,0,0,1,0,436.2116185,436.2116185,0,435,349,15.95105839
423,0,436,432,-0.2116185313,-4.211618531,-0.004903852629,-0.09759616268,-4,-0.09269231005,0,10,1,5,0,0,436.2116185,436.2116185,0,435,350,15.97791481
424,0,436.2116185,436,0,-0.2116185313,0,-0.004903852629,-0.2116185313,-0.004903852629,0.2116185313,0.2116185313,0,0,1,0,436.2116185,436.2116185,0,435,351,15.98834848
425,0,436,434,-0.2116185313,-2.211618531,-0.004903852629,-0.05125000765,-2,-0.04634615502,0,24,1,7,0,0,436.2116185,436.2116185,0,435,352,16.0047524
426,0,436.2116185,536,0,99.78838147,0,2.312403899,99.78838147,2.312403899,0.2116185313,272.2116185,1,204,0,0,436.2116185,436.2116185,0,435,353,16.02310634
427,0,436.2116185,427,0,-9.211618531,0,-0.2134615502,-9.211618531,-0.2134615502,15.60304452,15.60304452,1,38,0,0,436.2116185,436.2116185,0,435,354,16.15534043
428,0,435.5,433,-0.7116185313,-3.211618531,-0.01649039138,-0.07442308516,-2.5,-0.05793269378,2.5,2.5,1,12,0,0,436.2116185,436.2116185,0,435,355,16.41845441
429,0,435.5,448,-0.7116185313,11.78838147,-0.01649039138,0.2731730775,12.5,0.2896634689,2.5,16.5,1,3,0,0,436.2116185,436.2116185,0,435,356,16.43266678
430,0,436.2116185,436,0,-0.2116185313,0,-0.004903852629,-0.2116185313,-0.004903852629,0.2116185313,0.2116185313,0,0,1,0,436.2116185,436.2116185,0,435,357,16.46136284
431,0,436,434,-0.2116185313,-2.211618531,-0.004903852629,-0.05125000765,-2,-0.04634615502,0,20,1,6,0,0,436.2116185,436.2116185,0,435,358,16.52044415
432,0,436.2116185,436,0,-0.2116185313,0,-0.004903852629,-0.2116185313,-0.004903852629,0.2116185313,0.2116185313,0,0,1,0,436.2116185,436.2116185,0,435,359,16.5363493
433,0,436,435,-0.2116185313,-1.211618531,-0.004903852629,-0.02807693014,-1,-0.02317307751,0,23,1,6,0,0,436.2116185,436.2116185,0,435,360,16.56644559
434,0,436.2116185,436,0,-0.2116185313,0,-0.004903852629,-0.2116185313,-0.004903852629,0.2116185313,0.2116185313,0,0,1,0,436.2116185,436.2116185,0,435,361,16.58559799
435,0,436,432,-0.2116185313,-4.211618531,-0.004903852629,-0.09759616268,-4,-0.09269231005,0,14,1,6,0,0,436.2116185,436.2116185,0,435,362,16.62729311
436,0,436.2116185,436,0,-0.2116185313,0,-0.004903852629,-0.2116185313,-0.004903852629,0.2116185313,0.2116185313,0,0,1,0,436.2116185,436.2116185,0,435,363,16.63902593
437,0,436,435,-0.2116185313,-1.211618531,-0.004903852629,-0.02807693014,-1,-0.02317307751,0,19,1,6,0,0,436.2116185,436.2116185,0,435,364,16.65523982
438,0,436.2116185,436,0,-0.2116185313,0,-0.004903852629,-0.2116185313,-0.004903852629,0.2116185313,0.2116185313,0,0,1,0,436.2116185,436.2116185,0,435,365,16.66959119
439,0,436,436,-0.2116185313,-0.2116185313,-0.004903852629,-0.004903852629,0,0,0,22,1,5,0,0,436.2116185,436.2116185,0,435,366,16.70282555
440,0,436.2116185,436,0,-0.2116185313,0,-0.004903852629,-0.2116185313,-0.004903852629,0.2116185313,0.2116185313,0,0,1,0,436.2116185,436.2116185,0,435,367,16.72588515
441,0,436,432,-0.2116185313,-4.211618531,-0.004903852629,-0.09759616268,-4,-0.09269231005,0,10,1,5,0,0,436.2116185,436.2116185,0,435,368,16.77535033
442,0,436.2116185,542,0,105.7883815,0,2.451442364,105.7883815,2.451442364,0.2116185313,281.7883815,1,193,0,0,436.2116185,436.2116185,0,435,369,16.78504491
443,0,436.2116185,414,0,-22.21161853,0,-0.5147115579,-22.21161853,-0.5147115579,24.28838147,24.28838147,1,153,0,0,436.2116185,436.2116185,0,435,370,16.8827908
444,0,434.6666667,432,-1.544951865,-4.211618531,-0.03580128931,-0.09759616268,-2.666666667,-0.06179487336,3.333333333,3.333333333,1,27,0,0,436.2116185,436.2116185,0,435,371,16.99254441
445,0,435,433,-1.211618531,-3.211618531,-0.02807693014,-0.07442308516,-2,-0.04634615502,2,2,1,26,0,0,436.2116185,436.2116185,0,435,372,17.00836563
446,0,435,450,-1.211618531,13.78838147,-0.02807693014,0.3195192325,15,0.3475961627,2,19,0,0,1,0,436.2116185,436.2116185,0,435,373,17.01334095
447,0,436.2116185,436,0,-0.2116185313,0,-0.004903852629,-0.2116185313,-0.004903852629,0.2116185313,0.2116185313,0,0,1,0,436.2116185,436.2116185,0,435,374,17.03496361
448,0,436,436,-0.2116185313,-0.2116185313,-0.004903852629,-0.004903852629,0,0,0,22,1,5,0,0,436.2116185,436.2116185,0,435,375,17.06805921
449,0,436.2116185,436,0,-0.2116185313,0,-0.004903852629,-0.2116185313,-0.004903852629,0.2116185313,0.2116185313,0,0,1,0,436.2116185,436.2116185,0,435,376,17.08142161
450,0,436,433,-0.2116185313,-3.211618531,-0.004903852629,-0.07442308516,-3,-0.06951923254,0,13,1,5,0,0,436.2116185,436.2116185,0,435,377,17.10059834
451,0,436.2116185,436,0,-0.2116185313,0,-0.004903852629,-0.2116185313,-0.004903852629,0.2116185313,0.2116185313,0,0,1,0,436.2116185,436.2116185,0,435,378,17.11904788
452,0,436,432,-0.2116185313,-4.211618531,-0.004903852629,-0.09759616268,-4,-0.09269231005,0,30,1,11,0,0,436.2116185,436.2116185,0,435,379,17.156533
453,0,436.2116185,436,0,-0.2116185313,0,-0.004903852629,-0.2116185313,-0.004903852629,0.2116185313,0.2116185313,0,0,1,0,436.2116185,436.2116185,0,435,380,17.17303586
454,0,436,429,-0.2116185313,-7.211618531,-0.004903852629,-0.1671153952,-7,-0.1622115426,0,29,1,15,0,0,436.2116185,436.2116185,0,435,381,17.20260763
455,0,436.2116185,436,0,-0.2116185313,0,-0.004903852629,-0.2116185313,-0.004903852629,0.2116185313,0.2116185313,0,0,1,0,436.2116185,436.2116185,0,435,382,17.21366787
456,0,436,432,-0.2116185313,-4.211618531,-0.004903852629,-0.09759616268,-4,-0.09269231005,0,18,1,5,0,0,436.2116185,436.2116185,0,435,383,17.22941184
457,0,436.2116185,436,0,-0.2116185313,0,-0.004903852629,-0.2116185313,-0.004903852629,0.2116185313,0.2116185313,0,0,1,0,436.2116185,436.2116185,0,435,384,17.23626733
458,0,436,432,-0.2116185313,-4.211618531,-0.004903852629,-0.09759616268,-4,-0.09269231005,0,18,1,6,0,0,436.2116185,436.2116185,0,435,385,17.24291444
459,0,436.2116185,500,0,63.78838147,0,1.478173108,63.78838147,1.478173108,0.2116185313,236.2116185,1,171,0,0,436.2116185,436.2116185,0,435,386,17.24934053
460,0,436.2116185,433,0,-3.211618531,0,-0.07442308516,-3.211618531,-0.07442308516,7.313969115,7.313969115,1,34,0,0,436.2116185,436.2116185,0,435,387,17.31344962
461,0,436.2116185,435,0,-1.211618531,0,-0.02807693014,-1.211618531,-0.02807693014,4.365144406,4.365144406,1,10,0,0,436.2116185,436.2116185,0,435,388,17.47846532
462,0,436.2116185,438,0,1.788381469,0,0.04144230239,1.788381469,0.04144230239,4.365144406,6.634855594,1,11,0,0,436.2116185,436.2116185,0,435,389,17.57136846
463,0,436.2116185,437,0,0.7883814687,0,0.01826922488,0.7883814687,0.01826922488,1.576762937,1.576762937,0,0,1,0,436.2116185,436.2116185,0,435,390,17.75923872
464,0,436.2116185,442,0,5.788381469,0,0.1341346124,5.788381469,0.1341346124,1.576762937,11.42323706,1,3,0,0,436.2116185,436.2116185,0,435,391,17.82810402
465,0,436.2116185,436,0,-0.2116185313,0,-0.004903852629,-0.2116185313,-0.004903852629,0.2116185313,0.2116185313,0,0,1,0,436.2116185,436.2116185,0,435,392,17.9590404
466,0,436,435,-0.2116185313,-1.211618531,-0.004903852629,-0.02807693014,-1,-0.02317307751,0,27,1,13,0,0,436.2116185,436.2116185,0,435,393,18.01721454
467,0,436.2116185,436,0,-0.2116185313,0,-0.004903852629,-0.2116185313,-0.004903852629,0.2116185313,0.2116185313,0,0,1,0,436.2116185,436.2116185,0,435,394,18.03271079
468,0,436,432,-0.2116185313,-4.211618531,-0.004903852629,-0.09759616268,-4,-0.09269231005,0,16,1,8,0,0,436.2116185,436.2116185,0,435,395,18.07101846
469,0,436.2116185,436,0,-0.2116185313,0,-0.004903852629,-0.2116185313,-0.004903852629,0.2116185313,0.2116185313,0,0,1,0,436.2116185,436.2116185,0,435,396,18.07680702
470,0,436,436,-0.2116185313,-0.2116185313,-0.004903852629,-0.004903852629,0,0,0,30,1,10,0,0,436.2116185,436.2116185,0,435,397,18.08293676
471,0,436.2116185,436,0,-0.2116185313,0,-0.004903852629,-0.2116185313,-0.004903852629,1.058092656,1.058092656,0,0,1,0,436.2116185,436.2116185,0,435,398,18.10118151
472,0,436,433,-0.2116185313,-3.211618531,-0.004903852629,-0.07442308516,-3,-0.06951923254,0,15,1,6,0,0,436.2116185,436.2116185,0,435,399,18.15124536
473,0,436.2116185,436,0,-0.2116185313,0,-0.004903852629,-0.2116185313,-0.004903852629,0.2116185313,0.2116185313,0,0,1,0,436.2116185,436.2116185,0,435,400,18.16292787
474,0,436,433,-0.2116185313,-3.211618531,-0.004903852629,-0.07442308516,-3,-0.06951923254,0,15,1,7,0,0,436.2116185,436.2116185,0,435,401,18.19049644
475,0,436.2116185,563,0,126.7883815,0,2.938076991,126.7883815,2.938076991,0.2116185313,264.7883815,1,145,0,0,436.2116185,436.2116185,0,435,402,18.20834136
476,0,436.2116185,427,0,-9.211618531,0,-0.2134615502,-9.211618531,-0.2134615502,10.10304452,10.10304452,1,76,0,0,436.2116185,436.2116185,0,435,403,18.32538891
477,0,436.2116185,432,0,-4.211618531,0,-0.09759616268,-4.211618531,-0.09759616268,6.788381469,6.788381469,1,28,0,0,436.2116185,436.2116185,0,435,404,18.5169251
478,0,436.2116185,432,0,-4.211618531,0,-0.09759616268,-4.211618531,-0.09759616268,5.326762937,5.326762937,1,28,0,0,436.2116185,436.2116185,0,435,405,18.56290054
479,0,436.2116185,440,0,3.788381469,0,0.08778845742,3.788381469,0.08778845742,4.865144406,7.288381469,1,2,0,0,436.2116185,436.2116185,0,435,406,18.61611557
480,0,436.2116185,432,0,-4.211618531,0,-0.09759616268,-4.211618531,-0.09759616268,4.211618531,4.211618531,1,27,0,0,436.2116185,436.2116185,0,435,407,18.73074961
481,0,436,452,-0.2116185313,15.78838147,-0.004903852629,0.3658653876,16,0.3707692402,4,24,1,4,0,0,436.2116185,436.2116185,0,435,408,18.77391171
482,0,436.2116185,432,0,-4.211618531,0,-0.09759616268,-4.211618531,-0.09759616268,4.211618531,4.211618531,1,26,0,0,436.2116185,436.2116185,0,435,409,18.81939912
483,0,436,448,-0.2116185313,11.78838147,-0.004903852629,0.2731730775,12,0.2780769301,4,14,0,0,1,0,436.2116185,436.2116185,0,435,410,18.87605619
484,0,436.2116185,432,0,-4.211618531,0,-0.09759616268,-4.211618531,-0.09759616268,4.211618531,4.211618531,1,26,0,0,436.2116185,436.2116185,0,435,411,18.90026021
485,0,436,451,-0.2116185313,14.78838147,-0.004903852629,0.34269231,15,0.3475961627,4,25,1,4,0,0,436.2116185,436.2116185,0,435,412,18.94421935
486,0,436.2116185,435,0,-1.211618531,0,-0.02807693014,-1.211618531,-0.02807693014,2.941907344,2.941907344,1,5,0,0,436.2116185,436.2116185,0,435,413,18.97315192
487,0,436.2116185,442,0,5.788381469,0,0.1341346124,5.788381469,0.1341346124,2.365144406,8.634855594,1,5,0,0,436.2116185,436.2116185,0,435,414,19.03611898
488,0,436.2116185,435,0,-1.211618531,0,-0.02807693014,-1.211618531,-0.02807693014,2.365144406,2.365144406,1,5,0,0,436.2116185,436.2116185,0,435,415,19.16535544
489,0,436.2116185,448,0,11.78838147,0,0.2731730775,11.78838147,0.2731730775,2.365144406,24.63485559,1,4,0,0,436.2116185,436.2116185,0,435,416,19.21966171
490,0,436.2116185,435,0,-1.211618531,0,-0.02807693014,-1.211618531,-0.02807693014,1.788381469,1.788381469,1,5,0,0,436.2116185,436.2116185,0,435,417,19.38410807
491,0,436.2116185,445,0,8.788381469,0,0.203653845,8.788381469,0.203653845,1.788381469,16.21161853,0,0,1,0,436.2116185,436.2116185,0,435,418,19.43329191
492,0,436.2116185,435,0,-1.211618531,0,-0.02807693014,-1.211618531,-0.02807693014,1.788381469,1.788381469,1,5,0,0,436.2116185,436.2116185,0,435,419,19.48772979
493,0,436.2116185,450,0,13.78838147,0,0.3195192325,13.78838147,0.3195192325,1.788381469,27.21161853,1,4,0,0,436.2116185,436.2116185,0,435,420,19.52765536
494,0,436.2116185,435,0,-1.211618531,0,-0.02807693014,-1.211618531,-0.02807693014,1.788381469,1.788381469,1,5,0,0,436.2116185,436.2116185,0,435,421,19.56822991
495,0,436.2116185,448,0,11.78838147,0,0.2731730775,11.78838147,0.2731730775,1.788381469,21.21161853,1,3,0,0,436.2116185,436.2116185,0,435,422,19.60706949
496,0,436.2116185,435,0,-1.211618531,0,-0.02807693014,-1.211618531,-0.02807693014,1.788381469,1.788381469,1,5,0,0,436.2116185,436.2116185,0,435,423,19.6557653
497,0,436.2116185,443,0,6.788381469,0,0.15730769,6.788381469,0.15730769,1.788381469,14.21161853,0,0,1,0,436.2116185,436.2116185,0,435,424,19.69596338
498,0,436.2116185,435,0,-1.211618531,0,-0.02807693014,-1.211618531,-0.02807693014,1.788381469,1.788381469,1,5,0,0,436.2116185,436.2116185,0,435,425,19.75466418
499,0,436.2116185,447,0,10.78838147,0,0.25,10.78838147,0.25,1.788381469,20.21161853,1,3,0,0,436.2116185,436.2116185,0,435,426,19.78872371
500,0,436.2116185,435,0,-1.211618531,0,-0.02807693014,-1.211618531,-0.02807693014,1.788381469,1.788381469,1,5,0,0,436.2116185,436.2116185,0,435,427,19.84720206
501,0,436.2116185,446,0,9.788381469,0,0.2268269225,9.788381469,0.2268269225,1.788381469,13.21161853,0,0,1,0,436.2116185,436.2116185,0,435,428,19.87246776
502,0,436.2116185,436,0,-0.2116185313,0,-0.004903852629,-0.2116185313,-0.004903852629,0.2116185313,0.2116185313,0,0,1,0,436.2116185,436.2116185,0,435,429,19.89238501
503,0,436,432,-0.2116185313,-4.211618531,-0.004903852629,-0.09759616268,-4,-0.09269231005,0,12,1,5,0,0,436.2116185,436.2116185,0,435,430,19.9306252
504,0,436.2116185,436,0,-0.2116185313,0,-0.004903852629,-0.2116185313,-0.004903852629,0.2116185313,0.2116185313,0,0,1,0,436.2116185,436.2116185,0,435,431,19.94475436
505,0,436,431,-0.2116185313,-5.211618531,-0.004903852629,-0.1207692402,-5,-0.1158653876,0,13,1,8,0,0,436.2116185,436.2116185,0,435,432,19.97162795
506,0,436.2116185,535,0,98.78838147,0,2.289230821,98.78838147,2.289230821,0.2116185313,262.7883815,1,143,0,0,436.2116185,436.2116185,0,435,433,19.98675179
507,0,436.2116185,430,0,-6.211618531,0,-0.1439423177,-6.211618531,-0.1439423177,25.90352587,25.90352587,1,40,0,0,436.2116185,436.2116185,0,435,434,20.07965207
508,0,436.2116185,429,0,-7.211618531,0,-0.1671153952,-7.211618531,-0.1671153952,7.788381469,7.788381469,1,33,0,0,436.2116185,436.2116185,0,435,435,20.20492792
509,0,435.5,434,-0.7116185313,-2.211618531,-0.01649039138,-0.05125000765,-1.5,-0.03475961627,1.5,1.5,1,5,0,0,436.2116185,436.2116185,0,435,436,20.23896456
510,0,435.5,442,-0.7116185313,5.788381469,-0.01649039138,0.1341346124,6.5,0.1506250038,1.5,8.5,0,0,1,0,436.2116185,436.2116185,0,435,437,20.24907637
511,0,436.2116185,435,0,-1.211618531,0,-0.02807693014,-1.211618531,-0.02807693014,1.788381469,1.788381469,1,5,0,0,436.2116185,436.2116185,0,435,438,20.26907063
512,0,436.2116185,441,0,4.788381469,0,0.1109615349,4.788381469,0.1109615349,1.788381469,12.21161853,1,1,0,0,436.2116185,436.2116185,0,435,439,20.27357388
513,0,436.2116185,435,0,-1.211618531,0,-0.02807693014,-1.211618531,-0.02807693014,1.788381469,1.788381469,1,5,0,0,436.2116185,436.2116185,0,435,440,20.31823874
514,0,436.2116185,444,0,7.788381469,0,0.1804807675,7.788381469,0.1804807675,1.788381469,13.21161853,0,0,1,0,436.2116185,436.2116185,0,435,441,20.3501637
515,0,436.2116185,435,0,-1.211618531,0,-0.02807693014,-1.211618531,-0.02807693014,1.788381469,1.788381469,1,5,0,0,436.2116185,436.2116185,0,435,442,20.38933253
516,0,436.2116185,441,0,4.788381469,0,0.1109615349,4.788381469,0.1109615349,1.788381469,12.21161853,1,3,0,0,436.2116185,436.2116185,0,435,443,20.43113518
517,0,436.2116185,435,0,-1.211618531,0,-0.02807693014,-1.211618531,-0.02807693014,1.788381469,1.788381469,1,5,0,0,436.2116185,436.2116185,0,435,444,20.46389675
518,0,436.2116185,449,0,12.78838147,0,0.296346155,12.78838147,0.296346155,1.788381469,26.21161853,1,7,0,0,436.2116185,436.2116185,0,435,445,20.49344301
519,0,436.2116185,436,0,-0.2116185313,0,-0.004903852629,-0.2116185313,-0.004903852629,0.2116185313,0.2116185313,0,0,1,0,436.2116185,436.2116185,0,435,446,20.51953864
520,0,436,435,-0.2116185313,-1.211618531,-0.004903852629,-0.02807693014,-1,-0.02317307751,0,19,1,5,0,0,436.2116185,436.2116185,0,435,447,20.57987666
521,0,436.2116185,436,0,-0.2116185313,0,-0.004903852629,-0.2116185313,-0.004903852629,0.2116185313,0.2116185313,0,0,1,0,436.2116185,436.2116185,0,435,448,20.59327197
522,0,436,435,-0.2116185313,-1.211618531,-0.004903852629,-0.02807693014,-1,-0.02317307751,0,21,1,5,0,0,436.2116185,436.2116185,0,435,449,20.62132692
523,0,436.2116185,544,0,107.7883815,0,2.497788519,107.7883815,2.497788519,0.2116185313,276.2116185,1,203,0,0,436.2116185,436.2116185,0,435,450,20.63573885
524,0,436.2116185,434,-5.684341886e-14,-2.211618531,-1.317236951e-15,-0.05125000765,-2.211618531,-0.05125000765,17.67219616,17.67219616,1,16,0,0,436.2116185,436.2116185,0,435,451,20.72322845
525,0,436.2116185,436,0,-0.2116185313,0,-0.004903852629,-0.2116185313,-0.004903852629,2.031811073,2.031811073,1,1,0,0,436.2116185,436.2116185,0,435,452,20.86184502
526,0,436.2116185,447,0,10.78838147,0,0.25,10.78838147,0.25,2.031811073,20.96818893,0,0,1,0,436.2116185,436.2116185,0,435,453,20.91497159
527,0,436.2116185,436,0,-0.2116185313,0,-0.004903852629,-0.2116185313,-0.004903852629,0.2116185313,0.2116185313,0,0,1,0,436.2116185,436.2116185,0,435,454,21.00318098
528,0,436,432,-0.2116185313,-4.211618531,-0.004903852629,-0.09759616268,-4,-0.09269231005,0,12,1,5,0,0,436.2116185,436.2116185,0,435,455,21.05074334
529,0,436.2116185,436,0,-0.2116185313,0,-0.004903852629,-0.2116185313,-0.004903852629,0.2116185313,0.2116185313,0,0,1,0,436.2116185,436.2116185,0,435,456,21.06632137
530,0,436,432,-0.2116185313,-4.211618531,-0.004903852629,-0.09759616268,-4,-0.09269231005,0,10,1,5,0,0,436.2116185,436.2116185,0,435,457,21.09648037
531,0,436.2116185,436,0,-0.2116185313,0,-0.004903852629,-0.2116185313,-0.004903852629,0.2116185313,0.2116185313,0,0,1,0,436.2116185,436.2116185,0,435,458,21.11420703
532,0,436,436,-0.2116185313,-0.2116185313,-0.004903852629,-0.004903852629,0,0,0,24,1,7,0,0,436.2116185,436.2116185,0,435,459,21.16552639
533,0,436.2116185,436,0,-0.2116185313,0,-0.004903852629,-0.2116185313,-0.004903852629,0.2116185313,0.2116185313,0,0,1,0,436.2116185,436.2116185,0,435,460,21.19316792
534,0,436,436,-0.2116185313,-0.2116185313,-0.004903852629,-0.004903852629,0,0,0,22,1,5,0,0,436.2116185,436.2116185,0,435,461,21.25061083
535,0,436.2116185,436,0,-0.2116185313,0,-0.004903852629,-0.2116185313,-0.004903852629,0.2116185313,0.2116185313,0,0,1,0,436.2116185,436.2116185,0,435,462,21.28254128
536,0,436,433,-0.2116185313,-3.211618531,-0.004903852629,-0.07442308516,-3,-0.06951923254,0,13,1,5,0,0,436.2116185,436.2116185,0,435,463,21.34505796
537,0,436.2116185,435,0,-1.211618531,0,-0.02807693014,-1.211618531,-0.02807693014,2.365144406,2.365144406,1,5,0,0,436.2116185,436.2116185,0,435,464,21.41060019
538,0,436.2116185,440,0,3.788381469,0,0.08778845742,3.788381469,0.08778845742,2.365144406,20.63485559,1,37,0,0,436.2116185,436.2116185,0,435,465,21.41591573
539,0,436.2116185,435,0,-1.211618531,0,-0.02807693014,-1.211618531,-0.02807693014,1.788381469,1.788381469,1,5,0,0,436.2116185,436.2116185,0,435,466,21.57343674
540,0,436.2116185,447,0,10.78838147,0,0.25,10.78838147,0.25,1.788381469,22.21161853,1,4,0,0,436.2116185,436.2116185,0,435,467,21.61353588
541,0,436.2116185,435,0,-1.211618531,0,-0.02807693014,-1.211618531,-0.02807693014,1.788381469,1.788381469,1,5,0,0,436.2116185,436.2116185,0,435,468,21.66477847
542,0,436.2116185,443,0,6.788381469,0,0.15730769,6.788381469,0.15730769,1.788381469,16.21161853,1,1,0,0,436.2116185,436.2116185,0,435,469,21.72462702
543,0,436.2116185,435,0,-1.211618531,0,-0.02807693014,-1.211618531,-0.02807693014,1.788381469,1.788381469,1,5,0,0,436.2116185,436.2116185,0,435,470,21.77908635
544,0,436.2116185,442,0,5.788381469,0,0.1341346124,5.788381469,0.1341346124,1.788381469,11.21161853,1,5,0,0,436.2116185,436.2116185,0,435,471,21.80645633
545,0,436.2116185,435,0,-1.211618531,0,-0.02807693014,-1.211618531,-0.02807693014,1.788381469,1.788381469,1,5,0,0,436.2116185,436.2116185,0,435,472,21.85525322
546,0,436.2116185,443,0,6.788381469,0,0.15730769,6.788381469,0.15730769,1.788381469,16.21161853,1,1,0,0,436.2116185,436.2116185,0,435,473,21.90343285
547,0,436.2116185,435,0,-1.211618531,0,-0.02807693014,-1.211618531,-0.02807693014,1.788381469,1.788381469,1,5,0,0,436.2116185,436.2116185,0,435,474,21.95132828
548,0,436.2116185,445,0,8.788381469,0,0.203653845,8.788381469,0.203653845,1.788381469,20.21161853,1,4,0,0,436.2116185,436.2116185,0,435,475,21.97168851
549,0,436.2116185,435,0,-1.211618531,0,-0.02807693014,-1.211618531,-0.02807693014,1.788381469,1.788381469,1,5,0,0,436.2116185,436.2116185,0,435,476,22.01283669
550,0,436.2116185,445,0,8.788381469,0,0.203653845,8.788381469,0.203653845,1.788381469,16.21161853,0,0,1,0,436.2116185,436.2116185,0,435,477,22.04038167
551,0,436.2116185,435,0,-1.211618531,0,-0.02807693014,-1.211618531,-0.02807693014,1.788381469,1.788381469,1,5,0,0,436.2116185,436.2116185,0,435,478,22.08666968
552,0,436.2116185,449,0,12.78838147,0,0.296346155,12.78838147,0.296346155,1.788381469,24.21161853,1,4,0,0,436.2116185,436.2116185,0,435,479,22.11935735
553,0,436.2116185,435,0,-1.211618531,0,-0.02807693014,-1.211618531,-0.02807693014,1.788381469,1.788381469,1,5,0,0,436.2116185,436.2116185,0,435,480,22.16209364
554,0,436.2116185,443,0,6.788381469,0,0.15730769,6.788381469,0.15730769,1.788381469,12.21161853,0,0,1,0,436.2116185,436.2116185,0,435,481,22.1859858
555,0,436.2116185,435,0,-1.211618531,0,-0.02807693014,-1.211618531,-0.02807693014,1.788381469,1.788381469,1,5,0,0,436.2116185,436.2116185,0,435,482,22.22068596
556,0,436.2116185,445,0,8.788381469,0,0.203653845,8.788381469,0.203653845,1.788381469,16.21161853,0,0,1,0,436.2116185,436.2116185,0,435,483,22.22646236
557,0,436.2116185,435,0,-1.211618531,0,-0.02807693014,-1.211618531,-0.02807693014,1.788381469,1.788381469,1,5,0,0,436.2116185,436.2116185,0,435,484,22.25761986
558,0,436.2116185,447,0,10.78838147,0,0.25,10.78838147,0.25,1.788381469,20.21161853,1,3,0,0,436.2116185,436.2116185,0,435,485,22.28799152
559,0,436.2116185,435,0,-1.211618531,0,-0.02807693014,-1.211618531,-0.02807693014,1.788381469,1.788381469,1,5,0,0,436.2116185,436.2116185,0,435,486,22.32427216
560,0,436.2116185,444,0,7.788381469,0,0.1804807675,7.788381469,0.1804807675,1.788381469,13.21161853,1,1,0,0,436.2116185,436.2116185,0,435,487,22.355299
561,0,436.2116185,435,0,-1.211618531,0,-0.02807693014,-1.211618531,-0.02807693014,1.788381469,1.788381469,1,5,0,0,436.2116185,436.2116185,0,435,488,22.39166117
562,0,436.2116185,453,0,16.78838147,0,0.3890384651,16.78838147,0.3890384651,1.788381469,28.21161853,1,4,0,0,436.2116185,436.2116185,0,435,489,22.42074108
563,0,436.2116185,435,0,-1.211618531,0,-0.02807693014,-1.211618531,-0.02807693014,1.788381469,1.788381469,1,5,0,0,436.2116185,436.2116185,0,435,490,22.46473193
564,0,436.2116185,446,0,9.788381469,0,0.2268269225,9.788381469,0.2268269225,1.788381469,17.21161853,1,1,0,0,436.2116185,436.2116185,0,435,491,22.49877739
565,0,436.2116185,435,0,-1.211618531,0,-0.02807693014,-1.211618531,-0.02807693014,1.788381469,1.788381469,1,5,0,0,436.2116185,436.2116185,0,435,492,22.54810357
566,0,436.2116185,442,0,5.788381469,0,0.1341346124,5.788381469,0.1341346124,1.788381469,11.21161853,0,0,1,0,436.2116185,436.2116185,0,435,493,22.57524037
567,0,436.2116185,436,0,-0.2116185313,0,-0.004903852629,-0.2116185313,-0.004903852629,0.2116185313,0.2116185313,0,0,1,0,436.2116185,436.2116185,0,435,494,22.59743214
568,0,436,433,-0.2116185313,-3.211618531,-0.004903852629,-0.07442308516,-3,-0.06951923254,0,17,1,6,0,0,436.2116185,436.2116185,0,435,495,22.64008975
569,0,436.2116185,436,0,-0.2116185313,0,-0.004903852629,-0.2116185313,-0.004903852629,0.6348555939,0.6348555939,0,0,1,0,436.2116185,436.2116185,0,435,496,22.65389395
570,0,436,432,-0.2116185313,-4.211618531,-0.004903852629,-0.09759616268,-4,-0.09269231005,0,10,1,5,0,0,436.2116185,436.2116185,0,435,497,22.68481612
571,0,436.2116185,436,0,-0.2116185313,0,-0.004903852629,-0.2116185313,-0.004903852629,0.2116185313,0.2116185313,0,0,1,0,436.2116185,436.2116185,0,435,498,22.69573498
572,0,436,436,-0.2116185313,-0.2116185313,-0.004903852629,-0.004903852629,0,0,0,22,1,6,0,0,436.2116185,436.2116185,0,435,499,22.71056747
573,0,436.2116185,436,0,-0.2116185313,0,-0.004903852629,-0.2116185313,-0.004903852629,0.6348555939,0.6348555939,0,0,1,0,436.2116185,436.2116185,0,435,500,22.73148346
574,0,436,433,-0.2116185313,-3.211618531,-0.004903852629,-0.07442308516,-3,-0.06951923254,0,17,1,6,0,0,436.2116185,436.2116185,0,435,501,22.77021861
575,0,436.2116185,436,0,-0.2116185313,0,-0.004903852629,-0.2116185313,-0.004903852629,0.2116185313,0.2116185313,0,0,1,0,436.2116185,436.2116185,0,435,502,22.78227043
576,0,436,435,-0.2116185313,-1.211618531,-0.004903852629,-0.02807693014,-1,-0.02317307751,0,27,1,14,0,0,436.2116185,436.2116185,0,435,503,22.79722118
577,0,436.2116185,436,0,-0.2116185313,0,-0.004903852629,-0.2116185313,-0.004903852629,0.2116185313,0.2116185313,0,0,1,0,436.2116185,436.2116185,0,435,504,22.81600475
578,0,436,432,-0.2116185313,-4.211618531,-0.004903852629,-0.09759616268,-4,-0.09269231005,0,14,1,6,0,0,436.2116185,436.2116185,0,435,505,22.849087
579,0,436.2116185,436,0,-0.2116185313,0,-0.004903852629,-0.2116185313,-0.004903852629,0.6348555939,0.6348555939,0,0,1,0,436.2116185,436.2116185,0,435,506,22.86785221
580,0,436,435,-0.2116185313,-1.211618531,-0.004903852629,-0.02807693014,-1,-0.02317307751,0,25,1,6,0,0,436.2116185,436.2116185,0,435,507,22.9066937
581,0,436.2116185,436,0,-0.2116185313,0,-0.004903852629,-0.2116185313,-0.004903852629,0.2116185313,0.2116185313,0,0,1,0,436.2116185,436.2116185,0,435,508,22.91981888
582,0,436,431,-0.2116185313,-5.211618531,-0.004903852629,-0.1207692402,-5,-0.1158653876,0,11,1,7,0,0,436.2116185,436.2116185,0,435,509,22.94584441
583,0,436.2116185,436,0,-0.2116185313,0,-0.004903852629,-0.2116185313,-0.004903852629,0.2116185313,0.2116185313,0,0,1,0,436.2116185,436.2116185,0,435,510,22.95668435
584,0,436,435,-0.2116185313,-1.211618531,-0.004903852629,-0.02807693014,-1,-0.02317307751,0,27,1,13,0,0,436.2116185,436.2116185,0,435,511,22.97158885
585,0,436.2116185,436,0,-0.2116185313,0,-0.004903852629,-0.2116185313,-0.004903852629,0.2116185313,0.2116185313,0,0,1,0,436.2116185,436.2116185,0,435,512,22.99082112
586,0,436,435,-0.2116185313,-1.211618531,-0.004903852629,-0.02807693014,-1,-0.02317307751,0,27,1,13,0,0,436.2116185,436.2116185,0,435,513,23.0335958
587,0,436.2116185,526,0,89.78838147,0,2.080673123,89.78838147,2.080673123,0.2116185313,276.2116185,1,182,0,0,436.2116185,436.2116185,0,435,514,23.05160952
588,0,436.2116185,434,0,-2.211618531,0,-0.05125000765,-2.211618531,-0.05125000765,24.40235791,24.40235791,1,14,0,0,436.2116185,436.2116185,0,435,515,23.20415592
589,0,436.2116185,432,0,-4.211618531,0,-0.09759616268,-4.211618531,-0.09759616268,5.365144406,5.365144406,1,37,0,0,436.2116185,436.2116185,0,435,516,23.4384253
590,0,436.2116185,439,0,2.788381469,0,0.06461537991,2.788381469,0.06461537991,5.365144406,6.211618531,1,4,0,0,436.2116185,436.2116185,0,435,517,23.51446581
591,0,436.2116185,432,0,-4.211618531,0,-0.09759616268,-4.211618531,-0.09759616268,5.365144406,5.365144406,1,26,0,0,436.2116185,436.2116185,0,435,518,23.6251595
592,0,436.2116185,439,0,2.788381469,0,0.06461537991,2.788381469,0.06461537991,5.365144406,9.634855594,1,1,0,0,436.2116185,436.2116185,0,435,519,23.70483136
593,0,436.2116185,435,0,-1.211618531,0,-0.02807693014,-1.211618531,-0.02807693014,2.365144406,2.365144406,1,14,0,0,436.2116185,436.2116185,0,435,520,23.85366225
594,0,436.2116185,451,0,14.78838147,0,0.34269231,14.78838147,0.34269231,2.365144406,25.63485559,1,7,0,0,436.2116185,436.2116185,0,435,521,23.91638446
595,0,436.2116185,435,0,-1.211618531,0,-0.02807693014,-1.211618531,-0.02807693014,1.788381469,1.788381469,1,15,0,0,436.2116185,436.2116185,0,435,522,24.10453892
596,0,436.2116185,443,0,6.788381469,0,0.15730769,6.788381469,0.15730769,1.788381469,8.211618531,0,0,1,0,436.2116185,436.2116185,0,435,523,24.1536448
597,0,436.2116185,436,0,-0.2116185313,0,-0.004903852629,-0.2116185313,-0.004903852629,0.2116185313,0.2116185313,0,0,1,0,436.2116185,436.2116185,0,435,524,24.17713165
598,0,436,434,-0.2116185313,-2.211618531,-0.004903852629,-0.05125000765,-2,-0.04634615502,0,16,1,5,0,0,436.2116185,436.2116185,0,435,525,24.21677494
599,0,436.2116185,436,0,-0.2116185313,0,-0.004903852629,-0.2116185313,-0.004903852629,0.2116185313,0.2116185313,0,0,1,0,436.2116185,436.2116185,0,435,526,24.23099947
600,0,436,432,-0.2116185313,-4.211618531,-0.004903852629,-0.09759616268,-4,-0.09269231005,0,26,1,15,0,0,436.2116185,436.2116185,0,435,527,24.2719903
601,0,436.2116185,436,0,-0.2116185313,0,-0.004903852629,-0.2116185313,-0.004903852629,0.2116185313,0.2116185313,0,0,1,0,436.2116185,436.2116185,0,435,528,24.2866118
602,0,436,434,-0.2116185313,-2.211618531,-0.004903852629,-0.05125000765,-2,-0.04634615502,0,30,1,11,0,0,436.2116185,436.2116185,0,435,529,24.31519079
603,0,436.2116185,436,0,-0.2116185313,0,-0.004903852629,-0.2116185313,-0.004903852629,0.2116185313,0.2116185313,0,0,1,0,436.2116185,436.2116185,0,435,530,24.3303926
604,0,436,434,-0.2116185313,-2.211618531,-0.004903852629,-0.05125000765,-2,-0.04634615502,0,16,1,5,0,0,436.2116185,436.2116185,0,435,531,24.36076045
605,0,436.2116185,436,0,-0.2116185313,0,-0.004903852629,-0.2116185313,-0.004903852629,0.2116185313,0.2116185313,0,0,1,0,436.2116185,436.2116185,0,435,532,24.37373328
606,0,436,433,-0.2116185313,-3.211618531,-0.004903852629,-0.07442308516,-3,-0.06951923254,0,11,1,5,0,0,436.2116185,436.2116185,0,435,533,24.39183617
607,0,436.2116185,436,0,-0.2116185313,0,-0.004903852629,-0.2116185313,-0.004903852629,0.2116185313,0.2116185313,0,0,1,0,436.2116185,436.2116185,0,435,534,24.40435719
608,0,436,434,-0.2116185313,-2.211618531,-0.004903852629,-0.05125000765,-2,-0.04634615502,0,20,1,6,0,0,436.2116185,436.2116185,0,435,535,24.42182302
609,0,436.2116185,436,0,-0.2116185313,0,-0.004903852629,-0.2116185313,-0.004903852629,0.2116185313,0.2116185313,0,0,1,0,436.2116185,436.2116185,0,435,536,24.43636322
610,0,436,436,-0.2116185313,-0.2116185313,-0.004903852629,-0.004903852629,0,0,0,26,1,6,0,0,436.2116185,436.2116185,0,435,537,24.46204805
611,0,436.2116185,436,0,-0.2116185313,0,-0.004903852629,-0.2116185313,-0.004903852629,0.2116185313,0.2116185313,0,0,1,0,436.2116185,436.2116185,0,435,538,24.48235035
612,0,436,433,-0.2116185313,-3.211618531,-0.004903852629,-0.07442308516,-3,-0.06951923254,0,15,1,6,0,0,436.2116185,436.2116185,0,435,539,24.52846241
613,0,436.2116185,436,0,-0.2116185313,0,-0.004903852629,-0.2116185313,-0.004903852629,0.2116185313,0.2116185313,0,0,1,0,436.2116185,436.2116185,0,435,540,24.54107308
614,0,436,433,-0.2116185313,-3.211618531,-0.004903852629,-0.07442308516,-3,-0.06951923254,0,17,1,7,0,0,436.2116185,436.2116185,0,435,541,24.55824995
615,0,436.2116185,436,0,-0.2116185313,0,-0.004903852629,-0.2116185313,-0.004903852629,0.2116185313,0.2116185313,0,0,1,0,436.2116185,436.2116185,0,435,542,24.57442784
616,0,436,434,-0.2116185313,-2.211618531,-0.004903852629,-0.05125000765,-2,-0.04634615502,0,16,1,6,0,0,436.2116185,436.2116185,0,435,543,24.62025452
617,0,436.2116185,436,0,-0.2116185313,0,-0.004903852629,-0.2116185313,-0.004903852629,0.2116185313,0.2116185313,0,0,1,0,436.2116185,436.2116185,0,435,544,24.63497806
618,0,436,433,-0.2116185313,-3.211618531,-0.004903852629,-0.07442308516,-3,-0.06951923254,0,15,1,7,0,0,436.2116185,436.2116185,0,435,545,24.67523861
619,0,436.2116185,533,0,96.78838147,0,2.242884666,96.78838147,2.242884666,0.2116185313,261.2116185,1,186,0,0,436.2116185,436.2116185,0,435,546,24.69454646
620,0,436.2116185,424,0,-12.21161853,0,-0.2829807828,-12.21161853,-0.2829807828,21.33340716,21.33340716,1,114,0,0,436.2116185,436.2116185,0,435,547,24.84269714
621,0,436.2116185,431,0,-5.211618531,0,-0.1207692402,-5.211618531,-0.1207692402,9.275240677,9.275240677,1,42,0,0,436.2116185,436.2116185,0,435,548,25.0355258
622,0,436.2116185,432,0,-4.211618531,0,-0.09759616268,-4.211618531,-0.09759616268,7.165144406,7.165144406,1,35,0,0,436.2116185,436.2116185,0,435,549,25.10647511
623,0,436.2116185,433,0,-3.211618531,0,-0.07442308516,-3.211618531,-0.07442308516,7.165144406,7.165144406,1,30,0,0,436.2116185,436.2116185,0,435,550,25.18661714
624,0,436.2116185,432,0,-4.211618531,0,-0.09759616268,-4.211618531,-0.09759616268,5.365144406,5.365144406,1,42,0,0,436.2116185,436.2116185,0,435,551,25.23569322
625,0,436.2116185,433,0,-3.211618531,0,-0.07442308516,-3.211618531,-0.07442308516,4.365144406,4.365144406,1,35,0,0,436.2116185,436.2116185,0,435,552,25.31652784
626,0,436.2116185,454,0,17.78838147,0,0.4122115426,17.78838147,0.4122115426,4.365144406,22.63485559,1,2,0,0,436.2116185,436.2116185,0,435,553,25.32185459
627,0,436.2116185,434,0,-2.211618531,0,-0.05125000765,-2.211618531,-0.05125000765,5.365144406,5.365144406,1,30,0,0,436.2116185,436.2116185,0,435,554,25.46692181
628,0,436.2116185,452,0,15.78838147,0,0.3658653876,15.78838147,0.3658653876,5.365144406,20.63485559,1,1,0,0,436.2116185,436.2116185,0,435,555,25.53319144
629,0,436.2116185,433,0,-3.211618531,0,-0.07442308516,-3.211618531,-0.07442308516,3.211618531,3.211618531,1,30,0,0,436.2116185,436.2116185,0,435,556,25.67802691
630,0,436,445,-0.2116185313,8.788381469,-0.004903852629,0.203653845,9,0.2085576976,3,11,1,1,0,0,436.2116185,436.2116185,0,435,557,25.75380468
631,0,436.2116185,430,0,-6.211618531,0,-0.1439423177,-6.211618531,-0.1439423177,6.211618531,6.211618531,1,58,0,0,436.2116185,436.2116185,0,435,558,25.79058242
632,0,436,457,-0.2116185313,20.78838147,-0.004903852629,0.4817307751,21,0.4866346277,6,23,0,0,1,0,436.2116185,436.2116185,0,435,559,25.85561752
633,0,436.2116185,435,0,-1.211618531,0,-0.02807693014,-1.211618531,-0.02807693014,2.365144406,2.365144406,1,16,0,0,436.2116185,436.2116185,0,435,560,25.89268255
634,0,436.2116185,450,0,13.78838147,0,0.3195192325,13.78838147,0.3195192325,2.365144406,20.63485559,0,0,1,0,436.2116185,436.2116185,0,435,561,25.96406388
635,0,436.2116185,435,0,-1.211618531,0,-0.02807693014,-1.211618531,-0.02807693014,1.788381469,1.788381469,1,14,0,0,436.2116185,436.2116185,0,435,562,26.12932563
636,0,436.2116185,451,0,14.78838147,0,0.34269231,14.78838147,0.34269231,1.788381469,18.21161853,0,0,1,0,436.2116185,436.2116185,0,435,563,26.15523386
637,0,436.2116185,435,0,-1.211618531,0,-0.02807693014,-1.211618531,-0.02807693014,1.788381469,1.788381469,1,15,0,0,436.2116185,436.2116185,0,435,564,26.21080589
638,0,436.2116185,456,0,19.78838147,0,0.4585576976,19.78838147,0.4585576976,1.788381469,27.21161853,1,1,0,0,436.2116185,436.2116185,0,435,565,26.24857378
639,0,436.2116185,436,0,-0.2116185313,0,-0.004903852629,-0.2116185313,-0.004903852629,0.2116185313,0.2116185313,0,0,1,0,436.2116185,436.2116185,0,435,566,26.27727962
640,0,436,434,-0.2116185313,-2.211618531,-0.004903852629,-0.05125000765,-2,-0.04634615502,0,30,1,7,0,0,436.2116185,436.2116185,0,435,567,26.33682728
641,0,436.2116185,436,0,-0.2116185313,0,-0.004903852629,-0.2116185313,-0.004903852629,0.2116185313,0.2116185313,0,0,1,0,436.2116185,436.2116185,0,435,568,26.35207653
642,0,436,433,-0.2116185313,-3.211618531,-0.004903852629,-0.07442308516,-3,-0.06951923254,0,13,1,5,0,0,436.2116185,436.2116185,0,435,569,26.3772788
643,0,436.2116185,436,0,-0.2116185313,0,-0.004903852629,-0.2116185313,-0.004903852629,0.2116185313,0.2116185313,0,0,1,0,436.2116185,436.2116185,0,435,570,26.3894217
644,0,436,434,-0.2116185313,-2.211618531,-0.004903852629,-0.05125000765,-2,-0.04634615502,0,30,1,7,0,0,436.2116185,436.2116185,0,435,571,26.40720153
645,0,436.2116185,436,0,-0.2116185313,0,-0.004903852629,-0.2116185313,-0.004903852629,0.2116185313,0.2116185313,0,0,1,0,436.2116185,436.2116185,0,435,572,26.42391515
646,0,436,436,-0.2116185313,-0.2116185313,-0.004903852629,-0.004903852629,0,0,0,28,1,7,0,0,436.2116185,436.2116185,0,435,573,26.45929575
647,0,436.2116185,436,0,-0.2116185313,0,-0.004903852629,-0.2116185313,-0.004903852629,0.2116185313,0.2116185313,0,0,1,0,436.2116185,436.2116185,0,435,574,26.48017216
648,0,436,433,-0.2116185313,-3.211618531,-0.004903852629,-0.07442308516,-3,-0.06951923254,0,25,1,6,0,0,436.2116185,436.2116185,0,435,575,26.5158
649,0,436.2116185,436,0,-0.2116185313,0,-0.004903852629,-0.2116185313,-0.004903852629,0.2116185313,0.2116185313,0,0,1,0,436.2116185,436.2116185,0,435,576,26.52985096
650,0,436,433,-0.2116185313,-3.211618531,-0.004903852629,-0.07442308516,-3,-0.06951923254,0,27,1,10,0,0,436.2116185,436.2116185,0,435,577,26.54689193
651,0,436.2116185,436,0,-0.2116185313,0,-0.004903852629,-0.2116185313,-0.004903852629,0.2116185313,0.2116185313,0,0,1,0,436.2116185,436.2116185,0,435,578,26.56211329
652,0,436,433,-0.2116185313,-3.211618531,-0.004903852629,-0.07442308516,-3,-0.06951923254,0,27,1,10,0,0,436.2116185,436.2116185,0,435,579,26.59645176
653,0,436.2116185,436,0,-0.2116185313,0,-0.004903852629,-0.2116185313,-0.004903852629,0.2116185313,0.2116185313,0,0,1,0,436.2116185,436.2116185,0,435,580,26.60950851
654,0,436,431,-0.2116185313,-5.211618531,-0.004903852629,-0.1207692402,-5,-0.1158653876,0,13,1,6,0,0,436.2116185,436.2116185,0,435,581,26.62706423
655,0,436.2116185,436,0,-0.2116185313,0,-0.004903852629,-0.2116185313,-0.004903852629,0.6348555939,0.6348555939,0,0,1,0,436.2116185,436.2116185,0,435,582,26.63878489
656,0,436,436,-0.2116185313,-0.2116185313,-0.004903852629,-0.004903852629,0,0,0,22,1,6,0,0,436.2116185,436.2116185,0,435,583,26.68068528
657,0,436.2116185,436,0,-0.2116185313,0,-0.004903852629,-0.2116185313,-0.004903852629,0.2116185313,0.2116185313,0,0,1,0,436.2116185,436.2116185,0,435,584,26.70814109
658,0,436,432,-0.2116185313,-4.211618531,-0.004903852629,-0.09759616268,-4,-0.09269231005,0,12,1,5,0,0,436.2116185,436.2116185,0,435,585,26.75915408
659,0,436.2116185,436,0,-0.2116185313,0,-0.004903852629,-0.2116185313,-0.004903852629,0.2116185313,0.2116185313,0,0,1,0,436.2116185,436.2116185,0,435,586,26.77101922
660,0,436,435,-0.2116185313,-1.211618531,-0.004903852629,-0.02807693014,-1,-0.02317307751,0,27,1,9,0,0,436.2116185,436.2116185,0,435,587,26.78788972
661,0,436.2116185,436,0,-0.2116185313,0,-0.004903852629,-0.2116185313,-0.004903852629,0.2116185313,0.2116185313,0,0,1,0,436.2116185,436.2116185,0,435,588,26.80961108
662,0,436,434,-0.2116185313,-2.211618531,-0.004903852629,-0.05125000765,-2,-0.04634615502,0,24,1,6,0,0,436.2116185,436.2116185,0,435,589,26.85787225
663,0,436.2116185,436,0,-0.2116185313,0,-0.004903852629,-0.2116185313,-0.004903852629,0.2116185313,0.2116185313,0,0,1,0,436.2116185,436.2116185,0,435,590,26.87249231
664,0,436,435,-0.2116185313,-1.211618531,-0.004903852629,-0.02807693014,-1,-0.02317307751,0,17,1,5,0,0,436.2116185,436.2116185,0,435,591,26.89892626
665,0,436.2116185,436,0,-0.2116185313,0,-0.004903852629,-0.2116185313,-0.004903852629,0.2116185313,0.2116185313,0,0,1,0,436.2116185,436.2116185,0,435,592,26.91543341
666,0,436,432,-0.2116185313,-4.211618531,-0.004903852629,-0.09759616268,-4,-0.09269231005,0,24,1,8,0,0,436.2116185,436.2116185,0,435,593,26.9479022
667,0,436.2116185,436,0,-0.2116185313,0,-0.004903852629,-0.2116185313,-0.004903852629,0.2116185313,0.2116185313,0,0,1,0,436.2116185,436.2116185,0,435,594,26.96183443
668,0,436,432,-0.2116185313,-4.211618531,-0.004903852629,-0.09759616268,-4,-0.09269231005,0,24,1,8,0,0,436.2116185,436.2116185,0,435,595,26.98102164
669,0,436.2116185,436,0,-0.2116185313,0,-0.004903852629,-0.2116185313,-0.004903852629,0.2116185313,0.2116185313,0,0,1,0,436.2116185,436.2116185,0,435,596,26.99383974
670,0,436,432,-0.2116185313,-4.211618531,-0.004903852629,-0.09759616268,-4,-0.09269231005,0,26,1,12,0,0,436.2116185,436.2116185,0,435,597,27.01268601
671,0,436.2116185,436,0,-0.2116185313,0,-0.004903852629,-0.2116185313,-0.004903852629,0.2116185313,0.2116185313,0,0,1,0,436.2116185,436.2116185,0,435,598,27.02773094
672,0,436,431,-0.2116185313,-5.211618531,-0.004903852629,-0.1207692402,-5,-0.1158653876,0,13,1,6,0,0,436.2116185,436.2116185,0,435,599,27.05577087
673,0,436.2116185,436,0,-0.2116185313,0,-0.004903852629,-0.2116185313,-0.004903852629,0.2116185313,0.2116185313,0,0,1,0,436.2116185,436.2116185,0,435,600,27.06606603
674,0,436,433,-0.2116185313,-3.211618531,-0.004903852629,-0.07442308516,-3,-0.06951923254,0,25,1,7,0,0,436.2116185,436.2116185,0,435,601,27.08217669
675,0,436.2116185,436,0,-0.2116185313,0,-0.004903852629,-0.2116185313,-0.004903852629,0.2116185313,0.2116185313,0,0,1,0,436.2116185,436.2116185,0,435,602,27.09517145
676,0,436,433,-0.2116185313,-3.211618531,-0.004903852629,-0.07442308516,-3,-0.06951923254,0,25,1,6,0,0,436.2116185,436.2116185,0,435,603,27.11725712
677,0,436.2116185,436,0,-0.2116185313,0,-0.004903852629,-0.2116185313,-0.004903852629,0.2116185313,0.2116185313,0,0,1,0,436.2116185,436.2116185,0,435,604,27.1319859
678,0,436,432,-0.2116185313,-4.211618531,-0.004903852629,-0.09759616268,-4,-0.09269231005,0,12,1,5,0,0,436.2116185,436.2116185,0,435,605,27.1616292
679,0,436.2116185,436,0,-0.2116185313,0,-0.004903852629,-0.2116185313,-0.004903852629,0.2116185313,0.2116185313,0,0,1,0,436.2116185,436.2116185,0,435,606,27.17213321
680,0,436,432,-0.2116185313,-4.211618531,-0.004903852629,-0.09759616268,-4,-0.09269231005,0,10,1,5,0,0,436.2116185,436.2116185,0,435,607,27.1884923
681,0,436.2116185,436,0,-0.2116185313,0,-0.004903852629,-0.2116185313,-0.004903852629,0.2116185313,0.2116185313,0,0,1,0,436.2116185,436.2116185,0,435,608,27.20070243
682,0,436,431,-0.2116185313,-5.211618531,-0.004903852629,-0.1207692402,-5,-0.1158653876,0,11,1,6,0,0,436.2116185,436.2116185,0,435,609,27.21708512
683,0,436.2116185,436,0,-0.2116185313,0,-0.004903852629,-0.2116185313,-0.004903852629,0.2116185313,0.2116185313,0,0,1,0,436.2116185,436.2116185,0,435,610,27.22902584
684,0,436,432,-0.2116185313,-4.211618531,-0.004903852629,-0.09759616268,-4,-0.09269231005,0,18,1,5,0,0,436.2116185,436.2116185,0,435,611,27.24538374
685,0,436.2116185,436,0,-0.2116185313,0,-0.004903852629,-0.2116185313,-0.004903852629,0.2116185313,0.2116185313,0,0,1,0,436.2116185,436.2116185,0,435,612,27.25273728
686,0,436,433,-0.2116185313,-3.211618531,-0.004903852629,-0.07442308516,-3,-0.06951923254,0,25,1,7,0,0,436.2116185,436.2116185,0,435,613,27.26054192
687,0,436.2116185,436,0,-0.2116185313,0,-0.004903852629,-0.2116185313,-0.004903852629,0.2116185313,0.2116185313,0,0,1,0,436.2116185,436.2116185,0,435,614,27.27648139
688,0,436,433,-0.2116185313,-3.211618531,-0.004903852629,-0.07442308516,-3,-0.06951923254,0,19,1,5,0,0,436.2116185,436.2116185,0,435,615,27.30752468
689,0,436.2116185,436,0,-0.2116185313,0,-0.004903852629,-0.2116185313,-0.004903852629,0.2116185313,0.2116185313,0,0,1,0,436.2116185,436.2116185,0,435,616,27.31412005
690,0,436,432,-0.2116185313,-4.211618531,-0.004903852629,-0.09759616268,-4,-0.09269231005,0,12,1,6,0,0,436.2116185,436.2116185,0,435,617,27.32130933
691,0,436.2116185,436,0,-0.2116185313,0,-0.004903852629,-0.2116185313,-0.004903852629,0.2116185313,0.2116185313,0,0,1,0,436.2116185,436.2116185,0,435,618,27.33381915
692,0,436,433,-0.2116185313,-3.211618531,-0.004903852629,-0.07442308516,-3,-0.06951923254,0,13,1,5,0,0,436.2116185,436.2116185,0,435,619,27.35100174
693,0,436.2116185,436,0,-0.2116185313,0,-0.004903852629,-0.2116185313,-0.004903852629,0.2116185313,0.2116185313,0,0,1,0,436.2116185,436.2116185,0,435,620,27.36291718
694,0,436,431,-0.2116185313,-5.211618531,-0.004903852629,-0.1207692402,-5,-0.1158653876,0,13,1,5,0,0,436.2116185,436.2116185,0,435,621,27.38041949
695,0,436,436,-0.2116185313,-0.2116185313,-0.004903852629,-0.004903852629,0,0,0,0,0,0,1,0,436.2116185,436.2116185,0,435,622,27.38661885
696,0,436,436,-0.2116185313,-0.2116185313,-0.004903852629,-0.004903852629,0,0,0,22,1,4,0,0,436.2116185,436.2116185,0,435,623,27.39405179
697,0,436.2116185,436,0,-0.2116185313,0,-0.004903852629,-0.2116185313,-0.004903852629,0.2116185313,0.2116185313,0,0,1,0,436.2116185,436.2116185,0,435,624,27.40815353
698,0,436,434,-0.2116185313,-2.211618531,-0.004903852629,-0.05125000765,-2,-0.04634615502,0,18,1,5,0,0,436.2116185,436.2116185,0,435,625,27.43588758
699,0,436.2116185,527,0,90.78838147,0,2.103846201,90.78838147,2.103846201,0.2116185313,263.2116185,1,207,0,0,436.2116185,436.2116185,0,435,626,27.44930601
700,0,436.2116185,436,0,-0.2116185313,0,-0.004903852629,-0.2116185313,-0.004903852629,6.153525875,6.153525875,1,2,0,0,436.2116185,436.2116185,0,435,627,27.59670687
701,0,436.2116185,436,0,-0.2116185313,0,-0.004903852629,-0.2116185313,-0.004903852629,0.6348555939,0.6348555939,0,0,1,0,436.2116185,436.2116185,0,435,628,27.83391428
702,0,436,435,-0.2116185313,-1.211618531,-0.004903852629,-0.02807693014,-1,-0.02317307751,0,25,1,6,0,0,436.2116185,436.2116185,0,435,629,27.88695478
703,0,436.2116185,436,0,-0.2116185313,0,-0.004903852629,-0.2116185313,-0.004903852629,0.2116185313,0.2116185313,0,0,1,0,436.2116185,436.2116185,0,435,630,27.90346265
704,0,436,435,-0.2116185313,-1.211618531,-0.004903852629,-0.02807693014,-1,-0.02317307751,0,29,1,10,0,0,436.2116185,436.2116185,0,435,631,27.93266225
705,0,436.2116185,520,0,83.78838147,0,1.941634658,83.78838147,1.941634658,0.6348555939,250.2116185,1,135,0,0,436.2116185,436.2116185,0,435,632,27.95081234
706,0,436.2116185,431,0,-5.211618531,0,-0.1207692402,-5.211618531,-0.1207692402,32.98454272,32.98454272,1,49,0,0,436.2116185,436.2116185,0,435,633,28.07886505
707,0,436.2116185,431,0,-5.211618531,0,-0.1207692402,-5.211618531,-0.1207692402,8.323304255,8.323304255,1,26,0,0,436.2116185,436.2116185,0,435,634,28.27106953
708,0,436.2116185,432,0,-4.211618531,0,-0.09759616268,-4.211618531,-0.09759616268,5.5,5.5,1,21,0,0,436.2116185,436.2116185,0,435,635,28.38926888
709,0,436.2116185,433,0,-3.211618531,0,-0.07442308516,-3.211618531,-0.07442308516,3.788381469,3.788381469,1,20,0,0,436.2116185,436.2116185,0,435,636,28.4461329
710,0,436.2116185,445,0,8.788381469,0,0.203653845,8.788381469,0.203653845,3.788381469,10.21161853,0,0,1,0,436.2116185,436.2116185,0,435,637,28.50609708
711,0,436.2116185,435,0,-1.211618531,0,-0.02807693014,-1.211618531,-0.02807693014,2.076762937,2.076762937,1,5,0,0,436.2116185,436.2116185,0,435,638,28.59094024
712,0,436.2116185,450,0,13.78838147,0,0.3195192325,13.78838147,0.3195192325,2.076762937,24.92323706,1,4,0,0,436.2116185,436.2116185,0,435,639,28.64368892
713,0,436.2116185,435,0,-1.211618531,0,-0.02807693014,-1.211618531,-0.02807693014,2.365144406,2.365144406,1,5,0,0,436.2116185,436.2116185,0,435,640,28.75391912
714,0,436.2116185,448,0,11.78838147,0,0.2731730775,11.78838147,0.2731730775,2.365144406,16.63485559,0,0,1,0,436.2116185,436.2116185,0,435,641,28.85593438
715,0,436.2116185,435,0,-1.211618531,0,-0.02807693014,-1.211618531,-0.02807693014,1.788381469,1.788381469,1,5,0,0,436.2116185,436.2116185,0,435,642,28.99862838
716,0,436.2116185,449,0,12.78838147,0,0.296346155,12.78838147,0.296346155,1.788381469,22.21161853,1,2,0,0,436.2116185,436.2116185,0,435,643,29.03237247
717,0,436.2116185,434,0,-2.211618531,0,-0.05125000765,-2.211618531,-0.05125000765,2.923237063,2.923237063,1,5,0,0,436.2116185,436.2116185,0,435,644,29.0858686
718,0,435.5,442,-0.7116185313,5.788381469,-0.01649039138,0.1341346124,6.5,0.1506250038,1.5,10.5,0,0,1,0,436.2116185,436.2116185,0,435,645,29.14479566
719,0,436.2116185,435,0,-1.211618531,0,-0.02807693014,-1.211618531,-0.02807693014,1.788381469,1.788381469,1,5,0,0,436.2116185,436.2116185,0,435,646,29.17655087
720,0,436.2116185,449,0,12.78838147,0,0.296346155,12.78838147,0.296346155,1.788381469,22.21161853,1,1,0,0,436.2116185,436.2116185,0,435,647,29.21337104
721,0,436.2116185,435,0,-1.211618531,0,-0.02807693014,-1.211618531,-0.02807693014,1.788381469,1.788381469,1,5,0,0,436.2116185,436.2116185,0,435,648,29.24942279
722,0,436.2116185,444,0,7.788381469,0,0.1804807675,7.788381469,0.1804807675,1.788381469,13.21161853,1,1,0,0,436.2116185,436.2116185,0,435,649,29.28502679
723,0,436.2116185,435,0,-1.211618531,0,-0.02807693014,-1.211618531,-0.02807693014,1.788381469,1.788381469,1,5,0,0,436.2116185,436.2116185,0,435,650,29.33757377
724,0,436.2116185,447,0,10.78838147,0,0.25,10.78838147,0.25,1.788381469,22.21161853,1,2,0,0,436.2116185,436.2116185,0,435,651,29.36867833
725,0,436.2116185,435,0,-1.211618531,0,-0.02807693014,-1.211618531,-0.02807693014,2.365144406,2.365144406,1,5,0,0,436.2116185,436.2116185,0,435,652,29.40791583
726,0,436.2116185,442,0,5.788381469,0,0.1341346124,5.788381469,0.1341346124,1.788381469,11.21161853,0,0,1,0,436.2116185,436.2116185,0,435,653,29.4439435
727,0,436.2116185,436,0,-0.2116185313,0,-0.004903852629,-0.2116185313,-0.004903852629,0.2116185313,0.2116185313,0,0,1,0,436.2116185,436.2116185,0,435,654,29.47219872
728,0,436,434,-0.2116185313,-2.211618531,-0.004903852629,-0.05125000765,-2,-0.04634615502,0,28,1,10,0,0,436.2116185,436.2116185,0,435,655,29.53345609
729,0,436.2116185,436,0,-0.2116185313,0,-0.004903852629,-0.2116185313,-0.004903852629,0.2116185313,0.2116185313,0,0,1,0,436.2116185,436.2116185,0,435,656,29.54960585
730,0,436,434,-0.2116185313,-2.211618531,-0.004903852629,-0.05125000765,-2,-0.04634615502,0,20,1,5,0,0,436.2116185,436.2116185,0,435,657,29.58077669
731,0,436.2116185,436,0,-0.2116185313,0,-0.004903852629,-0.2116185313,-0.004903852629,0.2116185313,0.2116185313,0,0,1,0,436.2116185,436.2116185,0,435,658,29.59310079
732,0,436,435,-0.2116185313,-1.211618531,-0.004903852629,-0.02807693014,-1,-0.02317307751,0,27,1,7,0,0,436.2116185,436.2116185,0,435,659,29.60986114
733,0,436.2116185,436,0,-0.2116185313,0,-0.004903852629,-0.2116185313,-0.004903852629,0.2116185313,0.2116185313,0,0,1,0,436.2116185,436.2116185,0,435,660,29.62565517
734,0,436,432,-0.2116185313,-4.211618531,-0.004903852629,-0.09759616268,-4,-0.09269231005,0,28,1,12,0,0,436.2116185,436.2116185,0,435,661,29.66037202
735,0,436.2116185,436,0,-0.2116185313,0,-0.004903852629,-0.2116185313,-0.004903852629,0.2116185313,0.2116185313,0,0,1,0,436.2116185,436.2116185,0,435,662,29.67475581
736,0,436,434,-0.2116185313,-2.211618531,-0.004903852629,-0.05125000765,-2,-0.04634615502,0,18,1,5,0,0,436.2116185,436.2116185,0,435,663,29.69858456
737,0,436.2116185,436,0,-0.2116185313,0,-0.004903852629,-0.2116185313,-0.004903852629,0.2116185313,0.2116185313,0,0,1,0,436.2116185,436.2116185,0,435,664,29.71057844
738,0,436,433,-0.2116185313,-3.211618531,-0.004903852629,-0.07442308516,-3,-0.06951923254,0,21,1,5,0,0,436.2116185,436.2116185,0,435,665,29.72753286
739,0,436.2116185,436,0,-0.2116185313,0,-0.004903852629,-0.2116185313,-0.004903852629,0.2116185313,0.2116185313,0,0,1,0,436.2116185,436.2116185,0,435,666,29.73325729
740,0,436,435,-0.2116185313,-1.211618531,-0.004903852629,-0.02807693014,-1,-0.02317307751,0,19,1,5,0,0,436.2116185,436.2116185,0,435,667,29.7401731
741,0,436.2116185,436,0,-0.2116185313,0,-0.004903852629,-0.2116185313,-0.004903852629,0.2116185313,0.2116185313,0,0,1,0,436.2116185,436.2116185,0,435,668,29.75462818
742,0,436,433,-0.2116185313,-3.211618531,-0.004903852629,-0.07442308516,-3,-0.06951923254,0,23,1,6,0,0,436.2116185,436.2116185,0,435,669,29.78063679
743,0,436.2116185,436,0,-0.2116185313,0,-0.004903852629,-0.2116185313,-0.004903852629,0.2116185313,0.2116185313,0,0,1,0,436.2116185,436.2116185,0,435,670,29.79363728
744,0,436,435,-0.2116185313,-1.211618531,-0.004903852629,-0.02807693014,-1,-0.02317307751,0,21,1,5,0,0,436.2116185,436.2116185,0,435,671,29.81569529
745,0,436.2116185,436,0,-0.2116185313,0,-0.004903852629,-0.2116185313,-0.004903852629,0.2116185313,0.2116185313,0,0,1,0,436.2116185,436.2116185,0,435,672,29.83003616
746,0,436,432,-0.2116185313,-4.211618531,-0.004903852629,-0.09759616268,-4,-0.09269231005,0,10,1,5,0,0,436.2116185,436.2116185,0,435,673,29.8577044
747,0,436.2116185,436,0,-0.2116185313,0,-0.004903852629,-0.2116185313,-0.004903852629,0.2116185313,0.2116185313,0,0,1,0,436.2116185,436.2116185,0,435,674,29.86909318
748,0,436,432,-0.2116185313,-4.211618531,-0.004903852629,-0.09759616268,-4,-0.09269231005,0,10,1,5,0,0,436.2116185,436.2116185,0,435,675,29.88465643
749,0,436.2116185,553,0,116.7883815,0,2.706346216,116.7883815,2.706346216,0.2116185313,292.7883815,1,142,0,0,436.2116185,436.2116185,0,435,676,29.89811921
750,0,436.2116185,422,0,-14.21161853,0,-0.3293269378,-14.21161853,-0.3293269378,27.46057762,27.46057762,1,107,0,0,436.2116185,436.2116185,0,435,677,29.98381233
751,0,436.2116185,426,0,-10.21161853,0,-0.2366346277,-10.21161853,-0.2366346277,14.36514441,14.36514441,1,90,0,0,436.2116185,436.2116185,0,435,678,30.13797021
752,0,436.2116185,426,0,-10.21161853,0,-0.2366346277,-10.21161853,-0.2366346277,12.78838147,12.78838147,1,82,0,0,436.2116185,436.2116185,0,435,679,30.19326568
753,0,436.2116185,427,0,-9.211618531,0,-0.2134615502,-9.211618531,-0.2134615502,12.28838147,12.28838147,1,66,0,0,436.2116185,436.2116185,0,435,680,30.26302719
754,0,436.2116185,425,0,-11.21161853,0,-0.2598077053,-11.21161853,-0.2598077053,11.78838147,11.78838147,1,121,0,0,436.2116185,436.2116185,0,435,681,30.31434894
755,0,436.2116185,426,0,-10.21161853,0,-0.2366346277,-10.21161853,-0.2366346277,11.36514441,11.36514441,1,104,0,0,436.2116185,436.2116185,0,435,682,30.33535337
756,0,436.2116185,447,0,10.78838147,0,0.25,10.78838147,0.25,11.36514441,13.63485559,1,12,0,0,436.2116185,436.2116185,0,435,683,30.4092989
757,0,436.2116185,426,0,-10.21161853,0,-0.2366346277,-10.21161853,-0.2366346277,11.36514441,11.36514441,1,106,0,0,436.2116185,436.2116185,0,435,684,30.55035639
758,0,436.2116185,446,0,9.788381469,0,0.2268269225,9.788381469,0.2268269225,11.36514441,11.36514441,0,0,1,0,436.2116185,436.2116185,0,435,685,30.62235856
759,0,436.2116185,431,0,-5.211618531,0,-0.1207692402,-5.211618531,-0.1207692402,8.365144406,8.365144406,1,53,0,0,436.2116185,436.2116185,0,435,686,30.7527976
760,0,436.2116185,431,0,-5.211618531,0,-0.1207692402,-5.211618531,-0.1207692402,6.365144406,6.365144406,1,44,0,0,436.2116185,436.2116185,0,435,687,30.82015109
761,0,436.2116185,443,0,6.788381469,0,0.15730769,6.788381469,0.15730769,6.365144406,11.63485559,0,0,1,0,436.2116185,436.2116185,0,435,688,30.89373851
762,0,436.2116185,435,0,-1.211618531,0,-0.02807693014,-1.211618531,-0.02807693014,1.788381469,1.788381469,1,28,0,0,436.2116185,436.2116185,0,435,689,30.99312043
763,0,436.2116185,436,0,-0.2116185313,0,-0.004903852629,-0.2116185313,-0.004903852629,1.788381469,1.788381469,1,1,0,0,436.2116185,436.2116185,0,435,690,31.03487849
764,0,436.2116185,436,0,-0.2116185313,0,-0.004903852629,-0.2116185313,-0.004903852629,0.2116185313,0.2116185313,0,0,1,0,436.2116185,436.2116185,0,435,691,31.04481196
765,0,436,435,-0.2116185313,-1.211618531,-0.004903852629,-0.02807693014,-1,-0.02317307751,0,25,1,5,0,0,436.2116185,436.2116185,0,435,692,31.07019973
766,0,436.2116185,436,0,-0.2116185313,0,-0.004903852629,-0.2116185313,-0.004903852629,0.2116185313,0.2116185313,0,0,1,0,436.2116185,436.2116185,0,435,693,31.08724236
767,0,436,435,-0.2116185313,-1.211618531,-0.004903852629,-0.02807693014,-1,-0.02317307751,0,27,1,7,0,0,436.2116185,436.2116185,0,435,694,31.12451434
768,0,436.2116185,436,0,-0.2116185313,0,-0.004903852629,-0.2116185313,-0.004903852629,0.2116185313,0.2116185313,0,0,1,0,436.2116185,436.2116185,0,435,695,31.14034295
769,0,436,432,-0.2116185313,-4.211618531,-0.004903852629,-0.09759616268,-4,-0.09269231005,0,12,1,4,0,0,436.2116185,436.2116185,0,435,696,31.16983938
770,0,436,436,-0.2116185313,-0.2116185313,-0.004903852629,-0.004903852629,0,0,0,0,0,0,1,0,436.2116185,436.2116185,0,435,697,31.17541003
771,0,436,435,-0.2116185313,-1.211618531,-0.004903852629,-0.02807693014,-1,-0.02317307751,0,25,1,6,0,0,436.2116185,436.2116185,0,435,698,31.18219995
772,0,436.2116185,436,0,-0.2116185313,0,-0.004903852629,-0.2116185313,-0.004903852629,0.2116185313,0.2116185313,0,0,1,0,436.2116185,436.2116185,0,435,699,31.19668984
773,0,436,434,-0.2116185313,-2.211618531,-0.004903852629,-0.05125000765,-2,-0.04634615502,0,26,1,7,0,0,436.2116185,436.2116185,0,435,700,31.23132777
774,0,436.2116185,436,0,-0.2116185313,0,-0.004903852629,-0.2116185313,-0.004903852629,0.2116185313,0.2116185313,0,0,1,0,436.2116185,436.2116185,0,435,701,31.24578714
775,0,436,432,-0.2116185313,-4.211618531,-0.004903852629,-0.09759616268,-4,-0.09269231005,0,14,1,5,0,0,436.2116185,436.2116185,0,435,702,31.27382112
776,0,436.2116185,545,0,108.7883815,0,2.520961596,108.7883815,2.520961596,0.6348555939,267.6348556,1,138,0,0,436.2116185,436.2116185,0,435,703,31.29389477
777,0,436.2116185,409,0,-27.21161853,0,-0.6305769454,-27.21161853,-0.6305769454,36.86514441,36.86514441,1,128,0,0,436.2116185,436.2116185,0,435,704,31.39899087
778,0,436,419,-0.2116185313,-17.21161853,-0.004903852629,-0.3988461703,-17,-0.3939423177,17,17,1,78,0,0,436.2116185,436.2116185,0,435,705,31.49705315
779,0,436,449,-0.2116185313,12.78838147,-0.004903852629,0.296346155,13,0.3012500077,17,17,1,3,0,0,436.2116185,436.2116185,0,435,706,31.50559855
780,0,436.2116185,425,0,-11.21161853,0,-0.2598077053,-11.21161853,-0.2598077053,15.15352587,15.15352587,1,44,0,0,436.2116185,436.2116185,0,435,707,31.52970266
781,0,436.2116185,425,0,-11.21161853,0,-0.2598077053,-11.21161853,-0.2598077053,13.13485559,13.13485559,1,42,0,0,436.2116185,436.2116185,0,435,708,31.60237575
782,0,436,446,-0.2116185313,9.788381469,-0.004903852629,0.2268269225,10,0.2317307751,11,12,1,7,0,0,436.2116185,436.2116185,0,435,709,31.74478221
783,0,436.2116185,427,0,-9.211618531,0,-0.2134615502,-9.211618531,-0.2134615502,10.36514441,10.36514441,1,31,0,0,436.2116185,436.2116185,0,435,710,31.75349355
784,0,436.2116185,428,0,-8.211618531,0,-0.1902884727,-8.211618531,-0.1902884727,9.365144406,9.365144406,1,27,0,0,436.2116185,436.2116185,0,435,711,31.82259727
785,0,436.2116185,446,0,9.788381469,0,0.2268269225,9.788381469,0.2268269225,9.365144406,14.63485559,0,0,1,0,436.2116185,436.2116185,0,435,712,31.82935214
786,0,436.2116185,436,0,-0.2116185313,0,-0.004903852629,-0.2116185313,-0.004903852629,0.6348555939,0.6348555939,0,0,1,0,436.2116185,436.2116185,0,435,713,31.99811125
787,0,436,434,-0.2116185313,-2.211618531,-0.004903852629,-0.05125000765,-2,-0.04634615502,0,20,1,4,0,0,436.2116185,436.2116185,0,435,714,32.05814433
788,0,436.2116185,436,0,-0.2116185313,0,-0.004903852629,-0.2116185313,-0.004903852629,0.2116185313,0.2116185313,0,0,1,0,436.2116185,436.2116185,0,435,715,32.07193756
789,0,436,434,-0.2116185313,-2.211618531,-0.004903852629,-0.05125000765,-2,-0.04634615502,0,18,1,4,0,0,436.2116185,436.2116185,0,435,716,32.10454059
790,0,436.2116185,436,0,-0.2116185313,0,-0.004903852629,-0.2116185313,-0.004903852629,0.2116185313,0.2116185313,0,0,1,0,436.2116185,436.2116185,0,435,717,32.11659122
791,0,436,436,-0.2116185313,-0.2116185313,-0.004903852629,-0.004903852629,0,0,0,30,1,6,0,0,436.2116185,436.2116185,0,435,718,32.13733029
792,0,436.2116185,436,0,-0.2116185313,0,-0.004903852629,-0.2116185313,-0.004903852629,0.6348555939,0.6348555939,0,0,1,0,436.2116185,436.2116185,0,435,719,32.15239787
793,0,436,432,-0.2116185313,-4.211618531,-0.004903852629,-0.09759616268,-4,-0.09269231005,0,12,1,5,0,0,436.2116185,436.2116185,0,435,720,32.1913352
794,0,436.2116185,436,0,-0.2116185313,0,-0.004903852629,-0.2116185313,-0.004903852629,0.2116185313,0.2116185313,0,0,1,0,436.2116185,436.2116185,0,435,721,32.20234752
795,0,436,435,-0.2116185313,-1.211618531,-0.004903852629,-0.02807693014,-1,-0.02317307751,0,21,1,4,0,0,436.2116185,436.2116185,0,435,722,32.21758223
796,0,436.2116185,436,0,-0.2116185313,0,-0.004903852629,-0.2116185313,-0.004903852629,0.2116185313,0.2116185313,0,0,1,0,436.2116185,436.2116185,0,435,723,32.23250413
797,0,436,433,-0.2116185313,-3.211618531,-0.004903852629,-0.07442308516,-3,-0.06951923254,0,11,1,4,0,0,436.2116185,436.2116185,0,435,724,32.2682004
798,0,436.2116185,436,0,-0.2116185313,0,-0.004903852629,-0.2116185313,-0.004903852629,0.2116185313,0.2116185313,0,0,1,0,436.2116185,436.2116185,0,435,725,32.27922392
799,0,436,435,-0.2116185313,-1.211618531,-0.004903852629,-0.02807693014,-1,-0.02317307751,0,21,1,5,0,0,436.2116185,436.2116185,0,435,726,32.29447985
800,0,436.2116185,520,0,83.78838147,0,1.941634658,83.78838147,1.941634658,0.2116185313,268.2116185,1,163,0,0,436.2116185,436.2116185,0,435,727,32.30898404
801,0,436.2116185,413,0,-23.21161853,0,-0.5378846354,-23.21161853,-0.5378846354,31.54190734,31.54190734,1,138,0,0,436.2116185,436.2116185,0,435,728,32.44434452
802,0,436.2116185,430,-5.684341886e-14,-6.211618531,-1.317236951e-15,-0.1439423177,-6.211618531,-0.1439423177,8.301522261,8.301522261,1,30,0,0,436.2116185,436.2116185,0,435,729,32.66501379
803,0,436.2116185,432,0,-4.211618531,0,-0.09759616268,-4.211618531,-0.09759616268,5.941907344,5.941907344,1,21,0,0,436.2116185,436.2116185,0,435,730,32.7456615
804,0,436.2116185,433,0,-3.211618531,0,-0.07442308516,-3.211618531,-0.07442308516,4.365144406,4.365144406,1,18,0,0,436.2116185,436.2116185,0,435,731,32.82757211
805,0,436.2116185,434,0,-2.211618531,0,-0.05125000765,-2.211618531,-0.05125000765,3.365144406,3.365144406,1,15,0,0,436.2116185,436.2116185,0,435,732,32.88052678
806,0,436.2116185,443,0,6.788381469,0,0.15730769,6.788381469,0.15730769,3.365144406,13.63485559,1,8,0,0,436.2116185,436.2116185,0,435,733,32.93014073
807,0,436.2116185,432,0,-4.211618531,0,-0.09759616268,-4.211618531,-0.09759616268,4.211618531,4.211618531,1,45,0,0,436.2116185,436.2116185,0,435,734,33.07525635
808,0,436,453,-0.2116185313,16.78838147,-0.004903852629,0.3890384651,17,0.3939423177,4,21,0,0,1,0,436.2116185,436.2116185,0,435,735,33.12611079
809,0,436.2116185,436,0,-0.2116185313,0,-0.004903852629,-0.2116185313,-0.004903852629,0.2116185313,0.2116185313,0,0,1,0,436.2116185,436.2116185,0,435,736,33.1601932
810,0,436,433,-0.2116185313,-3.211618531,-0.004903852629,-0.07442308516,-3,-0.06951923254,0,29,1,11,0,0,436.2116185,436.2116185,0,435,737,33.22258806
811,0,436.2116185,435,0,-1.211618531,0,-0.02807693014,-1.211618531,-0.02807693014,4.262793823,4.262793823,1,3,0,0,436.2116185,436.2116185,0,435,738,33.23980689
812,0,436.2116185,436,0,-0.2116185313,0,-0.004903852629,-0.2116185313,-0.004903852629,0.6348555939,0.6348555939,0,0,1,0,436.2116185,436.2116185,0,435,739,33.27635407
813,0,436,433,-0.2116185313,-3.211618531,-0.004903852629,-0.07442308516,-3,-0.06951923254,0,15,1,5,0,0,436.2116185,436.2116185,0,435,740,33.29566574
814,0,436.2116185,436,0,-0.2116185313,0,-0.004903852629,-0.2116185313,-0.004903852629,0.2116185313,0.2116185313,0,0,1,0,436.2116185,436.2116185,0,435,741,33.30590367
815,0,436,434,-0.2116185313,-2.211618531,-0.004903852629,-0.05125000765,-2,-0.04634615502,0,30,1,9,0,0,436.2116185,436.2116185,0,435,742,33.32057571
816,0,436.2116185,436,0,-0.2116185313,0,-0.004903852629,-0.2116185313,-0.004903852629,0.2116185313,0.2116185313,0,0,1,0,436.2116185,436.2116185,0,435,743,33.33423424
817,0,436,435,-0.2116185313,-1.211618531,-0.004903852629,-0.02807693014,-1,-0.02317307751,0,25,1,5,0,0,436.2116185,436.2116185,0,435,744,33.36174989
818,0,436.2116185,436,0,-0.2116185313,0,-0.004903852629,-0.2116185313,-0.004903852629,0.2116185313,0.2116185313,0,0,1,0,436.2116185,436.2116185,0,435,745,33.37541652
819,0,436,435,-0.2116185313,-1.211618531,-0.004903852629,-0.02807693014,-1,-0.02317307751,0,21,1,4,0,0,436.2116185,436.2116185,0,435,746,33.40090537
820,0,436.2116185,436,0,-0.2116185313,0,-0.004903852629,-0.2116185313,-0.004903852629,0.2116185313,0.2116185313,0,0,1,0,436.2116185,436.2116185,0,435,747,33.4178021
821,0,436,435,-0.2116185313,-1.211618531,-0.004903852629,-0.02807693014,-1,-0.02317307751,0,21,1,4,0,0,436.2116185,436.2116185,0,435,748,33.45301056
822,0,436.2116185,536,0,99.78838147,0,2.312403899,99.78838147,2.312403899,0.2116185313,250.2116185,1,135,0,0,436.2116185,436.2116185,0,435,749,33.46598029
823,0,436.2116185,434,0,-2.211618531,0,-0.05125000765,-2.211618531,-0.05125000765,3.904566782,3.904566782,1,10,0,0,436.2116185,436.2116185,0,435,750,33.55021167
824,0,436,436,-0.2116185313,-0.2116185313,-0.004903852629,-0.004903852629,0,0,0,0,0,0,1,0,436.2116185,436.2116185,0,435,751,33.66169381
825,0,436,434,-0.2116185313,-2.211618531,-0.004903852629,-0.05125000765,-2,-0.04634615502,0,30,1,10,0,0,436.2116185,436.2116185,0,435,752,33.66751051
826,0,436.2116185,436,0,-0.2116185313,0,-0.004903852629,-0.2116185313,-0.004903852629,0.2116185313,0.2116185313,0,0,1,0,436.2116185,436.2116185,0,435,753,33.68149114
827,0,436,431,-0.2116185313,-5.211618531,-0.004903852629,-0.1207692402,-5,-0.1158653876,0,11,1,7,0,0,436.2116185,436.2116185,0,435,754,33.70584989
828,0,436.2116185,436,0,-0.2116185313,0,-0.004903852629,-0.2116185313,-0.004903852629,0.6348555939,0.6348555939,0,0,1,0,436.2116185,436.2116185,0,435,755,33.71424937
829,0,436,432,-0.2116185313,-4.211618531,-0.004903852629,-0.09759616268,-4,-0.09269231005,0,12,1,6,0,0,436.2116185,436.2116185,0,435,756,33.73207092
830,0,436.2116185,519,0,82.78838147,0,1.918461581,82.78838147,1.918461581,0.2116185313,277.2116185,1,223,0,0,436.2116185,436.2116185,0,435,757,33.74346614
831,0,436.2116185,425,0,-11.21161853,0,-0.2598077053,-11.21161853,-0.2598077053,21.74701565,21.74701565,1,103,0,0,436.2116185,436.2116185,0,435,758,33.81986952
832,0,436.2116185,435,0,-1.211618531,0,-0.02807693014,-1.211618531,-0.02807693014,8.089441104,8.089441104,1,13,0,0,436.2116185,436.2116185,0,435,759,33.97319293
833,0,436.2116185,432,0,-4.211618531,0,-0.09759616268,-4.211618531,-0.09759616268,5.365144406,5.365144406,1,36,0,0,436.2116185,436.2116185,0,435,760,34.05879545
834,0,436.2116185,434,0,-2.211618531,0,-0.05125000765,-2.211618531,-0.05125000765,4.498243546,4.498243546,1,14,0,0,436.2116185,436.2116185,0,435,761,34.12781739
835,0,436.2116185,436,0,-0.2116185313,0,-0.004903852629,-0.2116185313,-0.004903852629,1.481329719,1.481329719,0,0,1,0,436.2116185,436.2116185,0,435,762,34.20123219
836,0,436,433,-0.2116185313,-3.211618531,-0.004903852629,-0.07442308516,-3,-0.06951923254,0,13,1,5,0,0,436.2116185,436.2116185,0,435,763,34.28285575
837,0,436.2116185,436,0,-0.2116185313,0,-0.004903852629,-0.2116185313,-0.004903852629,0.6348555939,0.6348555939,0,0,1,0,436.2116185,436.2116185,0,435,764,34.35078669
838,0,436,434,-0.2116185313,-2.211618531,-0.004903852629,-0.05125000765,-2,-0.04634615502,0,30,1,9,0,0,436.2116185,436.2116185,0,435,765,34.47359991
839,0,436.2116185,436,0,-0.2116185313,0,-0.004903852629,-0.2116185313,-0.004903852629,0.2116185313,0.2116185313,0,0,1,0,436.2116185,436.2116185,0,435,766,34.49048257
840,0,436,434,-0.2116185313,-2.211618531,-0.004903852629,-0.05125000765,-2,-0.04634615502,0,18,1,5,0,0,436.2116185,436.2116185,0,435,767,34.52831268
841,0,436.2116185,436,0,-0.2116185313,0,-0.004903852629,-0.2116185313,-0.004903852629,0.2116185313,0.2116185313,0,0,1,0,436.2116185,436.2116185,0,435,768,34.54100657
842,0,436,433,-0.2116185313,-3.211618531,-0.004903852629,-0.07442308516,-3,-0.06951923254,0,15,1,6,0,0,436.2116185,436.2116185,0,435,769,34.57042551
843,0,436.2116185,436,0,-0.2116185313,0,-0.004903852629,-0.2116185313,-0.004903852629,0.2116185313,0.2116185313,0,0,1,0,436.2116185,436.2116185,0,435,770,34.58202624
844,0,436,433,-0.2116185313,-3.211618531,-0.004903852629,-0.07442308516,-3,-0.06951923254,0,15,1,7,0,0,436.2116185,436.2116185,0,435,771,34.59790421
845,0,436.2116185,550,0,113.7883815,0,2.636826984,113.7883815,2.636826984,0.2116185313,276.2116185,1,167,0,0,436.2116185,436.2116185,0,435,772,34.61296463
846,0,436.2116185,434,5.684341886e-14,-2.211618531,1.317236951e-15,-0.05125000765,-2.211618531,-0.05125000765,21.74965303,21.74965303,1,15,0,0,436.2116185,436.2116185,0,435,773,34.72721934
847,0,436.2116185,431,0,-5.211618531,0,-0.1207692402,-5.211618531,-0.1207692402,9.501843163,9.501843163,1,43,0,0,436.2116185,436.2116185,0,435,774,34.84983468
848,0,436.2116185,430,0,-6.211618531,0,-0.1439423177,-6.211618531,-0.1439423177,8.580496994,8.580496994,1,48,0,0,436.2116185,436.2116185,0,435,775,34.90166759
849,0,436.2116185,431,0,-5.211618531,0,-0.1207692402,-5.211618531,-0.1207692402,7.365144406,7.365144406,1,42,0,0,436.2116185,436.2116185,0,435,776,34.95490932
850,0,436.2116185,429,0,-7.211618531,0,-0.1671153952,-7.211618531,-0.1671153952,7.365144406,7.365144406,1,65,0,0,436.2116185,436.2116185,0,435,777,34.9807539
851,0,436.0833333,431,-0.128285198,-5.211618531,-0.002972762836,-0.1207692402,-5.083333333,-0.1177964774,6.416666667,6.416666667,1,38,0,0,436.2116185,436.2116185,0,435,778,35.07163882
852,0,436.2116185,448,0,11.78838147,0,0.2731730775,11.78838147,0.2731730775,6.288381469,16.71161853,0,0,1,0,436.2116185,436.2116185,0,435,779,35.09750652
853,0,436.2116185,430,0,-6.211618531,0,-0.1439423177,-6.211618531,-0.1439423177,7.134855594,7.134855594,1,42,0,0,436.2116185,436.2116185,0,435,780,35.18198133
854,0,435.75,452,-0.4616185313,15.78838147,-0.01069712201,0.3658653876,16.25,0.3765625096,5.75,20.25,0,0,1,0,436.2116185,436.2116185,0,435,781,35.32601714
855,0,436.2116185,435,0,-1.211618531,0,-0.02807693014,-1.211618531,-0.02807693014,5.153525875,5.153525875,1,10,0,0,436.2116185,436.2116185,0,435,782,35.36070752
856,0,436.2116185,448,0,11.78838147,0,0.2731730775,11.78838147,0.2731730775,4.365144406,24.63485559,1,9,0,0,436.2116185,436.2116185,0,435,783,35.42874956
857,0,436.2116185,434,0,-2.211618531,0,-0.05125000765,-2.211618531,-0.05125000765,2.211618531,2.211618531,1,10,0,0,436.2116185,436.2116185,0,435,784,35.56117678
858,0,436,450,-0.2116185313,13.78838147,-0.004903852629,0.3195192325,14,0.3244230852,2,18,0,0,1,0,436.2116185,436.2116185,0,435,785,35.62026501
859,0,436.2116185,435,0,-1.211618531,0,-0.02807693014,-1.211618531,-0.02807693014,1.788381469,1.788381469,1,4,0,0,436.2116185,436.2116185,0,435,786,35.64606547
860,0,436.2116185,450,0,13.78838147,0,0.3195192325,13.78838147,0.3195192325,1.788381469,19.21161853,0,0,1,0,436.2116185,436.2116185,0,435,787,35.66343498
861,0,436.2116185,436,0,-0.2116185313,0,-0.004903852629,-0.2116185313,-0.004903852629,0.2116185313,0.2116185313,0,0,1,0,436.2116185,436.2116185,0,435,788,35.70555139
862,0,436,435,-0.2116185313,-1.211618531,-0.004903852629,-0.02807693014,-1,-0.02317307751,0,27,1,10,0,0,436.2116185,436.2116185,0,435,789,35.75808811
863,0,436.2116185,436,0,-0.2116185313,0,-0.004903852629,-0.2116185313,-0.004903852629,0.6348555939,0.6348555939,0,0,1,0,436.2116185,436.2116185,0,435,790,35.7768929
864,0,436,435,-0.2116185313,-1.211618531,-0.004903852629,-0.02807693014,-1,-0.02317307751,0,19,1,5,0,0,436.2116185,436.2116185,0,435,791,35.82163143
865,0,436.2116185,436,0,-0.2116185313,0,-0.004903852629,-0.2116185313,-0.004903852629,0.2116185313,0.2116185313,0,0,1,0,436.2116185,436.2116185,0,435,792,35.83759665
866,0,436,432,-0.2116185313,-4.211618531,-0.004903852629,-0.09759616268,-4,-0.09269231005,0,12,1,5,0,0,436.2116185,436.2116185,0,435,793,35.86662912
867,0,436.2116185,436,0,-0.2116185313,0,-0.004903852629,-0.2116185313,-0.004903852629,0.2116185313,0.2116185313,0,0,1,0,436.2116185,436.2116185,0,435,794,35.87728143
868,0,436,436,-0.2116185313,-0.2116185313,-0.004903852629,-0.004903852629,0,0,0,30,1,8,0,0,436.2116185,436.2116185,0,435,795,35.89510202
869,0,436.2116185,435,0,-1.211618531,0,-0.02807693014,-1.211618531,-0.02807693014,2.365144406,2.365144406,1,21,0,0,436.2116185,436.2116185,0,435,796,35.9515481
870,0,436.2116185,455,0,18.78838147,0,0.4353846201,18.78838147,0.4353846201,2.365144406,27.63485559,1,1,0,0,436.2116185,436.2116185,0,435,797,35.98830056
871,0,436.2116185,435,0,-1.211618531,0,-0.02807693014,-1.211618531,-0.02807693014,1.788381469,1.788381469,1,22,0,0,436.2116185,436.2116185,0,435,798,36.12968707
872,0,436.2116185,455,0,18.78838147,0,0.4353846201,18.78838147,0.4353846201,1.788381469,28.21161853,1,1,0,0,436.2116185,436.2116185,0,435,799,36.19359112
873,0,436.2116185,436,0,-0.2116185313,0,-0.004903852629,-0.2116185313,-0.004903852629,0.2116185313,0.2116185313,0,0,1,0,436.2116185,436.2116185,0,435,800,36.23753834
874,0,436,435,-0.2116185313,-1.211618531,-0.004903852629,-0.02807693014,-1,-0.02317307751,0,23,1,6,0,0,436.2116185,436.2116185,0,435,801,36.29134822
875,0,436.2116185,436,0,-0.2116185313,0,-0.004903852629,-0.2116185313,-0.004903852629,0.2116185313,0.2116185313,0,0,1,0,436.2116185,436.2116185,0,435,802,36.30383801
876,0,436,432,-0.2116185313,-4.211618531,-0.004903852629,-0.09759616268,-4,-0.09269231005,0,14,1,6,0,0,436.2116185,436.2116185,0,435,803,36.32700396
877,0,436.2116185,436,0,-0.2116185313,0,-0.004903852629,-0.2116185313,-0.004903852629,0.6348555939,0.6348555939,0,0,1,0,436.2116185,436.2116185,0,435,804,36.33806515
878,0,436,431,-0.2116185313,-5.211618531,-0.004903852629,-0.1207692402,-5,-0.1158653876,0,13,1,7,0,0,436.2116185,436.2116185,0,435,805,36.36396456
879,0,436.2116185,436,0,-0.2116185313,0,-0.004903852629,-0.2116185313,-0.004903852629,0.2116185313,0.2116185313,0,0,1,0,436.2116185,436.2116185,0,435,806,36.37192082
880,0,436,434,-0.2116185313,-2.211618531,-0.004903852629,-0.05125000765,-2,-0.04634615502,0,20,1,6,0,0,436.2116185,436.2116185,0,435,807,36.38523865
881,0,436.2116185,542,0,105.7883815,0,2.451442364,105.7883815,2.451442364,1.058092656,270.2116185,1,173,0,0,436.2116185,436.2116185,0,435,808,36.40186548
882,0,436.2116185,428,0,-8.211618531,0,-0.1902884727,-8.211618531,-0.1902884727,30.26027842,30.26027842,1,60,0,0,436.2116185,436.2116185,0,435,809,36.49859309
883,0,436.2116185,431,0,-5.211618531,0,-0.1207692402,-5.211618531,-0.1207692402,8.996682307,8.996682307,1,24,0,0,436.2116185,436.2116185,0,435,810,36.6165812
884,0,436,436,-0.2116185313,-0.2116185313,-0.004903852629,-0.004903852629,0,0,0,0,0,0,1,0,436.2116185,436.2116185,0,435,811,36.77896738
885,0,436,432,-0.2116185313,-4.211618531,-0.004903852629,-0.09759616268,-4,-0.09269231005,0,12,1,5,0,0,436.2116185,436.2116185,0,435,812,36.78970051
886,0,436.2116185,436,0,-0.2116185313,0,-0.004903852629,-0.2116185313,-0.004903852629,0.2116185313,0.2116185313,0,0,1,0,436.2116185,436.2116185,0,435,813,36.80032587
887,0,436,435,-0.2116185313,-1.211618531,-0.004903852629,-0.02807693014,-1,-0.02317307751,0,21,1,6,0,0,436.2116185,436.2116185,0,435,814,36.81459332
888,0,436.2116185,436,0,-0.2116185313,0,-0.004903852629,-0.2116185313,-0.004903852629,0.2116185313,0.2116185313,0,0,1,0,436.2116185,436.2116185,0,435,815,36.82820296
889,0,436,435,-0.2116185313,-1.211618531,-0.004903852629,-0.02807693014,-1,-0.02317307751,0,19,1,5,0,0,436.2116185,436.2116185,0,435,816,36.85056782
890,0,436.2116185,436,0,-0.2116185313,0,-0.004903852629,-0.2116185313,-0.004903852629,0.2116185313,0.2116185313,0,0,1,0,436.2116185,436.2116185,0,435,817,36.86369681
891,0,436,432,-0.2116185313,-4.211618531,-0.004903852629,-0.09759616268,-4,-0.09269231005,0,12,1,5,0,0,436.2116185,436.2116185,0,435,818,36.89279389
892,0,436.2116185,436,0,-0.2116185313,0,-0.004903852629,-0.2116185313,-0.004903852629,0.2116185313,0.2116185313,0,0,1,0,436.2116185,436.2116185,0,435,819,36.9014535
893,0,436,432,-0.2116185313,-4.211618531,-0.004903852629,-0.09759616268,-4,-0.09269231005,0,14,1,7,0,0,436.2116185,436.2116185,0,435,820,36.9154954
894,0,436.2116185,535,0,98.78838147,0,2.289230821,98.78838147,2.289230821,0.2116185313,301.2116185,1,252,0,0,436.2116185,436.2116185,0,435,821,36.93193245
895,0,436.2116185,400,0,-36.21161853,0,-0.839134643,-36.21161853,-0.839134643,36.94190734,36.94190734,1,342,0,0,436.2116185,436.2116185,0,435,822,37.05955029
896,0,435.175,418,-1.036618531,-18.21161853,-0.02402164158,-0.4220192478,-17.175,-0.3979976063,20.375,20.375,1,158,0,0,436.2116185,436.2116185,0,435,823,37.22460771
897,0,436,421,-0.2116185313,-15.21161853,-0.004903852629,-0.3525000153,-15,-0.3475961627,16,16,1,118,0,0,436.2116185,436.2116185,0,435,824,37.25452423
898,0,436.2116185,424,0,-12.21161853,0,-0.2829807828,-12.21161853,-0.2829807828,12.78838147,12.78838147,1,101,0,0,436.2116185,436.2116185,0,435,825,37.28101349
899,0,436.2116185,448,0,11.78838147,0,0.2731730775,11.78838147,0.2731730775,12.78838147,12.78838147,0,0,1,0,436.2116185,436.2116185,0,435,826,37.31488371
900,0,436.2116185,430,0,-6.211618531,0,-0.1439423177,-6.211618531,-0.1439423177,7.365144406,7.365144406,1,31,0,0,436.2116185,436.2116185,0,435,827,37.35789418
901,0,436.2116185,432,0,-4.211618531,0,-0.09759616268,-4.211618531,-0.09759616268,5.941907344,5.941907344,1,21,0,0,436.2116185,436.2116185,0,435,828,37.38129783
902,0,436.2116185,441,0,4.788381469,0,0.1109615349,4.788381469,0.1109615349,5.365144406,15.63485559,1,2,0,0,436.2116185,436.2116185,0,435,829,37.4386363
903,0,436.2116185,433,0,-3.211618531,0,-0.07442308516,-3.211618531,-0.07442308516,3.211618531,3.211618531,1,17,0,0,436.2116185,436.2116185,0,435,830,37.62544608
904,0,436,448,-0.2116185313,11.78838147,-0.004903852629,0.2731730775,12,0.2780769301,3,16,1,6,0,0,436.2116185,436.2116185,0,435,831,37.70223093
905,0,436.2116185,435,0,-1.211618531,0,-0.02807693014,-1.211618531,-0.02807693014,2.365144406,2.365144406,1,3,0,0,436.2116185,436.2116185,0,435,832,37.74840164
906,0,436.2116185,440,0,3.788381469,0,0.08778845742,3.788381469,0.08778845742,2.365144406,16.63485559,1,10,0,0,436.2116185,436.2116185,0,435,833,37.82034278
907,0,436.2116185,435,0,-1.211618531,0,-0.02807693014,-1.211618531,-0.02807693014,1.788381469,1.788381469,1,3,0,0,436.2116185,436.2116185,0,435,834,37.95909142
908,0,436.2116185,451,0,14.78838147,0,0.34269231,14.78838147,0.34269231,1.788381469,26.21161853,1,4,0,0,436.2116185,436.2116185,0,435,835,38.00424051
909,0,436.2116185,433,0,-3.211618531,0,-0.07442308516,-3.211618531,-0.07442308516,3.211618531,3.211618531,1,9,0,0,436.2116185,436.2116185,0,435,836,38.04987168
910,0,436,448,-0.2116185313,11.78838147,-0.004903852629,0.2731730775,12,0.2780769301,3,16,0,0,1,0,436.2116185,436.2116185,0,435,837,38.14429069
911,0,436.2116185,436,0,-0.2116185313,0,-0.004903852629,-0.2116185313,-0.004903852629,0.6348555939,0.6348555939,0,0,1,0,436.2116185,436.2116185,0,435,838,38.17763615
912,0,436,435,-0.2116185313,-1.211618531,-0.004903852629,-0.02807693014,-1,-0.02317307751,0,27,1,13,0,0,436.2116185,436.2116185,0,435,839,38.24938416
913,0,436.2116185,436,0,-0.2116185313,0,-0.004903852629,-0.2116185313,-0.004903852629,0.2116185313,0.2116185313,0,0,1,0,436.2116185,436.2116185,0,435,840,38.27370238
914,0,436,435,-0.2116185313,-1.211618531,-0.004903852629,-0.02807693014,-1,-0.02317307751,0,25,1,6,0,0,436.2116185,436.2116185,0,435,841,38.32742715
915,0,436.2116185,532,0,95.78838147,0,2.219711588,95.78838147,2.219711588,0.2116185313,247.7883815,1,152,0,0,436.2116185,436.2116185,0,435,842,38.3455677
916,0,436.2116185,430,0,-6.211618531,0,-0.1439423177,-6.211618531,-0.1439423177,7.904566782,7.904566782,1,36,0,0,436.2116185,436.2116185,0,435,843,38.46581745
917,0,435.3333333,432,-0.878285198,-4.211618531,-0.02035257097,-0.09759616268,-3.333333333,-0.07724359171,3.333333333,3.333333333,1,29,0,0,436.2116185,436.2116185,0,435,844,38.60184717
918,0,435.3333333,454,-0.878285198,17.78838147,-0.02035257097,0.4122115426,18.66666667,0.4325641136,3.333333333,20.66666667,0,0,1,0,436.2116185,436.2116185,0,435,845,38.60811877
919,0,436.2116185,436,0,-0.2116185313,0,-0.004903852629,-0.2116185313,-0.004903852629,0.2116185313,0.2116185313,0,0,1,0,436.2116185,436.2116185,0,435,846,38.63558483
920,0,436,436,-0.2116185313,-0.2116185313,-0.004903852629,-0.004903852629,0,0,0,22,1,5,0,0,436.2116185,436.2116185,0,435,847,38.6824851
921,0,436.2116185,436,0,-0.2116185313,0,-0.004903852629,-0.2116185313,-0.004903852629,0.2116185313,0.2116185313,0,0,1,0,436.2116185,436.2116185,0,435,848,38.70693994
922,0,436,433,-0.2116185313,-3.211618531,-0.004903852629,-0.07442308516,-3,-0.06951923254,0,15,1,5,0,0,436.2116185,436.2116185,0,435,849,38.75142884
923,0,436.2116185,436,0,-0.2116185313,0,-0.004903852629,-0.2116185313,-0.004903852629,0.6348555939,0.6348555939,0,0,1,0,436.2116185,436.2116185,0,435,850,38.81549191
924,0,436,432,-0.2116185313,-4.211618531,-0.004903852629,-0.09759616268,-4,-0.09269231005,0,18,1,6,0,0,436.2116185,436.2116185,0,435,851,38.94243407
925,0,436.2116185,436,0,-0.2116185313,0,-0.004903852629,-0.2116185313,-0.004903852629,0.2116185313,0.2116185313,0,0,1,0,436.2116185,436.2116185,0,435,852,38.95552826
926,0,436,432,-0.2116185313,-4.211618531,-0.004903852629,-0.09759616268,-4,-0.09269231005,0,18,1,6,0,0,436.2116185,436.2116185,0,435,853,38.97297812
927,0,436.2116185,436,0,-0.2116185313,0,-0.004903852629,-0.2116185313,-0.004903852629,0.2116185313,0.2116185313,0,0,1,0,436.2116185,436.2116185,0,435,854,38.97951579
928,0,436,433,-0.2116185313,-3.211618531,-0.004903852629,-0.07442308516,-3,-0.06951923254,0,29,1,14,0,0,436.2116185,436.2116185,0,435,855,38.98686194
929,0,436.2116185,436,0,-0.2116185313,0,-0.004903852629,-0.2116185313,-0.004903852629,0.2116185313,0.2116185313,0,0,1,0,436.2116185,436.2116185,0,435,856,39.00486898
930,0,436,433,-0.2116185313,-3.211618531,-0.004903852629,-0.07442308516,-3,-0.06951923254,0,15,1,6,0,0,436.2116185,436.2116185,0,435,857,39.04395795
931,0,436.2116185,436,0,-0.2116185313,0,-0.004903852629,-0.2116185313,-0.004903852629,0.2116185313,0.2116185313,0,0,1,0,436.2116185,436.2116185,0,435,858,39.05601454
932,0,436,432,-0.2116185313,-4.211618531,-0.004903852629,-0.09759616268,-4,-0.09269231005,0,14,1,7,0,0,436.2116185,436.2116185,0,435,859,39.0734117
933,0,436.2116185,524,0,87.78838147,0,2.034326968,87.78838147,2.034326968,0.2116185313,273.7883815,1,225,0,0,436.2116185,436.2116185,0,435,860,39.0870769
934,0,436.2116185,433,0,-3.211618531,0,-0.07442308516,-3.211618531,-0.07442308516,3.634855594,3.634855594,1,27,0,0,436.2116185,436.2116185,0,435,861,39.17080069
935,0,435.8333333,451,-0.378285198,14.78838147,-0.008766032214,0.34269231,15.16666667,0.3514583423,2.833333333,17.16666667,0,0,1,0,436.2116185,436.2116185,0,435,862,39.30174565
936,0,436.2116185,435,0,-1.211618531,0,-0.02807693014,-1.211618531,-0.02807693014,1.698477739,1.698477739,1,20,0,0,436.2116185,436.2116185,0,435,863,39.32256913
937,0,436.2116185,444,0,7.788381469,0,0.1804807675,7.788381469,0.1804807675,1.576762937,17.42323706,1,3,0,0,436.2116185,436.2116185,0,435,864,39.37497377
938,0,436.2116185,435,0,-1.211618531,0,-0.02807693014,-1.211618531,-0.02807693014,1.455048135,1.455048135,1,16,0,0,436.2116185,436.2116185,0,435,865,39.45109582
939,0,436.2116185,450,0,13.78838147,0,0.3195192325,13.78838147,0.3195192325,1.455048135,21.54495186,0,0,1,0,436.2116185,436.2116185,0,435,866,39.48647904
940,0,436.2116185,436,0,-0.2116185313,0,-0.004903852629,-0.2116185313,-0.004903852629,0.2116185313,0.2116185313,0,0,1,0,436.2116185,436.2116185,0,435,867,39.51664329
941,0,436,432,-0.2116185313,-4.211618531,-0.004903852629,-0.09759616268,-4,-0.09269231005,0,10,1,5,0,0,436.2116185,436.2116185,0,435,868,39.57275295
942,0,436.2116185,436,0,-0.2116185313,0,-0.004903852629,-0.2116185313,-0.004903852629,0.2116185313,0.2116185313,0,0,1,0,436.2116185,436.2116185,0,435,869,39.58451462
943,0,436,434,-0.2116185313,-2.211618531,-0.004903852629,-0.05125000765,-2,-0.04634615502,0,20,1,5,0,0,436.2116185,436.2116185,0,435,870,39.60030365
944,0,436.2116185,436,0,-0.2116185313,0,-0.004903852629,-0.2116185313,-0.004903852629,0.2116185313,0.2116185313,0,0,1,0,436.2116185,436.2116185,0,435,871,39.61577463
945,0,436,435,-0.2116185313,-1.211618531,-0.004903852629,-0.02807693014,-1,-0.02317307751,0,27,1,10,0,0,436.2116185,436.2116185,0,435,872,39.65004969
946,0,436.2116185,436,0,-0.2116185313,0,-0.004903852629,-0.2116185313,-0.004903852629,0.2116185313,0.2116185313,0,0,1,0,436.2116185,436.2116185,0,435,873,39.6772325
947,0,436,436,-0.2116185313,-0.2116185313,-0.004903852629,-0.004903852629,0,0,0,24,1,6,0,0,436.2116185,436.2116185,0,435,874,39.72648335
948,0,436.2116185,436,0,-0.2116185313,0,-0.004903852629,-0.2116185313,-0.004903852629,0.2116185313,0.2116185313,0,0,1,0,436.2116185,436.2116185,0,435,875,39.74980807
949,0,436,432,-0.2116185313,-4.211618531,-0.004903852629,-0.09759616268,-4,-0.09269231005,0,20,1,5,0,0,436.2116185,436.2116185,0,435,876,39.79267263
950,0,436.2116185,436,0,-0.2116185313,0,-0.004903852629,-0.2116185313,-0.004903852629,0.2116185313,0.2116185313,0,0,1,0,436.2116185,436.2116185,0,435,877,39.79875565
951,0,436,433,-0.2116185313,-3.211618531,-0.004903852629,-0.07442308516,-3,-0.06951923254,0,25,1,7,0,0,436.2116185,436.2116185,0,435,878,39.80584788
952,0,436.2116185,436,0,-0.2116185313,0,-0.004903852629,-0.2116185313,-0.004903852629,0.2116185313,0.2116185313,0,0,1,0,436.2116185,436.2116185,0,435,879,39.8202107
953,0,436,432,-0.2116185313,-4.211618531,-0.004903852629,-0.09759616268,-4,-0.09269231005,0,28,1,12,0,0,436.2116185,436.2116185,0,435,880,39.84393454
954,0,436.2116185,436,0,-0.2116185313,0,-0.004903852629,-0.2116185313,-0.004903852629,0.2116185313,0.2116185313,0,0,1,0,436.2116185,436.2116185,0,435,881,39.85639119
955,0,436,432,-0.2116185313,-4.211618531,-0.004903852629,-0.09759616268,-4,-0.09269231005,0,14,1,6,0,0,436.2116185,436.2116185,0,435,882,39.87517762
956,0,436.2116185,436,0,-0.2116185313,0,-0.004903852629,-0.2116185313,-0.004903852629,0.2116185313,0.2116185313,0,0,1,0,436.2116185,436.2116185,0,435,883,39.88742828
957,0,436,434,-0.2116185313,-2.211618531,-0.004903852629,-0.05125000765,-2,-0.04634615502,0,22,1,7,0,0,436.2116185,436.2116185,0,435,884,39.9039185
958,0,436.2116185,436,0,-0.2116185313,0,-0.004903852629,-0.2116185313,-0.004903852629,0.2116185313,0.2116185313,0,0,1,0,436.2116185,436.2116185,0,435,885,39.91955161
959,0,436,432,-0.2116185313,-4.211618531,-0.004903852629,-0.09759616268,-4,-0.09269231005,0,14,1,6,0,0,436.2116185,436.2116185,0,435,886,39.94926906
960,0,436.2116185,436,0,-0.2116185313,0,-0.004903852629,-0.2116185313,-0.004903852629,0.2116185313,0.2116185313,0,0,1,0,436.2116185,436.2116185,0,435,887,39.96247411
961,0,436,433,-0.2116185313,-3.211618531,-0.004903852629,-0.07442308516,-3,-0.06951923254,0,23,1,7,0,0,436.2116185,436.2116185,0,435,888,39.98093128
962,0,436.2116185,436,0,-0.2116185313,0,-0.004903852629,-0.2116185313,-0.004903852629,0.2116185313,0.2116185313,0,0,1,0,436.2116185,436.2116185,0,435,889,39.99384999
963,0,436,435,-0.2116185313,-1.211618531,-0.004903852629,-0.02807693014,-1,-0.02317307751,0,21,1,5,0,0,436.2116185,436.2116185,0,435,890,40.01188207
964,0,436.2116185,436,0,-0.2116185313,0,-0.004903852629,-0.2116185313,-0.004903852629,0.2116185313,0.2116185313,0,0,1,0,436.2116185,436.2116185,0,435,891,40.02793527
965,0,436,433,-0.2116185313,-3.211618531,-0.004903852629,-0.07442308516,-3,-0.06951923254,0,29,1,10,0,0,436.2116185,436.2116185,0,435,892,40.0528903
966,0,436.2116185,436,0,-0.2116185313,0,-0.004903852629,-0.2116185313,-0.004903852629,0.2116185313,0.2116185313,0,0,1,0,436.2116185,436.2116185,0,435,893,40.06999516
967,0,436,436,-0.2116185313,-0.2116185313,-0.004903852629,-0.004903852629,0,0,0,24,1,6,0,0,436.2116185,436.2116185,0,435,894,40.10591698
968,0,436.2116185,436,0,-0.2116185313,0,-0.004903852629,-0.2116185313,-0.004903852629,0.2116185313,0.2116185313,0,0,1,0,436.2116185,436.2116185,0,435,895,40.12133098
969,0,436,434,-0.2116185313,-2.211618531,-0.004903852629,-0.05125000765,-2,-0.04634615502,0,22,1,5,0,0,436.2116185,436.2116185,0,435,896,40.15193987
970,0,436.2116185,436,0,-0.2116185313,0,-0.004903852629,-0.2116185313,-0.004903852629,0.2116185313,0.2116185313,0,0,1,0,436.2116185,436.2116185,0,435,897,40.16727781
971,0,436,433,-0.2116185313,-3.211618531,-0.004903852629,-0.07442308516,-3,-0.06951923254,0,19,1,5,0,0,436.2116185,436.2116185,0,435,898,40.19311571
972,0,436.2116185,436,0,-0.2116185313,0,-0.004903852629,-0.2116185313,-0.004903852629,0.2116185313,0.2116185313,0,0,1,0,436.2116185,436.2116185,0,435,899,40.19944406
973,0,436,434,-0.2116185313,-2.211618531,-0.004903852629,-0.05125000765,-2,-0.04634615502,0,24,1,7,0,0,436.2116185,436.2116185,0,435,900,40.2066884
974,0,436.2116185,436,0,-0.2116185313,0,-0.004903852629,-0.2116185313,-0.004903852629,0.2116185313,0.2116185313,0,0,1,0,436.2116185,436.2116185,0,435,901,40.22586489
975,0,436,436,-0.2116185313,-0.2116185313,-0.004903852629,-0.004903852629,0,0,0,22,1,5,0,0,436.2116185,436.2116185,0,435,902,40.26446891
976,0,436.2116185,436,0,-0.2116185313,0,-0.004903852629,-0.2116185313,-0.004903852629,0.2116185313,0.2116185313,0,0,1,0,436.2116185,436.2116185,0,435,903,40.27979279
977,0,436,432,-0.2116185313,-4.211618531,-0.004903852629,-0.09759616268,-4,-0.09269231005,0,12,1,5,0,0,436.2116185,436.2116185,0,435,904,40.30652666
978,0,436.2116185,436,0,-0.2116185313,0,-0.004903852629,-0.2116185313,-0.004903852629,0.2116185313,0.2116185313,0,0,1,0,436.2116185,436.2116185,0,435,905,40.3165288
979,0,436,431,-0.2116185313,-5.211618531,-0.004903852629,-0.1207692402,-5,-0.1158653876,0,13,1,8,0,0,436.2116185,436.2116185,0,435,906,40.33298182
980,0,436.2116185,568,0,131.7883815,0,3.053942379,131.7883815,3.053942379,0.2116185313,313.7883815,1,164,0,0,436.2116185,436.2116185,0,435,907,40.34435344
981,0,436.2116185,413,0,-23.21161853,0,-0.5378846354,-23.21161853,-0.5378846354,30.05809266,30.05809266,1,141,0,0,436.2116185,436.2116185,0,435,908,40.42543173
982,0,436.1666667,418,-0.04495186463,-18.21161853,-0.001041673043,-0.4220192478,-18.16666667,-0.4209775748,18.16666667,18.16666667,1,113,0,0,436.2116185,436.2116185,0,435,909,40.57235217
983,0,436.1666667,437,-0.04495186463,0.7883814687,-0.001041673043,0.01826922488,0.8333333333,0.01931089793,18.16666667,18.16666667,1,27,0,0,436.2116185,436.2116185,0,435,910,40.58626699
984,0,436.2116185,429,0,-7.211618531,0,-0.1671153952,-7.211618531,-0.1671153952,11.74596671,11.74596671,1,31,0,0,436.2116185,436.2116185,0,435,911,40.66235209
985,0,436.1666667,430,-0.04495186463,-6.211618531,-0.001041673043,-0.1439423177,-6.166666667,-0.1429006447,6.166666667,6.166666667,1,27,0,0,436.2116185,436.2116185,0,435,912,40.83354783
986,0,436.1666667,455,-0.04495186463,18.78838147,-0.001041673043,0.4353846201,18.83333333,0.4364262931,6.166666667,18.83333333,0,0,1,0,436.2116185,436.2116185,0,435,913,40.84506869
987,0,436.2116185,432,0,-4.211618531,0,-0.09759616268,-4.211618531,-0.09759616268,4.788381469,4.788381469,1,21,0,0,436.2116185,436.2116185,0,435,914,40.88459897
988,0,436.2116185,446,0,9.788381469,0,0.2268269225,9.788381469,0.2268269225,4.788381469,13.21161853,0,0,1,0,436.2116185,436.2116185,0,435,915,40.92394614
989,0,436.2116185,437,0,0.7883814687,0,0.01826922488,0.7883814687,0.01826922488,1.576762937,1.576762937,0,0,1,0,436.2116185,436.2116185,0,435,916,40.99452186
990,0,436.2116185,447,0,10.78838147,0,0.25,10.78838147,0.25,1.576762937,18.42323706,1,2,0,0,436.2116185,436.2116185,0,435,917,41.05397797
991,0,436.2116185,436,0,-0.2116185313,0,-0.004903852629,-0.2116185313,-0.004903852629,0.2116185313,0.2116185313,0,0,1,0,436.2116185,436.2116185,0,435,918,41.14806676
992,0,436,434,-0.2116185313,-2.211618531,-0.004903852629,-0.05125000765,-2,-0.04634615502,0,20,1,5,0,0,436.2116185,436.2116185,0,435,919,41.21859193
993,0,436.2116185,436,0,-0.2116185313,0,-0.004903852629,-0.2116185313,-0.004903852629,0.2116185313,0.2116185313,0,0,1,0,436.2116185,436.2116185,0,435,920,41.23215079
994,0,436,435,-0.2116185313,-1.211618531,-0.004903852629,-0.02807693014,-1,-0.02317307751,0,21,1,5,0,0,436.2116185,436.2116185,0,435,921,41.24999237
995,0,436.2116185,436,0,-0.2116185313,0,-0.004903852629,-0.2116185313,-0.004903852629,0.2116185313,0.2116185313,0,0,1,0,436.2116185,436.2116185,0,435,922,41.271451
996,0,436,435,-0.2116185313,-1.211618531,-0.004903852629,-0.02807693014,-1,-0.02317307751,0,23,1,6,0,0,436.2116185,436.2116185,0,435,923,41.31753373
997,0,436.2116185,530,0,93.78838147,0,2.173365433,93.78838147,2.173365433,0.2116185313,288.2116185,1,234,0,0,436.2116185,436.2116185,0,435,924,41.33851027
998,0,436.2116185,421,0,-15.21161853,0,-0.3525000153,-15.21161853,-0.3525000153,42.25725993,42.25725993,1,193,0,0,436.2116185,436.2116185,0,435,925,41.48818445
999,0,436.2116185,421,0,-15.21161853,0,-0.3525000153,-15.21161853,-0.3525000153,22.15915764,22.15915764,1,116,0,0,436.2116185,436.2116185,0,435,926,41.75271678
1000,0,436.2116185,427,0,-9.211618531,0,-0.2134615502,-9.211618531,-0.2134615502,9.788381469,9.788381469,1,93,0,0,436.2116185,436.2116185,0,435,927,41.87378216
1001,0,436.2116185,428,0,-8.211618531,0,-0.1902884727,-8.211618531,-0.1902884727,8.788381469,8.788381469,1,81,0,0,436.2116185,436.2116185,0,435,928,41.92448211
1002,0,436.2116185,439,0,2.788381469,0,0.06461537991,2.788381469,0.06461537991,8.788381469,8.788381469,1,13,0,0,436.2116185,436.2116185,0,435,929,41.93130851
1003,0,436.2116185,435,0,-1.211618531,0,-0.02807693014,-1.211618531,-0.02807693014,5.248959093,5.248959093,1,5,0,0,436.2116185,436.2116185,0,435,930,41.95514178
1004,0,436.2116185,444,0,7.788381469,0,0.1804807675,7.788381469,0.1804807675,2.365144406,12.63485559,1,2,0,0,436.2116185,436.2116185,0,435,931,42.04025459
1005,0,436.2116185,433,0,-3.211618531,0,-0.07442308516,-3.211618531,-0.07442308516,3.211618531,3.211618531,1,18,0,0,436.2116185,436.2116185,0,435,932,42.19051433
1006,0,435.8333333,445,-0.378285198,8.788381469,-0.008766032214,0.203653845,9.166666667,0.2124198772,2.833333333,11.16666667,0,0,1,0,436.2116185,436.2116185,0,435,933,42.24315667
1007,0,436.2116185,435,0,-1.211618531,0,-0.02807693014,-1.211618531,-0.02807693014,2.365144406,2.365144406,1,13,0,0,436.2116185,436.2116185,0,435,934,42.27361393
1008,0,436.2116185,442,0,5.788381469,0,0.1341346124,5.788381469,0.1341346124,1.698477739,13.30152226,0,0,1,0,436.2116185,436.2116185,0,435,935,42.33487105
1009,0,436.2116185,435,0,-1.211618531,0,-0.02807693014,-1.211618531,-0.02807693014,1.455048135,1.455048135,1,13,0,0,436.2116185,436.2116185,0,435,936,42.50662184
1010,0,436.2116185,448,0,11.78838147,0,0.2731730775,11.78838147,0.2731730775,1.455048135,17.54495186,0,0,1,0,436.2116185,436.2116185,0,435,937,42.51363397
1011,0,436.2116185,436,0,-0.2116185313,0,-0.004903852629,-0.2116185313,-0.004903852629,0.2116185313,0.2116185313,0,0,1,0,436.2116185,436.2116185,0,435,938,42.55452681
1012,0,436,435,-0.2116185313,-1.211618531,-0.004903852629,-0.02807693014,-1,-0.02317307751,0,17,1,5,0,0,436.2116185,436.2116185,0,435,939,42.61798239
1013,0,436.2116185,436,0,-0.2116185313,0,-0.004903852629,-0.2116185313,-0.004903852629,0.2116185313,0.2116185313,0,0,1,0,436.2116185,436.2116185,0,435,940,42.63945937
1014,0,436,433,-0.2116185313,-3.211618531,-0.004903852629,-0.07442308516,-3,-0.06951923254,0,15,1,6,0,0,436.2116185,436.2116185,0,435,941,42.6872685
1015,0,436.2116185,436,0,-0.2116185313,0,-0.004903852629,-0.2116185313,-0.004903852629,0.6348555939,0.6348555939,0,0,1,0,436.2116185,436.2116185,0,435,942,42.70073485
1016,0,436,431,-0.2116185313,-5.211618531,-0.004903852629,-0.1207692402,-5,-0.1158653876,0,13,1,8,0,0,436.2116185,436.2116185,0,435,943,42.75895071
1017,0,436.2116185,516,0,79.78838147,0,1.848942348,79.78838147,1.848942348,0.2116185313,263.7883815,1,184,0,0,436.2116185,436.2116185,0,435,944,42.77115393
1018,0,436.2116185,418,0,-18.21161853,0,-0.4220192478,-18.21161853,-0.4220192478,18.63485559,18.63485559,1,98,0,0,436.2116185,436.2116185,0,435,945,42.85730267
1019,0,436,425,-0.2116185313,-11.21161853,-0.004903852629,-0.2598077053,-11,-0.2549038526,17,17,1,53,0,0,436.2116185,436.2116185,0,435,946,43.03442693
1020,0,436.2116185,426,0,-10.21161853,0,-0.2366346277,-10.21161853,-0.2366346277,11.36514441,11.36514441,1,51,0,0,436.2116185,436.2116185,0,435,947,43.11371112
1021,0,436.2116185,440,0,3.788381469,0,0.08778845742,3.788381469,0.08778845742,11.36514441,11.36514441,1,5,0,0,436.2116185,436.2116185,0,435,948,43.18255353
1022,0,436.2116185,427,0,-9.211618531,0,-0.2134615502,-9.211618531,-0.2134615502,10.36514441,10.36514441,1,47,0,0,436.2116185,436.2116185,0,435,949,43.22802162
1023,0,436.2116185,444,0,7.788381469,0,0.1804807675,7.788381469,0.1804807675,10.36514441,10.36514441,0,0,1,0,436.2116185,436.2116185,0,435,950,43.26756978
1024,0,436.2116185,433,0,-3.211618531,0,-0.07442308516,-3.211618531,-0.07442308516,3.634855594,3.634855594,1,23,0,0,436.2116185,436.2116185,0,435,951,43.32041025
1025,0,436,451,-0.2116185313,14.78838147,-0.004903852629,0.34269231,15,0.3475961627,3,19,1,2,0,0,436.2116185,436.2116185,0,435,952,43.47416639
1026,0,436.2116185,435,0,-1.211618531,0,-0.02807693014,-1.211618531,-0.02807693014,2.365144406,2.365144406,1,4,0,0,436.2116185,436.2116185,0,435,953,43.50703478
1027,0,436.2116185,436,0,-0.2116185313,0,-0.004903852629,-0.2116185313,-0.004903852629,2.365144406,10.63485559,1,31,0,0,436.2116185,436.2116185,0,435,954,43.58369327
1028,0,436.2116185,435,0,-1.211618531,0,-0.02807693014,-1.211618531,-0.02807693014,2.365144406,2.365144406,1,4,0,0,436.2116185,436.2116185,0,435,955,43.73742008
1029,0,436.2116185,448,0,11.78838147,0,0.2731730775,11.78838147,0.2731730775,2.365144406,18.63485559,1,3,0,0,436.2116185,436.2116185,0,435,956,43.81319737
1030,0,436.2116185,435,0,-1.211618531,0,-0.02807693014,-1.211618531,-0.02807693014,2.365144406,2.365144406,1,4,0,0,436.2116185,436.2116185,0,435,957,43.9469142
1031,0,436.2116185,447,0,10.78838147,0,0.25,10.78838147,0.25,2.365144406,15.63485559,0,0,1,0,436.2116185,436.2116185,0,435,958,44.0284462
1032,0,436.2116185,435,0,-1.211618531,0,-0.02807693014,-1.211618531,-0.02807693014,1.788381469,1.788381469,1,4,0,0,436.2116185,436.2116185,0,435,959,44.15446162
1033,0,436.2116185,445,0,8.788381469,0,0.203653845,8.788381469,0.203653845,1.788381469,14.21161853,0,0,1,0,436.2116185,436.2116185,0,435,960,44.17896748
1034,0,436.2116185,435,0,-1.211618531,0,-0.02807693014,-1.211618531,-0.02807693014,1.788381469,1.788381469,1,4,0,0,436.2116185,436.2116185,0,435,961,44.22779727
1035,0,436.2116185,452,0,15.78838147,0,0.3658653876,15.78838147,0.3658653876,1.788381469,25.21161853,1,4,0,0,436.2116185,436.2116185,0,435,962,44.23278475
1036,0,436.2116185,435,0,-1.211618531,0,-0.02807693014,-1.211618531,-0.02807693014,1.788381469,1.788381469,1,4,0,0,436.2116185,436.2116185,0,435,963,44.28665638
1037,0,436.2116185,454,0,17.78838147,0,0.4122115426,17.78838147,0.4122115426,1.788381469,27.21161853,1,4,0,0,436.2116185,436.2116185,0,435,964,44.31460357
1038,0,436.2116185,436,0,-0.2116185313,0,-0.004903852629,-0.2116185313,-0.004903852629,0.2116185313,0.2116185313,0,0,1,0,436.2116185,436.2116185,0,435,965,44.36721396
1039,0,436,434,-0.2116185313,-2.211618531,-0.004903852629,-0.05125000765,-2,-0.04634615502,0,26,1,10,0,0,436.2116185,436.2116185,0,435,966,44.41896844
1040,0,436.2116185,436,0,-0.2116185313,0,-0.004903852629,-0.2116185313,-0.004903852629,0.2116185313,0.2116185313,0,0,1,0,436.2116185,436.2116185,0,435,967,44.43443561
1041,0,436,435,-0.2116185313,-1.211618531,-0.004903852629,-0.02807693014,-1,-0.02317307751,0,27,1,9,0,0,436.2116185,436.2116185,0,435,968,44.47101927
1042,0,436.2116185,436,0,-0.2116185313,0,-0.004903852629,-0.2116185313,-0.004903852629,0.2116185313,0.2116185313,0,0,1,0,436.2116185,436.2116185,0,435,969,44.48474646
1043,0,436,435,-0.2116185313,-1.211618531,-0.004903852629,-0.02807693014,-1,-0.02317307751,0,15,1,5,0,0,436.2116185,436.2116185,0,435,970,44.51367974
1044,0,436.2116185,436,0,-0.2116185313,0,-0.004903852629,-0.2116185313,-0.004903852629,0.2116185313,0.2116185313,0,0,1,0,436.2116185,436.2116185,0,435,971,44.52586007
1045,0,436,435,-0.2116185313,-1.211618531,-0.004903852629,-0.02807693014,-1,-0.02317307751,0,29,1,9,0,0,436.2116185,436.2116185,0,435,972,44.54445386
1046,0,436.2116185,436,0,-0.2116185313,0,-0.004903852629,-0.2116185313,-0.004903852629,0.6348555939,0.6348555939,0,0,1,0,436.2116185,436.2116185,0,435,973,44.5609076
1047,0,436,432,-0.2116185313,-4.211618531,-0.004903852629,-0.09759616268,-4,-0.09269231005,0,12,1,6,0,0,436.2116185,436.2116185,0,435,974,44.60273218
1048,0,436.2116185,436,0,-0.2116185313,0,-0.004903852629,-0.2116185313,-0.004903852629,0.6348555939,0.6348555939,0,0,1,0,436.2116185,436.2116185,0,435,975,44.61916566
1049,0,436,434,-0.2116185313,-2.211618531,-0.004903852629,-0.05125000765,-2,-0.04634615502,0,26,1,10,0,0,436.2116185,436.2116185,0,435,976,44.66051769
1050,0,436.2116185,436,0,-0.2116185313,0,-0.004903852629,-0.2116185313,-0.004903852629,0.2116185313,0.2116185313,0,0,1,0,436.2116185,436.2116185,0,435,977,44.67730737
1051,0,436,433,-0.2116185313,-3.211618531,-0.004903852629,-0.07442308516,-3,-0.06951923254,0,19,1,7,0,0,436.2116185,436.2116185,0,435,978,44.70904374
1052,0,436.2116185,436,0,-0.2116185313,0,-0.004903852629,-0.2116185313,-0.004903852629,0.2116185313,0.2116185313,0,0,1,0,436.2116185,436.2116185,0,435,979,44.72405767
1053,0,436,434,-0.2116185313,-2.211618531,-0.004903852629,-0.05125000765,-2,-0.04634615502,0,18,1,5,0,0,436.2116185,436.2116185,0,435,980,44.75638103
1054,0,436.2116185,535,0,98.78838147,0,2.289230821,98.78838147,2.289230821,0.2116185313,292.7883815,1,176,0,0,436.2116185,436.2116185,0,435,981,44.77119422
1055,0,436.2116185,398,0,-38.21161853,0,-0.8854807981,-38.21161853,-0.8854807981,51.5094105,51.5094105,1,309,0,0,436.2116185,436.2116185,0,435,982,44.87367153
1056,0,436.2116185,417,0,-19.21161853,0,-0.4451923254,-19.21161853,-0.4451923254,22.09543322,22.09543322,1,96,0,0,436.2116185,436.2116185,0,435,983,45.07089591
1057,0,436,422,-0.2116185313,-14.21161853,-0.004903852629,-0.3293269378,-14,-0.3244230852,14,14,1,78,0,0,436.2116185,436.2116185,0,435,984,45.1184442
1058,0,436,442,-0.2116185313,5.788381469,-0.004903852629,0.1341346124,6,0.1390384651,14,14,1,22,0,0,436.2116185,436.2116185,0,435,985,45.1312511
1059,0,436.2116185,425,0,-11.21161853,0,-0.2598077053,-11.21161853,-0.2598077053,12.36514441,12.36514441,1,53,0,0,436.2116185,436.2116185,0,435,986,45.18635631
1060,0,436.2116185,436,0,-0.2116185313,0,-0.004903852629,-0.2116185313,-0.004903852629,12.36514441,12.36514441,1,37,0,0,436.2116185,436.2116185,0,435,987,45.24487686
1061,0,436.2116185,430,0,-6.211618531,0,-0.1439423177,-6.211618531,-0.1439423177,7.365144406,7.365144406,1,37,0,0,436.2116185,436.2116185,0,435,988,45.30493903
1062,0,436.2116185,442,0,5.788381469,0,0.1341346124,5.788381469,0.1341346124,7.365144406,8.634855594,0,0,1,0,436.2116185,436.2116185,0,435,989,45.39593983
1063,0,436.2116185,433,0,-3.211618531,0,-0.07442308516,-3.211618531,-0.07442308516,4.365144406,4.365144406,1,8,0,0,436.2116185,436.2116185,0,435,990,45.52748489
1064,0,436.2116185,439,0,2.788381469,0,0.06461537991,2.788381469,0.06461537991,4.365144406,5.634855594,1,1,0,0,436.2116185,436.2116185,0,435,991,45.58991337
1065,0,436.2116185,436,0,-0.2116185313,0,-0.004903852629,-0.2116185313,-0.004903852629,4.153525875,4.153525875,1,1,0,0,436.2116185,436.2116185,0,435,992,45.6908927
1066,0,436.2116185,435,0,-1.211618531,0,-0.02807693014,-1.211618531,-0.02807693014,2.365144406,2.365144406,1,5,0,0,436.2116185,436.2116185,0,435,993,45.7637465
1067,0,436.2116185,454,0,17.78838147,0,0.4122115426,17.78838147,0.4122115426,2.365144406,26.63485559,1,5,0,0,436.2116185,436.2116185,0,435,994,45.76889515
1068,0,436.2116185,433,0,-3.211618531,0,-0.07442308516,-3.211618531,-0.07442308516,3.211618531,3.211618531,1,25,0,0,436.2116185,436.2116185,0,435,995,45.92144728
1069,0,436,453,-0.2116185313,16.78838147,-0.004903852629,0.3890384651,17,0.3939423177,3,21,1,3,0,0,436.2116185,436.2116185,0,435,996,45.99919987
1070,0,436.2116185,433,0,-3.211618531,0,-0.07442308516,-3.211618531,-0.07442308516,3.211618531,3.211618531,1,25,0,0,436.2116185,436.2116185,0,435,997,46.02278113
1071,0,436,452,-0.2116185313,15.78838147,-0.004903852629,0.3658653876,16,0.3707692402,3,18,0,0,1,0,436.2116185,436.2116185,0,435,998,46.07162285
1072,0,436.2116185,435,0,-1.211618531,0,-0.02807693014,-1.211618531,-0.02807693014,2.365144406,2.365144406,1,5,0,0,436.2116185,436.2116185,0,435,999,46.10144353
1073,0,436.2116185,450,0,13.78838147,0,0.3195192325,13.78838147,0.3195192325,2.365144406,16.63485559,1,5,0,0,436.2116185,436.2116185,0,435,1000,46.16098428
1074,0,436.2116185,433,0,-3.211618531,0,-0.07442308516,-3.211618531,-0.07442308516,3.211618531,3.211618531,1,14,0,0,436.2116185,436.2116185,0,435,1001,46.28066897
1075,0,436,448,-0.2116185313,11.78838147,-0.004903852629,0.2731730775,12,0.2780769301,3,16,0,0,1,0,436.2116185,436.2116185,0,435,1002,46.33726478
1076,0,436.2116185,433,0,-3.211618531,0,-0.07442308516,-3.211618531,-0.07442308516,3.211618531,3.211618531,1,14,0,0,436.2116185,436.2116185,0,435,1003,46.35996819
1077,0,436,439,-0.2116185313,2.788381469,-0.004903852629,0.06461537991,3,0.06951923254,3,7,1,3,0,0,436.2116185,436.2116185,0,435,1004,46.41013646
1078,0,436.2116185,435,0,-1.211618531,0,-0.02807693014,-1.211618531,-0.02807693014,2.365144406,2.365144406,1,5,0,0,436.2116185,436.2116185,0,435,1005,46.4341445
1079,0,436.2116185,444,0,7.788381469,0,0.1804807675,7.788381469,0.1804807675,2.365144406,12.63485559,1,17,0,0,436.2116185,436.2116185,0,435,1006,46.48834896
1080,0,436.2116185,433,0,-3.211618531,0,-0.07442308516,-3.211618531,-0.07442308516,3.211618531,3.211618531,1,25,0,0,436.2116185,436.2116185,0,435,1007,46.64228606
1081,0,436,446,-0.2116185313,9.788381469,-0.004903852629,0.2268269225,10,0.2317307751,3,14,0,0,1,0,436.2116185,436.2116185,0,435,1008,46.69844317
1082,0,436.2116185,435,0,-1.211618531,0,-0.02807693014,-1.211618531,-0.02807693014,2.365144406,2.365144406,1,5,0,0,436.2116185,436.2116185,0,435,1009,46.73127913
1083,0,436.2116185,451,0,14.78838147,0,0.34269231,14.78838147,0.34269231,2.365144406,25.63485559,1,5,0,0,436.2116185,436.2116185,0,435,1010,46.79233527
1084,0,436.2116185,433,0,-3.211618531,0,-0.07442308516,-3.211618531,-0.07442308516,3.211618531,3.211618531,1,25,0,0,436.2116185,436.2116185,0,435,1011,46.94293976
1085,0,436,447,-0.2116185313,10.78838147,-0.004903852629,0.25,11,0.2549038526,3,13,0,0,1,0,436.2116185,436.2116185,0,435,1012,47.01059437
1086,0,436.2116185,435,0,-1.211618531,0,-0.02807693014,-1.211618531,-0.02807693014,2.365144406,2.365144406,1,5,0,0,436.2116185,436.2116185,0,435,1013,47.04219103
1087,0,436.2116185,439,0,2.788381469,0,0.06461537991,2.788381469,0.06461537991,2.365144406,7.634855594,1,1,0,0,436.2116185,436.2116185,0,435,1014,47.11993122
1088,0,436.2116185,582,0,145.7883815,0,3.378365464,145.7883815,3.378365464,3.211618531,306.2116185,1,124,0,0,436.2116185,436.2116185,0,435,1015,47.26872325
1089,0,436.2116185,402,0,-34.21161853,0,-0.792788488,-34.21161853,-0.792788488,48.42323706,48.42323706,1,264,0,0,436.2116185,436.2116185,0,435,1016,47.43872094
1090,0,434.1666667,426,-2.044951865,-10.21161853,-0.04738782807,-0.2366346277,-8.166666667,-0.1892467997,12.83333333,12.83333333,1,77,0,0,436.2116185,436.2116185,0,435,1017,47.65708899
1091,0,434.5,427,-1.711618531,-9.211618531,-0.0396634689,-0.2134615502,-7.5,-0.1737980813,7.5,7.5,1,74,0,0,436.2116185,436.2116185,0,435,1018,47.68806171
1092,0,434.5,448,-1.711618531,11.78838147,-0.0396634689,0.2731730775,13.5,0.3128365464,7.5,15.5,1,1,0,0,436.2116185,436.2116185,0,435,1019,47.69355583
1093,0,436.2116185,435,0,-1.211618531,0,-0.02807693014,-1.211618531,-0.02807693014,2.365144406,2.365144406,1,5,0,0,436.2116185,436.2116185,0,435,1020,47.73247552
1094,0,436.2116185,453,0,16.78838147,0,0.3890384651,16.78838147,0.3890384651,2.076762937,27.92323706,1,1,0,0,436.2116185,436.2116185,0,435,1021,47.77280903
1095,0,436.2116185,435,0,-1.211618531,0,-0.02807693014,-1.211618531,-0.02807693014,1.788381469,1.788381469,1,5,0,0,436.2116185,436.2116185,0,435,1022,47.85972118
1096,0,436.2116185,447,0,10.78838147,0,0.25,10.78838147,0.25,1.788381469,16.21161853,0,0,1,0,436.2116185,436.2116185,0,435,1023,47.8815608
1097,0,436.2116185,435,0,-1.211618531,0,-0.02807693014,-1.211618531,-0.02807693014,1.788381469,1.788381469,1,5,0,0,436.2116185,436.2116185,0,435,1024,47.9297328
1098,0,436.2116185,449,0,12.78838147,0,0.296346155,12.78838147,0.296346155,1.788381469,22.21161853,1,4,0,0,436.2116185,436.2116185,0,435,1025,47.93639588
1099,0,436.2116185,436,0,-0.2116185313,0,-0.004903852629,-0.2116185313,-0.004903852629,0.2116185313,0.2116185313,0,0,1,0,436.2116185,436.2116185,0,435,1026,47.97923923
1100,0,436,433,-0.2116185313,-3.211618531,-0.004903852629,-0.07442308516,-3,-0.06951923254,0,19,1,9,0,0,436.2116185,436.2116185,0,435,1027,48.01614881
1101,0,436.2116185,436,0,-0.2116185313,0,-0.004903852629,-0.2116185313,-0.004903852629,1.058092656,1.058092656,0,0,1,0,436.2116185,436.2116185,0,435,1028,48.02988482
1102,0,436,433,-0.2116185313,-3.211618531,-0.004903852629,-0.07442308516,-3,-0.06951923254,0,17,1,7,0,0,436.2116185,436.2116185,0,435,1029,48.0538733
1103,0,436.2116185,540,0,103.7883815,0,2.405096209,103.7883815,2.405096209,0.2116185313,273.7883815,1,186,0,0,436.2116185,436.2116185,0,435,1030,48.06606174
1104,0,436.2116185,427,0,-9.211618531,0,-0.2134615502,-9.211618531,-0.2134615502,32.75622343,32.75622343,1,85,0,0,436.2116185,436.2116185,0,435,1031,48.15924239
1105,0,436.2116185,431,0,-5.211618531,0,-0.1207692402,-5.211618531,-0.1207692402,8.919503006,8.919503006,1,37,0,0,436.2116185,436.2116185,0,435,1032,48.3006227
1106,0,436.2116185,433,0,-3.211618531,0,-0.07442308516,-3.211618531,-0.07442308516,4.788381469,4.788381469,1,26,0,0,436.2116185,436.2116185,0,435,1033,48.40184879
1107,0,436.2116185,447,0,10.78838147,0,0.25,10.78838147,0.25,4.788381469,19.21161853,1,3,0,0,436.2116185,436.2116185,0,435,1034,48.44678712
1108,0,436.2116185,433,0,-3.211618531,0,-0.07442308516,-3.211618531,-0.07442308516,3.211618531,3.211618531,1,25,0,0,436.2116185,436.2116185,0,435,1035,48.52062488
1109,0,436,444,-0.2116185313,7.788381469,-0.004903852629,0.1804807675,8,0.1853846201,3,10,0,0,1,0,436.2116185,436.2116185,0,435,1036,48.57818389
1110,0,436.2116185,435,0,-1.211618531,0,-0.02807693014,-1.211618531,-0.02807693014,2.365144406,2.365144406,1,5,0,0,436.2116185,436.2116185,0,435,1037,48.60568953
1111,0,436.2116185,435,0,-1.211618531,0,-0.02807693014,-1.211618531,-0.02807693014,2.365144406,11.63485559,1,13,0,0,436.2116185,436.2116185,0,435,1038,48.65852404
1112,0,436.2116185,436,0,-0.2116185313,0,-0.004903852629,-0.2116185313,-0.004903852629,0.2116185313,0.2116185313,0,0,1,0,436.2116185,436.2116185,0,435,1039,48.80979419
1113,0,436,434,-0.2116185313,-2.211618531,-0.004903852629,-0.05125000765,-2,-0.04634615502,0,20,1,6,0,0,436.2116185,436.2116185,0,435,1040,48.82517338
1114,0,436.2116185,436,0,-0.2116185313,0,-0.004903852629,-0.2116185313,-0.004903852629,0.2116185313,0.2116185313,0,0,1,0,436.2116185,436.2116185,0,435,1041,48.83894062
1115,0,436,435,-0.2116185313,-1.211618531,-0.004903852629,-0.02807693014,-1,-0.02317307751,0,25,1,6,0,0,436.2116185,436.2116185,0,435,1042,48.85642171
1116,0,436.2116185,436,0,-0.2116185313,0,-0.004903852629,-0.2116185313,-0.004903852629,0.2116185313,0.2116185313,0,0,1,0,436.2116185,436.2116185,0,435,1043,48.87042499
1117,0,436,432,-0.2116185313,-4.211618531,-0.004903852629,-0.09759616268,-4,-0.09269231005,0,30,1,12,0,0,436.2116185,436.2116185,0,435,1044,48.90195608
1118,0,436.2116185,436,0,-0.2116185313,0,-0.004903852629,-0.2116185313,-0.004903852629,0.2116185313,0.2116185313,0,0,1,0,436.2116185,436.2116185,0,435,1045,48.91324472
1119,0,436,434,-0.2116185313,-2.211618531,-0.004903852629,-0.05125000765,-2,-0.04634615502,0,20,1,5,0,0,436.2116185,436.2116185,0,435,1046,48.93584609
1120,0,436.2116185,436,0,-0.2116185313,0,-0.004903852629,-0.2116185313,-0.004903852629,0.2116185313,0.2116185313,0,0,1,0,436.2116185,436.2116185,0,435,1047,48.94584346
1121,0,436,430,-0.2116185313,-6.211618531,-0.004903852629,-0.1439423177,-6,-0.1390384651,0,28,1,16,0,0,436.2116185,436.2116185,0,435,1048,48.95946932
1122,0,436.2116185,436,0,-0.2116185313,0,-0.004903852629,-0.2116185313,-0.004903852629,0.2116185313,0.2116185313,0,0,1,0,436.2116185,436.2116185,0,435,1049,48.97170162
1123,0,436,434,-0.2116185313,-2.211618531,-0.004903852629,-0.05125000765,-2,-0.04634615502,0,22,1,5,0,0,436.2116185,436.2116185,0,435,1050,49.0007236
1124,0,436.2116185,522,0,85.78838147,0,1.987980813,85.78838147,1.987980813,0.2116185313,262.2116185,1,191,0,0,436.2116185,436.2116185,0,435,1051,49.01167655
1125,0,436.2116185,428,5.684341886e-14,-8.211618531,1.317236951e-15,-0.1902884727,-8.211618531,-0.1902884727,38.95504814,38.95504814,1,80,0,0,436.2116185,436.2116185,0,435,1052,49.11227465
1126,0,436.2116185,426,0,-10.21161853,0,-0.2366346277,-10.21161853,-0.2366346277,11.36514441,11.36514441,1,89,0,0,436.2116185,436.2116185,0,435,1053,49.31505346
1127,0,436.2116185,434,0,-2.211618531,0,-0.05125000765,-2.211618531,-0.05125000765,7.83955676,7.83955676,1,19,0,0,436.2116185,436.2116185,0,435,1054,49.42235661
1128,0,436.2116185,434,0,-2.211618531,0,-0.05125000765,-2.211618531,-0.05125000765,4.808092656,4.808092656,1,18,0,0,436.2116185,436.2116185,0,435,1055,49.51168942
1129,0,436.2116185,448,0,11.78838147,0,0.2731730775,11.78838147,0.2731730775,2.788381469,17.21161853,1,2,0,0,436.2116185,436.2116185,0,435,1056,49.67885804
1130,0,436.2116185,434,0,-2.211618531,0,-0.05125000765,-2.211618531,-0.05125000765,3.365144406,3.365144406,1,22,0,0,436.2116185,436.2116185,0,435,1057,49.73135328
1131,0,436.2116185,435,0,-1.211618531,0,-0.02807693014,-1.211618531,-0.02807693014,2.365144406,2.365144406,1,17,0,0,436.2116185,436.2116185,0,435,1058,49.82418942
1132,0,436.2116185,446,0,9.788381469,0,0.2268269225,9.788381469,0.2268269225,2.365144406,14.63485559,0,0,1,0,436.2116185,436.2116185,0,435,1059,49.87534904
1133,0,436.2116185,435,0,-1.211618531,0,-0.02807693014,-1.211618531,-0.02807693014,1.788381469,1.788381469,1,17,0,0,436.2116185,436.2116185,0,435,1060,50.03292441
1134,0,436.2116185,448,0,11.78838147,0,0.2731730775,11.78838147,0.2731730775,1.788381469,15.21161853,0,0,1,0,436.2116185,436.2116185,0,435,1061,50.07650495
1135,0,436.2116185,435,0,-1.211618531,0,-0.02807693014,-1.211618531,-0.02807693014,1.788381469,1.788381469,1,17,0,0,436.2116185,436.2116185,0,435,1062,50.14646864
1136,0,436.2116185,453,0,16.78838147,0,0.3890384651,16.78838147,0.3890384651,1.788381469,24.21161853,1,4,0,0,436.2116185,436.2116185,0,435,1063,50.17862964
1137,0,436.2116185,435,0,-1.211618531,0,-0.02807693014,-1.211618531,-0.02807693014,1.788381469,1.788381469,1,16,0,0,436.2116185,436.2116185,0,435,1064,50.25185323
1138,0,436.2116185,440,0,3.788381469,0,0.08778845742,3.788381469,0.08778845742,1.788381469,9.211618531,0,0,1,0,436.2116185,436.2116185,0,435,1065,50.31450891
1139,0,436.2116185,436,0,-0.2116185313,0,-0.004903852629,-0.2116185313,-0.004903852629,0.2116185313,0.2116185313,0,0,1,0,436.2116185,436.2116185,0,435,1066,50.36978364
1140,0,436,432,-0.2116185313,-4.211618531,-0.004903852629,-0.09759616268,-4,-0.09269231005,0,10,1,6,0,0,436.2116185,436.2116185,0,435,1067,50.44216323
1141,0,436.2116185,436,0,-0.2116185313,0,-0.004903852629,-0.2116185313,-0.004903852629,0.6348555939,0.6348555939,0,0,1,0,436.2116185,436.2116185,0,435,1068,50.45729566
1142,0,436,434,-0.2116185313,-2.211618531,-0.004903852629,-0.05125000765,-2,-0.04634615502,0,20,1,6,0,0,436.2116185,436.2116185,0,435,1069,50.49723125
1143,0,436.2116185,436,0,-0.2116185313,0,-0.004903852629,-0.2116185313,-0.004903852629,0.2116185313,0.2116185313,0,0,1,0,436.2116185,436.2116185,0,435,1070,50.51410842
1144,0,436,434,-0.2116185313,-2.211618531,-0.004903852629,-0.05125000765,-2,-0.04634615502,0,16,1,5,0,0,436.2116185,436.2116185,0,435,1071,50.55045938
1145,0,436.2116185,436,0,-0.2116185313,0,-0.004903852629,-0.2116185313,-0.004903852629,0.2116185313,0.2116185313,0,0,1,0,436.2116185,436.2116185,0,435,1072,50.56646347
1146,0,436,432,-0.2116185313,-4.211618531,-0.004903852629,-0.09759616268,-4,-0.09269231005,0,12,1,5,0,0,436.2116185,436.2116185,0,435,1073,50.60048771
1147,0,436.2116185,436,0,-0.2116185313,0,-0.004903852629,-0.2116185313,-0.004903852629,0.6348555939,0.6348555939,0,0,1,0,436.2116185,436.2116185,0,435,1074,50.61352229
1148,0,436,433,-0.2116185313,-3.211618531,-0.004903852629,-0.07442308516,-3,-0.06951923254,0,29,1,13,0,0,436.2116185,436.2116185,0,435,1075,50.67758012
1149,0,436.2116185,436,0,-0.2116185313,0,-0.004903852629,-0.2116185313,-0.004903852629,2.327803844,2.327803844,0,0,1,0,436.2116185,436.2116185,0,435,1076,50.69492245
1150,0,436,432,-0.2116185313,-4.211618531,-0.004903852629,-0.09759616268,-4,-0.09269231005,0,12,1,5,0,0,436.2116185,436.2116185,0,435,1077,50.75600743
1151,0,436.2116185,436,0,-0.2116185313,0,-0.004903852629,-0.2116185313,-0.004903852629,0.2116185313,0.2116185313,0,0,1,0,436.2116185,436.2116185,0,435,1078,50.76699662
1152,0,436,435,-0.2116185313,-1.211618531,-0.004903852629,-0.02807693014,-1,-0.02317307751,0,29,1,9,0,0,436.2116185,436.2116185,0,435,1079,50.78190112
1153,0,436.2116185,436,0,-0.2116185313,0,-0.004903852629,-0.2116185313,-0.004903852629,0.2116185313,0.2116185313,0,0,1,0,436.2116185,436.2116185,0,435,1080,50.8013339
1154,0,436,433,-0.2116185313,-3.211618531,-0.004903852629,-0.07442308516,-3,-0.06951923254,0,29,1,12,0,0,436.2116185,436.2116185,0,435,1081,50.84288764
1155,0,436.2116185,436,0,-0.2116185313,0,-0.004903852629,-0.2116185313,-0.004903852629,0.2116185313,0.2116185313,0,0,1,0,436.2116185,436.2116185,0,435,1082,50.8578124
1156,0,436,432,-0.2116185313,-4.211618531,-0.004903852629,-0.09759616268,-4,-0.09269231005,0,10,1,5,0,0,436.2116185,436.2116185,0,435,1083,50.89683247
1157,0,436.2116185,436,0,-0.2116185313,0,-0.004903852629,-0.2116185313,-0.004903852629,0.2116185313,0.2116185313,0,0,1,0,436.2116185,436.2116185,0,435,1084,50.90601563
1158,0,436,432,-0.2116185313,-4.211618531,-0.004903852629,-0.09759616268,-4,-0.09269231005,0,12,1,5,0,0,436.2116185,436.2116185,0,435,1085,50.92080474
1159,0,436.2116185,436,0,-0.2116185313,0,-0.004903852629,-0.2116185313,-0.004903852629,0.2116185313,0.2116185313,0,0,1,0,436.2116185,436.2116185,0,435,1086,50.9316659
1160,0,436,432,-0.2116185313,-4.211618531,-0.004903852629,-0.09759616268,-4,-0.09269231005,0,16,1,8,0,0,436.2116185,436.2116185,0,435,1087,50.94661665
1161,0,436.2116185,436,0,-0.2116185313,0,-0.004903852629,-0.2116185313,-0.004903852629,1.058092656,1.058092656,0,0,1,0,436.2116185,436.2116185,0,435,1088,50.95822644
1162,0,436,436,-0.2116185313,-0.2116185313,-0.004903852629,-0.004903852629,0,0,0,26,1,6,0,0,436.2116185,436.2116185,0,435,1089,51.00539136
1163,0,436.2116185,436,0,-0.2116185313,0,-0.004903852629,-0.2116185313,-0.004903852629,0.2116185313,0.2116185313,0,0,1,0,436.2116185,436.2116185,0,435,1090,51.02306175
1164,0,436,432,-0.2116185313,-4.211618531,-0.004903852629,-0.09759616268,-4,-0.09269231005,0,10,1,5,0,0,436.2116185,436.2116185,0,435,1091,51.0674324
1165,0,436.2116185,436,0,-0.2116185313,0,-0.004903852629,-0.2116185313,-0.004903852629,0.2116185313,0.2116185313,0,0,1,0,436.2116185,436.2116185,0,435,1092,51.07774162
1166,0,436,435,-0.2116185313,-1.211618531,-0.004903852629,-0.02807693014,-1,-0.02317307751,0,29,1,8,0,0,436.2116185,436.2116185,0,435,1093,51.09553051
1167,0,436.2116185,436,0,-0.2116185313,0,-0.004903852629,-0.2116185313,-0.004903852629,0.2116185313,0.2116185313,0,0,1,0,436.2116185,436.2116185,0,435,1094,51.11660743
1168,0,436,431,-0.2116185313,-5.211618531,-0.004903852629,-0.1207692402,-5,-0.1158653876,0,11,1,7,0,0,436.2116185,436.2116185,0,435,1095,51.16268945
1169,0,436.2116185,436,0,-0.2116185313,0,-0.004903852629,-0.2116185313,-0.004903852629,0.2116185313,0.2116185313,0,0,1,0,436.2116185,436.2116185,0,435,1096,51.17321515
1170,0,436,431,-0.2116185313,-5.211618531,-0.004903852629,-0.1207692402,-5,-0.1158653876,0,11,1,7,0,0,436.2116185,436.2116185,0,435,1097,51.18844271
1171,0,436.2116185,505,0,68.78838147,0,1.594038496,68.78838147,1.594038496,0.2116185313,276.7883815,1,294,0,0,436.2116185,436.2116185,0,435,1098,51.19859147
1172,0,436.2116185,430,0,-6.211618531,0,-0.1439423177,-6.211618531,-0.1439423177,23.00497786,23.00497786,1,46,0,0,436.2116185,436.2116185,0,435,1099,51.30815148
1173,0,436.2116185,429,0,-7.211618531,0,-0.1671153952,-7.211618531,-0.1671153952,9.365144406,9.365144406,1,54,0,0,436.2116185,436.2116185,0,435,1100,51.4730823
1174,0,436.2116185,430,0,-6.211618531,0,-0.1439423177,-6.211618531,-0.1439423177,8.219086644,8.219086644,1,53,0,0,436.2116185,436.2116185,0,435,1101,51.54176188
1175,0,436.2116185,444,0,7.788381469,0,0.1804807675,7.788381469,0.1804807675,7.845953672,12.42271661,1,2,0,0,436.2116185,436.2116185,0,435,1102,51.59119272
1176,0,436.2116185,426,0,-10.21161853,0,-0.2366346277,-10.21161853,-0.2366346277,11.36514441,11.36514441,1,138,0,0,436.2116185,436.2116185,0,435,1103,51.66375375
1177,0,435.625,429,-0.5866185313,-7.211618531,-0.0135937567,-0.1671153952,-6.625,-0.1535216385,7.875,7.875,1,85,0,0,436.2116185,436.2116185,0,435,1104,51.79484391
1178,0,436,430,-0.2116185313,-6.211618531,-0.004903852629,-0.1439423177,-6,-0.1390384651,6,6,1,52,0,0,436.2116185,436.2116185,0,435,1105,51.82064104
1179,0,436,454,-0.2116185313,17.78838147,-0.004903852629,0.4122115426,18,0.4171153952,6,18,0,0,1,0,436.2116185,436.2116185,0,435,1106,51.8311944
1180,0,436.2116185,432,0,-4.211618531,0,-0.09759616268,-4.211618531,-0.09759616268,5.365144406,5.365144406,1,34,0,0,436.2116185,436.2116185,0,435,1107,51.86943173
1181,0,436.2116185,456,0,19.78838147,0,0.4585576976,19.78838147,0.4585576976,5.365144406,24.63485559,1,5,0,0,436.2116185,436.2116185,0,435,1108,51.93652391
1182,0,436.2116185,433,0,-3.211618531,0,-0.07442308516,-3.211618531,-0.07442308516,3.211618531,3.211618531,1,19,0,0,436.2116185,436.2116185,0,435,1109,52.08229852
1183,0,436,449,-0.2116185313,12.78838147,-0.004903852629,0.296346155,13,0.3012500077,3,15,0,0,1,0,436.2116185,436.2116185,0,435,1110,52.15610886
1184,0,436.2116185,433,0,-3.211618531,0,-0.07442308516,-3.211618531,-0.07442308516,3.634855594,3.634855594,1,19,0,0,436.2116185,436.2116185,0,435,1111,52.23183703
1185,0,436,448,-0.2116185313,11.78838147,-0.004903852629,0.2731730775,12,0.2780769301,3,16,0,0,1,0,436.2116185,436.2116185,0,435,1112,52.38869286
1186,0,436.2116185,435,0,-1.211618531,0,-0.02807693014,-1.211618531,-0.02807693014,1.788381469,1.788381469,1,6,0,0,436.2116185,436.2116185,0,435,1113,52.42893195
1187,0,436.2116185,450,0,13.78838147,0,0.3195192325,13.78838147,0.3195192325,1.788381469,21.21161853,1,5,0,0,436.2116185,436.2116185,0,435,1114,52.46045136
1188,0,436.2116185,435,0,-1.211618531,0,-0.02807693014,-1.211618531,-0.02807693014,2.941907344,2.941907344,1,6,0,0,436.2116185,436.2116185,0,435,1115,52.56810117
1189,0,436.2116185,447,0,10.78838147,0,0.25,10.78838147,0.25,2.365144406,17.63485559,0,0,1,0,436.2116185,436.2116185,0,435,1116,52.6604836
1190,0,436.2116185,435,0,-1.211618531,0,-0.02807693014,-1.211618531,-0.02807693014,1.788381469,1.788381469,1,6,0,0,436.2116185,436.2116185,0,435,1117,52.84045768
1191,0,436.2116185,446,0,9.788381469,0,0.2268269225,9.788381469,0.2268269225,1.788381469,15.21161853,0,0,1,0,436.2116185,436.2116185,0,435,1118,52.87300134
1192,0,436.2116185,436,0,-0.2116185313,0,-0.004903852629,-0.2116185313,-0.004903852629,0.2116185313,0.2116185313,0,0,1,0,436.2116185,436.2116185,0,435,1119,52.91221738
1193,0,436,435,-0.2116185313,-1.211618531,-0.004903852629,-0.02807693014,-1,-0.02317307751,0,25,1,6,0,0,436.2116185,436.2116185,0,435,1120,52.96363544
1194,0,436.2116185,436,0,-0.2116185313,0,-0.004903852629,-0.2116185313,-0.004903852629,0.2116185313,0.2116185313,0,0,1,0,436.2116185,436.2116185,0,435,1121,52.98114252
1195,0,436,436,-0.2116185313,-0.2116185313,-0.004903852629,-0.004903852629,0,0,0,22,1,5,0,0,436.2116185,436.2116185,0,435,1122,53.01614761
1196,0,436.2116185,436,0,-0.2116185313,0,-0.004903852629,-0.2116185313,-0.004903852629,0.2116185313,0.2116185313,0,0,1,0,436.2116185,436.2116185,0,435,1123,53.03536248
1197,0,436,431,-0.2116185313,-5.211618531,-0.004903852629,-0.1207692402,-5,-0.1158653876,0,11,1,7,0,0,436.2116185,436.2116185,0,435,1124,53.07772398
1198,0,436.2116185,436,0,-0.2116185313,0,-0.004903852629,-0.2116185313,-0.004903852629,0.2116185313,0.2116185313,0,0,1,0,436.2116185,436.2116185,0,435,1125,53.0895102
1199,0,436,433,-0.2116185313,-3.211618531,-0.004903852629,-0.07442308516,-3,-0.06951923254,0,27,1,13,0,0,436.2116185,436.2116185,0,435,1126,53.10568333
1200,0,436.2116185,436,0,-0.2116185313,0,-0.004903852629,-0.2116185313,-0.004903852629,0.2116185313,0.2116185313,0,0,1,0,436.2116185,436.2116185,0,435,1127,53.13032889
1201,0,436,431,-0.2116185313,-5.211618531,-0.004903852629,-0.1207692402,-5,-0.1158653876,0,13,1,6,0,0,436.2116185,436.2116185,0,435,1128,53.19396639
1202,0,436.2116185,436,0,-0.2116185313,0,-0.004903852629,-0.2116185313,-0.004903852629,0.2116185313,0.2116185313,0,0,1,0,436.2116185,436.2116185,0,435,1129,53.20370722
1203,0,436,435,-0.2116185313,-1.211618531,-0.004903852629,-0.02807693014,-1,-0.02317307751,0,15,1,5,0,0,436.2116185,436.2116185,0,435,1130,53.21989441
1204,0,436.2116185,536,0,99.78838147,0,2.312403899,99.78838147,2.312403899,0.6348555939,274.2116185,1,199,0,0,436.2116185,436.2116185,0,435,1131,53.23988223
1205,0,436.2116185,402,0,-34.21161853,0,-0.792788488,-34.21161853,-0.792788488,43.46213898,43.46213898,1,218,0,0,436.2116185,436.2116185,0,435,1132,53.35083938
1206,0,435.75,425,-0.4616185313,-11.21161853,-0.01069712201,-0.2598077053,-10.75,-0.2491105833,16.75,16.75,1,67,0,0,436.2116185,436.2116185,0,435,1133,53.61460614
1207,0,436.2116185,430,0,-6.211618531,0,-0.1439423177,-6.211618531,-0.1439423177,6.788381469,6.788381469,1,35,0,0,436.2116185,436.2116185,0,435,1134,53.66079259
1208,0,436.2116185,432,0,-4.211618531,0,-0.09759616268,-4.211618531,-0.09759616268,4.788381469,4.788381469,1,29,0,0,436.2116185,436.2116185,0,435,1135,53.71859431
1209,0,436.2116185,433,0,-3.211618531,0,-0.07442308516,-3.211618531,-0.07442308516,3.788381469,3.788381469,1,26,0,0,436.2116185,436.2116185,0,435,1136,53.74262547
1210,0,436.2116185,452,0,15.78838147,0,0.3658653876,15.78838147,0.3658653876,3.788381469,17.21161853,0,0,1,0,436.2116185,436.2116185,0,435,1137,53.76160836
1211,0,436.2116185,433,0,-3.211618531,0,-0.07442308516,-3.211618531,-0.07442308516,3.211618531,3.211618531,1,27,0,0,436.2116185,436.2116185,0,435,1138,53.8225956
1212,0,436,441,-0.2116185313,4.788381469,-0.004903852629,0.1109615349,5,0.1158653876,3,7,0,0,1,0,436.2116185,436.2116185,0,435,1139,53.89778829
1213,0,436.2116185,435,0,-1.211618531,0,-0.02807693014,-1.211618531,-0.02807693014,2.365144406,2.365144406,1,21,0,0,436.2116185,436.2116185,0,435,1140,53.92444921
1214,0,436.2116185,449,0,12.78838147,0,0.296346155,12.78838147,0.296346155,2.365144406,27.63485559,1,11,0,0,436.2116185,436.2116185,0,435,1141,53.98869562
1215,0,436.2116185,435,0,-1.211618531,0,-0.02807693014,-1.211618531,-0.02807693014,2.365144406,2.365144406,1,21,0,0,436.2116185,436.2116185,0,435,1142,54.14418888
1216,0,436.2116185,444,0,7.788381469,0,0.1804807675,7.788381469,0.1804807675,2.365144406,14.63485559,1,8,0,0,436.2116185,436.2116185,0,435,1143,54.2538321
1217,0,436.2116185,433,0,-3.211618531,0,-0.07442308516,-3.211618531,-0.07442308516,3.211618531,3.211618531,1,24,0,0,436.2116185,436.2116185,0,435,1144,54.40665746
1218,0,436,451,-0.2116185313,14.78838147,-0.004903852629,0.34269231,15,0.3475961627,3,19,0,0,1,0,436.2116185,436.2116185,0,435,1145,54.50650167
1219,0,436.2116185,433,0,-3.211618531,0,-0.07442308516,-3.211618531,-0.07442308516,3.211618531,3.211618531,1,24,0,0,436.2116185,436.2116185,0,435,1146,54.55340648
1220,0,436,444,-0.2116185313,7.788381469,-0.004903852629,0.1804807675,8,0.1853846201,3,8,0,0,1,0,436.2116185,436.2116185,0,435,1147,54.64028001
1221,0,436.2116185,435,0,-1.211618531,0,-0.02807693014,-1.211618531,-0.02807693014,2.365144406,2.365144406,1,5,0,0,436.2116185,436.2116185,0,435,1148,54.67537308
1222,0,436.2116185,451,0,14.78838147,0,0.34269231,14.78838147,0.34269231,2.365144406,25.63485559,1,10,0,0,436.2116185,436.2116185,0,435,1149,54.78816509
1223,0,436.2116185,433,0,-3.211618531,0,-0.07442308516,-3.211618531,-0.07442308516,3.211618531,3.211618531,1,13,0,0,436.2116185,436.2116185,0,435,1150,54.91176796
1224,0,436,442,-0.2116185313,5.788381469,-0.004903852629,0.1341346124,6,0.1390384651,3,8,0,0,1,0,436.2116185,436.2116185,0,435,1151,55.00155449
1225,0,436.2116185,435,0,-1.211618531,0,-0.02807693014,-1.211618531,-0.02807693014,2.365144406,2.365144406,1,5,0,0,436.2116185,436.2116185,0,435,1152,55.03339434
1226,0,436.2116185,445,0,8.788381469,0,0.203653845,8.788381469,0.203653845,2.365144406,15.63485559,1,6,0,0,436.2116185,436.2116185,0,435,1153,55.12398982
1227,0,436.2116185,433,0,-3.211618531,0,-0.07442308516,-3.211618531,-0.07442308516,3.211618531,3.211618531,1,21,0,0,436.2116185,436.2116185,0,435,1154,55.2465744
1228,0,436,452,-0.2116185313,15.78838147,-0.004903852629,0.3658653876,16,0.3707692402,3,24,1,5,0,0,436.2116185,436.2116185,0,435,1155,55.31909871
1229,0,436.2116185,433,0,-3.211618531,0,-0.07442308516,-3.211618531,-0.07442308516,3.211618531,3.211618531,1,21,0,0,436.2116185,436.2116185,0,435,1156,55.3629961
1230,0,436,448,-0.2116185313,11.78838147,-0.004903852629,0.2731730775,12,0.2780769301,3,14,0,0,1,0,436.2116185,436.2116185,0,435,1157,55.4217298
1231,0,436.2116185,435,0,-1.211618531,0,-0.02807693014,-1.211618531,-0.02807693014,2.365144406,2.365144406,1,5,0,0,436.2116185,436.2116185,0,435,1158,55.45861125
1232,0,436.2116185,439,0,2.788381469,0,0.06461537991,2.788381469,0.06461537991,2.365144406,13.63485559,1,3,0,0,436.2116185,436.2116185,0,435,1159,55.54861569
1233,0,436.2116185,433,0,-3.211618531,0,-0.07442308516,-3.211618531,-0.07442308516,3.211618531,3.211618531,1,8,0,0,436.2116185,436.2116185,0,435,1160,55.68451452
1234,0,436,445,-0.2116185313,8.788381469,-0.004903852629,0.203653845,9,0.2085576976,3,13,0,0,1,0,436.2116185,436.2116185,0,435,1161,55.76023912
1235,0,436.2116185,435,0,-1.211618531,0,-0.02807693014,-1.211618531,-0.02807693014,2.365144406,2.365144406,1,5,0,0,436.2116185,436.2116185,0,435,1162,55.80389595
1236,0,436.2116185,441,0,4.788381469,0,0.1109615349,4.788381469,0.1109615349,2.365144406,13.63485559,1,7,0,0,436.2116185,436.2116185,0,435,1163,55.87858438
1237,0,436.2116185,432,0,-4.211618531,0,-0.09759616268,-4.211618531,-0.09759616268,4.211618531,4.211618531,1,15,0,0,436.2116185,436.2116185,0,435,1164,56.00369406
1238,0,436,444,-0.2116185313,7.788381469,-0.004903852629,0.1804807675,8,0.1853846201,4,12,0,0,1,0,436.2116185,436.2116185,0,435,1165,56.0743506
1239,0,436.2116185,435,0,-1.211618531,0,-0.02807693014,-1.211618531,-0.02807693014,2.365144406,2.365144406,1,5,0,0,436.2116185,436.2116185,0,435,1166,56.11202049
1240,0,436.2116185,437,0,0.7883814687,0,0.01826922488,0.7883814687,0.01826922488,2.365144406,23.63485559,1,101,0,0,436.2116185,436.2116185,0,435,1167,56.20908427
1241,0,436.2116185,433,0,-3.211618531,0,-0.07442308516,-3.211618531,-0.07442308516,3.211618531,3.211618531,1,24,0,0,436.2116185,436.2116185,0,435,1168,56.405514
1242,0,436,444,-0.2116185313,7.788381469,-0.004903852629,0.1804807675,8,0.1853846201,3,12,0,0,1,0,436.2116185,436.2116185,0,435,1169,56.50330472
1243,0,436.2116185,434,0,-2.211618531,0,-0.05125000765,-2.211618531,-0.05125000765,3.365144406,3.365144406,1,26,0,0,436.2116185,436.2116185,0,435,1170,56.5375061
1244,0,436.2116185,435,0,-1.211618531,0,-0.02807693014,-1.211618531,-0.02807693014,3.057259931,3.057259931,1,21,0,0,436.2116185,436.2116185,0,435,1171,56.62538052
1245,0,436.2116185,449,0,12.78838147,0,0.296346155,12.78838147,0.296346155,2.365144406,23.63485559,1,5,0,0,436.2116185,436.2116185,0,435,1172,56.7054894
1246,0,436.2116185,435,0,-1.211618531,0,-0.02807693014,-1.211618531,-0.02807693014,1.788381469,1.788381469,1,21,0,0,436.2116185,436.2116185,0,435,1173,56.89512086
1247,0,436.2116185,449,0,12.78838147,0,0.296346155,12.78838147,0.296346155,1.788381469,24.21161853,1,8,0,0,436.2116185,436.2116185,0,435,1174,56.94502664
1248,0,436.2116185,436,0,-0.2116185313,0,-0.004903852629,-0.2116185313,-0.004903852629,0.2116185313,0.2116185313,0,0,1,0,436.2116185,436.2116185,0,435,1175,57.0197897
1249,0,436,432,-0.2116185313,-4.211618531,-0.004903852629,-0.09759616268,-4,-0.09269231005,0,10,1,5,0,0,436.2116185,436.2116185,0,435,1176,57.07805514
1250,0,436.2116185,436,0,-0.2116185313,0,-0.004903852629,-0.2116185313,-0.004903852629,0.2116185313,0.2116185313,0,0,1,0,436.2116185,436.2116185,0,435,1177,57.09019732
1251,0,436,433,-0.2116185313,-3.211618531,-0.004903852629,-0.07442308516,-3,-0.06951923254,0,15,1,6,0,0,436.2116185,436.2116185,0,435,1178,57.10684133
1252,0,436.2116185,436,0,-0.2116185313,0,-0.004903852629,-0.2116185313,-0.004903852629,0.2116185313,0.2116185313,0,0,1,0,436.2116185,436.2116185,0,435,1179,57.11990952
1253,0,436,434,-0.2116185313,-2.211618531,-0.004903852629,-0.05125000765,-2,-0.04634615502,0,18,1,6,0,0,436.2116185,436.2116185,0,435,1180,57.13858366
1254,0,436.2116185,436,0,-0.2116185313,0,-0.004903852629,-0.2116185313,-0.004903852629,0.2116185313,0.2116185313,0,0,1,0,436.2116185,436.2116185,0,435,1181,57.15266347
1255,0,436,433,-0.2116185313,-3.211618531,-0.004903852629,-0.07442308516,-3,-0.06951923254,0,19,1,7,0,0,436.2116185,436.2116185,0,435,1182,57.17935777
1256,0,436.2116185,436,0,-0.2116185313,0,-0.004903852629,-0.2116185313,-0.004903852629,0.2116185313,0.2116185313,0,0,1,0,436.2116185,436.2116185,0,435,1183,57.19291019
1257,0,436,432,-0.2116185313,-4.211618531,-0.004903852629,-0.09759616268,-4,-0.09269231005,0,10,1,5,0,0,436.2116185,436.2116185,0,435,1184,57.21868205
1258,0,436.2116185,436,0,-0.2116185313,0,-0.004903852629,-0.2116185313,-0.004903852629,0.2116185313,0.2116185313,0,0,1,0,436.2116185,436.2116185,0,435,1185,57.22878003
1259,0,436,431,-0.2116185313,-5.211618531,-0.004903852629,-0.1207692402,-5,-0.1158653876,0,13,1,6,0,0,436.2116185,436.2116185,0,435,1186,57.24542236
1260,0,436.2116185,436,0,-0.2116185313,0,-0.004903852629,-0.2116185313,-0.004903852629,0.2116185313,0.2116185313,0,0,1,0,436.2116185,436.2116185,0,435,1187,57.25765371
1261,0,436,434,-0.2116185313,-2.211618531,-0.004903852629,-0.05125000765,-2,-0.04634615502,0,20,1,6,0,0,436.2116185,436.2116185,0,435,1188,57.27417684
1262,0,436.2116185,436,0,-0.2116185313,0,-0.004903852629,-0.2116185313,-0.004903852629,0.2116185313,0.2116185313,0,0,1,0,436.2116185,436.2116185,0,435,1189,57.28910398
1263,0,436,436,-0.2116185313,-0.2116185313,-0.004903852629,-0.004903852629,0,0,0,24,1,6,0,0,436.2116185,436.2116185,0,435,1190,57.31400323
1264,0,436.2116185,526,0,89.78838147,0,2.080673123,89.78838147,2.080673123,0.2116185313,261.7883815,1,158,0,0,436.2116185,436.2116185,0,435,1191,57.32975245
1265,0,436.2116185,432,0,-4.211618531,0,-0.09759616268,-4.211618531,-0.09759616268,4.917013636,4.917013636,1,22,0,0,436.2116185,436.2116185,0,435,1192,57.44241905
1266,0,436,450,-0.2116185313,13.78838147,-0.004903852629,0.3195192325,14,0.3244230852,4,18,0,0,1,0,436.2116185,436.2116185,0,435,1193,57.62066817
1267,0,436.2116185,432,0,-4.211618531,0,-0.09759616268,-4.211618531,-0.09759616268,4.211618531,4.211618531,1,22,0,0,436.2116185,436.2116185,0,435,1194,57.64595866
1268,0,436,451,-0.2116185313,14.78838147,-0.004903852629,0.34269231,15,0.3475961627,4,25,1,7,0,0,436.2116185,436.2116185,0,435,1195,57.67502379
1269,0,436.2116185,524,0,87.78838147,0,2.034326968,87.78838147,2.034326968,4.211618531,278.2116185,1,154,0,0,436.2116185,436.2116185,0,435,1196,57.70274448
1270,0,436.2116185,430,0,-6.211618531,0,-0.1439423177,-6.211618531,-0.1439423177,9.365144406,9.365144406,1,42,0,0,436.2116185,436.2116185,0,435,1197,57.81519961
1271,0,435.3333333,434,-0.878285198,-2.211618531,-0.02035257097,-0.05125000765,-1.333333333,-0.03089743668,1.333333333,1.333333333,1,17,0,0,436.2116185,436.2116185,0,435,1198,58.00998116
1272,0,435.3333333,447,-0.878285198,10.78838147,-0.02035257097,0.25,11.66666667,0.270352571,1.333333333,17.66666667,0,0,1,0,436.2116185,436.2116185,0,435,1199,58.01777291
1273,0,436.2116185,435,0,-1.211618531,0,-0.02807693014,-1.211618531,-0.02807693014,1.788381469,1.788381469,1,17,0,0,436.2116185,436.2116185,0,435,1200,58.04219294
1274,0,436.2116185,441,0,4.788381469,0,0.1109615349,4.788381469,0.1109615349,1.455048135,10.54495186,0,0,1,0,436.2116185,436.2116185,0,435,1201,58.08674693
1275,0,436.2116185,436,0,-0.2116185313,0,-0.004903852629,-0.2116185313,-0.004903852629,0.2116185313,0.2116185313,0,0,1,0,436.2116185,436.2116185,0,435,1202,58.14434528
1276,0,436,435,-0.2116185313,-1.211618531,-0.004903852629,-0.02807693014,-1,-0.02317307751,0,23,1,7,0,0,436.2116185,436.2116185,0,435,1203,58.17599487
1277,0,436.2116185,436,0,-0.2116185313,0,-0.004903852629,-0.2116185313,-0.004903852629,0.2116185313,0.2116185313,0,0,1,0,436.2116185,436.2116185,0,435,1204,58.19071078
1278,0,436,432,-0.2116185313,-4.211618531,-0.004903852629,-0.09759616268,-4,-0.09269231005,0,10,1,5,0,0,436.2116185,436.2116185,0,435,1205,58.21393633
1279,0,436.2116185,436,0,-0.2116185313,0,-0.004903852629,-0.2116185313,-0.004903852629,0.2116185313,0.2116185313,0,0,1,0,436.2116185,436.2116185,0,435,1206,58.2235136
1280,0,436,435,-0.2116185313,-1.211618531,-0.004903852629,-0.02807693014,-1,-0.02317307751,0,23,1,6,0,0,436.2116185,436.2116185,0,435,1207,58.2402494
1281,0,436.2116185,436,0,-0.2116185313,0,-0.004903852629,-0.2116185313,-0.004903852629,0.2116185313,0.2116185313,0,0,1,0,436.2116185,436.2116185,0,435,1208,58.25583839
1282,0,436,433,-0.2116185313,-3.211618531,-0.004903852629,-0.07442308516,-3,-0.06951923254,0,15,1,6,0,0,436.2116185,436.2116185,0,435,1209,58.29426503
1283,0,436.2116185,545,0,108.7883815,0,2.520961596,108.7883815,2.520961596,0.2116185313,305.2116185,1,196,0,0,436.2116185,436.2116185,0,435,1210,58.30679584
1284,0,436.2116185,432,0,-4.211618531,0,-0.09759616268,-4.211618531,-0.09759616268,14.8211979,14.8211979,1,17,0,0,436.2116185,436.2116185,0,435,1211,58.37187195
1285,0,436.2116185,443,0,6.788381469,0,0.15730769,6.788381469,0.15730769,10.36514441,11.36514441,0,0,1,0,436.2116185,436.2116185,0,435,1212,58.48845291
1286,0,436.2116185,428,0,-8.211618531,0,-0.1902884727,-8.211618531,-0.1902884727,8.634855594,8.634855594,1,32,0,0,436.2116185,436.2116185,0,435,1213,58.53152418
1287,0,436,446,-0.2116185313,9.788381469,-0.004903852629,0.2268269225,10,0.2317307751,8,10,0,0,1,0,436.2116185,436.2116185,0,435,1214,58.68849564
1288,0,436.2116185,430,0,-6.211618531,0,-0.1439423177,-6.211618531,-0.1439423177,7.365144406,7.365144406,1,18,0,0,436.2116185,436.2116185,0,435,1215,58.72193027
1289,0,436.2116185,447,0,10.78838147,0,0.25,10.78838147,0.25,7.365144406,13.63485559,0,0,1,0,436.2116185,436.2116185,0,435,1216,58.81548619
1290,0,436.2116185,434,0,-2.211618531,0,-0.05125000765,-2.211618531,-0.05125000765,3.653525875,3.653525875,1,6,0,0,436.2116185,436.2116185,0,435,1217,58.9462049
1291,0,436.2116185,450,0,13.78838147,0,0.3195192325,13.78838147,0.3195192325,3.365144406,24.63485559,1,6,0,0,436.2116185,436.2116185,0,435,1218,59.04008222
1292,0,436.2116185,436,0,-0.2116185313,0,-0.004903852629,-0.2116185313,-0.004903852629,0.2116185313,0.2116185313,0,0,1,0,436.2116185,436.2116185,0,435,1219,59.19583988
1293,0,436,435,-0.2116185313,-1.211618531,-0.004903852629,-0.02807693014,-1,-0.02317307751,0,23,1,7,0,0,436.2116185,436.2116185,0,435,1220,59.25575233
1294,0,436.2116185,436,0,-0.2116185313,0,-0.004903852629,-0.2116185313,-0.004903852629,0.2116185313,0.2116185313,0,0,1,0,436.2116185,436.2116185,0,435,1221,59.27164316
1295,0,436,434,-0.2116185313,-2.211618531,-0.004903852629,-0.05125000765,-2,-0.04634615502,0,18,1,5,0,0,436.2116185,436.2116185,0,435,1222,59.30544686
1296,0,436.2116185,436,0,-0.2116185313,0,-0.004903852629,-0.2116185313,-0.004903852629,0.6348555939,0.6348555939,0,0,1,0,436.2116185,436.2116185,0,435,1223,59.32029009
1297,0,436,433,-0.2116185313,-3.211618531,-0.004903852629,-0.07442308516,-3,-0.06951923254,0,15,1,6,0,0,436.2116185,436.2116185,0,435,1224,59.35683203
1298,0,436.2116185,436,0,-0.2116185313,0,-0.004903852629,-0.2116185313,-0.004903852629,0.2116185313,0.2116185313,0,0,1,0,436.2116185,436.2116185,0,435,1225,59.37846684
1299,0,436,434,-0.2116185313,-2.211618531,-0.004903852629,-0.05125000765,-2,-0.04634615502,0,28,1,16,0,0,436.2116185,436.2116185,0,435,1226,59.43314242
1300,0,436.2116185,436,0,-0.2116185313,0,-0.004903852629,-0.2116185313,-0.004903852629,0.2116185313,0.2116185313,0,0,1,0,436.2116185,436.2116185,0,435,1227,59.45285964
1301,0,436,434,-0.2116185313,-2.211618531,-0.004903852629,-0.05125000765,-2,-0.04634615502,0,18,1,5,0,0,436.2116185,436.2116185,0,435,1228,59.49538994
1302,0,436.2116185,436,0,-0.2116185313,0,-0.004903852629,-0.2116185313,-0.004903852629,0.2116185313,0.2116185313,0,0,1,0,436.2116185,436.2116185,0,435,1229,59.51297903
1303,0,436,435,-0.2116185313,-1.211618531,-0.004903852629,-0.02807693014,-1,-0.02317307751,0,27,1,13,0,0,436.2116185,436.2116185,0,435,1230,59.53984094
1304,0,436.2116185,436,0,-0.2116185313,0,-0.004903852629,-0.2116185313,-0.004903852629,0.6348555939,0.6348555939,0,0,1,0,436.2116185,436.2116185,0,435,1231,59.55397248
1305,0,436,433,-0.2116185313,-3.211618531,-0.004903852629,-0.07442308516,-3,-0.06951923254,0,13,1,5,0,0,436.2116185,436.2116185,0,435,1232,59.58677483
1306,0,436.2116185,435,0,-1.211618531,0,-0.02807693014,-1.211618531,-0.02807693014,2.365144406,2.365144406,1,14,0,0,436.2116185,436.2116185,0,435,1233,59.65468764
1307,0,436.2116185,441,0,4.788381469,0,0.1109615349,4.788381469,0.1109615349,2.365144406,9.634855594,1,1,0,0,436.2116185,436.2116185,0,435,1234,59.65982533
1308,0,436.2116185,433,0,-3.211618531,0,-0.07442308516,-3.211618531,-0.07442308516,3.211618531,3.211618531,1,17,0,0,436.2116185,436.2116185,0,435,1235,59.7863071
1309,0,436,450,-0.2116185313,13.78838147,-0.004903852629,0.3195192325,14,0.3244230852,3,20,1,4,0,0,436.2116185,436.2116185,0,435,1236,59.85212231
1310,0,436.2116185,435,0,-1.211618531,0,-0.02807693014,-1.211618531,-0.02807693014,2.365144406,2.365144406,1,3,0,0,436.2116185,436.2116185,0,435,1237,59.88906789
1311,0,436.2116185,441,0,4.788381469,0,0.1109615349,4.788381469,0.1109615349,2.365144406,13.63485559,0,0,1,0,436.2116185,436.2116185,0,435,1238,59.99253726
1312,0,436.2116185,435,0,-1.211618531,0,-0.02807693014,-1.211618531,-0.02807693014,1.788381469,1.788381469,1,3,0,0,436.2116185,436.2116185,0,435,1239,60.1583581
1313,0,436.2116185,440,0,3.788381469,0,0.08778845742,3.788381469,0.08778845742,1.788381469,9.211618531,0,0,1,0,436.2116185,436.2116185,0,435,1240,60.18442369
1314,0,436.2116185,436,0,-0.2116185313,0,-0.004903852629,-0.2116185313,-0.004903852629,0.2116185313,0.2116185313,0,0,1,0,436.2116185,436.2116185,0,435,1241,60.23355961
1315,0,436,432,-0.2116185313,-4.211618531,-0.004903852629,-0.09759616268,-4,-0.09269231005,0,16,1,6,0,0,436.2116185,436.2116185,0,435,1242,60.27901888
1316,0,436.2116185,436,0,-0.2116185313,0,-0.004903852629,-0.2116185313,-0.004903852629,0.2116185313,0.2116185313,0,0,1,0,436.2116185,436.2116185,0,435,1243,60.28517747
1317,0,436,435,-0.2116185313,-1.211618531,-0.004903852629,-0.02807693014,-1,-0.02317307751,0,29,1,13,0,0,436.2116185,436.2116185,0,435,1244,60.29199219
1318,0,436.2116185,437,0,0.7883814687,0,0.01826922488,0.7883814687,0.01826922488,1.576762937,1.576762937,0,0,1,0,436.2116185,436.2116185,0,435,1245,60.30815434
1319,0,436.2116185,451,0,14.78838147,0,0.34269231,14.78838147,0.34269231,1.576762937,26.42323706,1,5,0,0,436.2116185,436.2116185,0,435,1246,60.36647129
1320,0,436.2116185,436,0,-0.2116185313,0,-0.004903852629,-0.2116185313,-0.004903852629,0.2116185313,0.2116185313,0,0,1,0,436.2116185,436.2116185,0,435,1247,60.4933548
1321,0,436,436,-0.2116185313,-0.2116185313,-0.004903852629,-0.004903852629,0,0,0,24,1,6,0,0,436.2116185,436.2116185,0,435,1248,60.5346365
1322,0,436.2116185,436,0,-0.2116185313,0,-0.004903852629,-0.2116185313,-0.004903852629,0.2116185313,0.2116185313,0,0,1,0,436.2116185,436.2116185,0,435,1249,60.55297995
1323,0,436,433,-0.2116185313,-3.211618531,-0.004903852629,-0.07442308516,-3,-0.06951923254,0,27,1,13,0,0,436.2116185,436.2116185,0,435,1250,60.58190131
1324,0,436.2116185,436,0,-0.2116185313,0,-0.004903852629,-0.2116185313,-0.004903852629,0.2116185313,0.2116185313,0,0,1,0,436.2116185,436.2116185,0,435,1251,60.5945828
1325,0,436,433,-0.2116185313,-3.211618531,-0.004903852629,-0.07442308516,-3,-0.06951923254,0,27,1,13,0,0,436.2116185,436.2116185,0,435,1252,60.61798072
1326,0,436.2116185,538,0,101.7883815,0,2.358750054,101.7883815,2.358750054,0.2116185313,272.2116185,1,168,0,0,436.2116185,436.2116185,0,435,1253,60.62951112
1327,0,436.2116185,410,0,-26.21161853,0,-0.6074038679,-26.21161853,-0.6074038679,27.26971119,27.26971119,1,128,0,0,436.2116185,436.2116185,0,435,1254,60.75018001
1328,0,434,428,-2.211618531,-8.211618531,-0.05125000765,-0.1902884727,-6,-0.1390384651,6,6,1,39,0,0,436.2116185,436.2116185,0,435,1255,60.92160249
1329,0,434,438,-2.211618531,1.788381469,-0.05125000765,0.04144230239,4,0.09269231005,6,6,0,0,1,0,436.2116185,436.2116185,0,435,1256,60.93990088
1330,0,436.2116185,436,0,-0.2116185313,0,-0.004903852629,-0.2116185313,-0.004903852629,0.2116185313,0.2116185313,0,0,1,0,436.2116185,436.2116185,0,435,1257,60.95832705
1331,0,436,436,-0.2116185313,-0.2116185313,-0.004903852629,-0.004903852629,0,0,0,30,1,10,0,0,436.2116185,436.2116185,0,435,1258,60.98710394
1332,0,436.2116185,436,0,-0.2116185313,0,-0.004903852629,-0.2116185313,-0.004903852629,0.4232370626,0.4232370626,0,0,1,0,436.2116185,436.2116185,0,435,1259,61.00959802
1333,0,436,433,-0.2116185313,-3.211618531,-0.004903852629,-0.07442308516,-3,-0.06951923254,0,17,1,6,0,0,436.2116185,436.2116185,0,435,1260,61.05403805
1334,0,436.2116185,436,0,-0.2116185313,0,-0.004903852629,-0.2116185313,-0.004903852629,0.2116185313,0.2116185313,0,0,1,0,436.2116185,436.2116185,0,435,1261,61.06466246
1335,0,436,432,-0.2116185313,-4.211618531,-0.004903852629,-0.09759616268,-4,-0.09269231005,0,16,1,9,0,0,436.2116185,436.2116185,0,435,1262,61.07916832
1336,0,436.2116185,436,0,-0.2116185313,0,-0.004903852629,-0.2116185313,-0.004903852629,0.2116185313,0.2116185313,0,0,1,0,436.2116185,436.2116185,0,435,1263,61.0923686
1337,0,436,434,-0.2116185313,-2.211618531,-0.004903852629,-0.05125000765,-2,-0.04634615502,0,26,1,13,0,0,436.2116185,436.2116185,0,435,1264,61.10787177
1338,0,436.2116185,436,0,-0.2116185313,0,-0.004903852629,-0.2116185313,-0.004903852629,0.2116185313,0.2116185313,0,0,1,0,436.2116185,436.2116185,0,435,1265,61.12035871
1339,0,436,432,-0.2116185313,-4.211618531,-0.004903852629,-0.09759616268,-4,-0.09269231005,0,16,1,8,0,0,436.2116185,436.2116185,0,435,1266,61.15040398
1340,0,436.2116185,436,0,-0.2116185313,0,-0.004903852629,-0.2116185313,-0.004903852629,0.2116185313,0.2116185313,0,0,1,0,436.2116185,436.2116185,0,435,1267,61.15535283
1341,0,436,433,-0.2116185313,-3.211618531,-0.004903852629,-0.07442308516,-3,-0.06951923254,0,15,1,5,0,0,436.2116185,436.2116185,0,435,1268,61.16121745
1342,0,436.2116185,436,0,-0.2116185313,0,-0.004903852629,-0.2116185313,-0.004903852629,0.2116185313,0.2116185313,0,0,1,0,436.2116185,436.2116185,0,435,1269,61.17511702
1343,0,436,432,-0.2116185313,-4.211618531,-0.004903852629,-0.09759616268,-4,-0.09269231005,0,14,1,5,0,0,436.2116185,436.2116185,0,435,1270,61.20239806
1344,0,436.2116185,436,0,-0.2116185313,0,-0.004903852629,-0.2116185313,-0.004903852629,0.2116185313,0.2116185313,0,0,1,0,436.2116185,436.2116185,0,435,1271,61.20789289
1345,0,436,431,-0.2116185313,-5.211618531,-0.004903852629,-0.1207692402,-5,-0.1158653876,0,15,1,6,0,0,436.2116185,436.2116185,0,435,1272,61.21373463
1346,0,436,528,-0.2116185313,91.78838147,-0.004903852629,2.127019278,92,2.131923131,0,262,1,174,0,0,436.2116185,436.2116185,0,435,1273,61.21904612
1347,0,436.2116185,424,0,-12.21161853,0,-0.2829807828,-12.21161853,-0.2829807828,19.59415077,19.59415077,1,104,0,0,436.2116185,436.2116185,0,435,1274,61.27556992
1348,0,436.2116185,427,0,-9.211618531,0,-0.2134615502,-9.211618531,-0.2134615502,9.634855594,9.634855594,1,87,0,0,436.2116185,436.2116185,0,435,1275,61.36852527
1349,0,436,429,-0.2116185313,-7.211618531,-0.004903852629,-0.1671153952,-7,-0.1622115426,7,7,1,64,0,0,436.2116185,436.2116185,0,435,1276,61.4178853
1350,0,436,452,-0.2116185313,15.78838147,-0.004903852629,0.3658653876,16,0.3707692402,7,16,0,0,1,0,436.2116185,436.2116185,0,435,1277,61.42450476
1351,0,436.2116185,431,0,-5.211618531,0,-0.1207692402,-5.211618531,-0.1207692402,6.365144406,6.365144406,1,44,0,0,436.2116185,436.2116185,0,435,1278,61.44925594
1352,0,436.2116185,441,-5.684341886e-14,4.788381469,-1.317236951e-15,0.1109615349,4.788381469,0.1109615349,6.019086644,10.44232371,1,2,0,0,436.2116185,436.2116185,0,435,1279,61.47009397
1353,0,436.2116185,433,0,-3.211618531,0,-0.07442308516,-3.211618531,-0.07442308516,3.211618531,3.211618531,1,25,0,0,436.2116185,436.2116185,0,435,1280,61.53255439
1354,0,436,434,-0.2116185313,-2.211618531,-0.004903852629,-0.05125000765,-2,-0.04634615502,3,3,1,12,0,0,436.2116185,436.2116185,0,435,1281,61.54426003
1355,0,436.2116185,435,0,-1.211618531,0,-0.02807693014,-1.211618531,-0.02807693014,2.365144406,2.365144406,1,7,0,0,436.2116185,436.2116185,0,435,1282,61.56202674
1356,0,436.2116185,448,0,11.78838147,0,0.2731730775,11.78838147,0.2731730775,2.076762937,18.92323706,1,2,0,0,436.2116185,436.2116185,0,435,1283,61.60404801
1357,0,436.2116185,435,0,-1.211618531,0,-0.02807693014,-1.211618531,-0.02807693014,1.788381469,1.788381469,1,7,0,0,436.2116185,436.2116185,0,435,1284,61.68143773
1358,0,436.2116185,453,0,16.78838147,0,0.3890384651,16.78838147,0.3890384651,1.788381469,24.21161853,1,4,0,0,436.2116185,436.2116185,0,435,1285,61.7049408
1359,0,436.2116185,435,0,-1.211618531,0,-0.02807693014,-1.211618531,-0.02807693014,1.788381469,1.788381469,1,7,0,0,436.2116185,436.2116185,0,435,1286,61.7307601
1360,0,436.2116185,449,0,12.78838147,0,0.296346155,12.78838147,0.296346155,1.788381469,20.21161853,1,3,0,0,436.2116185,436.2116185,0,435,1287,61.75730681
1361,0,436.2116185,435,0,-1.211618531,0,-0.02807693014,-1.211618531,-0.02807693014,1.788381469,1.788381469,1,7,0,0,436.2116185,436.2116185,0,435,1288,61.78226781
1362,0,436.2116185,443,0,6.788381469,0,0.15730769,6.788381469,0.15730769,1.788381469,12.21161853,1,1,0,0,436.2116185,436.2116185,0,435,1289,61.8128655
1363,0,436.2116185,435,0,-1.211618531,0,-0.02807693014,-1.211618531,-0.02807693014,1.788381469,1.788381469,1,7,0,0,436.2116185,436.2116185,0,435,1290,61.84276867
1364,0,436.2116185,443,0,6.788381469,0,0.15730769,6.788381469,0.15730769,1.788381469,14.21161853,0,0,1,0,436.2116185,436.2116185,0,435,1291,61.86852574
1365,0,436.2116185,436,0,-0.2116185313,0,-0.004903852629,-0.2116185313,-0.004903852629,0.2116185313,0.2116185313,0,0,1,0,436.2116185,436.2116185,0,435,1292,61.90105772
1366,0,436,432,-0.2116185313,-4.211618531,-0.004903852629,-0.09759616268,-4,-0.09269231005,0,10,1,5,0,0,436.2116185,436.2116185,0,435,1293,61.94679976
1367,0,436.2116185,436,0,-0.2116185313,0,-0.004903852629,-0.2116185313,-0.004903852629,0.2116185313,0.2116185313,0,0,1,0,436.2116185,436.2116185,0,435,1294,61.95581841
1368,0,436,433,-0.2116185313,-3.211618531,-0.004903852629,-0.07442308516,-3,-0.06951923254,0,11,1,5,0,0,436.2116185,436.2116185,0,435,1295,61.97126317
1369,0,436.2116185,517,0,80.78838147,0,1.872115426,80.78838147,1.872115426,0.2116185313,271.2116185,1,255,0,0,436.2116185,436.2116185,0,435,1296,61.982656
1370,0,436.2116185,426,0,-10.21161853,0,-0.2366346277,-10.21161853,-0.2366346277,17.76901725,17.76901725,1,60,0,0,436.2116185,436.2116185,0,435,1297,62.05154634
1371,0,436.2116185,428,0,-8.211618531,0,-0.1902884727,-8.211618531,-0.1902884727,10.32676294,10.32676294,1,47,0,0,436.2116185,436.2116185,0,435,1298,62.1603353
1372,0,436.2116185,429,0,-7.211618531,0,-0.1671153952,-7.211618531,-0.1671153952,9.326762937,9.326762937,1,42,0,0,436.2116185,436.2116185,0,435,1299,62.19007564
1373,0,436.2116185,442,0,5.788381469,0,0.1341346124,5.788381469,0.1341346124,9.326762937,12.17323706,1,8,0,0,436.2116185,436.2116185,0,435,1300,62.19795823
1374,0,436.2116185,431,0,-5.211618531,0,-0.1207692402,-5.211618531,-0.1207692402,5.788381469,5.788381469,1,36,0,0,436.2116185,436.2116185,0,435,1301,62.28534198
1375,0,436.2116185,442,0,5.788381469,0,0.1341346124,5.788381469,0.1341346124,5.788381469,5.788381469,0,0,1,0,436.2116185,436.2116185,0,435,1302,62.30315971
1376,0,436.2116185,433,0,-3.211618531,0,-0.07442308516,-3.211618531,-0.07442308516,3.788381469,3.788381469,1,13,0,0,436.2116185,436.2116185,0,435,1303,62.32570529
1377,0,436.2116185,448,0,11.78838147,0,0.2731730775,11.78838147,0.2731730775,3.788381469,15.21161853,0,0,1,0,436.2116185,436.2116185,0,435,1304,62.34114385
1378,0,436.2116185,435,-5.684341886e-14,-1.211618531,-1.317236951e-15,-0.02807693014,-1.211618531,-0.02807693014,2.365144406,2.365144406,1,7,0,0,436.2116185,436.2116185,0,435,1305,62.43306708
1379,0,436.2116185,436,0,-0.2116185313,0,-0.004903852629,-0.2116185313,-0.004903852629,2.365144406,16.99533243,1,12,0,0,436.2116185,436.2116185,0,435,1306,62.51629329
1380,0,436.2116185,433,0,-3.211618531,0,-0.07442308516,-3.211618531,-0.07442308516,3.788381469,3.788381469,1,11,0,0,436.2116185,436.2116185,0,435,1307,62.72145867
1381,0,436.2116185,447,0,10.78838147,0,0.25,10.78838147,0.25,3.788381469,16.21161853,0,0,1,0,436.2116185,436.2116185,0,435,1308,62.74128985
1382,0,436.2116185,434,0,-2.211618531,0,-0.05125000765,-2.211618531,-0.05125000765,2.211618531,2.211618531,1,10,0,0,436.2116185,436.2116185,0,435,1309,62.77436233
1383,0,436,449,-0.2116185313,12.78838147,-0.004903852629,0.296346155,13,0.3012500077,2,21,1,3,0,0,436.2116185,436.2116185,0,435,1310,62.84564376
1384,0,436.2116185,434,0,-2.211618531,0,-0.05125000765,-2.211618531,-0.05125000765,2.211618531,2.211618531,1,10,0,0,436.2116185,436.2116185,0,435,1311,62.87116599
1385,0,436,436,-0.2116185313,-0.2116185313,-0.004903852629,-0.004903852629,0,0,0,0,0,0,1,0,436.2116185,436.2116185,0,435,1312,62.91757226
1386,0,436,433,-0.2116185313,-3.211618531,-0.004903852629,-0.07442308516,-3,-0.06951923254,0,11,1,5,0,0,436.2116185,436.2116185,0,435,1313,62.92905641
1387,0,436.2116185,436,0,-0.2116185313,0,-0.004903852629,-0.2116185313,-0.004903852629,0.2116185313,0.2116185313,0,0,1,0,436.2116185,436.2116185,0,435,1314,62.94121933
1388,0,436,434,-0.2116185313,-2.211618531,-0.004903852629,-0.05125000765,-2,-0.04634615502,0,16,1,7,0,0,436.2116185,436.2116185,0,435,1315,62.9633131
1389,0,436.2116185,553,0,116.7883815,0,2.706346216,116.7883815,2.706346216,0.2116185313,287.2116185,1,133,0,0,436.2116185,436.2116185,0,435,1316,62.97818494
1390,0,436.2116185,417,0,-19.21161853,0,-0.4451923254,-19.21161853,-0.4451923254,22.48132972,22.48132972,1,86,0,0,436.2116185,436.2116185,0,435,1317,63.04756761
1391,0,435,432,-1.211618531,-4.211618531,-0.02807693014,-0.09759616268,-3,-0.06951923254,4.5,4.5,1,11,0,0,436.2116185,436.2116185,0,435,1318,63.17384267
1392,0,435,440,-1.211618531,3.788381469,-0.02807693014,0.08778845742,5,0.1158653876,3,7,0,0,1,0,436.2116185,436.2116185,0,435,1319,63.18646288
1393,0,436.2116185,436,0,-0.2116185313,0,-0.004903852629,-0.2116185313,-0.004903852629,0.2116185313,0.2116185313,0,0,1,0,436.2116185,436.2116185,0,435,1320,63.20309567
1394,0,436,435,-0.2116185313,-1.211618531,-0.004903852629,-0.02807693014,-1,-0.02317307751,0,21,1,6,0,0,436.2116185,436.2116185,0,435,1321,63.23166895
1395,0,436.2116185,436,0,-0.2116185313,0,-0.004903852629,-0.2116185313,-0.004903852629,0.2116185313,0.2116185313,0,0,1,0,436.2116185,436.2116185,0,435,1322,63.24726915
1396,0,436,435,-0.2116185313,-1.211618531,-0.004903852629,-0.02807693014,-1,-0.02317307751,0,23,1,6,0,0,436.2116185,436.2116185,0,435,1323,63.27371407
1397,0,436.2116185,436,0,-0.2116185313,0,-0.004903852629,-0.2116185313,-0.004903852629,0.2116185313,0.2116185313,0,0,1,0,436.2116185,436.2116185,0,435,1324,63.28876162
1398,0,436,435,-0.2116185313,-1.211618531,-0.004903852629,-0.02807693014,-1,-0.02317307751,0,29,1,10,0,0,436.2116185,436.2116185,0,435,1325,63.31438804
1399,0,436.2116185,436,0,-0.2116185313,0,-0.004903852629,-0.2116185313,-0.004903852629,0.2116185313,0.2116185313,0,0,1,0,436.2116185,436.2116185,0,435,1326,63.32914996
1400,0,436,434,-0.2116185313,-2.211618531,-0.004903852629,-0.05125000765,-2,-0.04634615502,0,14,1,5,0,0,436.2116185,436.2116185,0,435,1327,63.35793424
1401,0,436.2116185,436,0,-0.2116185313,0,-0.004903852629,-0.2116185313,-0.004903852629,0.2116185313,0.2116185313,0,0,1,0,436.2116185,436.2116185,0,435,1328,63.36888933
1402,0,436,436,-0.2116185313,-0.2116185313,-0.004903852629,-0.004903852629,0,0,0,24,1,6,0,0,436.2116185,436.2116185,0,435,1329,63.38461041
1403,0,436.2116185,436,0,-0.2116185313,0,-0.004903852629,-0.2116185313,-0.004903852629,0.6348555939,0.6348555939,0,0,1,0,436.2116185,436.2116185,0,435,1330,63.39606571
1404,0,436,433,-0.2116185313,-3.211618531,-0.004903852629,-0.07442308516,-3,-0.06951923254,0,13,1,5,0,0,436.2116185,436.2116185,0,435,1331,63.42004871
1405,0,436.2116185,436,0,-0.2116185313,0,-0.004903852629,-0.2116185313,-0.004903852629,0.2116185313,0.2116185313,0,0,1,0,436.2116185,436.2116185,0,435,1332,63.43502641
1406,0,436,431,-0.2116185313,-5.211618531,-0.004903852629,-0.1207692402,-5,-0.1158653876,0,13,1,6,0,0,436.2116185,436.2116185,0,435,1333,63.4660089
1407,0,436.2116185,436,0,-0.2116185313,0,-0.004903852629,-0.2116185313,-0.004903852629,0.2116185313,0.2116185313,0,0,1,0,436.2116185,436.2116185,0,435,1334,63.4745152
1408,0,436,436,-0.2116185313,-0.2116185313,-0.004903852629,-0.004903852629,0,0,0,24,1,7,0,0,436.2116185,436.2116185,0,435,1335,63.4881053
1409,0,436.2116185,436,0,-0.2116185313,0,-0.004903852629,-0.2116185313,-0.004903852629,0.2116185313,0.2116185313,0,0,1,0,436.2116185,436.2116185,0,435,1336,63.50644016
1410,0,436,435,-0.2116185313,-1.211618531,-0.004903852629,-0.02807693014,-1,-0.02317307751,0,27,1,10,0,0,436.2116185,436.2116185,0,435,1337,63.53230572
1411,0,436.2116185,436,0,-0.2116185313,0,-0.004903852629,-0.2116185313,-0.004903852629,0.2116185313,0.2116185313,0,0,1,0,436.2116185,436.2116185,0,435,1338,63.55053496
1412,0,436,436,-0.2116185313,-0.2116185313,-0.004903852629,-0.004903852629,0,0,0,24,1,6,0,0,436.2116185,436.2116185,0,435,1339,63.58323073
1413,0,436.2116185,532,0,95.78838147,0,2.219711588,95.78838147,2.219711588,0.2116185313,296.2116185,1,181,0,0,436.2116185,436.2116185,0,435,1340,63.60195994
1414,0,436.2116185,430,0,-6.211618531,0,-0.1439423177,-6.211618531,-0.1439423177,43.73128544,43.73128544,1,46,0,0,436.2116185,436.2116185,0,435,1341,63.70279026
1415,0,436.2116185,434,0,-2.211618531,0,-0.05125000765,-2.211618531,-0.05125000765,5.058092656,5.058092656,1,10,0,0,436.2116185,436.2116185,0,435,1342,63.90111518
1416,0,435.5,456,-0.7116185313,19.78838147,-0.01649039138,0.4585576976,20.5,0.475048089,1.5,28.5,1,6,0,0,436.2116185,436.2116185,0,435,1343,64.01806974
1417,0,436.2116185,436,0,-0.2116185313,0,-0.004903852629,-0.2116185313,-0.004903852629,0.6348555939,0.6348555939,0,0,1,0,436.2116185,436.2116185,0,435,1344,64.04876471
1418,0,436,434,-0.2116185313,-2.211618531,-0.004903852629,-0.05125000765,-2,-0.04634615502,0,26,1,11,0,0,436.2116185,436.2116185,0,435,1345,64.10925198
1419,0,436.2116185,436,0,-0.2116185313,0,-0.004903852629,-0.2116185313,-0.004903852629,0.2116185313,0.2116185313,0,0,1,0,436.2116185,436.2116185,0,435,1346,64.1228931
1420,0,436,434,-0.2116185313,-2.211618531,-0.004903852629,-0.05125000765,-2,-0.04634615502,0,16,1,6,0,0,436.2116185,436.2116185,0,435,1347,64.13929582
1421,0,436.2116185,436,0,-0.2116185313,0,-0.004903852629,-0.2116185313,-0.004903852629,0.2116185313,0.2116185313,0,0,1,0,436.2116185,436.2116185,0,435,1348,64.14969754
1422,0,436,436,-0.2116185313,-0.2116185313,-0.004903852629,-0.004903852629,0,0,0,30,1,8,0,0,436.2116185,436.2116185,0,435,1349,64.16588616
1423,0,436.2116185,436,0,-0.2116185313,0,-0.004903852629,-0.2116185313,-0.004903852629,0.6348555939,0.6348555939,0,0,1,0,436.2116185,436.2116185,0,435,1350,64.22576094
1424,0,436,435,-0.2116185313,-1.211618531,-0.004903852629,-0.02807693014,-1,-0.02317307751,0,25,1,6,0,0,436.2116185,436.2116185,0,435,1351,64.34065557
1425,0,436.2116185,436,0,-0.2116185313,0,-0.004903852629,-0.2116185313,-0.004903852629,0.2116185313,0.2116185313,0,0,1,0,436.2116185,436.2116185,0,435,1352,64.35245705
1426,0,436,432,-0.2116185313,-4.211618531,-0.004903852629,-0.09759616268,-4,-0.09269231005,0,10,1,5,0,0,436.2116185,436.2116185,0,435,1353,64.37698984
1427,0,436.2116185,436,0,-0.2116185313,0,-0.004903852629,-0.2116185313,-0.004903852629,0.2116185313,0.2116185313,0,0,1,0,436.2116185,436.2116185,0,435,1354,64.38504624
1428,0,436,433,-0.2116185313,-3.211618531,-0.004903852629,-0.07442308516,-3,-0.06951923254,0,13,1,5,0,0,436.2116185,436.2116185,0,435,1355,64.4049511
1429,0,436.2116185,436,0,-0.2116185313,0,-0.004903852629,-0.2116185313,-0.004903852629,0.2116185313,0.2116185313,0,0,1,0,436.2116185,436.2116185,0,435,1356,64.41718221
1430,0,436,434,-0.2116185313,-2.211618531,-0.004903852629,-0.05125000765,-2,-0.04634615502,0,28,1,9,0,0,436.2116185,436.2116185,0,435,1357,64.44426274
1431,0,436.2116185,436,0,-0.2116185313,0,-0.004903852629,-0.2116185313,-0.004903852629,0.2116185313,0.2116185313,0,0,1,0,436.2116185,436.2116185,0,435,1358,64.45664787
1432,0,436,433,-0.2116185313,-3.211618531,-0.004903852629,-0.07442308516,-3,-0.06951923254,0,13,1,5,0,0,436.2116185,436.2116185,0,435,1359,64.48610663
1433,0,436.2116185,436,0,-0.2116185313,0,-0.004903852629,-0.2116185313,-0.004903852629,0.2116185313,0.2116185313,0,0,1,0,436.2116185,436.2116185,0,435,1360,64.49792695
1434,0,436,433,-0.2116185313,-3.211618531,-0.004903852629,-0.07442308516,-3,-0.06951923254,0,19,1,6,0,0,436.2116185,436.2116185,0,435,1361,64.52323985
1435,0,436.2116185,436,0,-0.2116185313,0,-0.004903852629,-0.2116185313,-0.004903852629,0.2116185313,0.2116185313,0,0,1,0,436.2116185,436.2116185,0,435,1362,64.53459048
1436,0,436,433,-0.2116185313,-3.211618531,-0.004903852629,-0.07442308516,-3,-0.06951923254,0,19,1,6,0,0,436.2116185,436.2116185,0,435,1363,64.55783629
1437,0,436.2116185,436,0,-0.2116185313,0,-0.004903852629,-0.2116185313,-0.004903852629,0.2116185313,0.2116185313,0,0,1,0,436.2116185,436.2116185,0,435,1364,64.56935978
1438,0,436,433,-0.2116185313,-3.211618531,-0.004903852629,-0.07442308516,-3,-0.06951923254,0,27,1,10,0,0,436.2116185,436.2116185,0,435,1365,64.59274101
1439,0,436.2116185,436,0,-0.2116185313,0,-0.004903852629,-0.2116185313,-0.004903852629,0.2116185313,0.2116185313,0,0,1,0,436.2116185,436.2116185,0,435,1366,64.60739255
1440,0,436,432,-0.2116185313,-4.211618531,-0.004903852629,-0.09759616268,-4,-0.09269231005,0,14,1,6,0,0,436.2116185,436.2116185,0,435,1367,64.63633537
1441,0,436.2116185,436,0,-0.2116185313,0,-0.004903852629,-0.2116185313,-0.004903852629,0.2116185313,0.2116185313,0,0,1,0,436.2116185,436.2116185,0,435,1368,64.64794278
1442,0,436,435,-0.2116185313,-1.211618531,-0.004903852629,-0.02807693014,-1,-0.02317307751,0,25,1,7,0,0,436.2116185,436.2116185,0,435,1369,64.67879558
1443,0,436.2116185,436,0,-0.2116185313,0,-0.004903852629,-0.2116185313,-0.004903852629,0.2116185313,0.2116185313,0,0,1,0,436.2116185,436.2116185,0,435,1370,64.69372225
1444,0,436,432,-0.2116185313,-4.211618531,-0.004903852629,-0.09759616268,-4,-0.09269231005,0,14,1,6,0,0,436.2116185,436.2116185,0,435,1371,64.72885442
1445,0,436.2116185,561,0,124.7883815,0,2.891730836,124.7883815,2.891730836,0.2116185313,260.7883815,1,108,0,0,436.2116185,436.2116185,0,435,1372,64.74287724
1446,0,436.2116185,435,0,-1.211618531,0,-0.02807693014,-1.211618531,-0.02807693014,6.096821094,6.096821094,1,3,0,0,436.2116185,436.2116185,0,435,1373,64.84245896
1447,0,436,436,-0.2116185313,-0.2116185313,-0.004903852629,-0.004903852629,0,0,0,0,0,0,1,0,436.2116185,436.2116185,0,435,1374,64.97279119
1448,0,436,433,-0.2116185313,-3.211618531,-0.004903852629,-0.07442308516,-3,-0.06951923254,0,11,1,5,0,0,436.2116185,436.2116185,0,435,1375,64.97874403
1449,0,436.2116185,436,0,-0.2116185313,0,-0.004903852629,-0.2116185313,-0.004903852629,0.2116185313,0.2116185313,0,0,1,0,436.2116185,436.2116185,0,435,1376,64.98940825
1450,0,436,436,-0.2116185313,-0.2116185313,-0.004903852629,-0.004903852629,0,0,0,30,1,8,0,0,436.2116185,436.2116185,0,435,1377,65.00458574
1451,0,436.2116185,436,0,-0.2116185313,0,-0.004903852629,-0.2116185313,-0.004903852629,0.6348555939,0.6348555939,0,0,1,0,436.2116185,436.2116185,0,435,1378,65.05931711
1452,0,436,435,-0.2116185313,-1.211618531,-0.004903852629,-0.02807693014,-1,-0.02317307751,0,29,1,8,0,0,436.2116185,436.2116185,0,435,1379,65.20711589
1453,0,436.2116185,436,0,-0.2116185313,0,-0.004903852629,-0.2116185313,-0.004903852629,0.2116185313,0.2116185313,0,0,1,0,436.2116185,436.2116185,0,435,1380,65.2324543
1454,0,436,434,-0.2116185313,-2.211618531,-0.004903852629,-0.05125000765,-2,-0.04634615502,0,16,1,5,0,0,436.2116185,436.2116185,0,435,1381,65.28019333
1455,0,436.2116185,436,0,-0.2116185313,0,-0.004903852629,-0.2116185313,-0.004903852629,0.2116185313,0.2116185313,0,0,1,0,436.2116185,436.2116185,0,435,1382,65.29318023
1456,0,436,434,-0.2116185313,-2.211618531,-0.004903852629,-0.05125000765,-2,-0.04634615502,0,30,1,8,0,0,436.2116185,436.2116185,0,435,1383,65.31222677
1457,0,436.2116185,436,0,-0.2116185313,0,-0.004903852629,-0.2116185313,-0.004903852629,0.2116185313,0.2116185313,0,0,1,0,436.2116185,436.2116185,0,435,1384,65.32843304
1458,0,436,435,-0.2116185313,-1.211618531,-0.004903852629,-0.02807693014,-1,-0.02317307751,0,23,1,6,0,0,436.2116185,436.2116185,0,435,1385,65.36695027
1459,0,436.2116185,436,0,-0.2116185313,0,-0.004903852629,-0.2116185313,-0.004903852629,0.2116185313,0.2116185313,0,0,1,0,436.2116185,436.2116185,0,435,1386,65.38322806
1460,0,436,433,-0.2116185313,-3.211618531,-0.004903852629,-0.07442308516,-3,-0.06951923254,0,17,1,6,0,0,436.2116185,436.2116185,0,435,1387,65.41693664
1461,0,436.2116185,436,0,-0.2116185313,0,-0.004903852629,-0.2116185313,-0.004903852629,0.2116185313,0.2116185313,0,0,1,0,436.2116185,436.2116185,0,435,1388,65.42998123
1462,0,436,435,-0.2116185313,-1.211618531,-0.004903852629,-0.02807693014,-1,-0.02317307751,0,27,1,7,0,0,436.2116185,436.2116185,0,435,1389,65.44925165
1463,0,436.2116185,436,0,-0.2116185313,0,-0.004903852629,-0.2116185313,-0.004903852629,0.2116185313,0.2116185313,0,0,1,0,436.2116185,436.2116185,0,435,1390,65.46394396
1464,0,436,434,-0.2116185313,-2.211618531,-0.004903852629,-0.05125000765,-2,-0.04634615502,0,16,1,5,0,0,436.2116185,436.2116185,0,435,1391,65.49235153
1465,0,436.2116185,436,0,-0.2116185313,0,-0.004903852629,-0.2116185313,-0.004903852629,0.2116185313,0.2116185313,0,0,1,0,436.2116185,436.2116185,0,435,1392,65.50577164
1466,0,436,431,-0.2116185313,-5.211618531,-0.004903852629,-0.1207692402,-5,-0.1158653876,0,15,1,5,0,0,436.2116185,436.2116185,0,435,1393,65.52506042
1467,0,436,436,-0.2116185313,-0.2116185313,-0.004903852629,-0.004903852629,0,0,0,0,0,0,1,0,436.2116185,436.2116185,0,435,1394,65.53094625
1468,0,436,432,-0.2116185313,-4.211618531,-0.004903852629,-0.09759616268,-4,-0.09269231005,0,16,1,6,0,0,436.2116185,436.2116185,0,435,1395,65.53831291
1469,0,436.2116185,436,0,-0.2116185313,0,-0.004903852629,-0.2116185313,-0.004903852629,0.2116185313,0.2116185313,0,0,1,0,436.2116185,436.2116185,0,435,1396,65.55097222
1470,0,436,432,-0.2116185313,-4.211618531,-0.004903852629,-0.09759616268,-4,-0.09269231005,0,18,1,6,0,0,436.2116185,436.2116185,0,435,1397,65.56957269
1471,0,436.2116185,436,0,-0.2116185313,0,-0.004903852629,-0.2116185313,-0.004903852629,0.2116185313,0.2116185313,0,0,1,0,436.2116185,436.2116185,0,435,1398,65.57664204
1472,0,436,432,-0.2116185313,-4.211618531,-0.004903852629,-0.09759616268,-4,-0.09269231005,0,24,1,8,0,0,436.2116185,436.2116185,0,435,1399,65.58425045
1473,0,436.2116185,436,0,-0.2116185313,0,-0.004903852629,-0.2116185313,-0.004903852629,0.2116185313,0.2116185313,0,0,1,0,436.2116185,436.2116185,0,435,1400,65.60018516
1474,0,436,434,-0.2116185313,-2.211618531,-0.004903852629,-0.05125000765,-2,-0.04634615502,0,30,1,7,0,0,436.2116185,436.2116185,0,435,1401,65.63539314
1475,0,436.2116185,436,0,-0.2116185313,0,-0.004903852629,-0.2116185313,-0.004903852629,1.058092656,1.058092656,0,0,1,0,436.2116185,436.2116185,0,435,1402,65.65681791
1476,0,436,436,-0.2116185313,-0.2116185313,-0.004903852629,-0.004903852629,0,0,0,24,1,6,0,0,436.2116185,436.2116185,0,435,1403,65.7077868
1477,0,436.2116185,436,0,-0.2116185313,0,-0.004903852629,-0.2116185313,-0.004903852629,0.6348555939,0.6348555939,0,0,1,0,436.2116185,436.2116185,0,435,1404,65.72397947
1478,0,436,435,-0.2116185313,-1.211618531,-0.004903852629,-0.02807693014,-1,-0.02317307751,0,27,1,6,0,0,436.2116185,436.2116185,0,435,1405,65.76189709
1479,0,436.2116185,436,0,-0.2116185313,0,-0.004903852629,-0.2116185313,-0.004903852629,0.2116185313,0.2116185313,0,0,1,0,436.2116185,436.2116185,0,435,1406,65.77868128
1480,0,436,433,-0.2116185313,-3.211618531,-0.004903852629,-0.07442308516,-3,-0.06951923254,0,15,1,6,0,0,436.2116185,436.2116185,0,435,1407,65.81055331
1481,0,436.2116185,436,0,-0.2116185313,0,-0.004903852629,-0.2116185313,-0.004903852629,0.2116185313,0.2116185313,0,0,1,0,436.2116185,436.2116185,0,435,1408,65.8237834
1482,0,436,432,-0.2116185313,-4.211618531,-0.004903852629,-0.09759616268,-4,-0.09269231005,0,26,1,12,0,0,436.2116185,436.2116185,0,435,1409,65.84584403
1483,0,436.2116185,436,0,-0.2116185313,0,-0.004903852629,-0.2116185313,-0.004903852629,0.2116185313,0.2116185313,0,0,1,0,436.2116185,436.2116185,0,435,1410,65.85839915
1484,0,436,434,-0.2116185313,-2.211618531,-0.004903852629,-0.05125000765,-2,-0.04634615502,0,24,1,6,0,0,436.2116185,436.2116185,0,435,1411,65.87618566
1485,0,436.2116185,436,0,-0.2116185313,0,-0.004903852629,-0.2116185313,-0.004903852629,0.2116185313,0.2116185313,0,0,1,0,436.2116185,436.2116185,0,435,1412,65.89201736
1486,0,436,433,-0.2116185313,-3.211618531,-0.004903852629,-0.07442308516,-3,-0.06951923254,0,15,1,6,0,0,436.2116185,436.2116185,0,435,1413,65.92651391
1487,0,436.2116185,436,0,-0.2116185313,0,-0.004903852629,-0.2116185313,-0.004903852629,0.2116185313,0.2116185313,0,0,1,0,436.2116185,436.2116185,0,435,1414,65.9390862
1488,0,436,433,-0.2116185313,-3.211618531,-0.004903852629,-0.07442308516,-3,-0.06951923254,0,25,1,7,0,0,436.2116185,436.2116185,0,435,1415,65.95707011
1489,0,436.2116185,539,0,102.7883815,0,2.381923131,102.7883815,2.381923131,0.2116185313,279.2116185,1,223,0,0,436.2116185,436.2116185,0,435,1416,65.97369862
1490,0,436.2116185,413,-5.684341886e-14,-23.21161853,-1.317236951e-15,-0.5378846354,-23.21161853,-0.5378846354,31.65352587,31.65352587,1,150,0,0,436.2116185,436.2116185,0,435,1417,66.1519289
1491,0,435.5,426,-0.7116185313,-10.21161853,-0.01649039138,-0.2366346277,-9.5,-0.2201442364,10.83333333,10.83333333,1,40,0,0,436.2116185,436.2116185,0,435,1418,66.41226149
1492,0,435.5,428,-0.7116185313,-8.211618531,-0.01649039138,-0.1902884727,-7.5,-0.1737980813,7.5,7.5,1,31,0,0,436.2116185,436.2116185,0,435,1419,66.42728949
1493,0,435.5,443,-0.7116185313,6.788381469,-0.01649039138,0.15730769,7.5,0.1737980813,7.5,9.5,0,0,1,0,436.2116185,436.2116185,0,435,1420,66.43240047
1494,0,436.2116185,432,0,-4.211618531,0,-0.09759616268,-4.211618531,-0.09759616268,4.788381469,4.788381469,1,18,0,0,436.2116185,436.2116185,0,435,1421,66.46009159
1495,0,436.2116185,445,0,8.788381469,0,0.203653845,8.788381469,0.203653845,4.788381469,14.21161853,0,0,1,0,436.2116185,436.2116185,0,435,1422,66.48321533
1496,0,436.2116185,436,0,-0.2116185313,0,-0.004903852629,-0.2116185313,-0.004903852629,0.2116185313,0.2116185313,0,0,1,0,436.2116185,436.2116185,0,435,1423,66.53990293
1497,0,436,434,-0.2116185313,-2.211618531,-0.004903852629,-0.05125000765,-2,-0.04634615502,0,28,1,12,0,0,436.2116185,436.2116185,0,435,1424,66.59070826
1498,0,436.2116185,436,0,-0.2116185313,0,-0.004903852629,-0.2116185313,-0.004903852629,0.2116185313,0.2116185313,0,0,1,0,436.2116185,436.2116185,0,435,1425,66.6084733
1499,0,436,433,-0.2116185313,-3.211618531,-0.004903852629,-0.07442308516,-3,-0.06951923254,0,11,1,5,0,0,436.2116185,436.2116185,0,435,1426,66.64875698
1500,0,436.2116185,436,0,-0.2116185313,0,-0.004903852629,-0.2116185313,-0.004903852629,0.2116185313,0.2116185313,0,0,1,0,436.2116185,436.2116185,0,435,1427,66.66113591
1501,0,436,432,-0.2116185313,-4.211618531,-0.004903852629,-0.09759616268,-4,-0.09269231005,0,12,1,5,0,0,436.2116185,436.2116185,0,435,1428,66.67845297
1502,0,436.2116185,525,0,88.78838147,0,2.057500046,88.78838147,2.057500046,0.2116185313,262.7883815,1,182,0,0,436.2116185,436.2116185,0,435,1429,66.69063282
1503,0,436.2116185,429,-5.684341886e-14,-7.211618531,-1.317236951e-15,-0.1671153952,-7.211618531,-0.1671153952,19.26387958,19.26387958,1,46,0,0,436.2116185,436.2116185,0,435,1430,66.77838182
1504,0,436.2116185,435,0,-1.211618531,0,-0.02807693014,-1.211618531,-0.02807693014,8.852003614,8.852003614,1,5,0,0,436.2116185,436.2116185,0,435,1431,66.96627331
1505,0,436.2116185,431,0,-5.211618531,0,-0.1207692402,-5.211618531,-0.1207692402,6.365144406,6.365144406,1,15,0,0,436.2116185,436.2116185,0,435,1432,67.07050085
1506,0,436,433,-0.2116185313,-3.211618531,-0.004903852629,-0.07442308516,-3,-0.06951923254,3,3,1,7,0,0,436.2116185,436.2116185,0,435,1433,67.18449926
1507,0,436,441,-0.2116185313,4.788381469,-0.004903852629,0.1109615349,5,0.1158653876,3,7,0,0,1,0,436.2116185,436.2116185,0,435,1434,67.19363093
1508,0,436.2116185,435,0,-1.211618531,0,-0.02807693014,-1.211618531,-0.02807693014,2.365144406,2.365144406,1,3,0,0,436.2116185,436.2116185,0,435,1435,67.23067403
1509,0,436.2116185,450,0,13.78838147,0,0.3195192325,13.78838147,0.3195192325,2.365144406,22.63485559,1,6,0,0,436.2116185,436.2116185,0,435,1436,67.32248402
1510,0,436.2116185,433,0,-3.211618531,0,-0.07442308516,-3.211618531,-0.07442308516,3.211618531,3.211618531,1,12,0,0,436.2116185,436.2116185,0,435,1437,67.49761271
1511,0,436,453,-0.2116185313,16.78838147,-0.004903852629,0.3890384651,17,0.3939423177,3,21,0,0,1,0,436.2116185,436.2116185,0,435,1438,67.5718646
1512,0,436.2116185,435,0,-1.211618531,0,-0.02807693014,-1.211618531,-0.02807693014,2.365144406,2.365144406,1,3,0,0,436.2116185,436.2116185,0,435,1439,67.61738825
1513,0,436.2116185,444,0,7.788381469,0,0.1804807675,7.788381469,0.1804807675,2.365144406,14.63485559,1,2,0,0,436.2116185,436.2116185,0,435,1440,67.72755957
1514,0,436.2116185,433,0,-3.211618531,0,-0.07442308516,-3.211618531,-0.07442308516,3.211618531,3.211618531,1,7,0,0,436.2116185,436.2116185,0,435,1441,67.91999674
1515,0,436,443,-0.2116185313,6.788381469,-0.004903852629,0.15730769,7,0.1622115426,3,9,0,0,1,0,436.2116185,436.2116185,0,435,1442,67.99464655
1516,0,436.2116185,435,0,-1.211618531,0,-0.02807693014,-1.211618531,-0.02807693014,2.365144406,2.365144406,1,4,0,0,436.2116185,436.2116185,0,435,1443,68.03519154
1517,0,436.2116185,444,0,7.788381469,0,0.1804807675,7.788381469,0.1804807675,2.365144406,14.63485559,0,0,1,0,436.2116185,436.2116185,0,435,1444,68.11859775
1518,0,436.2116185,435,0,-1.211618531,0,-0.02807693014,-1.211618531,-0.02807693014,1.788381469,1.788381469,1,4,0,0,436.2116185,436.2116185,0,435,1445,68.30570674
1519,0,436.2116185,452,0,15.78838147,0,0.3658653876,15.78838147,0.3658653876,1.788381469,25.21161853,1,1,0,0,436.2116185,436.2116185,0,435,1446,68.34470057
1520,0,436.2116185,435,0,-1.211618531,0,-0.02807693014,-1.211618531,-0.02807693014,1.788381469,1.788381469,1,4,0,0,436.2116185,436.2116185,0,435,1447,68.4173398
1521,0,436.2116185,453,0,16.78838147,0,0.3890384651,16.78838147,0.3890384651,1.788381469,26.21161853,1,1,0,0,436.2116185,436.2116185,0,435,1448,68.47309041
1522,0,436.2116185,436,0,-0.2116185313,0,-0.004903852629,-0.2116185313,-0.004903852629,0.4232370626,0.4232370626,0,0,1,0,436.2116185,436.2116185,0,435,1449,68.51661801
1523,0,436,434,-0.2116185313,-2.211618531,-0.004903852629,-0.05125000765,-2,-0.04634615502,0,16,1,6,0,0,436.2116185,436.2116185,0,435,1450,68.60175753
1524,0,436.2116185,436,0,-0.2116185313,0,-0.004903852629,-0.2116185313,-0.004903852629,0.6348555939,0.6348555939,0,0,1,0,436.2116185,436.2116185,0,435,1451,68.61646008
1525,0,436,432,-0.2116185313,-4.211618531,-0.004903852629,-0.09759616268,-4,-0.09269231005,0,14,1,7,0,0,436.2116185,436.2116185,0,435,1452,68.65292954
1526,0,436.2116185,436,0,-0.2116185313,0,-0.004903852629,-0.2116185313,-0.004903852629,0.2116185313,0.2116185313,0,0,1,0,436.2116185,436.2116185,0,435,1453,68.66625428
1527,0,436,436,-0.2116185313,-0.2116185313,-0.004903852629,-0.004903852629,0,0,0,24,1,6,0,0,436.2116185,436.2116185,0,435,1454,68.68974257
1528,0,436.2116185,436,0,-0.2116185313,0,-0.004903852629,-0.2116185313,-0.004903852629,0.2116185313,0.2116185313,0,0,1,0,436.2116185,436.2116185,0,435,1455,68.71073532
1529,0,436,433,-0.2116185313,-3.211618531,-0.004903852629,-0.07442308516,-3,-0.06951923254,0,19,1,7,0,0,436.2116185,436.2116185,0,435,1456,68.75748968
1530,0,436.2116185,436,0,-0.2116185313,0,-0.004903852629,-0.2116185313,-0.004903852629,0.2116185313,0.2116185313,0,0,1,0,436.2116185,436.2116185,0,435,1457,68.77658772
1531,0,436,433,-0.2116185313,-3.211618531,-0.004903852629,-0.07442308516,-3,-0.06951923254,0,11,1,5,0,0,436.2116185,436.2116185,0,435,1458,68.81372762
1532,0,436.2116185,436,0,-0.2116185313,0,-0.004903852629,-0.2116185313,-0.004903852629,0.2116185313,0.2116185313,0,0,1,0,436.2116185,436.2116185,0,435,1459,68.82603621
1533,0,436,436,-0.2116185313,-0.2116185313,-0.004903852629,-0.004903852629,0,0,0,22,1,6,0,0,436.2116185,436.2116185,0,435,1460,68.85430956
1534,0,436.2116185,436,0,-0.2116185313,0,-0.004903852629,-0.2116185313,-0.004903852629,0.2116185313,0.2116185313,0,0,1,0,436.2116185,436.2116185,0,435,1461,68.87433791
1535,0,436,434,-0.2116185313,-2.211618531,-0.004903852629,-0.05125000765,-2,-0.04634615502,0,14,1,5,0,0,436.2116185,436.2116185,0,435,1462,68.91379142
1536,0,436.2116185,436,0,-0.2116185313,0,-0.004903852629,-0.2116185313,-0.004903852629,0.2116185313,0.2116185313,0,0,1,0,436.2116185,436.2116185,0,435,1463,68.92981791
1537,0,436,435,-0.2116185313,-1.211618531,-0.004903852629,-0.02807693014,-1,-0.02317307751,0,21,1,5,0,0,436.2116185,436.2116185,0,435,1464,68.96224523
1538,0,436.2116185,436,0,-0.2116185313,0,-0.004903852629,-0.2116185313,-0.004903852629,0.2116185313,0.2116185313,0,0,1,0,436.2116185,436.2116185,0,435,1465,68.97788954
1539,0,436,431,-0.2116185313,-5.211618531,-0.004903852629,-0.1207692402,-5,-0.1158653876,0,11,1,7,0,0,436.2116185,436.2116185,0,435,1466,69.01020765
1540,0,436.2116185,436,0,-0.2116185313,0,-0.004903852629,-0.2116185313,-0.004903852629,0.2116185313,0.2116185313,0,0,1,0,436.2116185,436.2116185,0,435,1467,69.0200398
1541,0,436,434,-0.2116185313,-2.211618531,-0.004903852629,-0.05125000765,-2,-0.04634615502,0,20,1,5,0,0,436.2116185,436.2116185,0,435,1468,69.04845405
1542,0,436.2116185,436,0,-0.2116185313,0,-0.004903852629,-0.2116185313,-0.004903852629,0.2116185313,0.2116185313,0,0,1,0,436.2116185,436.2116185,0,435,1469,69.063622
1543,0,436,435,-0.2116185313,-1.211618531,-0.004903852629,-0.02807693014,-1,-0.02317307751,0,27,1,10,0,0,436.2116185,436.2116185,0,435,1470,69.08862543
1544,0,436.2116185,436,0,-0.2116185313,0,-0.004903852629,-0.2116185313,-0.004903852629,0.2116185313,0.2116185313,0,0,1,0,436.2116185,436.2116185,0,435,1471,69.11045766
1545,0,436,434,-0.2116185313,-2.211618531,-0.004903852629,-0.05125000765,-2,-0.04634615502,0,20,1,5,0,0,436.2116185,436.2116185,0,435,1472,69.14898062
1546,0,436.2116185,515,0,78.78838147,0,1.825769271,78.78838147,1.825769271,0.2116185313,279.2116185,1,198,0,0,436.2116185,436.2116185,0,435,1473,69.16278744
1547,0,436.2116185,434,-5.684341886e-14,-2.211618531,-1.317236951e-15,-0.05125000765,-2.211618531,-0.05125000765,25.12642056,25.12642056,1,30,0,0,436.2116185,436.2116185,0,435,1474,69.33235526
1548,0,436.2116185,433,0,-3.211618531,0,-0.07442308516,-3.211618531,-0.07442308516,3.634855594,3.634855594,1,27,0,0,436.2116185,436.2116185,0,435,1475,69.59097242
1549,0,436,452,-0.2116185313,15.78838147,-0.004903852629,0.3658653876,16,0.3707692402,3,22,0,0,1,0,436.2116185,436.2116185,0,435,1476,69.76404953
1550,0,436.2116185,435,0,-1.211618531,0,-0.02807693014,-1.211618531,-0.02807693014,2.365144406,2.365144406,1,18,0,0,436.2116185,436.2116185,0,435,1477,69.80848122
1551,0,436.2116185,449,0,12.78838147,0,0.296346155,12.78838147,0.296346155,2.365144406,21.63485559,0,0,1,0,436.2116185,436.2116185,0,435,1478,69.90198421
1552,0,436.2116185,435,0,-1.211618531,0,-0.02807693014,-1.211618531,-0.02807693014,1.788381469,1.788381469,1,20,0,0,436.2116185,436.2116185,0,435,1479,70.11569905
1553,0,436.2116185,441,0,4.788381469,0,0.1109615349,4.788381469,0.1109615349,1.788381469,10.21161853,1,3,0,0,436.2116185,436.2116185,0,435,1480,70.18288088
1554,0,436.2116185,435,0,-1.211618531,0,-0.02807693014,-1.211618531,-0.02807693014,1.788381469,1.788381469,1,20,0,0,436.2116185,436.2116185,0,435,1481,70.22700143
1555,0,436.2116185,436,0,-0.2116185313,0,-0.004903852629,-0.2116185313,-0.004903852629,1.788381469,1.788381469,1,3,0,0,436.2116185,436.2116185,0,435,1482,70.26425409
1556,0,436.2116185,436,0,-0.2116185313,0,-0.004903852629,-0.2116185313,-0.004903852629,0.2116185313,0.2116185313,0,0,1,0,436.2116185,436.2116185,0,435,1483,70.27225232
1557,0,436,432,-0.2116185313,-4.211618531,-0.004903852629,-0.09759616268,-4,-0.09269231005,0,10,1,5,0,0,436.2116185,436.2116185,0,435,1484,70.32278585
1558,0,436.2116185,436,0,-0.2116185313,0,-0.004903852629,-0.2116185313,-0.004903852629,0.6348555939,0.6348555939,0,0,1,0,436.2116185,436.2116185,0,435,1485,70.33781099
1559,0,436,431,-0.2116185313,-5.211618531,-0.004903852629,-0.1207692402,-5,-0.1158653876,0,13,1,6,0,0,436.2116185,436.2116185,0,435,1486,70.38083148
1560,0,436.2116185,436,0,-0.2116185313,0,-0.004903852629,-0.2116185313,-0.004903852629,0.2116185313,0.2116185313,0,0,1,0,436.2116185,436.2116185,0,435,1487,70.39349055
1561,0,436,435,-0.2116185313,-1.211618531,-0.004903852629,-0.02807693014,-1,-0.02317307751,0,27,1,11,0,0,436.2116185,436.2116185,0,435,1488,70.41027784
1562,0,436.2116185,436,0,-0.2116185313,0,-0.004903852629,-0.2116185313,-0.004903852629,0.2116185313,0.2116185313,0,0,1,0,436.2116185,436.2116185,0,435,1489,70.43063569
1563,0,436,433,-0.2116185313,-3.211618531,-0.004903852629,-0.07442308516,-3,-0.06951923254,0,15,1,5,0,0,436.2116185,436.2116185,0,435,1490,70.4782474
1564,0,436.2116185,436,0,-0.2116185313,0,-0.004903852629,-0.2116185313,-0.004903852629,0.6348555939,0.6348555939,0,0,1,0,436.2116185,436.2116185,0,435,1491,70.56153321
1565,0,436,433,-0.2116185313,-3.211618531,-0.004903852629,-0.07442308516,-3,-0.06951923254,0,19,1,6,0,0,436.2116185,436.2116185,0,435,1492,70.78997135
1566,0,436.2116185,436,0,-0.2116185313,0,-0.004903852629,-0.2116185313,-0.004903852629,0.2116185313,0.2116185313,0,0,1,0,436.2116185,436.2116185,0,435,1493,70.80392528
1567,0,436,431,-0.2116185313,-5.211618531,-0.004903852629,-0.1207692402,-5,-0.1158653876,0,11,1,6,0,0,436.2116185,436.2116185,0,435,1494,70.82944775
1568,0,436.2116185,436,0,-0.2116185313,0,-0.004903852629,-0.2116185313,-0.004903852629,0.2116185313,0.2116185313,0,0,1,0,436.2116185,436.2116185,0,435,1495,70.84033704
1569,0,436,431,-0.2116185313,-5.211618531,-0.004903852629,-0.1207692402,-5,-0.1158653876,0,13,1,6,0,0,436.2116185,436.2116185,0,435,1496,70.85845304
1570,0,436.2116185,538,0,101.7883815,0,2.358750054,101.7883815,2.358750054,0.2116185313,263.7883815,1,198,0,0,436.2116185,436.2116185,0,435,1497,70.87144136
1571,0,436.2116185,419,0,-17.21161853,0,-0.3988461703,-17.21161853,-0.3988461703,20.09543322,20.09543322,1,117,0,0,436.2116185,436.2116185,0,435,1498,70.9947648
1572,0,436,431,-0.2116185313,-5.211618531,-0.004903852629,-0.1207692402,-5,-0.1158653876,5,5,1,54,0,0,436.2116185,436.2116185,0,435,1499,71.15599108
1573,0,436,432,-0.2116185313,-4.211618531,-0.004903852629,-0.09759616268,-4,-0.09269231005,4,4,1,52,0,0,436.2116185,436.2116185,0,435,1500,71.17618465
1574,0,436,455,-0.2116185313,18.78838147,-0.004903852629,0.4353846201,19,0.4402884727,4,25,1,1,0,0,436.2116185,436.2116185,0,435,1501,71.18575859
1575,0,436.2116185,434,0,-2.211618531,0,-0.05125000765,-2.211618531,-0.05125000765,3.365144406,3.365144406,1,31,0,0,436.2116185,436.2116185,0,435,1502,71.22523141
1576,0,436.2116185,437,0,0.7883814687,0,0.01826922488,0.7883814687,0.01826922488,3.365144406,3.365144406,0,0,1,0,436.2116185,436.2116185,0,435,1503,71.28199816
1577,0,436.2116185,447,0,10.78838147,0,0.25,10.78838147,0.25,2.365144406,25.63485559,1,5,0,0,436.2116185,436.2116185,0,435,1504,71.30946469
1578,0,436.2116185,436,0,-0.2116185313,0,-0.004903852629,-0.2116185313,-0.004903852629,0.2116185313,0.2116185313,0,0,1,0,436.2116185,436.2116185,0,435,1505,71.48262715
1579,0,436,436,-0.2116185313,-0.2116185313,-0.004903852629,-0.004903852629,0,0,0,30,1,7,0,0,436.2116185,436.2116185,0,435,1506,71.51757812
1580,0,436.2116185,436,0,-0.2116185313,0,-0.004903852629,-0.2116185313,-0.004903852629,0.2116185313,0.2116185313,0,0,1,0,436.2116185,436.2116185,0,435,1507,71.53855157
1581,0,436,434,-0.2116185313,-2.211618531,-0.004903852629,-0.05125000765,-2,-0.04634615502,0,16,1,5,0,0,436.2116185,436.2116185,0,435,1508,71.57873464
1582,0,436.2116185,436,0,-0.2116185313,0,-0.004903852629,-0.2116185313,-0.004903852629,0.2116185313,0.2116185313,0,0,1,0,436.2116185,436.2116185,0,435,1509,71.59593987
1583,0,436,434,-0.2116185313,-2.211618531,-0.004903852629,-0.05125000765,-2,-0.04634615502,0,18,1,5,0,0,436.2116185,436.2116185,0,435,1510,71.63342357
1584,0,436.2116185,436,0,-0.2116185313,0,-0.004903852629,-0.2116185313,-0.004903852629,0.2116185313,0.2116185313,0,0,1,0,436.2116185,436.2116185,0,435,1511,71.64836454
1585,0,436,432,-0.2116185313,-4.211618531,-0.004903852629,-0.09759616268,-4,-0.09269231005,0,10,1,5,0,0,436.2116185,436.2116185,0,435,1512,71.68159366
1586,0,436.2116185,436,0,-0.2116185313,0,-0.004903852629,-0.2116185313,-0.004903852629,0.2116185313,0.2116185313,0,0,1,0,436.2116185,436.2116185,0,435,1513,71.69030261
1587,0,436,436,-0.2116185313,-0.2116185313,-0.004903852629,-0.004903852629,0,0,0,24,1,6,0,0,436.2116185,436.2116185,0,435,1514,71.7037816
1588,0,436.2116185,436,0,-0.2116185313,0,-0.004903852629,-0.2116185313,-0.004903852629,0.2116185313,0.2116185313,0,0,1,0,436.2116185,436.2116185,0,435,1515,71.72469425
1589,0,436,432,-0.2116185313,-4.211618531,-0.004903852629,-0.09759616268,-4,-0.09269231005,0,16,1,8,0,0,436.2116185,436.2116185,0,435,1516,71.76543999
1590,0,436.2116185,436,0,-0.2116185313,0,-0.004903852629,-0.2116185313,-0.004903852629,0.2116185313,0.2116185313,0,0,1,0,436.2116185,436.2116185,0,435,1517,71.7710166
1591,0,436,434,-0.2116185313,-2.211618531,-0.004903852629,-0.05125000765,-2,-0.04634615502,0,16,1,5,0,0,436.2116185,436.2116185,0,435,1518,71.77766204
1592,0,436.2116185,533,0,96.78838147,0,2.242884666,96.78838147,2.242884666,0.2116185313,269.2116185,1,190,0,0,436.2116185,436.2116185,0,435,1519,71.79292202
1593,0,436.2116185,416,0,-20.21161853,0,-0.4683654029,-20.21161853,-0.4683654029,21.48132972,21.48132972,1,151,0,0,436.2116185,436.2116185,0,435,1520,71.8759172
1594,0,434.8333333,420,-1.378285198,-16.21161853,-0.03193910973,-0.3756730928,-14.83333333,-0.3437339831,15.5,15.5,1,120,0,0,436.2116185,436.2116185,0,435,1521,72.03336096
1595,0,434.8333333,421,-1.378285198,-15.21161853,-0.03193910973,-0.3525000153,-13.83333333,-0.3205609056,14.33333333,14.33333333,1,99,0,0,436.2116185,436.2116185,0,435,1522,72.04977369
1596,0,434.8333333,449,-1.378285198,12.78838147,-0.03193910973,0.296346155,14.16666667,0.3282852647,13.83333333,14.83333333,0,0,1,0,436.2116185,436.2116185,0,435,1523,72.05673933
1597,0,436.2116185,435,0,-1.211618531,0,-0.02807693014,-1.211618531,-0.02807693014,1.788381469,1.788381469,1,5,0,0,436.2116185,436.2116185,0,435,1524,72.08911872
1598,0,436.2116185,442,0,5.788381469,0,0.1341346124,5.788381469,0.1341346124,1.788381469,11.21161853,1,5,0,0,436.2116185,436.2116185,0,435,1525,72.10827518
1599,0,436.2116185,435,0,-1.211618531,0,-0.02807693014,-1.211618531,-0.02807693014,1.788381469,1.788381469,1,5,0,0,436.2116185,436.2116185,0,435,1526,72.14777946
1600,0,436.2116185,454,0,17.78838147,0,0.4122115426,17.78838147,0.4122115426,1.788381469,27.21161853,1,3,0,0,436.2116185,436.2116185,0,435,1527,72.15356827
1601,0,436.2116185,435,0,-1.211618531,0,-0.02807693014,-1.211618531,-0.02807693014,1.788381469,1.788381469,1,5,0,0,436.2116185,436.2116185,0,435,1528,72.20843434
1602,0,436.2116185,444,0,7.788381469,0,0.1804807675,7.788381469,0.1804807675,1.788381469,13.21161853,1,5,0,0,436.2116185,436.2116185,0,435,1529,72.22953749
1603,0,436.2116185,435,0,-1.211618531,0,-0.02807693014,-1.211618531,-0.02807693014,1.788381469,1.788381469,1,5,0,0,436.2116185,436.2116185,0,435,1530,72.27876806
1604,0,436.2116185,455,0,18.78838147,0,0.4353846201,18.78838147,0.4353846201,1.788381469,28.21161853,1,3,0,0,436.2116185,436.2116185,0,435,1531,72.31676888
1605,0,436.2116185,435,0,-1.211618531,0,-0.02807693014,-1.211618531,-0.02807693014,2.365144406,2.365144406,1,5,0,0,436.2116185,436.2116185,0,435,1532,72.35497355
1606,0,436.2116185,447,0,10.78838147,0,0.25,10.78838147,0.25,2.365144406,21.63485559,1,2,0,0,436.2116185,436.2116185,0,435,1533,72.42398262
1607,0,436.2116185,435,0,-1.211618531,0,-0.02807693014,-1.211618531,-0.02807693014,1.788381469,1.788381469,1,5,0,0,436.2116185,436.2116185,0,435,1534,72.57376218
1608,0,436.2116185,444,0,7.788381469,0,0.1804807675,7.788381469,0.1804807675,1.788381469,15.21161853,1,5,0,0,436.2116185,436.2116185,0,435,1535,72.62670231
1609,0,436.2116185,435,0,-1.211618531,0,-0.02807693014,-1.211618531,-0.02807693014,2.365144406,2.365144406,1,5,0,0,436.2116185,436.2116185,0,435,1536,72.69232202
1610,0,436.2116185,449,0,12.78838147,0,0.296346155,12.78838147,0.296346155,2.365144406,21.63485559,0,0,1,0,436.2116185,436.2116185,0,435,1537,72.77930522
1611,0,436.2116185,436,0,-0.2116185313,0,-0.004903852629,-0.2116185313,-0.004903852629,0.2116185313,0.2116185313,0,0,1,0,436.2116185,436.2116185,0,435,1538,72.95928502
1612,0,436,434,-0.2116185313,-2.211618531,-0.004903852629,-0.05125000765,-2,-0.04634615502,0,18,1,5,0,0,436.2116185,436.2116185,0,435,1539,73.01832199
1613,0,436.2116185,436,0,-0.2116185313,0,-0.004903852629,-0.2116185313,-0.004903852629,0.2116185313,0.2116185313,0,0,1,0,436.2116185,436.2116185,0,435,1540,73.03266883
1614,0,436,434,-0.2116185313,-2.211618531,-0.004903852629,-0.05125000765,-2,-0.04634615502,0,30,1,8,0,0,436.2116185,436.2116185,0,435,1541,73.06252766
1615,0,436.2116185,436,0,-0.2116185313,0,-0.004903852629,-0.2116185313,-0.004903852629,0.2116185313,0.2116185313,0,0,1,0,436.2116185,436.2116185,0,435,1542,73.07766652
1616,0,436,430,-0.2116185313,-6.211618531,-0.004903852629,-0.1439423177,-6,-0.1390384651,0,16,1,8,0,0,436.2116185,436.2116185,0,435,1543,73.11536145
1617,0,436,436,-0.2116185313,-0.2116185313,-0.004903852629,-0.004903852629,0,0,0,0,0,0,1,0,436.2116185,436.2116185,0,435,1544,73.12072492
1618,0,436,432,-0.2116185313,-4.211618531,-0.004903852629,-0.09759616268,-4,-0.09269231005,0,14,1,6,0,0,436.2116185,436.2116185,0,435,1545,73.12736535
1619,0,436.2116185,436,0,-0.2116185313,0,-0.004903852629,-0.2116185313,-0.004903852629,0.2116185313,0.2116185313,0,0,1,0,436.2116185,436.2116185,0,435,1546,73.13340926
1620,0,436,433,-0.2116185313,-3.211618531,-0.004903852629,-0.07442308516,-3,-0.06951923254,0,21,1,6,0,0,436.2116185,436.2116185,0,435,1547,73.14010382
1621,0,436.2116185,436,0,-0.2116185313,0,-0.004903852629,-0.2116185313,-0.004903852629,0.2116185313,0.2116185313,0,0,1,0,436.2116185,436.2116185,0,435,1548,73.15114808
1622,0,436,431,-0.2116185313,-5.211618531,-0.004903852629,-0.1207692402,-5,-0.1158653876,0,27,1,11,0,0,436.2116185,436.2116185,0,435,1549,73.16598868
1623,0,436.2116185,436,0,-0.2116185313,0,-0.004903852629,-0.2116185313,-0.004903852629,0.2116185313,0.2116185313,0,0,1,0,436.2116185,436.2116185,0,435,1550,73.17695212
1624,0,436,431,-0.2116185313,-5.211618531,-0.004903852629,-0.1207692402,-5,-0.1158653876,0,27,1,11,0,0,436.2116185,436.2116185,0,435,1551,73.19163918
1625,0,436.2116185,436,0,-0.2116185313,0,-0.004903852629,-0.2116185313,-0.004903852629,0.2116185313,0.2116185313,0,0,1,0,436.2116185,436.2116185,0,435,1552,73.19776416
1626,0,436,431,-0.2116185313,-5.211618531,-0.004903852629,-0.1207692402,-5,-0.1158653876,0,17,1,8,0,0,436.2116185,436.2116185,0,435,1553,73.20448971
1627,0,436.2116185,436,0,-0.2116185313,0,-0.004903852629,-0.2116185313,-0.004903852629,0.2116185313,0.2116185313,0,0,1,0,436.2116185,436.2116185,0,435,1554,73.20999217
1628,0,436,430,-0.2116185313,-6.211618531,-0.004903852629,-0.1439423177,-6,-0.1390384651,0,28,1,13,0,0,436.2116185,436.2116185,0,435,1555,73.21659088
1629,0,436.2116185,436,0,-0.2116185313,0,-0.004903852629,-0.2116185313,-0.004903852629,0.2116185313,0.2116185313,0,0,1,0,436.2116185,436.2116185,0,435,1556,73.22913599
1630,0,436,432,-0.2116185313,-4.211618531,-0.004903852629,-0.09759616268,-4,-0.09269231005,0,22,1,5,0,0,436.2116185,436.2116185,0,435,1557,73.26019955
1631,0,436.2116185,436,0,-0.2116185313,0,-0.004903852629,-0.2116185313,-0.004903852629,0.2116185313,0.2116185313,0,0,1,0,436.2116185,436.2116185,0,435,1558,73.26569319
1632,0,436,431,-0.2116185313,-5.211618531,-0.004903852629,-0.1207692402,-5,-0.1158653876,0,19,1,7,0,0,436.2116185,436.2116185,0,435,1559,73.27255011
1633,0,436.2116185,436,0,-0.2116185313,0,-0.004903852629,-0.2116185313,-0.004903852629,0.2116185313,0.2116185313,0,0,1,0,436.2116185,436.2116185,0,435,1560,73.27866125
1634,0,436,432,-0.2116185313,-4.211618531,-0.004903852629,-0.09759616268,-4,-0.09269231005,0,10,1,5,0,0,436.2116185,436.2116185,0,435,1561,73.28538036
1635,0,436.2116185,436,0,-0.2116185313,0,-0.004903852629,-0.2116185313,-0.004903852629,0.2116185313,0.2116185313,0,0,1,0,436.2116185,436.2116185,0,435,1562,73.29398799
1636,0,436,431,-0.2116185313,-5.211618531,-0.004903852629,-0.1207692402,-5,-0.1158653876,0,13,1,6,0,0,436.2116185,436.2116185,0,435,1563,73.30811715
1637,0,436.2116185,436,0,-0.2116185313,0,-0.004903852629,-0.2116185313,-0.004903852629,0.2116185313,0.2116185313,0,0,1,0,436.2116185,436.2116185,0,435,1564,73.31840158
1638,0,436,432,-0.2116185313,-4.211618531,-0.004903852629,-0.09759616268,-4,-0.09269231005,0,10,1,5,0,0,436.2116185,436.2116185,0,435,1565,73.33250642
1639,0,436.2116185,436,0,-0.2116185313,0,-0.004903852629,-0.2116185313,-0.004903852629,0.2116185313,0.2116185313,0,0,1,0,436.2116185,436.2116185,0,435,1566,73.34272528
1640,0,436,432,-0.2116185313,-4.211618531,-0.004903852629,-0.09759616268,-4,-0.09269231005,0,12,1,5,0,0,436.2116185,436.2116185,0,435,1567,73.35689735
1641,0,436.2116185,560,0,123.7883815,0,2.868557759,123.7883815,2.868557759,0.2116185313,270.2116185,1,135,0,0,436.2116185,436.2116185,0,435,1568,73.36731482
1642,0,436.2116185,426,0,-10.21161853,0,-0.2366346277,-10.21161853,-0.2366346277,12.94190734,12.94190734,1,70,0,0,436.2116185,436.2116185,0,435,1569,73.46192122
1643,0,436.2116185,435,0,-1.211618531,0,-0.02807693014,-1.211618531,-0.02807693014,2.941907344,2.941907344,1,5,0,0,436.2116185,436.2116185,0,435,1570,73.54406166
1644,0,436.2116185,450,0,13.78838147,0,0.3195192325,13.78838147,0.3195192325,2.365144406,22.63485559,0,0,1,0,436.2116185,436.2116185,0,435,1571,73.59954333
1645,0,436.2116185,435,0,-1.211618531,0,-0.02807693014,-1.211618531,-0.02807693014,1.788381469,1.788381469,1,5,0,0,436.2116185,436.2116185,0,435,1572,73.70449281
1646,0,436.2116185,442,0,5.788381469,0,0.1341346124,5.788381469,0.1341346124,1.788381469,11.21161853,1,2,0,0,436.2116185,436.2116185,0,435,1573,73.72566867
1647,0,436.2116185,435,0,-1.211618531,0,-0.02807693014,-1.211618531,-0.02807693014,2.365144406,2.365144406,1,5,0,0,436.2116185,436.2116185,0,435,1574,73.77666497
1648,0,436.2116185,447,0,10.78838147,0,0.25,10.78838147,0.25,2.365144406,21.63485559,0,0,1,0,436.2116185,436.2116185,0,435,1575,73.84590578
1649,0,436.2116185,435,0,-1.211618531,0,-0.02807693014,-1.211618531,-0.02807693014,1.788381469,1.788381469,1,5,0,0,436.2116185,436.2116185,0,435,1576,73.99523449
1650,0,436.2116185,446,0,9.788381469,0,0.2268269225,9.788381469,0.2268269225,1.788381469,23.21161853,1,1,0,0,436.2116185,436.2116185,0,435,1577,74.01720428
1651,0,436.2116185,435,0,-1.211618531,0,-0.02807693014,-1.211618531,-0.02807693014,1.788381469,1.788381469,1,5,0,0,436.2116185,436.2116185,0,435,1578,74.04627585
1652,0,436.2116185,442,0,5.788381469,0,0.1341346124,5.788381469,0.1341346124,1.788381469,11.21161853,1,3,0,0,436.2116185,436.2116185,0,435,1579,74.07953095
1653,0,436.2116185,436,0,-0.2116185313,0,-0.004903852629,-0.2116185313,-0.004903852629,0.2116185313,0.2116185313,0,0,1,0,436.2116185,436.2116185,0,435,1580,74.09809875
1654,0,436,436,-0.2116185313,-0.2116185313,-0.004903852629,-0.004903852629,0,0,0,24,1,7,0,0,436.2116185,436.2116185,0,435,1581,74.13551998
1655,0,436.2116185,436,0,-0.2116185313,0,-0.004903852629,-0.2116185313,-0.004903852629,0.2116185313,0.2116185313,0,0,1,0,436.2116185,436.2116185,0,435,1582,74.15635395
1656,0,436,434,-0.2116185313,-2.211618531,-0.004903852629,-0.05125000765,-2,-0.04634615502,0,22,1,5,0,0,436.2116185,436.2116185,0,435,1583,74.19430161
1657,0,436.2116185,436,0,-0.2116185313,0,-0.004903852629,-0.2116185313,-0.004903852629,0.2116185313,0.2116185313,0,0,1,0,436.2116185,436.2116185,0,435,1584,74.20778918
1658,0,436,433,-0.2116185313,-3.211618531,-0.004903852629,-0.07442308516,-3,-0.06951923254,0,21,1,5,0,0,436.2116185,436.2116185,0,435,1585,74.23825502
1659,0,436.2116185,521,0,84.78838147,0,1.964807736,84.78838147,1.964807736,0.2116185313,232.7883815,1,143,0,0,436.2116185,436.2116185,0,435,1586,74.24333382
1660,0,436.2116185,432,0,-4.211618531,0,-0.09759616268,-4.211618531,-0.09759616268,4.211618531,4.211618531,1,25,0,0,436.2116185,436.2116185,0,435,1587,74.31023812
1661,0,435.5,434,-0.7116185313,-2.211618531,-0.01649039138,-0.05125000765,-1.5,-0.03475961627,1.5,1.5,1,19,0,0,436.2116185,436.2116185,0,435,1588,74.41128469
1662,0,435.5,446,-0.7116185313,9.788381469,-0.01649039138,0.2268269225,10.5,0.2433173139,1.5,18.5,1,2,0,0,436.2116185,436.2116185,0,435,1589,74.41743302
1663,0,436.2116185,436,0,-0.2116185313,0,-0.004903852629,-0.2116185313,-0.004903852629,0.2116185313,0.2116185313,0,0,1,0,436.2116185,436.2116185,0,435,1590,74.44074845
1664,0,436,434,-0.2116185313,-2.211618531,-0.004903852629,-0.05125000765,-2,-0.04634615502,0,26,1,10,0,0,436.2116185,436.2116185,0,435,1591,74.48453259
1665,0,436.2116185,436,0,-0.2116185313,0,-0.004903852629,-0.2116185313,-0.004903852629,0.2116185313,0.2116185313,0,0,1,0,436.2116185,436.2116185,0,435,1592,74.50005913
1666,0,436,433,-0.2116185313,-3.211618531,-0.004903852629,-0.07442308516,-3,-0.06951923254,0,15,1,6,0,0,436.2116185,436.2116185,0,435,1593,74.53391266
1667,0,436.2116185,436,0,-0.2116185313,0,-0.004903852629,-0.2116185313,-0.004903852629,0.2116185313,0.2116185313,0,0,1,0,436.2116185,436.2116185,0,435,1594,74.5452466
1668,0,436,435,-0.2116185313,-1.211618531,-0.004903852629,-0.02807693014,-1,-0.02317307751,0,19,1,6,0,0,436.2116185,436.2116185,0,435,1595,74.56409502
1669,0,436.2116185,436,0,-0.2116185313,0,-0.004903852629,-0.2116185313,-0.004903852629,0.2116185313,0.2116185313,0,0,1,0,436.2116185,436.2116185,0,435,1596,74.57681251
1670,0,436,435,-0.2116185313,-1.211618531,-0.004903852629,-0.02807693014,-1,-0.02317307751,0,29,1,9,0,0,436.2116185,436.2116185,0,435,1597,74.60097003
1671,0,436.2116185,436,0,-0.2116185313,0,-0.004903852629,-0.2116185313,-0.004903852629,1.058092656,1.058092656,0,0,1,0,436.2116185,436.2116185,0,435,1598,74.61867738
1672,0,436,436,-0.2116185313,-0.2116185313,-0.004903852629,-0.004903852629,0,0,0,26,1,6,0,0,436.2116185,436.2116185,0,435,1599,74.66179991
1673,0,436.2116185,436,0,-0.2116185313,0,-0.004903852629,-0.2116185313,-0.004903852629,0.2116185313,0.2116185313,0,0,1,0,436.2116185,436.2116185,0,435,1600,74.67890453
1674,0,436,433,-0.2116185313,-3.211618531,-0.004903852629,-0.07442308516,-3,-0.06951923254,0,13,1,5,0,0,436.2116185,436.2116185,0,435,1601,74.71725059
1675,0,436.2116185,437,0,0.7883814687,0,0.01826922488,0.7883814687,0.01826922488,1.313969115,1.313969115,0,0,1,0,436.2116185,436.2116185,0,435,1602,74.74677396
1676,0,436.2116185,440,0,3.788381469,0,0.08778845742,3.788381469,0.08778845742,1.313969115,13.68603089,1,4,0,0,436.2116185,436.2116185,0,435,1603,74.75170064
1677,0,436.2116185,436,0,-0.2116185313,0,-0.004903852629,-0.2116185313,-0.004903852629,0.2116185313,0.2116185313,0,0,1,0,436.2116185,436.2116185,0,435,1604,74.84281778
1678,0,436,432,-0.2116185313,-4.211618531,-0.004903852629,-0.09759616268,-4,-0.09269231005,0,20,1,8,0,0,436.2116185,436.2116185,0,435,1605,74.86814094
1679,0,436.2116185,436,0,-0.2116185313,0,-0.004903852629,-0.2116185313,-0.004903852629,0.2116185313,0.2116185313,0,0,1,0,436.2116185,436.2116185,0,435,1606,74.87362051
1680,0,436,432,-0.2116185313,-4.211618531,-0.004903852629,-0.09759616268,-4,-0.09269231005,0,16,1,7,0,0,436.2116185,436.2116185,0,435,1607,74.88026547
1681,0,436.2116185,436,0,-0.2116185313,0,-0.004903852629,-0.2116185313,-0.004903852629,0.2116185313,0.2116185313,0,0,1,0,436.2116185,436.2116185,0,435,1608,74.88568735
1682,0,436,432,-0.2116185313,-4.211618531,-0.004903852629,-0.09759616268,-4,-0.09269231005,0,20,1,7,0,0,436.2116185,436.2116185,0,435,1609,74.89234948
1683,0,436.2116185,436,0,-0.2116185313,0,-0.004903852629,-0.2116185313,-0.004903852629,0.2116185313,0.2116185313,0,0,1,0,436.2116185,436.2116185,0,435,1610,74.8983109
1684,0,436,434,-0.2116185313,-2.211618531,-0.004903852629,-0.05125000765,-2,-0.04634615502,0,24,1,6,0,0,436.2116185,436.2116185,0,435,1611,74.90484023
1685,0,436.2116185,436,0,-0.2116185313,0,-0.004903852629,-0.2116185313,-0.004903852629,0.2116185313,0.2116185313,0,0,1,0,436.2116185,436.2116185,0,435,1612,74.91816235
1686,0,436,433,-0.2116185313,-3.211618531,-0.004903852629,-0.07442308516,-3,-0.06951923254,0,29,1,8,0,0,436.2116185,436.2116185,0,435,1613,74.94465852
1687,0,436.2116185,436,0,-0.2116185313,0,-0.004903852629,-0.2116185313,-0.004903852629,0.2116185313,0.2116185313,0,0,1,0,436.2116185,436.2116185,0,435,1614,74.95799661
1688,0,436,431,-0.2116185313,-5.211618531,-0.004903852629,-0.1207692402,-5,-0.1158653876,0,11,1,7,0,0,436.2116185,436.2116185,0,435,1615,74.98691106
1689,0,436.2116185,436,0,-0.2116185313,0,-0.004903852629,-0.2116185313,-0.004903852629,0.6348555939,0.6348555939,0,0,1,0,436.2116185,436.2116185,0,435,1616,74.99753451
1690,0,436,435,-0.2116185313,-1.211618531,-0.004903852629,-0.02807693014,-1,-0.02317307751,0,17,1,5,0,0,436.2116185,436.2116185,0,435,1617,75.02977419
1691,0,436.2116185,436,0,-0.2116185313,0,-0.004903852629,-0.2116185313,-0.004903852629,0.2116185313,0.2116185313,0,0,1,0,436.2116185,436.2116185,0,435,1618,75.04465914
1692,0,436,433,-0.2116185313,-3.211618531,-0.004903852629,-0.07442308516,-3,-0.06951923254,0,21,1,5,0,0,436.2116185,436.2116185,0,435,1619,75.06706333
1693,0,436.2116185,436,0,-0.2116185313,0,-0.004903852629,-0.2116185313,-0.004903852629,0.2116185313,0.2116185313,0,0,1,0,436.2116185,436.2116185,0,435,1620,75.0736568
1694,0,436,435,-0.2116185313,-1.211618531,-0.004903852629,-0.02807693014,-1,-0.02317307751,0,17,1,5,0,0,436.2116185,436.2116185,0,435,1621,75.0803473
1695,0,436.2116185,436,0,-0.2116185313,0,-0.004903852629,-0.2116185313,-0.004903852629,0.2116185313,0.2116185313,0,0,1,0,436.2116185,436.2116185,0,435,1622,75.0950861
1696,0,436,432,-0.2116185313,-4.211618531,-0.004903852629,-0.09759616268,-4,-0.09269231005,0,10,1,5,0,0,436.2116185,436.2116185,0,435,1623,75.12878084
1697,0,436.2116185,436,0,-0.2116185313,0,-0.004903852629,-0.2116185313,-0.004903852629,0.2116185313,0.2116185313,0,0,1,0,436.2116185,436.2116185,0,435,1624,75.13752937
1698,0,436,431,-0.2116185313,-5.211618531,-0.004903852629,-0.1207692402,-5,-0.1158653876,0,27,1,11,0,0,436.2116185,436.2116185,0,435,1625,75.15170026
1699,0,436.2116185,436,0,-0.2116185313,0,-0.004903852629,-0.2116185313,-0.004903852629,0.2116185313,0.2116185313,0,0,1,0,436.2116185,436.2116185,0,435,1626,75.16518497
1700,0,436,433,-0.2116185313,-3.211618531,-0.004903852629,-0.07442308516,-3,-0.06951923254,0,15,1,5,0,0,436.2116185,436.2116185,0,435,1627,75.1949122
1701,0,436.2116185,436,0,-0.2116185313,0,-0.004903852629,-0.2116185313,-0.004903852629,0.2116185313,0.2116185313,0,0,1,0,436.2116185,436.2116185,0,435,1628,75.20572281
1702,0,436,433,-0.2116185313,-3.211618531,-0.004903852629,-0.07442308516,-3,-0.06951923254,0,19,1,6,0,0,436.2116185,436.2116185,0,435,1629,75.22058773
1703,0,436.2116185,436,0,-0.2116185313,0,-0.004903852629,-0.2116185313,-0.004903852629,0.2116185313,0.2116185313,0,0,1,0,436.2116185,436.2116185,0,435,1630,75.23196173
1704,0,436,431,-0.2116185313,-5.211618531,-0.004903852629,-0.1207692402,-5,-0.1158653876,0,19,1,6,0,0,436.2116185,436.2116185,0,435,1631,75.24790025
1705,0,436.2116185,436,0,-0.2116185313,0,-0.004903852629,-0.2116185313,-0.004903852629,0.2116185313,0.2116185313,0,0,1,0,436.2116185,436.2116185,0,435,1632,75.25410104
1706,0,436,430,-0.2116185313,-6.211618531,-0.004903852629,-0.1439423177,-6,-0.1390384651,0,10,1,6,0,0,436.2116185,436.2116185,0,435,1633,75.26190233
1707,0,435,435,-1.211618531,-1.211618531,-0.02807693014,-0.02807693014,0,0,0,0,0,0,1,0,436.2116185,436.2116185,0,435,1634,75.26817513
1708,0,435,430,-1.211618531,-6.211618531,-0.02807693014,-0.1439423177,-5,-0.1158653876,0,15,1,6,0,0,436.2116185,436.2116185,0,435,1635,75.27567506
1709,0,436,436,-0.2116185313,-0.2116185313,-0.004903852629,-0.004903852629,0,0,0,0,0,0,1,0,436.2116185,436.2116185,0,435,1636,75.28251338
1710,0,436,431,-0.2116185313,-5.211618531,-0.004903852629,-0.1207692402,-5,-0.1158653876,0,17,1,6,0,0,436.2116185,436.2116185,0,435,1637,75.29001164
1711,0,436,436,-0.2116185313,-0.2116185313,-0.004903852629,-0.004903852629,0,0,0,0,0,0,1,0,436.2116185,436.2116185,0,435,1638,75.29485917
1712,0,436,432,-0.2116185313,-4.211618531,-0.004903852629,-0.09759616268,-4,-0.09269231005,0,12,1,6,0,0,436.2116185,436.2116185,0,435,1639,75.30063081
1713,0,436.2116185,436,0,-0.2116185313,0,-0.004903852629,-0.2116185313,-0.004903852629,0.2116185313,0.2116185313,0,0,1,0,436.2116185,436.2116185,0,435,1640,75.31042027
1714,0,436,431,-0.2116185313,-5.211618531,-0.004903852629,-0.1207692402,-5,-0.1158653876,0,23,1,7,0,0,436.2116185,436.2116185,0,435,1641,75.32381487
1715,0,436.2116185,436,0,-0.2116185313,0,-0.004903852629,-0.2116185313,-0.004903852629,0.6348555939,0.6348555939,0,0,1,0,436.2116185,436.2116185,0,435,1642,75.33439493
1716,0,436,431,-0.2116185313,-5.211618531,-0.004903852629,-0.1207692402,-5,-0.1158653876,0,23,1,6,0,0,436.2116185,436.2116185,0,435,1643,75.36301899
1717,0,436.2116185,436,0,-0.2116185313,0,-0.004903852629,-0.2116185313,-0.004903852629,0.2116185313,0.2116185313,0,0,1,0,436.2116185,436.2116185,0,435,1644,75.36900377
1718,0,436,429,-0.2116185313,-7.211618531,-0.004903852629,-0.1671153952,-7,-0.1622115426,0,27,1,12,0,0,436.2116185,436.2116185,0,435,1645,75.37561941
1719,0,436.2116185,436,0,-0.2116185313,0,-0.004903852629,-0.2116185313,-0.004903852629,0.2116185313,0.2116185313,0,0,1,0,436.2116185,436.2116185,0,435,1646,75.38105965
1720,0,436,432,-0.2116185313,-4.211618531,-0.004903852629,-0.09759616268,-4,-0.09269231005,0,12,1,5,0,0,436.2116185,436.2116185,0,435,1647,75.38780403
1721,0,436.2116185,436,0,-0.2116185313,0,-0.004903852629,-0.2116185313,-0.004903852629,0.2116185313,0.2116185313,0,0,1,0,436.2116185,436.2116185,0,435,1648,75.3966105
1722,0,436,431,-0.2116185313,-5.211618531,-0.004903852629,-0.1207692402,-5,-0.1158653876,0,11,1,6,0,0,436.2116185,436.2116185,0,435,1649,75.41078019
1723,0,436.2116185,549,0,112.7883815,0,2.613653906,112.7883815,2.613653906,0.2116185313,282.7883815,1,139,0,0,436.2116185,436.2116185,0,435,1650,75.4211781
1724,0,436.2116185,432,0,-4.211618531,0,-0.09759616268,-4.211618531,-0.09759616268,4.634855594,4.634855594,1,27,0,0,436.2116185,436.2116185,0,435,1651,75.49367046
1725,0,436,452,-0.2116185313,15.78838147,-0.004903852629,0.3658653876,16,0.3707692402,4,22,1,2,0,0,436.2116185,436.2116185,0,435,1652,75.62983847
1726,0,436.2116185,433,0,-3.211618531,0,-0.07442308516,-3.211618531,-0.07442308516,3.634855594,3.634855594,1,20,0,0,436.2116185,436.2116185,0,435,1653,75.65698171
1727,0,436,445,-0.2116185313,8.788381469,-0.004903852629,0.203653845,9,0.2085576976,3,13,1,3,0,0,436.2116185,436.2116185,0,435,1654,75.70610642
1728,0,436.2116185,433,0,-3.211618531,0,-0.07442308516,-3.211618531,-0.07442308516,3.634855594,3.634855594,1,20,0,0,436.2116185,436.2116185,0,435,1655,75.73191953
1729,0,436,451,-0.2116185313,14.78838147,-0.004903852629,0.34269231,15,0.3475961627,3,19,0,0,1,0,436.2116185,436.2116185,0,435,1656,75.79439664
1730,0,436.2116185,435,0,-1.211618531,0,-0.02807693014,-1.211618531,-0.02807693014,2.365144406,2.365144406,1,13,0,0,436.2116185,436.2116185,0,435,1657,75.8239913
1731,0,436.2116185,434,0,-2.211618531,0,-0.05125000765,-2.211618531,-0.05125000765,2.365144406,14.63485559,1,4,0,0,436.2116185,436.2116185,0,435,1658,75.88475776
1732,0,436.2116185,436,0,-0.2116185313,0,-0.004903852629,-0.2116185313,-0.004903852629,0.2116185313,0.2116185313,0,0,1,0,436.2116185,436.2116185,0,435,1659,76.06626606
1733,0,436,435,-0.2116185313,-1.211618531,-0.004903852629,-0.02807693014,-1,-0.02317307751,0,29,1,10,0,0,436.2116185,436.2116185,0,435,1660,76.08110595
1734,0,436.2116185,436,0,-0.2116185313,0,-0.004903852629,-0.2116185313,-0.004903852629,0.2116185313,0.2116185313,0,0,1,0,436.2116185,436.2116185,0,435,1661,76.09540534
1735,0,436,432,-0.2116185313,-4.211618531,-0.004903852629,-0.09759616268,-4,-0.09269231005,0,12,1,5,0,0,436.2116185,436.2116185,0,435,1662,76.12578845
1736,0,436.2116185,436,0,-0.2116185313,0,-0.004903852629,-0.2116185313,-0.004903852629,0.2116185313,0.2116185313,0,0,1,0,436.2116185,436.2116185,0,435,1663,76.13441014
1737,0,436,432,-0.2116185313,-4.211618531,-0.004903852629,-0.09759616268,-4,-0.09269231005,0,10,1,5,0,0,436.2116185,436.2116185,0,435,1664,76.14766026
1738,0,436.2116185,436,0,-0.2116185313,0,-0.004903852629,-0.2116185313,-0.004903852629,0.2116185313,0.2116185313,0,0,1,0,436.2116185,436.2116185,0,435,1665,76.15784883
1739,0,436,432,-0.2116185313,-4.211618531,-0.004903852629,-0.09759616268,-4,-0.09269231005,0,10,1,5,0,0,436.2116185,436.2116185,0,435,1666,76.17112327
1740,0,436.2116185,543,0,106.7883815,0,2.474615441,106.7883815,2.474615441,0.2116185313,273.2116185,1,148,0,0,436.2116185,436.2116185,0,435,1667,76.18138504
1741,0,436.2116185,432,0,-4.211618531,0,-0.09759616268,-4.211618531,-0.09759616268,8.031811073,8.031811073,1,30,0,0,436.2116185,436.2116185,0,435,1668,76.2539258
1742,0,436.2116185,435,0,-1.211618531,0,-0.02807693014,-1.211618531,-0.02807693014,2.365144406,2.365144406,1,15,0,0,436.2116185,436.2116185,0,435,1669,76.38640666
1743,0,436.2116185,445,0,8.788381469,0,0.203653845,8.788381469,0.203653845,2.365144406,13.63485559,0,0,1,0,436.2116185,436.2116185,0,435,1670,76.49712014
1744,0,436.2116185,436,0,-0.2116185313,0,-0.004903852629,-0.2116185313,-0.004903852629,0.2116185313,0.2116185313,0,0,1,0,436.2116185,436.2116185,0,435,1671,76.68282747
1745,0,436,432,-0.2116185313,-4.211618531,-0.004903852629,-0.09759616268,-4,-0.09269231005,0,14,1,9,0,0,436.2116185,436.2116185,0,435,1672,76.7100606
1746,0,436.2116185,436,0,-0.2116185313,0,-0.004903852629,-0.2116185313,-0.004903852629,0.6348555939,0.6348555939,0,0,1,0,436.2116185,436.2116185,0,435,1673,76.72273326
1747,0,436,435,-0.2116185313,-1.211618531,-0.004903852629,-0.02807693014,-1,-0.02317307751,0,21,1,8,0,0,436.2116185,436.2116185,0,435,1674,76.74988174
1748,0,436.2116185,432,0,-4.211618531,0,-0.09759616268,-4.211618531,-0.09759616268,4.211618531,4.211618531,1,10,0,0,436.2116185,436.2116185,0,435,1675,76.76498556
1749,0,436,444,-0.2116185313,7.788381469,-0.004903852629,0.1804807675,8,0.1853846201,4,12,1,3,0,0,436.2116185,436.2116185,0,435,1676,76.79741883
1750,0,436.2116185,436,0,-0.2116185313,0,-0.004903852629,-0.2116185313,-0.004903852629,0.2116185313,0.2116185313,0,0,1,0,436.2116185,436.2116185,0,435,1677,76.82567573
1751,0,436,432,-0.2116185313,-4.211618531,-0.004903852629,-0.09759616268,-4,-0.09269231005,0,12,1,6,0,0,436.2116185,436.2116185,0,435,1678,76.87273049
1752,0,436.2116185,436,0,-0.2116185313,0,-0.004903852629,-0.2116185313,-0.004903852629,0.2116185313,0.2116185313,0,0,1,0,436.2116185,436.2116185,0,435,1679,76.88327503
1753,0,436,436,-0.2116185313,-0.2116185313,-0.004903852629,-0.004903852629,0,0,0,24,1,6,0,0,436.2116185,436.2116185,0,435,1680,76.89774323
1754,0,436.2116185,436,0,-0.2116185313,0,-0.004903852629,-0.2116185313,-0.004903852629,0.2116185313,0.2116185313,0,0,1,0,436.2116185,436.2116185,0,435,1681,76.91085649
1755,0,436,432,-0.2116185313,-4.211618531,-0.004903852629,-0.09759616268,-4,-0.09269231005,0,10,1,5,0,0,436.2116185,436.2116185,0,435,1682,76.93803096
1756,0,436.2116185,436,0,-0.2116185313,0,-0.004903852629,-0.2116185313,-0.004903852629,0.2116185313,0.2116185313,0,0,1,0,436.2116185,436.2116185,0,435,1683,76.94660044
1757,0,436,433,-0.2116185313,-3.211618531,-0.004903852629,-0.07442308516,-3,-0.06951923254,0,15,1,6,0,0,436.2116185,436.2116185,0,435,1684,76.96042299
1758,0,436.2116185,436,0,-0.2116185313,0,-0.004903852629,-0.2116185313,-0.004903852629,0.2116185313,0.2116185313,0,0,1,0,436.2116185,436.2116185,0,435,1685,76.97186589
1759,0,436,434,-0.2116185313,-2.211618531,-0.004903852629,-0.05125000765,-2,-0.04634615502,0,28,1,12,0,0,436.2116185,436.2116185,0,435,1686,76.99053288
1760,0,436.2116185,436,0,-0.2116185313,0,-0.004903852629,-0.2116185313,-0.004903852629,0.2116185313,0.2116185313,0,0,1,0,436.2116185,436.2116185,0,435,1687,77.00840521
1761,0,436,431,-0.2116185313,-5.211618531,-0.004903852629,-0.1207692402,-5,-0.1158653876,0,11,1,7,0,0,436.2116185,436.2116185,0,435,1688,77.04084706
1762,0,436.2116185,436,0,-0.2116185313,0,-0.004903852629,-0.2116185313,-0.004903852629,0.6348555939,0.6348555939,0,0,1,0,436.2116185,436.2116185,0,435,1689,77.05522394
1763,0,436,431,-0.2116185313,-5.211618531,-0.004903852629,-0.1207692402,-5,-0.1158653876,0,11,1,7,0,0,436.2116185,436.2116185,0,435,1690,77.08332872
1764,0,436.2116185,502,0,65.78838147,0,1.524519263,65.78838147,1.524519263,0.2116185313,258.2116185,1,272,0,0,436.2116185,436.2116185,0,435,1691,77.09407401
1765,0,436.2116185,433,0,-3.211618531,0,-0.07442308516,-3.211618531,-0.07442308516,7.837230611,7.837230611,1,14,0,0,436.2116185,436.2116185,0,435,1692,77.19531465
1766,0,436,436,-0.2116185313,-0.2116185313,-0.004903852629,-0.004903852629,0,0,0,0,0,0,1,0,436.2116185,436.2116185,0,435,1693,77.37964344
1767,0,436,433,-0.2116185313,-3.211618531,-0.004903852629,-0.07442308516,-3,-0.06951923254,0,29,1,12,0,0,436.2116185,436.2116185,0,435,1694,77.3886683
1768,0,436.2116185,436,0,-0.2116185313,0,-0.004903852629,-0.2116185313,-0.004903852629,0.2116185313,0.2116185313,0,0,1,0,436.2116185,436.2116185,0,435,1695,77.4038384
1769,0,436,435,-0.2116185313,-1.211618531,-0.004903852629,-0.02807693014,-1,-0.02317307751,0,25,1,6,0,0,436.2116185,436.2116185,0,435,1696,77.43049407
1770,0,436.2116185,436,0,-0.2116185313,0,-0.004903852629,-0.2116185313,-0.004903852629,0.2116185313,0.2116185313,0,0,1,0,436.2116185,436.2116185,0,435,1697,77.44671369
1771,0,436,434,-0.2116185313,-2.211618531,-0.004903852629,-0.05125000765,-2,-0.04634615502,0,18,1,5,0,0,436.2116185,436.2116185,0,435,1698,77.47642183
1772,0,436.2116185,436,0,-0.2116185313,0,-0.004903852629,-0.2116185313,-0.004903852629,0.2116185313,0.2116185313,0,0,1,0,436.2116185,436.2116185,0,435,1699,77.48873734
1773,0,436,433,-0.2116185313,-3.211618531,-0.004903852629,-0.07442308516,-3,-0.06951923254,0,15,1,6,0,0,436.2116185,436.2116185,0,435,1700,77.50748968
1774,0,436.2116185,436,0,-0.2116185313,0,-0.004903852629,-0.2116185313,-0.004903852629,0.2116185313,0.2116185313,0,0,1,0,436.2116185,436.2116185,0,435,1701,77.51784682
1775,0,436,432,-0.2116185313,-4.211618531,-0.004903852629,-0.09759616268,-4,-0.09269231005,0,14,1,7,0,0,436.2116185,436.2116185,0,435,1702,77.53525066
1776,0,436.2116185,517,0,80.78838147,0,1.872115426,80.78838147,1.872115426,0.6348555939,271.6348556,1,198,0,0,436.2116185,436.2116185,0,435,1703,77.55071187
1777,0,436.2116185,433,5.684341886e-14,-3.211618531,1.317236951e-15,-0.07442308516,-3.211618531,-0.07442308516,28.8922421,28.8922421,1,38,0,0,436.2116185,436.2116185,0,435,1704,77.62793875
1778,0,436.2116185,429,0,-7.211618531,0,-0.1671153952,-7.211618531,-0.1671153952,12.36514441,12.36514441,1,46,0,0,436.2116185,436.2116185,0,435,1705,77.79217458
1779,0,436.2116185,430,0,-6.211618531,0,-0.1439423177,-6.211618531,-0.1439423177,7.365144406,7.365144406,1,42,0,0,436.2116185,436.2116185,0,435,1706,77.84645414
1780,0,436.2116185,432,0,-4.211618531,0,-0.09759616268,-4.211618531,-0.09759616268,5.904566782,5.904566782,1,35,0,0,436.2116185,436.2116185,0,435,1707,77.90393519
1781,0,436,433,-0.2116185313,-3.211618531,-0.004903852629,-0.07442308516,-3,-0.06951923254,3,3,1,33,0,0,436.2116185,436.2116185,0,435,1708,78.00670838
1782,0,436,457,-0.2116185313,20.78838147,-0.004903852629,0.4817307751,21,0.4866346277,3,25,1,2,0,0,436.2116185,436.2116185,0,435,1709,78.01605058
1783,0,436.2116185,433,0,-3.211618531,0,-0.07442308516,-3.211618531,-0.07442308516,3.423237063,3.423237063,1,33,0,0,436.2116185,436.2116185,0,435,1710,78.05521321
1784,0,436,449,-0.2116185313,12.78838147,-0.004903852629,0.296346155,13,0.3012500077,3,19,1,4,0,0,436.2116185,436.2116185,0,435,1711,78.13092089
1785,0,436.2116185,435,0,-1.211618531,0,-0.02807693014,-1.211618531,-0.02807693014,2.365144406,2.365144406,1,8,0,0,436.2116185,436.2116185,0,435,1712,78.17292643
1786,0,436.2116185,446,0,9.788381469,0,0.2268269225,9.788381469,0.2268269225,2.365144406,20.63485559,1,4,0,0,436.2116185,436.2116185,0,435,1713,78.26555562
1787,0,436.2116185,435,0,-1.211618531,0,-0.02807693014,-1.211618531,-0.02807693014,1.788381469,1.788381469,1,8,0,0,436.2116185,436.2116185,0,435,1714,78.46281052
1788,0,436.2116185,441,0,4.788381469,0,0.1109615349,4.788381469,0.1109615349,1.788381469,12.21161853,1,5,0,0,436.2116185,436.2116185,0,435,1715,78.50609899
1789,0,436.2116185,435,0,-1.211618531,0,-0.02807693014,-1.211618531,-0.02807693014,1.788381469,1.788381469,1,8,0,0,436.2116185,436.2116185,0,435,1716,78.55486989
1790,0,436.2116185,439,0,2.788381469,0,0.06461537991,2.788381469,0.06461537991,1.788381469,8.211618531,1,6,0,0,436.2116185,436.2116185,0,435,1717,78.58862138
1791,0,436.2116185,436,0,-0.2116185313,0,-0.004903852629,-0.2116185313,-0.004903852629,0.2116185313,0.2116185313,0,0,1,0,436.2116185,436.2116185,0,435,1718,78.63108921
1792,0,436,433,-0.2116185313,-3.211618531,-0.004903852629,-0.07442308516,-3,-0.06951923254,0,17,1,6,0,0,436.2116185,436.2116185,0,435,1719,78.67983484
1793,0,436.2116185,436,0,-0.2116185313,0,-0.004903852629,-0.2116185313,-0.004903852629,0.2116185313,0.2116185313,0,0,1,0,436.2116185,436.2116185,0,435,1720,78.69634342
1794,0,436,434,-0.2116185313,-2.211618531,-0.004903852629,-0.05125000765,-2,-0.04634615502,0,20,1,6,0,0,436.2116185,436.2116185,0,435,1721,78.71846056
1795,0,436.2116185,436,0,-0.2116185313,0,-0.004903852629,-0.2116185313,-0.004903852629,1.058092656,1.058092656,0,0,1,0,436.2116185,436.2116185,0,435,1722,78.73234701
1796,0,436,432,-0.2116185313,-4.211618531,-0.004903852629,-0.09759616268,-4,-0.09269231005,0,14,1,6,0,0,436.2116185,436.2116185,0,435,1723,78.76767945
1797,0,436.2116185,436,0,-0.2116185313,0,-0.004903852629,-0.2116185313,-0.004903852629,0.6348555939,0.6348555939,0,0,1,0,436.2116185,436.2116185,0,435,1724,78.77854109
1798,0,436,435,-0.2116185313,-1.211618531,-0.004903852629,-0.02807693014,-1,-0.02317307751,0,29,1,8,0,0,436.2116185,436.2116185,0,435,1725,78.80296421
1799,0,436.2116185,436,0,-0.2116185313,0,-0.004903852629,-0.2116185313,-0.004903852629,0.2116185313,0.2116185313,0,0,1,0,436.2116185,436.2116185,0,435,1726,78.81800032
1800,0,436,433,-0.2116185313,-3.211618531,-0.004903852629,-0.07442308516,-3,-0.06951923254,0,13,1,5,0,0,436.2116185,436.2116185,0,435,1727,78.84930015
1801,0,436.2116185,436,0,-0.2116185313,0,-0.004903852629,-0.2116185313,-0.004903852629,0.6348555939,0.6348555939,0,0,1,0,436.2116185,436.2116185,0,435,1728,78.92446828
1802,0,436,432,-0.2116185313,-4.211618531,-0.004903852629,-0.09759616268,-4,-0.09269231005,0,10,1,5,0,0,436.2116185,436.2116185,0,435,1729,79.07723212
1803,0,436.2116185,508,0,71.78838147,0,1.663557728,71.78838147,1.663557728,0.2116185313,244.2116185,1,246,0,0,436.2116185,436.2116185,0,435,1730,79.08617425
1804,0,436.2116185,424,0,-12.21161853,0,-0.2829807828,-12.21161853,-0.2829807828,13.36514441,13.36514441,1,193,0,0,436.2116185,436.2116185,0,435,1731,79.1865654
1805,0,435.5,428,-0.7116185313,-8.211618531,-0.01649039138,-0.1902884727,-7.5,-0.1737980813,7.5,7.5,1,133,0,0,436.2116185,436.2116185,0,435,1732,79.35208583
1806,0,435.5,433,-0.7116185313,-3.211618531,-0.01649039138,-0.07442308516,-2.5,-0.05793269378,7.5,7.5,1,34,0,0,436.2116185,436.2116185,0,435,1733,79.36181116
1807,0,436.2116185,441,0,4.788381469,0,0.1109615349,4.788381469,0.1109615349,3.788381469,6.211618531,0,0,1,0,436.2116185,436.2116185,0,435,1734,79.39141321
1808,0,436.2116185,436,0,-0.2116185313,0,-0.004903852629,-0.2116185313,-0.004903852629,0.2116185313,0.2116185313,0,0,1,0,436.2116185,436.2116185,0,435,1735,79.45557117
1809,0,436,432,-0.2116185313,-4.211618531,-0.004903852629,-0.09759616268,-4,-0.09269231005,0,28,1,14,0,0,436.2116185,436.2116185,0,435,1736,79.51020432
1810,0,436.2116185,436,0,-0.2116185313,0,-0.004903852629,-0.2116185313,-0.004903852629,0.2116185313,0.2116185313,0,0,1,0,436.2116185,436.2116185,0,435,1737,79.5248735
1811,0,436,435,-0.2116185313,-1.211618531,-0.004903852629,-0.02807693014,-1,-0.02317307751,0,21,1,5,0,0,436.2116185,436.2116185,0,435,1738,79.56352305
1812,0,436.2116185,436,0,-0.2116185313,0,-0.004903852629,-0.2116185313,-0.004903852629,0.2116185313,0.2116185313,0,0,1,0,436.2116185,436.2116185,0,435,1739,79.5745697
1813,0,436,435,-0.2116185313,-1.211618531,-0.004903852629,-0.02807693014,-1,-0.02317307751,0,23,1,6,0,0,436.2116185,436.2116185,0,435,1740,79.58956003
1814,0,436.2116185,520,0,83.78838147,0,1.941634658,83.78838147,1.941634658,0.2116185313,280.2116185,1,172,0,0,436.2116185,436.2116185,0,435,1741,79.60637212
1815,0,436.2116185,419,5.684341886e-14,-17.21161853,1.317236951e-15,-0.3988461703,-17.21161853,-0.3988461703,38.9715469,38.9715469,1,151,0,0,436.2116185,436.2116185,0,435,1742,79.71487474
1816,0,436.2116185,418,0,-18.21161853,0,-0.4220192478,-18.21161853,-0.4220192478,18.78838147,18.78838147,1,172,0,0,436.2116185,436.2116185,0,435,1743,79.92477298
1817,0,436,424,-0.2116185313,-12.21161853,-0.004903852629,-0.2829807828,-12,-0.2780769301,13,13,1,97,0,0,436.2116185,436.2116185,0,435,1744,79.9768455
1818,0,436.2116185,429,0,-7.211618531,0,-0.1671153952,-7.211618531,-0.1671153952,8.326762937,8.326762937,1,63,0,0,436.2116185,436.2116185,0,435,1745,80.00974298
1819,0,436.2116185,449,0,12.78838147,0,0.296346155,12.78838147,0.296346155,7.932572203,20.0674278,0,0,1,0,436.2116185,436.2116185,0,435,1746,80.06571722
1820,0,436.2116185,433,0,-3.211618531,0,-0.07442308516,-3.211618531,-0.07442308516,5.576762937,5.576762937,1,39,0,0,436.2116185,436.2116185,0,435,1747,80.14376545
1821,0,436.2116185,432,0,-4.211618531,0,-0.09759616268,-4.211618531,-0.09759616268,4.211618531,4.211618531,1,39,0,0,436.2116185,436.2116185,0,435,1748,80.18334913
1822,0,436,450,-0.2116185313,13.78838147,-0.004903852629,0.3195192325,14,0.3244230852,4,18,0,0,1,0,436.2116185,436.2116185,0,435,1749,80.19094586
1823,0,436.2116185,435,0,-1.211618531,0,-0.02807693014,-1.211618531,-0.02807693014,2.365144406,2.365144406,1,6,0,0,436.2116185,436.2116185,0,435,1750,80.22988725
1824,0,436.2116185,449,0,12.78838147,0,0.296346155,12.78838147,0.296346155,2.076762937,25.92323706,1,2,0,0,436.2116185,436.2116185,0,435,1751,80.29067206
1825,0,436.2116185,435,0,-1.211618531,0,-0.02807693014,-1.211618531,-0.02807693014,1.788381469,1.788381469,1,6,0,0,436.2116185,436.2116185,0,435,1752,80.39646363
1826,0,436.2116185,440,0,3.788381469,0,0.08778845742,3.788381469,0.08778845742,1.788381469,9.211618531,0,0,1,0,436.2116185,436.2116185,0,435,1753,80.40576744
1827,0,436.2116185,436,0,-0.2116185313,0,-0.004903852629,-0.2116185313,-0.004903852629,0.2116185313,0.2116185313,0,0,1,0,436.2116185,436.2116185,0,435,1754,80.45357275
1828,0,436,435,-0.2116185313,-1.211618531,-0.004903852629,-0.02807693014,-1,-0.02317307751,0,25,1,6,0,0,436.2116185,436.2116185,0,435,1755,80.49936533
1829,0,436.2116185,436,0,-0.2116185313,0,-0.004903852629,-0.2116185313,-0.004903852629,0.2116185313,0.2116185313,0,0,1,0,436.2116185,436.2116185,0,435,1756,80.51292872
1830,0,436,433,-0.2116185313,-3.211618531,-0.004903852629,-0.07442308516,-3,-0.06951923254,0,13,1,5,0,0,436.2116185,436.2116185,0,435,1757,80.53653288
1831,0,436.2116185,436,0,-0.2116185313,0,-0.004903852629,-0.2116185313,-0.004903852629,0.2116185313,0.2116185313,0,0,1,0,436.2116185,436.2116185,0,435,1758,80.54787421
1832,0,436,435,-0.2116185313,-1.211618531,-0.004903852629,-0.02807693014,-1,-0.02317307751,0,27,1,7,0,0,436.2116185,436.2116185,0,435,1759,80.56381226
1833,0,436.2116185,436,0,-0.2116185313,0,-0.004903852629,-0.2116185313,-0.004903852629,0.2116185313,0.2116185313,0,0,1,0,436.2116185,436.2116185,0,435,1760,80.57746291
1834,0,436,434,-0.2116185313,-2.211618531,-0.004903852629,-0.05125000765,-2,-0.04634615502,0,28,1,10,0,0,436.2116185,436.2116185,0,435,1761,80.60567474
1835,0,436.2116185,519,0,82.78838147,0,1.918461581,82.78838147,1.918461581,0.2116185313,265.2116185,1,148,0,0,436.2116185,436.2116185,0,435,1762,80.61935735
1836,0,436.2116185,423,0,-13.21161853,0,-0.3061538603,-13.21161853,-0.3061538603,20.80874905,20.80874905,1,76,0,0,436.2116185,436.2116185,0,435,1763,80.70793867
1837,0,436.2116185,428,0,-8.211618531,0,-0.1902884727,-8.211618531,-0.1902884727,9.441907344,9.441907344,1,39,0,0,436.2116185,436.2116185,0,435,1764,80.85054517
1838,0,436.2116185,441,0,4.788381469,0,0.1109615349,4.788381469,0.1109615349,9.365144406,9.365144406,1,1,0,0,436.2116185,436.2116185,0,435,1765,80.90652633
1839,0,436.2116185,430,0,-6.211618531,0,-0.1439423177,-6.211618531,-0.1439423177,7.365144406,7.365144406,1,27,0,0,436.2116185,436.2116185,0,435,1766,80.93141222
1840,0,436.2116185,433,0,-3.211618531,0,-0.07442308516,-3.211618531,-0.07442308516,4.365144406,4.365144406,1,20,0,0,436.2116185,436.2116185,0,435,1767,80.96205068
1841,0,436.2116185,444,0,7.788381469,0,0.1804807675,7.788381469,0.1804807675,4.365144406,10.63485559,0,0,1,0,436.2116185,436.2116185,0,435,1768,80.97040582
1842,0,436.2116185,433,0,-3.211618531,0,-0.07442308516,-3.211618531,-0.07442308516,3.788381469,3.788381469,1,20,0,0,436.2116185,436.2116185,0,435,1769,81.07495594
1843,0,436.2116185,440,0,3.788381469,0,0.08778845742,3.788381469,0.08778845742,3.788381469,9.211618531,1,10,0,0,436.2116185,436.2116185,0,435,1770,81.08123922
1844,0,436.2116185,436,0,-0.2116185313,0,-0.004903852629,-0.2116185313,-0.004903852629,0.2116185313,0.2116185313,0,0,1,0,436.2116185,436.2116185,0,435,1771,81.11711478
1845,0,436,431,-0.2116185313,-5.211618531,-0.004903852629,-0.1207692402,-5,-0.1158653876,0,13,1,7,0,0,436.2116185,436.2116185,0,435,1772,81.1548152
1846,0,436.2116185,436,0,-0.2116185313,0,-0.004903852629,-0.2116185313,-0.004903852629,0.2116185313,0.2116185313,0,0,1,0,436.2116185,436.2116185,0,435,1773,81.16122508
1847,0,436,434,-0.2116185313,-2.211618531,-0.004903852629,-0.05125000765,-2,-0.04634615502,0,26,1,12,0,0,436.2116185,436.2116185,0,435,1774,81.1699667
1848,0,436.2116185,436,0,-0.2116185313,0,-0.004903852629,-0.2116185313,-0.004903852629,0.2116185313,0.2116185313,0,0,1,0,436.2116185,436.2116185,0,435,1775,81.18136311
1849,0,436,431,-0.2116185313,-5.211618531,-0.004903852629,-0.1207692402,-5,-0.1158653876,0,11,1,7,0,0,436.2116185,436.2116185,0,435,1776,81.19962764
1850,0,436.2116185,436,0,-0.2116185313,0,-0.004903852629,-0.2116185313,-0.004903852629,0.2116185313,0.2116185313,0,0,1,0,436.2116185,436.2116185,0,435,1777,81.20730257
1851,0,436,435,-0.2116185313,-1.211618531,-0.004903852629,-0.02807693014,-1,-0.02317307751,0,15,1,5,0,0,436.2116185,436.2116185,0,435,1778,81.2200079
1852,0,436.2116185,436,0,-0.2116185313,0,-0.004903852629,-0.2116185313,-0.004903852629,0.2116185313,0.2116185313,0,0,1,0,436.2116185,436.2116185,0,435,1779,81.23298407
1853,0,436,435,-0.2116185313,-1.211618531,-0.004903852629,-0.02807693014,-1,-0.02317307751,0,27,1,10,0,0,436.2116185,436.2116185,0,435,1780,81.25831509
1854,0,436.2116185,436,0,-0.2116185313,0,-0.004903852629,-0.2116185313,-0.004903852629,0.2116185313,0.2116185313,0,0,1,0,436.2116185,436.2116185,0,435,1781,81.2739737
1855,0,436,432,-0.2116185313,-4.211618531,-0.004903852629,-0.09759616268,-4,-0.09269231005,0,12,1,6,0,0,436.2116185,436.2116185,0,435,1782,81.3051188
1856,0,436.2116185,436,0,-0.2116185313,0,-0.004903852629,-0.2116185313,-0.004903852629,0.2116185313,0.2116185313,0,0,1,0,436.2116185,436.2116185,0,435,1783,81.31468225
1857,0,436,433,-0.2116185313,-3.211618531,-0.004903852629,-0.07442308516,-3,-0.06951923254,0,13,1,5,0,0,436.2116185,436.2116185,0,435,1784,81.32819438
1858,0,436.2116185,436,0,-0.2116185313,0,-0.004903852629,-0.2116185313,-0.004903852629,0.2116185313,0.2116185313,0,0,1,0,436.2116185,436.2116185,0,435,1785,81.33961225
1859,0,436,431,-0.2116185313,-5.211618531,-0.004903852629,-0.1207692402,-5,-0.1158653876,0,13,1,6,0,0,436.2116185,436.2116185,0,435,1786,81.36280107
1860,0,436.2116185,436,0,-0.2116185313,0,-0.004903852629,-0.2116185313,-0.004903852629,0.2116185313,0.2116185313,0,0,1,0,436.2116185,436.2116185,0,435,1787,81.37056851
1861,0,436,431,-0.2116185313,-5.211618531,-0.004903852629,-0.1207692402,-5,-0.1158653876,0,11,1,6,0,0,436.2116185,436.2116185,0,435,1788,81.38344169
1862,0,436.2116185,536,0,99.78838147,0,2.312403899,99.78838147,2.312403899,0.2116185313,258.2116185,1,170,0,0,436.2116185,436.2116185,0,435,1789,81.39271927
1863,0,436.2116185,434,-5.684341886e-14,-2.211618531,-1.317236951e-15,-0.05125000765,-2.211618531,-0.05125000765,27.78638821,27.78638821,1,24,0,0,436.2116185,436.2116185,0,435,1790,81.49240685
1864,0,436.2116185,433,0,-3.211618531,0,-0.07442308516,-3.211618531,-0.07442308516,4.749653031,4.749653031,1,17,0,0,436.2116185,436.2116185,0,435,1791,81.63765597
1865,0,436.2116185,435,0,-1.211618531,0,-0.02807693014,-1.211618531,-0.02807693014,3.518670281,3.518670281,1,5,0,0,436.2116185,436.2116185,0,435,1792,81.71681833
1866,0,436.2116185,447,0,10.78838147,0,0.25,10.78838147,0.25,2.365144406,13.63485559,0,0,1,0,436.2116185,436.2116185,0,435,1793,81.80490637
1867,0,436.2116185,435,0,-1.211618531,0,-0.02807693014,-1.211618531,-0.02807693014,1.788381469,1.788381469,1,5,0,0,436.2116185,436.2116185,0,435,1794,81.93262815
1868,0,436.2116185,450,0,13.78838147,0,0.3195192325,13.78838147,0.3195192325,1.788381469,21.21161853,1,4,0,0,436.2116185,436.2116185,0,435,1795,81.96604133
1869,0,436.2116185,435,0,-1.211618531,0,-0.02807693014,-1.211618531,-0.02807693014,1.788381469,1.788381469,1,5,0,0,436.2116185,436.2116185,0,435,1796,81.99909425
1870,0,436.2116185,447,0,10.78838147,0,0.25,10.78838147,0.25,1.788381469,14.21161853,0,0,1,0,436.2116185,436.2116185,0,435,1797,82.02863836
1871,0,436.2116185,436,0,-0.2116185313,0,-0.004903852629,-0.2116185313,-0.004903852629,0.2116185313,0.2116185313,0,0,1,0,436.2116185,436.2116185,0,435,1798,82.05349135
1872,0,436,431,-0.2116185313,-5.211618531,-0.004903852629,-0.1207692402,-5,-0.1158653876,0,13,1,7,0,0,436.2116185,436.2116185,0,435,1799,82.09816575
1873,0,436.2116185,436,0,-0.2116185313,0,-0.004903852629,-0.2116185313,-0.004903852629,0.2116185313,0.2116185313,0,0,1,0,436.2116185,436.2116185,0,435,1800,82.1062839
1874,0,436,433,-0.2116185313,-3.211618531,-0.004903852629,-0.07442308516,-3,-0.06951923254,0,15,1,7,0,0,436.2116185,436.2116185,0,435,1801,82.116045
1875,0,436.2116185,436,0,-0.2116185313,0,-0.004903852629,-0.2116185313,-0.004903852629,0.2116185313,0.2116185313,0,0,1,0,436.2116185,436.2116185,0,435,1802,82.13207507
1876,0,436,434,-0.2116185313,-2.211618531,-0.004903852629,-0.05125000765,-2,-0.04634615502,0,26,1,11,0,0,436.2116185,436.2116185,0,435,1803,82.16445541
1877,0,436.2116185,436,0,-0.2116185313,0,-0.004903852629,-0.2116185313,-0.004903852629,0.2116185313,0.2116185313,0,0,1,0,436.2116185,436.2116185,0,435,1804,82.17990041
1878,0,436,435,-0.2116185313,-1.211618531,-0.004903852629,-0.02807693014,-1,-0.02317307751,0,27,1,10,0,0,436.2116185,436.2116185,0,435,1805,82.21647978
1879,0,436.2116185,556,0,119.7883815,0,2.775865449,119.7883815,2.775865449,0.2116185313,284.2116185,1,151,0,0,436.2116185,436.2116185,0,435,1806,82.23988748
1880,0,436.2116185,432,5.684341886e-14,-4.211618531,1.317236951e-15,-0.09759616268,-4.211618531,-0.09759616268,18.58006291,18.58006291,1,27,0,0,436.2116185,436.2116185,0,435,1807,82.3704648
1881,0,436.2116185,432,0,-4.211618531,0,-0.09759616268,-4.211618531,-0.09759616268,10.86514441,10.86514441,1,42,0,0,436.2116185,436.2116185,0,435,1808,82.58700347
1882,0,436.2116185,431,0,-5.211618531,0,-0.1207692402,-5.211618531,-0.1207692402,7.788381469,7.788381469,1,51,0,0,436.2116185,436.2116185,0,435,1809,82.6614356
1883,0,436.2116185,429,0,-7.211618531,0,-0.1671153952,-7.211618531,-0.1671153952,7.788381469,7.788381469,1,68,0,0,436.2116185,436.2116185,0,435,1810,82.79088283
1884,0,436.2116185,453,0,16.78838147,0,0.3890384651,16.78838147,0.3890384651,7.788381469,22.21161853,1,1,0,0,436.2116185,436.2116185,0,435,1811,82.83694291
1885,0,436.2116185,429,0,-7.211618531,0,-0.1671153952,-7.211618531,-0.1671153952,8.481329719,8.481329719,1,66,0,0,436.2116185,436.2116185,0,435,1812,82.91980219
1886,0,436,447,-0.2116185313,10.78838147,-0.004903852629,0.25,11,0.2549038526,7,13,1,5,0,0,436.2116185,436.2116185,0,435,1813,82.9952929
1887,0,436.2116185,434,0,-2.211618531,0,-0.05125000765,-2.211618531,-0.05125000765,5.365144406,5.365144406,1,14,0,0,436.2116185,436.2116185,0,435,1814,83.03261423
1888,0,436.2116185,438,0,1.788381469,0,0.04144230239,1.788381469,0.04144230239,5.365144406,12.63485559,1,21,0,0,436.2116185,436.2116185,0,435,1815,83.08369756
1889,0,436.2116185,429,0,-7.211618531,0,-0.1671153952,-7.211618531,-0.1671153952,7.788381469,7.788381469,1,72,0,0,436.2116185,436.2116185,0,435,1816,83.23498392
1890,0,436.2116185,444,0,7.788381469,0,0.1804807675,7.788381469,0.1804807675,7.788381469,13.21161853,1,9,0,0,436.2116185,436.2116185,0,435,1817,83.29606915
1891,0,436.2116185,431,0,-5.211618531,0,-0.1207692402,-5.211618531,-0.1207692402,5.788381469,5.788381469,1,50,0,0,436.2116185,436.2116185,0,435,1818,83.35009384
1892,0,436.2116185,432,0,-4.211618531,0,-0.09759616268,-4.211618531,-0.09759616268,5.365144406,5.365144406,1,47,0,0,436.2116185,436.2116185,0,435,1819,83.41895413
1893,0,436.2116185,454,0,17.78838147,0,0.4122115426,17.78838147,0.4122115426,5.365144406,24.63485559,1,4,0,0,436.2116185,436.2116185,0,435,1820,83.50007129
1894,0,436.2116185,430,0,-6.211618531,0,-0.1439423177,-6.211618531,-0.1439423177,6.211618531,6.211618531,1,64,0,0,436.2116185,436.2116185,0,435,1821,83.67805099
1895,0,436,444,-0.2116185313,7.788381469,-0.004903852629,0.1804807675,8,0.1853846201,6,10,1,5,0,0,436.2116185,436.2116185,0,435,1822,83.76721025
1896,0,436.2116185,436,0,-0.2116185313,0,-0.004903852629,-0.2116185313,-0.004903852629,5.365144406,5.365144406,1,6,0,0,436.2116185,436.2116185,0,435,1823,83.81022048
1897,0,436.2116185,435,0,-1.211618531,0,-0.02807693014,-1.211618531,-0.02807693014,5.365144406,10.64107902,1,36,0,0,436.2116185,436.2116185,0,435,1824,83.8987987
1898,0,436.2116185,437,0,0.7883814687,0,0.01826922488,0.7883814687,0.01826922488,2.365144406,2.365144406,0,0,1,0,436.2116185,436.2116185,0,435,1825,84.10387969
1899,0,436.2116185,436,0,-0.2116185313,0,-0.004903852629,-0.2116185313,-0.004903852629,0.6348555939,0.6348555939,0,0,1,0,436.2116185,436.2116185,0,435,1826,84.1870203
1900,0,436,431,-0.2116185313,-5.211618531,-0.004903852629,-0.1207692402,-5,-0.1158653876,0,13,1,6,0,0,436.2116185,436.2116185,0,435,1827,84.31314731
1901,0,436.2116185,436,0,-0.2116185313,0,-0.004903852629,-0.2116185313,-0.004903852629,0.2116185313,0.2116185313,0,0,1,0,436.2116185,436.2116185,0,435,1828,84.32823157
1902,0,436,434,-0.2116185313,-2.211618531,-0.004903852629,-0.05125000765,-2,-0.04634615502,0,20,1,5,0,0,436.2116185,436.2116185,0,435,1829,84.37201715
1903,0,436.2116185,436,0,-0.2116185313,0,-0.004903852629,-0.2116185313,-0.004903852629,0.2116185313,0.2116185313,0,0,1,0,436.2116185,436.2116185,0,435,1830,84.38954544
1904,0,436,434,-0.2116185313,-2.211618531,-0.004903852629,-0.05125000765,-2,-0.04634615502,0,16,1,6,0,0,436.2116185,436.2116185,0,435,1831,84.40884066
1905,0,436.2116185,436,0,-0.2116185313,0,-0.004903852629,-0.2116185313,-0.004903852629,0.2116185313,0.2116185313,0,0,1,0,436.2116185,436.2116185,0,435,1832,84.4238832
1906,0,436,436,-0.2116185313,-0.2116185313,-0.004903852629,-0.004903852629,0,0,0,22,1,6,0,0,436.2116185,436.2116185,0,435,1833,84.45631003
1907,0,436.2116185,436,0,-0.2116185313,0,-0.004903852629,-0.2116185313,-0.004903852629,0.2116185313,0.2116185313,0,0,1,0,436.2116185,436.2116185,0,435,1834,84.48035955
1908,0,436,434,-0.2116185313,-2.211618531,-0.004903852629,-0.05125000765,-2,-0.04634615502,0,28,1,12,0,0,436.2116185,436.2116185,0,435,1835,84.53134298
1909,0,436.2116185,436,0,-0.2116185313,0,-0.004903852629,-0.2116185313,-0.004903852629,0.2116185313,0.2116185313,0,0,1,0,436.2116185,436.2116185,0,435,1836,84.55448937
1910,0,436,434,-0.2116185313,-2.211618531,-0.004903852629,-0.05125000765,-2,-0.04634615502,0,20,1,5,0,0,436.2116185,436.2116185,0,435,1837,84.60068107
1911,0,436.2116185,436,0,-0.2116185313,0,-0.004903852629,-0.2116185313,-0.004903852629,0.2116185313,0.2116185313,0,0,1,0,436.2116185,436.2116185,0,435,1838,84.61501932
1912,0,436,436,-0.2116185313,-0.2116185313,-0.004903852629,-0.004903852629,0,0,0,22,1,5,0,0,436.2116185,436.2116185,0,435,1839,84.654881
1913,0,436.2116185,436,0,-0.2116185313,0,-0.004903852629,-0.2116185313,-0.004903852629,0.2116185313,0.2116185313,0,0,1,0,436.2116185,436.2116185,0,435,1840,84.68044114
1914,0,436,436,-0.2116185313,-0.2116185313,-0.004903852629,-0.004903852629,0,0,0,22,1,5,0,0,436.2116185,436.2116185,0,435,1841,84.72844672
1915,0,436.2116185,538,0,101.7883815,0,2.358750054,101.7883815,2.358750054,0.2116185313,258.2116185,1,142,0,0,436.2116185,436.2116185,0,435,1842,84.7522037
1916,0,436.2116185,434,0,-2.211618531,0,-0.05125000765,-2.211618531,-0.05125000765,13.72475932,13.72475932,1,9,0,0,436.2116185,436.2116185,0,435,1843,84.9049654
1917,0,436.2116185,435,0,-1.211618531,0,-0.02807693014,-1.211618531,-0.02807693014,2.365144406,2.365144406,1,6,0,0,436.2116185,436.2116185,0,435,1844,85.05716562
1918,0,436.2116185,449,0,12.78838147,0,0.296346155,12.78838147,0.296346155,2.365144406,21.63485559,1,5,0,0,436.2116185,436.2116185,0,435,1845,85.12011671
1919,0,436.2116185,436,0,-0.2116185313,0,-0.004903852629,-0.2116185313,-0.004903852629,0.2116185313,0.2116185313,0,0,1,0,436.2116185,436.2116185,0,435,1846,85.30290556
1920,0,436,434,-0.2116185313,-2.211618531,-0.004903852629,-0.05125000765,-2,-0.04634615502,0,26,1,11,0,0,436.2116185,436.2116185,0,435,1847,85.37334991
1921,0,436.2116185,436,0,-0.2116185313,0,-0.004903852629,-0.2116185313,-0.004903852629,0.2116185313,0.2116185313,0,0,1,0,436.2116185,436.2116185,0,435,1848,85.38981342
1922,0,436,434,-0.2116185313,-2.211618531,-0.004903852629,-0.05125000765,-2,-0.04634615502,0,16,1,5,0,0,436.2116185,436.2116185,0,435,1849,85.42491245
1923,0,436.2116185,436,0,-0.2116185313,0,-0.004903852629,-0.2116185313,-0.004903852629,0.6348555939,0.6348555939,0,0,1,0,436.2116185,436.2116185,0,435,1850,85.49033761
1924,0,436,435,-0.2116185313,-1.211618531,-0.004903852629,-0.02807693014,-1,-0.02317307751,0,21,1,5,0,0,436.2116185,436.2116185,0,435,1851,85.63416505
1925,0,436.2116185,436,0,-0.2116185313,0,-0.004903852629,-0.2116185313,-0.004903852629,0.6348555939,0.6348555939,0,0,1,0,436.2116185,436.2116185,0,435,1852,85.65069842
1926,0,436,433,-0.2116185313,-3.211618531,-0.004903852629,-0.07442308516,-3,-0.06951923254,0,11,1,5,0,0,436.2116185,436.2116185,0,435,1853,85.72123027
1927,0,436.2116185,436,0,-0.2116185313,0,-0.004903852629,-0.2116185313,-0.004903852629,0.2116185313,0.2116185313,0,0,1,0,436.2116185,436.2116185,0,435,1854,85.7343359
1928,0,436,432,-0.2116185313,-4.211618531,-0.004903852629,-0.09759616268,-4,-0.09269231005,0,10,1,5,0,0,436.2116185,436.2116185,0,435,1855,85.75167251
1929,0,436.2116185,519,0,82.78838147,0,1.918461581,82.78838147,1.918461581,0.2116185313,271.2116185,1,254,0,0,436.2116185,436.2116185,0,435,1856,85.7619381
1930,0,436.2116185,414,0,-22.21161853,0,-0.5147115579,-22.21161853,-0.5147115579,29.24965303,29.24965303,1,198,0,0,436.2116185,436.2116185,0,435,1857,85.89463878
1931,0,436.2116185,435,0,-1.211618531,0,-0.02807693014,-1.211618531,-0.02807693014,14.74854273,14.74854273,1,7,0,0,436.2116185,436.2116185,0,435,1858,86.07763433
1932,0,436.2116185,433,0,-3.211618531,0,-0.07442308516,-3.211618531,-0.07442308516,4.865144406,4.865144406,1,25,0,0,436.2116185,436.2116185,0,435,1859,86.21239471
1933,0,436.2116185,440,0,3.788381469,0,0.08778845742,3.788381469,0.08778845742,4.865144406,8.518670281,0,0,1,0,436.2116185,436.2116185,0,435,1860,86.2940836
1934,0,436.2116185,436,0,-0.2116185313,0,-0.004903852629,-0.2116185313,-0.004903852629,0.6348555939,0.6348555939,0,0,1,0,436.2116185,436.2116185,0,435,1861,86.39736652
1935,0,436,436,-0.2116185313,-0.2116185313,-0.004903852629,-0.004903852629,0,0,0,24,1,6,0,0,436.2116185,436.2116185,0,435,1862,86.55473113
1936,0,436.2116185,436,0,-0.2116185313,0,-0.004903852629,-0.2116185313,-0.004903852629,0.2116185313,0.2116185313,0,0,1,0,436.2116185,436.2116185,0,435,1863,86.57037234
1937,0,436,436,-0.2116185313,-0.2116185313,-0.004903852629,-0.004903852629,0,0,0,16,1,5,0,0,436.2116185,436.2116185,0,435,1864,86.60377169
1938,0,436.2116185,436,0,-0.2116185313,0,-0.004903852629,-0.2116185313,-0.004903852629,0.2116185313,0.2116185313,0,0,1,0,436.2116185,436.2116185,0,435,1865,86.61978769
1939,0,436,435,-0.2116185313,-1.211618531,-0.004903852629,-0.02807693014,-1,-0.02317307751,0,25,1,6,0,0,436.2116185,436.2116185,0,435,1866,86.65152168
1940,0,436.2116185,436,0,-0.2116185313,0,-0.004903852629,-0.2116185313,-0.004903852629,0.2116185313,0.2116185313,0,0,1,0,436.2116185,436.2116185,0,435,1867,86.66814446
1941,0,436,436,-0.2116185313,-0.2116185313,-0.004903852629,-0.004903852629,0,0,0,30,1,7,0,0,436.2116185,436.2116185,0,435,1868,86.70182586
1942,0,436.2116185,435,0,-1.211618531,0,-0.02807693014,-1.211618531,-0.02807693014,2.365144406,2.365144406,1,28,0,0,436.2116185,436.2116185,0,435,1869,86.77026367
1943,0,436.2116185,449,0,12.78838147,0,0.296346155,12.78838147,0.296346155,2.365144406,19.63485559,1,3,0,0,436.2116185,436.2116185,0,435,1870,86.83136344
1944,0,436.2116185,433,0,-3.211618531,0,-0.07442308516,-3.211618531,-0.07442308516,3.211618531,3.211618531,1,36,0,0,436.2116185,436.2116185,0,435,1871,86.99965954
1945,0,435.8333333,450,-0.378285198,13.78838147,-0.008766032214,0.3195192325,14.16666667,0.3282852647,2.833333333,18.16666667,0,0,1,0,436.2116185,436.2116185,0,435,1872,87.07118487
1946,0,436.2116185,435,0,-1.211618531,0,-0.02807693014,-1.211618531,-0.02807693014,2.365144406,2.365144406,1,28,0,0,436.2116185,436.2116185,0,435,1873,87.11263895
1947,0,436.2116185,434,0,-2.211618531,0,-0.05125000765,-2.211618531,-0.05125000765,2.365144406,10.63485559,1,50,0,0,436.2116185,436.2116185,0,435,1874,87.18130565
1948,0,436.2116185,433,0,-3.211618531,0,-0.07442308516,-3.211618531,-0.07442308516,3.211618531,3.211618531,1,36,0,0,436.2116185,436.2116185,0,435,1875,87.34845972
1949,0,435.8333333,450,-0.378285198,13.78838147,-0.008766032214,0.3195192325,14.16666667,0.3282852647,2.833333333,18.16666667,0,0,1,0,436.2116185,436.2116185,0,435,1876,87.36841559
1950,0,436.2116185,433,0,-3.211618531,0,-0.07442308516,-3.211618531,-0.07442308516,3.211618531,3.211618531,1,36,0,0,436.2116185,436.2116185,0,435,1877,87.41110897
1951,0,435.8333333,441,-0.378285198,4.788381469,-0.008766032214,0.1109615349,5.166666667,0.1197275671,2.833333333,9.166666667,0,0,1,0,436.2116185,436.2116185,0,435,1878,87.46453094
1952,0,436.2116185,435,0,-1.211618531,0,-0.02807693014,-1.211618531,-0.02807693014,2.365144406,2.365144406,1,28,0,0,436.2116185,436.2116185,0,435,1879,87.50357628
1953,0,436.2116185,440,0,3.788381469,0,0.08778845742,3.788381469,0.08778845742,2.365144406,10.63485559,0,0,1,0,436.2116185,436.2116185,0,435,1880,87.57737875
1954,0,436.2116185,436,0,-0.2116185313,0,-0.004903852629,-0.2116185313,-0.004903852629,0.2116185313,0.2116185313,0,0,1,0,436.2116185,436.2116185,0,435,1881,87.73043942
1955,0,436,435,-0.2116185313,-1.211618531,-0.004903852629,-0.02807693014,-1,-0.02317307751,0,19,1,5,0,0,436.2116185,436.2116185,0,435,1882,87.779742
1956,0,436.2116185,436,0,-0.2116185313,0,-0.004903852629,-0.2116185313,-0.004903852629,0.6348555939,0.6348555939,0,0,1,0,436.2116185,436.2116185,0,435,1883,87.79632568
1957,0,436,435,-0.2116185313,-1.211618531,-0.004903852629,-0.02807693014,-1,-0.02317307751,0,15,1,5,0,0,436.2116185,436.2116185,0,435,1884,87.83788967
1958,0,436.2116185,436,0,-0.2116185313,0,-0.004903852629,-0.2116185313,-0.004903852629,0.2116185313,0.2116185313,0,0,1,0,436.2116185,436.2116185,0,435,1885,87.85773897
1959,0,436,435,-0.2116185313,-1.211618531,-0.004903852629,-0.02807693014,-1,-0.02317307751,0,25,1,6,0,0,436.2116185,436.2116185,0,435,1886,87.89982724
1960,0,436.2116185,436,0,-0.2116185313,0,-0.004903852629,-0.2116185313,-0.004903852629,0.2116185313,0.2116185313,0,0,1,0,436.2116185,436.2116185,0,435,1887,87.91615963
1961,0,436,435,-0.2116185313,-1.211618531,-0.004903852629,-0.02807693014,-1,-0.02317307751,0,25,1,6,0,0,436.2116185,436.2116185,0,435,1888,87.948102
1962,0,436.2116185,536,0,99.78838147,0,2.312403899,99.78838147,2.312403899,0.2116185313,279.7883815,1,209,0,0,436.2116185,436.2116185,0,435,1889,87.96425796
1963,0,436.2116185,420,0,-16.21161853,0,-0.3756730928,-16.21161853,-0.3756730928,19.78838147,19.78838147,1,90,0,0,436.2116185,436.2116185,0,435,1890,88.07038975
1964,0,435.8333333,425,-0.378285198,-11.21161853,-0.008766032214,-0.2598077053,-10.83333333,-0.251041673,10.83333333,10.83333333,1,67,0,0,436.2116185,436.2116185,0,435,1891,88.23671174
1965,0,435.8333333,449,-0.378285198,12.78838147,-0.008766032214,0.296346155,13.16666667,0.3051121872,10.83333333,15.16666667,0,0,1,0,436.2116185,436.2116185,0,435,1892,88.24920011
1966,0,436.2116185,428,0,-8.211618531,0,-0.1902884727,-8.211618531,-0.1902884727,9.365144406,9.365144406,1,51,0,0,436.2116185,436.2116185,0,435,1893,88.29044819
1967,0,436.2116185,438,0,1.788381469,0,0.04144230239,1.788381469,0.04144230239,9.365144406,9.365144406,1,18,0,0,436.2116185,436.2116185,0,435,1894,88.36126447
1968,0,436.2116185,530,0,93.78838147,0,2.173365433,93.78838147,2.173365433,9.365144406,273.2116185,1,194,0,0,436.2116185,436.2116185,0,435,1895,88.42283869
1969,0,436.2116185,432,0,-4.211618531,0,-0.09759616268,-4.211618531,-0.09759616268,12.8782852,12.8782852,1,34,0,0,436.2116185,436.2116185,0,435,1896,88.59510684
1970,0,436.2116185,432,0,-4.211618531,0,-0.09759616268,-4.211618531,-0.09759616268,5.365144406,5.365144406,1,39,0,0,436.2116185,436.2116185,0,435,1897,88.7133255
1971,0,436.2116185,451,0,14.78838147,0,0.34269231,14.78838147,0.34269231,5.365144406,17.63485559,0,0,1,0,436.2116185,436.2116185,0,435,1898,88.76998353
1972,0,436.2116185,433,0,-3.211618531,0,-0.07442308516,-3.211618531,-0.07442308516,3.211618531,3.211618531,1,32,0,0,436.2116185,436.2116185,0,435,1899,88.87576532
1973,0,436,453,-0.2116185313,16.78838147,-0.004903852629,0.3890384651,17,0.3939423177,3,25,1,3,0,0,436.2116185,436.2116185,0,435,1900,88.93592095
1974,0,436.2116185,433,0,-3.211618531,0,-0.07442308516,-3.211618531,-0.07442308516,3.211618531,3.211618531,1,32,0,0,436.2116185,436.2116185,0,435,1901,88.97847676
1975,0,436,446,-0.2116185313,9.788381469,-0.004903852629,0.2268269225,10,0.2317307751,3,12,0,0,1,0,436.2116185,436.2116185,0,435,1902,89.02282929
1976,0,436.2116185,433,0,-3.211618531,0,-0.07442308516,-3.211618531,-0.07442308516,3.211618531,3.211618531,1,32,0,0,436.2116185,436.2116185,0,435,1903,89.04944253
1977,0,436,447,-0.2116185313,10.78838147,-0.004903852629,0.25,11,0.2549038526,3,15,0,0,1,0,436.2116185,436.2116185,0,435,1904,89.10284638
1978,0,436.2116185,435,0,-1.211618531,0,-0.02807693014,-1.211618531,-0.02807693014,2.365144406,2.365144406,1,4,0,0,436.2116185,436.2116185,0,435,1905,89.13184094
1979,0,436.2116185,445,0,8.788381469,0,0.203653845,8.788381469,0.203653845,2.365144406,21.63485559,1,2,0,0,436.2116185,436.2116185,0,435,1906,89.18890834
1980,0,436.2116185,435,0,-1.211618531,0,-0.02807693014,-1.211618531,-0.02807693014,2.365144406,2.365144406,1,4,0,0,436.2116185,436.2116185,0,435,1907,89.31011462
1981,0,436.2116185,443,0,6.788381469,0,0.15730769,6.788381469,0.15730769,1.788381469,14.21161853,0,0,1,0,436.2116185,436.2116185,0,435,1908,89.35294652
1982,0,436.2116185,435,0,-1.211618531,0,-0.02807693014,-1.211618531,-0.02807693014,1.788381469,1.788381469,1,4,0,0,436.2116185,436.2116185,0,435,1909,89.40396595
1983,0,436.2116185,442,0,5.788381469,0,0.1341346124,5.788381469,0.1341346124,1.788381469,9.211618531,0,0,1,0,436.2116185,436.2116185,0,435,1910,89.40948462
1984,0,436.2116185,435,0,-1.211618531,0,-0.02807693014,-1.211618531,-0.02807693014,1.788381469,1.788381469,1,4,0,0,436.2116185,436.2116185,0,435,1911,89.44141507
1985,0,436.2116185,450,0,13.78838147,0,0.3195192325,13.78838147,0.3195192325,1.788381469,27.21161853,1,3,0,0,436.2116185,436.2116185,0,435,1912,89.44704127
1986,0,436.2116185,435,0,-1.211618531,0,-0.02807693014,-1.211618531,-0.02807693014,1.788381469,1.788381469,1,4,0,0,436.2116185,436.2116185,0,435,1913,89.48951221
1987,0,436.2116185,452,0,15.78838147,0,0.3658653876,15.78838147,0.3658653876,1.788381469,27.21161853,1,1,0,0,436.2116185,436.2116185,0,435,1914,89.52027369
1988,0,436.2116185,435,0,-1.211618531,0,-0.02807693014,-1.211618531,-0.02807693014,1.788381469,1.788381469,1,4,0,0,436.2116185,436.2116185,0,435,1915,89.54913688
1989,0,436.2116185,445,0,8.788381469,0,0.203653845,8.788381469,0.203653845,1.788381469,16.21161853,0,0,1,0,436.2116185,436.2116185,0,435,1916,89.58978844
1990,0,436.2116185,435,0,-1.211618531,0,-0.02807693014,-1.211618531,-0.02807693014,1.788381469,1.788381469,1,4,0,0,436.2116185,436.2116185,0,435,1917,89.63535929
1991,0,436.2116185,445,0,8.788381469,0,0.203653845,8.788381469,0.203653845,1.788381469,18.21161853,1,2,0,0,436.2116185,436.2116185,0,435,1918,89.64115667
1992,0,436.2116185,435,0,-1.211618531,0,-0.02807693014,-1.211618531,-0.02807693014,1.788381469,1.788381469,1,4,0,0,436.2116185,436.2116185,0,435,1919,89.68659258
1993,0,436.2116185,452,0,15.78838147,0,0.3658653876,15.78838147,0.3658653876,1.788381469,27.21161853,1,1,0,0,436.2116185,436.2116185,0,435,1920,89.71948242
1994,0,436.2116185,435,0,-1.211618531,0,-0.02807693014,-1.211618531,-0.02807693014,1.788381469,1.788381469,1,4,0,0,436.2116185,436.2116185,0,435,1921,89.76096749
1995,0,436.2116185,449,0,12.78838147,0,0.296346155,12.78838147,0.296346155,1.788381469,28.21161853,1,4,0,0,436.2116185,436.2116185,0,435,1922,89.79794431
1996,0,436.2116185,435,0,-1.211618531,0,-0.02807693014,-1.211618531,-0.02807693014,1.788381469,1.788381469,1,4,0,0,436.2116185,436.2116185,0,435,1923,89.82614446
1997,0,436.2116185,445,0,8.788381469,0,0.203653845,8.788381469,0.203653845,1.788381469,16.21161853,0,0,1,0,436.2116185,436.2116185,0,435,1924,89.85903835
1998,0,436.2116185,435,0,-1.211618531,0,-0.02807693014,-1.211618531,-0.02807693014,1.788381469,1.788381469,1,4,0,0,436.2116185,436.2116185,0,435,1925,89.8861959
1999,0,436.2116185,446,0,9.788381469,0,0.2268269225,9.788381469,0.2268269225,1.788381469,17.21161853,0,0,1,0,436.2116185,436.2116185,0,435,1926,89.90205073
